536 2 0.5 1200 0.2 2 0 2e-05 0 9.81 35 35
0,0.25,2.5,9.52386,-2.45989e-07,0.678484
0,0.25,2.5,10.0239,-5.84577e-07,0.679593
0,0.25,2.5,10.5239,-1.48561e-06,0.679604
0,0.25,2.5,11.0239,-2.41263e-06,0.679605
0,0.25,2.5,11.5239,-2.87679e-06,0.679605
0,0.25,2.5,12.0239,-3.17437e-06,0.679605
0,0.25,2.5,12.5239,-3.28185e-06,0.679605
0,0.25,2.5,13.0239,-3.33781e-06,0.679605
0,0.25,2.5,13.5239,-3.35395e-06,0.679605
0,0.25,2.5,14.0239,-3.35949e-06,0.679605
0,0.25,2.5,14.5239,-3.36088e-06,0.679605
0,0.25,2.5,15.0239,-3.36119e-06,0.679605
0,0.25,2.5,15.5239,-3.36126e-06,0.679605
0,0.25,2.5,16.0239,-3.36127e-06,0.679605
0,0.25,2.5,16.5239,-3.36128e-06,0.679605
0,0.25,2.5,17.0239,-3.36128e-06,0.679605
0,0.25,2.5,17.5239,-3.36127e-06,0.679605
0,0.25,2.5,18.0239,-3.36127e-06,0.679605
0,0.25,2.5,18.5239,-3.36121e-06,0.679605
0,0.25,2.5,19.0239,-3.36107e-06,0.679605
0,0.25,2.5,19.5239,-3.36021e-06,0.679605
0,0.25,2.5,20.0239,-3.35874e-06,0.679605
0,0.25,2.5,20.5239,-3.35644e-06,0.679605
0,0.25,2.5,21.0239,-3.36494e-06,0.679605
0,0.25,2.5,21.5239,-3.50962e-06,0.679605
0,0.25,2.5,22.0239,-3.94217e-06,0.679604
0,0.25,2.5,22.5239,-6.58044e-06,0.679605
0,0.25,2.5,23.0239,-1.16125e-05,0.679593
0,0.25,2.5,23.5239,-3.06612e-05,0.679596
0,0.25,2.5,24.0239,-9.29482e-06,0.678494
0,0.25,3,9.52404,-3.6762e-07,0.686678
0,0.25,3,10.024,-1.6733e-06,0.686651
0,0.25,3,10.524,-1.74772e-06,0.686658
0,0.25,3,11.024,-2.51483e-06,0.686659
0,0.25,3,11.524,-2.84946e-06,0.686659
0,0.25,3,12.024,-3.16812e-06,0.686659
0,0.25,3,12.524,-3.27653e-06,0.68666
0,0.25,3,13.024,-3.34433e-06,0.68666
0,0.25,3,13.524,-3.36396e-06,0.68666
0,0.25,3,14.024,-3.37122e-06,0.68666
0,0.25,3,14.524,-3.3731e-06,0.68666
0,0.25,3,15.024,-3.37352e-06,0.68666
0,0.25,3,15.524,-3.37363e-06,0.68666
0,0.25,3,16.024,-3.37364e-06,0.68666
0,0.25,3,16.524,-3.37365e-06,0.68666
0,0.25,3,17.024,-3.37365e-06,0.68666
0,0.25,3,17.524,-3.37364e-06,0.68666
0,0.25,3,18.024,-3.37363e-06,0.68666
0,0.25,3,18.524,-3.37355e-06,0.68666
0,0.25,3,19.024,-3.37332e-06,0.68666
0,0.25,3,19.524,-3.37206e-06,0.68666
0,0.25,3,20.024,-3.36853e-06,0.68666
0,0.25,3,20.524,-3.36234e-06,0.68666
0,0.25,3,21.024,-3.33817e-06,0.68666
0,0.25,3,21.524,-3.40632e-06,0.68666
0,0.25,3,22.024,-3.28792e-06,0.686656
0,0.25,3,22.524,-4.0611e-06,0.686661
0,0.25,3,23.024,-1.18325e-06,0.686627
0,0.25,3,23.524,3.29801e-06,0.686656
0,0.25,3,24.024,8.61433e-07,0.686715
0,0.25,3.5,9.52404,-2.71231e-07,0.686697
0,0.25,3.5,10.024,-1.12274e-06,0.686697
0,0.25,3.5,10.524,-7.80951e-07,0.686698
0,0.25,3.5,11.024,-1.50022e-06,0.686698
0,0.25,3.5,11.524,-1.63542e-06,0.686699
0,0.25,3.5,12.024,-2.02462e-06,0.686699
0,0.25,3.5,12.524,-2.12638e-06,0.6867
0,0.25,3.5,13.024,-2.18528e-06,0.6867
0,0.25,3.5,13.524,-2.20149e-06,0.6867
0,0.25,3.5,14.024,-2.20676e-06,0.6867
0,0.25,3.5,14.524,-2.2082e-06,0.6867
0,0.25,3.5,15.024,-2.20853e-06,0.6867
0,0.25,3.5,15.524,-2.20861e-06,0.6867
0,0.25,3.5,16.024,-2.20863e-06,0.6867
0,0.25,3.5,16.524,-2.20863e-06,0.6867
0,0.25,3.5,17.024,-2.20863e-06,0.6867
0,0.25,3.5,17.524,-2.20863e-06,0.6867
0,0.25,3.5,18.024,-2.20862e-06,0.6867
0,0.25,3.5,18.524,-2.20855e-06,0.6867
0,0.25,3.5,19.024,-2.20825e-06,0.6867
0,0.25,3.5,19.524,-2.20711e-06,0.6867
0,0.25,3.5,20.024,-2.2013e-06,0.6867
0,0.25,3.5,20.524,-2.18556e-06,0.6867
0,0.25,3.5,21.024,-2.10061e-06,0.6867
0,0.25,3.5,21.524,-1.89122e-06,0.6867
0,0.25,3.5,22.024,-1.04638e-06,0.686698
0,0.25,3.5,22.524,1.53224e-06,0.686701
0,0.25,3.5,23.024,7.12954e-06,0.686694
0,0.25,3.5,23.524,3.2769e-05,0.686703
0,0.25,3.5,24.024,8.07352e-06,0.686707
0,0.25,4,9.52404,-4.63785e-08,0.686697
0,0.25,4,10.024,-2.39284e-07,0.686697
0,0.25,4,10.524,-6.23817e-07,0.686698
0,0.25,4,11.024,-1.36417e-06,0.686698
0,0.25,4,11.524,-1.59156e-06,0.686699
0,0.25,4,12.024,-1.97036e-06,0.686699
0,0.25,4,12.524,-2.07153e-06,0.6867
0,0.25,4,13.024,-2.12408e-06,0.6867
0,0.25,4,13.524,-2.13813e-06,0.6867
0,0.25,4,14.024,-2.14227e-06,0.6867
0,0.25,4,14.524,-2.1434e-06,0.6867
0,0.25,4,15.024,-2.14366e-06,0.6867
0,0.25,4,15.524,-2.14373e-06,0.6867
0,0.25,4,16.024,-2.14374e-06,0.6867
0,0.25,4,16.524,-2.14374e-06,0.6867
0,0.25,4,17.024,-2.14374e-06,0.6867
0,0.25,4,17.524,-2.14374e-06,0.6867
0,0.25,4,18.024,-2.14373e-06,0.6867
0,0.25,4,18.524,-2.14367e-06,0.6867
0,0.25,4,19.024,-2.14339e-06,0.6867
0,0.25,4,19.524,-2.14238e-06,0.6867
0,0.25,4,20.024,-2.13719e-06,0.6867
0,0.25,4,20.524,-2.11975e-06,0.6867
0,0.25,4,21.024,-2.05053e-06,0.6867
0,0.25,4,21.524,-1.83964e-06,0.686701
0,0.25,4,22.024,-1.38101e-06,0.6867
0,0.25,4,22.524,-1.51251e-07,0.686701
0,0.25,4,23.024,-9.98006e-09,0.6867
0,0.25,4,23.524,-9.62783e-08,0.686704
0,0.25,4,24.024,5.91728e-08,0.686701
0,0.25,4.5,9.52404,-3.65346e-08,0.686697
0,0.25,4.5,10.024,-1.64152e-07,0.686697
0,0.25,4.5,10.524,-1.0199e-07,0.686697
0,0.25,4.5,11.024,-3.47942e-08,0.686698
0,0.25,4.5,11.524,-1.68507e-08,0.686699
0,0.25,4.5,12.024,-3.36177e-08,0.686699
0,0.25,4.5,12.524,-3.61549e-08,0.6867
0,0.25,4.5,13.024,-4.23371e-08,0.6867
0,0.25,4.5,13.524,-4.38754e-08,0.6867
0,0.25,4.5,14.024,-4.45273e-08,0.6867
0,0.25,4.5,14.524,-4.47141e-08,0.6867
0,0.25,4.5,15.024,-4.47606e-08,0.6867
0,0.25,4.5,15.524,-4.4774e-08,0.6867
0,0.25,4.5,16.024,-4.47762e-08,0.6867
0,0.25,4.5,16.524,-4.47765e-08,0.6867
0,0.25,4.5,17.024,-4.47764e-08,0.6867
0,0.25,4.5,17.524,-4.47759e-08,0.6867
0,0.25,4.5,18.024,-4.47726e-08,0.6867
0,0.25,4.5,18.524,-4.47604e-08,0.6867
0,0.25,4.5,19.024,-4.4678e-08,0.6867
0,0.25,4.5,19.524,-4.44059e-08,0.6867
0,0.25,4.5,20.024,-4.29431e-08,0.6867
0,0.25,4.5,20.524,-3.73095e-08,0.6867
0,0.25,4.5,21.024,-2.03664e-08,0.6867
0,0.25,4.5,21.524,5.69841e-08,0.686701
0,0.25,4.5,22.024,2.14836e-07,0.686701
0,0.25,4.5,22.524,7.3148e-07,0.686702
0,0.25,4.5,23.024,1.98888e-06,0.686702
0,0.25,4.5,23.524,3.26385e-06,0.686704
0,0.25,4.5,24.024,7.20202e-07,0.686699
0,0.25,5,9.52404,3.65346e-08,0.686697
0,0.25,5,10.024,1.64152e-07,0.686697
0,0.25,5,10.524,1.0199e-07,0.686697
0,0.25,5,11.024,3.47942e-08,0.686698
0,0.25,5,11.524,1.68511e-08,0.686699
0,0.25,5,12.024,3.36185e-08,0.686699
0,0.25,5,12.524,3.61554e-08,0.6867
0,0.25,5,13.024,4.23378e-08,0.6867
0,0.25,5,13.524,4.38758e-08,0.6867
0,0.25,5,14.024,4.45278e-08,0.6867
0,0.25,5,14.524,4.4715e-08,0.6867
0,0.25,5,15.024,4.47617e-08,0.6867
0,0.25,5,15.524,4.47749e-08,0.6867
0,0.25,5,16.024,4.4777e-08,0.6867
0,0.25,5,16.524,4.47773e-08,0.6867
0,0.25,5,17.024,4.47771e-08,0.6867
0,0.25,5,17.524,4.47767e-08,0.6867
0,0.25,5,18.024,4.47737e-08,0.6867
0,0.25,5,18.524,4.47616e-08,0.6867
0,0.25,5,19.024,4.46792e-08,0.6867
0,0.25,5,19.524,4.44068e-08,0.6867
0,0.25,5,20.024,4.29438e-08,0.6867
0,0.25,5,20.524,3.73101e-08,0.6867
0,0.25,5,21.024,2.03669e-08,0.6867
0,0.25,5,21.524,-5.69835e-08,0.686701
0,0.25,5,22.024,-2.14835e-07,0.686701
0,0.25,5,22.524,-7.3148e-07,0.686702
0,0.25,5,23.024,-1.98888e-06,0.686702
0,0.25,5,23.524,-3.26385e-06,0.686704
0,0.25,5,24.024,-7.20202e-07,0.686699
0,0.25,5.5,9.52404,4.63785e-08,0.686697
0,0.25,5.5,10.024,2.39284e-07,0.686697
0,0.25,5.5,10.524,6.23817e-07,0.686698
0,0.25,5.5,11.024,1.36417e-06,0.686698
0,0.25,5.5,11.524,1.59156e-06,0.686699
0,0.25,5.5,12.024,1.97036e-06,0.686699
0,0.25,5.5,12.524,2.07153e-06,0.6867
0,0.25,5.5,13.024,2.12408e-06,0.6867
0,0.25,5.5,13.524,2.13813e-06,0.6867
0,0.25,5.5,14.024,2.14227e-06,0.6867
0,0.25,5.5,14.524,2.1434e-06,0.6867
0,0.25,5.5,15.024,2.14366e-06,0.6867
0,0.25,5.5,15.524,2.14373e-06,0.6867
0,0.25,5.5,16.024,2.14374e-06,0.6867
0,0.25,5.5,16.524,2.14374e-06,0.6867
0,0.25,5.5,17.024,2.14374e-06,0.6867
0,0.25,5.5,17.524,2.14374e-06,0.6867
0,0.25,5.5,18.024,2.14373e-06,0.6867
0,0.25,5.5,18.524,2.14367e-06,0.6867
0,0.25,5.5,19.024,2.14339e-06,0.6867
0,0.25,5.5,19.524,2.14238e-06,0.6867
0,0.25,5.5,20.024,2.13719e-06,0.6867
0,0.25,5.5,20.524,2.11975e-06,0.6867
0,0.25,5.5,21.024,2.05053e-06,0.6867
0,0.25,5.5,21.524,1.83964e-06,0.686701
0,0.25,5.5,22.024,1.38101e-06,0.6867
0,0.25,5.5,22.524,1.51251e-07,0.686701
0,0.25,5.5,23.024,9.98041e-09,0.6867
0,0.25,5.5,23.524,9.62784e-08,0.686704
0,0.25,5.5,24.024,-5.91728e-08,0.686701
0,0.25,6,9.52404,2.71231e-07,0.686697
0,0.25,6,10.024,1.12274e-06,0.686697
0,0.25,6,10.524,7.80951e-07,0.686698
0,0.25,6,11.024,1.50022e-06,0.686698
0,0.25,6,11.524,1.63542e-06,0.686699
0,0.25,6,12.024,2.02462e-06,0.686699
0,0.25,6,12.524,2.12638e-06,0.6867
0,0.25,6,13.024,2.18528e-06,0.6867
0,0.25,6,13.524,2.20149e-06,0.6867
0,0.25,6,14.024,2.20676e-06,0.6867
0,0.25,6,14.524,2.2082e-06,0.6867
0,0.25,6,15.024,2.20853e-06,0.6867
0,0.25,6,15.524,2.20861e-06,0.6867
0,0.25,6,16.024,2.20863e-06,0.6867
0,0.25,6,16.524,2.20863e-06,0.6867
0,0.25,6,17.024,2.20863e-06,0.6867
0,0.25,6,17.524,2.20863e-06,0.6867
0,0.25,6,18.024,2.20862e-06,0.6867
0,0.25,6,18.524,2.20855e-06,0.6867
0,0.25,6,19.024,2.20825e-06,0.6867
0,0.25,6,19.524,2.20711e-06,0.6867
0,0.25,6,20.024,2.2013e-06,0.6867
0,0.25,6,20.524,2.18556e-06,0.6867
0,0.25,6,21.024,2.10061e-06,0.6867
0,0.25,6,21.524,1.89122e-06,0.6867
0,0.25,6,22.024,1.04638e-06,0.686698
0,0.25,6,22.524,-1.53224e-06,0.686701
0,0.25,6,23.024,-7.12954e-06,0.686694
0,0.25,6,23.524,-3.2769e-05,0.686703
0,0.25,6,24.024,-8.07352e-06,0.686707
0,0.25,6.5,9.52404,3.6762e-07,0.686678
0,0.25,6.5,10.024,1.6733e-06,0.686651
0,0.25,6.5,10.524,1.74772e-06,0.686658
0,0.25,6.5,11.024,2.51483e-06,0.686659
0,0.25,6.5,11.524,2.84946e-06,0.686659
0,0.25,6.5,12.024,3.16812e-06,0.686659
0,0.25,6.5,12.524,3.27653e-06,0.68666
0,0.25,6.5,13.024,3.34433e-06,0.68666
0,0.25,6.5,13.524,3.36396e-06,0.68666
0,0.25,6.5,14.024,3.37122e-06,0.68666
0,0.25,6.5,14.524,3.3731e-06,0.68666
0,0.25,6.5,15.024,3.37352e-06,0.68666
0,0.25,6.5,15.524,3.37363e-06,0.68666
0,0.25,6.5,16.024,3.37364e-06,0.68666
0,0.25,6.5,16.524,3.37365e-06,0.68666
0,0.25,6.5,17.024,3.37365e-06,0.68666
0,0.25,6.5,17.524,3.37364e-06,0.68666
0,0.25,6.5,18.024,3.37363e-06,0.68666
0,0.25,6.5,18.524,3.37355e-06,0.68666
0,0.25,6.5,19.024,3.37332e-06,0.68666
0,0.25,6.5,19.524,3.37206e-06,0.68666
0,0.25,6.5,20.024,3.36852e-06,0.68666
0,0.25,6.5,20.524,3.36234e-06,0.68666
0,0.25,6.5,21.024,3.33817e-06,0.68666
0,0.25,6.5,21.524,3.40632e-06,0.68666
0,0.25,6.5,22.024,3.28792e-06,0.686656
0,0.25,6.5,22.524,4.0611e-06,0.686661
0,0.25,6.5,23.024,1.18325e-06,0.686627
0,0.25,6.5,23.524,-3.29801e-06,0.686656
0,0.25,6.5,24.024,-8.61433e-07,0.686715
0,0.25,7,9.52386,2.45989e-07,0.678484
0,0.25,7,10.0239,5.84577e-07,0.679593
0,0.25,7,10.5239,1.48561e-06,0.679604
0,0.25,7,11.0239,2.41263e-06,0.679605
0,0.25,7,11.5239,2.87679e-06,0.679605
0,0.25,7,12.0239,3.17437e-06,0.679605
0,0.25,7,12.5239,3.28185e-06,0.679605
0,0.25,7,13.0239,3.33781e-06,0.679605
0,0.25,7,13.5239,3.35395e-06,0.679605
0,0.25,7,14.0239,3.35949e-06,0.679605
0,0.25,7,14.5239,3.36088e-06,0.679605
0,0.25,7,15.0239,3.36119e-06,0.679605
0,0.25,7,15.5239,3.36126e-06,0.679605
0,0.25,7,16.0239,3.36127e-06,0.679605
0,0.25,7,16.5239,3.36128e-06,0.679605
0,0.25,7,17.0239,3.36128e-06,0.679605
0,0.25,7,17.5239,3.36127e-06,0.679605
0,0.25,7,18.0239,3.36127e-06,0.679605
0,0.25,7,18.5239,3.36121e-06,0.679605
0,0.25,7,19.0239,3.36107e-06,0.679605
0,0.25,7,19.5239,3.36021e-06,0.679605
0,0.25,7,20.0239,3.35874e-06,0.679605
0,0.25,7,20.5239,3.35644e-06,0.679605
0,0.25,7,21.0239,3.36494e-06,0.679605
0,0.25,7,21.5239,3.50962e-06,0.679605
0,0.25,7,22.0239,3.94217e-06,0.679604
0,0.25,7,22.5239,6.58044e-06,0.679605
0,0.25,7,23.0239,1.16125e-05,0.679593
0,0.25,7,23.5239,3.06612e-05,0.679596
0,0.25,7,24.0239,9.29482e-06,0.678494
1,0.25,7.5,1.5,0,0
1,0.25,8,1.5,0,0
1,0.25,1.5,1.5,0,0
1,0.25,2,1.5,0,0
1,0.25,7.5,2,0,0
1,0.25,8,2,0,0
1,0.25,1.5,2,0,0
1,0.25,2,2,0,0
1,0.25,7.5,2.5,0,0
1,0.25,8,2.5,0,0
1,0.25,1.5,2.5,0,0
1,0.25,2,2.5,0,0
1,0.25,7.5,3,0,0
1,0.25,8,3,0,0
1,0.25,1.5,3,0,0
1,0.25,2,3,0,0
1,0.25,7.5,3.5,0,0
1,0.25,8,3.5,0,0
1,0.25,1.5,3.5,0,0
1,0.25,2,3.5,0,0
1,0.25,7.5,4,0,0
1,0.25,8,4,0,0
1,0.25,1.5,4,0,0
1,0.25,2,4,0,0
1,0.25,7.5,4.5,0,0
1,0.25,8,4.5,0,0
1,0.25,1.5,4.5,0,0
1,0.25,2,4.5,0,0
1,0.25,7.5,5,0,0
1,0.25,8,5,0,0
1,0.25,1.5,5,0,0
1,0.25,2,5,0,0
1,0.25,7.5,5.5,0,0
1,0.25,8,5.5,0,0
1,0.25,1.5,5.5,0,0
1,0.25,2,5.5,0,0
1,0.25,7.5,6,0,0
1,0.25,8,6,0,0
1,0.25,1.5,6,0,0
1,0.25,2,6,0,0
1,0.25,7.5,6.5,0,0
1,0.25,8,6.5,0,0
1,0.25,1.5,6.5,0,0
1,0.25,2,6.5,0,0
1,0.25,7.5,7,0,0
1,0.25,8,7,0,0
1,0.25,1.5,7,0,0
1,0.25,2,7,0,0
1,0.25,7.5,7.5,0,0
1,0.25,8,7.5,0,0
1,0.25,1.5,7.5,0,0
1,0.25,2,7.5,0,0
1,0.25,7.5,8,0,0
1,0.25,8,8,0,0
1,0.25,1.5,8,0,0
1,0.25,2,8,0,0
1,0.25,7.5,8.5,0,0
1,0.25,8,8.5,0,0
1,0.25,1.5,8.5,0,0
1,0.25,2,8.5,0,0
1,0.25,7.5,9,0,0
1,0.25,8,9,0,0
1,0.25,1.5,9,0,0
1,0.25,2,9,0,0
1,0.25,7.5,9.5,0,0
1,0.25,8,9.5,0,0
1,0.25,1.5,9.5,0,0
1,0.25,2,9.5,0,0
1,0.25,7.5,10,0,0
1,0.25,8,10,0,0
1,0.25,1.5,10,0,0
1,0.25,2,10,0,0
1,0.25,7.5,10.5,0,0
1,0.25,8,10.5,0,0
1,0.25,1.5,10.5,0,0
1,0.25,2,10.5,0,0
1,0.25,7.5,11,0,0
1,0.25,8,11,0,0
1,0.25,1.5,11,0,0
1,0.25,2,11,0,0
1,0.25,7.5,11.5,0,0
1,0.25,8,11.5,0,0
1,0.25,1.5,11.5,0,0
1,0.25,2,11.5,0,0
1,0.25,7.5,12,0,0
1,0.25,8,12,0,0
1,0.25,1.5,12,0,0
1,0.25,2,12,0,0
1,0.25,7.5,12.5,0,0
1,0.25,8,12.5,0,0
1,0.25,1.5,12.5,0,0
1,0.25,2,12.5,0,0
1,0.25,7.5,13,0,0
1,0.25,8,13,0,0
1,0.25,1.5,13,0,0
1,0.25,2,13,0,0
1,0.25,7.5,13.5,0,0
1,0.25,8,13.5,0,0
1,0.25,1.5,13.5,0,0
1,0.25,2,13.5,0,0
1,0.25,7.5,14,0,0
1,0.25,8,14,0,0
1,0.25,1.5,14,0,0
1,0.25,2,14,0,0
1,0.25,7.5,14.5,0,0
1,0.25,8,14.5,0,0
1,0.25,1.5,14.5,0,0
1,0.25,2,14.5,0,0
1,0.25,7.5,15,0,0
1,0.25,8,15,0,0
1,0.25,1.5,15,0,0
1,0.25,2,15,0,0
1,0.25,7.5,15.5,0,0
1,0.25,8,15.5,0,0
1,0.25,1.5,15.5,0,0
1,0.25,2,15.5,0,0
1,0.25,7.5,16,0,0
1,0.25,8,16,0,0
1,0.25,1.5,16,0,0
1,0.25,2,16,0,0
1,0.25,7.5,16.5,0,0
1,0.25,8,16.5,0,0
1,0.25,1.5,16.5,0,0
1,0.25,2,16.5,0,0
1,0.25,7.5,17,0,0
1,0.25,8,17,0,0
1,0.25,1.5,17,0,0
1,0.25,2,17,0,0
1,0.25,7.5,17.5,0,0
1,0.25,8,17.5,0,0
1,0.25,1.5,17.5,0,0
1,0.25,2,17.5,0,0
1,0.25,7.5,18,0,0
1,0.25,8,18,0,0
1,0.25,1.5,18,0,0
1,0.25,2,18,0,0
1,0.25,7.5,18.5,0,0
1,0.25,8,18.5,0,0
1,0.25,1.5,18.5,0,0
1,0.25,2,18.5,0,0
1,0.25,7.5,19,0,0
1,0.25,8,19,0,0
1,0.25,1.5,19,0,0
1,0.25,2,19,0,0
1,0.25,7.5,19.5,0,0
1,0.25,8,19.5,0,0
1,0.25,1.5,19.5,0,0
1,0.25,2,19.5,0,0
1,0.25,7.5,20,0,0
1,0.25,8,20,0,0
1,0.25,1.5,20,0,0
1,0.25,2,20,0,0
1,0.25,7.5,20.5,0,0
1,0.25,8,20.5,0,0
1,0.25,1.5,20.5,0,0
1,0.25,2,20.5,0,0
1,0.25,7.5,21,0,0
1,0.25,8,21,0,0
1,0.25,1.5,21,0,0
1,0.25,2,21,0,0
1,0.25,7.5,21.5,0,0
1,0.25,8,21.5,0,0
1,0.25,1.5,21.5,0,0
1,0.25,2,21.5,0,0
1,0.25,7.5,22,0,0
1,0.25,8,22,0,0
1,0.25,1.5,22,0,0
1,0.25,2,22,0,0
1,0.25,7.5,22.5,0,0
1,0.25,8,22.5,0,0
1,0.25,1.5,22.5,0,0
1,0.25,2,22.5,0,0
1,0.25,7.5,23,0,0
1,0.25,8,23,0,0
1,0.25,1.5,23,0,0
1,0.25,2,23,0,0
1,0.25,7.5,23.5,0,0
1,0.25,8,23.5,0,0
1,0.25,1.5,23.5,0,0
1,0.25,2,23.5,0,0
1,0.25,7.5,24,0,0
1,0.25,8,24,0,0
1,0.25,1.5,24,0,0
1,0.25,2,24,0,0
1,0.25,7.5,24.5,0,0
1,0.25,8,24.5,0,0
1,0.25,1.5,24.5,0,0
1,0.25,2,24.5,0,0
1,0.25,7.5,25,0,0
1,0.25,8,25,0,0
1,0.25,1.5,25,0,0
1,0.25,2,25,0,0
1,0.25,7.5,25.5,0,0
1,0.25,8,25.5,0,0
1,0.25,1.5,25.5,0,0
1,0.25,2,25.5,0,0
1,0.25,2.5,1.5,0,0
1,0.25,2.5,2,0,0
1,0.25,2.5,25,0,0
1,0.25,2.5,25.5,0,0
1,0.25,3,1.5,0,0
1,0.25,3,2,0,0
1,0.25,3,25,0,0
1,0.25,3,25.5,0,0
1,0.25,3.5,1.5,0,0
1,0.25,3.5,2,0,0
1,0.25,3.5,25,0,0
1,0.25,3.5,25.5,0,0
1,0.25,4,1.5,0,0
1,0.25,4,2,0,0
1,0.25,4,25,0,0
1,0.25,4,25.5,0,0
1,0.25,4.5,1.5,0,0
1,0.25,4.5,2,0,0
1,0.25,4.5,25,0,0
1,0.25,4.5,25.5,0,0
1,0.25,5,1.5,0,0
1,0.25,5,2,0,0
1,0.25,5,25,0,0
1,0.25,5,25.5,0,0
1,0.25,5.5,1.5,0,0
1,0.25,5.5,2,0,0
1,0.25,5.5,25,0,0
1,0.25,5.5,25.5,0,0
1,0.25,6,1.5,0,0
1,0.25,6,2,0,0
1,0.25,6,25,0,0
1,0.25,6,25.5,0,0
1,0.25,6.5,1.5,0,0
1,0.25,6.5,2,0,0
1,0.25,6.5,25,0,0
1,0.25,6.5,25.5,0,0
1,0.25,7,1.5,0,0
1,0.25,7,2,0,0
1,0.25,7,25,0,0
1,0.25,7,25.5,0,0
536 2 0.5 1200 0.2 2 0 2e-05 0 9.81 35 35
0,0.25,2.5,9.52386,-2.45989e-07,0.678484
0,0.25,2.5,10.0239,-5.84577e-07,0.679593
0,0.25,2.5,10.5239,-1.48561e-06,0.679604
0,0.25,2.5,11.0239,-2.41263e-06,0.679605
0,0.25,2.5,11.5239,-2.87679e-06,0.679605
0,0.25,2.5,12.0239,-3.17437e-06,0.679605
0,0.25,2.5,12.5239,-3.28185e-06,0.679605
0,0.25,2.5,13.0239,-3.33781e-06,0.679605
0,0.25,2.5,13.5239,-3.35395e-06,0.679605
0,0.25,2.5,14.0239,-3.35949e-06,0.679605
0,0.25,2.5,14.5239,-3.36088e-06,0.679605
0,0.25,2.5,15.0239,-3.36119e-06,0.679605
0,0.25,2.5,15.5239,-3.36126e-06,0.679605
0,0.25,2.5,16.0239,-3.36127e-06,0.679605
0,0.25,2.5,16.5239,-3.36128e-06,0.679605
0,0.25,2.5,17.0239,-3.36128e-06,0.679605
0,0.25,2.5,17.5239,-3.36127e-06,0.679605
0,0.25,2.5,18.0239,-3.36127e-06,0.679605
0,0.25,2.5,18.5239,-3.36121e-06,0.679605
0,0.25,2.5,19.0239,-3.36107e-06,0.679605
0,0.25,2.5,19.5239,-3.36021e-06,0.679605
0,0.25,2.5,20.0239,-3.35874e-06,0.679605
0,0.25,2.5,20.5239,-3.35644e-06,0.679605
0,0.25,2.5,21.0239,-3.36494e-06,0.679605
0,0.25,2.5,21.5239,-3.50962e-06,0.679605
0,0.25,2.5,22.0239,-3.94217e-06,0.679604
0,0.25,2.5,22.5239,-6.58044e-06,0.679605
0,0.25,2.5,23.0239,-1.16125e-05,0.679593
0,0.25,2.5,23.5239,-3.06612e-05,0.679596
0,0.25,2.5,24.0239,-9.29482e-06,0.678494
0,0.25,3,9.52404,-3.6762e-07,0.686678
0,0.25,3,10.024,-1.6733e-06,0.686651
0,0.25,3,10.524,-1.74772e-06,0.686658
0,0.25,3,11.024,-2.51483e-06,0.686659
0,0.25,3,11.524,-2.84946e-06,0.686659
0,0.25,3,12.024,-3.16812e-06,0.686659
0,0.25,3,12.524,-3.27653e-06,0.68666
0,0.25,3,13.024,-3.34433e-06,0.68666
0,0.25,3,13.524,-3.36396e-06,0.68666
0,0.25,3,14.024,-3.37122e-06,0.68666
0,0.25,3,14.524,-3.3731e-06,0.68666
0,0.25,3,15.024,-3.37352e-06,0.68666
0,0.25,3,15.524,-3.37363e-06,0.68666
0,0.25,3,16.024,-3.37364e-06,0.68666
0,0.25,3,16.524,-3.37365e-06,0.68666
0,0.25,3,17.024,-3.37365e-06,0.68666
0,0.25,3,17.524,-3.37364e-06,0.68666
0,0.25,3,18.024,-3.37363e-06,0.68666
0,0.25,3,18.524,-3.37355e-06,0.68666
0,0.25,3,19.024,-3.37332e-06,0.68666
0,0.25,3,19.524,-3.37206e-06,0.68666
0,0.25,3,20.024,-3.36853e-06,0.68666
0,0.25,3,20.524,-3.36234e-06,0.68666
0,0.25,3,21.024,-3.33817e-06,0.68666
0,0.25,3,21.524,-3.40632e-06,0.68666
0,0.25,3,22.024,-3.28792e-06,0.686656
0,0.25,3,22.524,-4.0611e-06,0.686661
0,0.25,3,23.024,-1.18325e-06,0.686627
0,0.25,3,23.524,3.29801e-06,0.686656
0,0.25,3,24.024,8.61433e-07,0.686715
0,0.25,3.5,9.52404,-2.71231e-07,0.686697
0,0.25,3.5,10.024,-1.12274e-06,0.686697
0,0.25,3.5,10.524,-7.80951e-07,0.686698
0,0.25,3.5,11.024,-1.50022e-06,0.686698
0,0.25,3.5,11.524,-1.63542e-06,0.686699
0,0.25,3.5,12.024,-2.02462e-06,0.686699
0,0.25,3.5,12.524,-2.12638e-06,0.6867
0,0.25,3.5,13.024,-2.18528e-06,0.6867
0,0.25,3.5,13.524,-2.20149e-06,0.6867
0,0.25,3.5,14.024,-2.20676e-06,0.6867
0,0.25,3.5,14.524,-2.2082e-06,0.6867
0,0.25,3.5,15.024,-2.20853e-06,0.6867
0,0.25,3.5,15.524,-2.20861e-06,0.6867
0,0.25,3.5,16.024,-2.20863e-06,0.6867
0,0.25,3.5,16.524,-2.20863e-06,0.6867
0,0.25,3.5,17.024,-2.20863e-06,0.6867
0,0.25,3.5,17.524,-2.20863e-06,0.6867
0,0.25,3.5,18.024,-2.20862e-06,0.6867
0,0.25,3.5,18.524,-2.20855e-06,0.6867
0,0.25,3.5,19.024,-2.20825e-06,0.6867
0,0.25,3.5,19.524,-2.20711e-06,0.6867
0,0.25,3.5,20.024,-2.2013e-06,0.6867
0,0.25,3.5,20.524,-2.18556e-06,0.6867
0,0.25,3.5,21.024,-2.10061e-06,0.6867
0,0.25,3.5,21.524,-1.89122e-06,0.6867
0,0.25,3.5,22.024,-1.04638e-06,0.686698
0,0.25,3.5,22.524,1.53224e-06,0.686701
0,0.25,3.5,23.024,7.12954e-06,0.686694
0,0.25,3.5,23.524,3.2769e-05,0.686703
0,0.25,3.5,24.024,8.07352e-06,0.686707
0,0.25,4,9.52404,-4.63785e-08,0.686697
0,0.25,4,10.024,-2.39284e-07,0.686697
0,0.25,4,10.524,-6.23817e-07,0.686698
0,0.25,4,11.024,-1.36417e-06,0.686698
0,0.25,4,11.524,-1.59156e-06,0.686699
0,0.25,4,12.024,-1.97036e-06,0.686699
0,0.25,4,12.524,-2.07153e-06,0.6867
0,0.25,4,13.024,-2.12408e-06,0.6867
0,0.25,4,13.524,-2.13813e-06,0.6867
0,0.25,4,14.024,-2.14227e-06,0.6867
0,0.25,4,14.524,-2.1434e-06,0.6867
0,0.25,4,15.024,-2.14366e-06,0.6867
0,0.25,4,15.524,-2.14373e-06,0.6867
0,0.25,4,16.024,-2.14374e-06,0.6867
0,0.25,4,16.524,-2.14374e-06,0.6867
0,0.25,4,17.024,-2.14374e-06,0.6867
0,0.25,4,17.524,-2.14374e-06,0.6867
0,0.25,4,18.024,-2.14373e-06,0.6867
0,0.25,4,18.524,-2.14367e-06,0.6867
0,0.25,4,19.024,-2.14339e-06,0.6867
0,0.25,4,19.524,-2.14238e-06,0.6867
0,0.25,4,20.024,-2.13719e-06,0.6867
0,0.25,4,20.524,-2.11975e-06,0.6867
0,0.25,4,21.024,-2.05053e-06,0.6867
0,0.25,4,21.524,-1.83964e-06,0.686701
0,0.25,4,22.024,-1.38101e-06,0.6867
0,0.25,4,22.524,-1.51251e-07,0.686701
0,0.25,4,23.024,-9.98006e-09,0.6867
0,0.25,4,23.524,-9.62783e-08,0.686704
0,0.25,4,24.024,5.91728e-08,0.686701
0,0.25,4.5,9.52404,-3.65346e-08,0.686697
0,0.25,4.5,10.024,-1.64152e-07,0.686697
0,0.25,4.5,10.524,-1.0199e-07,0.686697
0,0.25,4.5,11.024,-3.47942e-08,0.686698
0,0.25,4.5,11.524,-1.68507e-08,0.686699
0,0.25,4.5,12.024,-3.36177e-08,0.686699
0,0.25,4.5,12.524,-3.61549e-08,0.6867
0,0.25,4.5,13.024,-4.23371e-08,0.6867
0,0.25,4.5,13.524,-4.38754e-08,0.6867
0,0.25,4.5,14.024,-4.45273e-08,0.6867
0,0.25,4.5,14.524,-4.47141e-08,0.6867
0,0.25,4.5,15.024,-4.47606e-08,0.6867
0,0.25,4.5,15.524,-4.4774e-08,0.6867
0,0.25,4.5,16.024,-4.47762e-08,0.6867
0,0.25,4.5,16.524,-4.47765e-08,0.6867
0,0.25,4.5,17.024,-4.47764e-08,0.6867
0,0.25,4.5,17.524,-4.47759e-08,0.6867
0,0.25,4.5,18.024,-4.47726e-08,0.6867
0,0.25,4.5,18.524,-4.47604e-08,0.6867
0,0.25,4.5,19.024,-4.4678e-08,0.6867
0,0.25,4.5,19.524,-4.44059e-08,0.6867
0,0.25,4.5,20.024,-4.29431e-08,0.6867
0,0.25,4.5,20.524,-3.73095e-08,0.6867
0,0.25,4.5,21.024,-2.03664e-08,0.6867
0,0.25,4.5,21.524,5.69841e-08,0.686701
0,0.25,4.5,22.024,2.14836e-07,0.686701
0,0.25,4.5,22.524,7.3148e-07,0.686702
0,0.25,4.5,23.024,1.98888e-06,0.686702
0,0.25,4.5,23.524,3.26385e-06,0.686704
0,0.25,4.5,24.024,7.20202e-07,0.686699
0,0.25,5,9.52404,3.65346e-08,0.686697
0,0.25,5,10.024,1.64152e-07,0.686697
0,0.25,5,10.524,1.0199e-07,0.686697
0,0.25,5,11.024,3.47942e-08,0.686698
0,0.25,5,11.524,1.68511e-08,0.686699
0,0.25,5,12.024,3.36185e-08,0.686699
0,0.25,5,12.524,3.61554e-08,0.6867
0,0.25,5,13.024,4.23378e-08,0.6867
0,0.25,5,13.524,4.38758e-08,0.6867
0,0.25,5,14.024,4.45278e-08,0.6867
0,0.25,5,14.524,4.4715e-08,0.6867
0,0.25,5,15.024,4.47617e-08,0.6867
0,0.25,5,15.524,4.47749e-08,0.6867
0,0.25,5,16.024,4.4777e-08,0.6867
0,0.25,5,16.524,4.47773e-08,0.6867
0,0.25,5,17.024,4.47771e-08,0.6867
0,0.25,5,17.524,4.47767e-08,0.6867
0,0.25,5,18.024,4.47737e-08,0.6867
0,0.25,5,18.524,4.47616e-08,0.6867
0,0.25,5,19.024,4.46792e-08,0.6867
0,0.25,5,19.524,4.44068e-08,0.6867
0,0.25,5,20.024,4.29438e-08,0.6867
0,0.25,5,20.524,3.73101e-08,0.6867
0,0.25,5,21.024,2.03669e-08,0.6867
0,0.25,5,21.524,-5.69835e-08,0.686701
0,0.25,5,22.024,-2.14835e-07,0.686701
0,0.25,5,22.524,-7.3148e-07,0.686702
0,0.25,5,23.024,-1.98888e-06,0.686702
0,0.25,5,23.524,-3.26385e-06,0.686704
0,0.25,5,24.024,-7.20202e-07,0.686699
0,0.25,5.5,9.52404,4.63785e-08,0.686697
0,0.25,5.5,10.024,2.39284e-07,0.686697
0,0.25,5.5,10.524,6.23817e-07,0.686698
0,0.25,5.5,11.024,1.36417e-06,0.686698
0,0.25,5.5,11.524,1.59156e-06,0.686699
0,0.25,5.5,12.024,1.97036e-06,0.686699
0,0.25,5.5,12.524,2.07153e-06,0.6867
0,0.25,5.5,13.024,2.12408e-06,0.6867
0,0.25,5.5,13.524,2.13813e-06,0.6867
0,0.25,5.5,14.024,2.14227e-06,0.6867
0,0.25,5.5,14.524,2.1434e-06,0.6867
0,0.25,5.5,15.024,2.14366e-06,0.6867
0,0.25,5.5,15.524,2.14373e-06,0.6867
0,0.25,5.5,16.024,2.14374e-06,0.6867
0,0.25,5.5,16.524,2.14374e-06,0.6867
0,0.25,5.5,17.024,2.14374e-06,0.6867
0,0.25,5.5,17.524,2.14374e-06,0.6867
0,0.25,5.5,18.024,2.14373e-06,0.6867
0,0.25,5.5,18.524,2.14367e-06,0.6867
0,0.25,5.5,19.024,2.14339e-06,0.6867
0,0.25,5.5,19.524,2.14238e-06,0.6867
0,0.25,5.5,20.024,2.13719e-06,0.6867
0,0.25,5.5,20.524,2.11975e-06,0.6867
0,0.25,5.5,21.024,2.05053e-06,0.6867
0,0.25,5.5,21.524,1.83964e-06,0.686701
0,0.25,5.5,22.024,1.38101e-06,0.6867
0,0.25,5.5,22.524,1.51251e-07,0.686701
0,0.25,5.5,23.024,9.98041e-09,0.6867
0,0.25,5.5,23.524,9.62784e-08,0.686704
0,0.25,5.5,24.024,-5.91728e-08,0.686701
0,0.25,6,9.52404,2.71231e-07,0.686697
0,0.25,6,10.024,1.12274e-06,0.686697
0,0.25,6,10.524,7.80951e-07,0.686698
0,0.25,6,11.024,1.50022e-06,0.686698
0,0.25,6,11.524,1.63542e-06,0.686699
0,0.25,6,12.024,2.02462e-06,0.686699
0,0.25,6,12.524,2.12638e-06,0.6867
0,0.25,6,13.024,2.18528e-06,0.6867
0,0.25,6,13.524,2.20149e-06,0.6867
0,0.25,6,14.024,2.20676e-06,0.6867
0,0.25,6,14.524,2.2082e-06,0.6867
0,0.25,6,15.024,2.20853e-06,0.6867
0,0.25,6,15.524,2.20861e-06,0.6867
0,0.25,6,16.024,2.20863e-06,0.6867
0,0.25,6,16.524,2.20863e-06,0.6867
0,0.25,6,17.024,2.20863e-06,0.6867
0,0.25,6,17.524,2.20863e-06,0.6867
0,0.25,6,18.024,2.20862e-06,0.6867
0,0.25,6,18.524,2.20855e-06,0.6867
0,0.25,6,19.024,2.20825e-06,0.6867
0,0.25,6,19.524,2.20711e-06,0.6867
0,0.25,6,20.024,2.2013e-06,0.6867
0,0.25,6,20.524,2.18556e-06,0.6867
0,0.25,6,21.024,2.10061e-06,0.6867
0,0.25,6,21.524,1.89122e-06,0.6867
0,0.25,6,22.024,1.04638e-06,0.686698
0,0.25,6,22.524,-1.53224e-06,0.686701
0,0.25,6,23.024,-7.12954e-06,0.686694
0,0.25,6,23.524,-3.2769e-05,0.686703
0,0.25,6,24.024,-8.07352e-06,0.686707
0,0.25,6.5,9.52404,3.6762e-07,0.686678
0,0.25,6.5,10.024,1.6733e-06,0.686651
0,0.25,6.5,10.524,1.74772e-06,0.686658
0,0.25,6.5,11.024,2.51483e-06,0.686659
0,0.25,6.5,11.524,2.84946e-06,0.686659
0,0.25,6.5,12.024,3.16812e-06,0.686659
0,0.25,6.5,12.524,3.27653e-06,0.68666
0,0.25,6.5,13.024,3.34433e-06,0.68666
0,0.25,6.5,13.524,3.36396e-06,0.68666
0,0.25,6.5,14.024,3.37122e-06,0.68666
0,0.25,6.5,14.524,3.3731e-06,0.68666
0,0.25,6.5,15.024,3.37352e-06,0.68666
0,0.25,6.5,15.524,3.37363e-06,0.68666
0,0.25,6.5,16.024,3.37364e-06,0.68666
0,0.25,6.5,16.524,3.37365e-06,0.68666
0,0.25,6.5,17.024,3.37365e-06,0.68666
0,0.25,6.5,17.524,3.37364e-06,0.68666
0,0.25,6.5,18.024,3.37363e-06,0.68666
0,0.25,6.5,18.524,3.37355e-06,0.68666
0,0.25,6.5,19.024,3.37332e-06,0.68666
0,0.25,6.5,19.524,3.37206e-06,0.68666
0,0.25,6.5,20.024,3.36852e-06,0.68666
0,0.25,6.5,20.524,3.36234e-06,0.68666
0,0.25,6.5,21.024,3.33817e-06,0.68666
0,0.25,6.5,21.524,3.40632e-06,0.68666
0,0.25,6.5,22.024,3.28792e-06,0.686656
0,0.25,6.5,22.524,4.0611e-06,0.686661
0,0.25,6.5,23.024,1.18325e-06,0.686627
0,0.25,6.5,23.524,-3.29801e-06,0.686656
0,0.25,6.5,24.024,-8.61433e-07,0.686715
0,0.25,7,9.52386,2.45989e-07,0.678484
0,0.25,7,10.0239,5.84577e-07,0.679593
0,0.25,7,10.5239,1.48561e-06,0.679604
0,0.25,7,11.0239,2.41263e-06,0.679605
0,0.25,7,11.5239,2.87679e-06,0.679605
0,0.25,7,12.0239,3.17437e-06,0.679605
0,0.25,7,12.5239,3.28185e-06,0.679605
0,0.25,7,13.0239,3.33781e-06,0.679605
0,0.25,7,13.5239,3.35395e-06,0.679605
0,0.25,7,14.0239,3.35949e-06,0.679605
0,0.25,7,14.5239,3.36088e-06,0.679605
0,0.25,7,15.0239,3.36119e-06,0.679605
0,0.25,7,15.5239,3.36126e-06,0.679605
0,0.25,7,16.0239,3.36127e-06,0.679605
0,0.25,7,16.5239,3.36128e-06,0.679605
0,0.25,7,17.0239,3.36128e-06,0.679605
0,0.25,7,17.5239,3.36127e-06,0.679605
0,0.25,7,18.0239,3.36127e-06,0.679605
0,0.25,7,18.5239,3.36121e-06,0.679605
0,0.25,7,19.0239,3.36107e-06,0.679605
0,0.25,7,19.5239,3.36021e-06,0.679605
0,0.25,7,20.0239,3.35874e-06,0.679605
0,0.25,7,20.5239,3.35644e-06,0.679605
0,0.25,7,21.0239,3.36494e-06,0.679605
0,0.25,7,21.5239,3.50962e-06,0.679605
0,0.25,7,22.0239,3.94217e-06,0.679604
0,0.25,7,22.5239,6.58044e-06,0.679605
0,0.25,7,23.0239,1.16125e-05,0.679593
0,0.25,7,23.5239,3.06612e-05,0.679596
0,0.25,7,24.0239,9.29482e-06,0.678494
1,0.25,7.5,1.5,0,0
1,0.25,8,1.5,0,0
1,0.25,1.5,1.5,0,0
1,0.25,2,1.5,0,0
1,0.25,7.5,2,0,0
1,0.25,8,2,0,0
1,0.25,1.5,2,0,0
1,0.25,2,2,0,0
1,0.25,7.5,2.5,0,0
1,0.25,8,2.5,0,0
1,0.25,1.5,2.5,0,0
1,0.25,2,2.5,0,0
1,0.25,7.5,3,0,0
1,0.25,8,3,0,0
1,0.25,1.5,3,0,0
1,0.25,2,3,0,0
1,0.25,7.5,3.5,0,0
1,0.25,8,3.5,0,0
1,0.25,1.5,3.5,0,0
1,0.25,2,3.5,0,0
1,0.25,7.5,4,0,0
1,0.25,8,4,0,0
1,0.25,1.5,4,0,0
1,0.25,2,4,0,0
1,0.25,7.5,4.5,0,0
1,0.25,8,4.5,0,0
1,0.25,1.5,4.5,0,0
1,0.25,2,4.5,0,0
1,0.25,7.5,5,0,0
1,0.25,8,5,0,0
1,0.25,1.5,5,0,0
1,0.25,2,5,0,0
1,0.25,7.5,5.5,0,0
1,0.25,8,5.5,0,0
1,0.25,1.5,5.5,0,0
1,0.25,2,5.5,0,0
1,0.25,7.5,6,0,0
1,0.25,8,6,0,0
1,0.25,1.5,6,0,0
1,0.25,2,6,0,0
1,0.25,7.5,6.5,0,0
1,0.25,8,6.5,0,0
1,0.25,1.5,6.5,0,0
1,0.25,2,6.5,0,0
1,0.25,7.5,7,0,0
1,0.25,8,7,0,0
1,0.25,1.5,7,0,0
1,0.25,2,7,0,0
1,0.25,7.5,7.5,0,0
1,0.25,8,7.5,0,0
1,0.25,1.5,7.5,0,0
1,0.25,2,7.5,0,0
1,0.25,7.5,8,0,0
1,0.25,8,8,0,0
1,0.25,1.5,8,0,0
1,0.25,2,8,0,0
1,0.25,7.5,8.5,0,0
1,0.25,8,8.5,0,0
1,0.25,1.5,8.5,0,0
1,0.25,2,8.5,0,0
1,0.25,7.5,9,0,0
1,0.25,8,9,0,0
1,0.25,1.5,9,0,0
1,0.25,2,9,0,0
1,0.25,7.5,9.5,0,0
1,0.25,8,9.5,0,0
1,0.25,1.5,9.5,0,0
1,0.25,2,9.5,0,0
1,0.25,7.5,10,0,0
1,0.25,8,10,0,0
1,0.25,1.5,10,0,0
1,0.25,2,10,0,0
1,0.25,7.5,10.5,0,0
1,0.25,8,10.5,0,0
1,0.25,1.5,10.5,0,0
1,0.25,2,10.5,0,0
1,0.25,7.5,11,0,0
1,0.25,8,11,0,0
1,0.25,1.5,11,0,0
1,0.25,2,11,0,0
1,0.25,7.5,11.5,0,0
1,0.25,8,11.5,0,0
1,0.25,1.5,11.5,0,0
1,0.25,2,11.5,0,0
1,0.25,7.5,12,0,0
1,0.25,8,12,0,0
1,0.25,1.5,12,0,0
1,0.25,2,12,0,0
1,0.25,7.5,12.5,0,0
1,0.25,8,12.5,0,0
1,0.25,1.5,12.5,0,0
1,0.25,2,12.5,0,0
1,0.25,7.5,13,0,0
1,0.25,8,13,0,0
1,0.25,1.5,13,0,0
1,0.25,2,13,0,0
1,0.25,7.5,13.5,0,0
1,0.25,8,13.5,0,0
1,0.25,1.5,13.5,0,0
1,0.25,2,13.5,0,0
1,0.25,7.5,14,0,0
1,0.25,8,14,0,0
1,0.25,1.5,14,0,0
1,0.25,2,14,0,0
1,0.25,7.5,14.5,0,0
1,0.25,8,14.5,0,0
1,0.25,1.5,14.5,0,0
1,0.25,2,14.5,0,0
1,0.25,7.5,15,0,0
1,0.25,8,15,0,0
1,0.25,1.5,15,0,0
1,0.25,2,15,0,0
1,0.25,7.5,15.5,0,0
1,0.25,8,15.5,0,0
1,0.25,1.5,15.5,0,0
1,0.25,2,15.5,0,0
1,0.25,7.5,16,0,0
1,0.25,8,16,0,0
1,0.25,1.5,16,0,0
1,0.25,2,16,0,0
1,0.25,7.5,16.5,0,0
1,0.25,8,16.5,0,0
1,0.25,1.5,16.5,0,0
1,0.25,2,16.5,0,0
1,0.25,7.5,17,0,0
1,0.25,8,17,0,0
1,0.25,1.5,17,0,0
1,0.25,2,17,0,0
1,0.25,7.5,17.5,0,0
1,0.25,8,17.5,0,0
1,0.25,1.5,17.5,0,0
1,0.25,2,17.5,0,0
1,0.25,7.5,18,0,0
1,0.25,8,18,0,0
1,0.25,1.5,18,0,0
1,0.25,2,18,0,0
1,0.25,7.5,18.5,0,0
1,0.25,8,18.5,0,0
1,0.25,1.5,18.5,0,0
1,0.25,2,18.5,0,0
1,0.25,7.5,19,0,0
1,0.25,8,19,0,0
1,0.25,1.5,19,0,0
1,0.25,2,19,0,0
1,0.25,7.5,19.5,0,0
1,0.25,8,19.5,0,0
1,0.25,1.5,19.5,0,0
1,0.25,2,19.5,0,0
1,0.25,7.5,20,0,0
1,0.25,8,20,0,0
1,0.25,1.5,20,0,0
1,0.25,2,20,0,0
1,0.25,7.5,20.5,0,0
1,0.25,8,20.5,0,0
1,0.25,1.5,20.5,0,0
1,0.25,2,20.5,0,0
1,0.25,7.5,21,0,0
1,0.25,8,21,0,0
1,0.25,1.5,21,0,0
1,0.25,2,21,0,0
1,0.25,7.5,21.5,0,0
1,0.25,8,21.5,0,0
1,0.25,1.5,21.5,0,0
1,0.25,2,21.5,0,0
1,0.25,7.5,22,0,0
1,0.25,8,22,0,0
1,0.25,1.5,22,0,0
1,0.25,2,22,0,0
1,0.25,7.5,22.5,0,0
1,0.25,8,22.5,0,0
1,0.25,1.5,22.5,0,0
1,0.25,2,22.5,0,0
1,0.25,7.5,23,0,0
1,0.25,8,23,0,0
1,0.25,1.5,23,0,0
1,0.25,2,23,0,0
1,0.25,7.5,23.5,0,0
1,0.25,8,23.5,0,0
1,0.25,1.5,23.5,0,0
1,0.25,2,23.5,0,0
1,0.25,7.5,24,0,0
1,0.25,8,24,0,0
1,0.25,1.5,24,0,0
1,0.25,2,24,0,0
1,0.25,7.5,24.5,0,0
1,0.25,8,24.5,0,0
1,0.25,1.5,24.5,0,0
1,0.25,2,24.5,0,0
1,0.25,7.5,25,0,0
1,0.25,8,25,0,0
1,0.25,1.5,25,0,0
1,0.25,2,25,0,0
1,0.25,7.5,25.5,0,0
1,0.25,8,25.5,0,0
1,0.25,1.5,25.5,0,0
1,0.25,2,25.5,0,0
1,0.25,2.5,1.5,0,0
1,0.25,2.5,2,0,0
1,0.25,2.5,25,0,0
1,0.25,2.5,25.5,0,0
1,0.25,3,1.5,0,0
1,0.25,3,2,0,0
1,0.25,3,25,0,0
1,0.25,3,25.5,0,0
1,0.25,3.5,1.5,0,0
1,0.25,3.5,2,0,0
1,0.25,3.5,25,0,0
1,0.25,3.5,25.5,0,0
1,0.25,4,1.5,0,0
1,0.25,4,2,0,0
1,0.25,4,25,0,0
1,0.25,4,25.5,0,0
1,0.25,4.5,1.5,0,0
1,0.25,4.5,2,0,0
1,0.25,4.5,25,0,0
1,0.25,4.5,25.5,0,0
1,0.25,5,1.5,0,0
1,0.25,5,2,0,0
1,0.25,5,25,0,0
1,0.25,5,25.5,0,0
1,0.25,5.5,1.5,0,0
1,0.25,5.5,2,0,0
1,0.25,5.5,25,0,0
1,0.25,5.5,25.5,0,0
1,0.25,6,1.5,0,0
1,0.25,6,2,0,0
1,0.25,6,25,0,0
1,0.25,6,25.5,0,0
1,0.25,6.5,1.5,0,0
1,0.25,6.5,2,0,0
1,0.25,6.5,25,0,0
1,0.25,6.5,25.5,0,0
1,0.25,7,1.5,0,0
1,0.25,7,2,0,0
1,0.25,7,25,0,0
1,0.25,7,25.5,0,0
536 2 0.5 3500 0.2 2 0 1e-05 0 9.81 35 35
0,0.25,2.5,9.50599,-6.19741e-07,0.341518
0,0.25,2.5,10.006,-9.017e-07,0.341766
0,0.25,2.5,10.506,-1.94295e-06,0.341769
0,0.25,2.5,11.006,-3.63623e-06,0.34177
0,0.25,2.5,11.506,-4.43492e-06,0.34177
0,0.25,2.5,12.006,-4.97719e-06,0.34177
0,0.25,2.5,12.506,-5.13032e-06,0.34177
0,0.25,2.5,13.006,-5.18692e-06,0.34177
0,0.25,2.5,13.506,-5.20116e-06,0.34177
0,0.25,2.5,14.006,-5.20444e-06,0.34177
0,0.25,2.5,14.506,-5.20524e-06,0.34177
0,0.25,2.5,15.006,-5.20536e-06,0.34177
0,0.25,2.5,15.506,-5.20539e-06,0.34177
0,0.25,2.5,16.006,-5.20539e-06,0.34177
0,0.25,2.5,16.506,-5.2054e-06,0.34177
0,0.25,2.5,17.006,-5.2054e-06,0.34177
0,0.25,2.5,17.506,-5.2054e-06,0.34177
0,0.25,2.5,18.006,-5.20539e-06,0.34177
0,0.25,2.5,18.506,-5.20536e-06,0.34177
0,0.25,2.5,19.006,-5.20527e-06,0.34177
0,0.25,2.5,19.506,-5.20454e-06,0.34177
0,0.25,2.5,20.006,-5.20208e-06,0.34177
0,0.25,2.5,20.506,-5.19035e-06,0.34177
0,0.25,2.5,21.006,-5.15235e-06,0.34177
0,0.25,2.5,21.506,-5.061e-06,0.341771
0,0.25,2.5,22.006,-4.78764e-06,0.34177
0,0.25,2.5,22.506,-5.03168e-06,0.341771
0,0.25,2.5,23.006,-4.48817e-06,0.34176
0,0.25,2.5,23.506,5.20731e-06,0.341772
0,0.25,2.5,24.006,-2.74982e-06,0.341535
0,0.25,3,9.50601,-4.66619e-07,0.343344
0,0.25,3,10.006,-2.11493e-06,0.343339
0,0.25,3,10.506,-2.16943e-06,0.343341
0,0.25,3,11.006,-3.75628e-06,0.343342
0,0.25,3,11.506,-4.34143e-06,0.343344
0,0.25,3,12.006,-4.94293e-06,0.343345
0,0.25,3,12.506,-5.11145e-06,0.343345
0,0.25,3,13.006,-5.18189e-06,0.343345
0,0.25,3,13.506,-5.2001e-06,0.343345
0,0.25,3,14.006,-5.20453e-06,0.343345
0,0.25,3,14.506,-5.20564e-06,0.343345
0,0.25,3,15.006,-5.20582e-06,0.343345
0,0.25,3,15.506,-5.20586e-06,0.343345
0,0.25,3,16.006,-5.20587e-06,0.343345
0,0.25,3,16.506,-5.20587e-06,0.343345
0,0.25,3,17.006,-5.20587e-06,0.343345
0,0.25,3,17.506,-5.20587e-06,0.343345
0,0.25,3,18.006,-5.20586e-06,0.343345
0,0.25,3,18.506,-5.20582e-06,0.343345
0,0.25,3,19.006,-5.20567e-06,0.343345
0,0.25,3,19.506,-5.20465e-06,0.343345
0,0.25,3,20.006,-5.20096e-06,0.343345
0,0.25,3,20.506,-5.18547e-06,0.343345
0,0.25,3,21.006,-5.12777e-06,0.343345
0,0.25,3,21.506,-5.01066e-06,0.343346
0,0.25,3,22.006,-4.49435e-06,0.343345
0,0.25,3,22.506,-4.28594e-06,0.343348
0,0.25,3,23.006,-2.34754e-07,0.343339
0,0.25,3,23.506,7.4965e-06,0.34335
0,0.25,3,24.006,1.88756e-06,0.343363
0,0.25,3.5,9.50601,-2.91414e-07,0.343345
0,0.25,3.5,10.006,-1.20905e-06,0.343345
0,0.25,3.5,10.506,-6.86914e-07,0.343346
0,0.25,3.5,11.006,-1.29614e-06,0.343347
0,0.25,3.5,11.506,-1.32456e-06,0.343349
0,0.25,3.5,12.006,-1.46573e-06,0.343349
0,0.25,3.5,12.506,-1.50928e-06,0.34335
0,0.25,3.5,13.006,-1.53341e-06,0.34335
0,0.25,3.5,13.506,-1.54036e-06,0.34335
0,0.25,3.5,14.006,-1.54232e-06,0.34335
0,0.25,3.5,14.506,-1.54284e-06,0.34335
0,0.25,3.5,15.006,-1.54293e-06,0.34335
0,0.25,3.5,15.506,-1.54295e-06,0.34335
0,0.25,3.5,16.006,-1.54296e-06,0.34335
0,0.25,3.5,16.506,-1.54296e-06,0.34335
0,0.25,3.5,17.006,-1.54296e-06,0.34335
0,0.25,3.5,17.506,-1.54296e-06,0.34335
0,0.25,3.5,18.006,-1.54295e-06,0.34335
0,0.25,3.5,18.506,-1.54293e-06,0.34335
0,0.25,3.5,19.006,-1.54284e-06,0.34335
0,0.25,3.5,19.506,-1.54234e-06,0.34335
0,0.25,3.5,20.006,-1.54009e-06,0.34335
0,0.25,3.5,20.506,-1.53292e-06,0.34335
0,0.25,3.5,21.006,-1.49827e-06,0.34335
0,0.25,3.5,21.506,-1.42476e-06,0.343351
0,0.25,3.5,22.006,-1.08549e-06,0.34335
0,0.25,3.5,22.506,-6.04799e-08,0.343353
0,0.25,3.5,23.006,1.4509e-06,0.343352
0,0.25,3.5,23.506,7.14796e-06,0.343356
0,0.25,3.5,24.006,1.77163e-06,0.343358
0,0.25,4,9.50601,-6.4584e-08,0.343344
0,0.25,4,10.006,-3.31525e-07,0.343344
0,0.25,4,10.506,-6.09747e-07,0.343346
0,0.25,4,11.006,-1.22792e-06,0.343346
0,0.25,4,11.506,-1.38304e-06,0.343349
0,0.25,4,12.006,-1.46418e-06,0.343349
0,0.25,4,12.506,-1.48803e-06,0.34335
0,0.25,4,13.006,-1.4996e-06,0.34335
0,0.25,4,13.506,-1.50297e-06,0.34335
0,0.25,4,14.006,-1.50396e-06,0.34335
0,0.25,4,14.506,-1.50422e-06,0.34335
0,0.25,4,15.006,-1.50427e-06,0.34335
0,0.25,4,15.506,-1.50429e-06,0.34335
0,0.25,4,16.006,-1.50429e-06,0.34335
0,0.25,4,16.506,-1.50429e-06,0.34335
0,0.25,4,17.006,-1.50429e-06,0.34335
0,0.25,4,17.506,-1.50429e-06,0.34335
0,0.25,4,18.006,-1.50429e-06,0.34335
0,0.25,4,18.506,-1.50427e-06,0.34335
0,0.25,4,19.006,-1.50421e-06,0.34335
0,0.25,4,19.506,-1.50394e-06,0.34335
0,0.25,4,20.006,-1.50254e-06,0.34335
0,0.25,4,20.506,-1.49793e-06,0.34335
0,0.25,4,21.006,-1.47806e-06,0.34335
0,0.25,4,21.506,-1.41593e-06,0.343351
0,0.25,4,22.006,-1.2648e-06,0.343351
0,0.25,4,22.506,-7.2243e-07,0.343354
0,0.25,4,23.006,-1.20026e-07,0.343354
0,0.25,4,23.506,2.3241e-07,0.343356
0,0.25,4,24.006,6.88338e-08,0.343356
0,0.25,4.5,9.50601,-2.85073e-08,0.343344
0,0.25,4.5,10.006,-1.26291e-07,0.343344
0,0.25,4.5,10.506,-7.37353e-08,0.343346
0,0.25,4.5,11.006,-2.7362e-08,0.343346
0,0.25,4.5,11.506,-8.38254e-09,0.343349
0,0.25,4.5,12.006,-1.03024e-08,0.343349
0,0.25,4.5,12.506,-1.05875e-08,0.34335
0,0.25,4.5,13.006,-1.21215e-08,0.34335
0,0.25,4.5,13.506,-1.26529e-08,0.34335
0,0.25,4.5,14.006,-1.28595e-08,0.34335
0,0.25,4.5,14.506,-1.29181e-08,0.34335
0,0.25,4.5,15.006,-1.29307e-08,0.34335
0,0.25,4.5,15.506,-1.29337e-08,0.34335
0,0.25,4.5,16.006,-1.29342e-08,0.34335
0,0.25,4.5,16.506,-1.29346e-08,0.34335
0,0.25,4.5,17.006,-1.29347e-08,0.34335
0,0.25,4.5,17.506,-1.29346e-08,0.34335
0,0.25,4.5,18.006,-1.2934e-08,0.34335
0,0.25,4.5,18.506,-1.29305e-08,0.34335
0,0.25,4.5,19.006,-1.29122e-08,0.34335
0,0.25,4.5,19.506,-1.28381e-08,0.34335
0,0.25,4.5,20.006,-1.245e-08,0.34335
0,0.25,4.5,20.506,-1.11102e-08,0.34335
0,0.25,4.5,21.006,-6.21909e-09,0.34335
0,0.25,4.5,21.506,1.29926e-08,0.343351
0,0.25,4.5,22.006,5.29457e-08,0.343351
0,0.25,4.5,22.506,1.42571e-07,0.343354
0,0.25,4.5,23.006,3.10973e-07,0.343354
0,0.25,4.5,23.506,4.88109e-07,0.343356
0,0.25,4.5,24.006,1.0782e-07,0.343356
0,0.25,5,9.50601,2.85073e-08,0.343344
0,0.25,5,10.006,1.26291e-07,0.343344
0,0.25,5,10.506,7.37354e-08,0.343346
0,0.25,5,11.006,2.73621e-08,0.343346
0,0.25,5,11.506,8.38271e-09,0.343349
0,0.25,5,12.006,1.03029e-08,0.343349
0,0.25,5,12.506,1.05876e-08,0.34335
0,0.25,5,13.006,1.21217e-08,0.34335
0,0.25,5,13.506,1.26531e-08,0.34335
0,0.25,5,14.006,1.28598e-08,0.34335
0,0.25,5,14.506,1.29183e-08,0.34335
0,0.25,5,15.006,1.29308e-08,0.34335
0,0.25,5,15.506,1.29339e-08,0.34335
0,0.25,5,16.006,1.29344e-08,0.34335
0,0.25,5,16.506,1.29347e-08,0.34335
0,0.25,5,17.006,1.29347e-08,0.34335
0,0.25,5,17.506,1.29346e-08,0.34335
0,0.25,5,18.006,1.2934e-08,0.34335
0,0.25,5,18.506,1.29305e-08,0.34335
0,0.25,5,19.006,1.29124e-08,0.34335
0,0.25,5,19.506,1.28384e-08,0.34335
0,0.25,5,20.006,1.24503e-08,0.34335
0,0.25,5,20.506,1.1111e-08,0.34335
0,0.25,5,21.006,6.2199e-09,0.34335
0,0.25,5,21.506,-1.29928e-08,0.343351
0,0.25,5,22.006,-5.29461e-08,0.343351
0,0.25,5,22.506,-1.42571e-07,0.343354
0,0.25,5,23.006,-3.10973e-07,0.343354
0,0.25,5,23.506,-4.88109e-07,0.343356
0,0.25,5,24.006,-1.0782e-07,0.343356
0,0.25,5.5,9.50601,6.45841e-08,0.343344
0,0.25,5.5,10.006,3.31525e-07,0.343344
0,0.25,5.5,10.506,6.09748e-07,0.343346
0,0.25,5.5,11.006,1.22792e-06,0.343346
0,0.25,5.5,11.506,1.38304e-06,0.343349
0,0.25,5.5,12.006,1.46418e-06,0.343349
0,0.25,5.5,12.506,1.48803e-06,0.34335
0,0.25,5.5,13.006,1.4996e-06,0.34335
0,0.25,5.5,13.506,1.50297e-06,0.34335
0,0.25,5.5,14.006,1.50397e-06,0.34335
0,0.25,5.5,14.506,1.50422e-06,0.34335
0,0.25,5.5,15.006,1.50427e-06,0.34335
0,0.25,5.5,15.506,1.50429e-06,0.34335
0,0.25,5.5,16.006,1.50429e-06,0.34335
0,0.25,5.5,16.506,1.50429e-06,0.34335
0,0.25,5.5,17.006,1.50429e-06,0.34335
0,0.25,5.5,17.506,1.50429e-06,0.34335
0,0.25,5.5,18.006,1.50429e-06,0.34335
0,0.25,5.5,18.506,1.50427e-06,0.34335
0,0.25,5.5,19.006,1.50421e-06,0.34335
0,0.25,5.5,19.506,1.50394e-06,0.34335
0,0.25,5.5,20.006,1.50254e-06,0.34335
0,0.25,5.5,20.506,1.49793e-06,0.34335
0,0.25,5.5,21.006,1.47806e-06,0.34335
0,0.25,5.5,21.506,1.41593e-06,0.343351
0,0.25,5.5,22.006,1.2648e-06,0.343351
0,0.25,5.5,22.506,7.22431e-07,0.343354
0,0.25,5.5,23.006,1.20026e-07,0.343354
0,0.25,5.5,23.506,-2.3241e-07,0.343356
0,0.25,5.5,24.006,-6.88339e-08,0.343356
0,0.25,6,9.50601,2.91414e-07,0.343345
0,0.25,6,10.006,1.20905e-06,0.343345
0,0.25,6,10.506,6.86913e-07,0.343346
0,0.25,6,11.006,1.29614e-06,0.343347
0,0.25,6,11.506,1.32456e-06,0.343349
0,0.25,6,12.006,1.46573e-06,0.343349
0,0.25,6,12.506,1.50928e-06,0.34335
0,0.25,6,13.006,1.53341e-06,0.34335
0,0.25,6,13.506,1.54036e-06,0.34335
0,0.25,6,14.006,1.54232e-06,0.34335
0,0.25,6,14.506,1.54284e-06,0.34335
0,0.25,6,15.006,1.54293e-06,0.34335
0,0.25,6,15.506,1.54296e-06,0.34335
0,0.25,6,16.006,1.54296e-06,0.34335
0,0.25,6,16.506,1.54296e-06,0.34335
0,0.25,6,17.006,1.54296e-06,0.34335
0,0.25,6,17.506,1.54296e-06,0.34335
0,0.25,6,18.006,1.54296e-06,0.34335
0,0.25,6,18.506,1.54293e-06,0.34335
0,0.25,6,19.006,1.54284e-06,0.34335
0,0.25,6,19.506,1.54234e-06,0.34335
0,0.25,6,20.006,1.54009e-06,0.34335
0,0.25,6,20.506,1.53292e-06,0.34335
0,0.25,6,21.006,1.49827e-06,0.34335
0,0.25,6,21.506,1.42476e-06,0.343351
0,0.25,6,22.006,1.08549e-06,0.34335
0,0.25,6,22.506,6.04805e-08,0.343353
0,0.25,6,23.006,-1.4509e-06,0.343352
0,0.25,6,23.506,-7.14796e-06,0.343356
0,0.25,6,24.006,-1.77163e-06,0.343358
0,0.25,6.5,9.50601,4.66619e-07,0.343344
0,0.25,6.5,10.006,2.11493e-06,0.343339
0,0.25,6.5,10.506,2.16943e-06,0.343341
0,0.25,6.5,11.006,3.75628e-06,0.343342
0,0.25,6.5,11.506,4.34143e-06,0.343344
0,0.25,6.5,12.006,4.94293e-06,0.343345
0,0.25,6.5,12.506,5.11145e-06,0.343345
0,0.25,6.5,13.006,5.18189e-06,0.343345
0,0.25,6.5,13.506,5.2001e-06,0.343345
0,0.25,6.5,14.006,5.20453e-06,0.343345
0,0.25,6.5,14.506,5.20564e-06,0.343345
0,0.25,6.5,15.006,5.20582e-06,0.343345
0,0.25,6.5,15.506,5.20586e-06,0.343345
0,0.25,6.5,16.006,5.20587e-06,0.343345
0,0.25,6.5,16.506,5.20587e-06,0.343345
0,0.25,6.5,17.006,5.20587e-06,0.343345
0,0.25,6.5,17.506,5.20587e-06,0.343345
0,0.25,6.5,18.006,5.20586e-06,0.343345
0,0.25,6.5,18.506,5.20582e-06,0.343345
0,0.25,6.5,19.006,5.20567e-06,0.343345
0,0.25,6.5,19.506,5.20465e-06,0.343345
0,0.25,6.5,20.006,5.20096e-06,0.343345
0,0.25,6.5,20.506,5.18547e-06,0.343345
0,0.25,6.5,21.006,5.12777e-06,0.343345
0,0.25,6.5,21.506,5.01066e-06,0.343346
0,0.25,6.5,22.006,4.49435e-06,0.343345
0,0.25,6.5,22.506,4.28594e-06,0.343348
0,0.25,6.5,23.006,2.34754e-07,0.343339
0,0.25,6.5,23.506,-7.4965e-06,0.34335
0,0.25,6.5,24.006,-1.88756e-06,0.343363
0,0.25,7,9.50599,6.19741e-07,0.341518
0,0.25,7,10.006,9.017e-07,0.341766
0,0.25,7,10.506,1.94295e-06,0.341769
0,0.25,7,11.006,3.63623e-06,0.34177
0,0.25,7,11.506,4.43492e-06,0.34177
0,0.25,7,12.006,4.97719e-06,0.34177
0,0.25,7,12.506,5.13032e-06,0.34177
0,0.25,7,13.006,5.18692e-06,0.34177
0,0.25,7,13.506,5.20116e-06,0.34177
0,0.25,7,14.006,5.20444e-06,0.34177
0,0.25,7,14.506,5.20524e-06,0.34177
0,0.25,7,15.006,5.20536e-06,0.34177
0,0.25,7,15.506,5.20539e-06,0.34177
0,0.25,7,16.006,5.20539e-06,0.34177
0,0.25,7,16.506,5.2054e-06,0.34177
0,0.25,7,17.006,5.2054e-06,0.34177
0,0.25,7,17.506,5.20539e-06,0.34177
0,0.25,7,18.006,5.20539e-06,0.34177
0,0.25,7,18.506,5.20536e-06,0.34177
0,0.25,7,19.006,5.20526e-06,0.34177
0,0.25,7,19.506,5.20454e-06,0.34177
0,0.25,7,20.006,5.20208e-06,0.34177
0,0.25,7,20.506,5.19035e-06,0.34177
0,0.25,7,21.006,5.15235e-06,0.34177
0,0.25,7,21.506,5.061e-06,0.341771
0,0.25,7,22.006,4.78764e-06,0.34177
0,0.25,7,22.506,5.03168e-06,0.341771
0,0.25,7,23.006,4.48817e-06,0.34176
0,0.25,7,23.506,-5.20731e-06,0.341772
0,0.25,7,24.006,2.74982e-06,0.341535
1,0.25,7.5,1.5,0,0
1,0.25,8,1.5,0,0
1,0.25,1.5,1.5,0,0
1,0.25,2,1.5,0,0
1,0.25,7.5,2,0,0
1,0.25,8,2,0,0
1,0.25,1.5,2,0,0
1,0.25,2,2,0,0
1,0.25,7.5,2.5,0,0
1,0.25,8,2.5,0,0
1,0.25,1.5,2.5,0,0
1,0.25,2,2.5,0,0
1,0.25,7.5,3,0,0
1,0.25,8,3,0,0
1,0.25,1.5,3,0,0
1,0.25,2,3,0,0
1,0.25,7.5,3.5,0,0
1,0.25,8,3.5,0,0
1,0.25,1.5,3.5,0,0
1,0.25,2,3.5,0,0
1,0.25,7.5,4,0,0
1,0.25,8,4,0,0
1,0.25,1.5,4,0,0
1,0.25,2,4,0,0
1,0.25,7.5,4.5,0,0
1,0.25,8,4.5,0,0
1,0.25,1.5,4.5,0,0
1,0.25,2,4.5,0,0
1,0.25,7.5,5,0,0
1,0.25,8,5,0,0
1,0.25,1.5,5,0,0
1,0.25,2,5,0,0
1,0.25,7.5,5.5,0,0
1,0.25,8,5.5,0,0
1,0.25,1.5,5.5,0,0
1,0.25,2,5.5,0,0
1,0.25,7.5,6,0,0
1,0.25,8,6,0,0
1,0.25,1.5,6,0,0
1,0.25,2,6,0,0
1,0.25,7.5,6.5,0,0
1,0.25,8,6.5,0,0
1,0.25,1.5,6.5,0,0
1,0.25,2,6.5,0,0
1,0.25,7.5,7,0,0
1,0.25,8,7,0,0
1,0.25,1.5,7,0,0
1,0.25,2,7,0,0
1,0.25,7.5,7.5,0,0
1,0.25,8,7.5,0,0
1,0.25,1.5,7.5,0,0
1,0.25,2,7.5,0,0
1,0.25,7.5,8,0,0
1,0.25,8,8,0,0
1,0.25,1.5,8,0,0
1,0.25,2,8,0,0
1,0.25,7.5,8.5,0,0
1,0.25,8,8.5,0,0
1,0.25,1.5,8.5,0,0
1,0.25,2,8.5,0,0
1,0.25,7.5,9,0,0
1,0.25,8,9,0,0
1,0.25,1.5,9,0,0
1,0.25,2,9,0,0
1,0.25,7.5,9.5,0,0
1,0.25,8,9.5,0,0
1,0.25,1.5,9.5,0,0
1,0.25,2,9.5,0,0
1,0.25,7.5,10,0,0
1,0.25,8,10,0,0
1,0.25,1.5,10,0,0
1,0.25,2,10,0,0
1,0.25,7.5,10.5,0,0
1,0.25,8,10.5,0,0
1,0.25,1.5,10.5,0,0
1,0.25,2,10.5,0,0
1,0.25,7.5,11,0,0
1,0.25,8,11,0,0
1,0.25,1.5,11,0,0
1,0.25,2,11,0,0
1,0.25,7.5,11.5,0,0
1,0.25,8,11.5,0,0
1,0.25,1.5,11.5,0,0
1,0.25,2,11.5,0,0
1,0.25,7.5,12,0,0
1,0.25,8,12,0,0
1,0.25,1.5,12,0,0
1,0.25,2,12,0,0
1,0.25,7.5,12.5,0,0
1,0.25,8,12.5,0,0
1,0.25,1.5,12.5,0,0
1,0.25,2,12.5,0,0
1,0.25,7.5,13,0,0
1,0.25,8,13,0,0
1,0.25,1.5,13,0,0
1,0.25,2,13,0,0
1,0.25,7.5,13.5,0,0
1,0.25,8,13.5,0,0
1,0.25,1.5,13.5,0,0
1,0.25,2,13.5,0,0
1,0.25,7.5,14,0,0
1,0.25,8,14,0,0
1,0.25,1.5,14,0,0
1,0.25,2,14,0,0
1,0.25,7.5,14.5,0,0
1,0.25,8,14.5,0,0
1,0.25,1.5,14.5,0,0
1,0.25,2,14.5,0,0
1,0.25,7.5,15,0,0
1,0.25,8,15,0,0
1,0.25,1.5,15,0,0
1,0.25,2,15,0,0
1,0.25,7.5,15.5,0,0
1,0.25,8,15.5,0,0
1,0.25,1.5,15.5,0,0
1,0.25,2,15.5,0,0
1,0.25,7.5,16,0,0
1,0.25,8,16,0,0
1,0.25,1.5,16,0,0
1,0.25,2,16,0,0
1,0.25,7.5,16.5,0,0
1,0.25,8,16.5,0,0
1,0.25,1.5,16.5,0,0
1,0.25,2,16.5,0,0
1,0.25,7.5,17,0,0
1,0.25,8,17,0,0
1,0.25,1.5,17,0,0
1,0.25,2,17,0,0
1,0.25,7.5,17.5,0,0
1,0.25,8,17.5,0,0
1,0.25,1.5,17.5,0,0
1,0.25,2,17.5,0,0
1,0.25,7.5,18,0,0
1,0.25,8,18,0,0
1,0.25,1.5,18,0,0
1,0.25,2,18,0,0
1,0.25,7.5,18.5,0,0
1,0.25,8,18.5,0,0
1,0.25,1.5,18.5,0,0
1,0.25,2,18.5,0,0
1,0.25,7.5,19,0,0
1,0.25,8,19,0,0
1,0.25,1.5,19,0,0
1,0.25,2,19,0,0
1,0.25,7.5,19.5,0,0
1,0.25,8,19.5,0,0
1,0.25,1.5,19.5,0,0
1,0.25,2,19.5,0,0
1,0.25,7.5,20,0,0
1,0.25,8,20,0,0
1,0.25,1.5,20,0,0
1,0.25,2,20,0,0
1,0.25,7.5,20.5,0,0
1,0.25,8,20.5,0,0
1,0.25,1.5,20.5,0,0
1,0.25,2,20.5,0,0
1,0.25,7.5,21,0,0
1,0.25,8,21,0,0
1,0.25,1.5,21,0,0
1,0.25,2,21,0,0
1,0.25,7.5,21.5,0,0
1,0.25,8,21.5,0,0
1,0.25,1.5,21.5,0,0
1,0.25,2,21.5,0,0
1,0.25,7.5,22,0,0
1,0.25,8,22,0,0
1,0.25,1.5,22,0,0
1,0.25,2,22,0,0
1,0.25,7.5,22.5,0,0
1,0.25,8,22.5,0,0
1,0.25,1.5,22.5,0,0
1,0.25,2,22.5,0,0
1,0.25,7.5,23,0,0
1,0.25,8,23,0,0
1,0.25,1.5,23,0,0
1,0.25,2,23,0,0
1,0.25,7.5,23.5,0,0
1,0.25,8,23.5,0,0
1,0.25,1.5,23.5,0,0
1,0.25,2,23.5,0,0
1,0.25,7.5,24,0,0
1,0.25,8,24,0,0
1,0.25,1.5,24,0,0
1,0.25,2,24,0,0
1,0.25,7.5,24.5,0,0
1,0.25,8,24.5,0,0
1,0.25,1.5,24.5,0,0
1,0.25,2,24.5,0,0
1,0.25,7.5,25,0,0
1,0.25,8,25,0,0
1,0.25,1.5,25,0,0
1,0.25,2,25,0,0
1,0.25,7.5,25.5,0,0
1,0.25,8,25.5,0,0
1,0.25,1.5,25.5,0,0
1,0.25,2,25.5,0,0
1,0.25,2.5,1.5,0,0
1,0.25,2.5,2,0,0
1,0.25,2.5,25,0,0
1,0.25,2.5,25.5,0,0
1,0.25,3,1.5,0,0
1,0.25,3,2,0,0
1,0.25,3,25,0,0
1,0.25,3,25.5,0,0
1,0.25,3.5,1.5,0,0
1,0.25,3.5,2,0,0
1,0.25,3.5,25,0,0
1,0.25,3.5,25.5,0,0
1,0.25,4,1.5,0,0
1,0.25,4,2,0,0
1,0.25,4,25,0,0
1,0.25,4,25.5,0,0
1,0.25,4.5,1.5,0,0
1,0.25,4.5,2,0,0
1,0.25,4.5,25,0,0
1,0.25,4.5,25.5,0,0
1,0.25,5,1.5,0,0
1,0.25,5,2,0,0
1,0.25,5,25,0,0
1,0.25,5,25.5,0,0
1,0.25,5.5,1.5,0,0
1,0.25,5.5,2,0,0
1,0.25,5.5,25,0,0
1,0.25,5.5,25.5,0,0
1,0.25,6,1.5,0,0
1,0.25,6,2,0,0
1,0.25,6,25,0,0
1,0.25,6,25.5,0,0
1,0.25,6.5,1.5,0,0
1,0.25,6.5,2,0,0
1,0.25,6.5,25,0,0
1,0.25,6.5,25.5,0,0
1,0.25,7,1.5,0,0
1,0.25,7,2,0,0
1,0.25,7,25,0,0
1,0.25,7,25.5,0,0
536 2 0.5 3500 0.2 2 0 1e-05 0 9.81 35 35
0,0.25,2.5,9.50599,-6.19741e-07,0.341518
0,0.25,2.5,10.006,-9.017e-07,0.341766
0,0.25,2.5,10.506,-1.94295e-06,0.341769
0,0.25,2.5,11.006,-3.63623e-06,0.34177
0,0.25,2.5,11.506,-4.43492e-06,0.34177
0,0.25,2.5,12.006,-4.97719e-06,0.34177
0,0.25,2.5,12.506,-5.13032e-06,0.34177
0,0.25,2.5,13.006,-5.18692e-06,0.34177
0,0.25,2.5,13.506,-5.20116e-06,0.34177
0,0.25,2.5,14.006,-5.20444e-06,0.34177
0,0.25,2.5,14.506,-5.20524e-06,0.34177
0,0.25,2.5,15.006,-5.20536e-06,0.34177
0,0.25,2.5,15.506,-5.20539e-06,0.34177
0,0.25,2.5,16.006,-5.20539e-06,0.34177
0,0.25,2.5,16.506,-5.2054e-06,0.34177
0,0.25,2.5,17.006,-5.2054e-06,0.34177
0,0.25,2.5,17.506,-5.2054e-06,0.34177
0,0.25,2.5,18.006,-5.20539e-06,0.34177
0,0.25,2.5,18.506,-5.20536e-06,0.34177
0,0.25,2.5,19.006,-5.20527e-06,0.34177
0,0.25,2.5,19.506,-5.20454e-06,0.34177
0,0.25,2.5,20.006,-5.20208e-06,0.34177
0,0.25,2.5,20.506,-5.19035e-06,0.34177
0,0.25,2.5,21.006,-5.15235e-06,0.34177
0,0.25,2.5,21.506,-5.061e-06,0.341771
0,0.25,2.5,22.006,-4.78764e-06,0.34177
0,0.25,2.5,22.506,-5.03168e-06,0.341771
0,0.25,2.5,23.006,-4.48817e-06,0.34176
0,0.25,2.5,23.506,5.20731e-06,0.341772
0,0.25,2.5,24.006,-2.74982e-06,0.341535
0,0.25,3,9.50601,-4.66619e-07,0.343344
0,0.25,3,10.006,-2.11493e-06,0.343339
0,0.25,3,10.506,-2.16943e-06,0.343341
0,0.25,3,11.006,-3.75628e-06,0.343342
0,0.25,3,11.506,-4.34143e-06,0.343344
0,0.25,3,12.006,-4.94293e-06,0.343345
0,0.25,3,12.506,-5.11145e-06,0.343345
0,0.25,3,13.006,-5.18189e-06,0.343345
0,0.25,3,13.506,-5.2001e-06,0.343345
0,0.25,3,14.006,-5.20453e-06,0.343345
0,0.25,3,14.506,-5.20564e-06,0.343345
0,0.25,3,15.006,-5.20582e-06,0.343345
0,0.25,3,15.506,-5.20586e-06,0.343345
0,0.25,3,16.006,-5.20587e-06,0.343345
0,0.25,3,16.506,-5.20587e-06,0.343345
0,0.25,3,17.006,-5.20587e-06,0.343345
0,0.25,3,17.506,-5.20587e-06,0.343345
0,0.25,3,18.006,-5.20586e-06,0.343345
0,0.25,3,18.506,-5.20582e-06,0.343345
0,0.25,3,19.006,-5.20567e-06,0.343345
0,0.25,3,19.506,-5.20465e-06,0.343345
0,0.25,3,20.006,-5.20096e-06,0.343345
0,0.25,3,20.506,-5.18547e-06,0.343345
0,0.25,3,21.006,-5.12777e-06,0.343345
0,0.25,3,21.506,-5.01066e-06,0.343346
0,0.25,3,22.006,-4.49435e-06,0.343345
0,0.25,3,22.506,-4.28594e-06,0.343348
0,0.25,3,23.006,-2.34754e-07,0.343339
0,0.25,3,23.506,7.4965e-06,0.34335
0,0.25,3,24.006,1.88756e-06,0.343363
0,0.25,3.5,9.50601,-2.91414e-07,0.343345
0,0.25,3.5,10.006,-1.20905e-06,0.343345
0,0.25,3.5,10.506,-6.86914e-07,0.343346
0,0.25,3.5,11.006,-1.29614e-06,0.343347
0,0.25,3.5,11.506,-1.32456e-06,0.343349
0,0.25,3.5,12.006,-1.46573e-06,0.343349
0,0.25,3.5,12.506,-1.50928e-06,0.34335
0,0.25,3.5,13.006,-1.53341e-06,0.34335
0,0.25,3.5,13.506,-1.54036e-06,0.34335
0,0.25,3.5,14.006,-1.54232e-06,0.34335
0,0.25,3.5,14.506,-1.54284e-06,0.34335
0,0.25,3.5,15.006,-1.54293e-06,0.34335
0,0.25,3.5,15.506,-1.54295e-06,0.34335
0,0.25,3.5,16.006,-1.54296e-06,0.34335
0,0.25,3.5,16.506,-1.54296e-06,0.34335
0,0.25,3.5,17.006,-1.54296e-06,0.34335
0,0.25,3.5,17.506,-1.54296e-06,0.34335
0,0.25,3.5,18.006,-1.54295e-06,0.34335
0,0.25,3.5,18.506,-1.54293e-06,0.34335
0,0.25,3.5,19.006,-1.54284e-06,0.34335
0,0.25,3.5,19.506,-1.54234e-06,0.34335
0,0.25,3.5,20.006,-1.54009e-06,0.34335
0,0.25,3.5,20.506,-1.53292e-06,0.34335
0,0.25,3.5,21.006,-1.49827e-06,0.34335
0,0.25,3.5,21.506,-1.42476e-06,0.343351
0,0.25,3.5,22.006,-1.08549e-06,0.34335
0,0.25,3.5,22.506,-6.04799e-08,0.343353
0,0.25,3.5,23.006,1.4509e-06,0.343352
0,0.25,3.5,23.506,7.14796e-06,0.343356
0,0.25,3.5,24.006,1.77163e-06,0.343358
0,0.25,4,9.50601,-6.4584e-08,0.343344
0,0.25,4,10.006,-3.31525e-07,0.343344
0,0.25,4,10.506,-6.09747e-07,0.343346
0,0.25,4,11.006,-1.22792e-06,0.343346
0,0.25,4,11.506,-1.38304e-06,0.343349
0,0.25,4,12.006,-1.46418e-06,0.343349
0,0.25,4,12.506,-1.48803e-06,0.34335
0,0.25,4,13.006,-1.4996e-06,0.34335
0,0.25,4,13.506,-1.50297e-06,0.34335
0,0.25,4,14.006,-1.50396e-06,0.34335
0,0.25,4,14.506,-1.50422e-06,0.34335
0,0.25,4,15.006,-1.50427e-06,0.34335
0,0.25,4,15.506,-1.50429e-06,0.34335
0,0.25,4,16.006,-1.50429e-06,0.34335
0,0.25,4,16.506,-1.50429e-06,0.34335
0,0.25,4,17.006,-1.50429e-06,0.34335
0,0.25,4,17.506,-1.50429e-06,0.34335
0,0.25,4,18.006,-1.50429e-06,0.34335
0,0.25,4,18.506,-1.50427e-06,0.34335
0,0.25,4,19.006,-1.50421e-06,0.34335
0,0.25,4,19.506,-1.50394e-06,0.34335
0,0.25,4,20.006,-1.50254e-06,0.34335
0,0.25,4,20.506,-1.49793e-06,0.34335
0,0.25,4,21.006,-1.47806e-06,0.34335
0,0.25,4,21.506,-1.41593e-06,0.343351
0,0.25,4,22.006,-1.2648e-06,0.343351
0,0.25,4,22.506,-7.2243e-07,0.343354
0,0.25,4,23.006,-1.20026e-07,0.343354
0,0.25,4,23.506,2.3241e-07,0.343356
0,0.25,4,24.006,6.88338e-08,0.343356
0,0.25,4.5,9.50601,-2.85073e-08,0.343344
0,0.25,4.5,10.006,-1.26291e-07,0.343344
0,0.25,4.5,10.506,-7.37353e-08,0.343346
0,0.25,4.5,11.006,-2.7362e-08,0.343346
0,0.25,4.5,11.506,-8.38254e-09,0.343349
0,0.25,4.5,12.006,-1.03024e-08,0.343349
0,0.25,4.5,12.506,-1.05875e-08,0.34335
0,0.25,4.5,13.006,-1.21215e-08,0.34335
0,0.25,4.5,13.506,-1.26529e-08,0.34335
0,0.25,4.5,14.006,-1.28595e-08,0.34335
0,0.25,4.5,14.506,-1.29181e-08,0.34335
0,0.25,4.5,15.006,-1.29307e-08,0.34335
0,0.25,4.5,15.506,-1.29337e-08,0.34335
0,0.25,4.5,16.006,-1.29342e-08,0.34335
0,0.25,4.5,16.506,-1.29346e-08,0.34335
0,0.25,4.5,17.006,-1.29347e-08,0.34335
0,0.25,4.5,17.506,-1.29346e-08,0.34335
0,0.25,4.5,18.006,-1.2934e-08,0.34335
0,0.25,4.5,18.506,-1.29305e-08,0.34335
0,0.25,4.5,19.006,-1.29122e-08,0.34335
0,0.25,4.5,19.506,-1.28381e-08,0.34335
0,0.25,4.5,20.006,-1.245e-08,0.34335
0,0.25,4.5,20.506,-1.11102e-08,0.34335
0,0.25,4.5,21.006,-6.21909e-09,0.34335
0,0.25,4.5,21.506,1.29926e-08,0.343351
0,0.25,4.5,22.006,5.29457e-08,0.343351
0,0.25,4.5,22.506,1.42571e-07,0.343354
0,0.25,4.5,23.006,3.10973e-07,0.343354
0,0.25,4.5,23.506,4.88109e-07,0.343356
0,0.25,4.5,24.006,1.0782e-07,0.343356
0,0.25,5,9.50601,2.85073e-08,0.343344
0,0.25,5,10.006,1.26291e-07,0.343344
0,0.25,5,10.506,7.37354e-08,0.343346
0,0.25,5,11.006,2.73621e-08,0.343346
0,0.25,5,11.506,8.38271e-09,0.343349
0,0.25,5,12.006,1.03029e-08,0.343349
0,0.25,5,12.506,1.05876e-08,0.34335
0,0.25,5,13.006,1.21217e-08,0.34335
0,0.25,5,13.506,1.26531e-08,0.34335
0,0.25,5,14.006,1.28598e-08,0.34335
0,0.25,5,14.506,1.29183e-08,0.34335
0,0.25,5,15.006,1.29308e-08,0.34335
0,0.25,5,15.506,1.29339e-08,0.34335
0,0.25,5,16.006,1.29344e-08,0.34335
0,0.25,5,16.506,1.29347e-08,0.34335
0,0.25,5,17.006,1.29347e-08,0.34335
0,0.25,5,17.506,1.29346e-08,0.34335
0,0.25,5,18.006,1.2934e-08,0.34335
0,0.25,5,18.506,1.29305e-08,0.34335
0,0.25,5,19.006,1.29124e-08,0.34335
0,0.25,5,19.506,1.28384e-08,0.34335
0,0.25,5,20.006,1.24503e-08,0.34335
0,0.25,5,20.506,1.1111e-08,0.34335
0,0.25,5,21.006,6.2199e-09,0.34335
0,0.25,5,21.506,-1.29928e-08,0.343351
0,0.25,5,22.006,-5.29461e-08,0.343351
0,0.25,5,22.506,-1.42571e-07,0.343354
0,0.25,5,23.006,-3.10973e-07,0.343354
0,0.25,5,23.506,-4.88109e-07,0.343356
0,0.25,5,24.006,-1.0782e-07,0.343356
0,0.25,5.5,9.50601,6.45841e-08,0.343344
0,0.25,5.5,10.006,3.31525e-07,0.343344
0,0.25,5.5,10.506,6.09748e-07,0.343346
0,0.25,5.5,11.006,1.22792e-06,0.343346
0,0.25,5.5,11.506,1.38304e-06,0.343349
0,0.25,5.5,12.006,1.46418e-06,0.343349
0,0.25,5.5,12.506,1.48803e-06,0.34335
0,0.25,5.5,13.006,1.4996e-06,0.34335
0,0.25,5.5,13.506,1.50297e-06,0.34335
0,0.25,5.5,14.006,1.50397e-06,0.34335
0,0.25,5.5,14.506,1.50422e-06,0.34335
0,0.25,5.5,15.006,1.50427e-06,0.34335
0,0.25,5.5,15.506,1.50429e-06,0.34335
0,0.25,5.5,16.006,1.50429e-06,0.34335
0,0.25,5.5,16.506,1.50429e-06,0.34335
0,0.25,5.5,17.006,1.50429e-06,0.34335
0,0.25,5.5,17.506,1.50429e-06,0.34335
0,0.25,5.5,18.006,1.50429e-06,0.34335
0,0.25,5.5,18.506,1.50427e-06,0.34335
0,0.25,5.5,19.006,1.50421e-06,0.34335
0,0.25,5.5,19.506,1.50394e-06,0.34335
0,0.25,5.5,20.006,1.50254e-06,0.34335
0,0.25,5.5,20.506,1.49793e-06,0.34335
0,0.25,5.5,21.006,1.47806e-06,0.34335
0,0.25,5.5,21.506,1.41593e-06,0.343351
0,0.25,5.5,22.006,1.2648e-06,0.343351
0,0.25,5.5,22.506,7.22431e-07,0.343354
0,0.25,5.5,23.006,1.20026e-07,0.343354
0,0.25,5.5,23.506,-2.3241e-07,0.343356
0,0.25,5.5,24.006,-6.88339e-08,0.343356
0,0.25,6,9.50601,2.91414e-07,0.343345
0,0.25,6,10.006,1.20905e-06,0.343345
0,0.25,6,10.506,6.86913e-07,0.343346
0,0.25,6,11.006,1.29614e-06,0.343347
0,0.25,6,11.506,1.32456e-06,0.343349
0,0.25,6,12.006,1.46573e-06,0.343349
0,0.25,6,12.506,1.50928e-06,0.34335
0,0.25,6,13.006,1.53341e-06,0.34335
0,0.25,6,13.506,1.54036e-06,0.34335
0,0.25,6,14.006,1.54232e-06,0.34335
0,0.25,6,14.506,1.54284e-06,0.34335
0,0.25,6,15.006,1.54293e-06,0.34335
0,0.25,6,15.506,1.54296e-06,0.34335
0,0.25,6,16.006,1.54296e-06,0.34335
0,0.25,6,16.506,1.54296e-06,0.34335
0,0.25,6,17.006,1.54296e-06,0.34335
0,0.25,6,17.506,1.54296e-06,0.34335
0,0.25,6,18.006,1.54296e-06,0.34335
0,0.25,6,18.506,1.54293e-06,0.34335
0,0.25,6,19.006,1.54284e-06,0.34335
0,0.25,6,19.506,1.54234e-06,0.34335
0,0.25,6,20.006,1.54009e-06,0.34335
0,0.25,6,20.506,1.53292e-06,0.34335
0,0.25,6,21.006,1.49827e-06,0.34335
0,0.25,6,21.506,1.42476e-06,0.343351
0,0.25,6,22.006,1.08549e-06,0.34335
0,0.25,6,22.506,6.04805e-08,0.343353
0,0.25,6,23.006,-1.4509e-06,0.343352
0,0.25,6,23.506,-7.14796e-06,0.343356
0,0.25,6,24.006,-1.77163e-06,0.343358
0,0.25,6.5,9.50601,4.66619e-07,0.343344
0,0.25,6.5,10.006,2.11493e-06,0.343339
0,0.25,6.5,10.506,2.16943e-06,0.343341
0,0.25,6.5,11.006,3.75628e-06,0.343342
0,0.25,6.5,11.506,4.34143e-06,0.343344
0,0.25,6.5,12.006,4.94293e-06,0.343345
0,0.25,6.5,12.506,5.11145e-06,0.343345
0,0.25,6.5,13.006,5.18189e-06,0.343345
0,0.25,6.5,13.506,5.2001e-06,0.343345
0,0.25,6.5,14.006,5.20453e-06,0.343345
0,0.25,6.5,14.506,5.20564e-06,0.343345
0,0.25,6.5,15.006,5.20582e-06,0.343345
0,0.25,6.5,15.506,5.20586e-06,0.343345
0,0.25,6.5,16.006,5.20587e-06,0.343345
0,0.25,6.5,16.506,5.20587e-06,0.343345
0,0.25,6.5,17.006,5.20587e-06,0.343345
0,0.25,6.5,17.506,5.20587e-06,0.343345
0,0.25,6.5,18.006,5.20586e-06,0.343345
0,0.25,6.5,18.506,5.20582e-06,0.343345
0,0.25,6.5,19.006,5.20567e-06,0.343345
0,0.25,6.5,19.506,5.20465e-06,0.343345
0,0.25,6.5,20.006,5.20096e-06,0.343345
0,0.25,6.5,20.506,5.18547e-06,0.343345
0,0.25,6.5,21.006,5.12777e-06,0.343345
0,0.25,6.5,21.506,5.01066e-06,0.343346
0,0.25,6.5,22.006,4.49435e-06,0.343345
0,0.25,6.5,22.506,4.28594e-06,0.343348
0,0.25,6.5,23.006,2.34754e-07,0.343339
0,0.25,6.5,23.506,-7.4965e-06,0.34335
0,0.25,6.5,24.006,-1.88756e-06,0.343363
0,0.25,7,9.50599,6.19741e-07,0.341518
0,0.25,7,10.006,9.017e-07,0.341766
0,0.25,7,10.506,1.94295e-06,0.341769
0,0.25,7,11.006,3.63623e-06,0.34177
0,0.25,7,11.506,4.43492e-06,0.34177
0,0.25,7,12.006,4.97719e-06,0.34177
0,0.25,7,12.506,5.13032e-06,0.34177
0,0.25,7,13.006,5.18692e-06,0.34177
0,0.25,7,13.506,5.20116e-06,0.34177
0,0.25,7,14.006,5.20444e-06,0.34177
0,0.25,7,14.506,5.20524e-06,0.34177
0,0.25,7,15.006,5.20536e-06,0.34177
0,0.25,7,15.506,5.20539e-06,0.34177
0,0.25,7,16.006,5.20539e-06,0.34177
0,0.25,7,16.506,5.2054e-06,0.34177
0,0.25,7,17.006,5.2054e-06,0.34177
0,0.25,7,17.506,5.20539e-06,0.34177
0,0.25,7,18.006,5.20539e-06,0.34177
0,0.25,7,18.506,5.20536e-06,0.34177
0,0.25,7,19.006,5.20526e-06,0.34177
0,0.25,7,19.506,5.20454e-06,0.34177
0,0.25,7,20.006,5.20208e-06,0.34177
0,0.25,7,20.506,5.19035e-06,0.34177
0,0.25,7,21.006,5.15235e-06,0.34177
0,0.25,7,21.506,5.061e-06,0.341771
0,0.25,7,22.006,4.78764e-06,0.34177
0,0.25,7,22.506,5.03168e-06,0.341771
0,0.25,7,23.006,4.48817e-06,0.34176
0,0.25,7,23.506,-5.20731e-06,0.341772
0,0.25,7,24.006,2.74982e-06,0.341535
1,0.25,7.5,1.5,0,0
1,0.25,8,1.5,0,0
1,0.25,1.5,1.5,0,0
1,0.25,2,1.5,0,0
1,0.25,7.5,2,0,0
1,0.25,8,2,0,0
1,0.25,1.5,2,0,0
1,0.25,2,2,0,0
1,0.25,7.5,2.5,0,0
1,0.25,8,2.5,0,0
1,0.25,1.5,2.5,0,0
1,0.25,2,2.5,0,0
1,0.25,7.5,3,0,0
1,0.25,8,3,0,0
1,0.25,1.5,3,0,0
1,0.25,2,3,0,0
1,0.25,7.5,3.5,0,0
1,0.25,8,3.5,0,0
1,0.25,1.5,3.5,0,0
1,0.25,2,3.5,0,0
1,0.25,7.5,4,0,0
1,0.25,8,4,0,0
1,0.25,1.5,4,0,0
1,0.25,2,4,0,0
1,0.25,7.5,4.5,0,0
1,0.25,8,4.5,0,0
1,0.25,1.5,4.5,0,0
1,0.25,2,4.5,0,0
1,0.25,7.5,5,0,0
1,0.25,8,5,0,0
1,0.25,1.5,5,0,0
1,0.25,2,5,0,0
1,0.25,7.5,5.5,0,0
1,0.25,8,5.5,0,0
1,0.25,1.5,5.5,0,0
1,0.25,2,5.5,0,0
1,0.25,7.5,6,0,0
1,0.25,8,6,0,0
1,0.25,1.5,6,0,0
1,0.25,2,6,0,0
1,0.25,7.5,6.5,0,0
1,0.25,8,6.5,0,0
1,0.25,1.5,6.5,0,0
1,0.25,2,6.5,0,0
1,0.25,7.5,7,0,0
1,0.25,8,7,0,0
1,0.25,1.5,7,0,0
1,0.25,2,7,0,0
1,0.25,7.5,7.5,0,0
1,0.25,8,7.5,0,0
1,0.25,1.5,7.5,0,0
1,0.25,2,7.5,0,0
1,0.25,7.5,8,0,0
1,0.25,8,8,0,0
1,0.25,1.5,8,0,0
1,0.25,2,8,0,0
1,0.25,7.5,8.5,0,0
1,0.25,8,8.5,0,0
1,0.25,1.5,8.5,0,0
1,0.25,2,8.5,0,0
1,0.25,7.5,9,0,0
1,0.25,8,9,0,0
1,0.25,1.5,9,0,0
1,0.25,2,9,0,0
1,0.25,7.5,9.5,0,0
1,0.25,8,9.5,0,0
1,0.25,1.5,9.5,0,0
1,0.25,2,9.5,0,0
1,0.25,7.5,10,0,0
1,0.25,8,10,0,0
1,0.25,1.5,10,0,0
1,0.25,2,10,0,0
1,0.25,7.5,10.5,0,0
1,0.25,8,10.5,0,0
1,0.25,1.5,10.5,0,0
1,0.25,2,10.5,0,0
1,0.25,7.5,11,0,0
1,0.25,8,11,0,0
1,0.25,1.5,11,0,0
1,0.25,2,11,0,0
1,0.25,7.5,11.5,0,0
1,0.25,8,11.5,0,0
1,0.25,1.5,11.5,0,0
1,0.25,2,11.5,0,0
1,0.25,7.5,12,0,0
1,0.25,8,12,0,0
1,0.25,1.5,12,0,0
1,0.25,2,12,0,0
1,0.25,7.5,12.5,0,0
1,0.25,8,12.5,0,0
1,0.25,1.5,12.5,0,0
1,0.25,2,12.5,0,0
1,0.25,7.5,13,0,0
1,0.25,8,13,0,0
1,0.25,1.5,13,0,0
1,0.25,2,13,0,0
1,0.25,7.5,13.5,0,0
1,0.25,8,13.5,0,0
1,0.25,1.5,13.5,0,0
1,0.25,2,13.5,0,0
1,0.25,7.5,14,0,0
1,0.25,8,14,0,0
1,0.25,1.5,14,0,0
1,0.25,2,14,0,0
1,0.25,7.5,14.5,0,0
1,0.25,8,14.5,0,0
1,0.25,1.5,14.5,0,0
1,0.25,2,14.5,0,0
1,0.25,7.5,15,0,0
1,0.25,8,15,0,0
1,0.25,1.5,15,0,0
1,0.25,2,15,0,0
1,0.25,7.5,15.5,0,0
1,0.25,8,15.5,0,0
1,0.25,1.5,15.5,0,0
1,0.25,2,15.5,0,0
1,0.25,7.5,16,0,0
1,0.25,8,16,0,0
1,0.25,1.5,16,0,0
1,0.25,2,16,0,0
1,0.25,7.5,16.5,0,0
1,0.25,8,16.5,0,0
1,0.25,1.5,16.5,0,0
1,0.25,2,16.5,0,0
1,0.25,7.5,17,0,0
1,0.25,8,17,0,0
1,0.25,1.5,17,0,0
1,0.25,2,17,0,0
1,0.25,7.5,17.5,0,0
1,0.25,8,17.5,0,0
1,0.25,1.5,17.5,0,0
1,0.25,2,17.5,0,0
1,0.25,7.5,18,0,0
1,0.25,8,18,0,0
1,0.25,1.5,18,0,0
1,0.25,2,18,0,0
1,0.25,7.5,18.5,0,0
1,0.25,8,18.5,0,0
1,0.25,1.5,18.5,0,0
1,0.25,2,18.5,0,0
1,0.25,7.5,19,0,0
1,0.25,8,19,0,0
1,0.25,1.5,19,0,0
1,0.25,2,19,0,0
1,0.25,7.5,19.5,0,0
1,0.25,8,19.5,0,0
1,0.25,1.5,19.5,0,0
1,0.25,2,19.5,0,0
1,0.25,7.5,20,0,0
1,0.25,8,20,0,0
1,0.25,1.5,20,0,0
1,0.25,2,20,0,0
1,0.25,7.5,20.5,0,0
1,0.25,8,20.5,0,0
1,0.25,1.5,20.5,0,0
1,0.25,2,20.5,0,0
1,0.25,7.5,21,0,0
1,0.25,8,21,0,0
1,0.25,1.5,21,0,0
1,0.25,2,21,0,0
1,0.25,7.5,21.5,0,0
1,0.25,8,21.5,0,0
1,0.25,1.5,21.5,0,0
1,0.25,2,21.5,0,0
1,0.25,7.5,22,0,0
1,0.25,8,22,0,0
1,0.25,1.5,22,0,0
1,0.25,2,22,0,0
1,0.25,7.5,22.5,0,0
1,0.25,8,22.5,0,0
1,0.25,1.5,22.5,0,0
1,0.25,2,22.5,0,0
1,0.25,7.5,23,0,0
1,0.25,8,23,0,0
1,0.25,1.5,23,0,0
1,0.25,2,23,0,0
1,0.25,7.5,23.5,0,0
1,0.25,8,23.5,0,0
1,0.25,1.5,23.5,0,0
1,0.25,2,23.5,0,0
1,0.25,7.5,24,0,0
1,0.25,8,24,0,0
1,0.25,1.5,24,0,0
1,0.25,2,24,0,0
1,0.25,7.5,24.5,0,0
1,0.25,8,24.5,0,0
1,0.25,1.5,24.5,0,0
1,0.25,2,24.5,0,0
1,0.25,7.5,25,0,0
1,0.25,8,25,0,0
1,0.25,1.5,25,0,0
1,0.25,2,25,0,0
1,0.25,7.5,25.5,0,0
1,0.25,8,25.5,0,0
1,0.25,1.5,25.5,0,0
1,0.25,2,25.5,0,0
1,0.25,2.5,1.5,0,0
1,0.25,2.5,2,0,0
1,0.25,2.5,25,0,0
1,0.25,2.5,25.5,0,0
1,0.25,3,1.5,0,0
1,0.25,3,2,0,0
1,0.25,3,25,0,0
1,0.25,3,25.5,0,0
1,0.25,3.5,1.5,0,0
1,0.25,3.5,2,0,0
1,0.25,3.5,25,0,0
1,0.25,3.5,25.5,0,0
1,0.25,4,1.5,0,0
1,0.25,4,2,0,0
1,0.25,4,25,0,0
1,0.25,4,25.5,0,0
1,0.25,4.5,1.5,0,0
1,0.25,4.5,2,0,0
1,0.25,4.5,25,0,0
1,0.25,4.5,25.5,0,0
1,0.25,5,1.5,0,0
1,0.25,5,2,0,0
1,0.25,5,25,0,0
1,0.25,5,25.5,0,0
1,0.25,5.5,1.5,0,0
1,0.25,5.5,2,0,0
1,0.25,5.5,25,0,0
1,0.25,5.5,25.5,0,0
1,0.25,6,1.5,0,0
1,0.25,6,2,0,0
1,0.25,6,25,0,0
1,0.25,6,25.5,0,0
1,0.25,6.5,1.5,0,0
1,0.25,6.5,2,0,0
1,0.25,6.5,25,0,0
1,0.25,6.5,25.5,0,0
1,0.25,7,1.5,0,0
1,0.25,7,2,0,0
1,0.25,7,25,0,0
1,0.25,7,25.5,0,0
536 2 0.5 3500 0.2 2 0 1e-05 0 9.81 35 35
0,0.25,2.5,9.50601,0,0.34335
0,0.25,2.5,10.006,0,0.34335
0,0.25,2.5,10.506,0,0.34335
0,0.25,2.5,11.006,0,0.34335
0,0.25,2.5,11.506,0,0.34335
0,0.25,2.5,12.006,0,0.34335
0,0.25,2.5,12.506,0,0.34335
0,0.25,2.5,13.006,0,0.34335
0,0.25,2.5,13.506,0,0.34335
0,0.25,2.5,14.006,0,0.34335
0,0.25,2.5,14.506,0,0.34335
0,0.25,2.5,15.006,0,0.34335
0,0.25,2.5,15.506,0,0.34335
0,0.25,2.5,16.006,0,0.34335
0,0.25,2.5,16.506,0,0.34335
0,0.25,2.5,17.006,0,0.34335
0,0.25,2.5,17.506,0,0.34335
0,0.25,2.5,18.006,0,0.34335
0,0.25,2.5,18.506,0,0.34335
0,0.25,2.5,19.006,0,0.34335
0,0.25,2.5,19.506,0,0.34335
0,0.25,2.5,20.006,0,0.34335
0,0.25,2.5,20.506,0,0.34335
0,0.25,2.5,21.006,0,0.34335
0,0.25,2.5,21.506,0,0.34335
0,0.25,2.5,22.006,0,0.34335
0,0.25,2.5,22.506,0,0.34335
0,0.25,2.5,23.006,0,0.34335
0,0.25,2.5,23.506,0,0.34335
0,0.25,2.5,24.006,0,0.34335
0,0.25,3,9.50601,0,0.34335
0,0.25,3,10.006,0,0.34335
0,0.25,3,10.506,0,0.34335
0,0.25,3,11.006,0,0.34335
0,0.25,3,11.506,0,0.34335
0,0.25,3,12.006,0,0.34335
0,0.25,3,12.506,0,0.34335
0,0.25,3,13.006,0,0.34335
0,0.25,3,13.506,0,0.34335
0,0.25,3,14.006,0,0.34335
0,0.25,3,14.506,0,0.34335
0,0.25,3,15.006,0,0.34335
0,0.25,3,15.506,0,0.34335
0,0.25,3,16.006,0,0.34335
0,0.25,3,16.506,0,0.34335
0,0.25,3,17.006,0,0.34335
0,0.25,3,17.506,0,0.34335
0,0.25,3,18.006,0,0.34335
0,0.25,3,18.506,0,0.34335
0,0.25,3,19.006,0,0.34335
0,0.25,3,19.506,0,0.34335
0,0.25,3,20.006,0,0.34335
0,0.25,3,20.506,0,0.34335
0,0.25,3,21.006,0,0.34335
0,0.25,3,21.506,0,0.34335
0,0.25,3,22.006,0,0.34335
0,0.25,3,22.506,0,0.34335
0,0.25,3,23.006,0,0.34335
0,0.25,3,23.506,0,0.34335
0,0.25,3,24.006,0,0.34335
0,0.25,3.5,9.50601,0,0.34335
0,0.25,3.5,10.006,0,0.34335
0,0.25,3.5,10.506,0,0.34335
0,0.25,3.5,11.006,0,0.34335
0,0.25,3.5,11.506,0,0.34335
0,0.25,3.5,12.006,0,0.34335
0,0.25,3.5,12.506,0,0.34335
0,0.25,3.5,13.006,0,0.34335
0,0.25,3.5,13.506,0,0.34335
0,0.25,3.5,14.006,0,0.34335
0,0.25,3.5,14.506,0,0.34335
0,0.25,3.5,15.006,0,0.34335
0,0.25,3.5,15.506,0,0.34335
0,0.25,3.5,16.006,0,0.34335
0,0.25,3.5,16.506,0,0.34335
0,0.25,3.5,17.006,0,0.34335
0,0.25,3.5,17.506,0,0.34335
0,0.25,3.5,18.006,0,0.34335
0,0.25,3.5,18.506,0,0.34335
0,0.25,3.5,19.006,0,0.34335
0,0.25,3.5,19.506,0,0.34335
0,0.25,3.5,20.006,0,0.34335
0,0.25,3.5,20.506,0,0.34335
0,0.25,3.5,21.006,0,0.34335
0,0.25,3.5,21.506,0,0.34335
0,0.25,3.5,22.006,0,0.34335
0,0.25,3.5,22.506,0,0.34335
0,0.25,3.5,23.006,0,0.34335
0,0.25,3.5,23.506,0,0.34335
0,0.25,3.5,24.006,0,0.34335
0,0.25,4,9.50601,0,0.34335
0,0.25,4,10.006,0,0.34335
0,0.25,4,10.506,0,0.34335
0,0.25,4,11.006,0,0.34335
0,0.25,4,11.506,0,0.34335
0,0.25,4,12.006,0,0.34335
0,0.25,4,12.506,0,0.34335
0,0.25,4,13.006,0,0.34335
0,0.25,4,13.506,0,0.34335
0,0.25,4,14.006,0,0.34335
0,0.25,4,14.506,0,0.34335
0,0.25,4,15.006,0,0.34335
0,0.25,4,15.506,0,0.34335
0,0.25,4,16.006,0,0.34335
0,0.25,4,16.506,0,0.34335
0,0.25,4,17.006,0,0.34335
0,0.25,4,17.506,0,0.34335
0,0.25,4,18.006,0,0.34335
0,0.25,4,18.506,0,0.34335
0,0.25,4,19.006,0,0.34335
0,0.25,4,19.506,0,0.34335
0,0.25,4,20.006,0,0.34335
0,0.25,4,20.506,0,0.34335
0,0.25,4,21.006,0,0.34335
0,0.25,4,21.506,0,0.34335
0,0.25,4,22.006,0,0.34335
0,0.25,4,22.506,0,0.34335
0,0.25,4,23.006,0,0.34335
0,0.25,4,23.506,0,0.34335
0,0.25,4,24.006,0,0.34335
0,0.25,4.5,9.50601,0,0.34335
0,0.25,4.5,10.006,0,0.34335
0,0.25,4.5,10.506,0,0.34335
0,0.25,4.5,11.006,0,0.34335
0,0.25,4.5,11.506,0,0.34335
0,0.25,4.5,12.006,0,0.34335
0,0.25,4.5,12.506,0,0.34335
0,0.25,4.5,13.006,0,0.34335
0,0.25,4.5,13.506,0,0.34335
0,0.25,4.5,14.006,0,0.34335
0,0.25,4.5,14.506,0,0.34335
0,0.25,4.5,15.006,0,0.34335
0,0.25,4.5,15.506,0,0.34335
0,0.25,4.5,16.006,0,0.34335
0,0.25,4.5,16.506,0,0.34335
0,0.25,4.5,17.006,0,0.34335
0,0.25,4.5,17.506,0,0.34335
0,0.25,4.5,18.006,0,0.34335
0,0.25,4.5,18.506,0,0.34335
0,0.25,4.5,19.006,0,0.34335
0,0.25,4.5,19.506,0,0.34335
0,0.25,4.5,20.006,0,0.34335
0,0.25,4.5,20.506,0,0.34335
0,0.25,4.5,21.006,0,0.34335
0,0.25,4.5,21.506,0,0.34335
0,0.25,4.5,22.006,0,0.34335
0,0.25,4.5,22.506,0,0.34335
0,0.25,4.5,23.006,0,0.34335
0,0.25,4.5,23.506,0,0.34335
0,0.25,4.5,24.006,0,0.34335
0,0.25,5,9.50601,0,0.34335
0,0.25,5,10.006,0,0.34335
0,0.25,5,10.506,0,0.34335
0,0.25,5,11.006,0,0.34335
0,0.25,5,11.506,0,0.34335
0,0.25,5,12.006,0,0.34335
0,0.25,5,12.506,0,0.34335
0,0.25,5,13.006,0,0.34335
0,0.25,5,13.506,0,0.34335
0,0.25,5,14.006,0,0.34335
0,0.25,5,14.506,0,0.34335
0,0.25,5,15.006,0,0.34335
0,0.25,5,15.506,0,0.34335
0,0.25,5,16.006,0,0.34335
0,0.25,5,16.506,0,0.34335
0,0.25,5,17.006,0,0.34335
0,0.25,5,17.506,0,0.34335
0,0.25,5,18.006,0,0.34335
0,0.25,5,18.506,0,0.34335
0,0.25,5,19.006,0,0.34335
0,0.25,5,19.506,0,0.34335
0,0.25,5,20.006,0,0.34335
0,0.25,5,20.506,0,0.34335
0,0.25,5,21.006,0,0.34335
0,0.25,5,21.506,0,0.34335
0,0.25,5,22.006,0,0.34335
0,0.25,5,22.506,0,0.34335
0,0.25,5,23.006,0,0.34335
0,0.25,5,23.506,0,0.34335
0,0.25,5,24.006,0,0.34335
0,0.25,5.5,9.50601,0,0.34335
0,0.25,5.5,10.006,0,0.34335
0,0.25,5.5,10.506,0,0.34335
0,0.25,5.5,11.006,0,0.34335
0,0.25,5.5,11.506,0,0.34335
0,0.25,5.5,12.006,0,0.34335
0,0.25,5.5,12.506,0,0.34335
0,0.25,5.5,13.006,0,0.34335
0,0.25,5.5,13.506,0,0.34335
0,0.25,5.5,14.006,0,0.34335
0,0.25,5.5,14.506,0,0.34335
0,0.25,5.5,15.006,0,0.34335
0,0.25,5.5,15.506,0,0.34335
0,0.25,5.5,16.006,0,0.34335
0,0.25,5.5,16.506,0,0.34335
0,0.25,5.5,17.006,0,0.34335
0,0.25,5.5,17.506,0,0.34335
0,0.25,5.5,18.006,0,0.34335
0,0.25,5.5,18.506,0,0.34335
0,0.25,5.5,19.006,0,0.34335
0,0.25,5.5,19.506,0,0.34335
0,0.25,5.5,20.006,0,0.34335
0,0.25,5.5,20.506,0,0.34335
0,0.25,5.5,21.006,0,0.34335
0,0.25,5.5,21.506,0,0.34335
0,0.25,5.5,22.006,0,0.34335
0,0.25,5.5,22.506,0,0.34335
0,0.25,5.5,23.006,0,0.34335
0,0.25,5.5,23.506,0,0.34335
0,0.25,5.5,24.006,0,0.34335
0,0.25,6,9.50601,0,0.34335
0,0.25,6,10.006,0,0.34335
0,0.25,6,10.506,0,0.34335
0,0.25,6,11.006,0,0.34335
0,0.25,6,11.506,0,0.34335
0,0.25,6,12.006,0,0.34335
0,0.25,6,12.506,0,0.34335
0,0.25,6,13.006,0,0.34335
0,0.25,6,13.506,0,0.34335
0,0.25,6,14.006,0,0.34335
0,0.25,6,14.506,0,0.34335
0,0.25,6,15.006,0,0.34335
0,0.25,6,15.506,0,0.34335
0,0.25,6,16.006,0,0.34335
0,0.25,6,16.506,0,0.34335
0,0.25,6,17.006,0,0.34335
0,0.25,6,17.506,0,0.34335
0,0.25,6,18.006,0,0.34335
0,0.25,6,18.506,0,0.34335
0,0.25,6,19.006,0,0.34335
0,0.25,6,19.506,0,0.34335
0,0.25,6,20.006,0,0.34335
0,0.25,6,20.506,0,0.34335
0,0.25,6,21.006,0,0.34335
0,0.25,6,21.506,0,0.34335
0,0.25,6,22.006,0,0.34335
0,0.25,6,22.506,0,0.34335
0,0.25,6,23.006,0,0.34335
0,0.25,6,23.506,0,0.34335
0,0.25,6,24.006,0,0.34335
0,0.25,6.5,9.50601,0,0.34335
0,0.25,6.5,10.006,0,0.34335
0,0.25,6.5,10.506,0,0.34335
0,0.25,6.5,11.006,0,0.34335
0,0.25,6.5,11.506,0,0.34335
0,0.25,6.5,12.006,0,0.34335
0,0.25,6.5,12.506,0,0.34335
0,0.25,6.5,13.006,0,0.34335
0,0.25,6.5,13.506,0,0.34335
0,0.25,6.5,14.006,0,0.34335
0,0.25,6.5,14.506,0,0.34335
0,0.25,6.5,15.006,0,0.34335
0,0.25,6.5,15.506,0,0.34335
0,0.25,6.5,16.006,0,0.34335
0,0.25,6.5,16.506,0,0.34335
0,0.25,6.5,17.006,0,0.34335
0,0.25,6.5,17.506,0,0.34335
0,0.25,6.5,18.006,0,0.34335
0,0.25,6.5,18.506,0,0.34335
0,0.25,6.5,19.006,0,0.34335
0,0.25,6.5,19.506,0,0.34335
0,0.25,6.5,20.006,0,0.34335
0,0.25,6.5,20.506,0,0.34335
0,0.25,6.5,21.006,0,0.34335
0,0.25,6.5,21.506,0,0.34335
0,0.25,6.5,22.006,0,0.34335
0,0.25,6.5,22.506,0,0.34335
0,0.25,6.5,23.006,0,0.34335
0,0.25,6.5,23.506,0,0.34335
0,0.25,6.5,24.006,0,0.34335
0,0.25,7,9.50601,0,0.34335
0,0.25,7,10.006,0,0.34335
0,0.25,7,10.506,0,0.34335
0,0.25,7,11.006,0,0.34335
0,0.25,7,11.506,0,0.34335
0,0.25,7,12.006,0,0.34335
0,0.25,7,12.506,0,0.34335
0,0.25,7,13.006,0,0.34335
0,0.25,7,13.506,0,0.34335
0,0.25,7,14.006,0,0.34335
0,0.25,7,14.506,0,0.34335
0,0.25,7,15.006,0,0.34335
0,0.25,7,15.506,0,0.34335
0,0.25,7,16.006,0,0.34335
0,0.25,7,16.506,0,0.34335
0,0.25,7,17.006,0,0.34335
0,0.25,7,17.506,0,0.34335
0,0.25,7,18.006,0,0.34335
0,0.25,7,18.506,0,0.34335
0,0.25,7,19.006,0,0.34335
0,0.25,7,19.506,0,0.34335
0,0.25,7,20.006,0,0.34335
0,0.25,7,20.506,0,0.34335
0,0.25,7,21.006,0,0.34335
0,0.25,7,21.506,0,0.34335
0,0.25,7,22.006,0,0.34335
0,0.25,7,22.506,0,0.34335
0,0.25,7,23.006,0,0.34335
0,0.25,7,23.506,0,0.34335
0,0.25,7,24.006,0,0.34335
1,0.25,7.5,1.5,0,0
1,0.25,8,1.5,0,0
1,0.25,1.5,1.5,0,0
1,0.25,2,1.5,0,0
1,0.25,7.5,2,0,0
1,0.25,8,2,0,0
1,0.25,1.5,2,0,0
1,0.25,2,2,0,0
1,0.25,7.5,2.5,0,0
1,0.25,8,2.5,0,0
1,0.25,1.5,2.5,0,0
1,0.25,2,2.5,0,0
1,0.25,7.5,3,0,0
1,0.25,8,3,0,0
1,0.25,1.5,3,0,0
1,0.25,2,3,0,0
1,0.25,7.5,3.5,0,0
1,0.25,8,3.5,0,0
1,0.25,1.5,3.5,0,0
1,0.25,2,3.5,0,0
1,0.25,7.5,4,0,0
1,0.25,8,4,0,0
1,0.25,1.5,4,0,0
1,0.25,2,4,0,0
1,0.25,7.5,4.5,0,0
1,0.25,8,4.5,0,0
1,0.25,1.5,4.5,0,0
1,0.25,2,4.5,0,0
1,0.25,7.5,5,0,0
1,0.25,8,5,0,0
1,0.25,1.5,5,0,0
1,0.25,2,5,0,0
1,0.25,7.5,5.5,0,0
1,0.25,8,5.5,0,0
1,0.25,1.5,5.5,0,0
1,0.25,2,5.5,0,0
1,0.25,7.5,6,0,0
1,0.25,8,6,0,0
1,0.25,1.5,6,0,0
1,0.25,2,6,0,0
1,0.25,7.5,6.5,0,0
1,0.25,8,6.5,0,0
1,0.25,1.5,6.5,0,0
1,0.25,2,6.5,0,0
1,0.25,7.5,7,0,0
1,0.25,8,7,0,0
1,0.25,1.5,7,0,0
1,0.25,2,7,0,0
1,0.25,7.5,7.5,0,0
1,0.25,8,7.5,0,0
1,0.25,1.5,7.5,0,0
1,0.25,2,7.5,0,0
1,0.25,7.5,8,0,0
1,0.25,8,8,0,0
1,0.25,1.5,8,0,0
1,0.25,2,8,0,0
1,0.25,7.5,8.5,0,0
1,0.25,8,8.5,0,0
1,0.25,1.5,8.5,0,0
1,0.25,2,8.5,0,0
1,0.25,7.5,9,0,0
1,0.25,8,9,0,0
1,0.25,1.5,9,0,0
1,0.25,2,9,0,0
1,0.25,7.5,9.5,0,0
1,0.25,8,9.5,0,0
1,0.25,1.5,9.5,0,0
1,0.25,2,9.5,0,0
1,0.25,7.5,10,0,0
1,0.25,8,10,0,0
1,0.25,1.5,10,0,0
1,0.25,2,10,0,0
1,0.25,7.5,10.5,0,0
1,0.25,8,10.5,0,0
1,0.25,1.5,10.5,0,0
1,0.25,2,10.5,0,0
1,0.25,7.5,11,0,0
1,0.25,8,11,0,0
1,0.25,1.5,11,0,0
1,0.25,2,11,0,0
1,0.25,7.5,11.5,0,0
1,0.25,8,11.5,0,0
1,0.25,1.5,11.5,0,0
1,0.25,2,11.5,0,0
1,0.25,7.5,12,0,0
1,0.25,8,12,0,0
1,0.25,1.5,12,0,0
1,0.25,2,12,0,0
1,0.25,7.5,12.5,0,0
1,0.25,8,12.5,0,0
1,0.25,1.5,12.5,0,0
1,0.25,2,12.5,0,0
1,0.25,7.5,13,0,0
1,0.25,8,13,0,0
1,0.25,1.5,13,0,0
1,0.25,2,13,0,0
1,0.25,7.5,13.5,0,0
1,0.25,8,13.5,0,0
1,0.25,1.5,13.5,0,0
1,0.25,2,13.5,0,0
1,0.25,7.5,14,0,0
1,0.25,8,14,0,0
1,0.25,1.5,14,0,0
1,0.25,2,14,0,0
1,0.25,7.5,14.5,0,0
1,0.25,8,14.5,0,0
1,0.25,1.5,14.5,0,0
1,0.25,2,14.5,0,0
1,0.25,7.5,15,0,0
1,0.25,8,15,0,0
1,0.25,1.5,15,0,0
1,0.25,2,15,0,0
1,0.25,7.5,15.5,0,0
1,0.25,8,15.5,0,0
1,0.25,1.5,15.5,0,0
1,0.25,2,15.5,0,0
1,0.25,7.5,16,0,0
1,0.25,8,16,0,0
1,0.25,1.5,16,0,0
1,0.25,2,16,0,0
1,0.25,7.5,16.5,0,0
1,0.25,8,16.5,0,0
1,0.25,1.5,16.5,0,0
1,0.25,2,16.5,0,0
1,0.25,7.5,17,0,0
1,0.25,8,17,0,0
1,0.25,1.5,17,0,0
1,0.25,2,17,0,0
1,0.25,7.5,17.5,0,0
1,0.25,8,17.5,0,0
1,0.25,1.5,17.5,0,0
1,0.25,2,17.5,0,0
1,0.25,7.5,18,0,0
1,0.25,8,18,0,0
1,0.25,1.5,18,0,0
1,0.25,2,18,0,0
1,0.25,7.5,18.5,0,0
1,0.25,8,18.5,0,0
1,0.25,1.5,18.5,0,0
1,0.25,2,18.5,0,0
1,0.25,7.5,19,0,0
1,0.25,8,19,0,0
1,0.25,1.5,19,0,0
1,0.25,2,19,0,0
1,0.25,7.5,19.5,0,0
1,0.25,8,19.5,0,0
1,0.25,1.5,19.5,0,0
1,0.25,2,19.5,0,0
1,0.25,7.5,20,0,0
1,0.25,8,20,0,0
1,0.25,1.5,20,0,0
1,0.25,2,20,0,0
1,0.25,7.5,20.5,0,0
1,0.25,8,20.5,0,0
1,0.25,1.5,20.5,0,0
1,0.25,2,20.5,0,0
1,0.25,7.5,21,0,0
1,0.25,8,21,0,0
1,0.25,1.5,21,0,0
1,0.25,2,21,0,0
1,0.25,7.5,21.5,0,0
1,0.25,8,21.5,0,0
1,0.25,1.5,21.5,0,0
1,0.25,2,21.5,0,0
1,0.25,7.5,22,0,0
1,0.25,8,22,0,0
1,0.25,1.5,22,0,0
1,0.25,2,22,0,0
1,0.25,7.5,22.5,0,0
1,0.25,8,22.5,0,0
1,0.25,1.5,22.5,0,0
1,0.25,2,22.5,0,0
1,0.25,7.5,23,0,0
1,0.25,8,23,0,0
1,0.25,1.5,23,0,0
1,0.25,2,23,0,0
1,0.25,7.5,23.5,0,0
1,0.25,8,23.5,0,0
1,0.25,1.5,23.5,0,0
1,0.25,2,23.5,0,0
1,0.25,7.5,24,0,0
1,0.25,8,24,0,0
1,0.25,1.5,24,0,0
1,0.25,2,24,0,0
1,0.25,7.5,24.5,0,0
1,0.25,8,24.5,0,0
1,0.25,1.5,24.5,0,0
1,0.25,2,24.5,0,0
1,0.25,7.5,25,0,0
1,0.25,8,25,0,0
1,0.25,1.5,25,0,0
1,0.25,2,25,0,0
1,0.25,7.5,25.5,0,0
1,0.25,8,25.5,0,0
1,0.25,1.5,25.5,0,0
1,0.25,2,25.5,0,0
1,0.25,2.5,1.5,0,0
1,0.25,2.5,2,0,0
1,0.25,2.5,25,0,0
1,0.25,2.5,25.5,0,0
1,0.25,3,1.5,0,0
1,0.25,3,2,0,0
1,0.25,3,25,0,0
1,0.25,3,25.5,0,0
1,0.25,3.5,1.5,0,0
1,0.25,3.5,2,0,0
1,0.25,3.5,25,0,0
1,0.25,3.5,25.5,0,0
1,0.25,4,1.5,0,0
1,0.25,4,2,0,0
1,0.25,4,25,0,0
1,0.25,4,25.5,0,0
1,0.25,4.5,1.5,0,0
1,0.25,4.5,2,0,0
1,0.25,4.5,25,0,0
1,0.25,4.5,25.5,0,0
1,0.25,5,1.5,0,0
1,0.25,5,2,0,0
1,0.25,5,25,0,0
1,0.25,5,25.5,0,0
1,0.25,5.5,1.5,0,0
1,0.25,5.5,2,0,0
1,0.25,5.5,25,0,0
1,0.25,5.5,25.5,0,0
1,0.25,6,1.5,0,0
1,0.25,6,2,0,0
1,0.25,6,25,0,0
1,0.25,6,25.5,0,0
1,0.25,6.5,1.5,0,0
1,0.25,6.5,2,0,0
1,0.25,6.5,25,0,0
1,0.25,6.5,25.5,0,0
1,0.25,7,1.5,0,0
1,0.25,7,2,0,0
1,0.25,7,25,0,0
1,0.25,7,25.5,0,0
536 2 0.5 3500 0.2 2 0 1e-05 0 9.81 10 35
0,0.25,2.5,9.50599,-6.19741e-07,0.341518
0,0.25,2.5,10.006,-9.017e-07,0.341766
0,0.25,2.5,10.506,-1.94295e-06,0.341769
0,0.25,2.5,11.006,-3.63623e-06,0.34177
0,0.25,2.5,11.506,-4.43492e-06,0.34177
0,0.25,2.5,12.006,-4.97719e-06,0.34177
0,0.25,2.5,12.506,-5.13032e-06,0.34177
0,0.25,2.5,13.006,-5.18692e-06,0.34177
0,0.25,2.5,13.506,-5.20116e-06,0.34177
0,0.25,2.5,14.006,-5.20444e-06,0.34177
0,0.25,2.5,14.506,-5.20524e-06,0.34177
0,0.25,2.5,15.006,-5.20536e-06,0.34177
0,0.25,2.5,15.506,-5.20539e-06,0.34177
0,0.25,2.5,16.006,-5.20539e-06,0.34177
0,0.25,2.5,16.506,-5.2054e-06,0.34177
0,0.25,2.5,17.006,-5.2054e-06,0.34177
0,0.25,2.5,17.506,-5.2054e-06,0.34177
0,0.25,2.5,18.006,-5.20539e-06,0.34177
0,0.25,2.5,18.506,-5.20536e-06,0.34177
0,0.25,2.5,19.006,-5.20527e-06,0.34177
0,0.25,2.5,19.506,-5.20454e-06,0.34177
0,0.25,2.5,20.006,-5.20208e-06,0.34177
0,0.25,2.5,20.506,-5.19035e-06,0.34177
0,0.25,2.5,21.006,-5.15235e-06,0.34177
0,0.25,2.5,21.506,-5.061e-06,0.341771
0,0.25,2.5,22.006,-4.78764e-06,0.34177
0,0.25,2.5,22.506,-5.03168e-06,0.341771
0,0.25,2.5,23.006,-4.48817e-06,0.34176
0,0.25,2.5,23.506,5.20731e-06,0.341772
0,0.25,2.5,24.006,-2.74982e-06,0.341535
0,0.25,3,9.50601,-4.66619e-07,0.343344
0,0.25,3,10.006,-2.11493e-06,0.343339
0,0.25,3,10.506,-2.16943e-06,0.343341
0,0.25,3,11.006,-3.75628e-06,0.343342
0,0.25,3,11.506,-4.34143e-06,0.343344
0,0.25,3,12.006,-4.94293e-06,0.343345
0,0.25,3,12.506,-5.11145e-06,0.343345
0,0.25,3,13.006,-5.18189e-06,0.343345
0,0.25,3,13.506,-5.2001e-06,0.343345
0,0.25,3,14.006,-5.20453e-06,0.343345
0,0.25,3,14.506,-5.20564e-06,0.343345
0,0.25,3,15.006,-5.20582e-06,0.343345
0,0.25,3,15.506,-5.20586e-06,0.343345
0,0.25,3,16.006,-5.20587e-06,0.343345
0,0.25,3,16.506,-5.20587e-06,0.343345
0,0.25,3,17.006,-5.20587e-06,0.343345
0,0.25,3,17.506,-5.20587e-06,0.343345
0,0.25,3,18.006,-5.20586e-06,0.343345
0,0.25,3,18.506,-5.20582e-06,0.343345
0,0.25,3,19.006,-5.20567e-06,0.343345
0,0.25,3,19.506,-5.20465e-06,0.343345
0,0.25,3,20.006,-5.20096e-06,0.343345
0,0.25,3,20.506,-5.18547e-06,0.343345
0,0.25,3,21.006,-5.12777e-06,0.343345
0,0.25,3,21.506,-5.01066e-06,0.343346
0,0.25,3,22.006,-4.49435e-06,0.343345
0,0.25,3,22.506,-4.28594e-06,0.343348
0,0.25,3,23.006,-2.34754e-07,0.343339
0,0.25,3,23.506,7.4965e-06,0.34335
0,0.25,3,24.006,1.88756e-06,0.343363
0,0.25,3.5,9.50601,-2.91414e-07,0.343345
0,0.25,3.5,10.006,-1.20905e-06,0.343345
0,0.25,3.5,10.506,-6.86914e-07,0.343346
0,0.25,3.5,11.006,-1.29614e-06,0.343347
0,0.25,3.5,11.506,-1.32456e-06,0.343349
0,0.25,3.5,12.006,-1.46573e-06,0.343349
0,0.25,3.5,12.506,-1.50928e-06,0.34335
0,0.25,3.5,13.006,-1.53341e-06,0.34335
0,0.25,3.5,13.506,-1.54036e-06,0.34335
0,0.25,3.5,14.006,-1.54232e-06,0.34335
0,0.25,3.5,14.506,-1.54284e-06,0.34335
0,0.25,3.5,15.006,-1.54293e-06,0.34335
0,0.25,3.5,15.506,-1.54295e-06,0.34335
0,0.25,3.5,16.006,-1.54296e-06,0.34335
0,0.25,3.5,16.506,-1.54296e-06,0.34335
0,0.25,3.5,17.006,-1.54296e-06,0.34335
0,0.25,3.5,17.506,-1.54296e-06,0.34335
0,0.25,3.5,18.006,-1.54295e-06,0.34335
0,0.25,3.5,18.506,-1.54293e-06,0.34335
0,0.25,3.5,19.006,-1.54284e-06,0.34335
0,0.25,3.5,19.506,-1.54234e-06,0.34335
0,0.25,3.5,20.006,-1.54009e-06,0.34335
0,0.25,3.5,20.506,-1.53292e-06,0.34335
0,0.25,3.5,21.006,-1.49827e-06,0.34335
0,0.25,3.5,21.506,-1.42476e-06,0.343351
0,0.25,3.5,22.006,-1.08549e-06,0.34335
0,0.25,3.5,22.506,-6.04799e-08,0.343353
0,0.25,3.5,23.006,1.4509e-06,0.343352
0,0.25,3.5,23.506,7.14796e-06,0.343356
0,0.25,3.5,24.006,1.77163e-06,0.343358
0,0.25,4,9.50601,-6.4584e-08,0.343344
0,0.25,4,10.006,-3.31525e-07,0.343344
0,0.25,4,10.506,-6.09747e-07,0.343346
0,0.25,4,11.006,-1.22792e-06,0.343346
0,0.25,4,11.506,-1.38304e-06,0.343349
0,0.25,4,12.006,-1.46418e-06,0.343349
0,0.25,4,12.506,-1.48803e-06,0.34335
0,0.25,4,13.006,-1.4996e-06,0.34335
0,0.25,4,13.506,-1.50297e-06,0.34335
0,0.25,4,14.006,-1.50396e-06,0.34335
0,0.25,4,14.506,-1.50422e-06,0.34335
0,0.25,4,15.006,-1.50427e-06,0.34335
0,0.25,4,15.506,-1.50429e-06,0.34335
0,0.25,4,16.006,-1.50429e-06,0.34335
0,0.25,4,16.506,-1.50429e-06,0.34335
0,0.25,4,17.006,-1.50429e-06,0.34335
0,0.25,4,17.506,-1.50429e-06,0.34335
0,0.25,4,18.006,-1.50429e-06,0.34335
0,0.25,4,18.506,-1.50427e-06,0.34335
0,0.25,4,19.006,-1.50421e-06,0.34335
0,0.25,4,19.506,-1.50394e-06,0.34335
0,0.25,4,20.006,-1.50254e-06,0.34335
0,0.25,4,20.506,-1.49793e-06,0.34335
0,0.25,4,21.006,-1.47806e-06,0.34335
0,0.25,4,21.506,-1.41593e-06,0.343351
0,0.25,4,22.006,-1.2648e-06,0.343351
0,0.25,4,22.506,-7.2243e-07,0.343354
0,0.25,4,23.006,-1.20026e-07,0.343354
0,0.25,4,23.506,2.3241e-07,0.343356
0,0.25,4,24.006,6.88338e-08,0.343356
0,0.25,4.5,9.50601,-2.85073e-08,0.343344
0,0.25,4.5,10.006,-1.26291e-07,0.343344
0,0.25,4.5,10.506,-7.37353e-08,0.343346
0,0.25,4.5,11.006,-2.7362e-08,0.343346
0,0.25,4.5,11.506,-8.38253e-09,0.343349
0,0.25,4.5,12.006,-1.03024e-08,0.343349
0,0.25,4.5,12.506,-1.05875e-08,0.34335
0,0.25,4.5,13.006,-1.21215e-08,0.34335
0,0.25,4.5,13.506,-1.26529e-08,0.34335
0,0.25,4.5,14.006,-1.28594e-08,0.34335
0,0.25,4.5,14.506,-1.29181e-08,0.34335
0,0.25,4.5,15.006,-1.29307e-08,0.34335
0,0.25,4.5,15.506,-1.29337e-08,0.34335
0,0.25,4.5,16.006,-1.29343e-08,0.34335
0,0.25,4.5,16.506,-1.29346e-08,0.34335
0,0.25,4.5,17.006,-1.29347e-08,0.34335
0,0.25,4.5,17.506,-1.29346e-08,0.34335
0,0.25,4.5,18.006,-1.2934e-08,0.34335
0,0.25,4.5,18.506,-1.29305e-08,0.34335
0,0.25,4.5,19.006,-1.29122e-08,0.34335
0,0.25,4.5,19.506,-1.28381e-08,0.34335
0,0.25,4.5,20.006,-1.245e-08,0.34335
0,0.25,4.5,20.506,-1.11102e-08,0.34335
0,0.25,4.5,21.006,-6.21908e-09,0.34335
0,0.25,4.5,21.506,1.29926e-08,0.343351
0,0.25,4.5,22.006,5.29457e-08,0.343351
0,0.25,4.5,22.506,1.42571e-07,0.343354
0,0.25,4.5,23.006,3.10973e-07,0.343354
0,0.25,4.5,23.506,4.88109e-07,0.343356
0,0.25,4.5,24.006,1.0782e-07,0.343356
0,0.25,5,9.50601,2.85073e-08,0.343344
0,0.25,5,10.006,1.26291e-07,0.343344
0,0.25,5,10.506,7.37354e-08,0.343346
0,0.25,5,11.006,2.73621e-08,0.343346
0,0.25,5,11.506,8.38271e-09,0.343349
0,0.25,5,12.006,1.03029e-08,0.343349
0,0.25,5,12.506,1.05876e-08,0.34335
0,0.25,5,13.006,1.21217e-08,0.34335
0,0.25,5,13.506,1.26531e-08,0.34335
0,0.25,5,14.006,1.28598e-08,0.34335
0,0.25,5,14.506,1.29183e-08,0.34335
0,0.25,5,15.006,1.29308e-08,0.34335
0,0.25,5,15.506,1.29339e-08,0.34335
0,0.25,5,16.006,1.29344e-08,0.34335
0,0.25,5,16.506,1.29347e-08,0.34335
0,0.25,5,17.006,1.29347e-08,0.34335
0,0.25,5,17.506,1.29346e-08,0.34335
0,0.25,5,18.006,1.2934e-08,0.34335
0,0.25,5,18.506,1.29305e-08,0.34335
0,0.25,5,19.006,1.29124e-08,0.34335
0,0.25,5,19.506,1.28384e-08,0.34335
0,0.25,5,20.006,1.24503e-08,0.34335
0,0.25,5,20.506,1.1111e-08,0.34335
0,0.25,5,21.006,6.21991e-09,0.34335
0,0.25,5,21.506,-1.29928e-08,0.343351
0,0.25,5,22.006,-5.29461e-08,0.343351
0,0.25,5,22.506,-1.42571e-07,0.343354
0,0.25,5,23.006,-3.10973e-07,0.343354
0,0.25,5,23.506,-4.88109e-07,0.343356
0,0.25,5,24.006,-1.0782e-07,0.343356
0,0.25,5.5,9.50601,6.45841e-08,0.343344
0,0.25,5.5,10.006,3.31525e-07,0.343344
0,0.25,5.5,10.506,6.09748e-07,0.343346
0,0.25,5.5,11.006,1.22792e-06,0.343346
0,0.25,5.5,11.506,1.38304e-06,0.343349
0,0.25,5.5,12.006,1.46418e-06,0.343349
0,0.25,5.5,12.506,1.48803e-06,0.34335
0,0.25,5.5,13.006,1.4996e-06,0.34335
0,0.25,5.5,13.506,1.50297e-06,0.34335
0,0.25,5.5,14.006,1.50397e-06,0.34335
0,0.25,5.5,14.506,1.50422e-06,0.34335
0,0.25,5.5,15.006,1.50427e-06,0.34335
0,0.25,5.5,15.506,1.50429e-06,0.34335
0,0.25,5.5,16.006,1.50429e-06,0.34335
0,0.25,5.5,16.506,1.50429e-06,0.34335
0,0.25,5.5,17.006,1.50429e-06,0.34335
0,0.25,5.5,17.506,1.50429e-06,0.34335
0,0.25,5.5,18.006,1.50429e-06,0.34335
0,0.25,5.5,18.506,1.50427e-06,0.34335
0,0.25,5.5,19.006,1.50421e-06,0.34335
0,0.25,5.5,19.506,1.50394e-06,0.34335
0,0.25,5.5,20.006,1.50254e-06,0.34335
0,0.25,5.5,20.506,1.49793e-06,0.34335
0,0.25,5.5,21.006,1.47806e-06,0.34335
0,0.25,5.5,21.506,1.41593e-06,0.343351
0,0.25,5.5,22.006,1.2648e-06,0.343351
0,0.25,5.5,22.506,7.22431e-07,0.343354
0,0.25,5.5,23.006,1.20026e-07,0.343354
0,0.25,5.5,23.506,-2.3241e-07,0.343356
0,0.25,5.5,24.006,-6.88339e-08,0.343356
0,0.25,6,9.50601,2.91414e-07,0.343345
0,0.25,6,10.006,1.20905e-06,0.343345
0,0.25,6,10.506,6.86913e-07,0.343346
0,0.25,6,11.006,1.29614e-06,0.343347
0,0.25,6,11.506,1.32456e-06,0.343349
0,0.25,6,12.006,1.46573e-06,0.343349
0,0.25,6,12.506,1.50928e-06,0.34335
0,0.25,6,13.006,1.53341e-06,0.34335
0,0.25,6,13.506,1.54036e-06,0.34335
0,0.25,6,14.006,1.54232e-06,0.34335
0,0.25,6,14.506,1.54284e-06,0.34335
0,0.25,6,15.006,1.54293e-06,0.34335
0,0.25,6,15.506,1.54296e-06,0.34335
0,0.25,6,16.006,1.54296e-06,0.34335
0,0.25,6,16.506,1.54296e-06,0.34335
0,0.25,6,17.006,1.54296e-06,0.34335
0,0.25,6,17.506,1.54296e-06,0.34335
0,0.25,6,18.006,1.54296e-06,0.34335
0,0.25,6,18.506,1.54293e-06,0.34335
0,0.25,6,19.006,1.54284e-06,0.34335
0,0.25,6,19.506,1.54234e-06,0.34335
0,0.25,6,20.006,1.54009e-06,0.34335
0,0.25,6,20.506,1.53292e-06,0.34335
0,0.25,6,21.006,1.49827e-06,0.34335
0,0.25,6,21.506,1.42476e-06,0.343351
0,0.25,6,22.006,1.08549e-06,0.34335
0,0.25,6,22.506,6.04805e-08,0.343353
0,0.25,6,23.006,-1.4509e-06,0.343352
0,0.25,6,23.506,-7.14796e-06,0.343356
0,0.25,6,24.006,-1.77163e-06,0.343358
0,0.25,6.5,9.50601,4.66619e-07,0.343344
0,0.25,6.5,10.006,2.11493e-06,0.343339
0,0.25,6.5,10.506,2.16943e-06,0.343341
0,0.25,6.5,11.006,3.75628e-06,0.343342
0,0.25,6.5,11.506,4.34143e-06,0.343344
0,0.25,6.5,12.006,4.94293e-06,0.343345
0,0.25,6.5,12.506,5.11145e-06,0.343345
0,0.25,6.5,13.006,5.18189e-06,0.343345
0,0.25,6.5,13.506,5.2001e-06,0.343345
0,0.25,6.5,14.006,5.20453e-06,0.343345
0,0.25,6.5,14.506,5.20564e-06,0.343345
0,0.25,6.5,15.006,5.20582e-06,0.343345
0,0.25,6.5,15.506,5.20586e-06,0.343345
0,0.25,6.5,16.006,5.20587e-06,0.343345
0,0.25,6.5,16.506,5.20587e-06,0.343345
0,0.25,6.5,17.006,5.20587e-06,0.343345
0,0.25,6.5,17.506,5.20587e-06,0.343345
0,0.25,6.5,18.006,5.20586e-06,0.343345
0,0.25,6.5,18.506,5.20582e-06,0.343345
0,0.25,6.5,19.006,5.20567e-06,0.343345
0,0.25,6.5,19.506,5.20465e-06,0.343345
0,0.25,6.5,20.006,5.20096e-06,0.343345
0,0.25,6.5,20.506,5.18547e-06,0.343345
0,0.25,6.5,21.006,5.12777e-06,0.343345
0,0.25,6.5,21.506,5.01066e-06,0.343346
0,0.25,6.5,22.006,4.49435e-06,0.343345
0,0.25,6.5,22.506,4.28594e-06,0.343348
0,0.25,6.5,23.006,2.34754e-07,0.343339
0,0.25,6.5,23.506,-7.4965e-06,0.34335
0,0.25,6.5,24.006,-1.88756e-06,0.343363
0,0.25,7,9.50599,6.19741e-07,0.341518
0,0.25,7,10.006,9.017e-07,0.341766
0,0.25,7,10.506,1.94295e-06,0.341769
0,0.25,7,11.006,3.63623e-06,0.34177
0,0.25,7,11.506,4.43492e-06,0.34177
0,0.25,7,12.006,4.97719e-06,0.34177
0,0.25,7,12.506,5.13032e-06,0.34177
0,0.25,7,13.006,5.18692e-06,0.34177
0,0.25,7,13.506,5.20116e-06,0.34177
0,0.25,7,14.006,5.20444e-06,0.34177
0,0.25,7,14.506,5.20524e-06,0.34177
0,0.25,7,15.006,5.20536e-06,0.34177
0,0.25,7,15.506,5.20539e-06,0.34177
0,0.25,7,16.006,5.20539e-06,0.34177
0,0.25,7,16.506,5.2054e-06,0.34177
0,0.25,7,17.006,5.2054e-06,0.34177
0,0.25,7,17.506,5.20539e-06,0.34177
0,0.25,7,18.006,5.20539e-06,0.34177
0,0.25,7,18.506,5.20536e-06,0.34177
0,0.25,7,19.006,5.20526e-06,0.34177
0,0.25,7,19.506,5.20454e-06,0.34177
0,0.25,7,20.006,5.20208e-06,0.34177
0,0.25,7,20.506,5.19035e-06,0.34177
0,0.25,7,21.006,5.15235e-06,0.34177
0,0.25,7,21.506,5.061e-06,0.341771
0,0.25,7,22.006,4.78764e-06,0.34177
0,0.25,7,22.506,5.03168e-06,0.341771
0,0.25,7,23.006,4.48817e-06,0.34176
0,0.25,7,23.506,-5.20731e-06,0.341772
0,0.25,7,24.006,2.74982e-06,0.341535
1,0.25,7.5,1.5,0,0
1,0.25,8,1.5,0,0
1,0.25,1.5,1.5,0,0
1,0.25,2,1.5,0,0
1,0.25,7.5,2,0,0
1,0.25,8,2,0,0
1,0.25,1.5,2,0,0
1,0.25,2,2,0,0
1,0.25,7.5,2.5,0,0
1,0.25,8,2.5,0,0
1,0.25,1.5,2.5,0,0
1,0.25,2,2.5,0,0
1,0.25,7.5,3,0,0
1,0.25,8,3,0,0
1,0.25,1.5,3,0,0
1,0.25,2,3,0,0
1,0.25,7.5,3.5,0,0
1,0.25,8,3.5,0,0
1,0.25,1.5,3.5,0,0
1,0.25,2,3.5,0,0
1,0.25,7.5,4,0,0
1,0.25,8,4,0,0
1,0.25,1.5,4,0,0
1,0.25,2,4,0,0
1,0.25,7.5,4.5,0,0
1,0.25,8,4.5,0,0
1,0.25,1.5,4.5,0,0
1,0.25,2,4.5,0,0
1,0.25,7.5,5,0,0
1,0.25,8,5,0,0
1,0.25,1.5,5,0,0
1,0.25,2,5,0,0
1,0.25,7.5,5.5,0,0
1,0.25,8,5.5,0,0
1,0.25,1.5,5.5,0,0
1,0.25,2,5.5,0,0
1,0.25,7.5,6,0,0
1,0.25,8,6,0,0
1,0.25,1.5,6,0,0
1,0.25,2,6,0,0
1,0.25,7.5,6.5,0,0
1,0.25,8,6.5,0,0
1,0.25,1.5,6.5,0,0
1,0.25,2,6.5,0,0
1,0.25,7.5,7,0,0
1,0.25,8,7,0,0
1,0.25,1.5,7,0,0
1,0.25,2,7,0,0
1,0.25,7.5,7.5,0,0
1,0.25,8,7.5,0,0
1,0.25,1.5,7.5,0,0
1,0.25,2,7.5,0,0
1,0.25,7.5,8,0,0
1,0.25,8,8,0,0
1,0.25,1.5,8,0,0
1,0.25,2,8,0,0
1,0.25,7.5,8.5,0,0
1,0.25,8,8.5,0,0
1,0.25,1.5,8.5,0,0
1,0.25,2,8.5,0,0
1,0.25,7.5,9,0,0
1,0.25,8,9,0,0
1,0.25,1.5,9,0,0
1,0.25,2,9,0,0
1,0.25,7.5,9.5,0,0
1,0.25,8,9.5,0,0
1,0.25,1.5,9.5,0,0
1,0.25,2,9.5,0,0
1,0.25,7.5,10,0,0
1,0.25,8,10,0,0
1,0.25,1.5,10,0,0
1,0.25,2,10,0,0
1,0.25,7.5,10.5,0,0
1,0.25,8,10.5,0,0
1,0.25,1.5,10.5,0,0
1,0.25,2,10.5,0,0
1,0.25,7.5,11,0,0
1,0.25,8,11,0,0
1,0.25,1.5,11,0,0
1,0.25,2,11,0,0
1,0.25,7.5,11.5,0,0
1,0.25,8,11.5,0,0
1,0.25,1.5,11.5,0,0
1,0.25,2,11.5,0,0
1,0.25,7.5,12,0,0
1,0.25,8,12,0,0
1,0.25,1.5,12,0,0
1,0.25,2,12,0,0
1,0.25,7.5,12.5,0,0
1,0.25,8,12.5,0,0
1,0.25,1.5,12.5,0,0
1,0.25,2,12.5,0,0
1,0.25,7.5,13,0,0
1,0.25,8,13,0,0
1,0.25,1.5,13,0,0
1,0.25,2,13,0,0
1,0.25,7.5,13.5,0,0
1,0.25,8,13.5,0,0
1,0.25,1.5,13.5,0,0
1,0.25,2,13.5,0,0
1,0.25,7.5,14,0,0
1,0.25,8,14,0,0
1,0.25,1.5,14,0,0
1,0.25,2,14,0,0
1,0.25,7.5,14.5,0,0
1,0.25,8,14.5,0,0
1,0.25,1.5,14.5,0,0
1,0.25,2,14.5,0,0
1,0.25,7.5,15,0,0
1,0.25,8,15,0,0
1,0.25,1.5,15,0,0
1,0.25,2,15,0,0
1,0.25,7.5,15.5,0,0
1,0.25,8,15.5,0,0
1,0.25,1.5,15.5,0,0
1,0.25,2,15.5,0,0
1,0.25,7.5,16,0,0
1,0.25,8,16,0,0
1,0.25,1.5,16,0,0
1,0.25,2,16,0,0
1,0.25,7.5,16.5,0,0
1,0.25,8,16.5,0,0
1,0.25,1.5,16.5,0,0
1,0.25,2,16.5,0,0
1,0.25,7.5,17,0,0
1,0.25,8,17,0,0
1,0.25,1.5,17,0,0
1,0.25,2,17,0,0
1,0.25,7.5,17.5,0,0
1,0.25,8,17.5,0,0
1,0.25,1.5,17.5,0,0
1,0.25,2,17.5,0,0
1,0.25,7.5,18,0,0
1,0.25,8,18,0,0
1,0.25,1.5,18,0,0
1,0.25,2,18,0,0
1,0.25,7.5,18.5,0,0
1,0.25,8,18.5,0,0
1,0.25,1.5,18.5,0,0
1,0.25,2,18.5,0,0
1,0.25,7.5,19,0,0
1,0.25,8,19,0,0
1,0.25,1.5,19,0,0
1,0.25,2,19,0,0
1,0.25,7.5,19.5,0,0
1,0.25,8,19.5,0,0
1,0.25,1.5,19.5,0,0
1,0.25,2,19.5,0,0
1,0.25,7.5,20,0,0
1,0.25,8,20,0,0
1,0.25,1.5,20,0,0
1,0.25,2,20,0,0
1,0.25,7.5,20.5,0,0
1,0.25,8,20.5,0,0
1,0.25,1.5,20.5,0,0
1,0.25,2,20.5,0,0
1,0.25,7.5,21,0,0
1,0.25,8,21,0,0
1,0.25,1.5,21,0,0
1,0.25,2,21,0,0
1,0.25,7.5,21.5,0,0
1,0.25,8,21.5,0,0
1,0.25,1.5,21.5,0,0
1,0.25,2,21.5,0,0
1,0.25,7.5,22,0,0
1,0.25,8,22,0,0
1,0.25,1.5,22,0,0
1,0.25,2,22,0,0
1,0.25,7.5,22.5,0,0
1,0.25,8,22.5,0,0
1,0.25,1.5,22.5,0,0
1,0.25,2,22.5,0,0
1,0.25,7.5,23,0,0
1,0.25,8,23,0,0
1,0.25,1.5,23,0,0
1,0.25,2,23,0,0
1,0.25,7.5,23.5,0,0
1,0.25,8,23.5,0,0
1,0.25,1.5,23.5,0,0
1,0.25,2,23.5,0,0
1,0.25,7.5,24,0,0
1,0.25,8,24,0,0
1,0.25,1.5,24,0,0
1,0.25,2,24,0,0
1,0.25,7.5,24.5,0,0
1,0.25,8,24.5,0,0
1,0.25,1.5,24.5,0,0
1,0.25,2,24.5,0,0
1,0.25,7.5,25,0,0
1,0.25,8,25,0,0
1,0.25,1.5,25,0,0
1,0.25,2,25,0,0
1,0.25,7.5,25.5,0,0
1,0.25,8,25.5,0,0
1,0.25,1.5,25.5,0,0
1,0.25,2,25.5,0,0
1,0.25,2.5,1.5,0,0
1,0.25,2.5,2,0,0
1,0.25,2.5,25,0,0
1,0.25,2.5,25.5,0,0
1,0.25,3,1.5,0,0
1,0.25,3,2,0,0
1,0.25,3,25,0,0
1,0.25,3,25.5,0,0
1,0.25,3.5,1.5,0,0
1,0.25,3.5,2,0,0
1,0.25,3.5,25,0,0
1,0.25,3.5,25.5,0,0
1,0.25,4,1.5,0,0
1,0.25,4,2,0,0
1,0.25,4,25,0,0
1,0.25,4,25.5,0,0
1,0.25,4.5,1.5,0,0
1,0.25,4.5,2,0,0
1,0.25,4.5,25,0,0
1,0.25,4.5,25.5,0,0
1,0.25,5,1.5,0,0
1,0.25,5,2,0,0
1,0.25,5,25,0,0
1,0.25,5,25.5,0,0
1,0.25,5.5,1.5,0,0
1,0.25,5.5,2,0,0
1,0.25,5.5,25,0,0
1,0.25,5.5,25.5,0,0
1,0.25,6,1.5,0,0
1,0.25,6,2,0,0
1,0.25,6,25,0,0
1,0.25,6,25.5,0,0
1,0.25,6.5,1.5,0,0
1,0.25,6.5,2,0,0
1,0.25,6.5,25,0,0
1,0.25,6.5,25.5,0,0
1,0.25,7,1.5,0,0
1,0.25,7,2,0,0
1,0.25,7,25,0,0
1,0.25,7,25.5,0,0
536 2 0.5 3500 0.2 2 0 2e-06 0 9.81 10 35
0,0.25,2.5,9.50024,-3.52238e-07,0.0685954
0,0.25,2.5,10.0002,2.72271e-07,0.0686053
0,0.25,2.5,10.5002,-6.27569e-09,0.068607
0,0.25,2.5,11.0002,-3.89374e-09,0.0686071
0,0.25,2.5,11.5002,-1.36264e-08,0.0686071
0,0.25,2.5,12.0002,-1.36557e-08,0.0686071
0,0.25,2.5,12.5002,-1.37349e-08,0.0686071
0,0.25,2.5,13.0002,-1.37352e-08,0.0686071
0,0.25,2.5,13.5002,-1.37354e-08,0.0686071
0,0.25,2.5,14.0002,-1.37354e-08,0.0686071
0,0.25,2.5,14.5002,-1.37354e-08,0.0686071
0,0.25,2.5,15.0002,-1.37354e-08,0.0686071
0,0.25,2.5,15.5002,-1.37349e-08,0.0686071
0,0.25,2.5,16.0002,-1.37349e-08,0.0686071
0,0.25,2.5,16.5002,-1.37354e-08,0.0686071
0,0.25,2.5,17.0002,-1.37354e-08,0.0686071
0,0.25,2.5,17.5002,-1.37354e-08,0.0686071
0,0.25,2.5,18.0002,-1.37354e-08,0.0686071
0,0.25,2.5,18.5002,-1.37354e-08,0.0686071
0,0.25,2.5,19.0002,-1.37354e-08,0.0686071
0,0.25,2.5,19.5002,-1.37354e-08,0.0686071
0,0.25,2.5,20.0002,-1.37354e-08,0.0686071
0,0.25,2.5,20.5002,-1.37351e-08,0.0686071
0,0.25,2.5,21.0002,-1.3735e-08,0.0686071
0,0.25,2.5,21.5002,-1.36553e-08,0.0686071
0,0.25,2.5,22.0002,-1.36883e-08,0.0686071
0,0.25,2.5,22.5002,-3.59438e-09,0.0686072
0,0.25,2.5,23.0002,-1.41703e-08,0.0686071
0,0.25,2.5,23.5002,4.34367e-07,0.0686089
0,0.25,2.5,24.0002,-3.59847e-07,0.0685991
0,0.25,3,9.50024,-1.5846e-08,0.0686678
0,0.25,3,10.0002,-6.1634e-08,0.0686678
0,0.25,3,10.5002,-1.4783e-08,0.0686699
0,0.25,3,11.0002,-1.08649e-08,0.0686699
0,0.25,3,11.5002,-1.3595e-08,0.06867
0,0.25,3,12.0002,-1.36995e-08,0.06867
0,0.25,3,12.5002,-1.37346e-08,0.06867
0,0.25,3,13.0002,-1.37353e-08,0.06867
0,0.25,3,13.5002,-1.37354e-08,0.06867
0,0.25,3,14.0002,-1.37354e-08,0.06867
0,0.25,3,14.5002,-1.37354e-08,0.06867
0,0.25,3,15.0002,-1.37354e-08,0.06867
0,0.25,3,15.5002,-1.37351e-08,0.06867
0,0.25,3,16.0002,-1.37351e-08,0.06867
0,0.25,3,16.5002,-1.37354e-08,0.06867
0,0.25,3,17.0002,-1.37354e-08,0.06867
0,0.25,3,17.5002,-1.37354e-08,0.06867
0,0.25,3,18.0002,-1.37354e-08,0.06867
0,0.25,3,18.5002,-1.37354e-08,0.06867
0,0.25,3,19.0002,-1.37354e-08,0.06867
0,0.25,3,19.5002,-1.37354e-08,0.06867
0,0.25,3,20.0002,-1.37354e-08,0.06867
0,0.25,3,20.5002,-1.37352e-08,0.06867
0,0.25,3,21.0002,-1.37345e-08,0.06867
0,0.25,3,21.5002,-1.36994e-08,0.06867
0,0.25,3,22.0002,-1.35222e-08,0.06867
0,0.25,3,22.5002,-1.0622e-08,0.06867
0,0.25,3,23.0002,1.66474e-08,0.06867
0,0.25,3,23.5002,6.85594e-08,0.0686721
0,0.25,3,24.0002,1.57644e-08,0.0686722
0,0.25,3.5,9.50024,-2.70606e-09,0.0686678
0,0.25,3.5,10.0002,-1.05676e-08,0.0686678
0,0.25,3.5,10.5002,-5.23825e-10,0.0686699
0,0.25,3.5,11.0002,4.55904e-10,0.0686699
0,0.25,3.5,11.5002,-2.54399e-11,0.06867
0,0.25,3.5,12.0002,-5.69541e-11,0.06867
0,0.25,3.5,12.5002,-6.94774e-11,0.06867
0,0.25,3.5,13.0002,-6.98884e-11,0.06867
0,0.25,3.5,13.5002,-6.99845e-11,0.06867
0,0.25,3.5,14.0002,-6.99785e-11,0.06867
0,0.25,3.5,14.5002,-6.99741e-11,0.06867
0,0.25,3.5,15.0002,-7.00138e-11,0.06867
0,0.25,3.5,15.5002,-7.01845e-11,0.06867
0,0.25,3.5,16.0002,-7.01849e-11,0.06867
0,0.25,3.5,16.5002,-7.00171e-11,0.06867
0,0.25,3.5,17.0002,-6.99775e-11,0.06867
0,0.25,3.5,17.5002,-6.99777e-11,0.06867
0,0.25,3.5,18.0002,-6.99777e-11,0.06867
0,0.25,3.5,18.5002,-6.99777e-11,0.06867
0,0.25,3.5,19.0002,-6.99777e-11,0.06867
0,0.25,3.5,19.5002,-6.9974e-11,0.06867
0,0.25,3.5,20.0002,-6.99588e-11,0.06867
0,0.25,3.5,20.5002,-6.9864e-11,0.06867
0,0.25,3.5,21.0002,-6.93569e-11,0.06867
0,0.25,3.5,21.5002,-5.63905e-11,0.06867
0,0.25,3.5,22.0002,3.34953e-11,0.06867
0,0.25,3.5,22.5002,7.20467e-10,0.0686701
0,0.25,3.5,23.0002,7.29797e-09,0.0686701
0,0.25,3.5,23.5002,2.10547e-08,0.0686722
0,0.25,3.5,24.0002,4.98901e-09,0.0686722
0,0.25,4,9.50024,-2.52558e-11,0.0686678
0,0.25,4,10.0002,-1.111e-10,0.0686678
0,0.25,4,10.5002,-9.66197e-11,0.0686699
0,0.25,4,11.0002,-6.34982e-11,0.0686699
0,0.25,4,11.5002,-4.77177e-11,0.06867
0,0.25,4,12.0002,-5.44746e-11,0.06867
0,0.25,4,12.5002,-5.69649e-11,0.06867
0,0.25,4,13.0002,-5.71097e-11,0.06867
0,0.25,4,13.5002,-5.71413e-11,0.06867
0,0.25,4,14.0002,-5.71376e-11,0.06867
0,0.25,4,14.5002,-5.71365e-11,0.06867
0,0.25,4,15.0002,-5.71548e-11,0.06867
0,0.25,4,15.5002,-5.72344e-11,0.06867
0,0.25,4,16.0002,-5.72341e-11,0.06867
0,0.25,4,16.5002,-5.7155e-11,0.06867
0,0.25,4,17.0002,-5.71364e-11,0.06867
0,0.25,4,17.5002,-5.7137e-11,0.06867
0,0.25,4,18.0002,-5.71367e-11,0.06867
0,0.25,4,18.5002,-5.7137e-11,0.06867
0,0.25,4,19.0002,-5.71367e-11,0.06867
0,0.25,4,19.5002,-5.71335e-11,0.06867
0,0.25,4,20.0002,-5.71201e-11,0.06867
0,0.25,4,20.5002,-5.71013e-11,0.06867
0,0.25,4,21.0002,-5.69142e-11,0.06867
0,0.25,4,21.5002,-5.39099e-11,0.06867
0,0.25,4,22.0002,-2.67716e-11,0.06867
0,0.25,4,22.5002,6.36109e-11,0.0686701
0,0.25,4,23.0002,1.70085e-10,0.0686701
0,0.25,4,23.5002,1.87619e-10,0.0686722
0,0.25,4,24.0002,4.28206e-11,0.0686722
0,0.25,4.5,9.50024,-4.56114e-12,0.0686678
0,0.25,4.5,10.0002,-1.9394e-11,0.0686678
0,0.25,4.5,10.5002,-6.93872e-12,0.0686699
0,0.25,4.5,11.0002,6.33301e-13,0.0686699
0,0.25,4.5,11.5002,1.15525e-12,0.06867
0,0.25,4.5,12.0002,1.98185e-13,0.06867
0,0.25,4.5,12.5002,-1.90762e-14,0.06867
0,0.25,4.5,13.0002,-3.55719e-14,0.06867
0,0.25,4.5,13.5002,-4.0374e-14,0.06867
0,0.25,4.5,14.0002,-3.95418e-14,0.06867
0,0.25,4.5,14.5002,-3.93216e-14,0.06867
0,0.25,4.5,15.0002,-4.07892e-14,0.06867
0,0.25,4.5,15.5002,-4.68833e-14,0.06867
0,0.25,4.5,16.0002,-4.72335e-14,0.06867
0,0.25,4.5,16.5002,-4.09024e-14,0.06867
0,0.25,4.5,17.0002,-3.93219e-14,0.06867
0,0.25,4.5,17.5002,-3.93182e-14,0.06867
0,0.25,4.5,18.0002,-3.93178e-14,0.06867
0,0.25,4.5,18.5002,-3.93183e-14,0.06867
0,0.25,4.5,19.0002,-3.93174e-14,0.06867
0,0.25,4.5,19.5002,-3.88016e-14,0.06867
0,0.25,4.5,20.0002,-3.66548e-14,0.06867
0,0.25,4.5,20.5002,-3.51615e-14,0.06867
0,0.25,4.5,21.0002,-8.8199e-15,0.06867
0,0.25,4.5,21.5002,3.86416e-13,0.06867
0,0.25,4.5,22.0002,4.12589e-12,0.06867
0,0.25,4.5,22.5002,2.11495e-11,0.0686701
0,0.25,4.5,23.0002,5.69646e-11,0.0686701
0,0.25,4.5,23.5002,7.44482e-11,0.0686722
0,0.25,4.5,24.0002,1.58262e-11,0.0686722
0,0.25,5,9.50024,4.52761e-12,0.0686678
0,0.25,5,10.0002,1.93809e-11,0.0686678
0,0.25,5,10.5002,7.56811e-12,0.0686699
0,0.25,5,11.0002,1.36021e-13,0.0686699
0,0.25,5,11.5002,-8.75488e-13,0.06867
0,0.25,5,12.0002,-1.61332e-13,0.06867
0,0.25,5,12.5002,1.9015e-14,0.06867
0,0.25,5,13.0002,3.43093e-14,0.06867
0,0.25,5,13.5002,3.91359e-14,0.06867
0,0.25,5,14.0002,3.84056e-14,0.06867
0,0.25,5,14.5002,3.82142e-14,0.06867
0,0.25,5,15.0002,3.96377e-14,0.06867
0,0.25,5,15.5002,4.54419e-14,0.06867
0,0.25,5,16.0002,4.53953e-14,0.06867
0,0.25,5,16.5002,3.96228e-14,0.06867
0,0.25,5,17.0002,3.82144e-14,0.06867
0,0.25,5,17.5002,3.82144e-14,0.06867
0,0.25,5,18.0002,3.82154e-14,0.06867
0,0.25,5,18.5002,3.82155e-14,0.06867
0,0.25,5,19.0002,3.82151e-14,0.06867
0,0.25,5,19.5002,3.76989e-14,0.06867
0,0.25,5,20.0002,3.57291e-14,0.06867
0,0.25,5,20.5002,3.48078e-14,0.06867
0,0.25,5,21.0002,7.98918e-15,0.06867
0,0.25,5,21.5002,-3.52142e-13,0.06867
0,0.25,5,22.0002,-3.83426e-12,0.06867
0,0.25,5,22.5002,-2.03757e-11,0.0686701
0,0.25,5,23.0002,-5.61538e-11,0.0686701
0,0.25,5,23.5002,-7.38366e-11,0.0686722
0,0.25,5,24.0002,-1.57096e-11,0.0686722
0,0.25,5.5,9.50024,2.52103e-11,0.0686678
0,0.25,5.5,10.0002,1.10926e-10,0.0686678
0,0.25,5.5,10.5002,9.65905e-11,0.0686699
0,0.25,5.5,11.0002,6.32519e-11,0.0686699
0,0.25,5.5,11.5002,4.72045e-11,0.06867
0,0.25,5.5,12.0002,5.38762e-11,0.06867
0,0.25,5.5,12.5002,5.63529e-11,0.06867
0,0.25,5.5,13.0002,5.6497e-11,0.06867
0,0.25,5.5,13.5002,5.65284e-11,0.06867
0,0.25,5.5,14.0002,5.65245e-11,0.06867
0,0.25,5.5,14.5002,5.65207e-11,0.06867
0,0.25,5.5,15.0002,5.65347e-11,0.06867
0,0.25,5.5,15.5002,5.6616e-11,0.06867
0,0.25,5.5,16.0002,5.66159e-11,0.06867
0,0.25,5.5,16.5002,5.65348e-11,0.06867
0,0.25,5.5,17.0002,5.65209e-11,0.06867
0,0.25,5.5,17.5002,5.65237e-11,0.06867
0,0.25,5.5,18.0002,5.6524e-11,0.06867
0,0.25,5.5,18.5002,5.6524e-11,0.06867
0,0.25,5.5,19.0002,5.6524e-11,0.06867
0,0.25,5.5,19.5002,5.65206e-11,0.06867
0,0.25,5.5,20.0002,5.65072e-11,0.06867
0,0.25,5.5,20.5002,5.6487e-11,0.06867
0,0.25,5.5,21.0002,5.62984e-11,0.06867
0,0.25,5.5,21.5002,5.32984e-11,0.06867
0,0.25,5.5,22.0002,2.6263e-11,0.06867
0,0.25,5.5,22.5002,-6.37507e-11,0.0686701
0,0.25,5.5,23.0002,-1.69724e-10,0.0686701
0,0.25,5.5,23.5002,-1.87184e-10,0.0686722
0,0.25,5.5,24.0002,-4.27332e-11,0.0686722
0,0.25,6,9.50024,2.70614e-09,0.0686678
0,0.25,6,10.0002,1.05677e-08,0.0686678
0,0.25,6,10.5002,5.22821e-10,0.0686699
0,0.25,6,11.0002,-4.57334e-10,0.0686699
0,0.25,6,11.5002,2.45079e-11,0.06867
0,0.25,6,12.0002,5.62944e-11,0.06867
0,0.25,6,12.5002,6.88626e-11,0.06867
0,0.25,6,13.0002,6.92778e-11,0.06867
0,0.25,6,13.5002,6.93744e-11,0.06867
0,0.25,6,14.0002,6.93682e-11,0.06867
0,0.25,6,14.5002,6.93637e-11,0.06867
0,0.25,6,15.0002,6.94026e-11,0.06867
0,0.25,6,15.5002,6.9572e-11,0.06867
0,0.25,6,16.0002,6.95724e-11,0.06867
0,0.25,6,16.5002,6.9406e-11,0.06867
0,0.25,6,17.0002,6.9367e-11,0.06867
0,0.25,6,17.5002,6.93675e-11,0.06867
0,0.25,6,18.0002,6.93674e-11,0.06867
0,0.25,6,18.5002,6.93675e-11,0.06867
0,0.25,6,19.0002,6.93674e-11,0.06867
0,0.25,6,19.5002,6.93638e-11,0.06867
0,0.25,6,20.0002,6.93485e-11,0.06867
0,0.25,6,20.5002,6.92542e-11,0.06867
0,0.25,6,21.0002,6.87441e-11,0.06867
0,0.25,6,21.5002,5.57204e-11,0.06867
0,0.25,6,22.0002,-3.45386e-11,0.06867
0,0.25,6,22.5002,-7.2223e-10,0.0686701
0,0.25,6,23.0002,-7.29979e-09,0.0686701
0,0.25,6,23.5002,-2.1056e-08,0.0686722
0,0.25,6,24.0002,-4.98926e-09,0.0686722
0,0.25,6.5,9.50024,1.58461e-08,0.0686678
0,0.25,6.5,10.0002,6.16344e-08,0.0686678
0,0.25,6.5,10.5002,1.4783e-08,0.0686699
0,0.25,6.5,11.0002,1.08654e-08,0.0686699
0,0.25,6.5,11.5002,1.3596e-08,0.06867
0,0.25,6.5,12.0002,1.37007e-08,0.06867
0,0.25,6.5,12.5002,1.37358e-08,0.06867
0,0.25,6.5,13.0002,1.37365e-08,0.06867
0,0.25,6.5,13.5002,1.37367e-08,0.06867
0,0.25,6.5,14.0002,1.37367e-08,0.06867
0,0.25,6.5,14.5002,1.37367e-08,0.06867
0,0.25,6.5,15.0002,1.37366e-08,0.06867
0,0.25,6.5,15.5002,1.37363e-08,0.06867
0,0.25,6.5,16.0002,1.37363e-08,0.06867
0,0.25,6.5,16.5002,1.37366e-08,0.06867
0,0.25,6.5,17.0002,1.37367e-08,0.06867
0,0.25,6.5,17.5002,1.37367e-08,0.06867
0,0.25,6.5,18.0002,1.37367e-08,0.06867
0,0.25,6.5,18.5002,1.37367e-08,0.06867
0,0.25,6.5,19.0002,1.37367e-08,0.06867
0,0.25,6.5,19.5002,1.37367e-08,0.06867
0,0.25,6.5,20.0002,1.37367e-08,0.06867
0,0.25,6.5,20.5002,1.37365e-08,0.06867
0,0.25,6.5,21.0002,1.37357e-08,0.06867
0,0.25,6.5,21.5002,1.37006e-08,0.06867
0,0.25,6.5,22.0002,1.35232e-08,0.06867
0,0.25,6.5,22.5002,1.06222e-08,0.06867
0,0.25,6.5,23.0002,-1.66481e-08,0.06867
0,0.25,6.5,23.5002,-6.85603e-08,0.0686721
0,0.25,6.5,24.0002,-1.57646e-08,0.0686722
0,0.25,7,9.50024,3.52238e-07,0.0685954
0,0.25,7,10.0002,-2.72271e-07,0.0686053
0,0.25,7,10.5002,6.27598e-09,0.068607
0,0.25,7,11.0002,3.89464e-09,0.0686071
0,0.25,7,11.5002,1.36276e-08,0.0686071
0,0.25,7,12.0002,1.36569e-08,0.0686071
0,0.25,7,12.5002,1.37361e-08,0.0686071
0,0.25,7,13.0002,1.37364e-08,0.0686071
0,0.25,7,13.5002,1.37367e-08,0.0686071
0,0.25,7,14.0002,1.37367e-08,0.0686071
0,0.25,7,14.5002,1.37367e-08,0.0686071
0,0.25,7,15.0002,1.37366e-08,0.0686071
0,0.25,7,15.5002,1.37361e-08,0.0686071
0,0.25,7,16.0002,1.37361e-08,0.0686071
0,0.25,7,16.5002,1.37367e-08,0.0686071
0,0.25,7,17.0002,1.37367e-08,0.0686071
0,0.25,7,17.5002,1.37367e-08,0.0686071
0,0.25,7,18.0002,1.37367e-08,0.0686071
0,0.25,7,18.5002,1.37367e-08,0.0686071
0,0.25,7,19.0002,1.37367e-08,0.0686071
0,0.25,7,19.5002,1.37367e-08,0.0686071
0,0.25,7,20.0002,1.37367e-08,0.0686071
0,0.25,7,20.5002,1.37364e-08,0.0686071
0,0.25,7,21.0002,1.37363e-08,0.0686071
0,0.25,7,21.5002,1.36566e-08,0.0686071
0,0.25,7,22.0002,1.36897e-08,0.0686071
0,0.25,7,22.5002,3.59555e-09,0.0686072
0,0.25,7,23.0002,1.41709e-08,0.0686071
0,0.25,7,23.5002,-4.34367e-07,0.0686089
0,0.25,7,24.0002,3.59847e-07,0.0685991
1,0.25,7.5,1.5,0,0
1,0.25,8,1.5,0,0
1,0.25,1.5,1.5,0,0
1,0.25,2,1.5,0,0
1,0.25,7.5,2,0,0
1,0.25,8,2,0,0
1,0.25,1.5,2,0,0
1,0.25,2,2,0,0
1,0.25,7.5,2.5,0,0
1,0.25,8,2.5,0,0
1,0.25,1.5,2.5,0,0
1,0.25,2,2.5,0,0
1,0.25,7.5,3,0,0
1,0.25,8,3,0,0
1,0.25,1.5,3,0,0
1,0.25,2,3,0,0
1,0.25,7.5,3.5,0,0
1,0.25,8,3.5,0,0
1,0.25,1.5,3.5,0,0
1,0.25,2,3.5,0,0
1,0.25,7.5,4,0,0
1,0.25,8,4,0,0
1,0.25,1.5,4,0,0
1,0.25,2,4,0,0
1,0.25,7.5,4.5,0,0
1,0.25,8,4.5,0,0
1,0.25,1.5,4.5,0,0
1,0.25,2,4.5,0,0
1,0.25,7.5,5,0,0
1,0.25,8,5,0,0
1,0.25,1.5,5,0,0
1,0.25,2,5,0,0
1,0.25,7.5,5.5,0,0
1,0.25,8,5.5,0,0
1,0.25,1.5,5.5,0,0
1,0.25,2,5.5,0,0
1,0.25,7.5,6,0,0
1,0.25,8,6,0,0
1,0.25,1.5,6,0,0
1,0.25,2,6,0,0
1,0.25,7.5,6.5,0,0
1,0.25,8,6.5,0,0
1,0.25,1.5,6.5,0,0
1,0.25,2,6.5,0,0
1,0.25,7.5,7,0,0
1,0.25,8,7,0,0
1,0.25,1.5,7,0,0
1,0.25,2,7,0,0
1,0.25,7.5,7.5,0,0
1,0.25,8,7.5,0,0
1,0.25,1.5,7.5,0,0
1,0.25,2,7.5,0,0
1,0.25,7.5,8,0,0
1,0.25,8,8,0,0
1,0.25,1.5,8,0,0
1,0.25,2,8,0,0
1,0.25,7.5,8.5,0,0
1,0.25,8,8.5,0,0
1,0.25,1.5,8.5,0,0
1,0.25,2,8.5,0,0
1,0.25,7.5,9,0,0
1,0.25,8,9,0,0
1,0.25,1.5,9,0,0
1,0.25,2,9,0,0
1,0.25,7.5,9.5,0,0
1,0.25,8,9.5,0,0
1,0.25,1.5,9.5,0,0
1,0.25,2,9.5,0,0
1,0.25,7.5,10,0,0
1,0.25,8,10,0,0
1,0.25,1.5,10,0,0
1,0.25,2,10,0,0
1,0.25,7.5,10.5,0,0
1,0.25,8,10.5,0,0
1,0.25,1.5,10.5,0,0
1,0.25,2,10.5,0,0
1,0.25,7.5,11,0,0
1,0.25,8,11,0,0
1,0.25,1.5,11,0,0
1,0.25,2,11,0,0
1,0.25,7.5,11.5,0,0
1,0.25,8,11.5,0,0
1,0.25,1.5,11.5,0,0
1,0.25,2,11.5,0,0
1,0.25,7.5,12,0,0
1,0.25,8,12,0,0
1,0.25,1.5,12,0,0
1,0.25,2,12,0,0
1,0.25,7.5,12.5,0,0
1,0.25,8,12.5,0,0
1,0.25,1.5,12.5,0,0
1,0.25,2,12.5,0,0
1,0.25,7.5,13,0,0
1,0.25,8,13,0,0
1,0.25,1.5,13,0,0
1,0.25,2,13,0,0
1,0.25,7.5,13.5,0,0
1,0.25,8,13.5,0,0
1,0.25,1.5,13.5,0,0
1,0.25,2,13.5,0,0
1,0.25,7.5,14,0,0
1,0.25,8,14,0,0
1,0.25,1.5,14,0,0
1,0.25,2,14,0,0
1,0.25,7.5,14.5,0,0
1,0.25,8,14.5,0,0
1,0.25,1.5,14.5,0,0
1,0.25,2,14.5,0,0
1,0.25,7.5,15,0,0
1,0.25,8,15,0,0
1,0.25,1.5,15,0,0
1,0.25,2,15,0,0
1,0.25,7.5,15.5,0,0
1,0.25,8,15.5,0,0
1,0.25,1.5,15.5,0,0
1,0.25,2,15.5,0,0
1,0.25,7.5,16,0,0
1,0.25,8,16,0,0
1,0.25,1.5,16,0,0
1,0.25,2,16,0,0
1,0.25,7.5,16.5,0,0
1,0.25,8,16.5,0,0
1,0.25,1.5,16.5,0,0
1,0.25,2,16.5,0,0
1,0.25,7.5,17,0,0
1,0.25,8,17,0,0
1,0.25,1.5,17,0,0
1,0.25,2,17,0,0
1,0.25,7.5,17.5,0,0
1,0.25,8,17.5,0,0
1,0.25,1.5,17.5,0,0
1,0.25,2,17.5,0,0
1,0.25,7.5,18,0,0
1,0.25,8,18,0,0
1,0.25,1.5,18,0,0
1,0.25,2,18,0,0
1,0.25,7.5,18.5,0,0
1,0.25,8,18.5,0,0
1,0.25,1.5,18.5,0,0
1,0.25,2,18.5,0,0
1,0.25,7.5,19,0,0
1,0.25,8,19,0,0
1,0.25,1.5,19,0,0
1,0.25,2,19,0,0
1,0.25,7.5,19.5,0,0
1,0.25,8,19.5,0,0
1,0.25,1.5,19.5,0,0
1,0.25,2,19.5,0,0
1,0.25,7.5,20,0,0
1,0.25,8,20,0,0
1,0.25,1.5,20,0,0
1,0.25,2,20,0,0
1,0.25,7.5,20.5,0,0
1,0.25,8,20.5,0,0
1,0.25,1.5,20.5,0,0
1,0.25,2,20.5,0,0
1,0.25,7.5,21,0,0
1,0.25,8,21,0,0
1,0.25,1.5,21,0,0
1,0.25,2,21,0,0
1,0.25,7.5,21.5,0,0
1,0.25,8,21.5,0,0
1,0.25,1.5,21.5,0,0
1,0.25,2,21.5,0,0
1,0.25,7.5,22,0,0
1,0.25,8,22,0,0
1,0.25,1.5,22,0,0
1,0.25,2,22,0,0
1,0.25,7.5,22.5,0,0
1,0.25,8,22.5,0,0
1,0.25,1.5,22.5,0,0
1,0.25,2,22.5,0,0
1,0.25,7.5,23,0,0
1,0.25,8,23,0,0
1,0.25,1.5,23,0,0
1,0.25,2,23,0,0
1,0.25,7.5,23.5,0,0
1,0.25,8,23.5,0,0
1,0.25,1.5,23.5,0,0
1,0.25,2,23.5,0,0
1,0.25,7.5,24,0,0
1,0.25,8,24,0,0
1,0.25,1.5,24,0,0
1,0.25,2,24,0,0
1,0.25,7.5,24.5,0,0
1,0.25,8,24.5,0,0
1,0.25,1.5,24.5,0,0
1,0.25,2,24.5,0,0
1,0.25,7.5,25,0,0
1,0.25,8,25,0,0
1,0.25,1.5,25,0,0
1,0.25,2,25,0,0
1,0.25,7.5,25.5,0,0
1,0.25,8,25.5,0,0
1,0.25,1.5,25.5,0,0
1,0.25,2,25.5,0,0
1,0.25,2.5,1.5,0,0
1,0.25,2.5,2,0,0
1,0.25,2.5,25,0,0
1,0.25,2.5,25.5,0,0
1,0.25,3,1.5,0,0
1,0.25,3,2,0,0
1,0.25,3,25,0,0
1,0.25,3,25.5,0,0
1,0.25,3.5,1.5,0,0
1,0.25,3.5,2,0,0
1,0.25,3.5,25,0,0
1,0.25,3.5,25.5,0,0
1,0.25,4,1.5,0,0
1,0.25,4,2,0,0
1,0.25,4,25,0,0
1,0.25,4,25.5,0,0
1,0.25,4.5,1.5,0,0
1,0.25,4.5,2,0,0
1,0.25,4.5,25,0,0
1,0.25,4.5,25.5,0,0
1,0.25,5,1.5,0,0
1,0.25,5,2,0,0
1,0.25,5,25,0,0
1,0.25,5,25.5,0,0
1,0.25,5.5,1.5,0,0
1,0.25,5.5,2,0,0
1,0.25,5.5,25,0,0
1,0.25,5.5,25.5,0,0
1,0.25,6,1.5,0,0
1,0.25,6,2,0,0
1,0.25,6,25,0,0
1,0.25,6,25.5,0,0
1,0.25,6.5,1.5,0,0
1,0.25,6.5,2,0,0
1,0.25,6.5,25,0,0
1,0.25,6.5,25.5,0,0
1,0.25,7,1.5,0,0
1,0.25,7,2,0,0
1,0.25,7,25,0,0
1,0.25,7,25.5,0,0
