6454 2 0.5 5000 0.2 0 2 0 0.001 0 9.81 80 80
0,250,5.7481,45.8332,0.502908,5.0254
0,250,8.62802,46.7475,1.89766,6.42291
0,250,8.31279,46.7777,1.39455,6.15253
0,250,7.74088,46.4886,0.94933,6.99193
0,250,6.98707,45.5957,1.54285,6.6443
0,250,7.25639,46.8509,1.02468,5.3744
0,250,7.13103,46.5368,0.999331,7.08988
0,250,6.63864,46.9311,-0.13927,5.54825
0,250,6.20533,47.0785,-0.223821,4.26951
0,250,6.13274,47.3729,-0.396967,3.61807
0,250,6.08659,47.8281,-0.0385398,3.19543
0,250,6.01467,48.1947,1.36934,4.39718
0,250,5.98026,48.7443,0.253502,3.54628
0,250,5.97678,49.2543,-0.257224,4.00742
0,250,5.9156,49.8584,0.84988,4.35919
0,250,6.23522,50.2505,0.496501,3.55639
0,250,6.00874,50.6055,0.891799,3.26773
0,250,5.96295,51.1084,0.00906428,3.26252
0,250,6.02706,51.6491,-0.515104,3.81576
0,250,6.03557,52.0727,-1.34856,3.73423
0,250,5.93071,52.6475,0.862677,3.22099
0,250,6.01147,53.178,-1.46208,3.877
0,250,5.92313,53.7174,2.25631,2.37431
0,250,6.04644,54.2417,-0.618764,4.21309
0,250,6.03685,54.6405,0.0430148,3.81687
0,250,5.96332,55.1295,-0.155479,4.10076
0,250,5.96398,55.7399,0.616281,4.12908
0,250,5.99139,56.2252,-0.048102,3.83249
0,250,5.97813,56.7306,-0.580749,4.46825
0,250,5.99192,57.205,0.829777,3.80368
0,250,5.98043,57.7481,-0.0276911,3.42785
0,250,5.98826,58.241,-0.811835,3.74212
0,250,6.04778,58.6613,0.425274,3.95951
0,250,5.96179,59.1394,0.33583,4.09598
0,250,6.04291,59.5847,-0.575123,4.1285
0,250,6.00291,60.0413,0.516021,3.75122
0,250,6.52253,60.7078,0.36366,3.10137
0,250,6.03954,60.4744,-0.158775,3.60025
0,250,5.99527,60.9286,0.192884,3.43169
0,250,5.99714,61.3814,-0.152893,3.20424
0,250,6.59904,62.0075,1.34397,2.8411
0,250,5.97615,61.8532,-0.208179,3.58242
0,250,5.97684,62.3215,0.599849,3.4882
0,250,5.93615,62.8436,0.44993,3.44832
0,250,5.94504,63.3691,0.560101,2.77929
0,250,6.36216,63.8359,0.00533384,3.29838
0,250,5.92516,63.9589,0.0919104,2.51726
0,250,5.95402,64.5676,0.0247409,2.97186
0,250,5.97202,65.1012,0.645466,3.31825
0,250,5.97962,65.5984,-0.367627,2.67811
0,250,6.00482,66.0985,0.500064,2.53875
0,250,6.5269,66.3674,0.0933497,2.87108
0,250,5.99118,66.558,-0.0235949,2.69697
0,250,6.0119,67.0274,0.128486,2.9131
0,250,6.53915,67.2837,0.108342,2.31584
0,250,6.01606,67.4744,0.720706,2.79446
0,250,6.54482,67.7479,1.08434,2.60413
0,250,6.01187,67.9318,0.052482,2.16568
0,250,6.03657,68.3721,-0.380401,2.76139
0,250,5.97298,68.8129,0.397713,2.59453
0,250,5.93206,69.3497,-0.330658,2.57555
0,250,6.47632,69.5596,1.54638,1.67182
0,250,6.98796,69.7164,1.82018,2.80771
0,250,6.02759,69.8263,0.65105,1.55156
0,250,6.55868,70.0327,0.218716,1.64472
0,250,6.01398,70.2692,-1.01423,1.69357
0,250,6.02288,70.6974,0.686653,1.45679
0,250,6.49116,70.8867,0.431003,1.14424
0,250,5.99579,71.1722,-0.11796,1.7145
0,250,6.01977,71.6242,0.356604,1.55857
0,250,5.9731,72.0962,0.109114,2.09634
0,250,6.45687,72.444,-0.148546,2.04946
0,250,6.0046,72.576,-0.229761,1.69572
0,250,5.96027,73.0603,0.441091,2.68078
0,250,5.98369,73.5528,-0.682069,2.15921
0,250,5.99938,74.0089,1.37614,1.34443
0,250,7.09415,74.092,2.16439,0.785873
0,250,6.55138,74.2511,0.659767,0.516147
0,250,6.05028,74.4325,-1.01877,1.42771
0,250,6.52846,75.1791,-1.36006,0.344827
0,250,7.41932,75.3469,0.592789,1.59452
0,250,6.01388,74.9099,0.0079012,0.207666
0,250,5.98931,75.3497,-0.154686,0.872917
0,250,5.9831,75.8492,0.268191,-0.169312
0,250,6.48028,76.2222,-1.30735,0.647045
0,250,5.95564,76.3269,-1.66207,0.495408
0,250,7.59194,76.2494,2.23209,0.530684
0,250,7.13237,76.414,0.810073,-0.353921
0,250,6.46902,76.6429,1.49811,-0.953339
0,250,6.95511,76.8165,2.19271,1.18992
0,250,5.99926,76.8263,1.0081,-0.0491751
0,250,6.54436,77.1294,1.18292,-1.05317
0,250,5.98187,77.2774,1.06512,-0.896049
0,250,5.9692,77.7454,0.387701,0.170907
0,250,6.39216,78.0177,-0.0501202,0.4154
0,250,5.94889,78.2731,0.299517,0.395727
0,250,6.375,78.5656,-0.629093,-0.0348374
0,250,5.94176,78.8185,-0.076786,0.899312
0,250,5.91976,79.354,0.609329,0.59667
0,250,6.29861,79.5037,0.336446,-0.502223
0,250,8.37774,47.4034,0.654462,6.28357
0,250,7.92103,46.4011,1.73481,6.583
0,250,7.9613,47.2346,0.641487,5.88206
0,250,7.58098,47.3149,-0.0419628,5.41791
0,250,7.01599,47.3213,0.289609,5.62241
0,250,6.70421,47.643,-0.951555,4.99168
0,250,6.73437,48.0301,-0.0685689,4.87867
0,250,6.55819,48.384,-0.11015,4.48922
0,250,6.42387,48.8406,0.7594,4.72105
0,250,6.70552,49.2913,-0.497487,5.48329
0,250,6.31899,49.5452,-0.610842,4.2509
0,250,6.61412,49.9946,0.00605031,4.29541
0,250,6.69046,50.6217,-0.395884,3.62022
0,250,6.41344,50.9833,0.374721,4.19358
0,250,6.49563,51.4932,-0.48342,3.568
0,250,6.64984,51.9285,0.183282,3.75108
0,250,6.43727,52.324,-0.253365,3.71243
0,250,6.38637,52.8222,-0.481212,4.82091
0,250,6.49433,53.3144,1.6588,4.44407
0,250,6.37051,53.789,-0.451048,4.03185
0,250,6.60139,54.2259,0.938486,5.01929
0,250,6.70107,54.6413,0.192288,4.2597
0,250,6.45259,55.0026,-0.207395,4.63402
0,250,6.32621,55.5157,0.58329,3.21397
0,250,6.6308,55.9475,0.137282,4.82204
0,250,6.42468,56.3887,0.112121,4.30246
0,250,6.58391,56.8387,0.927301,4.5442
0,250,6.43265,57.297,0.630549,4.25067
0,250,6.43182,57.8301,-0.530811,4.24429
0,250,6.73535,58.1665,0.174006,3.62949
0,250,6.56532,58.5437,0.0284204,3.9568
0,250,6.51931,58.9959,-0.184986,3.64192
0,250,6.57005,59.4014,0.415234,3.90887
0,250,6.53273,59.8805,-0.724171,3.34108
0,250,6.64308,60.2782,0.163198,3.75978
0,250,7.07749,60.9955,0.857344,3.39151
0,250,6.55808,61.148,-0.218609,3.31725
0,250,6.48677,61.6101,-0.194963,3.58279
0,250,7.1967,61.8816,1.08349,3.55634
0,250,7.03929,62.3216,0.0224493,3.08456
0,250,6.44862,62.4267,-0.0899626,3.25309
0,250,6.99467,62.7354,0.656186,3.60681
0,250,6.45295,62.8779,0.648207,3.12375
0,250,6.41446,63.341,0.552065,3.58803
0,250,6.81387,64.2163,0.0458252,3.92429
0,250,6.3521,64.3725,0.255437,3.2514
0,250,6.45323,64.8603,-0.424193,2.53731
0,250,6.43881,65.3515,0.715878,2.97403
0,250,6.46218,65.8819,0.416815,2.85506
0,250,6.97788,66.0958,0.859321,2.90906
0,250,7.01477,66.6166,0.70885,2.45037
0,250,6.50733,66.8295,0.82692,2.61643
0,250,7.088,67.0427,1.07792,2.20202
0,250,7.03007,67.4923,0.680575,2.06454
0,250,7.13833,67.9177,0.386498,2.29069
0,250,6.55189,68.1796,-0.492611,2.52879
0,250,7.02851,68.3897,0.239297,1.99349
0,250,6.56212,68.6524,0.521011,2.27191
0,250,6.40702,69.0715,0.643846,2.19109
0,250,6.89715,69.2167,0.431603,2.27824
0,250,7.44717,69.8097,1.36693,2.27757
0,250,7.12602,70.2292,1.28516,2.25096
0,250,7.13772,70.6556,0.110686,1.51427
0,250,7.44055,71.0816,1.0116,2.35472
0,250,6.61438,70.4494,-0.485323,0.378025
0,250,6.92939,71.1143,0.693148,0.963462
0,250,6.91945,71.6838,0.202078,0.73853
0,250,6.50265,71.3965,-0.198688,1.21699
0,250,7.36926,72.0411,0.406964,1.7409
0,250,6.47123,71.9224,1.16286,1.40012
0,250,7.31085,72.5437,-0.124666,1.72568
0,250,6.46157,72.965,-0.295844,1.956
0,250,6.9054,72.7687,0.317143,1.59381
0,250,6.46217,73.4586,0.401226,1.84046
0,250,6.64892,73.8258,0.340064,2.07357
0,250,7.24872,73.6331,0.457355,0.293321
0,250,6.53334,74.7146,0.376713,0.548167
0,250,7.07527,74.5417,-1.79801,1.88458
0,250,7.01954,75.0015,0.975745,1.58147
0,250,7.51264,74.8073,0.827509,0.437712
0,250,7.87909,75.1677,0.630947,0.924004
0,250,8.40413,75.1927,1.47018,0.631165
0,250,6.90236,75.5267,0.496914,0.153987
0,250,6.42253,75.6889,1.06894,0.26244
0,250,6.8949,76.0104,-0.354544,1.1837
0,250,8.06621,76.0774,0.651678,0.680353
0,250,8.04794,76.5788,0.903746,2.14365
0,250,8.24416,77.0352,1.31927,1.34367
0,250,7.57457,76.7507,-0.858972,0.402156
0,250,7.76639,77.1727,1.6699,0.629475
0,250,7.23567,77.1825,1.51907,1.09358
0,250,7.03977,77.5486,-0.0789796,1.0697
0,250,6.87182,77.9979,-0.131437,-0.0156805
0,250,6.50368,77.5294,-0.234549,-0.603194
0,250,6.83303,78.4785,0.900551,0.275426
0,250,7.24081,78.6566,1.2714,0.316165
0,250,8.1187,79.2062,0.125606,0.0724728
0,250,6.96823,79.0546,0.338034,-1.02121
0,250,6.47127,79.0125,0.783054,-0.13904
0,250,6.77107,79.503,0.629373,0.540885
0,250,8.89077,47.0395,1.26278,6.0593
0,250,7.87208,47.7828,0.334719,6.21801
0,250,7.3089,47.7443,-0.308413,5.25147
0,250,7.41972,48.2182,-0.153006,5.5126
0,250,7.19612,48.5192,-0.616335,4.74075
0,250,6.96079,48.9074,-0.130202,4.26213
0,250,7.30935,49.3499,-0.248192,4.78588
0,250,7.0152,49.772,-0.344828,5.00224
0,250,7.02198,50.3369,0.473677,4.54205
0,250,7.35965,50.7401,0.542913,5.53945
0,250,6.99803,51.0805,-0.0511664,4.41008
0,250,7.0143,51.4796,-0.577516,4.21258
0,250,7.27219,51.9193,0.616242,4.56331
0,250,7.06831,52.3072,-0.719213,4.42905
0,250,6.88004,52.737,-0.539055,4.53171
0,250,7.09601,53.1234,0.493946,4.43468
0,250,6.91605,53.5594,0.601461,4.96609
0,250,7.00574,54.0006,0.0526957,5.55367
0,250,7.42629,54.3433,0.479407,4.68566
0,250,7.21117,54.6789,0.595339,4.76675
0,250,7.02869,55.1173,-0.176127,4.79746
0,250,6.83858,55.5235,0.375811,4.13041
0,250,7.20831,55.9216,0.501232,4.56226
0,250,6.94827,56.3802,-0.00424455,3.59238
0,250,7.16344,56.8011,1.45398,5.04966
0,250,6.9587,57.2178,-0.0934038,3.97382
0,250,6.94678,57.6689,0.157525,4.82723
0,250,7.3322,57.9827,0.516803,3.97346
0,250,7.19316,58.4444,0.891364,4.4518
0,250,7.08604,58.8947,-0.550624,3.76158
0,250,7.1378,59.2998,0.878111,4.3287
0,250,7.05918,59.7567,-0.546489,3.61935
0,250,7.25554,60.1476,0.645199,3.10315
0,250,7.11866,60.5655,0.123837,3.03671
0,250,7.60715,60.8721,0.337865,3.43893
0,250,7.52155,61.3972,-0.688605,3.62601
0,250,7.01545,61.4774,-0.387797,2.8573
0,250,7.79431,61.7762,0.987653,3.39924
0,250,7.60156,62.206,0.321708,3.4973
0,250,7.58252,62.6528,-0.342275,3.92305
0,250,7.46783,63.087,0.128795,3.9594
0,250,6.93073,63.1951,-0.0135179,3.66994
0,250,6.85027,63.7248,0.484325,3.85179
0,250,7.31086,64.1425,0.520814,2.32707
0,250,6.9802,64.657,1.01534,3.55572
0,250,6.92809,65.0972,0.402652,3.19664
0,250,7.36325,65.491,-0.0234282,2.68899
0,250,6.90395,65.6152,0.580433,2.93735
0,250,7.48895,65.9577,0.900751,2.15431
0,250,7.45521,66.4224,0.599493,2.16151
0,250,8.10102,66.7599,1.10103,2.9647
0,250,7.64315,66.8981,1.18188,1.40419
0,250,8.08554,67.3048,0.110696,3.146
0,250,7.5748,67.3324,0.824243,1.40857
0,250,7.62745,67.7852,0.033874,2.10668
0,250,7.50953,68.3241,0.773051,2.07827
0,250,8.00069,68.5491,1.69276,2.56898
0,250,7.64701,68.8467,0.670146,1.36496
0,250,7.13324,68.8485,1.08572,2.32033
0,250,7.43975,69.3117,1.1039,2.21391
0,250,7.98861,69.7669,1.45685,2.64648
0,250,7.71664,70.207,1.49909,2.97559
0,250,7.67808,70.6326,0.496608,3.10519
0,250,8.03415,70.9807,1.63846,2.33044
0,250,7.913,71.4059,1.27979,2.41964
0,250,7.3599,71.5298,0.354283,1.7963
0,250,7.84567,71.8609,0.898037,1.98572
0,250,6.90043,72.2181,0.305204,1.56846
0,250,8.43656,72.2468,0.918809,2.28359
0,250,7.85432,72.3079,-0.0191748,1.57026
0,250,8.2109,72.6686,0.306604,1.62764
0,250,7.72618,72.8027,0.84645,1.77425
0,250,7.41491,73.139,0.660255,0.934615
0,250,7.76245,73.5319,1.5867,1.56802
0,250,6.94118,73.2648,-0.298323,1.53025
0,250,8.08173,73.9547,0.84266,1.59121
0,250,7.58278,74.0428,-0.351984,0.706873
0,250,8.36812,74.324,-0.24897,1.24474
0,250,7.77248,74.4442,-0.998504,1.4755
0,250,8.1623,74.7565,1.19193,1.23151
0,250,8.87013,75.0323,2.41535,0.913232
0,250,9.46116,75.0733,2.63816,0.447737
0,250,7.38653,75.8073,-0.689938,1.29248
0,250,7.89625,75.6737,1.1933,0.342966
0,250,8.4155,75.6028,1.24764,0.952524
0,250,8.55942,76.1856,1.09291,1.23739
0,250,8.56462,76.6336,0.930125,0.946473
0,250,8.85963,77.0237,2.01972,0.551015
0,250,8.14163,77.5303,1.156,1.11754
0,250,8.65747,77.4054,2.07855,0.874905
0,250,7.58103,77.6498,0.962155,0.299381
0,250,7.98284,77.9674,0.284758,0.639676
0,250,7.35068,78.0579,-0.243746,0.434062
0,250,7.66409,78.3836,0.177548,0.232507
0,250,8.44539,78.7505,1.24417,0.468892
0,250,7.89182,78.7985,1.41368,0.280128
0,250,9.20734,79.1341,0.893832,-0.0657214
0,250,7.51146,79.0875,1.82111,1.12101
0,250,7.27529,79.5295,-0.724347,-1.61453
0,250,7.7749,79.5611,-0.270154,1.44299
0,250,9.35243,46.8252,1.17849,5.64015
0,250,8.68686,47.7204,1.00666,5.91984
0,250,8.28639,47.9975,-0.484804,6.0642
0,250,7.8965,48.3413,-0.0791646,6.29828
0,250,7.98096,48.7837,-0.078504,5.52927
0,250,7.56085,48.9267,-0.0524602,5.5401
0,250,7.83669,49.383,-0.271896,5.58674
0,250,7.51308,49.8259,0.0910108,5.41337
0,250,7.56044,50.3,-0.453745,5.08789
0,250,7.98797,50.5775,-0.0633234,4.75624
0,250,7.75223,51.0337,-0.857442,4.97337
0,250,7.56988,51.4086,-0.47219,5.09227
0,250,7.78719,51.8302,0.52385,4.79481
0,250,7.67541,52.3083,-0.369242,4.29254
0,250,7.44802,52.7123,0.11981,3.79337
0,250,7.78476,53.0616,0.300333,4.92429
0,250,7.5015,53.4444,-0.101332,4.3447
0,250,7.5169,53.8741,0.87363,4.29614
0,250,7.90397,54.7612,0.245506,5.26788
0,250,7.62717,55.0817,-0.433443,4.23441
0,250,7.43278,55.4878,0.789792,5.04267
0,250,7.80104,55.8556,0.844112,4.56366
0,250,7.47535,56.3148,-0.0737397,4.56205
0,250,7.77098,56.69,0.889794,4.378
0,250,7.59181,57.1119,0.0958484,4.02786
0,250,7.49169,57.5216,0.502772,4.61535
0,250,7.91893,57.8818,0.419483,3.97147
0,250,7.76002,58.2928,0.828868,4.23712
0,250,7.61049,58.7679,0.124928,4.23735
0,250,7.80347,59.1682,0.906961,4.56491
0,250,7.59591,59.5528,0.445487,3.75604
0,250,7.73825,59.9958,0.571823,3.85571
0,250,7.76224,60.4863,0.0305395,3.91878
0,250,8.27978,60.8223,0.503603,4.27947
0,250,7.98835,61.2057,0.408897,4.29547
0,250,8.33493,61.5226,0.065566,3.70871
0,250,8.25375,61.9819,0.00361592,4.89479
0,250,8.09338,62.4375,-0.48776,4.79118
0,250,8.02607,62.973,0.613088,4.22608
0,250,8.39848,63.3089,1.40675,3.01804
0,250,7.86456,63.4356,0.885461,3.21069
0,250,7.29506,63.5612,0.362339,3.55505
0,250,7.69849,63.8941,1.31165,3.16237
0,250,7.50989,64.5572,-0.266324,2.56335
0,250,7.47943,65.0351,1.40117,2.85118
0,250,7.95673,65.2099,0.360204,2.27676
0,250,7.895,65.6396,1.03794,2.75051
0,250,8.229,65.987,0.998806,2.76788
0,250,7.93573,66.3116,0.402611,2.01222
0,250,8.539,67.0832,0.0634743,3.41326
0,250,8.83979,67.4395,0.515584,3.07072
0,250,9.33761,67.64,0.0739556,3.3072
0,250,8.30593,67.6641,1.0739,3.0354
0,250,8.77513,67.8989,1.0618,3.49285
0,250,7.98276,68.0499,0.42732,2.05939
0,250,8.60366,68.6577,1.13084,2.76795
0,250,8.24352,68.9881,0.355436,2.647
0,250,8.65324,69.271,0.438252,2.02256
0,250,7.92638,69.3244,0.169681,2.88741
0,250,8.50341,69.6577,2.00505,1.97756
0,250,8.3292,70.132,1.03037,2.3805
0,250,8.25025,70.5321,1.18571,2.53497
0,250,8.60876,70.9069,1.70788,2.49228
0,250,8.47358,71.3317,0.830032,2.53759
0,250,8.3566,71.8057,0.977405,2.58826
0,250,8.96567,72.1775,1.50526,1.80151
0,250,8.8067,72.6341,0.0175748,1.68845
0,250,9.50504,72.14,1.89861,1.5994
0,250,9.36261,72.5817,1.06425,0.933001
0,250,9.77707,72.97,0.642401,0.857747
0,250,8.58598,73.0323,0.80646,1.61685
0,250,9.21007,73.01,1.67019,0.713308
0,250,8.07833,73.1957,0.770218,2.06849
0,250,8.91339,73.3972,1.23339,0.603792
0,250,8.38668,73.5517,1.38503,1.78221
0,250,9.5303,73.4028,1.46852,0.904759
0,250,8.69106,73.9096,1.65378,1.5294
0,250,9.05988,74.2276,1.07837,1.40259
0,250,8.73462,74.6161,0.333094,1.03653
0,250,9.30831,74.6523,0.826441,0.938675
0,250,9.87511,74.68,0.919869,0.116379
0,250,10.5572,75.3512,1.27326,0.502178
0,250,10.1425,75.5517,2.34787,1.37506
0,250,9.10842,75.4382,2.21265,0.481184
0,250,8.84866,75.8161,0.860178,0.652903
0,250,9.05209,76.368,1.37074,1.15047
0,250,9.25504,76.801,1.43965,1.02595
0,250,9.65184,77.0587,1.22078,0.479519
0,250,9.28219,77.4085,1.76511,2.13014
0,250,9.06794,77.7861,0.997265,0.889799
0,250,8.54736,77.8774,0.380401,0.314232
0,250,8.77481,78.273,0.496215,0.378175
0,250,8.23485,78.3605,0.40969,0.210143
0,250,10.109,78.7595,0.98965,0.079725
0,250,9.00503,78.6653,-0.604134,0.00400591
0,250,9.53583,78.7025,-0.222659,0.512104
0,250,8.94642,79.5683,1.38543,-0.715473
0,250,8.70571,79.1348,0.305662,1.07926
0,250,8.38941,79.5564,-0.721153,1.10055
0,250,9.52217,79.5546,1.37366,0.607197
0,250,9.70076,46.6762,0.732815,5.37999
0,250,9.13838,47.4812,0.511688,5.98152
0,250,8.84591,48.2744,0.209814,5.48257
0,250,8.48227,48.5046,0.0687383,5.33496
0,250,8.49937,48.9672,-0.0567583,6.15382
0,250,8.28703,49.3921,0.111233,5.23411
0,250,8.47364,49.8314,0.212696,5.42289
0,250,8.00993,49.9627,-0.669519,5.575
0,250,8.3938,50.3497,-0.429857,5.48507
0,250,8.40889,50.8833,0.131726,4.82382
0,250,8.23448,51.285,-0.597957,5.12562
0,250,8.27043,51.7068,0.227172,4.85313
0,250,8.27763,52.1868,0.336121,5.23137
0,250,8.07921,52.6027,0.189195,4.89876
0,250,8.32596,53.0273,0.340579,4.92762
0,250,8.10841,53.4761,0.182532,4.51452
0,250,8.05475,53.8946,0.0390582,4.77684
0,250,7.98908,54.3351,0.562526,4.82548
0,250,8.47014,54.6965,-0.0815305,4.92254
0,250,8.38375,55.138,-0.0637467,5.35405
0,250,8.05617,55.4242,0.0484023,4.93145
0,250,8.33493,55.8416,0.917837,4.23984
0,250,8.05836,56.2736,0.0808828,4.2887
0,250,8.41145,56.6559,0.118773,4.44364
0,250,8.18845,57.0442,0.787707,4.49722
0,250,8.09951,57.4568,0.772034,4.16699
0,250,8.50133,57.8342,0.727566,4.14386
0,250,8.37332,58.2678,0.668576,4.04039
0,250,8.13937,58.6789,0.0619755,4.51824
0,250,8.42229,59.0651,1.33414,4.20554
0,250,8.22086,59.4735,0.721058,3.91625
0,250,8.20656,59.9226,0.65319,4.44119
0,250,8.28583,60.4073,-0.0740747,4.15194
0,250,8.93819,60.768,-0.367097,4.187
0,250,8.68561,61.1313,0.623161,4.86944
0,250,8.83701,61.584,0.209897,4.43464
0,250,9.12224,61.9733,1.15795,4.4421
0,250,8.68443,62.1556,0.299844,3.25709
0,250,8.47148,62.7017,0.69256,3.40505
0,250,8.83089,63.0762,0.652246,3.65715
0,250,8.80802,63.6223,0.52227,4.75977
0,250,8.26843,63.8022,0.9571,3.31673
0,250,8.62748,64.1416,0.798227,3.65639
0,250,8.06172,64.2381,0.722996,3.22138
0,250,7.9721,64.692,0.312545,2.61102
0,250,8.43569,65.1321,0.666791,3.09663
0,250,8.51575,65.5997,0.151447,2.75882
0,250,8.69794,66.147,0.811989,3.14924
0,250,8.54632,66.5762,-0.109268,2.69626
0,250,9.00778,66.8206,0.131605,3.26225
0,250,9.29533,67.1611,0.540247,3.12984
0,250,9.84101,67.519,1.2664,3.81965
0,250,9.80204,67.9765,1.08497,2.7999
0,250,9.25408,68.1082,1.56227,2.97979
0,250,8.46793,68.2293,0.579072,2.6505
0,250,9.07626,68.4789,0.460956,2.58853
0,250,9.02567,68.9852,1.4943,3.24257
0,250,9.40859,69.3137,1.47107,1.93856
0,250,9.08723,69.6426,1.77395,2.17956
0,250,8.87339,70.0636,0.485302,2.16103
0,250,9.392,70.4948,0.633323,2.68671
0,250,8.85221,70.4974,0.597599,2.15789
0,250,9.19431,70.9153,0.840773,2.88787
0,250,9.03711,71.3154,1.08306,2.58582
0,250,8.86234,71.7382,0.701062,2.579
0,250,9.4423,71.7253,1.09418,1.95936
0,250,10.0547,72.0778,2.01514,1.97258
0,250,10.4278,72.5275,2.23401,1.68039
0,250,9.91983,72.5319,2.10425,0.869677
0,250,10.2881,73.0188,1.02001,0.832191
0,250,10.5909,73.4488,0.733638,1.57072
0,250,10.9316,73.9481,1.96391,1.3935
0,250,10.0589,73.4573,1.68419,0.975256
0,250,11.5577,74.1223,1.44554,2.91887
0,250,10.4469,73.8848,1.57849,1.71756
0,250,9.80054,73.8531,1.15529,0.699543
0,250,9.22078,73.7761,0.808535,0.642737
0,250,10.1782,74.2333,2.45702,0.944102
0,250,9.61551,74.2458,1.36954,0.346242
0,250,10.4069,74.6913,0.699361,1.67905
0,250,10.0734,75.0702,1.73427,1.04775
0,250,11.0038,75.47,0.938188,1.29391
0,250,10.9202,75.9548,1.98112,0.765056
0,250,10.4721,75.9396,2.10174,1.56347
0,250,9.64127,75.504,1.7006,1.49032
0,250,9.34484,75.9412,0.50631,0.957349
0,250,9.59017,76.3802,1.82811,0.291609
0,250,10.2397,77.2104,0.130274,0.974708
0,250,9.85149,77.4922,1.13443,0.856862
0,250,9.58588,77.8902,2.1665,1.14627
0,250,10.1383,77.9166,2.66127,0.782972
0,250,9.32972,78.2649,1.16102,0.412782
0,250,9.92211,78.3403,0.227826,0.516241
0,250,10.4479,78.3366,0.39482,0.416469
0,250,10.6944,78.8348,0.564623,-0.354319
0,250,10.3279,79.1682,1.91201,-0.305143
0,250,9.74441,79.1395,0.392918,-0.339765
0,250,10.6586,79.5696,0.105111,-0.141473
0,250,10.0772,79.562,1.22499,-0.578067
0,250,11.9671,79.5697,0.800903,0.968025
0,250,10.0442,46.7094,0.840863,6.29424
0,250,9.57857,47.2807,1.1453,6.14723
0,250,9.21241,47.9493,0.271384,5.58614
0,250,9.2614,48.556,-0.239063,5.44988
0,250,9.03526,48.9512,-0.665442,5.24832
0,250,8.85825,49.4,-0.640796,5.29767
0,250,9.04158,49.8119,0.407569,5.51203
0,250,8.91272,50.2734,0.65194,5.76297
0,250,8.93144,50.7143,0.111771,5.37017
0,250,8.87882,51.2027,0.0204383,5.04018
0,250,8.82363,51.628,-0.0398268,4.77322
0,250,8.83613,52.0672,-0.146237,5.19517
0,250,8.69272,52.5063,-0.205362,4.83377
0,250,8.8472,52.9096,0.344959,5.10925
0,250,8.68281,53.3988,0.0663484,4.95567
0,250,8.63835,53.84,0.302391,5.15301
0,250,8.56925,54.2792,-0.0211983,5.15716
0,250,9.07475,54.5815,-0.104222,5.32968
0,250,9.03197,55.0086,0.33435,5.11672
0,250,8.81182,55.3875,-0.0189665,4.5583
0,250,8.84642,55.8213,0.228499,5.08946
0,250,8.6533,56.2799,0.0842718,4.78327
0,250,9.08557,56.6391,0.415323,5.07613
0,250,8.8413,57.0129,0.0888256,3.99571
0,250,8.68516,57.4047,0.726961,4.0157
0,250,9.08674,57.7907,0.110843,4.18842
0,250,8.93936,58.2111,0.162563,4.36977
0,250,8.72816,58.6552,0.112455,4.44457
0,250,9.05378,59.0401,0.840544,4.15533
0,250,8.81219,59.4327,0.858571,4.35959
0,250,8.73675,59.8592,0.622623,4.2954
0,250,8.77448,60.3105,-0.0301338,4.24764
0,250,9.63966,60.7586,0.347851,4.09048
0,250,9.30388,61.1047,0.123584,3.8167
0,250,9.37711,61.5061,-0.453159,3.8816
0,250,9.68249,61.9537,1.06463,3.81565
0,250,9.48036,62.3736,1.60876,4.19092
0,250,8.96282,62.5569,0.465683,3.1564
0,250,9.36094,62.8438,0.0503199,3.66045
0,250,9.26698,63.339,0.569364,3.81048
0,250,9.2156,63.8591,-0.0998927,4.02944
0,250,9.02334,64.3396,1.12777,4.25051
0,250,8.47772,64.6373,0.522554,3.04666
0,250,8.91651,64.8527,0.529185,3.41293
0,250,8.95094,65.346,0.672533,3.15761
0,250,9.04903,65.8279,0.66125,3.01589
0,250,9.54933,66.0523,-0.113969,3.48787
0,250,9.16041,66.3799,0.494143,3.75684
0,250,9.61558,66.5597,0.790612,3.7595
0,250,9.74224,67.0196,0.499487,4.21599
0,250,10.4496,67.6711,1.97444,4.50409
0,250,10.2767,68.0911,0.904523,4.11303
0,250,10.3802,68.5004,1.50922,3.49049
0,250,9.73175,68.4291,1.16398,2.99593
0,250,10.7484,68.8899,1.82887,3.67211
0,250,9.52576,68.8181,0.849453,2.34884
0,250,9.91083,69.2842,1.33603,2.77418
0,250,9.75519,69.7458,0.558007,2.85682
0,250,9.42622,70.0279,0.174722,2.78783
0,250,9.88701,70.4327,0.604754,2.40792
0,250,9.78145,70.9037,0.381647,1.94768
0,250,10.3169,70.8006,0.830815,2.50531
0,250,10.2248,71.247,0.933016,2.15113
0,250,10.6466,71.6196,1.64469,2.11275
0,250,9.6227,71.3215,1.41462,2.41035
0,250,10.0425,71.659,1.14141,1.89889
0,250,10.5753,72.0457,1.7224,2.01048
0,250,10.9372,72.4451,2.08901,2.31527
0,250,10.7824,72.9285,1.86571,2.24644
0,250,11.0776,73.3331,1.48356,2.45488
0,250,11.331,73.6859,1.89589,2.47009
0,250,11.8489,73.6825,1.9651,2.79133
0,250,12.1416,74.1104,1.54545,2.16465
0,250,11.8532,74.5127,1.96584,2.71868
0,250,10.7755,74.3968,1.93908,2.03992
0,250,11.2522,74.4473,1.77319,2.00634
0,250,11.8189,74.9485,2.92754,2.49665
0,250,11.2911,74.9058,2.70246,2.33508
0,250,11.5059,75.3399,1.34731,1.6727
0,250,10.8324,74.9516,2.093,0.231114
0,250,11.9423,75.5741,1.8048,1.49904
0,250,11.4267,75.8145,1.32414,1.16041
0,250,10.7961,76.4449,2.00336,0.744211
0,250,9.86687,75.9769,1.40153,0.53129
0,250,10.247,76.3438,1.69972,1.61338
0,250,9.95589,76.7045,1.84181,0.721781
0,250,10.4832,76.8234,2.1835,1.63067
0,250,10.8359,77.2593,1.53208,0.256659
0,250,11.257,77.5154,1.10841,0.312094
0,250,10.5138,77.6316,2.54719,0.300447
0,250,10.8403,77.9131,1.30807,1.61486
0,250,10.8993,78.42,2.53618,1.48394
0,250,11.2818,78.8986,1.1645,0.911304
0,250,11.8451,78.7971,2.15784,0.366126
0,250,10.9579,79.246,2.48997,0.34644
0,250,12.6613,78.7743,1.97518,-0.135863
0,250,11.6432,79.2371,1.71416,-0.545281
0,250,12.2354,79.0888,0.920512,1.30215
0,250,11.316,79.5964,0.320222,0.473318
0,250,12.4808,79.5299,1.58946,-0.441886
0,250,10.5473,46.7681,0.873322,6.09204
0,250,10.0767,47.2435,1.09841,6.23104
0,250,9.72085,47.7721,1.13519,5.20417
0,250,9.67806,48.2692,1.15881,5.34299
0,250,9.70946,48.8233,0.227593,5.13686
0,250,9.44854,49.2334,-0.0353342,5.36394
0,250,9.57372,49.6312,0.711813,5.55222
0,250,9.48783,50.1011,0.658806,5.31064
0,250,9.48541,50.5394,0.366493,5.18718
0,250,9.41777,50.9965,0.402215,5.65316
0,250,9.39026,51.4579,0.148086,5.52281
0,250,9.39191,51.9075,0.585299,5.46416
0,250,9.31131,52.3507,0.0671195,5.20195
0,250,9.37631,52.7781,0.621657,5.32751
0,250,9.26603,53.2495,-0.0620451,4.97283
0,250,9.20012,53.6797,0.419362,5.46837
0,250,9.14529,54.1373,0.117189,5.26201
0,250,9.6247,54.4346,0.445497,5.05245
0,250,9.607,54.9016,0.206077,5.05811
0,250,9.47186,55.3482,0.501818,4.79498
0,250,9.41812,55.743,-0.0712137,4.92054
0,250,9.2304,56.1841,-0.270349,5.15992
0,250,9.63159,56.4915,0.528172,4.75648
0,250,9.50832,56.9684,1.05434,4.89715
0,250,9.28999,57.3534,0.77444,4.48761
0,250,9.64693,57.7306,-0.0442679,4.88777
0,250,9.5279,58.1765,0.546436,4.906
0,250,9.30689,58.5994,0.803966,4.19222
0,250,9.60951,58.981,0.369179,4.45773
0,250,9.38966,59.4638,1.42952,4.50816
0,250,9.29004,59.889,-0.0128866,4.49966
0,250,9.28023,60.3828,0.108882,4.17546
0,250,10.1841,60.5615,0.444572,4.11375
0,250,9.97507,61.0573,0.233959,3.95612
0,250,9.90285,61.5099,-0.193954,3.71002
0,250,10.3099,61.8318,0.843126,3.26754
0,250,10.064,62.2737,1.20282,3.87898
0,250,9.92186,62.7402,0.627347,4.14123
0,250,10.3205,63.1378,0.968841,3.96083
0,250,9.78357,63.1867,0.532169,3.77826
0,250,9.70865,63.6805,-0.37443,3.35778
0,250,9.63156,64.1801,0.677478,3.46933
0,250,9.44173,64.615,1.07991,3.49463
0,250,9.41626,65.078,0.568962,2.98344
0,250,9.96582,65.7098,0.310949,4.26093
0,250,9.48362,65.5499,0.412095,3.31237
0,250,10.0426,66.2171,0.714076,4.02455
0,250,10.1441,66.7378,0.867216,4.02861
0,250,10.6801,67.0452,1.09213,4.70101
0,250,10.2724,67.267,0.888579,4.35845
0,250,10.9697,67.554,1.65063,3.93709
0,250,10.8905,67.9917,1.31773,3.36808
0,250,11.4494,68.3245,1.1718,3.51094
0,250,10.9044,68.4267,1.29239,3.47108
0,250,11.3069,68.7691,1.15076,3.24125
0,250,10.0717,68.8361,1.20029,2.87548
0,250,10.4607,69.2226,0.832526,2.89579
0,250,10.325,69.6542,0.535156,3.10398
0,250,10.1548,70.0905,0.67915,2.61873
0,250,10.7576,69.982,1.02503,3.01377
0,250,10.542,70.4228,0.610958,2.72919
0,250,10.9483,70.7686,1.28786,3.03208
0,250,10.774,71.1767,0.554516,2.83873
0,250,11.1786,71.597,1.70793,2.51831
0,250,11.6769,72.0283,1.87061,2.99494
0,250,12.0735,72.4046,1.63912,3.28846
0,250,11.1463,72.0412,1.6126,2.16782
0,250,11.5239,72.474,1.32636,2.68596
0,250,11.313,72.8591,1.52675,2.7687
0,250,11.6555,73.1955,1.58437,2.87888
0,250,12.1694,73.3872,2.14085,2.45726
0,250,12.4906,73.8579,2.16112,2.67099
0,250,12.9775,73.8139,1.52655,2.81237
0,250,12.7603,74.322,2.19415,2.77586
0,250,13.1269,74.7078,2.79453,2.22162
0,250,12.3707,74.579,1.86452,1.6721
0,250,13.0709,75.299,2.82483,2.5181
0,250,12.6974,74.9162,2.89429,2.07702
0,250,12.2327,75.1271,3.18672,1.60528
0,250,12.2734,75.8115,1.74954,1.49645
0,250,12.4895,76.2075,1.87145,1.02293
0,250,11.769,76.1414,1.63402,0.832163
0,250,11.2944,76.3398,1.65537,2.05574
0,250,11.527,76.7442,3.21081,1.85143
0,250,12.0033,76.9217,2.4736,1.19226
0,250,11.0549,76.8855,2.23574,0.487963
0,250,12.0857,77.4691,2.38192,1.2372
0,250,11.5765,77.2262,2.0715,1.84517
0,250,11.7783,77.7686,0.587393,0.917763
0,250,11.864,78.2173,1.98333,0.790079
0,250,11.3032,78.0031,1.44409,0.514425
0,250,11.4233,78.4723,1.41729,0.161936
0,250,12.2475,78.514,2.23338,0.884957
0,250,12.7981,78.2942,2.08442,0.280359
0,250,13.1775,78.7164,0.814485,1.32587
0,250,13.3994,79.052,2.2398,1.09905
0,250,12.8136,79.2038,1.57784,0.60633
0,250,13.5815,79.473,2.30611,0.697321
0,250,13.0994,79.5845,2.57315,-0.196249
0,250,14.07,79.6299,2.89012,1.14888
0,250,10.8297,46.7192,1.1212,6.44892
0,250,10.4472,47.4179,0.546231,5.96569
0,250,10.1459,47.9027,1.15236,5.6435
0,250,10.142,48.4495,0.532303,4.98539
0,250,10.1451,48.9805,1.19806,5.39039
0,250,10.0875,49.4416,0.636355,6.2216
0,250,10.0791,49.932,-0.105321,5.44171
0,250,10.0261,50.3645,0.438485,5.71879
0,250,9.99673,50.84,0.908105,5.72321
0,250,9.92658,51.2824,0.464179,5.71668
0,250,9.96116,51.7474,0.53369,4.96932
0,250,9.88058,52.1853,0.198273,5.3614
0,250,9.91142,52.6175,0.285123,5.67098
0,250,9.85081,53.0722,0.115086,5.48655
0,250,9.76541,53.535,0.594444,5.08105
0,250,9.7141,53.9902,0.328735,5.48582
0,250,10.197,54.271,0.67196,5.51627
0,250,10.1432,54.7217,0.347656,5.25151
0,250,10.0583,55.1881,0.952551,5.19453
0,250,10.0679,55.6174,0.478363,5.3446
0,250,9.86806,56.0037,-0.0333843,5.27114
0,250,10.1384,56.3926,1.16108,4.60833
0,250,10.0668,56.8694,0.183816,4.20755
0,250,9.93669,57.3201,0.454825,5.06457
0,250,10.2321,57.682,0.218174,4.49003
0,250,10.0603,58.1239,0.0438269,4.73913
0,250,9.91977,58.575,0.881845,4.71264
0,250,10.3381,58.8602,0.882489,4.42644
0,250,9.98434,59.2277,0.686468,4.19146
0,250,9.82135,59.7312,0.42815,4.37033
0,250,9.74814,60.247,0.0676523,4.29619
0,250,10.6994,60.3663,0.16179,4.31985
0,250,10.5446,60.868,0.324602,4.45122
0,250,10.4259,61.3517,0.483835,3.89586
0,250,10.8726,61.6522,1.36019,3.81381
0,250,10.6522,62.1428,0.396533,3.40142
0,250,10.4325,62.6325,0.941711,4.35863
0,250,10.8313,62.9378,0.651586,4.31976
0,250,10.6822,63.4785,0.79322,4.28604
0,250,10.1762,63.633,-0.161353,3.53178
0,250,10.094,64.1945,0.0469025,3.82217
0,250,9.94557,64.7191,0.571032,4.57636
0,250,9.93119,65.1922,0.385159,4.44108
0,250,10.412,65.5182,1.30653,4.75145
0,250,10.4839,65.9886,0.933326,3.80072
0,250,10.9653,66.197,0.770143,4.2251
0,250,10.5309,66.5113,0.854124,4.07391
0,250,11.0433,66.6738,0.791138,4.22233
0,250,11.1786,67.1485,1.43068,3.22242
0,250,11.606,67.4849,0.901642,3.35534
0,250,11.4411,67.8883,1.65234,3.6138
0,250,12.0444,67.8272,1.36217,3.15654
0,250,11.972,68.2479,1.1451,2.75802
0,250,11.8786,68.7153,1.98179,3.36035
0,250,11.7109,69.1427,1.20924,3.08095
0,250,11.1639,69.2222,1.50951,3.67359
0,250,11.6053,69.5842,2.13303,3.4283
0,250,10.9078,69.5636,0.87651,2.86515
0,250,11.354,69.9259,1.20905,2.95185
0,250,11.1296,70.3361,0.30059,3.13665
0,250,11.5003,70.7586,1.5839,3.44219
0,250,11.3457,71.1886,1.52294,2.88471
0,250,11.7591,71.6172,1.8854,3.48451
0,250,12.2864,72.0136,2.0266,3.6949
0,250,12.8105,72.2016,3.1437,1.94422
0,250,12.5763,72.578,2.41551,2.14077
0,250,13.0491,72.9889,2.2879,2.8611
0,250,11.9573,72.8437,1.87671,3.12288
0,250,12.4719,73.0003,2.06151,2.09014
0,250,12.7257,73.4015,2.05305,2.4978
0,250,13.4802,73.7355,2.61359,1.85873
0,250,13.8209,74.0578,1.55844,2.27161
0,250,13.2682,74.2183,2.03763,2.18181
0,250,13.6139,74.5866,3.04685,2.41304
0,250,13.5012,75.0942,3.18171,1.74667
0,250,13.4388,75.6445,3.64717,1.12484
0,250,12.6034,75.4535,2.44494,1.49051
0,250,13.9313,75.9142,3.63244,1.84515
0,250,12.9419,75.8106,2.5282,1.45367
0,250,13.4359,76.1276,1.57573,1.31479
0,250,13.9582,76.3639,1.93179,1.15816
0,250,12.9555,76.2776,2.19232,1.12907
0,250,12.0434,76.4466,1.33092,0.600354
0,250,12.537,76.7,1.26876,0.995978
0,250,12.4411,77.1823,1.76291,2.52899
0,250,13.4518,77.0662,1.38579,0.658903
0,250,12.6253,77.698,2.18492,2.05799
0,250,12.9322,77.3146,2.36935,0.736804
0,250,12.342,78.0097,0.287976,0.70848
0,250,14.2033,77.7641,2.5263,1.57889
0,250,13.308,77.5634,2.52977,0.135858
0,250,13.7017,77.7355,2.35805,1.2899
0,250,13.0904,78.0014,2.57324,0.233178
0,250,13.4466,78.3174,1.88464,0.999456
0,250,13.843,78.6826,0.0296309,1.92435
0,250,14.3762,78.3328,0.900112,0.309074
0,250,13.9518,79.102,3.59976,0.316502
0,250,14.4782,78.7139,3.34442,-0.674568
0,250,14.4214,79.1527,0.0286889,1.21693
0,250,14.667,79.5123,1.80031,-0.0361347
0,250,11.3555,46.5825,0.735092,6.66341
0,250,10.9476,47.2269,0.89895,5.80492
0,250,10.7524,47.7594,1.04922,5.72185
0,250,10.5931,48.2047,0.209406,5.49435
0,250,10.6346,48.6829,0.944575,6.29033
0,250,10.6317,49.1942,0.505655,5.68392
0,250,10.5597,49.6899,0.732466,5.51292
0,250,10.595,50.1606,0.546816,5.31309
0,250,10.5396,50.6269,0.906076,5.44779
0,250,10.5017,51.0639,0.719204,4.81486
0,250,10.4624,51.5247,0.892379,6.16245
0,250,10.4641,51.9827,0.0369961,5.26762
0,250,10.4669,52.4437,0.547668,5.58645
0,250,10.4416,52.88,0.34477,5.31751
0,250,10.3118,53.3284,0.189865,5.46955
0,250,10.2609,53.7997,0.647528,5.66904
0,250,10.7507,54.0429,1.01682,5.63673
0,250,10.7089,54.488,0.881114,5.04517
0,250,10.6229,54.9506,0.696137,5.15039
0,250,10.6485,55.3759,0.869065,4.65084
0,250,10.5575,55.7957,0.0178072,4.88777
0,250,10.5828,56.2598,1.17554,5.13305
0,250,10.731,56.7103,0.963572,5.33599
0,250,10.4924,57.0868,0.362188,4.79754
0,250,10.7039,57.5091,0.477533,4.90115
0,250,10.7311,57.9676,0.122747,4.85053
0,250,10.4927,58.3847,0.609917,4.85976
0,250,10.8439,58.7304,0.628891,4.43088
0,250,10.7034,59.2347,0.745723,4.42459
0,250,10.3399,59.5475,0.686793,4.12397
0,250,10.2256,60.0642,0.250036,3.99477
0,250,11.1897,60.1545,0.686982,4.5299
0,250,11.0803,60.6805,0.792624,3.90306
0,250,10.9545,61.1759,0.855373,4.06821
0,250,11.3958,61.4831,1.64687,4.19957
0,250,11.233,61.9783,0.597817,4.24827
0,250,10.9976,62.4509,0.267146,4.05169
0,250,11.348,62.8229,0.971737,3.59138
0,250,11.1539,63.3363,1.73485,3.82256
0,250,11.0577,63.8902,0.494293,3.95254
0,250,10.5564,63.9885,-0.355392,3.31017
0,250,10.4551,64.5321,-0.237167,3.51637
0,250,10.415,65.0047,0.332118,4.22453
0,250,10.8618,65.2988,0.168571,3.55603
0,250,11.0041,65.7346,1.84618,3.91145
0,250,11.4831,66.0897,1.15903,3.40374
0,250,11.5416,66.5414,1.53637,3.97008
0,250,12.1159,66.7507,1.77583,3.17464
0,250,11.6715,66.9799,2.26791,3.62214
0,250,12.5,67.1518,1.80331,4.5124
0,250,12.0918,67.3294,1.56547,3.46486
0,250,12.5254,67.7839,1.76057,3.32776
0,250,12.5847,68.2275,1.61196,3.40741
0,250,12.3883,68.6141,1.39983,2.96384
0,250,12.2646,69.1185,1.05551,3.53828
0,250,12.1729,69.5448,2.20506,4.14207
0,250,12.513,69.959,2.06825,4.13567
0,250,11.974,69.9796,1.74188,4.0169
0,250,12.0785,70.799,1.56469,3.75846
0,250,11.6973,70.3537,0.712507,3.70005
0,250,11.9063,71.191,2.12333,3.59655
0,250,12.3047,71.5931,1.61831,3.61519
0,250,12.8505,71.7626,1.92338,2.34116
0,250,13.3743,72.1274,3.38226,3.02929
0,250,13.6672,72.621,2.14442,3.3425
0,250,13.1795,72.5726,2.25465,2.77144
0,250,13.7731,73.0373,2.65785,2.88878
0,250,13.3327,73.2969,2.35037,3.05977
0,250,14.3791,73.0317,3.39547,1.40864
0,250,13.9235,73.4611,3.5476,2.1714
0,250,14.4314,73.4558,3.19114,1.94612
0,250,14.2523,73.9266,2.19907,2.26305
0,250,14.0954,74.4827,2.5131,1.93918
0,250,14.5438,74.8216,3.36993,1.71033
0,250,13.9876,74.9743,3.95173,2.33175
0,250,15.0575,75.1413,2.90096,1.70355
0,250,14.4618,75.2465,2.99069,1.93441
0,250,13.9208,75.45,3.28929,2.28046
0,250,14.4159,75.7015,3.43752,2.32584
0,250,14.4445,76.2247,3.16086,1.93378
0,250,14.8619,76.5444,3.27932,0.809165
0,250,14.4221,76.7453,1.8021,0.896668
0,250,13.4291,76.5935,1.73255,1.13325
0,250,13.934,76.8247,2.56778,1.0409
0,250,12.9766,76.8235,0.489597,0.450803
0,250,16.5675,77.5215,4.13412,0.475015
0,250,14.8608,77.0999,2.19224,0.389833
0,250,14.4074,77.2701,1.17093,0.674136
0,250,13.9419,77.2945,1.63033,1.17827
0,250,16.0639,77.546,3.73354,1.44178
0,250,14.8714,77.5846,1.79418,-0.0863005
0,250,16.0193,77.9128,4.07668,0.621612
0,250,14.6474,77.9441,1.84316,0.379358
0,250,15.4404,77.9087,1.74554,0.495799
0,250,13.8903,78.209,1.36946,2.05941
0,250,15.0356,78.2411,2.88424,-0.488421
0,250,15.0012,78.6538,0.595619,-1.03844
0,250,15.5512,78.7371,2.77615,0.448383
0,250,15.0016,79.1225,1.58413,-0.400216
0,250,15.2077,79.6113,2.58232,-0.576216
0,250,11.4523,47.0161,0.520942,5.80905
0,250,11.2783,47.5667,1.13309,6.47554
0,250,11.2143,48.058,1.29766,5.42068
0,250,11.131,48.4922,1.01614,5.88686
0,250,11.1213,48.9758,0.952864,4.96309
0,250,11.0795,49.4627,1.00085,5.79691
0,250,11.0978,49.9505,0.757075,5.70448
0,250,11.1168,50.4163,0.708454,6.248
0,250,11.0631,50.8783,0.586739,5.53574
0,250,11.0334,51.3286,0.797651,5.80617
0,250,10.9956,51.786,0.679627,5.12204
0,250,10.9933,52.2297,0.701867,5.12986
0,250,11.0057,52.6729,0.776878,5.47922
0,250,10.9275,53.138,0.566193,5.77677
0,250,10.8021,53.5747,0.651198,5.85716
0,250,11.2886,53.8458,0.577071,5.79231
0,250,11.2832,54.3078,1.40089,5.15257
0,250,11.193,54.7477,0.859437,4.99553
0,250,11.2112,55.1947,0.869374,4.94341
0,250,11.1788,55.6245,0.63488,4.95478
0,250,11.0542,56.0896,1.0809,4.97494
0,250,11.301,56.46,1.44873,4.94597
0,250,11.1528,56.9173,0.830978,5.18123
0,250,11.1609,57.3809,0.497223,5.4883
0,250,11.3735,57.7775,0.792097,5.12361
0,250,11.128,58.1909,0.270985,4.77098
0,250,11.3391,58.5769,0.724439,4.63067
0,250,11.1891,59.1285,0.334073,4.62116
0,250,11.1291,59.6248,0.403247,4.91018
0,250,10.7245,59.8682,-0.0235602,4.4925
0,250,11.708,60.0433,0.607795,3.79859
0,250,11.585,60.5053,0.677397,3.98671
0,250,11.4838,60.9984,1.07686,3.94408
0,250,11.9249,61.326,1.30801,4.23694
0,250,11.782,61.8177,0.566468,4.4899
0,250,11.5601,62.3159,0.62261,4.65557
0,250,11.8493,62.697,1.59652,4.7757
0,250,11.6523,63.2215,0.66377,4.27662
0,250,11.5273,63.7314,0.539563,4.65855
0,250,11.5029,64.232,0.447973,4.38254
0,250,10.9521,64.3627,-0.106941,3.35198
0,250,10.9638,64.8305,-0.482883,3.02561
0,250,11.396,65.2076,-0.546687,3.44221
0,250,11.537,65.6204,2.01203,3.55803
0,250,12.0088,65.8143,1.49554,3.3702
0,250,12.019,66.2723,1.05587,3.7665
0,250,12.5742,66.6301,1.92872,4.29363
0,250,13.0228,66.9679,1.47652,3.86058
0,250,13.3827,67.3305,2.212,3.23932
0,250,12.8619,67.473,2.63418,4.06862
0,250,13.212,67.8213,2.25381,3.88696
0,250,13.0864,68.2194,1.41371,3.80544
0,250,13.0341,68.6814,2.34191,4.21652
0,250,12.757,68.9991,1.52903,3.17141
0,250,12.7306,69.5213,1.53371,3.1018
0,250,13.0764,69.892,1.58794,3.79851
0,250,12.2787,70.4154,0.628479,3.61263
0,250,12.7082,70.821,1.86191,3.98259
0,250,12.5083,71.1843,2.55807,3.722
0,250,13.2405,71.0108,3.03546,2.45633
0,250,13.0086,71.3959,3.46284,2.70163
0,250,13.4847,71.7516,2.16202,2.38708
0,250,13.9551,72.2505,2.68311,2.68334
0,250,14.5067,72.2323,3.38343,1.50678
0,250,14.2697,72.6527,2.26759,1.95115
0,250,14.8802,72.6609,2.22223,2.91132
0,250,14.9882,73.0437,3.94899,1.9773
0,250,15.4629,73.4087,3.1598,2.40581
0,250,14.9466,73.5044,2.87919,2.24831
0,250,15.3573,73.8676,2.74428,1.47877
0,250,14.7615,73.937,2.56801,2.24489
0,250,14.6013,74.3659,2.74578,1.4421
0,250,15.2047,74.2829,3.70757,1.51264
0,250,15.0794,74.6925,2.57782,1.86682
0,250,15.5705,75.0458,3.09297,1.68429
0,250,15.5467,75.5028,2.53374,1.17917
0,250,14.9531,75.5616,3.20217,2.01195
0,250,15.4303,75.9048,3.61132,1.16021
0,250,14.8722,76.0013,3.65905,1.88244
0,250,15.3243,76.3561,4.14458,1.19944
0,250,15.2705,76.887,2.44284,1.03169
0,250,16.2658,76.6039,2.26581,1.72352
0,250,15.6747,77.2167,3.14969,1.69578
0,250,17.27,76.8989,4.45361,0.903712
0,250,16.1575,77.0513,3.3412,1.75574
0,250,17.5962,77.3464,4.51128,0.338024
0,250,16.6523,76.9941,3.88822,1.33774
0,250,17.0384,77.3083,4.11044,1.39944
0,250,15.342,77.505,2.53719,0.973076
0,250,17.4239,77.7392,4.9286,0.847758
0,250,16.8579,77.8231,6.13716,1.50326
0,250,17.9536,78.0735,4.87469,0.709158
0,250,17.3141,78.1579,5.39587,0.942601
0,250,17.6767,78.4703,5.13344,1.70588
0,250,15.5882,78.3168,3.77295,0.60228
0,250,16.6108,78.1962,3.84088,0.368374
0,250,16.1845,78.3124,2.98425,0.402087
0,250,16.0861,78.7474,0.446101,1.81294
0,250,15.4674,79.1707,-1.08197,1.01467
0,250,15.8171,79.5295,2.71241,0.00928868
0,250,11.9384,46.6254,0.928695,6.75227
0,250,11.8655,47.2305,1.37999,6.48781
0,250,11.7374,47.7686,0.849438,5.94439
0,250,11.7215,48.2712,1.01796,6.30507
0,250,11.6778,48.7173,0.974975,5.08027
0,250,11.6112,49.1993,0.890901,6.07576
0,250,11.6003,49.6716,1.70235,5.36324
0,250,11.6212,50.1345,1.12064,5.8066
0,250,11.6093,50.6534,1.0906,5.80712
0,250,11.5632,51.1238,0.814807,5.54567
0,250,11.5487,51.595,0.961757,5.53215
0,250,11.5512,52.0325,0.715561,5.83003
0,250,11.5782,52.4854,0.806211,5.38021
0,250,11.4959,52.9256,0.311483,5.32764
0,250,11.3987,53.3893,0.472815,5.56382
0,250,11.8524,53.6638,1.27559,5.48488
0,250,11.8016,54.143,1.23274,5.09815
0,250,11.7674,54.6164,1.11114,5.14368
0,250,11.7353,55.0755,0.824934,5.12438
0,250,11.78,55.5115,1.00622,5.35976
0,250,11.607,55.9392,0.883267,5.49237
0,250,11.8715,56.3003,1.43403,4.83356
0,250,11.7393,56.742,0.416255,5.19882
0,250,11.6591,57.2067,0.131392,5.16418
0,250,11.9296,57.577,0.636547,4.69319
0,250,11.7635,58.0458,0.593056,5.008
0,250,11.8594,58.4704,0.610849,4.54656
0,250,11.652,58.9695,0.300761,4.72819
0,250,11.9672,59.3296,1.47724,4.46261
0,250,11.5947,59.5956,0.669989,3.91863
0,250,12.2038,59.949,0.5065,4.64972
0,250,12.1448,60.4249,1.01347,4.41799
0,250,12.0189,60.8717,1.28177,4.11604
0,250,12.4613,61.2355,1.25613,4.53925
0,250,12.3107,61.7031,0.720525,4.27383
0,250,12.1019,62.1746,0.162779,4.10627
0,250,12.3505,62.6,1.44433,3.56612
0,250,12.196,63.0835,0.75485,4.07543
0,250,12.0261,63.5569,0.599557,4.44426
0,250,11.9926,64.059,1.12678,4.36463
0,250,11.9726,64.5693,0.971064,3.93459
0,250,11.455,64.689,0.405889,4.02927
0,250,11.8623,65.0725,0.0101994,3.61323
0,250,12.1894,65.4155,1.53024,2.87112
0,250,12.6306,65.7592,1.25704,3.68995
0,250,12.5281,66.1564,0.647407,3.74636
0,250,13.0731,66.5096,1.86239,3.97954
0,250,13.5649,66.8547,2.36272,4.04853
0,250,13.9005,67.2553,2.48945,4.55453
0,250,13.7435,67.7396,1.91039,4.10292
0,250,14.2606,68.1148,2.10405,4.31208
0,250,13.6998,68.186,1.72639,4.08488
0,250,13.536,68.6037,2.12367,3.92162
0,250,13.5393,69.0654,2.34594,3.9865
0,250,13.1793,69.3323,2.01698,4.03699
0,250,13.602,69.6061,1.83284,3.10622
0,250,12.811,70.3623,1.88183,4.16749
0,250,13.4457,70.1153,2.41527,2.53465
0,250,13.2531,70.572,1.85061,2.82743
0,250,13.7754,70.8835,2.21586,2.67064
0,250,13.6528,71.3484,3.21931,3.02003
0,250,14.1586,71.3441,2.95994,2.74417
0,250,14.0301,71.8285,2.45781,3.39853
0,250,14.9367,72.1393,1.93842,2.09743
0,250,15.3966,72.5145,2.88981,2.68619
0,250,16.0736,72.8909,4.0901,3.24364
0,250,15.5279,72.9465,4.19369,2.51078
0,250,16.5607,73.2587,4.10696,2.62384
0,250,15.9944,73.3219,3.37229,3.24403
0,250,15.9186,73.7609,4.41127,3.28142
0,250,16.9944,74.5039,4.30969,2.05386
0,250,15.7921,74.2193,2.72923,2.75831
0,250,16.3581,74.5785,3.85589,2.19318
0,250,15.6904,74.6241,3.16377,3.31571
0,250,16.1366,74.9326,4.17289,2.65942
0,250,16.074,75.3851,2.52318,2.30738
0,250,16.0727,75.8223,3.92868,2.01665
0,250,16.4614,76.18,3.89576,1.80619
0,250,15.8704,76.2203,3.18133,1.52176
0,250,16.8518,76.5521,2.36769,2.0628
0,250,15.7259,76.6888,3.22703,2.3784
0,250,17.3947,76.4421,4.9758,1.9572
0,250,17.7637,76.8485,4.66177,2.06431
0,250,18.5853,77.4796,3.32706,2.27507
0,250,18.1528,77.2194,3.97944,0.891073
0,250,19.1292,77.3252,4.07233,1.81664
0,250,19.0053,77.7974,4.89525,1.31523
0,250,19.568,77.6159,4.96454,0.593045
0,250,18.0179,77.6787,5.15564,0.954358
0,250,19.6128,78.5385,4.35107,1.80435
0,250,18.5278,77.964,5.02963,2.54619
0,250,18.9501,78.3071,4.5333,2.28311
0,250,18.3731,78.4035,4.6565,1.38421
0,250,18.0211,78.7634,5.18854,0.521709
0,250,17.3246,78.8203,4.98388,0.151847
0,250,17.2817,79.2102,3.31411,-0.80707
0,250,16.9674,78.5048,2.93146,-0.270552
0,250,16.6134,78.818,3.74766,-0.836509
0,250,16.0864,79.1767,3.17396,-0.164348
0,250,16.3853,79.6218,2.65982,-0.765468
0,250,12.2618,46.8346,0.934451,6.16061
0,250,12.2301,47.4892,1.304,6.56669
0,250,12.2224,47.9711,0.683173,6.15054
0,250,12.2099,48.4884,1.09597,5.31909
0,250,12.1396,48.9825,1.27403,5.88373
0,250,12.1294,49.4493,0.353775,5.63921
0,250,12.132,49.9215,0.317852,5.9744
0,250,12.1001,50.4049,0.963262,5.92687
0,250,12.0893,50.8961,0.974752,5.94861
0,250,12.0885,51.3715,1.62244,5.64383
0,250,12.0949,51.8184,1.07174,5.66068
0,250,12.0827,52.294,0.834409,5.29682
0,250,12.112,52.7358,0.489114,5.63128
0,250,11.9604,53.1885,0.733731,5.65194
0,250,12.3772,53.4981,1.44258,5.10882
0,250,12.3182,53.9911,1.3794,4.91938
0,250,12.307,54.4554,1.1165,5.04696
0,250,12.2672,54.9069,0.971175,5.07653
0,250,12.3687,55.3254,1.1853,5.05287
0,250,12.2375,55.7518,0.0982778,5.20708
0,250,12.3828,56.1577,1.47043,4.93255
0,250,12.3555,56.6115,0.733711,5.15307
0,250,12.1976,57.0544,0.368438,5.4657
0,250,12.4711,57.4177,0.676502,4.54095
0,250,12.3308,57.8996,0.898285,4.47672
0,250,12.3886,58.3181,0.167047,4.73609
0,250,12.1989,58.8211,0.243043,4.70756
0,250,12.5716,59.0759,0.763389,4.60849
0,250,12.3869,59.549,1.41081,5.00356
0,250,12.8218,59.8678,1.32296,4.74035
0,250,12.6656,60.2959,1.28392,4.87699
0,250,12.5803,60.7818,1.13111,4.68706
0,250,12.9925,61.158,1.09569,4.43886
0,250,12.834,61.6601,0.963991,4.69519
0,250,12.6479,62.1333,0.753742,3.83887
0,250,12.9001,62.5223,1.31737,3.64367
0,250,12.7383,62.9808,0.889266,3.55865
0,250,12.5717,63.4373,0.614613,3.58782
0,250,12.4772,63.9037,1.03944,3.99263
0,250,12.4361,64.4014,1.22995,4.34256
0,250,12.3814,64.925,0.665674,4.16558
0,250,12.8768,64.8105,1.11098,3.92431
0,250,12.7403,65.2988,1.79721,3.93417
0,250,13.2019,65.6267,0.814605,4.50509
0,250,13.1239,66.0602,1.05247,4.34899
0,250,13.5878,66.3741,1.6755,4.60443
0,250,14.0639,66.7359,2.69355,4.47393
0,250,14.394,67.159,2.49462,4.01581
0,250,14.2654,67.6607,1.96409,4.35083
0,250,14.7885,68.0042,2.07296,4.45283
0,250,14.6655,68.4849,1.7885,4.71909
0,250,14.1066,68.5579,2.32724,3.80112
0,250,14.0454,69.0087,2.63675,3.95117
0,250,14.0618,69.4767,2.62825,3.88039
0,250,14.5071,69.8882,1.784,4.63772
0,250,14.0039,69.9792,1.81182,3.09456
0,250,14.4001,70.3637,1.77855,3.46295
0,250,13.8456,70.4296,1.70234,3.92878
0,250,14.8034,70.7594,2.24691,3.34552
0,250,14.2622,70.8324,2.95428,2.79823
0,250,14.6635,71.1982,2.73071,2.9589
0,250,14.5224,71.709,2.74211,1.60939
0,250,15.3947,72.0275,2.82349,3.23155
0,250,15.875,72.4351,2.89523,2.96678
0,250,16.3727,72.4808,3.00613,2.74803
0,250,16.6891,72.8573,3.454,2.76607
0,250,17.0279,73.5965,4.01797,2.90813
0,250,16.4867,73.6833,3.92912,2.76181
0,250,16.3064,74.1488,2.46732,2.68543
0,250,17.5766,74.3936,4.27556,3.31895
0,250,17.3578,74.8499,4.94734,3.32019
0,250,17.6936,75.2064,3.47104,3.36083
0,250,16.7758,74.8979,4.67453,1.81051
0,250,17.1433,75.3086,3.79903,3.20722
0,250,16.6061,75.3202,3.17612,0.946377
0,250,18.2618,75.9247,4.3775,2.89254
0,250,16.6405,75.7356,3.56982,1.4229
0,250,17.2972,75.6932,2.4942,3.60642
0,250,17.0045,76.094,3.18712,2.7501
0,250,18.4911,76.3338,5.70348,2.36482
0,250,17.9346,76.3327,4.02338,1.67371
0,250,18.2674,76.7602,5.27576,0.246385
0,250,18.7002,77.0082,3.80522,3.55371
0,250,19.7003,77.161,5.0855,2.22018
0,250,20.0937,77.4557,5.46311,2.26271
0,250,20.5801,77.3143,5.08385,2.12066
0,250,19.8944,78.033,2.95573,1.06135
0,250,20.3407,77.8614,5.47683,2.32201
0,250,20.7358,78.1787,5.0368,0.907953
0,250,20.1914,78.4064,3.22896,0.0196219
0,250,19.4133,78.0895,2.98998,1.52239
0,250,19.2271,78.7674,3.81353,1.22973
0,250,18.7034,78.732,5.51206,2.45577
0,250,19.0709,79.2208,4.90329,2.39298
0,250,17.8652,79.1487,3.68295,1.59208
0,250,18.4636,79.1263,2.86823,0.650471
0,250,17.6429,79.5676,2.88589,0.545079
0,250,18.2124,79.5683,4.09647,0.156234
0,250,16.6769,79.188,2.47436,-0.342904
0,250,16.9886,79.5707,2.10578,-0.0860266
0,250,12.7176,46.6235,0.56434,6.78742
0,250,12.693,47.1902,0.510896,6.1248
0,250,12.7555,47.6871,0.656371,5.92515
0,250,12.6845,48.204,0.699897,6.01282
0,250,12.671,48.7421,0.928109,5.86497
0,250,12.6703,49.2319,0.644197,5.32683
0,250,12.632,49.7071,1.18812,5.39555
0,250,12.627,50.2033,1.44182,5.51313
0,250,12.5883,50.6927,0.764815,5.58648
0,250,12.6449,51.1344,0.698805,5.48954
0,250,12.6009,51.5983,0.722591,5.4588
0,250,12.6258,52.0678,0.879174,5.57325
0,250,12.6691,52.5124,0.773405,5.49466
0,250,12.5562,52.9807,0.551398,5.51158
0,250,12.8666,53.354,1.36384,5.29552
0,250,12.8403,53.8584,0.945492,5.24331
0,250,12.8639,54.3053,1.12088,5.15678
0,250,12.8332,54.7408,0.741934,5.27978
0,250,12.9244,55.1473,1.77876,5.07628
0,250,12.848,55.5946,0.660051,5.17246
0,250,12.9169,56.0058,0.982324,5.15688
0,250,12.9292,56.4452,0.373028,5.32865
0,250,12.7757,56.9085,0.237736,5.02805
0,250,13.0685,57.2421,0.860069,4.77343
0,250,12.8709,57.7002,0.776628,4.36943
0,250,12.9553,58.1291,0.324794,4.38544
0,250,12.7805,58.6016,0.480703,4.51853
0,250,13.1434,58.9372,0.697291,4.50805
0,250,12.9638,59.3983,1.11647,4.57593
0,250,13.3713,59.7058,1.13483,5.07304
0,250,13.2401,60.1925,0.804895,4.97921
0,250,13.0901,60.6613,0.875867,4.40171
0,250,13.4926,61.0313,1.01478,4.29453
0,250,13.3404,61.5367,0.986066,3.9675
0,250,13.1808,62.0277,1.26439,3.80351
0,250,13.7234,62.185,1.20397,4.21231
0,250,13.4111,62.5044,0.955962,4.1187
0,250,13.292,62.9678,0.849939,4.27068
0,250,13.1123,63.3974,0.803765,3.82924
0,250,12.9936,63.8622,0.583372,3.99606
0,250,12.9325,64.3252,1.20163,4.03982
0,250,13.3889,64.6971,1.10075,4.30509
0,250,13.2767,65.1775,1.44779,4.34916
0,250,13.7864,65.4946,0.74634,4.43538
0,250,13.6894,65.9103,0.752432,4.33257
0,250,14.1154,66.2706,1.21906,4.51585
0,250,14.5746,66.6675,2.94945,4.39866
0,250,14.9125,67.0757,2.63251,4.22356
0,250,14.7848,67.5434,1.6332,4.8692
0,250,15.2936,67.9289,1.91253,4.62874
0,250,15.1852,68.4282,1.61781,5.51162
0,250,15.0962,68.9019,1.62658,5.66824
0,250,14.5712,68.9366,1.45618,4.43092
0,250,14.5737,69.4097,2.34978,4.84835
0,250,15.0499,69.8575,1.79473,4.24812
0,250,14.9248,70.2936,2.0238,3.81578
0,250,15.5064,70.2095,1.38677,3.8955
0,250,15.3317,70.6675,2.48805,3.67685
0,250,15.7365,71.0095,2.71462,2.53911
0,250,15.2289,71.1413,2.51306,2.9429
0,250,15.5133,71.5308,2.67535,2.64633
0,250,16.3324,71.9876,3.16242,2.80811
0,250,14.9885,71.6029,3.66546,2.93698
0,250,15.8781,71.9206,3.01697,2.7642
0,250,17.1776,72.7599,3.53204,2.92393
0,250,17.2196,73.2075,4.60095,3.03469
0,250,17.6177,73.5825,3.70415,3.65311
0,250,17.316,74.0093,3.76909,2.96411
0,250,16.8127,74.09,3.42061,2.76202
0,250,17.9304,74.7272,4.71899,2.46108
0,250,18.2546,75.0248,3.35104,3.19887
0,250,18.7914,75.1439,4.5444,3.20094
0,250,18.4629,75.4998,4.84158,2.6561
0,250,19.4333,75.4646,4.30137,3.427
0,250,17.9451,75.5491,5.20879,2.45397
0,250,18.981,75.6494,4.94539,2.48893
0,250,19.5711,75.9153,4.75483,2.8014
0,250,19.9991,76.298,4.98541,2.38166
0,250,17.638,75.9846,3.94705,2.55863
0,250,18.9035,76.0226,4.21383,2.3515
0,250,18.943,76.5279,4.47726,3.34806
0,250,19.7459,76.6709,4.54366,2.0685
0,250,19.242,76.8833,5.31373,2.26353
0,250,20.1948,76.9451,4.15089,1.20572
0,250,21.1328,77.2281,4.85705,0.63321
0,250,21.36,77.6591,6.5479,1.17554
0,250,20.8335,77.7174,6.6089,1.60146
0,250,21.8619,77.9951,8.13333,0.970395
0,250,21.3075,78.0827,6.50159,1.57633
0,250,21.6442,78.4195,6.72437,0.573812
0,250,21.0507,78.5485,5.67899,1.65587
0,250,21.333,78.8481,5.80975,0.341912
0,250,19.9949,78.846,4.59229,1.52988
0,250,20.2562,79.256,4.82614,0.743151
0,250,19.5866,79.1394,5.27047,0.270425
0,250,20.7093,79.0999,5.90164,-1.10931
0,250,18.723,79.5008,4.24646,-0.194363
0,250,19.9397,79.5211,3.50103,-1.26754
0,250,19.4114,79.6133,2.73225,-0.523801
0,250,20.6359,79.6613,2.89936,0.00850688
0,250,13.0691,46.7002,0.942166,6.13682
0,250,13.1412,47.2748,1.0316,6.18785
0,250,13.1961,47.8786,0.768915,5.98709
0,250,13.1272,48.4258,0.61629,5.91329
0,250,13.1428,48.961,0.532632,5.83227
0,250,13.1608,49.4522,0.87271,5.75075
0,250,13.1226,49.9525,0.859737,5.89019
0,250,13.0974,50.4455,1.14147,5.65534
0,250,13.1599,50.9308,0.74316,5.11253
0,250,13.1648,51.3813,1.09107,5.92385
0,250,13.1187,51.8511,1.1025,5.4461
0,250,13.2013,52.3,1.12961,5.54713
0,250,13.111,52.7915,0.654387,5.64582
0,250,13.3621,53.1645,1.60879,5.41276
0,250,13.3413,53.6651,1.29608,5.51167
0,250,13.4143,54.1098,1.14247,5.34881
0,250,13.415,54.552,1.16724,5.01938
0,250,13.4669,54.9662,1.01689,4.96983
0,250,13.4348,55.4311,0.89503,5.10059
0,250,13.4608,55.8432,0.822765,5.14854
0,250,13.5063,56.2768,0.687028,5.14673
0,250,13.3513,56.7258,0.366215,5.07003
0,250,13.6167,57.0994,1.15131,4.82351
0,250,13.4433,57.5729,0.711668,4.81697
0,250,13.4861,57.9998,0.55173,4.61405
0,250,13.3425,58.4679,0.529318,4.55862
0,250,13.7372,58.769,0.471864,4.80852
0,250,13.5529,59.227,0.695555,4.92468
0,250,13.905,59.5897,0.826016,5.00764
0,250,13.7663,60.0648,0.840841,5.10566
0,250,13.6244,60.5552,0.84314,4.78059
0,250,14.0462,60.871,1.02786,4.53749
0,250,13.9517,61.3028,1.08858,4.76637
0,250,13.7709,61.7292,0.895535,4.31114
0,250,14.2557,62.1099,0.935739,4.04997
0,250,14.0978,62.5758,0.965289,4.84787
0,250,13.8345,62.9077,0.952648,4.54116
0,250,13.6801,63.3582,1.08266,4.9233
0,250,13.525,63.7859,1.22759,4.71029
0,250,13.4615,64.2429,1.18759,4.54824
0,250,13.9492,64.6001,1.46554,4.59027
0,250,13.807,65.0474,1.29642,4.49136
0,250,14.3409,65.4249,1.26951,4.72982
0,250,14.2985,65.8464,1.02394,4.41422
0,250,14.6745,66.2152,1.18057,4.74172
0,250,15.1029,66.6002,3.19278,4.3586
0,250,15.4374,67.0507,2.35598,4.13585
0,250,15.3345,67.483,1.79507,4.30767
0,250,15.8233,67.8716,2.07934,4.64509
0,250,15.6746,68.345,1.22394,4.78022
0,250,15.6216,68.845,1.837,5.17321
0,250,15.5555,69.2808,2.47716,5.09565
0,250,15.0603,69.3942,1.98939,4.72103
0,250,15.595,69.7888,2.6371,4.44399
0,250,16.094,70.1771,1.16428,3.81749
0,250,16.5288,70.5488,2.7064,3.30732
0,250,15.9044,70.5605,2.33909,3.5775
0,250,16.2834,70.9599,3.56344,3.20548
0,250,16.023,71.4265,2.35093,2.64644
0,250,16.4896,71.4703,2.05704,2.66005
0,250,16.8157,71.8885,2.92318,2.54207
0,250,17.4345,72.3299,3.66397,3.62433
0,250,16.8786,72.3372,3.52878,2.91202
0,250,17.7672,72.6545,3.4812,3.12511
0,250,17.7338,73.0985,4.18111,3.95872
0,250,18.1197,73.4488,4.07745,3.73674
0,250,17.8922,73.9985,4.19313,3.46612
0,250,18.7564,74.285,4.77818,2.7402
0,250,18.2475,74.3641,5.1577,3.0985
0,250,19.3138,74.6138,3.46501,3.1023
0,250,18.6962,74.7102,4.04197,3.60237
0,250,19.872,75.0179,4.41422,2.83109
0,250,19.2843,75.0297,4.95783,2.42895
0,250,19.9459,75.4441,5.151,1.89981
0,250,20.1155,75.8637,4.12281,1.90324
0,250,21.0787,75.9077,5.12627,1.52584
0,250,20.5733,76.0775,4.7508,1.70328
0,250,21,76.3967,6.56758,1.42872
0,250,20.4544,76.5523,5.39745,1.03608
0,250,22.7719,77.0783,7.72315,2.03968
0,250,19.4031,76.3147,3.6875,2.49491
0,250,21.3406,76.7198,6.7996,2.33233
0,250,20.8041,76.8796,4.45657,1.30437
0,250,23.2667,77.3713,8.43453,1.58124
0,250,21.6279,77.2117,5.01955,1.76959
0,250,21.9708,77.5554,6.7262,0.493937
0,250,22.3348,77.9649,8.47887,1.76155
0,250,22.8239,78.2283,8.37625,1.24125
0,250,22.3264,78.4089,5.63584,0.793054
0,250,23.3698,78.2318,8.17321,2.6352
0,250,21.9497,78.7672,7.68273,0.840891
0,250,23.0592,78.6294,6.84942,1.65468
0,250,22.5584,78.7826,8.8593,0.568515
0,250,23.7086,78.6285,7.29441,0.909766
0,250,20.5535,78.6762,4.19114,-0.957734
0,250,21.7694,79.1556,6.83632,1.08077
0,250,21.0689,79.3141,4.42981,1.31194
0,250,21.9654,79.6253,7.60475,-0.225138
0,250,21.4064,79.5109,6.42842,-2.06784
0,250,22.5858,79.5212,6.74455,1.04965
0,250,13.501,46.6574,0.894492,6.29461
0,250,13.6341,47.1196,0.847223,6.42864
0,250,13.6393,47.6051,0.561681,5.58753
0,250,13.5819,48.1758,0.678467,5.36707
0,250,13.6232,48.7144,0.468737,6.00645
0,250,13.658,49.2257,0.606404,5.6461
0,250,13.6359,49.7231,0.620531,5.483
0,250,13.5987,50.2258,0.70337,5.87998
0,250,13.6489,50.6824,0.677526,6.04326
0,250,13.6808,51.1759,1.10989,5.68433
0,250,13.6721,51.6598,0.646006,5.80514
0,250,13.7057,52.092,0.434867,5.01999
0,250,13.6603,52.5774,0.325633,5.83079
0,250,13.848,52.9701,1.05452,5.06119
0,250,13.8556,53.4555,1.18232,5.28349
0,250,13.9268,53.8897,1.18604,5.34962
0,250,13.9671,54.3541,0.984758,5.52068
0,250,14.0143,54.785,1.30207,4.76661
0,250,13.9815,55.2358,0.885859,5.42046
0,250,14.0192,55.6751,0.643762,5.13865
0,250,14.0659,56.1075,0.81907,5.42962
0,250,13.9354,56.5678,0.485056,5.14714
0,250,14.1509,56.9513,1.14794,5.15361
0,250,14.0024,57.4335,0.59559,4.79121
0,250,14.0438,57.8558,0.273015,5.0517
0,250,13.9177,58.3107,0.44833,4.76293
0,250,14.3141,58.6588,0.533328,5.1491
0,250,14.1129,59.1178,0.869873,5.15558
0,250,14.464,59.5002,0.81945,5.47875
0,250,14.3091,59.9608,1.03279,5.31973
0,250,14.1864,60.4097,0.833827,4.79708
0,250,14.5855,60.8426,0.522934,4.37976
0,250,14.5476,61.2787,1.27281,4.1674
0,250,14.3526,61.6828,0.708087,4.04284
0,250,14.8206,62.1162,1.06562,4.75287
0,250,14.6311,62.5293,0.719522,4.47468
0,250,14.5083,62.985,1.57081,4.73582
0,250,14.2347,63.3059,0.980451,4.3169
0,250,14.1107,63.7442,1.10038,4.71688
0,250,14.002,64.1564,1.3268,4.81174
0,250,14.5135,64.5658,1.81675,4.6036
0,250,14.3569,64.9845,1.33234,4.81223
0,250,14.873,65.3895,1.26383,4.83608
0,250,14.9091,65.8118,1.22128,4.7588
0,250,15.2805,66.1682,1.13082,4.82302
0,250,15.6222,66.5766,3.95656,4.4387
0,250,15.9733,67.0017,2.48234,4.76021
0,250,15.9137,67.433,1.84668,4.81061
0,250,16.3839,67.7944,2.24348,4.70287
0,250,16.2151,68.2213,1.7332,4.91368
0,250,16.0996,68.7116,1.36093,4.91705
0,250,16.2317,69.1327,2.54083,4.85301
0,250,15.9979,69.538,2.38058,4.48377
0,250,16.3925,69.8593,2.41752,4.95952
0,250,16.7883,70.1827,2.99644,4.97943
0,250,17.0727,70.6241,3.5765,4.327
0,250,16.7771,71.0418,3.57707,3.44211
0,250,17.0589,71.4708,2.78831,3.63381
0,250,17.3682,71.8933,2.6071,3.49026
0,250,18.4925,72.0607,4.32694,4.01586
0,250,17.9219,72.044,4.19299,3.22105
0,250,18.2174,72.4539,3.85784,3.67034
0,250,18.9451,73.0175,3.68092,3.70514
0,250,19.1922,73.4911,5.13234,3.54836
0,250,18.2801,72.9354,3.30776,3.17124
0,250,18.5871,73.3144,4.48776,2.84557
0,250,18.3796,73.8724,4.35151,2.71201
0,250,19.2674,74.1896,4.87011,3.09869
0,250,19.839,74.6131,5.13708,3.43636
0,250,20.9926,75.0759,6.08877,3.03752
0,250,20.4491,75.2481,5.2855,2.96784
0,250,21.7671,75.2571,7.82917,3.16432
0,250,21.2285,75.4374,7.31654,1.97382
0,250,21.5812,75.7553,6.66279,3.46435
0,250,20.6471,75.6027,5.42951,2.00018
0,250,21.9638,76.3637,7.33777,2.17385
0,250,21.5285,76.2346,6.87362,2.4608
0,250,22.4046,76.6785,7.26861,2.88311
0,250,21.8507,76.8151,7.99401,2.92074
0,250,23.3054,76.9365,9.17269,0.72489
0,250,23.8069,77.0115,7.00053,2.6522
0,250,24.3127,77.4072,8.31909,0.620051
0,250,22.2567,77.1567,8.12574,2.81525
0,250,23.8018,77.4783,8.61055,2.72634
0,250,23.47,77.817,8.28453,1.21263
0,250,25.1964,78.0803,9.52152,1.1844
0,250,22.5746,77.5216,9.01347,1.16019
0,250,22.9439,77.762,9.09049,0.721122
0,250,24.1659,77.875,8.69737,2.8046
0,250,24.6369,78.2166,8.83177,1.07006
0,250,25.2652,78.9321,7.5241,-0.331125
0,250,26.3313,78.7762,10.6471,-2.71486
0,250,23.9311,78.2007,8.02869,1.21837
0,250,25.1328,78.4939,9.32515,1.30166
0,250,24.2867,78.5519,8.23721,0.561314
0,250,23.9542,79.005,6.84186,1.21048
0,250,22.2987,79.1877,7.32452,0.300638
0,250,23.3598,78.985,9.439,1.59117
0,250,22.9167,79.1858,8.09536,1.47928
0,250,23.1551,79.6131,6.36105,-0.547808
0,250,14.0486,46.6712,0.934925,6.13409
0,250,14.1049,47.37,0.520284,5.67561
0,250,14.0897,47.8714,1.02049,6.10639
0,250,14.0304,48.4092,1.26223,5.72887
0,250,14.1262,48.9138,0.900393,6.19261
0,250,14.1294,49.4422,1.11576,5.58156
0,250,14.1079,49.9484,0.985183,5.82561
0,250,14.1404,50.4345,0.916417,6.20891
0,250,14.1755,50.9197,1.29038,5.6191
0,250,14.1628,51.4115,0.837476,5.60731
0,250,14.2528,51.893,1.15181,5.20452
0,250,14.1962,52.3405,0.785678,4.91918
0,250,14.3677,52.7546,1.56383,5.07757
0,250,14.3747,53.2164,1.05531,4.73937
0,250,14.4342,53.6731,1.37964,5.34833
0,250,14.4738,54.1384,1.17505,5.43437
0,250,14.5308,54.6171,1.02734,5.42548
0,250,14.5456,55.0914,0.582776,5.30818
0,250,14.5371,55.532,0.890729,5.19048
0,250,14.6188,55.9967,1.15441,5.2075
0,250,14.5086,56.4381,0.418277,5.20822
0,250,14.6721,56.8573,1.00556,5.35318
0,250,14.5568,57.33,0.718349,5.35738
0,250,14.6081,57.7496,0.266992,5.17046
0,250,14.4806,58.2002,0.567929,5.21829
0,250,14.8618,58.5529,0.689159,5.39047
0,250,14.6661,59.0359,0.696797,5.71518
0,250,14.9978,59.4428,1.21906,5.12436
0,250,14.8447,59.921,1.37938,5.22954
0,250,14.7296,60.3938,1.16286,4.43255
0,250,15.1238,60.8246,1.07458,4.95742
0,250,15.1146,61.2645,1.04021,4.5797
0,250,14.927,61.6878,0.815121,4.55661
0,250,15.371,62.0749,1.56727,4.83457
0,250,15.2275,62.5191,1.19869,4.71609
0,250,15.0462,62.9343,1.32939,4.70859
0,250,14.9228,63.3974,1.53075,4.85367
0,250,14.6739,63.7145,0.961917,4.68914
0,250,14.5839,64.1528,1.42153,4.60222
0,250,15.1004,64.5609,1.57447,4.77176
0,250,14.9481,64.9592,1.0582,4.70286
0,250,15.43,65.3391,0.816652,5.07507
0,250,15.4975,65.7615,1.921,4.60038
0,250,15.8946,66.1247,0.386609,4.98874
0,250,16.1373,66.5229,3.98127,4.35322
0,250,16.5224,66.9247,2.43033,5.22318
0,250,16.4786,67.3512,2.50235,4.64152
0,250,16.9265,67.7566,2.33535,5.29279
0,250,16.8094,68.2035,1.83595,5.27008
0,250,16.5985,68.6082,1.79512,5.06438
0,250,16.8399,69.0357,2.41074,4.77283
0,250,16.6231,69.4333,2.25898,5.25903
0,250,17.0375,69.7723,2.40341,4.43392
0,250,17.3579,70.1678,2.83657,3.96224
0,250,17.5923,70.6374,3.59268,4.12068
0,250,17.8641,71.1115,3.54828,4.4217
0,250,17.3343,71.0713,3.22859,4.18384
0,250,17.6611,71.5344,3.67977,4.29863
0,250,18.1589,71.6381,3.96798,4.39591
0,250,18.9974,72.192,3.97534,3.83844
0,250,18.7204,72.5966,4.33437,4.07023
0,250,19.8903,73.0388,4.9187,4.51458
0,250,19.5271,73.2022,4.90251,3.69328
0,250,19.9097,73.6824,5.3842,4.67293
0,250,19.5529,73.889,5.03837,3.74406
0,250,19.996,74.2305,4.87041,4.1122
0,250,18.8621,73.778,3.27423,2.70124
0,250,20.5068,74.4188,5.24941,3.32396
0,250,20.4523,74.8103,6.68307,2.83543
0,250,22.7988,74.8611,7.03471,2.31593
0,250,22.3165,75.0582,8.62103,3.4803
0,250,22.1706,75.5207,6.7884,3.17098
0,250,22.1153,75.9241,6.8016,3.3596
0,250,23.7031,75.8332,6.6144,3.23167
0,250,23.1601,76.0844,6.87373,3.21109
0,250,23.4323,76.3976,8.45301,3.53263
0,250,22.5792,76.2639,7.75847,3.42895
0,250,22.9478,76.6107,8.39514,2.61824
0,250,23.8872,76.5893,10.1496,1.6294
0,250,25.9739,77.1701,11.169,2.59919
0,250,24.3514,76.9636,7.3721,2.84199
0,250,24.8811,77.3651,10.5528,2.41732
0,250,25.3564,77.6706,9.83427,1.99161
0,250,25.4692,77.2732,10.1613,1.74945
0,250,24.7052,77.7753,7.23018,1.02225
0,250,26.0185,77.6352,10.4035,2.31122
0,250,25.7654,78.0133,9.66969,1.9588
0,250,26.2201,78.2066,9.64918,1.35106
0,250,25.6928,78.4717,9.19123,2.13835
0,250,25.8793,78.824,9.65074,1.51644
0,250,26.6407,78.3128,11.0721,-0.270529
0,250,26.8047,78.8463,10.4836,-0.207512
0,250,25.66,79.2487,8.64332,0.736721
0,250,27.475,78.865,10.4072,1.05306
0,250,24.6918,78.775,6.82631,-0.156439
0,250,24.9517,79.2447,7.36382,-0.239925
0,250,24.3897,79.163,7.6276,-0.472921
0,250,24.5532,79.5746,8.23376,0.190744
0,250,23.6001,79.3908,7.17014,1.96689
0,250,23.9782,79.6026,10.5689,-0.892474
0,250,14.2822,46.7784,0.432211,6.52111
0,250,14.6821,47.1248,0.56211,5.87122
0,250,14.5634,47.6689,0.593854,5.79215
0,250,14.5163,48.1968,1.0157,6.04894
0,250,14.5635,48.7239,0.53183,5.61627
0,250,14.6087,49.2818,0.359581,5.84521
0,250,14.5937,49.7934,1.00563,5.7243
0,250,14.6475,50.28,0.926525,5.99565
0,250,14.6602,50.7759,0.86794,5.83873
0,250,14.6534,51.2831,1.14578,5.50241
0,250,14.7396,51.7641,0.843628,5.68363
0,250,14.753,52.2523,1.18071,5.9544
0,250,14.8659,52.7307,0.912638,5.73069
0,250,14.8806,53.2553,0.89873,5.94364
0,250,14.9577,53.7613,1.15915,6.4398
0,250,14.9674,54.2802,1.14633,6.15567
0,250,15.0342,54.8041,0.787586,6.04788
0,250,15.0546,55.3096,0.996021,6.28992
0,250,15.1142,55.7842,1.15739,5.71723
0,250,15.0814,56.2736,0.111473,5.64294
0,250,15.1744,56.7196,1.0043,5.60553
0,250,15.1141,57.202,0.46558,5.28146
0,250,15.1529,57.6384,0.560737,5.18045
0,250,15.0533,58.0934,0.304577,5.13631
0,250,15.3994,58.4818,0.734342,4.69898
0,250,15.2022,58.9553,0.762084,5.02221
0,250,15.5185,59.3441,1.10831,4.98359
0,250,15.3735,59.843,1.73432,5.51011
0,250,15.2385,60.3273,1.07556,4.94482
0,250,15.6324,60.7328,1.09874,5.52805
0,250,15.6709,61.1872,0.983814,5.25454
0,250,15.5176,61.6382,0.881634,5.01175
0,250,15.9264,62.0123,1.56717,5.37343
0,250,15.7858,62.4598,1.37077,5.25205
0,250,15.63,62.8991,1.31015,5.16935
0,250,15.4511,63.3265,1.01675,5.26293
0,250,15.3711,63.791,1.43843,5.21344
0,250,15.1302,64.1122,1.11827,4.40198
0,250,15.6234,64.4786,0.94914,4.85646
0,250,15.5638,64.9535,1.13731,5.03815
0,250,16.0491,65.276,0.928636,4.72326
0,250,16.0522,65.7092,2.05687,4.88551
0,250,16.525,66.0592,1.29306,5.03192
0,250,16.665,66.4619,3.33757,4.90097
0,250,17.075,66.8527,2.36957,4.64717
0,250,17.034,67.3009,2.63123,4.64153
0,250,17.4301,67.7387,2.10351,4.79677
0,250,17.3068,68.2438,1.78701,4.56965
0,250,17.1629,68.7115,2.17559,5.0658
0,250,17.5931,69.1146,3.50287,4.50935
0,250,17.2569,69.3793,2.24192,4.05631
0,250,17.6462,69.7764,2.74514,3.48888
0,250,17.8884,70.2508,3.30409,4.2505
0,250,18.7725,70.9964,4.12394,4.20086
0,250,18.1537,70.7482,3.30518,4.87964
0,250,19.1136,71.4934,5.36569,4.83169
0,250,18.4053,71.2307,3.60448,5.13304
0,250,18.755,71.662,4.6538,3.90352
0,250,19.6233,72.4808,4.62465,5.08635
0,250,20.1284,72.5705,4.47618,4.18172
0,250,19.282,72.6865,4.82333,3.79015
0,250,20.4278,72.9311,5.5283,3.31903
0,250,20.2606,73.4034,4.82155,3.33554
0,250,21.1211,74.1948,6.90386,2.89137
0,250,20.4019,73.9392,5.09937,3.37816
0,250,20.9988,74.6242,6.12241,2.47001
0,250,21.4978,74.8949,5.60534,3.83007
0,250,22.5287,74.487,5.2934,3.88085
0,250,22.0184,74.7377,5.08179,3.86122
0,250,23.2271,75.1684,8.07939,3.53944
0,250,22.7359,75.3849,7.06199,2.80818
0,250,23.2174,75.6206,7.77724,3.16992
0,250,22.68,75.841,7.48462,2.62739
0,250,24.3285,75.6835,9.57025,2.72833
0,250,24.6021,76.0967,9.24178,2.35843
0,250,24.399,76.4877,10.1062,3.33509
0,250,23.9974,76.1075,8.97918,1.23981
0,250,25.3315,76.8583,7.25667,0.926553
0,250,24.831,76.9098,9.82871,3.56616
0,250,27.8455,77.273,13.0625,2.45561
0,250,26.531,77.3462,11.7152,1.84689
0,250,29.523,77.8248,13.6064,1.92987
0,250,27.2118,77.2526,12.4506,2.97651
0,250,28.4091,77.7561,12.2665,1.57864
0,250,27.069,77.6158,11.3232,1.27925
0,250,27.7699,77.6223,13.2714,3.30046
0,250,26.5189,77.7879,10.8259,1.97196
0,250,27.5986,77.9907,11.69,1.88307
0,250,27.084,78.0475,13.2074,0.654208
0,250,27.745,78.4442,12.6019,0.705845
0,250,27.1812,78.4999,11.1835,1.72234
0,250,28.5201,78.7922,11.5908,0.425045
0,250,28.1261,78.8383,12.8162,1.46718
0,250,28.5659,79.2638,12.1136,2.20777
0,250,27.8248,79.1988,11.0827,-0.061001
0,250,26.3202,79.2374,7.65378,-1.29925
0,250,25.2628,79.5978,8.04469,-2.50091
0,250,27.6612,79.5495,8.76777,-0.827118
0,250,27.0961,79.5769,10.1801,0.593864
0,250,25.8926,79.5907,10.1142,0.959743
0,250,14.9443,46.7353,0.598524,6.17019
0,250,15.0514,47.4114,1.05419,6.22766
0,250,15.01,47.9092,0.950475,6.29741
0,250,14.9813,48.4548,0.399609,5.5143
0,250,15.0429,48.9749,0.986696,6.05785
0,250,15.0753,49.5079,0.940203,5.35272
0,250,15.1166,50.0143,0.51471,6.00083
0,250,15.1437,50.512,0.670382,5.87262
0,250,15.1385,51.0194,0.590329,5.45565
0,250,15.2045,51.4803,0.993949,6.0506
0,250,15.2284,52.0016,1.00937,5.93187
0,250,15.318,52.4834,0.939555,5.53908
0,250,15.3271,53.0007,1.26376,5.96035
0,250,15.3865,53.5092,1.12125,6.30016
0,250,15.4269,54.0333,1.03241,5.77217
0,250,15.4642,54.5384,1.07523,6.18199
0,250,15.5147,55.0595,1.17506,5.99506
0,250,15.581,55.5727,1.16166,6.13601
0,250,15.5776,56.0911,0.799238,5.7709
0,250,15.678,56.5717,0.884958,5.64653
0,250,15.6326,57.0581,0.91831,5.39003
0,250,15.6991,57.5032,0.415816,4.89004
0,250,15.595,57.9766,0.0942053,5.05448
0,250,15.9153,58.3527,1.04234,5.20443
0,250,15.761,58.8455,0.535903,5.09566
0,250,16.0207,59.2552,1.23933,4.82825
0,250,15.8817,59.7712,1.40592,5.17271
0,250,15.7633,60.2515,1.23141,5.26067
0,250,16.1548,60.6559,0.98341,5.65882
0,250,16.2263,61.0991,1.45704,5.33783
0,250,16.6224,61.4935,1.30662,4.99477
0,250,16.0684,61.5497,1.29352,5.05561
0,250,16.4723,61.9384,1.45122,4.94669
0,250,16.3528,62.3831,1.55951,5.21096
0,250,16.2056,62.8236,1.0933,5.19256
0,250,16.0386,63.2701,1.33095,5.41501
0,250,15.9061,63.6891,1.12225,5.21039
0,250,15.8513,64.1485,1.64733,5.38598
0,250,16.3702,64.4974,1.70055,5.21997
0,250,16.0809,64.8077,0.88701,4.60409
0,250,16.5526,65.093,0.983068,4.68327
0,250,16.5705,65.6087,1.36911,5.18643
0,250,17.0683,65.9435,1.5535,5.29336
0,250,17.2032,66.38,3.11156,4.66808
0,250,17.5843,66.7564,2.90334,5.09704
0,250,17.5466,67.2572,2.66532,4.66235
0,250,17.9364,67.6449,2.33107,4.94438
0,250,17.7991,68.1429,2.23451,4.74551
0,250,17.6829,68.6531,2.38465,4.35586
0,250,18.111,69.0395,2.87228,4.64014
0,250,18.0066,69.5097,3.24825,4.80694
0,250,18.2542,69.9659,2.91298,4.76075
0,250,18.4693,70.4578,3.35451,4.87664
0,250,19.0909,70.7724,4.131,4.64182
0,250,19.451,71.1857,4.14009,4.64473
0,250,20.0438,71.2776,5.3769,5.42802
0,250,19.6914,71.6348,4.44922,4.7988
0,250,19.3795,71.9957,4.04962,4.52709
0,250,19.9419,72.0872,3.24987,4.83528
0,250,21.0085,73.022,3.9556,3.76086
0,250,20.7652,73.3743,5.22824,4.54654
0,250,21.3121,73.6188,5.32191,3.36178
0,250,20.8363,73.841,4.39797,4.29911
0,250,21.6241,73.9018,5.66957,2.89239
0,250,22.043,74.2447,5.91002,3.24706
0,250,23.3528,74.7328,7.15856,3.2954
0,250,21.5655,74.4182,6.68511,4.13221
0,250,23.8654,75.0102,6.62789,2.29347
0,250,24.3707,75.2882,6.29554,2.78156
0,250,25.0143,75.3314,7.24793,2.11123
0,250,23.7788,75.3826,8.08882,2.8296
0,250,24.8964,75.6961,10.2941,2.79104
0,250,25.5224,75.6816,9.44352,2.5899
0,250,25.2368,76.0777,9.79135,2.19936
0,250,25.0084,76.4372,8.68153,1.2185
0,250,27.2324,76.8797,10.7425,2.09894
0,250,26.0525,76.8016,10.3686,2.61934
0,250,26.6295,76.9653,9.59767,4.07582
0,250,28.8908,77.083,13.0496,2.53619
0,250,29.1143,77.4659,14.4417,1.77599
0,250,28.4526,77.3794,13.2245,3.0828
0,250,29.9967,77.6561,14.8259,4.11711
0,250,29.3391,78.2465,13.1745,1.16328
0,250,30.3838,78.658,12.8053,2.72039
0,250,28.9545,77.8569,12.1146,1.57269
0,250,28.9247,78.523,12.5668,0.166391
0,250,30.023,78.9759,12.8977,4.36686
0,250,30.6067,79.0499,12.2866,4.13956
0,250,28.1105,78.195,11.784,3.5743
0,250,28.5539,78.227,11.3871,1.92776
0,250,29.325,78.729,12.7154,0.0960163
0,250,30.1311,79.3993,11.4394,-0.131258
0,250,29.5446,79.1175,11.2229,0.390203
0,250,29.0378,79.1989,11.0717,-0.537572
0,250,27.0918,79.1658,9.76728,-0.21935
0,250,32.7287,78.6125,17.8243,-1.00363
0,250,29.6365,79.5823,9.299,0.186844
0,250,31.1274,79.4907,11.0043,0.683928
0,250,29.0022,79.6162,9.59195,-1.62063
0,250,26.57,79.5121,10.9967,-1.57383
0,250,15.2229,46.8312,0.40135,5.837
0,250,15.6073,47.2266,0.683351,6.19131
0,250,15.5277,47.7416,0.475109,6.05606
0,250,15.4447,48.2467,0.711858,5.0813
0,250,15.5048,48.7413,0.422021,6.26615
0,250,15.5376,49.2799,0.529357,5.84972
0,250,15.5763,49.7721,0.894495,6.07136
0,250,15.6482,50.286,0.807433,6.23094
0,250,15.6219,50.7815,0.56685,5.40889
0,250,15.7032,51.2629,0.750422,6.14017
0,250,15.6843,51.7604,1.04822,5.92098
0,250,15.7662,52.2605,0.65567,5.42442
0,250,15.7992,52.7827,1.20202,5.46684
0,250,15.8553,53.2754,0.601398,5.8202
0,250,15.8845,53.7786,1.15929,5.42689
0,250,15.9324,54.2742,0.91784,6.13827
0,250,15.9541,54.7829,0.851807,6.05436
0,250,16.0281,55.2815,0.945719,6.1637
0,250,16.0454,55.8023,1.03577,6.01583
0,250,16.1075,56.2932,1.2373,6.3036
0,250,16.1429,56.8224,0.70108,5.60557
0,250,16.2052,57.294,0.857145,5.79046
0,250,16.1251,57.7924,0.115551,5.75716
0,250,16.3951,58.174,0.849551,5.12487
0,250,16.2962,58.6962,1.0482,5.43232
0,250,16.4964,59.1262,1.51272,5.24566
0,250,16.3739,59.67,1.23512,5.485
0,250,16.287,60.181,0.936594,5.10456
0,250,16.6848,60.5472,1.20631,5.76645
0,250,16.7448,61.0188,1.50984,5.36114
0,250,17.1553,61.3934,1.64644,5.43163
0,250,17.0313,61.8734,1.39732,5.13419
0,250,16.911,62.3119,1.34869,5.25697
0,250,16.7879,62.752,1.00614,5.54023
0,250,16.5945,63.1773,0.984378,5.62184
0,250,16.5016,63.6265,1.20296,5.41217
0,250,16.3743,64.0405,1.10742,5.02553
0,250,16.8722,64.4004,1.47909,5.26819
0,250,16.9095,64.8605,1.51817,5.60312
0,250,17.4208,65.2082,1.78677,5.37365
0,250,17.0185,65.4309,0.640872,4.55377
0,250,17.5123,65.7335,0.974001,4.88635
0,250,17.6721,66.2042,2.69319,4.21851
0,250,18.0427,66.5782,2.20588,4.78786
0,250,18.0164,67.109,2.80169,5.07458
0,250,18.4142,67.5052,2.67552,5.27832
0,250,18.3147,68.0255,2.48059,5.1487
0,250,18.175,68.5136,2.44033,4.77648
0,250,18.5713,68.8189,2.37694,4.77037
0,250,18.5248,69.3889,3.06124,5.09735
0,250,18.7032,69.7717,3.57815,4.82602
0,250,18.8541,70.2814,4.12381,5.34702
0,250,19.41,70.3541,4.36594,4.13741
0,250,19.6767,70.7948,4.20487,5.16692
0,250,20.2424,70.8906,4.07833,4.56427
0,250,20.811,71.8088,4.3499,4.34597
0,250,20.2638,71.7195,3.82281,4.85512
0,250,20.4905,72.2135,4.46302,4.21938
0,250,20.7807,72.5609,4.47079,3.8325
0,250,21.8089,72.8417,5.52494,3.25381
0,250,21.483,73.2187,5.26729,3.88271
0,250,21.9719,73.3144,5.41485,3.26369
0,250,22.0989,73.7587,5.98178,3.5684
0,250,22.5833,74.0384,6.60164,3.15715
0,250,23.063,74.3565,6.8212,4.3234
0,250,23.736,74.4663,7.54077,2.75524
0,250,24.2091,74.6413,8.09798,3.66381
0,250,25.1119,74.9203,7.31371,3.21507
0,250,24.5992,74.8974,8.08807,4.30784
0,250,25.6666,75.2756,7.64309,3.74564
0,250,26.0317,75.6811,10.6571,3.70272
0,250,25.8194,76.1359,11.509,4.1008
0,250,25.6472,76.4994,11.661,3.33485
0,250,27.8598,76.8295,11.0822,3.06444
0,250,26.3211,76.396,10.3337,2.38009
0,250,29.287,76.7632,15.4436,2.92892
0,250,28.2969,76.9242,12.074,2.5412
0,250,31.1937,77.7827,13.5959,2.74163
0,250,29.6165,77.3027,14.9763,1.36655
0,250,30.637,77.8044,14.735,0.969864
0,250,30.5504,78.1555,13.1504,2.73775
0,250,31.361,78.1343,15.2228,1.8342
0,250,30.0249,78.1247,13.3079,1.71403
0,250,31.7684,78.6576,15.0729,3.76326
0,250,32.4015,78.2636,13.7378,1.04785
0,250,33.2535,78.8561,14.8083,0.508347
0,250,29.8479,78.4797,12.6006,2.83587
0,250,30.8853,78.4734,12.5384,1.27308
0,250,33.5738,79.2131,17.7676,0.151501
0,250,35.4937,78.7794,18.6,0.652702
0,250,32.2294,78.8085,17.4536,-1.05455
0,250,32.8829,79.184,16.8664,0.579441
0,250,31.2403,78.6532,14.1122,0.516662
0,250,35.496,79.1842,16.0601,-0.918876
0,250,34.1354,79.4074,18.4502,0.542762
0,250,32.3969,79.1582,17.4905,-0.20353
0,250,31.0751,79.1598,14.5308,-1.28282
0,250,31.6708,79.0583,16.3456,0.538857
0,250,30.528,79.606,12.638,3.45889
0,250,28.2737,79.5788,9.06141,1.63797
0,250,15.8798,46.8146,0.607773,6.26772
0,250,16.0264,47.4745,0.666403,6.16613
0,250,15.976,47.9798,0.545106,5.90048
0,250,15.9425,48.4832,0.564209,5.80306
0,250,15.9903,49.0468,0.710413,5.79742
0,250,16.0676,49.5356,0.411944,5.63679
0,250,16.0972,50.03,0.414533,5.95703
0,250,16.1139,50.5441,0.840677,6.11721
0,250,16.1779,51.0292,0.658572,5.64862
0,250,16.1862,51.5283,1.15815,5.58544
0,250,16.2023,52.0264,0.830317,5.47524
0,250,16.256,52.5601,1.10135,5.75492
0,250,16.3207,53.0646,1.08341,5.82122
0,250,16.3546,53.593,0.949062,5.59775
0,250,16.4034,54.0992,1.30908,5.70893
0,250,16.4335,54.5913,0.993063,5.72705
0,250,16.4832,55.0807,1.01396,5.63569
0,250,16.525,55.579,0.787864,5.69144
0,250,16.5733,56.0519,0.955587,5.69616
0,250,16.5916,56.5525,0.726694,5.5982
0,250,16.6832,57.0276,1.02046,5.81957
0,250,16.6381,57.5389,0.319729,5.79233
0,250,16.8544,57.9388,1.08855,5.49796
0,250,16.8085,58.4698,1.14181,5.34536
0,250,16.9308,58.926,1.92548,5.65629
0,250,16.8651,59.5061,0.896756,5.61299
0,250,16.7792,60.0199,1.37738,6.34104
0,250,17.1516,60.3697,1.9176,5.98899
0,250,17.2269,60.8826,1.85125,5.43283
0,250,17.6441,61.2847,1.74971,5.61578
0,250,17.555,61.7808,1.27501,5.57714
0,250,17.4769,62.2437,1.23414,5.35485
0,250,17.3579,62.6742,0.932662,5.16161
0,250,17.1686,63.1203,1.02211,5.10672
0,250,17.0584,63.5592,1.03614,5.3659
0,250,16.9796,63.9804,1.26931,5.32333
0,250,17.449,64.3224,1.099,5.05578
0,250,17.4195,64.743,1.80885,5.26927
0,250,17.9083,65.1828,2.35371,5.27066
0,250,17.9811,65.6554,1.87138,5.50102
0,250,18.6981,66.0798,3.43603,5.0868
0,250,18.1787,66.1022,2.83868,4.68152
0,250,18.5611,66.5419,2.29613,5.09174
0,250,18.4845,66.9987,2.92678,4.67454
0,250,18.9242,67.3652,2.75564,5.18029
0,250,18.8098,67.8473,2.5411,5.09147
0,250,18.7214,68.3465,2.68441,5.15856
0,250,19.1762,68.6345,3.01224,4.99458
0,250,18.9721,69.0824,3.01747,4.81388
0,250,19.1937,69.4596,3.48935,4.22409
0,250,19.2292,69.9393,3.81595,4.53408
0,250,19.8523,69.9978,4.42397,4.73576
0,250,19.983,70.4343,4.49476,5.18022
0,250,20.8604,71.0062,4.14583,4.86084
0,250,20.6259,71.3583,4.86202,5.4232
0,250,21.5251,71.8542,3.90475,4.42612
0,250,21.1043,72.1599,4.13296,4.56587
0,250,21.6649,72.3215,4.26263,4.537
0,250,21.3242,72.6386,3.99356,5.32153
0,250,22.2119,72.6109,5.86705,3.91858
0,250,22.4094,73.0553,5.48655,4.07865
0,250,22.9876,73.3854,6.7776,3.94867
0,250,22.5364,73.5344,6.42852,3.61662
0,250,23.5357,74.0669,6.73992,3.18894
0,250,24.7788,73.9141,7.4842,4.57206
0,250,25.1765,74.4696,8.08961,3.41036
0,250,24.2553,74.1578,8.67206,3.63364
0,250,24.7125,74.377,6.32473,3.98085
0,250,26.8752,75.7693,11.4621,2.32748
0,250,27.0996,76.2335,10.3075,4.22912
0,250,26.4399,76.006,10.8355,1.6986
0,250,27.5608,76.486,11.2538,3.89363
0,250,26.8118,76.5552,10.0877,3.29839
0,250,28.7197,76.6388,12.1794,3.48501
0,250,29.8186,76.9598,14.6628,3.35318
0,250,30.9199,77.3865,15.7756,1.60996
0,250,30.3468,77.3535,13.2014,4.55193
0,250,32.0524,77.8026,18.7395,2.46109
0,250,31.8276,78.1924,16.6756,2.68214
0,250,33.4705,78.1492,17.9688,2.34935
0,250,32.6139,77.8635,19.2565,0.417285
0,250,33.9623,78.2707,16.2912,1.23893
0,250,33.0439,78.3372,16.4265,0.280025
0,250,37.4359,77.7947,23.96,0.0386272
0,250,33.6693,78.6534,17.271,0.613352
0,250,34.4564,78.4655,19.9691,-1.3261
0,250,34.0758,78.902,18.3474,1.15985
0,250,35.0408,78.5742,19.441,0.941772
0,250,34.5466,78.9115,15.6128,1.54355
0,250,36.0168,78.8462,18.934,-0.669516
0,250,36.5076,78.7216,20.3035,-0.041054
0,250,36.5118,79.1517,19.5198,-2.24983
0,250,32.8313,79.5639,14.0593,2.57013
0,250,38.7433,78.7104,21.6402,1.04857
0,250,36.0715,79.3687,19.4576,2.88939
0,250,35.0326,79.5493,16.0885,1.9821
0,250,32.1316,79.5701,15.1286,0.2292
0,250,34.961,79.118,17.8753,-1.65433
0,250,33.5751,79.5716,13.421,-0.140514
0,250,31.6937,79.5183,13.1078,-0.666515
0,250,16.1231,46.8552,0.194611,6.09605
0,250,16.5255,47.237,0.468069,6.025
0,250,16.4809,47.7537,0.753973,6.06261
0,250,16.4279,48.2887,0.79586,5.54979
0,250,16.4139,48.807,0.955969,5.96963
0,250,16.5409,49.2985,0.878244,5.54051
0,250,16.5777,49.8195,1.01514,5.95559
0,250,16.6099,50.3192,1.09583,5.6043
0,250,16.6483,50.801,0.844551,6.03942
0,250,16.6666,51.3091,0.582383,5.82044
0,250,16.6763,51.817,0.847592,5.90766
0,250,16.7027,52.3122,0.800782,5.80672
0,250,16.7623,52.8214,0.668154,5.8932
0,250,16.7901,53.3605,1.11585,5.77787
0,250,16.8674,53.8689,0.915022,5.72859
0,250,16.9152,54.3779,0.761612,5.90226
0,250,16.9565,54.8757,0.897583,5.52414
0,250,17.0068,55.3743,0.669621,5.76856
0,250,17.063,55.8534,1.01249,5.70126
0,250,17.0758,56.3458,0.680698,5.35996
0,250,17.1642,56.8013,0.645019,5.41021
0,250,17.131,57.3033,0.706685,5.21587
0,250,17.3301,57.7286,1.07146,4.89428
0,250,17.2825,58.2483,1.38064,5.25994
0,250,17.384,58.7274,1.43409,5.4585
0,250,17.3325,59.2709,1.03867,5.83881
0,250,17.2772,59.7863,0.856248,6.40856
0,250,17.5836,60.1766,2.04028,5.45136
0,250,17.6536,60.7156,2.09096,5.86499
0,250,18.0765,61.131,1.74211,5.38873
0,250,18.0678,61.6728,1.5893,5.29309
0,250,18.014,62.1507,1.5517,5.11162
0,250,17.9482,62.5946,1.4493,5.2865
0,250,17.7335,63.0301,1.15237,5.21535
0,250,17.6275,63.4745,1.10301,5.54221
0,250,17.576,63.8963,1.19208,5.16015
0,250,18.0116,64.3123,1.62257,5.22509
0,250,17.9911,64.7328,1.55222,4.85726
0,250,18.4259,65.1843,2.05387,4.73864
0,250,18.502,65.6325,1.93811,5.07444
0,250,19.2108,65.9804,3.38427,4.69191
0,250,19.0962,66.4632,2.8414,4.94978
0,250,19.0232,66.923,2.74853,4.7759
0,250,19.4976,67.2623,2.76134,5.3538
0,250,19.3529,67.7055,2.52002,5.34561
0,250,19.2368,68.1743,2.65439,5.22482
0,250,19.703,68.583,2.56022,5.6183
0,250,19.5411,69.0182,3.16119,4.75889
0,250,20.0065,69.2302,3.33387,4.6315
0,250,19.6722,69.5814,3.22494,4.408
0,250,20.4144,70.1003,3.53025,5.06414
0,250,20.5845,70.5776,5.00024,5.08586
0,250,21.456,71.1487,5.45442,5.07217
0,250,21.2133,71.4906,5.17931,4.46535
0,250,21.9363,71.6988,5.79755,5.60106
0,250,22.9789,72.1328,5.8031,4.94725
0,250,22.152,72.1481,3.83562,5.06781
0,250,23.6248,72.3401,5.8077,4.38276
0,250,22.6932,72.4624,4.99701,3.67254
0,250,23.2754,72.5949,6.75386,5.40555
0,250,22.8788,72.907,6.58658,3.53004
0,250,23.5382,73.5699,7.14351,3.56512
0,250,23.0606,73.8611,6.65835,4.15326
0,250,23.9945,73.8036,6.67224,4.33904
0,250,25.3121,73.9562,8.88894,5.50786
0,250,25.646,74.8569,8.21763,3.43388
0,250,26.1739,75.0744,7.76761,4.585
0,250,26.9609,75.2862,11.144,3.0086
0,250,26.4385,75.4471,9.30539,3.27887
0,250,28.4495,75.9074,13.3523,4.80801
0,250,27.8745,76.1851,12.2905,3.09963
0,250,28.9366,76.2803,13.6786,4.07527
0,250,28.3174,76.3112,11.5867,1.22942
0,250,31.0741,77.0204,14.9392,1.60767
0,250,29.616,76.5157,12.5214,3.86739
0,250,32.3561,77.4517,17.0392,2.17817
0,250,33.5326,77.5486,18.6537,2.03561
0,250,33.9139,77.7697,19.9382,1.53342
0,250,33.1035,77.7956,19.1358,2.78386
0,250,35.613,78.0054,18.5121,-0.237546
0,250,34.4604,78.0336,19.5635,1.93481
0,250,36.2285,78.2911,17.49,-0.811959
0,250,35.0782,78.1849,20.3226,2.10894
0,250,38.7638,78.1105,22.4518,0.636425
0,250,37.9853,78.1271,22.4347,1.46451
0,250,37.6171,78.4816,20.1767,0.439737
0,250,35.7172,78.3451,18.5287,0.372725
0,250,37.2656,78.1952,22.835,1.8807
0,250,36.7884,78.3534,19.8147,-2.14911
0,250,39.72,78.838,22.8398,0.95134
0,250,37.1318,78.7441,22.6853,-2.77571
0,250,40.6024,78.991,25.1162,-1.40823
0,250,37.9588,78.7475,21.4526,1.02757
0,250,40.2534,78.697,22.5638,2.0968
0,250,38.7731,79.2532,18.8886,0.297045
0,250,38.3502,78.9876,23.1763,0.601814
0,250,37.1049,79.1308,19.6557,-2.02167
0,250,35.6959,79.5833,15.7601,-4.11557
0,250,36.6476,79.6019,16.7508,0.47172
0,250,34.4863,79.5111,19.4258,-0.36298
0,250,16.8707,46.8902,0.700317,6.13455
0,250,16.9925,47.4926,0.65936,6.30513
0,250,16.9177,48.002,0.873796,5.79749
0,250,16.9042,48.5188,0.809775,6.05248
0,250,16.9658,49.0323,0.764925,5.60682
0,250,17.0324,49.5464,0.974254,5.77583
0,250,17.0701,50.0785,0.384713,6.10166
0,250,17.1366,50.5771,0.535952,5.67349
0,250,17.1349,51.0775,0.779381,5.94231
0,250,17.1543,51.5954,0.684042,5.77277
0,250,17.1726,52.1061,0.773737,5.68443
0,250,17.2261,52.6131,1.06737,5.3768
0,250,17.243,53.1144,0.887564,6.11781
0,250,17.3018,53.6251,0.980715,5.77802
0,250,17.3772,54.1248,0.733594,5.72757
0,250,17.4062,54.6444,1.19282,5.60269
0,250,17.4702,55.1496,0.658991,5.7437
0,250,17.5432,55.6441,0.888573,6.1143
0,250,17.551,56.1484,0.583422,5.7259
0,250,17.6578,56.6259,0.941816,5.86668
0,250,17.6189,57.1183,0.601099,5.07411
0,250,17.8072,57.5624,1.54797,5.20107
0,250,17.7636,58.0738,1.39335,5.45687
0,250,17.8444,58.5594,1.61217,5.44712
0,250,17.8096,59.0906,1.03458,5.6059
0,250,17.7684,59.5865,1.19945,6.19568
0,250,18.0214,60.023,2.44873,5.45512
0,250,18.0788,60.5681,1.99344,5.5014
0,250,18.5134,61.0405,2.13172,5.87947
0,250,18.5217,61.5733,1.90749,5.60985
0,250,18.5439,62.0702,1.74652,5.02566
0,250,18.4937,62.5293,1.36837,5.40338
0,250,18.2948,62.9864,1.3116,5.11624
0,250,18.1837,63.4247,0.940221,5.35514
0,250,18.1348,63.8686,1.7632,5.58215
0,250,18.5577,64.2961,2.14003,5.30353
0,250,18.5409,64.7443,2.12607,5.0589
0,250,18.9769,65.1118,2.03253,4.85869
0,250,19.0126,65.5528,1.91599,4.86529
0,250,19.7177,65.8515,3.32676,4.67223
0,250,19.624,66.3257,2.79969,5.00928
0,250,19.56,66.7989,2.9009,5.07442
0,250,20.0132,67.1642,2.83606,5.50222
0,250,19.8984,67.6505,2.64395,5.37377
0,250,19.7628,68.0992,2.45543,5.01564
0,250,20.2161,68.3935,2.99064,4.76497
0,250,20.2118,68.8512,4.49558,5.03195
0,250,20.5918,69.3386,3.50266,5.58696
0,250,20.2883,69.6706,4.00519,4.65978
0,250,20.955,70.2656,4.36802,5.12732
0,250,21.2228,70.6879,4.95548,5.97316
0,250,21.9181,71.2015,5.35716,5.6882
0,250,22.3756,71.4178,5.48321,5.05839
0,250,22.9478,71.5857,5.07883,5.21876
0,250,22.5292,71.8864,6.01522,4.94242
0,250,23.8922,71.7643,6.44407,5.71386
0,250,23.4093,71.8925,6.72891,4.24576
0,250,24.3044,72.7918,6.5523,5.43651
0,250,23.826,72.8687,7.06527,4.85528
0,250,23.993,73.2873,8.41099,4.51059
0,250,23.4007,73.095,6.47711,4.46336
0,250,24.4298,73.5453,6.73241,4.78574
0,250,25.652,74.3152,8.35849,6.63015
0,250,26.0688,74.5833,10.1845,5.43494
0,250,27.9326,75.2507,11.1588,6.09451
0,250,27.3016,74.9469,11.5995,4.07389
0,250,27.4792,75.4452,10.6633,4.17838
0,250,27.9631,75.6909,10.414,2.62818
0,250,27.3777,75.8814,11.2948,4.66537
0,250,29.0967,75.8878,13.7119,4.04691
0,250,29.5494,76.0578,13.4371,3.96552
0,250,30.221,76.5444,13.5785,3.07863
0,250,30.4264,76.9858,15.5696,3.65891
0,250,32.3887,77.0561,17.5675,3.54366
0,250,31.6322,77.5185,14.3554,3.80918
0,250,34.9069,77.7879,20.8832,-1.56647
0,250,34.485,77.5401,19.2791,1.14342
0,250,36.8255,77.8749,21.6812,0.254366
0,250,39.9358,77.8886,25.5382,1.41243
0,250,40.914,77.8792,23.0635,0.31324
0,250,38.572,77.6904,22.062,2.59927
0,250,39.384,78.1982,21.8807,-0.242487
0,250,42.1941,78.2246,25.3231,0.715436
0,250,39.8645,78.3918,23.4486,0.140509
0,250,39.2249,78.6232,21.7178,-1.52156
0,250,40.7687,78.4673,20.9264,-0.538447
0,250,42.5573,78.5881,24.1583,-0.955888
0,250,44.0929,79.4493,20.5246,3.43456
0,250,38.4425,78.351,20.3491,0.586958
0,250,41.9558,78.6277,22.4493,-0.377172
0,250,41.0882,78.8099,21.9048,-0.389167
0,250,42.9248,78.9189,23.3022,1.28292
0,250,41.3471,79.0522,24.0417,0.653585
0,250,42.3208,79.0874,22.6606,0.839748
0,250,40.1236,79.295,21.446,-0.44535
0,250,40.4514,79.4841,20.7008,0.378464
0,250,39.6517,79.4158,17.0458,-3.09695
0,250,37.7246,79.1493,19.2548,-1.40897
0,250,39.3168,79.0925,17.5494,0.20909
0,250,37.238,79.5178,18.3863,0.0810706
0,250,17.0958,46.8836,0.427497,6.48847
0,250,17.514,47.262,0.536273,5.80175
0,250,17.424,47.7636,0.283857,6.1771
0,250,17.3875,48.2928,0.571101,5.80979
0,250,17.4069,48.7685,0.169938,5.73773
0,250,17.4858,49.2883,0.382475,5.7744
0,250,17.497,49.8122,1.01177,5.85521
0,250,17.6042,50.3407,0.670301,5.65443
0,250,17.606,50.8697,0.771835,5.64493
0,250,17.6283,51.3903,0.905765,6.05424
0,250,17.6362,51.8889,0.353521,5.53434
0,250,17.6875,52.3894,0.623703,6.30573
0,250,17.7201,52.8933,0.939237,5.8249
0,250,17.761,53.3965,0.692747,5.79702
0,250,17.8248,53.9141,0.68645,5.4845
0,250,17.869,54.4305,1.0576,5.60369
0,250,17.9223,54.934,0.515948,5.77217
0,250,18.0039,55.434,1.00761,5.7023
0,250,18.0189,55.9466,0.918543,5.41742
0,250,18.1222,56.4206,0.962166,6.0007
0,250,18.1116,56.9292,0.905893,5.16069
0,250,18.2574,57.385,1.14318,5.49912
0,250,18.2476,57.9231,1.33283,5.23946
0,250,18.3076,58.41,1.78246,5.48339
0,250,18.2875,58.9366,1.19571,5.90261
0,250,18.264,59.4379,1.18784,5.84951
0,250,18.4567,59.9171,2.52814,5.67105
0,250,18.5025,60.4794,2.0233,5.72696
0,250,18.9481,60.8787,2.11528,6.05003
0,250,18.9812,61.402,1.5667,5.99938
0,250,19.0173,61.9057,1.65476,5.84967
0,250,19.0172,62.4237,1.74713,5.29095
0,250,18.8555,62.9157,1.34822,5.40171
0,250,18.7278,63.3722,1.33311,5.59597
0,250,18.6618,63.8319,1.98242,5.59538
0,250,19.0881,64.2052,2.33216,5.26233
0,250,19.0798,64.6522,2.46677,5.04449
0,250,19.5311,64.9782,2.29561,5.3843
0,250,19.5251,65.4259,2.45122,5.01693
0,250,20.2143,65.7279,2.7735,5.03076
0,250,20.1672,66.2051,2.56918,5.18118
0,250,20.0676,66.669,2.81608,5.41891
0,250,20.5167,67.0148,2.6235,5.43751
0,250,20.44,67.5004,3.0176,5.29879
0,250,20.3483,67.9583,2.88328,5.41056
0,250,20.7457,68.4016,2.48984,5.94008
0,250,20.7193,68.8865,2.96409,5.51532
0,250,21.1348,69.4042,3.92258,4.89004
0,250,20.8866,69.807,4.01761,5.42375
0,250,21.4881,70.282,4.17788,5.5079
0,250,21.7908,70.7077,4.91445,5.40154
0,250,22.3285,70.8479,5.13726,4.72691
0,250,22.7506,71.1266,4.51028,5.62844
0,250,23.3961,71.4219,6.39581,5.65918
0,250,24.3248,71.8583,6.83279,5.72454
0,250,24.5653,72.3519,6.28439,5.32856
0,250,24.0601,72.3143,5.7043,6.24339
0,250,25.2451,73.0561,8.34558,6.22341
0,250,24.6398,73.0999,9.05079,5.02034
0,250,25.5075,73.5351,8.75092,6.27882
0,250,24.9839,73.485,8.66195,5.39112
0,250,25.9306,73.9495,9.11735,6.44365
0,250,26.4714,74.4628,9.99616,5.94257
0,250,26.6783,74.9094,11.1245,4.84262
0,250,29.0392,75.4822,13.08,3.85532
0,250,28.5126,75.4702,12.5278,5.33238
0,250,29.8473,75.6512,14.0254,2.666
0,250,30.0612,76.1051,14.0336,3.37968
0,250,30.7138,76.586,13.4136,5.12361
0,250,31.6822,77.1901,15.8139,3.45608
0,250,32.9668,77.3444,18.3247,2.70208
0,250,34.0571,77.3211,16.6919,3.26119
0,250,35.2801,77.4853,19.2615,2.93477
0,250,36.7159,77.4941,23.5743,0.658093
0,250,35.6989,77.5009,21.1042,1.04252
0,250,36.2213,77.8742,17.1489,-0.0391101
0,250,39.2357,77.7992,24.6961,1.11721
0,250,41.3367,78.1485,23.977,-0.0605152
0,250,40.4069,78.2111,23.1173,1.08647
0,250,42.0167,77.9364,24.3056,0.901322
0,250,43.6374,78.1457,24.161,-0.825809
0,250,43.5961,78.6791,25.2601,1.94238
0,250,42.9614,78.046,22.8716,-1.90398
0,250,44.1719,78.8696,23.8698,1.48362
0,250,41.5397,78.356,22.2633,1.47296
0,250,45.8176,78.8493,23.4147,-2.14017
0,250,44.7496,78.6314,24.0372,0.015667
0,250,44.5721,79.054,20.4723,-0.855675
0,250,43.3862,79.0425,21.6634,1.62589
0,250,47.2445,78.5022,25.8908,-1.85113
0,250,43.0558,78.4863,24.0852,-0.779609
0,250,42.6498,79.4178,19.6518,-1.07703
0,250,41.8774,79.1473,23.0823,-0.0944012
0,250,45.2757,79.0901,21.6404,0.708129
0,250,45.2908,78.6231,23.1074,-1.36481
0,250,47.1914,79.2191,23.9368,1.72629
0,250,41.9532,79.5933,16.5554,-0.264481
0,250,39.1177,79.5972,14.2223,3.85368
0,250,38.3766,79.5073,14.7331,-0.0655567
0,250,37.8109,79.5146,19.3245,0.402784
0,250,17.8262,46.9047,0.0834392,6.44283
0,250,17.9574,47.5052,0.252941,6.28963
0,250,17.879,48.0246,0.645158,6.03036
0,250,17.9282,48.51,0.118395,5.5144
0,250,17.9265,49.0017,0.491114,6.27363
0,250,17.9507,49.5366,0.63362,5.99455
0,250,18.0078,50.0845,0.372272,5.85164
0,250,18.0715,50.6089,0.564418,5.83999
0,250,18.0769,51.1481,0.297055,5.68959
0,250,18.1248,51.6698,0.453408,5.62715
0,250,18.1551,52.1649,0.690335,6.10125
0,250,18.1913,52.6744,0.606374,6.11463
0,250,18.2139,53.175,0.682818,5.74961
0,250,18.2573,53.687,0.782987,5.97724
0,250,18.3247,54.2053,0.734185,5.66492
0,250,18.3757,54.709,0.797397,5.31784
0,250,18.4528,55.2273,0.928674,6.03422
0,250,18.4886,55.7351,0.72004,5.66118
0,250,18.5796,56.2148,1.03061,5.76972
0,250,18.5911,56.7367,0.830259,5.2988
0,250,18.7158,57.192,1.6149,5.45055
0,250,18.6999,57.732,1.40205,5.8385
0,250,18.7761,58.2365,1.52724,5.7852
0,250,18.7663,58.7522,1.13941,6.061
0,250,18.7285,59.2623,1.17827,5.87347
0,250,18.8687,59.7622,2.43242,5.16006
0,250,18.9258,60.3337,2.29013,5.4172
0,250,19.3856,60.6815,2.17625,5.94313
0,250,19.4335,61.1939,1.64022,6.06644
0,250,19.4872,61.6919,1.97935,6.03884
0,250,19.4731,62.2035,2.13018,5.89347
0,250,19.3781,62.768,1.78261,5.34735
0,250,19.26,63.274,1.38338,5.3952
0,250,19.1952,63.7422,1.97472,5.23347
0,250,19.6414,64.0788,1.99228,5.68751
0,250,19.625,64.5216,2.28959,5.35423
0,250,20.0683,64.8279,2.65916,5.27878
0,250,20.0357,65.2962,2.08328,4.70797
0,250,20.7062,65.5775,2.62164,5.04953
0,250,20.7023,66.0437,1.99473,5.27453
0,250,20.593,66.5254,2.45933,5.39081
0,250,21.008,66.9246,3.48342,5.8795
0,250,20.9405,67.432,3.32136,5.56502
0,250,20.8842,67.9206,2.57121,5.91386
0,250,21.232,68.3463,3.57087,6.27618
0,250,21.1831,68.8702,3.79667,5.55476
0,250,21.5912,69.2581,5.15799,6.15953
0,250,21.436,69.7993,4.52316,5.71845
0,250,21.9109,70.0127,4.39215,5.57113
0,250,22.1726,70.4123,4.7314,5.53439
0,250,22.8336,70.5845,5.73997,5.19714
0,250,23.1822,70.9076,3.99021,5.99581
0,250,23.9207,71.2897,4.45942,5.14223
0,250,24.9184,72.1094,6.15773,6.98918
0,250,25.4092,72.5363,7.61956,6.17735
0,250,25.9534,72.5602,7.57858,4.90599
0,250,24.9269,72.7019,7.30172,5.7357
0,250,25.7393,72.9762,8.72045,5.22247
0,250,25.975,73.4406,9.1797,6.67815
0,250,26.3536,73.8446,8.19908,6.16447
0,250,27.0394,74.5471,10.0424,3.55529
0,250,28.7049,75.0464,11.2933,3.79712
0,250,27.7775,74.7829,11.9234,5.11684
0,250,30.3301,75.4976,14.8559,6.71085
0,250,29.516,75.3461,12.5828,6.02558
0,250,30.9076,76.1936,15.0273,4.87813
0,250,31.891,76.8136,15.4972,2.99921
0,250,32.8624,76.9089,17.4264,4.18148
0,250,33.4802,77.0449,18.6524,2.59455
0,250,35.6918,77.0088,20.7437,1.6622
0,250,34.7879,77.1359,20.2892,3.78907
0,250,38.5686,77.2629,23.2062,0.660213
0,250,36.1963,77.4546,23.3623,0.254549
0,250,39.7673,77.5597,23.826,-1.51486
0,250,38.0771,77.7183,22.6968,0.243394
0,250,43.1309,77.5046,24.6146,0.95705
0,250,41.2671,77.4551,25.8838,-2.27359
0,250,44.9176,78.0358,23.1688,1.03364
0,250,42.6764,77.8132,23.5452,-1.72141
0,250,45.3539,78.2316,23.6749,-1.56599
0,250,44.0077,78.3018,22.3116,1.38466
0,250,44.4424,78.3263,24.1976,-0.703122
0,250,47.4471,78.0806,26.551,0.248195
0,250,48.0528,77.9969,24.4934,-0.73259
0,250,46.2752,78.9146,22.1323,1.878
0,250,48.7116,78.6267,26.4472,-0.241053
0,250,47.8924,78.4251,25.4969,1.54083
0,250,47.4822,78.9064,22.4715,-1.5472
0,250,45.9916,78.4425,24.5151,-0.285421
0,250,50.5334,78.4698,23.8118,-0.174283
0,250,49.2587,78.9019,22.5551,1.81891
0,250,51.3066,79.1737,24.286,0.829528
0,250,43.7873,79.1986,21.355,-1.31371
0,250,51.8301,79.2124,25.0458,-0.319764
0,250,48.5287,79.0925,23.2201,0.769846
0,250,48.6338,79.5117,19.678,3.69346
0,250,46.6318,79.104,21.9813,-0.33142
0,250,40.9076,79.5916,17.7732,-6.60179
0,250,42.9705,79.6146,21.7488,-0.736372
0,250,41.38,79.4829,20.726,1.17056
0,250,18.0919,46.9525,0.065295,6.09932
0,250,18.4789,47.2813,0.433781,6.33136
0,250,18.4152,47.7998,0.514584,6.07001
0,250,18.3883,48.2861,0.412387,5.42115
0,250,18.4186,48.8123,0.652908,6.04673
0,250,18.3887,49.3407,0.519279,5.44955
0,250,18.4442,49.8509,0.331436,6.18397
0,250,18.5165,50.3908,0.652176,5.52637
0,250,18.5419,50.9247,0.374052,6.05265
0,250,18.5763,51.4434,0.634063,5.80942
0,250,18.6247,51.9605,0.785305,6.25456
0,250,18.6582,52.4653,0.665962,5.75067
0,250,18.7057,52.9707,0.435458,6.00697
0,250,18.7167,53.4591,1.13882,5.7046
0,250,18.7839,53.9611,0.251595,5.73738
0,250,18.8155,54.4743,0.738089,5.57779
0,250,18.8865,54.9911,0.690951,5.89792
0,250,18.9452,55.5185,0.830157,5.6179
0,250,19.0346,56.0214,1.16441,5.89665
0,250,19.0501,56.5479,1.17801,5.6873
0,250,19.1778,57.0283,1.47828,5.30176
0,250,19.1596,57.5567,1.54246,5.77764
0,250,19.2223,58.0533,1.54597,5.79302
0,250,19.2507,58.5703,1.36453,6.03729
0,250,19.1999,59.0755,1.04928,5.63575
0,250,19.2826,59.5794,2.2204,5.39452
0,250,19.3392,60.1423,2.19355,5.52443
0,250,19.8103,60.4432,1.67224,6.42738
0,250,19.8906,60.9665,1.35742,6.21674
0,250,19.9386,61.4667,1.84444,5.97163
0,250,19.9534,61.9796,2.2351,5.70535
0,250,19.8632,62.5058,2.08476,5.54757
0,250,19.7537,63.0722,1.67,5.57863
0,250,19.7182,63.607,1.66845,5.35438
0,250,20.1751,63.8944,1.96475,5.8032
0,250,20.17,64.3495,2.7007,5.548
0,250,20.5806,64.6506,2.50433,5.24647
0,250,20.5456,65.1409,2.02796,4.89068
0,250,21.189,65.5066,2.43916,5.4362
0,250,21.2527,65.9626,1.69458,5.3804
0,250,21.0966,66.412,2.35508,5.54909
0,250,21.4892,66.7674,3.23161,6.13317
0,250,21.4273,67.2743,3.11341,5.80481
0,250,21.3667,67.7996,2.80847,6.0135
0,250,21.6979,68.1944,2.9507,5.99541
0,250,21.6405,68.732,3.79444,5.51845
0,250,22.0984,69.0844,4.25971,5.6463
0,250,21.9938,69.5488,4.35227,5.54274
0,250,22.4451,69.7813,4.92476,5.48692
0,250,22.6222,70.1899,4.15989,5.54071
0,250,23.4712,70.4108,5.07799,5.41955
0,250,23.6206,70.9093,4.1951,5.38745
0,250,24.6379,71.5616,6.38743,6.31345
0,250,25.4081,72.1147,6.30379,4.91491
0,250,26.2513,72.217,7.65692,5.81826
0,250,26.5304,72.6594,7.9583,5.76788
0,250,26.2592,73.0526,8.7976,7.33828
0,250,26.6374,73.5035,8.91524,6.33285
0,250,26.7869,74.0997,10.108,4.77737
0,250,27.5076,74.3769,10.3315,5.83375
0,250,28.3183,74.8953,11.5818,7.96205
0,250,29.304,74.96,13.2339,5.63526
0,250,31.1571,75.6735,14.8862,4.30525
0,250,30.5161,76.0002,15.0919,7.35114
0,250,31.2785,76.6729,13.8653,3.4592
0,250,32.4645,76.5455,18.1515,3.54264
0,250,33.753,76.7915,19.2122,2.55758
0,250,35.1821,76.9482,19.7781,0.302707
0,250,37.3221,77.3505,21.2507,1.01869
0,250,39.2217,77.3878,23.3079,-0.476342
0,250,37.8135,77.3754,21.9499,1.13486
0,250,40.5912,77.6945,24.4197,0.956168
0,250,41.9855,77.2761,25.9164,2.97471
0,250,44.4793,77.7386,23.6076,-0.0813265
0,250,41.6639,77.5667,24.2701,0.91475
0,250,46.2826,77.5958,25.4173,-1.22471
0,250,46.323,78.0829,23.5464,0.886737
0,250,48.2017,77.5691,27.5489,-2.46408
0,250,46.7649,78.5765,23.8045,-0.283455
0,250,47.5148,77.7054,26.1304,-1.28565
0,250,45.8762,77.9521,24.974,-0.352095
0,250,48.5614,78.2051,27.3276,-0.476963
0,250,48.1542,78.6791,24.5587,1.59453
0,250,49.1296,78.4265,25.233,-0.401541
0,250,49.7295,79.0239,19.7501,0.741044
0,250,49.9278,79.4527,18.4309,-0.496858
0,250,47.1448,79.5666,19.1557,-4.43938
0,250,51.7723,78.5681,25.5906,0.446265
0,250,52.8267,77.9876,24.0049,0.482771
0,250,55.3723,78.7812,21.4485,-0.807302
0,250,52.1126,78.8028,26.4983,-0.941194
0,250,53.2026,78.216,23.9748,-0.790369
0,250,52.6616,78.6691,19.6343,-2.55951
0,250,50.1462,78.8454,24.1852,0.0568321
0,250,50.4084,79.3888,20.5481,-0.927244
0,250,46.0074,79.3885,18.6234,1.212
0,250,49.5253,79.6415,15.1003,0.622024
0,250,45.6035,79.5218,19.179,1.40159
0,250,46.5377,79.5793,16.8332,2.32858
0,250,44.5324,79.5752,16.8315,1.54722
0,250,18.8325,46.9227,0.412863,6.3892
0,250,18.922,47.5377,0.548749,6.32353
0,250,18.8897,48.0568,0.118126,5.9931
0,250,18.8839,48.5686,0.371711,6.02439
0,250,18.8676,49.0844,0.272931,5.96416
0,250,18.8933,49.6037,0.183245,5.99891
0,250,18.9376,50.1384,0.358915,5.80266
0,250,18.9932,50.6769,0.534373,5.5367
0,250,19.0234,51.1992,0.446854,6.03022
0,250,19.0779,51.7187,0.721307,5.8045
0,250,19.1343,52.2301,0.268564,5.86373
0,250,19.1539,52.7259,0.609898,5.75545
0,250,19.2014,53.2564,0.457792,5.70834
0,250,19.2268,53.756,0.431493,5.74742
0,250,19.278,54.273,0.886611,5.40816
0,250,19.3295,54.7721,0.905946,6.15562
0,250,19.3782,55.2832,0.930462,5.60666
0,250,19.474,55.784,1.10222,6.01101
0,250,19.498,56.3125,1.06961,5.80876
0,250,19.6054,56.8104,1.09001,5.92435
0,250,19.6263,57.3652,1.16112,5.87216
0,250,19.6767,57.8552,1.57204,5.86091
0,250,19.7239,58.3668,1.25905,6.12999
0,250,19.6854,58.8766,0.99171,5.81881
0,250,19.7167,59.3804,1.82253,5.77039
0,250,19.7512,59.9086,1.91967,5.59193
0,250,20.2389,60.1858,1.75443,6.0772
0,250,20.3078,60.7068,1.62217,6.39954
0,250,20.3915,61.2381,2.21344,6.15002
0,250,20.4091,61.7682,1.97046,5.58926
0,250,20.3718,62.3081,1.7633,5.88711
0,250,20.2205,62.8133,1.92874,6.03242
0,250,20.1617,63.3553,1.56595,5.71608
0,250,20.6101,63.5524,1.66125,6.38505
0,250,20.6613,64.0723,2.02768,5.90578
0,250,20.9988,64.4171,2.91111,5.7419
0,250,21.0211,65.008,2.59563,5.07725
0,250,21.5778,65.287,2.20402,6.12427
0,250,21.7632,65.8095,2.0128,5.87065
0,250,21.6623,66.3014,1.49264,5.7212
0,250,22.0196,66.7047,3.49615,6.23598
0,250,21.9057,67.1817,3.70096,5.87165
0,250,21.8538,67.6814,2.95294,5.63177
0,250,22.2073,68.0548,3.1553,5.72367
0,250,22.0995,68.5652,3.61498,6.01676
0,250,22.5583,68.8837,4.83523,6.41334
0,250,22.6076,69.3567,5.75047,6.04572
0,250,23.0239,69.6792,3.65873,5.73274
0,250,23.1455,70.133,4.94647,6.1852
0,250,24.0895,70.7259,4.23278,6.33687
0,250,24.3677,71.165,5.45478,6.93332
0,250,25.0833,71.6219,6.67289,6.54587
0,250,26.9158,72.4573,10.2699,8.03254
0,250,27.2961,72.9431,11.5094,8.97597
0,250,26.8148,73.0952,8.43046,5.67635
0,250,27.232,73.4399,10.3008,5.97431
0,250,28.6764,74.4801,12.3103,6.84258
0,250,27.1489,73.8688,9.87976,4.36429
0,250,28.0785,74.4111,12.2117,6.199
0,250,29.1809,74.6188,12.7779,6.85707
0,250,30.0523,75.1322,13.8459,4.15306
0,250,31.4238,76.0506,17.0178,4.66132
0,250,31.7217,76.4338,16.9785,3.01717
0,250,32.1201,76.1692,15.422,3.89851
0,250,34.3545,76.4896,18.4474,3.43495
0,250,34.3231,76.9159,20.0513,2.85135
0,250,36.4971,77.0455,19.9951,1.101
0,250,37.8288,76.8121,21.4822,1.32792
0,250,38.1786,76.9756,21.7057,-0.324975
0,250,40.8797,77.1802,24.3541,1.38602
0,250,43.4908,77.7373,24.9271,0.91258
0,250,44.0396,77.6651,24.5438,0.591072
0,250,42.4517,77.3957,24.521,-0.18525
0,250,45.7979,77.3687,23.4823,-0.488063
0,250,47.9006,77.2608,25.5847,-1.05839
0,250,47.5376,76.8865,27.4102,0.0216546
0,250,47.3441,77.3038,24.9101,-0.372048
0,250,48.6801,77.7107,25.4459,-0.054989
0,250,49.6723,77.8659,23.678,1.2564
0,250,51.521,77.6578,25.2499,-1.29379
0,250,51.0619,78.2102,24.3149,-0.593363
0,250,49.6174,78.5018,22.5665,0.135139
0,250,50.0799,78.324,24.0713,-0.302561
0,250,52.5723,77.6122,25.9716,-2.09823
0,250,52.0509,78.0284,27.4611,-0.193521
0,250,52.9223,77.3629,25.7565,-2.42925
0,250,52.4214,78.2086,24.2921,1.99858
0,250,56.9507,77.5153,26.8455,-1.12539
0,250,53.8956,77.9431,23.8175,0.0600071
0,250,54.8159,79.5083,15.3322,0.386612
0,250,54.5396,79.0694,21.846,1.06322
0,250,55.8235,78.2008,25.9904,-0.144627
0,250,55.5711,79.1147,22.1359,1.08867
0,250,53.0247,78.751,22.6386,-3.82294
0,250,52.404,79.5766,16.0883,0.635966
0,250,50.861,79.3726,20.8001,-5.28902
0,250,53.5539,78.8606,22.1255,-1.61831
0,250,47.9903,79.5223,20.5,2.85021
0,250,48.9975,79.26,19.1105,-0.679514
0,250,45.0803,79.3913,20.503,-1.32429
0,250,19.074,47.0047,0.321213,6.17089
0,250,19.5104,47.3745,0.316053,6.73676
0,250,19.3695,47.8533,0.403659,5.33367
0,250,19.3808,48.3777,0.187433,6.1171
0,250,19.3566,48.8896,0.296988,5.69997
0,250,19.3585,49.3792,0.473362,6.11939
0,250,19.3721,49.8857,0.543315,5.75895
0,250,19.4252,50.4214,0.212,5.91857
0,250,19.4849,50.9595,0.551119,5.98274
0,250,19.5283,51.4909,0.488185,5.77739
0,250,19.6068,51.9809,0.110794,5.89835
0,250,19.6271,52.4997,0.75548,5.90729
0,250,19.6372,53.034,0.171373,6.11029
0,250,19.7056,53.5491,0.694905,5.69918
0,250,19.7214,54.0577,0.670294,5.86537
0,250,19.8021,54.5711,0.785687,5.70983
0,250,19.8272,55.0719,1.00517,5.93664
0,250,19.9205,55.5777,1.00317,5.91487
0,250,19.9458,56.1138,1.18413,5.97877
0,250,20.0421,56.6177,1.52563,5.58863
0,250,20.0703,57.1486,0.991943,5.8299
0,250,20.1354,57.6571,1.29011,6.01232
0,250,20.1843,58.1709,1.19545,5.95645
0,250,20.1679,58.6899,0.797643,5.72928
0,250,20.1819,59.1891,1.47796,5.61356
0,250,20.1979,59.6837,1.81094,5.89303
0,250,20.6935,59.9498,1.49632,6.11499
0,250,20.7368,60.4601,1.40302,6.34013
0,250,20.7888,60.9864,2.16438,6.26793
0,250,20.8533,61.5432,2.23647,5.66212
0,250,20.8283,62.0871,1.65279,5.89662
0,250,20.7991,62.6063,1.79949,6.3986
0,250,20.6577,63.04,1.8223,6.16496
0,250,21.105,63.2493,1.63464,6.3189
0,250,21.0726,63.7533,1.86969,5.99761
0,250,21.4018,64.1515,3.17805,6.20684
0,250,21.3923,64.7482,2.53755,5.84579
0,250,21.9012,64.9789,2.65238,6.13938
0,250,22.1043,65.5471,2.63506,6.29653
0,250,22.1691,66.2285,1.83741,6.90373
0,250,22.548,66.6264,3.45917,5.93237
0,250,22.4328,67.0874,4.07088,6.22757
0,250,22.361,67.5389,3.4772,6.11011
0,250,22.7039,67.9023,2.86343,6.86973
0,250,22.6081,68.4032,3.03681,6.87808
0,250,23.0773,68.7189,4.57139,5.81139
0,250,23.0967,69.1766,4.52457,5.18189
0,250,23.5371,69.7546,3.56611,6.5846
0,250,23.8859,70.217,6.0505,7.00034
0,250,25.1083,71.1502,5.92915,6.71285
0,250,25.5592,71.5361,6.69715,6.76374
0,250,25.8477,71.9714,7.42957,6.41547
0,250,27.9783,72.9829,12.1427,7.47375
0,250,27.7251,73.3525,11.766,9.10947
0,250,28.0101,73.7248,10.2113,6.93256
0,250,27.6497,73.9647,8.44995,6.43261
0,250,29.6336,74.2475,11.755,4.35883
0,250,29.813,74.7032,12.5343,4.17973
0,250,30.3827,74.8172,14.216,6.13726
0,250,30.7497,75.419,13.3678,7.00148
0,250,32.2106,75.7266,17.2909,3.62459
0,250,32.6769,76.2301,16.3833,0.897407
0,250,33.2124,76.5694,17.8101,3.44277
0,250,34.8342,76.6057,20.1517,2.12102
0,250,35.5368,76.5137,18.8983,1.93781
0,250,36.0679,76.815,19.3096,2.92857
0,250,38.9375,77.0212,22.7239,1.37435
0,250,39.4625,76.8542,23.9225,0.7434
0,250,39.8871,77.0876,25.3011,-0.105544
0,250,42.86,77.0877,25.3597,0.904763
0,250,43.7886,77.1776,25.3185,1.5364
0,250,44.3209,77.2641,23.2852,-1.27799
0,250,45.407,77.7346,24.4472,-0.360372
0,250,46.2718,77.0299,23.6105,0.409457
0,250,46.8131,78.0474,23.6844,-1.36658
0,250,49.3187,77.9311,26.6873,1.09653
0,250,50.2436,77.8804,24.9303,-1.55129
0,250,52.7186,76.9251,25.8854,-1.67844
0,250,52.0103,77.5536,24.8009,-1.51141
0,250,54.8788,77.8311,24.4325,-0.940551
0,250,50.6411,78.9122,19.8929,-0.932685
0,250,51.5634,78.2028,26.0085,-1.8636
0,250,51.1907,78.7108,25.6432,-2.64183
0,250,53.9572,77.3864,25.9728,0.202749
0,250,54.3644,78.143,22.2083,-1.41701
0,250,53.6186,78.2653,23.6257,-1.18882
0,250,53.5063,77.7451,24.7641,-1.12574
0,250,56.9599,77.9636,27.0095,0.645993
0,250,54.3669,79.43,18.8465,0.835214
0,250,58.2425,78.2072,25.4918,1.50682
0,250,59.6925,78.2474,25.993,-0.543841
0,250,58.8531,78.3577,24.6809,-2.37108
0,250,59.3219,77.6497,25.0003,-2.71623
0,250,54.8792,78.6291,22.2548,-0.625108
0,250,59.2817,78.1352,22.9276,0.124139
0,250,54.4675,78.5037,20.6564,2.94985
0,250,55.1443,78.2239,23.0073,-1.81109
0,250,52.3916,79.2298,22.0731,-0.565096
0,250,52.9157,79.2137,19.664,0.127284
0,250,47.9145,79.2625,22.5891,0.691376
0,250,19.7229,46.9088,-0.0100877,6.13793
0,250,19.9237,47.6195,-0.175674,5.71481
0,250,19.831,48.1016,0.319208,5.75542
0,250,19.8558,48.6457,-0.00337937,6.04689
0,250,19.8702,49.1189,0.522256,6.12477
0,250,19.8645,49.6217,0.277083,5.93689
0,250,19.8605,50.1281,0.183237,5.68626
0,250,19.9023,50.6725,0.238958,5.73943
0,250,19.9663,51.2077,0.496958,5.75731
0,250,20.0451,51.7295,0.474606,5.99148
0,250,20.0852,52.2852,0.652986,6.19312
0,250,20.0894,52.7985,0.782496,5.83314
0,250,20.1481,53.3126,0.409651,5.73599
0,250,20.1954,53.818,0.679816,5.67184
0,250,20.2244,54.3234,0.777906,5.81165
0,250,20.2961,54.8499,0.559049,5.86381
0,250,20.348,55.3469,1.1688,5.8868
0,250,20.3844,55.8955,0.429233,5.96916
0,250,20.4763,56.3984,1.24691,5.93317
0,250,20.5258,56.9249,1.00619,5.72811
0,250,20.5712,57.4259,1.03896,5.94137
0,250,20.6521,57.9306,1.33271,5.88808
0,250,20.6327,58.4267,0.767216,5.90843
0,250,20.6508,58.9477,0.896255,5.66335
0,250,20.6778,59.4487,0.617876,6.13973
0,250,21.1579,59.708,1.61563,5.5028
0,250,21.1828,60.2253,1.3496,5.11082
0,250,21.2193,60.7438,1.78199,5.29023
0,250,21.2637,61.2831,2.02209,4.90139
0,250,21.2961,61.8274,1.4773,5.65451
0,250,21.2883,62.3372,1.47636,5.6671
0,250,21.3099,62.7947,1.38147,6.07258
0,250,21.596,63.2228,1.48039,6.19913
0,250,21.5787,63.7186,2.00138,5.9542
0,250,22.0323,64.0551,2.50835,6.22322
0,250,21.8051,64.4566,2.479,6.0608
0,250,22.2781,64.6607,2.79002,6.28838
0,250,22.3944,65.2043,2.31645,6.16646
0,250,22.4708,65.9092,1.80712,7.07023
0,250,22.8373,66.2852,2.8155,6.2231
0,250,22.9999,66.9437,3.8788,6.24459
0,250,22.916,67.391,3.33506,6.17459
0,250,23.2234,67.754,3.05237,5.96774
0,250,23.1172,68.2418,3.5332,6.20166
0,250,23.5866,68.7738,4.61616,7.13408
0,250,23.5671,69.2991,3.68967,7.06807
0,250,24.3627,70.3604,6.15291,7.2703
0,250,24.6884,70.8624,4.67141,7.44188
0,250,25.721,71.0914,7.43935,6.51341
0,250,26.0759,71.5466,6.3282,6.17011
0,250,26.5461,71.8769,8.10589,8.07598
0,250,27.4908,72.6137,10.4366,9.37153
0,250,28.3564,73.3632,11.4632,7.26055
0,250,28.3908,74.1166,10.5401,6.70213
0,250,29.0152,74.1265,9.982,6.35107
0,250,30.9402,75.0119,14.1312,5.765
0,250,31.4118,75.2367,13.7535,3.34235
0,250,31.7159,75.6795,15.6786,5.18203
0,250,33.0646,75.9673,15.6834,6.0346
0,250,33.9286,76.2769,18.6703,3.63905
0,250,34.6258,76.0192,20.7392,4.35773
0,250,35.1385,76.1989,19.503,2.87534
0,250,36.3057,76.4067,19.3192,1.79177
0,250,36.8028,76.7215,19.7484,1.31882
0,250,37.2131,76.9854,21.6088,-0.73191
0,250,40.3172,77.3425,23.3687,0.626736
0,250,41.829,76.8247,24.6461,-0.734027
0,250,42.3807,76.8787,24.5763,1.60627
0,250,43.4587,76.9611,24.603,-0.112278
0,250,44.9491,77.5287,25.5648,0.366185
0,250,45.745,76.9413,24.4735,-0.87676
0,250,45.2675,77.1374,24.0841,-0.625941
0,250,48.469,77.046,24.3829,-1.50489
0,250,48.9662,77.5189,25.6269,0.461598
0,250,50.5925,77.4909,25.4593,-0.296777
0,250,50.8017,77.951,24.7161,-1.25493
0,250,52.3463,76.9659,25.6989,0.461417
0,250,56.8324,76.8309,26.6381,-0.313217
0,250,55.3542,77.8119,26.5675,0.160924
0,250,56.3365,77.4417,27.1407,-0.212261
0,250,56.2664,77.8617,25.2157,-0.556639
0,250,57.2739,77.1874,27.2705,0.26001
0,250,53.3815,77.2075,25.4016,0.0803755
0,250,55.9304,78.5216,21.1474,2.93742
0,250,57.5663,78.7919,19.7359,-0.225252
0,250,59.6531,77.2183,25.1498,-0.254779
0,250,58.5671,77.483,26.1388,-0.223449
0,250,58.7641,77.867,26.188,-0.914329
0,250,59.4273,78.767,22.9885,-0.718984
0,250,59.057,77.2388,25.8097,-1.44493
0,250,53.8139,79.6153,18.0982,-1.30896
0,250,58.9003,78.8434,23.4889,-5.33677
0,250,62.2488,78.7615,19.5786,-2.93572
0,250,53.6259,79.229,22.0314,-0.259374
0,250,59.5729,79.2522,21.6106,0.0975195
0,250,60.4185,78.205,24.7985,-0.529256
0,250,57.8813,78.7962,23.6876,-4.51088
0,250,56.7323,78.6463,24.4763,-0.625278
0,250,53.1301,79.5641,21.0175,0.452031
0,250,51.5561,79.5638,19.6029,-0.441795
0,250,19.986,46.9897,0.140527,5.95231
0,250,20.3667,47.2792,0.440888,5.92787
0,250,20.3782,47.8636,0.588286,5.49451
0,250,20.312,48.3594,0.119024,6.29204
0,250,20.3655,48.8779,-0.13942,6.3136
0,250,20.3431,49.4109,-0.128786,5.55371
0,250,20.3454,49.9084,0.42796,5.79463
0,250,20.3406,50.4025,0.424274,6.02594
0,250,20.39,50.9395,0.189961,6.41449
0,250,20.4663,51.485,0.233098,5.83539
0,250,20.5288,52.0194,0.218586,6.01426
0,250,20.5528,52.5532,0.256497,5.69915
0,250,20.5862,53.0727,0.200564,6.06387
0,250,20.6631,53.5872,0.733071,5.89943
0,250,20.6845,54.0926,0.789976,5.76049
0,250,20.7261,54.6136,0.330082,6.33223
0,250,20.8097,55.1275,0.922817,5.74923
0,250,20.8134,55.6453,1.02873,5.97885
0,250,20.914,56.1597,0.794337,5.73426
0,250,20.9657,56.6769,1.02742,5.75027
0,250,21.0244,57.1839,0.749729,5.94546
0,250,21.0947,57.6832,1.02709,5.79978
0,250,21.1441,58.1852,1.04742,6.2235
0,250,21.1002,58.6755,0.442849,6.02959
0,250,21.1346,59.1922,0.687085,5.82517
0,250,21.6019,59.432,1.56956,5.81008
0,250,21.6244,59.9577,1.60993,5.20539
0,250,21.6547,60.4978,1.78262,5.75759
0,250,21.683,61.0347,1.85786,5.14644
0,250,21.7341,61.5819,1.73348,5.92207
0,250,21.7834,62.0761,1.31159,6.05292
0,250,21.8037,62.5433,1.05396,6.0673
0,250,21.9941,62.9648,1.65872,6.76641
0,250,22.0594,63.5432,1.62265,6.62536
0,250,22.465,64.0016,2.76237,6.58819
0,250,22.6469,64.5123,3.24158,6.86716
0,250,22.8162,65.1027,2.18766,6.43133
0,250,22.8179,65.6226,1.51261,7.00785
0,250,23.1971,66.0144,3.22869,6.76458
0,250,23.2758,66.613,3.50219,6.22045
0,250,23.4499,67.2713,3.8551,6.65605
0,250,23.6986,67.8385,3.03823,7.46929
0,250,23.6214,68.3112,3.156,6.41545
0,250,24.029,69.1803,4.48546,7.63653
0,250,24.0151,69.7709,3.40785,7.12857
0,250,24.5739,69.9481,5.41949,6.98716
0,250,24.8963,70.4557,5.05177,6.41177
0,250,25.3333,70.7608,5.4306,7.25629
0,250,26.6718,71.4908,7.04403,7.56659
0,250,27.0196,72.0781,8.98996,8.03614
0,250,28.1153,72.5711,12.2933,7.92181
0,250,28.5851,72.985,12.6347,9.02
0,250,28.6728,73.7236,9.62091,7.10226
0,250,29.3939,73.8637,12.9557,6.16502
0,250,30.8234,74.5951,14.2641,5.52387
0,250,32.4499,75.0994,16.7378,5.17682
0,250,32.6122,75.5685,19.1274,4.71815
0,250,33.7431,75.6908,18.027,5.60637
0,250,33.4644,76.2244,20.2058,4.17742
0,250,35.3287,75.8323,19.2911,2.11321
0,250,35.7897,76.2156,21.2496,2.39842
0,250,36.8046,76.2649,22.3977,0.818536
0,250,37.3786,76.5239,20.8808,-0.0187578
0,250,40.1845,76.6985,24.2948,2.34841
0,250,41.4221,76.9105,24.9643,1.42951
0,250,42.5172,76.4521,23.8139,0.713237
0,250,43.0938,76.6703,23.8868,2.31443
0,250,44.7655,76.8886,24.5031,1.17733
0,250,47.4221,76.3626,25.0611,-0.129067
0,250,48.0775,76.7743,26.1054,-0.112483
0,250,46.8827,77.6377,25.2365,0.269264
0,250,49.4673,77.3669,26.128,0.147656
0,250,50.0785,77.4319,24.8026,1.04795
0,250,51.1361,77.4782,25.2483,0.207761
0,250,51.7895,77.1858,25.3487,-1.15507
0,250,52.7445,76.3326,25.9388,-0.868509
0,250,53.1514,76.5909,25.3431,-0.722307
0,250,57.5116,77.9838,24.3673,-0.839908
0,250,58.1413,77.4311,26.0712,1.24628
0,250,59.9123,76.8066,26.4306,-1.59025
0,250,58.0337,77.9883,24.2142,-0.850572
0,250,60.6936,76.9404,25.7551,-0.855571
0,250,60.1253,77.2501,25.8502,0.571912
0,250,60.5899,77.5044,25.5223,-1.02467
0,250,57.2977,78.3745,22.3266,0.305098
0,250,62.4166,77.8111,22.3874,-0.402566
0,250,59.8355,77.7421,26.598,-3.1825
0,250,61.144,77.8678,25.2757,-0.215112
0,250,60.8843,78.7428,21.1398,-2.13656
0,250,60.2776,77.8199,24.507,-2.7095
0,250,60.447,78.6353,21.0762,-1.80924
0,250,57.8589,79.2804,14.7861,-0.992483
0,250,63.7541,78.058,19.5934,2.6106
0,250,58.5362,79.5203,14.4648,-3.49764
0,250,56.39,79.3921,19.1716,-0.266144
0,250,57.1087,78.9791,21.6263,0.875288
0,250,56.8191,79.3024,18.0685,-0.618208
0,250,58.7995,79.2471,18.639,0.92821
0,250,55.4667,79.5609,19.8755,1.30041
0,250,54.0275,78.8931,21.4888,-0.807862
0,250,20.7369,46.9607,-0.167381,6.56889
0,250,20.8208,47.5795,-0.160706,5.35733
0,250,20.8213,48.1103,-0.070596,6.55596
0,250,20.791,48.6301,0.595012,5.38511
0,250,20.8115,49.2017,-0.00432231,6.14317
0,250,20.8555,49.7013,-0.139431,6.22442
0,250,20.8229,50.2173,0.119711,5.66236
0,250,20.8302,50.7376,0.532384,6.01854
0,250,20.9029,51.257,0.285664,5.51679
0,250,20.9608,51.78,0.166368,6.15546
0,250,21.016,52.3144,0.367048,6.24479
0,250,21.029,52.8248,0.776651,6.02144
0,250,21.1006,53.3505,0.0229343,6.17997
0,250,21.1478,53.8718,0.860902,5.81912
0,250,21.1685,54.3858,0.851308,5.75226
0,250,21.2591,54.8887,0.51344,6.06836
0,250,21.27,55.4093,0.935755,6.00816
0,250,21.3339,55.9143,0.968701,5.78135
0,250,21.4149,56.4376,0.592383,6.05769
0,250,21.4788,56.9449,1.23954,6.06446
0,250,21.542,57.4399,0.788584,5.96515
0,250,21.5966,57.9545,1.29338,6.74255
0,250,21.642,58.4464,0.954661,6.35921
0,250,21.5745,58.8933,0.748533,6.33858
0,250,22.0294,59.1302,1.33373,5.80435
0,250,22.0692,59.6786,1.61466,6.11187
0,250,22.0706,60.2261,1.9962,6.04241
0,250,22.1166,60.7802,1.50871,5.93786
0,250,22.1485,61.3147,1.48783,6.1796
0,250,22.2524,61.8174,1.28813,6.63517
0,250,22.301,62.3021,1.02199,6.30429
0,250,22.428,62.7797,1.45247,6.68799
0,250,22.436,63.3133,1.3262,6.50828
0,250,22.787,63.6906,1.8002,5.63118
0,250,23.0015,64.2237,3.03975,5.9552
0,250,23.1233,64.7931,1.91508,5.71691
0,250,23.2747,65.4714,2.19381,6.61959
0,250,23.6416,65.8287,3.34915,6.06549
0,250,23.6316,66.3833,3.22093,5.73814
0,250,23.7461,66.987,3.24036,6.19105
0,250,23.997,67.5377,3.23608,7.28688
0,250,24.1392,68.1742,3.89039,7.85147
0,250,24.0716,68.7065,3.22621,7.78547
0,250,24.4171,69.4915,4.40891,8.19653
0,250,24.9348,69.5272,5.48592,6.8049
0,250,25.0859,70.0389,5.84915,6.91371
0,250,25.5379,70.3392,4.88757,6.9343
0,250,26.2374,71.0976,6.74076,7.54064
0,250,27.3495,71.7759,9.74785,8.36168
0,250,27.6219,72.2197,8.58623,8.15814
0,250,29.1966,73.0917,10.81,9.50044
0,250,29.0106,73.431,13.5618,9.30405
0,250,30.175,73.786,16.0042,6.91924
0,250,30.0957,74.3542,13.4276,7.29958
0,250,31.9564,75.2139,16.9769,9.00105
0,250,33.1347,75.5325,17.7017,4.33308
0,250,34.1826,75.8327,20.6362,2.49891
0,250,34.7963,75.6471,19.8168,3.46705
0,250,36.33,75.9414,19.654,1.52647
0,250,38.2179,76.297,22.7829,2.42084
0,250,38.5398,76.5408,23.0733,0.35467
0,250,39.7984,76.4197,22.524,0.950982
0,250,40.6174,76.787,23.322,0.174585
0,250,42.9287,76.2294,23.9387,0.154559
0,250,43.6744,76.4474,26.2327,1.18082
0,250,44.0807,76.7724,23.4804,0.865754
0,250,46.542,76.6476,24.6002,0.98198
0,250,45.2379,76.6782,25.003,-0.710629
0,250,50.012,77.0059,25.707,1.03042
0,250,50.5874,76.979,25.5183,0.612287
0,250,51.1008,77.0157,25.4808,0.591136
0,250,52.1279,76.5958,25.6199,-0.161815
0,250,52.7201,75.8957,26.1475,0.00478161
0,250,54.9639,77.0141,26.072,0.0863612
0,250,55.2018,77.3211,25.58,-1.42168
0,250,55.8438,77.616,24.735,0.795403
0,250,54.4651,77.5583,25.4824,0.825161
0,250,57.6307,77.4993,25.7512,-2.32474
0,250,60.4338,76.6241,25.8557,0.401102
0,250,61.4714,77.5877,25.6326,0.852537
0,250,61.869,77.982,22.302,-2.05418
0,250,63.5469,77.2187,22.4996,-4.85975
0,250,61.4344,77.0108,25.5442,-2.16033
0,250,62.4555,78.3769,21.6656,-0.407212
0,250,59.371,76.7701,26.1466,-1.93651
0,250,61.0133,77.3447,25.213,-2.53777
0,250,60.9609,78.2121,24.1711,-3.56712
0,250,63.4521,77.8052,20.7635,0.150454
0,250,64.8541,77.5471,19.2107,-0.46748
0,250,64.4248,77.7566,24.3634,-0.900944
0,250,64.5281,78.5139,23.8443,0.831454
0,250,60.3275,79.2366,21.3917,-0.67223
0,250,61.9234,78.5079,20.2346,-3.25842
0,250,64.1235,78.1971,20.0138,-0.986917
0,250,61.3309,79.24,17.0705,-4.64229
0,250,57.2348,79.7817,13.2031,-3.16451
0,250,58.0334,79.4399,16.6574,-4.81387
0,250,56.0617,79.3096,19.1075,1.22087
0,250,58.4634,78.6231,23.1272,-2.99847
0,250,56.5904,78.2662,26.6736,-0.679315
0,250,21.0551,46.8841,0.227776,5.80352
0,250,21.3835,47.2994,0.192259,5.44284
0,250,21.1973,47.8162,0.46788,5.39314
0,250,21.4033,48.4233,0.0041798,6.3578
0,250,21.2091,48.8276,0.210221,6.20015
0,250,21.3144,49.4167,0.251823,5.54251
0,250,21.3021,49.9803,-0.290376,5.97658
0,250,21.2888,50.5297,0.209095,5.73156
0,250,21.3498,51.0438,0.369436,6.24994
0,250,21.4149,51.539,0.179661,5.89364
0,250,21.451,52.059,0.861425,6.01829
0,250,21.4956,52.6037,0.273269,5.81091
0,250,21.5329,53.1137,0.267086,6.16087
0,250,21.6078,53.6189,0.321018,5.97085
0,250,21.6269,54.1326,0.645852,6.31946
0,250,21.6881,54.6449,0.580782,5.79969
0,250,21.732,55.1881,0.633534,6.23457
0,250,21.7745,55.7191,0.901238,6.39433
0,250,21.8401,56.2534,0.886028,5.87311
0,250,21.9366,56.78,1.13145,6.25315
0,250,21.994,57.299,1.0773,5.98943
0,250,22.0715,57.812,0.779783,6.17111
0,250,22.1135,58.3097,0.881612,6.10377
0,250,22.2389,58.7642,1.4493,5.8388
0,250,22.4874,59.4043,1.436,6.18621
0,250,22.5016,59.9651,1.91348,6.63461
0,250,22.5301,60.5106,1.67943,6.34764
0,250,22.5794,61.0586,1.45114,6.10193
0,250,22.6786,61.567,1.29784,6.29144
0,250,22.7563,62.0897,0.940882,6.20657
0,250,22.861,62.6076,1.13039,6.80074
0,250,22.8985,63.123,1.03558,6.23909
0,250,23.2326,63.5278,1.92392,5.98659
0,250,23.3699,64.0194,2.55407,5.8209
0,250,23.5125,64.5846,1.93829,5.81279
0,250,23.5635,65.1473,2.01059,6.46658
0,250,23.9769,65.4991,2.99141,6.50121
0,250,24.0567,66.1388,2.60622,6.7228
0,250,24.0759,66.7039,3.10494,6.95217
0,250,24.3013,67.2536,3.01953,7.41789
0,250,24.4604,67.8657,2.81158,8.18598
0,250,24.5179,68.5034,3.32315,8.43996
0,250,24.5792,69.0344,4.29934,8.64212
0,250,25.2883,69.3099,5.52951,7.79653
0,250,25.5032,69.8144,5.34926,6.1682
0,250,25.9501,70.669,4.89362,7.06238
0,250,26.6706,70.9547,5.25315,6.84949
0,250,28.7089,72.5818,12.6712,8.85325
0,250,29.2166,72.5971,14.1156,10.3279
0,250,29.6933,73.6064,12.7621,8.04204
0,250,30.5265,74.1782,12.8541,6.74977
0,250,32.7322,74.7382,16.7578,5.66289
0,250,33.0778,75.1712,18.3724,4.5828
0,250,34.2816,75.3256,21.0917,3.05925
0,250,35.9584,75.7048,20.7463,2.59192
0,250,36.8684,75.7298,24.362,3.06544
0,250,37.7367,76.255,22.7503,3.21537
0,250,39.0779,76.5415,23.467,1.23922
0,250,40.3686,76.158,23.6221,1.65823
0,250,40.7646,76.0236,24.0018,1.06182
0,250,41.6372,76.3906,24.6493,0.441857
0,250,44.2334,76.3339,25.3725,1.06102
0,250,44.7085,76.4853,24.9446,0.515232
0,250,45.0712,76.1659,25.4843,0.148835
0,250,47.9482,76.2737,25.6172,-0.566991
0,250,48.9579,76.9656,24.3547,1.10892
0,250,50.9461,76.5741,25.4626,-0.730125
0,250,53.0674,75.502,25.8475,-0.115578
0,250,53.2156,76.1582,24.9288,-0.758786
0,250,53.6706,77.0134,25.894,0.00693295
0,250,54.4114,77.1113,23.8594,1.65731
0,250,55.7427,77.1742,24.083,-0.936491
0,250,56.9856,76.5204,27.6813,-1.39946
0,250,58.0423,77.0259,27.4573,-0.223265
0,250,58.7548,76.9076,27.1564,0.828417
0,250,59.7768,76.3305,25.5943,-1.09662
0,250,60.9052,76.5097,27.3998,0.0465304
0,250,61.7934,77.252,24.4145,-0.786836
0,250,63.0364,77.4892,17.9761,-0.359938
0,250,63.0789,76.9359,23.5904,-2.22093
0,250,63.9801,77.5275,21.5604,0.730723
0,250,66.0229,76.7987,25.666,-6.53429
0,250,62.8047,77.9748,23.2355,-2.37586
0,250,65.1918,77.2161,24.0651,-2.27387
0,250,61.4264,78.3763,21.3487,-1.66029
0,250,64.9149,76.7667,22.2654,-3.30256
0,250,63.1809,78.1991,22.8894,-0.544204
0,250,65.3431,77.6835,19.3115,-1.01576
0,250,65.181,78.2936,18.9798,0.657234
0,250,65.6818,77.9215,20.5874,-3.80022
0,250,67.8109,77.6066,22.1828,-5.14141
0,250,66.0615,78.2615,20.0604,1.15043
0,250,68.5256,76.8736,21.1456,-2.53433
0,250,64.7753,78.1058,19.5741,-2.95629
0,250,65.6209,78.8785,18.2047,-0.760214
0,250,63.3105,78.6187,19.4513,1.25551
0,250,64.0016,78.7661,20.05,-1.70746
0,250,65.092,78.7351,18.4763,-2.30627
0,250,62.0576,79.1926,13.7442,-1.40135
0,250,56.2199,78.8224,22.6813,-2.99215
0,250,21.7681,46.9735,-0.444952,6.24833
0,250,21.8455,47.5363,0.386314,6.36718
0,250,21.6291,48.0369,0.367802,6.07514
0,250,21.8997,48.5911,-0.275912,6.09612
0,250,21.6878,49.0774,-0.289311,5.6054
0,250,21.7252,49.6548,0.0471517,6.17593
0,250,21.7179,50.2703,-0.124291,5.43339
0,250,21.8088,50.7924,0.055993,5.85997
0,250,21.8831,51.2918,-0.188901,6.05288
0,250,21.8955,51.8143,0.36001,6.13
0,250,21.9381,52.3285,0.4954,5.84394
0,250,21.9832,52.8288,0.546048,5.99385
0,250,22.0518,53.3509,0.275962,5.82048
0,250,22.0809,53.8831,0.381541,6.13402
0,250,22.1231,54.4217,0.571444,6.30411
0,250,22.166,54.9573,0.499642,5.98084
0,250,22.2039,55.4852,0.769615,6.08574
0,250,22.2639,56.0165,0.869691,5.66629
0,250,22.3576,56.5283,0.731338,6.08631
0,250,22.43,57.0478,0.940056,6.23204
0,250,22.498,57.564,1.36563,6.15628
0,250,22.575,58.0843,1.06,6.72496
0,250,22.6935,58.5946,1.77606,6.38455
0,250,22.7894,59.0971,1.03572,6.27176
0,250,22.9412,59.6933,1.38888,6.31168
0,250,22.9525,60.239,1.95913,6.4015
0,250,22.987,60.7857,1.17421,6.38849
0,250,23.0949,61.3149,1.32229,6.44777
0,250,23.1673,61.8404,0.872235,5.89591
0,250,23.2782,62.3488,1.43921,5.98886
0,250,23.3392,62.8671,1.03134,6.42765
0,250,23.5968,63.2902,1.92691,5.80251
0,250,23.8009,63.8953,2.04518,6.6742
0,250,23.912,64.3893,2.4059,6.15104
0,250,23.9822,64.9501,2.21456,6.67176
0,250,24.4066,65.3029,2.82071,6.88619
0,250,24.4105,65.8534,2.85449,6.89319
0,250,24.4851,66.458,3.0627,7.40904
0,250,24.6096,66.9687,2.85892,7.51501
0,250,24.7779,67.586,2.43448,7.8878
0,250,24.9011,68.2493,2.57206,8.10859
0,250,24.9677,68.86,3.73749,8.76407
0,250,25.6615,69.1037,5.50022,7.31953
0,250,25.911,69.6318,6.18701,7.0528
0,250,25.9996,70.1552,4.44502,6.52169
0,250,27.0913,71.3586,5.30739,8.74782
0,250,27.9426,71.885,10.0281,8.65202
0,250,29.7724,72.7338,12.9441,12.1409
0,250,29.6983,73.1616,14.7039,10.1981
0,250,30.8947,73.9659,15.8545,8.31645
0,250,31.5793,74.813,17.2655,6.36082
0,250,33.7985,75.292,19.4571,6.55325
0,250,34.3168,74.9195,17.248,6.13744
0,250,35.6055,75.4237,20.2939,4.76408
0,250,36.4308,75.3971,23.029,3.72958
0,250,38.6462,75.5744,22.4293,-0.189416
0,250,38.7768,76.0931,21.0859,1.51376
0,250,40.5927,75.5281,24.0552,0.0361525
0,250,41.0104,76.613,24.3664,2.14919
0,250,43.614,75.9813,25.7464,-0.236852
0,250,45.8165,76.3754,24.6537,-0.746495
0,250,46.9976,76.7993,25.7934,0.390824
0,250,46.7051,77.2099,26.0107,1.57923
0,250,48.4978,76.5265,26.0539,0.329652
0,250,49.5308,76.9469,24.9804,1.97145
0,250,51.5523,76.8418,25.1173,-0.0643063
0,250,53.7924,76.0465,26.7854,-0.0540978
0,250,53.6786,76.451,25.9399,0.624257
0,250,54.8278,76.6092,26.6789,-1.02415
0,250,55.4846,76.7201,26.5218,-0.254121
0,250,56.3797,76.9995,26.5497,-2.51982
0,250,57.6056,76.8869,28.1743,-2.59049
0,250,58.3755,76.656,25.6008,-1.35934
0,250,59.0251,76.5032,27.3045,-1.08614
0,250,60.1791,76.0919,26.2064,-0.816992
0,250,62.1761,77.5267,21.0645,-1.14465
0,250,62.7187,77.267,22.1056,0.986209
0,250,63.0603,76.4791,23.7737,-3.54117
0,250,63.5849,76.842,17.8725,-0.166118
0,250,64.1234,77.1304,23.8265,-0.704133
0,250,64.5894,77.1627,21.1828,-2.77307
0,250,66.5708,76.7325,23.6172,-0.375942
0,250,66.2636,77.7382,22.083,-2.43435
0,250,66.6525,77.5694,18.5902,-0.732912
0,250,65.9033,77.4556,23.9556,-4.07154
0,250,66.3039,77.1847,25.1226,-2.83361
0,250,65.6401,77.0426,21.3379,-1.38637
0,250,65.6534,78.3882,20.614,0.236736
0,250,66.8641,78.0031,20.9535,-1.87156
0,250,68.6217,76.3325,20.7979,-4.49996
0,250,68.3856,78.1524,16.2941,-4.09019
0,250,68.6234,77.7089,21.2071,-4.49518
0,250,68.3101,77.4825,21.0816,-1.59404
0,250,67.2127,77.728,21.1661,-2.79285
0,250,64.1454,79.4383,12.2773,-4.74803
0,250,63.8251,79.3082,3.22839,-3.85924
0,250,66.5349,78.4099,17.522,-0.333509
0,250,61.4942,78.7861,18.9193,-1.59393
0,250,64.5071,78.9418,18.7022,2.34036
0,250,59.8873,78.6269,22.7085,-2.01481
0,250,22.0786,46.9372,-0.685175,5.85148
0,250,22.2482,47.5634,0.654162,6.04351
0,250,22.1353,48.1272,-0.158465,6.0151
0,250,22.3419,48.7164,0.0778752,5.60563
0,250,22.1068,49.245,0.446788,6.40487
0,250,22.4222,49.6482,0.303853,5.56778
0,250,22.1161,49.9841,-0.192722,5.91847
0,250,22.2435,50.5094,0.702648,6.02839
0,250,22.3198,51.0158,-0.0954695,6.02533
0,250,22.3683,51.562,0.246841,5.66206
0,250,22.4135,52.0627,0.61218,6.33808
0,250,22.4328,52.5807,-0.0768073,6.17328
0,250,22.4789,53.1246,0.0698319,6.11018
0,250,22.5188,53.6739,0.725154,6.08236
0,250,22.5575,54.2153,0.366177,6.55678
0,250,22.5943,54.7613,0.436933,5.96152
0,250,22.6599,55.2905,0.735126,5.9927
0,250,22.6959,55.8219,0.723611,6.01114
0,250,22.8002,56.3402,0.678129,5.79104
0,250,22.8784,56.8543,1.03039,5.66925
0,250,22.9577,57.3539,1.08221,5.99197
0,250,23.007,57.845,0.779954,6.40114
0,250,23.101,58.3467,1.56188,6.02406
0,250,23.2278,58.8489,1.37632,6.59042
0,250,23.2807,59.3585,0.780437,6.67094
0,250,23.3754,59.9386,1.51122,6.34322
0,250,23.4094,60.4898,1.33747,6.43945
0,250,23.4822,61.0113,1.2436,6.4861
0,250,23.5761,61.5496,1.22666,6.4783
0,250,23.694,62.0488,0.948254,5.7394
0,250,23.756,62.5706,1.00032,6.48258
0,250,23.9827,63.0084,1.42024,5.82343
0,250,24.0604,63.5631,1.17421,5.6011
0,250,24.3508,64.2605,2.35648,6.3117
0,250,24.4085,64.7581,1.96211,7.29462
0,250,24.852,65.7482,2.83486,7.97464
0,250,24.857,66.2706,3.12802,8.0866
0,250,25.0447,66.8456,3.26434,8.34524
0,250,25.1315,67.3416,3.32523,7.68833
0,250,25.1886,67.949,2.568,7.90963
0,250,25.3358,68.6152,2.78647,8.43904
0,250,25.9619,68.8016,4.99491,7.101
0,250,26.1965,69.3048,5.26809,6.84703
0,250,26.422,69.988,4.78951,8.23632
0,250,26.435,70.4958,4.16841,6.69642
0,250,27.6904,71.4182,5.43336,7.23188
0,250,28.3181,72.205,9.68358,8.68554
0,250,30.3429,73.479,14.9178,8.06991
0,250,31.9193,74.2273,18.3625,6.15467
0,250,31.2767,74.4543,16.9104,7.60984
0,250,33.4636,74.8567,19.1048,7.74493
0,250,34.964,75.2415,20.3489,2.80141
0,250,37.4196,75.468,22.8317,3.80393
0,250,37.2239,76.0101,21.3207,1.8685
0,250,40.0259,75.8922,24.8205,3.14959
0,250,39.3241,76.159,23.8072,2.69592
0,250,44.0853,75.9215,25.264,1.16533
0,250,44.7872,75.7429,26.2703,0.461172
0,250,45.5005,76.0275,25.5344,0.0852723
0,250,47.3751,76.0046,26.4525,-1.53637
0,250,48.1293,75.9495,25.5268,-0.159121
0,250,50.3465,76.5589,24.3289,-0.486638
0,250,51.7139,76.3986,24.4974,-1.22104
0,250,52.1336,76.0567,26.9336,-0.232817
0,250,54.2567,76.2715,25.3053,0.493826
0,250,55.6442,76.2204,25.5717,0.576715
0,250,55.9253,76.6668,24.0432,0.400031
0,250,56.3824,76.4515,26.1311,-0.53725
0,250,57.5281,76.374,25.6922,-0.82599
0,250,58.5427,76.1931,26.6353,-0.49736
0,250,60.0544,75.6912,26.7194,-0.940277
0,250,60.6118,75.8973,27.1512,-0.798283
0,250,62.2709,77.0246,24.2798,-4.41498
0,250,63.5519,76.0045,22.5602,-2.6287
0,250,63.6317,76.3885,19.7354,-3.36495
0,250,64.477,76.5407,21.7119,0.585453
0,250,65.1768,76.2438,23.4795,-1.71317
0,250,65.3498,76.6896,20.3727,-1.61469
0,250,67.1293,76.6639,23.5113,-3.311
0,250,66.8727,77.0776,22.1037,-4.8651
0,250,67.9442,76.4969,20.351,-2.84573
0,250,67.7567,77.2084,23.5037,-4.10644
0,250,68.5294,75.4418,21.9313,-2.96559
0,250,69.2309,76.0118,19.6468,-3.09659
0,250,68.1714,75.7341,20.6556,-0.386089
0,250,68.7409,75.8396,21.3833,-3.52113
0,250,68.1295,76.9829,21.4579,-3.94119
0,250,68.8848,77.0853,23.5385,-1.91233
0,250,68.1783,76.2159,17.3985,-4.33383
0,250,68.1145,78.6082,14.7593,-1.35632
0,250,67.9602,78.0791,15.5878,-1.42456
0,250,67.5988,78.6301,16.2691,-4.24689
0,250,70.5954,77.328,18.3294,-2.2694
0,250,66.7911,78.7498,17.7359,-0.91682
0,250,65.2626,79.5838,13.2597,6.57548
0,250,62.7823,79.0892,18.8284,1.20243
0,250,67.493,78.1176,18.5794,-4.30152
0,250,60.8514,79.1772,13.8143,1.83125
0,250,62.8164,78.7218,18.0541,0.606502
0,250,59.25,79.4801,20.1941,-0.754756
0,250,22.5297,46.9034,-0.736823,5.63132
0,250,22.6953,47.5338,-0.120623,6.53282
0,250,22.5582,48.0999,0.24142,6.22036
0,250,22.8013,48.5846,-0.0777796,6.13544
0,250,22.616,49.1476,1.03135,6.1953
0,250,22.9134,49.6929,0.663289,6.01978
0,250,22.6675,50.1881,0.112054,5.92535
0,250,22.7406,50.692,0.183456,6.07978
0,250,22.7909,51.2828,0.2103,5.67844
0,250,22.8732,51.7921,0.167182,5.71159
0,250,22.8754,52.3357,0.151092,6.04514
0,250,22.9119,52.8816,0.243483,6.17608
0,250,22.9427,53.4322,0.499417,6.23899
0,250,22.9945,53.9605,0.437366,5.81189
0,250,23.0252,54.4932,0.415322,6.16518
0,250,23.0934,55.0219,0.594802,6.08024
0,250,23.1271,55.5314,0.718248,5.98946
0,250,23.1959,56.0717,0.308289,6.21067
0,250,23.3056,56.6146,0.52562,6.45479
0,250,23.4023,57.1312,1.16392,6.11573
0,250,23.4845,57.6322,0.79114,6.31883
0,250,23.5539,58.125,1.07066,6.08818
0,250,23.6595,58.5989,0.93543,6.07576
0,250,23.7288,59.1123,0.958526,6.06843
0,250,23.7693,59.6289,1.15035,6.00066
0,250,23.8331,60.1718,1.30665,5.97075
0,250,23.8922,60.688,1.27102,6.28897
0,250,23.9703,61.201,1.04419,6.1233
0,250,24.0943,61.6884,1.38373,6.27344
0,250,24.1599,62.229,1.22895,6.16257
0,250,24.3329,62.7193,1.44078,6.09527
0,250,24.4875,63.3037,1.55413,6.04738
0,250,24.4986,63.8233,1.56433,6.22594
0,250,24.8634,64.6845,1.62234,7.46283
0,250,24.8559,65.2181,2.70417,7.82989
0,250,25.3321,66.0808,2.14364,8.21448
0,250,25.3502,66.5794,2.87642,8.87277
0,250,25.5888,67.2442,3.60252,8.87938
0,250,25.5992,67.7305,2.56876,8.04161
0,250,25.621,68.3224,2.85334,8.75198
0,250,26.5814,69.067,5.43599,9.07508
0,250,26.6524,69.6052,5.06477,7.25834
0,250,26.9193,70.1857,5.3559,8.38022
0,250,26.9952,70.6382,5.94288,8.75027
0,250,27.3676,71.0036,6.28126,8.59263
0,250,28.9542,72.1464,12.0437,10.1917
0,250,30.2797,73.047,13.6059,8.38205
0,250,31.4181,74.0487,15.7806,7.32292
0,250,32.0598,74.7148,16.7615,6.22244
0,250,33.8614,74.6964,20.0168,5.71553
0,250,34.8637,74.8084,19.7929,4.85998
0,250,36.097,75.0927,23.7124,2.53056
0,250,38.2299,75.7264,21.2482,1.39597
0,250,39.5053,75.7531,23.4309,1.17597
0,250,41.1102,75.5484,24.0489,0.524662
0,250,41.2094,76.1266,24.3965,2.57577
0,250,46.0888,75.8099,25.8555,2.09543
0,250,46.14,76.3124,24.0975,-1.13724
0,250,46.7984,76.175,25.6552,-0.677061
0,250,49.4719,76.4355,25.6947,0.826028
0,250,49.897,76.3424,26.0074,0.412817
0,250,51.6387,75.849,25.544,0.469259
0,250,53.5632,75.5495,26.0795,0.326921
0,250,55.189,76.26,26.7229,-0.227088
0,250,54.2235,76.6963,24.57,-1.00287
0,250,56.7119,76.0781,26.6972,-0.154161
0,250,57.8964,75.8104,27.0293,-0.357029
0,250,57.9547,76.4058,26.2181,-0.642448
0,250,59.321,76.0553,26.2468,-0.0121846
0,250,61.6126,76.1704,26.4712,0.58144
0,250,61.3132,76.5263,26.7863,0.0519495
0,250,63.0636,76.0035,20.4452,-2.59684
0,250,64.1176,76.0724,22.428,-0.940931
0,250,64.1355,76.6062,25.7569,-3.63194
0,250,65.6263,75.9339,24.0401,-1.57336
0,250,65.7816,76.3153,21.9928,-2.41444
0,250,66.2473,76.2949,25.0142,-1.61304
0,250,67.3214,77.2914,22.3847,-4.76741
0,250,67.6552,75.7712,23.4858,-0.560512
0,250,68.006,75.2176,22.3658,-5.57326
0,250,69.567,75.8255,19.4261,-4.53978
0,250,69.0301,77.4913,22.032,-2.62656
0,250,69.4008,77.0676,20.2836,-4.36365
0,250,69.575,77.4846,19.9951,-0.50697
0,250,69.0558,76.4943,21.6131,-0.10621
0,250,71.1656,76.9978,18.5807,-3.00702
0,250,69.9862,77.1834,21.9099,-3.79239
0,250,70.0723,77.6759,19.2402,-1.50909
0,250,69.6149,77.9986,16.9541,-0.47645
0,250,70.4654,77.7931,20.1285,-2.28749
0,250,69.8145,78.3721,16.0018,1.52262
0,250,71.449,77.6608,15.3187,-3.65644
0,250,73.2699,76.5557,14.9514,-4.75748
0,250,71.8694,77.9053,16.4934,-2.12021
0,250,68.9266,78.2982,15.2379,-1.01511
0,250,69.1357,77.9996,21.4208,-4.9066
0,250,70.6623,78.1177,14.2,-5.53526
0,250,69.3069,78.6348,17.8816,-1.74056
0,250,63.6322,78.8061,15.7265,-1.07046
0,250,60.0161,79.1306,23.5337,1.35996
0,250,22.7966,46.9252,-0.449546,6.34972
0,250,23.2019,47.5575,0.536839,5.35439
0,250,23.0337,48.0135,0.538598,6.55764
0,250,23.2305,48.6334,0.289378,6.51099
0,250,23.0815,49.186,0.368207,6.02192
0,250,23.3451,49.7707,-0.221857,5.39723
0,250,23.1101,50.3222,-0.0450178,5.53089
0,250,23.5029,50.6756,-0.234455,6.43158
0,250,23.1778,50.9917,0.601923,6.13209
0,250,23.3139,51.4983,-0.0072746,6.04795
0,250,23.3106,52.0645,0.73814,6.09557
0,250,23.3409,52.631,0.263057,5.89238
0,250,23.3787,53.1642,0.190004,6.54141
0,250,23.434,53.6941,0.334847,5.84325
0,250,23.4685,54.2373,0.391079,5.86889
0,250,23.5257,54.7516,0.119485,6.49571
0,250,23.5763,55.2834,0.402532,6.22907
0,250,23.6156,55.8018,0.979077,6.0886
0,250,23.7013,56.3237,0.554078,6.10462
0,250,23.8216,56.8526,0.632001,6.10733
0,250,23.9149,57.3812,0.891582,6.66231
0,250,24.0067,57.9064,1.2235,5.98667
0,250,24.1168,58.3927,0.802788,6.48427
0,250,24.1614,58.9215,1.09561,6.22571
0,250,24.206,59.4735,0.887782,6.06433
0,250,24.2576,60.0178,0.709348,6.47497
0,250,24.3302,60.584,1.06255,6.56432
0,250,24.4198,61.157,1.53575,7.18101
0,250,24.5284,61.775,1.3431,6.82594
0,250,24.6402,62.3574,1.54056,7.05123
0,250,24.8007,63.0107,2.15135,6.75573
0,250,24.9497,63.6436,1.55552,7.05812
0,250,24.8795,64.1981,0.83739,6.94615
0,250,25.3004,65.0686,1.76993,7.60818
0,250,25.3172,65.5888,2.87943,8.12546
0,250,25.848,66.4524,3.00941,8.51706
0,250,25.8215,66.9109,3.80146,7.49312
0,250,26.0887,67.6393,3.65688,9.16177
0,250,26.0277,68.1286,2.91275,9.09597
0,250,26.3216,68.5713,5.07137,8.85691
0,250,27.0784,69.6497,5.49662,10.1053
0,250,27.3693,70.2598,6.15786,10.8006
0,250,27.6901,70.731,7.43165,9.99479
0,250,28.0359,71.137,6.64274,7.90538
0,250,28.3455,71.6323,8.86104,6.56546
0,250,30.6792,72.8738,15.1954,9.88796
0,250,30.9747,73.5763,16.1722,6.4248
0,250,32.3948,74.3527,18.8742,5.65569
0,250,33.1245,74.5249,20.0696,7.25804
0,250,36.9047,75.2589,20.9909,2.53712
0,250,37.519,74.9924,22.5375,3.21404
0,250,37.788,75.6881,25.2528,3.24237
0,250,42.6112,75.6955,25.148,2.55826
0,250,41.7075,75.9512,23.7745,0.515463
0,250,45.7254,75.5405,25.4701,-0.121085
0,250,46.7419,75.8396,25.0138,0.563207
0,250,47.2513,75.597,24.9283,-2.44668
0,250,48.6996,76.01,26.7992,-0.104242
0,250,50.5316,76.0751,25.248,2.90466
0,250,51.2091,76.1682,26.1589,-0.504972
0,250,52.2514,75.6099,25.2718,-0.637264
0,250,55.6041,75.6562,25.5534,0.249826
0,250,56.1269,76.043,26.2442,-2.3886
0,250,57.4495,75.8989,26.2082,0.170287
0,250,59.3685,75.6596,26.2276,1.69499
0,250,60.2051,75.2774,26.5578,0.201445
0,250,60.746,75.4223,26.3003,0.560767
0,250,62.5834,76.6568,20.2204,-2.32784
0,250,62.6707,75.4208,24.8003,-0.573146
0,250,64.0534,75.6284,22.9624,-4.27966
0,250,64.1607,75.1323,19.3843,-3.39038
0,250,64.5371,75.6247,22.3055,-1.88139
0,250,64.6893,76.0634,23.5814,-3.34099
0,250,66.2134,75.8687,25.3354,-3.96057
0,250,66.948,75.8675,23.5801,-1.82766
0,250,67.4919,76.657,21.0998,-1.42621
0,250,67.5577,75.3305,23.3812,-3.27784
0,250,68.5007,74.8796,21.0726,-3.53209
0,250,69.0301,75.3881,21.2441,-1.63179
0,250,69.4335,76.5878,19.5653,-1.65378
0,250,69.9226,76.7076,20.8485,-1.38081
0,250,70.4125,76.8677,20.5623,-2.96592
0,250,71.8757,76.2769,19.1083,-3.17683
0,250,71.7676,77.282,13.3262,-3.37338
0,250,72.0655,76.8157,17.8347,-3.97273
0,250,73.5969,75.4041,15.3821,-8.81201
0,250,70.9947,77.3522,18.5259,-1.5185
0,250,72.1473,77.5327,14.1221,-6.34246
0,250,71.2127,78.402,16.4957,-1.28891
0,250,71.336,78.8244,13.8712,-2.2187
0,250,71.0711,77.8703,12.3034,-2.14541
0,250,72.8709,76.4327,15.9356,-7.05471
0,250,73.1008,77.0007,15.3312,-5.57606
0,250,72.6979,77.0802,13.8647,-3.02799
0,250,70.8312,78.5922,7.70282,0.90191
0,250,66.2048,78.7532,17.3862,-2.15695
0,250,64.5351,79.5468,14.5063,-3.93635
0,250,67.0776,79.0236,14.4244,-1.58322
0,250,62.17,79.4651,20.0271,-1.24393
0,250,60.6678,79.6772,15.2165,2.70563
0,250,23.2656,47.0061,-0.724062,6.30452
0,250,23.6242,47.5922,0.41263,6.06323
0,250,23.49,48.1793,-0.155182,6.11226
0,250,23.6975,48.7315,-0.0349544,7.03091
0,250,23.5263,49.2251,0.331666,5.76232
0,250,23.8581,49.6808,0.326925,5.19926
0,250,23.6268,50.1757,-0.124017,6.12831
0,250,23.9418,50.8473,-0.137682,6.291
0,250,23.7263,51.2831,0.0200039,6.39718
0,250,23.7474,51.8255,0.754722,6.01213
0,250,23.7585,52.371,0.294747,5.81377
0,250,23.8282,52.9009,0.582469,6.21655
0,250,23.8683,53.4264,0.480622,6.19387
0,250,23.8913,53.9618,0.188112,6.07708
0,250,23.954,54.5122,0.423814,6.37997
0,250,24.0257,55.0368,0.113532,6.43068
0,250,24.062,55.5444,0.459129,6.09796
0,250,24.1042,56.0754,0.172348,6.40185
0,250,24.2215,56.6026,1.13162,6.14632
0,250,24.3285,57.1362,0.947998,6.2767
0,250,24.4292,57.6549,0.624932,6.14759
0,250,24.5584,58.1491,0.869577,6.04282
0,250,24.5926,58.6818,0.867616,6.14482
0,250,24.6212,59.2124,0.400605,6.30018
0,250,24.6824,59.7435,0.782991,6.09349
0,250,24.7078,60.2834,0.729271,6.62938
0,250,24.7789,60.849,1.26742,6.67172
0,250,24.8389,61.4427,1.03494,7.36959
0,250,24.9853,62.0528,1.77901,7.13227
0,250,25.0683,62.6723,1.54595,7.15266
0,250,25.2535,63.3309,2.00209,7.42942
0,250,25.3404,63.9939,0.703892,7.28504
0,250,25.3356,64.5427,1.42721,7.49994
0,250,25.7852,65.4589,2.0301,8.13056
0,250,25.8086,65.9682,2.07882,8.38551
0,250,26.3978,66.8118,4.86199,8.13598
0,250,26.2695,67.2314,3.1118,7.99869
0,250,26.5234,68.0777,2.77525,9.29358
0,250,26.8175,68.5723,4.90436,10.2727
0,250,27.0648,69.0774,5.92094,11.1168
0,250,27.569,69.8609,4.90373,10.1835
0,250,27.9275,70.3866,6.49697,8.47959
0,250,28.4364,71.0791,8.17135,9.52104
0,250,28.7687,71.768,9.5865,10.6805
0,250,29.5149,72.2202,12.4292,10.8552
0,250,31.6917,73.7046,16.5065,7.65217
0,250,32.2097,73.8363,17.9373,6.74491
0,250,35.8964,74.6652,23.0005,5.45829
0,250,34.7144,74.428,20.4826,4.89347
0,250,38.0157,75.2264,22.9927,3.20859
0,250,39.0228,75.5501,24.4335,2.90997
0,250,40.1477,75.422,23.7676,2.71234
0,250,43.472,75.3574,25.2124,0.86807
0,250,42.2986,76.0852,24.3199,1.94104
0,250,45.6739,75.1464,24.6831,1.22652
0,250,48.5898,75.4478,25.4085,0.28324
0,250,49.4737,75.9256,24.9517,0.235704
0,250,50.0078,75.8721,25.6295,0.0433321
0,250,52.0198,75.2475,25.5752,0.23559
0,250,52.2908,74.85,25.616,-0.804802
0,250,54.0434,75.6065,25.9144,-0.360961
0,250,57.0417,75.7396,27.8779,0.448602
0,250,59.9742,74.7709,25.9935,-0.943972
0,250,60.4386,74.7947,25.6523,0.479692
0,250,61.8748,75.5148,27.1082,-0.164235
0,250,61.016,75.9316,26.22,-0.948216
0,250,63.1593,75.5692,22.5643,-2.40674
0,250,63.6017,75.464,22.566,-6.00009
0,250,64.8718,75.312,24.6651,-3.30732
0,250,65.2178,75.717,23.9417,-2.24219
0,250,66.7794,75.028,22.4029,-4.08951
0,250,67.0856,75.4392,22.8432,-1.52777
0,250,66.8011,76.2881,22.9955,-2.50582
0,250,67.4494,76.1189,23.5404,-3.14602
0,250,69.5343,75.3367,21.3519,-4.56077
0,250,70.088,75.7693,22.3636,-5.95582
0,250,69.8662,76.2697,22.8975,-2.78678
0,250,70.507,76.4959,19.1631,-3.17603
0,250,71.0361,76.5449,19.6366,-1.45726
0,250,71.6605,76.9047,15.8346,-2.83601
0,250,71.771,75.8717,17.4225,-5.78776
0,250,72.32,75.8732,19.2781,-6.1962
0,250,72.4111,76.2331,15.907,-2.97636
0,250,72.4448,76.7621,15.4903,-3.96937
0,250,74.0921,74.8214,16.0013,-11.0253
0,250,74.5763,75.3697,12.4434,-10.4047
0,250,73.7952,75.8026,15.5908,-3.94486
0,250,74.2453,75.8123,13.6998,-5.50083
0,250,72.8368,75.8976,15.1472,-7.0576
0,250,73.6015,76.2318,15.9593,-8.70714
0,250,73.2563,75.8728,14.746,-10.239
0,250,72.8952,77.7045,8.7914,-2.55438
0,250,73.5213,77.0881,12.6631,-2.62625
0,250,70.0798,78.8855,12.4939,-0.734053
0,250,68.6316,79.1215,17.5368,1.7509
0,250,73.7238,77.6866,17.7644,-2.07056
0,250,67.1487,78.3833,17.0209,0.0107412
0,250,64.884,79.1364,18.5014,-2.84217
0,250,63.1634,79.2754,10.1114,0.668835
0,250,61.606,79.4288,15.9328,-4.37084
0,250,23.6478,46.9088,-0.412929,6.36667
0,250,24.0459,47.6346,-0.411398,5.8847
0,250,23.9232,48.206,-0.288265,5.4926
0,250,24.2083,48.6936,0.413112,7.32361
0,250,24.0481,49.2169,0.154642,5.59886
0,250,24.2898,49.8841,0.472444,5.76481
0,250,24.0976,50.3067,0.275457,5.8616
0,250,24.4256,50.6853,0.287936,6.46367
0,250,24.2753,51.2523,0.182042,6.24759
0,250,24.2219,51.697,0.0577001,6.046
0,250,24.2198,52.2039,0.308767,5.78621
0,250,24.2854,52.6952,0.363889,6.60584
0,250,24.3145,53.2016,-0.298413,5.81161
0,250,24.3394,53.7375,0.276931,6.05856
0,250,24.3701,54.2655,0.364571,6.46044
0,250,24.4601,54.8018,-0.0436252,6.17516
0,250,24.5224,55.3165,0.533638,6.24804
0,250,24.5344,55.8384,0.847564,6.48406
0,250,24.6248,56.3729,0.562983,6.31033
0,250,24.7385,56.9031,0.485298,6.37233
0,250,24.8582,57.4227,1.14196,6.25988
0,250,24.9791,57.921,0.875217,6.2682
0,250,25.0344,58.4578,0.588909,6.19819
0,250,25.0654,58.9887,0.901401,6.44839
0,250,25.1026,59.5302,0.549205,6.45305
0,250,25.1401,60.0932,0.624722,6.55679
0,250,25.1858,60.6446,0.96823,6.83096
0,250,25.235,61.2156,1.19,7.07739
0,250,25.3235,61.7875,1.3076,7.20167
0,250,25.4167,62.422,1.66667,7.30531
0,250,25.5406,63.0139,1.73852,7.2728
0,250,25.6688,63.6878,1.51762,7.62844
0,250,25.754,64.329,1.56743,7.26576
0,250,25.7506,64.9246,1.63352,7.61813
0,250,26.2706,65.8205,2.57314,7.38758
0,250,26.3249,66.3431,2.12527,7.95676
0,250,26.8595,67.1004,3.98461,9.34536
0,250,26.6404,67.6181,2.95815,9.93782
0,250,27.3033,68.6126,3.9877,10.8011
0,250,27.4624,69.3433,6.01489,10.5907
0,250,28.2911,70.3353,6.30158,9.96505
0,250,28.9015,71.337,9.13384,11.4868
0,250,29.4777,71.8194,9.29949,10.2578
0,250,30.0754,72.455,10.4848,10.8859
0,250,30.9676,73.1929,15.2992,9.89124
0,250,32.8366,74.0333,18.7982,6.65267
0,250,34.1583,74.3466,20.4308,5.80899
0,250,35.4233,75.0525,21.6035,5.10993
0,250,38.2221,74.8506,21.5072,1.28085
0,250,41.3183,74.7882,23.9787,1.65005
0,250,41.5719,75.3012,26.4444,1.73939
0,250,40.9818,75.1564,24.3523,0.165216
0,250,43.207,75.8701,25.5214,1.22862
0,250,44.3967,75.5703,25.2791,-0.033233
0,250,48.9749,76.5292,24.7043,1.45932
0,250,49.687,75.4478,25.6434,-0.447514
0,250,51.1746,75.7006,25.1251,0.603111
0,250,52.6159,75.1406,25.5864,-0.710544
0,250,54.518,75.6233,25.5806,0.695738
0,250,55.0837,75.7422,25.6205,0.867494
0,250,56.5564,75.6161,26.2521,0.0728544
0,250,57.7518,75.3207,26.1267,0.384514
0,250,61.458,75.6712,26.7665,0.710398
0,250,61.6277,75.0914,25.6212,0.329955
0,250,61.9677,76.6065,25.3205,-0.362663
0,250,62.4617,74.9389,25.348,-0.780786
0,250,63.8944,74.6286,22.8289,1.7545
0,250,65.9342,75.4857,22.4707,-2.79508
0,250,66.5794,75.5837,22.8397,-2.77771
0,250,66.9368,74.5479,24.1878,-3.49665
0,250,67.8381,74.7725,19.6249,-5.55019
0,250,69.0094,74.9741,21.9831,-3.58694
0,250,69.4633,74.7441,23.4585,-4.14214
0,250,69.926,75.217,21.1385,-4.45064
0,250,70.3732,76.0551,20.345,-3.07616
0,250,70.8109,75.5317,22.5567,-2.06401
0,250,70.9007,76.0805,21.5017,-2.22909
0,250,71.4191,76.3922,19.3342,-1.6589
0,250,72.0133,75.377,18.4662,-0.97635
0,250,72.3742,75.1934,18.5341,-3.66205
0,250,72.7189,75.4232,18.4132,-7.46791
0,250,73.6684,74.8645,16.1415,-7.75617
0,250,73.2344,75.3435,17.4729,-7.06173
0,250,74.1078,75.2978,11.2718,-8.92557
0,250,75.3521,75.1881,13.9373,-13.6152
0,250,75.6859,76.2099,12.5856,-5.12304
0,250,74.755,75.8653,11.8891,-6.33792
0,250,74.9058,76.5847,11.3694,-6.901
0,250,75.0912,75.7017,12.9127,-11.0223
0,250,76.1921,74.9123,15.0923,-9.43895
0,250,74.6053,76.3275,11.6008,-8.19823
0,250,73.8535,76.6284,16.6539,-1.41741
0,250,69.678,79.374,6.92583,0.90223
0,250,72.2141,78.3362,13.9225,-0.0875097
0,250,74.1571,76.2955,10.2448,-8.64923
0,250,72.4569,77.4884,11.389,-6.47628
0,250,74.4065,76.8203,13.9316,-7.55276
0,250,73.9777,77.0739,12.9803,-0.155849
0,250,68.5496,78.6272,18.7167,-1.32628
0,250,62.7666,79.6208,14.2575,7.43061
0,250,23.9868,46.9891,-0.341969,6.18485
0,250,24.4626,47.6305,-1.17674,5.94181
0,250,24.4014,48.1585,0.263589,5.98191
0,250,24.6609,48.8234,-0.643138,7.03039
0,250,24.4687,49.344,-0.0404869,5.94099
0,250,24.7762,49.815,-0.564128,5.08204
0,250,24.6989,50.3181,0.330433,5.67237
0,250,24.7716,51.0592,0.196418,6.28416
0,250,24.7849,51.5585,-0.0288442,6.30878
0,250,24.6932,52.0301,0.236549,5.74318
0,250,24.8034,52.5062,-0.00669989,6.41532
0,250,24.7774,52.9807,0.482995,5.82095
0,250,24.7993,53.4949,0.183269,6.09549
0,250,24.801,54.0202,0.690368,6.288
0,250,24.874,54.5712,0.170916,6.24763
0,250,24.972,55.0945,0.099666,6.49755
0,250,24.9799,55.6243,0.326534,6.24092
0,250,25.0294,56.1453,0.697841,6.54963
0,250,25.1463,56.676,0.818566,6.09405
0,250,25.2722,57.1986,0.926183,6.42197
0,250,25.4132,57.6942,0.389185,6.3144
0,250,25.4628,58.2346,0.335557,6.40175
0,250,25.5023,58.7666,0.714225,6.56326
0,250,25.52,59.2974,0.260538,6.40451
0,250,25.5466,59.8617,0.285618,6.59421
0,250,25.5905,60.4256,0.408297,6.88425
0,250,25.6191,61.0158,0.982014,7.1094
0,250,25.7073,61.6038,1.21811,7.34097
0,250,25.7741,62.199,1.19911,7.07759
0,250,25.9042,62.8112,2.05098,7.34164
0,250,25.9902,63.4006,1.5859,7.04938
0,250,26.0968,64.03,1.06589,7.64263
0,250,26.148,64.6682,1.79543,7.61549
0,250,26.1943,65.2615,1.58428,8.59076
0,250,26.76,66.2476,2.53963,8.48247
0,250,26.9778,66.709,3.25279,8.11437
0,250,27.0789,67.5827,2.28689,10.335
0,250,27.0479,68.1384,3.30013,9.84202
0,250,27.6998,68.9357,4.53475,9.51622
0,250,27.9831,69.7762,5.51995,10.7064
0,250,28.6351,70.6885,8.0326,8.34331
0,250,30.1007,71.8943,14.5809,12.4046
0,250,30.4663,72.2771,13.5485,11.6692
0,250,31.4972,72.8845,18.1332,10.3205
0,250,31.5875,73.3444,14.7645,11.0084
0,250,33.3812,74.1456,19.3334,6.94691
0,250,36.4752,74.8012,22.5677,4.35251
0,250,38.6027,75.0107,23.0654,1.10174
0,250,39.6597,75.3374,23.2571,0.615573
0,250,42.918,75.2817,25.0784,-0.570751
0,250,42.0658,75.6564,23.7984,0.705307
0,250,43.8256,75.359,26.2444,0.7209
0,250,46.4724,75.4642,23.2617,1.07174
0,250,48.4421,74.9765,24.7028,-0.532463
0,250,50.4871,75.1552,24.5129,-1.21568
0,250,51.9071,74.3846,24.1341,-0.716453
0,250,53.23,74.5586,25.6272,-0.309451
0,250,53.6201,75.1351,25.9389,0.146382
0,250,57.4864,75.1556,26.6512,0.398526
0,250,58.8035,74.935,27.0486,0.103909
0,250,58.3099,75.2028,26.238,-0.66492
0,250,58.3693,75.6615,27.7971,0.329856
0,250,62.6296,76.2044,24.5546,-1.43814
0,250,63.1453,74.9893,25.1881,-0.166978
0,250,63.6419,75.0146,24.0679,-3.12673
0,250,66.4603,74.2286,21.8944,-2.49813
0,250,66.4212,74.6851,22.62,-1.76583
0,250,67.6462,74.4061,23.7161,-2.71698
0,250,67.2996,74.8662,21.4447,-3.25133
0,250,69.1932,74.2563,21.7877,-4.72094
0,250,69.6486,74.1354,20.637,-3.37407
0,250,69.8896,74.6371,21.2395,-2.50684
0,250,70.4057,75.3216,22.5141,-3.35712
0,250,71.1859,75.2303,21.3827,-3.32463
0,250,71.2892,75.8288,18.8834,-5.05002
0,250,72.2941,74.6539,18.5361,-6.30105
0,250,72.7437,74.4726,19.2566,-9.03784
0,250,72.9134,74.8908,20.2344,-4.24664
0,250,73.3296,74.6727,18.6875,-6.81688
0,250,74.0733,74.2607,13.7955,-11.9761
0,250,74.4689,74.3157,15.6618,-13.3798
0,250,75.009,75.1445,13.2011,-11.1292
0,250,75.2149,76.195,11.1238,-5.82572
0,250,75.7652,75.0538,15.413,-10.7262
0,250,76.7828,75.0049,14.9753,-8.76441
0,250,76.4945,75.8488,11.3296,-10.7879
0,250,76.5006,75.3864,17.4818,-10.3284
0,250,76.3046,76.5226,12.6725,-3.96072
0,250,76.0118,76.2155,14.6635,-0.435002
0,250,76.0608,75.5145,16.4708,-11.0858
0,250,74.6305,77.7971,12.479,-2.12423
0,250,74.191,77.4904,14.6731,-2.882
0,250,74.6384,77.2197,11.2297,0.492535
0,250,73.5604,78.0725,14.3579,-5.56388
0,250,73.016,78.1405,12.3744,-4.50128
0,250,71.604,78.2456,14.2952,-4.5195
0,250,69.0509,79.0476,15.6676,-0.530686
0,250,63.4456,79.5878,9.56065,4.0726
0,250,65.5881,79.2484,12.4541,2.76268
0,250,70.2176,78.3359,16.7276,-2.10267
0,250,24.3984,47.0666,-0.00164157,6.3924
0,250,24.9157,47.8289,-0.0183253,5.78243
0,250,24.8437,48.347,-0.598601,7.0063
0,250,25.1508,48.8727,0.0684686,6.9765
0,250,24.9738,49.3472,-0.421216,5.75717
0,250,25.2921,49.7888,0.166934,6.25302
0,250,25.1738,50.3032,0.0777329,6.06378
0,250,25.1481,50.7894,0.334965,6.41273
0,250,25.2738,51.2962,0.609262,6.61397
0,250,25.2289,51.8145,0.385858,6.38398
0,250,25.2548,52.293,0.0915678,6.03933
0,250,25.3028,52.8126,0.315725,6.3735
0,250,25.2784,53.2694,0.320608,5.78259
0,250,25.2527,53.7789,0.443581,6.41752
0,250,25.2748,54.323,0.035254,6.31405
0,250,25.3864,54.8487,0.446977,6.20207
0,250,25.4517,55.3789,-0.101254,5.97191
0,250,25.4613,55.897,0.687838,6.59675
0,250,25.535,56.421,0.758289,6.23829
0,250,25.6784,56.9535,1.02458,6.48099
0,250,25.8208,57.4723,0.696172,5.99984
0,250,25.8902,58.0236,0.519434,6.5413
0,250,25.9402,58.5578,0.291413,6.28612
0,250,25.9713,59.1049,0.413353,6.1796
0,250,25.9658,59.6468,0.766334,6.72587
0,250,25.9985,60.2014,0.59201,6.39406
0,250,26.0257,60.7696,0.80972,6.80212
0,250,26.0823,61.343,0.980756,6.81185
0,250,26.1366,61.9488,1.24297,7.27825
0,250,26.2361,62.5414,1.42058,6.77404
0,250,26.3541,63.192,1.75356,8.3467
0,250,26.4539,63.7881,1.70434,7.06001
0,250,26.5152,64.394,1.19843,7.46922
0,250,26.567,65.0195,1.46106,8.64493
0,250,26.6569,65.6606,2.45575,8.76811
0,250,27.4441,66.9358,3.75584,9.82593
0,250,27.5013,67.3867,2.95054,9.88336
0,250,27.4892,67.9704,3.34316,8.51345
0,250,27.755,68.3868,2.01629,10.5772
0,250,28.0676,69.2464,4.82411,10.3352
0,250,28.8053,70.233,8.39998,10.906
0,250,29.476,71.3954,9.66742,10.2952
0,250,31.0314,72.5594,14.9119,10.0824
0,250,32.7523,73.7507,21.2458,6.63431
0,250,33.5664,73.6229,17.978,6.58665
0,250,35.4857,74.5109,23.713,3.55063
0,250,37.878,74.4331,24.7991,1.37617
0,250,40.4215,74.9883,25.1707,0.181756
0,250,42.4857,75.2141,23.9138,1.27432
0,250,44.3362,75.016,24.6326,0.428271
0,250,45.4917,74.6572,23.4326,1.18524
0,250,45.1351,74.9324,24.5316,0.818328
0,250,47.2122,75.0544,25.1083,-0.244421
0,250,49.0302,75.8134,25.3383,1.09381
0,250,50.1396,75.4038,23.4352,-0.0709717
0,250,53.8442,74.4774,25.4711,-0.977736
0,250,55.3247,75.2211,26.2617,0.472175
0,250,54.6876,76.0597,26.9925,0.0377403
0,250,58.02,74.7091,26.2525,-0.232546
0,250,59.6809,75.2396,26.7483,0.159599
0,250,60.1098,74.2972,24.8285,-0.504522
0,250,62.102,76.1622,25.8314,0.0624376
0,250,63.3457,74.5027,23.7249,0.471632
0,250,64.0841,74.2685,23.0731,-2.87573
0,250,64.4748,74.9321,20.9969,-2.90781
0,250,67.2874,74.1739,21.8427,-5.08088
0,250,68.5214,73.9429,21.5282,-6.60371
0,250,69.8598,73.6755,23.0035,-6.63678
0,250,70.1737,74.1672,22.0739,-4.54043
0,250,70.3088,74.7798,19.9674,-4.89285
0,250,70.7813,74.9459,22.4808,-2.05565
0,250,71.446,74.8098,17.1824,-4.05189
0,250,71.6082,75.3527,16.0853,-4.81146
0,250,72.4031,74.1128,19.9966,-11.1244
0,250,72.8417,73.9038,16.7792,-10.0745
0,250,73.7126,74.1949,17.0258,-6.96106
0,250,74.7417,73.8784,15.4369,-12.7291
0,250,75.044,74.0926,17.2925,-12.26
0,250,74.5232,74.8904,14.2944,-7.36187
0,250,75.6995,74.5712,15.7122,-10.2172
0,250,75.5781,75.7065,14.4138,-8.72201
0,250,76.6465,74.3554,16.1564,-13.8658
0,250,76.792,73.8993,14.3614,-12.7234
0,250,77.0473,73.4237,8.90293,-14.7986
0,250,77.1373,75.5402,12.7825,-6.96339
0,250,77.4286,75.2361,7.76184,-12.3666
0,250,76.8045,76.0702,9.30879,-6.25515
0,250,76.1977,77.1432,7.799,-5.84289
0,250,75.5211,76.8647,12.5369,-0.428958
0,250,75.9016,76.9684,14.0552,-1.71969
0,250,75.2186,76.8745,8.6111,0.824862
0,250,74.1157,77.9638,7.15909,-1.13336
0,250,73.706,78.5909,12.5696,-1.01064
0,250,70.7872,79.437,1.32379,-4.12864
0,250,71.3852,79.5594,3.53514,-1.11723
0,250,73.2477,77.5738,13.6253,-5.37751
0,250,69.2762,79.6192,12.3053,5.03349
0,250,68.0362,79.1353,11.6903,-1.23148
0,250,72.8491,78.4814,8.65003,-4.80382
0,250,65.9609,79.4894,14.7749,1.41501
0,250,24.7424,47.1132,-0.210468,5.95643
0,250,25.3128,47.795,-0.0184206,5.90685
0,250,25.3497,48.3708,0.0207197,6.42386
0,250,25.6165,48.933,-0.34441,5.86505
0,250,25.5256,49.4129,-0.125318,5.85794
0,250,25.6833,50.1724,-0.0750177,6.87523
0,250,25.6324,50.6689,-0.314371,5.98299
0,250,25.7509,51.1597,0.0600658,6.66186
0,250,25.7241,51.6679,0.396367,6.14005
0,250,25.7548,52.1703,0.668167,6.22036
0,250,25.768,52.6474,0.381758,5.69333
0,250,25.873,53.1394,0.0638595,6.20157
0,250,25.7268,53.5663,0.526899,6.2563
0,250,25.7129,54.1176,-0.0952108,6.1932
0,250,25.807,54.6167,0.303011,6.47348
0,250,25.8847,55.149,-0.183199,5.93321
0,250,25.9219,55.6717,0.448392,6.3676
0,250,25.9566,56.1845,0.800992,6.47453
0,250,26.0627,56.717,0.990904,6.30286
0,250,26.2225,57.2512,-0.00840731,6.4133
0,250,26.3027,57.802,0.16907,6.48185
0,250,26.3692,58.3321,0.32287,6.49375
0,250,26.3913,58.8679,0.438357,6.31414
0,250,26.3958,59.4246,0.631645,6.37757
0,250,26.4072,59.9814,0.0793376,6.3618
0,250,26.4348,60.5672,0.626543,6.57187
0,250,26.4702,61.131,0.67841,6.88965
0,250,26.5172,61.7031,0.0920013,7.27835
0,250,26.5928,62.2901,0.84045,6.66727
0,250,26.6724,62.9051,0.864735,7.3682
0,250,26.8107,63.5633,1.51222,7.97036
0,250,26.8976,64.1831,1.32979,7.87779
0,250,26.9266,64.7591,0.627812,6.87265
0,250,26.9715,65.3896,2.07363,7.77693
0,250,27.1394,66.0337,2.22934,7.54919
0,250,27.9575,67.0781,2.73601,8.48294
0,250,27.8841,67.6857,4.11428,9.08583
0,250,28.1519,68.2386,3.48387,11.59
0,250,28.2214,68.7751,4.25834,10.1125
0,250,28.4101,69.7184,5.62331,11.583
0,250,29.1162,70.956,6.5272,11.1546
0,250,30.688,71.9206,14.8512,11.7205
0,250,32.1527,73.1646,17.9491,11.5088
0,250,35.1901,74.2439,22.7161,5.39846
0,250,33.7868,74.0521,20.61,6.61104
0,250,38.2576,74.0948,22.8227,3.11448
0,250,39.226,75.0672,23.6026,1.14739
0,250,41.8723,75.1541,23.506,0.632867
0,250,43.6538,74.7828,25.5324,0.441618
0,250,46.6908,75.1636,25.2376,-0.0213
0,250,46.2108,74.8914,24.1441,0.560169
0,250,47.567,74.6389,24.2996,0.3247
0,250,49.0518,75.2175,25.6443,1.73258
0,250,50.6773,75.7282,26.434,0.869961
0,250,51.6746,74.6599,25.7918,-0.400774
0,250,54.055,74.8482,25.5536,-1.06831
0,250,57.0221,75.2487,27.0953,0.146461
0,250,57.1743,74.4035,26.8216,-1.03008
0,250,58.8096,75.8458,26.7913,1.2046
0,250,62.0152,74.9816,25.9865,0.51287
0,250,62.3938,75.6542,25.4143,-0.608079
0,250,62.8391,74.7175,25.8095,-0.509205
0,250,65.7506,74.9703,23.1424,-2.87773
0,250,64.5388,74.4871,22.8537,-1.74527
0,250,66.2392,75.1466,24.0455,-5.70936
0,250,68.7976,74.4654,21.0609,-6.65739
0,250,70.5991,74.2343,22.3533,-6.18458
0,250,70.3731,73.668,19.7339,-4.45436
0,250,71.9173,74.7494,16.1779,-5.04147
0,250,71.9595,74.0848,20.272,-7.92732
0,250,72.8671,73.1006,17.1793,-12.2098
0,250,72.5656,73.5607,17.1348,-9.66968
0,250,73.2214,74.1252,23.1024,-7.95463
0,250,74.2918,73.755,14.7798,-10.6921
0,250,74.5985,73.3517,14.5855,-13.2652
0,250,74.9733,73.3695,12.9703,-12.917
0,250,74.8747,74.5562,14.8486,-11.3349
0,250,76.0099,74.0336,16.218,-17.8439
0,250,76.2558,74.3909,17.8687,-13.3248
0,250,76.3886,73.6673,15.0713,-16.0756
0,250,76.6747,72.5126,5.93832,-20.9258
0,250,77.3091,72.0199,7.19962,-12.6598
0,250,77.1171,74.3103,10.4831,-15.2612
0,250,77.1414,74.742,7.35208,-7.94774
0,250,78.0033,74.9582,11.4333,-12.7841
0,250,78.5171,70.7349,11.4492,-28.5963
0,250,77.15,76.1514,10.8305,-10.8844
0,250,77.4363,76.5034,9.90261,-7.74355
0,250,75.6539,77.63,11.2673,-4.32518
0,250,76.6279,76.7873,6.03689,-6.32857
0,250,74.9573,77.3945,8.43041,-0.880113
0,250,75.3015,77.6357,7.85518,-2.08023
0,250,74.5045,78.3128,6.76586,-3.46802
0,250,76.0465,77.6544,6.53003,-5.90354
0,250,72.7985,78.8982,6.72252,-0.828074
0,250,75.0729,78.0457,10.6147,0.395323
0,250,69.5578,78.9162,11.9474,-0.489365
0,250,71.0896,79.2081,8.43445,-7.20006
0,250,72.4821,77.9883,9.84643,-8.09744
0,250,66.3794,79.2359,12.2522,-4.07298
0,250,25.1147,47.2036,-0.694204,6.29438
0,250,25.7849,47.7386,-0.754489,5.95836
0,250,25.76,48.3004,0.186331,6.78534
0,250,26.0512,48.7921,0.509762,6.15459
0,250,26.0124,49.3857,-0.143642,5.40117
0,250,25.9912,49.8823,-0.308715,6.57529
0,250,26.1128,50.5774,0.0330745,6.67261
0,250,26.2274,51.1087,0.357775,6.59522
0,250,26.1933,51.6437,0.00648759,6.92445
0,250,26.2368,52.2152,0.156133,6.27006
0,250,26.2842,52.7241,0.275125,5.65983
0,250,26.3435,53.2325,-0.432379,6.41367
0,250,26.1404,53.8313,-0.0101398,6.08669
0,250,26.2486,54.3188,0.477904,6.42815
0,250,26.2936,54.8341,0.0725481,6.77048
0,250,26.3754,55.3693,0.280607,6.12556
0,250,26.3915,55.8959,-0.0468612,6.28642
0,250,26.4574,56.4177,0.644932,6.50815
0,250,26.5723,56.9508,0.922515,6.49104
0,250,26.7068,57.5289,0.100845,6.26822
0,250,27.1799,57.7562,-0.216771,6.26482
0,250,26.7891,58.0636,-0.0563086,6.71893
0,250,26.8299,58.6254,0.227544,6.19566
0,250,26.8225,59.1933,0.356506,6.42634
0,250,26.8332,59.7579,0.809703,6.14579
0,250,26.838,60.3275,0.605297,6.46613
0,250,26.8813,60.8956,0.0250274,6.73526
0,250,26.9267,61.4783,0.595894,6.58749
0,250,26.976,62.0318,0.558328,7.43252
0,250,27.0303,62.6328,0.538778,7.0779
0,250,27.1029,63.2253,1.00014,6.63157
0,250,27.2372,63.9435,1.28468,7.29564
0,250,27.3583,64.5847,0.914224,8.13292
0,250,27.3393,65.1334,1.26836,7.64596
0,250,27.4282,65.69,2.33595,7.22298
0,250,27.4326,66.415,1.81567,8.75058
0,250,28.297,67.3929,2.95613,9.25554
0,250,28.6641,68.7046,4.38003,11.0161
0,250,28.5744,69.2302,3.73128,11.1346
0,250,28.8475,69.7389,5.31612,11.1682
0,250,29.2028,70.3499,8.09965,12.465
0,250,29.9863,71.5322,11.9157,14.5589
0,250,32.7911,72.9927,18.1676,8.35981
0,250,32.3996,73.3214,17.0359,9.34961
0,250,37.0609,74.0663,23.3665,3.91124
0,250,36.7127,74.2879,22.9715,2.77527
0,250,38.6828,74.1665,23.894,1.02949
0,250,42.0828,74.5402,23.217,0.659577
0,250,43.1255,74.8517,24.3294,1.95268
0,250,45.1812,75.5451,25.9187,0.305457
0,250,47.1458,74.3265,24.4242,0.47867
0,250,48.2903,74.5564,24.8526,0.440823
0,250,49.4892,74.4783,24.6002,1.30375
0,250,51.7701,73.8087,23.9236,-0.0214335
0,250,54.4228,75.1404,25.847,0.270165
0,250,56.0803,75.4684,26.5351,0.647087
0,250,58.8784,75.3029,25.9237,0.718379
0,250,57.6229,74.3746,25.0262,-0.321425
0,250,61.1316,75.2807,26.6316,0.374837
0,250,62.1279,74.464,24.997,-0.628148
0,250,62.5414,74.2471,25.4901,0.536708
0,250,65.068,74.8982,23.1255,-3.99086
0,250,65.4104,75.2741,24.0862,-3.48949
0,250,68.3148,74.5179,22.6148,-4.8718
0,250,68.9831,73.8388,20.5751,-6.38105
0,250,69.0117,73.2665,18.8257,-6.74778
0,250,71.162,74.0498,22.54,-5.33796
0,250,71.0008,74.5325,22.7774,-7.6637
0,250,72.0851,73.6105,19.8084,-8.1115
0,250,73.3,72.7242,18.9166,-11.5117
0,250,73.9338,73.5725,19.9005,-10.7206
0,250,72.8207,72.5906,22.0788,-9.42791
0,250,74.2095,73.0668,22.6329,-12.8037
0,250,75.3878,73.5819,14.574,-13.1943
0,250,75.3407,74.5092,15.3514,-9.43742
0,250,75.9889,73.0317,19.6363,-17.4957
0,250,76.003,73.445,15.2788,-13.3157
0,250,76.5411,73.208,13.9351,-13.1525
0,250,76.3929,71.981,12.7571,-22.2491
0,250,76.9873,73.0482,9.8884,-10.9044
0,250,77.2718,73.8588,5.86065,-11.9808
0,250,77.7078,74.3286,15.1615,-6.42093
0,250,77.4587,75.7469,4.97447,-9.74783
0,250,78.0392,72.5977,-0.654041,-24.1458
0,250,77.9987,73.5897,4.20827,-11.1438
0,250,78.3535,73.1259,2.86509,-20.3386
0,250,78.085,76.181,2.37496,-15.515
0,250,78.4734,74.2116,1.52323,-17.9489
0,250,77.8452,73.0071,5.8115,-11.6971
0,250,78.0805,74.2258,8.221,-10.0569
0,250,77.7941,76.2245,3.01869,-10.0609
0,250,76.9632,76.8324,4.08976,-5.61181
0,250,76.572,77.3556,10.8849,-7.35062
0,250,75.0041,79.1681,4.16236,-4.9789
0,250,73.2942,79.2125,7.87551,0.216904
0,250,72.8832,79.3783,4.586,-4.2858
0,250,73.8034,79.2124,1.72429,3.35027
0,250,75.7882,78.1557,8.40251,-6.5825
0,250,73.397,78.7224,7.58943,-0.0280417
0,250,66.6109,79.4824,12.3594,4.8679
0,250,25.4911,47.2063,-1.21465,5.6047
0,250,26.1786,47.9701,0.665023,6.37101
0,250,26.3346,48.453,-0.225938,6.60934
0,250,26.4348,49.171,-0.95098,5.25451
0,250,26.4663,49.7398,0.17821,6.34833
0,250,26.4223,50.2648,-0.434067,7.01803
0,250,26.6201,50.7949,-0.456058,6.99344
0,250,26.649,51.3861,-0.176553,5.95111
0,250,26.6503,51.9209,-0.204065,7.23482
0,250,26.7262,52.4582,-0.399339,5.97002
0,250,26.7823,52.9747,-0.252982,6.47706
0,250,27.0291,53.404,0.285759,6.51755
0,250,26.5844,53.6562,0.2483,6.39073
0,250,26.7466,54.0768,0.342725,6.01243
0,250,26.7238,54.5672,0.0148134,5.97585
0,250,26.7926,55.1038,0.134921,6.23402
0,250,26.8328,55.6418,0.120796,6.40308
0,250,26.9001,56.1544,0.335461,5.92246
0,250,26.9538,56.6674,0.829562,6.65968
0,250,27.0597,57.2024,0.0471632,6.12701
0,250,27.6471,57.8468,-0.419524,5.68796
0,250,27.2187,58.3297,-0.108696,6.31655
0,250,27.2349,58.9214,0.718677,6.46665
0,250,27.2397,59.4973,0.579428,6.16361
0,250,27.2423,60.0843,0.500175,6.48723
0,250,27.2813,60.6552,0.65135,6.49994
0,250,27.3184,61.2204,0.757087,6.80881
0,250,27.3706,61.7817,0.756667,7.20887
0,250,27.4146,62.3571,0.557494,6.97346
0,250,27.4811,62.9198,1.19982,7.60368
0,250,27.4801,63.5336,0.259762,6.66703
0,250,27.6516,64.2321,0.862173,6.854
0,250,27.769,64.9315,1.11886,8.09843
0,250,27.8336,65.4843,2.19308,7.58905
0,250,27.825,66.0666,0.635459,8.60473
0,250,27.8835,66.5661,1.73331,8.03123
0,250,28.3927,67.9192,1.25379,9.95639
0,250,29.0725,69.1579,3.70092,14.5568
0,250,29.3055,69.5554,6.23977,12.1431
0,250,29.4767,70.0161,6.00121,11.6348
0,250,29.5326,70.8188,9.0334,12.91
0,250,31.161,72.2015,15.0358,11.267
0,250,34.2934,73.3762,19.6813,6.08082
0,250,33.5006,73.3213,19.1783,6.89485
0,250,36.9693,74.7624,22.9281,3.35724
0,250,38.9876,73.8131,23.7579,2.19151
0,250,39.6827,74.8467,23.6488,1.04488
0,250,42.3274,74.7544,24.0434,1.40423
0,250,44.7893,75.158,26.5213,1.32905
0,250,47.6715,73.9591,23.9438,0.143628
0,250,49.5706,75.008,25.9145,0.790375
0,250,51.1836,75.2049,24.9666,-0.461782
0,250,52.5453,74.0517,23.7465,0.0462083
0,250,53.1176,75.0193,24.7585,0.115058
0,250,56.425,75.0484,25.464,-0.753223
0,250,56.9814,74.7668,26.4273,0.191327
0,250,59.3087,73.9175,25.8984,-0.926316
0,250,59.713,73.9901,25.3345,-0.181954
0,250,61.7559,74.0676,24.896,-0.327811
0,250,63.9747,73.6602,23.4407,-2.1746
0,250,64.9719,74.2418,25.2973,-4.91371
0,250,65.8999,74.5218,23.296,-4.82436
0,250,66.7891,73.9123,22.9356,-7.44697
0,250,68.5464,73.3755,19.1444,-7.45357
0,250,69.3711,73.6191,19.9829,-8.37787
0,250,70.3732,73.0455,21.0175,-6.8459
0,250,71.5999,74.3355,18.9593,-7.05424
0,250,71.1715,73.4767,25.2862,-5.82602
0,250,72.0861,73.1509,21.8045,-10.1358
0,250,73.1035,73.4279,19.919,-9.43769
0,250,74.6478,72.8008,15.9968,-13.0756
0,250,75.5919,73.9438,14.6278,-12.9022
0,250,75.9501,71.841,18.9052,-21.6998
0,250,76.3746,71.4852,17.4516,-21.9931
0,250,76.3456,72.8263,16.9052,-13.9906
0,250,77.6084,71.7769,6.76095,-17.1482
0,250,77.7494,71.1704,9.76123,-20.6904
0,250,77.5094,72.644,4.20487,-22.2632
0,250,77.7513,73.7228,5.23369,-12.0721
0,250,77.444,73.232,3.24236,-20.0435
0,250,77.5306,74.7086,10.1075,-11.5116
0,250,78.3775,72.0521,6.69127,-17.4177
0,250,78.4841,69.7976,4.18035,-32.5923
0,250,78.9482,69.7847,4.63543,-23.5655
0,250,78.7282,72.2318,-4.57808,-18.3939
0,250,78.5571,75.1288,1.02896,-8.92316
0,250,78.8335,74.2136,0.43425,-11.2197
0,250,78.1294,75.6529,7.88571,-9.96081
0,250,77.4463,76.9387,6.15939,0.639926
0,250,78.2678,74.6863,3.61956,-11.2956
0,250,77.1164,77.3307,8.9021,-4.89362
0,250,76.7543,77.6958,8.22306,-3.49717
0,250,75.6246,78.7053,4.84657,-4.04359
0,250,76.3161,77.9655,1.27598,-7.71154
0,250,72.4558,78.7134,12.329,-3.86678
0,250,71.8175,79.0896,8.65703,-3.86484
0,250,70.0622,79.6072,12.0647,-1.20583
0,250,67.5208,79.5497,11.3293,2.32435
0,250,71.9226,78.6796,11.516,-1.62415
0,250,67.6129,78.9828,14.4696,3.88095
0,250,25.8793,47.1916,-0.365149,5.55358
0,250,26.5114,47.6634,-0.21343,5.87317
0,250,26.7897,48.4074,-0.563161,6.10969
0,250,26.7866,48.9196,-0.388405,6.04303
0,250,26.8957,49.5248,-0.250194,6.54678
0,250,26.892,50.1139,-0.38287,6.54451
0,250,27.056,50.584,0.0563547,7.09212
0,250,27.0734,51.1001,-0.671525,6.43921
0,250,27.1075,51.6476,-0.603859,6.12369
0,250,27.1464,52.1437,-0.127441,6.85888
0,250,27.2129,52.6683,0.421996,6.33458
0,250,27.4111,53.1013,0.0723936,6.67246
0,250,27.2909,53.7577,-0.273225,6.4291
0,250,27.2199,54.2507,0.159168,6.70268
0,250,27.2095,54.7704,0.164565,6.92019
0,250,27.27,55.3055,0.0862201,6.78327
0,250,27.3264,55.8297,-0.207466,5.74173
0,250,27.3935,56.3312,0.0626776,6.37662
0,250,27.4551,56.8397,0.542084,5.55515
0,250,27.5509,57.3454,0.454289,6.65377
0,250,27.673,58.3658,0.156624,6.56972
0,250,27.67,58.8654,0.395594,6.37609
0,250,27.6808,59.4108,0.758431,5.9399
0,250,27.6723,59.9282,0.59202,6.37371
0,250,27.7002,60.4731,0.148423,6.89595
0,250,27.7539,60.9972,0.654767,6.96998
0,250,27.7795,61.5318,0.0394491,7.34773
0,250,27.816,62.1134,0.559933,7.24266
0,250,27.8846,62.6636,1.21272,7.97596
0,250,27.8899,63.2278,0.677304,7.33047
0,250,27.8887,63.8105,-0.185216,7.6132
0,250,28.0432,64.5073,0.630479,6.74822
0,250,28.1866,65.1564,1.28205,7.52222
0,250,28.2322,65.8684,1.47906,9.18555
0,250,28.3959,66.3304,2.15634,8.05678
0,250,28.383,66.8043,2.42541,7.37175
0,250,28.8121,68.2846,1.78143,11.5098
0,250,29.7126,69.4129,5.54817,14.246
0,250,29.8877,70.5139,8.05843,13.0584
0,250,29.9836,71.0621,9.24318,15.0246
0,250,30.6534,71.492,12.7376,12.0652
0,250,31.7823,72.6769,15.4204,9.4286
0,250,34.2572,73.6683,17.7127,5.58977
0,250,34.5771,73.9886,19.2945,5.6399
0,250,36.227,74.3138,22.9669,3.85912
0,250,39.299,74.0541,22.1787,1.59565
0,250,38.7826,74.619,22.6551,-0.584067
0,250,41.5291,74.4463,25.4968,0.816422
0,250,42.8241,74.5392,23.5244,0.896638
0,250,46.3118,74.6068,24.2941,0.702005
0,250,48.086,75.5295,25.2307,-1.069
0,250,51.5523,75.187,25.6961,-1.45277
0,250,54.5249,74.6805,25.3565,0.347234
0,250,55.1812,74.6166,25.0768,-0.498135
0,250,54.9485,75.135,25.7353,0.333857
0,250,58.1104,74.325,25.4301,-0.240613
0,250,58.8409,73.5042,24.4964,0.0322148
0,250,61.4507,74.3853,25.4074,0.451706
0,250,63.1815,74.0712,24.5202,-1.03292
0,250,65.7118,74.1345,22.8571,-2.70141
0,250,65.1904,73.4843,22.1126,-1.48663
0,250,66.1119,73.8269,22.8923,-3.94001
0,250,68.0774,74.0561,23.5105,-6.76172
0,250,68.3994,72.8329,22.4112,-4.57187
0,250,69.9471,73.2091,19.7378,-7.65996
0,250,70.7898,73.7048,20.579,-2.85969
0,250,71.6017,73.1534,21.848,-8.82353
0,250,73.487,73.6283,20.6416,-10.0654
0,250,73.5803,72.3859,23.8842,-10.9747
0,250,73.9604,72.7656,20.6806,-11.0514
0,250,75.197,72.7311,18.3067,-16.0753
0,250,75.5202,71.5857,18.9063,-19.5695
0,250,76.89,72.1935,7.54624,-23.0744
0,250,77.1817,71.5867,7.11517,-19.497
0,250,77.2687,70.4944,8.35773,-25.9533
0,250,77.1612,72.5444,9.72538,-26.1974
0,250,77.887,70.1946,5.62536,-33.5577
0,250,77.8213,72.2582,-2.46324,-17.725
0,250,78.263,71.2995,7.80877,-21.7956
0,250,78.6071,71.6644,6.09909,-28.0271
0,250,78.5113,68.1461,-2.16364,-39.1443
0,250,78.503,69.2028,6.48497,-30.3986
0,250,79.2267,70.3287,1.44164,-24.1209
0,250,79.1081,71.0748,5.55888,-26.3591
0,250,78.4992,72.8518,5.23531,-18.6607
0,250,78.9092,70.431,6.95214,-23.7623
0,250,78.5793,73.5944,4.973,-8.37354
0,250,77.9415,78.2162,2.66494,-2.10331
0,250,77.9309,76.9026,4.29556,-8.76576
0,250,77.0698,77.9796,7.39167,-3.38515
0,250,77.9436,75.3583,6.42289,-14.3513
0,250,78.1221,77.7276,4.47807,-2.83036
0,250,76.0124,78.5232,2.65404,-1.67322
0,250,74.5328,79.1519,3.26653,-5.18484
0,250,70.4257,79.3255,1.62163,0.721171
0,250,74.6392,78.6333,4.63851,-0.961491
0,250,70.5135,78.8832,14.6566,-4.35109
0,250,68.7496,79.5688,6.167,0.0663547
0,250,72.5038,79.6093,6.70295,8.10297
0,250,67.0765,79.4667,5.74073,1.26806
0,250,26.2268,47.2505,-0.0394181,6.12272
0,250,26.8957,47.949,-0.854299,5.82584
0,250,27.247,48.6942,0.230011,5.89045
0,250,27.2447,49.2302,-0.578602,5.58581
0,250,27.2996,49.8728,-0.161198,6.28442
0,250,27.5135,50.3064,-0.483653,6.82855
0,250,27.5216,50.8489,-0.660912,6.21883
0,250,27.5546,51.376,-0.134801,7.02218
0,250,27.6139,51.8798,0.217134,6.6406
0,250,27.6498,52.3938,0.13462,6.88772
0,250,27.8532,52.824,-0.109349,6.24415
0,250,27.8084,53.3764,0.0764976,6.23299
0,250,27.7562,53.871,0.474961,7.15656
0,250,27.6682,54.3915,0.196597,5.89747
0,250,27.6683,54.9327,0.52586,6.57195
0,250,27.7521,55.4609,0.646705,6.09926
0,250,27.825,55.9839,-0.30313,5.91081
0,250,27.8895,56.4981,0.215721,6.30454
0,250,27.97,56.9979,0.258188,5.58075
0,250,28.0563,57.5102,-0.0567644,6.52941
0,250,28.1267,58.0625,-0.172065,6.20176
0,250,28.1328,58.6045,0.566519,6.44794
0,250,28.1196,59.1435,0.090115,6.3193
0,250,28.1426,59.673,0.600872,7.05627
0,250,28.1286,60.1887,0.577778,6.40309
0,250,28.1808,60.7216,0.327209,7.29637
0,250,28.2041,61.2841,0.79594,6.65817
0,250,28.2207,61.8451,0.650166,7.74946
0,250,28.2806,62.3937,0.526398,7.44298
0,250,28.3216,62.9618,0.633403,7.98988
0,250,28.3214,63.4932,1.27013,8.10422
0,250,28.3074,64.0242,0.162708,7.85936
0,250,28.4387,64.6897,0.815251,7.83245
0,250,28.5597,65.5056,0.875475,8.66945
0,250,28.7673,65.9943,1.90663,8.03668
0,250,28.8479,66.6535,1.35947,8.667
0,250,28.7151,67.2325,1.60122,8.24701
0,250,29.2234,68.7231,4.10478,12.68
0,250,30.6857,71.0983,13.4368,12.5669
0,250,31.5342,71.9425,16.2893,10.4148
0,250,31.9551,72.318,18.2793,9.27801
0,250,33.2058,73.046,16.3347,5.42813
0,250,36.3145,73.7935,22.2921,3.1936
0,250,37.5263,74.5908,23.3557,2.97522
0,250,37.7499,73.8734,22.8189,2.63964
0,250,40.8665,74.5819,25.3676,1.15849
0,250,42.3186,73.9732,23.5947,0.551085
0,250,43.5609,74.4635,23.4148,0.375209
0,250,44.2519,74.7056,24.4341,-0.786158
0,250,47.0433,73.7601,23.1686,0.967961
0,250,50.7819,74.898,24.9032,0.338553
0,250,52.6321,74.5211,24.1363,-0.784817
0,250,55.8895,75.0757,26.7873,-0.281587
0,250,55.6005,74.6611,26.9924,-1.25934
0,250,56.6294,73.6662,24.7427,-0.481103
0,250,58.659,74.4184,25.1306,-0.0314431
0,250,59.4432,74.5549,26.2268,-0.059138
0,250,62.7895,73.8025,25.4562,-0.66873
0,250,65.3705,74.553,24.7995,-4.3207
0,250,66.0219,73.3484,24.3458,-5.32372
0,250,65.699,73.397,24.7618,-5.81997
0,250,67.659,73.7506,21.7791,-7.75097
0,250,69.27,72.6365,19.9631,-6.25968
0,250,69.4728,73.1198,20.5857,-6.35851
0,250,68.8383,72.2775,20.0039,-4.41151
0,250,71.587,73.7249,22.1561,-8.27645
0,250,73.621,73.0947,19.8126,-11.7721
0,250,72.5659,72.0795,22.5431,-9.80881
0,250,74.5202,72.3247,18.8891,-14.8108
0,250,75.3934,73.0473,13.6058,-16.545
0,250,76.0218,72.2962,18.767,-15.837
0,250,76.8022,71.5495,13.2162,-22.6493
0,250,76.0605,70.3548,15.0479,-28.5602
0,250,76.947,70.0229,10.5903,-27.6259
0,250,77.5204,69.1331,5.67056,-34.5015
0,250,77.6901,70.6806,3.77437,-26.4124
0,250,78.322,70.1362,3.81688,-26.974
0,250,78.2677,70.8202,9.42387,-28.8679
0,250,78.0278,69.2976,-1.87175,-30.8708
0,250,78.8217,68.4171,2.74559,-39.87
0,250,78.9358,69.106,-0.827185,-38.8446
0,250,79.2925,66.506,1.67758,-38.3809
0,250,78.5378,66.0399,-2.60754,-35.7804
0,250,78.9389,71.3813,3.66917,-24.0003
0,250,79.015,67.775,0.747813,-35.3351
0,250,78.9259,72.6722,5.61988,-14.0842
0,250,79,75.1475,1.19942,-9.32226
0,250,78.7269,74.6581,-0.618867,-8.65163
0,250,77.7257,78.5135,-0.672177,-1.20416
0,250,78.9898,75.772,-1.01214,-11.2843
0,250,78.7314,76.3994,3.44851,-3.80035
0,250,77.4969,77.8458,-0.392391,-7.81426
0,250,78.6326,75.4657,3.43303,-14.693
0,250,77.5948,77.4445,-0.170449,-1.57127
0,250,75.8028,79.5287,-1.92651,1.13601
0,250,76.7797,78.4302,5.05277,-2.10627
0,250,78.2891,76.6023,3.95752,-5.55951
0,250,72.2449,79.2258,10.2849,3.86635
0,250,76.1292,79.3108,-2.54372,1.93631
0,250,68.2025,79.4911,11.7474,-0.790258
0,250,26.7072,47.1851,-0.754042,6.32581
0,250,27.2478,47.7669,-0.498493,5.46182
0,250,27.452,48.3177,-0.255074,5.6621
0,250,27.7021,49,0.336736,5.86785
0,250,27.674,49.5498,0.26378,6.11926
0,250,27.9376,50.0015,-0.0133836,5.83908
0,250,27.9547,50.5597,-0.129036,6.58612
0,250,28.0038,51.108,-0.220109,6.98453
0,250,28.0668,51.5928,0.246182,6.35449
0,250,28.1263,52.0756,0.354308,6.21067
0,250,28.2672,52.4982,0.932461,7.0329
0,250,28.3006,53.0454,0.457048,6.65652
0,250,28.2657,53.5531,0.691754,6.42183
0,250,28.1847,54.0898,0.0886126,6.22683
0,250,28.1275,54.5905,0.390925,6.58046
0,250,28.1627,55.0886,0.374754,6.34662
0,250,28.2234,55.6048,0.801651,6.21855
0,250,28.3181,56.1162,-0.0259515,5.98112
0,250,28.3928,56.6206,-0.416808,5.98298
0,250,28.458,57.1389,0.361493,6.48066
0,250,28.5093,57.7163,-0.207521,6.27364
0,250,28.5593,58.2993,-0.00171829,6.81799
0,250,28.5732,58.8731,0.02406,6.77738
0,250,28.5855,59.4098,0.390976,6.85703
0,250,28.5942,59.9552,0.345492,6.01843
0,250,28.6079,60.4635,0.680157,6.59843
0,250,28.6046,61.0287,0.01326,5.78201
0,250,28.6262,61.694,0.444623,7.62963
0,250,28.7065,62.2829,0.276346,7.07806
0,250,28.7519,62.8485,0.589334,7.44418
0,250,28.7514,63.4457,0.700169,7.36401
0,250,28.705,64.1606,0.982772,7.55492
0,250,28.7773,65.0691,0.449076,9.32129
0,250,29.0612,65.5541,1.23497,7.34141
0,250,29.1681,66.3007,1.45336,8.43093
0,250,29.1237,67.0644,0.851252,10.0174
0,250,28.8546,67.7781,2.01065,10.3903
0,250,29.9433,70.0282,6.67779,14.1549
0,250,31.2278,71.5888,16.1925,12.4684
0,250,32.2254,71.9727,17.6944,9.60637
0,250,32.4686,72.5323,18.1666,8.49253
0,250,34.9859,73.6763,21.0732,4.62226
0,250,37.3788,73.9015,23.3053,1.96602
0,250,39.6881,74.1779,23.1387,2.51881
0,250,40.145,74.7417,22.0339,1.47958
0,250,41.7445,74.0691,24.4748,1.21564
0,250,43.508,73.7983,24.1508,1.29749
0,250,44.6626,74.3371,24.8812,-0.248978
0,250,46.9276,74.603,23.8833,1.11238
0,250,48.9909,74.7936,24.9547,0.740278
0,250,50.2918,74.618,24.3952,1.10055
0,250,51.1523,74.5525,24.8544,1.16649
0,250,54.2115,73.9588,25.8363,-0.0649122
0,250,56.6174,74.2638,24.7077,-0.639058
0,250,59.311,74.9461,25.6083,1.21435
0,250,59.4654,73.2653,25.0269,-0.302155
0,250,60.7228,74.5333,25.9263,0.337631
0,250,62.202,73.9122,25.7055,-1.25266
0,250,64.6068,73.9452,24.3403,-2.37462
0,250,64.8286,73.2835,24.0484,-1.50977
0,250,66.5051,73.5557,21.5782,-0.161457
0,250,68.8275,72.8131,18.348,-4.32059
0,250,69.8172,72.6774,19.2408,-8.59722
0,250,68.319,72.1104,18.6269,-5.96547
0,250,70.6117,72.5092,18.3001,-6.12228
0,250,71.7895,72.6882,20.5028,-8.60473
0,250,72.2834,72.3814,21.779,-7.96041
0,250,71.7403,71.6523,19.7454,-5.81519
0,250,74.9545,72.3721,15.6978,-16.1298
0,250,75.4214,72.0552,13.2912,-16.7099
0,250,76.6695,70.9195,11.4458,-25.9493
0,250,76.9568,70.9863,9.91486,-25.2828
0,250,77.4913,70.0519,4.00619,-30.8848
0,250,78.6662,68.7203,7.61712,-33.5735
0,250,78.0807,71.7843,8.17512,-24.0373
0,250,77.8295,69.6611,-0.892391,-27.7409
0,250,78.2028,67.5487,-1.03522,-35.6624
0,250,77.9374,66.6631,-1.45374,-38.4382
0,250,78.5186,67.5464,-0.0239197,-35.4583
0,250,79.2396,68.3263,2.63311,-44.0017
0,250,78.8527,66.9977,0.656449,-44.0178
0,250,76.322,60.9464,-9.78019,-45.9495
0,250,79.3393,68.8833,0.12992,-29.2092
0,250,79.6559,72.5377,11.511,-15.073
0,250,78.8089,73.4793,-4.16462,-20.3516
0,250,79.7191,65.7965,2.25984,-38.0546
0,250,79.5348,73.2211,2.57191,-18.485
0,250,79.5921,65.3355,-1.64853,-32.8527
0,250,79.2701,73.9191,-5.29356,-2.67279
0,250,79.6816,67.9551,-6.25629,-41.631
0,250,79.1219,71.9073,8.83789,-27.5823
0,250,79.4498,79.286,1.70754,-13.12
0,250,79.5494,68.5805,-4.94214,-32.4306
0,250,79.6511,66.5029,-0.867751,-39.7441
0,250,77.2174,78.8655,-1.36148,-3.97892
0,250,77.7125,79.5897,2.57441,-1.32718
0,250,79.6357,74.0476,-0.604011,-8.52319
0,250,79.3197,75.4555,0.987381,-5.34517
0,250,74.8004,79.5387,6.62117,-5.26072
0,250,74.0901,78.4779,6.78958,-4.6284
0,250,27.0079,47.1144,0.450226,6.59468
0,250,27.8716,48.3542,-0.0236097,6.12369
0,250,28.0801,48.8914,0.206489,5.3121
0,250,28.1495,49.5036,-0.1228,5.98406
0,250,28.4776,49.8548,0.83882,6.3267
0,250,28.4054,50.3087,0.755278,5.54159
0,250,28.4396,50.811,0.101864,6.21504
0,250,28.5576,51.2995,0.199272,7.13387
0,250,28.6117,51.7468,0.891437,6.34834
0,250,28.7186,52.1919,0.567683,6.05597
0,250,28.7623,52.733,0.960215,6.00982
0,250,28.7666,53.2623,0.300078,6.40003
0,250,28.6979,53.7686,1.20443,6.17804
0,250,28.6455,54.2828,0.377891,6.24391
0,250,28.6296,54.7642,0.446863,5.92886
0,250,28.6753,55.2306,0.724793,5.95153
0,250,28.7238,55.727,0.159683,6.38225
0,250,28.8245,56.2191,0.210919,5.52376
0,250,28.8587,56.7546,-0.456004,6.0035
0,250,28.8937,57.331,-0.321643,5.71741
0,250,28.9458,57.9169,0.403035,7.20939
0,250,28.9842,58.5209,0.348959,7.14846
0,250,29.0007,59.1041,0.495236,6.48932
0,250,29.0385,59.6797,1.0811,6.20938
0,250,29.0842,60.1832,0.727979,6.00901
0,250,29.0217,60.716,0.368961,5.6698
0,250,28.9456,61.3729,0.0662339,6.8819
0,250,29.0773,61.995,0.908169,7.03211
0,250,29.1473,62.5689,0.632303,7.95979
0,250,29.1522,63.1579,1.65505,7.98852
0,250,29.0123,63.8124,-0.289597,7.56229
0,250,28.9534,64.5804,0.459033,8.42504
0,250,29.2815,65.0302,1.13644,7.55718
0,250,29.3852,65.8913,0.572035,9.07595
0,250,29.4791,66.7068,1.28647,9.20145
0,250,29.2287,67.6825,1.32691,10.2389
0,250,29.3301,68.228,1.26599,12.5186
0,250,29.6241,68.8394,2.89591,11.8326
0,250,30.377,70.8009,9.58747,17.0561
0,250,31.9776,71.5748,17.1753,10.903
0,250,32.8411,72.5051,16.7634,8.56495
0,250,34.9734,72.8834,21.1115,5.13834
0,250,35.8458,73.9207,23.0207,4.39964
0,250,37.6809,73.1961,19.7579,1.45059
0,250,39.2703,74.5714,21.6323,0.994162
0,250,40.8238,74.2373,22.395,3.54463
0,250,43.235,73.8809,22.1095,0.199
0,250,44.0678,74.2097,22.9897,0.673816
0,250,46.6449,74.0084,21.7965,2.16957
0,250,48.944,73.9258,22.8489,0.571545
0,250,50.3423,74.2162,23.4893,1.45034
0,250,53.9504,74.0231,24.2977,-0.7656
0,250,56.4021,74.6306,25.4567,-0.973117
0,250,57.6176,73.7416,24.8702,-0.440219
0,250,59.8014,73.3517,25.78,-0.0592902
0,250,60.181,73.8368,25.2769,0.681929
0,250,61.1877,74.6723,27.0331,0.366609
0,250,63.2686,73.4756,25.2202,-0.418934
0,250,64.4051,73.5845,20.7664,-1.53113
0,250,66.6643,73.0669,23.4015,-3.82604
0,250,67.222,73.6837,22.9171,-4.39186
0,250,68.101,72.2147,20.9892,-7.69452
0,250,68.7311,71.8106,19.5122,-6.18047
0,250,69.526,71.7106,21.0695,-5.49769
0,250,71.2303,72.4293,23.005,-9.10013
0,250,70.4655,71.8127,17.8598,-3.02101
0,250,73.1675,72.1444,19.7539,-9.45141
0,250,75.6288,72.5371,17.5224,-15.8676
0,250,74.0485,72.2616,19.7912,-12.414
0,250,76.2388,70.8818,12.1572,-25.7448
0,250,77.4111,71.0594,12.0824,-25.8683
0,250,75.6,70.9147,17.0225,-23.8306
0,250,78.1564,68.783,5.84956,-39.9593
0,250,77.4186,67.1596,-0.285021,-43.3749
0,250,77.5807,67.925,2.20542,-31.8894
0,250,78.2718,63.9011,-1.67498,-46.8606
0,250,78.035,64.7807,-5.17769,-48.2068
0,250,78.6806,66.663,0.0503206,-35.0106
0,250,78.8017,63.3654,0.535487,-45.2052
0,250,77.9077,65.7429,-6.45656,-41.4743
0,250,78.6459,64.6623,-0.0182234,-36.5148
0,250,79.4245,64.4209,4.40091,-49.8617
0,250,78.6677,63.6821,-3.83498,-45.8877
0,250,78.7073,64.3239,1.41658,-50.8297
0,250,78.5414,66.2116,-11.9636,-33.6755
0,250,78.0468,61.2611,-4.08959,-42.5929
0,250,79.2581,62.8111,0.369653,-37.3582
0,250,79.586,63.6023,0.414132,-34.3745
0,250,79.272,67.0373,-7.24426,-40.4847
0,250,79.5578,71.6617,-14.2163,-16.8194
0,250,79.4857,64.5794,-0.949039,-35.2759
0,250,79.5856,71.2044,4.3113,-32.8813
0,250,78.1262,77.2158,5.9216,-3.12862
0,250,78.606,75.9417,3.06198,-12.1316
0,250,75.0912,78.7379,11.7901,-6.60178
0,250,76.46,78.3303,1.61841,2.85112
0,250,79.3384,74.6456,4.16969,-20.0185
0,250,77.0165,79.2614,-2.1107,4.59403
0,250,76.4676,79.5506,-1.46792,-10.4669
0,250,71.9645,79.5416,6.67225,0.229505
0,250,27.3739,47.2141,-0.0973568,6.31607
0,250,27.6942,47.7473,-0.208751,6.10986
0,250,28.6082,48.737,-0.461101,5.09516
0,250,28.5322,49.1949,0.138744,6.28573
0,250,28.9163,49.5269,0.270426,6.503
0,250,29.0072,50.0129,0.516825,5.39069
0,250,28.9148,50.4829,0.42231,5.69961
0,250,29.0009,50.9467,1.52171,6.20427
0,250,29.1331,51.3801,0.253125,6.92554
0,250,29.1738,51.8786,0.681436,7.3037
0,250,29.1684,52.4205,0.523744,6.53508
0,250,29.2234,52.9518,1.46371,6.40949
0,250,29.2399,53.4752,0.932802,6.70381
0,250,29.1532,53.9693,0.681663,6.31655
0,250,29.1488,54.4395,0.480301,5.53635
0,250,29.1861,54.9071,-0.0522313,6.23208
0,250,29.1951,55.3736,0.779755,6.16147
0,250,29.2345,55.8407,0.0956426,6.04254
0,250,29.2898,56.3715,0.471639,6.21402
0,250,29.2813,56.9501,-0.548939,5.85256
0,250,29.3139,57.5736,0.118094,7.25546
0,250,29.3611,58.182,0.0899452,6.91183
0,250,29.4053,58.8047,0.679371,7.19702
0,250,29.4433,59.3874,1.02746,6.41071
0,250,29.5381,59.9145,0.921348,6.57095
0,250,29.4976,60.4832,1.21269,5.96264
0,250,29.3542,61.0779,-0.865968,6.79477
0,250,29.3835,61.6317,-0.623461,6.32681
0,250,29.534,62.2384,-0.345097,7.51688
0,250,29.5833,62.782,0.0975777,7.18343
0,250,29.5311,63.3753,1.48124,8.0687
0,250,29.4495,63.8887,1.09221,8.27534
0,250,29.3581,64.3964,-1.07789,7.37608
0,250,29.635,65.3551,1.29148,9.15498
0,250,29.7582,66.3349,-0.678301,10.1823
0,250,29.5697,67.2714,0.507119,10.4265
0,250,29.6541,68.0145,1.32678,11.4489
0,250,30.0353,68.553,3.68007,12.5657
0,250,30.1615,69.6194,5.50352,14.3245
0,250,31.1671,70.7767,14.5453,9.01118
0,250,32.6375,71.8112,16.6515,9.09471
0,250,33.3396,72.5685,21.6457,6.88557
0,250,35.4471,73.7748,21.8942,5.40416
0,250,36.6592,73.5338,21.032,1.66618
0,250,38.0685,73.444,20.9394,3.28896
0,250,41.4256,73.8558,21.4122,1.16425
0,250,45.0135,73.6194,23.9298,1.38277
0,250,46.1051,74.1865,23.5722,1.00126
0,250,47.6785,75.3302,24.851,1.52185
0,250,49.4036,74.0556,24.0543,0.542313
0,250,52.8101,73.9515,24.4629,-0.181659
0,250,55.1069,74.0798,25.8832,-0.514243
0,250,56.9892,73.7773,24.1047,-0.559509
0,250,60.8975,74.0967,25.4872,-0.801898
0,250,61.1866,73.766,25.3448,0.327738
0,250,61.0588,73.2381,24.4391,-0.613847
0,250,62.7455,73.2771,24.7779,-0.484247
0,250,65.2889,73.9147,22.4228,-2.2407
0,250,65.4169,72.9101,24.4561,-3.30299
0,250,67.9964,72.9943,23.6975,-3.52209
0,250,67.1153,72.747,21.1611,-4.70882
0,250,67.6,72.4977,22.1195,-5.56639
0,250,70.7545,73.0611,20.7963,-6.70682
0,250,69.4945,72.2544,21.7864,-7.0235
0,250,70.8358,72.1636,22.623,-8.52506
0,250,70.3951,70.9902,20.2242,-5.21224
0,250,71.1502,71.298,22.8562,-7.86999
0,250,71.9562,70.9963,21.5213,-5.72123
0,250,75.9204,71.2219,13.1717,-20.4767
0,250,76.7131,70.2794,14.3253,-25.2233
0,250,74.6379,71.4199,20.6764,-15.4194
0,250,77.3494,69.391,9.14474,-27.963
0,250,78.1268,68.0734,7.68273,-38.6376
0,250,78.2729,67.073,5.66222,-34.6949
0,250,77.6955,66.0897,-7.24787,-38.829
0,250,78.0035,64.0021,-3.95287,-43.1863
0,250,76.0872,63.3063,-12.6855,-40.229
0,250,77.0173,61.9716,-6.1995,-38.8422
0,250,78.5367,65.0995,-1.13174,-44.6003
0,250,77.8918,63.3963,-4.16411,-40.0323
0,250,77.9398,59.8802,-3.82004,-42.514
0,250,78.4286,60.9078,-2.31093,-45.8096
0,250,78.2321,63.1205,-4.55005,-43.9366
0,250,75.8859,57.625,-8.52104,-40.831
0,250,79.2112,63.1433,1.94031,-40.9711
0,250,77.0431,61.0683,-7.18467,-46.3859
0,250,76.9137,60.8452,-10.0932,-39.7612
0,250,79.1371,69.5595,-5.38381,-25.1386
0,250,78.8514,78.2349,-2.63875,-2.61187
0,250,76.8474,79.5982,7.13845,4.09245
0,250,78.8664,79.004,2.85705,-4.36925
0,250,77.7642,78.9757,-1.2604,3.83966
0,250,77.4546,79.3375,-5.50792,-4.41003
0,250,79.5422,75.0356,-3.87587,-2.51755
0,250,74.1706,79.6332,3.42085,-1.03744
0,250,76.6331,78.8843,3.5694,-1.99337
0,250,76.2795,78.9416,-0.651937,-7.457
0,250,79.0206,76.8976,2.98999,-8.41632
0,250,75.2969,79.5503,2.48005,5.23293
0,250,73.5486,79.6869,1.2174,3.74809
0,250,27.8573,47.1666,-0.545634,6.42982
0,250,28.2883,48.3037,-0.536471,6.30457
0,250,29.1474,48.5915,0.140451,6.0957
0,250,29.0973,49.0648,-0.24042,6.26176
0,250,29.5936,48.9328,-0.0317983,5.17651
0,250,29.4576,49.5086,0.652791,5.09229
0,250,29.4948,49.9569,-0.633485,5.73529
0,250,29.4507,50.4741,0.812935,6.0773
0,250,29.5493,50.8912,0.050764,5.54136
0,250,29.6471,51.3715,1.01053,6.7078
0,250,29.6054,51.9221,0.289744,6.0206
0,250,29.6873,52.4204,1.07283,5.49825
0,250,29.6771,52.9091,0.894178,5.96219
0,250,29.71,53.462,0.547422,6.0314
0,250,29.6748,53.9518,0.791038,6.17187
0,250,29.6514,54.4581,0.460926,5.23646
0,250,29.7074,54.9479,0.51636,6.16468
0,250,29.7257,55.423,0.820653,5.05141
0,250,29.7463,55.9005,-0.0668373,5.61785
0,250,29.7364,56.3987,0.756542,6.54619
0,250,29.7111,56.9101,0.000231785,5.24448
0,250,29.7077,57.451,-0.686906,6.01855
0,250,29.7723,58.0238,0.496828,5.05549
0,250,29.7952,58.5851,0.903238,6.15059
0,250,29.8263,59.171,-0.0448064,5.1926
0,250,29.9614,59.8111,1.07395,6.69217
0,250,29.9078,60.3651,0.839493,6.28654
0,250,29.7503,61.0135,-0.443516,6.45362
0,250,29.8024,61.7093,-1.11389,6.55944
0,250,29.9652,62.2131,0.166919,5.70764
0,250,29.9621,62.9096,0.459269,7.29043
0,250,29.9076,63.615,0.442953,8.6079
0,250,29.8542,64.2086,-0.174355,9.8488
0,250,29.6822,64.7807,0.315785,7.85163
0,250,29.8472,65.7928,1.48218,8.58438
0,250,29.9484,66.9408,0.794442,10.1034
0,250,29.8979,67.5334,1.40096,10.1065
0,250,30.1056,68.127,0.66443,11.6352
0,250,30.0685,69.0465,2.2631,13.3269
0,250,30.3826,70.2943,6.49836,16.8651
0,250,31.2669,71.0007,10.3444,14.7305
0,250,33.8698,72.628,19.1699,8.23482
0,250,34.5048,72.8338,22.358,5.46398
0,250,35.8953,72.9033,18.3276,4.35115
0,250,40.4636,73.9356,21.2386,1.69339
0,250,41.0829,73.7389,22.3406,1.39423
0,250,42.9283,74.1316,23.2538,1.86016
0,250,44.9741,74.0915,22.9089,0.391195
0,250,47.9357,74.9076,24.7475,0.821844
0,250,48.7915,74.3986,22.883,1.92065
0,250,50.7574,74.2501,22.7974,1.3164
0,250,53.208,74.1963,24.5351,-1.41687
0,250,55.9133,74.3537,25.8629,-0.624252
0,250,56.2979,73.8812,25.5296,-0.132124
0,250,58.3441,73.8521,25.2443,0.343848
0,250,60.3784,73.2554,25.5254,0.282081
0,250,63.6449,74.1003,24.3571,-2.29768
0,250,62.7662,72.8546,24.3037,-0.375806
0,250,64.3626,72.8406,23.117,-0.770561
0,250,68.1437,73.5581,19.8695,-7.30863
0,250,65.7585,72.7125,23.2151,-1.17075
0,250,67.3183,72.2456,19.9865,-5.09972
0,250,70.0827,71.9913,20.0234,-5.32717
0,250,71.2172,72.9056,20.4839,-8.39211
0,250,72.4588,72.8791,17.8291,-9.53145
0,250,71.6695,72.27,21.091,-6.99159
0,250,73.008,71.775,22.9962,-9.31094
0,250,74.4617,71.8339,18.2866,-17.3051
0,250,75.1419,71.2903,17.5312,-21.8603
0,250,73.0156,71.2337,25.7028,-12.289
0,250,76.846,69.3719,9.57682,-30.9454
0,250,77.5888,68.6164,9.34589,-37.1592
0,250,77.2884,68.0526,2.96299,-36.7751
0,250,77.5049,66.771,0.742823,-39.4165
0,250,77.4234,64.7061,-3.9563,-44.1627
0,250,77.1086,63.164,-7.05897,-41.1875
0,250,76.9922,61.5168,-8.66524,-43.9232
0,250,77.474,59.1344,-4.71006,-44.1534
0,250,75.0795,59.9562,-13.884,-44.1682
0,250,76.0384,58.7821,-10.0698,-43.1052
0,250,76.4222,58.1035,-7.32747,-42.4487
0,250,79.4803,56.1448,0.647028,-42.4918
0,250,77.353,61.9004,-6.45609,-42.6615
0,250,77.686,60.953,-5.81943,-38.6892
0,250,79.2954,77.145,-3.33218,3.85021
0,250,79.5193,79.8724,-5.05476,4.94492
0,250,78.2992,78.9756,1.459,5.34331
0,250,79.3958,71.9997,5.98263,-17.4063
0,250,78.4027,78.7506,-1.22556,4.46815
0,250,77.2473,54.0595,-5.1897,-44.7796
0,250,79.6199,70.1868,7.70675,-20.7172
0,250,77.5853,51.7049,-2.92533,-43.6245
0,250,79.7741,62.0671,-0.485762,-29.3687
0,250,76.2399,57.5745,-7.06671,-39.1908
0,250,77.1381,58.6508,-6.38043,-40.1931
0,250,78.2711,79.4688,5.71586,5.53772
0,250,75.6781,79.0543,2.68712,-1.48264
0,250,79.1721,72.7423,6.22214,-25.8891
0,250,74.1128,79.0313,7.81331,-3.016
0,250,75.3308,78.3001,7.30868,-5.68971
0,250,28.1258,47.7477,0.023975,6.58969
0,250,28.6248,47.7488,0.0220569,6.21766
0,250,28.7717,48.22,-0.611789,6.04364
0,250,29.3334,47.6984,-0.844709,5.85788
0,250,29.2991,48.0897,-0.591868,6.13973
0,250,29.6721,48.4234,-1.00988,4.49702
0,250,30.0885,48.6066,-0.540589,5.83816
0,250,29.9118,49.2461,0.420034,4.58291
0,250,30.0347,49.6925,-1.91536,5.37741
0,250,30.025,50.1638,0.56888,5.29978
0,250,30.0047,50.5748,-0.521522,5.39608
0,250,30.155,51.0621,-0.0324135,4.7075
0,250,30.0699,51.565,0.472808,5.48674
0,250,30.1526,52.0833,0.349399,5.84936
0,250,30.1488,52.6128,0.944733,6.29939
0,250,30.1405,53.1118,0.467645,6.10882
0,250,30.1774,53.6875,1.47674,4.95755
0,250,30.1226,54.1842,-0.0391772,4.68607
0,250,30.1489,54.722,0.23439,4.18732
0,250,30.1902,55.3039,-0.272855,4.7667
0,250,30.1961,55.9488,0.498044,5.37169
0,250,30.1909,56.5624,-0.15983,5.12571
0,250,30.1909,57.0991,0.275755,6.99219
0,250,30.1736,57.593,-0.23672,6.01751
0,250,30.2143,58.1166,0.22873,4.86298
0,250,30.2204,58.7279,-0.359544,6.59158
0,250,30.2412,59.3495,0.295976,5.83038
0,250,30.3714,60.1079,0.592868,5.97256
0,250,30.2108,60.8038,0.535197,7.15224
0,250,30.1284,61.3073,-0.94448,6.12481
0,250,30.325,61.7395,-0.499664,4.351
0,250,30.2964,62.4982,-0.338923,7.92334
0,250,30.2753,63.2479,-0.134483,8.96405
0,250,30.2672,63.9572,0.579544,7.22111
0,250,30.1908,64.5914,0.943747,7.4159
0,250,30.0795,65.0847,-0.523518,8.10948
0,250,30.319,65.4697,1.38005,8.1771
0,250,30.1706,66.1787,-0.405323,7.32068
0,250,30.3116,66.8415,0.571906,9.14414
0,250,30.3606,67.6178,0.657348,9.97946
0,250,30.5961,68.6643,1.30529,12.7662
0,250,30.6232,69.6927,5.09487,16.2203
0,250,31.6313,71.3947,14.8859,12.5062
0,250,34.0141,72.9355,19.5549,8.01873
0,250,35.5867,73.0949,20.5396,6.07091
0,250,36.9138,73.4335,21.0654,2.76495
0,250,40.1802,74.2588,23.7799,2.37148
0,250,42.3813,73.7585,23.4232,0.821885
0,250,44.5819,73.7513,23.8245,1.53275
0,250,45.6459,74.2968,24.0898,0.161894
0,250,47.8983,74.1459,24.2551,0.679509
0,250,48.5023,73.9406,23.527,0.286958
0,250,51.2674,74.1376,24.104,0.133849
0,250,55.3105,73.9314,24.1036,0.24655
0,250,58.9124,74.2475,25.8006,-0.950777
0,250,58.5383,73.455,25.045,0.201398
0,250,62.1071,73.0303,24.7194,-0.706426
0,250,63.4126,72.9615,24.4388,-0.256397
0,250,64.1716,73.0729,22.5507,-1.56651
0,250,67.7118,73.231,23.0153,-5.04616
0,250,66.2406,72.7263,19.3794,-3.54228
0,250,69.0157,71.7007,20.3802,-5.13183
0,250,69.3928,71.3305,17.5084,-4.11305
0,250,71.3467,71.8715,19.2433,-6.18659
0,250,72.128,71.8744,23.9811,-6.39142
0,250,71.5834,71.139,19.5883,-8.27921
0,250,74.9941,71.8078,16.0621,-12.7464
0,250,74.0306,71.6391,22.4705,-14.7603
0,250,74.1114,70.9061,18.8511,-16.4995
0,250,72.2418,71.2827,20.1299,-9.82764
0,250,77.099,68.6689,0.334746,-33.4026
0,250,73.5558,71.0527,22.1055,-10.0555
0,250,75.1572,70.6222,16.7282,-20.3921
0,250,74.9522,70.9129,19.4846,-21.1171
0,250,77.3135,66.056,-7.02613,-41.079
0,250,77.1238,64.0899,-5.30805,-38.1274
0,250,75.3473,59.6929,-13.8326,-47.3431
0,250,76.5474,58.4441,-7.33259,-42.7264
0,250,76.0582,56.1373,-11.5673,-42.9359
0,250,73.5064,58.8887,-13.6089,-35.2357
0,250,76.3802,59.0148,-8.99862,-42.39
0,250,78.0987,60.4,-5.56768,-44.2991
0,250,78.8376,61.8836,-1.83045,-43.992
0,250,79.1404,67.6081,-0.180701,-32.2251
0,250,79.6215,59.6613,-1.17057,-26.2383
0,250,77.7987,53.8683,-3.71037,-51.2739
0,250,73.383,55.0961,-13.9257,-39.5294
0,250,79.7183,61.1093,0.434454,-28.8179
0,250,79.1348,76.4012,-2.44645,-10.2222
0,250,79.2702,74.4702,6.58344,-8.71777
0,250,79.1316,78.1084,-1.42288,-1.2352
0,250,76.2523,57.0994,-7.32115,-40.0337
0,250,79.1706,79.4916,-0.734399,-3.72967
0,250,79.6256,75.8145,5.13746,-7.68714
0,250,77.306,78.4109,-4.61113,-0.846107
0,250,79.5498,78.5422,2.5173,-0.506636
0,250,79.539,77.5011,-2.01802,-1.83621
0,250,79.5054,76.8265,-2.12955,-11.5747
0,250,78.8983,77.6023,-2.38422,1.18529
0,250,78.501,77.6668,5.27101,-0.323885
0,250,29.4335,47.2086,-0.40824,5.67346
0,250,28.1275,47.198,-0.70329,6.29907
0,250,28.6631,47.388,-0.168698,5.13042
0,250,30.7699,46.3791,0.176473,5.24957
0,250,29.1211,47.1945,-1.49189,6.28464
0,250,30.1922,46.9383,-0.667405,5.86921
0,250,29.8849,47.4227,-0.907457,5.82848
0,250,30.3425,47.2987,-0.246841,4.48817
0,250,29.9265,47.9389,-1.12794,4.59767
0,250,30.4322,47.7454,1.20901,4.92873
0,250,30.3542,48.1428,1.54543,3.58173
0,250,30.5197,48.6729,-1.16102,3.97307
0,250,30.4349,49.1523,1.29484,4.4089
0,250,30.5172,49.5897,-1.23141,2.94138
0,250,30.5548,50.1324,0.754904,5.335
0,250,30.5497,50.6327,0.762702,4.56504
0,250,30.5728,51.2635,-0.486146,5.23122
0,250,30.5327,51.8897,-0.138717,4.47672
0,250,30.6126,52.5359,-1.49253,5.72797
0,250,30.5679,53.1368,2.12046,4.85645
0,250,30.5874,53.7665,-0.101283,3.61185
0,250,30.5726,54.3796,-0.247887,5.24353
0,250,30.5565,54.9708,0.56977,5.0567
0,250,30.5419,55.5962,-0.862933,4.17662
0,250,30.5696,56.2231,1.07278,5.50216
0,250,30.5702,56.8655,-1.8455,4.69952
0,250,30.6103,57.5955,0.734925,5.16741
0,250,30.5881,58.3024,0.0915179,5.3742
0,250,30.5834,58.9583,-0.747166,6.24098
0,250,30.5322,59.6865,0.562018,5.81808
0,250,30.5552,60.5516,-0.433728,6.50759
0,250,30.6221,61.2311,1.64325,4.83583
0,250,30.5653,62.0835,-3.56386,7.35521
0,250,30.5877,62.8544,0.591701,7.71186
0,250,30.5807,63.5806,-0.142606,7.50911
0,250,30.5743,64.3232,1.06323,7.3109
0,250,30.605,64.9831,-1.82839,7.10445
0,250,30.544,65.7955,2.41072,7.78429
0,250,30.5492,66.4194,-1.0117,8.891
0,250,30.5193,67.2568,-0.454531,7.03315
0,250,30.5589,68.1101,0.0449209,8.90878
0,250,30.4874,69.1621,1.97458,13.6156
0,250,30.748,70.2274,5.83463,15.9622
0,250,32.9909,71.823,18.1908,7.65545
0,250,35.013,73.2569,17.1474,5.88626
0,250,35.8822,73.3944,20.887,4.83764
0,250,38.3934,73.6463,21.2621,3.52124
0,250,40.1372,73.6618,22.1616,2.4809
0,250,43.9721,73.8841,22.5797,0.847246
0,250,45.5274,73.6329,23.5916,-0.372072
0,250,45.9204,73.7968,22.3489,1.03145
0,250,48.3946,73.5846,24.212,0.321892
0,250,49.9241,74.3028,23.9427,2.00239
0,250,54.6039,74.2734,24.4389,0.18235
0,250,55.8458,73.9345,25.4745,-0.302333
0,250,57.8658,73.7485,24.1581,-0.486675
0,250,60.6267,73.654,25.1153,-0.191844
0,250,61.9328,73.3739,25.6471,-0.484374
0,250,61.562,73.5258,24.5724,-0.168265
0,250,63.6684,73.3537,23.7308,-0.89184
0,250,64.7967,72.8322,22.7291,-2.89447
0,250,67.196,73.0952,23.7153,-6.12062
0,250,66.459,72.5678,22.6885,-4.02043
0,250,70.1299,72.5052,18.9497,-8.94523
0,250,70.061,71.4995,19.0726,-2.22859
0,250,70.8927,71.5825,21.0531,-5.41355
0,250,70.5341,71.1124,21.9188,-3.74902
0,250,73.6673,71.9154,22.5772,-12.6023
0,250,72.5201,71.4744,22.2786,-7.26745
0,250,73.5547,71.2939,23.2766,-11.9505
0,250,74.2948,71.0699,23.3037,-15.9737
0,250,76.5248,69.8408,13.8375,-31.0531
0,250,75.4668,70.4139,18.6193,-23.6758
0,250,75.8476,70.1531,17.4986,-25.3926
0,250,76.8712,69.0705,7.23437,-32.7037
0,250,77.1347,67.6928,0.248368,-35.804
0,250,78.0705,65.0528,-3.40157,-43.5981
0,250,75.7777,62.3041,-10.3328,-40.367
0,250,72.9621,56.8826,-14.4178,-39.9183
0,250,78.0796,59.8619,-6.8798,-39.6493
0,250,77.8721,55.4315,-5.49208,-43.5153
0,250,74.7057,59.1397,-11.7664,-32.5163
0,250,76.6514,53.807,-5.13619,-42.4831
0,250,77.8416,54.5873,-2.91975,-43.9869
0,250,79.3362,56.6965,0.194009,-34.7858
0,250,79.162,57.9302,-1.40887,-32.2075
0,250,79.3374,73.4247,-1.08675,-15.304
0,250,76.9978,54.8534,-5.78111,-38.174
0,250,77.4337,48.7454,-3.91669,-45.8188
0,250,77.0169,51.9564,-4.2331,-44.3798
0,250,78.5966,77.0041,1.26572,1.552
0,250,79.5127,78.0073,-6.43456,3.51645
0,250,78.4413,78.19,3.19106,0.550197
0,250,63.2357,62.0684,-26.5724,-23.7568
0,250,79.1943,78.8393,10.8728,-5.56265
0,250,79.3622,70.7484,5.12459,-12.886
0,250,79.4309,76.0495,-1.22235,1.23675
0,250,78.568,79.5138,-1.21657,-6.57653
1,250,31,69.5,0,0
1,250,31.5,69.5,0,0
1,250,5,5,0,0
1,250,5.5,5,0,0
1,250,5,80,0,0
1,250,5,80.5,0,0
1,250,80,6,0,0
1,250,80.5,6,0,0
1,250,6,5,0,0
1,250,6,5.5,0,0
1,250,5,5.5,0,0
1,250,5.5,5.5,0,0
1,250,5.5,80,0,0
1,250,5.5,80.5,0,0
1,250,80,6.5,0,0
1,250,80.5,6.5,0,0
1,250,6.5,5,0,0
1,250,6.5,5.5,0,0
1,250,5,6,0,0
1,250,5.5,6,0,0
1,250,6,80,0,0
1,250,6,80.5,0,0
1,250,80,7,0,0
1,250,80.5,7,0,0
1,250,7,5,0,0
1,250,7,5.5,0,0
1,250,5,6.5,0,0
1,250,5.5,6.5,0,0
1,250,6.5,80,0,0
1,250,6.5,80.5,0,0
1,250,80,7.5,0,0
1,250,80.5,7.5,0,0
1,250,7.5,5,0,0
1,250,7.5,5.5,0,0
1,250,5,7,0,0
1,250,5.5,7,0,0
1,250,7,80,0,0
1,250,7,80.5,0,0
1,250,80,8,0,0
1,250,80.5,8,0,0
1,250,8,5,0,0
1,250,8,5.5,0,0
1,250,5,7.5,0,0
1,250,5.5,7.5,0,0
1,250,7.5,80,0,0
1,250,7.5,80.5,0,0
1,250,80,8.5,0,0
1,250,80.5,8.5,0,0
1,250,8.5,5,0,0
1,250,8.5,5.5,0,0
1,250,5,8,0,0
1,250,5.5,8,0,0
1,250,8,80,0,0
1,250,8,80.5,0,0
1,250,80,9,0,0
1,250,80.5,9,0,0
1,250,9,5,0,0
1,250,9,5.5,0,0
1,250,5,8.5,0,0
1,250,5.5,8.5,0,0
1,250,8.5,80,0,0
1,250,8.5,80.5,0,0
1,250,80,9.5,0,0
1,250,80.5,9.5,0,0
1,250,9.5,5,0,0
1,250,9.5,5.5,0,0
1,250,5,9,0,0
1,250,5.5,9,0,0
1,250,9,80,0,0
1,250,9,80.5,0,0
1,250,80,10,0,0
1,250,80.5,10,0,0
1,250,10,5,0,0
1,250,10,5.5,0,0
1,250,5,9.5,0,0
1,250,5.5,9.5,0,0
1,250,9.5,80,0,0
1,250,9.5,80.5,0,0
1,250,80,10.5,0,0
1,250,80.5,10.5,0,0
1,250,10.5,5,0,0
1,250,10.5,5.5,0,0
1,250,5,10,0,0
1,250,5.5,10,0,0
1,250,10,80,0,0
1,250,10,80.5,0,0
1,250,80,11,0,0
1,250,80.5,11,0,0
1,250,11,5,0,0
1,250,11,5.5,0,0
1,250,5,10.5,0,0
1,250,5.5,10.5,0,0
1,250,10.5,80,0,0
1,250,10.5,80.5,0,0
1,250,80,11.5,0,0
1,250,80.5,11.5,0,0
1,250,11.5,5,0,0
1,250,11.5,5.5,0,0
1,250,5,11,0,0
1,250,5.5,11,0,0
1,250,11,80,0,0
1,250,11,80.5,0,0
1,250,80,12,0,0
1,250,80.5,12,0,0
1,250,12,5,0,0
1,250,12,5.5,0,0
1,250,5,11.5,0,0
1,250,5.5,11.5,0,0
1,250,11.5,80,0,0
1,250,11.5,80.5,0,0
1,250,80,12.5,0,0
1,250,80.5,12.5,0,0
1,250,12.5,5,0,0
1,250,12.5,5.5,0,0
1,250,5,12,0,0
1,250,5.5,12,0,0
1,250,12,80,0,0
1,250,12,80.5,0,0
1,250,80,13,0,0
1,250,80.5,13,0,0
1,250,13,5,0,0
1,250,13,5.5,0,0
1,250,5,12.5,0,0
1,250,5.5,12.5,0,0
1,250,12.5,80,0,0
1,250,12.5,80.5,0,0
1,250,80,13.5,0,0
1,250,80.5,13.5,0,0
1,250,13.5,5,0,0
1,250,13.5,5.5,0,0
1,250,5,13,0,0
1,250,5.5,13,0,0
1,250,13,80,0,0
1,250,13,80.5,0,0
1,250,80,14,0,0
1,250,80.5,14,0,0
1,250,14,5,0,0
1,250,14,5.5,0,0
1,250,5,13.5,0,0
1,250,5.5,13.5,0,0
1,250,13.5,80,0,0
1,250,13.5,80.5,0,0
1,250,80,14.5,0,0
1,250,80.5,14.5,0,0
1,250,14.5,5,0,0
1,250,14.5,5.5,0,0
1,250,5,14,0,0
1,250,5.5,14,0,0
1,250,14,80,0,0
1,250,14,80.5,0,0
1,250,80,15,0,0
1,250,80.5,15,0,0
1,250,15,5,0,0
1,250,15,5.5,0,0
1,250,5,14.5,0,0
1,250,5.5,14.5,0,0
1,250,14.5,80,0,0
1,250,14.5,80.5,0,0
1,250,80,15.5,0,0
1,250,80.5,15.5,0,0
1,250,15.5,5,0,0
1,250,15.5,5.5,0,0
1,250,5,15,0,0
1,250,5.5,15,0,0
1,250,15,80,0,0
1,250,15,80.5,0,0
1,250,80,16,0,0
1,250,80.5,16,0,0
1,250,16,5,0,0
1,250,16,5.5,0,0
1,250,5,15.5,0,0
1,250,5.5,15.5,0,0
1,250,15.5,80,0,0
1,250,15.5,80.5,0,0
1,250,80,16.5,0,0
1,250,80.5,16.5,0,0
1,250,16.5,5,0,0
1,250,16.5,5.5,0,0
1,250,5,16,0,0
1,250,5.5,16,0,0
1,250,16,80,0,0
1,250,16,80.5,0,0
1,250,80,17,0,0
1,250,80.5,17,0,0
1,250,17,5,0,0
1,250,17,5.5,0,0
1,250,5,16.5,0,0
1,250,5.5,16.5,0,0
1,250,16.5,80,0,0
1,250,16.5,80.5,0,0
1,250,80,17.5,0,0
1,250,80.5,17.5,0,0
1,250,17.5,5,0,0
1,250,17.5,5.5,0,0
1,250,5,17,0,0
1,250,5.5,17,0,0
1,250,17,80,0,0
1,250,17,80.5,0,0
1,250,80,18,0,0
1,250,80.5,18,0,0
1,250,18,5,0,0
1,250,18,5.5,0,0
1,250,5,17.5,0,0
1,250,5.5,17.5,0,0
1,250,17.5,80,0,0
1,250,17.5,80.5,0,0
1,250,80,18.5,0,0
1,250,80.5,18.5,0,0
1,250,18.5,5,0,0
1,250,18.5,5.5,0,0
1,250,5,18,0,0
1,250,5.5,18,0,0
1,250,18,80,0,0
1,250,18,80.5,0,0
1,250,80,19,0,0
1,250,80.5,19,0,0
1,250,19,5,0,0
1,250,19,5.5,0,0
1,250,5,18.5,0,0
1,250,5.5,18.5,0,0
1,250,18.5,80,0,0
1,250,18.5,80.5,0,0
1,250,80,19.5,0,0
1,250,80.5,19.5,0,0
1,250,19.5,5,0,0
1,250,19.5,5.5,0,0
1,250,5,19,0,0
1,250,5.5,19,0,0
1,250,19,80,0,0
1,250,19,80.5,0,0
1,250,80,20,0,0
1,250,80.5,20,0,0
1,250,20,5,0,0
1,250,20,5.5,0,0
1,250,5,19.5,0,0
1,250,5.5,19.5,0,0
1,250,19.5,80,0,0
1,250,19.5,80.5,0,0
1,250,80,20.5,0,0
1,250,80.5,20.5,0,0
1,250,20.5,5,0,0
1,250,20.5,5.5,0,0
1,250,5,20,0,0
1,250,5.5,20,0,0
1,250,20,80,0,0
1,250,20,80.5,0,0
1,250,80,21,0,0
1,250,80.5,21,0,0
1,250,21,5,0,0
1,250,21,5.5,0,0
1,250,5,20.5,0,0
1,250,5.5,20.5,0,0
1,250,20.5,80,0,0
1,250,20.5,80.5,0,0
1,250,80,21.5,0,0
1,250,80.5,21.5,0,0
1,250,21.5,5,0,0
1,250,21.5,5.5,0,0
1,250,5,21,0,0
1,250,5.5,21,0,0
1,250,21,80,0,0
1,250,21,80.5,0,0
1,250,80,22,0,0
1,250,80.5,22,0,0
1,250,22,5,0,0
1,250,22,5.5,0,0
1,250,5,21.5,0,0
1,250,5.5,21.5,0,0
1,250,21.5,80,0,0
1,250,21.5,80.5,0,0
1,250,80,22.5,0,0
1,250,80.5,22.5,0,0
1,250,22.5,5,0,0
1,250,22.5,5.5,0,0
1,250,5,22,0,0
1,250,5.5,22,0,0
1,250,22,80,0,0
1,250,22,80.5,0,0
1,250,80,23,0,0
1,250,80.5,23,0,0
1,250,23,5,0,0
1,250,23,5.5,0,0
1,250,5,22.5,0,0
1,250,5.5,22.5,0,0
1,250,22.5,80,0,0
1,250,22.5,80.5,0,0
1,250,80,23.5,0,0
1,250,80.5,23.5,0,0
1,250,23.5,5,0,0
1,250,23.5,5.5,0,0
1,250,5,23,0,0
1,250,5.5,23,0,0
1,250,23,80,0,0
1,250,23,80.5,0,0
1,250,80,24,0,0
1,250,80.5,24,0,0
1,250,24,5,0,0
1,250,24,5.5,0,0
1,250,5,23.5,0,0
1,250,5.5,23.5,0,0
1,250,23.5,80,0,0
1,250,23.5,80.5,0,0
1,250,80,24.5,0,0
1,250,80.5,24.5,0,0
1,250,24.5,5,0,0
1,250,24.5,5.5,0,0
1,250,5,24,0,0
1,250,5.5,24,0,0
1,250,24,80,0,0
1,250,24,80.5,0,0
1,250,80,25,0,0
1,250,80.5,25,0,0
1,250,25,5,0,0
1,250,25,5.5,0,0
1,250,5,24.5,0,0
1,250,5.5,24.5,0,0
1,250,24.5,80,0,0
1,250,24.5,80.5,0,0
1,250,80,25.5,0,0
1,250,80.5,25.5,0,0
1,250,25.5,5,0,0
1,250,25.5,5.5,0,0
1,250,5,25,0,0
1,250,5.5,25,0,0
1,250,25,80,0,0
1,250,25,80.5,0,0
1,250,80,26,0,0
1,250,80.5,26,0,0
1,250,26,5,0,0
1,250,26,5.5,0,0
1,250,5,25.5,0,0
1,250,5.5,25.5,0,0
1,250,25.5,80,0,0
1,250,25.5,80.5,0,0
1,250,80,26.5,0,0
1,250,80.5,26.5,0,0
1,250,26.5,5,0,0
1,250,26.5,5.5,0,0
1,250,5,26,0,0
1,250,5.5,26,0,0
1,250,26,80,0,0
1,250,26,80.5,0,0
1,250,80,27,0,0
1,250,80.5,27,0,0
1,250,27,5,0,0
1,250,27,5.5,0,0
1,250,5,26.5,0,0
1,250,5.5,26.5,0,0
1,250,26.5,80,0,0
1,250,26.5,80.5,0,0
1,250,80,27.5,0,0
1,250,80.5,27.5,0,0
1,250,27.5,5,0,0
1,250,27.5,5.5,0,0
1,250,5,27,0,0
1,250,5.5,27,0,0
1,250,27,80,0,0
1,250,27,80.5,0,0
1,250,80,28,0,0
1,250,80.5,28,0,0
1,250,28,5,0,0
1,250,28,5.5,0,0
1,250,5,27.5,0,0
1,250,5.5,27.5,0,0
1,250,27.5,80,0,0
1,250,27.5,80.5,0,0
1,250,80,28.5,0,0
1,250,80.5,28.5,0,0
1,250,28.5,5,0,0
1,250,28.5,5.5,0,0
1,250,5,28,0,0
1,250,5.5,28,0,0
1,250,28,80,0,0
1,250,28,80.5,0,0
1,250,80,29,0,0
1,250,80.5,29,0,0
1,250,29,5,0,0
1,250,29,5.5,0,0
1,250,5,28.5,0,0
1,250,5.5,28.5,0,0
1,250,28.5,80,0,0
1,250,28.5,80.5,0,0
1,250,80,29.5,0,0
1,250,80.5,29.5,0,0
1,250,29.5,5,0,0
1,250,29.5,5.5,0,0
1,250,5,29,0,0
1,250,5.5,29,0,0
1,250,29,80,0,0
1,250,29,80.5,0,0
1,250,80,30,0,0
1,250,80.5,30,0,0
1,250,30,5,0,0
1,250,30,5.5,0,0
1,250,5,29.5,0,0
1,250,5.5,29.5,0,0
1,250,29.5,80,0,0
1,250,29.5,80.5,0,0
1,250,80,30.5,0,0
1,250,80.5,30.5,0,0
1,250,30.5,5,0,0
1,250,30.5,5.5,0,0
1,250,5,30,0,0
1,250,5.5,30,0,0
1,250,30,80,0,0
1,250,30,80.5,0,0
1,250,80,31,0,0
1,250,80.5,31,0,0
1,250,31,5,0,0
1,250,31,5.5,0,0
1,250,5,30.5,0,0
1,250,5.5,30.5,0,0
1,250,30.5,80,0,0
1,250,30.5,80.5,0,0
1,250,80,31.5,0,0
1,250,80.5,31.5,0,0
1,250,31.5,5,0,0
1,250,31.5,5.5,0,0
1,250,5,31,0,0
1,250,5.5,31,0,0
1,250,31,80,0,0
1,250,31,80.5,0,0
1,250,80,32,0,0
1,250,80.5,32,0,0
1,250,32,5,0,0
1,250,32,5.5,0,0
1,250,5,31.5,0,0
1,250,5.5,31.5,0,0
1,250,31.5,80,0,0
1,250,31.5,80.5,0,0
1,250,80,32.5,0,0
1,250,80.5,32.5,0,0
1,250,32.5,5,0,0
1,250,32.5,5.5,0,0
1,250,5,32,0,0
1,250,5.5,32,0,0
1,250,32,80,0,0
1,250,32,80.5,0,0
1,250,80,33,0,0
1,250,80.5,33,0,0
1,250,33,5,0,0
1,250,33,5.5,0,0
1,250,5,32.5,0,0
1,250,5.5,32.5,0,0
1,250,32.5,80,0,0
1,250,32.5,80.5,0,0
1,250,80,33.5,0,0
1,250,80.5,33.5,0,0
1,250,33.5,5,0,0
1,250,33.5,5.5,0,0
1,250,5,33,0,0
1,250,5.5,33,0,0
1,250,33,80,0,0
1,250,33,80.5,0,0
1,250,80,34,0,0
1,250,80.5,34,0,0
1,250,34,5,0,0
1,250,34,5.5,0,0
1,250,5,33.5,0,0
1,250,5.5,33.5,0,0
1,250,33.5,80,0,0
1,250,33.5,80.5,0,0
1,250,80,34.5,0,0
1,250,80.5,34.5,0,0
1,250,34.5,5,0,0
1,250,34.5,5.5,0,0
1,250,5,34,0,0
1,250,5.5,34,0,0
1,250,34,80,0,0
1,250,34,80.5,0,0
1,250,80,35,0,0
1,250,80.5,35,0,0
1,250,35,5,0,0
1,250,35,5.5,0,0
1,250,5,34.5,0,0
1,250,5.5,34.5,0,0
1,250,34.5,80,0,0
1,250,34.5,80.5,0,0
1,250,80,35.5,0,0
1,250,80.5,35.5,0,0
1,250,35.5,5,0,0
1,250,35.5,5.5,0,0
1,250,5,35,0,0
1,250,5.5,35,0,0
1,250,35,80,0,0
1,250,35,80.5,0,0
1,250,80,36,0,0
1,250,80.5,36,0,0
1,250,36,5,0,0
1,250,36,5.5,0,0
1,250,5,35.5,0,0
1,250,5.5,35.5,0,0
1,250,35.5,80,0,0
1,250,35.5,80.5,0,0
1,250,80,36.5,0,0
1,250,80.5,36.5,0,0
1,250,36.5,5,0,0
1,250,36.5,5.5,0,0
1,250,5,36,0,0
1,250,5.5,36,0,0
1,250,36,80,0,0
1,250,36,80.5,0,0
1,250,80,37,0,0
1,250,80.5,37,0,0
1,250,37,5,0,0
1,250,37,5.5,0,0
1,250,5,36.5,0,0
1,250,5.5,36.5,0,0
1,250,36.5,80,0,0
1,250,36.5,80.5,0,0
1,250,80,37.5,0,0
1,250,80.5,37.5,0,0
1,250,37.5,5,0,0
1,250,37.5,5.5,0,0
1,250,5,37,0,0
1,250,5.5,37,0,0
1,250,37,80,0,0
1,250,37,80.5,0,0
1,250,80,38,0,0
1,250,80.5,38,0,0
1,250,38,5,0,0
1,250,38,5.5,0,0
1,250,5,37.5,0,0
1,250,5.5,37.5,0,0
1,250,37.5,80,0,0
1,250,37.5,80.5,0,0
1,250,80,38.5,0,0
1,250,80.5,38.5,0,0
1,250,38.5,5,0,0
1,250,38.5,5.5,0,0
1,250,5,38,0,0
1,250,5.5,38,0,0
1,250,38,80,0,0
1,250,38,80.5,0,0
1,250,80,39,0,0
1,250,80.5,39,0,0
1,250,39,5,0,0
1,250,39,5.5,0,0
1,250,5,38.5,0,0
1,250,5.5,38.5,0,0
1,250,38.5,80,0,0
1,250,38.5,80.5,0,0
1,250,80,39.5,0,0
1,250,80.5,39.5,0,0
1,250,39.5,5,0,0
1,250,39.5,5.5,0,0
1,250,5,39,0,0
1,250,5.5,39,0,0
1,250,39,80,0,0
1,250,39,80.5,0,0
1,250,80,40,0,0
1,250,80.5,40,0,0
1,250,40,5,0,0
1,250,40,5.5,0,0
1,250,5,39.5,0,0
1,250,5.5,39.5,0,0
1,250,39.5,80,0,0
1,250,39.5,80.5,0,0
1,250,80,40.5,0,0
1,250,80.5,40.5,0,0
1,250,40.5,5,0,0
1,250,40.5,5.5,0,0
1,250,5,40,0,0
1,250,5.5,40,0,0
1,250,40,80,0,0
1,250,40,80.5,0,0
1,250,80,41,0,0
1,250,80.5,41,0,0
1,250,41,5,0,0
1,250,41,5.5,0,0
1,250,5,40.5,0,0
1,250,5.5,40.5,0,0
1,250,40.5,80,0,0
1,250,40.5,80.5,0,0
1,250,80,41.5,0,0
1,250,80.5,41.5,0,0
1,250,41.5,5,0,0
1,250,41.5,5.5,0,0
1,250,5,41,0,0
1,250,5.5,41,0,0
1,250,41,80,0,0
1,250,41,80.5,0,0
1,250,80,42,0,0
1,250,80.5,42,0,0
1,250,42,5,0,0
1,250,42,5.5,0,0
1,250,5,41.5,0,0
1,250,5.5,41.5,0,0
1,250,41.5,80,0,0
1,250,41.5,80.5,0,0
1,250,80,42.5,0,0
1,250,80.5,42.5,0,0
1,250,42.5,5,0,0
1,250,42.5,5.5,0,0
1,250,5,42,0,0
1,250,5.5,42,0,0
1,250,42,80,0,0
1,250,42,80.5,0,0
1,250,80,43,0,0
1,250,80.5,43,0,0
1,250,43,5,0,0
1,250,43,5.5,0,0
1,250,5,42.5,0,0
1,250,5.5,42.5,0,0
1,250,42.5,80,0,0
1,250,42.5,80.5,0,0
1,250,80,43.5,0,0
1,250,80.5,43.5,0,0
1,250,43.5,5,0,0
1,250,43.5,5.5,0,0
1,250,5,43,0,0
1,250,5.5,43,0,0
1,250,43,80,0,0
1,250,43,80.5,0,0
1,250,80,44,0,0
1,250,80.5,44,0,0
1,250,44,5,0,0
1,250,44,5.5,0,0
1,250,5,43.5,0,0
1,250,5.5,43.5,0,0
1,250,43.5,80,0,0
1,250,43.5,80.5,0,0
1,250,80,44.5,0,0
1,250,80.5,44.5,0,0
1,250,44.5,5,0,0
1,250,44.5,5.5,0,0
1,250,5,44,0,0
1,250,5.5,44,0,0
1,250,44,80,0,0
1,250,44,80.5,0,0
1,250,80,45,0,0
1,250,80.5,45,0,0
1,250,45,5,0,0
1,250,45,5.5,0,0
1,250,5,44.5,0,0
1,250,5.5,44.5,0,0
1,250,44.5,80,0,0
1,250,44.5,80.5,0,0
1,250,80,45.5,0,0
1,250,80.5,45.5,0,0
1,250,45.5,5,0,0
1,250,45.5,5.5,0,0
1,250,5,45,0,0
1,250,5.5,45,0,0
1,250,45,80,0,0
1,250,45,80.5,0,0
1,250,80,46,0,0
1,250,80.5,46,0,0
1,250,46,5,0,0
1,250,46,5.5,0,0
1,250,5,45.5,0,0
1,250,5.5,45.5,0,0
1,250,45.5,80,0,0
1,250,45.5,80.5,0,0
1,250,80,46.5,0,0
1,250,80.5,46.5,0,0
1,250,46.5,5,0,0
1,250,46.5,5.5,0,0
1,250,5,46,0,0
1,250,5.5,46,0,0
1,250,46,80,0,0
1,250,46,80.5,0,0
1,250,80,47,0,0
1,250,80.5,47,0,0
1,250,47,5,0,0
1,250,47,5.5,0,0
1,250,5,46.5,0,0
1,250,5.5,46.5,0,0
1,250,46.5,80,0,0
1,250,46.5,80.5,0,0
1,250,80,47.5,0,0
1,250,80.5,47.5,0,0
1,250,47.5,5,0,0
1,250,47.5,5.5,0,0
1,250,5,47,0,0
1,250,5.5,47,0,0
1,250,47,80,0,0
1,250,47,80.5,0,0
1,250,80,48,0,0
1,250,80.5,48,0,0
1,250,48,5,0,0
1,250,48,5.5,0,0
1,250,5,47.5,0,0
1,250,5.5,47.5,0,0
1,250,47.5,80,0,0
1,250,47.5,80.5,0,0
1,250,80,48.5,0,0
1,250,80.5,48.5,0,0
1,250,48.5,5,0,0
1,250,48.5,5.5,0,0
1,250,5,48,0,0
1,250,5.5,48,0,0
1,250,48,80,0,0
1,250,48,80.5,0,0
1,250,80,49,0,0
1,250,80.5,49,0,0
1,250,49,5,0,0
1,250,49,5.5,0,0
1,250,5,48.5,0,0
1,250,5.5,48.5,0,0
1,250,48.5,80,0,0
1,250,48.5,80.5,0,0
1,250,80,49.5,0,0
1,250,80.5,49.5,0,0
1,250,49.5,5,0,0
1,250,49.5,5.5,0,0
1,250,5,49,0,0
1,250,5.5,49,0,0
1,250,49,80,0,0
1,250,49,80.5,0,0
1,250,80,50,0,0
1,250,80.5,50,0,0
1,250,50,5,0,0
1,250,50,5.5,0,0
1,250,5,49.5,0,0
1,250,5.5,49.5,0,0
1,250,49.5,80,0,0
1,250,49.5,80.5,0,0
1,250,80,50.5,0,0
1,250,80.5,50.5,0,0
1,250,50.5,5,0,0
1,250,50.5,5.5,0,0
1,250,5,50,0,0
1,250,5.5,50,0,0
1,250,50,80,0,0
1,250,50,80.5,0,0
1,250,80,51,0,0
1,250,80.5,51,0,0
1,250,51,5,0,0
1,250,51,5.5,0,0
1,250,5,50.5,0,0
1,250,5.5,50.5,0,0
1,250,50.5,80,0,0
1,250,50.5,80.5,0,0
1,250,80,51.5,0,0
1,250,80.5,51.5,0,0
1,250,51.5,5,0,0
1,250,51.5,5.5,0,0
1,250,5,51,0,0
1,250,5.5,51,0,0
1,250,51,80,0,0
1,250,51,80.5,0,0
1,250,80,52,0,0
1,250,80.5,52,0,0
1,250,52,5,0,0
1,250,52,5.5,0,0
1,250,5,51.5,0,0
1,250,5.5,51.5,0,0
1,250,51.5,80,0,0
1,250,51.5,80.5,0,0
1,250,80,52.5,0,0
1,250,80.5,52.5,0,0
1,250,52.5,5,0,0
1,250,52.5,5.5,0,0
1,250,5,52,0,0
1,250,5.5,52,0,0
1,250,52,80,0,0
1,250,52,80.5,0,0
1,250,80,53,0,0
1,250,80.5,53,0,0
1,250,53,5,0,0
1,250,53,5.5,0,0
1,250,5,52.5,0,0
1,250,5.5,52.5,0,0
1,250,52.5,80,0,0
1,250,52.5,80.5,0,0
1,250,80,53.5,0,0
1,250,80.5,53.5,0,0
1,250,53.5,5,0,0
1,250,53.5,5.5,0,0
1,250,5,53,0,0
1,250,5.5,53,0,0
1,250,53,80,0,0
1,250,53,80.5,0,0
1,250,80,54,0,0
1,250,80.5,54,0,0
1,250,54,5,0,0
1,250,54,5.5,0,0
1,250,5,53.5,0,0
1,250,5.5,53.5,0,0
1,250,53.5,80,0,0
1,250,53.5,80.5,0,0
1,250,80,54.5,0,0
1,250,80.5,54.5,0,0
1,250,54.5,5,0,0
1,250,54.5,5.5,0,0
1,250,5,54,0,0
1,250,5.5,54,0,0
1,250,54,80,0,0
1,250,54,80.5,0,0
1,250,80,55,0,0
1,250,80.5,55,0,0
1,250,55,5,0,0
1,250,55,5.5,0,0
1,250,5,54.5,0,0
1,250,5.5,54.5,0,0
1,250,54.5,80,0,0
1,250,54.5,80.5,0,0
1,250,80,55.5,0,0
1,250,80.5,55.5,0,0
1,250,55.5,5,0,0
1,250,55.5,5.5,0,0
1,250,5,55,0,0
1,250,5.5,55,0,0
1,250,55,80,0,0
1,250,55,80.5,0,0
1,250,80,56,0,0
1,250,80.5,56,0,0
1,250,56,5,0,0
1,250,56,5.5,0,0
1,250,5,55.5,0,0
1,250,5.5,55.5,0,0
1,250,55.5,80,0,0
1,250,55.5,80.5,0,0
1,250,80,56.5,0,0
1,250,80.5,56.5,0,0
1,250,56.5,5,0,0
1,250,56.5,5.5,0,0
1,250,5,56,0,0
1,250,5.5,56,0,0
1,250,56,80,0,0
1,250,56,80.5,0,0
1,250,80,57,0,0
1,250,80.5,57,0,0
1,250,57,5,0,0
1,250,57,5.5,0,0
1,250,5,56.5,0,0
1,250,5.5,56.5,0,0
1,250,56.5,80,0,0
1,250,56.5,80.5,0,0
1,250,80,57.5,0,0
1,250,80.5,57.5,0,0
1,250,57.5,5,0,0
1,250,57.5,5.5,0,0
1,250,5,57,0,0
1,250,5.5,57,0,0
1,250,57,80,0,0
1,250,57,80.5,0,0
1,250,80,58,0,0
1,250,80.5,58,0,0
1,250,58,5,0,0
1,250,58,5.5,0,0
1,250,5,57.5,0,0
1,250,5.5,57.5,0,0
1,250,57.5,80,0,0
1,250,57.5,80.5,0,0
1,250,80,58.5,0,0
1,250,80.5,58.5,0,0
1,250,58.5,5,0,0
1,250,58.5,5.5,0,0
1,250,5,58,0,0
1,250,5.5,58,0,0
1,250,58,80,0,0
1,250,58,80.5,0,0
1,250,80,59,0,0
1,250,80.5,59,0,0
1,250,59,5,0,0
1,250,59,5.5,0,0
1,250,5,58.5,0,0
1,250,5.5,58.5,0,0
1,250,58.5,80,0,0
1,250,58.5,80.5,0,0
1,250,80,59.5,0,0
1,250,80.5,59.5,0,0
1,250,59.5,5,0,0
1,250,59.5,5.5,0,0
1,250,5,59,0,0
1,250,5.5,59,0,0
1,250,59,80,0,0
1,250,59,80.5,0,0
1,250,80,60,0,0
1,250,80.5,60,0,0
1,250,60,5,0,0
1,250,60,5.5,0,0
1,250,5,59.5,0,0
1,250,5.5,59.5,0,0
1,250,59.5,80,0,0
1,250,59.5,80.5,0,0
1,250,80,60.5,0,0
1,250,80.5,60.5,0,0
1,250,60.5,5,0,0
1,250,60.5,5.5,0,0
1,250,5,60,0,0
1,250,5.5,60,0,0
1,250,60,80,0,0
1,250,60,80.5,0,0
1,250,80,61,0,0
1,250,80.5,61,0,0
1,250,61,5,0,0
1,250,61,5.5,0,0
1,250,5,60.5,0,0
1,250,5.5,60.5,0,0
1,250,60.5,80,0,0
1,250,60.5,80.5,0,0
1,250,80,61.5,0,0
1,250,80.5,61.5,0,0
1,250,61.5,5,0,0
1,250,61.5,5.5,0,0
1,250,5,61,0,0
1,250,5.5,61,0,0
1,250,61,80,0,0
1,250,61,80.5,0,0
1,250,80,62,0,0
1,250,80.5,62,0,0
1,250,62,5,0,0
1,250,62,5.5,0,0
1,250,5,61.5,0,0
1,250,5.5,61.5,0,0
1,250,61.5,80,0,0
1,250,61.5,80.5,0,0
1,250,80,62.5,0,0
1,250,80.5,62.5,0,0
1,250,62.5,5,0,0
1,250,62.5,5.5,0,0
1,250,5,62,0,0
1,250,5.5,62,0,0
1,250,62,80,0,0
1,250,62,80.5,0,0
1,250,80,63,0,0
1,250,80.5,63,0,0
1,250,63,5,0,0
1,250,63,5.5,0,0
1,250,5,62.5,0,0
1,250,5.5,62.5,0,0
1,250,62.5,80,0,0
1,250,62.5,80.5,0,0
1,250,80,63.5,0,0
1,250,80.5,63.5,0,0
1,250,63.5,5,0,0
1,250,63.5,5.5,0,0
1,250,5,63,0,0
1,250,5.5,63,0,0
1,250,63,80,0,0
1,250,63,80.5,0,0
1,250,80,64,0,0
1,250,80.5,64,0,0
1,250,64,5,0,0
1,250,64,5.5,0,0
1,250,5,63.5,0,0
1,250,5.5,63.5,0,0
1,250,63.5,80,0,0
1,250,63.5,80.5,0,0
1,250,80,64.5,0,0
1,250,80.5,64.5,0,0
1,250,64.5,5,0,0
1,250,64.5,5.5,0,0
1,250,5,64,0,0
1,250,5.5,64,0,0
1,250,64,80,0,0
1,250,64,80.5,0,0
1,250,80,65,0,0
1,250,80.5,65,0,0
1,250,65,5,0,0
1,250,65,5.5,0,0
1,250,5,64.5,0,0
1,250,5.5,64.5,0,0
1,250,64.5,80,0,0
1,250,64.5,80.5,0,0
1,250,80,65.5,0,0
1,250,80.5,65.5,0,0
1,250,65.5,5,0,0
1,250,65.5,5.5,0,0
1,250,5,65,0,0
1,250,5.5,65,0,0
1,250,65,80,0,0
1,250,65,80.5,0,0
1,250,80,66,0,0
1,250,80.5,66,0,0
1,250,66,5,0,0
1,250,66,5.5,0,0
1,250,5,65.5,0,0
1,250,5.5,65.5,0,0
1,250,65.5,80,0,0
1,250,65.5,80.5,0,0
1,250,80,66.5,0,0
1,250,80.5,66.5,0,0
1,250,66.5,5,0,0
1,250,66.5,5.5,0,0
1,250,5,66,0,0
1,250,5.5,66,0,0
1,250,66,80,0,0
1,250,66,80.5,0,0
1,250,80,67,0,0
1,250,80.5,67,0,0
1,250,67,5,0,0
1,250,67,5.5,0,0
1,250,5,66.5,0,0
1,250,5.5,66.5,0,0
1,250,66.5,80,0,0
1,250,66.5,80.5,0,0
1,250,80,67.5,0,0
1,250,80.5,67.5,0,0
1,250,67.5,5,0,0
1,250,67.5,5.5,0,0
1,250,5,67,0,0
1,250,5.5,67,0,0
1,250,67,80,0,0
1,250,67,80.5,0,0
1,250,80,68,0,0
1,250,80.5,68,0,0
1,250,68,5,0,0
1,250,68,5.5,0,0
1,250,5,67.5,0,0
1,250,5.5,67.5,0,0
1,250,67.5,80,0,0
1,250,67.5,80.5,0,0
1,250,80,68.5,0,0
1,250,80.5,68.5,0,0
1,250,68.5,5,0,0
1,250,68.5,5.5,0,0
1,250,5,68,0,0
1,250,5.5,68,0,0
1,250,68,80,0,0
1,250,68,80.5,0,0
1,250,80,69,0,0
1,250,80.5,69,0,0
1,250,69,5,0,0
1,250,69,5.5,0,0
1,250,5,68.5,0,0
1,250,5.5,68.5,0,0
1,250,68.5,80,0,0
1,250,68.5,80.5,0,0
1,250,80,69.5,0,0
1,250,80.5,69.5,0,0
1,250,69.5,5,0,0
1,250,69.5,5.5,0,0
1,250,5,69,0,0
1,250,5.5,69,0,0
1,250,69,80,0,0
1,250,69,80.5,0,0
1,250,80,70,0,0
1,250,80.5,70,0,0
1,250,70,5,0,0
1,250,70,5.5,0,0
1,250,5,69.5,0,0
1,250,5.5,69.5,0,0
1,250,69.5,80,0,0
1,250,69.5,80.5,0,0
1,250,80,70.5,0,0
1,250,80.5,70.5,0,0
1,250,70.5,5,0,0
1,250,70.5,5.5,0,0
1,250,5,70,0,0
1,250,5.5,70,0,0
1,250,70,80,0,0
1,250,70,80.5,0,0
1,250,80,71,0,0
1,250,80.5,71,0,0
1,250,71,5,0,0
1,250,71,5.5,0,0
1,250,5,70.5,0,0
1,250,5.5,70.5,0,0
1,250,70.5,80,0,0
1,250,70.5,80.5,0,0
1,250,80,71.5,0,0
1,250,80.5,71.5,0,0
1,250,71.5,5,0,0
1,250,71.5,5.5,0,0
1,250,5,71,0,0
1,250,5.5,71,0,0
1,250,71,80,0,0
1,250,71,80.5,0,0
1,250,80,72,0,0
1,250,80.5,72,0,0
1,250,72,5,0,0
1,250,72,5.5,0,0
1,250,5,71.5,0,0
1,250,5.5,71.5,0,0
1,250,71.5,80,0,0
1,250,71.5,80.5,0,0
1,250,80,72.5,0,0
1,250,80.5,72.5,0,0
1,250,72.5,5,0,0
1,250,72.5,5.5,0,0
1,250,5,72,0,0
1,250,5.5,72,0,0
1,250,72,80,0,0
1,250,72,80.5,0,0
1,250,80,73,0,0
1,250,80.5,73,0,0
1,250,73,5,0,0
1,250,73,5.5,0,0
1,250,5,72.5,0,0
1,250,5.5,72.5,0,0
1,250,72.5,80,0,0
1,250,72.5,80.5,0,0
1,250,80,73.5,0,0
1,250,80.5,73.5,0,0
1,250,73.5,5,0,0
1,250,73.5,5.5,0,0
1,250,5,73,0,0
1,250,5.5,73,0,0
1,250,73,80,0,0
1,250,73,80.5,0,0
1,250,80,74,0,0
1,250,80.5,74,0,0
1,250,74,5,0,0
1,250,74,5.5,0,0
1,250,5,73.5,0,0
1,250,5.5,73.5,0,0
1,250,73.5,80,0,0
1,250,73.5,80.5,0,0
1,250,80,74.5,0,0
1,250,80.5,74.5,0,0
1,250,74.5,5,0,0
1,250,74.5,5.5,0,0
1,250,5,74,0,0
1,250,5.5,74,0,0
1,250,74,80,0,0
1,250,74,80.5,0,0
1,250,80,75,0,0
1,250,80.5,75,0,0
1,250,75,5,0,0
1,250,75,5.5,0,0
1,250,5,74.5,0,0
1,250,5.5,74.5,0,0
1,250,74.5,80,0,0
1,250,74.5,80.5,0,0
1,250,80,75.5,0,0
1,250,80.5,75.5,0,0
1,250,75.5,5,0,0
1,250,75.5,5.5,0,0
1,250,5,75,0,0
1,250,5.5,75,0,0
1,250,75,80,0,0
1,250,75,80.5,0,0
1,250,80,76,0,0
1,250,80.5,76,0,0
1,250,76,5,0,0
1,250,76,5.5,0,0
1,250,5,75.5,0,0
1,250,5.5,75.5,0,0
1,250,75.5,80,0,0
1,250,75.5,80.5,0,0
1,250,80,76.5,0,0
1,250,80.5,76.5,0,0
1,250,76.5,5,0,0
1,250,76.5,5.5,0,0
1,250,5,76,0,0
1,250,5.5,76,0,0
1,250,76,80,0,0
1,250,76,80.5,0,0
1,250,80,77,0,0
1,250,80.5,77,0,0
1,250,77,5,0,0
1,250,77,5.5,0,0
1,250,5,76.5,0,0
1,250,5.5,76.5,0,0
1,250,76.5,80,0,0
1,250,76.5,80.5,0,0
1,250,80,77.5,0,0
1,250,80.5,77.5,0,0
1,250,77.5,5,0,0
1,250,77.5,5.5,0,0
1,250,5,77,0,0
1,250,5.5,77,0,0
1,250,77,80,0,0
1,250,77,80.5,0,0
1,250,80,78,0,0
1,250,80.5,78,0,0
1,250,78,5,0,0
1,250,78,5.5,0,0
1,250,5,77.5,0,0
1,250,5.5,77.5,0,0
1,250,77.5,80,0,0
1,250,77.5,80.5,0,0
1,250,80,78.5,0,0
1,250,80.5,78.5,0,0
1,250,78.5,5,0,0
1,250,78.5,5.5,0,0
1,250,5,78,0,0
1,250,5.5,78,0,0
1,250,78,80,0,0
1,250,78,80.5,0,0
1,250,80,79,0,0
1,250,80.5,79,0,0
1,250,79,5,0,0
1,250,79,5.5,0,0
1,250,5,78.5,0,0
1,250,5.5,78.5,0,0
1,250,78.5,80,0,0
1,250,78.5,80.5,0,0
1,250,80,79.5,0,0
1,250,80.5,79.5,0,0
1,250,79.5,5,0,0
1,250,79.5,5.5,0,0
1,250,5,79,0,0
1,250,5.5,79,0,0
1,250,79,80,0,0
1,250,79,80.5,0,0
1,250,80,80,0,0
1,250,80.5,80,0,0
1,250,80,5,0,0
1,250,80,5.5,0,0
1,250,5,79.5,0,0
1,250,5.5,79.5,0,0
1,250,79.5,80,0,0
1,250,79.5,80.5,0,0
1,250,80,80.5,0,0
1,250,80.5,80.5,0,0
1,250,80.5,5,0,0
1,250,80.5,5.5,0,0
1,250,31,6,0,0
1,250,31.5,6,0,0
1,250,31,6.5,0,0
1,250,31.5,6.5,0,0
1,250,31,7,0,0
1,250,31.5,7,0,0
1,250,31,7.5,0,0
1,250,31.5,7.5,0,0
1,250,31,8,0,0
1,250,31.5,8,0,0
1,250,31,8.5,0,0
1,250,31.5,8.5,0,0
1,250,31,9,0,0
1,250,31.5,9,0,0
1,250,31,9.5,0,0
1,250,31.5,9.5,0,0
1,250,31,10,0,0
1,250,31.5,10,0,0
1,250,31,10.5,0,0
1,250,31.5,10.5,0,0
1,250,31,11,0,0
1,250,31.5,11,0,0
1,250,31,11.5,0,0
1,250,31.5,11.5,0,0
1,250,31,12,0,0
1,250,31.5,12,0,0
1,250,31,12.5,0,0
1,250,31.5,12.5,0,0
1,250,31,13,0,0
1,250,31.5,13,0,0
1,250,31,13.5,0,0
1,250,31.5,13.5,0,0
1,250,31,14,0,0
1,250,31.5,14,0,0
1,250,31,14.5,0,0
1,250,31.5,14.5,0,0
1,250,31,15,0,0
1,250,31.5,15,0,0
1,250,31,15.5,0,0
1,250,31.5,15.5,0,0
1,250,31,16,0,0
1,250,31.5,16,0,0
1,250,31,16.5,0,0
1,250,31.5,16.5,0,0
1,250,31,17,0,0
1,250,31.5,17,0,0
1,250,31,17.5,0,0
1,250,31.5,17.5,0,0
1,250,31,18,0,0
1,250,31.5,18,0,0
1,250,31,18.5,0,0
1,250,31.5,18.5,0,0
1,250,31,19,0,0
1,250,31.5,19,0,0
1,250,31,19.5,0,0
1,250,31.5,19.5,0,0
1,250,31,20,0,0
1,250,31.5,20,0,0
1,250,31,20.5,0,0
1,250,31.5,20.5,0,0
1,250,31,21,0,0
1,250,31.5,21,0,0
1,250,31,21.5,0,0
1,250,31.5,21.5,0,0
1,250,31,22,0,0
1,250,31.5,22,0,0
1,250,31,22.5,0,0
1,250,31.5,22.5,0,0
1,250,31,23,0,0
1,250,31.5,23,0,0
1,250,31,23.5,0,0
1,250,31.5,23.5,0,0
1,250,31,24,0,0
1,250,31.5,24,0,0
1,250,31,24.5,0,0
1,250,31.5,24.5,0,0
1,250,31,25,0,0
1,250,31.5,25,0,0
1,250,31,25.5,0,0
1,250,31.5,25.5,0,0
1,250,31,26,0,0
1,250,31.5,26,0,0
1,250,31,26.5,0,0
1,250,31.5,26.5,0,0
1,250,31,27,0,0
1,250,31.5,27,0,0
1,250,31,27.5,0,0
1,250,31.5,27.5,0,0
1,250,31,28,0,0
1,250,31.5,28,0,0
1,250,31,28.5,0,0
1,250,31.5,28.5,0,0
1,250,31,29,0,0
1,250,31.5,29,0,0
1,250,31,29.5,0,0
1,250,31.5,29.5,0,0
1,250,31,30,0,0
1,250,31.5,30,0,0
1,250,31,30.5,0,0
1,250,31.5,30.5,0,0
1,250,31,31,0,0
1,250,31.5,31,0,0
1,250,31,31.5,0,0
1,250,31.5,31.5,0,0
1,250,31,32,0,0
1,250,31.5,32,0,0
1,250,31,32.5,0,0
1,250,31.5,32.5,0,0
1,250,31,33,0,0
1,250,31.5,33,0,0
1,250,31,33.5,0,0
1,250,31.5,33.5,0,0
1,250,31,34,0,0
1,250,31.5,34,0,0
1,250,31,34.5,0,0
1,250,31.5,34.5,0,0
1,250,31,35,0,0
1,250,31.5,35,0,0
1,250,31,35.5,0,0
1,250,31.5,35.5,0,0
1,250,31,36,0,0
1,250,31.5,36,0,0
1,250,31,36.5,0,0
1,250,31.5,36.5,0,0
1,250,31,37,0,0
1,250,31.5,37,0,0
1,250,31,37.5,0,0
1,250,31.5,37.5,0,0
1,250,31,38,0,0
1,250,31.5,38,0,0
1,250,31,38.5,0,0
1,250,31.5,38.5,0,0
1,250,31,39,0,0
1,250,31.5,39,0,0
1,250,31,39.5,0,0
1,250,31.5,39.5,0,0
1,250,31,40,0,0
1,250,31.5,40,0,0
1,250,31,40.5,0,0
1,250,31.5,40.5,0,0
1,250,31,41,0,0
1,250,31.5,41,0,0
1,250,31,41.5,0,0
1,250,31.5,41.5,0,0
1,250,31,42,0,0
1,250,31.5,42,0,0
1,250,31,42.5,0,0
1,250,31.5,42.5,0,0
1,250,31,43,0,0
1,250,31.5,43,0,0
1,250,31,43.5,0,0
1,250,31.5,43.5,0,0
1,250,31,44,0,0
1,250,31.5,44,0,0
1,250,31,44.5,0,0
1,250,31.5,44.5,0,0
1,250,31,45,0,0
1,250,31.5,45,0,0
1,250,31,45.5,0,0
1,250,31.5,45.5,0,0
1,250,31,46,0,0
1,250,31.5,46,0,0
1,250,31,46.5,0,0
1,250,31.5,46.5,0,0
1,250,31,47,0,0
1,250,31.5,47,0,0
1,250,31,47.5,0,0
1,250,31.5,47.5,0,0
1,250,31,48,0,0
1,250,31.5,48,0,0
1,250,31,48.5,0,0
1,250,31.5,48.5,0,0
1,250,31,49,0,0
1,250,31.5,49,0,0
1,250,31,49.5,0,0
1,250,31.5,49.5,0,0
1,250,31,50,0,0
1,250,31.5,50,0,0
1,250,31,50.5,0,0
1,250,31.5,50.5,0,0
1,250,31,51,0,0
1,250,31.5,51,0,0
1,250,31,51.5,0,0
1,250,31.5,51.5,0,0
1,250,31,52,0,0
1,250,31.5,52,0,0
1,250,31,52.5,0,0
1,250,31.5,52.5,0,0
1,250,31,53,0,0
1,250,31.5,53,0,0
1,250,31,53.5,0,0
1,250,31.5,53.5,0,0
1,250,31,54,0,0
1,250,31.5,54,0,0
1,250,31,54.5,0,0
1,250,31.5,54.5,0,0
1,250,31,55,0,0
1,250,31.5,55,0,0
1,250,31,55.5,0,0
1,250,31.5,55.5,0,0
1,250,31,56,0,0
1,250,31.5,56,0,0
1,250,31,56.5,0,0
1,250,31.5,56.5,0,0
1,250,31,57,0,0
1,250,31.5,57,0,0
1,250,31,57.5,0,0
1,250,31.5,57.5,0,0
1,250,31,58,0,0
1,250,31.5,58,0,0
1,250,31,58.5,0,0
1,250,31.5,58.5,0,0
1,250,31,59,0,0
1,250,31.5,59,0,0
1,250,31,59.5,0,0
1,250,31.5,59.5,0,0
1,250,31,60,0,0
1,250,31.5,60,0,0
1,250,31,60.5,0,0
1,250,31.5,60.5,0,0
1,250,31,61,0,0
1,250,31.5,61,0,0
1,250,31,61.5,0,0
1,250,31.5,61.5,0,0
1,250,31,62,0,0
1,250,31.5,62,0,0
1,250,31,62.5,0,0
1,250,31.5,62.5,0,0
1,250,31,63,0,0
1,250,31.5,63,0,0
1,250,31,63.5,0,0
1,250,31.5,63.5,0,0
1,250,31,64,0,0
1,250,31.5,64,0,0
1,250,31,64.5,0,0
1,250,31.5,64.5,0,0
1,250,31,65,0,0
1,250,31.5,65,0,0
1,250,31,65.5,0,0
1,250,31.5,65.5,0,0
1,250,31,66,0,0
1,250,31.5,66,0,0
1,250,31,66.5,0,0
1,250,31.5,66.5,0,0
1,250,31,67,0,0
1,250,31.5,67,0,0
1,250,31,67.5,0,0
1,250,31.5,67.5,0,0
1,250,31,68,0,0
1,250,31.5,68,0,0
1,250,31,68.5,0,0
1,250,31.5,68.5,0,0
1,250,31,69,0,0
1,250,31.5,69,0,0
