6452 2 0.5 5000 0.2 0 2 0 0.001 0 9.81 80 80
0,250,16.2792,65.7396,-4.26947,-8.74553
0,250,21.1153,60.5723,-4.97869,-9.62656
0,250,19.9744,62.1175,-4.43064,-9.01368
0,250,19.7274,62.3422,-5.38855,-9.01624
0,250,18.6952,63.1095,-6.2846,-10.128
0,250,18.8332,62.755,-5.72137,-9.68676
0,250,18.3314,64.152,-3.80991,-9.45328
0,250,17.933,64.2427,-3.72846,-10.3955
0,250,17.4897,64.9435,-3.40796,-8.47385
0,250,14.9292,66.8005,-2.02374,-8.53387
0,250,17.0689,65.2391,-3.25517,-8.69035
0,250,15.3312,66.4962,-3.73798,-8.22153
0,250,12.3509,68.0274,-1.41827,-6.66432
0,250,8.20726,68.9706,-0.136931,-6.0042
0,250,11.9134,68.2604,-1.62994,-6.06953
0,250,10.3398,68.6461,0.0045526,-6.11271
0,250,11.197,68.3267,-1.28921,-6.5788
0,250,9.97063,68.7551,-0.490101,-4.08649
0,250,8.82638,68.8505,-1.00167,-5.37947
0,250,6.25755,69.2153,2.7624,-5.62343
0,250,7.48482,68.9112,0.358776,-4.77449
0,250,6.60781,69.0144,2.11451,-5.0452
0,250,9.18498,69.0705,-1.39744,-5.01443
0,250,6.97608,69.5587,-0.0934008,-3.02759
0,250,5.89789,69.2436,2.92282,-5.25257
0,250,6.12114,70.1144,-2.05408,-5.13795
0,250,6.44989,69.6503,1.45144,-1.37413
0,250,5.84911,70.7736,-1.67616,-3.1073
0,250,6.13699,71.2632,1.62103,-3.50076
0,250,6.55405,70.83,-0.0757146,-4.78268
0,250,5.92386,71.6456,0.649062,-5.48045
0,250,6.50872,71.4162,0.386934,-4.02219
0,250,7.02429,71.0214,-0.612697,-4.72298
0,250,8.0403,70.5318,-1.31467,-5.62449
0,250,6.07572,72.1387,0.884014,-5.41305
0,250,6.55674,71.8837,-0.871512,-4.60643
0,250,8.33777,71.1261,-0.501879,-4.21712
0,250,7.79506,70.9109,-0.747167,-5.44277
0,250,5.98713,72.5677,0.0163893,-3.44318
0,250,7.05167,72.0153,-0.756146,-6.37645
0,250,9.27782,71.6039,-0.821981,-4.0673
0,250,6.54037,72.344,-0.652832,-4.06774
0,250,5.95203,73.1654,-0.270113,-1.95797
0,250,7.63383,71.8284,-1.49509,-5.46614
0,250,5.93819,73.7876,-0.217398,-2.75409
0,250,7.08499,73.0165,-0.114822,-3.5392
0,250,6.65607,73.2316,0.227405,-4.06997
0,250,5.94923,74.4163,2.47151,-2.00608
0,250,7.05021,73.6215,0.768838,-2.71665
0,250,6.14692,74.8344,1.6465,-2.98689
0,250,5.89678,75.2854,-1.89743,-0.266062
0,250,6.31481,73.6346,0.250009,-4.64247
0,250,6.34326,74.252,0.234338,-3.4539
0,250,6.51203,75.1471,-0.201753,-1.8953
0,250,8.28095,73.5555,-0.473199,-3.49948
0,250,7.48186,73.9093,0.322189,-3.27509
0,250,9.26096,73.3855,-2.38374,-5.18236
0,250,7.06946,74.2681,1.37692,-1.35672
0,250,6.67489,74.6893,0.607479,-3.01961
0,250,8.77207,73.8658,-0.799433,-3.54539
0,250,8.34894,74.1905,-0.0950256,-3.11078
0,250,9.66699,74.709,-1.95026,-2.00398
0,250,10.8795,74.8746,-0.95708,-3.84815
0,250,9.17799,73.9459,-2.89185,-4.26886
0,250,9.96662,75.0712,-2.48753,-3.42824
0,250,7.91287,74.3178,-1.21114,-2.95263
0,250,7.09655,74.8641,-0.178541,-2.7533
0,250,8.26462,74.6905,-0.95747,-3.53211
0,250,7.47898,74.5291,1.08869,-1.96563
0,250,9.0881,74.7918,-1.06357,-2.20036
0,250,8.58774,75.0166,-0.459786,-3.53883
0,250,8.0494,75.2322,-2.03829,-3.08805
0,250,7.70614,74.9552,-1.25772,-2.14095
0,250,7.63409,75.5259,-0.53452,-2.01585
0,250,5.93479,75.8428,2.13783,-1.78574
0,250,8.2988,76.4456,-0.542431,-2.22647
0,250,9.17889,77.146,-2.32862,-2.5741
0,250,8.80897,76.6126,-0.566695,-1.17319
0,250,7.24221,75.2987,0.049153,-2.13128
0,250,7.12714,75.8671,1.12267,-3.43396
0,250,8.80529,77.2391,-0.959163,-1.40455
0,250,6.74851,75.499,0.834578,-3.0127
0,250,6.34475,75.7394,0.245327,-2.85418
0,250,5.95622,76.3564,-0.193726,-2.21705
0,250,6.37555,76.4722,2.20495,-1.328
0,250,5.94067,76.9831,1.8108,-1.18327
0,250,8.43255,76.9562,-1.15233,-2.7179
0,250,7.57908,77.2541,-0.157666,-1.84954
0,250,6.7608,76.8343,-0.609032,-2.56325
0,250,7.12459,77.1689,-0.36869,-1.76177
0,250,6.32017,77.0759,-0.474734,-1.85028
0,250,6.72682,77.4002,0.477361,-1.75365
0,250,5.94645,77.5731,-1.42826,-0.785349
0,250,5.87893,78.2021,-0.680385,-1.81545
0,250,6.12026,78.5871,-1.07607,-0.953572
0,250,5.95248,79.0646,0.158119,0.693219
0,250,6.58528,78.7106,-0.555947,-0.232342
0,250,5.9936,79.6167,0.500069,-2.07538
0,250,6.40156,79.1762,0.301833,-1.61901
0,250,6.61204,79.5484,0.381281,-1.61526
0,250,19.2104,63.288,-5.6069,-9.42516
0,250,20.4079,61.2506,-4.90863,-9.93427
0,250,19.2362,62.5712,-6.09325,-9.24093
0,250,18.8613,64.0952,-4.74953,-9.30887
0,250,17.9586,64.647,-3.69576,-8.69161
0,250,15.6151,66.285,-3.79443,-8.51391
0,250,16.7013,65.3291,-3.7729,-8.27717
0,250,14.0021,67.4451,-3.20268,-7.15761
0,250,14.5269,66.9649,-2.66282,-7.02033
0,250,12.6696,67.954,-1.44333,-6.63494
0,250,14.2831,67.1293,-2.50522,-7.83025
0,250,13.4483,67.5594,-2.81378,-6.212
0,250,13.263,67.7127,-2.28816,-5.69758
0,250,11.5706,68.2823,-1.16423,-6.24232
0,250,7.73083,68.9423,0.269608,-5.47232
0,250,7.7565,69.4514,-0.60322,-5.39054
0,250,10.8182,68.5426,0.154012,-5.62842
0,250,11.1054,68.8782,-0.359457,-7.24377
0,250,9.87892,69.3638,-1.05837,-5.67917
0,250,9.5723,68.965,0.330979,-6.55612
0,250,10.3626,69.2748,-0.62527,-6.51316
0,250,8.9696,69.5569,-0.521585,-6.40896
0,250,8.48603,69.2218,-0.634496,-5.32588
0,250,7.54825,69.8298,-1.20014,-5.61056
0,250,6.2625,70.3998,-0.812672,-4.38992
0,250,6.9492,70.1016,-1.35763,-5.60944
0,250,9.14502,70.1335,-0.954189,-5.38982
0,250,6.8685,70.5086,-1.11866,-3.19328
0,250,7.49257,70.2019,-0.933389,-4.56733
0,250,10.8078,70.4954,-1.09614,-4.86302
0,250,7.45755,70.7159,-0.591446,-4.03658
0,250,9.71324,70.0286,-1.55761,-5.93664
0,250,9.28069,70.5807,-0.799766,-4.48952
0,250,7.05106,71.4935,-1.32047,-4.8537
0,250,8.7013,70.746,-1.60644,-5.38937
0,250,9.66766,71.0674,-1.44183,-4.56575
0,250,7.49277,71.3625,-1.42764,-3.89101
0,250,8.03498,71.5201,-1.04839,-5.55761
0,250,10.9471,71.4579,-1.89601,-4.98471
0,250,11.3574,71.8727,-1.6292,-4.39948
0,250,6.93285,72.5833,-0.940138,-4.41144
0,250,10.4067,71.5169,-1.46964,-5.29283
0,250,8.57212,71.8262,-1.84302,-4.82057
0,250,6.37398,72.9133,0.730271,-4.82113
0,250,7.91741,72.5029,-0.815626,-4.65864
0,250,7.52978,72.8403,0.884972,-5.29583
0,250,10.2067,72.0197,-2.37239,-4.51752
0,250,8.81948,72.5233,-0.926517,-4.9024
0,250,7.49854,73.3726,-0.0294049,-2.92931
0,250,7.979,73.0955,-0.16946,-4.61579
0,250,7.90956,73.7394,-1.02334,-3.48219
0,250,6.70317,73.9624,-0.462883,-3.13296
0,250,8.37501,72.971,-1.71771,-4.20812
0,250,8.7495,73.3696,-0.68929,-4.02123
0,250,9.77473,73.2199,-2.08805,-5.62024
0,250,9.62897,73.7502,-0.973844,-3.97028
0,250,10.9275,73.9198,-1.24219,-4.34233
0,250,10.4255,73.9325,-1.25708,-3.90421
0,250,9.88693,74.1739,-1.63642,-3.65755
0,250,10.1995,74.4685,-2.32262,-2.57888
0,250,11.7056,75.0614,-2.14122,-1.84335
0,250,10.4003,74.9586,-1.95346,-3.22919
0,250,9.36261,74.378,-1.95627,-3.47073
0,250,10.7468,75.4026,-1.05085,-3.18916
0,250,8.76904,74.4663,-1.12119,-5.52403
0,250,10.3087,75.5244,-0.737087,-2.86677
0,250,9.54372,75.2573,-2.56472,-3.44997
0,250,9.1481,75.3076,-2.89294,-2.35356
0,250,9.88085,75.7351,-0.689081,-2.7307
0,250,8.71522,75.4893,-2.25036,-3.48549
0,250,9.73759,76.2754,-2.45224,-3.21654
0,250,8.23217,75.6692,-2.16537,-3.02786
0,250,9.45239,75.8734,-1.05375,-2.91386
0,250,7.91566,75.9813,-0.00549729,-2.20522
0,250,8.56822,76.0889,-1.93678,-2.28232
0,250,9.73358,77.2282,-1.62943,-2.35484
0,250,7.4506,76.1291,-0.908635,-2.47106
0,250,9.41621,77.6152,-1.79632,-2.12984
0,250,7.8563,76.5304,-0.62531,-1.94779
0,250,9.87482,77.7783,-2.25334,-1.04999
0,250,10.3112,77.8173,-2.49698,0.0300485
0,250,11.55,77.8889,-3.82076,-0.229011
0,250,7.05782,76.4554,0.769547,-2.23375
0,250,6.64879,76.0913,0.950023,-2.98897
0,250,7.47104,76.7224,-0.270304,-3.0119
0,250,9.18465,78.3644,-0.876361,-0.590216
0,250,8.60845,77.7444,-1.21094,-1.04194
0,250,10.091,78.324,-1.69253,-0.517347
0,250,8.20856,77.5328,-1.71126,-1.64337
0,250,8.71149,78.3301,-0.467562,-1.36251
0,250,8.29965,78.1762,-0.211416,-1.65806
0,250,7.86758,77.8107,-0.309315,0.170664
0,250,6.97704,77.8603,0.106949,-0.33268
0,250,6.35631,77.7471,1.23298,-2.02607
0,250,6.48635,78.1332,-1.04776,-0.832882
0,250,6.95073,78.4018,0.452764,-0.0744395
0,250,8.37262,79.3924,-1.79239,-1.02194
0,250,7.41798,78.822,-0.0934111,0.836345
0,250,7.0113,79.0006,1.14155,0.537989
0,250,7.08872,79.4744,-0.395193,1.23763
0,250,20.7657,60.937,-4.89017,-9.54316
0,250,18.5248,64.9166,-4.14638,-8.56587
0,250,18.3438,63.6307,-3.74888,-9.3685
0,250,17.8708,65.1145,-4.50217,-7.95157
0,250,15.9105,66.012,-3.65718,-9.30825
0,250,14.4456,67.854,-2.4071,-7.03857
0,250,16.0677,66.5659,-3.89708,-7.15216
0,250,15.2267,67.2394,-3.30158,-8.82739
0,250,13.8932,68.0066,-2.96861,-7.10366
0,250,13.6009,68.2282,-1.26406,-6.62623
0,250,11.5709,68.9152,-0.557713,-5.56998
0,250,12.2135,68.7012,-2.09187,-5.12357
0,250,13.0919,68.7303,-1.32699,-7.57299
0,250,11.1844,69.3715,-2.16206,-6.6164
0,250,11.905,69.2524,-2.0233,-6.52227
0,250,12.6033,68.5878,-2.38687,-6.5724
0,250,11.5814,69.6327,-0.760938,-6.76263
0,250,9.48747,69.6825,-0.465082,-7.07363
0,250,8.72718,69.8641,-0.234875,-4.98502
0,250,8.17589,69.6343,-0.658415,-5.9945
0,250,8.14781,70.0908,0.406911,-5.73969
0,250,10.1848,69.7547,-1.64959,-5.19307
0,250,11.0559,69.9118,-1.42405,-6.60841
0,250,8.57443,70.391,-1.75721,-5.77647
0,250,10.2547,70.4311,-1.7275,-5.69136
0,250,11.5559,70.6668,-1.89316,-4.64484
0,250,10.5832,70.0677,-0.778652,-5.39706
0,250,11.4285,71.3279,-1.32853,-4.35528
0,250,10.1544,70.8924,-2.05185,-4.34787
0,250,11.0807,70.8901,-1.59076,-5.09628
0,250,9.76388,70.5236,-0.398897,-5.84868
0,250,9.16521,71.089,-0.114728,-4.85761
0,250,10.6527,71.0384,-2.34156,-5.61212
0,250,12.4826,71.6831,-1.12679,-4.4499
0,250,12.3753,72.3801,-2.2073,-4.10727
0,250,9.96797,71.4128,-2.15874,-5.16295
0,250,8.75569,71.3845,-0.83221,-4.04243
0,250,11.654,72.2672,-1.60225,-4.01381
0,250,11.873,72.7085,-2.95334,-4.31301
0,250,9.68946,71.8142,-1.25793,-4.01023
0,250,9.02015,71.9923,-1.39673,-5.37411
0,250,8.15151,71.9808,-0.922485,-4.99409
0,250,7.3925,72.2656,-0.00746167,-6.22602
0,250,9.28118,72.3746,-1.11577,-5.29792
0,250,11.0377,72.2495,-0.81882,-5.31132
0,250,10.468,72.4323,-2.24411,-5.39333
0,250,10.7775,72.7873,-2.3523,-5.08995
0,250,9.76606,72.2676,-0.0622035,-4.89801
0,250,11.0137,73.2194,-2.20356,-3.86896
0,250,10.0401,72.6752,-2.42811,-4.75456
0,250,10.3179,73.0331,-2.08375,-5.09592
0,250,9.03133,72.9406,-1.18674,-4.28413
0,250,10.6141,73.4492,-1.5307,-4.60715
0,250,9.53983,72.8272,-2.08958,-4.3087
0,250,10.1075,73.589,-1.26847,-3.66664
0,250,11.6826,73.8139,-1.87835,-3.70233
0,250,12.0065,74.7017,-3.11576,-3.94684
0,250,11.2173,74.3963,-1.52229,-3.17427
0,250,10.6849,74.4202,-1.52645,-3.72944
0,250,11.5797,74.3939,-1.29786,-2.71006
0,250,13.2015,75.6365,-2.60257,-2.72212
0,250,12.0655,75.4285,-1.58273,-3.00981
0,250,11.3032,75.0089,-1.86286,-3.50291
0,250,11.5573,75.6397,-2.35751,-3.0546
0,250,11.1696,75.5925,-1.79491,-2.10626
0,250,10.2341,76.0962,-1.26154,-2.3669
0,250,10.6669,75.9901,-1.24354,-2.79185
0,250,8.99395,75.8682,-2.36943,-2.90166
0,250,11.7584,76.8235,-2.46909,-1.35581
0,250,10.8502,76.6444,-2.55487,-1.7066
0,250,11.3021,76.7346,-2.42825,-1.12536
0,250,9.9941,76.7128,-1.183,-0.681923
0,250,9.48529,76.7394,-2.17971,-2.3151
0,250,10.4391,76.5847,-2.45506,-1.69439
0,250,9.17085,76.3996,-2.43316,-3.00889
0,250,10.9899,77.2298,-1.32433,-1.3029
0,250,10.1792,77.2372,-2.48609,-1.99832
0,250,11.1394,77.791,-2.584,-0.659349
0,250,10.5689,77.1557,-1.66655,-1.28516
0,250,10.7201,77.7977,-2.24887,0.129273
0,250,12.8023,77.7625,-1.97229,-0.360578
0,250,14.0386,77.7276,-4.35367,0.18599
0,250,7.99383,77.0928,-1.61001,-1.89258
0,250,9.04512,77.8575,-0.242807,-1.75794
0,250,10.5469,78.3981,-1.21902,-0.099378
0,250,9.56942,78.187,-1.68519,-1.00307
0,250,11.3651,78.4249,-3.1716,-0.775783
0,250,12.3052,78.3562,-3.16143,-1.94997
0,250,9.00906,78.8496,-1.02131,-0.024625
0,250,11.8301,78.4051,-3.64127,-1.19262
0,250,8.58421,78.8979,-1.25649,0.25227
0,250,8.79176,79.4774,-0.193233,-0.771779
0,250,7.39277,77.723,-0.872505,-1.13534
0,250,7.83268,78.3577,-0.371552,0.942495
0,250,9.4382,78.9779,-0.995606,-0.0910168
0,250,7.3911,78.2564,0.146213,-0.793811
0,250,10.7594,78.9451,-0.935922,-0.354373
0,250,7.80958,78.9548,-0.67383,0.719713
0,250,7.5212,79.5105,-0.981481,0.565362
0,250,7.96245,79.441,-1.35646,-0.141401
0,250,21.6156,59.4585,-5.02599,-9.86325
0,250,20.3752,61.8324,-5.04581,-9.07535
0,250,19.0917,63.7432,-4.88882,-9.42465
0,250,17.4542,65.5023,-3.83265,-8.9808
0,250,17.1093,65.9366,-3.46637,-7.67373
0,250,16.5714,65.8115,-2.51779,-8.86658
0,250,16.0114,66.9398,-3.05175,-7.73202
0,250,15.5468,67.109,-4.02784,-8.3272
0,250,14.7739,67.5871,-2.25165,-9.14252
0,250,15.1822,67.8587,-3.97766,-8.67626
0,250,14.2676,68.3483,-2.37062,-7.37012
0,250,13.0561,68.2306,-1.57092,-7.40229
0,250,14.5372,68.7819,-2.04462,-5.84118
0,250,12.813,69.6512,-1.13555,-5.41798
0,250,13.6488,68.7755,-2.02351,-6.43664
0,250,12.1842,69.7257,-2.9093,-6.55843
0,250,12.3775,69.2995,-2.41784,-6.97641
0,250,11.7865,70.055,-2.85363,-7.01586
0,250,12.9126,70.2859,-2.35208,-5.43161
0,250,10.7385,69.4928,-2.22534,-6.0121
0,250,11.3319,70.2691,-1.26908,-6.3302
0,250,12.0886,70.413,-1.08946,-4.97583
0,250,12.4085,70.737,-0.671515,-5.95477
0,250,14.3591,70.3722,-2.77109,-5.84037
0,250,12.7543,70.9752,-0.257714,-4.67209
0,250,11.8541,70.9837,-2.3433,-5.17326
0,250,12.8868,71.4143,-2.36371,-5.17593
0,250,12.2271,71.2717,-1.64281,-4.81777
0,250,13.3212,71.4248,-1.9676,-4.99524
0,250,13.717,71.6521,-2.13211,-4.65695
0,250,11.8058,71.6175,-1.30521,-4.81003
0,250,12.8017,72.0486,-2.8164,-4.34901
0,250,12.0997,72.0139,-2.35519,-5.37706
0,250,14.5437,72.1026,-1.85992,-4.01796
0,250,13.2214,72.0023,-1.45217,-4.29778
0,250,13.2487,72.5543,-3.49691,-5.89984
0,250,14.128,71.9486,-3.29803,-4.93643
0,250,13.017,73.1012,-2.98032,-3.83611
0,250,12.7854,72.6223,-2.97175,-3.82827
0,250,12.2676,72.8943,-2.62741,-4.51692
0,250,10.715,71.906,-1.34457,-4.92395
0,250,8.36993,72.4709,-1.19082,-4.08199
0,250,11.301,72.6489,-1.13303,-4.15222
0,250,11.5107,73.1036,-1.33992,-2.85531
0,250,11.8989,73.354,-0.580826,-2.60872
0,250,12.7809,73.7431,-2.68391,-3.43703
0,250,12.2556,73.6488,-1.57842,-2.81328
0,250,13.7981,73.3669,-2.46363,-3.93245
0,250,11.2851,73.6866,-1.58834,-3.71587
0,250,12.4903,74.6761,-3.04364,-2.29652
0,250,14.278,75.2904,-4.89906,-3.28394
0,250,15.7684,74.8806,-3.94704,-1.54012
0,250,13.5277,75.1237,-2.80543,-2.92901
0,250,14.74,76.0025,-3.82473,-1.98556
0,250,12.0552,74.1837,-1.8337,-4.61147
0,250,13.066,75.0583,-3.17465,-3.54808
0,250,12.411,75.1547,-2.86051,-3.58762
0,250,13.8504,75.4222,-3.29863,-1.31847
0,250,11.9419,75.9509,-2.99755,-2.15006
0,250,14.3523,75.7971,-3.81193,-3.46364
0,250,13.9563,75.981,-4.08274,-1.58634
0,250,12.7508,75.4489,-3.04121,-1.56526
0,250,12.8194,76.0812,-3.0011,-1.59086
0,250,11.5186,76.2641,-2.53933,-1.72049
0,250,11.0881,76.1326,-1.79846,-2.87522
0,250,12.0551,76.3967,-3.05441,-2.30528
0,250,12.1989,76.9762,-2.74317,-1.83408
0,250,15.6367,77.1771,-5.5249,-0.960904
0,250,13.6167,76.5262,-3.61948,-1.88858
0,250,15.7374,77.7582,-3.77524,0.00326961
0,250,12.909,76.723,-2.25736,-0.800401
0,250,13.8965,77.1046,-2.87512,-1.92132
0,250,11.4454,77.294,-3.41552,-1.44901
0,250,13.2179,76.3683,-3.27548,-2.0068
0,250,11.8724,77.3934,-2.8206,-0.629735
0,250,14.7293,77.0927,-4.74146,-0.828003
0,250,12.5785,77.1673,-2.21642,-1.59964
0,250,13.0473,77.2568,-2.23567,-0.578817
0,250,12.3688,77.6306,-3.18389,-2.49431
0,250,14.2945,77.0491,-4.4548,-1.62814
0,250,14.8666,77.6506,-4.50627,-0.869115
0,250,18.6134,78.0834,-8.36488,-2.2644
0,250,16.7279,78.5416,-2.99229,-2.3639
0,250,13.2504,77.7433,-2.44697,-0.374213
0,250,12.0173,77.9074,-1.79184,0.206835
0,250,13.1387,78.35,-3.03919,-0.287949
0,250,12.6933,78.2481,-2.78895,-1.55892
0,250,12.5255,78.8896,-3.67292,-0.649002
0,250,12.0987,78.8952,-2.51869,-0.1044
0,250,11.6353,78.9422,-3.40355,0.166454
0,250,10.9622,78.3784,-2.27823,-0.36117
0,250,9.77665,78.6876,-1.22073,-1.16338
0,250,8.1948,78.7093,-1.3862,-0.373294
0,250,13.3532,78.8999,-3.94953,-1.06867
0,250,9.94922,79.1873,-1.19101,-2.51947
0,250,11.207,78.9827,-1.88081,0.376582
0,250,10.2611,79.5169,-2.32097,0.704568
0,250,9.65008,79.5543,-0.547669,-0.758989
0,250,9.21175,79.4524,-0.289266,0.660676
0,250,10.695,79.4587,-2.21849,-0.474225
0,250,22.1459,59.128,-4.26028,-9.87483
0,250,20.1677,62.7099,-4.95497,-9.2224
0,250,19.105,64.9486,-5.48493,-8.59722
0,250,17.8754,65.6387,-3.95682,-8.22035
0,250,16.967,66.3175,-3.25607,-8.0219
0,250,16.451,67.1597,-3.98747,-7.40186
0,250,16.1051,67.6443,-3.03226,-9.22897
0,250,14.7883,68.2088,-2.90018,-6.19149
0,250,15.7098,67.6303,-3.39598,-7.50407
0,250,16.5525,66.5996,-4.07157,-8.73798
0,250,15.43,68.2215,-2.67175,-5.96705
0,250,15.996,68.2398,-4.62475,-7.63198
0,250,14.7927,69.1561,-2.30802,-5.78256
0,250,12.8348,69.1577,-2.03615,-4.66958
0,250,13.3271,69.2304,-1.84357,-6.2901
0,250,12.5471,70.1222,-2.27742,-5.6906
0,250,14.2438,69.3068,-2.6266,-6.30698
0,250,13.4743,70.2638,-2.84492,-6.39227
0,250,16.0967,68.9408,-3.95624,-6.16448
0,250,14.2589,69.6817,-4.71718,-5.48259
0,250,13.1799,70.6982,-2.38621,-5.0499
0,250,13.8447,69.9428,-3.38027,-6.00657
0,250,13.4927,70.9777,-1.50612,-5.95112
0,250,15.2528,70.0985,-3.57553,-6.38746
0,250,15.2611,70.6775,-3.25825,-5.57072
0,250,13.9191,70.4621,-2.55237,-5.65195
0,250,14.3809,70.9203,-2.14471,-5.23535
0,250,13.9609,70.9799,-1.82404,-5.80159
0,250,14.1622,71.4796,-2.7468,-5.12802
0,250,14.8155,70.4956,-2.16233,-5.29506
0,250,14.8714,71.0385,-2.96067,-5.54656
0,250,13.6497,72.2002,-1.84423,-3.98422
0,250,14.6579,71.4748,-3.20349,-4.75291
0,250,14.9485,72.3517,-3.2483,-5.59446
0,250,14.4063,72.5919,-3.4819,-5.06561
0,250,15.1195,72.8267,-4.54808,-3.88722
0,250,15.2161,73.3906,-5.61492,-3.67159
0,250,14.7191,72.9823,-3.5222,-3.98977
0,250,13.9007,72.5958,-2.0832,-4.61045
0,250,14.7615,74.2083,-4.67019,-2.08408
0,250,15.1555,74.0856,-3.90543,-2.83623
0,250,14.4656,73.4794,-2.43129,-4.21742
0,250,14.3512,74.131,-4.53239,-1.86488
0,250,13.2783,73.5129,-1.95368,-4.05823
0,250,12.6027,73.2542,-2.59473,-3.69622
0,250,13.1216,74.1044,-3.54568,-2.68241
0,250,14.0693,73.7586,-2.56588,-4.9981
0,250,13.4124,74.6,-2.46153,-2.7933
0,250,12.4936,74.1448,-2.19751,-1.93636
0,250,13.5439,73.8992,-3.80476,-2.72193
0,250,14.6931,75.215,-4.2424,-1.97433
0,250,16.9273,74.5311,-5.50306,-4.57694
0,250,16.6734,74.9865,-5.93817,-4.55879
0,250,16.4166,74.4629,-4.63038,-3.42572
0,250,12.9312,74.5701,-2.33085,-3.9065
0,250,15.9666,74.3645,-3.50797,-3.77237
0,250,15.3635,75.2496,-4.93909,-2.76531
0,250,16.6869,75.9571,-6.7154,-3.46141
0,250,15.9012,75.4257,-5.09186,-3.43437
0,250,15.225,76.0879,-4.1407,-2.61654
0,250,14.9054,76.5311,-3.95478,-2.47371
0,250,14.0617,76.4828,-3.81331,-1.76043
0,250,15.4073,76.5926,-5.33993,-1.46767
0,250,13.5088,75.8666,-3.73911,-1.6191
0,250,12.431,75.8647,-3.2876,-3.07149
0,250,12.5094,76.4685,-2.05786,-2.9479
0,250,16.4447,77.4685,-5.89343,-1.22532
0,250,18.095,77.5322,-7.75082,-2.29935
0,250,16.0778,77.4291,-5.56124,-1.38255
0,250,16.8633,77.3139,-4.80453,-4.10789
0,250,17.1909,76.9697,-5.44162,-1.45111
0,250,17.58,77.3576,-5.24849,0.0186914
0,250,16.3719,78.0579,-4.16892,-2.64747
0,250,21.1409,79.4784,-5.57559,-0.240027
0,250,16.7657,77.9211,-4.96135,-2.31341
0,250,15.989,78.2301,-5.06901,-0.624336
0,250,13.4358,76.9952,-3.79705,-1.32366
0,250,16.2617,78.6664,-3.53043,-2.19589
0,250,14.4325,77.5905,-3.46372,-0.823738
0,250,17.2066,77.682,-6.02904,0.939964
0,250,15.8022,78.8287,-3.88488,-0.346564
0,250,19.5076,77.5523,-6.90518,-2.07577
0,250,19.0883,77.562,-7.06314,-0.436734
0,250,18.6827,78.9734,-5.39458,-0.16552
0,250,14.7443,78.268,-4.24927,1.09602
0,250,13.6316,77.5449,-3.34274,-1.21419
0,250,13.5145,78.2249,-3.21038,-1.36964
0,250,15.669,79.2938,-3.57929,-0.859333
0,250,13.7495,78.7794,-4.31681,-1.49087
0,250,11.622,79.5019,-3.08442,-0.510183
0,250,14.3687,78.2132,-3.77392,-1.00969
0,250,10.3095,78.8694,-1.09804,-0.0950148
0,250,12.0365,79.4409,-2.43782,-0.506324
0,250,15.1272,78.1288,-4.34636,-0.356917
0,250,14.1662,78.8307,-4.53786,-0.0415422
0,250,12.934,78.865,-2.86431,-0.810696
0,250,11.1496,79.5056,-3.29908,0.97616
0,250,12.8688,79.4155,-2.22764,-0.836575
0,250,12.4567,79.4767,-2.14507,-0.501339
0,250,14.864,79.4574,-4.93487,-1.19849
0,250,22.7843,58.9061,-4.06947,-8.80731
0,250,21.3316,60.1717,-5.29122,-9.99066
0,250,19.7562,62.9054,-5.11349,-9.02939
0,250,19.6636,63.2944,-4.39435,-9.67474
0,250,18.709,64.5405,-4.67996,-7.96717
0,250,17.3186,66.6789,-3.938,-7.57375
0,250,18.4385,65.4112,-3.94876,-8.68343
0,250,17.5494,66.2617,-4.48264,-9.05946
0,250,17.9871,66.1584,-3.91561,-8.23861
0,250,16.8272,66.9899,-4.71463,-8.00947
0,250,17.6516,66.9056,-6.0172,-7.47634
0,250,15.0441,68.6968,-2.70526,-6.8428
0,250,14.0053,68.8776,-3.32123,-6.06973
0,250,13.6562,69.4901,-2.53589,-6.08221
0,250,13.2382,69.814,-3.54166,-5.84757
0,250,16.3782,68.2898,-3.32073,-6.7011
0,250,16.9082,67.6635,-3.55001,-8.30679
0,250,17.3141,68.6921,-4.95896,-6.7152
0,250,18.1369,68.7278,-4.4118,-6.94472
0,250,16.5444,68.9453,-3.37484,-7.70967
0,250,15.3489,68.9889,-3.56902,-6.28352
0,250,14.6866,69.9793,-4.5236,-5.50485
0,250,15.8032,69.3532,-4.0174,-7.25563
0,250,15.983,69.9435,-4.20315,-6.74227
0,250,16.0847,70.6185,-3.18362,-6.94214
0,250,16.4566,70.6406,-4.70182,-5.56543
0,250,16.0811,71.2026,-4.14761,-6.37685
0,250,15.6223,70.1965,-3.76187,-5.41063
0,250,15.6984,70.8296,-4.04352,-4.4974
0,250,15.3161,71.2939,-4.97832,-5.34575
0,250,15.3609,72.0009,-3.59819,-5.22329
0,250,14.9865,71.7589,-2.63606,-4.79513
0,250,15.9564,72.5557,-4.89244,-3.85631
0,250,15.5774,73.0475,-4.34061,-3.57584
0,250,15.5515,73.7233,-4.29181,-3.58334
0,250,17.0791,71.8563,-5.71945,-3.70584
0,250,16.4365,72.0843,-4.77965,-5.33919
0,250,14.8391,73.6146,-5.5229,-4.19349
0,250,16.3677,72.6528,-4.51556,-4.58273
0,250,16.855,72.332,-4.91422,-5.21639
0,250,15.9617,73.7911,-4.50976,-3.48937
0,250,15.9514,73.1879,-4.96068,-4.92973
0,250,13.5539,72.9592,-1.77413,-3.00541
0,250,14.1754,73.0184,-2.36081,-5.40738
0,250,14.3709,74.69,-5.23936,-2.33811
0,250,13.8503,74.3132,-2.66605,-4.0177
0,250,14.9855,75.5707,-4.81628,-2.07352
0,250,13.9441,74.7685,-4.5384,-2.89821
0,250,15.2723,74.7906,-5.12418,-2.57025
0,250,16.4254,73.975,-4.94129,-3.53806
0,250,18.2347,75.5491,-6.85057,-3.1107
0,250,18.4882,76.3656,-8.21995,-3.30182
0,250,18.888,76.5752,-7.28741,0.71761
0,250,16.9188,76.3568,-6.90283,-1.45409
0,250,20.1974,76.7254,-7.19281,0.209114
0,250,16.3851,75.4905,-6.267,-2.74261
0,250,16.7322,76.8182,-7.61506,-2.43135
0,250,16.3285,76.3386,-6.56144,-1.09745
0,250,16.2114,74.9616,-6.4166,-3.85943
0,250,16.0997,75.9151,-4.23901,-1.23018
0,250,15.548,75.732,-5.47935,-3.41657
0,250,17.4484,76.6104,-7.57714,-3.66667
0,250,15.8964,76.7581,-6.09352,-2.78466
0,250,15.7587,76.2522,-4.74018,-2.25902
0,250,14.4685,76.4775,-3.08476,-1.99725
0,250,15.1678,77.0466,-5.42272,-1.50009
0,250,19.895,77.7874,-7.51728,-1.34334
0,250,20.0684,77.256,-8.45928,-1.82286
0,250,20.2079,78.9435,-6.67245,-0.19357
0,250,20.7411,79.4108,-5.67438,-0.445006
0,250,21.9354,78.7102,-5.77016,-0.637233
0,250,21.1415,78.1485,-6.98449,-0.561236
0,250,20.3644,77.7586,-7.92998,-1.16032
0,250,19.52,78.1406,-5.43686,-0.396005
0,250,18.0818,77.9533,-4.94131,-0.557684
0,250,18.7644,77.1127,-8.23002,-1.20569
0,250,22.5537,78.0295,-7.15424,-0.775873
0,250,20.6288,78.7957,-4.31469,-0.72702
0,250,18.9188,78.5866,-8.53662,-3.95782
0,250,19.2214,76.9828,-8.57947,-2.5578
0,250,21.6933,78.3289,-6.95073,-1.47085
0,250,19.9311,78.3725,-5.17991,0.771126
0,250,17.7995,78.3507,-6.50916,-0.53894
0,250,15.3057,77.5717,-5.23026,-0.957475
0,250,19.0966,78.0923,-6.75148,-0.933587
0,250,13.9363,78.248,-3.28454,-1.34624
0,250,17.5521,77.8884,-4.83126,0.457426
0,250,18.3521,78.4746,-7.66533,-0.769798
0,250,17.2702,79.0434,-7.08377,1.03769
0,250,17.0989,78.3014,-6.07211,-0.307124
0,250,16.3291,79.1141,-5.58872,-1.17914
0,250,14.5601,78.8517,-4.8784,-1.19725
0,250,14.0517,79.5183,-3.21297,-1.05624
0,250,14.9936,78.8883,-4.53453,1.63193
0,250,13.2976,79.4964,-2.81598,0.655729
0,250,17.5607,79.5494,-5.05734,0.728766
0,250,14.4484,79.3899,-3.39361,0.0441314
0,250,15.3429,78.7966,-4.70543,-0.40863
0,250,13.6836,79.3581,-4.01929,-1.72502
0,250,15.3002,79.5163,-4.3398,1.73221
0,250,22.8561,58.4282,-3.96835,-10.0765
0,250,21.6164,59.9464,-4.6224,-9.85444
0,250,20.8294,61.6618,-4.63422,-9.43411
0,250,20.5143,62.392,-4.79764,-8.96072
0,250,20.0146,63.6777,-5.64432,-9.58748
0,250,19.3801,64.1364,-5.23396,-8.83173
0,250,19.3742,64.6476,-5.48807,-9.57085
0,250,18.8642,65.4013,-3.82404,-8.51499
0,250,19.2104,65.7121,-3.11303,-8.65367
0,250,18.3071,65.9452,-3.88424,-8.02648
0,250,18.1137,66.8139,-4.07402,-8.61226
0,250,17.5367,68.0646,-3.56371,-7.32981
0,250,15.7155,68.6535,-3.10452,-6.31387
0,250,16.5257,67.8271,-3.6858,-7.32611
0,250,14.9745,69.6157,-2.58816,-5.42141
0,250,17.2047,67.391,-3.60078,-7.80951
0,250,17.1284,68.1954,-4.02946,-7.23557
0,250,18.1009,69.2266,-4.85104,-7.05231
0,250,18.0054,69.9105,-5.03741,-6.74503
0,250,17.6748,68.9412,-4.92122,-6.69626
0,250,16.8133,68.5705,-3.77362,-7.14619
0,250,15.3982,69.506,-2.96059,-5.59996
0,250,17.8567,68.3731,-4.78478,-7.96972
0,250,16.2625,69.4867,-4.03328,-6.90726
0,250,16.4487,69.99,-3.23075,-7.85632
0,250,17.2493,70.0152,-5.03114,-5.8801
0,250,16.8511,70.1702,-5.3101,-4.88378
0,250,16.1643,71.711,-5.38928,-6.1262
0,250,16.9606,70.6937,-4.97169,-6.32859
0,250,15.6429,71.4674,-4.52984,-4.39445
0,250,15.8859,72.0712,-4.68099,-4.30418
0,250,15.4959,72.4731,-5.1232,-4.77002
0,250,17.0941,71.2161,-4.80038,-5.65599
0,250,17.5921,71.866,-4.422,-5.52432
0,250,16.6999,71.6052,-3.99013,-3.84827
0,250,18.1181,71.6755,-5.54025,-5.84105
0,250,17.656,72.8439,-5.13508,-4.15312
0,250,17.3067,72.3972,-3.94562,-4.90649
0,250,19.8923,73.2682,-7.68727,-3.02753
0,250,18.3052,72.1166,-7.33294,-3.47859
0,250,17.7393,73.2964,-6.72563,-2.78924
0,250,17.8013,72.2825,-6.86121,-6.32568
0,250,15.5242,74.3347,-5.61276,-1.99853
0,250,17.1186,72.834,-5.19628,-3.98109
0,250,16.312,73.4152,-3.74823,-4.70795
0,250,14.8404,74.7447,-4.34464,-2.69829
0,250,16.8739,73.9797,-6.45935,-3.77047
0,250,16.6533,72.952,-5.09284,-4.67869
0,250,17.2404,76.0458,-8.17944,-3.52059
0,250,16.8769,75.5023,-6.68138,-2.4548
0,250,18.6619,75.5544,-8.17999,-3.03901
0,250,19.3474,76.3908,-7.25536,-3.4557
0,250,21.7298,77.406,-10.0586,-2.4156
0,250,20.1365,76.134,-7.59487,-2.16882
0,250,21.0209,75.8718,-8.2072,-0.977648
0,250,18.0945,76.6293,-8.18703,-0.659602
0,250,18.3668,77.0623,-8.42534,-1.80411
0,250,17.7051,75.7215,-5.69285,-2.50003
0,250,16.3068,76.8397,-7.33767,-0.712211
0,250,19.7584,76.5266,-7.22049,-3.14709
0,250,18.6072,77.6191,-7.33392,-1.76654
0,250,19.6537,77.028,-7.28972,-2.92723
0,250,17.7089,76.2463,-6.71621,-2.8633
0,250,17.842,77.0044,-7.17438,-3.03312
0,250,26.6376,78.8348,-10.9693,-0.273229
0,250,28.3604,79.4954,-9.76169,0.962129
0,250,21.0997,77.471,-7.91881,-0.937318
0,250,22.3373,79.0181,-7.50707,-0.285848
0,250,21.0962,78.9417,-6.722,-0.326069
0,250,20.753,77.7148,-6.47441,-0.649931
0,250,25.8149,78.9947,-13.819,-1.0899
0,250,32.3459,79.642,-6.96909,-1.51651
0,250,54.6,63.5561,-8.69495,-9.52209
0,250,55.639,68.899,-8.16715,-13.1247
0,250,59.0933,72.5957,-3.35037,-9.11206
0,250,36.7801,79.6655,-1.88974,2.95873
0,250,57.701,68.3833,-5.1727,-9.36594
0,250,57.587,70.9777,-5.91184,-9.62502
0,250,24.8779,79.209,-8.30124,-0.728045
0,250,25.5767,78.611,-11.639,-0.876434
0,250,26.6987,79.4975,-6.49456,-0.0488861
0,250,20.3006,79.4474,-4.49482,-0.540351
0,250,19.3568,78.7372,-7.11587,-0.515519
0,250,21.6062,79.5166,-5.1701,0.614664
0,250,21.7922,79.1494,-6.87979,-2.2113
0,250,18.1078,78.8107,-6.73518,-0.0847336
0,250,19.1204,79.2046,-6.49849,-4.45925
0,250,18.8318,79.5976,-4.7261,0.115449
0,250,17.7582,79.0415,-6.28514,1.0084
0,250,16.8535,79.0093,-6.12503,0.58477
0,250,17.4378,78.5609,-5.27403,1.14621
0,250,15.5246,78.2714,-4.27164,1.59883
0,250,17.0667,79.5238,-5.12929,0.555485
0,250,19.4694,79.4768,-5.23436,-1.52337
0,250,18.4076,79.3373,-5.43294,0.679783
0,250,19.7338,78.8443,-6.43557,-0.418335
0,250,16.0461,79.5114,-3.46987,-0.221131
0,250,23.5824,79.4431,-5.61366,2.09861
0,250,16.5949,79.5427,-5.24472,0.119279
0,250,32.4688,79.116,-5.87634,0.23156
0,250,23.5667,58.9762,-3.88756,-9.59577
0,250,21.8592,60.3471,-5.17234,-9.95932
0,250,21.6364,60.9746,-5.12445,-9.81635
0,250,21.044,61.1295,-4.46215,-9.60085
0,250,20.6024,63.0164,-4.99174,-9.48958
0,250,19.8557,64.1526,-4.34906,-8.84687
0,250,19.0614,66.3393,-5.23144,-8.16899
0,250,19.5766,65.3565,-5.22797,-9.0262
0,250,18.7891,66.0474,-5.23189,-8.0789
0,250,18.4535,66.5666,-4.22656,-9.86188
0,250,18.0859,67.3287,-3.72355,-9.14519
0,250,17.6003,67.4803,-4.62995,-8.67185
0,250,18.6113,67.6712,-5.83494,-7.98365
0,250,18.5659,67.1678,-4.12017,-9.67232
0,250,18.3797,68.1498,-4.49595,-8.24303
0,250,18.0285,67.8015,-5.02825,-8.52529
0,250,18.9209,68.1008,-4.97529,-6.82764
0,250,19.4872,67.872,-3.76033,-8.16225
0,250,19.2843,68.399,-5.07003,-5.96134
0,250,17.6957,69.5445,-5.1306,-6.44473
0,250,16.9993,69.1108,-3.60159,-5.9546
0,250,18.4966,69.3301,-6.48579,-6.77879
0,250,17.2957,69.4874,-5.71317,-5.2807
0,250,16.7431,69.5835,-5.31899,-6.66056
0,250,18.8582,69.5647,-5.09687,-7.32712
0,250,17.3851,70.7482,-4.3175,-5.42433
0,250,18.1537,70.442,-6.06416,-5.51126
0,250,18.5272,70.6535,-5.096,-4.07297
0,250,17.8154,70.7966,-4.9839,-5.06883
0,250,17.9548,71.2703,-5.92724,-5.93645
0,250,16.5533,71.132,-4.95648,-4.54747
0,250,19.0268,70.6135,-4.95281,-6.35316
0,250,18.7488,71.3523,-6.1727,-5.33741
0,250,18.3989,71.1305,-5.56068,-6.1899
0,250,19.1493,73.5158,-5.93246,-2.72189
0,250,18.1165,72.6667,-7.56833,-4.85518
0,250,18.2622,73.7162,-7.76386,-4.29959
0,250,20.18,73.7345,-7.80554,-4.75547
0,250,19.837,74.0976,-6.70377,-4.28151
0,250,17.8417,73.8362,-5.33111,-2.97064
0,250,17.7624,74.4249,-6.14106,-2.46713
0,250,17.4007,73.788,-7.66845,-3.06262
0,250,17.2298,73.3442,-5.70693,-4.10069
0,250,17.5896,74.86,-7.15007,-4.40994
0,250,17.3046,75.4765,-6.48766,-3.31758
0,250,19.0715,75.0317,-8.36595,-1.78275
0,250,17.1682,74.987,-6.65593,-2.62022
0,250,18.1484,75.9975,-6.64649,-2.19964
0,250,18.803,76.02,-9.68812,0.39845
0,250,20.9983,76.4673,-8.11593,-2.10144
0,250,21.4508,75.6886,-8.65889,-2.58224
0,250,22.0877,76.4774,-8.65968,-0.68252
0,250,22.551,77.0714,-10.0583,-1.43989
0,250,22.7934,77.6695,-8.73525,-0.931143
0,250,21.4429,77.869,-8.7457,-1.00748
0,250,21.3809,76.2849,-8.37203,-2.27175
0,250,21.3654,77.0736,-8.19967,-0.351081
0,250,20.8002,78.3839,-6.83934,-1.04908
0,250,20.8877,76.9637,-7.81283,-2.62493
0,250,20.5173,77.103,-6.31427,-2.778
0,250,21.9715,77.8468,-9.43292,0.658053
0,250,20.331,78.29,-6.366,0.175836
0,250,21.3919,78.7518,-7.97675,-1.14221
0,250,54.596,69.165,-6.77694,-8.96678
0,250,56.3994,67.7337,-5.52444,-11.3812
0,250,54.8171,65.558,-8.10892,-11.4642
0,250,58.2546,74.2847,-1.85135,-12.1845
0,250,24.3797,79.0193,-12.1501,-1.18734
0,250,30.2033,79.4744,-9.47647,4.65314
0,250,54.6266,63.9728,-6.69677,-10.0994
0,250,53.8515,63.3755,-8.7539,-9.16658
0,250,58.02,65.6101,-4.14798,-7.54102
0,250,57.2885,67.1345,-4.62467,-10.8794
0,250,58.3116,79.5989,-6.96434,-3.4109
0,250,58.8439,72.055,-1.06181,-9.69503
0,250,51.8021,60.2273,-10.7208,-3.56812
0,250,55.9495,71.078,-5.24761,-8.6128
0,250,57.1271,68.5649,-6.71011,-9.14389
0,250,55.4152,65.7175,-5.14008,-10.0667
0,250,58.3412,73.5194,-3.44371,-8.84976
0,250,55.9096,62.4804,-4.42159,-7.59887
0,250,28.8743,79.6498,-8.55189,4.35731
0,250,23.5606,78.9084,-9.25635,0.0188413
0,250,24.1699,76.892,-11.4051,-1.94098
0,250,22.5711,79.4697,-7.91041,1.05317
0,250,25.8011,79.5082,-11.8254,1.48282
0,250,19.853,79.4245,-3.89556,1.34239
0,250,23.1509,78.7346,-7.81276,-2.37154
0,250,18.0531,79.5027,-6.04351,1.02393
0,250,31.5511,79.542,-6.64857,0.6302
0,250,24.0495,79.592,-9.17744,3.71177
0,250,22.9257,79.1431,-6.03926,-2.84667
0,250,22.2416,78.2819,-8.85283,-0.769336
0,250,22.159,79.5742,-8.85085,0.0116867
0,250,23.1519,79.5369,-8.65514,-2.28547
0,250,25.278,78.957,-11.0583,-0.365725
0,250,26.3082,79.4669,-10.2876,-1.60319
0,250,30.9909,79.5488,-9.62199,-2.74157
0,250,58.3016,79.1982,-0.540384,0.409261
0,250,57.4804,73.5605,1.63624,-11.0904
0,250,23.3911,58.3165,-4.09637,-9.77946
0,250,22.8499,59.1866,-3.91286,-9.3857
0,250,22.3153,59.4296,-4.43713,-10.2106
0,250,21.9836,60.7797,-5.01205,-10.1063
0,250,20.9048,62.2177,-5.72562,-8.94192
0,250,21.2837,61.7294,-5.02235,-9.88562
0,250,20.2727,63.3534,-4.66601,-9.79096
0,250,19.751,64.9284,-4.24521,-8.81362
0,250,19.9779,65.5155,-4.89846,-8.32197
0,250,18.8656,66.7816,-4.42554,-8.40707
0,250,19.5632,66.4652,-4.27422,-9.24426
0,250,19.2358,67.1497,-4.60416,-8.42267
0,250,19.9814,66.3136,-5.54981,-7.95434
0,250,19.0749,67.5788,-6.13333,-7.14415
0,250,18.6448,68.5404,-5.1113,-8.74675
0,250,19.5716,67.002,-4.26143,-6.94625
0,250,19.8042,67.5367,-5.38214,-9.08639
0,250,19.6919,68.7644,-5.28747,-8.47882
0,250,19.7789,68.2591,-5.0758,-7.51404
0,250,19.258,68.9388,-6.53674,-7.27075
0,250,18.8426,68.9248,-7.71027,-7.35518
0,250,17.6134,70.2236,-5.7114,-5.31845
0,250,19.221,69.7419,-5.73606,-5.96737
0,250,18.4258,69.9502,-5.724,-5.2193
0,250,19.7924,69.98,-5.79431,-6.22309
0,250,19.5717,70.6779,-5.94194,-5.34942
0,250,18.8042,70.2083,-4.72311,-6.40721
0,250,19.3938,70.1911,-4.77465,-8.29283
0,250,19.1544,71.827,-6.64507,-6.02204
0,250,19.1677,71.0678,-5.82915,-5.66271
0,250,17.4653,71.4308,-4.67984,-6.33412
0,250,19.078,72.9629,-7.20688,-4.62977
0,250,18.215,73.1887,-6.09964,-5.21608
0,250,20.0979,72.0206,-9.01773,-4.29506
0,250,20.8414,74.8053,-6.75466,-1.76924
0,250,20.0673,72.7024,-5.95288,-2.19974
0,250,20.331,73.1808,-7.78099,-3.49011
0,250,19.9842,75.1164,-8.11229,-2.18548
0,250,19.5364,74.9139,-8.03676,-2.20851
0,250,19.6044,73.7017,-7.63259,-4.15615
0,250,18.7447,73.7499,-6.87427,-4.49706
0,250,17.2738,74.2692,-5.97917,-3.25888
0,250,16.7971,73.447,-4.36259,-5.17186
0,250,18.2309,74.86,-6.28888,-3.82665
0,250,18.5824,74.9284,-7.18557,-4.43623
0,250,19.6103,75.4833,-9.14823,-3.48676
0,250,20.552,76.3902,-7.11689,-2.52529
0,250,21.6398,76.7515,-9.20324,-2.1829
0,250,21.4839,74.8778,-9.05438,-2.78265
0,250,23.6863,77.9239,-11.6056,-1.2771
0,250,23.5367,77.3834,-9.18281,0.27558
0,250,24.8546,78.0455,-9.71672,-0.567952
0,250,27.4782,79.2102,-6.24117,1.90766
0,250,24.0914,78.3642,-10.2199,-1.46107
0,250,23.104,77.3861,-8.33785,-1.45651
0,250,22.6208,78.6742,-7.74989,-1.34476
0,250,23.285,78.004,-11.1005,-2.14535
0,250,22.2825,77.4824,-7.63809,-2.61172
0,250,23.0013,78.3161,-10.5284,0.15258
0,250,22.0543,77.0113,-9.46397,-1.91851
0,250,23.7037,78.4635,-10.9991,-1.06496
0,250,53.3269,66.5475,-8.65092,-10.5065
0,250,55.411,66.7121,-6.27519,-12.9587
0,250,55.2148,64.0287,-9.33887,-9.48791
0,250,55.0257,62.2091,-5.05768,-5.88202
0,250,56.6764,67.2832,-4.02735,-8.76792
0,250,51.3742,61.6463,-11.6431,-3.83586
0,250,55.1895,63.5902,-6.297,-8.37324
0,250,53.8679,61.7737,-7.96667,-7.27284
0,250,59.372,63.3398,-2.54289,-3.24008
0,250,60.6754,61.4604,-2.08181,-3.61141
0,250,57.7494,68.1416,-7.21491,-8.99715
0,250,59.7309,75.8419,-0.680259,-3.92377
0,250,62.6548,64.8493,-0.866961,-2.69001
0,250,56.541,63.5045,-5.62813,-8.3363
0,250,56.7205,63.9839,-4.71239,-7.82692
0,250,57.6281,65.8207,-6.24503,-7.8145
0,250,55.6723,67.6671,-7.52188,-13.4575
0,250,59.5288,63.7587,-3.04593,-1.79924
0,250,56.1573,64.5395,-6.52565,-9.36801
0,250,56.3931,62.4264,-4.78296,-6.23107
0,250,54.8847,68.348,-7.38085,-13.3641
0,250,43.8194,79.5106,8.15887,-5.13981
0,250,56.7917,66.1749,-5.56734,-11.009
0,250,25.3744,79.5458,-7.47079,2.96427
0,250,65.5961,64.9049,0.792635,1.3229
0,250,57.0304,63.4204,-3.33481,-6.92729
0,250,52.1719,62.2483,-9.47735,-6.82697
0,250,29.7427,79.514,-10.1439,0.0617295
0,250,62.6402,64.205,-1.00597,-1.21308
0,250,55.8792,67.2434,-5.55963,-13.0442
0,250,61.9563,61.9738,-2.08149,-1.8533
0,250,51.143,63.0705,-10.8544,-7.14669
0,250,57.7116,66.5032,-4.90586,-7.65561
0,250,24.7439,79.5329,-8.87314,-1.94024
0,250,55.8645,69.6734,-6.27351,-10.9915
0,250,55.1845,67.3488,-7.2706,-13.0367
0,250,58.7301,75.1383,2.33471,-8.02265
0,250,57.2357,66.3315,-3.9231,-9.66392
0,250,55.4739,61.911,-4.8235,-6.90225
0,250,23.7089,59.3369,-3.53995,-9.85609
0,250,23.1225,59.6194,-4.29215,-9.12109
0,250,22.7046,60.0212,-4.17715,-10.3339
0,250,22.4605,60.1789,-4.28842,-10.8028
0,250,21.6189,61.5593,-5.40217,-9.9113
0,250,21.0012,63.0892,-5.737,-9.60458
0,250,20.482,64.0627,-4.11044,-8.8853
0,250,20.1566,64.4394,-5.2895,-8.20902
0,250,20.2821,64.8867,-5.66498,-8.49611
0,250,20.2607,65.697,-5.88782,-8.14818
0,250,19.6153,66.0138,-4.65552,-10.5175
0,250,20.4601,66.2376,-5.40618,-8.56834
0,250,20.3973,66.6836,-5.71558,-8.5442
0,250,20.0547,67.0329,-4.76089,-7.96516
0,250,20.2209,67.5568,-5.31351,-8.68313
0,250,20.5891,67.17,-5.48886,-7.37225
0,250,20.9193,66.6739,-6.36578,-9.47556
0,250,20.1543,68.1098,-5.80939,-7.14125
0,250,20.6555,67.9069,-6.0285,-8.61053
0,250,19.9214,69.5058,-5.97123,-9.08916
0,250,19.5164,69.36,-6.02069,-7.99488
0,250,20.1045,68.9406,-6.7888,-6.68842
0,250,20.3345,69.6469,-5.94844,-6.28067
0,250,20.0202,70.4801,-6.02136,-6.07771
0,250,19.5445,71.9311,-5.3632,-4.8853
0,250,19.4462,71.3759,-6.92779,-4.10648
0,250,18.8477,72.308,-7.59834,-5.02676
0,250,18.573,72.6649,-7.10424,-6.2732
0,250,19.5179,73.0196,-6.90864,-4.67505
0,250,18.6779,71.8064,-7.04617,-6.58567
0,250,19.7272,72.4462,-8.2723,-4.29222
0,250,18.6612,73.1954,-6.84474,-3.97882
0,250,20.6598,73.6386,-7.61613,-3.37886
0,250,21.4522,70.8819,-7.30294,-6.38525
0,250,21.0107,73.3991,-7.09996,-2.78063
0,250,20.377,74.2678,-8.10184,-1.79104
0,250,20.7341,75.3339,-8.90476,-2.22018
0,250,21.1676,74.4791,-6.41984,-2.42254
0,250,20.3866,74.82,-8.11065,-4.41074
0,250,19.3801,74.4673,-7.10366,-2.57288
0,250,18.1413,74.3416,-5.66436,-2.76499
0,250,17.8578,75.229,-6.42091,-2.43882
0,250,18.8801,74.5318,-6.89271,-4.29103
0,250,19.205,74.027,-7.69193,-3.1424
0,250,22.4903,76.4701,-10.9076,-1.32047
0,250,21.1815,75.2236,-8.57498,-2.77898
0,250,24.8722,78.6384,-10.9394,-1.19314
0,250,59.2409,70.9716,-1.50371,-9.29029
0,250,52.7063,63.8706,-11.8663,-6.52198
0,250,58.416,75.2584,-0.551943,-8.85005
0,250,57.1717,67.9396,-5.34146,-9.23571
0,250,53.1213,63.5518,-9.97568,-6.67843
0,250,53.395,63.1447,-9.61331,-7.23578
0,250,29.9499,79.0196,-8.27576,0.369545
0,250,25.5466,77.9106,-15.0297,-0.260536
0,250,54.6684,67.7896,-7.58718,-13.6294
0,250,24.1243,77.765,-11.1245,-0.55575
0,250,24.5079,77.7798,-10.8796,-1.18069
0,250,24.0225,79.0657,-10.3393,-0.42072
0,250,59.4057,76.5515,2.10413,-1.75728
0,250,27.1453,79.4146,-8.31861,-1.2981
0,250,54.0199,64.183,-8.07745,-8.23627
0,250,58.3753,67.004,-4.04176,-6.39777
0,250,57.578,63.4548,-5.1261,-7.37564
0,250,58.7494,79.2952,-2.59423,2.97353
0,250,57.9672,63.2101,-2.82714,-5.32514
0,250,56.1175,69.2373,-8.5092,-13.5536
0,250,64.8088,62.7648,-0.0214654,0.734336
0,250,61.4098,61.6404,-2.16862,-2.99165
0,250,62.2476,64.5059,0.504476,-1.81263
0,250,63.1157,64.2874,-0.720245,-1.36635
0,250,59.0477,73.8733,-4.64461,-10.9358
0,250,60.5876,62.9041,0.0510299,-3.02758
0,250,57.9762,69.127,-5.62829,-8.02979
0,250,61.9207,64.0949,-1.33262,-1.59725
0,250,64.0942,64.8434,-0.880876,0.521776
0,250,58.6316,63.9977,-3.56174,-6.25648
0,250,63.4965,65.6857,-0.83446,-1.4348
0,250,54.6149,61.9983,-7.37415,-5.13676
0,250,59.0952,66.6999,-4.39699,-5.99668
0,250,55.6978,63.1302,-5.70389,-8.15044
0,250,60.6642,64.7675,-2.69027,-5.19943
0,250,58.6699,67.5702,-3.11628,-8.54264
0,250,58.8273,66.2989,-3.49668,-6.42718
0,250,64.5537,65.5142,-0.832333,0.904881
0,250,58.7912,68.6007,-6.93739,-7.21771
0,250,59.2666,68.386,-3.52186,-7.89117
0,250,60.2047,66.2788,-2.39811,-5.62277
0,250,57.0288,69.0391,-10.3702,-10.5375
0,250,62.0295,62.4237,-2.45348,-2.16146
0,250,61.5086,63.7634,-1.07538,-3.41464
0,250,64.6131,66.0067,-0.0604857,-0.704868
0,250,57.468,69.4574,-6.38495,-8.47043
0,250,59.5433,74.6278,-4.06298,-7.26164
0,250,52.3421,61.2217,-9.67519,-5.37064
0,250,59.1453,69.2328,-5.9828,-7.71616
0,250,61.1737,65.443,-3.10213,-3.86306
0,250,55.6317,64.1828,-5.74012,-7.73272
0,250,57.2569,63.057,-2.84673,-7.0977
0,250,56.9105,62.0975,-4.11578,-4.94416
0,250,22.9232,57.9585,-4.2278,-9.71385
0,250,23.8489,57.9371,-4.45531,-9.69298
0,250,23.8204,58.5136,-4.11749,-9.69426
0,250,23.2345,60.1248,-4.34704,-8.98587
0,250,23.2043,60.6942,-3.96011,-9.7957
0,250,22.1142,61.4771,-4.96268,-9.84535
0,250,21.2471,62.477,-5.94429,-9.82948
0,250,20.7649,63.664,-5.16019,-9.65588
0,250,20.7895,64.4114,-4.52847,-9.31368
0,250,20.7465,65.7285,-4.30874,-9.09247
0,250,20.5685,65.0894,-5.35408,-9.09447
0,250,21.1195,64.6859,-5.36083,-9.8022
0,250,21.0152,66.1365,-3.84188,-9.26438
0,250,20.9671,65.245,-5.17445,-11.0674
0,250,21.5524,64.6366,-4.65416,-9.45324
0,250,21.4493,66.111,-4.68543,-9.62113
0,250,21.2081,67.0072,-6.98542,-9.37035
0,250,20.9075,67.4685,-6.71454,-7.32976
0,250,21.0903,68.2629,-5.83738,-8.93898
0,250,20.9351,68.7458,-6.24648,-8.00401
0,250,20.535,68.3739,-7.54285,-7.67509
0,250,20.6639,69.4821,-6.83952,-9.00976
0,250,20.7742,70.239,-6.91855,-7.79785
0,250,20.4232,68.9006,-5.91167,-7.47823
0,250,20.9535,71.2303,-5.64787,-7.49205
0,250,20.311,70.174,-7.01513,-9.96881
0,250,19.8589,71.0864,-7.98448,-6.59749
0,250,19.277,72.5081,-8.00802,-4.14503
0,250,20.5459,71.4512,-8.99281,-4.1894
0,250,20.2788,71.0751,-6.87501,-8.53108
0,250,20.7572,74.1397,-8.03377,-1.59703
0,250,20.4468,72.4635,-8.99833,-3.68148
0,250,20.6958,72.9235,-8.17267,-4.79119
0,250,21.7207,72.8459,-9.44898,-2.76107
0,250,21.4649,73.513,-10.2195,-4.08776
0,250,20.9628,72.5072,-9.36481,-4.62581
0,250,21.4055,72.3753,-9.0108,-4.52128
0,250,21.2348,73.9755,-8.87204,-3.85583
0,250,20.5782,75.8497,-6.73166,-1.89203
0,250,19.9394,74.5824,-7.6138,-3.22386
0,250,19.1061,75.464,-8.01633,-1.00021
0,250,18.5928,74.1953,-7.38994,-5.33375
0,250,19.3071,75.9773,-8.65151,-1.8077
0,250,21.8758,74.9475,-9.2647,-1.97078
0,250,22.9305,76.9285,-7.78458,-2.0583
0,250,23.9191,77.296,-9.96169,-1.16934
0,250,54.1074,66.8857,-9.27202,-12.499
0,250,47.5492,63.9632,-13.4557,-2.17175
0,250,50.2038,62.8474,-13.8053,-3.08962
0,250,57.1324,66.7813,-5.04367,-8.85346
0,250,58.734,62.1781,-2.02797,-3.4997
0,250,56.1494,63.0163,-6.03666,-8.18268
0,250,58.5502,71.3145,-2.92231,-9.13905
0,250,58.2418,67.5777,-4.18851,-7.98428
0,250,42.1241,79.4566,2.96361,1.84911
0,250,58.9024,71.1042,-3.47078,-12.1465
0,250,31.9146,79.3832,-7.55351,0.187657
0,250,57.8845,73.9968,-1.83501,-13.9128
0,250,57.7038,79.572,-6.61078,-2.92162
0,250,52.6097,63.3068,-10.6636,-5.3612
0,250,56.8208,65.3953,-5.06983,-7.71068
0,250,59.0911,62.5931,-2.02056,-3.40897
0,250,56.0437,68.4359,-7.68563,-13.961
0,250,58.2881,64.4024,-3.84936,-5.2618
0,250,63.5291,65.1744,-0.251497,-0.913302
0,250,66.1811,66.9708,-1.73289,-0.234422
0,250,64.0662,65.3031,0.261803,-0.766352
0,250,64.1438,66.186,-0.94877,-1.10487
0,250,58.656,70.482,-4.69731,-11.8841
0,250,65.1686,63.9869,0.00593289,1.01341
0,250,67.1582,69.341,-2.43938,0.181287
0,250,59.3968,67.7002,-4.41557,-7.71106
0,250,66.0263,70.0459,-2.91668,-0.828778
0,250,63.8712,63.8896,0.846261,-1.19952
0,250,66.3703,66.0412,-0.329564,0.928348
0,250,60.7755,64.2169,-2.47295,-3.40734
0,250,65.8602,65.6817,0.429029,0.0264661
0,250,65.3963,65.4126,0.381689,0.844928
0,250,64.0233,65.7568,-1.05682,-0.591801
0,250,60.1443,65.0194,-2.98196,-4.82999
0,250,65.0624,65.1442,-0.229179,0.85402
0,250,65.5201,66.0102,-0.452156,2.14968
0,250,61.2882,67.7037,-3.22057,-5.53034
0,250,58.7961,78.1647,-2.86249,2.15944
0,250,64.072,68.2734,-2.35085,-3.10312
0,250,59.3368,79.2833,-3.74994,2.405
0,250,64.8661,67.8772,-2.45541,-1.40955
0,250,65.1771,66.2998,0.308118,0.535346
0,250,64.7924,67.4275,-2.62338,-2.67034
0,250,69.9375,71.6175,-3.89385,3.02232
0,250,61.713,65.2045,-2.18822,-3.45501
0,250,58.4865,78.0949,-4.69703,3.57721
0,250,58.3896,69.7261,-7.89649,-7.80291
0,250,66.2931,67.7485,-2.76235,0.0977572
0,250,63.6143,64.7262,0.0107769,-0.364384
0,250,58.5356,76.5909,4.33996,-5.42265
0,250,56.6634,69.4239,-5.64897,-11.9893
0,250,59.4933,65.2658,-3.31953,-4.13943
0,250,58.3806,68.869,-5.89017,-8.76793
0,250,58.9912,68.0628,-3.86814,-8.56116
0,250,24.1099,57.052,-4.22079,-9.38304
0,250,24.2268,57.9049,-3.86813,-9.6955
0,250,24.5285,58.2278,-2.93143,-10.0671
0,250,24.4379,59.0463,-2.96233,-9.49234
0,250,22.9036,61.0016,-4.83902,-9.75059
0,250,22.4552,60.7625,-4.68577,-11.1816
0,250,21.5994,62.2535,-5.42091,-10.035
0,250,21.206,64.1261,-4.79806,-10.0168
0,250,21.473,62.9187,-4.90304,-10.3404
0,250,21.2199,63.6117,-5.47752,-9.86312
0,250,21.735,63.3233,-4.74369,-8.9827
0,250,22.093,63.6549,-5.10452,-10.0202
0,250,21.6184,63.8501,-4.869,-10.0222
0,250,21.9034,64.3158,-4.84019,-9.68198
0,250,21.2541,65.5738,-5.51245,-9.4552
0,250,21.4422,66.6044,-5.55873,-9.91613
0,250,21.6289,67.2572,-5.0558,-8.69695
0,250,21.2414,67.7583,-5.69326,-8.90567
0,250,21.472,68.6224,-5.94904,-7.69014
0,250,21.0223,69.149,-8.1879,-8.6245
0,250,21.5823,68.0719,-6.01937,-7.95671
0,250,21.9923,68.4628,-6.58437,-8.33194
0,250,21.0554,69.8642,-6.8863,-8.0156
0,250,21.3452,69.4575,-7.236,-7.70834
0,250,21.0317,70.7399,-8.8852,-5.69978
0,250,20.5526,70.7041,-7.12357,-7.16517
0,250,19.996,71.6298,-6.95115,-7.38505
0,250,20.5856,71.935,-9.9984,-5.62318
0,250,21.2109,71.5682,-7.78957,-5.96961
0,250,22.0868,70.9928,-8.80714,-6.92107
0,250,21.0156,71.9964,-7.91775,-5.78884
0,250,21.703,71.3089,-7.01737,-4.67068
0,250,22.5297,72.4959,-9.4321,-6.59882
0,250,22.2544,75.2606,-9.38628,-2.04205
0,250,22.4022,74.6911,-8.74511,-3.07645
0,250,23.2689,76.2491,-9.77622,-1.94185
0,250,21.9351,73.8021,-8.58558,-3.06239
0,250,21.2669,72.9774,-10.1162,-4.59971
0,250,21.6207,74.1882,-9.49694,-4.81054
0,250,19.8171,75.8446,-7.75671,-3.12537
0,250,20.2766,75.456,-8.38065,-2.66789
0,250,23.3988,76.8181,-10.7926,-0.978306
0,250,21.7924,76.1133,-9.38505,-2.06513
0,250,24.4874,78.4809,-11.441,0.184638
0,250,24.4651,77.1733,-11.3737,-0.342825
0,250,56.1801,70.5712,-5.45144,-11.1116
0,250,58.2757,62.2136,-3.80436,-4.64143
0,250,60.0351,63.0252,-2.84378,-3.00733
0,250,50.327,60.5372,-10.9536,-3.58853
0,250,58.1049,61.7318,-3.48575,-2.7949
0,250,57.8745,62.7499,-4.61466,-6.57392
0,250,51.2979,60.5489,-11.7267,-4.15395
0,250,56.2306,64.1477,-6.46698,-9.46744
0,250,58.1178,78.5938,1.25472,3.84983
0,250,51.9401,61.7364,-10.6656,-4.44541
0,250,58.4652,73.2913,-4.75456,-8.27125
0,250,59.1639,78.2721,-3.34276,0.247669
0,250,56.8329,70.6713,-7.00402,-11.6481
0,250,58.4624,73.9716,-7.11979,-12.5084
0,250,56.8883,64.447,-5.42846,-8.17589
0,250,58.9062,63.3462,-3.41337,-4.93804
0,250,58.3197,70.6642,-5.56946,-11.0826
0,250,59.1813,61.1077,-3.70256,-3.60683
0,250,63.5538,66.2403,-1.16831,-1.4912
0,250,58.6108,69.2858,-6.33445,-8.80254
0,250,59.4791,66.0218,-3.72624,-5.44393
0,250,59.0036,76.8071,-1.36872,-4.02982
0,250,63.041,65.3441,-1.58071,-1.32182
0,250,58.3584,66.6063,-5.95307,-7.29199
0,250,62.5321,67.449,-2.48113,-3.93182
0,250,68.4045,69.7458,-1.284,2.16254
0,250,58.8852,72.9799,-3.28633,-7.05173
0,250,55.7795,67.959,-9.08724,-14.887
0,250,64.2256,64.3845,-0.150316,-0.217197
0,250,63.7653,66.6659,-1.54327,-2.23859
0,250,65.3592,66.908,-1.19359,-1.59001
0,250,59.3379,67.3091,-4.45085,-6.57505
0,250,62.3909,65.2176,-1.21123,-2.05512
0,250,65.0064,68.3863,-1.68663,-1.66216
0,250,68.5606,74.3531,-4.5171,0.632966
0,250,66.0087,67.2736,-1.78069,1.43892
0,250,68.1548,69.2856,-1.98978,2.19111
0,250,67.8707,69.6987,-1.27217,0.872626
0,250,70.4855,74.5342,-4.6299,2.28567
0,250,61.1174,65.9652,-2.96977,-3.15907
0,250,65.1143,70.2995,-4.33841,-1.53952
0,250,59.7196,67.1055,-4.94799,-5.69782
0,250,60.8238,67.3829,-2.90935,-5.90802
0,250,73.0483,77.5683,-3.96757,0.449368
0,250,65.1589,69.31,-2.40911,-1.26934
0,250,70.2189,73.1654,-3.86591,1.51906
0,250,61.9335,64.8361,-1.60862,-2.95922
0,250,65.0461,65.8008,-0.7722,2.06969
0,250,67.5776,70.3723,-3.08378,1.85779
0,250,59.1467,74.8289,0.582918,-9.12018
0,250,60.0367,67.5164,-4.66166,-6.22023
0,250,61.6334,64.4195,-2.5962,-3.23158
0,250,59.445,66.4439,-3.29791,-5.82274
0,250,58.022,66.1821,-6.21017,-7.77897
0,250,56.1635,63.66,-6.89774,-9.24012
0,250,23.7633,57.1351,-4.45275,-9.23119
0,250,25.4326,57.9959,-2.89075,-10.1511
0,250,25.042,58.4121,-3.27788,-10.8313
0,250,24.3697,58.5948,-3.26242,-9.97505
0,250,23.8092,59.751,-3.49958,-9.3145
0,250,23.7407,60.5877,-4.19901,-9.58944
0,250,22.556,61.2853,-5.34774,-10.5059
0,250,21.9817,61.9424,-5.71405,-9.87933
0,250,22.1332,63.0435,-5.76418,-9.41388
0,250,23.0555,63.1316,-5.63814,-11.0271
0,250,21.9793,62.6078,-5.82417,-9.74401
0,250,22.3729,64.0775,-6.43913,-10.1599
0,250,21.6888,65.0736,-6.2407,-9.61001
0,250,21.7289,65.5628,-5.70269,-9.9169
0,250,21.9567,65.9812,-4.57921,-9.30976
0,250,22.3642,65.7455,-5.64917,-9.9247
0,250,21.9688,66.5066,-6.09604,-9.31396
0,250,22.3569,66.3689,-6.13655,-10.3806
0,250,22.3814,67.1613,-6.12958,-9.74921
0,250,21.8127,67.6141,-5.79018,-9.54122
0,250,22.8229,66.171,-6.18225,-10.6097
0,250,22.176,68.0285,-7.16011,-8.96106
0,250,22.3409,68.7661,-8.94266,-9.38344
0,250,21.7727,68.9046,-6.62225,-7.16352
0,250,22.2856,69.263,-6.60043,-9.85308
0,250,21.3023,70.2355,-7.22202,-6.20944
0,250,21.657,69.9841,-10.4994,-9.83487
0,250,21.5953,71.851,-8.66661,-5.95804
0,250,22.517,70.9494,-7.14789,-7.51896
0,250,21.8894,73.2836,-9.30675,-4.27882
0,250,21.8547,72.3058,-8.68821,-4.54724
0,250,22.1884,72.7986,-8.41487,-3.29538
0,250,22.3322,73.5514,-9.06476,-3.99096
0,250,22.0073,74.4245,-10.4955,-2.41028
0,250,22.9969,75.6776,-10.4506,-2.25867
0,250,25.2854,77.5533,-12.5912,0.580015
0,250,23.3042,74.7019,-10.7771,-3.3296
0,250,23.414,75.5924,-11.237,-2.15533
0,250,22.6544,75.2677,-9.64348,-3.61968
0,250,22.2,75.834,-7.58924,-1.90568
0,250,21.8035,75.4922,-8.91978,-2.61375
0,250,23.7201,76.6302,-10.0093,-1.71159
0,250,25.2301,78.2502,-12.2386,-0.231107
0,250,30.4979,79.2163,-10.1628,1.44457
0,250,26.2536,78.9127,-9.70088,-0.00714308
0,250,57.1395,65.7994,-5.61675,-8.26145
0,250,57.9528,64.1287,-5.14452,-5.38237
0,250,53.4558,59.7516,-9.36015,-2.1066
0,250,57.338,64.7031,-6.51074,-8.45148
0,250,56.6418,64.7357,-5.72352,-9.52383
0,250,59.7461,64.2433,-3.22963,-4.10729
0,250,58.0169,61.1756,-3.07242,-3.45368
0,250,54.8882,61.6293,-7.56055,-5.6642
0,250,53.5877,61.1643,-7.82587,-6.84235
0,250,58.3426,62.7179,-2.20676,-4.53398
0,250,55.0303,61.2539,-7.53713,-6.56149
0,250,56.034,61.7228,-7.52949,-7.23562
0,250,61.9894,62.9195,-0.847878,-0.325472
0,250,65.1604,64.4886,-0.0917117,0.324802
0,250,63.235,63.3753,-0.755656,-0.782687
0,250,57.7536,70.2249,-8.54173,-11.2886
0,250,63.5922,62.448,-1.37966,-0.275016
0,250,59.6714,76.2924,-2.65112,-5.84927
0,250,56.6023,68.4696,-6.86148,-9.67066
0,250,70.2418,69.9305,-1.26346,2.95653
0,250,65.8451,67.8389,-1.95552,-0.239711
0,250,58.9314,74.2732,-2.82897,-7.32745
0,250,64.2662,66.6609,-1.11331,-0.768358
0,250,64.8233,67.0406,-1.57597,-0.684388
0,250,64.283,67.1546,-1.80459,-1.0515
0,250,68.1171,73.967,-3.39345,-0.294909
0,250,71.4886,71.6548,-1.86705,3.37335
0,250,59.6931,78.1128,1.80894,-1.55427
0,250,67.0734,70.5999,-2.24292,0.765878
0,250,59.9456,65.9493,-4.11687,-4.99764
0,250,70.8971,68.5927,-0.793672,2.98175
0,250,69.4856,71.9365,-3.06387,1.92044
0,250,59.7645,68.3812,-5.91948,-8.13148
0,250,64.4082,67.9822,-2.11381,-2.54848
0,250,68.2997,73.4991,-4.53444,1.6427
0,250,68.4255,73.0918,-3.62944,1.75969
0,250,59.3933,75.215,-4.08094,-7.14442
0,250,61.4612,66.2572,-2.93017,-4.92659
0,250,64.7078,69.4558,-3.39972,-1.68526
0,250,70.1244,77.3694,-6.15226,2.18177
0,250,61.095,66.9815,-4.13011,-4.27752
0,250,70.9403,75.6661,-6.42739,1.85079
0,250,57.2084,70.1917,-9.08634,-8.23756
0,250,62.0573,66.6807,-2.18651,-4.32657
0,250,68.7979,71.3785,-3.30296,1.62146
0,250,59.7863,71.1158,-4.72665,-7.8896
0,250,63.1306,66.4645,-1.24392,-1.58747
0,250,62.0939,65.571,-2.75334,-3.00938
0,250,68.4073,72.0877,-2.77851,0.804693
0,250,63.1707,66.9461,-2.33713,-2.69117
0,250,66.3831,69.7591,-2.46819,-1.26694
0,250,65.7988,69.5973,-2.15144,-0.251969
0,250,68.2388,68.1725,-1.39495,2.15737
0,250,61.6991,65.7739,-2.45203,-3.571
0,250,61.0128,66.517,-3.3982,-5.01457
0,250,25.4846,56.9787,-3.33273,-9.10918
0,250,25.098,57.6982,-3.49645,-9.79033
0,250,25.9539,57.2669,-3.07193,-9.99353
0,250,24.176,59.7625,-3.46977,-9.65349
0,250,24.405,60.5928,-4.27212,-10.3262
0,250,23.5466,61.1659,-4.13761,-9.63569
0,250,22.4407,62.2663,-5.74005,-9.65397
0,250,23.6311,61.4377,-3.95044,-10.0721
0,250,22.9157,62.2713,-5.18933,-10.5531
0,250,22.7438,63.7437,-5.05699,-12.4269
0,250,22.5655,63.3343,-5.01584,-10.6117
0,250,22.2192,64.5722,-5.12831,-9.23491
0,250,22.1574,65.1532,-6.05051,-9.39028
0,250,23.2629,64.3483,-3.61849,-9.65668
0,250,23.2935,62.7499,-6.00198,-10.7004
0,250,22.639,65.4498,-6.85188,-10.3992
0,250,22.0225,67.0218,-7.03278,-9.95232
0,250,22.9896,64.7952,-5.23598,-9.92667
0,250,22.7245,66.751,-7.52255,-8.91487
0,250,23.0289,69.3212,-8.98212,-8.35352
0,250,22.6838,68.235,-5.68312,-9.23209
0,250,21.7465,69.4143,-7.38428,-8.87363
0,250,22.6653,69.6939,-9.35001,-7.70856
0,250,22.0574,71.6526,-9.72251,-6.70451
0,250,22.1034,70.1916,-9.28294,-8.23598
0,250,21.8078,70.6056,-9.27256,-6.60308
0,250,22.5866,73.1304,-9.89003,-5.0302
0,250,22.3581,74.1125,-9.54764,-5.30096
0,250,23.1081,75.0944,-10.888,-2.24696
0,250,23.8054,73.4818,-11.3662,-4.34979
0,250,22.8204,74.111,-9.93507,-5.24527
0,250,23.7457,72.6832,-10.7342,-4.42008
0,250,22.8254,74.6176,-10.9969,-3.19332
0,250,23.3166,74.0689,-9.79597,-3.52606
0,250,27.7833,79.7069,-9.94002,6.30105
0,250,26.325,78.2978,-11.6498,-2.6911
0,250,23.6479,75.1931,-12.0283,-2.79626
0,250,24.4634,75.8326,-11.4319,-4.10272
0,250,22.8905,76.3467,-9.86648,-1.24698
0,250,22.5903,75.8591,-7.74876,-2.26787
0,250,24.8142,76.7662,-12.5041,-1.19188
0,250,25.9312,78.3095,-12.1177,0.452959
0,250,45.9447,64.7042,-14.2836,-1.57101
0,250,53.4305,63.8755,-10.3154,-7.16102
0,250,56.4012,61.9857,-5.59963,-6.81684
0,250,58.4691,68.0331,-6.29554,-8.33196
0,250,60.2864,60.3665,-3.39076,-2.33046
0,250,57.502,64.245,-4.98639,-7.41021
0,250,58.1962,60.4123,-3.46989,-3.28544
0,250,62.8081,63.8245,-0.61184,-1.08036
0,250,58.809,64.495,-4.11632,-5.66793
0,250,64.4472,64.0039,0.687034,-0.25845
0,250,59.2963,64.3936,-3.6659,-4.92509
0,250,55.0369,67.9934,-6.65672,-12.726
0,250,58.6743,60.7905,-3.72719,-3.88
0,250,65.8838,64.0447,0.440504,1.77719
0,250,66.303,65.5012,-0.715248,0.893933
0,250,58.7778,59.2063,-4.36629,-2.99499
0,250,64.1863,62.8241,-1.01424,0.464038
0,250,64.6267,64.972,-0.140843,0.418967
0,250,69.3635,69.3755,-1.75182,2.91331
0,250,70.4602,70.4354,-1.12807,3.83467
0,250,67.4818,69.9211,-2.4181,0.408467
0,250,68.2436,70.6272,-1.72444,1.9119
0,250,62.7042,65.6561,-1.0999,-1.75588
0,250,70.1314,72.1744,-2.6128,3.23222
0,250,66.7683,69.02,-1.80472,0.894772
0,250,68.6856,73.9032,-5.63241,1.33373
0,250,66.1003,70.5754,-3.54668,0.135941
0,250,71.4757,70.9066,-2.27579,3.1459
0,250,59.3265,69.7325,-4.41418,-9.83577
0,250,67.3656,72.0394,-2.61059,1.25879
0,250,65.6522,70.7141,-3.31223,-0.938332
0,250,62.0612,67.577,-3.82232,-3.24393
0,250,61.5397,66.8199,-3.43122,-4.77151
0,250,69.3317,74.4566,-4.96696,1.29713
0,250,68.3301,75.1638,-5.9219,-0.59423
0,250,72.1988,76.0922,-5.18213,4.01965
0,250,70.1451,74.8589,-6.05913,1.86953
0,250,70.0443,76.0304,-5.99359,1.11716
0,250,67.8624,72.1667,-2.30223,0.612656
0,250,72.0946,77.4767,-5.50143,1.18041
0,250,71.8378,75.2986,-5.08592,4.59806
0,250,66.8729,72.0046,-3.5351,0.553024
0,250,71.8541,72.5473,-3.67634,3.61606
0,250,67.2863,73.0816,-4.11105,0.265451
0,250,66.2664,72.7373,-5.3656,0.468202
0,250,60.6247,65.6252,-2.01846,-5.08076
0,250,73.3005,76.4756,-3.54973,2.00443
0,250,60.6592,66.1566,-3.29572,-5.13353
0,250,62.0189,67.1383,-3.15712,-4.75626
0,250,59.7729,67.8906,-4.23368,-8.24774
0,250,69.7228,75.5743,-5.78812,0.949329
0,250,59.8509,72.2674,-5.97007,-6.19746
0,250,68.3264,71.6024,-1.60365,1.27254
0,250,67.9015,73.0554,-3.5839,0.407428
0,250,67.822,71.7151,-1.62997,1.12232
0,250,60.1999,69.5182,-5.19649,-5.89935
0,250,67.2324,71.0542,-1.61094,-0.158307
0,250,64.1526,67.5762,-2.39631,-3.6966
0,250,24.3648,57.452,-4.11571,-9.61002
0,250,26.5471,56.5976,-2.55629,-9.78316
0,250,25.0928,57.2955,-3.78715,-9.42206
0,250,25.7246,58.2188,-2.75571,-10.7063
0,250,24.8544,58.9399,-3.31143,-10.2157
0,250,23.9209,60.274,-4.78873,-9.63042
0,250,22.5402,61.8053,-5.84732,-9.3611
0,250,23.1,61.6616,-5.2139,-10.6819
0,250,25.1878,59.8925,-3.72354,-10.6052
0,250,24.1795,61.5669,-4.30417,-9.9073
0,250,22.6118,62.7822,-6.175,-10.4939
0,250,22.8819,64.2401,-5.27119,-9.6393
0,250,22.5341,64.9177,-4.9861,-10.9221
0,250,23.2874,61.955,-5.4562,-10.8407
0,250,23.4713,63.8173,-4.9938,-11.1042
0,250,23.2425,65.2364,-5.04915,-9.62827
0,250,22.9919,65.7839,-5.31923,-10.5983
0,250,22.4805,67.7141,-7.27955,-8.65906
0,250,22.9392,68.5013,-6.14545,-9.05563
0,250,22.9365,70.5834,-8.2439,-7.74617
0,250,22.4115,70.4385,-10.8783,-7.75735
0,250,22.1645,69.702,-6.63008,-8.56098
0,250,22.8638,70.0555,-9.19869,-6.81133
0,250,22.3093,72.0951,-10.09,-4.13892
0,250,22.9235,71.5594,-11.027,-6.009
0,250,22.8566,72.0158,-8.03476,-5.89402
0,250,22.8315,73.657,-9.50635,-3.20946
0,250,24.0707,72.0724,-11.0864,-4.26775
0,250,23.4721,72.982,-9.8979,-2.78747
0,250,26.0134,77.7374,-14.3908,-0.928764
0,250,23.6306,74.3784,-11.7982,-1.61584
0,250,23.9984,75.7303,-12.6112,-2.8816
0,250,51.7333,67.9966,-4.58806,-4.42597
0,250,24.1034,76.2906,-12.736,-0.548891
0,250,43.4572,64.1754,-16.4841,2.56795
0,250,32.8409,79.4221,-8.91546,-1.70967
0,250,58.0702,71.0903,-3.39258,-11.8224
0,250,24.5334,76.4146,-13.4054,-2.38317
0,250,24.8587,77.4192,-13.6915,-2.11752
0,250,23.659,76.0462,-11.6436,-0.700202
0,250,52.2502,66.5636,-7.46041,-6.76737
0,250,28.5307,79.0619,-7.99594,-0.665947
0,250,44.5937,64.6227,-14.6729,0.266805
0,250,57.48,68.9208,-9.12456,-10.719
0,250,56.5669,62.9096,-4.57286,-6.94155
0,250,64.7885,63.7221,-0.203224,-1.10516
0,250,58.9557,65.2188,-4.27605,-5.63181
0,250,61.1788,64.5788,-1.58158,-3.76367
0,250,63.0265,62.9653,-0.12536,-0.765044
0,250,62.5718,62.9446,-1.58496,-2.73555
0,250,57.2814,63.8978,-4.97157,-7.6458
0,250,64.1776,63.5259,0.528127,-0.369216
0,250,59.484,58.7757,-4.59688,-2.26184
0,250,66.7776,67.0334,-1.59102,0.579657
0,250,66.0288,66.3533,-0.928317,1.07167
0,250,69.0604,68.9664,-1.00121,2.44549
0,250,65.6386,64.4526,0.140724,1.51581
0,250,65.5057,67.2812,-2.45077,-1.85647
0,250,69.0092,67.1696,-0.967613,3.59023
0,250,68.9348,70.5208,-2.08566,2.73806
0,250,70.516,69.5164,-0.687101,3.6518
0,250,69.2597,71.0206,-2.61131,3.09284
0,250,69.4322,65.7599,-0.270856,2.20664
0,250,71.415,72.198,-2.20377,2.08398
0,250,63.1081,65.9718,-1.69188,-2.23494
0,250,65.2422,69.7998,-2.03783,-1.57384
0,250,66.9435,69.711,-2.03628,0.0151786
0,250,69.4875,73.2051,-4.28117,1.32841
0,250,67.6892,71.2687,-2.77419,0.0674987
0,250,73.412,77.2577,-3.54228,2.04445
0,250,59.0859,70.3037,-5.65776,-11.3198
0,250,60.5518,67.7358,-4.42572,-7.11158
0,250,67.6197,74.8071,-4.86673,-0.827025
0,250,59.6554,74.2463,-3.70123,-9.38638
0,250,69.3986,75.155,-5.79369,0.687414
0,250,57.4962,70.5721,-5.71773,-10.6505
0,250,71.7834,74.0843,-4.10684,2.3718
0,250,59.3326,68.881,-5.02709,-7.52601
0,250,71.1062,74.0355,-5.05811,2.03764
0,250,70.6859,76.0622,-7.65994,0.347018
0,250,68.6016,77.1881,-8.25232,0.801543
0,250,67.3017,77.8083,-7.42248,0.873966
0,250,64.0301,68.7382,-3.00718,-1.70652
0,250,67.8332,77.8324,-8.79019,-0.926215
0,250,69.4583,75.9242,-6.15235,0.867464
0,250,59.7252,69.4727,-4.60284,-6.99309
0,250,66.0057,71.7198,-3.91667,-0.101994
0,250,70.6349,75.2216,-8.15311,0.952844
0,250,72.7374,72.6933,-3.09098,4.18036
0,250,70.5154,77.7463,-7.73815,2.38899
0,250,70.9823,74.4008,-5.62606,2.40619
0,250,66.7693,73.1675,-3.65372,-1.48361
0,250,65.5327,71.7533,-3.6989,-0.527023
0,250,68.8789,75.0744,-5.96399,-0.0710651
0,250,73.5403,77.857,-4.66965,1.50381
0,250,69.7199,77.1306,-8.1668,1.41311
0,250,57.9096,69.5358,-6.35492,-8.34089
0,250,61.4663,67.354,-3.49531,-4.33116
0,250,59.3335,72.3673,-4.52352,-8.24699
0,250,66.7766,71.3026,-3.99405,-1.23917
0,250,24.695,57.1998,-4.40274,-9.44121
0,250,26.5773,57.0057,-2.76439,-9.78611
0,250,25.8902,57.6674,-3.04099,-10.216
0,250,26.5568,58.6686,-2.04065,-10.175
0,250,25.8295,58.7249,-2.72072,-10.4684
0,250,24.1859,60.9355,-3.69749,-10.0895
0,250,24.7038,61.3786,-4.10291,-9.69956
0,250,23.5546,62.4042,-4.88908,-10.4416
0,250,23.7702,62.9612,-5.42871,-10.1438
0,250,24.1152,61.9125,-4.99188,-10.1966
0,250,23.6131,64.6082,-6.38383,-10.4051
0,250,23.33,63.4676,-4.77023,-10.5534
0,250,23.3191,66.1307,-6.71153,-9.14513
0,250,22.902,67.3099,-7.51591,-11.1129
0,250,22.9571,67.7676,-7.8051,-9.50051
0,250,22.7428,69.0198,-8.07108,-7.26267
0,250,22.4815,71.5217,-9.82121,-5.95703
0,250,23.2667,69.8553,-7.88988,-7.17976
0,250,22.9631,72.6801,-8.51533,-5.28146
0,250,23.2103,72.3225,-10.575,-6.05049
0,250,23.0089,71.0647,-9.35512,-6.10205
0,250,23.0466,73.2024,-11.7243,-4.71986
0,250,24.8819,71.9994,-14.036,-6.82272
0,250,24.4749,72.1847,-11.6887,-3.26357
0,250,24.1203,71.5801,-13.765,-5.19751
0,250,23.4171,73.648,-11.3271,-4.65682
0,250,24.8912,76.1271,-12.6935,-1.278
0,250,27.9823,79.0947,-11.5938,0.713432
0,250,48.521,79.5867,11.2518,3.0808
0,250,26.3433,77.6597,-14.5562,-0.66786
0,250,30.989,79.1606,-8.46034,-0.0291956
0,250,49.6616,63.5892,-11.6329,-3.43888
0,250,53.2859,65.8257,-8.38758,-9.05907
0,250,53.3177,61.5443,-9.2865,-5.97148
0,250,55.9238,64.9921,-5.80401,-8.73609
0,250,58.6836,71.7499,-0.395178,-10.913
0,250,47.5527,62.4133,-12.3265,-1.66695
0,250,29.3189,79.337,-11.4099,2.31227
0,250,27.0357,78.8112,-9.18085,1.00089
0,250,55.4668,66.3655,-6.51052,-12.6509
0,250,48.6359,64.0122,-12.4884,-2.69145
0,250,57.9015,74.7035,-3.05039,-9.20643
0,250,58.7636,62.8047,-3.59607,-4.86275
0,250,59.8945,65.5011,-4.38165,-4.9204
0,250,35.7633,70.3914,-15.0291,11.9144
0,250,68.4778,67.3332,0.290594,2.27606
0,250,51.0814,77.5029,13.4867,2.35268
0,250,66.6292,67.4131,-1.21927,1.41693
0,250,66.7728,65.7018,-0.0656714,2.57574
0,250,56.0883,59.7607,-5.84556,-3.55068
0,250,66.4797,68.5918,-2.36481,0.84848
0,250,67.0847,66.7189,-0.557249,-0.342176
0,250,65.6689,68.6615,-2.32242,-0.75455
0,250,64.7444,66.548,-1.42163,-0.0128954
0,250,70.6703,70.9492,-1.73197,4.02102
0,250,68.719,70.9091,-2.04114,2.57998
0,250,66.3877,69.342,-3.56157,0.243598
0,250,68.0931,70.2181,-1.69897,1.30637
0,250,69.2684,72.7064,-3.59148,1.81224
0,250,70.9968,70.6686,-1.65968,3.44273
0,250,59.8891,66.6885,-3.70137,-5.33886
0,250,62.0011,66.208,-2.74245,-2.94405
0,250,35.3722,69.7042,-14.7429,11.6958
0,250,67.91,74.3998,-6.01645,1.2372
0,250,62.4647,66.0911,-2.32422,-2.37541
0,250,70.3344,72.671,-2.54295,2.4528
0,250,69.1144,72.2668,-3.18851,2.88833
0,250,73.4613,76.099,-3.22813,2.46549
0,250,63.0854,67.8237,-2.78274,-4.04034
0,250,71.2416,66.4969,1.04064,1.85783
0,250,60.4801,66.7444,-3.10449,-6.26611
0,250,70.4015,75.6685,-6.54482,2.7082
0,250,67.0395,73.9454,-4.30771,-0.149219
0,250,72.776,72.0976,-2.38588,1.67473
0,250,72.2861,76.6449,-6.18607,3.72116
0,250,72.789,77.1776,-6.43471,0.755201
0,250,68.2979,77.7894,-8.00601,0.280113
0,250,70.057,78.5703,-7.42948,1.80258
0,250,74.4917,76.5567,-1.05143,2.12558
0,250,68.7702,75.9697,-5.95746,-0.0945781
0,250,72.6707,76.4131,-5.12913,3.89082
0,250,65.9092,76.4167,-5.86959,-1.69641
0,250,71.3677,79.0646,-7.13462,-1.24039
0,250,74.1173,76.1737,-4.47399,2.84967
0,250,68.1891,75.8668,-6.69061,-0.00203687
0,250,66.9814,77.4538,-7.11034,0.11994
0,250,67.5933,77.3133,-7.37603,1.03757
0,250,71.7949,68.4219,-0.782518,4.00119
0,250,71.1079,76.3208,-7.32276,1.80827
0,250,66.5863,75.6416,-5.78102,-1.66218
0,250,69.1242,77.9996,-5.16993,2.03604
0,250,66.8139,75.2436,-8.14615,-0.322073
0,250,62.6318,67.935,-2.93512,-5.67592
0,250,71.6444,77.6956,-5.04242,0.728623
0,250,70.4115,65.2489,1.39814,1.99895
0,250,59.5042,71.5062,-3.59734,-6.57547
0,250,76.8492,78.4985,-1.96543,-0.204988
0,250,64.4642,70.3124,-4.74763,-2.83641
0,250,64.662,68.9676,-2.49815,-2.50699
0,250,66.4922,71.6821,-3.99183,-0.170727
0,250,26.4241,56.3576,-2.77557,-9.55167
0,250,28.1079,56.8762,-1.4239,-9.01363
0,250,26.9958,57.1421,-2.18993,-10.2218
0,250,26.2672,58.4624,-2.39391,-10.4954
0,250,24.7968,59.7652,-3.76685,-10.3294
0,250,24.8305,60.2586,-3.80542,-10.8087
0,250,24.9008,60.7044,-3.53748,-10.434
0,250,24.7093,62.0295,-4.24403,-9.01973
0,250,23.8869,63.7685,-5.57881,-10.5651
0,250,23.9743,64.8232,-5.19377,-10.3107
0,250,23.5326,65.2992,-6.90729,-8.75483
0,250,23.099,66.7998,-7.60827,-9.62365
0,250,23.5298,67.1991,-6.06075,-11.0416
0,250,23.324,68.1855,-8.61034,-11.545
0,250,23.7914,68.669,-6.59444,-9.92941
0,250,23.719,70.0266,-8.91742,-7.99891
0,250,23.3804,71.6895,-11.445,-5.42058
0,250,23.6451,72.1494,-11.9937,-5.11387
0,250,24.384,69.3316,-9.51388,-9.81005
0,250,23.7084,71.4151,-12.9777,-8.09264
0,250,24.0355,73.1072,-11.7412,-4.33977
0,250,27.4841,78.6901,-11.4874,1.34676
0,250,24.7804,75.5299,-12.7933,-2.42837
0,250,23.9407,74.0163,-13.4129,-3.56388
0,250,24.491,73.3654,-12.3253,-4.59648
0,250,25.2137,76.9543,-14.4683,-1.87515
0,250,52.4119,67.6753,-4.03201,-5.81442
0,250,54.0207,63.8415,-9.49236,-10.173
0,250,57.8453,66.9966,-3.18361,-8.84825
0,250,55.4544,64.5276,-6.27497,-11.6173
0,250,54.2267,61.6171,-8.1396,-5.25222
0,250,49.1469,63.3687,-13.5026,-3.12965
0,250,53.0117,61.1647,-9.25612,-5.34672
0,250,50.1125,60.9419,-11.8047,-3.48251
0,250,52.0218,60.6454,-11.4047,-5.5334
0,250,58.4905,63.4811,-4.17037,-5.44274
0,250,57.3508,67.6147,-4.86539,-9.28185
0,250,33.9906,79.5388,-5.66258,-2.41053
0,250,57.2551,62.3119,-4.38705,-6.91691
0,250,55.6866,63.5404,-7.37519,-8.80799
0,250,59.8795,64.7406,-2.33988,-4.64549
0,250,57.828,64.7707,-4.31908,-8.30521
0,250,59.7575,59.1907,-3.88247,-2.16961
0,250,63.5971,62.0078,0.828132,-0.151351
0,250,67.5582,67.9639,-0.185229,2.43519
0,250,67.0884,67.5936,-1.61197,0.260853
0,250,67.0134,68.0628,-1.07319,1.68324
0,250,66.023,68.3366,-1.41393,0.50962
0,250,68.4199,68.8825,-0.976164,2.02647
0,250,69.28,70.1426,-1.86035,3.02334
0,250,66.5818,68.1234,-3.49824,1.00437
0,250,65.3314,67.6855,-1.96698,-1.39322
0,250,70.6999,69.1649,-0.807087,3.76146
0,250,71.282,73.1566,-4.12104,2.37633
0,250,70.7567,70.1284,-1.24279,3.99664
0,250,66.4836,70.3237,-2.80296,-0.334444
0,250,70.889,71.5802,-4.15321,2.79471
0,250,62.5848,66.9595,-2.93122,-3.18486
0,250,67.2015,72.5476,-3.9779,1.51844
0,250,67.834,75.2245,-5.01186,0.122728
0,250,71.2977,70.2643,-2.1345,4.15568
0,250,71.9194,71.0068,-2.09289,4.09023
0,250,66.2225,71.1283,-1.69121,0.321784
0,250,68.9481,73.5132,-3.32867,0.573589
0,250,68.1894,71.1439,-2.01429,1.5321
0,250,71.1648,77.1967,-7.16284,0.105241
0,250,67.083,74.8069,-5.77807,-0.696943
0,250,66.7976,72.6729,-4.07859,1.03801
0,250,67.2697,73.5124,-4.08828,-1.03651
0,250,72.462,70.0197,-1.16718,4.59549
0,250,71.3004,78.3989,-4.85582,0.574968
0,250,69.1423,64.4888,-0.619794,3.97826
0,250,72.9016,75.3104,-5.35817,4.321
0,250,73.2168,75.6574,-3.56758,4.00869
0,250,73.4123,74.0158,-2.06572,4.57511
0,250,71.1824,68.214,-0.376246,4.09082
0,250,66.1403,61.1025,1.56406,1.39129
0,250,77.3999,77.8428,-1.20276,1.48229
0,250,69.9504,64.609,2.17629,3.85907
0,250,77.779,76.7249,-2.12498,3.23648
0,250,70.5991,78.8914,-5.03669,0.940621
0,250,74.2075,78.4779,-3.88007,1.78539
0,250,74.2638,76.9358,-5.75348,2.36745
0,250,77.8511,77.7522,-0.834792,2.02771
0,250,59.1053,73.3093,-5.37123,-5.71388
0,250,45.8757,59.7902,-14.107,0.373985
0,250,67.605,76.5496,-8.39194,-1.43144
0,250,63.5541,68.7169,-3.55528,-3.29702
0,250,67.2551,77.0159,-7.0618,-0.355187
0,250,69.4099,77.5589,-7.37452,0.244031
0,250,64.2312,69.6269,-3.8279,-2.06789
0,250,63.6042,67.5522,-3.1501,-4.69592
0,250,59.5102,73.1762,-4.29205,-6.30852
0,250,70.5979,78.3007,-7.25028,-0.175172
0,250,74.1844,78.0596,-3.33574,1.21465
0,250,64.1058,69.1891,-3.32962,-2.27989
0,250,68.5875,76.3686,-7.63846,-0.616013
0,250,68.1081,77.329,-7.08998,-0.650807
0,250,65.1856,70.8473,-4.39735,-0.93267
0,250,68.2135,74.7321,-6.18576,-0.729094
0,250,27.9622,57.5042,-1.2539,-8.79375
0,250,29.1209,58.7256,-0.904884,-7.78244
0,250,28.3306,57.6175,-0.797656,-8.95012
0,250,26.9083,57.8298,-2.60552,-10.3567
0,250,25.1176,59.2989,-3.54884,-10.2658
0,250,24.9789,61.8195,-4.17184,-9.56441
0,250,24.2105,62.372,-5.39512,-10.173
0,250,24.1264,64.3151,-5.66966,-11.44
0,250,23.7287,65.9165,-4.73794,-11.0691
0,250,23.4463,67.6334,-9.02736,-11.7724
0,250,23.8565,66.8157,-5.36664,-11.3181
0,250,23.7292,68.134,-7.27132,-10.4222
0,250,23.318,68.8621,-8.821,-8.17297
0,250,23.3709,70.4364,-9.3243,-8.00775
0,250,24.6391,65.9369,-6.28194,-10.9484
0,250,24.2798,72.6673,-10.8933,-3.78576
0,250,24.5184,71.4859,-13.7425,-4.08525
0,250,24.2099,74.5268,-13.2772,-3.69115
0,250,24.0241,69.0509,-9.069,-9.93049
0,250,24.3087,73.8478,-13.8376,-2.48479
0,250,53.6678,78.5724,11.5141,-1.33058
0,250,30.4886,78.653,-8.7531,2.41662
0,250,25.3052,76.3622,-13.8715,-1.88376
0,250,28.8857,78.8453,-7.87546,0.853185
0,250,29.3921,78.9325,-9.15454,2.72301
0,250,51.9297,62.6277,-9.48946,-6.27448
0,250,55.2574,62.9247,-5.81289,-8.30938
0,250,53.4811,62.846,-9.99551,-6.2994
0,250,49.5227,62.777,-13.9428,-3.20401
0,250,59.5343,62.4507,-2.10152,-3.19328
0,250,57.1513,61.7053,-2.70302,-5.30849
0,250,56.8889,61.3203,-5.05358,-3.85674
0,250,58.0544,63.6915,-4.73571,-6.28354
0,250,60.6212,65.2909,-2.49672,-4.36563
0,250,56.3268,68.7389,-8.33488,-12.2401
0,250,59.0477,63.897,-3.76265,-4.86925
0,250,60.0554,62.5212,-1.42055,-4.92779
0,250,55.6017,60.0329,-5.17253,-3.17223
0,250,37.7413,69.1358,-17.6962,9.60088
0,250,58.532,65.5397,-4.31668,-6.73751
0,250,59.5742,60.9434,-2.39695,-3.58009
0,250,63.3565,63.7603,0.246132,-0.159586
0,250,66.8758,66.2586,-0.183725,1.63357
0,250,67.749,68.8526,-2.11775,2.56258
0,250,55.2067,59.261,-7.39568,-4.53575
0,250,67.8714,67.7279,-1.0841,2.58689
0,250,68.2664,66.2521,0.67566,-0.431226
0,250,67.4617,66.4391,-0.0228292,0.710767
0,250,65.6658,66.5788,-1.17109,0.5364
0,250,68.4646,65.3708,-0.997865,3.87989
0,250,58.5056,78.7903,-8.94496,-0.000456706
0,250,48.5628,58.7951,-11.9815,-0.998164
0,250,59.31,75.5883,-3.22048,-9.65322
0,250,54.9528,58.156,-7.77811,-2.27579
0,250,65.5023,61.0321,-0.862476,0.686286
0,250,68.6896,72.5725,-3.85037,1.81275
0,250,71.507,73.6622,-4.17127,2.50465
0,250,66.6138,70.8375,-3.46242,0.473146
0,250,67.2009,71.5762,-3.35073,0.406551
0,250,72.3619,75.3103,-3.74269,3.62061
0,250,72.1905,74.4506,-3.70091,4.12545
0,250,70.4972,65.7542,0.697949,1.80476
0,250,71.2856,75.3217,-6.73514,2.9515
0,250,70.5765,77.2906,-5.18536,-0.110713
0,250,69.0319,63.648,1.32084,3.79122
0,250,73.0547,73.5907,-3.52988,2.5286
0,250,59.6804,70.0819,-4.37736,-7.8984
0,250,68.7869,77.6219,-8.03367,-0.396823
0,250,72.5145,77.7945,-4.52857,0.362954
0,250,73.8385,75.7553,-3.10569,3.61552
0,250,60.9918,58.5531,-2.92984,-0.097673
0,250,72.8395,69.8195,-0.86007,4.69418
0,250,75.9346,76.6095,-2.68517,1.98559
0,250,69.3943,64.8433,-0.004648,2.87332
0,250,78.7243,77.2985,1.80982,5.35469
0,250,68.9131,76.755,-6.32293,1.13843
0,250,68.0447,78.283,-5.99081,0.293216
0,250,73.9144,77.6012,-6.25165,0.450973
0,250,62.4491,77.0138,-3.71672,0.304759
0,250,79.4639,77.3804,-0.7593,0.324009
0,250,33.8112,71.4242,-13.0424,11.2171
0,250,73.8773,76.6071,-5.00838,3.73511
0,250,76.9212,78.0308,-1.46504,0.897525
0,250,71.6494,78.8455,-4.10243,0.508151
0,250,78.9084,78.6437,-2.5591,1.36014
0,250,70.9285,78.7071,-6.47442,-0.606692
0,250,72.5665,78.6027,-3.71098,-0.151335
0,250,61.8091,67.9216,-3.7073,-6.09924
0,250,65.2802,71.3301,-3.90403,-1.02946
0,250,71.3839,65.95,1.22413,3.84079
0,250,73.2292,78.8498,-5.86514,0.571023
0,250,66.3299,74.0162,-6.44396,-0.874984
0,250,75.1885,78.7579,-4.03829,2.84313
0,250,71.69,78.112,-5.43328,-1.29827
0,250,60.3359,67.0689,-3.65787,-5.63795
0,250,65.3545,78.227,-7.0542,-1.98575
0,250,59.7781,77.1402,0.835832,-5.1277
0,250,76.4135,78.083,-1.17308,1.98921
0,250,67.3281,75.2821,-5.1611,-1.62264
0,250,59.458,71.867,-3.94379,-8.87883
0,250,25.6705,56.7367,-3.5423,-8.32669
0,250,29.1872,58.3236,-0.458583,-7.56531
0,250,27.6512,57.9996,-1.82893,-10.0637
0,250,26.2072,59.0748,-2.54823,-10.5948
0,250,25.8172,60.7738,-3.62732,-10.2401
0,250,24.0507,63.0595,-5.73598,-10.0621
0,250,24.2485,63.7418,-5.26698,-11.2277
0,250,23.5992,66.5554,-6.8065,-9.12939
0,250,23.9671,67.4165,-8.00486,-9.63873
0,250,24.0884,66.2345,-6.53668,-9.93127
0,250,23.8617,69.6468,-8.88553,-7.94561
0,250,23.473,71.023,-10.859,-7.722
0,250,23.537,69.2958,-8.79207,-9.37372
0,250,23.8101,70.6192,-10.5095,-7.41819
0,250,24.6979,72.7281,-11.9605,-5.26178
0,250,23.8971,74.8648,-11.4335,-2.95792
0,250,24.2144,75.3001,-12.8237,-2.59803
0,250,25.6377,77.2692,-14.8798,-3.64479
0,250,25.0213,75.117,-12.8136,-2.75571
0,250,25.277,75.8287,-12.4233,-2.8293
0,250,38.7275,79.7092,3.23223,1.98269
0,250,54.3335,69.1127,-5.04639,-8.93282
0,250,32.0327,78.9224,-8.06081,0.820677
0,250,31.4597,78.981,-4.29987,1.5995
0,250,46.04,65.0634,-13.5665,-2.08518
0,250,54.4119,62.5485,-9.20825,-6.24159
0,250,49.527,60.8444,-13.6123,-2.2809
0,250,47.3653,62.9866,-12.9125,-1.56928
0,250,55.5496,61.4666,-6.29283,-6.13418
0,250,60.2045,61.9104,-1.55508,-3.19266
0,250,61.3311,62.0166,-0.712929,-1.67009
0,250,58.5589,64.8936,-4.81713,-6.93663
0,250,60.5293,63.823,-2.37651,-3.64888
0,250,57.5887,65.2817,-5.39882,-7.02505
0,250,66.4183,64.8107,-0.605201,0.780899
0,250,57.4294,60.1577,-4.13864,-4.66947
0,250,60.1212,61.1905,-2.62603,-3.42368
0,250,56.9632,60.3259,-3.21071,-3.5933
0,250,55.8152,59.3733,-4.64294,-2.13195
0,250,66.1443,68.9316,-2.08416,0.00830739
0,250,66.4698,66.5693,-0.713882,-0.636963
0,250,41.5153,76.0143,3.03903,-0.107512
0,250,67.0627,68.6936,-2.3872,2.00622
0,250,65.682,69.2228,-2.89576,0.118437
0,250,67.3643,67.2778,-1.7451,2.35082
0,250,68.6312,70.149,-2.28005,2.27053
0,250,63.7417,67.1074,-1.73232,-2.91878
0,250,62.6308,66.5499,-1.80235,-4.05558
0,250,68.217,72.5536,-3.71972,-0.210334
0,250,66.9623,70.1436,-2.66175,0.172328
0,250,71.1995,71.2665,-2.76443,4.13155
0,250,43.5319,61.3806,-15.5332,2.82006
0,250,71.807,73.1016,-3.15107,2.42214
0,250,67.574,74.0177,-4.93118,0.0757591
0,250,71.3863,72.7134,-2.38897,2.01847
0,250,67.7438,70.7846,-3.32892,1.30521
0,250,63.0898,67.3419,-2.94132,-3.64835
0,250,70.0124,73.5471,-6.56131,1.8734
0,250,58.6685,57.9129,-3.98737,-0.935807
0,250,71.3811,75.9622,-5.17029,2.31182
0,250,71.8057,76.7398,-6.17167,3.67464
0,250,71.7875,75.7117,-2.69955,2.95159
0,250,65.9781,72.2205,-5.18549,0.717459
0,250,68.3235,63.6259,-0.658865,4.06986
0,250,73.7468,79.2039,-3.96589,-1.99149
0,250,69.0548,75.532,-6.3317,0.182354
0,250,76.712,77.6301,-1.60775,1.33363
0,250,78.2918,77.5495,-3.26658,4.59841
0,250,53.5516,58.346,-9.58317,-1.68641
0,250,70.4706,76.4755,-6.12888,1.55209
0,250,75.047,78.029,-5.49817,2.35098
0,250,74.7962,77.2315,-4.61174,0.342985
0,250,74.803,76.216,-2.9914,5.07373
0,250,76.0826,77.6616,-0.706921,1.97606
0,250,34.8223,67.7397,-18.2531,6.13249
0,250,73.7033,77.0256,-2.89925,3.82041
0,250,79.6275,76.8916,-2.27682,0.696254
0,250,73.6123,78.6102,-6.49292,-0.592298
0,250,70.1467,79.4886,-8.70826,-2.91718
0,250,68.2669,78.9165,-5.19047,0.386044
0,250,76.5514,76.7627,-4.87114,2.05962
0,250,63.5186,77.5095,-4.92802,0.0529283
0,250,74.1141,78.9077,-1.80585,-1.82916
0,250,69.2832,78.568,-6.89899,-0.50096
0,250,69.3308,79.2163,-6.80438,1.0155
0,250,65.0294,75.573,-6.09188,-2.23093
0,250,67.6256,78.3375,-8.12656,0.030466
0,250,68.6652,79.2357,-8.04741,2.31169
0,250,60.2169,77.9036,-4.33419,1.38887
0,250,61.5108,68.2657,-2.3224,-7.75005
0,250,71.0129,78.0497,-7.4016,1.60174
0,250,65.7925,71.2278,-3.99499,-0.835422
0,250,68.9361,78.7184,-7.15809,0.642202
0,250,63.6981,67.985,-2.5437,-2.62043
0,250,67.1074,75.731,-6.51883,-0.631572
0,250,75.0998,77.5481,-5.50835,2.05199
0,250,66.6714,73.591,-4.73277,-0.972837
0,250,72.9299,78.0116,-4.90085,0.941244
0,250,58.3218,70.1333,-5.42102,-10.0612
0,250,65.7761,72.6688,-4.95231,-0.689624
0,250,28.8594,58.4849,-0.57881,-7.60368
0,250,27.1876,57.5084,-1.98137,-10.3228
0,250,25.7484,59.3745,-3.25901,-10.8791
0,250,25.9054,59.6412,-3.25615,-11.2746
0,250,24.4078,62.6192,-4.75127,-9.95284
0,250,25.0219,63.776,-4.32046,-11.4234
0,250,24.0418,65.3374,-6.58531,-10.5035
0,250,25.2337,64.7681,-6.15975,-11.7236
0,250,24.4091,66.5542,-7.46203,-9.73841
0,250,24.2914,70.3068,-9.49361,-6.70298
0,250,24.182,68.0541,-8.68233,-9.77577
0,250,24.1048,70.9274,-9.85945,-6.25315
0,250,24.596,68.8612,-10.1484,-9.77573
0,250,25.6186,76.6885,-13.0842,-2.83784
0,250,33.3184,79.4885,-7.18436,3.70757
0,250,35.3254,79.4274,-4.68729,-4.10652
0,250,54.0589,66.3158,-6.78215,-12.3733
0,250,30.9796,78.6722,-8.31507,-1.45636
0,250,55.4935,68.4055,-8.66835,-15.2488
0,250,55.0486,68.752,-7.87155,-13.2806
0,250,46.5492,67.4655,-9.83491,-0.680379
0,250,53.9526,65.8534,-7.76414,-12.5156
0,250,51.3768,62.6237,-10.6977,-6.3718
0,250,54.9264,63.1644,-6.63907,-9.08668
0,250,56.9743,62.7409,-5.35033,-6.92261
0,250,56.47,61.4348,-5.41247,-6.58776
0,250,42.2989,64.9575,-16.9042,4.86722
0,250,50.1898,59.7533,-11.8097,-1.65179
0,250,49.6732,60.078,-11.7353,-1.80248
0,250,60.0669,63.9035,-1.95971,-4.36908
0,250,57.478,60.629,-3.4516,-2.75763
0,250,59.682,59.9634,-3.80346,-2.1955
0,250,46.1712,61.1307,-13.7919,0.624054
0,250,65.9242,65.1487,0.183536,0.566713
0,250,63.5739,62.884,-0.899051,-0.159815
0,250,58.3318,68.4406,-5.9533,-6.67419
0,250,63.0744,61.8863,-1.03239,-1.54288
0,250,58.8323,67.1248,-3.90176,-7.02529
0,250,65.5439,70.203,-2.76016,-1.36895
0,250,60.8199,59.6849,-2.95346,-0.724628
0,250,65.2246,68.8344,-1.66338,-1.0281
0,250,67.5783,69.2577,-1.25227,0.997982
0,250,67.0612,64.8564,-0.0188973,2.12273
0,250,67.411,68.445,-1.26336,1.16015
0,250,71.0165,69.7065,-1.32932,3.84253
0,250,65.4464,68.166,-1.51674,-0.0860843
0,250,69.5874,68.9177,-0.203733,3.47238
0,250,67.6589,72.6646,-4.66824,1.45466
0,250,70.0818,70.8106,-1.38648,3.33345
0,250,71.6298,69.3112,-1.64103,4.7792
0,250,69.824,72.8333,-4.29655,2.00439
0,250,67.25,63.7129,-0.441351,3.07276
0,250,70.9874,72.0192,-4.95619,1.83425
0,250,70.3916,74.0888,-6.00462,2.9032
0,250,69.158,74.0566,-4.69647,0.906078
0,250,69.5987,74.8156,-5.98469,1.40875
0,250,72.872,76.0183,-4.28346,2.97885
0,250,39.4145,64.3728,-17.3582,6.40482
0,250,62.8914,60.2867,-0.266046,0.0869242
0,250,67.7473,63.5914,1.18526,2.88842
0,250,70.1528,78.091,-8.63766,0.566334
0,250,71.5133,67.0148,0.344096,4.38992
0,250,62.0627,58.7864,-1.59471,0.412748
0,250,69.1816,77.1625,-7.3651,-0.167808
0,250,73.1626,74.8788,-4.21021,4.26192
0,250,70.3753,64.4039,0.355413,2.1059
0,250,67.9271,62.7992,0.565564,2.98338
0,250,69.5724,78.263,-7.03699,1.23253
0,250,66.7203,76.9173,-6.98304,-1.25611
0,250,74.3816,75.8347,-1.95296,3.3906
0,250,35.2884,73.9783,-7.32923,9.28763
0,250,73.1809,79.3021,-6.99697,0.745687
0,250,76.9619,76.6158,-2.49921,3.79333
0,250,77.5462,79.0843,-0.417082,-1.90466
0,250,63.0145,77.5847,-4.97604,-1.42478
0,250,62.6727,75.6818,-4.82719,-5.59311
0,250,64.474,59.5905,-1.12934,1.15919
0,250,48.245,58.5137,-12.1998,-0.968667
0,250,64.6766,78.9462,-4.95505,-0.629947
0,250,67.8885,61.4934,1.56477,2.56215
0,250,75.9279,78.1269,-3.85997,0.345533
0,250,66.4508,76.4707,-5.89521,-0.280466
0,250,67.2713,78.702,-6.62267,-0.331114
0,250,77.1994,78.8053,-3.2537,1.49546
0,250,67.7319,75.6797,-6.9759,-0.303194
0,250,78.3937,78.2348,-1.87661,-0.297913
0,250,68.0276,76.2502,-6.3666,0.0862243
0,250,72.0056,78.5067,-5.76934,-1.24427
0,250,66.617,78.2772,-8.02682,0.13529
0,250,65.6773,76.0182,-5.1938,-1.95549
0,250,79.3699,78.4238,1.7001,2.83147
0,250,76.217,78.5695,-3.77864,0.299273
0,250,67.8874,76.8858,-7.61401,1.10533
0,250,78.4201,78.7549,-2.86605,1.63216
0,250,58.981,78.8247,-5.85149,-5.63619
0,250,68.5342,75.5387,-5.6592,-1.58435
0,250,73.7384,74.8745,-4.19546,2.21708
0,250,62.5508,68.8035,-3.53709,-4.04002
0,250,65.0996,76.9176,-6.52845,-1.69934
0,250,68.3671,76.7613,-5.42666,0.262834
0,250,28.0455,56.1244,-1.57755,-7.91099
0,250,28.6661,56.628,-1.38659,-7.7754
0,250,26.6318,60.4409,-3.47811,-9.27231
0,250,25.4609,62.1079,-4.69183,-9.43822
0,250,24.54,64.2016,-4.54713,-11.6184
0,250,24.9714,64.4199,-5.68767,-11.2683
0,250,24.2601,65.691,-5.49391,-10.6796
0,250,24.5324,64.7654,-5.83621,-11.7054
0,250,31.9528,57.6353,1.24131,-8.91269
0,250,26.1056,65.2553,-4.83845,-9.29109
0,250,24.3182,67.4721,-8.24285,-10.6617
0,250,24.3358,69.8948,-11.2696,-8.06871
0,250,24.7716,73.9063,-13.3012,-3.2702
0,250,52.9986,64.9542,-8.27242,-8.33992
0,250,54.6389,78.3592,9.17349,1.10654
0,250,53.6901,65.44,-7.89527,-9.87365
0,250,52.0863,64.4953,-12.2848,-5.40096
0,250,50.5924,71.1983,-3.583,2.11771
0,250,51.9896,63.4112,-10.6489,-7.89695
0,250,51.6198,62.1571,-11.1821,-5.74344
0,250,43.7416,64.7018,-15.8778,2.67262
0,250,54.8852,65.9995,-6.75835,-10.8263
0,250,49.7204,63.1227,-12.6672,-3.50155
0,250,59.4869,77.8249,-2.4715,-1.22602
0,250,51.083,62.1271,-9.99801,-4.67014
0,250,59.5496,62.9687,-2.74897,-4.435
0,250,51.0729,60.2122,-12.1293,-4.35009
0,250,60.0788,63.4236,-2.5132,-3.7458
0,250,60.6708,61.8363,-2.19995,-3.09725
0,250,48.9898,59.9924,-11.6695,-1.31194
0,250,42.6859,63.0955,-17.0107,4.01285
0,250,61.8442,61.4724,-1.00983,-0.180133
0,250,57.9015,60.0095,-3.41152,-3.51162
0,250,53.777,75.995,9.94514,2.60563
0,250,65.0223,63.292,0.0701679,0.296774
0,250,62.6117,61.6253,-0.824181,0.294147
0,250,67.9798,67.2958,0.146474,1.49313
0,250,62.0859,61.1512,-1.31546,-1.29208
0,250,68.5294,66.8368,0.399773,2.80466
0,250,60.1174,59.5462,-2.96541,-1.78335
0,250,69.788,71.153,-2.86805,3.61336
0,250,67.9251,65.1608,0.82892,3.37488
0,250,69.0193,69.7047,-1.62197,3.29337
0,250,70.3951,71.7856,-1.17663,2.108
0,250,66.8291,63.7888,1.40964,2.21152
0,250,69.5317,70.5905,-2.77509,2.7253
0,250,71.5189,69.8045,-0.526527,2.89557
0,250,70.7067,67.2255,0.502658,3.88298
0,250,70.7021,73.1645,-4.00021,3.0602
0,250,71.1366,69.1777,-1.16132,3.32039
0,250,70.9251,67.7647,-0.654407,3.28626
0,250,71.0149,73.5792,-5.07936,1.7389
0,250,49.8052,58.3859,-12.0822,-1.27607
0,250,69.7983,73.9839,-5.40124,0.880366
0,250,61.1582,59.3373,-2.46622,-0.491755
0,250,67.277,62.7462,0.133309,3.14621
0,250,66.7536,62.0201,1.11145,2.537
0,250,67.7573,64.0293,0.30989,3.70203
0,250,71.2503,76.7471,-5.87605,1.33735
0,250,71.5591,67.9117,-0.557265,4.15748
0,250,67.6003,63.1483,-0.408455,2.742
0,250,43.602,60.7927,-15.0787,2.55893
0,250,70.8102,66.1729,1.76417,3.46734
0,250,33.3507,71.755,-14.8323,10.0851
0,250,71.0888,65.2736,1.46725,2.29841
0,250,74.9043,76.829,-4.28841,3.84911
0,250,72.7617,74.469,-2.49928,3.49503
0,250,42.1278,62.1822,-16.923,6.85003
0,250,33.9243,74.1136,-10.3823,7.75915
0,250,45.9269,59.0022,-15.1533,0.925256
0,250,70.8313,64.3056,1.83234,4.21796
0,250,67.9466,79.3375,-5.86309,-0.3098
0,250,70.9854,65.6448,0.35389,2.78256
0,250,66.6144,77.7992,-7.03211,-0.468153
0,250,64.0312,78.4647,-7.60386,-0.429422
0,250,68.4279,61.7094,1.89378,3.16777
0,250,74.4856,79.2014,-2.77466,0.894884
0,250,60.1365,68.5449,-4.86133,-6.00241
0,250,65.5918,78.7562,-5.01896,-0.449365
0,250,63.8389,58.8454,-1.48951,2.13334
0,250,60.3014,58.1763,-2.50883,0.122662
0,250,59.6268,57.9195,-3.85259,-0.989665
0,250,78.0838,78.9374,0.525998,1.20875
0,250,62.6055,77.7012,-3.63589,0.289199
0,250,66.3285,78.6911,-6.50944,-1.43157
0,250,69.0008,79.426,-9.67506,1.01372
0,250,51.9178,57.9617,-8.70052,-2.59732
0,250,71.3056,64.3214,1.22154,4.08246
0,250,67.7966,78.9126,-6.14371,-0.413862
0,250,65.2532,79.3498,-2.47668,-0.280131
0,250,77.7417,78.5973,-2.20964,-0.181822
0,250,62.4229,71.3689,-4.24227,-4.85771
0,250,71.7754,67.492,0.356177,4.24106
0,250,72.2042,78.0634,-6.0194,0.155805
0,250,64.4155,79.4143,-5.27561,0.49413
0,250,64.3797,77.3425,-6.41237,-1.20914
0,250,62.8724,68.4649,-3.43184,-4.05811
0,250,59.7325,79.3725,-2.1422,-4.56172
0,250,78.6756,77.7542,1.03163,1.29329
0,250,66.4668,72.2441,-3.8761,0.09897
0,250,28.7214,57.2063,-0.933234,-8.40757
0,250,27.0468,59.3453,-3.44395,-9.14411
0,250,25.7804,60.076,-3.86831,-11.1549
0,250,24.5553,63.1503,-5.05879,-9.80995
0,250,25.4478,63.5932,-5.04218,-9.80139
0,250,33.3615,54.7291,1.16727,-12.6811
0,250,25.0319,65.369,-6.68928,-10.3748
0,250,25.6807,64.8561,-4.75638,-9.29169
0,250,24.8038,69.5394,-10.6503,-9.67065
0,250,24.8831,68.4839,-7.73514,-9.74187
0,250,25.2048,74.1654,-13.9018,-3.54891
0,250,24.8741,73.2658,-11.5024,-4.14902
0,250,34.7228,79.5508,-8.31065,3.7023
0,250,58.116,72.1198,-4.2603,-9.94855
0,250,54.6075,65.1496,-9.64008,-10.3779
0,250,48.0338,64.4363,-13.0231,-3.21575
0,250,47.6678,63.5123,-12.5219,-2.25039
0,250,50.4542,65.4983,-7.90957,-5.99042
0,250,49.3385,62.1486,-14.0208,-3.59152
0,250,50.397,62.4637,-11.2576,-4.48975
0,250,46.8056,63.6102,-13.7005,-2.52781
0,250,55.6178,62.3402,-5.73393,-6.70923
0,250,54.4283,60.4483,-6.9004,-5.4624
0,250,55.8893,61.1543,-5.92451,-6.60643
0,250,38.6491,69.5807,-18.0104,9.66337
0,250,57.7703,62.3731,-3.17853,-4.90678
0,250,59.3071,64.8857,-4.82312,-7.01927
0,250,60.8942,60.6549,-2.16479,-2.035
0,250,58.8834,60.4954,-3.14516,-3.17005
0,250,58.2391,59.5797,-4.47534,-3.81467
0,250,65.433,63.6453,0.265635,0.0578125
0,250,63.0108,62.355,0.190596,-0.802365
0,250,49.4264,76.8332,7.81967,4.2407
0,250,57.6634,59.6106,-3.62688,-3.31203
0,250,57.6004,58.0565,-4.42621,-2.41037
0,250,46.6427,60.5525,-14.6924,0.816238
0,250,64.5892,68.5591,-4.56265,-2.31197
0,250,68.6886,68.5503,-1.78594,2.45635
0,250,68.8606,66.5207,-0.40164,1.43653
0,250,69.2311,66.2146,-0.466201,2.14694
0,250,70.3116,68.6203,-1.47648,2.88981
0,250,70.1399,67.2754,-0.553198,4.12017
0,250,70.4256,66.7935,1.01373,2.76619
0,250,68.923,73.0461,-4.01407,0.204963
0,250,69.7759,68.4585,-0.805755,3.75527
0,250,70.675,72.3112,-4.3382,2.52018
0,250,70.5216,73.7185,-4.60794,2.20509
0,250,57.2204,57.6768,-6.09689,-2.20034
0,250,34.0823,72.805,-10.5998,7.74046
0,250,69.4434,73.6153,-4.18893,2.05517
0,250,71.9758,73.508,-3.01163,1.52852
0,250,66.9558,61.6584,0.580023,2.53411
0,250,71.7741,76.3006,-6.81416,2.57062
0,250,70.8957,74.9026,-6.20903,3.00859
0,250,71.6981,77.1893,-6.51513,1.08842
0,250,34.8087,69.6562,-15.1533,7.61081
0,250,70.5904,64.8813,0.956224,3.09488
0,250,71.6696,66.325,0.918757,3.41777
0,250,52.3764,58.2935,-9.53622,-2.37486
0,250,35.1739,69.9845,-12.3573,10.63
0,250,72.1995,70.4298,-1.04536,3.61148
0,250,72.7052,70.5524,-1.29573,3.94314
0,250,72.9563,78.4207,-5.43539,1.83631
0,250,64.102,59.7909,-0.860607,0.863718
0,250,65.7144,60.6623,0.434512,2.4829
0,250,36.2045,67.5181,-20.0735,10.8792
0,250,72.9634,71.5885,-2.82097,3.91745
0,250,78.041,78.2014,-0.91058,2.29659
0,250,58.8616,57.5438,-3.82055,-2.4176
0,250,69.7447,78.8698,-8.7485,-2.14062
0,250,75.381,78.3303,-5.48826,0.663502
0,250,67.4579,61.9285,1.61658,2.08879
0,250,62.9743,76.3533,-4.93544,-3.64496
0,250,65.034,59.4506,-0.922693,1.43507
0,250,64.9604,78.3836,-6.25144,1.45246
0,250,53.0097,58.4211,-8.64808,-1.62934
0,250,75.4248,76.8992,-4.10622,4.00031
0,250,67.3558,61.3518,2.43215,3.2779
0,250,76.332,77.291,-3.55195,1.69514
0,250,77.3676,79.5399,-2.24781,3.3353
0,250,76.6029,78.8958,-3.43519,0.554791
0,250,79.5923,78.8729,-3.54696,-0.720992
0,250,74.9761,79.5747,-5.59561,-1.14606
0,250,61.9938,75.4527,-5.69392,-4.90009
0,250,69.1975,76.2842,-7.3257,0.990964
0,250,76.0012,77.0278,-4.84298,1.97559
0,250,61.3168,76.085,-5.53706,-2.89947
0,250,67.4908,76.0807,-7.15479,-1.37813
0,250,79.4655,76.3583,0.832191,4.56552
0,250,63.4628,78.4925,-5.14795,0.263034
0,250,72.2544,67.2227,0.441463,5.83491
0,250,62.1123,73.0677,-4.95337,-4.85953
0,250,65.8261,75.1216,-4.80583,-0.938519
0,250,70.6972,76.8411,-4.99685,0.46895
0,250,79.4873,75.9027,-4.50408,5.09833
0,250,64.5603,78.4669,-7.16044,-1.77372
0,250,69.8551,76.3668,-7.39072,2.1187
0,250,73.2456,71.9388,-3.23324,4.18974
0,250,66.6467,74.3058,-5.38962,0.0441894
0,250,74.7184,78.8119,-4.10851,-1.41124
0,250,30.0358,59.2962,-0.148083,-6.26226
0,250,27.8443,58.7406,-2.29138,-9.14499
0,250,25.9788,61.029,-4.39337,-10.0953
0,250,25.1036,62.525,-4.63904,-10.4895
0,250,24.7981,63.3633,-5.0581,-10.5409
0,250,25.7583,62.0108,-4.30005,-9.51123
0,250,24.6212,65.173,-6.42412,-11.8539
0,250,25.7917,64.3718,-3.82478,-9.82248
0,250,24.6917,67.9753,-6.77468,-10.9167
0,250,24.8704,71.3119,-13.3243,-5.50442
0,250,26.0236,77.1105,-14.5441,0.217486
0,250,26.7515,78.2809,-11.4398,-1.91286
0,250,30.0291,78.5903,-9.82794,0.788143
0,250,54.741,64.7634,-8.68783,-11.582
0,250,56.4583,66.4138,-6.3389,-8.20893
0,250,46.2107,63.7314,-13.9159,-1.44509
0,250,43.124,65.3529,-15.1272,2.88991
0,250,43.4664,63.8231,-16.5375,2.35395
0,250,51.6636,60.8961,-11.645,-4.87723
0,250,55.3256,60.9481,-5.87217,-4.64915
0,250,50.823,61.7735,-11.6656,-4.65784
0,250,38.2001,74.3945,-5.26461,7.0886
0,250,57.366,60.9439,-3.39424,-4.48575
0,250,40.9883,66.008,-15.1629,5.49367
0,250,58.5485,61.6309,-3.66056,-3.16316
0,250,60.6992,63.4086,-2.19711,-4.70172
0,250,51.5678,59.5484,-10.5332,-2.76763
0,250,64.7513,64.5146,-0.00389754,-0.147717
0,250,54.6465,59.2071,-5.69705,-4.36965
0,250,61.2601,64.9943,-1.91832,-4.02951
0,250,56.7426,58.9455,-6.42794,-2.75373
0,250,56.3135,59.2085,-5.42027,-3.6803
0,250,53.8134,67.4256,-8.10792,-12.9209
0,250,36.1636,70.6906,-13.1508,11.3138
0,250,56.4256,58.2265,-6.32387,-1.92174
0,250,63.3911,61.4744,0.144419,0.166937
0,250,48.8382,59.4683,-14.6444,-0.99981
0,250,68.7436,69.3186,-2.35967,2.70124
0,250,67.7698,66.1265,0.21081,2.08919
0,250,65.8216,61.4346,-0.234697,1.43173
0,250,70.3511,71.27,-0.978621,3.01603
0,250,67.6754,64.4303,-0.343998,3.95585
0,250,36.4136,74.9702,-4.6471,8.72794
0,250,70.8882,72.7518,-3.86646,2.34408
0,250,68.2471,64.3974,0.0894708,2.63738
0,250,54.2729,58.3534,-8.38176,-1.72871
0,250,72.6127,73.1882,-2.62386,2.94091
0,250,67.2551,74.3838,-4.50142,0.234051
0,250,68.8567,74.6392,-6.13478,-1.23003
0,250,57.9237,57.7557,-5.98686,-1.97534
0,250,35.8215,74.1305,-8.2215,9.71613
0,250,68.4231,64.0337,0.2762,2.81029
0,250,73.0448,76.7952,-4.86697,2.61124
0,250,72.3948,70.9346,-0.870596,3.22572
0,250,57.9784,57.3701,-4.91414,-1.67578
0,250,39.0196,64.923,-16.7973,8.79966
0,250,64.9981,59.9879,-0.533796,1.78157
0,250,77.3244,77.3511,0.188775,4.37222
0,250,72.3987,68.933,0.0807499,5.24031
0,250,72.0976,68.0852,-1.19444,4.73486
0,250,77.7602,76.2592,-2.29694,2.41705
0,250,34.9928,75.971,-5.38259,4.45385
0,250,35.3871,75.4802,-6.39832,6.77918
0,250,73.9189,74.3617,-2.60018,5.07894
0,250,42.4914,60.9214,-15.5463,2.73197
0,250,40.1146,63.8519,-16.3571,7.60319
0,250,47.7939,58.5892,-12.0769,1.31334
0,250,50.2449,57.5739,-11.6173,-0.905216
0,250,72.8514,67.2571,-0.345595,5.77362
0,250,65.192,78.9086,-5.11772,-3.98021
0,250,78.2892,76.9365,2.66824,3.1004
0,250,65.4733,60.2982,-0.997416,2.9264
0,250,33.1431,70.3423,-15.1479,10.5484
0,250,73.4157,66.387,1.36237,8.03274
0,250,68.8264,61.9744,2.29181,3.34782
0,250,71.0195,79.396,-8.44127,-0.395605
0,250,74.5952,77.7831,-4.93447,3.36542
0,250,62.1595,76.255,-4.72655,-2.20939
0,250,62.6505,78.3483,-4.75764,-1.24863
0,250,63.7203,78.9068,-4.91151,-1.35733
0,250,78.9929,75.1706,0.181041,3.25198
0,250,62.3549,75.1672,-2.91875,-6.90436
0,250,61.7076,72.2094,-4.73141,-4.75162
0,250,72.3151,79.4776,-5.3253,-0.207041
0,250,63.3581,76.5473,-5.78094,-3.44069
0,250,61.7763,77.8928,-5.17672,-0.53951
0,250,72.3269,62.9023,1.69368,4.77119
0,250,70.1012,76.8,-6.54686,1.43357
0,250,75.5568,79.5452,-2.3325,3.6259
0,250,56.3587,57.2925,-6.39114,-2.15633
0,250,61.3481,77.3347,-4.5665,-2.99327
0,250,64.2661,77.9124,-5.18318,-0.448374
0,250,66.19,73.2328,-4.87137,-1.49025
0,250,72.1712,63.7278,1.19132,4.2635
0,250,68.4996,78.5387,-6.48577,1.67202
0,250,70.1868,79.0771,-7.93229,-1.01637
0,250,65.8783,74.2276,-4.93429,-2.28926
0,250,65.7152,77.0275,-6.67264,-1.1408
0,250,60.1478,70.1003,-3.19346,-6.97111
0,250,67.0604,76.5453,-7.73618,0.203019
0,250,30.3321,58.0078,0.0833633,-4.57302
0,250,33.7515,57.873,-6.61291,-13.9771
0,250,35.5821,55.8113,3.72488,-13.043
0,250,24.5331,66.9641,-9.74417,-10.5831
0,250,35.4038,54.0457,4.17512,-15.6284
0,250,35.3399,53.7157,3.67029,-14.1185
0,250,24.235,68.4627,-9.34361,-11.6747
0,250,37.1785,55.5764,4.82727,-12.9763
0,250,37.7532,54.09,5.64911,-13.4541
0,250,35.6137,79.3903,-2.21804,1.80857
0,250,27.9903,78.7158,-7.77015,4.51769
0,250,34.645,79.1039,-2.38008,1.57247
0,250,57.7989,67.5237,-2.90992,-9.28784
0,250,53.5627,64.4609,-8.7035,-9.72869
0,250,52.8146,62.6001,-8.26977,-6.44031
0,250,39.6114,67.357,-19.2239,8.68995
0,250,41.7018,65.6686,-17.6356,6.28832
0,250,44.7929,65.8387,-11.898,-0.806658
0,250,49.1775,60.5328,-12.8513,-1.62818
0,250,52.0562,59.9124,-9.01797,-3.38047
0,250,36.329,72.7782,-7.76604,9.59173
0,250,58.1284,60.8317,-3.5664,-4.27262
0,250,61.5683,62.5193,0.305866,-2.6502
0,250,62.6516,62.4409,-1.76856,-1.32694
0,250,59.4085,60.3858,-4.04983,-3.34765
0,250,62.4045,61.951,-1.17202,-1.40991
0,250,59.1021,59.9613,-2.56905,-3.20212
0,250,38.031,66.7944,-20.1145,9.53562
0,250,60.7908,60.2679,-3.06096,-2.44824
0,250,49.7447,77.5211,11.3855,-0.0305267
0,250,59.5018,59.5758,-3.15364,-3.29491
0,250,55.6763,58.1377,-6.96019,-2.14944
0,250,58.564,58.7838,-4.97637,-2.57933
0,250,65.0455,62.1754,0.0652851,0.399863
0,250,66.7656,64.3441,0.382536,2.14403
0,250,61.2041,60.0018,-1.974,-1.39235
0,250,69.8903,70.3252,-1.22011,2.72266
0,250,68.6561,66.0599,-0.10798,1.70647
0,250,38.8941,77.1664,-1.85365,5.06914
0,250,70.0802,68.1073,-1.13645,3.42946
0,250,55.3379,69.0256,-7.76951,-14.2225
0,250,53.7842,59.105,-9.12064,-2.09797
0,250,66.6362,63.2935,-0.588618,2.07247
0,250,43.7679,77.9651,9.98758,-1.23642
0,250,42.6974,62.5757,-16.3119,3.54813
0,250,70.0331,65.9913,0.335209,1.71172
0,250,64.7548,69.9355,-4.91998,-2.71283
0,250,71.9503,69.9357,-0.281592,4.74266
0,250,37.6993,67.2793,-18.1805,10.2197
0,250,72.4912,73.6399,-3.37168,3.16829
0,250,69.8098,77.8001,-7.62613,0.400161
0,250,68.9554,64.072,0.712713,4.02657
0,250,72.3458,71.8204,-1.80824,2.92154
0,250,73.1352,73.0787,-3.05398,3.1465
0,250,58.4265,57.271,-4.18562,-0.899511
0,250,74.5499,75.2141,-4.01391,4.29035
0,250,75.2904,76.0516,-4.12231,3.80545
0,250,77.8191,77.2499,-3.26609,4.10411
0,250,35.3795,74.9136,-5.21376,7.80474
0,250,35.9262,75.9235,-6.32035,7.05817
0,250,37.9171,65.5848,-17.2618,9.90641
0,250,38.8707,64.26,-15.7044,6.63759
0,250,66.1336,79.491,-2.85685,-0.869828
0,250,53.8825,57.9869,-9.0691,-1.38759
0,250,78.966,79.5269,1.4776,-3.79125
0,250,69.5021,63.8718,0.134337,3.41106
0,250,72.0534,65.1815,1.37819,4.01771
0,250,54.8251,57.6,-6.98828,-1.69992
0,250,62.9599,59.6045,-0.702995,0.302358
0,250,71.0534,62.4029,1.34484,5.26635
0,250,69.9712,62.7903,2.1815,4.38793
0,250,68.7255,62.3493,1.08548,3.22437
0,250,53.2116,57.984,-8.99453,-0.45578
0,250,72.8859,66.0268,-0.136544,5.49557
0,250,79.1735,77.7841,-4.39618,2.85446
0,250,70.6866,63.8363,1.08205,3.46391
0,250,72.2273,66.4435,2.17992,4.71161
0,250,67.549,79.5808,-4.62695,-0.700243
0,250,72.4488,68.4485,-0.735833,4.94782
0,250,72.0277,63.2943,2.51186,4.75481
0,250,65.6576,79.5081,-5.10496,1.60611
0,250,72.7618,68.0782,0.801918,3.827
0,250,65.0538,58.4195,-0.587774,2.8521
0,250,73.7269,66.8022,0.634625,6.12631
0,250,65.6456,77.8836,-6.72272,-1.44852
0,250,72.6108,63.6162,1.58122,5.35808
0,250,63.5474,71.6121,-3.58863,-2.76873
0,250,61.0087,70.5479,-3.85896,-7.30608
0,250,47.3211,59.2064,-13.3802,1.61554
0,250,75.3601,67.9828,1.61252,6.02614
0,250,64.8607,79.5772,-3.57185,-2.5433
0,250,65.9808,79.0569,-3.99773,1.89764
0,250,66.1814,76.9619,-6.94505,-1.29608
0,250,65.2487,75.0807,-6.00333,-3.13998
0,250,66.6019,79.2888,-4.02475,0.10234
0,250,63.0384,75.3456,-6.61694,-3.62191
0,250,61.8727,70.6484,-4.7389,-4.87917
0,250,78.2938,79.4242,-2.53585,-0.78575
0,250,72.1591,78.9403,-5.36296,-0.382549
0,250,66.0473,73.5859,-5.09758,-0.786658
0,250,30.6568,59.4633,-1.04334,-3.65301
0,250,34.2017,56.7818,1.55776,-14.9562
0,250,25.0739,61.0734,-4.50861,-9.8116
0,250,26.0569,61.5751,-3.912,-9.57577
0,250,33.5862,54.9323,1.06519,-15.394
0,250,36.5157,54.2513,4.75452,-12.7966
0,250,37.2369,47.1286,4.35821,-16.3111
0,250,25.3412,67.1663,-8.74416,-9.37894
0,250,25.328,68.5128,-12.0295,-10.2062
0,250,25.4986,74.5852,-11.8789,-1.44253
0,250,53.0114,79.3531,13.3737,6.48691
0,250,52.4325,65.9061,-9.15276,-8.34762
0,250,54.1338,65.3819,-7.43174,-12.0955
0,250,41.6174,67.0574,-12.9369,2.7393
0,250,50.7053,72.3668,-3.12071,1.89878
0,250,52.4936,61.8913,-9.88524,-6.48493
0,250,54.1248,62.8234,-8.75221,-7.66489
0,250,48.8824,62.5831,-12.7462,-2.8512
0,250,59.0872,61.9357,-1.96336,-3.51132
0,250,52.706,59.9495,-10.2162,-3.5842
0,250,36.8048,69.7117,-16.887,8.76788
0,250,45.8096,61.5019,-14.132,0.920787
0,250,58.505,60.0943,-3.76479,-2.75355
0,250,63.8141,63.2691,-0.711784,0.00381293
0,250,52.5604,59.2044,-9.62786,-3.24232
0,250,41.8144,64.8101,-18.3581,8.3116
0,250,67.6707,66.9069,-0.78705,-0.337281
0,250,68.0853,66.7237,-0.608844,1.97728
0,250,52.7143,75.102,7.31676,1.7731
0,250,51.6183,58.3459,-10.8931,-2.50705
0,250,37.6251,72.7405,-5.39099,8.22434
0,250,68.4992,67.7695,-0.552379,2.49221
0,250,66.0591,63.5828,1.47763,1.54155
0,250,69.926,69.4579,-1.19653,3.27354
0,250,69.7033,69.8488,-2.28105,2.98787
0,250,69.5939,67.2668,-0.409837,3.02925
0,250,66.0304,62.4398,0.535389,1.37254
0,250,61.8997,60.5923,-1.09917,0.102804
0,250,35.901,68.6215,-14.8081,8.37095
0,250,43.0046,77.4177,10.1226,1.70709
0,250,71.4143,68.7285,-0.962404,3.78118
0,250,70.3564,66.3305,-0.334492,3.28312
0,250,63.8296,60.2793,-0.310513,0.462284
0,250,72.2427,72.8994,-3.91855,2.07637
0,250,71.5623,74.4496,-4.33747,3.03361
0,250,67.7933,73.5386,-4.60306,1.14322
0,250,67.0782,63.1803,0.4863,3.00383
0,250,36.9663,74.7428,-5.99966,8.6863
0,250,46.4186,59.8521,-15.173,1.09359
0,250,50.2719,58.5582,-12.207,-1.8843
0,250,50.6449,58.0348,-11.9365,-1.09479
0,250,71.2342,67.4055,-0.837103,3.09503
0,250,36.1476,75.5717,-3.32671,7.09478
0,250,72.4756,71.4092,-1.13213,3.48543
0,250,35.0868,74.4392,-6.10265,8.31632
0,250,32.6242,72.4403,-11.5939,10.9118
0,250,30.3679,74.0426,-13.9076,5.56607
0,250,34.2422,69.3547,-12.7499,5.58706
0,250,32.8945,74.8406,-9.51211,3.24583
0,250,75.3307,76.4603,-3.93039,3.42847
0,250,35.7802,75.2463,-5.52168,6.14902
0,250,38.3736,65.0362,-18.498,8.06976
0,250,71.0964,64.8136,0.592269,3.24415
0,250,79.2533,79.106,-1.72679,0.321728
0,250,60.7447,58.0485,-2.19897,0.150752
0,250,67.9673,61.1494,1.31186,4.03925
0,250,77.3904,76.8513,-0.886949,3.52285
0,250,72.3474,64.2718,1.95932,5.12082
0,250,73.9406,73.9068,-2.34595,4.92253
0,250,37.0598,64.9345,-9.81988,19.4372
0,250,79.5324,75.2999,2.71583,4.06566
0,250,73.5138,65.9505,0.744665,4.91968
0,250,69.2972,62.5289,1.40974,4.00511
0,250,70.7275,62.9055,2.24727,4.70047
0,250,72.2884,66.0576,1.38221,3.90903
0,250,71.7996,64.2386,1.43218,4.60645
0,250,72.9038,66.4701,-0.158784,5.74089
0,250,68.3841,62.7209,1.24838,3.69085
0,250,78.7652,76.0007,-0.696467,1.95109
0,250,74.9561,70.6468,-2.08987,6.63822
0,250,67.3036,60.9767,0.892672,3.19712
0,250,72.8072,64.1202,1.48515,5.78051
0,250,71.3016,62.905,1.23617,3.85985
0,250,62.0749,78.1063,-7.02623,-1.6657
0,250,65.0837,77.7041,-6.43471,-0.127131
0,250,62.3077,75.8478,-6.9919,-1.34063
0,250,64.9315,71.7424,-4.46782,-0.72402
0,250,73.768,79.5182,-2.06579,-4.04518
0,250,74.7873,66.4911,1.37225,6.25952
0,250,75.5789,77.78,-8.39914,0.438755
0,250,69.5929,63.3623,1.12749,2.70632
0,250,72.3424,65.6083,1.19333,3.24544
0,250,70.4089,62.0062,2.1078,3.9763
0,250,62.2166,74.396,-4.15136,-5.98669
0,250,63.3547,77.998,-5.62036,-0.124432
0,250,69.4482,76.6845,-6.38846,1.61734
0,250,61.4122,72.9096,-5.3947,-6.83064
0,250,75.7441,78.6445,-3.59592,0.543865
0,250,76.1732,79.1058,-0.0662846,0.413194
0,250,68.688,78.1072,-8.40003,0.506124
0,250,32.1703,56.5815,-0.877259,-11.6187
0,250,36.0017,52.7487,3.95093,-15.4386
0,250,36.2063,53.4148,5.33158,-15.9246
0,250,36.043,53.9936,4.35989,-16.0059
0,250,36.8716,53.8063,4.8334,-12.4541
0,250,36.5634,52.1209,4.41115,-15.0121
0,250,32.3863,58.8383,0.353846,-11.9006
0,250,31.4912,78.583,-9.5953,0.655657
0,250,32.8902,78.9128,-4.69874,0.991465
0,250,37.9557,79.5756,0.563601,-1.03588
0,250,56.3844,65.146,-4.161,-9.5058
0,250,47.4049,64.375,-13.3532,-2.37367
0,250,47.9658,62.3016,-14.0819,-1.81272
0,250,53.3307,61.9852,-9.33223,-7.35638
0,250,40.6554,66.8544,-17.8393,5.81757
0,250,53.5688,62.4044,-8.46632,-7.23615
0,250,52.5446,60.8658,-10.7292,-4.75196
0,250,41.2401,65.5423,-18.2491,5.73824
0,250,35.8923,71.193,-11.5174,10.2336
0,250,61.0312,62.7381,-1.57235,-2.32919
0,250,57.1848,65.1462,-5.68278,-9.23749
0,250,55.2723,59.7462,-6.92733,-2.72635
0,250,51.321,59.2367,-11.4014,-3.21025
0,250,50.0439,59.396,-12.2206,-2.95604
0,250,62.8956,61.2872,0.49858,-0.925156
0,250,41.2582,75.976,6.5161,1.70422
0,250,61.4776,60.5949,-2.60179,-0.577737
0,250,52.1224,76.6437,8.25974,2.41691
0,250,65.3208,62.7184,0.742019,0.437986
0,250,39.3224,66.8539,-18.5512,9.83263
0,250,44.9432,77.2635,7.48037,2.91287
0,250,67.6771,65.6307,1.36792,2.40981
0,250,69.7775,67.6378,-1.05304,3.36271
0,250,69.3331,71.5163,-3.11308,2.58948
0,250,69.4445,67.9803,-0.645668,3.09365
0,250,67.5646,64.9053,0.0415836,1.67416
0,250,69.7376,72.352,-3.50232,1.87643
0,250,62.2204,60.1943,-2.07511,-0.0696072
0,250,66.8329,62.5785,-0.249469,0.68227
0,250,38.607,65.9736,-17.5593,10.2969
0,250,68.7572,64.721,1.29382,2.03299
0,250,69.9102,74.3832,-5.72875,0.694526
0,250,71.9441,68.8982,-0.272178,4.14964
0,250,70.0524,75.2601,-4.95985,2.47768
0,250,52.6907,58.791,-9.2902,-2.68874
0,250,49.0278,58.6161,-11.3937,-0.55856
0,250,62.1093,59.3525,-1.57208,-0.829784
0,250,61.5596,59.6035,-2.05863,-1.47691
0,250,71.1045,77.6285,-7.14145,3.47177
0,250,36.6947,75.263,-1.95245,6.94676
0,250,33.2374,75.3183,-7.87178,4.96994
0,250,72.9294,74.0456,-4.34514,2.53422
0,250,33.3775,74.1545,-11.058,7.51218
0,250,32.4568,74.3678,-10.2254,4.51845
0,250,33.7222,74.7065,-8.73644,5.00747
0,250,34.3029,74.8555,-4.02816,5.93013
0,250,42.6497,61.989,-13.9042,5.33377
0,250,34.5622,73.6992,-9.65556,9.22142
0,250,33.0474,73.9172,-9.7047,5.90339
0,250,34.8756,68.4768,-15.8601,9.28721
0,250,45.2227,59.8289,-14.7849,1.72848
0,250,39.4645,63.3679,-18.7511,4.64538
0,250,60.107,57.7214,-2.49101,-0.482186
0,250,33.477,74.9941,-8.62675,5.09063
0,250,71.6029,65.3472,0.622995,3.5645
0,250,70.7408,63.3882,1.95607,3.59397
0,250,56.7893,56.4821,-6.34132,-1.69527
0,250,69.8902,61.859,3.20267,4.59232
0,250,71.7691,62.9113,1.32127,4.30869
0,250,72.5232,66.8521,1.49954,5.75969
0,250,74.3346,68.564,-0.922822,6.05826
0,250,66.8194,60.6468,0.711838,3.67629
0,250,71.2417,63.8031,0.520833,4.59167
0,250,72.3157,62.0796,1.74006,4.21069
0,250,74.665,69.6334,-1.65532,7.36824
0,250,68.8015,60.6073,0.99962,4.60628
0,250,75.5085,68.9418,0.702069,6.21363
0,250,75.0373,69.1164,-1.31158,5.96793
0,250,68.9094,62.8033,1.89233,2.97092
0,250,76.1278,68.6263,0.85778,7.78296
0,250,75.3989,66.9798,1.41138,4.46692
0,250,73.1889,69.4298,-0.378163,5.82664
0,250,70.0766,63.5586,1.23946,3.96068
0,250,76.0175,69.7341,0.292053,6.23045
0,250,78.2715,74.1553,-0.509027,2.54512
0,250,74.5261,72.2302,-1.26044,4.18765
0,250,72.5815,69.4183,-0.959817,5.04955
0,250,78.0568,75.1681,-3.76117,3.62474
0,250,76.3906,76.3336,0.147584,3.70739
0,250,60.6569,68.5409,-4.67952,-7.03313
0,250,74.825,75.7205,-2.85446,4.48232
0,250,79.1571,77.0906,0.382558,0.30611
0,250,70.1612,63.9612,2.50427,4.07774
0,250,72.277,67.6641,-0.718625,4.10262
0,250,62.7854,78.928,-3.65761,-0.153784
0,250,68.8426,63.2927,1.0694,3.34637
0,250,79.5824,77.9904,0.77785,2.17877
0,250,61.7142,76.2228,-3.80859,-1.97915
0,250,61.976,74.7155,-4.10197,-3.9659
0,250,65.9998,75.6416,-7.25325,-2.41204
0,250,30.3846,64.4186,-0.468245,1.33769
0,250,34.1234,55.0968,3.57134,-14.2527
0,250,25.1805,62.9747,-5.32729,-11.1343
0,250,38.8552,61.3716,2.13802,-0.467492
0,250,33.5326,49.6994,0.38272,-14.3648
0,250,25.0607,67.9078,-7.8657,-12.5473
0,250,25.1034,72.6617,-10.6246,-1.82086
0,250,56.5087,78.5494,3.04752,0.932145
0,250,25.0163,69.0391,-10.1801,-11.9647
0,250,55.8934,65.9072,-6.39598,-10.8198
0,250,42.7377,68.9673,-12.0291,0.577476
0,250,46.0634,62.9739,-14.5575,-0.397909
0,250,48.1593,63.3739,-13.4934,-2.11627
0,250,51.8115,61.3578,-10.0479,-4.65149
0,250,48.4263,62.7451,-13.5293,-3.52197
0,250,52.4911,60.3573,-10.5007,-4.58386
0,250,55.0458,60.2333,-6.34264,-4.66677
0,250,37.4524,73.9143,-2.7532,10.8999
0,250,60.3419,64.4786,-2.30108,-4.02778
0,250,63.6139,64.2504,-0.2382,-1.16856
0,250,56.5314,59.9456,-5.18447,-3.60551
0,250,40.0659,65.4683,-19.3909,5.96934
0,250,38.6461,67.2627,-18.6378,10.6455
0,250,57.6245,59.1304,-4.67063,-1.76741
0,250,64.4726,63.134,-0.104757,-0.296246
0,250,36.6548,74.3963,-4.08792,9.84626
0,250,67.9989,68.469,-2.54963,1.68431
0,250,51.9466,77.959,13.9988,1.25183
0,250,64.124,61.8065,0.171956,0.237685
0,250,35.9507,73.6869,-6.33289,8.44421
0,250,67.2686,65.3544,-0.166967,2.02088
0,250,68.1763,65.738,-0.608705,2.21566
0,250,65.8215,62.791,1.49593,1.88201
0,250,68.861,71.8485,-3.39148,0.226482
0,250,70.0986,69.0037,-0.199827,3.59288
0,250,66.5247,62.7563,-0.393329,1.46839
0,250,69.4373,65.319,-0.188357,1.98614
0,250,65.0956,60.5751,0.0687075,1.47402
0,250,45.9942,60.7181,-13.9711,1.28914
0,250,71.8818,72.0473,-2.1203,1.44317
0,250,71.993,74.8504,-4.00695,3.92919
0,250,72.3494,77.1139,-5.95663,0.640459
0,250,56.5156,57.6288,-5.3583,-2.17353
0,250,35.2907,67.8167,-18.505,10.316
0,250,44.1953,77.916,6.55452,1.67266
0,250,61.6019,59.0319,-1.50524,-0.125032
0,250,72.1078,69.4592,0.0409135,5.21866
0,250,33.9106,73.2147,-10.407,9.23335
0,250,36.8342,76.9915,-3.19834,5.89689
0,250,34.5174,77.3175,-7.01853,4.85231
0,250,34.8596,75.1053,-6.08866,5.23172
0,250,73.1569,72.507,-1.57095,3.61758
0,250,39.2802,63.7444,-16.6795,5.03827
0,250,45.5078,59.3143,-14.8319,1.24486
0,250,38.4245,64.2886,-19.2014,7.32512
0,250,34.5477,69.0113,-18.7997,5.53043
0,250,50.8232,57.565,-10.5085,-1.80102
0,250,66.7506,61.172,0.735915,2.7461
0,250,62.8345,58.9234,-1.34106,0.546477
0,250,44.6351,60.2846,-14.5934,1.4984
0,250,26.5054,72.103,-13.6619,-5.35825
0,250,69.5506,62.2376,1.82106,4.2548
0,250,63.402,59.2461,-1.61279,1.44637
0,250,66.8846,60.2168,0.339231,3.76493
0,250,33.9492,67.7889,-7.72256,-0.0105339
0,250,69.2682,61.7685,1.29434,3.51062
0,250,68.0794,61.9892,1.5463,4.1284
0,250,33.1243,69.4216,-14.6588,6.10091
0,250,71.4442,62.26,1.88464,4.73116
0,250,32.8054,70.9702,-14.0877,8.80904
0,250,33.2443,67.8097,-3.93815,-0.0467679
0,250,59.5288,57.038,-3.71659,-0.828541
0,250,33.3457,68.4807,-15.9361,3.83227
0,250,43.5309,60.5634,-14.5802,2.55218
0,250,71.2929,63.3083,1.15065,4.49489
0,250,73.9978,66.0862,1.57707,5.49197
0,250,74.5993,66.0645,1.43896,5.88452
0,250,74.3788,65.0655,0.888152,6.81929
0,250,74.7825,71.8377,-1.0569,5.51609
0,250,71.6234,64.7779,1.11957,4.0551
0,250,73.5922,78.2233,-4.99967,0.148652
0,250,75.0711,66.0065,1.22089,5.76511
0,250,72.598,65.2328,-0.0260191,4.82834
0,250,73.5559,65.5062,1.62985,5.97679
0,250,74.7241,78.343,-4.56318,0.341949
0,250,78.3304,76.5086,-0.263829,5.12721
0,250,73.2897,70.8592,-1.76002,5.45944
0,250,74.5214,73.6831,-2.49488,5.54263
0,250,64.082,76.7324,-4.32115,-1.46625
0,250,64.4355,59.072,-0.70188,1.75812
0,250,72.1182,64.7117,1.5108,4.6515
0,250,60.6063,71.5955,-5.2341,-5.81428
0,250,73.9959,67.7721,0.876925,6.54231
0,250,77.1673,75.7295,-5.24233,2.86189
0,250,73.3252,64.221,2.33648,6.03192
0,250,70.081,62.3896,1.66228,4.76388
0,250,73.6225,72.4514,-2.59138,3.11716
0,250,61.915,73.4502,-2.62008,-7.23588
0,250,66.8891,76.1442,-7.26099,-1.01954
0,250,60.5417,69.8259,-3.47661,-7.1725
0,250,32.2061,59.4367,-0.421193,-15.0623
0,250,36.9647,51.8477,3.32792,-14.9394
0,250,36.9136,43.1752,3.70374,-20.1553
0,250,32.5437,50.055,2.64743,-10.1087
0,250,33.2623,58.666,0.769991,-14.7454
0,250,25.2163,71.9816,-13.1591,-7.61955
0,250,30.0356,78.1533,-10.4495,-0.383488
0,250,32.1998,78.54,-7.30757,4.13782
0,250,48.2122,65.4485,-10.3978,-3.79945
0,250,51.4964,63.7588,-10.868,-7.14461
0,250,45.6895,64.3048,-13.8641,-1.52995
0,250,42.5035,65.5559,-16.1342,4.40121
0,250,56.4705,72.5965,0.583292,-9.76819
0,250,50.2474,61.7284,-11.8976,-3.05577
0,250,36.8153,73.8853,-5.21437,10.8483
0,250,37.6471,69.6924,-17.2853,10.3201
0,250,62.2291,63.6892,-2.04469,-0.561156
0,250,61.8348,63.3539,-1.43701,-2.29239
0,250,41.6974,74.9199,3.88301,2.41872
0,250,57.1751,59.7333,-4.97932,-4.65045
0,250,36.2492,69.0004,-14.794,8.84263
0,250,67.2235,65.8926,-0.474639,1.92728
0,250,56.4148,73.758,-1.94675,-14.356
0,250,54.8562,69.7242,-6.3137,-12.6731
0,250,69.249,68.4493,-0.451099,3.13989
0,250,39.1763,75.2816,-0.943325,4.69745
0,250,53.1183,77.5548,13.4009,-6.83437
0,250,50.883,78.4941,11.3919,2.12319
0,250,46.2378,60.3541,-14.8101,1.37103
0,250,64.392,61.3641,0.497357,0.25106
0,250,69.3438,66.7857,-0.182629,2.09869
0,250,56.7804,57.9906,-5.88791,-3.3881
0,250,51.1845,58.0356,-11.5839,-2.87064
0,250,65.4935,62.1396,-0.549709,2.09286
0,250,64.6591,60.5304,-0.243925,1.47709
0,250,47.4512,59.4693,-13.8339,1.00469
0,250,46.8378,59.8981,-13.4026,-0.0910257
0,250,71.4325,74.8716,-4.72084,4.79041
0,250,70.8926,66.8016,-1.01474,4.4466
0,250,72.3363,72.3364,-2.55027,4.04651
0,250,54.8807,58.5765,-5.70545,-1.26169
0,250,56.8791,79.2287,5.79337,-1.80069
0,250,62.4957,59.038,-1.21059,0.655612
0,250,44.9751,60.4046,-13.704,1.99152
0,250,72.4835,75.7418,-2.09258,4.74603
0,250,46.2956,59.3503,-13.386,1.42752
0,250,48.8427,58.1771,-11.7346,0.003834
0,250,55.2889,57.7774,-6.4342,-2.3327
0,250,62.3335,58.3857,-1.10395,0.890483
0,250,34.9243,75.5338,-4.58739,6.05302
0,250,30.3862,74.805,-15.7245,3.20481
0,250,29.983,74.4333,-12.4662,5.42494
0,250,31.2652,73.6693,-12.3233,6.79657
0,250,33.9806,70.8562,-12.5033,7.66714
0,250,35.2332,66.2939,-19.481,7.84299
0,250,53.1405,57.5072,-9.56923,-0.961326
0,250,26.975,72.7013,-15.4813,-0.662896
0,250,28.726,76.7969,-11.4728,2.00073
0,250,53.5965,57.5121,-8.30057,-0.39597
0,250,52.6348,57.9959,-10.7221,-1.0447
0,250,57.1512,56.9951,-6.41421,-1.64958
0,250,72.6604,64.6689,1.19203,4.33389
0,250,65.0529,59.0446,0.0754266,2.39626
0,250,32.4661,73.9938,-11.2405,5.45358
0,250,65.4939,59.8126,-0.717574,2.18865
0,250,72.0462,62.4781,1.89659,4.65279
0,250,73.0803,65.1677,1.74325,5.38299
0,250,51.5228,57.2417,-10.0174,-1.94919
0,250,37.6616,63.386,-20.6338,1.52636
0,250,70.2765,63.1544,1.89898,3.61708
0,250,75.3084,66.5861,0.923101,8.29275
0,250,75.8022,67.7381,1.68653,8.03933
0,250,73.6447,62.9724,0.369201,4.32292
0,250,74.7586,65.5197,1.874,7.20865
0,250,75.5285,69.4842,-0.62855,7.6489
0,250,73.6105,64.988,0.885597,6.25436
0,250,75.6478,71.3336,-1.15016,6.05977
0,250,75.5681,73.2122,-1.32791,7.45495
0,250,61.6497,76.8122,-6.37169,-1.85783
0,250,74.7408,70.2001,-1.28422,5.54827
0,250,62.0875,76.8885,-3.39344,-1.01943
0,250,76.9329,71.355,-1.88339,6.4133
0,250,75.9257,69.1869,0.227521,7.31427
0,250,61.5231,70.0958,-2.8147,-4.87622
0,250,61.1669,72.5731,-5.46588,-4.78064
0,250,78.9456,73.2665,-0.179072,1.099
0,250,75.0639,73.1854,-1.05324,5.24014
0,250,74.2053,74.7883,-1.24967,4.80006
0,250,76.655,79.5198,-1.10394,0.270346
0,250,74.9988,73.6726,-2.1795,5.15097
0,250,64.7087,77.8717,-3.81409,-0.418328
0,250,61.3747,72.0324,-4.70353,-6.20068
0,250,75.5639,77.299,-3.44301,2.05088
0,250,60.9507,57.6972,-2.43081,0.186032
0,250,59.4417,78.6851,-3.7594,4.22777
0,250,73.1982,66.8603,1.00282,4.70618
0,250,62.6326,79.5933,-3.78038,-1.96922
0,250,79.1411,75.716,-2.56524,3.83085
0,250,65.543,74.701,-6.19442,-2.45917
0,250,75.6517,79.1121,-4.56629,1.12212
0,250,26.4107,61.0019,-3.96818,-9.45204
0,250,34.3503,52.6611,1.15422,-14.0202
0,250,35.0405,53.0967,2.57717,-11.4856
0,250,35.7204,50.4563,3.74968,-14.4728
0,250,28.5732,78.5066,-13.7235,2.16466
0,250,27.2265,78.2892,-12.6118,1.61617
0,250,55.4288,64.9459,-7.37984,-8.8753
0,250,50.8798,68.7422,-4.53166,-1.08048
0,250,45.383,64.7583,-12.6332,-1.32311
0,250,39.0067,74.6096,-4.10323,5.80499
0,250,42.6685,65.1438,-16.2386,4.15056
0,250,36.8533,72.8556,-7.01016,16.2964
0,250,46.3674,62.4965,-14.3303,-1.44755
0,250,54.444,60.0244,-7.30109,-3.82753
0,250,37.0776,69.4367,-17.3887,10.6225
0,250,46.6286,61.3492,-13.2386,0.469756
0,250,51.3136,77.9945,10.3217,2.22977
0,250,53.6307,60.0785,-9.61246,-3.11687
0,250,36.589,69.1708,-18.1638,9.61392
0,250,47.5273,60.2801,-13.1351,-0.231385
0,250,61.4092,61.0431,-1.23085,-0.252957
0,250,52.5276,78.2444,13.0505,-4.21497
0,250,42.5808,76.9646,5.03435,3.87853
0,250,45.0003,60.9407,-15.4832,2.74104
0,250,58.0131,58.4532,-5.24159,-2.27412
0,250,68.9561,65.6946,-1.99305,2.03426
0,250,36.4388,73.5672,-6.89071,11.3639
0,250,63.157,60.9298,-0.433891,0.452364
0,250,41.2727,63.8622,-17.1788,6.89269
0,250,67.1618,64.3181,0.550599,0.821013
0,250,69.8844,66.785,-0.476236,3.803
0,250,65.0706,61.2299,-0.380797,0.625182
0,250,69.7118,66.3835,-0.987298,4.22487
0,250,57.7117,72.2593,-3.01433,-10.6433
0,250,45.743,60.0724,-14.2144,1.95556
0,250,72.6071,74.8932,-4.4581,5.48007
0,250,34.9536,72.5574,-8.75586,12.9421
0,250,71.7171,70.451,-1.15454,4.79371
0,250,44.2327,78.4184,11.138,-1.17914
0,250,34.8601,68.9915,-17.9203,9.89915
0,250,35.6713,74.557,-6.89942,10.6814
0,250,38.1662,65.9083,-17.5027,11.5943
0,250,63.396,60.1079,-0.751646,-0.300095
0,250,36.6777,76.3025,-3.72866,4.83181
0,250,33.6727,76.6729,-9.58923,3.07434
0,250,34.3091,71.4876,-13.7656,10.1109
0,250,63.5163,59.6867,-0.872724,0.816079
0,250,32.8688,75.9361,-8.71735,6.69753
0,250,33.2052,78.1301,-7.28678,5.97078
0,250,30.507,75.3187,-10.9733,2.60303
0,250,28.4887,73.0706,-16.9669,1.48628
0,250,33.9105,69.1281,-13.0135,5.72884
0,250,33.5498,73.6285,-10.6856,10.5211
0,250,38.6092,63.7115,-12.5712,4.8923
0,250,66.1405,60.2471,0.323452,3.48063
0,250,28.6616,73.6989,-16.7752,1.18453
0,250,41.1464,61.3719,-21.2129,1.67314
0,250,70.6106,62.47,1.86161,5.16755
0,250,66.3923,60.7375,1.63454,2.0235
0,250,27.2038,72.0604,-14.8997,-1.43152
0,250,28.1802,71.7224,-16.4463,-0.807884
0,250,32.8261,71.7377,-11.5122,11.1679
0,250,26.3925,69.3797,-13.7589,-7.53931
0,250,35.3246,66.7332,-18.573,10.3651
0,250,71.672,61.5499,2.17453,4.55941
0,250,42.4676,60.0668,-14.5746,2.13723
0,250,71.0187,61.3663,1.84458,5.54266
0,250,69.2158,61.1573,1.77391,5.31893
0,250,31.2506,73.2531,-12.5864,5.80892
0,250,36.415,46.2232,3.17968,-16.9897
0,250,71.1507,61.664,2.35939,5.17417
0,250,79.4966,74.4103,-2.09741,2.20155
0,250,75.2837,67.4678,0.609606,6.89905
0,250,74.0602,72.3318,-2.90613,5.08271
0,250,75.5931,70.6035,-0.921207,6.19532
0,250,77.7701,67.9054,1.68933,7.24448
0,250,64.0109,58.374,-1.08354,1.6077
0,250,71.8272,65.7408,0.732799,3.59313
0,250,79.4533,74.8469,0.316447,5.04609
0,250,76.3932,71.3589,-1.62193,5.97929
0,250,62.24,77.594,-5.69087,-2.55451
0,250,77.3799,69.6983,1.1709,9.2755
0,250,73.0285,68.5791,-0.965658,4.40747
0,250,76.9513,79.2985,1.46771,-1.45939
0,250,77.9317,79.5267,-3.9137,-0.460804
0,250,60.4449,72.1525,-4.8921,-6.86201
0,250,75.8248,75.281,-2.22748,5.0745
0,250,71.4882,79.5899,-5.28645,-3.76275
0,250,79.6019,79.5608,4.27168,1.06628
0,250,74.8193,67.4358,2.36952,5.65298
0,250,60.3623,73.1437,-5.91333,-6.64456
0,250,62.0201,71.7608,-4.94965,-4.63286
0,250,70.6616,79.5141,-8.22722,1.60441
0,250,62.611,71.8501,-3.78998,-5.4266
0,250,66.7849,78.7596,-7.03755,0.130518
0,250,64.1985,78.9332,-8.05622,-0.0235891
0,250,74.1033,75.3019,-2.90168,3.54098
0,250,71.6822,63.7536,2.08033,4.74468
0,250,63.3027,68.2785,-3.43965,-2.45899
0,250,49.3723,58.1083,-12.4166,-0.470421
0,250,33.1768,54.1039,1.60832,-14.2059
0,250,37.8116,54.4452,5.23112,-12.8556
0,250,33.8537,53.3851,0.959501,-11.5175
0,250,42.6804,45.8401,9.719,-16.4876
0,250,26.0094,66.5992,-6.10149,-10.0062
0,250,49.763,66.5701,-7.40273,-3.70855
0,250,45.8663,69.5241,-10.2311,1.82018
0,250,47.4536,64.8175,-12.555,-2.76147
0,250,44.2407,64.3736,-15.5286,2.2674
0,250,47.838,61.8541,-12.7959,-1.74692
0,250,42.1481,65.921,-16.6569,4.44434
0,250,42.5841,66.137,-15.785,3.09521
0,250,47.9863,62.9458,-13.351,-1.48472
0,250,36.3889,72.1007,-10.7167,13.6117
0,250,40.5352,65.2446,-19.6722,6.96577
0,250,44.0993,63.0059,-15.7983,2.7594
0,250,58.5155,66.055,-6.04395,-7.46318
0,250,60.3781,60.8832,-2.00251,-3.72702
0,250,38.4528,66.8429,-18.4681,10.3603
0,250,60.2051,59.9759,-2.4991,-1.46148
0,250,35.3808,70.6736,-14.1859,13.5872
0,250,42.0393,63.9992,-17.0529,6.3796
0,250,47.4271,76.3525,5.54428,1.89111
0,250,49.8295,77.1238,11.017,1.96879
0,250,45.4535,60.5414,-14.9635,0.843627
0,250,54.5231,58.8201,-7.75969,-2.96658
0,250,64.6297,61.8214,-0.743365,0.695051
0,250,35.9496,67.9349,-18.7652,10.2816
0,250,55.9447,57.8369,-6.66194,-2.04366
0,250,62.5176,60.5396,-0.615083,-0.833197
0,250,35.1201,73.1377,-10.6277,11.5935
0,250,34.7924,70.3837,-14.9388,10.9878
0,250,70.5786,68.1887,-1.05851,3.73508
0,250,46.6705,59.2969,-14.3602,1.69499
0,250,69.9381,65.5453,0.935595,2.67557
0,250,36.9653,78.1963,-2.9099,2.41786
0,250,37.851,76.4874,0.523114,2.74962
0,250,37.8068,77.7251,-0.921075,3.31955
0,250,44.1648,60.6894,-14.2639,1.89354
0,250,35.1656,76.6591,-4.7976,5.24854
0,250,38.2479,77.2328,-1.11446,3.6331
0,250,47.9222,59.0734,-12.6178,0.957613
0,250,64.4816,60.1341,-1.25316,-0.372813
0,250,34.3363,70.7721,-11.4543,8.8863
0,250,36.0905,76.3798,-3.00633,4.57536
0,250,32.5548,75.1391,-9.67833,2.64187
0,250,31.5667,75.6478,-9.1271,3.81798
0,250,67.9733,62.3345,1.18022,2.67775
0,250,35.4522,68.6298,-18.4179,7.36531
0,250,28.0218,73.576,-13.4554,1.93641
0,250,33.8547,69.9923,-14.3815,10.9993
0,250,37.0218,66.629,-15.9268,13.1868
0,250,59.2392,57.3311,-2.89923,-0.777131
0,250,56.5728,56.8612,-6.16007,-1.34131
0,250,27.6421,73.9772,-13.7913,-0.10454
0,250,36.6398,66.9498,-20.0234,12.4539
0,250,49.6454,57.6204,-11.5032,-0.837798
0,250,68.8234,61.4058,1.8644,4.0873
0,250,31.8227,73.3243,-12.3481,4.02643
0,250,29.6756,73.6528,-12.8267,6.212
0,250,35.9413,66.6296,-18.8126,9.79926
0,250,33.0056,72.9444,-13.2544,6.94522
0,250,74.2938,65.68,2.59589,6.26149
0,250,75.7132,65.7404,1.4079,7.61285
0,250,66.2643,60.0447,0.722028,2.43652
0,250,73.8167,64.1237,1.20452,6.06813
0,250,27.4412,71.5938,-11.7604,-2.88476
0,250,65.553,58.884,-1.22099,2.87162
0,250,76.5401,68.5149,1.66688,6.49837
0,250,75.9548,66.6306,0.0385425,7.38066
0,250,76.6681,66.3346,0.469346,6.27454
0,250,76.1271,66.2305,2.31896,7.64957
0,250,29.5244,72.5605,-11.8042,5.70625
0,250,76.694,70.4826,0.670467,6.07925
0,250,76.0077,71.0419,-0.999465,6.43743
0,250,73.1108,70.3505,-1.03588,4.90006
0,250,75.2379,68.5437,-0.694136,6.38536
0,250,74.4189,71.4201,-1.23438,5.62107
0,250,76.4767,71.7605,-0.221934,6.12969
0,250,67.2785,79.1308,-4.8031,-1.31586
0,250,61.2042,73.7547,-3.79603,-6.40616
0,250,72.9298,68.9628,-0.570605,4.3048
0,250,76.9236,69.9525,0.234593,7.71794
0,250,66.9113,79.4533,-3.98599,-1.42
0,250,75.3124,71.7219,-2.66427,5.56483
0,250,74.6036,69.149,-1.19917,7.08466
0,250,72.7027,79.0438,-5.89548,1.14666
0,250,63.0335,69.8153,-3.22807,-3.24069
0,250,76.1815,73.8551,-1.39809,5.46173
0,250,74.4187,74.1256,-2.96537,5.57366
0,250,61.6581,75.6418,-1.05871,-5.13875
0,250,63.5832,76.0411,-5.68846,-3.19304
0,250,63.1949,78.9555,-4.01836,2.00592
0,250,60.9033,71.0895,-3.67819,-5.89693
0,250,64.7016,70.7577,-4.61123,-2.12568
0,250,71.8698,66.7912,-0.432202,4.24549
0,250,62.9682,78.2638,-5.83483,-0.52998
0,250,61.8026,77.3727,-4.59353,-0.773269
0,250,78.9451,78.2359,-0.877631,3.46714
0,250,75.8614,76.186,-5.6294,3.81377
0,250,33.2724,52.365,-1.74818,-13.5518
0,250,25.782,63.1761,-5.00935,-9.677
0,250,35.3066,51.9765,1.28541,-14.0127
0,250,35.4327,52.3272,1.88982,-14.8465
0,250,31.8167,54.1619,1.75532,-8.27907
0,250,58.2597,72.7791,-2.45247,-10.3291
0,250,52.7082,62.9144,-8.85251,-5.76172
0,250,54.4009,65.9969,-7.91668,-11.3275
0,250,40.5839,66.4432,-19.8926,3.82134
0,250,55.3607,70.4348,-7.65525,-13.4138
0,250,44.9306,76.4674,7.19928,2.85996
0,250,50.7038,60.7406,-11.7689,-2.03242
0,250,48.694,60.4503,-12.4583,-0.674673
0,250,38.4688,70.0005,-17.4927,9.93394
0,250,62.4737,63.3507,-0.508168,-0.300466
0,250,61.1848,63.9669,-2.95653,-3.3458
0,250,45.1421,61.4982,-16.4764,2.07393
0,250,45.0729,61.9847,-14.7382,0.585158
0,250,53.2679,72.5155,-1.58733,-1.28937
0,250,40.3853,76.0215,5.31614,3.46442
0,250,55.9664,58.9131,-5.80742,-3.38142
0,250,62.4139,60.9768,-1.27766,-0.198305
0,250,68.8994,68.1075,-0.183812,2.84019
0,250,46.719,77.888,9.48624,2.72128
0,250,65.0825,61.6308,0.543598,0.745652
0,250,63.3726,60.6697,-0.87317,0.395174
0,250,68.2597,64.8414,0.229389,2.23797
0,250,66.3612,63.9415,-0.564563,1.81085
0,250,64.0909,60.704,0.367645,0.472042
0,250,37.463,76.0828,0.903807,8.63339
0,250,54.6665,64.3906,-8.19829,-10.4042
0,250,55.7502,77.3186,7.1655,-7.81874
0,250,66.3406,61.5919,1.37796,2.21143
0,250,53.8392,58.6933,-7.78447,-2.88697
0,250,38.1527,75.6457,-1.30546,8.53931
0,250,42.4967,77.8966,7.4016,1.8209
0,250,34.3729,76.541,-7.99977,5.95808
0,250,34.8294,76.3962,-3.44526,5.69076
0,250,63.9557,59.2721,-0.625386,1.56104
0,250,69.6535,64.2361,-0.574831,1.86902
0,250,37.2014,77.3412,-2.25776,5.21679
0,250,33.8879,71.9069,-10.2294,12.159
0,250,62.7319,59.8484,-1.67565,0.424575
0,250,33.5062,75.8276,-11.2125,3.81841
0,250,31.852,76.4875,-12.2873,4.75955
0,250,32.2988,74.7904,-11.5576,5.62039
0,250,34.0278,75.2235,-6.23467,4.79806
0,250,29.1688,77.6737,-9.60912,2.34741
0,250,33.413,72.4746,-11.5495,9.69774
0,250,39.7347,63.6822,-16.4665,6.70246
0,250,49.1911,57.6435,-10.1682,-0.779906
0,250,28.2991,72.7075,-15.5208,-1.18362
0,250,28.8948,72.1922,-16.2397,0.830379
0,250,27.9122,73.2234,-15.7851,1.73052
0,250,28.9697,72.6292,-13.8464,-0.0124626
0,250,33.1529,68.8185,-12.238,5.5812
0,250,33.4658,73.0183,-10.3078,9.20712
0,250,57.8824,56.8936,-4.50899,-0.984511
0,250,32.5497,71.495,-12.4006,10.4624
0,250,44.1603,59.3072,-13.7442,-0.142597
0,250,30.5991,73.3337,-16.4225,7.23701
0,250,76.7584,68.8923,-0.586986,7.84126
0,250,55.7156,57.4651,-7.37975,-2.22491
0,250,70.692,61.7434,1.9597,5.17694
0,250,27.5647,70.7507,-14.2471,-5.80751
0,250,76.1419,68.0999,0.943289,6.37971
0,250,76.5347,69.6634,0.602892,5.76302
0,250,31.8873,64.1319,-5.3925,-14.7604
0,250,36.0032,44.7965,2.24142,-19.1329
0,250,76.097,70.605,-1.20883,6.85959
0,250,74.1128,66.4872,0.613138,5.4426
0,250,75.2834,70.1844,-0.80111,6.38494
0,250,75.1027,72.2714,-1.67324,5.42452
0,250,74.3923,67.5387,0.296869,4.67795
0,250,74.9072,67.9881,-0.339415,5.51601
0,250,77.1527,73.6885,-2.69289,2.22431
0,250,77.4974,71.2518,-0.631894,3.72165
0,250,75.2743,70.964,-0.910436,5.45506
0,250,77.2232,76.2367,-2.58947,2.7371
0,250,73.8911,70.163,-1.18012,5.68948
0,250,61.1621,75.0394,-3.12294,-5.75436
0,250,75.9168,73.4393,-2.34896,5.92355
0,250,61.6744,75.0372,-3.57316,-6.00634
0,250,76.2637,67.5245,1.7905,6.46727
0,250,78.3336,76.0857,0.56535,2.38375
0,250,75.4984,72.7271,-1.78778,6.57387
0,250,60.366,69.0092,-6.20047,-6.83763
0,250,74.6519,74.5412,-1.7928,4.79815
0,250,74.805,66.9548,2.90755,5.39666
0,250,73.5415,73.4762,-3.11063,3.82311
0,250,60.6796,73.6105,-4.59786,-5.41388
0,250,74.3723,79.613,-3.05011,1.65068
0,250,75.9778,75.7574,-3.44281,4.23254
0,250,73.2596,68.1788,-0.34449,4.60614
0,250,60.8683,73.2117,-4.95033,-5.45371
0,250,72.879,79.5573,-6.36119,-0.311101
0,250,75.0573,79.1992,-4.44303,0.251439
0,250,62.3071,70.2817,-4.23007,-4.52577
0,250,73.3709,74.4913,-3.68387,4.39643
0,250,69.4576,63.0063,1.21892,3.14853
0,250,32.9585,57.2571,1.30065,-10.5274
0,250,32.8285,53.1605,-0.917336,-11.8913
0,250,35.593,51.6923,2.56631,-14.2249
0,250,25.3648,65.5545,-6.67778,-11.0048
0,250,26.7849,77.7138,-12.0173,0.143257
0,250,49.7148,64.0369,-11.0849,-3.40105
0,250,47.2823,65.6437,-11.1125,-1.53382
0,250,48.4265,62.1547,-11.2208,-3.01172
0,250,50.3043,61.315,-10.6404,-3.24316
0,250,52.7192,61.5463,-9.57226,-6.91532
0,250,47.532,61.3698,-14.0476,-1.16491
0,250,49.4272,64.8973,-10.0853,-5.16452
0,250,47.3432,61.8591,-13.1449,-1.14139
0,250,44.5478,63.4033,-14.9745,2.41794
0,250,38.4846,69.0991,-18.9629,10.5509
0,250,38.247,67.6792,-18.8188,10.7481
0,250,48.4609,59.969,-13.7447,-1.20064
0,250,37.8776,75.2931,1.87899,7.19028
0,250,57.7394,76.5243,6.87311,-7.22372
0,250,47.1241,60.1046,-15.0532,0.144066
0,250,38.9454,66.1532,-17.7172,9.1783
0,250,36.2496,74.218,-8.47982,8.67326
0,250,49.1613,59.1329,-12.542,-0.776824
0,250,60.5945,59.3355,-2.5026,-2.01685
0,250,66.2904,62.0862,0.12161,1.57477
0,250,51.1233,64.7772,-9.3502,-7.27429
0,250,70.4032,67.6794,-0.50483,3.62352
0,250,45.1077,77.9828,9.30428,2.85362
0,250,60.2638,58.9349,-3.04716,-1.43364
0,250,55.0461,77.0898,12.1159,-10.0963
0,250,38.8218,76.3259,-1.95819,3.69829
0,250,53.194,58.8972,-7.71846,-3.15515
0,250,71.9111,71.4616,-1.98948,4.10154
0,250,36.7368,77.7351,-2.49675,3.28026
0,250,62.1643,59.717,-1.30184,0.6027
0,250,35.41,77.2746,-5.06734,4.17964
0,250,39.2358,78.0058,-0.179214,3.57402
0,250,34.4438,69.9088,-12.4633,13.2641
0,250,67.3343,62.2561,0.737458,2.95251
0,250,36.6799,78.5111,-0.955559,3.30508
0,250,69.9438,65.0456,0.319412,2.50698
0,250,73.5489,75.3475,-3.90707,3.25511
0,250,31.1581,76.3531,-12.7337,3.96556
0,250,44.4971,59.9512,-13.6234,1.73581
0,250,29.1569,74.118,-11.3116,3.33035
0,250,28.962,76.4575,-12.7872,0.475028
0,250,29.6373,74.6583,-10.5568,4.49351
0,250,31.3582,74.2367,-11.9552,2.11252
0,250,47.0165,58.8218,-12.7767,1.15637
0,250,61.5527,58.6601,-1.98836,0.0958537
0,250,25.8901,71.2045,-14.1761,-3.94625
0,250,27.6333,71.2664,-14.233,-4.27559
0,250,31.8568,69.7769,-9.04464,18.6782
0,250,33.8856,60.9518,2.82852,-8.299
0,250,28.6802,71.8049,-17.0473,2.61318
0,250,29.7997,73.1895,-17.7678,4.44472
0,250,63.2459,58.7938,-1.75047,1.28142
0,250,55.421,57.0835,-6.96504,0.400944
0,250,73.0832,64.7034,1.29065,4.6424
0,250,75.25,65.5664,1.30917,7.87319
0,250,33.6477,64.0672,13.6105,-2.40031
0,250,75.7561,70.0999,-2.25376,6.6251
0,250,78.976,74.6195,0.214659,5.01613
0,250,37.2302,43.9016,2.80542,-18.4132
0,250,75.7184,68.3617,-0.492858,5.66998
0,250,66.6318,59.5197,-0.622147,2.96746
0,250,37.9737,78.6931,-1.97004,1.49514
0,250,33.2312,60.0659,4.31824,-16.6432
0,250,76.9783,69.4292,0.153129,7.97285
0,250,75.8319,67.2332,1.60699,6.11235
0,250,77.1862,70.3165,0.0981884,5.40162
0,250,74.2931,64.5791,1.09432,7.00267
0,250,74.9967,72.7116,-2.1787,5.79112
0,250,76.2494,66.9597,1.06004,6.65128
0,250,78.6159,71.0323,0.842617,3.53785
0,250,73.9739,65.306,0.240319,7.31547
0,250,76.647,74.514,-3.86451,4.88884
0,250,78.2598,68.1989,-0.283418,6.3543
0,250,76.6577,73.691,-1.54221,5.17507
0,250,74.5246,73.1687,-1.47634,4.4137
0,250,78.1336,72.857,0.116865,4.19
0,250,73.381,69.9841,-0.546137,5.38381
0,250,61.2805,76.7494,-3.96119,-0.472715
0,250,78.0788,75.631,-0.94022,2.41371
0,250,72.9589,65.6637,0.59289,4.91525
0,250,77.8774,74.786,-3.53375,3.12987
0,250,78.5355,75.0254,-1.87612,1.88973
0,250,63.1836,79.6061,-2.19288,-0.101734
0,250,79.4141,73.9592,1.18131,-0.431004
0,250,75.5781,72.1966,-2.45107,6.04741
0,250,76.8838,77.1914,-1.13504,2.14462
0,250,61.3146,69.5644,-3.84842,-6.03084
0,250,61.0091,71.6141,-4.33375,-6.80031
0,250,73.464,67.2917,-0.0262979,4.91436
0,250,61.3755,71.1777,-4.71726,-6.33631
0,250,61.2542,77.9185,-4.13107,-3.88447
0,250,60.1086,71.3863,-3.09947,-6.67922
0,250,77.3878,78.2975,-1.11797,0.0870731
0,250,63.0751,74.731,-5.31812,-4.14338
0,250,60.969,68.093,-4.67399,-6.68285
0,250,36.3851,51.1963,4.10871,-15.7414
0,250,31.8389,51.1065,1.47952,-8.05951
0,250,36.7313,51.01,2.37346,-15.9329
0,250,32.4724,62.4642,-0.330978,-24.2071
0,250,38.8135,60.1239,2.33199,1.34516
0,250,35.6852,48.7009,2.61071,-13.4952
0,250,45.4965,65.9233,-10.4928,-1.22151
0,250,52.9221,74.7535,-0.271208,3.52345
0,250,46.8186,62.7974,-13.1082,-1.9382
0,250,59.3492,61.6155,-3.31277,-3.84656
0,250,56.555,60.5251,-5.09787,-4.43541
0,250,36.8979,71.5136,-9.79603,13.8366
0,250,46.8036,60.8782,-14.0259,0.5367
0,250,38.8158,68.2372,-18.6774,10.1525
0,250,59.84,60.6428,-3.80278,-2.94992
0,250,43.2623,62.5331,-16.337,3.06862
0,250,43.4418,62.346,-15.5974,2.8364
0,250,34.7718,70.741,-12.3959,10.2282
0,250,53.2865,59.3169,-8.72458,-4.07014
0,250,56.2172,73.0291,-2.18983,-11.6451
0,250,57.2514,71.2887,-4.96237,-12.7014
0,250,46.1443,78.3932,11.7908,2.76911
0,250,44.1151,61.8011,-15.7829,3.51763
0,250,59.5337,58.3165,-3.37226,-2.2625
0,250,61.6783,60.058,-1.53668,-0.190061
0,250,52.1635,78.5418,13.31,-1.33169
0,250,68.8582,65.2037,1.18442,1.96391
0,250,56.8226,77.6186,4.53772,2.63993
0,250,35.5848,72.8115,-9.79199,13.2227
0,250,53.6838,66.7471,-9.23267,-12.219
0,250,57.4411,77.0024,-1.29032,-1.25199
0,250,50.2111,58.0635,-11.4894,-1.32156
0,250,72.3012,73.9942,-3.82668,3.65433
0,250,57.2596,76.7241,7.03309,-7.41943
0,250,39.0078,76.6618,0.457995,1.95291
0,250,57.2356,57.3153,-6.30219,-1.53181
0,250,35.6718,77.7164,-1.30744,5.72676
0,250,38.29,76.8404,-0.451417,4.86073
0,250,37.0637,67.2583,-19.5197,10.709
0,250,34.8386,74.0325,-9.70521,7.0993
0,250,34.6334,72.0035,-9.73224,10.5025
0,250,32.8055,76.2823,-9.3223,3.50153
0,250,30.9219,75.7072,-10.6284,4.56527
0,250,35.4621,75.974,-3.8724,5.96117
0,250,32.1535,75.8162,-10.1443,4.90628
0,250,31.2359,75.2912,-13.0068,4.10061
0,250,28.9084,74.8185,-12.3535,0.697201
0,250,27.8321,72.5043,-13.4858,-1.75676
0,250,25.2762,70.232,-15.0407,-10.0469
0,250,28.9769,75.8727,-11.7659,0.972928
0,250,56.0228,56.9281,-7.05573,-0.31787
0,250,25.841,67.8047,-8.50051,-9.62516
0,250,33.1513,69.8531,-8.53791,10.9799
0,250,32.7507,69.161,-6.44842,6.94654
0,250,45.1933,58.4239,-13.4758,0.218955
0,250,32.984,67.8149,-5.23652,-3.84516
0,250,33.8579,65.6864,11.0975,-6.48331
0,250,33.5724,68.6581,-16.2079,4.22758
0,250,26.3492,71.6911,-14.2743,-2.16834
0,250,32.3853,68.7801,-3.42521,5.16725
0,250,25.6994,69.64,-10.9109,-8.85268
0,250,76.3429,69.2001,-0.759202,6.41858
0,250,28.279,71.2136,-15.9854,-0.37573
0,250,35.0018,60.5505,1.71061,-7.06093
0,250,68.5777,60.9713,1.04734,4.80179
0,250,54.0556,57.5545,-8.24517,-1.96009
0,250,77.6652,70.167,-1.14803,5.2916
0,250,77.0124,68.1139,0.415865,7.04504
0,250,77.1811,67.1649,1.21728,8.93724
0,250,62.8342,58.2581,-0.948011,0.689898
0,250,66.0553,59.3581,0.0743318,3.60873
0,250,73.4573,63.4339,2.01908,6.25231
0,250,74.9762,71.3725,-1.47407,5.78574
0,250,77.3299,65.1547,2.60201,7.22668
0,250,77.8944,70.8868,-1.21978,5.03821
0,250,79.5405,72.1515,-1.9476,0.740727
0,250,78.7778,67.8063,-0.597489,7.04298
0,250,78.8527,73.7736,-1.38013,2.6345
0,250,74.1545,71.794,-2.48946,3.78646
0,250,74.5739,70.9914,-1.77404,5.03007
0,250,77.3543,75.014,-1.86668,3.93271
0,250,74.2747,77.4135,-6.13426,4.60987
0,250,78.2493,64.318,-0.348411,6.62997
0,250,77.8967,69.6416,0.853522,6.7519
0,250,78.171,65.2299,-0.987186,6.4934
0,250,76.8976,71.995,-1.36726,6.12781
0,250,74.0274,68.976,-0.503118,5.59985
0,250,78.6084,75.5362,-1.10258,2.07154
0,250,75.8468,74.6021,-3.77471,3.7635
0,250,60.5292,78.2885,-0.755862,-3.05916
0,250,62.6663,70.0315,-4.42894,-4.81214
0,250,60.3674,70.8852,-3.26537,-7.64713
0,250,76.0815,79.5283,-3.9684,-2.77893
0,250,61.8146,69.5136,-3.38996,-5.10491
0,250,61.4049,70.6237,-4.676,-6.07998
0,250,62.5163,79.2107,-4.06835,0.848334
0,250,61.9267,79.5063,-1.6141,0.545436
0,250,63.113,75.8657,-4.69906,-4.55554
0,250,78.7614,79.1881,0.35922,1.66596
0,250,61.6306,71.4958,-3.98396,-5.90145
0,250,26.0098,63.5583,-4.35334,-8.6484
0,250,31.7331,53.5131,0.755592,-7.78261
0,250,34.2241,47.8932,4.93091,-12.5397
0,250,24.5502,74.9834,-13.4159,-4.17872
0,250,25.7589,73.2693,-13.5228,-1.19243
0,250,46.4552,65.2664,-12.291,-2.04665
0,250,52.9137,62.2065,-8.43226,-6.06826
0,250,47.8669,61.0338,-13.5833,-1.40014
0,250,52.6614,68.329,-4.27853,-5.59233
0,250,43.5657,63.1827,-16.069,3.17808
0,250,35.6408,71.5297,-13.421,10.2566
0,250,37.2078,72.1315,-12.7731,4.60875
0,250,38.4089,67.8882,-18.8868,10.4311
0,250,44.6377,62.7775,-15.1038,2.23115
0,250,64.0864,62.3308,-0.356974,0.26968
0,250,55.4762,76.4287,5.83195,-2.99269
0,250,40.273,75.3488,2.21414,-1.69439
0,250,64.5636,62.3591,0.0601008,-0.300982
0,250,55.1673,69.744,-5.32469,-15.2923
0,250,52.5506,77.9339,5.96815,-4.00336
0,250,56.6188,75.1446,5.5622,-8.645
0,250,36.4924,67.9379,-19.3778,10.6465
0,250,64.642,61.0229,0.113741,0.978162
0,250,39.5985,76.0861,0.950104,5.85099
0,250,39.3073,65.4774,-16.3339,9.03294
0,250,45.8163,79.2445,5.37423,-1.26572
0,250,51.2421,79.1729,12.4404,-0.59407
0,250,36.2376,73.1154,-4.13358,9.87344
0,250,39.4617,64.7275,-17.8756,8.80788
0,250,39.5068,76.5693,2.03608,5.72577
0,250,44.2037,60.9953,-15.6254,2.2541
0,250,41.0546,77.1172,3.99944,1.90421
0,250,38.6163,75.8259,0.81279,4.27643
0,250,42.3798,62.5466,-16.4114,3.5583
0,250,60.1604,58.5285,-2.8166,0.0845024
0,250,36.1188,77.7239,-4.962,6.5821
0,250,30.9748,76.758,-10.6025,0.0934152
0,250,33.4679,76.2671,-7.20201,3.71152
0,250,34.3957,75.5278,-7.6209,5.31425
0,250,37.3809,78.8329,-0.358868,1.28202
0,250,31.8226,74.6726,-9.8834,4.12267
0,250,33.0914,74.4562,-9.3214,6.53613
0,250,36.3625,76.6917,0.161104,7.13254
0,250,42.3955,61.6958,-11.81,2.59184
0,250,36.114,78.5786,-1.02266,2.59366
0,250,27.3361,73.5886,-14.3118,-0.0339435
0,250,48.8544,57.2451,-10.5008,-1.15047
0,250,25.5966,71.3532,-14.2582,-4.02489
0,250,45.0627,59.4984,-14.7846,0.108983
0,250,32.5021,73.5769,-10.7575,3.949
0,250,26.9488,71.6529,-11.1935,-3.94337
0,250,33.2572,71.3452,-11.3953,8.89761
0,250,27.1088,68.7086,-11.7504,-7.39977
0,250,28.7358,71.1285,-20.0139,1.24752
0,250,70.2435,61.2507,2.40133,5.87801
0,250,32.5773,69.6016,-10.4015,5.67899
0,250,34.0406,52.2643,0.618772,-11.8499
0,250,75.1274,69.7287,-1.68062,6.38358
0,250,30.434,70.9634,-13.5449,6.13896
0,250,76.3198,70.1556,0.16888,5.88458
0,250,50.6931,57.1783,-10.2719,-0.388395
0,250,36.2783,54.8695,4.51777,-13.8236
0,250,32.5713,72.8421,-11.4345,10.2537
0,250,34.9672,60.7852,2.92375,-7.78577
0,250,74.7794,64.9104,1.62259,6.79267
0,250,30.0363,72.8708,-17.6357,2.63722
0,250,71.6054,60.8612,2.13545,4.76527
0,250,70.5954,60.3307,1.6549,6.10166
0,250,76.7437,66.7695,0.320806,7.99281
0,250,54.0852,56.3641,-7.11789,0.800697
0,250,78.2314,67.6816,1.0536,8.39088
0,250,68.2973,60.4579,0.582156,5.07083
0,250,77.6959,69.2113,-0.841832,6.87311
0,250,77.4222,74.1298,-4.04384,2.86605
0,250,78.3007,68.8262,0.197492,6.27767
0,250,76.073,72.1634,-3.42044,4.63375
0,250,79.119,67.445,-0.622216,4.01534
0,250,74.4614,68.1069,0.59164,5.71926
0,250,77.1888,63.8786,0.50049,6.25716
0,250,73.1364,60.8989,-0.333405,4.98467
0,250,78.2192,69.2778,-0.685526,5.95366
0,250,64.0127,79.5729,-2.7789,3.28271
0,250,74.7789,68.5896,0.814335,5.49537
0,250,63.1425,68.9208,-3.1615,-3.73574
0,250,77.1279,70.9402,-0.671807,5.69528
0,250,74.0168,72.9353,-1.29989,4.01031
0,250,60.8945,77.3941,-2.99089,-4.09904
0,250,64.4007,71.6076,-3.58862,-3.04817
0,250,64.4152,72.897,-4.77156,-1.6426
0,250,64.0329,70.5263,-4.6433,-2.33139
0,250,63.0109,72.745,-5.66293,-5.47522
0,250,62.3905,69.6089,-2.41292,-3.41414
0,250,73.4653,71.384,-2.89143,4.07922
0,250,61.1025,79.2624,-3.36186,0.393527
0,250,63.5376,69.6664,-4.04343,-3.24072
0,250,60.4029,68.0904,-4.27261,-7.20933
0,250,63.9598,71.3587,-3.56529,-3.63473
0,250,60.3535,74.6408,-2.64659,-5.16773
0,250,61.1685,75.5612,-2.31705,-4.88945
0,250,58.8844,69.7988,-9.18279,-11.1999
0,250,34.9259,55.3809,4.2692,-16.0734
0,250,36.003,47.958,3.28952,-14.4687
0,250,24.8828,66.2431,-7.90464,-11.6534
0,250,36.304,50.0674,4.24829,-12.1577
0,250,35.3305,78.5148,-8.05215,-1.56804
0,250,45.3738,63.2122,-13.7979,0.52172
0,250,53.7233,60.837,-8.38549,-5.51941
0,250,39.7546,66.9659,-18.937,8.08255
0,250,59.7084,62.0314,-0.791931,-2.74574
0,250,52.0402,62.9773,-9.21559,-8.59131
0,250,36.892,70.9075,-14.6325,13.1038
0,250,36.8489,71.8312,-8.66578,10.934
0,250,39.6742,68.8665,-16.8612,8.13441
0,250,50.6821,77.6347,10.6742,-1.46037
0,250,43.5885,76.6284,4.7995,1.14272
0,250,41.2464,75.1828,1.69722,5.92054
0,250,55.4104,73.9512,-5.69838,-4.23544
0,250,35.442,71.8722,-8.15224,11.3691
0,250,66.213,64.4976,-0.380821,1.76073
0,250,56.2031,76.7824,4.99255,-11.6032
0,250,38.6096,66.4625,-18.9904,9.92156
0,250,47.7636,59.8464,-12.4661,1.12357
0,250,45.5489,78.1747,11.9174,0.127265
0,250,54.7967,77.8581,7.82863,-3.47245
0,250,65.7307,61.8693,0.821089,0.670143
0,250,54.8554,76.718,3.60561,-5.65577
0,250,59.4187,77.2906,-0.824168,-1.30492
0,250,59.0852,77.5553,3.52482,1.38131
0,250,54.4632,70.9257,-2.45776,-7.48094
0,250,34.6995,71.3523,-13.0038,9.09609
0,250,38.336,77.6331,-0.517137,1.6254
0,250,39.8042,77.6462,3.04197,2.42254
0,250,38.7337,78.1447,0.246175,1.8218
0,250,33.862,75.5873,-6.60678,4.81512
0,250,68.2608,63.2439,0.0708799,2.32835
0,250,34.0185,76.221,-6.89631,3.84264
0,250,39.3758,78.4585,1.95171,1.7811
0,250,36.3309,78.0867,-0.285524,3.75709
0,250,38.4167,76.4469,-1.80357,3.46296
0,250,35.5435,76.467,-5.02826,5.03846
0,250,35.0427,72.1561,-7.25293,12.8422
0,250,29.1888,74.5374,-12.8646,3.39287
0,250,33.4569,70.8881,-13.285,10.4075
0,250,29.0738,78.2799,-7.29685,5.27194
0,250,25.6178,72.025,-13.4626,-3.55362
0,250,32.7257,77.9386,-9.7492,2.72
0,250,34.3073,68.4463,-15.2117,3.86284
0,250,30.3978,73.6581,-15.5039,5.90046
0,250,32.6618,70.5322,-12.6251,6.02919
0,250,26.586,71.2312,-14.7006,-3.8846
0,250,27.0787,76.0511,-14.0155,-0.424162
0,250,26.5826,72.5243,-16.4324,-4.85595
0,250,74.0098,63.6356,0.769001,6.42584
0,250,73.7177,64.5923,1.42078,5.81547
0,250,34.0419,60.3328,-3.73734,-4.45773
0,250,32.3093,44.0262,1.22455,-7.93562
0,250,69.2505,60.4776,1.12542,4.7876
0,250,76.5965,70.8835,-1.40645,5.83302
0,250,35.177,67.3034,-18.5482,10.4407
0,250,37.493,65.7276,-17.1742,9.42778
0,250,26.566,70.3139,-18.023,-5.7961
0,250,62.8825,57.857,-1.71557,0.639574
0,250,75.6085,66.2157,0.467005,6.39518
0,250,72.6657,62.6473,0.866871,5.50492
0,250,47.4719,46.1239,13.2022,-13.5515
0,250,42.9726,59.1251,-12.4043,2.49923
0,250,70.1566,60.6836,1.69877,5.68357
0,250,74.0617,73.4525,-1.4444,3.7531
0,250,33.3913,62.9878,1.19098,-8.24528
0,250,78.1137,67.2204,0.278487,6.43859
0,250,72.0403,61.3983,2.26697,6.03047
0,250,77.6336,67.4833,-0.110862,7.33008
0,250,79.1572,72.2189,0.759569,4.18188
0,250,77.9481,68.6394,0.558155,6.80506
0,250,77.2503,71.7235,-0.972093,6.96862
0,250,76.5802,73.2805,-2.64231,5.86701
0,250,77.8956,66.4968,0.942605,6.22598
0,250,78.7114,64.3824,0.0548073,5.22148
0,250,78.4356,65.9389,0.0442061,7.06124
0,250,78.5817,73.017,1.24219,3.58649
0,250,77.9822,73.2652,-1.0903,4.54625
0,250,73.8552,71.272,-1.87661,4.39798
0,250,78.8641,74.1899,-0.489017,4.36878
0,250,74.3561,66.9375,1.16976,5.73976
0,250,63.8567,77.9802,-7.25563,-0.573735
0,250,77.4458,73.1361,-1.30378,4.18012
0,250,61.8019,78.7576,-3.29692,1.22598
0,250,61.3255,78.8073,-3.26508,-0.439948
0,250,62.8482,70.6277,-4.05836,-3.04205
0,250,63.8702,74.3645,-4.73995,-3.33819
0,250,63.3297,71.0997,-3.59688,-4.84133
0,250,75.4793,75.6179,-3.95274,3.80262
0,250,78.7882,76.7567,-0.105095,2.253
0,250,61.4559,73.4322,-4.23191,-5.69463
0,250,62.3678,72.6978,-4.74722,-5.07717
0,250,60.6671,72.7547,-4.76654,-6.31378
0,250,62.2743,72.1789,-4.88263,-4.27618
0,250,60.8802,72.1899,-6.46831,-4.7804
0,250,62.5854,76.3886,-3.63114,-4.46358
0,250,59.9753,76.6029,-1.34472,-4.56214
0,250,33.6904,56.2632,4.52204,-11.0169
0,250,24.5285,70.8306,-11.4425,-6.2279
0,250,25.0352,66.8215,-8.29329,-10.0726
0,250,45.6948,69.6627,-9.21622,1.34472
0,250,51.2226,65.1862,-8.83113,-5.97361
0,250,50.3218,69.5657,-4.24315,0.308982
0,250,56.4887,65.7341,-5.09707,-10.1701
0,250,53.233,65.1527,-9.27608,-9.83422
0,250,37.5968,70.1213,-15.6215,10.9384
0,250,36.9833,70.1452,-16.4439,9.73918
0,250,50.5605,75.392,8.59824,0.724026
0,250,36.4188,70.5484,-17.7854,13.5548
0,250,36.9094,68.1453,-19.4064,9.54145
0,250,47.9102,77.4759,8.40545,2.20338
0,250,59.2282,59.0622,-4.65501,-2.83722
0,250,51.506,58.7792,-10.5322,-3.27618
0,250,44.5576,62.2657,-15.7108,2.79319
0,250,48.5826,77.7129,8.87006,2.38724
0,250,54.9158,66.4486,-4.9308,-13.0758
0,250,41.294,77.5134,4.45723,1.37309
0,250,57.1974,73.5995,-5.32999,-13.6639
0,250,42.2427,77.1634,2.59028,-0.469601
0,250,49.4756,58.7451,-10.6295,-0.481699
0,250,44.0949,79.1332,11.9842,-0.151917
0,250,48.4117,59.2073,-13.3241,0.57949
0,250,37.0609,76.1216,-6.13805,3.33958
0,250,37.3008,66.8342,-19.1006,10.5747
0,250,34.3154,72.2051,-10.8584,8.94945
0,250,60.779,58.8143,-2.22952,-0.442245
0,250,40.8428,76.6938,2.78701,1.68128
0,250,54.072,76.1607,4.67425,3.81004
0,250,35.6093,67.3925,-19.037,10.0642
0,250,36.9429,75.5638,-0.00496344,8.90044
0,250,34.4996,78.253,-6.54467,3.59281
0,250,33.7985,77.4163,-6.27049,3.36836
0,250,29.9325,76.4228,-12.2267,3.82506
0,250,34.3885,75.9193,-8.57278,6.32949
0,250,32.8727,75.5698,-8.85809,4.57645
0,250,34.1087,73.6325,-9.2855,9.07499
0,250,33.8461,72.4055,-11.8111,11.8781
0,250,34.1607,74.416,-8.34466,5.04142
0,250,28.6549,74.1111,-13.4609,1.42354
0,250,27.8848,76.9813,-12.9898,2.15718
0,250,28.5834,76.077,-11.7887,0.09479
0,250,37.2681,64.5055,-9.94398,2.65264
0,250,26.7814,73.47,-13.9007,-0.972659
0,250,29.3995,73.0469,-13.1269,3.80659
0,250,25.7419,70.4388,-13.4521,-7.90707
0,250,34.0168,58.3409,-6.9343,-16.4166
0,250,38.1684,65.0268,-17.3245,9.2663
0,250,26.8118,70.4636,-12.3285,-2.50182
0,250,26.2396,70.9503,-15.0778,-7.02235
0,250,52.2347,57.5952,-10.2472,-0.69309
0,250,69.7336,61.4938,1.75452,4.22633
0,250,33.1854,43.4235,0.971432,-15.6546
0,250,73.4444,62.4024,1.51879,6.33871
0,250,54.8874,57.1483,-6.72163,0.180535
0,250,31.8201,65.8913,-3.99939,-8.46219
0,250,34.7376,51.6176,1.12302,-12.6476
0,250,29.9672,72.015,-13.836,6.60524
0,250,45.9062,57.5324,-6.87996,1.32397
0,250,69.7537,61.0159,1.68878,5.35792
0,250,37.0347,57.6476,2.32384,-7.14157
0,250,36.1847,65.6783,-18.2494,9.8408
0,250,77.6895,66.9296,1.2506,7.31224
0,250,78.0334,64.9684,-0.329985,5.63558
0,250,77.1502,65.7112,0.605778,7.26755
0,250,33.1325,73.3979,-10.5456,7.84163
0,250,70.9169,60.4283,1.87747,6.42266
0,250,73.7908,62.4427,-1.11452,5.62939
0,250,42.1208,60.5839,-15.0626,3.40679
0,250,71.6524,60.477,3.32745,4.86939
0,250,78.1443,70.276,0.162392,7.80785
0,250,76.1872,74.2444,-2.12458,4.37838
0,250,75.318,61.8474,0.127959,5.39724
0,250,78.2874,61.5501,-2.44439,6.7695
0,250,78.8137,65.8193,-0.223407,5.53368
0,250,77.6167,73.6301,-2.3836,4.44389
0,250,75.2808,74.496,-1.62219,4.49644
0,250,79.4241,73.6033,-1.1587,2.73146
0,250,78.4659,69.9229,0.611966,6.81418
0,250,79.3216,69.9287,-0.137611,5.45874
0,250,73.7082,71.8857,-3.15832,5.45662
0,250,73.4634,67.7687,-0.606327,5.05637
0,250,31.6226,71.1542,-12.0905,14.0256
0,250,78.442,73.5533,-0.358262,3.15776
0,250,78.9709,72.7138,-0.38924,4.15823
0,250,73.6637,69.6008,-1.67999,4.60425
0,250,78.6317,69.5427,-1.96743,9.18922
0,250,79.1499,71.5095,-0.455814,3.83455
0,250,78.5878,72.3936,1.3184,5.07252
0,250,64.8733,74.7726,-6.20704,-3.63184
0,250,61.0212,74.1865,-2.32895,-6.04255
0,250,60.6645,74.2993,-4.89597,-6.49229
0,250,60.5902,70.4069,-4.324,-5.63099
0,250,62.9741,69.3549,-3.93806,-2.9046
0,250,63.6899,70.8291,-4.86995,-3.53838
0,250,66.2924,76.0459,-6.53065,-1.0218
0,250,61.4007,78.4034,-4.8407,-0.793418
0,250,61.6247,74.2742,-3.97872,-6.60666
0,250,35.1505,54.9643,5.82643,-15.1606
0,250,33.5203,51.7333,2.02782,-11.7356
0,250,36.1099,37.0194,3.13789,-17.7118
0,250,37.9404,79.1795,-0.286413,-0.0541059
0,250,48.8068,60.9292,-12.2093,-1.28476
0,250,38.9122,69.8651,-17.6259,8.65277
0,250,54.4069,61.2226,-7.42013,-6.25973
0,250,55.661,60.5889,-7.90393,-4.05674
0,250,56.8183,60.8823,-3.68606,-4.40066
0,250,37.6115,68.3365,-18.2941,10.4336
0,250,50.7818,59.1872,-12.5063,-3.31054
0,250,61.4719,62.9832,-1.31897,-2.51567
0,250,55.7228,74.6608,1.64907,-4.18795
0,250,35.4499,71.0214,-12.8142,10.7561
0,250,51.2409,78.2997,11.9727,1.53647
0,250,45.0914,77.0742,7.0341,1.18693
0,250,51.9884,59.0771,-11.8146,-1.77889
0,250,37.7533,74.3162,-3.8261,6.95183
0,250,53.728,68.7431,-5.64004,-10.3782
0,250,69.0467,67.5934,-0.342538,1.93584
0,250,37.225,67.5732,-19.1093,11.566
0,250,56.4261,78.9026,8.85468,-5.73275
0,250,58.8787,76.2039,4.94574,0.505843
0,250,43.9974,65.3133,-14.3171,0.0524636
0,250,59.0578,75.9109,4.05292,-8.18052
0,250,54.6961,70.5878,-5.65481,-7.23458
0,250,43.5337,77.5748,7.90699,1.81395
0,250,35.6583,68.1686,-17.8876,8.03665
0,250,40.0113,77.1096,1.51862,2.27963
0,250,56.0241,79.4471,3.85287,-6.11411
0,250,50.2018,69.8731,-3.94281,0.582063
0,250,37.2829,75.1165,-1.52589,5.95793
0,250,37.3139,77.8282,-2.46077,1.49761
0,250,35.0328,77.1549,-6.10093,8.8472
0,250,47.4161,79.025,9.2104,1.91281
0,250,33.3033,77.4183,-7.84047,2.05881
0,250,38.3865,78.7011,1.42314,1.25239
0,250,43.1429,79.6024,5.97234,-0.30385
0,250,32.12,75.4305,-10.205,3.36466
0,250,29.1392,73.6561,-13.5099,0.56895
0,250,27.7266,78.0416,-13.8176,2.82082
0,250,28.1982,76.2556,-13.285,2.33965
0,250,28.2774,77.3088,-13.4501,-0.849158
0,250,48.4916,57.8931,-11.7744,-0.190568
0,250,26.6403,75.0758,-13.9444,-0.460099
0,250,27.5169,73.1774,-16.0137,-4.19439
0,250,25.2339,71.1528,-11.0961,-8.10293
0,250,25.478,75.4726,-13.1172,-0.369808
0,250,27.3847,72.4954,-15.2254,0.0974385
0,250,34.5308,60.6722,7.79554,-6.61679
0,250,37.0784,61.5579,-15.8025,4.63036
0,250,53.895,69.5759,-3.89001,-6.61602
0,250,76.6367,67.9431,-0.504865,7.25649
0,250,28.501,75.0405,-10.7648,1.91707
0,250,74.3348,70.513,-1.87845,6.23156
0,250,36.9992,43.8659,2.36748,-17.785
0,250,32.8162,58.5543,1.68387,-13.3276
0,250,33.9985,57.0971,-4.09657,-16.3557
0,250,29.7821,73.9982,-13.3666,3.32601
0,250,32.6328,67.2335,-7.81055,-6.25036
0,250,60.7444,57.2672,-3.1897,-0.462865
0,250,32.1964,72.2213,-13.1001,8.22868
0,250,42.0814,61.2396,-12.938,0.206892
0,250,72.8718,62.2375,0.486365,5.37255
0,250,77.2327,68.5825,-0.955592,8.6862
0,250,34.385,59.9511,1.90249,-6.45112
0,250,62.763,57.0212,-1.71495,1.71027
0,250,78.8362,68.7759,0.817814,7.16949
0,250,78.534,67.1444,2.64873,5.55775
0,250,79.3943,61.6653,0.684723,4.82224
0,250,77.9635,65.8164,1.01751,6.56752
0,250,79.2322,66.4378,-0.44864,5.81575
0,250,76.1321,63.071,-0.62869,3.9446
0,250,79.3048,62.6385,-1.48148,3.78109
0,250,78.6013,71.4776,0.949149,6.64045
0,250,79.0156,62.1376,-1.60345,6.0606
0,250,75.1033,75.3408,-2.82602,3.32217
0,250,73.8726,68.2258,-0.625176,6.05838
0,250,79.184,66.0003,-1.11481,6.3476
0,250,76.4993,72.356,-3.01654,6.09013
0,250,76.2625,74.839,-2.1476,3.55396
0,250,77.8017,71.7212,-0.844942,6.7993
0,250,78.772,71.9331,1.05693,4.53574
0,250,78.8664,65.1723,-1.80029,4.98437
0,250,75.5267,74.951,-2.98946,4.48645
0,250,73.5905,72.9776,-3.42303,4.86467
0,250,79.7017,69.2789,4.04372,3.80051
0,250,76.8556,75.4228,-3.45723,3.24166
0,250,76.7444,72.709,-0.704709,5.88308
0,250,76.6815,63.9396,-0.790143,6.71792
0,250,79.1578,68.142,-1.47163,6.10763
0,250,74.9382,74.8914,-1.07948,4.16969
0,250,62.4255,70.8378,-4.93338,-4.14524
0,250,63.1939,70.4879,-4.9436,-3.0043
0,250,77.0548,73.0202,-2.34976,4.87568
0,250,60.8321,76.8932,-3.3296,-0.207164
0,250,79.6519,67.2241,-3.658,3.08665
0,250,60.788,75.5064,-4.35081,-4.70352
0,250,60.0688,71.8551,-4.49106,-7.14386
0,250,61.7682,73.9141,-4.32444,-6.4255
0,250,36.8128,54.8971,6.38832,-12.6485
0,250,25.89,66.1546,-7.49781,-10.2018
0,250,54.6175,67.2691,-7.80525,-15.18
0,250,46.7379,65.8971,-10.5617,-2.35091
0,250,42.0033,66.9006,-13.9353,3.57237
0,250,46.6897,62.1283,-13.2898,-0.110325
0,250,57.6254,61.3934,-2.6828,-3.29496
0,250,38.2465,73.3159,-0.597852,6.41621
0,250,48.8433,62.9851,-13.1665,-2.63911
0,250,46.0053,75.3279,4.01266,-0.905819
0,250,44.369,76.8602,7.33498,3.21689
0,250,53.6818,76.8909,9.18825,-6.43935
0,250,57.0458,58.6313,-5.31147,-3.14912
0,250,54.072,77.8794,13.8599,-0.518202
0,250,40.8832,64.693,-19.4261,7.271
0,250,35.7616,72.5779,-8.05191,11.771
0,250,38.151,74.7869,1.2196,9.80889
0,250,55.1064,75.5269,1.18873,-9.71678
0,250,55.7508,72.3195,-1.71576,-8.45479
0,250,39.5884,65.5314,-14.3518,8.90428
0,250,44.3184,77.3194,7.62577,-3.8503
0,250,56.6563,75.6877,8.27539,-9.48161
0,250,42.1536,77.5248,6.43885,2.90466
0,250,49.3211,78.1056,9.99722,1.66753
0,250,56.7449,76.4382,6.29624,-11.3772
0,250,47.6787,78.1528,10.67,0.197589
0,250,35.2044,73.5281,-2.92193,9.51999
0,250,43.29,78.3045,6.57987,2.15486
0,250,53.8741,70.3679,-4.04719,-6.8557
0,250,34.7353,77.7155,-6.25909,2.33964
0,250,59.1559,58.0943,-4.14167,-0.798994
0,250,32.3286,76.9692,-10.9036,1.83897
0,250,32.473,76.6536,-9.08335,2.18231
0,250,33.8399,77.0476,-8.77079,4.9961
0,250,57.9532,77.096,0.503508,2.58695
0,250,39.6422,79.316,2.30674,2.20335
0,250,29.4934,75.8507,-12.8661,0.590788
0,250,30.8326,74.9399,-10.623,2.91808
0,250,30.4009,76.8728,-9.92042,1.22234
0,250,30.7687,74.4097,-12.4252,3.02831
0,250,27.4802,77.3912,-12.4532,-0.106066
0,250,44.4909,79.6008,12.5102,-2.38528
0,250,46.9531,65.9593,-10.8222,-1.90778
0,250,27.557,74.9664,-14.1575,-1.2662
0,250,27.4368,75.8377,-12.9624,1.29938
0,250,28.0632,70.0372,-12.3419,0.378661
0,250,25.4683,66.5427,-8.4885,-10.4637
0,250,29.3488,72.1343,-17.0297,2.08443
0,250,73.1924,63.7729,1.58848,6.28894
0,250,76.6942,67.3042,1.73562,6.27384
0,250,30.6734,70.307,-11.9675,6.28318
0,250,36.1834,56.207,1.87514,-10.1454
0,250,26.1147,69.7949,-14.1487,-7.53216
0,250,39.8058,42.8362,6.37244,-17.8698
0,250,37.4403,48.1428,2.51159,-14.5387
0,250,25.47,72.6167,-14.7414,-3.63567
0,250,32.0759,67.3458,5.86775,-3.3387
0,250,34.4014,63.4454,3.02695,-4.95129
0,250,34.1175,63.6307,10.53,-6.13305
0,250,35.5314,56.8609,2.69691,-9.49155
0,250,57.6078,56.6414,-5.11906,-0.854873
0,250,77.6047,68.3398,-0.25413,6.64526
0,250,78.3218,66.6325,2.42605,6.54979
0,250,35.2553,48.3973,5.90171,-10.9664
0,250,32.6016,64.3203,-5.15371,-11.994
0,250,78.7027,63.8576,-0.926599,4.62787
0,250,58.8104,56.4483,-3.22345,-0.978928
0,250,75.6352,63.7713,1.33659,7.49503
0,250,73.6961,60.3481,2.4584,7.23526
0,250,79.114,71.0278,1.43629,3.76928
0,250,51.4843,57.6891,-10.7238,-0.674556
0,250,79.4213,64.1756,0.705094,4.10375
0,250,78.7189,68.3,0.3776,5.19105
0,250,79.5312,71.606,1.44248,2.11154
0,250,78.3564,70.6817,-2.60886,4.75122
0,250,35.0471,59.6477,2.47962,-1.00164
0,250,51.9633,53.6467,-3.41779,-0.0621412
0,250,77.1387,62.8592,-1.18378,5.21403
0,250,48.6055,56.7519,-11.2462,-0.43011
0,250,74.4419,63.3269,-0.475914,6.21118
0,250,77.6636,61.9386,-1.22252,4.2988
0,250,32.0967,71.8239,-13.1415,8.10642
0,250,74.4689,72.7326,-2.21071,5.18532
0,250,78.0325,73.8305,-1.91439,2.53332
0,250,78.7188,70.2876,1.12684,7.49616
0,250,76.3596,75.2605,-2.01395,4.36776
0,250,79.5444,70.9912,0.619549,6.01276
0,250,76.2155,73.0239,-2.4415,5.60095
0,250,74.2687,69.9503,-1.83881,6.39798
0,250,79.087,70.527,0.800106,3.86308
0,250,64.3026,73.4137,-3.99905,-3.09873
0,250,64.5438,72.4716,-4.46669,-3.02983
0,250,62.0378,79.0756,-1.97802,-0.186936
0,250,60.0559,74.1417,-2.63061,-4.87015
0,250,64.5596,73.8754,-5.10104,-1.88592
0,250,63.7303,73.4521,-5.57119,-3.56071
0,250,63.2853,72.1686,-3.17028,-3.69945
0,250,69.6431,79.536,-10.8668,5.64987
0,250,66.2858,75.1802,-6.87836,-1.24509
0,250,63.5034,70.1626,-4.8384,-3.4705
0,250,32.4119,58.2053,1.4236,-11.0491
0,250,34.7751,47.9784,7.16117,-10.7578
0,250,50.9843,76.7744,3.3157,4.21189
0,250,46.175,70.2214,-8.47901,1.69872
0,250,45.3179,66.4015,-10.5277,-1.28288
0,250,49.2114,61.6561,-13.4546,-1.45659
0,250,50.2238,62.1353,-12.1202,-3.88792
0,250,60.9788,62.2866,-2.53466,-2.70039
0,250,50.7019,59.6963,-11.7337,-2.44161
0,250,40.5112,66.0506,-18.4101,8.00436
0,250,35.0324,71.5047,-13.1993,13.5365
0,250,39.9533,72.9626,-13.5417,9.77005
0,250,54.6018,74.3783,2.10347,-6.28069
0,250,58.2314,59.1495,-3.76243,-3.34151
0,250,57.224,58.3029,-4.35329,-3.34697
0,250,57.4808,71.7413,-1.96551,-11.7224
0,250,57.6227,75.5442,0.136262,-5.02096
0,250,54.7566,76.2717,5.78671,-11.5134
0,250,38.8543,77.6033,1.49757,1.94756
0,250,35.734,69.3975,-15.4958,9.01224
0,250,34.6112,73.271,-11.3262,11.5017
0,250,55.2064,78.9892,4.34853,-2.42918
0,250,52.3046,71.7809,-1.8851,0.527398
0,250,58.7112,77.1978,2.12147,1.59079
0,250,55.8859,76.6363,9.41505,-14.5823
0,250,56.8759,74.376,-3.01246,-9.23864
0,250,54.4411,57.9509,-7.01824,-1.79006
0,250,38.8143,65.3318,-18.8499,9.23414
0,250,53.4394,71.5895,-1.97142,-2.39676
0,250,51.1367,64.3818,-10.6226,-7.26324
0,250,57.7037,79.1313,4.37702,-0.805713
0,250,36.5117,75.8599,-4.15935,6.33185
0,250,39.4151,77.0319,1.13773,1.62259
0,250,49.7,79.6651,8.44602,-8.78854
0,250,51.5339,79.4973,10.0406,-2.82299
0,250,33.7267,78.5041,-5.83923,3.94901
0,250,31.7124,75.1133,-12.5795,4.21874
0,250,31.8528,74.1708,-10.542,5.27979
0,250,30.6481,76.0318,-11.8038,2.80157
0,250,29.6883,75.4244,-12.611,2.65902
0,250,44.4684,79.2121,11.3259,-0.387308
0,250,33.0335,72.1816,-13.204,10.5947
0,250,27.2285,77.0876,-13.0482,1.35639
0,250,28.915,73.1666,-14.1869,0.770734
0,250,32.7921,62.6853,0.736647,-16.0159
0,250,33.7088,59.7113,3.78445,-14.7633
0,250,25.8936,68.7023,-9.2223,-7.01102
0,250,54.1785,64.7217,-7.11341,-12.1601
0,250,29.405,71.6862,-15.7853,1.56127
0,250,40.6429,67.1935,-15.9973,5.56845
0,250,44.086,58.4324,-13.407,-1.27096
0,250,33.5324,58.1885,-2.07687,-13.8618
0,250,50.3668,65.0832,-9.3226,-5.46467
0,250,32.0078,66.3707,-4.53236,-10.0871
0,250,36.7233,53.7248,3.26505,-13.3907
0,250,33.5882,37.5048,2.33235,-20.0642
0,250,77.0505,67.6425,2.20763,6.36224
0,250,26.4195,68.6219,-9.7948,-7.29884
0,250,33.4549,59.0734,3.30021,-15.8698
0,250,39.5552,60.446,-7.57223,9.99549
0,250,26.9691,71.1768,-15.0575,-2.39494
0,250,77.2851,69.0304,-0.72482,6.6936
0,250,31.5289,71.7147,-14.1726,10.9485
0,250,33.5746,69.4406,-11.2908,6.38788
0,250,57.2505,56.3411,-4.97108,-0.236224
0,250,70.1242,59.558,1.62476,5.40854
0,250,33.4763,65.5902,4.43632,-9.12248
0,250,37.4712,52.582,3.40767,-14.606
0,250,72.542,61.5158,-0.394094,5.86845
0,250,53.3645,56.4909,-8.22715,1.39003
0,250,78.3504,61.7911,-2.34474,6.34795
0,250,78.6494,66.4287,1.52203,7.24727
0,250,78.942,67.0767,1.26569,4.88029
0,250,52.7133,56.6686,-7.83519,-0.286949
0,250,74.5661,62.6872,-0.382223,5.15811
0,250,67.974,60.676,0.413294,4.48854
0,250,75.5579,62.3517,-2.53388,7.33691
0,250,73.4421,58.5008,-0.0315528,6.87447
0,250,43.9352,59.7019,-12.7563,2.0262
0,250,76.9539,61.7705,-1.75027,6.09737
0,250,75.455,73.7286,-2.43129,5.12607
0,250,46.7249,58.1938,-11.4032,1.84817
0,250,79.1838,60.551,-0.442663,9.35042
0,250,79.5945,65.2492,1.42227,4.43505
0,250,77.5308,75.3704,-0.444734,2.96931
0,250,75.9777,72.6459,-1.65323,6.82974
0,250,79.5055,73.1784,0.498406,1.57027
0,250,77.6669,75.8561,-1.17147,-0.173823
0,250,72.9391,71.077,-1.72543,4.9881
0,250,74.1425,69.425,0.817819,6.30058
0,250,65.1851,72.5984,-3.99409,-1.84386
0,250,63.9103,73.0054,-4.60214,-3.2314
0,250,64.2355,71.969,-4.63499,-2.30651
0,250,63.9422,76.2413,-6.53886,-2.46931
0,250,62.8059,76.991,-3.51211,-1.8887
0,250,64.2207,70.9873,-5.23762,-3.29904
0,250,62.3384,73.8941,-5.03619,-5.97778
0,250,63.7514,72.0506,-4.22021,-2.43728
0,250,64.0342,72.4786,-5.25788,-3.9336
0,250,64.2466,75.5279,-4.8849,-2.5779
0,250,32.9704,49.9809,2.93738,-11.8111
0,250,34.9512,39.1228,1.70415,-20.057
0,250,41.9146,33.3083,12.0753,-25.913
0,250,50.2136,63.4015,-13.2442,-4.87606
0,250,41.931,67.3511,-12.4817,5.76428
0,250,53.9823,68.8809,-4.36041,-10.302
0,250,39.5499,75.3171,1.97949,6.8737
0,250,35.8874,70.0258,-16.0493,9.06326
0,250,42.9941,75.4161,1.36546,1.10793
0,250,49.336,59.7386,-12.4962,-1.81358
0,250,38.4499,75.2819,-1.29021,7.76014
0,250,54.4929,76.5251,8.2831,-9.45083
0,250,40.2212,64.5676,-18.331,6.66253
0,250,39.9454,64.8131,-17.1082,8.09705
0,250,43.0912,61.8014,-15.2894,2.18495
0,250,53.6384,77.3121,7.55223,-3.60641
0,250,55.8988,74.4076,-1.72232,-10.7802
0,250,40.452,77.2415,3.37645,3.33501
0,250,51.0711,58.546,-10.97,-1.47676
0,250,43.1633,61.3582,-15.9129,2.35648
0,250,54.522,71.3738,-4.89081,-5.89534
0,250,49.2054,77.813,7.95682,-2.02466
0,250,38.312,78.1102,0.519342,1.8952
0,250,47.159,78.1178,10.6683,2.2951
0,250,56.0729,78.2998,9.94877,-2.3382
0,250,35.2027,77.7913,-3.73396,2.57533
0,250,57.6768,77.5353,-0.30977,-5.98315
0,250,50.5086,64.8139,-11.6987,-6.48452
0,250,37.1669,76.6424,0.136341,1.83911
0,250,34.5869,72.783,-10.9645,10.7839
0,250,32.74,77.4596,-8.65481,3.00776
0,250,31.564,76.7921,-10.8071,2.51259
0,250,50.8338,63.5928,-11.8605,-5.38352
0,250,33.1536,76.6937,-9.27259,4.19989
0,250,35.1479,78.2812,-5.45821,3.99435
0,250,29.9783,75.9853,-12.476,3.69271
0,250,51.2037,59.8035,-11.436,-3.03192
0,250,29.8074,76.8633,-11.2809,3.74776
0,250,31.2984,74.7516,-9.86502,4.83875
0,250,29.9396,77.6434,-8.89372,1.89519
0,250,41.3929,79.6508,3.66126,3.71239
0,250,31.8778,77.6631,-8.10587,-0.360502
0,250,28.3191,76.8512,-11.6068,1.82811
0,250,40.9502,55.6991,10.356,-8.37033
0,250,25.4404,69.6553,-12.5691,-7.96473
0,250,26.0563,75.0842,-14.1257,-1.24979
0,250,35.9279,65.6982,-16.1549,7.75735
0,250,26.1838,73.2921,-12.0554,-2.54411
0,250,42.5982,78.8846,3.512,-1.36773
0,250,47.7606,66.1076,-10.1344,-2.50405
0,250,32.7191,63.4651,3.94391,-13.0243
0,250,57.0941,79.4323,3.86157,1.76599
0,250,35.5032,47.328,3.04194,-15.0405
0,250,28.9694,70.7598,-16.982,2.81915
0,250,31.2811,70.8573,-12.5557,12.2703
0,250,29.0009,71.4974,-17.5569,0.607092
0,250,68.6673,59.6444,-1.06492,4.44347
0,250,34.4146,45.0241,4.75159,-14.701
0,250,77.5558,70.6297,-0.473455,4.69763
0,250,35.6138,49.0143,2.8874,-14.2236
0,250,72.7702,61.7847,0.156733,4.25359
0,250,32.3841,60.5025,-0.460605,-17.4242
0,250,33.1323,64.7913,0.129314,-3.93552
0,250,67.5826,59.9958,0.189683,4.79227
0,250,73.9648,60.7313,0.791087,4.58755
0,250,79.0114,63.7959,1.44088,4.93208
0,250,39.6595,58.5285,-6.94711,0.232751
0,250,77.4309,61.6608,-1.73914,6.44675
0,250,79.316,63.3072,1.13538,5.7767
0,250,50.2006,56.3474,-9.53738,-0.00410347
0,250,64.574,58.6361,-0.784089,2.8178
0,250,49.9231,56.8396,-10.0876,-0.854999
0,250,56.0295,56.4655,-6.64903,-0.680938
0,250,79.0562,62.8426,0.227134,4.6816
0,250,77.0315,63.3168,-1.50222,5.56835
0,250,46.6141,57.9833,-10.9954,3.11943
0,250,76.5622,62.2837,-1.82262,6.18928
0,250,65.0743,58.1098,-1.12829,2.52638
0,250,75.0768,64.428,0.671952,7.33159
0,250,77.8721,62.5292,-2.06241,7.01259
0,250,74.5128,60.0652,1.92319,2.3811
0,250,74.222,62.0779,-0.92635,5.45793
0,250,73.6442,70.5589,-1.60319,3.96598
0,250,79.5335,70.4079,0.191191,1.52449
0,250,79.1997,69.7227,1.1885,5.35862
0,250,38.5181,62.5958,-7.04483,3.84853
0,250,73.692,68.6241,-0.879946,5.06194
0,250,72.8665,67.6359,1.24095,4.4133
0,250,60.9512,78.1394,-5.33135,1.48993
0,250,60.7874,78.8149,-5.39736,-1.79641
0,250,62.2514,78.5508,-1.93357,-1.79918
0,250,59.9004,78.8718,-2.12731,-1.07826
0,250,64.3376,74.934,-5.71932,-3.15268
0,250,61.8947,68.9559,-4.30759,-4.94505
0,250,61.885,72.6654,-4.25239,-4.47179
0,250,63.0758,73.563,-3.29974,-4.81298
0,250,61.0312,69.9427,-3.52141,-5.76542
0,250,61.9311,70,-2.9528,-6.03059
0,250,59.8268,72.9021,-4.78395,-8.47752
0,250,62.8952,71.1908,-4.57348,-3.34873
0,250,35.2241,45.1076,2.3976,-18.381
0,250,42.1899,43.2385,7.58823,-13.3406
0,250,46.9814,64.579,-12.946,-2.43325
0,250,46.186,61.773,-13.759,0.119875
0,250,42.9476,66.64,-14.9364,3.98146
0,250,41.7974,65.3279,-17.331,6.23947
0,250,42.8571,63.4601,-17.2068,3.13086
0,250,52.681,64.3345,-9.82193,-6.0218
0,250,45.1987,62.3656,-15.4983,1.10842
0,250,48.0523,60.3321,-13.1952,-1.28761
0,250,53.2846,76.7561,9.55561,0.319513
0,250,44.706,61.5825,-15.5614,2.2318
0,250,53.5828,67.8196,-7.58745,-11.0326
0,250,49.3147,79.3626,9.37368,0.729644
0,250,50.4323,77.7407,7.70055,0.417098
0,250,46.7758,77.349,10.0383,3.31687
0,250,48.122,77.0709,6.77122,1.84818
0,250,63.8922,60.9406,0.122688,0.753633
0,250,63.8141,61.4411,0.097382,0.764856
0,250,41.5593,76.6809,1.99052,-0.177682
0,250,46.9351,79.1143,10.0768,4.23836
0,250,53.3252,68.644,-5.77,-6.63291
0,250,53.2033,68.3852,-5.362,-8.23622
0,250,42.0964,78.0403,6.81975,0.134637
0,250,46.6006,78.357,10.3157,2.79797
0,250,42.6937,60.8138,-15.9208,1.95979
0,250,58.3971,77.3829,2.71897,-3.53485
0,250,54.7487,71.29,-5.27898,-7.29569
0,250,39.0058,75.7316,1.02623,4.40492
0,250,36.0637,77.1273,-0.342835,2.62133
0,250,51.9228,79.1894,14.1559,0.68098
0,250,41.9689,79.3529,1.53902,1.74083
0,250,33.4768,77.9052,-5.7762,3.32349
0,250,42.9681,79.2105,6.84832,0.526042
0,250,45.3807,79.2589,9.01518,6.25748
0,250,34.4835,78.5962,-5.80357,4.34531
0,250,30.2915,77.2264,-11.5941,2.5469
0,250,31.7562,73.7842,-12.94,4.73664
0,250,30.9718,77.1482,-10.6244,2.63609
0,250,32.2682,78.0842,-8.41789,1.36417
0,250,33.9834,78.815,-5.79028,-0.407938
0,250,29.277,75.1964,-10.9723,3.99856
0,250,27.863,74.5155,-13.5774,1.57295
0,250,25.9202,72.5828,-14.0607,-3.52771
0,250,34.0048,59.5576,-10.0925,-2.65109
0,250,56.5606,67.9746,-4.87614,-10.2339
0,250,53.1113,60.66,-9.66641,-4.03386
0,250,31.3859,77.9901,-7.99794,3.75364
0,250,26.1362,69.0594,-9.17545,-9.37886
0,250,24.7516,70.4682,-10.2734,-6.69233
0,250,58.3631,72.4468,-2.28918,-11.4591
0,250,55.9098,77.5228,4.78945,-4.2167
0,250,37.984,71.0606,-18.2412,10.3954
0,250,44.4628,67.8421,-10.9077,-0.0608633
0,250,33.1309,66.6243,0.726998,-5.47875
0,250,67.5012,60.5605,0.804396,5.04302
0,250,31.9563,68.5375,7.20595,3.05441
0,250,34.1118,55.8368,2.22925,-14.2
0,250,35.9866,62.5124,5.41322,-10.3718
0,250,32.8353,53.081,-0.495641,-11.0772
0,250,39.0452,59.4063,-11.4107,2.87203
0,250,69.6087,60.465,1.30648,5.8367
0,250,78.9318,69.1825,-0.606876,8.17141
0,250,76.9111,64.8351,-0.0250996,5.31531
0,250,34.391,57.5015,-3.99908,-13.4208
0,250,52.7113,57.2954,-10.4752,-1.50641
0,250,30.7024,72.9796,-13.7037,6.1078
0,250,78.0898,72.3466,-0.983506,4.56641
0,250,79.6522,55.3109,-0.00261962,5.77045
0,250,65.6491,58.201,-1.49683,3.5991
0,250,47.5008,57.5894,-10.835,0.60834
0,250,75.2418,62.8853,0.135806,8.0017
0,250,48.1966,57.8548,-11.0751,0.309368
0,250,78.482,62.4139,-2.20194,4.03015
0,250,77.1972,72.4307,-2.87142,6.28787
0,250,47.3249,57.6106,-10.5799,3.13395
0,250,77.9614,63.0306,-1.38616,5.36624
0,250,58.5499,56.8826,-4.37622,-0.506324
0,250,47.3854,58.5762,-12.9031,2.32015
0,250,64.5499,58.0511,-0.431442,2.80401
0,250,54.8769,56.3481,-7.35229,-0.712464
0,250,78.4899,63.302,0.975026,5.87766
0,250,79.4803,72.7666,0.75777,3.79068
0,250,59.9704,56.7238,-3.22278,0.110126
0,250,31.391,72.4519,-16.379,8.57077
0,250,28.1061,75.0091,-12.9495,0.16311
0,250,73.9462,67.2313,0.124958,4.58495
0,250,78.8384,64.6841,-1.10032,4.43968
0,250,79.5017,67.7287,0.736057,5.95684
0,250,75.7969,63.2826,-0.542137,8.56846
0,250,78.4522,74.5738,-2.18773,3.21872
0,250,59.9938,74.8984,-2.39227,-4.36612
0,250,60.9615,76.2613,-3.29628,-5.9197
0,250,62.6874,74.9579,-4.95371,-3.87392
0,250,62.6785,74.3896,-3.84207,-4.52121
0,250,63.6834,76.868,-4.739,-3.57254
0,250,71.9457,79.4557,-7.08425,0.497271
0,250,60.4308,78.914,-2.76872,1.97442
0,250,63.497,73.8528,-4.41569,-3.90452
0,250,60.8133,69.3775,-5.81514,-6.05098
0,250,35.5941,46.3855,4.4072,-19.2864
0,250,34.0977,44.6747,2.28367,-14.8302
0,250,43.0893,63.7405,-17.291,3.62162
0,250,37.4934,70.4058,-13.3507,11.0028
0,250,37.6467,72.3135,-11.1509,4.84283
0,250,36.4903,71.272,-15.5,12.5557
0,250,36.1352,69.5378,-14.522,10.7341
0,250,57.6242,61.8654,-4.15717,-5.78765
0,250,56.6589,73.6999,-0.564727,-11.0982
0,250,48.6115,76.2799,7.31737,2.05727
0,250,36.5247,68.525,-18.6213,9.40755
0,250,53.0246,77.0831,7.649,-3.69132
0,250,37.5358,74.7697,-0.479741,9.98548
0,250,55.5204,72.4101,-2.2248,-7.5868
0,250,44.6671,77.7637,7.20128,1.38189
0,250,55.5299,75.3769,0.41341,-8.95527
0,250,40.7451,76.4171,2.48946,4.31456
0,250,55.4036,58.902,-6.06467,-2.85593
0,250,58.2909,58.1567,-4.26912,-1.54525
0,250,48.6952,76.7874,7.9605,2.77311
0,250,55.5871,69.7348,-7.08877,-11.4818
0,250,53.8436,79.1224,14.2149,1.02187
0,250,53.1144,78.519,10.5609,-0.746236
0,250,34.3926,76.9031,-8.85867,3.6059
0,250,53.3187,78.1891,12.1339,-1.90966
0,250,34.0915,70.2146,-14.5781,12.1812
0,250,56.4931,77.999,4.15388,3.99249
0,250,55.1191,78.0629,8.14873,0.126365
0,250,44.6854,78.3039,11.3738,-1.80362
0,250,37.3726,78.422,-1.67761,-0.192043
0,250,35.8241,78.1988,-6.01299,0.1311
0,250,50.5182,78.8749,11.2157,1.50579
0,250,36.7203,78.9553,-1.5991,3.75564
0,250,48.8621,64.2447,-11.8843,-2.7199
0,250,31.372,75.9952,-9.79391,5.79464
0,250,32.1056,76.2191,-10.323,4.97442
0,250,40.1256,78.75,0.46662,3.7018
0,250,40.0688,79.2971,1.38448,-2.06128
0,250,46.0127,63.4271,-13.3124,-1.00699
0,250,27.2157,77.7905,-11.4472,-1.49857
0,250,28.6481,77.6617,-9.94545,0.898883
0,250,25.466,67.9881,-9.1313,-12.0891
0,250,26.0895,76.5737,-16.7402,-1.7573
0,250,27.1844,75.1119,-12.2123,-2.07734
0,250,26.6029,69.7272,-13.6992,-6.98902
0,250,46.3996,67.828,-9.41798,-0.453211
0,250,65.6569,59.4867,-0.170833,2.07552
0,250,24.9169,69.9332,-13.969,-7.31535
0,250,41.263,79.1566,5.50639,2.30513
0,250,54.3999,60.8745,-6.81626,-4.94846
0,250,25.9402,74.4254,-12.4458,-3.02261
0,250,28.5739,70.4551,-18.3285,1.81178
0,250,52.1816,59.5294,-10.6348,-2.33431
0,250,36.2731,58.9917,1.95919,-9.94774
0,250,41.8858,63.752,-16.8222,6.06353
0,250,37.8307,51.391,0.43727,-4.51185
0,250,45.3658,38.7268,11.3369,-15.3319
0,250,33.6125,53.715,0.723903,-11.5796
0,250,35.7311,50.997,1.59589,-13.6853
0,250,36.7911,60.678,-2.67048,-3.42868
0,250,70.6663,60.9453,1.36887,6.30057
0,250,77.0349,61.3494,-1.62538,6.06948
0,250,67.9086,59.5677,-1.65372,5.63733
0,250,31.6969,70.1827,-17.6295,14.3988
0,250,33.4701,65.1442,-2.80796,4.85367
0,250,31.8977,62.0535,-2.18523,-13.3179
0,250,54.4543,57.1761,-8.27264,-1.40258
0,250,54.5812,56.5864,-7.71355,-0.58012
0,250,71.761,62.0629,2.74784,4.02067
0,250,68.8915,60.0466,1.28136,4.19197
0,250,73.4242,61.2862,0.186302,5.91601
0,250,77.4414,63.3533,2.04005,5.52625
0,250,37.0943,61.8673,-3.09599,10.8452
0,250,51.814,56.8932,-9.62281,-1.90355
0,250,58.346,56.2101,-3.77118,-0.720238
0,250,74.7081,61.5553,0.953238,4.67628
0,250,67.631,59.2811,0.0654918,4.12341
0,250,63.4312,57.6276,-1.80966,1.31227
0,250,79.4808,61.1383,0.233369,5.87291
0,250,78.3506,61.122,-2.5202,8.5815
0,250,74.0773,70.8904,-1.94652,4.43932
0,250,32.394,65.2371,-1.70878,-10.8676
0,250,66.5123,58.5268,-0.571246,3.9087
0,250,77.4871,62.5765,-0.801097,5.92792
0,250,77.2847,64.5476,-0.239367,7.85584
0,250,78.1102,71.345,1.37414,4.16017
0,250,78.2454,71.9041,1.86616,4.82678
0,250,74.9959,74.1593,-1.74671,5.1082
0,250,59.8866,73.4522,-3.54061,-7.75681
0,250,74.6572,64.2672,1.92402,7.38561
0,250,61.2218,68.5417,-3.81293,-5.79924
0,250,65.3903,73.4129,-5.50321,-3.56267
0,250,67.1184,78.1728,-8.82305,-0.383948
0,250,65.0343,73.8313,-5.26635,-2.58801
0,250,62.972,74.0671,-5.35035,-4.80911
0,250,63.5247,74.9069,-5.2059,-2.88146
0,250,60.0366,77.5195,-3.25189,-3.43745
0,250,62.0016,71.0987,-3.74914,-5.36059
0,250,62.605,73.5859,-7.13319,-6.37833
0,250,60.7275,79.471,-2.84831,5.11148
0,250,35.7512,46.6543,4.13907,-16.6461
0,250,43.8698,44.7647,10.2122,-12.3523
0,250,27.7262,75.4018,-12.9227,0.0112397
0,250,40.8135,65.3875,-18.8974,6.96914
0,250,43.417,77.1072,7.73328,0.881507
0,250,36.3914,70.0203,-15.9281,10.2296
0,250,55.9999,60.2944,-3.90234,-4.14847
0,250,61.1039,63.3772,-3.66941,-1.95412
0,250,42.4487,75.599,-0.184409,2.50006
0,250,57.1314,59.1724,-5.43023,-2.56052
0,250,40.1918,65.7966,-21.3636,7.01141
0,250,37.2835,73.4949,-4.51258,8.63024
0,250,57.0891,72.9906,-1.43581,-11.4361
0,250,58.7664,59.6963,-3.31305,-2.6418
0,250,57.4912,74.2127,-5.11675,-11.0056
0,250,50.3554,78.238,8.64562,-1.0394
0,250,58.7994,58.4764,-4.35045,-2.65311
0,250,42.8493,76.1489,6.66471,-3.38646
0,250,57.2605,72.2694,-2.39709,-15.4851
0,250,45.9246,77.0417,9.79922,-0.110697
0,250,57.004,75.9784,12.6649,-10.5161
0,250,56.7241,76.7884,1.58528,-8.51015
0,250,40.1827,76.7371,4.47071,1.75123
0,250,40.9323,78.0667,4.98447,3.0979
0,250,37.5164,76.8178,1.03836,4.17694
0,250,51.2951,67.1726,-5.11307,-5.23977
0,250,51.8533,78.6273,8.72831,0.254838
0,250,44.7283,74.2058,-8.90168,5.52837
0,250,41.6779,78.1887,3.77313,3.02545
0,250,54.4429,66.6437,-6.27904,-13.0364
0,250,37.8993,76.0703,0.561366,5.71437
0,250,58.0287,75.4544,3.41445,-7.21787
0,250,42.8111,78.3446,2.98336,-2.61727
0,250,30.881,77.557,-9.46668,1.21454
0,250,34.7073,74.6421,-3.65089,6.80766
0,250,45.1427,79.1806,8.85913,1.59031
0,250,30.2623,75.5968,-12.3206,3.65665
0,250,49.7959,60.3793,-11.6356,-1.72323
0,250,28.4051,74.4867,-13.4567,1.15337
0,250,27.9177,77.6188,-13.0271,1.01191
0,250,38.3647,79.1642,3.31245,-0.579833
0,250,33.426,57.482,-4.18717,-15.6857
0,250,30.5737,78.2034,-9.3437,0.123424
0,250,27.7163,76.2573,-11.7595,0.40305
0,250,34.0239,49.8743,1.0042,-15.0572
0,250,52.8716,59.5713,-8.91474,-3.24932
0,250,55.7772,70.6478,-6.59199,-8.61208
0,250,25.2476,70.6735,-13.8156,-6.63196
0,250,34.5163,51.9611,1.57822,-12.7073
0,250,54.2732,68.1693,-7.60554,-12.1093
0,250,34.3289,64.665,19.4487,-10.7304
0,250,29.534,77.9485,-9.39731,3.10477
0,250,39.0393,58.3837,5.72324,-5.378
0,250,31.721,72.8752,-14.5823,5.77534
0,250,66.4957,58.9988,-0.155814,3.75631
0,250,34.7167,59.7243,11.3421,-11.6451
0,250,32.7104,40.7711,0.104342,-16.6367
0,250,33.16,50.4711,0.968853,-12.8504
0,250,68.5592,56.6163,1.14534,3.71559
0,250,76.5183,65.7741,1.91197,8.05922
0,250,28.044,70.9405,-14.2095,-4.01617
0,250,67.2207,60.0192,-0.120904,3.93558
0,250,55.4052,56.7546,-7.42634,-0.822896
0,250,30.6939,71.6964,-15.614,6.08399
0,250,35.3622,65.183,6.83112,-7.05728
0,250,40.7901,58.672,0.123201,-1.74107
0,250,76.263,64.3782,0.503574,5.9494
0,250,71.6444,60.1975,2.55564,5.41464
0,250,59.5714,56.4782,-5.07085,0.576626
0,250,76.2034,62.5019,-1.80238,6.41775
0,250,77.9284,63.8857,-1.26095,5.31895
0,250,74.2729,60.6786,0.622257,3.91425
0,250,37.1577,79.1728,-4.91562,1.17155
0,250,47.5418,58.0768,-12.0743,1.84801
0,250,75.558,64.6832,1.58729,7.39778
0,250,61.637,57.9755,-2.16602,1.21242
0,250,31.8193,64.8455,-2.27772,-17.7783
0,250,76.4798,63.468,1.23407,7.58723
0,250,72.5656,59.8902,1.37332,2.34503
0,250,77.4935,64.1145,0.628489,5.78876
0,250,74.0438,61.7492,-1.07731,3.65078
0,250,48.33,61.3243,-11.5097,-2.08799
0,250,36.8872,39.2043,4.32184,-21.1728
0,250,77.6013,66.135,0.584114,6.40663
0,250,74.6615,61.9884,0.704301,3.5059
0,250,55.7033,56.3691,-6.87947,-0.494661
0,250,61.8488,57.5158,-2.99419,1.17243
0,250,62.3218,68.233,-3.53369,-5.97831
0,250,63.3453,73.0883,-3.80012,-2.78314
0,250,62.0253,68.5347,-4.21674,-5.65217
0,250,76.8624,74.9535,-4.06171,2.94585
0,250,60.4788,76.563,-3.75438,-4.36282
0,250,64.3111,74.3529,-5.15148,-3.83161
0,250,64.0764,73.8711,-4.44817,-2.9338
0,250,64.8731,76.4382,-5.71884,-2.29266
0,250,64.799,77.2927,-5.49907,-1.38287
0,250,62.7159,73.1362,-4.56545,-4.85159
0,250,57.0679,69.6473,-6.80962,-11.1552
0,250,63.1014,71.644,-3.63059,-4.17321
0,250,65.8959,78.4511,-5.65192,-1.50229
0,250,34.1779,55.7922,3.14145,-13.8939
0,250,48.7086,65.7256,-9.26583,-3.69397
0,250,48.0838,76.3004,-2.53402,4.90638
0,250,49.0792,61.2372,-13.5828,-3.26657
0,250,51.8677,67.3134,-4.6924,-4.42431
0,250,38.9829,67.42,-18.8841,9.86112
0,250,35.9753,72.2001,-8.32855,13.6278
0,250,47.063,75.3357,7.24504,-1.19543
0,250,36.9806,68.6045,-18.655,10.0297
0,250,57.756,58.7917,-5.74326,-2.17039
0,250,48.1579,59.628,-13.2499,-1.35014
0,250,57.307,75.3346,6.78653,-8.2829
0,250,42.3548,76.4806,1.18832,2.08927
0,250,47.9648,76.3625,5.6441,1.09169
0,250,57.0044,71.4752,-4.09736,-13.8072
0,250,41.5625,77.6956,3.88081,0.546552
0,250,46.0075,77.3987,7.51522,-0.190451
0,250,40.0052,76.3699,2.69592,3.96811
0,250,35.8109,76.9035,-6.59359,4.80201
0,250,48.2691,79.259,10.0701,1.7451
0,250,57.7841,72.7888,1.25036,-13.028
0,250,43.1094,77.8066,6.77373,-1.49133
0,250,47.1691,78.5243,12.082,-1.64121
0,250,44.8896,64.3597,-14.1302,-0.162532
0,250,37.8482,78.1639,1.53714,2.33454
0,250,56.3308,72.0446,-4.32094,-10.1392
0,250,54.2739,78.0131,13.1967,-2.19905
0,250,39.3809,77.4888,1.43402,2.05562
0,250,34.1614,77.7198,-9.21427,4.79015
0,250,49.6559,78.7862,10.5404,0.101641
0,250,44.7714,78.7428,14.4609,-2.08876
0,250,52.9842,66.292,-8.20659,-9.54729
0,250,41.9144,78.7352,2.69797,-1.09479
0,250,48.5711,63.4962,-13.3656,-2.13441
0,250,30.4212,77.7057,-10.0702,1.13202
0,250,51.3771,64.0832,-10.5699,-5.38726
0,250,54.4679,79.3516,3.56339,1.38231
0,250,31.0123,78.1056,-10.3475,1.26963
0,250,47.846,65.1131,-12.1296,-2.7622
0,250,47.5461,79.4093,5.8507,0.973285
0,250,51.8282,77.6057,11.529,2.55254
0,250,25.4488,68.9694,-11.5643,-9.59194
0,250,24.8121,67.3762,-7.26812,-12.5004
0,250,27.733,72.0543,-15.3945,-1.88263
0,250,37.7706,70.9858,-17.6109,11.3696
0,250,27.5905,76.6178,-9.72715,1.37303
0,250,50.5095,60.1028,-12.1028,-3.29594
0,250,32.5486,48.1491,-0.0444548,-18.8183
0,250,25.6246,75.0532,-14.57,-3.57885
0,250,47.5676,60.7066,-13.5784,0.297797
0,250,49.8836,79.1416,14.0679,-1.83409
0,250,36.2784,61.3483,-0.334943,1.06017
0,250,35.5954,62.8694,-1.51434,-1.51579
0,250,35.0887,62.9508,-3.20137,-1.02889
0,250,49.2608,52.2229,9.53778,-11.4306
0,250,37.7072,53.6314,2.85305,-11.9347
0,250,34.5895,50.6125,0.700863,-13.9015
0,250,32.9688,60.4302,0.0663897,-16.2578
0,250,52.0358,56.6208,-8.98841,-1.4722
0,250,36.3182,65.1358,8.52118,-3.23153
0,250,49.9754,57.2324,-10.0531,-0.34223
0,250,33.3357,62.3559,2.09247,-9.13303
0,250,53.0467,56.2399,-8.72641,1.46131
0,250,33.2095,67.2888,-10.8351,-5.42251
0,250,34.5662,68.1282,-21.2567,5.65831
0,250,46.1903,58.4436,-14.1476,1.21406
0,250,51.1235,55.8527,-9.22048,0.739902
0,250,45.0874,58.6154,-14.3268,1.23826
0,250,63.6003,57.8763,-1.73068,1.70234
0,250,76.6583,62.8806,-0.00892253,4.49994
0,250,61.9743,57.0166,-3.04717,4.09873
0,250,40.4172,63.4699,-16.2725,6.50818
0,250,28.375,75.5449,-12.1465,3.19453
0,250,65.8449,58.7856,-1.32908,3.31357
0,250,40.3332,56.9028,0.936748,-12.5549
0,250,34.0073,67.4846,-21.8194,15.7244
0,250,76.3915,65.0988,-0.62575,5.55264
0,250,36.0849,50.6058,3.62894,-15.9545
0,250,77.882,63.5661,0.126162,7.01071
0,250,76.8095,65.3623,0.679986,6.9109
0,250,75.1184,63.4244,0.493433,6.93394
0,250,45.5578,67.2351,-10.2484,-0.975199
0,250,24.9943,74.6795,-13.8075,-2.16685
0,250,75.6103,62.7506,-1.86964,7.02764
0,250,40.8775,78.7617,2.85339,2.22377
0,250,49.3091,57.0976,-10.3492,-0.442922
0,250,77.172,74.5552,-1.83232,6.44811
0,250,75.8629,71.7189,-1.8449,5.371
0,250,63.9129,74.9583,-6.13298,-2.1088
0,250,79.0809,76.4492,1.52041,4.67936
0,250,60.415,75.3175,-2.21661,-7.12766
0,250,64.7396,71.228,-4.26453,-1.60701
0,250,75.6556,74.1116,-2.14774,4.34324
0,250,60.0643,78.556,-5.59363,-0.256296
0,250,65.4607,76.5833,-7.01663,-1.08194
0,250,66.4353,77.3463,-7.1633,-1.23314
0,250,61.3387,74.6257,-3.74187,-5.83031
0,250,62.8115,72.3085,-3.24314,-3.76396
0,250,66.0766,74.6372,-5.64258,-0.653037
0,250,65.6093,73.8775,-5.03857,-2.2671
0,250,34.9161,54.1461,4.20666,-14.1531
0,250,37.2903,54.34,6.23884,-13.1025
0,250,55.9816,66.4164,-5.49401,-9.71913
0,250,43.4731,49.8586,8.46971,-12.4573
0,250,44.1045,63.6042,-15.5939,2.44176
0,250,36.2283,71.7107,-13.0109,13.0066
0,250,42.9916,76.1106,6.14734,0.487843
0,250,60.9925,61.1498,-0.915497,-2.98346
0,250,39.4551,66.1941,-17.815,9.26726
0,250,46.4871,77.1087,11.1543,3.77042
0,250,43.161,75.4014,1.15318,0.485276
0,250,43.1977,76.6925,6.91767,0.077822
0,250,56.1251,71.3455,-5.13125,-11.6262
0,250,37.6333,77.2357,-1.22405,4.14957
0,250,47.3715,77.6387,9.99328,-0.393622
0,250,53.3326,72.0725,-2.95313,-0.443929
0,250,36.8735,73.4144,-2.75712,11.062
0,250,66.1772,63.1808,0.118634,1.41344
0,250,55.4608,58.4908,-5.81034,-2.41518
0,250,56.7627,74.5199,1.8838,-13.4521
0,250,49.1511,78.6334,11.018,0.828297
0,250,57.1447,75.0118,5.51956,-7.9416
0,250,57.095,78.5653,-1.05264,1.92718
0,250,46.1587,78.8604,8.4716,-1.5888
0,250,47.8408,78.8199,12.7635,-1.18633
0,250,40.7027,77.5316,3.65471,1.87884
0,250,49.0698,79.2634,10.6188,-2.04706
0,250,54.3697,73.0218,-0.316448,-2.60648
0,250,32.9765,77.0054,-11.3562,5.23742
0,250,57.8267,78.4982,2.81934,1.59576
0,250,40.9482,78.3937,4.65466,1.34997
0,250,54.9668,78.5472,11.5729,2.18456
0,250,41.5666,78.6394,2.96327,2.49597
0,250,28.9046,75.4551,-11.3424,4.94538
0,250,39.2357,79.2008,3.89089,1.58577
0,250,34.0513,78.1133,-4.08433,2.63658
0,250,29.443,76.4047,-10.0247,3.69989
0,250,29.609,77.3365,-11.042,0.613185
0,250,49.6938,61.7914,-11.4642,-2.84699
0,250,36.2647,53.0509,3.63151,-12.8782
0,250,29.3433,76.9305,-11.5874,3.44946
0,250,36.0468,58.4422,0.522675,-6.6501
0,250,25.4442,65.9701,-5.82059,-12.0536
0,250,26.9342,74.595,-12.4597,0.318091
0,250,25.6731,67.131,-7.22458,-10.1093
0,250,45.6471,63.8828,-14.3098,-0.74986
0,250,48.059,63.9277,-13.1362,-2.5815
0,250,27.3397,74.3906,-14.5816,1.17686
0,250,50.9288,62.5533,-11.3858,-3.94735
0,250,46.5854,46.6736,13.1617,-13.2902
0,250,33.1942,63.5936,-10.0378,-7.87661
0,250,55.3404,65.3331,-6.89554,-11.0431
0,250,35.398,53.2382,3.60951,-14.7141
0,250,32.2442,60.3092,3.51251,-16.0186
0,250,27.138,70.5304,-14.7332,-5.91984
0,250,31.2988,71.928,-16.544,8.24433
0,250,33.7982,46.2539,3.91408,-12.3773
0,250,56.4238,69.7739,-9.48184,-11.3048
0,250,74.8031,63.5744,0.895254,6.31418
0,250,34.004,68.2199,-14.7374,3.10872
0,250,67.27,59.1507,-0.160684,3.37962
0,250,36.9943,64.5221,-4.33798,-2.9692
0,250,56.7947,56.039,-6.54718,-1.0899
0,250,30.5708,71.2898,-14.841,6.50795
0,250,77.6037,65.5942,0.582483,3.95549
0,250,62.5678,56.9842,-1.84179,2.53294
0,250,51.2966,56.2991,-9.35596,1.11354
0,250,30.0915,72.4343,-18.7527,4.79542
0,250,41.9932,61.8257,-8.52893,5.58433
0,250,36.315,66.4582,-19.2285,10.303
0,250,25.9547,75.7611,-13.835,-0.995328
0,250,59.983,57.3806,-2.59632,-0.23907
0,250,52.3673,57.0856,-9.48774,-1.02101
0,250,69.3347,59.3422,-0.763418,5.37344
0,250,75.7861,64.1856,0.0162266,6.5128
0,250,40.8252,79.5653,2.44645,1.68741
0,250,48.2632,60.7687,-13.6656,-0.832914
0,250,34.402,51.3315,1.53225,-14.0175
0,250,28.541,78.0276,-11.2276,2.85582
0,250,37.7584,63.5073,-16.766,1.76943
0,250,56.5484,66.9547,-5.59117,-7.40361
0,250,44.3681,61.3791,-15.6191,2.1964
0,250,76.0984,64.861,-0.0753194,7.94843
0,250,75.709,65.1689,0.710267,7.06272
0,250,77.1473,62.1622,-1.66332,5.23406
0,250,51.1613,61.0321,-10.5013,-4.66322
0,250,75.1171,61.3021,-2.90971,4.29176
0,250,39.7324,44.3786,6.1179,-15.7335
0,250,77.5916,72.1711,-1.82317,5.63902
0,250,66.9123,59.4332,-0.360111,3.48961
0,250,66.2494,58.4171,-0.619826,3.43369
0,250,64.862,72.1353,-4.32981,-2.05439
0,250,62.22,58.0578,-1.24889,0.237617
0,250,58.1688,65.0453,-5.61008,-7.02525
0,250,64.8248,74.3648,-6.0134,-2.18142
0,250,65.4355,72.2252,-3.78194,-0.728323
0,250,79.3011,68.902,-3.01131,5.87339
0,250,76.7326,76.0524,-2.88207,3.09626
0,250,63.2122,77.0808,-2.72865,-2.98185
0,250,66.141,78.0244,-7.19582,-1.99177
0,250,46.7724,46.427,13.1957,-13.6628
0,250,49.6267,65.0786,-8.87667,-5.17453
0,250,51.6773,64.7773,-8.37276,-7.9015
0,250,47.1185,63.482,-13.2625,-1.45734
0,250,26.2348,72.8646,-14.1566,-1.19346
0,250,38.6962,74.8879,-1.8293,5.79008
0,250,45.6759,62.0066,-13.7666,0.14519
0,250,48.4824,61.5692,-11.1021,-2.45672
0,250,52.7684,77.5271,6.26074,-2.35674
0,250,39.5813,66.3895,-18.2819,9.64072
0,250,42.4401,64.1187,-17.1699,5.17919
0,250,55.6605,74.9636,1.12538,-9.00501
0,250,56.3534,76.0437,6.40066,-10.7409
0,250,40.7777,64.6093,-18.9061,6.97166
0,250,46.2262,78.0359,10.2887,1.54881
0,250,48.031,77.8309,11.2044,-0.0400015
0,250,48.3973,77.1292,7.88589,1.52661
0,250,43.6021,61.8203,-16.2672,3.02458
0,250,44.0359,77.2081,6.43148,-1.41648
0,250,37.7744,66.4094,-18.934,9.67905
0,250,54.4855,75.485,0.505501,-0.415498
0,250,52.08,79.4633,11.9254,0.738111
0,250,53.8416,64.8707,-5.96107,-9.80329
0,250,53.858,70.672,-1.56601,-6.18645
0,250,57.5975,74.61,-2.8169,-12.4809
0,250,53.1098,67.8128,-4.79485,-8.18177
0,250,40.2903,77.8875,3.90157,2.07479
0,250,49.289,64.0942,-12.2069,-5.02895
0,250,43.3077,78.6998,7.03317,-1.25964
0,250,52.6286,79.3048,12.9672,-0.209805
0,250,46.1782,79.2568,9.17852,-6.75754
0,250,43.8223,78.5938,5.56997,1.37727
0,250,40.2772,78.4503,1.85208,0.283285
0,250,54.6934,79.1605,4.86852,-1.75466
0,250,58.1875,77.8249,-1.79467,-1.94919
0,250,32.3265,77.4646,-7.18236,2.27639
0,250,27.1141,76.5552,-13.2979,1.8042
0,250,54.4432,69.8082,-9.00595,-9.17979
0,250,26.7071,76.5229,-13.2786,-0.32207
0,250,26.6006,67.9163,-9.83451,-9.56097
0,250,26.4402,76.9716,-12.8718,-1.03181
0,250,40.7567,68.654,-15.7682,6.05286
0,250,26.4735,73.7592,-14.0621,-1.64686
0,250,32.4136,62.228,0.750397,-19.2304
0,250,41.3782,62.4464,-16.0977,5.47442
0,250,50.1702,64.3711,-10.6569,-6.36981
0,250,26.3175,75.4532,-12.1228,-1.46703
0,250,39.8175,67.8918,-19.176,8.46869
0,250,53.8483,60.4703,-8.20044,-4.11015
0,250,50.7035,69.4178,-4.54639,-0.704529
0,250,46.6714,63.0908,-13.448,-1.30375
0,250,57.2896,77.7649,3.32688,-3.61351
0,250,31.0275,72.7588,-13.5044,5.83494
0,250,34.395,49.2877,3.0505,-11.448
0,250,34.698,56.2811,1.86971,-17.0344
0,250,34.9778,49.668,2.47489,-12.7448
0,250,31.8828,68.1171,-3.06083,5.41235
0,250,34.9516,35.3943,2.59088,-19.295
0,250,32.3815,33.7188,-3.76088,-17.5489
0,250,35.596,59.3468,7.27625,-5.21714
0,250,63.3,58.3334,-1.24686,2.04056
0,250,31.9782,69.1523,-5.42969,6.11428
0,250,30.182,71.6655,-18.1039,6.18157
0,250,32.022,72.6224,-12.2267,7.52651
0,250,60.9895,57.1842,-2.85656,0.909808
0,250,44.8381,59.114,-13.1192,0.0822275
0,250,48.3089,57.0283,-11.8309,0.111455
0,250,78.3847,62.7823,-0.422364,7.53208
0,250,65.797,57.9178,-1.85359,4.09753
0,250,43.4914,58.8232,-14.1412,-1.45618
0,250,77.3,66.6785,0.778789,6.09054
0,250,40.1899,54.7564,5.81529,-9.19834
0,250,32.5088,59.3575,1.43209,-17.801
0,250,44.8467,65.1057,-12.9113,-0.523707
0,250,34.6752,41.6254,4.30917,-15.4499
0,250,50.9388,46.6427,14.5304,-7.19131
0,250,37.9621,73.6481,-4.03465,6.35968
0,250,37.2705,66.0529,-18.8917,11.3121
0,250,77.663,64.825,0.243099,7.48755
0,250,43.9048,46.3456,11.0979,-15.3892
0,250,29.6516,71.2096,-16.0311,1.0919
0,250,43.4134,64.8812,-15.5,3.4518
0,250,41.6707,77.053,5.34373,1.30433
0,250,72.5288,61.0083,1.66397,4.40139
0,250,59.8617,61.5168,-2.91894,-2.76005
0,250,63.0703,64.8036,-1.00846,-0.752324
0,250,39.9759,57.5579,-0.642447,-6.49603
0,250,54.8762,62.6079,-6.87063,-7.98836
0,250,76.6999,64.3918,1.58624,6.02413
0,250,64.149,58.0739,-1.25599,2.10793
0,250,69.5654,59.9325,0.291989,5.94757
0,250,79.0919,61.1742,-0.416018,4.93543
0,250,60.0546,70.6304,-5.16526,-7.98952
0,250,76.417,75.739,-3.41439,3.32494
0,250,63.4166,74.3362,-4.71287,-4.21438
0,250,66.5926,74.7531,-4.441,0.183632
0,250,76.8797,74.1194,-1.32295,4.25682
0,250,64.6506,75.2729,-6.64624,-3.53153
0,250,65.4239,77.351,-4.75137,-1.75554
0,250,59.8286,69.0342,-5.30046,-6.91761
0,250,35.0617,48.8853,2.78482,-14.8501
0,250,27.3523,58.1743,-2.07588,-10.255
0,250,37.1963,47.0108,2.51618,-17.7627
0,250,42.5465,46.4715,9.81449,-15.1532
0,250,44.2279,36.3995,10.9961,-21.6455
0,250,41.2896,66.5239,-13.635,4.53773
0,250,38.9208,74.3476,-3.43954,6.41536
0,250,37.9815,69.6013,-15.7912,10.4773
0,250,40.8114,75.7698,0.78042,2.92433
0,250,46.8584,76.6405,10.7275,1.43281
0,250,41.5636,64.7688,-18.5654,5.87735
0,250,57.0028,72.0391,-0.350196,-14.2184
0,250,56.253,75.1828,-0.912648,-8.30318
0,250,57.3562,76.0649,10.0986,-5.59716
0,250,45.6619,77.7212,9.37374,0.849448
0,250,48.7749,78.4926,11.3825,2.41502
0,250,48.577,78.9061,9.35789,1.48984
0,250,54.2076,77.2821,10.9042,-1.82837
0,250,53.7694,71.2779,-1.86316,-4.39533
0,250,36.0595,74.8053,-4.51451,5.90909
0,250,52.6706,78.8814,11.7001,0.0475359
0,250,51.3761,66.3054,-6.2722,-5.67637
0,250,56.0307,75.8819,4.66124,-7.17882
0,250,56.5311,70.8983,-7.80331,-13.0636
0,250,54.5893,75.2214,1.86833,0.914285
0,250,55.0933,79.3912,11.4162,-7.19021
0,250,50.8763,61.3312,-11.0536,-3.79266
0,250,54.9451,66.9954,-4.91514,-14.3358
0,250,49.9178,74.5204,-3.43984,4.0035
0,250,44.381,63.9274,-14.5131,1.6912
0,250,57.7401,78.0084,7.87307,-2.13436
0,250,52.5313,65.3802,-9.2066,-8.26358
0,250,58.2171,76.7648,2.48416,-5.2749
0,250,50.3959,68.8473,-4.80534,-0.362072
0,250,57.0117,78.2321,5.0557,-9.73858
0,250,29.4335,78.4371,-11.8503,2.07251
0,250,30.9251,73.9601,-13.9042,6.34186
0,250,33.2371,78.6732,-9.11806,-0.541329
0,250,39.6227,78.7439,2.77956,-0.487281
0,250,54.0523,78.639,8.55243,-0.211077
0,250,31.8015,78.2145,-10.6851,2.8938
0,250,37.9674,52.0821,5.05842,-14.2973
0,250,35.7166,78.8989,-4.49721,-1.51075
0,250,37.3659,79.5414,0.514375,1.30501
0,250,50.617,63.1179,-11.9012,-5.22539
0,250,50.4637,63.7853,-12.479,-5.63179
0,250,39.025,68.8069,-18.0807,9.50598
0,250,46.8421,66.9596,-9.96473,-0.794551
0,250,72.9356,63.2215,1.2032,5.50768
0,250,51.8921,65.4735,-8.71687,-7.58557
0,250,36.3696,59.8954,5.57352,-1.97987
0,250,44.3491,36.2169,11.4751,-19.5525
0,250,32.2451,39.6125,-1.68651,-20.193
0,250,45.7655,55.7751,-2.64062,-4.15549
0,250,25.5957,64.2589,-4.55695,-9.4524
0,250,31.415,77.4468,-10.8799,1.49058
0,250,35.7966,63.3187,10.3157,-9.47453
0,250,32.8284,64.571,-1.30295,-10.5289
0,250,51.139,56.7311,-9.43287,-1.38881
0,250,31.0922,71.0015,-12.2676,9.23418
0,250,33.0682,63.9292,-7.52151,-6.57947
0,250,34.1078,58.6956,-8.17634,-6.18704
0,250,58.1497,56.4408,-4.16001,-0.292087
0,250,67.539,58.736,0.0196069,3.44719
0,250,72.939,56.4378,3.80472,9.03368
0,250,74.326,63.9791,1.29073,7.19826
0,250,37.7669,60.8583,3.49944,-1.05268
0,250,49.8629,56.4336,-9.79334,-0.153619
0,250,30.5907,72.4432,-14.6115,9.25823
0,250,75.236,65.0491,2.5262,6.93075
0,250,75.2372,63.9905,1.7346,6.61899
0,250,32.3455,69.7722,-5.79317,11.6693
0,250,37.1154,68.9789,-17.5889,8.37528
0,250,26.027,72.015,-11.3666,-0.977964
0,250,60.4475,62.37,-0.76421,-3.07238
0,250,65.5061,63.1813,0.0451716,0.537092
0,250,39.513,68.2638,-18.1035,8.78298
0,250,41.9843,75.9852,4.03486,1.06903
0,250,54.0504,56.9893,-7.98551,-0.215253
0,250,53.2258,64.2857,-9.48241,-7.05681
0,250,54.1039,59.3572,-6.12097,-4.30167
0,250,36.1489,43.3292,4.1545,-14.7995
0,250,73.5613,61.94,0.634398,5.76643
0,250,45.1824,67.36,-10.5499,-0.164891
0,250,72.6984,60.5169,0.733247,4.05309
0,250,45.5507,61.0214,-14.7656,1.0225
0,250,39.7165,75.7226,3.8589,3.63752
0,250,74.0493,63.1309,-0.155671,5.2908
0,250,61.4959,79.4724,-6.56392,3.21228
0,250,60.2314,75.8923,-1.07669,-4.72732
0,250,60.3087,79.4856,-3.98636,3.37318
0,250,65.1946,76.1172,-6.06722,-2.71863
0,250,64.023,70.0157,-3.58301,-2.16293
0,250,77.7773,74.4186,-2.51499,2.42489
0,250,65.613,73.1029,-4.80379,-1.45904
0,250,63.9212,77.3984,-4.72773,-2.70554
0,250,64.6802,75.8896,-5.66143,-4.00075
0,250,60.3651,76.9921,-6.07132,-5.08815
0,250,64.381,76.2482,-6.03556,-0.661437
0,250,65.9442,77.5515,-6.22708,-0.66625
0,250,42.3288,38.6086,8.62194,-17.417
0,250,33.7549,50.0677,-0.104108,-15.1444
0,250,38.2995,41.1066,6.28305,-19.0514
0,250,51.4839,63.2751,-10.5811,-8.14178
0,250,36.3157,79.4996,-0.634636,0.852692
0,250,33.9789,54.5313,2.50478,-11.4894
0,250,26.0904,68.2374,-9.37798,-8.27858
0,250,44.2928,76.5537,3.4945,2.64654
0,250,43.775,68.8659,-12.0054,5.88468
0,250,44.9845,62.7914,-14.9897,0.773593
0,250,37.4402,68.1372,-18.8235,10.6655
0,250,37.7769,68.8482,-18.8084,10.98
0,250,54.0864,59.7677,-8.28005,-3.71332
0,250,42.1087,75.5194,3.66497,7.09269
0,250,47.1136,62.3278,-12.4244,-0.874226
0,250,50.0519,58.9317,-13.0728,-0.894568
0,250,49.3769,77.2661,9.29347,-0.0578626
0,250,49.9087,77.9943,9.60496,0.516379
0,250,52.6021,66.3997,-7.2632,-9.37566
0,250,41.9981,76.5161,6.25176,2.87037
0,250,55.2537,77.5387,4.41627,-5.8978
0,250,55.5082,78.4498,6.12529,2.27771
0,250,56.442,77.5051,2.89943,0.885478
0,250,56.4583,79.6958,9.00719,0.477172
0,250,57.9509,76.035,6.06681,-6.52851
0,250,36.5707,77.3749,-2.75146,3.77817
0,250,42.3248,78.6343,3.79219,-2.71267
0,250,52.3258,68.303,-4.4842,-5.64912
0,250,55.2421,71.7509,-4.02571,-7.93049
0,250,56.1662,60.8415,-5.18286,-4.60203
0,250,42.4471,66.5323,-14.7305,3.15869
0,250,44.6016,65.387,-13.242,-0.444533
0,250,53.3052,79.021,13.4826,1.26027
0,250,55.9613,65.4933,-4.77537,-10.981
0,250,30.5374,76.4037,-10.0457,0.238631
0,250,54.1196,79.6129,8.53152,3.30527
0,250,29.9229,75.0511,-9.38239,4.30922
0,250,26.9867,75.4696,-13.9026,0.292561
0,250,48.7748,62.0098,-12.1391,-1.7497
0,250,28.9618,77.2458,-8.43715,-2.36668
0,250,36.2126,79.0077,-2.57322,1.09373
0,250,39.2276,67.8096,-19.2611,9.86502
0,250,52.6676,72.2095,-3.14564,-1.23548
0,250,44.9567,63.961,-15.6066,0.743901
0,250,52.5879,64.7078,-9.93582,-9.01792
0,250,44.2632,47.1045,11.1478,-14.1534
0,250,26.9833,73.1042,-12.5302,-2.15105
0,250,34.2648,57.8388,1.50973,-12.4439
0,250,33.4954,70.3646,-12.5643,8.03783
0,250,53.2128,67.2477,-6.27508,-8.5201
0,250,49.79,64.547,-11.082,-5.67213
0,250,46.5843,64.8766,-13.124,-1.39706
0,250,36.5077,60.8109,-3.15363,-1.02355
0,250,40.1889,34.545,7.65029,-14.5373
0,250,34.0217,60.8134,1.95834,-7.80828
0,250,39.9795,42.9842,6.47673,-13.8068
0,250,34.3912,64.3777,7.20458,-9.32709
0,250,41.0006,62.7482,5.26276,4.84913
0,250,32.3048,63.8882,-0.81274,-11.9757
0,250,32.1173,70.3641,-9.46538,9.20611
0,250,50.3128,79.1737,10.1565,-0.973441
0,250,32.2565,67.0531,-4.41873,-15.3813
0,250,46.5454,58.7242,-13.2189,2.02251
0,250,32.6234,68.1566,-8.05655,4.11774
0,250,73.1126,62.877,1.45709,5.81519
0,250,68.118,60.0028,-0.440522,5.50308
0,250,25.9803,70.4905,-14.3443,-8.21001
0,250,26.2605,67.0836,-8.42686,-9.51299
0,250,77.047,66.2054,0.925891,7.18799
0,250,32.754,65.513,-1.46717,-9.69499
0,250,32.983,48.7082,0.854651,-14.3144
0,250,58.6348,74.6624,-5.35148,-9.29398
0,250,32.1567,66.588,-1.22408,-12.3674
0,250,59.0616,65.7235,-5.74051,-6.06413
0,250,45.9647,66.618,-10.1278,-1.034
0,250,35.8479,61.1461,0.566436,-3.42022
0,250,46.6838,64.0833,-14.4554,-2.09782
0,250,50.4051,76.1569,4.75672,2.58059
0,250,53.0995,60.3095,-9.49453,-3.79081
0,250,66.7349,65.1851,0.424956,2.0965
0,250,56.2754,58.58,-6.29179,-3.09134
0,250,50.7515,56.7909,-9.56347,0.002998
0,250,41.4964,66.2938,-16.878,5.75072
0,250,54.2569,74.5613,0.92667,-1.77111
0,250,62.4423,69.2131,-3.99731,-5.47618
0,250,65.292,74.2904,-5.61752,-1.21389
0,250,59.4615,73.8095,-4.3648,-9.54084
0,250,71.8196,58.975,-0.860896,8.95394
0,250,63.8897,75.666,-4.90661,-1.43788
0,250,43.7143,65.3763,-14.9085,1.59788
0,250,60.2241,56.9811,-3.17946,0.241857
0,250,59.0621,56.832,-4.18601,-0.463233
0,250,27.0124,74.0219,-13.1627,-0.783028
0,250,38.3964,73.777,-3.12469,5.27834
0,250,50.7103,58.8657,-11.9293,-2.55554
0,250,65.4932,75.5278,-6.84668,-2.9838
0,250,64.5052,76.8075,-6.82991,-2.11604
0,250,72.1512,60.9421,1.90331,3.6912
0,250,63.5347,72.5977,-3.97432,-5.11946
0,250,63.6303,69.2797,-3.57845,-4.43992
0,250,39.8572,35.7146,8.0739,-23.4692
0,250,45.6135,42.5489,12.9617,-15.7907
0,250,46.3397,64.2913,-13.6759,-1.18692
0,250,35.9251,64.6996,-1.58609,2.28481
0,250,44.8618,32.4902,10.8923,-28.8194
0,250,52.3565,33.2966,16.6004,-15.3843
0,250,35.7624,33.2229,2.65915,-25.2075
0,250,55.9994,48.5831,21.0812,-9.87061
0,250,35.8781,51.291,3.54366,-14.9983
0,250,35.6653,54.8916,5.43314,-15.7694
0,250,34.1011,79.2958,-2.28023,-3.83144
0,250,51.379,68.3418,-4.99223,-4.3965
0,250,50.9348,79.6751,6.51771,-2.64257
0,250,51.9892,64.1689,-12.2961,-7.89744
0,250,54.972,60.5649,-8.10491,-4.28483
0,250,58.7946,61.3253,-3.25994,-2.65566
0,250,37.7186,73.2316,-3.27021,12.6931
0,250,56.7372,59.6085,-4.11727,-4.06946
0,250,45.5244,77.1452,8.24653,1.95938
0,250,35.6561,73.3287,-9.79241,9.46037
0,250,49.917,78.4197,10.4368,1.73834
0,250,56.6363,73.1554,-3.12853,-8.74257
0,250,58.5572,75.7528,4.17992,-6.37765
0,250,52.1298,71.3588,-3.62217,-2.96793
0,250,56.0091,71.8835,-2.97975,-11.2882
0,250,51.6987,71.8276,-2.24766,1.75573
0,250,56.0551,79.0099,12.5096,-7.77538
0,250,53.7276,75.4187,1.6539,3.71165
0,250,51.9253,66.2792,-8.46001,-8.1736
0,250,57.4329,78.9159,-9.16992,-0.263502
0,250,57.5378,73.0985,1.37257,-10.4355
0,250,50.8762,65.5614,-8.2959,-6.85662
0,250,46.7411,79.2472,15.3608,2.6099
0,250,35.0051,78.9937,-5.3202,0.743295
0,250,53.4691,79.5377,5.36488,-0.941438
0,250,31.7963,77.1688,-7.5053,2.02258
0,250,50.593,64.2262,-11.4072,-6.4949
0,250,45.9428,62.2604,-13.7212,-0.543631
0,250,38.9437,78.5714,2.42477,-1.70364
0,250,54.0155,62.2116,-7.92814,-5.70311
0,250,32.7214,78.4099,-7.45997,0.176714
0,250,28.0816,74.0782,-14.3826,-0.501773
0,250,28.0713,78.2338,-9.64075,1.54051
0,250,52.4135,72.6552,-2.84169,0.539353
0,250,25.7691,76.1309,-13.8911,-0.242948
0,250,26.3647,74.6699,-13.5213,-1.23468
0,250,28.0034,75.7854,-12.1378,1.49468
0,250,42.6555,64.4358,-17.3409,5.38732
0,250,49.8772,73.5495,-3.81039,2.8407
0,250,45.6107,62.7405,-15.2688,-0.342395
0,250,24.6005,74.3777,-12.8605,-3.74478
0,250,36.8113,72.506,-14.6346,13.6173
0,250,34.3131,42.25,0.929646,-18.9719
0,250,38.7484,54.4698,1.45656,-4.28359
0,250,25.2089,73.6477,-13.1853,-3.37678
0,250,26.6064,75.826,-12.9031,-0.935256
0,250,31.8735,58.7856,-2.70787,-13.3314
0,250,33.2381,48.1644,0.877848,-12.9813
0,250,44.398,44.0636,11.7167,-17.0268
0,250,32.0755,60.8873,-1.7396,-12.8308
0,250,52.3822,56.4137,-8.28975,-0.219579
0,250,62.1988,57.5372,-0.858515,1.47953
0,250,32.851,66.6379,-10.5961,-8.27294
0,250,51.0625,55.3927,-9.9538,1.5698
0,250,31.8523,70.6025,-17.5506,12.3345
0,250,32.8626,65.8109,-1.98095,-10.806
0,250,31.9229,71.4224,-14.0562,10.5165
0,250,28.2431,72.2697,-16.0611,1.48795
0,250,40.5379,79.1644,2.14076,2.32449
0,250,36.4229,64.3446,-26.1332,2.21495
0,250,33.7999,39.9063,0.505365,-22.3736
0,250,32.4483,61.6853,5.19469,-12.7558
0,250,32.3655,67.7448,-2.26973,0.374177
0,250,33.7894,58.9384,0.0510402,-10.4551
0,250,43.0427,64.4854,-15.4378,4.50686
0,250,54.7869,59.6399,-5.70556,-4.05355
0,250,55.6407,75.9776,3.65133,-4.92336
0,250,40.4568,75.3342,0.251505,2.49177
0,250,52.1134,58.666,-9.78513,-3.17598
0,250,42.0949,38.4059,10.3236,-17.2521
0,250,58.2481,76.1127,2.09515,-8.50447
0,250,49.6676,61.3072,-11.2209,-1.77746
0,250,36.0337,47.4583,1.77343,-13.5058
0,250,33.1186,63.0466,1.11887,-3.42073
0,250,75.2736,61.1506,-0.30061,5.03954
0,250,63.5497,79.3277,-3.33157,-0.0661462
0,250,42.1611,44.3321,9.02377,-11.9305
0,250,54.2969,63.2079,-7.47789,-7.84833
0,250,73.4885,69.0771,-0.587707,5.71755
0,250,77.6439,72.6668,-0.769722,5.18348
0,250,59.089,79.6903,-3.46388,-3.51078
0,250,40.7755,40.9554,8.16536,-16.0901
0,250,60.9467,68.9577,-3.77593,-6.22085
0,250,68.3865,79.6342,-5.78446,2.02164
0,250,63.4692,75.4117,-7.536,-2.61248
0,250,60.2393,73.7571,-2.2547,-7.71002
0,250,64.9614,72.9458,-5.1436,-0.657069
0,250,60.5122,75.9872,-3.11017,-6.98517
0,250,59.4741,70.5226,-3.87608,-9.57795
0,250,60.1578,72.6226,-4.53058,-5.77113
0,250,32.4826,55.7785,0.270139,-13.7626
0,250,32.2842,51.1079,-1.15209,-11.9241
0,250,30.1328,59.3554,-0.0974163,-6.38575
0,250,47.0507,46.9897,12.9353,-12.0815
0,250,39.8641,34.8605,6.9766,-24.4964
0,250,32.2594,42.3256,-0.733753,-14.3734
0,250,42.6654,40.575,8.21659,-19.8782
0,250,27.4337,57.0261,-1.4817,-9.0356
0,250,35.5327,41.5044,6.0722,-14.4902
0,250,33.2309,41.5761,-0.877948,-19.7682
0,250,33.21,54.0108,0.949133,-14.0044
0,250,32.3847,50.1889,0.817003,-11.0609
0,250,63.9851,44.8695,24.459,-9.48815
0,250,34.6228,54.5723,3.81942,-13.1257
0,250,34.4829,53.2863,2.03889,-14.4804
0,250,33.6885,48.9836,1.63682,-9.14599
0,250,45.25,65.3098,-12.3635,-0.836399
0,250,36.9784,55.6387,4.41314,-15.5524
0,250,41.6981,75.3325,4.07216,6.44502
0,250,43.875,62.7171,-16.6002,3.36497
0,250,47.4466,76.7618,6.51753,2.96587
0,250,49.6061,59.3006,-12.7733,-2.07072
0,250,54.2531,77.0158,6.91291,-5.87759
0,250,37.228,74.2958,-2.37902,6.849
0,250,35.4316,69.0855,-14.9064,8.32451
0,250,48.1903,78.4947,13.0138,-2.24822
0,250,51.8153,65.8836,-8.40825,-7.45296
0,250,45.2954,63.657,-14.9356,1.35738
0,250,51.4064,66.7191,-8.93298,-6.02843
0,250,48.5682,65.9842,-9.81748,-3.89147
0,250,55.7091,79.1042,0.427796,-3.50374
0,250,55.7785,78.1304,8.71369,-2.41964
0,250,39.9101,78.133,3.55465,0.953231
0,250,54.1608,67.6205,-6.4568,-11.3512
0,250,52.1166,65.16,-8.43065,-9.18514
0,250,49.6809,62.4266,-12.8912,-3.86264
0,250,47.5804,65.3367,-11.1476,-2.0868
0,250,47.4028,74.319,-5.40428,5.12259
0,250,43.527,79.1129,5.85628,-1.52575
0,250,55.1692,70.5811,-8.69514,-10.2658
0,250,57.9667,71.545,-3.67258,-14.2968
0,250,55.9142,72.9089,1.3848,-8.11313
0,250,26.5706,74.2234,-12.2807,-2.08964
0,250,26.0143,73.8977,-12.2585,-0.0298885
0,250,26.3692,76.1661,-15.0042,-0.819422
0,250,25.6698,73.9922,-12.5073,-2.52163
0,250,37.2483,70.8083,-11.2371,12.485
0,250,52.2288,63.7634,-10.8593,-7.62535
0,250,46.8449,61.679,-13.0434,-0.509416
0,250,46.011,66.0496,-10.8587,-1.6592
0,250,33.4746,79.1269,-5.99496,3.41143
0,250,56.826,70.1667,-6.90787,-14.3659
0,250,52.8648,65.6251,-7.38512,-8.53353
0,250,34.9812,55.9312,3.06104,-17.7831
0,250,35.1707,50.2694,2.03781,-12.746
0,250,48.787,64.7376,-10.4466,-2.92332
0,250,26.7788,77.2272,-16.5194,-1.52965
0,250,33.1921,59.5803,4.45942,-21.1654
0,250,56.0545,66.8493,-4.81445,-12.046
0,250,41.2029,60.7999,1.4989,0.02893
0,250,40.0289,29.1202,6.33196,-29.5464
0,250,45.609,58.8392,-14.4304,1.6299
0,250,35.0495,65.8192,7.08422,-1.04262
0,250,63.0063,57.4351,-1.6779,1.68075
0,250,30.7414,72.0819,-13.6404,6.64909
0,250,32.423,71.0336,-11.0893,9.40154
0,250,48.1604,57.3818,-12.0833,-0.313765
0,250,53.21,56.9489,-8.13982,-1.47599
0,250,53.623,56.8652,-8.23354,0.943563
0,250,32.3081,73.2878,-11.8965,6.77687
0,250,38.1049,61.0005,-1.65044,0.295838
0,250,76.1552,65.6336,1.1264,7.22681
0,250,32.584,68.4736,-9.80774,5.58585
0,250,33.7444,49.3306,0.880912,-12.991
0,250,50.8503,55.5284,-9.83772,1.37472
0,250,25.3566,73.1981,-13.7855,-4.6967
0,250,79.5924,64.5271,-1.08586,5.43491
0,250,47.2043,61.1488,-14.1306,-0.392628
0,250,55.7362,73.4831,0.478592,-6.086
0,250,38.2619,68.4734,-19.3577,10.3634
0,250,48.4912,78.0584,12.7002,2.16357
0,250,38.9483,79.1818,2.41554,2.00061
0,250,44.2003,62.2542,-15.1501,2.96298
0,250,74.785,62.7503,1.91267,5.95706
0,250,76.1901,63.8208,1.15588,7.45287
0,250,73.3917,61.5202,0.889545,4.05219
0,250,79.5432,68.3393,2.72229,6.20293
0,250,45.4776,76.1826,-5.14928,6.1541
0,250,60.6974,74.8867,-2.9168,-6.47081
0,250,37.5151,75.5401,-2.93097,5.83685
0,250,61.5301,69.1058,-5.42211,-6.66083
0,250,64.8397,73.3839,-5.54465,-1.73086
0,250,60.5535,77.6185,0.750198,-2.86149
0,250,29.7783,71.167,-16.1964,6.37114
0,250,59.8759,75.3107,-2.64386,-7.70212
0,250,61.332,58.1702,-2.27628,1.10092
1,250,31,69,0,0
1,250,31.5,69,0,0
1,250,31,69.5,0,0
1,250,31.5,69.5,0,0
1,250,5,5,0,0
1,250,5.5,5,0,0
1,250,5,80,0,0
1,250,5,80.5,0,0
1,250,80,6,0,0
1,250,80.5,6,0,0
1,250,6,5,0,0
1,250,6,5.5,0,0
1,250,5,5.5,0,0
1,250,5.5,5.5,0,0
1,250,5.5,80,0,0
1,250,5.5,80.5,0,0
1,250,80,6.5,0,0
1,250,80.5,6.5,0,0
1,250,6.5,5,0,0
1,250,6.5,5.5,0,0
1,250,5,6,0,0
1,250,5.5,6,0,0
1,250,6,80,0,0
1,250,6,80.5,0,0
1,250,80,7,0,0
1,250,80.5,7,0,0
1,250,7,5,0,0
1,250,7,5.5,0,0
1,250,5,6.5,0,0
1,250,5.5,6.5,0,0
1,250,6.5,80,0,0
1,250,6.5,80.5,0,0
1,250,80,7.5,0,0
1,250,80.5,7.5,0,0
1,250,7.5,5,0,0
1,250,7.5,5.5,0,0
1,250,5,7,0,0
1,250,5.5,7,0,0
1,250,7,80,0,0
1,250,7,80.5,0,0
1,250,80,8,0,0
1,250,80.5,8,0,0
1,250,8,5,0,0
1,250,8,5.5,0,0
1,250,5,7.5,0,0
1,250,5.5,7.5,0,0
1,250,7.5,80,0,0
1,250,7.5,80.5,0,0
1,250,80,8.5,0,0
1,250,80.5,8.5,0,0
1,250,8.5,5,0,0
1,250,8.5,5.5,0,0
1,250,5,8,0,0
1,250,5.5,8,0,0
1,250,8,80,0,0
1,250,8,80.5,0,0
1,250,80,9,0,0
1,250,80.5,9,0,0
1,250,9,5,0,0
1,250,9,5.5,0,0
1,250,5,8.5,0,0
1,250,5.5,8.5,0,0
1,250,8.5,80,0,0
1,250,8.5,80.5,0,0
1,250,80,9.5,0,0
1,250,80.5,9.5,0,0
1,250,9.5,5,0,0
1,250,9.5,5.5,0,0
1,250,5,9,0,0
1,250,5.5,9,0,0
1,250,9,80,0,0
1,250,9,80.5,0,0
1,250,80,10,0,0
1,250,80.5,10,0,0
1,250,10,5,0,0
1,250,10,5.5,0,0
1,250,5,9.5,0,0
1,250,5.5,9.5,0,0
1,250,9.5,80,0,0
1,250,9.5,80.5,0,0
1,250,80,10.5,0,0
1,250,80.5,10.5,0,0
1,250,10.5,5,0,0
1,250,10.5,5.5,0,0
1,250,5,10,0,0
1,250,5.5,10,0,0
1,250,10,80,0,0
1,250,10,80.5,0,0
1,250,80,11,0,0
1,250,80.5,11,0,0
1,250,11,5,0,0
1,250,11,5.5,0,0
1,250,5,10.5,0,0
1,250,5.5,10.5,0,0
1,250,10.5,80,0,0
1,250,10.5,80.5,0,0
1,250,80,11.5,0,0
1,250,80.5,11.5,0,0
1,250,11.5,5,0,0
1,250,11.5,5.5,0,0
1,250,5,11,0,0
1,250,5.5,11,0,0
1,250,11,80,0,0
1,250,11,80.5,0,0
1,250,80,12,0,0
1,250,80.5,12,0,0
1,250,12,5,0,0
1,250,12,5.5,0,0
1,250,5,11.5,0,0
1,250,5.5,11.5,0,0
1,250,11.5,80,0,0
1,250,11.5,80.5,0,0
1,250,80,12.5,0,0
1,250,80.5,12.5,0,0
1,250,12.5,5,0,0
1,250,12.5,5.5,0,0
1,250,5,12,0,0
1,250,5.5,12,0,0
1,250,12,80,0,0
1,250,12,80.5,0,0
1,250,80,13,0,0
1,250,80.5,13,0,0
1,250,13,5,0,0
1,250,13,5.5,0,0
1,250,5,12.5,0,0
1,250,5.5,12.5,0,0
1,250,12.5,80,0,0
1,250,12.5,80.5,0,0
1,250,80,13.5,0,0
1,250,80.5,13.5,0,0
1,250,13.5,5,0,0
1,250,13.5,5.5,0,0
1,250,5,13,0,0
1,250,5.5,13,0,0
1,250,13,80,0,0
1,250,13,80.5,0,0
1,250,80,14,0,0
1,250,80.5,14,0,0
1,250,14,5,0,0
1,250,14,5.5,0,0
1,250,5,13.5,0,0
1,250,5.5,13.5,0,0
1,250,13.5,80,0,0
1,250,13.5,80.5,0,0
1,250,80,14.5,0,0
1,250,80.5,14.5,0,0
1,250,14.5,5,0,0
1,250,14.5,5.5,0,0
1,250,5,14,0,0
1,250,5.5,14,0,0
1,250,14,80,0,0
1,250,14,80.5,0,0
1,250,80,15,0,0
1,250,80.5,15,0,0
1,250,15,5,0,0
1,250,15,5.5,0,0
1,250,5,14.5,0,0
1,250,5.5,14.5,0,0
1,250,14.5,80,0,0
1,250,14.5,80.5,0,0
1,250,80,15.5,0,0
1,250,80.5,15.5,0,0
1,250,15.5,5,0,0
1,250,15.5,5.5,0,0
1,250,5,15,0,0
1,250,5.5,15,0,0
1,250,15,80,0,0
1,250,15,80.5,0,0
1,250,80,16,0,0
1,250,80.5,16,0,0
1,250,16,5,0,0
1,250,16,5.5,0,0
1,250,5,15.5,0,0
1,250,5.5,15.5,0,0
1,250,15.5,80,0,0
1,250,15.5,80.5,0,0
1,250,80,16.5,0,0
1,250,80.5,16.5,0,0
1,250,16.5,5,0,0
1,250,16.5,5.5,0,0
1,250,5,16,0,0
1,250,5.5,16,0,0
1,250,16,80,0,0
1,250,16,80.5,0,0
1,250,80,17,0,0
1,250,80.5,17,0,0
1,250,17,5,0,0
1,250,17,5.5,0,0
1,250,5,16.5,0,0
1,250,5.5,16.5,0,0
1,250,16.5,80,0,0
1,250,16.5,80.5,0,0
1,250,80,17.5,0,0
1,250,80.5,17.5,0,0
1,250,17.5,5,0,0
1,250,17.5,5.5,0,0
1,250,5,17,0,0
1,250,5.5,17,0,0
1,250,17,80,0,0
1,250,17,80.5,0,0
1,250,80,18,0,0
1,250,80.5,18,0,0
1,250,18,5,0,0
1,250,18,5.5,0,0
1,250,5,17.5,0,0
1,250,5.5,17.5,0,0
1,250,17.5,80,0,0
1,250,17.5,80.5,0,0
1,250,80,18.5,0,0
1,250,80.5,18.5,0,0
1,250,18.5,5,0,0
1,250,18.5,5.5,0,0
1,250,5,18,0,0
1,250,5.5,18,0,0
1,250,18,80,0,0
1,250,18,80.5,0,0
1,250,80,19,0,0
1,250,80.5,19,0,0
1,250,19,5,0,0
1,250,19,5.5,0,0
1,250,5,18.5,0,0
1,250,5.5,18.5,0,0
1,250,18.5,80,0,0
1,250,18.5,80.5,0,0
1,250,80,19.5,0,0
1,250,80.5,19.5,0,0
1,250,19.5,5,0,0
1,250,19.5,5.5,0,0
1,250,5,19,0,0
1,250,5.5,19,0,0
1,250,19,80,0,0
1,250,19,80.5,0,0
1,250,80,20,0,0
1,250,80.5,20,0,0
1,250,20,5,0,0
1,250,20,5.5,0,0
1,250,5,19.5,0,0
1,250,5.5,19.5,0,0
1,250,19.5,80,0,0
1,250,19.5,80.5,0,0
1,250,80,20.5,0,0
1,250,80.5,20.5,0,0
1,250,20.5,5,0,0
1,250,20.5,5.5,0,0
1,250,5,20,0,0
1,250,5.5,20,0,0
1,250,20,80,0,0
1,250,20,80.5,0,0
1,250,80,21,0,0
1,250,80.5,21,0,0
1,250,21,5,0,0
1,250,21,5.5,0,0
1,250,5,20.5,0,0
1,250,5.5,20.5,0,0
1,250,20.5,80,0,0
1,250,20.5,80.5,0,0
1,250,80,21.5,0,0
1,250,80.5,21.5,0,0
1,250,21.5,5,0,0
1,250,21.5,5.5,0,0
1,250,5,21,0,0
1,250,5.5,21,0,0
1,250,21,80,0,0
1,250,21,80.5,0,0
1,250,80,22,0,0
1,250,80.5,22,0,0
1,250,22,5,0,0
1,250,22,5.5,0,0
1,250,5,21.5,0,0
1,250,5.5,21.5,0,0
1,250,21.5,80,0,0
1,250,21.5,80.5,0,0
1,250,80,22.5,0,0
1,250,80.5,22.5,0,0
1,250,22.5,5,0,0
1,250,22.5,5.5,0,0
1,250,5,22,0,0
1,250,5.5,22,0,0
1,250,22,80,0,0
1,250,22,80.5,0,0
1,250,80,23,0,0
1,250,80.5,23,0,0
1,250,23,5,0,0
1,250,23,5.5,0,0
1,250,5,22.5,0,0
1,250,5.5,22.5,0,0
1,250,22.5,80,0,0
1,250,22.5,80.5,0,0
1,250,80,23.5,0,0
1,250,80.5,23.5,0,0
1,250,23.5,5,0,0
1,250,23.5,5.5,0,0
1,250,5,23,0,0
1,250,5.5,23,0,0
1,250,23,80,0,0
1,250,23,80.5,0,0
1,250,80,24,0,0
1,250,80.5,24,0,0
1,250,24,5,0,0
1,250,24,5.5,0,0
1,250,5,23.5,0,0
1,250,5.5,23.5,0,0
1,250,23.5,80,0,0
1,250,23.5,80.5,0,0
1,250,80,24.5,0,0
1,250,80.5,24.5,0,0
1,250,24.5,5,0,0
1,250,24.5,5.5,0,0
1,250,5,24,0,0
1,250,5.5,24,0,0
1,250,24,80,0,0
1,250,24,80.5,0,0
1,250,80,25,0,0
1,250,80.5,25,0,0
1,250,25,5,0,0
1,250,25,5.5,0,0
1,250,5,24.5,0,0
1,250,5.5,24.5,0,0
1,250,24.5,80,0,0
1,250,24.5,80.5,0,0
1,250,80,25.5,0,0
1,250,80.5,25.5,0,0
1,250,25.5,5,0,0
1,250,25.5,5.5,0,0
1,250,5,25,0,0
1,250,5.5,25,0,0
1,250,25,80,0,0
1,250,25,80.5,0,0
1,250,80,26,0,0
1,250,80.5,26,0,0
1,250,26,5,0,0
1,250,26,5.5,0,0
1,250,5,25.5,0,0
1,250,5.5,25.5,0,0
1,250,25.5,80,0,0
1,250,25.5,80.5,0,0
1,250,80,26.5,0,0
1,250,80.5,26.5,0,0
1,250,26.5,5,0,0
1,250,26.5,5.5,0,0
1,250,5,26,0,0
1,250,5.5,26,0,0
1,250,26,80,0,0
1,250,26,80.5,0,0
1,250,80,27,0,0
1,250,80.5,27,0,0
1,250,27,5,0,0
1,250,27,5.5,0,0
1,250,5,26.5,0,0
1,250,5.5,26.5,0,0
1,250,26.5,80,0,0
1,250,26.5,80.5,0,0
1,250,80,27.5,0,0
1,250,80.5,27.5,0,0
1,250,27.5,5,0,0
1,250,27.5,5.5,0,0
1,250,5,27,0,0
1,250,5.5,27,0,0
1,250,27,80,0,0
1,250,27,80.5,0,0
1,250,80,28,0,0
1,250,80.5,28,0,0
1,250,28,5,0,0
1,250,28,5.5,0,0
1,250,5,27.5,0,0
1,250,5.5,27.5,0,0
1,250,27.5,80,0,0
1,250,27.5,80.5,0,0
1,250,80,28.5,0,0
1,250,80.5,28.5,0,0
1,250,28.5,5,0,0
1,250,28.5,5.5,0,0
1,250,5,28,0,0
1,250,5.5,28,0,0
1,250,28,80,0,0
1,250,28,80.5,0,0
1,250,80,29,0,0
1,250,80.5,29,0,0
1,250,29,5,0,0
1,250,29,5.5,0,0
1,250,5,28.5,0,0
1,250,5.5,28.5,0,0
1,250,28.5,80,0,0
1,250,28.5,80.5,0,0
1,250,80,29.5,0,0
1,250,80.5,29.5,0,0
1,250,29.5,5,0,0
1,250,29.5,5.5,0,0
1,250,5,29,0,0
1,250,5.5,29,0,0
1,250,29,80,0,0
1,250,29,80.5,0,0
1,250,80,30,0,0
1,250,80.5,30,0,0
1,250,30,5,0,0
1,250,30,5.5,0,0
1,250,5,29.5,0,0
1,250,5.5,29.5,0,0
1,250,29.5,80,0,0
1,250,29.5,80.5,0,0
1,250,80,30.5,0,0
1,250,80.5,30.5,0,0
1,250,30.5,5,0,0
1,250,30.5,5.5,0,0
1,250,5,30,0,0
1,250,5.5,30,0,0
1,250,30,80,0,0
1,250,30,80.5,0,0
1,250,80,31,0,0
1,250,80.5,31,0,0
1,250,31,5,0,0
1,250,31,5.5,0,0
1,250,5,30.5,0,0
1,250,5.5,30.5,0,0
1,250,30.5,80,0,0
1,250,30.5,80.5,0,0
1,250,80,31.5,0,0
1,250,80.5,31.5,0,0
1,250,31.5,5,0,0
1,250,31.5,5.5,0,0
1,250,5,31,0,0
1,250,5.5,31,0,0
1,250,31,80,0,0
1,250,31,80.5,0,0
1,250,80,32,0,0
1,250,80.5,32,0,0
1,250,32,5,0,0
1,250,32,5.5,0,0
1,250,5,31.5,0,0
1,250,5.5,31.5,0,0
1,250,31.5,80,0,0
1,250,31.5,80.5,0,0
1,250,80,32.5,0,0
1,250,80.5,32.5,0,0
1,250,32.5,5,0,0
1,250,32.5,5.5,0,0
1,250,5,32,0,0
1,250,5.5,32,0,0
1,250,32,80,0,0
1,250,32,80.5,0,0
1,250,80,33,0,0
1,250,80.5,33,0,0
1,250,33,5,0,0
1,250,33,5.5,0,0
1,250,5,32.5,0,0
1,250,5.5,32.5,0,0
1,250,32.5,80,0,0
1,250,32.5,80.5,0,0
1,250,80,33.5,0,0
1,250,80.5,33.5,0,0
1,250,33.5,5,0,0
1,250,33.5,5.5,0,0
1,250,5,33,0,0
1,250,5.5,33,0,0
1,250,33,80,0,0
1,250,33,80.5,0,0
1,250,80,34,0,0
1,250,80.5,34,0,0
1,250,34,5,0,0
1,250,34,5.5,0,0
1,250,5,33.5,0,0
1,250,5.5,33.5,0,0
1,250,33.5,80,0,0
1,250,33.5,80.5,0,0
1,250,80,34.5,0,0
1,250,80.5,34.5,0,0
1,250,34.5,5,0,0
1,250,34.5,5.5,0,0
1,250,5,34,0,0
1,250,5.5,34,0,0
1,250,34,80,0,0
1,250,34,80.5,0,0
1,250,80,35,0,0
1,250,80.5,35,0,0
1,250,35,5,0,0
1,250,35,5.5,0,0
1,250,5,34.5,0,0
1,250,5.5,34.5,0,0
1,250,34.5,80,0,0
1,250,34.5,80.5,0,0
1,250,80,35.5,0,0
1,250,80.5,35.5,0,0
1,250,35.5,5,0,0
1,250,35.5,5.5,0,0
1,250,5,35,0,0
1,250,5.5,35,0,0
1,250,35,80,0,0
1,250,35,80.5,0,0
1,250,80,36,0,0
1,250,80.5,36,0,0
1,250,36,5,0,0
1,250,36,5.5,0,0
1,250,5,35.5,0,0
1,250,5.5,35.5,0,0
1,250,35.5,80,0,0
1,250,35.5,80.5,0,0
1,250,80,36.5,0,0
1,250,80.5,36.5,0,0
1,250,36.5,5,0,0
1,250,36.5,5.5,0,0
1,250,5,36,0,0
1,250,5.5,36,0,0
1,250,36,80,0,0
1,250,36,80.5,0,0
1,250,80,37,0,0
1,250,80.5,37,0,0
1,250,37,5,0,0
1,250,37,5.5,0,0
1,250,5,36.5,0,0
1,250,5.5,36.5,0,0
1,250,36.5,80,0,0
1,250,36.5,80.5,0,0
1,250,80,37.5,0,0
1,250,80.5,37.5,0,0
1,250,37.5,5,0,0
1,250,37.5,5.5,0,0
1,250,5,37,0,0
1,250,5.5,37,0,0
1,250,37,80,0,0
1,250,37,80.5,0,0
1,250,80,38,0,0
1,250,80.5,38,0,0
1,250,38,5,0,0
1,250,38,5.5,0,0
1,250,5,37.5,0,0
1,250,5.5,37.5,0,0
1,250,37.5,80,0,0
1,250,37.5,80.5,0,0
1,250,80,38.5,0,0
1,250,80.5,38.5,0,0
1,250,38.5,5,0,0
1,250,38.5,5.5,0,0
1,250,5,38,0,0
1,250,5.5,38,0,0
1,250,38,80,0,0
1,250,38,80.5,0,0
1,250,80,39,0,0
1,250,80.5,39,0,0
1,250,39,5,0,0
1,250,39,5.5,0,0
1,250,5,38.5,0,0
1,250,5.5,38.5,0,0
1,250,38.5,80,0,0
1,250,38.5,80.5,0,0
1,250,80,39.5,0,0
1,250,80.5,39.5,0,0
1,250,39.5,5,0,0
1,250,39.5,5.5,0,0
1,250,5,39,0,0
1,250,5.5,39,0,0
1,250,39,80,0,0
1,250,39,80.5,0,0
1,250,80,40,0,0
1,250,80.5,40,0,0
1,250,40,5,0,0
1,250,40,5.5,0,0
1,250,5,39.5,0,0
1,250,5.5,39.5,0,0
1,250,39.5,80,0,0
1,250,39.5,80.5,0,0
1,250,80,40.5,0,0
1,250,80.5,40.5,0,0
1,250,40.5,5,0,0
1,250,40.5,5.5,0,0
1,250,5,40,0,0
1,250,5.5,40,0,0
1,250,40,80,0,0
1,250,40,80.5,0,0
1,250,80,41,0,0
1,250,80.5,41,0,0
1,250,41,5,0,0
1,250,41,5.5,0,0
1,250,5,40.5,0,0
1,250,5.5,40.5,0,0
1,250,40.5,80,0,0
1,250,40.5,80.5,0,0
1,250,80,41.5,0,0
1,250,80.5,41.5,0,0
1,250,41.5,5,0,0
1,250,41.5,5.5,0,0
1,250,5,41,0,0
1,250,5.5,41,0,0
1,250,41,80,0,0
1,250,41,80.5,0,0
1,250,80,42,0,0
1,250,80.5,42,0,0
1,250,42,5,0,0
1,250,42,5.5,0,0
1,250,5,41.5,0,0
1,250,5.5,41.5,0,0
1,250,41.5,80,0,0
1,250,41.5,80.5,0,0
1,250,80,42.5,0,0
1,250,80.5,42.5,0,0
1,250,42.5,5,0,0
1,250,42.5,5.5,0,0
1,250,5,42,0,0
1,250,5.5,42,0,0
1,250,42,80,0,0
1,250,42,80.5,0,0
1,250,80,43,0,0
1,250,80.5,43,0,0
1,250,43,5,0,0
1,250,43,5.5,0,0
1,250,5,42.5,0,0
1,250,5.5,42.5,0,0
1,250,42.5,80,0,0
1,250,42.5,80.5,0,0
1,250,80,43.5,0,0
1,250,80.5,43.5,0,0
1,250,43.5,5,0,0
1,250,43.5,5.5,0,0
1,250,5,43,0,0
1,250,5.5,43,0,0
1,250,43,80,0,0
1,250,43,80.5,0,0
1,250,80,44,0,0
1,250,80.5,44,0,0
1,250,44,5,0,0
1,250,44,5.5,0,0
1,250,5,43.5,0,0
1,250,5.5,43.5,0,0
1,250,43.5,80,0,0
1,250,43.5,80.5,0,0
1,250,80,44.5,0,0
1,250,80.5,44.5,0,0
1,250,44.5,5,0,0
1,250,44.5,5.5,0,0
1,250,5,44,0,0
1,250,5.5,44,0,0
1,250,44,80,0,0
1,250,44,80.5,0,0
1,250,80,45,0,0
1,250,80.5,45,0,0
1,250,45,5,0,0
1,250,45,5.5,0,0
1,250,5,44.5,0,0
1,250,5.5,44.5,0,0
1,250,44.5,80,0,0
1,250,44.5,80.5,0,0
1,250,80,45.5,0,0
1,250,80.5,45.5,0,0
1,250,45.5,5,0,0
1,250,45.5,5.5,0,0
1,250,5,45,0,0
1,250,5.5,45,0,0
1,250,45,80,0,0
1,250,45,80.5,0,0
1,250,80,46,0,0
1,250,80.5,46,0,0
1,250,46,5,0,0
1,250,46,5.5,0,0
1,250,5,45.5,0,0
1,250,5.5,45.5,0,0
1,250,45.5,80,0,0
1,250,45.5,80.5,0,0
1,250,80,46.5,0,0
1,250,80.5,46.5,0,0
1,250,46.5,5,0,0
1,250,46.5,5.5,0,0
1,250,5,46,0,0
1,250,5.5,46,0,0
1,250,46,80,0,0
1,250,46,80.5,0,0
1,250,80,47,0,0
1,250,80.5,47,0,0
1,250,47,5,0,0
1,250,47,5.5,0,0
1,250,5,46.5,0,0
1,250,5.5,46.5,0,0
1,250,46.5,80,0,0
1,250,46.5,80.5,0,0
1,250,80,47.5,0,0
1,250,80.5,47.5,0,0
1,250,47.5,5,0,0
1,250,47.5,5.5,0,0
1,250,5,47,0,0
1,250,5.5,47,0,0
1,250,47,80,0,0
1,250,47,80.5,0,0
1,250,80,48,0,0
1,250,80.5,48,0,0
1,250,48,5,0,0
1,250,48,5.5,0,0
1,250,5,47.5,0,0
1,250,5.5,47.5,0,0
1,250,47.5,80,0,0
1,250,47.5,80.5,0,0
1,250,80,48.5,0,0
1,250,80.5,48.5,0,0
1,250,48.5,5,0,0
1,250,48.5,5.5,0,0
1,250,5,48,0,0
1,250,5.5,48,0,0
1,250,48,80,0,0
1,250,48,80.5,0,0
1,250,80,49,0,0
1,250,80.5,49,0,0
1,250,49,5,0,0
1,250,49,5.5,0,0
1,250,5,48.5,0,0
1,250,5.5,48.5,0,0
1,250,48.5,80,0,0
1,250,48.5,80.5,0,0
1,250,80,49.5,0,0
1,250,80.5,49.5,0,0
1,250,49.5,5,0,0
1,250,49.5,5.5,0,0
1,250,5,49,0,0
1,250,5.5,49,0,0
1,250,49,80,0,0
1,250,49,80.5,0,0
1,250,80,50,0,0
1,250,80.5,50,0,0
1,250,50,5,0,0
1,250,50,5.5,0,0
1,250,5,49.5,0,0
1,250,5.5,49.5,0,0
1,250,49.5,80,0,0
1,250,49.5,80.5,0,0
1,250,80,50.5,0,0
1,250,80.5,50.5,0,0
1,250,50.5,5,0,0
1,250,50.5,5.5,0,0
1,250,5,50,0,0
1,250,5.5,50,0,0
1,250,50,80,0,0
1,250,50,80.5,0,0
1,250,80,51,0,0
1,250,80.5,51,0,0
1,250,51,5,0,0
1,250,51,5.5,0,0
1,250,5,50.5,0,0
1,250,5.5,50.5,0,0
1,250,50.5,80,0,0
1,250,50.5,80.5,0,0
1,250,80,51.5,0,0
1,250,80.5,51.5,0,0
1,250,51.5,5,0,0
1,250,51.5,5.5,0,0
1,250,5,51,0,0
1,250,5.5,51,0,0
1,250,51,80,0,0
1,250,51,80.5,0,0
1,250,80,52,0,0
1,250,80.5,52,0,0
1,250,52,5,0,0
1,250,52,5.5,0,0
1,250,5,51.5,0,0
1,250,5.5,51.5,0,0
1,250,51.5,80,0,0
1,250,51.5,80.5,0,0
1,250,80,52.5,0,0
1,250,80.5,52.5,0,0
1,250,52.5,5,0,0
1,250,52.5,5.5,0,0
1,250,5,52,0,0
1,250,5.5,52,0,0
1,250,52,80,0,0
1,250,52,80.5,0,0
1,250,80,53,0,0
1,250,80.5,53,0,0
1,250,53,5,0,0
1,250,53,5.5,0,0
1,250,5,52.5,0,0
1,250,5.5,52.5,0,0
1,250,52.5,80,0,0
1,250,52.5,80.5,0,0
1,250,80,53.5,0,0
1,250,80.5,53.5,0,0
1,250,53.5,5,0,0
1,250,53.5,5.5,0,0
1,250,5,53,0,0
1,250,5.5,53,0,0
1,250,53,80,0,0
1,250,53,80.5,0,0
1,250,80,54,0,0
1,250,80.5,54,0,0
1,250,54,5,0,0
1,250,54,5.5,0,0
1,250,5,53.5,0,0
1,250,5.5,53.5,0,0
1,250,53.5,80,0,0
1,250,53.5,80.5,0,0
1,250,80,54.5,0,0
1,250,80.5,54.5,0,0
1,250,54.5,5,0,0
1,250,54.5,5.5,0,0
1,250,5,54,0,0
1,250,5.5,54,0,0
1,250,54,80,0,0
1,250,54,80.5,0,0
1,250,80,55,0,0
1,250,80.5,55,0,0
1,250,55,5,0,0
1,250,55,5.5,0,0
1,250,5,54.5,0,0
1,250,5.5,54.5,0,0
1,250,54.5,80,0,0
1,250,54.5,80.5,0,0
1,250,80,55.5,0,0
1,250,80.5,55.5,0,0
1,250,55.5,5,0,0
1,250,55.5,5.5,0,0
1,250,5,55,0,0
1,250,5.5,55,0,0
1,250,55,80,0,0
1,250,55,80.5,0,0
1,250,80,56,0,0
1,250,80.5,56,0,0
1,250,56,5,0,0
1,250,56,5.5,0,0
1,250,5,55.5,0,0
1,250,5.5,55.5,0,0
1,250,55.5,80,0,0
1,250,55.5,80.5,0,0
1,250,80,56.5,0,0
1,250,80.5,56.5,0,0
1,250,56.5,5,0,0
1,250,56.5,5.5,0,0
1,250,5,56,0,0
1,250,5.5,56,0,0
1,250,56,80,0,0
1,250,56,80.5,0,0
1,250,80,57,0,0
1,250,80.5,57,0,0
1,250,57,5,0,0
1,250,57,5.5,0,0
1,250,5,56.5,0,0
1,250,5.5,56.5,0,0
1,250,56.5,80,0,0
1,250,56.5,80.5,0,0
1,250,80,57.5,0,0
1,250,80.5,57.5,0,0
1,250,57.5,5,0,0
1,250,57.5,5.5,0,0
1,250,5,57,0,0
1,250,5.5,57,0,0
1,250,57,80,0,0
1,250,57,80.5,0,0
1,250,80,58,0,0
1,250,80.5,58,0,0
1,250,58,5,0,0
1,250,58,5.5,0,0
1,250,5,57.5,0,0
1,250,5.5,57.5,0,0
1,250,57.5,80,0,0
1,250,57.5,80.5,0,0
1,250,80,58.5,0,0
1,250,80.5,58.5,0,0
1,250,58.5,5,0,0
1,250,58.5,5.5,0,0
1,250,5,58,0,0
1,250,5.5,58,0,0
1,250,58,80,0,0
1,250,58,80.5,0,0
1,250,80,59,0,0
1,250,80.5,59,0,0
1,250,59,5,0,0
1,250,59,5.5,0,0
1,250,5,58.5,0,0
1,250,5.5,58.5,0,0
1,250,58.5,80,0,0
1,250,58.5,80.5,0,0
1,250,80,59.5,0,0
1,250,80.5,59.5,0,0
1,250,59.5,5,0,0
1,250,59.5,5.5,0,0
1,250,5,59,0,0
1,250,5.5,59,0,0
1,250,59,80,0,0
1,250,59,80.5,0,0
1,250,80,60,0,0
1,250,80.5,60,0,0
1,250,60,5,0,0
1,250,60,5.5,0,0
1,250,5,59.5,0,0
1,250,5.5,59.5,0,0
1,250,59.5,80,0,0
1,250,59.5,80.5,0,0
1,250,80,60.5,0,0
1,250,80.5,60.5,0,0
1,250,60.5,5,0,0
1,250,60.5,5.5,0,0
1,250,5,60,0,0
1,250,5.5,60,0,0
1,250,60,80,0,0
1,250,60,80.5,0,0
1,250,80,61,0,0
1,250,80.5,61,0,0
1,250,61,5,0,0
1,250,61,5.5,0,0
1,250,5,60.5,0,0
1,250,5.5,60.5,0,0
1,250,60.5,80,0,0
1,250,60.5,80.5,0,0
1,250,80,61.5,0,0
1,250,80.5,61.5,0,0
1,250,61.5,5,0,0
1,250,61.5,5.5,0,0
1,250,5,61,0,0
1,250,5.5,61,0,0
1,250,61,80,0,0
1,250,61,80.5,0,0
1,250,80,62,0,0
1,250,80.5,62,0,0
1,250,62,5,0,0
1,250,62,5.5,0,0
1,250,5,61.5,0,0
1,250,5.5,61.5,0,0
1,250,61.5,80,0,0
1,250,61.5,80.5,0,0
1,250,80,62.5,0,0
1,250,80.5,62.5,0,0
1,250,62.5,5,0,0
1,250,62.5,5.5,0,0
1,250,5,62,0,0
1,250,5.5,62,0,0
1,250,62,80,0,0
1,250,62,80.5,0,0
1,250,80,63,0,0
1,250,80.5,63,0,0
1,250,63,5,0,0
1,250,63,5.5,0,0
1,250,5,62.5,0,0
1,250,5.5,62.5,0,0
1,250,62.5,80,0,0
1,250,62.5,80.5,0,0
1,250,80,63.5,0,0
1,250,80.5,63.5,0,0
1,250,63.5,5,0,0
1,250,63.5,5.5,0,0
1,250,5,63,0,0
1,250,5.5,63,0,0
1,250,63,80,0,0
1,250,63,80.5,0,0
1,250,80,64,0,0
1,250,80.5,64,0,0
1,250,64,5,0,0
1,250,64,5.5,0,0
1,250,5,63.5,0,0
1,250,5.5,63.5,0,0
1,250,63.5,80,0,0
1,250,63.5,80.5,0,0
1,250,80,64.5,0,0
1,250,80.5,64.5,0,0
1,250,64.5,5,0,0
1,250,64.5,5.5,0,0
1,250,5,64,0,0
1,250,5.5,64,0,0
1,250,64,80,0,0
1,250,64,80.5,0,0
1,250,80,65,0,0
1,250,80.5,65,0,0
1,250,65,5,0,0
1,250,65,5.5,0,0
1,250,5,64.5,0,0
1,250,5.5,64.5,0,0
1,250,64.5,80,0,0
1,250,64.5,80.5,0,0
1,250,80,65.5,0,0
1,250,80.5,65.5,0,0
1,250,65.5,5,0,0
1,250,65.5,5.5,0,0
1,250,5,65,0,0
1,250,5.5,65,0,0
1,250,65,80,0,0
1,250,65,80.5,0,0
1,250,80,66,0,0
1,250,80.5,66,0,0
1,250,66,5,0,0
1,250,66,5.5,0,0
1,250,5,65.5,0,0
1,250,5.5,65.5,0,0
1,250,65.5,80,0,0
1,250,65.5,80.5,0,0
1,250,80,66.5,0,0
1,250,80.5,66.5,0,0
1,250,66.5,5,0,0
1,250,66.5,5.5,0,0
1,250,5,66,0,0
1,250,5.5,66,0,0
1,250,66,80,0,0
1,250,66,80.5,0,0
1,250,80,67,0,0
1,250,80.5,67,0,0
1,250,67,5,0,0
1,250,67,5.5,0,0
1,250,5,66.5,0,0
1,250,5.5,66.5,0,0
1,250,66.5,80,0,0
1,250,66.5,80.5,0,0
1,250,80,67.5,0,0
1,250,80.5,67.5,0,0
1,250,67.5,5,0,0
1,250,67.5,5.5,0,0
1,250,5,67,0,0
1,250,5.5,67,0,0
1,250,67,80,0,0
1,250,67,80.5,0,0
1,250,80,68,0,0
1,250,80.5,68,0,0
1,250,68,5,0,0
1,250,68,5.5,0,0
1,250,5,67.5,0,0
1,250,5.5,67.5,0,0
1,250,67.5,80,0,0
1,250,67.5,80.5,0,0
1,250,80,68.5,0,0
1,250,80.5,68.5,0,0
1,250,68.5,5,0,0
1,250,68.5,5.5,0,0
1,250,5,68,0,0
1,250,5.5,68,0,0
1,250,68,80,0,0
1,250,68,80.5,0,0
1,250,80,69,0,0
1,250,80.5,69,0,0
1,250,69,5,0,0
1,250,69,5.5,0,0
1,250,5,68.5,0,0
1,250,5.5,68.5,0,0
1,250,68.5,80,0,0
1,250,68.5,80.5,0,0
1,250,80,69.5,0,0
1,250,80.5,69.5,0,0
1,250,69.5,5,0,0
1,250,69.5,5.5,0,0
1,250,5,69,0,0
1,250,5.5,69,0,0
1,250,69,80,0,0
1,250,69,80.5,0,0
1,250,80,70,0,0
1,250,80.5,70,0,0
1,250,70,5,0,0
1,250,70,5.5,0,0
1,250,5,69.5,0,0
1,250,5.5,69.5,0,0
1,250,69.5,80,0,0
1,250,69.5,80.5,0,0
1,250,80,70.5,0,0
1,250,80.5,70.5,0,0
1,250,70.5,5,0,0
1,250,70.5,5.5,0,0
1,250,5,70,0,0
1,250,5.5,70,0,0
1,250,70,80,0,0
1,250,70,80.5,0,0
1,250,80,71,0,0
1,250,80.5,71,0,0
1,250,71,5,0,0
1,250,71,5.5,0,0
1,250,5,70.5,0,0
1,250,5.5,70.5,0,0
1,250,70.5,80,0,0
1,250,70.5,80.5,0,0
1,250,80,71.5,0,0
1,250,80.5,71.5,0,0
1,250,71.5,5,0,0
1,250,71.5,5.5,0,0
1,250,5,71,0,0
1,250,5.5,71,0,0
1,250,71,80,0,0
1,250,71,80.5,0,0
1,250,80,72,0,0
1,250,80.5,72,0,0
1,250,72,5,0,0
1,250,72,5.5,0,0
1,250,5,71.5,0,0
1,250,5.5,71.5,0,0
1,250,71.5,80,0,0
1,250,71.5,80.5,0,0
1,250,80,72.5,0,0
1,250,80.5,72.5,0,0
1,250,72.5,5,0,0
1,250,72.5,5.5,0,0
1,250,5,72,0,0
1,250,5.5,72,0,0
1,250,72,80,0,0
1,250,72,80.5,0,0
1,250,80,73,0,0
1,250,80.5,73,0,0
1,250,73,5,0,0
1,250,73,5.5,0,0
1,250,5,72.5,0,0
1,250,5.5,72.5,0,0
1,250,72.5,80,0,0
1,250,72.5,80.5,0,0
1,250,80,73.5,0,0
1,250,80.5,73.5,0,0
1,250,73.5,5,0,0
1,250,73.5,5.5,0,0
1,250,5,73,0,0
1,250,5.5,73,0,0
1,250,73,80,0,0
1,250,73,80.5,0,0
1,250,80,74,0,0
1,250,80.5,74,0,0
1,250,74,5,0,0
1,250,74,5.5,0,0
1,250,5,73.5,0,0
1,250,5.5,73.5,0,0
1,250,73.5,80,0,0
1,250,73.5,80.5,0,0
1,250,80,74.5,0,0
1,250,80.5,74.5,0,0
1,250,74.5,5,0,0
1,250,74.5,5.5,0,0
1,250,5,74,0,0
1,250,5.5,74,0,0
1,250,74,80,0,0
1,250,74,80.5,0,0
1,250,80,75,0,0
1,250,80.5,75,0,0
1,250,75,5,0,0
1,250,75,5.5,0,0
1,250,5,74.5,0,0
1,250,5.5,74.5,0,0
1,250,74.5,80,0,0
1,250,74.5,80.5,0,0
1,250,80,75.5,0,0
1,250,80.5,75.5,0,0
1,250,75.5,5,0,0
1,250,75.5,5.5,0,0
1,250,5,75,0,0
1,250,5.5,75,0,0
1,250,75,80,0,0
1,250,75,80.5,0,0
1,250,80,76,0,0
1,250,80.5,76,0,0
1,250,76,5,0,0
1,250,76,5.5,0,0
1,250,5,75.5,0,0
1,250,5.5,75.5,0,0
1,250,75.5,80,0,0
1,250,75.5,80.5,0,0
1,250,80,76.5,0,0
1,250,80.5,76.5,0,0
1,250,76.5,5,0,0
1,250,76.5,5.5,0,0
1,250,5,76,0,0
1,250,5.5,76,0,0
1,250,76,80,0,0
1,250,76,80.5,0,0
1,250,80,77,0,0
1,250,80.5,77,0,0
1,250,77,5,0,0
1,250,77,5.5,0,0
1,250,5,76.5,0,0
1,250,5.5,76.5,0,0
1,250,76.5,80,0,0
1,250,76.5,80.5,0,0
1,250,80,77.5,0,0
1,250,80.5,77.5,0,0
1,250,77.5,5,0,0
1,250,77.5,5.5,0,0
1,250,5,77,0,0
1,250,5.5,77,0,0
1,250,77,80,0,0
1,250,77,80.5,0,0
1,250,80,78,0,0
1,250,80.5,78,0,0
1,250,78,5,0,0
1,250,78,5.5,0,0
1,250,5,77.5,0,0
1,250,5.5,77.5,0,0
1,250,77.5,80,0,0
1,250,77.5,80.5,0,0
1,250,80,78.5,0,0
1,250,80.5,78.5,0,0
1,250,78.5,5,0,0
1,250,78.5,5.5,0,0
1,250,5,78,0,0
1,250,5.5,78,0,0
1,250,78,80,0,0
1,250,78,80.5,0,0
1,250,80,79,0,0
1,250,80.5,79,0,0
1,250,79,5,0,0
1,250,79,5.5,0,0
1,250,5,78.5,0,0
1,250,5.5,78.5,0,0
1,250,78.5,80,0,0
1,250,78.5,80.5,0,0
1,250,80,79.5,0,0
1,250,80.5,79.5,0,0
1,250,79.5,5,0,0
1,250,79.5,5.5,0,0
1,250,5,79,0,0
1,250,5.5,79,0,0
1,250,79,80,0,0
1,250,79,80.5,0,0
1,250,80,80,0,0
1,250,80.5,80,0,0
1,250,80,5,0,0
1,250,80,5.5,0,0
1,250,5,79.5,0,0
1,250,5.5,79.5,0,0
1,250,79.5,80,0,0
1,250,79.5,80.5,0,0
1,250,80,80.5,0,0
1,250,80.5,80.5,0,0
1,250,80.5,5,0,0
1,250,80.5,5.5,0,0
1,250,31,6,0,0
1,250,31.5,6,0,0
1,250,31,6.5,0,0
1,250,31.5,6.5,0,0
1,250,31,7,0,0
1,250,31.5,7,0,0
1,250,31,7.5,0,0
1,250,31.5,7.5,0,0
1,250,31,8,0,0
1,250,31.5,8,0,0
1,250,31,8.5,0,0
1,250,31.5,8.5,0,0
1,250,31,9,0,0
1,250,31.5,9,0,0
1,250,31,9.5,0,0
1,250,31.5,9.5,0,0
1,250,31,10,0,0
1,250,31.5,10,0,0
1,250,31,10.5,0,0
1,250,31.5,10.5,0,0
1,250,31,11,0,0
1,250,31.5,11,0,0
1,250,31,11.5,0,0
1,250,31.5,11.5,0,0
1,250,31,12,0,0
1,250,31.5,12,0,0
1,250,31,12.5,0,0
1,250,31.5,12.5,0,0
1,250,31,13,0,0
1,250,31.5,13,0,0
1,250,31,13.5,0,0
1,250,31.5,13.5,0,0
1,250,31,14,0,0
1,250,31.5,14,0,0
1,250,31,14.5,0,0
1,250,31.5,14.5,0,0
1,250,31,15,0,0
1,250,31.5,15,0,0
1,250,31,15.5,0,0
1,250,31.5,15.5,0,0
1,250,31,16,0,0
1,250,31.5,16,0,0
1,250,31,16.5,0,0
1,250,31.5,16.5,0,0
1,250,31,17,0,0
1,250,31.5,17,0,0
1,250,31,17.5,0,0
1,250,31.5,17.5,0,0
1,250,31,18,0,0
1,250,31.5,18,0,0
1,250,31,18.5,0,0
1,250,31.5,18.5,0,0
1,250,31,19,0,0
1,250,31.5,19,0,0
1,250,31,19.5,0,0
1,250,31.5,19.5,0,0
1,250,31,20,0,0
1,250,31.5,20,0,0
1,250,31,20.5,0,0
1,250,31.5,20.5,0,0
1,250,31,21,0,0
1,250,31.5,21,0,0
1,250,31,21.5,0,0
1,250,31.5,21.5,0,0
1,250,31,22,0,0
1,250,31.5,22,0,0
1,250,31,22.5,0,0
1,250,31.5,22.5,0,0
1,250,31,23,0,0
1,250,31.5,23,0,0
1,250,31,23.5,0,0
1,250,31.5,23.5,0,0
1,250,31,24,0,0
1,250,31.5,24,0,0
1,250,31,24.5,0,0
1,250,31.5,24.5,0,0
1,250,31,25,0,0
1,250,31.5,25,0,0
1,250,31,25.5,0,0
1,250,31.5,25.5,0,0
1,250,31,26,0,0
1,250,31.5,26,0,0
1,250,31,26.5,0,0
1,250,31.5,26.5,0,0
1,250,31,27,0,0
1,250,31.5,27,0,0
1,250,31,27.5,0,0
1,250,31.5,27.5,0,0
1,250,31,28,0,0
1,250,31.5,28,0,0
1,250,31,28.5,0,0
1,250,31.5,28.5,0,0
1,250,31,29,0,0
1,250,31.5,29,0,0
1,250,31,29.5,0,0
1,250,31.5,29.5,0,0
1,250,31,30,0,0
1,250,31.5,30,0,0
1,250,31,30.5,0,0
1,250,31.5,30.5,0,0
1,250,31,31,0,0
1,250,31.5,31,0,0
1,250,31,31.5,0,0
1,250,31.5,31.5,0,0
1,250,31,32,0,0
1,250,31.5,32,0,0
1,250,31,32.5,0,0
1,250,31.5,32.5,0,0
1,250,31,33,0,0
1,250,31.5,33,0,0
1,250,31,33.5,0,0
1,250,31.5,33.5,0,0
1,250,31,34,0,0
1,250,31.5,34,0,0
1,250,31,34.5,0,0
1,250,31.5,34.5,0,0
1,250,31,35,0,0
1,250,31.5,35,0,0
1,250,31,35.5,0,0
1,250,31.5,35.5,0,0
1,250,31,36,0,0
1,250,31.5,36,0,0
1,250,31,36.5,0,0
1,250,31.5,36.5,0,0
1,250,31,37,0,0
1,250,31.5,37,0,0
1,250,31,37.5,0,0
1,250,31.5,37.5,0,0
1,250,31,38,0,0
1,250,31.5,38,0,0
1,250,31,38.5,0,0
1,250,31.5,38.5,0,0
1,250,31,39,0,0
1,250,31.5,39,0,0
1,250,31,39.5,0,0
1,250,31.5,39.5,0,0
1,250,31,40,0,0
1,250,31.5,40,0,0
1,250,31,40.5,0,0
1,250,31.5,40.5,0,0
1,250,31,41,0,0
1,250,31.5,41,0,0
1,250,31,41.5,0,0
1,250,31.5,41.5,0,0
1,250,31,42,0,0
1,250,31.5,42,0,0
1,250,31,42.5,0,0
1,250,31.5,42.5,0,0
1,250,31,43,0,0
1,250,31.5,43,0,0
1,250,31,43.5,0,0
1,250,31.5,43.5,0,0
1,250,31,44,0,0
1,250,31.5,44,0,0
1,250,31,44.5,0,0
1,250,31.5,44.5,0,0
1,250,31,45,0,0
1,250,31.5,45,0,0
1,250,31,45.5,0,0
1,250,31.5,45.5,0,0
1,250,31,46,0,0
1,250,31.5,46,0,0
1,250,31,46.5,0,0
1,250,31.5,46.5,0,0
1,250,31,47,0,0
1,250,31.5,47,0,0
1,250,31,47.5,0,0
1,250,31.5,47.5,0,0
1,250,31,48,0,0
1,250,31.5,48,0,0
1,250,31,48.5,0,0
1,250,31.5,48.5,0,0
1,250,31,49,0,0
1,250,31.5,49,0,0
1,250,31,49.5,0,0
1,250,31.5,49.5,0,0
1,250,31,50,0,0
1,250,31.5,50,0,0
1,250,31,50.5,0,0
1,250,31.5,50.5,0,0
1,250,31,51,0,0
1,250,31.5,51,0,0
1,250,31,51.5,0,0
1,250,31.5,51.5,0,0
1,250,31,52,0,0
1,250,31.5,52,0,0
1,250,31,52.5,0,0
1,250,31.5,52.5,0,0
1,250,31,53,0,0
1,250,31.5,53,0,0
1,250,31,53.5,0,0
1,250,31.5,53.5,0,0
1,250,31,54,0,0
1,250,31.5,54,0,0
1,250,31,54.5,0,0
1,250,31.5,54.5,0,0
1,250,31,55,0,0
1,250,31.5,55,0,0
1,250,31,55.5,0,0
1,250,31.5,55.5,0,0
1,250,31,56,0,0
1,250,31.5,56,0,0
1,250,31,56.5,0,0
1,250,31.5,56.5,0,0
1,250,31,57,0,0
1,250,31.5,57,0,0
1,250,31,57.5,0,0
1,250,31.5,57.5,0,0
1,250,31,58,0,0
1,250,31.5,58,0,0
1,250,31,58.5,0,0
1,250,31.5,58.5,0,0
1,250,31,59,0,0
1,250,31.5,59,0,0
1,250,31,59.5,0,0
1,250,31.5,59.5,0,0
1,250,31,60,0,0
1,250,31.5,60,0,0
1,250,31,60.5,0,0
1,250,31.5,60.5,0,0
1,250,31,61,0,0
1,250,31.5,61,0,0
1,250,31,61.5,0,0
1,250,31.5,61.5,0,0
1,250,31,62,0,0
1,250,31.5,62,0,0
1,250,31,62.5,0,0
1,250,31.5,62.5,0,0
1,250,31,63,0,0
1,250,31.5,63,0,0
1,250,31,63.5,0,0
1,250,31.5,63.5,0,0
1,250,31,64,0,0
1,250,31.5,64,0,0
1,250,31,64.5,0,0
1,250,31.5,64.5,0,0
1,250,31,65,0,0
1,250,31.5,65,0,0
1,250,31,65.5,0,0
1,250,31.5,65.5,0,0
1,250,31,66,0,0
1,250,31.5,66,0,0
1,250,31,66.5,0,0
1,250,31.5,66.5,0,0
1,250,31,67,0,0
1,250,31.5,67,0,0
1,250,31,67.5,0,0
1,250,31.5,67.5,0,0
1,250,31,68,0,0
1,250,31.5,68,0,0
1,250,31,68.5,0,0
1,250,31.5,68.5,0,0
