6452 2 0.5 5000 0.2 0 2 0 0.001 0 9.81 80 80
0,250,8.0499,41.4393,1.51053,5.77078
0,250,12.5308,56.1319,3.59545,5.37953
0,250,8.88046,54.0027,1.45198,8.39953
0,250,8.36984,52.963,0.774212,8.4784
0,250,7.88318,47.7733,-0.772424,0.407878
0,250,8.15993,48.1518,12.7904,-2.8217
0,250,8.2914,49.248,0.494259,8.11374
0,250,8.12003,45.9704,0.48701,6.58854
0,250,8.35115,45.8525,0.480582,6.59104
0,250,8.40585,35.4931,0.678222,3.31271
0,250,7.76783,43.088,0.712568,5.89057
0,250,9.35093,39.6416,1.93377,5.1605
0,250,8.52301,40.3325,1.63401,5.4592
0,250,26.7093,25.0348,7.92546,0.0887822
0,250,6.09259,50.4882,0.135827,7.33954
0,250,7.08404,45.5578,0.58772,6.95726
0,250,6.73692,30.3489,0.123955,1.88964
0,250,6.63385,49.6082,0.243142,8.11899
0,250,6.2959,30.7505,0.0807854,2.17643
0,250,6.26402,45.4715,0.240721,7.06323
0,250,7.03412,30.8788,0.320368,1.73261
0,250,8.58519,36.2682,1.2928,3.31099
0,250,7.02204,43.2999,0.296589,6.06119
0,250,5.88387,57.2739,-0.232623,4.95163
0,250,5.90811,53.5326,-0.0128938,5.44489
0,250,6.48936,59.1359,0.70425,1.84492
0,250,5.91852,59.9034,1.30772,2.67587
0,250,5.9659,63.1749,0.53022,3.14681
0,250,6.24927,64.5329,0.968079,2.2475
0,250,5.98732,62.7199,0.876268,3.35667
0,250,5.97401,65.4175,-0.0236325,1.29195
0,250,5.97122,64.1872,1.3489,2.66094
0,250,6.01347,61.8347,-1.48698,1.03112
0,250,6.42068,58.7102,-0.924078,2.43992
0,250,7.06919,65.7569,-0.525387,0.233496
0,250,6.00313,66.3159,0.912265,1.60915
0,250,5.92725,60.9015,0.296847,2.11739
0,250,6.82902,59.7508,-0.328426,1.10322
0,250,6.05196,66.767,-0.354979,2.09298
0,250,6.4241,63.8548,0.563872,0.619771
0,250,7.19469,62.2589,0.674884,1.13822
0,250,6.57388,65.4948,-0.198161,2.04139
0,250,6.11629,67.2142,-0.758131,1.50374
0,250,5.98569,63.6736,0.639624,0.433181
0,250,5.92369,69.8092,-4.85419,1.63694
0,250,7.03969,65.1197,0.129003,1.23114
0,250,6.64168,67.3763,1.077,0.97925
0,250,5.98917,70.8605,-0.905826,3.5007
0,250,6.59327,66.8848,0.213513,1.35321
0,250,5.88981,72.0067,1.79875,-0.784096
0,250,5.94913,72.5858,0.316157,1.31841
0,250,5.99996,67.6477,0.708891,2.6372
0,250,6.03109,70.4254,1.16494,2.48936
0,250,5.94797,71.3708,1.12809,1.31688
0,250,7.3944,65.375,1.09274,1.59607
0,250,6.41461,67.8446,-0.551191,3.05739
0,250,7.60108,63.472,0.26838,0.555099
0,250,5.96579,69.2795,0.793587,1.38833
0,250,6.38424,70.1367,-0.750506,-0.241407
0,250,7.14878,66.227,0.664852,0.785076
0,250,7.65231,66.7188,-0.343816,0.610501
0,250,8.39471,66.9103,0.87033,1.27523
0,250,8.36666,65.3518,1.22951,1.66874
0,250,7.0865,66.67,0.921589,0.749399
0,250,8.05333,67.2697,0.349185,0.197151
0,250,7.19471,67.6305,-0.560485,2.13607
0,250,6.5358,70.6802,0.258029,2.42403
0,250,6.41139,68.4104,-0.175841,1.49436
0,250,5.92063,68.2007,-0.380418,3.48905
0,250,7.59942,67.7898,0.0259778,1.76083
0,250,7.21751,68.2649,0.417464,0.212583
0,250,6.35894,69.5564,-2.21363,2.27364
0,250,6.40768,68.9921,-0.597016,0.506956
0,250,7.15316,70.9765,0.588481,0.876727
0,250,6.42541,73.3309,1.03974,1.38164
0,250,7.17674,72.5456,-0.286464,-0.420858
0,250,5.91937,75.568,-3.00841,-0.972027
0,250,6.49715,75.0092,0.239415,-1.16042
0,250,6.77022,69.8394,0.246177,0.867281
0,250,6.78099,71.0769,0.705021,-0.0938275
0,250,7.34351,75.6325,0.816901,0.344074
0,250,6.39529,71.3364,1.62065,3.14673
0,250,6.35439,71.8086,0.255026,2.73652
0,250,5.92693,75.0246,0.346198,0.363591
0,250,5.99524,74.1923,-1.19043,2.44009
0,250,5.9481,76.1332,0.299082,0.0456813
0,250,5.99265,73.7155,-1.06455,0.374992
0,250,7.07989,76.1264,0.316671,-1.84177
0,250,6.38534,75.8836,-0.663121,-1.10304
0,250,7.00568,75.162,-0.286379,-1.22022
0,250,6.47688,76.3388,1.80127,0.897383
0,250,6.54967,76.7653,-0.633457,-1.00445
0,250,5.96881,76.6109,2.56867,0.531957
0,250,6.45753,77.7768,0.36829,1.4457
0,250,5.94566,78.6547,-0.313947,1.52501
0,250,6.51767,78.9088,0.465096,4.13943
0,250,7.4393,78.3566,-0.832891,1.77687
0,250,6.09469,79.5227,0.910588,-0.723904
0,250,6.07919,79.1979,1.71421,0.742908
0,250,6.68995,79.5348,1.72371,3.17276
0,250,8.83238,50.0322,0.417739,7.36415
0,250,10.604,54.831,3.0995,7.74894
0,250,7.64704,49.2125,-1.25229,12.7893
0,250,8.13364,54.5364,0.738562,8.32536
0,250,7.6068,48.7513,-11.6891,16.4734
0,250,7.10114,42.8457,0.114708,6.00048
0,250,7.81493,42.284,0.959091,5.61005
0,250,10.2387,37.0776,1.56113,3.88034
0,250,11.253,38.6064,3.34586,4.62187
0,250,7.85067,31.0641,0.449168,1.61118
0,250,9.1643,32.4115,1.11222,2.02504
0,250,7.5595,42.472,0.844061,5.91162
0,250,7.53046,30.9,0.417857,1.6167
0,250,6.99107,29.6462,0.128661,1.5812
0,250,6.40583,50.6809,0.165025,8.18991
0,250,6.79017,52.0966,0.478619,7.95639
0,250,6.98127,41.4937,0.99068,6.54448
0,250,6.20505,52.5132,0.542704,6.8626
0,250,6.55198,46.0854,0.37844,7.3214
0,250,7.88454,24.7652,0.67648,-0.185469
0,250,6.96372,49.1157,0.208055,8.05558
0,250,7.02472,56.1226,0.742016,6.01609
0,250,7.14638,50.8601,0.374181,7.71373
0,250,6.11956,58.1662,-1.16303,4.074
0,250,6.11414,61.3874,-1.15671,1.6445
0,250,6.32011,59.5348,0.794791,2.2829
0,250,6.27475,56.772,0.236031,2.67063
0,250,6.06324,62.2655,0.724357,0.187032
0,250,6.90172,58.6939,0.777531,3.51223
0,250,7.06981,60.1654,1.53163,1.96276
0,250,5.94013,59.2438,2.66434,3.11834
0,250,5.83253,56.5422,-2.62787,2.47719
0,250,7.69925,59.2653,0.581722,2.02808
0,250,6.61593,62.5147,1.09306,1.61472
0,250,7.0754,59.3408,0.106506,2.76145
0,250,6.44259,60.6496,0.425151,2.76803
0,250,6.10575,60.3337,0.943121,2.67146
0,250,6.57374,61.5298,0.132661,3.17644
0,250,7.10886,61.3917,0.0417693,1.64193
0,250,8.07536,61.7361,0.314732,2.11043
0,250,6.59884,65.9329,-0.732415,1.88074
0,250,6.5589,61.0396,1.10003,2.71708
0,250,6.55244,63.3475,2.21979,1.10256
0,250,6.56165,66.3958,-0.368712,2.18927
0,250,6.96341,64.6988,1.19967,1.64425
0,250,6.03003,65.8773,-0.733497,-0.198028
0,250,6.98524,61.8385,-0.435896,2.56595
0,250,7.0789,63.2022,-0.485275,1.37682
0,250,7.48091,64.4791,0.710047,1.43423
0,250,6.48269,65.055,-0.204104,1.73572
0,250,7.09968,67.1443,-0.85568,0.234413
0,250,6.00899,68.7243,-2.94387,2.03408
0,250,7.07066,64.0732,-0.816026,1.47583
0,250,7.55757,63.9406,0.270708,2.13295
0,250,8.54081,63.1471,0.809523,0.557432
0,250,7.63405,64.8552,-0.195919,1.3239
0,250,8.10214,64.674,0.48238,1.6686
0,250,7.93711,65.2812,0.712079,2.13393
0,250,7.62835,66.2186,0.727122,1.21268
0,250,8.03922,66.5744,0.0617164,0.624934
0,250,8.12472,69.6,0.332887,0.349513
0,250,8.16741,65.9793,1.39389,0.153817
0,250,7.6112,67.2279,1.92075,0.44408
0,250,7.65022,69.9943,-1.28713,1.18378
0,250,6.83974,67.9764,-0.587028,1.70622
0,250,7.67763,69.4985,1.70754,0.721681
0,250,7.69927,68.9425,0.387649,0.336156
0,250,7.66665,68.3829,-0.0500526,1.25803
0,250,7.18349,69.895,-0.404197,-0.103389
0,250,6.827,68.5859,-0.627438,1.63231
0,250,7.36246,70.4579,0.494,0.967254
0,250,6.8165,69.2391,-0.579169,0.944046
0,250,7.2188,68.8356,1.58991,0.0454891
0,250,6.88587,71.7136,0.0296011,2.27208
0,250,6.91759,70.4156,0.122965,1.83321
0,250,6.81308,74.6332,0.0464783,2.16878
0,250,6.0169,73.188,-0.22044,1.49863
0,250,7.03929,76.5415,1.25546,-0.611524
0,250,6.40063,72.7953,0.0524236,1.0358
0,250,7.57052,76.199,0.0603579,-1.0406
0,250,8.1987,76.0658,0.679559,-0.128023
0,250,9.23184,76.8931,1.00588,-1.10694
0,250,6.87183,72.8696,0.179975,1.09743
0,250,6.40966,72.2892,1.41993,1.54767
0,250,6.11698,74.6359,-1.45304,1.24043
0,250,8.47947,77.2807,2.15312,-1.08977
0,250,7.05341,77.036,0.283548,1.33729
0,250,8.39331,76.4822,0.291613,0.0927089
0,250,6.4739,77.2339,1.2833,0.732843
0,250,7.92508,77.3576,1.8338,-0.0270008
0,250,7.47219,77.3856,1.39238,0.132955
0,250,6.92337,77.4986,1.37352,0.591623
0,250,6.82855,78.0636,1.0379,-0.465789
0,250,6.00136,77.0864,1.50082,0.680495
0,250,5.98086,78.1178,-0.762224,2.23734
0,250,6.38314,78.3963,1.54556,2.51515
0,250,8.00541,79.5249,0.360556,-2.18112
0,250,6.87277,78.5697,-0.908271,2.05233
0,250,6.92411,79.152,0.594482,0.896551
0,250,7.59296,79.3051,-2.11697,3.19236
0,250,10.8502,55.1355,3.08545,7.53604
0,250,7.70951,54.259,0.81067,8.11294
0,250,7.81854,51.9861,0.37982,8.38739
0,250,8.0224,52.9167,0.704715,8.24599
0,250,10.8589,37.5222,1.86061,3.71317
0,250,7.15763,49.561,0.245327,7.9951
0,250,7.63353,44.1067,0.73551,5.69795
0,250,11.521,37.3108,1.90388,3.44293
0,250,7.38923,52.0115,0.625523,8.09738
0,250,6.52541,52.3186,0.492808,7.31515
0,250,8.49491,40.9671,1.7796,5.59224
0,250,6.63274,55.4878,0.621756,8.32255
0,250,7.54087,47.9713,-5.80228,0.00566867
0,250,7.20406,56.6078,1.03237,4.17806
0,250,6.60728,57.0533,-0.115697,2.81516
0,250,7.54857,50.4722,0.398494,7.76353
0,250,7.73709,57.3739,1.11838,3.40816
0,250,7.13403,52.4344,0.663545,8.06549
0,250,6.49049,54.901,0.724085,7.92294
0,250,6.69416,56.5502,-0.571342,4.87509
0,250,5.8965,58.7003,-1.03044,3.1622
0,250,7.31494,55.7193,1.15469,7.86327
0,250,6.52576,57.5922,0.141817,3.87615
0,250,6.08799,57.7876,-2.31043,3.41081
0,250,7.94837,58.6787,0.227295,3.5867
0,250,7.95349,59.8424,0.33449,2.28872
0,250,7.05679,57.5475,0.237298,5.15466
0,250,7.73688,61.0713,0.677089,2.74746
0,250,7.42386,59.7202,-0.0875361,2.8702
0,250,7.18295,60.9591,1.39453,3.14204
0,250,7.32916,58.9675,-0.342471,3.23112
0,250,6.48429,60.0409,0.326138,1.13654
0,250,7.01194,60.5845,1.50841,2.97466
0,250,8.57568,61.9163,0.968829,1.06992
0,250,10.2557,62.9838,0.336763,1.38162
0,250,6.53547,62.0752,0.755003,1.64681
0,250,6.50723,62.9323,-0.624612,1.3854
0,250,9.871,62.5341,1.67732,0.740757
0,250,9.41189,63.4836,1.6536,1.11433
0,250,7.56729,61.9758,0.589643,1.07305
0,250,7.09519,62.7252,0.830409,0.60715
0,250,6.68666,64.3373,1.17152,1.95832
0,250,6.01357,64.91,0.828005,2.35149
0,250,7.70569,62.5192,0.647518,1.54153
0,250,8.83869,62.2525,0.875717,0.605576
0,250,8.13052,62.2167,1.63579,1.625
0,250,9.35365,62.4737,1.18692,1.14897
0,250,8.27652,62.6132,1.54142,2.35047
0,250,8.93986,63.4503,0.526924,0.980676
0,250,8.81413,62.7231,1.11937,1.13689
0,250,9.20154,62.9726,0.800315,1.78284
0,250,7.5721,62.9531,0.596909,1.35726
0,250,8.04733,63.6038,0.99443,1.29629
0,250,8.0646,63.071,-0.0363604,1.35074
0,250,7.97159,64.1907,1.37726,1.80366
0,250,9.11855,64.9008,2.12695,1.71754
0,250,8.99457,66.3589,0.314431,-0.0611977
0,250,8.52075,64.8661,0.827607,0.706173
0,250,7.78074,65.7392,1.04007,1.20926
0,250,8.5809,65.8514,1.06467,0.646648
0,250,8.46515,70.5694,-0.0857816,1.15397
0,250,7.87284,70.468,-0.866707,1.02154
0,250,8.06124,68.4189,0.420698,1.44825
0,250,7.51366,72.1813,0.265315,1.18648
0,250,7.67829,70.9371,0.678986,1.72024
0,250,7.26691,71.7165,-0.929487,-0.855414
0,250,7.41366,73.0027,-1.18709,-0.0798693
0,250,7.2322,69.327,0.452219,1.02775
0,250,7.75146,74.3767,1.03537,1.48162
0,250,6.49695,73.852,0.695846,1.92005
0,250,7.31268,74.6899,-0.083991,1.38306
0,250,6.44383,75.4335,2.08204,2.12317
0,250,6.93622,73.372,-0.881827,-1.2316
0,250,6.53935,74.3247,-2.05598,1.27477
0,250,6.81374,72.1855,1.99521,0.448003
0,250,7.9242,74.8047,0.219021,-0.355302
0,250,7.95976,75.2892,1.55929,0.777262
0,250,8.36713,75.5389,1.97267,0.279795
0,250,7.49197,75.1639,0.262244,0.212988
0,250,7.80296,75.7927,-1.07472,-1.2169
0,250,9.7635,76.9439,1.74442,0.148348
0,250,9.84533,75.5409,2.06068,1.60709
0,250,6.89042,75.6979,-0.782978,0.258186
0,250,7.50418,76.8204,0.116024,-0.521978
0,250,8.92917,76.4015,1.56499,-0.479853
0,250,7.84738,76.5421,1.26724,0.927125
0,250,9.14036,78.2218,1.17244,-0.444146
0,250,9.65707,78.3371,0.295785,-0.318264
0,250,8.10641,78.1797,1.1415,0.80205
0,250,9.00509,77.3405,1.78018,-0.0204139
0,250,8.40708,78.7088,0.117752,1.66493
0,250,8.489,79.4965,-0.161649,1.22553
0,250,6.01591,77.5892,0.359895,1.85879
0,250,7.75021,77.8547,1.57157,-0.401978
0,250,8.71306,79.0996,-2.11123,0.0115
0,250,7.27035,77.8874,-0.0995078,1.21722
0,250,8.83439,77.7837,2.59345,-0.447213
0,250,8.05348,79.0359,0.899413,0.175922
0,250,7.35258,78.7933,0.702789,2.35116
0,250,7.25989,79.5239,-0.0426773,1.71432
0,250,13.0857,56.9473,5.26293,3.59615
0,250,9.37,55.0141,1.79934,8.5363
0,250,8.73542,53.5297,1.30753,8.32445
0,250,6.73937,49.9438,0.195932,8.12352
0,250,7.74859,50.7656,0.390442,7.77871
0,250,7.77542,46.9998,0.441695,7.03518
0,250,7.21593,52.9246,0.715,8.09907
0,250,7.34598,45.412,0.603252,6.62529
0,250,7.55095,43.5218,0.671615,5.75465
0,250,7.70722,52.5866,0.777756,8.26138
0,250,8.15082,55.7546,1.49752,7.70768
0,250,8.13443,39.928,1.47625,5.37125
0,250,8.10947,57.7716,1.61613,3.05505
0,250,8.45459,58.2791,-0.617077,3.67114
0,250,7.38174,53.2797,0.854303,7.89947
0,250,7.08641,58.1236,-1.07787,4.08022
0,250,7.32825,55.1193,0.806172,8.04791
0,250,6.63706,58.1653,-1.16315,4.05818
0,250,9.22497,58.3948,1.54591,2.35583
0,250,6.97148,53.4646,0.596302,7.98316
0,250,8.1325,59.4222,1.22083,2.59624
0,250,8.24737,58.8768,1.02631,3.1695
0,250,8.41078,60.0417,0.10089,1.85467
0,250,9.44506,60.459,-0.0352616,2.89927
0,250,8.20171,60.4346,-0.268757,2.87267
0,250,7.58782,60.2011,0.396096,1.59775
0,250,8.26801,60.8715,0.649817,1.14691
0,250,7.68047,60.6279,0.372356,1.66485
0,250,9.11365,61.1213,1.46289,1.7057
0,250,9.93712,61.6219,1.14664,0.908042
0,250,8.26485,61.2809,0.728834,0.876371
0,250,10.0064,62.0651,-0.0613982,1.64493
0,250,9.44566,62.0352,0.744599,1.03981
0,250,11.9485,62.0175,1.67648,0.274695
0,250,8.72572,61.3993,0.797876,1.24736
0,250,10.4112,62.5751,1.03451,2.33713
0,250,10.4838,62.0901,2.01563,1.05204
0,250,9.86647,63.7525,2.12367,0.955516
0,250,10.052,63.4101,0.346503,1.24592
0,250,8.9533,63.9882,1.61251,2.25778
0,250,7.61497,61.5244,0.932523,1.62078
0,250,6.991,63.6468,0.916445,1.36678
0,250,9.70876,62.975,2.04237,0.23457
0,250,8.49139,63.6829,0.331415,1.72941
0,250,8.86848,64.4815,0.47253,0.72721
0,250,10.2246,64.1013,2.51612,0.460659
0,250,9.47989,64.4568,2.21204,1.10792
0,250,11.2557,63.4872,0.988845,1.70268
0,250,8.43254,64.2273,-0.166027,1.43849
0,250,8.55785,66.3818,1.06846,1.51362
0,250,8.46036,68.0208,-0.0307012,1.62502
0,250,9.31698,67.6183,0.918232,-0.181494
0,250,8.51406,69.184,0.818354,0.964317
0,250,8.70457,71.1013,-0.608591,0.827522
0,250,8.86618,65.3078,0.516771,0.897628
0,250,8.10904,69.0497,-0.0666327,0.801677
0,250,8.02774,67.8545,-1.45449,-0.342729
0,250,8.21399,70.9611,1.019,0.818266
0,250,7.68992,73.8701,-0.980485,0.99362
0,250,8.63896,69.6809,-0.72974,1.36853
0,250,8.33742,71.9597,-0.335625,0.604259
0,250,8.1851,70.0932,0.992723,0.0572694
0,250,7.57866,71.3763,0.893944,1.8827
0,250,6.9752,73.8523,-1.36707,2.01191
0,250,7.41505,73.5557,0.476394,1.07556
0,250,7.7973,72.9468,-0.791537,-0.106052
0,250,7.20902,74.232,2.79008,-0.0238881
0,250,9.87399,74.2039,0.844345,1.51629
0,250,8.31793,73.024,-0.114307,1.89075
0,250,10.0102,77.4819,1.33709,0.149275
0,250,8.00474,73.4167,-1.64793,2.07083
0,250,8.77378,74.1866,0.696663,0.863983
0,250,8.42139,74.9615,1.02285,1.57519
0,250,8.33791,72.4811,0.678789,0.362519
0,250,8.83725,75.3944,1.55791,0.298195
0,250,9.23174,74.4099,-0.142771,0.498125
0,250,8.28907,74.4089,0.733479,0.122418
0,250,9.15643,76.0083,1.05709,0.231482
0,250,9.50538,76.469,0.300485,-0.0532284
0,250,8.46994,73.5655,-0.390212,0.642614
0,250,9.63898,74.6174,0.170713,2.14727
0,250,11.4052,76.6836,1.43687,-0.260966
0,250,11.93,77.5985,2.2407,-1.05796
0,250,9.27778,75.5254,-0.123973,0.281214
0,250,9.51092,77.3557,2.50898,-1.69842
0,250,9.91785,77.8986,2.1243,-1.6275
0,250,9.38246,77.8075,0.728145,-0.762591
0,250,11.0223,79.1283,2.12165,0.0404967
0,250,9.4695,78.7296,0.787241,-1.16413
0,250,8.94269,78.6812,2.20869,0.651689
0,250,8.69017,75.9018,2.58356,1.1753
0,250,8.12615,76.9487,0.984467,-1.21483
0,250,7.82727,78.6282,0.596923,-0.994183
0,250,10.6556,78.7295,0.197819,-0.193393
0,250,8.32124,77.757,0.215446,-1.23876
0,250,9.88277,79.159,0.876363,-0.930565
0,250,8.60527,78.2335,0.913303,-1.109
0,250,9.35824,79.1598,1.3108,-1.28426
0,250,9.02627,79.5141,0.380463,-2.14041
0,250,9.61243,79.5766,0.702485,-0.610966
0,250,14.5216,57.46,6.52046,4.0773
0,250,9.67892,55.2034,2.04898,8.3467
0,250,7.92815,54.9641,0.873903,7.93358
0,250,9.14938,55.9922,1.42115,5.48091
0,250,6.07423,51.0595,0.182132,6.41765
0,250,6.66907,54.4783,0.575212,7.82058
0,250,7.22776,54.1569,0.652853,8.19362
0,250,6.68842,52.9562,0.467702,7.71487
0,250,7.89628,44.7817,0.732359,5.98962
0,250,7.90542,43.5774,0.724612,5.66382
0,250,6.78826,54.0413,0.529116,7.99671
0,250,8.73938,56.5317,-1.05921,4.24578
0,250,9.17124,57.5943,0.38912,4.40753
0,250,6.37914,53.5771,0.205828,7.59379
0,250,7.4368,57.7799,0.848055,3.80686
0,250,7.44651,58.4739,0.160697,3.11171
0,250,8.79564,58.0336,1.71044,3.86849
0,250,8.77395,58.6776,0.267216,2.95543
0,250,10.6417,57.722,2.76772,3.91646
0,250,8.7847,59.0705,0.704649,2.23206
0,250,8.64487,59.5175,0.125087,1.73893
0,250,9.24511,59.4649,0.807868,1.08581
0,250,8.84375,60.3901,1.33909,2.217
0,250,9.35281,59.0106,1.30185,2.58796
0,250,10.9421,61.0833,2.41058,2.14721
0,250,8.89121,59.8853,0.958942,2.53144
0,250,9.53595,60.885,1.10849,1.1317
0,250,8.83708,60.7501,-0.354865,1.10679
0,250,9.56047,61.4478,1.8196,1.53032
0,250,10.2656,60.4,2.80815,1.82747
0,250,9.97374,60.9934,0.345826,0.899232
0,250,9.09936,61.7303,-0.941126,1.73267
0,250,11.0272,62.0305,0.864213,1.17019
0,250,11.4357,62.4138,0.820981,1.29282
0,250,11.5093,62.9816,1.30883,1.83136
0,250,12.2927,62.9287,1.9238,0.744045
0,250,11.7753,64.1679,1.26935,0.136907
0,250,11.8918,63.29,2.30343,0.851444
0,250,10.9501,62.4704,1.01328,0.992825
0,250,9.25307,67.0685,1.66049,0.404766
0,250,10.4844,64.5671,0.756101,1.15496
0,250,11.969,63.7535,2.47321,-0.0938695
0,250,9.40071,65.45,0.562045,0.709669
0,250,10.609,63.6832,1.41669,1.04557
0,250,9.4124,64.037,0.716286,1.09288
0,250,9.93424,64.4518,0.9807,1.10529
0,250,10.7476,64.0921,1.8753,1.06499
0,250,9.50137,66.0288,0.0693539,-0.334476
0,250,9.08703,65.7834,0.788002,-0.37234
0,250,11.3661,63.8049,0.897604,-0.141104
0,250,8.51287,68.5706,0.146382,1.57581
0,250,10.4495,65.6626,0.856474,0.635463
0,250,9.7026,67.1558,-1.0131,-0.216949
0,250,10.5353,65.1685,1.81088,0.169576
0,250,8.85757,66.8694,-0.416526,-0.186747
0,250,10.0954,64.9866,0.534893,0.288725
0,250,8.91145,68.7017,0.0664541,1.20819
0,250,8.9663,70.6369,0.00413626,-0.245682
0,250,8.88618,68.093,0.938703,1.18433
0,250,9.19379,72.8709,0.789824,2.02769
0,250,8.9299,73.7753,0.907764,1.95762
0,250,8.79548,73.1656,0.465522,0.947467
0,250,9.28851,73.4231,1.15366,1.25504
0,250,8.11928,71.4049,-0.955699,0.583835
0,250,7.84332,72.4354,-1.05843,1.15883
0,250,7.89625,71.8787,-1.15282,0.35806
0,250,10.7059,76.1508,0.491978,1.25222
0,250,10.5184,72.6822,1.26483,-0.324504
0,250,10.4415,76.5913,1.16488,0.609631
0,250,10.152,75.0126,-0.0771036,0.694618
0,250,10.132,73.2344,0.941542,1.47036
0,250,10.479,73.5516,-1.06675,1.05432
0,250,10.2496,77.0305,-0.0968179,-0.375361
0,250,16.8366,78.7129,0.183987,-9.35758
0,250,10.7925,77.0634,2.02649,-1.32763
0,250,10.5385,77.4741,0.61835,-0.362565
0,250,8.18317,73.9767,1.25052,0.579625
0,250,11.1294,77.4232,-1.20094,-2.18949
0,250,9.16019,74.9561,0.588716,0.881465
0,250,10.6656,75.0827,-0.27657,1.19832
0,250,11.5156,77.7391,0.995427,0.156539
0,250,10.8724,74.6621,-0.549231,0.865697
0,250,10.7995,75.6944,0.31498,-0.729288
0,250,13.5221,78.7833,-0.409519,-1.47429
0,250,11.8943,78.134,2.38091,1.09447
0,250,8.78073,74.7219,1.77039,0.869361
0,250,9.70461,75.9921,1.70864,0.27256
0,250,12.7942,78.6437,0.833697,0.0310095
0,250,10.2287,78.3136,-0.0826503,-0.723877
0,250,10.4403,79.1243,1.67082,-1.24824
0,250,10.1961,76.0113,0.655589,-0.971569
0,250,8.72325,76.8261,1.7377,-0.812913
0,250,10.7459,79.576,1.62386,0.145369
0,250,10.4842,77.9266,-0.374358,-0.236322
0,250,11.4323,78.2536,0.127481,1.43267
0,250,10.0684,78.718,1.26925,-0.848652
0,250,10.223,79.5369,0.706467,1.22686
0,250,11.5808,79.0915,0.8538,0.309568
0,250,11.2924,79.5257,0.976749,1.00678
0,250,12.3506,79.5825,4.77928,0.972713
0,250,17.8843,58.4875,5.03577,1.81389
0,250,12.3418,56.643,3.35048,4.09592
0,250,8.11795,52.2872,0.352821,8.42985
0,250,8.91726,54.5544,1.48824,8.7529
0,250,8.03567,53.5182,0.858005,8.31299
0,250,8.05151,55.312,1.18808,7.76369
0,250,8.59982,55.5649,1.51199,7.6964
0,250,7.40795,54.701,0.773063,8.01085
0,250,10.0015,56.5584,2.79298,2.99928
0,250,8.1268,54.1016,1.03196,8.49539
0,250,9.20303,56.4778,-0.000692049,3.37151
0,250,7.90505,56.4723,3.11354,1.60757
0,250,7.13201,57.113,-0.191249,3.97001
0,250,7.86315,58.194,0.671396,3.57964
0,250,9.46361,58.0198,1.66328,3.72825
0,250,8.94685,57.2229,1.58923,3.3865
0,250,9.36314,56.7912,1.44338,4.9102
0,250,10.5248,58.1822,1.81221,2.74013
0,250,12.8651,60.2738,3.69124,2.08393
0,250,10.4545,59.5759,1.56274,1.83525
0,250,8.53846,57.6412,0.782164,4.03493
0,250,9.42157,59.9406,1.42977,1.9188
0,250,9.98286,58.2743,2.13962,3.36408
0,250,10.0918,58.9516,1.8406,2.89727
0,250,10.3963,60.9158,3.1517,2.18979
0,250,11.7342,60.9078,1.30295,0.447922
0,250,11.278,61.3841,3.62961,1.04492
0,250,9.78204,59.3256,1.23816,1.83
0,250,10.4143,61.4218,1.69147,1.44575
0,250,10.7915,61.6234,1.73374,-0.0760129
0,250,12.2597,62.3297,1.64737,1.54496
0,250,11.5321,61.828,2.43684,1.72521
0,250,12.3916,63.4099,1.00036,0.452681
0,250,12.7128,63.8091,1.85995,1.19009
0,250,10.9225,64.753,1.82177,0.438647
0,250,13.5977,61.9167,3.0846,0.25826
0,250,12.8196,62.1202,2.29651,-0.140938
0,250,11.1592,64.3152,1.49522,1.25473
0,250,12.8214,63.0345,1.53773,0.940971
0,250,13.321,62.7271,3.09339,1.38198
0,250,11.562,64.5921,1.59402,1.0933
0,250,12.3475,64.1154,1.53048,0.348864
0,250,11.0143,62.9608,0.996319,0.914804
0,250,10.7167,63.2776,0.897185,0.648069
0,250,9.9256,65.9181,0.778472,-0.464017
0,250,9.60291,64.9876,1.35088,0.390998
0,250,8.7185,70.1367,0.544809,0.583644
0,250,8.47697,67.4646,-0.204306,0.600389
0,250,8.88802,67.4865,0.300453,0.695367
0,250,11.3545,65.0267,0.946105,0.975834
0,250,10.5351,67.4451,-0.528127,0.398796
0,250,9.21622,71.0921,0.722032,1.18267
0,250,9.55448,70.6608,-0.190978,-1.24952
0,250,9.68197,73.0656,0.700639,0.285446
0,250,10.9322,72.3646,0.908617,0.511297
0,250,9.30248,68.1417,0.364593,0.238224
0,250,10.2649,73.9629,1.16561,1.19116
0,250,8.844,71.9975,0.668119,-0.125287
0,250,9.85366,66.568,-0.174972,-0.472166
0,250,9.35946,68.7471,0.260625,2.48148
0,250,9.00433,69.214,1.75037,0.691962
0,250,9.17501,72.3158,0.719292,-0.524214
0,250,9.83275,73.6173,0.0458838,0.726175
0,250,8.65786,71.5463,0.338094,-0.555649
0,250,8.72623,72.6088,-0.315567,0.470902
0,250,9.4247,73.9332,-0.476324,0.618442
0,250,11.2288,76.1838,1.89932,0.190027
0,250,10.7136,73.0949,0.978873,0.384577
0,250,14.9874,78.6801,-0.52368,-0.445467
0,250,15.585,78.8544,-0.328151,-0.247208
0,250,13.3726,77.4111,1.93598,0.0674034
0,250,13.2246,76.4483,0.287359,-0.726002
0,250,11.1059,75.2539,-0.695804,-0.220871
0,250,11.3345,75.7206,0.440955,0.236392
0,250,10.2102,74.627,-0.275274,2.13572
0,250,9.96221,72.1045,1.54323,-1.08464
0,250,11.5678,74.391,-0.574205,-0.199479
0,250,13.728,78.0904,1.1914,0.442882
0,250,12.8525,77.4668,1.89229,0.19248
0,250,10.4321,72.1525,0.584104,0.474211
0,250,11.8052,75.7174,2.65205,0.0570474
0,250,12.9577,76.996,-1.17141,-0.103683
0,250,12.4457,77.601,0.784917,-0.307765
0,250,9.64318,75.147,2.84595,0.247502
0,250,11.9599,76.6453,1.41337,-0.136876
0,250,9.96487,76.455,0.316173,0.404341
0,250,10.9188,76.6304,0.423309,0.284549
0,250,11.9736,77.1447,2.28817,-0.0235817
0,250,13.2122,78.4214,-0.134873,-1.54336
0,250,11.4766,77.1231,1.11079,-0.784711
0,250,13.1754,79.0228,0.748209,0.725703
0,250,10.8742,78.3204,2.38382,-0.991247
0,250,11.844,78.6273,1.93765,0.0569022
0,250,12.2984,78.5669,1.47961,1.46556
0,250,11.877,79.5366,0.0830358,-1.13596
0,250,14.7752,79.5067,0.56077,2.35568
0,250,12.071,79.1018,1.50241,1.13307
0,250,12.588,79.0596,2.16188,2.01636
0,250,11.2264,78.7144,1.68722,0.512452
0,250,12.824,79.438,-1.81347,2.45144
0,250,16.7252,58.2119,5.28162,-0.479597
0,250,13.3122,56.5967,5.29707,4.17055
0,250,11.124,55.8535,2.57084,5.77332
0,250,10.5134,55.3526,2.93507,7.79431
0,250,9.34324,55.7332,1.89319,7.35569
0,250,8.89799,55.1904,1.51716,7.90559
0,250,8.34858,56.3909,0.702535,5.39797
0,250,9.8363,56.1518,2.88821,3.60909
0,250,11.1076,58.8993,3.46808,2.6318
0,250,10.0493,57.021,2.75531,4.97114
0,250,10.6895,57.2505,2.88181,2.6449
0,250,10.4276,58.6014,2.35575,2.93154
0,250,8.1763,57.0701,0.456639,2.25339
0,250,7.68835,56.9051,2.14396,3.09319
0,250,9.64176,58.6707,1.66111,2.52318
0,250,8.59153,56.9778,2.00695,1.8615
0,250,11.1724,57.5514,2.00382,2.58219
0,250,11.4558,60.1875,1.40778,2.85196
0,250,14.4063,61.2811,4.12507,-1.0618
0,250,11.7374,59.7403,2.57227,0.429394
0,250,10.1503,57.486,2.49601,3.80258
0,250,9.92709,57.8261,2.52306,2.85992
0,250,10.4524,59.9394,2.26584,1.87291
0,250,9.8615,59.7271,1.62883,2.2492
0,250,10.789,60.5699,1.32811,1.00099
0,250,12.3142,60.9112,3.75508,0.811606
0,250,11.2588,60.7063,2.94817,0.492169
0,250,12.44,61.7774,2.19936,1.31426
0,250,13.5853,61.4436,3.76915,0.508704
0,250,11.7721,61.408,3.67525,1.58152
0,250,12.6837,62.5838,2.85623,1.49667
0,250,11.8262,62.6496,1.25822,0.147796
0,250,12.8051,61.3467,3.02455,0.34683
0,250,14.6936,61.6529,4.43737,0.89858
0,250,13.0778,61.7104,2.99959,0.747441
0,250,14.2982,62.1212,3.8575,0.161296
0,250,13.6276,63.5464,2.20708,0.768686
0,250,13.5293,63.0247,3.81412,-0.225316
0,250,14.6919,64.1057,2.30359,-0.268022
0,250,13.8658,62.3665,2.70293,-1.27488
0,250,13.4988,64.2605,2.21974,0.977532
0,250,13.287,62.2869,4.25042,-0.38332
0,250,9.97445,65.4456,0.613477,-0.74423
0,250,13.0345,63.4107,1.3785,0.427999
0,250,12.1894,64.6102,0.893177,0.231104
0,250,9.43862,66.5419,-0.497177,0.155789
0,250,11.9164,65.0145,1.25663,0.800299
0,250,13.2762,63.8582,2.29022,1.72108
0,250,9.13448,69.7662,0.868646,-0.838905
0,250,9.72438,68.3396,0.124739,-0.151293
0,250,11.0075,67.1499,1.38719,-0.841209
0,250,9.73171,71.1003,0.575598,0.456708
0,250,11.1395,72.792,1.07635,0.505899
0,250,10.3417,69.5908,0.0746096,0.129864
0,250,10.6163,68.7366,0.702115,0.715493
0,250,9.61706,72.4954,0.329449,0.963288
0,250,9.49253,71.884,-0.395202,0.589671
0,250,10.2157,67.9271,-0.897886,-0.514383
0,250,10.3955,75.5267,-0.286097,-0.121569
0,250,10.0689,70.5639,-0.130518,-1.13178
0,250,10.6227,74.2832,0.708327,1.55423
0,250,9.86071,71.5075,-1.14829,0.0843424
0,250,9.19637,71.5771,-0.0135006,1.14825
0,250,10.0619,72.6683,0.282112,0.205336
0,250,14.8546,76.4378,-1.61802,-1.13769
0,250,15.5162,77.8892,-1.78901,-1.99033
0,250,11.1676,74.1914,0.512049,0.874159
0,250,15.1302,78.2692,0.604479,3.42788
0,250,14.76,78.0993,-1.59735,-2.28393
0,250,11.7246,76.2274,1.89962,1.05638
0,250,16.4411,78.4826,-1.08361,-4.77486
0,250,16.1906,74.4189,-2.79211,-3.54947
0,250,32.8023,61.1464,-2.28861,-1.2047
0,250,33.1964,62.0635,-0.379121,-4.611
0,250,19.9845,70.7931,2.71826,-5.34801
0,250,43.95,72.3168,-2.06554,-4.64108
0,250,31.8926,68.7962,4.69893,3.10861
0,250,17.8611,73.001,2.32904,-10.7318
0,250,14.3985,76.8368,0.952385,-1.01059
0,250,14.9614,75.9304,-0.557262,-2.54177
0,250,17.4289,79.7181,-4.3574,-13.265
0,250,16.2351,79.5566,-2.44666,6.52871
0,250,12.418,77.0629,1.11912,-1.95329
0,250,15.9212,79.3555,1.91107,2.7168
0,250,14.265,77.9953,0.450468,1.49542
0,250,14.2393,78.8977,-0.769483,-0.831145
0,250,13.9444,78.4299,0.118231,0.282388
0,250,15.412,79.4973,-2.32733,1.03936
0,250,13.8629,79.0588,1.1082,-0.750677
0,250,12.3914,78.0923,0.430526,-1.08416
0,250,12.8392,78.1032,3.0483,0.603748
0,250,10.9753,77.9088,0.423686,-0.934969
0,250,14.206,79.6311,1.06683,0.330753
0,250,16.5422,79.0723,-3.1439,-3.85088
0,250,14.4782,78.5129,0.741227,-0.413081
0,250,15.1894,79.0936,-1.78175,-1.97836
0,250,13.2683,79.5232,-1.29061,0.489438
0,250,14.4288,76.2317,0.37691,-1.8256
0,250,13.721,79.4973,0.0244158,-3.86674
0,250,16.0186,69.3963,-0.818863,-3.15416
0,250,22.2451,59.892,6.91615,1.04395
0,250,13.8142,57.0496,4.01799,3.21756
0,250,12.7302,57.2261,4.88191,3.00742
0,250,12.6975,56.5545,5.48141,4.59069
0,250,12.4519,57.5409,4.43721,3.53525
0,250,11.7867,57.925,4.14966,3.22165
0,250,12.3016,58.9123,2.97683,2.54798
0,250,11.519,58.3367,4.33215,2.65153
0,250,11.387,57.2251,2.57773,2.61643
0,250,11.9005,57.5861,3.34377,3.43359
0,250,11.138,58.0084,2.99181,2.18081
0,250,9.51552,57.2973,2.09576,4.31051
0,250,10.9952,59.3472,2.03313,2.69716
0,250,10.5515,59.1246,1.7622,2.58344
0,250,11.2306,59.7436,3.10661,2.01525
0,250,10.9944,58.4639,2.32632,3.59731
0,250,13.4465,60.0896,2.54108,2.08629
0,250,13.961,60.2647,3.84612,0.27612
0,250,13.2784,60.6014,3.14786,1.81465
0,250,13.323,61.0528,4.01132,0.728469
0,250,10.9402,60.1231,0.382565,2.14436
0,250,13.9889,61.1198,3.97891,0.410733
0,250,11.825,60.5348,2.20043,0.709897
0,250,9.86721,60.2987,0.36266,2.49332
0,250,14.684,60.8533,4.44042,0.168208
0,250,15.3768,61.4788,4.23831,0.0749607
0,250,16.4487,61.2394,5.2666,-1.04817
0,250,16.1605,61.9885,4.69714,0.203585
0,250,15.9686,61.3864,4.55541,0.49255
0,250,15.0016,61.8889,4.12687,0.0551879
0,250,12.2304,61.4105,1.61004,0.514219
0,250,16.5453,61.7199,5.20321,0.226674
0,250,15.3498,62.2344,4.45729,-0.170521
0,250,15.6546,61.7978,4.92705,-0.963572
0,250,15.0905,63.5012,2.5254,0.193247
0,250,14.6432,62.747,3.09502,-0.655093
0,250,13.0952,64.6659,1.50344,-0.917622
0,250,14.3521,64.4849,2.71138,-0.439094
0,250,12.7496,65.2391,2.09801,-0.710703
0,250,10.8655,65.8621,0.0652152,0.514358
0,250,10.2066,66.7756,1.27395,0.72476
0,250,11.5458,65.4758,0.0887125,-0.626091
0,250,12.8576,64.2736,1.63243,0.335185
0,250,10.2956,66.2117,1.21957,-1.18414
0,250,9.43125,69.3278,-0.0385383,-0.187383
0,250,11.1129,66.5552,-1.39815,-1.37157
0,250,10.0822,67.348,-0.14385,-1.01871
0,250,9.31028,70.2804,0.392345,-0.981155
0,250,9.63185,69.9212,0.168244,0.934278
0,250,10.5484,70.0269,-0.814296,-0.0184503
0,250,10.6376,68.2426,-0.114108,0.624074
0,250,10.5769,70.5217,0.0358724,0.591638
0,250,11.5742,72.5034,0.808466,0.221946
0,250,11.1284,73.3513,1.3496,0.150521
0,250,11.3511,74.8019,0.991163,-0.208187
0,250,10.7264,69.3647,-0.897053,0.548499
0,250,11.2482,71.9749,-0.863015,0.0656011
0,250,13.2186,77.8862,0.458757,-0.554337
0,250,10.2903,71.6648,0.354514,-0.636344
0,250,10.8418,71.8018,0.296153,1.0107
0,250,12.3415,76.3854,0.502886,-0.579884
0,250,12.6767,76.6156,-0.574381,-0.562629
0,250,12.8781,76.0566,-0.360494,1.20542
0,250,30.7249,70.6668,-5.39188,-0.201152
0,250,33.3162,62.5475,-1.27662,-1.44021
0,250,32.01,62.2578,-0.235498,-2.92014
0,250,39.7664,74.7298,-2.99641,0.947424
0,250,14.0675,76.3682,0.186753,1.3285
0,250,14.4384,72.8329,-0.259788,-0.827945
0,250,32.6983,65.0431,-2.25231,-1.60438
0,250,20.4813,67.8626,6.59857,-5.16583
0,250,37.9856,67.628,-11.2984,3.00618
0,250,33.0337,67.9269,-1.16426,3.38995
0,250,45.8707,69.6963,0.184448,-1.18829
0,250,29.3458,78.103,-6.49689,4.77154
0,250,28.5141,72.7281,1.03773,11.8232
0,250,21.357,79.5792,-6.14132,2.21756
0,250,32.0401,68.1236,1.04855,0.249417
0,250,33.8552,63.1964,-0.306548,-3.12836
0,250,20.287,68.7346,7.42945,-6.44434
0,250,39.2975,68.2117,-9.68432,3.45115
0,250,14.3303,74.1356,-0.497667,-2.49757
0,250,14.7026,77.1794,-3.72347,0.168426
0,250,11.7057,69.4955,1.15932,1.27976
0,250,15.0657,76.7254,0.529783,2.01526
0,250,17.1123,79.2985,3.99656,0.601284
0,250,16.7997,79.5464,3.99183,-0.777301
0,250,13.4408,76.8884,-0.49846,1.26293
0,250,14.6269,79.1539,0.213878,2.88606
0,250,16.0118,77.127,-2.15731,2.21856
0,250,15.5042,76.8993,-3.1533,0.207969
0,250,14.9861,77.61,0.428052,-0.303693
0,250,12.2433,75.9238,1.21648,0.19765
0,250,15.6492,78.3268,-0.618691,-1.92279
0,250,15.2281,77.2506,-0.36104,0.224297
0,250,16.0825,77.8536,0.627962,0.827567
0,250,14.834,74.874,-2.61267,-3.78184
0,250,16.0703,72.4242,0.50068,-7.29187
0,250,45.8508,71.0195,-0.737784,-0.192353
0,250,22.5227,76.9889,-11.618,-7.87662
0,250,18.5127,59.1724,4.09648,0.827737
0,250,19.2756,59.2667,6.63486,0.369021
0,250,14.9398,57.7768,4.72693,1.86157
0,250,14.0159,57.8404,5.68909,1.67424
0,250,11.5569,56.4529,4.29231,2.98002
0,250,11.1012,56.2059,2.2412,5.20514
0,250,10.656,56.8239,2.81668,3.53754
0,250,10.4,56.5628,3.31479,1.48503
0,250,11.6963,58.7477,2.53875,3.61029
0,250,11.5563,59.1702,3.02691,2.69646
0,250,13.8225,59.8143,4.81334,0.735305
0,250,12.0158,59.2801,2.49167,1.08704
0,250,14.4082,59.6133,4.79966,1.17809
0,250,12.3132,59.7196,3.66635,1.42566
0,250,12.1051,60.0931,3.47217,0.965639
0,250,12.9203,59.8702,2.4863,2.06054
0,250,14.4556,60.0307,4.74084,1.89278
0,250,13.7709,60.7353,3.70769,0.596948
0,250,14.3842,60.559,3.53829,1.02806
0,250,12.7758,60.8823,2.83328,1.03142
0,250,12.4483,60.4296,2.91691,1.27288
0,250,15.0227,61.1846,4.63834,0.728882
0,250,15.8316,60.9927,3.31772,0.239177
0,250,15.3606,60.8311,5.30665,0.51424
0,250,17.747,61.337,6.04345,0.578579
0,250,18.263,61.8697,5.5421,-0.539235
0,250,16.9774,61.304,5.06883,0.220711
0,250,17.2118,61.6369,4.68616,0.0906007
0,250,14.0912,62.7063,4.37059,1.20214
0,250,15.8941,62.3778,4.20377,0.885541
0,250,14.0666,61.7238,3.35219,1.08252
0,250,15.0386,63.0507,2.73268,-0.556769
0,250,14.0261,63.7213,3.29218,-0.808516
0,250,17.4736,62.7684,5.58308,-0.395008
0,250,13.6814,65.3257,1.96462,-0.520914
0,250,16.2156,63.2038,3.72597,-0.753158
0,250,15.3089,63.8414,3.0476,-1.29633
0,250,12.8694,66.006,0.362508,-0.880803
0,250,12.1714,66.167,0.0719945,-0.375483
0,250,14.0155,64.1972,1.98059,-1.22276
0,250,14.5415,63.7364,3.19981,-0.512098
0,250,10.9963,65.372,1.74735,-0.392584
0,250,12.5594,64.767,1.83237,-0.0366794
0,250,10.6477,66.8759,0.201373,-1.5913
0,250,10.7177,66.3594,1.01868,-0.672386
0,250,11.5232,66.7424,-0.0139296,-0.0729686
0,250,10.2641,71.0107,0.048314,0.379138
0,250,10.632,71.2586,-0.962752,-0.196113
0,250,14.3023,65.3728,1.41659,-0.66671
0,250,12.2644,75.4601,0.880085,0.414624
0,250,11.5316,71.5491,1.55438,-0.102313
0,250,12.708,75.6788,-0.480473,0.55215
0,250,15.5674,74.1058,0.723411,-3.02977
0,250,12.0497,74.4886,-0.449429,-0.309411
0,250,11.7249,70.5624,2.56029,0.722091
0,250,13.7582,77.6755,0.923291,0.282536
0,250,11.9446,74.9847,-0.357345,0.189436
0,250,10.9134,73.7965,1.64028,1.07762
0,250,11.6154,75.2299,0.960476,1.083
0,250,10.8998,70.8198,-0.241011,-1.3857
0,250,13.3069,75.8483,-1.27498,-0.257706
0,250,20.747,69.1774,7.70537,-5.72978
0,250,32.5513,67.9401,-1.13955,-0.400518
0,250,33.3724,63.112,2.76326,0.0920184
0,250,35.5133,63.6196,1.77083,-3.57992
0,250,33.2627,65.8751,-0.953028,-0.49988
0,250,19.0403,67.1894,5.49354,-5.67677
0,250,34.7324,63.8326,-0.272744,-1.69532
0,250,32.1212,62.6816,4.88712,-6.27296
0,250,58.3359,70.6278,6.90338,0.898683
0,250,65.9805,70.0476,5.58632,-1.32885
0,250,32.1043,67.7128,-2.42321,2.85555
0,250,33.0387,74.9899,-0.683591,8.59453
0,250,63.6812,73.422,2.06692,1.31718
0,250,44.9349,66.0011,8.00965,-0.00880366
0,250,44.2115,66.8274,6.03262,4.22215
0,250,36.4498,64.6826,0.178804,2.11908
0,250,33.8099,65.6287,-1.35077,-0.0979395
0,250,57.2634,69.8895,9.74285,2.09483
0,250,34.1884,64.6229,-0.395294,0.39622
0,250,47.0464,65.7015,8.65398,-2.57955
0,250,18.7405,68.5301,4.08878,-8.90114
0,250,48.129,78.4458,3.04602,-0.191395
0,250,31.7457,70.3485,-5.57752,5.81728
0,250,16.895,78.2121,0.683756,0.109186
0,250,65.2743,73.9442,0.119441,-0.00866342
0,250,45.8256,66.1356,4.62717,-0.572798
0,250,27.0097,69.8588,3.14948,6.13259
0,250,17.9272,79.0067,5.78329,1.46247
0,250,64.1774,73.3936,1.84061,-0.542672
0,250,32.4904,66.4666,-2.60787,-1.63239
0,250,65.3624,72.5147,2.99148,-0.582236
0,250,42.028,74.0061,-4.76793,-4.54381
0,250,35.5867,65.3029,0.328652,-1.76
0,250,16.1015,78.9464,1.90053,-1.35891
0,250,32.0648,67.2116,1.65521,-0.220728
0,250,33.5159,65.2822,1.13341,-0.632557
0,250,28.6442,79.6669,-10.4281,-7.03942
0,250,33.4466,67.4548,0.42443,-1.14143
0,250,34.8953,65.6874,-1.79073,0.263753
0,250,22.8088,60.3905,7.2594,1.01852
0,250,21.1289,60.2624,6.69954,0.572197
0,250,17.1934,58.07,5.25112,-0.713345
0,250,15.5789,58.1872,6.12899,1.84662
0,250,12.1018,57.1219,5.40719,4.44854
0,250,13.1622,57.4874,3.86404,2.76476
0,250,12.4101,58.1055,3.25921,3.03351
0,250,12.1175,58.4138,2.85552,2.13132
0,250,12.8628,59.0284,3.92595,2.56068
0,250,13.259,59.5685,3.85108,1.70743
0,250,12.6455,59.3826,2.31931,1.38074
0,250,15.5472,59.8875,4.44471,1.98492
0,250,16.4258,60.3453,4.99415,0.0108422
0,250,14.9008,60.3603,4.08124,1.02952
0,250,17.0188,60.6324,5.54104,0.40302
0,250,17.3204,60.3979,7.32884,-0.293484
0,250,16.8091,60.0501,5.42223,0.570894
0,250,15.9116,60.1153,5.20308,-0.605916
0,250,18.1188,60.3852,6.49957,0.0642231
0,250,16.5838,60.8283,5.08613,-0.946815
0,250,15.3777,60.4294,5.44262,-0.201739
0,250,16.0237,60.5995,4.04099,-0.061151
0,250,17.4057,61.0327,5.01219,0.77199
0,250,16.8802,62.0554,5.06136,0.820535
0,250,16.3829,62.8029,4.34008,-0.94375
0,250,16.4596,62.3823,4.12737,-0.611583
0,250,15.771,62.8299,5.11982,0.311206
0,250,14.0367,63.1614,3.12574,0.256494
0,250,16.888,63.0094,4.54241,-1.25517
0,250,14.7279,62.3584,5.65757,0.721551
0,250,15.6026,63.2693,4.33978,0.0588466
0,250,14.5028,63.2592,3.18004,-1.35435
0,250,14.0534,64.9834,2.09057,-2.47693
0,250,20.6506,62.4822,6.92,-1.59525
0,250,16.7117,63.4212,4.13018,-1.57004
0,250,13.3188,65.0607,0.417994,-1.89533
0,250,10.8014,67.7612,-0.046031,-0.0301845
0,250,15.3502,64.5967,2.53163,-1.75009
0,250,13.0718,65.5412,1.15326,-0.555629
0,250,11.8939,65.7326,-0.297895,-0.289224
0,250,11.319,65.9602,0.703512,-0.317132
0,250,9.77668,67.7605,0.336721,1.21892
0,250,11.6055,66.2365,0.480527,-0.607203
0,250,13.6802,64.6588,2.25328,-0.629682
0,250,10.9809,69.9874,0.224787,-0.339598
0,250,11.4855,67.1752,1.30977,-0.678644
0,250,14.4312,77.6105,1.16312,1.9643
0,250,34.253,65.7165,-1.43392,0.0441465
0,250,17.9503,78.173,-6.66157,0.326281
0,250,37.7931,79.3201,5.13362,-12.5068
0,250,28.5688,78.2295,-10.1665,6.16174
0,250,17.1312,74.2025,-4.54902,-8.29848
0,250,17.1751,69.3423,-0.365606,-6.64984
0,250,15.3791,74.51,0.53731,-5.57933
0,250,13.6029,76.3213,0.732436,0.571679
0,250,20.8767,75.7278,-12.6722,-2.83924
0,250,11.4667,73.7297,0.0654269,0.254763
0,250,11.8725,73.9999,1.29934,-0.0979814
0,250,14.1027,77.2676,1.70699,1.82721
0,250,34.2102,78.3192,5.97453,3.02668
0,250,17.3194,78.3442,0.309464,0.898948
0,250,18.7891,71.4023,4.3909,-8.57963
0,250,35.9041,64.6382,-0.550594,-2.40899
0,250,49.9133,66.4278,9.48725,0.78957
0,250,43.9954,68.9761,-2.26638,-0.852188
0,250,49.7173,67.3931,4.24535,-0.628077
0,250,32.8174,61.7128,-0.134059,-1.57404
0,250,70.9731,70.4787,1.33067,-1.0327
0,250,66.6606,70.9406,2.66981,-0.720025
0,250,63.4071,73.0677,1.73227,0.176602
0,250,64.6924,73.5041,1.58709,-0.525432
0,250,41.2268,79.3422,17.5026,0.908144
0,250,65.6197,71.1585,3.4741,-1.25791
0,250,21.1897,74.5945,-3.83286,-7.79616
0,250,62.8044,73.3964,1.47833,-0.193421
0,250,65.8759,73.5655,1.84484,-1.5187
0,250,48.2578,66.1119,6.98545,-3.08518
0,250,62.287,73.9462,0.893751,1.05985
0,250,36.6133,62.7521,5.01453,2.4898
0,250,36.6851,67.4749,-5.66005,0.217427
0,250,36.7364,65.7112,-3.55506,-0.740653
0,250,61.7693,70.5613,4.36456,-1.42012
0,250,36.9788,67.8251,-7.02518,0.450573
0,250,40.6911,67.7907,-5.83248,2.83936
0,250,63.9836,73.9141,-0.294727,0.420429
0,250,31.9451,66.7545,-4.30153,-3.35036
0,250,34.5043,65.3451,-2.99864,0.0327271
0,250,55.6019,69.7203,3.25502,0.905037
0,250,32.9296,62.8639,3.51269,-0.760835
0,250,64.2245,72.9412,0.968103,-0.300051
0,250,64.1086,71.7125,3.48433,-0.529705
0,250,63.0519,74.3812,1.64661,1.27224
0,250,30.4395,78.9331,-12.046,0.869107
0,250,29.0069,78.9767,-16.5385,1.89637
0,250,26.5286,67.0434,5.71803,-0.921958
0,250,32.7294,69.9478,-3.91801,6.91336
0,250,59.3292,71.9336,4.35657,-0.900085
0,250,33.5302,64.8597,-1.17836,-2.80329
0,250,51.6305,66.3743,5.22804,-1.62649
0,250,50.4865,64.7941,8.80919,-3.55087
0,250,17.7544,58.4123,5.24246,2.42401
0,250,19.6255,58.9062,6.24042,1.95813
0,250,20.3664,59.2386,6.58206,1.81907
0,250,19.7347,59.6221,5.84629,0.231733
0,250,17.9528,59.0818,5.28875,-0.0443844
0,250,14.0182,56.8183,6.05973,1.73974
0,250,11.2117,56.8125,1.80091,4.33163
0,250,12.653,58.5692,3.58105,1.84344
0,250,13.4892,59.1887,3.97907,1.64996
0,250,15.0189,59.8675,5.21117,0.299169
0,250,13.9619,59.3744,5.38913,1.59993
0,250,14.1994,58.9755,4.58311,2.32478
0,250,16.3571,59.7788,4.56762,1.19637
0,250,14.7039,59.1697,5.43393,1.07069
0,250,16.0751,58.8464,3.99898,0.301366
0,250,16.9451,59.6182,4.47698,0.715251
0,250,17.9266,59.9899,5.91741,-0.404617
0,250,18.7419,60.7493,7.23917,0.571377
0,250,19.6937,60.899,7.03655,0.672382
0,250,18.8157,61.2319,5.99698,-0.281602
0,250,17.7679,60.6671,5.80901,0.114207
0,250,19.2802,61.1668,6.6594,-0.526922
0,250,18.306,61.3562,6.28531,-0.360263
0,250,18.2462,60.9183,6.19425,0.089453
0,250,19.3904,62.3319,4.69297,-0.889962
0,250,18.816,61.7138,5.44076,-1.38512
0,250,17.3696,62.158,5.6708,-0.664505
0,250,15.2957,62.6546,3.92117,-0.0820531
0,250,18.9069,62.5537,5.84786,-0.00528457
0,250,18.5806,62.1728,5.37018,-0.382248
0,250,14.5947,64.8642,2.34882,-1.06682
0,250,17.4334,63.2555,4.97743,-2.12256
0,250,17.8685,63.4836,4.12786,-0.966184
0,250,20.6548,63.0952,6.6954,-0.985742
0,250,20.3496,63.444,5.44119,-2.59281
0,250,18.7541,63.2074,5.24311,-0.348126
0,250,19.832,63.5035,6.14374,0.61992
0,250,17.1309,63.6743,3.94927,-1.86866
0,250,10.2718,69.0489,0.52651,1.01306
0,250,12.4491,65.7368,1.04762,-1.19613
0,250,9.7909,68.9513,-0.811732,0.316191
0,250,12.2652,65.3015,1.3182,-0.577847
0,250,10.0418,70.108,-0.198075,-0.185904
0,250,15.8479,64.8192,3.22651,-1.18303
0,250,11.1426,71.3656,0.00349118,0.0669626
0,250,11.4697,70.0279,0.326115,-0.192503
0,250,20.478,69.2959,3.76686,-5.78373
0,250,41.9381,71.2285,-2.97153,1.26366
0,250,38.5564,73.6283,-3.40914,3.12897
0,250,34.0469,65.0757,-0.779602,-2.28982
0,250,56.5704,69.9076,0.536767,2.31817
0,250,39.7008,68.3288,-4.45649,3.16562
0,250,32.7155,66.8129,-1.51214,0.227938
0,250,33.4254,68.2493,-2.60622,0.805204
0,250,47.2,78.0975,-0.595701,2.26449
0,250,31.9154,72.0727,-6.02713,8.70734
0,250,22.5158,65.6295,8.69693,-1.32446
0,250,19.1409,70.1069,5.23097,-9.42044
0,250,45.8208,70.1652,0.437772,-0.8366
0,250,18.5291,78.7173,-3.11963,-0.950763
0,250,36.0681,65.0939,-0.290416,-1.05845
0,250,59.7461,70.3501,14.7111,-2.15683
0,250,33.2023,64.6514,0.104051,-1.90092
0,250,43.8145,67.2334,2.87288,5.11529
0,250,63.4791,73.8847,0.303639,0.0525397
0,250,61.1737,74.5752,0.863945,-0.302076
0,250,63.5716,74.4246,0.774671,1.03653
0,250,60.1433,74.3489,1.48133,0.515739
0,250,31.97,70.8379,-5.63802,4.65334
0,250,66.7206,73.3699,0.812139,-0.0728886
0,250,59.0128,75.0135,-1.73894,0.471066
0,250,34.7768,67.3872,-5.65064,2.08342
0,250,56.4172,72.918,-0.0657933,0.0942279
0,250,67.1639,73.3409,0.773483,-0.852735
0,250,65.2611,73.5481,1.29743,0.351774
0,250,62.9618,70.7119,4.72534,-0.515157
0,250,64.0556,74.3712,-0.882742,1.15637
0,250,61.9263,75.1802,0.129336,0.513962
0,250,62.4517,74.5371,0.172027,0.10146
0,250,59.3894,71.0184,10.2159,-1.4303
0,250,62.9169,74.8352,-0.490041,0.409587
0,250,61.425,74.9823,0.340343,1.19368
0,250,52.4398,68.2931,2.90679,-0.190102
0,250,33.3251,76.8474,3.06576,6.24725
0,250,61.0538,72.8408,2.35731,-0.58689
0,250,46.16,71.8424,-0.380777,-2.96287
0,250,59.9303,73.9782,0.26697,-0.807389
0,250,61.3905,74.1341,1.10148,0.171775
0,250,59.1221,74.0258,0.1676,0.563373
0,250,54.0845,73.8857,-0.909936,-1.88909
0,250,63.7291,71.4017,4.47663,0.502094
0,250,35.9724,79.0617,7.98477,1.90836
0,250,18.9895,76.7482,-8.57698,-9.97421
0,250,58.0967,74.5951,-0.760674,0.742251
0,250,65.6421,73.0983,2.25057,0.247674
0,250,33.8654,78.6293,4.02278,3.74763
0,250,32.2257,63.4403,-0.305593,0.866855
0,250,48.0903,66.5552,5.22265,-1.53804
0,250,22.8106,75.6711,-14.8304,-4.3658
0,250,33.2114,68.9227,-0.736419,2.67949
0,250,18.9401,58.8342,6.70678,1.55425
0,250,21.8991,59.926,7.46106,0.634898
0,250,22.9758,59.9885,7.39946,1.3698
0,250,24.2334,60.8868,7.99537,-0.812331
0,250,16.0105,58.0618,5.55193,-0.945801
0,250,14.3405,57.3509,5.34726,2.51455
0,250,11.7718,56.8395,5.08722,2.33263
0,250,13.9522,58.6477,4.61121,2.938
0,250,12.8974,58.0039,5.48843,3.20879
0,250,13.1749,58.4375,3.7965,1.86092
0,250,15.0402,58.7627,4.16055,0.868585
0,250,15.4812,59.056,5.08284,-0.0734332
0,250,13.3993,58.7836,4.22592,1.40906
0,250,17.2054,59.2428,6.35118,0.970379
0,250,15.6855,59.4556,6.11471,2.78144
0,250,17.4152,59.926,6.49725,0.636783
0,250,19.3116,60.5932,5.5442,0.62519
0,250,21.652,61.5051,5.91894,-0.47453
0,250,21.2539,61.6106,5.56787,-0.43787
0,250,19.5227,61.5918,5.93414,-0.610782
0,250,22.0876,61.7502,8.36206,-1.0243
0,250,22.3177,62.1408,8.0233,-0.789435
0,250,19.8843,61.9685,5.86888,-0.834334
0,250,21.6515,62.0736,8.33647,-1.02921
0,250,21.0831,62.1464,6.81797,-1.61316
0,250,17.7767,61.75,5.84614,-0.914004
0,250,17.7783,62.3251,4.81664,-1.2056
0,250,17.0198,62.6008,2.58517,-0.46787
0,250,18.2285,62.5259,6.64351,-1.07687
0,250,22.5106,63.0337,7.06491,-0.810087
0,250,17.9178,62.9954,4.88686,-1.0539
0,250,19.7779,62.5654,6.52264,0.664146
0,250,22.2377,63.3936,6.82839,-0.648425
0,250,12.05,66.6637,1.07325,-1.1263
0,250,15.6506,64.1403,3.74957,-1.58455
0,250,11.0081,68.938,-1.11771,-0.980767
0,250,18.342,63.5744,4.77165,-2.20824
0,250,18.9664,63.6108,4.45694,0.0497426
0,250,15.8327,63.6497,2.58752,-0.659443
0,250,9.88699,69.4897,0.0783987,0.464489
0,250,10.1381,68.4417,-0.273229,0.998836
0,250,11.2039,70.4921,-0.186476,-1.68277
0,250,11.2753,67.627,-0.0186782,-0.323828
0,250,13.9073,76.9052,1.79976,-0.9601
0,250,11.4989,70.9765,1.48679,-0.766044
0,250,17.5212,73.5879,-1.59563,-12.2286
0,250,54.5949,69.1329,3.01525,2.17684
0,250,62.0523,70.4153,4.37809,-0.928532
0,250,24.7174,66.9418,8.618,1.01361
0,250,54.7899,68.6121,3.99821,0.339877
0,250,53.4852,67.5813,5.00203,-2.08429
0,250,16.2388,68.966,0.928081,-2.5189
0,250,35.7631,66.5569,-2.8516,0.399276
0,250,36.3481,69.3865,-8.24256,4.36047
0,250,20.546,66.6196,6.70349,-2.80067
0,250,27.6023,78.3333,-17.4355,0.715335
0,250,38.1781,68.6813,-8.23512,4.44002
0,250,17.5314,76.8361,-7.30368,-0.859702
0,250,44.1656,78.7926,9.08319,-2.29303
0,250,36.1016,67.2732,-6.40921,0.991696
0,250,57.9772,70.209,8.35611,6.89076
0,250,32.8828,66.1716,-2.34657,-0.677479
0,250,58.9517,70.298,7.59015,0.66985
0,250,61.904,74.2533,1.32519,-0.839777
0,250,31.2442,73.4057,-3.19444,7.55855
0,250,40.9786,68.2584,-3.67209,4.94142
0,250,33.8035,74.0635,-2.27782,4.28502
0,250,62.7046,74.0922,0.688085,0.103954
0,250,34.2486,67.3616,-2.29099,0.754476
0,250,62.143,72.0273,4.11483,0.264436
0,250,59.0019,75.4828,-1.09909,-0.483131
0,250,18.0032,75.128,-1.18972,-15.2155
0,250,33.3718,61.5124,2.07788,-4.18426
0,250,66.975,72.8244,-0.0948754,-1.44003
0,250,61.6865,73.7539,1.28039,0.1895
0,250,61.8075,74.661,0.401463,0.248949
0,250,35.3641,68.5188,-7.30953,2.46207
0,250,62.5915,72.3228,1.80033,-1.07082
0,250,58.5688,74.0056,0.704267,0.848952
0,250,50.8563,71.0947,0.847496,-2.77782
0,250,60.0724,74.7474,-0.283883,0.194755
0,250,60.0988,75.2067,-0.545844,-0.0330262
0,250,58.426,75.3403,-1.97775,-0.416681
0,250,50.8558,73.1535,0.0167631,-2.85864
0,250,61.6434,71.5208,3.70737,0.194078
0,250,59.3684,72.9961,4.82943,-0.0452697
0,250,35.5206,67.5824,-5.74292,-0.0294611
0,250,54.0095,68.6884,2.59189,-0.457464
0,250,50.8494,77.0897,-1.02996,-1.62722
0,250,59.5985,73.623,0.603356,-0.57283
0,250,52.4309,73.7403,-0.252346,-1.65341
0,250,63.6426,71.9435,4.06553,-0.990577
0,250,62.3386,74.9427,0.328028,0.190444
0,250,55.3104,73.7503,-0.640633,-0.70032
0,250,29.7396,79.3395,-13.1258,3.25151
0,250,47.3501,66.9089,6.22769,-2.75394
0,250,64.529,72.3277,2.35002,-0.000568156
0,250,45.4888,66.4235,6.12693,0.677392
0,250,35.279,67.0324,-4.81077,-1.90413
0,250,36.905,66.3472,-5.6792,-2.53506
0,250,18.5093,58.6685,5.68381,0.620113
0,250,26.9838,61.4094,9.68003,-1.95889
0,250,24.9254,61.0381,8.29609,0.0882017
0,250,23.4787,60.1496,7.612,1.31775
0,250,23.4915,60.7949,7.09929,-0.115701
0,250,24.1214,61.3306,7.97189,0.763672
0,250,15.6062,57.6652,6.59064,1.03932
0,250,13.6429,57.5123,5.16227,4.07345
0,250,14.6267,58.5943,4.95757,0.785634
0,250,16.53,58.7993,5.51671,1.0767
0,250,13.4159,57.9567,4.16948,1.64569
0,250,18.1811,59.6243,7.05499,0.804823
0,250,15.0461,59.4587,4.13048,1.51247
0,250,16.1386,59.4043,4.62162,0.186478
0,250,18.8074,59.996,5.8353,-0.82965
0,250,19.8564,60.1964,5.16167,0.763226
0,250,18.6152,60.3462,6.58962,0.355612
0,250,20.7873,61.3435,5.28003,-1.12859
0,250,22.4869,61.4627,7.69226,-1.60209
0,250,23.0553,62.1491,8.14401,-1.12282
0,250,23.0807,61.3613,6.27146,-0.57645
0,250,25.0041,62.4262,7.7892,-0.0285581
0,250,24.1903,62.4841,7.41812,-1.03382
0,250,23.7129,62.052,9.12822,0.185319
0,250,25.7115,62.9261,8.78153,-1.45705
0,250,19.216,61.9036,6.18075,0.270604
0,250,20.2742,61.6152,5.35672,-0.437838
0,250,18.4235,62.918,4.62358,-1.05102
0,250,23.3105,62.8368,9.11988,-0.991973
0,250,22.7846,63.6416,7.84545,-0.575573
0,250,19.3336,63.3227,5.3674,0.105998
0,250,21.1503,63.0342,6.6587,-1.35475
0,250,21.1737,63.4919,7.09185,-0.456432
0,250,16.321,63.7044,4.17036,-1.31568
0,250,16.0719,65.2887,2.89984,-1.66627
0,250,12.3708,73.8836,0.331812,1.28805
0,250,16.9837,64.1195,3.259,-2.21593
0,250,13.9766,65.7536,1.57472,-2.40366
0,250,14.9618,65.1342,2.59024,-2.36465
0,250,11.1284,68.253,1.01445,0.282921
0,250,13.4926,65.8494,1.3748,-1.2965
0,250,12.1827,66.9957,-0.498419,-0.185962
0,250,13.762,75.7443,-1.05585,-1.82501
0,250,15.9197,76.6103,-4.59771,-2.66165
0,250,12.8321,75.1459,0.802185,-1.08607
0,250,33.6948,66.1304,0.399818,0.59757
0,250,47.9851,65.6858,6.35958,-4.8604
0,250,21.6794,67.8086,8.54592,-5.23063
0,250,41.8367,67.5226,-2.17493,9.11916
0,250,36.9852,67.0736,-8.55378,1.38518
0,250,59.3232,69.9618,17.0026,2.43541
0,250,56.0929,69.6643,1.7046,0.895295
0,250,35.7703,63.3779,2.29275,0.0548436
0,250,28.8684,78.4494,-12.2351,0.465769
0,250,51.0402,67.0723,3.81255,-0.254961
0,250,35.674,61.3376,4.36903,0.940325
0,250,39.9852,67.9393,-4.03945,4.15217
0,250,65.1899,73.0686,1.66309,-0.0263919
0,250,64.5303,73.8863,-0.071932,0.298684
0,250,67.1514,72.4143,1.39739,-1.54462
0,250,23.6601,66.7786,10.0666,-3.07085
0,250,68.5695,71.8844,2.46561,-2.06256
0,250,31.1101,78.7328,-5.24369,7.40677
0,250,32.7567,64.549,-0.334962,0.529861
0,250,56.747,76.435,-2.5987,-0.32461
0,250,58.78,74.4414,1.32506,0.230591
0,250,39.4934,73.5821,-13.2752,-1.15529
0,250,60.5055,73.9633,0.979524,0.10417
0,250,59.4856,74.2421,0.265061,-0.895822
0,250,61.7617,73.3562,2.22326,0.0290057
0,250,51.4612,70.7931,1.53794,-1.63058
0,250,55.6991,76.5536,-2.40223,-0.222852
0,250,40.9519,68.9184,-7.49919,5.55523
0,250,54.3409,72.9004,0.301753,-0.178075
0,250,50.5429,67.4479,7.72912,0.525252
0,250,64.322,76.0016,-1.321,-0.187565
0,250,52.9314,73.6845,1.23179,-2.21851
0,250,34.9948,67.6693,-6.13594,2.78207
0,250,61.0928,73.7406,1.62776,-0.754319
0,250,51.7545,71.2335,0.143958,-2.19817
0,250,51.4922,71.687,0.110234,-2.63758
0,250,32.2481,70.2265,-3.94735,5.4006
0,250,61.76,71.9846,4.67571,-1.12773
0,250,60.1894,73.477,2.76136,-1.10747
0,250,48.4193,72.8665,-1.72529,-2.74623
0,250,56.5378,70.4772,3.56628,2.55305
0,250,49.8631,72.8299,0.0078078,-3.7671
0,250,39.0079,73.361,-7.56804,1.24409
0,250,62.3428,71.385,2.81394,-0.00442371
0,250,54.7559,74.0206,-0.859068,0.277656
0,250,34.6248,68.0127,-2.74842,0.165308
0,250,63.0691,72.872,2.06514,-0.782508
0,250,63.2293,71.7016,3.93373,-0.381221
0,250,52.3015,72.7556,0.970063,-1.4933
0,250,62.1711,73.0435,2.43291,-0.29699
0,250,54.6553,73.197,-0.0978461,-0.964613
0,250,57.0957,73.5737,0.917446,-0.286237
0,250,60.3556,76.4443,-1.88315,0.227412
0,250,62.8312,71.3662,3.84086,-0.928714
0,250,57.3286,70.3895,4.56639,5.65609
0,250,24.5598,60.8664,9.05193,1.15058
0,250,23.7165,60.1826,7.39696,0.926433
0,250,27.3838,61.5686,9.1161,-0.99183
0,250,24.9964,61.4472,8.63859,0.627041
0,250,25.487,61.7057,7.74048,-0.102662
0,250,20.6296,59.54,7.7548,0.58507
0,250,13.9155,58.1977,5.81265,1.77859
0,250,23.1041,60.9112,7.11541,-0.0275562
0,250,15.0813,58.2315,4.08762,2.61971
0,250,19.2927,59.7464,7.51679,-0.0283977
0,250,16.6311,59.1819,5.81271,1.30616
0,250,19.3451,60.2317,7.19324,-0.247979
0,250,17.7328,59.4663,5.62415,-1.59088
0,250,22.0216,60.7719,9.04158,-0.466963
0,250,17.1014,58.534,5.65036,1.27394
0,250,20.4052,61.0102,7.05262,0.304772
0,250,19.9483,61.2733,5.96916,-0.417426
0,250,25.0742,62.0336,8.5724,-1.41758
0,250,20.1167,60.6116,6.95778,0.261666
0,250,28.9618,64.0194,5.26225,-1.21421
0,250,27.5131,63.0611,10.009,-2.49783
0,250,24.6931,62.8714,8.23655,-0.732424
0,250,26.7674,63.2967,8.42094,-1.35821
0,250,19.2098,62.8213,6.15706,0.040368
0,250,20.2275,62.2078,7.19427,-0.316903
0,250,21.724,62.4541,7.92947,-0.611261
0,250,21.6583,63.1713,7.2123,0.256713
0,250,17.5479,63.8961,3.08707,-1.73611
0,250,16.0703,64.3893,4.39509,-2.33823
0,250,24.1895,63.7178,7.55837,-0.553241
0,250,17.9672,64.1294,5.30965,-0.995635
0,250,25.6162,63.4161,9.3856,-1.04931
0,250,15.0429,64.4134,2.83486,-0.195297
0,250,20.6513,63.7295,5.39177,-2.77708
0,250,14.4947,74.5652,-1.28434,-2.14047
0,250,13.2631,75.3733,-0.0119945,-0.0763274
0,250,16.3475,64.8133,3.58678,-1.42198
0,250,14.7276,65.5308,0.106126,-2.55796
0,250,11.8506,67.4886,1.56656,-0.855272
0,250,12.5882,66.3874,0.603287,-0.939648
0,250,11.3993,68.5308,0.523631,0.179143
0,250,12.4321,74.9582,0.14879,-0.442636
0,250,28.9772,73.0328,-1.4891,13.8364
0,250,18.1455,69.6314,4.79628,-6.0247
0,250,40.2929,67.581,-6.70593,2.64055
0,250,32.3603,68.4653,0.265134,3.46645
0,250,63.6134,70.1804,4.94696,-0.414214
0,250,47.4973,66.5156,3.60871,1.24957
0,250,56.7624,69.4594,4.98297,5.19813
0,250,66.7348,72.1508,1.5314,-1.09903
0,250,50.7605,66.0121,5.58461,-1.93622
0,250,68.3356,72.6916,0.496571,-0.348039
0,250,55.1285,69.3348,2.67912,1.70995
0,250,31.8803,64.8065,-0.504438,0.539889
0,250,57.9051,69.8135,8.32713,0.239498
0,250,68.7403,72.4493,1.43786,-1.63479
0,250,65.8033,73.997,0.825791,-0.458342
0,250,57.3331,66.9994,13.8085,-2.42162
0,250,70.0139,71.281,1.80662,-1.47102
0,250,63.4435,74.8529,-1.44193,-0.049425
0,250,59.2376,75.9353,-2.01795,-0.13965
0,250,56.2142,76.4714,-1.10968,-0.727568
0,250,57.0191,74.7421,-0.908638,-0.949468
0,250,56.3183,74.6327,-1.55766,0.454595
0,250,63.0638,72.2116,1.60471,-1.15943
0,250,52.9041,74.1575,0.17119,-2.98976
0,250,55.9584,73.5935,0.439714,-0.61423
0,250,52.0803,71.5758,1.55083,-2.37592
0,250,55.3776,72.5114,1.85741,-0.785439
0,250,57.2037,76.5726,-2.02274,0.256189
0,250,33.6324,68.6206,-3.38744,4.56676
0,250,52.7448,72.254,-0.369906,-2.19284
0,250,55.8076,72.7487,1.48985,0.0586584
0,250,60.4336,72.1146,2.86915,-2.11027
0,250,58.7549,71.2544,4.39903,0.8773
0,250,50.7164,72.3453,-0.620691,-1.89039
0,250,50.148,70.6781,1.13758,-1.37598
0,250,50.8911,75.5084,-0.216895,-2.05205
0,250,50.5107,72.8511,-1.15143,-3.84659
0,250,49.1386,72.3393,0.692062,-1.85733
0,250,52.7792,72.7153,-0.480762,-1.07938
0,250,49.727,75.7247,0.00325865,-2.28995
0,250,50.4388,74.1397,0.364614,-2.6212
0,250,53.8694,72.1192,0.753248,-0.489988
0,250,54.121,74.7295,0.081008,-0.755554
0,250,53.6309,71.6792,2.78587,-0.00150286
0,250,54.821,71.6117,2.23664,-1.00813
0,250,57.8107,70.7327,5.75784,2.86707
0,250,52.2153,77.0039,-1.6327,-0.664202
0,250,58.9739,71.7148,2.53859,0.508606
0,250,60.9733,71.7877,4.12538,-1.7485
0,250,39.0404,68.7684,-4.88947,2.05627
0,250,49.636,71.97,1.09338,-3.24705
0,250,23.6408,77.1154,-18.5481,-6.44913
0,250,53.493,73.4153,1.7913,-0.363509
0,250,52.9285,71.554,0.808522,-1.21682
0,250,53.3164,72.9271,0.215905,-1.50621
0,250,35.3099,68.0514,-6.0015,3.20215
0,250,53.8861,73.135,1.43821,-1.23398
0,250,62.6064,72.8393,2.76541,-0.502688
0,250,20.0644,59.1198,6.25858,1.66037
0,250,28.7664,61.8516,6.73616,-9.35494
0,250,21.388,59.6841,7.81349,0.289054
0,250,27.6594,61.7894,8.29731,-4.30021
0,250,26.3906,61.3097,9.61044,0.165169
0,250,22.2187,60.4141,8.84333,-0.587088
0,250,14.5944,58.0974,4.44955,0.944903
0,250,16.2921,58.2648,6.5614,-0.0227474
0,250,29.5576,60.3979,0.83471,-13.1294
0,250,26.3087,62.0109,9.08152,-0.543237
0,250,15.6497,58.663,7.12818,1.19035
0,250,21.1618,61.0337,7.60222,0.262292
0,250,20.7616,60.6841,6.15771,-0.224929
0,250,18.7368,59.5319,5.83172,2.38803
0,250,21.4046,60.7296,7.66456,0.631753
0,250,21.9212,61.1404,8.72475,-0.946274
0,250,22.5609,61.0747,7.7879,-0.439296
0,250,24.4624,62.2445,7.93234,-0.0797728
0,250,28.0874,63.4603,6.7682,-2.56796
0,250,22.3917,62.5495,7.0123,-0.0635831
0,250,20.6794,61.8605,5.47047,-0.0638596
0,250,22.8786,62.5581,8.66863,0.11668
0,250,23.6374,62.4785,6.39804,-1.25043
0,250,20.2936,62.7822,5.70392,-1.6422
0,250,23.8426,62.941,7.42782,-0.499432
0,250,19.8115,63.0354,5.72727,-0.549496
0,250,18.4279,63.9929,3.49979,0.238428
0,250,27.6363,64.4093,7.05209,-0.3747
0,250,26.1374,63.6414,8.76321,-1.31871
0,250,12.4804,74.3804,2.39481,-0.427123
0,250,16.4538,64.1095,3.22937,-1.67665
0,250,17.4032,64.4132,4.55746,-1.58794
0,250,43.5206,74.3838,-1.64428,-8.14784
0,250,12.7752,66.7778,-0.183581,-1.91961
0,250,41.0022,75.4576,0.325491,-0.23774
0,250,17.7278,66.7413,3.95249,-5.4268
0,250,31.3988,70.1741,-4.5185,3.08408
0,250,11.2003,69.5578,0.655967,-0.278027
0,250,11.534,73.0761,0.0666775,2.2839
0,250,13.269,66.2789,1.34649,-1.96256
0,250,43.6869,76.8811,-2.03495,-2.61226
0,250,17.0854,75.9162,-1.30255,-6.55672
0,250,40.402,74.5838,-4.31721,-0.855311
0,250,31.8921,69.8607,-6.53355,6.78785
0,250,49.2844,65.1442,14.1994,3.33519
0,250,69.3561,72.2371,0.411654,0.0698517
0,250,46.7971,66.5523,5.66125,0.193294
0,250,64.2898,71.1807,4.25989,0.472669
0,250,68.2054,72.107,1.63242,0.337571
0,250,67.9165,71.7522,2.39425,-1.17933
0,250,46.3627,65.9431,8.15224,-0.255023
0,250,69.8035,72.2358,1.37147,-0.707373
0,250,60.2384,69.2838,3.83399,0.602693
0,250,61.316,75.7306,0.687853,-0.741487
0,250,61.1944,75.3371,0.219239,-0.181028
0,250,57.7101,76.0575,-1.55163,0.215987
0,250,67.8873,73.1157,0.158229,-0.258333
0,250,57.5354,74.568,-0.346023,0.199204
0,250,64.2094,75.3318,-0.721926,0.287742
0,250,55.9045,75.0545,-1.22335,0.107563
0,250,58.6327,76.9702,-3.67546,0.00813214
0,250,56.9418,75.2673,-2.55392,0.689888
0,250,69.5644,74.157,-1.02773,0.329849
0,250,55.012,75.3748,-1.1416,-2.0974
0,250,63.428,72.415,1.93577,-0.675256
0,250,59.2273,73.4534,2.54709,-0.593499
0,250,56.6032,73.664,0.115886,0.787004
0,250,51.5104,73.5801,1.15683,-2.53608
0,250,53.6876,72.6414,0.967402,-0.693617
0,250,52.4624,77.4871,-0.304384,-1.2108
0,250,32.9627,68.3829,-1.05027,0.207383
0,250,48.1283,66.9802,5.67279,1.67858
0,250,51.2604,69.926,3.48688,-0.287676
0,250,19.0106,69.6811,5.86971,-7.73584
0,250,49.9578,71.5869,1.38825,-2.50812
0,250,17.4446,72.3424,1.31416,-10.8183
0,250,51.6357,74.9082,-0.796181,-2.25735
0,250,34.9998,66.8107,-2.70274,-0.123655
0,250,51.2107,74.618,-0.277954,-3.24332
0,250,49.4215,72.9925,-0.190201,-2.77723
0,250,47.7794,70.307,2.74479,-2.41483
0,250,46.9586,71.3435,-0.340546,-2.84475
0,250,60.1358,72.7408,2.60869,0.0366973
0,250,47.3674,72.0662,-0.873571,-3.87015
0,250,49.4214,71.4107,1.30231,-1.4168
0,250,34.5283,66.9068,-2.92198,-0.551546
0,250,55.7425,72.1167,2.01257,1.22786
0,250,50.1846,72.4405,0.263469,-1.49863
0,250,54.5473,75.6499,-0.865843,-1.79405
0,250,48.7455,73.6979,-1.07646,-2.28754
0,250,50.4387,74.7224,-0.789993,-2.3014
0,250,52.914,71.0414,2.11026,-0.211978
0,250,56.6526,72.5216,1.56677,1.27837
0,250,50.3362,71.1757,0.484373,-1.74773
0,250,51.2426,77.3305,-1.63297,-0.77943
0,250,48.7277,72.1111,-0.199894,-2.68802
0,250,17.7125,70.4736,3.15175,-8.62791
0,250,57.8988,71.0341,5.08258,3.8355
0,250,23.6528,76.6787,-9.57921,-3.89901
0,250,54.5541,72.0736,0.383928,0.585931
0,250,20.8328,59.921,7.13894,0.378669
0,250,28.0665,58.2478,6.62348,-4.39251
0,250,28.202,61.4458,2.74684,-7.54349
0,250,28.5642,57.5612,-3.62636,-13.4278
0,250,28.9319,62.2798,7.96247,-3.23159
0,250,26.8875,62.2921,9.26941,0.18603
0,250,28.8444,60.8453,3.14803,-10.386
0,250,20.5199,60.257,7.50313,0.264642
0,250,20.1408,59.848,6.93678,-0.17987
0,250,24.6459,61.7334,8.90101,-0.107871
0,250,28.4628,63.7908,7.24161,-2.34519
0,250,17.3629,58.8707,7.9757,0.00168783
0,250,28.2428,62.6755,5.8429,-3.99873
0,250,22.8109,61.8437,7.66381,-0.163583
0,250,25.2997,62.7517,8.75514,-0.611656
0,250,27.7409,63.8126,7.33108,-3.49605
0,250,21.1891,62.5744,6.65855,-0.519569
0,250,29.1151,63.43,4.64971,-7.39821
0,250,23.7734,63.3888,8.83068,0.513494
0,250,21.953,62.857,7.2546,-0.134121
0,250,26.144,63.1776,7.54654,-1.53502
0,250,23.2825,63.5507,7.82607,-0.28794
0,250,26.5941,63.767,7.66826,-0.508088
0,250,28.598,66.7012,3.33302,2.6504
0,250,24.2938,63.0789,8.12553,0.0932789
0,250,23.3066,64.0294,7.67405,-1.14747
0,250,14.4477,66.0334,2.46667,-1.89594
0,250,15.4263,76.2483,-4.67892,-1.22326
0,250,44.5139,69.7475,1.03094,0.697257
0,250,12.2684,73.3077,-1.09494,1.68843
0,250,15.6468,69.1979,-0.265091,-2.16251
0,250,42.027,72.4542,-4.92664,-4.5008
0,250,17.7039,69.2429,5.39565,-6.97917
0,250,22.155,67.6398,4.27496,-7.35205
0,250,35.073,63.4858,4.31515,-0.698435
0,250,33.3019,69.8168,-3.16695,4.13299
0,250,17.8712,76.2119,-6.00456,-7.26599
0,250,16.3439,72.9113,1.14059,-1.61491
0,250,16.8919,77.6159,-7.21455,-0.48861
0,250,33.2332,66.5475,-1.29896,-1.04997
0,250,39.361,72.0927,-8.91978,-2.32058
0,250,42.1409,74.5072,-2.46538,-5.36101
0,250,53.4876,67.9982,4.32225,-0.563407
0,250,54.1806,69.2514,3.47775,-0.256308
0,250,22.9814,65.9097,7.43349,-0.0287934
0,250,61.8285,76.0547,-0.923843,0.0482702
0,250,43.9794,76.1482,5.20769,-9.00438
0,250,60.6954,75.1435,-0.970535,-0.165799
0,250,64.8007,74.2106,-0.498572,-0.426667
0,250,45.3665,65.1331,8.28879,-1.06725
0,250,56.8171,74.3901,-0.676862,-0.544405
0,250,62.7023,75.3281,0.416108,0.606045
0,250,57.0982,73.9911,0.0787819,0.246284
0,250,60.8139,74.3022,-0.624169,-0.907143
0,250,56.4268,75.5524,-1.38168,-0.33378
0,250,55.8311,73.9791,0.436223,-0.289104
0,250,55.1403,72.8732,0.0865314,-0.502431
0,250,56.3835,74.1264,-0.0602332,-0.21882
0,250,51.8205,72.9284,0.498669,-1.77759
0,250,56.3891,76.9467,-2.45303,-0.235302
0,250,52.5678,67.9233,4.7827,-0.741841
0,250,63.2643,71.1522,2.72638,-0.433461
0,250,20.5347,65.4384,5.48382,-2.65235
0,250,51.2596,70.5196,0.943035,-1.66504
0,250,62.6441,71.8265,3.59478,-1.40379
0,250,53.1662,74.4942,0.865254,-1.58998
0,250,52.4195,73.2171,0.0726573,-1.07501
0,250,52.6589,76.7839,-0.342568,-1.5026
0,250,59.7186,72.5077,2.18264,0.792853
0,250,70.0177,75.1695,-0.4605,-0.142356
0,250,56.0479,70.1762,4.45836,3.50237
0,250,49.6657,72.3867,0.064664,-2.38426
0,250,51.9825,70.5053,1.93132,-1.28895
0,250,55.2413,76.7179,-1.66377,-1.01182
0,250,50.7569,75.9944,-0.0746775,-1.4595
0,250,51.2154,76.2705,0.0189191,-1.14668
0,250,47.4507,71.6229,0.857386,-2.36215
0,250,49.8786,77.455,1.19916,-0.569034
0,250,55.2897,79.098,-1.32511,0.312446
0,250,49.2677,70.9649,-0.221993,-2.32272
0,250,51.3469,75.8405,1.0556,-1.54602
0,250,47.3328,69.0019,1.93699,-0.75174
0,250,52.1535,79.0426,-1.62751,-0.161601
0,250,53.6232,77.0354,0.701681,-1.52341
0,250,50.2609,70.1678,1.19505,-0.91712
0,250,47.2149,69.6403,2.72911,-1.04636
0,250,47.3806,71.0937,0.267226,-2.46516
0,250,65.3733,75.8419,-1.55719,-0.558752
0,250,49.6808,73.3628,-0.928546,-2.47901
0,250,49.7883,68.8235,3.37636,-0.804301
0,250,48.4486,72.479,-0.105374,-2.89507
0,250,50.3944,69.4565,1.66922,1.16447
0,250,61.1592,72.1498,4.25168,-0.674043
0,250,49.6151,76.6503,0.0843647,-1.75506
0,250,71.6162,74.2294,-0.628327,-0.0325204
0,250,32.7566,71.7732,-8.95447,5.30995
0,250,67.9302,79.6065,-1.84439,2.95082
0,250,58.1457,72.4125,2.30692,1.90541
0,250,60.7202,73.5174,0.905033,-0.515594
0,250,55.0263,72.1162,2.05276,-0.639386
0,250,26.7183,60.8016,7.28476,0.891959
0,250,29.2793,52.0139,-1.39732,-16.5452
0,250,28.1492,60.2705,1.0877,-7.68079
0,250,28.3443,59.2869,-4.09186,-11.787
0,250,25.8103,61.1896,8.51027,-1.30055
0,250,27.3868,62.3144,11.1276,-1.49481
0,250,27.8905,55.7017,-3.72679,-13.5927
0,250,30.2204,61.9106,-1.1085,-9.87768
0,250,23.4366,61.7528,7.2478,-0.598749
0,250,29.127,61.9237,7.51471,-8.63239
0,250,26.5798,62.9373,8.44513,-1.68143
0,250,24.1722,61.786,7.04944,-0.0252451
0,250,29.6659,62.8105,1.80546,-5.03111
0,250,28.2872,62.2921,8.18747,-4.40359
0,250,28.7115,63.389,7.53516,-2.33319
0,250,28.9964,64.7539,1.23945,0.407832
0,250,22.9958,63.1605,8.2217,-1.01332
0,250,24.6191,63.4649,7.39705,-0.761518
0,250,29.8067,65.1477,-3.04492,0.902586
0,250,27.2211,63.3978,8.64253,-3.66233
0,250,29.4032,69.1727,3.23868,5.39108
0,250,15.3628,75.7101,-2.6131,-5.12216
0,250,16.7815,64.543,2.69251,-2.36288
0,250,21.8834,63.687,6.32995,-1.45765
0,250,28.2295,64.6608,8.86922,0.77118
0,250,11.4615,69.0893,0.292294,-0.220918
0,250,17.6918,78.473,0.186947,1.66976
0,250,28.1654,74.7754,-7.67426,9.97209
0,250,33.9993,66.3693,-0.479373,0.726999
0,250,35.6112,62.4304,2.47325,-2.07077
0,250,33.4465,60.4641,2.37171,-2.34739
0,250,42.2787,73.5266,-6.42564,-6.13876
0,250,19.6464,67.7255,5.75678,-6.29597
0,250,17.8532,70.1204,3.97711,-8.4692
0,250,27.1682,70.4164,1.93566,7.89386
0,250,52.6467,66.8502,5.55265,-1.13422
0,250,31.192,71.621,-1.74197,10.0249
0,250,37.0122,76.0914,2.53933,7.01649
0,250,54.7779,67.4528,8.73436,1.02047
0,250,35.4496,62.8363,3.49496,-1.77276
0,250,53.0889,68.1261,3.60906,-0.331871
0,250,43.3802,67.0827,-0.506868,7.62741
0,250,61.536,68.7194,5.84632,-1.17185
0,250,69.2847,71.5249,2.21773,-0.721217
0,250,60.7401,75.7612,0.498926,-0.361743
0,250,60.3888,75.601,-0.66641,0.336715
0,250,60.6476,74.7843,-0.296797,-0.526111
0,250,57.5671,74.1246,0.38139,0.817222
0,250,59.5807,76.26,-1.10705,-0.681498
0,250,56.5233,75.0534,-0.175171,0.223533
0,250,58.563,74.81,-1.57668,0.00877
0,250,58.0999,74.1653,0.0869915,0.456984
0,250,62.2594,76.8743,-0.61079,1.01896
0,250,52.6569,74.6108,0.578346,-1.59469
0,250,57.7408,76.5757,-2.40516,0.469948
0,250,54.1899,72.408,0.435592,0.0586626
0,250,55.4607,75.0959,-2.07653,-1.55428
0,250,62.1048,72.5342,2.93562,-0.882908
0,250,53.2339,71.9466,1.31473,-1.34739
0,250,50.7962,70.2377,3.34427,-0.722233
0,250,58.3987,76.5236,-2.15905,-0.535795
0,250,57.9823,76.9147,-2.89649,-0.303585
0,250,55.3637,71.7289,2.56207,0.238266
0,250,51.2428,72.196,0.220612,-2.31033
0,250,54.7883,73.5933,-0.239776,-0.467326
0,250,49.3046,75.3689,0.304208,-0.812003
0,250,49.9587,69.6007,1.05645,-2.21112
0,250,54.1581,71.6329,1.38504,0.719849
0,250,53.3869,71.2754,2.50045,-0.677025
0,250,62.8151,76.9391,-1.28182,0.243043
0,250,50.288,77.3702,-0.635633,-1.18728
0,250,71.9085,73.8576,-0.423859,0.176874
0,250,52.1998,76.4971,-0.0191368,-2.75418
0,250,51.7799,77.0372,-0.658228,-1.00663
0,250,53.9563,76.0605,-1.11764,-1.83972
0,250,65.0936,75.4057,-1.73654,0.138562
0,250,72.5745,71.227,0.0320039,1.23869
0,250,70.4546,79.1648,-1.57521,-0.6306
0,250,72.7727,74.0993,0.373319,1.68829
0,250,72.9243,79.2152,-1.14246,0.261624
0,250,51.7489,78.6688,0.66819,0.39159
0,250,54.2886,78.2815,0.385368,-0.252473
0,250,54.1483,77.0665,-0.314046,-2.6489
0,250,71.5887,79.1239,-0.939025,-0.413338
0,250,19.8075,72.2683,4.72502,-7.41919
0,250,24.8927,76.464,-13.356,4.70221
0,250,48.1259,69.6585,2.99705,-0.66441
0,250,58.8093,72.456,3.95865,0.579987
0,250,47.6842,69.855,0.1212,1.03488
0,250,48.3726,71.1634,-0.727835,-3.2264
0,250,59.0073,72.8036,1.28156,1.29346
0,250,60.4929,73.051,3.36466,0.327332
0,250,18.4756,71.9354,1.74804,-13.3293
0,250,48.8849,75.1965,0.901383,-3.30637
0,250,53.4406,77.8349,1.00936,-0.267799
0,250,59.8882,73.1352,2.2822,-0.711063
0,250,49.2109,70.3977,0.411098,-2.49343
0,250,47.4131,70.6185,-0.724749,0.131354
0,250,57.7313,73.6419,0.788805,1.12949
0,250,50.6229,70.6722,-0.0908165,-1.30264
0,250,26.1216,51.0432,-3.33113,-15.569
0,250,30.3066,73.467,-3.59661,15.5801
0,250,30.6445,59.6569,-2.37739,-9.42956
0,250,28.8875,59.7974,0.125285,-11.2263
0,250,26.1234,61.6498,10.8739,0.564201
0,250,29.7986,59.9519,0.0160532,-10.2592
0,250,21.631,60.2877,7.76846,-0.518096
0,250,26.4665,62.4948,8.77476,-2.55601
0,250,29.6287,61.965,7.30065,-5.70378
0,250,25.9349,62.4923,8.22624,-0.825191
0,250,29.6489,63.2559,4.53884,-3.81939
0,250,29.6376,64.525,-0.517382,-3.11645
0,250,29.0777,62.7872,5.46606,-3.66885
0,250,25.1013,63.2126,7.78772,-0.754439
0,250,30.4516,64.3821,-1.70423,-1.41257
0,250,28.5854,65.0133,3.04351,-0.00145439
0,250,28.6298,64.3088,7.77433,-3.39846
0,250,19.4279,63.9037,5.06296,-2.35026
0,250,29.7261,66.1764,1.29742,0.898644
0,250,25.0888,63.6964,7.62663,-1.02167
0,250,20.4809,78.1056,-10.0371,-1.45637
0,250,14.3392,70.008,1.32613,-3.13789
0,250,11.581,67.9654,1.00362,0.0552973
0,250,14.7778,73.0713,-0.588687,-2.41332
0,250,13.9766,73.7562,-0.734733,-1.25822
0,250,20.0714,68.0433,6.74624,-6.06099
0,250,35.1227,64.5185,0.709023,0.405575
0,250,24.7889,67.69,8.77631,-0.0311767
0,250,38.4241,75.2029,0.0702591,3.5985
0,250,61.5278,69.9525,4.25568,0.52728
0,250,52.5076,67.5059,2.82233,-0.0161758
0,250,47.389,66.1978,3.66057,0.0339612
0,250,49.4712,65.7238,12.9103,-5.24632
0,250,61.1679,71.3242,6.16761,-1.96535
0,250,33.893,63.7656,1.02622,-0.466506
0,250,49.4755,66.6138,9.28219,2.37474
0,250,63.4618,70.6626,5.07644,-1.45377
0,250,45.1061,64.7646,11.8784,1.90252
0,250,43.1706,76.8392,1.74477,-7.82894
0,250,40.3043,68.2883,-8.6338,3.35459
0,250,61.1136,70.207,3.90954,1.46132
0,250,66.1358,72.8413,2.67925,-1.13588
0,250,64.0106,74.8754,-0.549855,0.953116
0,250,59.6173,74.9937,-1.74451,-0.0984873
0,250,36.2229,63.9674,0.143342,0.452377
0,250,60.8673,76.2187,-1.24296,1.19434
0,250,66.3292,74.6509,-0.588385,0.589325
0,250,62.8459,75.8435,-0.722159,0.663098
0,250,59.3331,74.6572,-1.4078,0.156855
0,250,69.6715,73.6857,0.655892,-0.326689
0,250,48.611,77.5897,1.31909,-3.77345
0,250,27.6424,75.1279,-3.2694,6.48419
0,250,33.148,73.0656,-3.69888,5.8385
0,250,37.9841,64.3552,5.98307,2.53427
0,250,72.0868,71.2264,2.0332,-1.0835
0,250,52.1775,72.2967,1.29883,-2.23016
0,250,52.1307,74.6649,0.588445,-2.08011
0,250,54.7457,72.5464,-0.0894814,-0.385723
0,250,53.2867,72.3876,-0.208032,-0.682398
0,250,51.2931,75.2697,0.622928,-2.32956
0,250,51.7085,75.5868,0.00493658,-2.69154
0,250,69.8706,74.4586,-1.0373,-0.606353
0,250,50.2422,73.2657,0.889745,-2.42323
0,250,49.1677,74.1475,-0.484212,-3.30148
0,250,73.2037,73.2457,0.480119,0.742694
0,250,54.0768,75.5639,-0.805026,-1.18539
0,250,35.3572,65.7143,-4.80524,-2.16737
0,250,47.871,71.0853,0.74717,-1.53206
0,250,50.6813,77.5782,0.700776,-0.549122
0,250,53.2459,76.8171,-0.452153,-2.10104
0,250,65.9769,69.6151,4.9996,-1.64853
0,250,63.7648,76.9783,-1.68488,-0.198593
0,250,61.3747,78.9091,-0.957236,0.155852
0,250,70.9956,74.3271,-0.106341,0.353655
0,250,76.8467,79.1114,-0.93828,0.407627
0,250,48.7849,70.8369,1.91839,-0.88587
0,250,48.1223,72.0231,0.224542,-2.09144
0,250,52.6896,78.1975,0.0702321,-0.190534
0,250,39.5511,69.3738,-6.2892,2.70796
0,250,79.5009,79.1978,-0.552886,-0.799955
0,250,28.0985,67.0278,3.61728,4.57262
0,250,52.8356,77.2474,1.55205,-3.21232
0,250,68.1551,79.0224,-3.10047,0.80459
0,250,53.1838,79.4867,0.996071,-1.83239
0,250,78.1521,79.4926,-1.5223,0.0832175
0,250,51.3548,77.782,-1.23323,-1.26005
0,250,52.2055,77.7792,-0.161942,-0.586813
0,250,56.9278,70.5719,5.89291,0.0731793
0,250,57.1142,72.7529,1.94702,-0.00562336
0,250,70.7642,74.7511,-1.27196,0.363106
0,250,54.924,79.55,-1.31413,-0.100077
0,250,52.8708,69.772,3.80648,-0.791221
0,250,57.5722,79.0129,-1.25713,-0.365983
0,250,49.4686,76.1663,0.911525,-0.151147
0,250,53.9846,68.1485,4.7375,-1.4966
0,250,46.8623,72.3278,-0.309923,-2.97646
0,250,34.2877,70.3209,-5.09928,5.00201
0,250,64.8642,79.2294,-3.32938,-0.443538
0,250,49.4454,69.7397,1.47242,-1.00633
0,250,30.5242,71.592,-0.409247,6.67333
0,250,25.4816,61.0804,8.85428,-0.0737229
0,250,30.5903,64.9919,-2.07875,-1.9629
0,250,30.463,62.813,2.41934,-1.08612
0,250,29.005,61.1493,6.09987,-9.55144
0,250,28.7004,58.9982,0.273419,-9.6565
0,250,23.6555,61.271,8.00235,0.287689
0,250,25.7199,62.1498,8.79116,0.523602
0,250,27.7381,62.5483,7.85629,-2.86418
0,250,29.3618,63.8294,5.80878,-3.16032
0,250,29.6329,64.0273,0.18462,-5.84206
0,250,29.3032,65.3131,2.97845,0.150934
0,250,28.0208,63.0885,9.93653,-2.55481
0,250,29.3277,64.6471,5.30521,-1.69515
0,250,28.1343,64.2154,5.51202,-0.144232
0,250,28.7928,65.9941,3.16729,2.34071
0,250,18.263,64.4811,5.12665,-2.87283
0,250,18.9876,64.1417,5.71687,-2.1203
0,250,11.939,71.0857,1.11813,-0.615556
0,250,17.6824,64.6837,4.6556,-2.09797
0,250,16.604,65.272,3.22462,-2.21809
0,250,45.1868,73.2642,-4.40599,-5.85807
0,250,20.2312,76.5536,-12.525,-5.44305
0,250,15.6267,72.3947,-0.01134,-4.46279
0,250,19.9885,66.6205,6.89372,-2.12965
0,250,44.8468,75.9588,-2.20621,-5.00055
0,250,32.5678,62.133,0.464087,-3.44424
0,250,16.5147,75.4299,-8.54616,-7.20245
0,250,38.2228,73.9325,-6.09649,2.67246
0,250,36.1389,63.0842,0.488975,-0.396043
0,250,64.7415,70.7219,3.57897,0.865255
0,250,65.6833,71.6328,1.90232,-2.26172
0,250,46.1345,66.5139,4.09305,3.02766
0,250,62.6155,70.6146,4.09585,-0.147756
0,250,36.2899,66.5929,-5.5632,-0.768073
0,250,69.4589,72.727,0.18727,-0.474764
0,250,53.0535,66.9105,1.83633,0.148078
0,250,65.0517,70.1855,5.64309,-0.973985
0,250,52.068,66.9164,5.11573,0.12767
0,250,34.83,66.2639,-1.0533,-0.849692
0,250,55.8561,73.1689,1.2084,0.533235
0,250,63.7081,75.3385,-0.735268,0.349373
0,250,33.3639,78.7672,0.704231,2.35613
0,250,57.9683,75.0738,-1.53831,0.47654
0,250,57.3015,73.1517,0.90682,0.0269476
0,250,63.1877,75.3364,-0.117134,1.20293
0,250,57.5014,75.5145,-0.754503,0.64962
0,250,62.3638,73.4992,1.09432,-0.121829
0,250,61.6429,72.854,3.46298,-1.30911
0,250,51.8179,72.0535,-0.336444,-0.85503
0,250,55.3691,73.3249,1.02281,-0.534873
0,250,55.9375,76.025,-2.29376,-0.813889
0,250,33.458,58.8884,5.39726,-4.10327
0,250,52.9299,75.0877,-0.47543,-2.4255
0,250,52.1251,70.9165,0.53979,-0.843571
0,250,54.7448,74.5075,-1.14038,-0.751469
0,250,54.1866,73.5027,-0.221424,-0.871871
0,250,61.4655,72.4351,3.88129,-1.4219
0,250,51.2963,74.0847,-0.426183,-1.4739
0,250,56.0298,67.3503,2.13856,-3.64183
0,250,50.0444,73.7187,-1.21616,-3.31951
0,250,49.7216,75.219,0.270524,-2.78591
0,250,50.1461,75.5987,-0.0962737,-1.82573
0,250,56.4303,71.9704,3.42346,0.664647
0,250,71.1836,73.2179,-0.101737,0.24082
0,250,53.8198,78.081,0.237279,-1.42061
0,250,49.8225,71.0665,1.36038,-1.93414
0,250,66.6899,79.5671,-1.19985,-0.458163
0,250,76.6379,79.5732,-0.975118,-0.105114
0,250,41.2764,66.9167,-4.70349,9.74219
0,250,48.9827,72.7759,1.52284,-3.50679
0,250,54.9021,78.9914,0.0729462,-1.13991
0,250,54.2388,77.7919,-0.641236,0.287267
0,250,56.3104,78.9345,-1.19072,0.236213
0,250,63.3152,79.5639,-4.26653,-0.27079
0,250,31.1033,75.7519,0.727764,9.36088
0,250,52.9209,77.8664,0.768105,-1.5421
0,250,78.8266,78.6981,-0.54234,-2.20742
0,250,53.1444,78.3894,-1.39614,-0.815706
0,250,52.4167,78.6726,-0.252738,-1.06395
0,250,48.6439,74.7787,0.74411,-1.52746
0,250,63.0545,79.105,-3.12547,-0.838854
0,250,43.1745,68.4726,-3.37887,1.03339
0,250,56.043,79.4756,0.112156,-0.175366
0,250,47.9311,73.2233,1.97674,-3.38466
0,250,49.4392,77.2559,1.0152,0.0599546
0,250,44.7824,67.9003,3.6783,2.98673
0,250,47.4196,73.0573,0.779421,-2.45372
0,250,49.5279,77.8584,0.752659,0.365596
0,250,45.6905,69.3461,-1.50262,-0.526478
0,250,54.3972,69.6473,1.52433,0.159839
0,250,50.4301,76.7503,-0.407937,-1.98467
0,250,56.0834,72.3237,2.03095,0.429919
0,250,48.2748,73.8896,0.44162,-3.91863
0,250,60.7523,72.5603,3.11425,-1.20311
0,250,49.6821,69.1539,2.68771,-1.74412
0,250,56.9425,79.423,-2.2844,-0.527032
0,250,52.4256,70.2306,2.90808,-1.10269
0,250,51.6822,78.1576,-0.672401,0.703634
0,250,19.5946,70.573,3.88686,-8.89789
0,250,52.9471,70.1876,2.54913,-0.936696
0,250,28.6263,54.0498,-2.30328,-11.0406
0,250,29.5923,61.2447,2.11956,-9.46622
0,250,26.9509,61.7979,8.81752,-1.21903
0,250,28.1345,61.8901,11.8035,-4.74175
0,250,27.1861,62.7361,9.04514,-2.76772
0,250,28.5293,56.7046,-4.13284,-12.9431
0,250,29.8283,62.5151,-5.25827,-9.29893
0,250,16.7258,53.5772,-20.5444,-12.6909
0,250,30.118,64.9895,0.971781,3.16996
0,250,27.3873,63.8159,7.18095,-0.899336
0,250,29.571,67.1675,-1.8241,3.01717
0,250,29.2339,67.2533,1.85872,4.68279
0,250,30.2542,63.6982,0.289476,-10.5258
0,250,12.2141,67.6344,0.853576,0.309287
0,250,44.0285,73.4693,-2.2482,-5.69076
0,250,43.2948,72.5564,-6.69371,-6.6306
0,250,18.0197,70.9891,3.86922,-10.0179
0,250,15.448,73.6659,0.227341,-1.98943
0,250,21.4654,77.7695,-13.5022,-4.73364
0,250,18.5608,74.3541,-0.754695,-12.8728
0,250,38.946,71.4152,-9.39282,2.91025
0,250,21.0608,69.7132,1.32463,-4.2118
0,250,21.6182,66.8786,8.45216,-4.21498
0,250,34.4224,63.5785,2.98332,-2.01028
0,250,51.5462,66.1689,3.82278,-1.7279
0,250,51.8172,64.0801,8.93002,-2.22294
0,250,28.9813,76.1659,-5.01926,7.38126
0,250,16.8461,73.3455,-1.02128,-5.46433
0,250,26.9381,70.6198,-0.970379,5.28349
0,250,59.844,70.4916,13.8091,1.9729
0,250,56.0637,68.4038,2.68991,1.46103
0,250,60.0482,71.2878,8.81659,-2.48864
0,250,26.6616,76.7242,-11.0083,5.16588
0,250,66.4401,73.8468,0.836949,-0.71334
0,250,67.5677,72.2122,1.12763,-0.892994
0,250,24.2419,77.7394,-14.7426,-2.91585
0,250,69.6437,71.6532,1.05799,0.173046
0,250,37.5328,68.0995,-7.83244,2.49174
0,250,58.7118,73.5616,2.15639,0.627117
0,250,65.2156,70.698,4.33382,0.224461
0,250,58.1493,73.5989,3.02574,-0.932157
0,250,57.4774,75.0506,-0.931197,0.250758
0,250,68.264,73.8192,0.282281,-0.150093
0,250,59.513,75.4713,-0.61917,0.18991
0,250,60.8669,76.6559,-1.34309,-0.0982958
0,250,56.5714,73.2728,1.60906,-0.956344
0,250,58.592,75.7637,-1.34894,0.308901
0,250,52.51,71.8558,1.22927,-1.60402
0,250,56.4671,76.009,-1.98355,-0.505592
0,250,64.0493,76.5203,-1.891,-1.08017
0,250,51.9827,73.4506,0.313475,-1.96076
0,250,70.85,72.7882,-0.687026,-0.412238
0,250,54.8765,74.8877,-1.8689,-1.20084
0,250,50.8461,74.277,-0.345595,-1.83408
0,250,51.1829,71.3232,1.26031,-2.01198
0,250,50.8993,71.8533,1.66812,-1.85374
0,250,51.7669,77.5283,1.58624,-1.28977
0,250,27.13,65.9532,5.44266,-0.0653598
0,250,69.3641,70.2232,0.582659,-3.30816
0,250,70.7361,73.4018,-0.8011,-0.0193846
0,250,48.689,74.2266,-0.353802,-4.08259
0,250,68.8113,75.6291,-1.70634,-0.811597
0,250,68.6726,69.0328,-0.824318,-2.79662
0,250,48.0934,70.7225,-0.290199,-1.42672
0,250,52.5523,76.1786,-1.219,-2.09883
0,250,73.589,73.5188,0.362995,0.730796
0,250,72.1321,72.6701,0.241661,-0.259903
0,250,48.3276,73.398,-1.50458,-3.73662
0,250,47.6523,69.328,2.75695,0.164915
0,250,54.7907,77.7525,-1.31283,-0.788544
0,250,39.5216,70.8071,-8.38925,1.63297
0,250,54.4888,78.9134,-0.813213,-0.245394
0,250,66.3755,79.222,-3.14237,0.518623
0,250,70.7208,79.5751,-1.70054,0.466172
0,250,45.3502,68.2395,3.11974,2.41896
0,250,36.7215,68.7605,-9.32662,-0.01165
0,250,70.2549,67.2798,-6.43037,2.16797
0,250,37.3208,61.5062,3.59731,3.4157
0,250,49.0956,76.1992,1.02656,-2.15695
0,250,73.6807,72.4162,1.05233,0.526329
0,250,61.6869,79.6105,-1.75791,-0.697156
0,250,48.2089,69.1894,3.91107,-0.834655
0,250,48.0708,74.9809,1.01654,-2.69911
0,250,68.4234,79.4517,-2.94519,-0.122584
0,250,49.7985,70.0827,1.1844,-1.93938
0,250,77.1729,79.5266,-1.14701,0.987719
0,250,48.9884,70.0471,3.14325,-1.56397
0,250,49.995,76.3149,0.99549,-1.26422
0,250,47.7921,74.5553,0.726863,-3.27584
0,250,47.313,68.5364,2.16369,0.523731
0,250,78.932,79.1294,-2.66339,-0.75773
0,250,64.2881,79.0831,-3.34166,-0.709708
0,250,48.2736,70.1322,-0.172527,-0.212566
0,250,73.8559,79.5331,-1.09694,-0.32353
0,250,35.1088,77.5858,5.56184,2.35919
0,250,49.6278,70.5627,2.28124,-0.924587
0,250,53.4004,76.1729,0.0170449,-2.13068
0,250,55.7594,70.583,0.0430468,1.58378
0,250,45.1579,68.6706,-0.979075,2.18432
0,250,48.5622,70.4814,1.98389,-2.05128
0,250,29.2972,56.0462,-0.446884,-14.9673
0,250,29.9527,45.1661,-2.63816,-14.8859
0,250,25.8686,51.7482,-5.76094,-16.2594
0,250,30.3261,60.5224,-2.07379,-11.6891
0,250,29.6735,61.5978,1.96273,-5.05851
0,250,29.2306,56.3599,-1.33238,-13.5171
0,250,29.615,60.8389,-0.778359,-8.8164
0,250,30.0213,58.6895,0.976728,-13.7719
0,250,38.1552,60.5127,5.14347,10.2774
0,250,19.3332,41.1137,-12.6,-23.2458
0,250,30.1986,62.7615,-1.26438,-2.17457
0,250,29.5016,65.5157,0.28761,2.86892
0,250,23.8024,63.922,7.81148,-2.10903
0,250,15.6194,70.5978,1.05113,-4.24885
0,250,19.9287,75.7109,-12.1848,-12.3627
0,250,20.2841,67.1342,7.2277,-5.45201
0,250,20.2404,77.6555,-4.10698,-7.66808
0,250,41.5886,77.4989,11.8726,-2.81613
0,250,18.1287,68.1253,4.25896,-5.49485
0,250,27.4357,69.7363,3.88896,7.0772
0,250,26.7498,66.0191,6.80543,1.77944
0,250,33.7327,62.1035,1.27607,-3.1382
0,250,39.6553,76.0613,5.55887,2.54698
0,250,34.6379,77.3667,4.2166,5.60666
0,250,18.9955,67.5862,4.72193,-7.29782
0,250,59.1869,70.7108,5.60031,-1.64841
0,250,17.2502,68.8563,0.664942,-5.05411
0,250,59.9648,71.6077,7.23904,0.45164
0,250,65.6879,70.6045,4.87682,-1.98097
0,250,16.1899,71.0774,0.513379,-5.98657
0,250,27.9579,71.5391,-1.48692,8.46853
0,250,67.0846,71.6887,2.35016,-1.36563
0,250,55.6843,68.5647,3.55243,0.829238
0,250,44.88,78.7153,3.25969,0.989559
0,250,70.5024,71.6023,0.378735,-0.870062
0,250,68.9527,71.2106,2.22365,-0.0256925
0,250,61.8545,75.6011,-1.34181,-0.0641609
0,250,67.477,71.736,3.29901,-1.78281
0,250,63.3675,75.7981,-0.863409,0.703462
0,250,63.6666,69.3181,7.59699,-0.843009
0,250,55.233,74.2204,-1.72362,0.710419
0,250,66.7177,74.8469,-0.784371,-0.863106
0,250,57.9943,75.5878,-0.763251,-1.082
0,250,53.67,74.2455,-0.0796094,-2.69553
0,250,68.7396,73.3261,0.00323816,-0.193082
0,250,55.921,75.5183,-1.82707,-0.623657
0,250,61.1997,77.0584,-1.63918,0.195695
0,250,65.7571,74.8376,-0.49098,-0.255589
0,250,52.3199,74.2072,0.678573,-2.56935
0,250,63.3202,76.6673,-1.98561,0.722903
0,250,65.6031,75.3671,-2.47308,-0.843596
0,250,51.6749,74.403,-0.331801,-1.93535
0,250,22.8355,67.1551,6.81984,-3.15225
0,250,51.0655,72.6784,0.775635,-3.71984
0,250,67.0107,68.0426,4.35517,-2.3746
0,250,72.5024,71.8591,1.0009,0.309341
0,250,72.8702,71.6337,1.65061,-0.124079
0,250,69.7502,73.1669,0.815751,-0.733215
0,250,49.6351,73.9979,-0.0730954,-3.14969
0,250,65.9172,75.7584,-1.94125,-0.572263
0,250,71.7117,72.9328,-0.0192727,0.0656109
0,250,42.0792,64.6057,7.76373,5.59521
0,250,68.6418,75.1399,-0.754918,-0.124983
0,250,27.2973,65.4932,4.75101,-0.4754
0,250,71.9561,74.6374,-0.210151,0.618749
0,250,55.1085,78.3676,-0.891954,0.58098
0,250,52.2421,75.7255,0.501849,-1.61867
0,250,18.9599,75.6044,-7.58737,-9.22505
0,250,14.8944,69.8263,0.419434,-3.35394
0,250,41.8408,63.8979,7.50486,4.99874
0,250,73.7574,74.0043,0.433404,1.02473
0,250,50.0682,77.9681,-0.634299,0.0874058
0,250,71.2316,73.8895,-0.238293,0.888042
0,250,47.2544,72.6285,-0.396376,-2.87734
0,250,46.7617,70.3375,-0.23886,1.46967
0,250,75.1749,71.2472,0.515859,0.960936
0,250,57.4456,79.507,-1.83072,0.349221
0,250,36.3526,67.8849,-6.58227,0.0883835
0,250,47.41,74.1805,0.184958,-3.05554
0,250,70.916,69.3111,0.953034,-0.0644971
0,250,66.3848,69.1257,5.7328,-0.882457
0,250,63.7156,69.1576,7.38817,-1.12932
0,250,71.31,79.5269,-1.33004,0.16744
0,250,41.9487,68.8705,-4.28858,1.77138
0,250,47.9882,75.5701,0.433233,-1.3116
0,250,50.9292,77.9895,1.07328,-0.168601
0,250,33.2339,74.6176,-0.557005,2.07942
0,250,72.69,75.1091,-0.778222,1.574
0,250,47.8426,73.9364,0.699123,-2.37223
0,250,47.5723,75.1544,-1.52868,-2.00602
0,250,71.0349,79.1278,-0.915923,0.282049
0,250,49.2137,67.4589,2.64266,0.226897
0,250,67.0604,76.0417,-1.38153,0.79965
0,250,50.7918,76.5432,0.0829989,0.135847
0,250,49.1021,77.6761,-0.61827,-1.68064
0,250,44.6927,68.7943,1.62798,1.53881
0,250,58.6706,72.0642,6.97331,-0.782021
0,250,48.9032,79.5391,0.013275,1.48058
0,250,77.3144,79.0069,-1.1349,-0.913294
0,250,54.1007,71.2156,1.2618,0.262872
0,250,19.1821,55.374,-16.6024,-9.58718
0,250,29.3412,54.5883,-3.84183,-8.79735
0,250,28.9448,60.457,1.99186,-10.5406
0,250,28.7672,62.8966,5.50532,-4.38547
0,250,29.6702,74.1949,-3.30362,11.2908
0,250,45.2772,63.416,9.58635,-4.30072
0,250,30.2008,60.4222,-1.1261,-14.7371
0,250,30.5045,70.9102,-5.29392,5.54981
0,250,30.1018,64.3107,-5.88495,-5.81817
0,250,30.8127,70.0508,3.02173,4.36858
0,250,24.6179,64.0194,8.87807,0.220356
0,250,30.1189,68.9301,2.78746,4.16691
0,250,43.4224,71.1791,-2.73487,-0.320071
0,250,33.0518,77.9066,-1.29935,0.633326
0,250,32.7284,65.6956,3.49255,-3.95168
0,250,37.7983,76.2636,3.04982,5.56398
0,250,39.4376,73.058,-10.8819,0.477371
0,250,40.4038,76.0718,6.10108,-0.318665
0,250,42.3014,72.8701,-5.24,-1.78795
0,250,44.2528,76.494,1.39891,-4.26936
0,250,16.3813,71.6668,0.391702,-5.24691
0,250,39.8268,67.3334,-5.12257,5.83104
0,250,38.5732,63.1086,9.55621,5.82777
0,250,43.2861,66.163,-1.26105,6.1877
0,250,37.3045,72.7094,-7.09837,1.76128
0,250,53.8221,67.2185,4.48362,1.80453
0,250,51.9683,67.5061,2.19071,0.56323
0,250,66.6106,70.465,5.24458,-1.66539
0,250,58.0922,69.5434,15.47,7.37843
0,250,56.1178,69.1741,3.64573,1.63683
0,250,68.3993,73.1729,0.588089,-1.43511
0,250,69.5954,71.043,1.3704,-0.950071
0,250,42.7924,79.0509,8.1532,-5.88716
0,250,52.8879,67.3628,3.59213,1.34279
0,250,53.359,65.0298,7.35119,-2.95476
0,250,16.1684,75.7242,-3.45914,-0.975621
0,250,61.2184,73.2383,1.90103,-0.25911
0,250,60.1261,76.1472,-1.11833,1.14955
0,250,65.647,74.4372,-0.600001,-1.46367
0,250,68.3721,74.3932,-0.389071,-0.280586
0,250,63.6765,76.2702,-0.522403,0.868062
0,250,65.1868,74.9513,-0.901467,-0.0611278
0,250,67.4411,75.3812,-1.61149,-0.356354
0,250,51.6269,72.5629,-0.77679,-2.48321
0,250,60.0838,76.9552,-3.28222,0.526527
0,250,54.2205,74.3002,-0.171493,-0.948073
0,250,51.9077,73.9558,1.184,-2.51709
0,250,52.1129,65.3744,6.39729,-0.153824
0,250,18.7049,66.4555,4.80843,-4.65754
0,250,51.3622,73.1257,0.479382,-3.41772
0,250,52.488,75.134,0.524624,-2.63343
0,250,72.9647,72.1572,1.59953,0.257383
0,250,49.924,74.3386,-0.703626,-1.73211
0,250,50.5597,73.6352,0.196001,-2.2973
0,250,49.5127,74.6635,-0.456355,-2.28222
0,250,32.7317,75.2061,-3.59256,8.79129
0,250,72.4645,74.6266,-0.681818,0.949555
0,250,70.5281,75.2606,-1.49054,0.162674
0,250,32.226,65.1236,-0.398268,-2.51089
0,250,21.0786,64.9461,5.55171,-3.28988
0,250,60.4903,76.9976,-2.39501,-0.359838
0,250,60.7466,77.4166,-1.60635,1.19084
0,250,52.7848,78.8666,0.741102,-2.34994
0,250,71.7177,69.2069,1.0045,-0.0101094
0,250,73.304,70.6053,0.578152,1.06725
0,250,20.7696,69.9259,1.14357,-3.48505
0,250,57.3837,77.0725,-3.07784,0.325389
0,250,71.8729,79.6024,-1.76898,1.45096
0,250,58.4692,69.992,9.97918,6.56112
0,250,48.971,75.7102,0.192428,-2.72786
0,250,60.8599,79.4847,-2.27817,0.976849
0,250,73.7935,71.702,1.3497,0.656539
0,250,36.8807,69.5126,-8.30703,4.45858
0,250,72.3275,69.7247,0.31154,1.18012
0,250,49.5259,79.0799,1.78443,-0.571339
0,250,32.459,61.4958,-0.545679,-1.85422
0,250,58.0528,78.9254,-4.35637,0.226216
0,250,74.2931,71.7181,0.942482,0.888757
0,250,62.4431,79.1011,-3.19779,1.40352
0,250,70.1258,79.5522,-2.39237,-0.918465
0,250,65.1879,79.5799,-3.16498,-1.73236
0,250,79.266,79.5349,-0.85245,-2.61181
0,250,58.3805,79.5071,-3.77267,-0.312885
0,250,34.1384,70.7948,-6.61823,6.09786
0,250,48.8807,71.367,2.05413,-2.71386
0,250,59.7559,79.5108,-1.74803,-3.35306
0,250,33.6258,70.9728,-5.26933,6.12694
0,250,48.642,69.7961,3.19784,-3.4728
0,250,79.4787,78.7573,0.69569,0.71253
0,250,47.9433,76.0853,1.28041,-2.58286
0,250,67.5081,76.032,-1.38005,-0.187869
0,250,48.7453,67.7018,3.93235,0.787154
0,250,50.3654,69.0094,2.24917,0.269963
0,250,49.2396,73.637,2.06998,-3.62456
0,250,77.0654,78.528,-1.3327,0.0491815
0,250,46.5351,71.4558,-0.163418,-1.93287
0,250,49.1507,71.816,0.35953,-2.78452
0,250,56.3256,77.5938,-2.61003,0.14255
0,250,52.1488,69.8136,2.95557,-1.91228
0,250,56.5224,79.4599,-1.1293,1.03085
0,250,20.501,70.8952,3.0008,-3.67485
0,250,29.4717,55.0919,0.422575,-17.5269
0,250,30.5316,58.8821,3.49927,-13.9604
0,250,27.8752,56.9066,-2.63363,-11.6612
0,250,29.3266,59.6143,-0.248294,-11.2047
0,250,29.9314,51.4219,-0.0238086,-16.124
0,250,30.2414,61.3502,-5.14191,-9.29746
0,250,27.4191,49.9673,-4.29695,-14.2155
0,250,30.0651,67.1188,-1.65021,3.57776
0,250,29.8172,67.7271,-1.20712,6.64583
0,250,11.7606,72.1323,1.68017,1.6602
0,250,13.8147,75.2901,0.611206,-2.4173
0,250,16.0252,78.4798,-1.79258,-3.16625
0,250,33.6117,64.2515,-1.28744,-0.876184
0,250,32.5003,67.2936,1.24941,-0.331493
0,250,26.5157,68.767,6.94841,6.48682
0,250,15.2349,71.1001,2.2953,-4.10294
0,250,44.3972,76.0174,3.14012,-3.43508
0,250,24.1342,67.0092,7.73349,1.16732
0,250,34.492,61.8572,2.38468,-2.38041
0,250,20.4591,79.4857,-1.78016,4.68604
0,250,36.347,77.9252,5.32035,2.19153
0,250,55.1561,68.4709,3.66315,0.129439
0,250,20.7974,76.903,-15.6024,-7.84278
0,250,59.1019,69.5168,12.5524,2.15379
0,250,63.8506,70.9285,4.6685,-1.42019
0,250,26.3331,68.6632,5.31093,6.82671
0,250,66.2718,73.3401,0.548699,-0.535088
0,250,36.7968,63.2591,4.17195,2.69141
0,250,62.2414,71.0261,4.48351,-1.01004
0,250,47.3602,64.4353,10.3629,-0.55764
0,250,47.5405,64.8304,11.3452,0.936454
0,250,19.3734,68.0914,7.08459,-8.32069
0,250,30.2527,75.3081,1.61644,11.2853
0,250,48.4002,65.7564,9.17837,1.99353
0,250,69.7182,70.6193,1.39131,-1.32162
0,250,29.4252,75.3208,0.388382,15.1555
0,250,58.1738,76.17,-2.34284,0.0313028
0,250,65.137,74.5228,0.44298,0.281782
0,250,72.6788,68.9775,0.709217,-0.252952
0,250,55.4073,74.6303,-0.773645,-0.933593
0,250,67.2659,74.5931,-0.832163,0.0515261
0,250,43.8087,71.479,-1.42594,-3.23006
0,250,53.5741,74.7095,-0.070694,-1.90173
0,250,68.6759,73.9471,-0.327023,-0.183098
0,250,39.2939,65.1068,7.05883,6.12585
0,250,53.8163,75.1561,-0.0993629,-1.32024
0,250,51.706,70.1211,3.06946,-1.47529
0,250,50.5654,71.6113,0.0255547,-2.03411
0,250,52.5715,65.6059,4.19161,-2.2908
0,250,39.9828,74.2709,-5.88614,0.236479
0,250,70.1624,73.4451,0.570675,0.101359
0,250,51.2912,76.8057,-0.516007,-1.93805
0,250,58.321,77.3338,-3.4645,-0.0858227
0,250,52.6784,66.2219,1.79988,0.363891
0,250,22.9514,75.3049,-13.6659,-0.949725
0,250,72.647,69.3776,1.00356,0.180396
0,250,69.5324,79.5574,-1.6879,0.777352
0,250,64.7589,76.8814,-1.83913,0.466371
0,250,66.9007,75.6415,-1.67838,-0.451319
0,250,73.5696,79.1977,-0.291427,-0.188189
0,250,42.9276,71.4651,-4.47385,-2.55376
0,250,42.6177,76.8991,8.2877,-4.70792
0,250,53.7229,76.5267,-0.0502554,-1.44841
0,250,42.6881,66.0394,11.0139,2.3231
0,250,16.77,68.3348,2.35796,-1.90298
0,250,16.6698,70.7222,1.50639,-9.64786
0,250,42.409,66.0069,2.67849,2.04913
0,250,69.1532,75.242,-1.2244,-0.336073
0,250,49.329,78.2754,0.502259,1.22695
0,250,75.5612,79.5476,-0.630152,-0.104822
0,250,72.7179,70.6452,1.60099,0.949049
0,250,26.0832,64.5964,6.98319,-1.85715
0,250,70.9165,76.1084,-1.14709,0.431012
0,250,75.1578,70.4938,0.754039,0.0977066
0,250,52.777,79.397,-0.0133237,-0.172096
0,250,54.7525,78.2744,-0.298702,0.684367
0,250,37.2479,69.7181,-6.54008,2.49396
0,250,44.7636,69.2256,-0.0065862,2.66429
0,250,50.1221,79.0736,1.4479,-0.288406
0,250,76.5811,78.2417,-1.99098,0.689027
0,250,44.3906,67.177,-0.705427,1.92911
0,250,33.7118,67.5718,-0.905626,0.835197
0,250,54.4322,79.4426,-0.295398,-0.405765
0,250,41.4499,68.78,-2.9438,1.48182
0,250,34.5708,70.8973,-5.37396,3.99883
0,250,75.5358,74.1659,-1.46974,0.128351
0,250,48.8852,73.2147,0.114663,-4.06598
0,250,61.2205,79.3458,-0.686555,-0.719442
0,250,51.4818,63.35,21.5461,-2.34332
0,250,34.6179,70.1623,-6.28358,4.31837
0,250,46.7407,69.7989,0.249444,-0.987272
0,250,54.6663,71.2407,2.66995,0.643715
0,250,74.7536,74.7815,-0.525158,-0.0931808
0,250,47.7299,72.3164,0.774782,-2.97415
0,250,51.2508,78.4528,-1.06029,-1.18682
0,250,50.9884,69.1314,3.57548,-1.82085
0,250,45.871,68.8851,0.283432,-0.887312
0,250,34.8399,69.3364,-7.81357,1.60168
0,250,49.1641,69.4521,2.04465,-1.97255
0,250,26.4756,57.2104,-5.88979,-10.8503
0,250,35.5617,59.5226,3.5853,-2.31664
0,250,50.0005,65.0997,11.6484,1.09205
0,250,30.0928,63.4409,3.73237,-1.99109
0,250,49.592,62.9936,3.88848,19.9629
0,250,49.1825,62.8089,3.88013,19.9622
0,250,30.6238,63.5243,1.39739,-1.39969
0,250,57.0556,66.9905,12.4708,-2.11234
0,250,57.8444,68.7535,7.06374,7.72543
0,250,46.1032,75.7533,0.250904,-3.96882
0,250,14.5673,75.55,-2.02697,0.826343
0,250,45.1782,78.8847,2.84784,3.42265
0,250,31.2958,70.9404,-4.99963,6.24982
0,250,21.7222,66.3526,6.1848,-5.1454
0,250,17.164,73.2278,-0.478154,-9.33161
0,250,41.9422,76.6598,5.5196,-4.19225
0,250,19.1499,71.5285,0.0292259,-12.8388
0,250,40.1923,76.6186,7.80037,2.16293
0,250,17.9154,79.2567,-2.3363,-1.2345
0,250,27.9453,72.7716,0.0898526,10.1256
0,250,36.2782,73.3409,-3.90786,6.63562
0,250,55.8113,69.1177,2.67698,-0.378257
0,250,64.874,72.5311,3.38799,0.391728
0,250,65.7736,72.5647,1.76502,-1.63385
0,250,59.2194,67.3466,4.94296,-2.69056
0,250,65.96,72.0251,3.92432,-1.02489
0,250,59.8881,69.4041,10.0221,3.19502
0,250,27.3187,67.1726,5.58968,3.18205
0,250,66.088,70.5174,3.71142,-1.80041
0,250,22.7959,78.7448,-13.7223,0.291153
0,250,61.1914,69.0609,6.01121,-0.140169
0,250,35.7619,65.9517,-1.96744,-0.809487
0,250,57.2927,66.5796,13.3713,-7.18009
0,250,71.1103,71.0003,1.04066,-0.288211
0,250,69.0242,72.8076,-0.000178241,-1.07789
0,250,67.825,70.1554,3.28019,-3.97464
0,250,57.2466,76.064,-2.1571,0.374386
0,250,67.9295,74.3378,-0.370412,0.584997
0,250,35.3902,78.2732,4.21164,2.78937
0,250,62.6341,76.5016,-0.537101,-0.873243
0,250,23.4051,76.2417,-11.5237,-1.73156
0,250,34.4627,60.4589,3.92512,-1.78823
0,250,71.1206,72.051,-0.102109,-0.57979
0,250,44.8221,70.0669,-3.17807,-0.695076
0,250,16.3313,73.3553,-0.856937,-4.90744
0,250,68.6702,74.695,-0.635602,-0.192047
0,250,58.5255,73.137,3.01848,0.83078
0,250,61.68,77.1714,-1.18998,0.26346
0,250,22.4941,74.8646,-11.0827,-3.06619
0,250,52.7026,75.6695,0.206689,-2.63957
0,250,47.8962,72.7321,0.506485,-1.47483
0,250,71.5254,73.5042,0.215968,0.420164
0,250,55.3971,76.195,-0.960402,-1.27626
0,250,54.9789,75.8941,-1.03938,-1.73571
0,250,54.4029,68.4841,2.30976,1.0266
0,250,55.7866,79.1031,-1.88794,-0.126499
0,250,57.6965,78.5307,-3.06609,0.299899
0,250,70.2105,78.7441,-2.31803,0.190618
0,250,41.7123,70.786,-2.30464,-0.373076
0,250,36.8193,71.8452,-6.51115,4.86085
0,250,19.6339,71.6905,2.08373,-9.84299
0,250,19.2498,74.0246,-4.60232,-15.0768
0,250,51.0019,79.0706,0.116352,0.580298
0,250,40.5152,66.2682,2.51308,7.34505
0,250,77.6718,79.5166,-1.20122,-1.61488
0,250,72.8676,73.5829,0.180122,0.875789
0,250,71.6024,75.0539,-0.112172,0.40217
0,250,39.3701,67.2237,-4.82801,2.0783
0,250,69.1289,70.6786,1.71081,-0.416468
0,250,75.2548,73.8434,0.171671,0.646176
0,250,74.507,72.6741,0.954543,0.459267
0,250,74.7361,71.5096,0.684194,0.936086
0,250,32.3538,63.1385,2.61303,0.430775
0,250,70.1186,75.6786,-2.19473,0.604994
0,250,77.6568,78.6433,-1.04949,-0.962212
0,250,74.0566,73.382,0.494619,1.43489
0,250,69.5542,75.4922,-2.78019,-0.773964
0,250,49.9886,76.8932,-1.03712,-0.774033
0,250,66.0532,76.3227,-2.06325,0.914961
0,250,74.4687,74.3429,0.292352,0.477445
0,250,48.4999,75.8258,-0.566782,-2.37973
0,250,66.5579,76.296,-1.69847,-0.320834
0,250,71.8562,68.0043,0.723864,0.382377
0,250,70.4791,76.5599,-1.76891,0.352286
0,250,46.9128,70.8173,0.176103,-2.02707
0,250,74.5797,75.284,-1.16794,0.503732
0,250,55.4387,70.9374,3.58363,1.50873
0,250,42.3327,67.9578,-1.08566,2.97577
0,250,16.757,68.8824,0.0549204,-5.08811
0,250,70.8867,77.4871,-1.97297,0.388914
0,250,51.5308,79.013,-0.566583,0.395216
0,250,48.762,76.5341,0.410431,-2.07997
0,250,46.8856,69.3068,-0.458163,-2.7013
0,250,45.4983,67.8414,5.05324,0.253968
0,250,48.3911,76.2515,2.02029,-0.357748
0,250,36.3617,69.0267,-7.43202,2.16358
0,250,46.0951,67.2741,5.80817,-1.54857
0,250,74.9217,79.5238,-0.668312,-0.626999
0,250,53.7621,78.9742,0.9999,-0.00897567
0,250,52.6138,70.6385,2.40974,-0.240363
0,250,26.4591,74.2287,-4.60113,3.1308
0,250,42.0606,67.085,-1.75917,2.86528
0,250,28.5069,58.4914,-2.81827,-15.1286
0,250,30.314,55.2255,-0.582993,-13.7914
0,250,39.4609,61.6912,9.38775,5.41704
0,250,50.2271,66.518,7.93613,-1.80486
0,250,50.878,49.564,3.82002,18.0767
0,250,24.6843,48.3691,-7.76107,-18.4456
0,250,29.7963,77.5806,-8.93741,4.22016
0,250,24.4587,64.4982,8.28562,0.400977
0,250,35.8583,70.0391,-9.08179,4.95715
0,250,22.4551,79.6807,-12.0423,-1.69039
0,250,21.7911,67.3235,7.55836,-6.25934
0,250,16.248,69.9167,0.314572,-9.0273
0,250,38.8681,69.6998,-8.75157,2.73994
0,250,18.855,68.0765,2.72352,-4.89376
0,250,22.5263,66.621,6.64102,-4.14378
0,250,43.9887,74.4417,-0.516156,-5.09032
0,250,60.2921,70.1282,4.42058,1.02968
0,250,23.5767,74.1494,-5.08687,-4.28969
0,250,21.925,68.7764,3.75094,-2.61655
0,250,20.5501,75.3901,-5.03028,-5.67839
0,250,57.0735,69.5457,2.51457,3.39247
0,250,67.493,72.9245,1.0227,0.358083
0,250,18.5617,72.4495,1.77629,-8.62973
0,250,23.9383,66.0188,8.7951,0.687977
0,250,62.369,75.6631,-0.293461,0.336876
0,250,64.4829,74.6386,-1.02474,0.42091
0,250,41.2558,78.2102,13.4193,-1.1424
0,250,40.6061,67.2101,-3.01292,6.57715
0,250,41.1038,76.5735,9.62803,0.923851
0,250,61.3725,76.2245,-0.991264,0.755502
0,250,70.7671,72.2271,0.180189,-2.06619
0,250,59.1043,76.5443,-3.35282,-0.555626
0,250,56.9529,75.7455,-1.59835,-0.671211
0,250,64.6623,75.0257,-0.771193,-0.354183
0,250,71.6173,72.3527,0.0568598,-0.335669
0,250,66.6657,71.5521,3.24846,-0.523373
0,250,18.2498,73.6781,-4.67259,-11.8296
0,250,38.2744,69.88,-7.71183,2.23184
0,250,64.8678,76.0043,-0.779786,0.120046
0,250,67.7856,75.5756,-1.09581,-0.265124
0,250,71.9307,69.9311,-0.394171,-1.09238
0,250,53.3189,75.2108,-0.612247,-2.74986
0,250,50.8656,74.9664,0.48744,-1.7152
0,250,52.4812,71.2983,2.30053,-1.09405
0,250,70.4214,72.9877,-0.122194,0.82943
0,250,39.6516,77.5047,9.84746,1.86132
0,250,28.9006,74.6561,-1.98421,9.47689
0,250,25.1628,68.2677,6.60064,1.78903
0,250,38.7924,65.5706,-0.380314,5.91843
0,250,66.4802,75.3585,-1.01925,-0.326206
0,250,37.0421,74.1317,-4.9738,6.92802
0,250,56.8526,76.9823,-3.35842,0.0414037
0,250,43.76,73.7981,-3.23605,-7.16261
0,250,19.7463,65.255,5.90048,-2.73048
0,250,14.8402,66.4606,1.08546,-0.829291
0,250,31.3091,75.1149,5.28408,8.16885
0,250,16.6961,67.5573,2.7694,-5.24586
0,250,58.5019,78.8683,-3.71202,-0.358124
0,250,36.5691,77.1308,4.60441,5.54179
0,250,35.5958,60.9992,4.16708,1.99539
0,250,72.9679,74.5656,-0.696673,1.9577
0,250,78.4311,79.0912,-0.674285,-1.81082
0,250,66.3942,68.5593,3.60592,-1.3671
0,250,74.76,71.0166,1.07128,0.201884
0,250,72.5876,79.5645,-1.918,-2.76626
0,250,74.2651,74.9148,-0.148785,0.566934
0,250,54.1936,76.5683,-0.51261,-0.939229
0,250,18.5303,75.5936,-5.41411,-11.7464
0,250,79.4394,78.3495,-1.8529,-0.815342
0,250,70.6977,75.6823,-2.04555,-0.539388
0,250,74.5841,72.1527,0.0413716,1.24768
0,250,74.9524,73.411,0.171341,0.943476
0,250,71.0269,75.1653,-0.855845,1.0448
0,250,73.6993,74.9167,-0.774678,0.684135
0,250,69.2395,75.8997,-1.8981,0.234103
0,250,72.4184,73.6211,0.46451,1.42973
0,250,76.2871,79.1133,-1.59092,0.578851
0,250,62.8787,77.8348,-2.59378,0.122171
0,250,74.0945,71.2513,0.162773,0.415837
0,250,73.4889,75.4474,0.144131,1.30911
0,250,74.6889,73.8057,0.43846,0.261975
0,250,43.7521,68.5612,0.483529,1.18068
0,250,46.3089,69.0678,1.51152,-2.05462
0,250,34.0352,72.8681,-4.62043,5.4324
0,250,56.8827,72.0916,2.93164,-0.474107
0,250,55.4642,79.58,-0.882077,-1.23002
0,250,72.4683,77.1246,-2.14134,0.634753
0,250,59.171,79.5424,-2.29164,2.13781
0,250,73.6256,72.9692,0.333057,0.58813
0,250,71.2413,75.5871,-1.30412,0.557021
0,250,75.3845,73.0286,0.382339,1.09657
0,250,37.0935,69.0362,-10.6778,1.60773
0,250,45.0771,69.6023,-1.67749,-1.93134
0,250,48.4618,71.6319,0.544157,-2.15207
0,250,33.5591,75.2211,-2.3931,4.28573
0,250,62.7984,79.5215,-2.75156,0.875858
0,250,63.9557,79.5155,-1.95323,-2.54774
0,250,47.9344,71.6525,-0.549833,-2.07112
0,250,32.9562,58.8639,5.68188,-1.71062
0,250,50.0961,62.3417,4.01739,20.408
0,250,52.1925,62.1197,4.44103,19.9873
0,250,50.1261,62.863,3.92626,20.1148
0,250,55.0994,67.7345,4.1989,2.88768
0,250,50.9245,62.2357,4.12774,20.5377
0,250,31.7697,57.8048,-3.98928,-4.81155
0,250,16.5696,70.2701,0.0357223,-7.79721
0,250,15.2663,70.341,0.66432,-4.64956
0,250,46.1732,78.2855,3.30761,-0.226751
0,250,35.4314,64.8779,-0.187127,-0.279907
0,250,40.7128,77.5097,11.108,-1.55659
0,250,19.3159,78.4384,-1.84206,-6.02592
0,250,28.0836,74.0842,-3.8703,11.6996
0,250,15.8504,70.0251,1.98033,-3.89748
0,250,21.2363,68.0404,7.59394,-5.4466
0,250,27.1902,74.4185,-4.07096,6.54086
0,250,19.9119,74.988,-11.0791,-14.3153
0,250,42.7031,75.9047,2.73588,-5.20725
0,250,65.3517,72.0282,3.68447,-0.874695
0,250,35.8696,67.7504,-5.81906,0.838403
0,250,37.3852,65.038,2.16852,2.74842
0,250,20.1778,70.5517,1.11136,-7.36962
0,250,16.7311,71.2068,-0.558629,-6.70682
0,250,69.7566,69.8479,0.973904,-1.81288
0,250,36.8566,78.3644,13.0465,1.81508
0,250,67.0177,71.1178,3.13796,-0.89783
0,250,39.9012,78.8947,17.6319,-1.28974
0,250,70.648,70.9649,0.609761,-0.120738
0,250,28.7933,77.2548,-7.84701,2.7133
0,250,36.529,79.4465,8.40458,-0.70986
0,250,66.9669,74.3268,-0.525245,-0.536376
0,250,63.1009,76.2608,-0.703981,0.643921
0,250,55.8978,74.4191,-1.39456,-0.293986
0,250,61.9739,76.5563,-0.860984,0.136247
0,250,67.5811,74.1001,-0.938245,-0.0235871
0,250,52.9362,73.2221,0.22974,-2.32619
0,250,68.1976,71.2921,2.97704,-1.594
0,250,71.2906,72.6482,0.103143,0.735477
0,250,21.2708,71.1661,-2.41884,-0.864572
0,250,70.1344,73.9121,-0.577569,0.812762
0,250,51.0405,73.6651,-0.92196,-2.22381
0,250,65.5976,76.2419,-1.79556,-1.02081
0,250,50.2506,72.0004,0.120686,-2.76758
0,250,32.0692,69.3613,-4.44461,8.21108
0,250,25.0527,68.7981,4.39981,-1.35871
0,250,67.9999,70.684,1.26877,-2.44109
0,250,67.4008,70.9351,1.92953,-2.7747
0,250,49.1413,74.6777,0.191893,-1.9558
0,250,37.0246,71.3716,-8.88532,5.25491
0,250,18.3924,65.9648,5.72938,-4.04104
0,250,53.0913,75.7577,0.844257,-0.82842
0,250,16.1435,70.5855,0.945699,-6.58967
0,250,25.9626,65.0645,8.05823,-1.09791
0,250,40.1026,73.2731,-7.89806,-2.94991
0,250,37.0272,72.312,-5.51562,4.31245
0,250,29.5625,77.1576,-4.56124,6.69881
0,250,25.901,66.3348,8.42485,0.30342
0,250,18.9146,65.7591,6.75961,-3.31775
0,250,24.1192,76.9729,-12.3413,-1.93421
0,250,41.0533,65.1023,4.0105,8.87648
0,250,34.4382,58.4643,2.97914,1.47821
0,250,65.6645,69.2415,4.82786,-1.73187
0,250,28.05,68.152,3.32499,6.05649
0,250,72.1535,75.1101,-0.294381,0.919489
0,250,74.2304,73.9172,0.786236,1.16062
0,250,43.7766,66.1983,9.50669,-1.05153
0,250,75.0918,72.4604,0.754822,1.23447
0,250,74.9557,74.2925,-0.196059,0.958364
0,250,68.3689,75.8459,-0.900545,-0.231208
0,250,67.4493,76.494,-2.1664,-0.390355
0,250,73.3669,71.4575,0.606317,0.579057
0,250,73.4471,74.4515,-0.203522,0.947336
0,250,76.4459,72.0095,-0.218628,1.39331
0,250,66.013,77.144,-2.54333,-0.171832
0,250,73.6467,68.1708,0.0068692,0.565503
0,250,67.0903,77.4974,-2.32881,-0.259707
0,250,67.6153,76.9808,-1.73458,-0.223795
0,250,73.2286,72.5938,0.579617,-0.158516
0,250,69.7266,77.4713,-1.87249,-0.515454
0,250,72.9764,77.2561,-1.12416,0.507009
0,250,64.2648,77.0135,-2.37322,0.500413
0,250,74.0651,72.7884,0.927584,1.69674
0,250,67.9516,77.8014,-1.61859,-0.159715
0,250,78.4464,78.066,-1.52417,-0.750594
0,250,58.3955,77.8019,-3.31676,-0.0826041
0,250,64.5297,76.4488,-2.50501,0.220918
0,250,74.1145,79.0612,0.0295877,0.492683
0,250,65.6072,79.3966,-0.72614,0.681219
0,250,45.6176,67.2733,1.52654,2.77658
0,250,56.9496,78.9704,-2.88102,0.124227
0,250,77.9936,78.305,0.18988,-0.319475
0,250,73.257,73.9553,0.582099,1.28225
0,250,66.3828,75.8194,-1.2761,-0.441185
0,250,48.4147,76.884,1.00745,-0.953761
0,250,72.0175,73.2835,0.226787,-0.4591
0,250,78.2942,78.6555,-2.44491,0.111533
0,250,34.3684,69.5817,-8.14859,4.61731
0,250,35.5145,69.0801,-7.4056,2.33991
0,250,49.2569,68.5246,3.60311,-0.655919
0,250,28.1189,70.7512,2.09303,8.05609
0,250,46.2771,63.6626,6.37358,-3.0856
0,250,29.3466,51.3782,-2.14647,-21.5227
0,250,19.5693,75.1856,-4.29351,-7.31068
0,250,35.5098,60.4214,1.19423,0.709255
0,250,21.3907,42.8553,-12.3083,-24.3355
0,250,29.1219,66.1707,4.03418,0.157675
0,250,22.7605,79.3931,-11.7365,-5.32418
0,250,30.6832,74.8856,4.11281,12.6241
0,250,33.2465,67.0656,-1.44365,-1.48749
0,250,18.2329,67.3993,4.72496,-4.34531
0,250,17.2883,67.3102,2.91847,-4.89544
0,250,45.7224,79.1159,5.86776,-2.32073
0,250,25.8705,68.3225,5.23496,3.38754
0,250,23.1434,66.5288,10.868,-1.73028
0,250,27.6814,72.4846,-0.543049,10.8668
0,250,36.2348,62.761,4.65717,0.686146
0,250,43.0326,76.4221,5.3965,-8.13143
0,250,61.1691,70.3397,4.58807,0.653375
0,250,66.5303,72.7296,2.9751,-2.07199
0,250,49.0731,65.5202,6.53116,-0.667323
0,250,28.5308,70.0448,3.14371,8.4599
0,250,28.6076,73.4665,-0.999627,10.0496
0,250,52.0238,66.017,4.04941,-2.9676
0,250,70.2093,70.8861,1,-1.43149
0,250,36.7356,72.9943,-5.9785,9.31408
0,250,59.8529,75.7603,-0.229946,0.526961
0,250,35.7904,77.5702,7.73441,4.6582
0,250,68.9658,71.9922,1.8443,-0.0356741
0,250,37.5432,71.1733,-8.46123,2.53255
0,250,66.8964,73.9363,0.923601,-0.0300125
0,250,66.067,75.182,-1.82409,-0.453328
0,250,70.869,71.5332,0.859813,-1.23575
0,250,53.4654,73.8362,1.07528,-0.990309
0,250,61.4935,76.707,-1.04069,-0.198424
0,250,71.5581,71.827,0.177975,-0.132034
0,250,70.4315,74.2592,-0.160029,1.69437
0,250,72.2852,70.7068,1.64893,-0.838326
0,250,27.521,75.3892,-4.98409,7.46524
0,250,55.4623,75.668,-2.23307,-1.17818
0,250,50.4532,75.2778,-0.732792,-2.88788
0,250,50.3399,76.0794,-0.772062,-1.47861
0,250,46.2163,65.6526,5.16573,-2.36392
0,250,18.7858,70.2903,4.89148,-10.8136
0,250,42.1267,77.9622,7.468,-2.1374
0,250,68.4036,69.822,1.51933,-2.48172
0,250,65.1083,76.4277,-1.55391,-0.284778
0,250,18.2894,66.4689,4.25535,-3.26832
0,250,44.1733,71.6798,-2.58504,-3.55352
0,250,41.8494,71.5984,-4.33466,-1.81587
0,250,43.6945,72.7716,-1.56918,-4.86289
0,250,54.854,76.4305,-2.64218,-1.03592
0,250,28.1743,76.1482,-8.5784,7.67122
0,250,39.6891,66.6731,-7.10836,6.45427
0,250,29.272,75.6257,-4.13812,10.3806
0,250,26.4593,64.9452,8.0707,0.570095
0,250,49.9137,64.1452,12.8838,-0.808238
0,250,73.5915,71.0649,1.64618,0.0375239
0,250,69.29,69.6383,0.795651,-1.50322
0,250,16.3379,77.4374,-4.9002,-2.80996
0,250,31.8393,73.0359,-2.96522,5.49366
0,250,75.4445,71.6574,0.199295,1.76079
0,250,70.1149,68.3884,-0.347874,-1.34427
0,250,73.8065,70.5996,0.171203,0.989338
0,250,22.1128,66.155,9.08739,-4.31488
0,250,75.4588,70.8001,0.632914,0.721789
0,250,73.4359,71.998,0.380921,0.803943
0,250,27.8629,66.6177,4.69777,1.93068
0,250,75.5715,73.4456,-0.60227,1.3495
0,250,22.2128,64.7883,5.67323,-1.89735
0,250,38.3814,67.7289,-8.58203,5.46364
0,250,64.315,69.5693,6.80964,-1.62048
0,250,29.5319,73.6951,-2.75842,11.6896
0,250,39.731,63.6994,9.03241,8.00952
0,250,73.9593,74.4927,-0.0118018,1.19822
0,250,71.3925,76.7714,-1.35831,-0.189667
0,250,72.5491,76.6846,-1.10236,0.891916
0,250,73.5039,76.3723,-1.44032,1.18801
0,250,61.7333,77.6704,-1.35283,0.366687
0,250,72.3721,75.5398,-0.845481,0.994327
0,250,53.581,78.4831,0.755286,-0.606018
0,250,73.094,76.8014,-0.8679,0.307952
0,250,71.7474,75.5113,-1.17852,1.13336
0,250,70.9986,76.5737,-1.45012,0.366091
0,250,53.84,77.5011,-0.0843005,-1.0354
0,250,75.7558,79.0484,-0.943512,-0.0652584
0,250,59.909,77.5043,-2.23638,-0.319905
0,250,56.0522,78.0866,-2.38966,-0.579355
0,250,46.388,68.5498,-0.232636,-0.436235
0,250,72.0691,69.203,1.54281,0.274483
0,250,72.7156,75.9575,-0.841486,0.878864
0,250,32.3794,72.1519,-4.16984,3.94704
0,250,69.1055,76.6626,-2.3997,-0.465313
0,250,69.8502,79.1443,-1.98316,-0.77579
0,250,73.8705,75.9232,-0.902682,0.589878
0,250,75.0125,71.9234,0.749254,1.48827
0,250,55.2733,77.7229,-1.41716,0.801837
0,250,46.2711,66.8125,2.90977,-1.91527
0,250,48.7404,69.2565,2.18121,-0.103502
0,250,37.5766,68.6009,-10.2016,3.06367
0,250,46.5245,65.1892,9.48691,0.237989
0,250,50.723,61.9461,4.14552,20.5538
0,250,50.4897,34.5719,3.8376,15.013
0,250,35.8015,57.049,3.35761,1.49543
0,250,40.6133,62.4579,9.43873,6.21234
0,250,29.037,66.7709,1.65792,2.94031
0,250,14.0389,71.8832,0.908396,-0.943406
0,250,15.7703,72.9317,-0.301468,-3.27736
0,250,40.2113,76.8936,7.16661,0.161749
0,250,38.0431,72.5885,-8.38184,2.01427
0,250,26.9337,66.7155,4.64484,1.03657
0,250,26.5383,66.4665,6.54439,1.40474
0,250,18.3995,73.9258,-3.70616,-13.0661
0,250,37.7325,74.5371,-2.2423,8.53925
0,250,37.0636,77.3839,4.54971,2.13936
0,250,45.7409,78.5179,5.98867,-2.28238
0,250,64.7044,72.9799,2.47749,-1.32358
0,250,63.8523,72.6979,1.95757,-0.664814
0,250,35.7009,72.7385,-3.00881,6.35302
0,250,52.0049,64.9815,9.7157,-2.27008
0,250,24.7691,65.7759,7.27844,-1.05674
0,250,66.2588,74.2748,0.0856067,-0.324189
0,250,17.3351,74.9434,-5.35985,-13.0613
0,250,18.9525,69.2472,3.48867,-10.9302
0,250,58.7918,76.2068,-1.85052,-0.178665
0,250,35.392,74.4774,-3.41307,6.71639
0,250,17.6143,74.419,-3.89397,-19.3662
0,250,34.2518,79.5765,-1.06133,-9.00315
0,250,27.5779,70.7631,1.02693,7.10084
0,250,71.5403,69.7627,1.35935,-1.44735
0,250,67.0355,75.1587,-0.416759,-0.578385
0,250,50.7891,65.7196,15.0788,-5.0355
0,250,41.1379,65.4369,7.14382,9.38679
0,250,71.9921,71.6273,0.363271,0.23846
0,250,72.3906,70.1798,1.36048,-0.0929524
0,250,20.5513,76.3789,-9.36289,-5.33445
0,250,17.3559,70.789,1.37216,-10.0501
0,250,50.042,74.807,-1.45659,-1.50644
0,250,68.2007,75.3387,-1.30853,-0.876907
0,250,54.4393,75.105,-0.944252,-1.18286
0,250,35.1387,62.7984,2.75638,-1.76867
0,250,48.5649,78.393,1.11622,-1.7157
0,250,68.363,70.4598,2.12735,-2.80322
0,250,27.3703,77.5984,-12.7514,3.55162
0,250,51.6747,76.5162,2.32298,-2.13068
0,250,41.6908,64.7457,9.66508,5.17677
0,250,32.6418,62.4581,0.822603,-3.9624
0,250,38.1241,65.0389,3.27979,0.445924
0,250,69.5815,68.7707,-0.21471,-1.52968
0,250,36.2494,76.0134,3.82102,6.25149
0,250,15.0056,66.9961,1.20883,-1.98775
0,250,15.3317,66.5465,1.19146,-3.76584
0,250,15.9113,66.2998,2.87255,-2.92101
0,250,25.4102,64.9728,8.91632,0.395924
0,250,27.1926,69.2635,4.46101,7.09459
0,250,32.4387,59.7753,-1.53967,-1.44646
0,250,30.4373,74.5231,-0.276008,11.897
0,250,12.5822,72.9767,0.835178,0.666592
0,250,40.371,65.4993,4.74535,11.8427
0,250,29.6376,78.9644,-9.35086,5.14733
0,250,47.826,65.1359,10.7108,0.634278
0,250,72.9636,75.5355,-0.732502,0.293668
0,250,71.7612,68.5446,0.842936,2.16648
0,250,14.7004,67.9493,1.8328,-1.59511
0,250,72.3392,68.2571,-0.257791,-0.339643
0,250,76.6164,73.1291,-0.222702,1.07511
0,250,72.021,75.8897,-0.504704,1.78352
0,250,34.0386,59.5146,3.09786,-1.47822
0,250,34.1695,58.8211,0.474003,-2.84937
0,250,74.441,73.2941,0.605735,1.33047
0,250,73.5874,76.9244,-0.395257,1.03717
0,250,72.6629,77.6627,-1.19728,0.0531151
0,250,76.8231,73.8023,0.954738,0.437784
0,250,73.952,76.5544,-0.420135,0.55148
0,250,67.7904,77.359,-1.80188,0.808221
0,250,71.6902,76.3573,-1.29417,0.310805
0,250,62.3765,78.2275,-3.175,0.188183
0,250,60.9836,78.3279,-2.13064,-0.031581
0,250,34.9792,69.9528,-6.1827,3.03967
0,250,65.5187,77.3367,-2.25159,0.298528
0,250,35.605,69.8308,-9.20659,2.89511
0,250,65.8873,77.6309,-3.50419,-0.148408
0,250,68.7854,77.0267,-1.30064,-0.713432
0,250,50.1319,67.7116,5.08802,0.313332
0,250,33.342,69.3026,-4.26153,4.3466
0,250,77.9244,77.3254,-2.17257,-0.140627
0,250,58.9888,78.0211,-3.2191,-0.725333
0,250,55.5083,78.5993,-1.45192,0.0725601
0,250,64.5066,79.55,-2.54539,2.50297
0,250,56.5834,78.6132,-2.40308,0.61222
0,250,46.8716,71.8756,-0.604656,-3.32862
0,250,34.0759,68.83,-5.23715,3.78053
0,250,58.7164,79.3273,-2.35432,-0.433972
0,250,63.4634,66.1635,-4.67673,-5.51654
0,250,48.4944,79.444,1.58187,0.419842
0,250,69.7692,75.9856,-1.67465,-0.247407
0,250,50.8318,78.5115,1.43698,-0.416194
0,250,75.0179,78.7636,-1.60722,-0.34208
0,250,50.3466,68.6243,3.80043,-1.04812
0,250,60.4868,78.9805,-1.32747,0.653779
0,250,28.9827,55.0151,-1.08042,-15.0851
0,250,40.2647,61.2618,2.87323,9.59837
0,250,45.8141,64.1637,6.18007,6.10506
0,250,45.7839,61.9882,3.22862,2.54568
0,250,14.841,73.8514,-0.270325,-2.40036
0,250,14.2018,75.8046,-1.29085,-0.6141
0,250,34.2402,64.142,2.10473,-1.55331
0,250,34.8859,75.5538,-1.28652,9.29437
0,250,38.3649,75.6368,1.22397,3.44769
0,250,43.9271,78.1464,7.21984,0.387966
0,250,26.1173,66.7756,7.79675,0.0400137
0,250,36.9356,74.8283,-4.02491,6.09804
0,250,30.7278,77.4297,-4.4055,8.72505
0,250,33.8467,62.8182,0.927484,-1.26434
0,250,27.0128,67.4192,7.42513,2.52224
0,250,28.2678,75.6068,-4.02297,8.64721
0,250,23.7925,78.6047,-15.0179,-0.13624
0,250,31.9719,61.5905,3.7077,0.253247
0,250,26.2909,65.5643,7.05915,-0.511877
0,250,28.7308,75.8037,-5.24692,9.67485
0,250,66.134,71.0835,3.42338,-1.30463
0,250,21.815,79.1294,-7.46762,-4.49314
0,250,34.7383,73.7584,-3.52844,8.98553
0,250,28.2573,76.9066,-9.16585,2.23791
0,250,52.3244,66.5164,3.6708,-0.134759
0,250,69.105,74.2891,-0.226364,-0.0796882
0,250,38.5801,77.9747,11.0719,4.36837
0,250,70.164,69.8274,3.74271,-1.31607
0,250,26.0782,65.9684,7.2605,-1.15386
0,250,69.2629,73.2802,0.811081,-1.40675
0,250,67.6336,74.8588,-0.167181,0.475103
0,250,71.6519,70.996,0.898784,-0.403205
0,250,68.034,74.8949,-1.4067,-0.242205
0,250,28.4983,79.1694,-8.65035,3.53568
0,250,21.4896,65.7827,8.04678,-1.27381
0,250,51.9108,76.0756,0.0895971,-2.49729
0,250,38.315,74.9222,1.02697,4.20567
0,250,59.0951,76.9893,-3.15766,0.324484
0,250,46.5728,73.7852,2.04426,-1.94472
0,250,20.991,74.1143,-3.23832,-8.51114
0,250,41.0449,70.5336,-4.96741,-1.68238
0,250,30.8263,75.237,3.52823,10.6131
0,250,70.3756,68.909,0.0124444,-0.415785
0,250,44.6615,73.2262,-0.607432,-2.86607
0,250,20.9427,65.3741,5.67361,-2.38277
0,250,14.5767,68.3684,-0.126011,-2.16363
0,250,71.1256,68.6661,1.46061,0.464258
0,250,15.2521,68.8502,-1.19948,-2.52574
0,250,14.7547,68.8833,0.390522,-1.21941
0,250,13.7041,67.885,5.79483e-05,-0.479395
0,250,29.8327,70.1002,1.67175,6.43061
0,250,28.0371,78.3175,-10.9885,3.76198
0,250,14.5088,72.3371,0.948827,0.306894
0,250,29.2309,71.26,-3.22352,8.17552
0,250,73.0744,69.7781,1.05532,1.01431
0,250,28.4709,67.2021,3.19214,4.1926
0,250,32.9784,60.414,0.860975,-2.10432
0,250,74.8899,72.9092,0.886682,0.929751
0,250,73.485,70.1687,0.70592,0.372395
0,250,30.0772,73.2069,-2.42595,11.3018
0,250,31.0326,77.1284,-4.86376,6.60043
0,250,20.3978,64.614,4.77788,-1.78509
0,250,31.102,72.6073,-7.17358,4.84895
0,250,39.8268,62.5579,7.74349,5.66817
0,250,75.7703,71.2194,0.20815,1.37129
0,250,35.1718,60.0972,2.13466,-2.77248
0,250,76.0748,72.3322,-0.720992,1.43389
0,250,74.8447,69.6834,0.645841,1.46676
0,250,16.8838,66.0212,2.72426,-2.30052
0,250,48.8456,47.0717,3.51907,17.6301
0,250,76.2291,72.7894,0.17451,1.0822
0,250,79.4707,77.9157,1.03327,-0.0907307
0,250,71.6465,77.6617,-1.1976,1.02487
0,250,56.9362,78.0188,-2.08371,0.0513908
0,250,64.4741,78.3478,-2.98291,-0.253108
0,250,75.781,77.2305,-0.923175,1.157
0,250,70.5302,65.8882,-1.55456,-0.234651
0,250,71.3702,74.6659,-0.571851,0.677925
0,250,78.8761,78.2739,-1.32867,-1.80917
0,250,65.5856,78.0426,-2.33746,-0.18672
0,250,42.7359,68.3079,-3.51644,3.77672
0,250,69.3066,77.7784,-2.43192,1.4342
0,250,65.283,76.8524,-2.93032,-0.193263
0,250,66.0657,79.6195,-1.59067,-0.599777
0,250,73.2327,79.586,-0.40704,-0.683735
0,250,32.8954,69.4291,-4.46975,3.6045
0,250,60.8837,78.7932,-3.08195,0.00932246
0,250,53.6105,79.3806,0.825513,0.724603
0,250,78.6903,79.6114,0.0929959,-2.18011
0,250,70.1973,77.0038,-2.77897,0.293572
0,250,19.9374,76.9175,-2.37659,-7.95947
0,250,44.9149,66.5453,5.96378,3.96767
0,250,52.1414,78.2197,0.277562,-2.55741
0,250,44.7841,67.4191,2.42633,1.9056
0,250,48.2435,74.479,-0.117283,-3.33553
0,250,49.7273,78.5272,0.47462,-1.37664
0,250,54.5161,77.3676,-1.11639,-0.311283
0,250,73.1773,75.0118,-0.959627,0.434964
0,250,59.4416,72.29,5.22401,0.674783
0,250,36.5887,61.5961,8.22646,4.561
0,250,37.6003,60.3249,1.38636,2.01671
0,250,59.007,69.0957,11.1527,6.05513
0,250,42.1406,62.8927,3.80053,14.1297
0,250,77.1268,49.6594,9.70147,18.4938
0,250,30.4705,61.3133,-6.30794,-12.8432
0,250,37.4664,75.2512,-0.904538,8.00001
0,250,44.6539,75.1949,1.85744,-3.73038
0,250,16.6025,72.5065,-0.226344,-4.78749
0,250,15.8693,74.6973,-1.07205,-2.44293
0,250,16.4142,72.0443,-1.05468,-4.79175
0,250,29.0569,76.5502,-5.28426,7.46183
0,250,29.9549,74.8679,3.61214,11.0831
0,250,37.4283,71.7423,-9.34793,4.48891
0,250,38.5474,72.6354,-10.3217,3.93688
0,250,14.7857,70.2919,-1.34419,-3.15334
0,250,42.8194,72.9597,-8.06345,-4.53442
0,250,36.6338,66.9902,-6.57301,-1.67271
0,250,65.3062,69.5643,4.62955,-2.65248
0,250,25.8041,76.5164,-10.7662,2.05561
0,250,66.0859,68.9406,5.17926,-1.46268
0,250,24.2762,65.984,8.56283,-0.201501
0,250,26.9289,78.3475,-14.9117,2.58094
0,250,41.4418,78.8149,14.8441,0.742848
0,250,44.3031,79.6575,6.46987,4.26618
0,250,18.3023,76.1607,-3.47469,-12.6873
0,250,36.662,62.0627,6.64178,1.86218
0,250,70.7355,69.8286,1.26968,-0.202527
0,250,21.0534,75.1569,-4.09236,-6.95083
0,250,37.2628,66.4275,-6.7933,-3.55503
0,250,68.6806,70.6027,2.70369,-1.71747
0,250,36.0891,76.7934,5.25215,4.85171
0,250,29.5738,72.1191,-3.0521,10.5839
0,250,64.6197,75.5811,-1.90155,0.249624
0,250,45.1794,64.4959,8.36698,5.17232
0,250,69.2082,74.7111,-0.793864,0.483632
0,250,45.1467,73.5852,-1.64081,-4.07528
0,250,44.186,71.0628,1.28672,-0.199562
0,250,44.6278,71.4938,-1.02098,-5.33637
0,250,28.1902,75.102,-3.02295,9.57585
0,250,40.5783,71.0302,-5.30022,1.68896
0,250,45.3104,74.9805,0.564752,-5.25547
0,250,26.5709,74.3183,-3.64882,6.89774
0,250,72.1806,68.7066,1.23944,1.74215
0,250,19.1844,65.3611,5.00258,-2.88298
0,250,41.5414,70.2856,-3.29775,-0.665967
0,250,14.162,68.7102,0.00411455,-2.35196
0,250,13.7289,69.9767,-0.366614,-2.81449
0,250,72.8449,72.8534,-0.192237,0.0527901
0,250,21.2596,67.2525,7.6186,-6.80995
0,250,27.7895,65.0743,4.40979,0.210352
0,250,32.0737,74.314,0.626338,3.29779
0,250,23.1871,67.0038,7.63063,-2.23098
0,250,62.9652,69.8182,7.04747,-0.113485
0,250,46.8457,64.4944,10.8779,6.45383
0,250,28.6487,68.4504,0.428529,6.67854
0,250,23.19,65.4893,8.3363,-0.862989
0,250,39.7041,66.43,-5.03178,7.22467
0,250,75.1821,70.0651,-0.348344,0.927793
0,250,17.4503,66.0874,5.05059,-4.93335
0,250,20.9302,64.5155,6.46982,-2.52918
0,250,42.8183,65.2393,11.2492,11.1974
0,250,26.7005,65.5075,7.12695,0.389241
0,250,72.9726,76.3211,-1.04468,0.703522
0,250,76.7786,75.6821,-0.749171,0.17834
0,250,73.701,69.7347,0.0860515,0.44209
0,250,74.308,75.7181,-0.691079,0.294833
0,250,29.7538,78.1454,-5.79864,2.69455
0,250,71.7463,67.4014,0.511055,-0.0339453
0,250,73.1113,77.8713,-1.05247,0.330844
0,250,74.4776,76.8795,-0.854998,0.391382
0,250,78.7023,75.0294,-0.991472,0.710495
0,250,76.2814,76.4378,-1.98065,0.221797
0,250,31.1997,74.5847,-0.172344,7.78197
0,250,67.5806,78.2436,-2.68702,0.81392
0,250,64.9773,78.3242,-2.88566,-0.0638334
0,250,61.1682,77.5913,-1.41402,0.913983
0,250,68.2686,76.9468,-2.27419,-0.605117
0,250,59.293,77.6009,-3.41894,-0.370408
0,250,66.2332,78.0216,-2.64522,0.324003
0,250,48.4042,75.3404,-1.42548,-3.2189
0,250,35.0001,68.8654,-5.71296,3.4638
0,250,63.8948,77.4452,-2.5044,-0.666719
0,250,68.8779,77.4962,-1.81964,0.315824
0,250,49.1818,76.8585,0.0278595,-1.76985
0,250,62.0987,78.7194,-2.2202,1.25894
0,250,67.1279,77.0317,-2.03961,0.835155
0,250,53.2439,78.8845,1.01484,0.794794
0,250,56.5368,71.1856,4.47768,2.28734
0,250,65.4114,78.5465,-1.58963,-0.742084
0,250,55.0426,77.2327,-1.43771,-0.111146
0,250,36.1187,68.3726,-5.59503,1.83667
0,250,35.8166,69.1533,-8.12777,2.37645
0,250,49.2102,78.8503,1.14177,0.777808
0,250,33.967,69.7203,-7.92691,3.39388
0,250,57.6658,72.712,0.94149,-0.151271
0,250,69.625,74.9261,-1.44973,-0.414494
0,250,46.437,70.9976,0.164359,-3.85265
0,250,35.1982,70.409,-7.90588,5.18863
0,250,77.8385,79.0672,-0.178696,-0.736145
0,250,59.9981,79.1723,-1.86301,-1.09505
0,250,32.5427,57.7122,1.61815,2.61237
0,250,29.9913,54.9717,-1.94621,-8.57256
0,250,41.5579,62.8647,6.15822,7.17421
0,250,42.9737,63.7425,3.98537,0.680882
0,250,39.0905,60.6088,5.78151,2.72303
0,250,30.2055,78.3142,-8.12803,3.35226
0,250,17.9703,77.5234,-5.20322,-7.64039
0,250,18.5676,75.184,-4.30485,-10.7227
0,250,19.4089,66.5244,4.78114,-2.36687
0,250,16.9475,73.8791,-0.359637,-8.23578
0,250,33.3182,77.4197,-5.91706,1.03496
0,250,15.8059,76.1109,-4.44585,-0.754602
0,250,17.5618,69.6711,0.717683,-9.49752
0,250,37.2881,76.9918,4.04149,4.56641
0,250,66.3358,72.1663,2.96013,-0.875447
0,250,64.5389,71.8473,3.68728,-1.86841
0,250,22.0257,76.464,-10.0733,-3.35637
0,250,17.8855,67.1221,1.70208,-4.09269
0,250,24.7421,79.6781,-15.996,-10.741
0,250,34.7718,75.0363,-1.15208,7.09698
0,250,43.123,66.7209,3.48331,3.99132
0,250,68.588,71.2493,2.22773,-1.33063
0,250,59.7005,76.6755,-1.01076,0.362361
0,250,36.0104,70.5973,-9.0658,2.30252
0,250,71.3662,71.4061,1.10468,-0.776809
0,250,70.4618,69.4238,1.52901,-1.73475
0,250,69.0884,73.745,0.413176,-0.0121771
0,250,70.0265,72.7355,0.806688,-1.02901
0,250,71.8547,70.4987,0.550221,-1.24678
0,250,35.2495,77.093,-1.06561,6.35672
0,250,33.7298,61.0901,2.75091,-1.73969
0,250,44.3096,77.7862,8.71844,-3.15125
0,250,73.0076,71.042,2.13212,0.174779
0,250,37.2961,62.3291,7.00393,2.46777
0,250,39.2664,70.3629,-7.92008,2.04912
0,250,46.099,72.9867,-2.98508,-3.72692
0,250,38.7905,70.5463,-8.19705,0.842722
0,250,42.5939,72.4869,-5.78605,-6.42097
0,250,70.5873,67.7026,-2.92186,-0.229905
0,250,72.2595,74.1677,-0.323304,1.2481
0,250,46.5516,76.5144,2.66566,-3.4297
0,250,15.4183,68.0414,1.13651,-0.809652
0,250,68.9855,70.0718,2.77318,-1.52129
0,250,15.4914,69.8163,-0.293122,-4.25693
0,250,13.8578,70.8821,-1.67929,-0.628386
0,250,17.3799,66.5572,2.61871,-2.71984
0,250,21.5339,65.4062,6.10447,-3.36509
0,250,14.0544,74.8066,-0.650484,-1.30031
0,250,14.3532,69.1548,-1.1121,-1.95606
0,250,16.4128,76.7754,-7.14651,-0.0534506
0,250,37.4186,63.6147,4.53681,3.52046
0,250,29.5153,74.5519,-1.77025,12.0664
0,250,30.1335,70.3737,0.657275,3.13694
0,250,29.9114,70.7059,-1.40508,9.25227
0,250,31.0747,76.5977,-2.83405,4.03103
0,250,25.9157,52.0568,-6.39676,-16.3526
0,250,14.4731,70.9013,1.53469,-2.91182
0,250,51.6777,65.5083,8.53897,-0.401175
0,250,21.5317,64.7483,7.25324,-0.922797
0,250,38.4686,62.2269,8.82251,6.29636
0,250,13.738,67.2366,1.3052,-0.0521158
0,250,70.2773,77.4547,-2.39022,-0.414246
0,250,35.0312,65.1815,-1.57806,-1.6264
0,250,76.0358,73.2288,-0.587248,0.806866
0,250,24.5306,78.3945,-13.7975,-0.515252
0,250,70.5464,77.8572,-2.48489,0.398888
0,250,68.5476,77.8875,-2.14735,0.805817
0,250,44.569,64.3575,9.70684,-0.232398
0,250,45.5958,41.5061,2.84543,16.7148
0,250,65.2008,77.828,-3.01249,0.25603
0,250,71.8085,77.1453,-1.14783,0.582881
0,250,65.0463,77.3392,-3.11639,-0.188945
0,250,59.5996,77.9769,-2.55814,-0.341206
0,250,70.735,77.0327,-2.06001,-0.307004
0,250,69.7102,76.9162,-2.55106,-0.274937
0,250,66.6985,78.7988,-1.95472,-0.0189517
0,250,69.4073,78.1856,-2.86518,0.517438
0,250,64.713,77.8491,-1.8114,-0.0314894
0,250,69.2452,79.1234,-2.03564,1.029
0,250,63.2275,77.6174,-2.24775,0.778233
0,250,32.6244,72.9392,-2.6144,3.02014
0,250,63.3394,78.7674,-3.07855,-0.390567
0,250,33.4729,71.419,-6.39237,5.20805
0,250,74.8028,77.1689,-0.316447,-0.0873515
0,250,75.2252,79.1828,-0.281002,-1.14654
0,250,60.4515,78.4173,-2.87971,-1.42889
0,250,42.5014,67.4076,0.365232,5.87938
0,250,55.9778,78.5404,-0.932269,0.159639
0,250,72.1548,77.5036,-1.24452,0.466
0,250,54.459,76.1207,-0.555454,-1.02602
0,250,33.226,72.1932,-6.4322,4.2871
0,250,57.8753,79.4834,-2.96883,-0.403677
0,250,61.8907,79.1001,-1.78964,0.509525
0,250,68.0388,76.1065,-1.07653,-0.915789
0,250,32.3936,70.6431,-6.15853,5.11761
0,250,54.1643,78.7249,-0.0507276,-1.1702
0,250,60.3962,79.5059,-0.184472,1.7126
0,250,51.9213,67.8986,3.76379,-2.68633
0,250,53.5718,75.6913,0.331226,-1.9643
0,250,74.1217,72.2229,0.715454,0.14403
0,250,43.7627,64.0405,11.3802,3.79155
0,250,34.5253,59.1528,2.9883,-0.593512
0,250,45.856,62.4021,9.21297,12.1457
0,250,29.5498,57.1553,-3.4671,-16.7379
0,250,12.6982,73.6016,2.11453,0.159713
0,250,38.1663,77.0354,4.67539,2.65088
0,250,41.8392,74.5489,-6.50069,-7.86297
0,250,17.7915,68.7494,2.53175,-2.86773
0,250,18.7466,78.6418,-5.547,0.710797
0,250,27.3298,71.7689,2.08385,9.08767
0,250,17.5807,77.8867,-6.34796,-0.129786
0,250,40.8559,76.8045,8.04144,-1.06115
0,250,19.3779,78.7815,-1.55767,2.19332
0,250,14.9173,72.0532,-0.685912,-1.93334
0,250,42.9423,74.271,-5.65158,-10.766
0,250,19.4032,76.5039,-10.9589,-10.9414
0,250,26.6188,77.3625,-13.2687,4.72029
0,250,35.1916,75.4439,-2.89939,8.12051
0,250,33.1809,75.9867,-2.2075,10.9572
0,250,15.615,75.344,-4.44719,-4.32326
0,250,41.2006,70.8925,-6.18168,-3.58727
0,250,38.1362,70.8302,-8.74097,2.24184
0,250,17.1787,69.976,4.6401,-6.7501
0,250,65.5352,70.0277,6.20047,-0.295985
0,250,72.09,72.1668,0.170882,-0.0727008
0,250,41.1472,74.0235,-4.09628,-6.15974
0,250,63.8823,75.8221,-0.66893,-0.147638
0,250,34.738,72.672,-5.77095,5.99365
0,250,64.2819,70.6757,4.71004,0.279245
0,250,25.5982,79.1046,-15.6534,1.79022
0,250,35.5026,73.748,-3.22582,8.38688
0,250,33.8846,60.6184,0.581287,-0.959976
0,250,55.9655,77.0776,-2.16144,-1.40712
0,250,45.0965,72.1404,-1.28852,-3.27589
0,250,67.7724,71.1213,2.96992,-2.05956
0,250,43.6319,72.0272,-2.026,-1.54768
0,250,44.8876,71.8277,-1.73664,-2.25038
0,250,31.686,76.5636,0.385156,6.00815
0,250,72.5522,72.4212,0.289768,0.80821
0,250,44.6249,74.0956,-3.78214,-5.14495
0,250,70.2735,74.7316,-1.90243,-0.219263
0,250,52.9713,76.3821,0.843312,-2.5758
0,250,13.4695,71.1986,0.745279,-2.40751
0,250,26.593,67.5826,4.60146,4.26782
0,250,15.4608,66.0884,1.72826,-3.58015
0,250,12.5859,71.7719,0.568546,-3.04805
0,250,12.7243,69.0829,-0.952195,0.244136
0,250,15.8335,66.7716,1.02039,-1.07838
0,250,41.9927,66.34,2.00854,11.0552
0,250,68.1312,69.4777,-1.03511,-4.8056
0,250,30.3407,69.415,3.71565,9.78094
0,250,31.5445,73.8022,-2.83319,7.12814
0,250,28.7612,70.8553,1.46107,9.82053
0,250,38.132,66.0481,-3.83044,2.04075
0,250,31.8389,75.1933,-0.877757,8.50114
0,250,25.5333,64.5513,8.19698,-0.179368
0,250,69.9933,69.1516,1.7008,-1.89159
0,250,37.4914,64.0355,3.04558,2.057
0,250,72.2879,76.2609,-2.21792,1.01998
0,250,76.3493,75.983,-0.0980936,0.246727
0,250,28.5059,76.4934,-9.01683,6.3263
0,250,66.4244,77.5628,-1.9008,0.366382
0,250,77.3927,78.2041,-1.01354,0.493189
0,250,48.543,43.6225,3.24908,17.5007
0,250,69.3079,77.1947,-2.26481,0.42203
0,250,72.7186,68.2047,1.65848,0.42644
0,250,47.2336,79.1548,3.16334,2.75723
0,250,50.3671,63.8488,6.66875,0.877939
0,250,71.2227,77.872,-1.84542,0.142355
0,250,74.0649,77.0999,-0.619727,0.661843
0,250,69.0706,78.6613,-2.17731,0.634006
0,250,74.2836,76.2634,0.0660307,1.62114
0,250,57.2048,78.6041,-0.815566,0.353616
0,250,75.2387,76.6693,-0.438999,0.0865707
0,250,79.0315,76.3677,-0.671697,-0.453177
0,250,72.019,76.7219,-1.01616,0.884197
0,250,63.9095,78.7333,-3.3573,-0.209529
0,250,77.2793,75.8792,-0.98728,2.06696
0,250,66.1475,78.7914,-1.64299,0.37894
0,250,55.8807,77.5626,-2.38424,-0.230866
0,250,73.902,78.2353,-0.810087,0.550703
0,250,62.1405,77.36,-0.717693,0.310739
0,250,33.4389,73.5163,-0.482855,5.29418
0,250,74.4046,79.5397,-0.970751,0.206022
0,250,71.4056,76.0327,-1.71485,-0.126482
0,250,72.4912,78.9011,-1.4776,-0.477267
0,250,75.5154,78.6099,-2.48957,0.104009
0,250,50.1141,78.531,-0.709158,1.00063
0,250,78.3904,77.5723,-1.20355,-0.23482
0,250,61.3662,78.0182,-1.69875,-0.495364
0,250,68.685,79.0645,-2.36861,1.37194
0,250,44.9041,66.8141,6.00162,0.518056
0,250,34.4291,69.1106,-6.15108,2.44212
0,250,69.4318,76.3912,-1.69718,0.141002
0,250,34.8375,68.455,-3.61666,0.737848
0,250,33.9847,73.7933,-4.54542,6.14568
0,250,33.6609,66.7311,-0.0586772,1.21332
0,250,68.9504,79.5746,-1.71574,0.0364108
0,250,45.1876,67.4349,2.29718,0.539205
0,250,51.1346,67.6848,5.38677,-1.7946
0,250,49.3766,62.2873,3.85235,20.6139
0,250,34.4456,59.796,1.6826,-2.86018
0,250,52.7131,61.2628,4.67802,20.5197
0,250,32.3303,58.7856,0.0201106,1.94
0,250,32.7471,57.6431,5.02472,-2.77838
0,250,56.6071,62.992,5.91188,21.4285
0,250,17.5123,68.1249,3.61061,-3.36232
0,250,38.702,77.5632,8.75336,1.55897
0,250,26.11,67.4017,7.57631,1.16855
0,250,59.5231,71.368,8.647,0.663426
0,250,48.5343,66.4877,2.65562,-0.594019
0,250,42.6404,75.0018,0.020958,-9.4505
0,250,27.0169,75.8956,-6.51905,7.58283
0,250,44.4344,78.2489,5.90197,-5.32316
0,250,61.7947,71.1733,4.77808,-0.989512
0,250,19.6849,73.3722,0.749683,-15.2054
0,250,28.1035,77.3564,-9.67419,4.63689
0,250,27.5436,66.2272,5.66276,0.561404
0,250,32.5925,73.4536,-2.4293,5.26966
0,250,20.1494,69.5385,5.23619,-5.38673
0,250,17.9744,76.947,-7.07076,-2.08741
0,250,34.6795,79.0316,8.22793,2.42295
0,250,21.9868,65.7548,6.78491,-3.07837
0,250,64.6787,70.1202,5.61036,-1.41933
0,250,66.2007,71.5136,3.19858,-0.87778
0,250,24.5469,79.1282,-16.3602,-0.871973
0,250,70.7242,73.83,-0.847396,-0.168292
0,250,21.3852,79.12,-0.254352,-3.34611
0,250,44.5387,76.7805,0.554247,-9.2653
0,250,24.361,68.0162,6.86348,-0.415774
0,250,18.2547,73.1594,2.92124,-12.9506
0,250,41.675,66.9079,2.42586,3.98515
0,250,52.0372,75.1859,0.713383,-3.79553
0,250,19.0604,76.0528,-9.80205,-12.0216
0,250,37.1941,70.8187,-9.05891,1.55818
0,250,51.07,65.1778,6.41644,-3.15273
0,250,44.6083,72.5173,0.834699,-1.38097
0,250,42.5204,70.1715,-3.87487,-0.829407
0,250,25.6636,77.346,-15.088,5.90079
0,250,39.8383,75.0367,-1.06395,0.551605
0,250,40.7493,72.7002,-3.94317,-0.948817
0,250,20.2421,66.1135,6.733,-3.41791
0,250,13.6761,68.8193,0.0593685,-0.102559
0,250,44.949,74.504,-0.39596,-4.20241
0,250,14.1384,73.3034,-1.36427,0.730114
0,250,13.4312,68.2457,-0.637312,-0.847477
0,250,13.864,66.7136,0.469839,-1.70308
0,250,30.7861,73.2829,-1.95635,9.57696
0,250,30.5669,66.2045,2.40777,4.2334
0,250,12.9627,68.1352,-0.480596,-1.44682
0,250,35.7886,64.2419,1.65688,-1.02253
0,250,28.5706,54.0226,-5.42461,-14.5377
0,250,24.7511,65.0415,8.15992,-0.934916
0,250,28.3476,66.3522,3.26901,1.56784
0,250,40.3458,63.0115,7.69406,9.25437
0,250,40.9,63.6622,8.2986,6.67545
0,250,21.8096,75.2879,-12.6505,-4.53169
0,250,30.8567,73.796,-2.35975,8.11461
0,250,30.305,71.5769,-2.74971,6.93285
0,250,28.5301,71.347,-0.566541,9.67981
0,250,30.4309,54.8655,-0.123965,-13.596
0,250,68.3426,77.4168,-2.0906,-0.0875689
0,250,32.1704,75.7294,0.0787344,9.30463
0,250,44.3172,66.3858,4.53011,3.47257
0,250,74.508,70.0643,0.339193,0.8927
0,250,39.9608,65.8108,-0.427234,5.74883
0,250,71.5931,78.2626,-1.54465,0.37413
0,250,73.4406,77.3808,-0.897473,0.590229
0,250,76.9189,76.5967,-1.18487,0.775271
0,250,69.6157,69.2912,0.0509665,-2.96564
0,250,73.2703,69.3365,0.917141,0.444229
0,250,75.1174,75.1719,-1.30164,0.987974
0,250,62.7053,77.3421,-0.932812,0.952494
0,250,78.5634,72.4078,-0.17555,0.634432
0,250,72.6069,78.131,-1.36249,0.371644
0,250,79.4666,76.5589,-0.922564,0.303989
0,250,79.0447,73.1826,0.104272,0.134512
0,250,77.9043,77.8457,-1.39603,-0.78963
0,250,57.8722,77.8606,-2.73722,-0.0603574
0,250,63.3325,77.1686,-1.42576,0.0338772
0,250,67.5978,79.1327,-1.06827,-0.482811
0,250,53.2453,77.4047,1.21617,-1.71455
0,250,78.343,69.5119,-5.0143,1.18051
0,250,76.9893,77.4772,-1.63017,0.78229
0,250,78.5399,73.9779,-0.473234,1.3015
0,250,68.4865,78.5749,-2.90691,0.199915
0,250,66.3807,76.7552,-1.85179,-0.830701
0,250,74.609,79.0824,-1.46156,1.06932
0,250,59.5787,78.7594,-2.45417,-0.667344
0,250,46.309,70.0559,1.17919,-1.38854
0,250,54.9157,69.6981,3.00082,1.78509
0,250,34.1936,67.8289,-1.37484,1.73365
0,250,62.2018,79.5518,-2.07578,0.567333
0,250,53.5469,68.5206,3.68289,-0.00675743
0,250,46.8618,67.0248,1.66528,0.0155828
0,250,50.5364,78.8935,-0.136369,-0.642
0,250,50.9035,79.4561,2.1574,-1.79945
0,250,33.9694,71.4478,-6.28777,5.91217
0,250,76.0695,79.5131,-0.0607259,0.0096085
0,250,35.2499,69.5477,-4.44341,3.45389
0,250,30.457,55.7863,1.82911,-11.0937
0,250,34.6614,60.2675,2.10656,-2.09693
0,250,49.0123,61.7993,3.80875,20.6476
0,250,22.3647,63.9305,8.27827,-1.19323
0,250,27.283,64.3766,6.81421,0.335347
0,250,44.0224,74.91,-2.78914,-8.16769
0,250,23.7794,67.3595,6.97731,-0.470791
0,250,30.0548,79.4968,-7.81972,-7.12107
0,250,19.8144,79.1998,-3.80276,-1.17274
0,250,29.102,73.8671,-0.361039,11.819
0,250,41.4042,73.4959,-6.58097,-3.56671
0,250,42.5214,73.7103,-5.47286,-7.85962
0,250,42.0738,76.3584,5.68068,-4.48824
0,250,14.983,75.3504,1.57839,-3.85715
0,250,67.8737,72.5738,1.21399,-0.928697
0,250,22.5862,77.6279,-9.89313,-3.04613
0,250,42.1182,75.7072,0.670013,-4.0906
0,250,70.5784,70.3671,1.42882,-1.91071
0,250,32.2928,64.538,-2.79333,0.571895
0,250,43.5672,79.2919,9.01725,-2.52274
0,250,18.8401,79.3064,-1.97519,4.19168
0,250,29.1287,72.2764,-5.366,10.8998
0,250,71.4602,70.4472,0.321127,-0.63799
0,250,36.0688,71.9196,-7.9177,5.59829
0,250,31.2768,74.1584,1.31529,8.41223
0,250,33.7088,77.7014,5.01056,1.8435
0,250,45.4768,71.739,-0.112386,-0.905892
0,250,36.6974,74.0643,-6.68635,7.48607
0,250,29.5592,73.3837,-3.48921,16.8136
0,250,44.2472,70.579,-1.38352,-2.79917
0,250,21.9239,75.6768,-13.5876,-5.57609
0,250,35.125,71.5042,-5.46256,5.96109
0,250,36.4516,78.5778,7.05465,3.16005
0,250,21.2798,77.2633,-7.73704,-2.0038
0,250,63.8605,69.8565,5.36398,-1.24155
0,250,46.2797,77.3924,7.94728,-4.97718
0,250,13.7462,69.3112,-0.340464,-0.271986
0,250,20.0843,65.7297,4.73654,-2.15451
0,250,16.6879,76.2275,-5.10741,-7.24997
0,250,44.5732,73.6746,-1.09114,-3.24019
0,250,16.3476,66.7054,1.11613,-4.55949
0,250,15.2104,67.5997,-0.309796,-2.21773
0,250,45.5263,74.6671,-1.90703,-3.96858
0,250,33.3753,57.8868,2.86151,-8.2852
0,250,45.7531,75.361,1.93658,-2.54251
0,250,28.1602,65.2111,6.3624,0.354297
0,250,42.0225,65.1116,1.16589,10.7903
0,250,30.373,67.9769,-1.79874,3.93057
0,250,42.5009,64.8601,0.962627,2.56412
0,250,16.8177,66.4601,2.66937,-2.28125
0,250,30.5428,77.9871,-0.715395,3.89242
0,250,23.952,65.3136,8.38122,-0.93559
0,250,28.9688,77.8726,-3.67405,4.96919
0,250,28.0412,77.8149,-12.5155,0.938835
0,250,75.7022,72.7042,-0.177229,0.624293
0,250,29.59,72.6211,-3.07083,13.1902
0,250,42.2542,63.2356,9.08135,12.6572
0,250,66.623,77.1507,-1.70914,-0.661931
0,250,19.6556,76.2051,-9.16368,-14.6418
0,250,67.4254,77.7857,-2.19647,0.995576
0,250,47.1302,63.2296,12.219,23.8905
0,250,49.4692,64.5948,20.8436,-10.4826
0,250,21.8399,65.0304,7.39068,-1.73822
0,250,37.5724,66.1173,-1.96898,2.93816
0,250,74.7282,76.0239,-0.914959,0.6044
0,250,19.3452,64.7858,3.82473,-1.31398
0,250,75.3784,68.4691,-0.0218285,-0.036086
0,250,74.392,68.3497,-0.219346,0.00222134
0,250,75.7713,76.7646,-1.14121,0.884371
0,250,37.1887,62.8988,3.34563,1.78298
0,250,79.0729,74.7017,-1.13038,0.272242
0,250,74.4702,69.3464,1.02054,1.30064
0,250,73.9818,77.5436,-0.648272,0.734465
0,250,70.4462,78.2965,-1.30716,0.00757632
0,250,76.3141,76.8566,-0.606407,-0.231836
0,250,63.4261,78.3068,-2.56666,0.155601
0,250,79.1707,69.5826,-4.80712,9.33828
0,250,69.9577,76.4999,-1.42034,0.103652
0,250,78.6203,70.067,-1.91685,4.10432
0,250,75.7351,67.3159,-0.199943,0.282945
0,250,76.8407,77.0204,-1.98625,0.80046
0,250,50.4319,78.1092,-0.479879,-0.996281
0,250,67.9683,76.5717,-2.35852,-0.435637
0,250,60.184,72.1307,2.7953,-0.445545
0,250,68.1654,78.2623,-2.79085,0.592257
0,250,55.4891,77.1965,-1.39566,-1.41809
0,250,33.9366,75.7605,1.18787,8.31852
0,250,57.3454,72.299,3.8202,-0.0851013
0,250,51.5237,68.5595,2.83153,-0.811628
0,250,55.9498,71.2941,3.33042,1.96278
0,250,55.1603,70.4941,4.02424,0.0861643
0,250,56.2018,70.7307,5.06708,2.15569
0,250,57.2726,77.5674,-3.00147,0.326065
0,250,46.2876,70.5539,0.669379,-1.32978
0,250,58.2862,72.7844,1.72038,-0.919369
0,250,45.5956,66.8872,5.05462,1.32581
0,250,54.4293,70.3151,1.61856,-0.43253
0,250,33.4001,70.2004,-6.56586,3.46115
0,250,33.0015,71.4523,-5.80546,7.30219
0,250,31.6582,77.835,-2.48506,2.95284
0,250,48.9793,63.3339,3.8864,19.8699
0,250,46.1405,58.7783,2.69512,20.413
0,250,28.7511,57.6905,-3.25251,-12.6904
0,250,52.5586,60.947,4.67472,20.5258
0,250,44.6242,74.6929,-3.65263,-8.48078
0,250,16.8192,69.7125,1.46861,-3.27775
0,250,33.3679,59.9522,0.776291,-3.26776
0,250,42.9255,75.0014,-1.49206,-6.21637
0,250,64.1672,70.1833,4.86419,-0.392017
0,250,25.711,66.9633,7.66156,0.259491
0,250,36.305,74.3098,-3.32219,9.2285
0,250,43.1469,78.1235,9.84738,-4.30605
0,250,43.1193,75.6934,0.84179,-6.01392
0,250,41.9658,79.0851,10.4993,-2.43511
0,250,32.1412,78.8319,-1.64863,4.4149
0,250,39.0079,70.0264,-6.92064,1.61181
0,250,35.9797,78.1694,6.26803,-1.22581
0,250,45.3687,77.3626,4.05764,-4.88031
0,250,67.4332,73.6845,0.678897,-0.407735
0,250,18.9154,73.5373,-3.51973,-17.0553
0,250,19.4193,68.4941,4.58302,-10.1626
0,250,17.0952,77.242,-3.08628,-7.82611
0,250,38.3402,69.3573,-8.86302,2.06025
0,250,40.4205,79.4382,14.8655,-4.11303
0,250,72.9181,70.1119,0.304366,0.344647
0,250,37.4451,78.2655,8.8723,2.22769
0,250,32.8786,78.4682,-1.92219,0.268042
0,250,34.1305,74.6283,-0.0763054,7.19949
0,250,17.0696,75.565,-0.415967,-9.71672
0,250,15.0772,68.3963,-1.59915,-2.94957
0,250,36.6961,71.0226,-8.10504,3.92615
0,250,38.3803,70.3249,-6.78606,0.415378
0,250,45.0029,72.6892,-0.172238,-2.01658
0,250,29.9846,71.0976,0.0704167,7.6247
0,250,72.484,73.0925,-0.198577,1.09128
0,250,42.5266,71.203,-4.60649,2.91098
0,250,45.2243,74.1151,1.57589,-7.11036
0,250,44.3377,72.1208,-2.01786,-2.46991
0,250,42.0294,70.4438,-2.83601,0.105775
0,250,36.8042,73.5167,-5.26212,5.29329
0,250,41.2798,74.3985,-5.00559,-9.10482
0,250,13.1269,67.0978,1.03012,-2.72413
0,250,28.2871,71.6909,-2.0774,10.6827
0,250,14.5127,73.6198,1.91464,-1.8039
0,250,29.4481,66.4441,2.66562,5.65705
0,250,15.3747,72.0076,0.341513,-5.42207
0,250,31.996,77.7371,-3.11346,6.66523
0,250,16.3052,65.7309,3.2348,-4.9648
0,250,26.5896,68.083,7.1559,3.13275
0,250,30.5205,73.9513,2.14073,13.4059
0,250,12.2905,70.39,2.07832,-1.0944
0,250,31.8908,73.7898,-2.36534,4.0549
0,250,74.9888,75.6308,-1.19548,1.68718
0,250,73.3486,75.9125,-0.791749,1.2791
0,250,44.2333,63.8976,4.48298,1.67531
0,250,36.1678,61.4297,5.23001,2.28664
0,250,74.6642,68.7834,1.44269,0.642144
0,250,66.7901,77.8852,-3.3489,0.290759
0,250,27.1526,77.3426,-14.197,4.51808
0,250,20.3166,73.9965,-4.29815,-8.46449
0,250,31.7661,71.6563,-3.27734,3.21158
0,250,69.6448,68.3216,-0.117257,-2.17996
0,250,74.7852,76.5254,-0.789417,1.17987
0,250,75.9484,73.7432,-1.08824,0.193439
0,250,68.2168,57.5397,-8.59422,19.2539
0,250,40.586,64.1324,7.16222,10.1614
0,250,75.4944,69.6227,-0.0549742,0.133833
0,250,55.5444,78.0529,-2.20699,-0.950261
0,250,34.8018,61.4659,2.67876,-1.94569
0,250,79.0141,73.6768,-0.169362,0.524079
0,250,75.8462,69.2558,0.295225,0.563556
0,250,78.1492,75.5046,-1.5319,0.642066
0,250,79.4762,77.0006,1.43865,0.0132051
0,250,74.4651,77.6173,-0.772174,0.506542
0,250,67.0813,78.279,-2.95255,-0.58275
0,250,66.5349,78.3797,-2.58053,-0.429501
0,250,79.4758,71.86,-0.219696,1.08459
0,250,78.149,68.8127,0.165027,-2.06713
0,250,79.0759,71.0111,-0.884737,4.25785
0,250,75.5625,78.1511,-1.57632,0.255448
0,250,73.6804,78.6554,-0.154435,0.194817
0,250,57.7428,77.3695,-2.98815,-0.272674
0,250,78.9138,77.8064,0.786563,-0.666308
0,250,71.2759,77.2362,-2.18481,0.580791
0,250,42.4235,68.7631,-1.0315,2.44989
0,250,71.3354,78.6391,-1.22405,-0.413478
0,250,46.5985,72.7674,0.856283,-3.73107
0,250,46.3967,72.2684,-1.36541,-2.1596
0,250,51.409,67.414,4.82326,-3.62936
0,250,43.1372,67.938,3.35883,5.97357
0,250,52.3498,68.8328,3.01892,1.8769
0,250,58.9504,78.7291,-2.62866,0.229078
0,250,76.5778,78.7018,-2.01549,0.0959103
0,250,33.8551,69.3154,-5.74502,3.88837
0,250,52.929,68.6176,3.86149,-1.79344
0,250,31.4216,78.3668,-6.09367,4.8727
0,250,42.7461,67.6268,-2.62258,0.117315
0,250,32.466,69.6601,-4.46664,6.77455
0,250,34.3917,72.5108,-2.73066,4.68312
0,250,33.0087,73.618,-4.8444,4.21177
0,250,44.5492,65.9792,7.98122,5.02374
0,250,28.8714,65.5654,3.05602,1.4127
0,250,30.405,65.5223,2.83376,1.06718
0,250,39.4422,75.6002,1.19998,2.6737
0,250,41.5321,72.7868,-6.93625,-3.99919
0,250,34.2539,75.4748,-3.80119,8.57832
0,250,34.6091,64.8143,-0.150966,-0.205215
0,250,17.1272,71.9509,-0.245886,-8.21009
0,250,37.1532,73.2828,-6.56147,8.89704
0,250,42.8001,77.5007,7.48177,-2.18186
0,250,35.0136,78.5528,4.57412,2.71362
0,250,37.7825,76.73,5.78531,5.42867
0,250,16.0499,67.8232,0.86232,-1.89959
0,250,23.8175,79.1919,-16.2334,-3.7579
0,250,58.6815,68.3489,10.3866,0.343819
0,250,25.4116,78.1988,-15.9756,0.953656
0,250,21.6758,76.4362,-10.8047,-4.75157
0,250,22.0264,78.4883,-9.95951,0.65649
0,250,37.7591,62.6072,5.70235,5.44352
0,250,45.8783,73.4724,-1.36585,-2.59633
0,250,17.5745,75.1963,-7.25888,-9.29062
0,250,44.7049,71.1123,-2.00952,-1.50854
0,250,25.3456,68.0715,6.41338,2.04732
0,250,43.6929,69.3705,-3.93111,-0.735565
0,250,16.5166,69.3711,1.84194,-4.8338
0,250,46.5258,75.4167,2.476,-2.20067
0,250,19.4034,73.0098,0.721317,-17.1843
0,250,17.9453,66.1128,4.79898,-3.07496
0,250,67.0905,70.2266,2.13256,-3.57775
0,250,35.1636,72.6291,-4.85459,4.1615
0,250,41.7682,76.9732,7.11389,-3.01654
0,250,19.0561,75.1246,-8.74859,-6.49911
0,250,36.1313,72.8368,-4.14977,6.73074
0,250,44.9155,77.5608,5.82799,-4.53377
0,250,27.339,76.7855,-8.98363,6.37203
0,250,12.8324,70.1612,-0.976822,-0.707655
0,250,36.4286,74.7035,-1.92505,6.70899
0,250,14.726,69.401,-0.997095,-1.84685
0,250,25.4711,65.7992,7.60377,-1.4152
0,250,14.2717,70.4869,-2.26932,-0.553302
0,250,39.1033,74.0074,-6.40259,1.03938
0,250,22.4815,64.4903,7.41668,-1.41891
0,250,12.4228,71.3051,1.24732,-0.441581
0,250,12.862,70.7339,0.787423,-3.14474
0,250,26.0959,67.8856,8.87404,3.18281
0,250,29.3374,70.3341,1.21725,8.96817
0,250,27.7058,65.7518,6.94873,-0.542885
0,250,29.4071,67.9427,0.132145,3.73256
0,250,45.0384,62.3942,13.4286,-10.4402
0,250,29.6308,76.3374,-1.84266,3.58248
0,250,32.8281,75.6232,1.03893,6.59708
0,250,30.0132,72.4796,-4.63657,9.75978
0,250,33.7309,59.899,1.50524,-4.4395
0,250,75.4753,72.2544,0.643851,1.17949
0,250,36.6639,49.7903,1.0083,19.3023
0,250,76.456,73.5655,-0.0415936,0.80888
0,250,37.776,64.7282,0.173564,4.80227
0,250,41.0775,64.5302,5.82755,10.0626
0,250,40.7638,62.8738,6.85128,7.77488
0,250,32.6673,76.3387,2.05837,4.52004
0,250,43.1492,65.7763,1.9374,7.2082
0,250,75.68,70.1544,0.190477,1.2552
0,250,38.8235,65.8007,1.78316,5.5016
0,250,27.0993,75.6581,-4.79242,7.27545
0,250,79.0813,74.127,0.0868717,-0.0600948
0,250,78.6417,70.7477,-2.62884,4.0193
0,250,77.7243,75.042,-0.749718,0.0851125
0,250,19.5802,65.6456,5.73548,-2.57919
0,250,76.0308,69.8469,0.428692,0.798886
0,250,77.0879,73.2658,-0.402387,0.312126
0,250,40.3558,64.612,4.46996,7.93747
0,250,75.7875,68.1426,0.329037,-0.347674
0,250,75.0796,78.1627,-1.4593,0.505343
0,250,61.8949,78.1757,-2.14026,0.859975
0,250,76.5364,68.0764,-1.0449,-0.915656
0,250,77.7718,68.5197,-5.84403,-0.469989
0,250,78.4418,69.0154,0.114319,-1.3262
0,250,72.2319,79.2518,-2.51232,-0.289718
0,250,59.2573,78.381,-2.39106,0.0132139
0,250,78.9268,77.3337,-1.41729,-0.746595
0,250,77.3876,77.1319,-1.80294,0.806279
0,250,77.9391,75.9105,-1.12022,0.374985
0,250,56.7877,77.4731,-3.07607,-0.0112213
0,250,68.5151,76.4958,-2.2722,-0.41949
0,250,32.1827,75.1661,-3.82552,6.76198
0,250,77.0014,77.9345,-1.5225,0.359727
0,250,78.9085,76.8674,-1.19286,-0.443467
0,250,63.6488,77.8612,-4.10547,-0.54225
0,250,77.4966,76.7163,-1.48988,0.31805
0,250,78.5185,76.0766,-0.663262,0.711323
0,250,76.0828,78.1455,-1.6695,0.263112
0,250,48.719,68.4028,2.12371,0.799689
0,250,33.8251,72.3976,-2.68117,5.12078
0,250,35.7913,68.3673,-5.87942,1.18429
0,250,37.1221,68.4173,-4.00244,1.38133
0,250,58.2908,71.4253,7.39253,1.89897
0,250,57.7377,71.634,3.59852,-0.689819
0,250,48.5031,68.8182,1.22518,0.255041
0,250,42.244,69.2203,-2.88121,2.53171
0,250,33.8301,70.2649,-4.72196,3.49822
0,250,48.5457,65.1562,9.59397,9.10925
0,250,41.9055,63.4885,6.49673,6.85778
0,250,47.2494,35.9752,3.13789,17.1137
0,250,46.3468,76.8711,4.63826,-6.79895
0,250,18.2421,77.6142,-9.5472,-4.27816
0,250,45.3801,79.4598,10.6353,0.15753
0,250,33.3415,60.9851,2.2187,0.247336
0,250,35.3513,64.0713,0.80855,1.10758
0,250,49.5857,65.98,8.10223,-2.80614
0,250,31.2973,76.277,-1.31245,4.14183
0,250,28.5619,74.3248,-1.33104,10.6825
0,250,64.055,72.3083,2.5505,-0.556774
0,250,44.8685,77.0859,5.73094,-3.66964
0,250,28.1296,69.4258,3.40516,8.43087
0,250,19.512,77.0592,-9.02366,-9.41679
0,250,32.7753,78.895,2.53598,4.86191
0,250,22.2881,77.3647,-12.7638,-3.42436
0,250,44.1355,78.9887,6.20478,-2.87601
0,250,18.013,74.3326,-6.68593,-10.8853
0,250,62.3464,76.1547,-0.585573,-0.947571
0,250,23.5775,65.5756,7.14918,0.735512
0,250,43.358,68.9705,-3.57521,3.63845
0,250,32.3702,78.3734,-5.9123,4.69405
0,250,30.384,76.5555,-5.18592,8.37071
0,250,33.8252,78.0895,-0.673387,-1.23019
0,250,43.7052,75.1924,0.343289,-12.3349
0,250,34.9941,73.2963,-2.74092,6.50132
0,250,26.6629,78.1846,-17.6683,3.41419
0,250,36.1779,71.1785,-6.83314,5.45826
0,250,44.2572,69.2866,0.00677839,1.16451
0,250,36.5465,71.6618,-7.14836,5.37777
0,250,35.8264,73.4269,-3.49112,5.64557
0,250,46.5105,77.8021,5.43487,-0.67119
0,250,41.9936,72.0335,-5.12396,-3.44532
0,250,34.1148,77.0605,2.8769,4.04119
0,250,26.0057,78.3723,-15.6703,3.22449
0,250,40.9797,70.0809,-5.35896,-0.884806
0,250,48.1436,77.9419,1.21002,-2.45155
0,250,14.1143,69.6475,0.0854123,-0.34864
0,250,24.085,64.8941,8.24368,-0.602188
0,250,13.3869,74.4944,0.83634,1.52582
0,250,12.4239,69.8936,-1.25953,-0.67003
0,250,13.2005,73.7088,-0.485532,-0.0437334
0,250,39.7422,64.8705,2.62053,8.63657
0,250,19.5071,64.3827,4.67062,-0.389305
0,250,29.9346,68.3401,-0.64268,3.67502
0,250,29.0012,67.8442,2.98025,6.31311
0,250,18.3046,64.9465,4.8859,-0.883187
0,250,32.5069,75.9417,0.401937,3.06183
0,250,38.3759,63.72,5.45541,6.5069
0,250,46.8079,64.8326,10.5224,4.39929
0,250,38.9806,75.6731,2.03131,1.21138
0,250,72.0515,77.9893,-1.7363,0.499117
0,250,12.5232,68.003,0.718224,0.157129
0,250,60.687,77.9289,-2.44701,-0.503266
0,250,47.9504,43.934,3.24652,17.5319
0,250,32.7874,59.247,0.999447,-2.6614
0,250,36.6875,61.0804,0.452972,2.10145
0,250,14.1343,67.2794,0.423892,-1.86692
0,250,34.6585,58.545,6.10131,-7.26296
0,250,65.6124,68.2128,1.82089,-2.00892
0,250,17.5006,65.6541,3.84765,-2.06214
0,250,42.3146,65.4578,-1.35904,6.69985
0,250,76.6587,72.4865,-0.383935,1.14902
0,250,74.9128,77.715,-1.40173,1.05783
0,250,43.1582,65.4049,6.78436,3.30739
0,250,69.427,67.9394,1.25185,0.488003
0,250,78.6155,75.5756,-1.14728,0.129389
0,250,79.0362,72.6682,-0.123496,1.37196
0,250,78.3866,68.3691,-8.9494,-3.87019
0,250,78.6285,71.2989,-1.05211,3.31795
0,250,79.459,70.8334,-1.49906,3.04574
0,250,77.6203,70.892,-0.713901,1.07051
0,250,79.7637,68.1068,3.35487,-8.44733
0,250,77.9758,76.8512,-2.2744,-0.211864
0,250,73.8237,67.3367,0.444912,-1.0311
0,250,58.5797,78.3698,-3.86142,-0.449241
0,250,66.9318,76.5988,-2.33057,0.740737
0,250,79.0441,68.8058,-7.67149,-1.07919
0,250,65.8982,78.3911,-2.52061,0.218828
0,250,61.5631,78.5345,-1.19446,0.0856104
0,250,71.8834,78.8095,-1.34412,-0.262438
0,250,76.4641,77.7467,-1.25899,0.540781
0,250,78.1391,71.5168,-1.58255,1.77122
0,250,59.3342,79.1431,-2.9226,-0.275988
0,250,54.6407,76.8362,-0.981924,-1.10425
0,250,79.5063,74.4995,-0.410367,0.129906
0,250,65.7495,79.0199,-2.0525,1.10653
0,250,67.269,78.7038,-2.14587,0.689361
0,250,77.7986,72.0791,0.0876404,0.364068
0,250,79.5218,72.91,1.11483,1.04016
0,250,57.4644,78.0703,-2.38479,-0.800717
0,250,48.8931,67.1288,6.96871,-2.0186
0,250,53.74,69.6711,2.9994,-0.270865
0,250,69.5897,78.7506,-2.55943,0.622739
0,250,32.7149,79.4169,1.58164,3.81759
0,250,79.6487,69.6835,2.52593,4.46947
0,250,32.9283,70.3889,-7.09858,3.4053
0,250,32.7285,74.4612,-1.39413,8.24374
0,250,38.5439,68.4036,-9.54987,1.58248
0,250,57.9553,69.1137,12.1979,6.23614
0,250,30.1395,65.728,1.6913,6.01428
0,250,21.2676,68.5338,4.88043,-3.27032
0,250,38.2686,74.4362,-3.49815,5.41538
0,250,24.6821,66.4873,8.23511,-0.473594
0,250,27.9593,73.8109,-4.72629,10.0514
0,250,55.2312,68.9749,1.69748,-0.222685
0,250,41.765,75.4149,-0.698038,-6.98435
0,250,45.9871,77.8924,3.47442,-0.958181
0,250,33.5678,79.4296,0.257593,1.32609
0,250,39.0859,79.1114,9.81499,-0.921378
0,250,18.9859,70.7941,1.5454,-7.94043
0,250,46.7727,66.1985,9.40966,0.827644
0,250,18.9639,77.4307,-11.1574,-3.35227
0,250,27.709,67.4493,4.12175,3.74867
0,250,43.2901,71.7282,-3.32666,-0.276745
0,250,36.6473,72.4822,-6.25014,6.26071
0,250,34.5596,76.9605,-0.877685,4.97791
0,250,18.1797,72.5805,-0.00955731,-9.10344
0,250,24.5451,65.4259,10.0386,0.520392
0,250,40.8192,78.5135,15.653,0.0825824
0,250,23.1034,76.8526,-13.5921,-4.92487
0,250,42.9301,69.7061,-2.81255,0.325281
0,250,23.3333,78.9742,-14.1603,1.94167
0,250,28.0389,79.3809,-10.571,3.84053
0,250,40.8014,69.5775,-5.32873,1.74758
0,250,45.871,77.0122,4.61553,-5.84734
0,250,46.7137,74.4541,-1.40535,-3.86773
0,250,44.3178,77.1375,4.09079,-5.59861
0,250,42.2928,70.8738,-3.57943,1.05121
0,250,62.8656,69.2535,7.89439,1.27074
0,250,15.0644,71.4871,0.763123,-2.78796
0,250,15.1649,73.3685,1.5352,-3.87822
0,250,15.6838,77.521,-0.847389,-5.25491
0,250,32.9404,74.0449,-3.48487,6.11721
0,250,46.4797,74.9706,-1.50153,-5.9123
0,250,12.7987,69.5716,-1.75731,0.1201
0,250,15.4468,67.1091,0.3028,-1.73608
0,250,13.2503,70.2129,-0.560303,-2.42942
0,250,18.0478,65.5838,5.07784,-3.75628
0,250,12.1844,72.0731,0.0786212,0.936687
0,250,34.3119,79.2537,2.89456,-1.04543
0,250,41.2764,75.0127,-0.914065,-5.40155
0,250,17.3582,65.1725,3.59341,-1.6409
0,250,13.3835,66.6823,0.0733427,-1.42859
0,250,24.6948,77.4825,-18.8026,0.740316
0,250,30.4665,61.9396,1.90836,-9.3303
0,250,30.6512,72.8359,-3.3653,9.90579
0,250,73.9596,75.3622,-0.54905,0.511064
0,250,75.2593,77.1474,-1.00518,1.07971
0,250,31.0993,78.052,-6.5461,6.44946
0,250,36.3959,66.3131,-6.92396,-0.319311
0,250,29.9932,66.7534,-1.07011,3.09788
0,250,62.4771,43.3572,6.38577,17.5793
0,250,46.5898,58.5006,2.67528,20.3946
0,250,29.5022,68.4039,5.26284,7.84312
0,250,38.2292,62.6274,8.39517,6.31803
0,250,33.7768,58.4205,2.39823,-3.70164
0,250,50.5252,66.9738,9.78041,0.557244
0,250,45.4552,65.8969,6.41517,1.62806
0,250,51.5922,64.2476,8.59987,-1.76963
0,250,76.3692,77.3126,-0.908586,0.0796982
0,250,78.5888,72.9975,0.281723,1.66677
0,250,51.1862,61.6513,4.22541,20.6144
0,250,38.8049,61.3699,7.40838,3.50475
0,250,77.5822,66.3585,-3.45638,-2.11722
0,250,56.7274,68.2807,6.31937,-6.17764
0,250,76.9313,74.4453,-0.46428,1.22665
0,250,75.6442,67.753,-0.590991,0.632645
0,250,78.5048,76.5436,-1.16496,0.49419
0,250,32.1268,59.6034,0.392864,1.3609
0,250,78.2958,67.4868,-0.680088,-5.52223
0,250,79.5605,73.9419,-0.076649,1.12786
0,250,79.5631,76.0234,1.4461,-0.442253
0,250,75.9192,77.667,-1.91024,0.0768182
0,250,38.9844,67.1459,-6.30447,6.86933
0,250,36.2244,63.6604,3.67497,-0.276509
0,250,77.9488,70.6061,-1.10659,2.50283
0,250,42.629,66.6091,0.695418,8.50916
0,250,75.6175,75.0748,-0.603167,0.938603
0,250,76.3216,69.4415,-0.934331,0.526217
0,250,28.661,69.5729,3.17176,7.80551
0,250,56.565,78.1139,-1.64384,-0.42776
0,250,74.2482,78.6169,-0.622468,0.54388
0,250,77.5004,77.6495,-1.98239,0.33384
0,250,62.6941,78.6859,-2.92644,0.627988
0,250,79.4472,75.5718,-0.927809,0.073042
0,250,64.6328,78.7474,-2.35113,-0.899167
0,250,63.9733,78.315,-3.50585,-0.73597
0,250,78.0009,76.3595,-1.88253,-0.136924
0,250,50.1637,68.1824,4.08425,-1.95742
0,250,53.2345,70.5481,2.16916,-0.449703
0,250,48.8566,77.2198,1.78214,-1.08758
0,250,33.2606,70.8302,-5.1276,3.73506
0,250,49.0999,68.0521,6.38833,-1.05138
0,250,51.9413,69.0411,2.43948,-1.09952
0,250,53.7952,70.4985,1.12081,0.445168
0,250,52.3952,79.5288,-0.413878,-0.672029
0,250,49.126,68.9066,4.08802,-0.842527
0,250,57.3689,71.3028,5.39608,1.88166
0,250,40.199,63.4022,7.53233,12.4341
0,250,52.4383,61.5652,4.66285,20.4676
0,250,26.8853,79.5282,-19.4534,4.20093
0,250,40.8345,74.453,-4.36392,-1.72938
0,250,39.5739,76.6353,9.75928,2.43023
0,250,40.6441,73.4956,-7.70783,-2.44153
0,250,38.9479,72.8659,-8.91232,2.22594
0,250,65.0501,71.8022,2.72659,-0.564558
0,250,17.1269,70.3976,2.36996,-9.26673
0,250,38.8163,74.7492,-2.11939,4.53047
0,250,22.4191,65.283,7.69645,-2.91171
0,250,24.6435,67.4265,9.58963,0.581139
0,250,42.9663,79.5768,4.05642,-1.04456
0,250,55.5207,68.0611,6.45638,0.75483
0,250,51.1723,64.3227,14.1761,4.05058
0,250,24.3341,76.1296,-12.1021,-1.43666
0,250,32.6896,68.8194,0.714524,3.9627
0,250,39.395,73.9671,-6.96166,0.272308
0,250,43.1805,70.0815,-2.61069,1.47976
0,250,16.1017,67.2081,0.229211,-1.08149
0,250,29.2552,72.9324,0.476862,11.7262
0,250,40.4988,69.2725,-3.21548,1.55931
0,250,34.9043,76.0826,-1.79358,8.79742
0,250,21.8161,76.9727,-14.6739,-7.46412
0,250,18.9594,72.6114,3.92808,-15.4502
0,250,40.048,77.9461,13.8688,2.14582
0,250,38.2737,63.3942,7.89425,4.2224
0,250,26.1142,77.9121,-13.9254,2.03184
0,250,39.587,78.0384,9.53801,0.41296
0,250,40.844,75.9304,3.72903,-0.165869
0,250,35.8712,78.5476,8.63262,3.40153
0,250,39.8649,70.4772,-5.85745,3.08421
0,250,43.7208,70.3449,-1.03816,-2.10786
0,250,36.8854,79.3036,13.1364,4.8286
0,250,45.2265,70.4837,0.389249,-0.992101
0,250,28.9013,70.3898,3.16863,8.49025
0,250,14.023,68.2415,0.157574,-0.0246261
0,250,14.7521,67.4949,-0.360071,-0.857763
0,250,13.3251,69.7128,-1.47647,-1.48173
0,250,13.3431,67.5291,-0.275594,-2.4181
0,250,47.7644,77.2099,-0.93472,0.0342701
0,250,30.7444,76.3246,1.89795,6.35373
0,250,11.9811,72.8348,1.06942,0.0551903
0,250,29.1006,68.6253,1.29163,8.2701
0,250,50.6396,66.32,9.31798,2.68234
0,250,47.1277,65.3019,9.46517,-1.16832
0,250,13.6473,25.0685,-18.4594,-42.3076
0,250,21.0787,76.2822,-14.386,-8.90911
0,250,32.1387,76.559,1.10222,5.8198
0,250,21.3527,75.2627,-4.16692,-10.1701
0,250,42.4801,66.8998,-3.1138,5.11797
0,250,41.0748,64.0176,7.26949,11.133
0,250,42.3725,71.7339,-4.46577,-5.62192
0,250,38.8867,67.6129,-9.64785,5.63449
0,250,50.1595,63.4804,4.0167,19.3755
0,250,41.8681,28.1095,2.33235,14.7613
0,250,75.3995,77.6335,-1.70001,0.708134
0,250,25.2576,78.5459,-20.0852,1.63615
0,250,46.0377,65.1618,10.7742,-0.247284
0,250,16.2786,76.1656,-6.97808,-9.77519
0,250,32.3476,74.6201,-3.21629,4.54543
0,250,72.1451,78.4335,-0.994449,0.450356
0,250,28.4251,68.1276,1.40338,5.99013
0,250,22.8617,65.0733,5.85576,-1.61218
0,250,49.8672,64.1729,6.99107,1.33069
0,250,75.036,69.2692,-0.377646,0.737447
0,250,19.6674,69.183,3.96142,-6.04823
0,250,50.6418,64.1341,9.95262,10.1918
0,250,75.9529,70.6738,0.948237,1.00454
0,250,41.1213,66.0472,5.21346,10.3255
0,250,77.0352,69.7052,-2.58373,1.34358
0,250,79.0366,72.1971,0.11276,1.29673
0,250,79.5695,71.3099,2.71818,3.21896
0,250,40.6161,66.7176,-0.47278,8.97056
0,250,77.5129,73.0468,0.527736,0.380187
0,250,74.6526,70.5129,0.137345,1.28304
0,250,76.6651,71.4773,-0.334854,0.741411
0,250,75.0897,67.9494,0.48248,0.423855
0,250,23.5493,66.2137,9.72064,-0.488588
0,250,77.5735,69.056,-3.35875,-0.095287
0,250,59.9975,78.1463,-3.69355,0.478131
0,250,37.4658,67.598,-7.00474,1.63772
0,250,73.1585,67.0042,1.09151,-0.153148
0,250,79.1765,70.0411,-3.72479,5.71026
0,250,70.7703,78.7429,-1.5999,0.570823
0,250,62.3325,77.7868,-1.62584,0.844032
0,250,78.4407,77.0892,-1.51487,-0.539369
0,250,73.2207,78.8322,-0.266328,-0.736484
0,250,59.5448,77.1685,-3.13111,-0.231636
0,250,64.1918,77.8189,-3.07897,-1.67924
0,250,54.2414,70.8128,2.38631,1.88912
0,250,50.9232,68.251,4.18568,-0.475566
0,250,56.687,71.4683,4.02609,1.48269
0,250,39.3521,68.885,-9.2136,3.45621
0,250,38.5173,68.9932,-10.5271,2.10969
0,250,57.1856,71.7364,4.18712,1.55708
0,250,49.1795,66.2884,1.52071,-5.11988
0,250,54.83,70.8116,1.94082,2.61711
0,250,53.5138,69.9871,2.26308,0.731585
0,250,43.5679,68.1674,-0.0214869,5.52618
0,250,37.1058,59.7142,-2.30057,-6.68395
0,250,41.0009,29.753,1.70415,14.7685
0,250,78.545,44.6321,-8.36605,24.5092
0,250,37.672,72.8235,-5.61594,3.82663
0,250,20.9097,66.8646,7.0592,-4.31797
0,250,32.2852,63.9608,1.22323,-1.58396
0,250,38.5288,78.5465,13.6951,-1.15367
0,250,15.7515,67.5435,1.38666,0.279224
0,250,35.599,72.1759,-5.08374,5.57294
0,250,24.5798,75.6643,-10.8385,-1.26098
0,250,34.7473,74.4001,-3.28539,9.17855
0,250,26.2309,79.5024,-13.1156,1.496
0,250,30.0916,75.6278,0.55854,11.5507
0,250,27.6519,75.9848,-7.21985,8.28467
0,250,27.6438,74.4033,-6.90738,8.38998
0,250,19.887,77.9403,-4.64724,1.49662
0,250,39.8375,77.1546,8.96133,0.980203
0,250,37.9286,70.1347,-8.98256,-0.467299
0,250,32.6783,60.6587,-0.405993,-4.74291
0,250,32.9408,65.3557,-0.0716461,-2.09618
0,250,38.3609,73.0441,-8.88893,3.93045
0,250,25.3935,79.3514,-15.3288,1.03169
0,250,45.6201,73.9921,0.72875,-3.76138
0,250,33.1805,79.5648,8.52769,-1.85369
0,250,20.6504,77.1492,-12.45,-6.61709
0,250,41.2918,73.1765,-9.93685,-3.40495
0,250,21.2805,76.667,-12.996,-6.87524
0,250,38.5079,71.9328,-7.96419,2.05994
0,250,37.8216,70.7007,-7.3811,3.67706
0,250,27.9248,72.3241,0.148966,12.4432
0,250,15.9762,73.9068,-1.07599,-4.9883
0,250,13.3527,72.8741,1.26537,-0.247838
0,250,43.1583,73.1267,-4.43408,-6.34076
0,250,19.6673,66.892,5.90871,-3.66074
0,250,43.795,73.1897,-4.78829,-4.33818
0,250,13.2403,69.2514,-0.786802,-0.775902
0,250,28.6984,75.2875,-3.97938,12.777
0,250,13.654,71.7255,0.456826,-1.72594
0,250,18.4977,65.371,4.60743,-2.136
0,250,13.8528,74.3942,0.342453,0.54043
0,250,46.9806,76.5339,1.48859,-1.30781
0,250,15.9225,71.7529,1.68629,-3.53735
0,250,12.2891,72.5838,0.732299,-0.501962
0,250,71.2717,69.2203,1.62439,-0.718762
0,250,32.1675,73.3114,-4.23792,0.986148
0,250,17.0095,64.9175,4.53693,-2.07171
0,250,26.6092,76.1765,-8.08677,10.3223
0,250,28.818,67.5297,4.60464,5.294
0,250,47.6859,77.9918,3.88474,-0.0337818
0,250,40.5759,73.83,-7.28742,-3.70037
0,250,50.209,65.7318,13.7693,0.606325
0,250,41.3483,69.282,-5.0781,3.653
0,250,45.5075,56.9001,2.80315,20.1312
0,250,21.9575,73.1985,-6.39392,-3.92157
0,250,31.5522,77.065,-0.48987,8.92954
0,250,24.2123,76.6627,-12.3198,-3.01719
0,250,74.1656,69.0328,0.0259585,1.14569
0,250,50.0344,53.8821,4.39108,19.8949
0,250,68.8681,78.2214,-2.70372,0.838843
0,250,46.4394,62.5988,0.443189,8.42387
0,250,76.3083,70.9708,0.440139,1.27799
0,250,37.0501,61.348,4.4995,1.96034
0,250,36.4206,65.4324,-2.16911,0.349069
0,250,74.1276,70.2848,-0.16269,0.672187
0,250,76.6174,69.8224,-0.491421,1.1964
0,250,76.9659,66.8254,-4.44749,0.197946
0,250,40.1151,66.8668,-2.40675,2.41832
0,250,77.6082,70.2329,-1.53473,2.7521
0,250,76.664,67.3382,-1.48832,-1.89289
0,250,39.5389,65.371,4.6706,7.36931
0,250,70.8055,67.9984,-3.04226,2.58792
0,250,35.2521,62.1526,4.87204,-0.570596
0,250,38.0727,66.4919,-7.34306,3.56389
0,250,77.3802,67.561,-0.999879,-1.88424
0,250,79.0114,70.471,-1.37564,6.18353
0,250,41.4184,65.7188,3.28401,7.23865
0,250,77.244,72.2943,0.063617,-0.0389831
0,250,71.2847,67.7797,2.26116,0.938666
0,250,75.2491,76.1306,-0.339142,0.0355466
0,250,77.2308,70.7972,-1.49282,0.200155
0,250,77.2718,68.6757,-1.83783,0.0895566
0,250,77.0525,72.7338,-0.259235,1.38698
0,250,60.2772,77.6791,-3.66221,-1.53243
0,250,79.5702,75.0263,-0.522458,-0.106901
0,250,79.0037,75.8911,-0.456892,-0.253765
0,250,16.4058,68.5045,2.83021,-4.47374
0,250,65.7719,76.7587,-3.06702,-0.406718
0,250,68.8128,76.1842,-0.96344,-0.0343183
0,250,34.411,71.36,-4.34384,3.67729
0,250,48.1998,77.433,0.798278,-0.32764
0,250,48.0305,76.7491,-0.958231,0.593134
0,250,49.921,79.4642,1.08589,1.93392
0,250,47.9084,67.4732,4.76804,-0.734002
0,250,50.1559,67.0818,7.49283,0.830482
0,250,40.015,68.7148,-8.08702,5.2144
0,250,51.9534,68.4597,3.64475,-1.1283
0,250,47.5131,67.3459,1.49838,2.03683
0,250,53.6848,69.102,1.30141,-0.497005
0,250,20.0908,77.2756,-4.52699,-17.076
0,250,51.4616,68.0995,4.02777,-2.6467
0,250,44.1886,42.3611,2.52969,16.6414
0,250,69.0383,57.7067,5.93495,21.3567
0,250,39.6693,71.3195,-9.55515,2.3565
0,250,18.3618,67.011,4.2207,-3.84241
0,250,40.5878,71.8207,-4.63115,-0.628038
0,250,19.9308,69.89,4.09184,-3.06754
0,250,27.6291,67.9043,5.26642,2.96077
0,250,17.5586,73.8809,-4.9,-14.3676
0,250,16.4985,67.9602,0.816419,-4.90152
0,250,21.1079,67.5773,5.40691,-4.08812
0,250,18.4744,77.055,-11.3819,-9.47088
0,250,23.3102,75.9221,-14.6761,-2.9059
0,250,20.4701,67.3129,5.53789,-5.30929
0,250,48.8882,78.1856,0.323146,-1.00471
0,250,18.8959,77.8732,-3.35462,-4.55254
0,250,41.7685,69.4187,-3.89051,1.78988
0,250,38.2039,78.5191,11.2409,3.26608
0,250,71.1935,69.9468,1.31809,-1.29209
0,250,70.1317,70.3089,1.40658,-0.550916
0,250,41.2441,77.8509,11.3098,1.00684
0,250,40.2893,69.7619,-7.54283,2.67571
0,250,19.6176,78.0616,-6.13282,-2.40776
0,250,16.9304,72.6877,-1.37934,-6.57722
0,250,43.3841,69.6522,-2.3076,-2.05957
0,250,34.9251,71.0243,-5.8816,4.44701
0,250,26.7218,77.7763,-12.7782,0.609245
0,250,32.3649,79.0931,-2.80686,5.18753
0,250,39.4381,75.1005,-2.11006,1.32636
0,250,36.2288,72.3866,-6.7253,7.08353
0,250,44.317,72.859,-2.38388,-2.15819
0,250,44.2018,70.16,-0.225529,-0.416049
0,250,47.6094,78.523,4.56655,-0.829791
0,250,15.4078,74.9444,-1.16232,-5.44288
0,250,47.5243,77.5504,3.77313,3.19957
0,250,42.7173,69.2891,-0.602398,0.570929
0,250,44.1602,74.1235,-2.63158,-6.20603
0,250,13.5903,73.3582,2.20471,-1.73434
0,250,16.3782,66.1854,1.8541,-3.61783
0,250,13.2556,70.779,0.220518,-3.04738
0,250,15.0213,72.542,1.02861,-2.60166
0,250,36.8783,75.2325,-1.89495,4.69633
0,250,12.9024,67.631,-0.841962,-0.826561
0,250,21.9661,64.2252,6.72479,-0.348006
0,250,30.2564,68.6624,2.64202,5.64062
0,250,44.5539,63.4788,4.35491,8.46314
0,250,32.8766,63.3541,2.36188,-2.76506
0,250,23.3546,68.3346,4.83422,-3.64562
0,250,14.943,74.2494,-2.30792,-5.30124
0,250,30.3338,72.545,-4.54172,6.70628
0,250,29.676,69.3146,1.63596,7.58257
0,250,32.8792,67.436,-1.41587,-0.531889
0,250,19.6383,69.8746,6.87597,-9.46767
0,250,35.7072,75.5199,-0.71075,7.13084
0,250,38.8723,76.0274,3.94814,3.54122
0,250,17.8282,67.7648,3.45269,-5.10792
0,250,74.28,70.8929,0.73103,0.35024
0,250,29.484,78.6205,-5.63864,0.0194932
0,250,43.0817,64.707,2.22117,9.57563
0,250,41.6915,66.2118,-3.9032,14.7187
0,250,37.8013,61.4473,4.11265,3.87728
0,250,37.7245,67.1773,-9.09478,0.878887
0,250,74.9068,68.4669,0.483714,0.238764
0,250,77.4762,76.246,-1.26398,-0.00225505
0,250,78.4752,73.4916,-0.489404,0.210065
0,250,39.7634,62.7552,5.3598,6.36866
0,250,32.2272,60.6778,-5.36687,-1.10727
0,250,17.853,65.1488,2.68708,-2.80323
0,250,73.2659,78.3023,-0.566224,0.230244
0,250,78.0419,66.9322,-2.64611,0.168786
0,250,70.1783,66.9284,-8.27575,-0.945052
0,250,38.6521,66.4614,-3.62322,7.87001
0,250,76.5652,74.2226,-1.51289,0.495238
0,250,39.2308,63.4133,6.83187,8.55103
0,250,77.5068,69.6983,-1.62706,0.223539
0,250,69.8921,78.3379,-2.05909,0.0845611
0,250,40.6679,64.8598,7.09463,10.5944
0,250,77.9443,69.9623,-1.83212,1.25459
0,250,55.3375,67.2152,5.92274,-1.85065
0,250,26.7253,74.8665,-5.5284,4.77998
0,250,69.5075,66.4598,-2.64513,-6.63754
0,250,36.9104,63.5537,3.76024,4.94403
0,250,74.7174,67.4819,-0.138206,-0.748077
0,250,79.4405,77.4627,-1.32987,0.247249
0,250,64.7739,69.5767,5.58476,-0.976048
0,250,23.633,64.9287,7.14561,-0.954826
0,250,15.8035,65.6885,2.07772,-1.62549
0,250,70.345,76.1101,-2.70208,0.23323
0,250,75.1478,67.4972,-0.615699,0.638648
0,250,79.5669,72.3821,0.435777,0.704961
0,250,78.1202,72.6588,0.622415,0.349755
0,250,74.6929,78.4297,-1.43661,-0.569788
0,250,33.2575,72.6165,-2.16388,6.0478
0,250,33.2666,76.4286,2.60247,7.63964
0,250,47.0518,67.4582,4.80832,-0.564749
0,250,44.2681,67.7003,2.7073,0.513815
0,250,40.1496,69.0592,-9.43,2.36157
0,250,54.0526,79.5002,-0.65172,1.33385
0,250,48.8214,78.8995,1.8263,1.42313
0,250,48.3865,68.1289,1.43379,-0.609217
0,250,43.1832,67.4356,-3.52981,1.88631
0,250,50.1807,45.329,4.05367,17.4967
0,250,42.9223,53.8836,2.48961,20.0019
0,250,27.9534,76.4849,-4.41258,9.27783
0,250,37.3687,74.6246,-0.570413,10.181
0,250,44.6639,79.2081,1.59867,1.04685
0,250,42.4331,75.4261,1.15384,-7.61446
0,250,19.65,66.186,5.61521,-1.37908
0,250,54.2828,67.7354,6.00593,-1.47354
0,250,23.8665,79.6129,-11.0884,-5.83888
0,250,29.0005,79.2914,-10.5555,1.26864
0,250,25.1314,65.3084,7.74748,1.20441
0,250,39.0366,78.4765,12.4253,1.86113
0,250,33.8983,76.5495,-0.245529,5.80845
0,250,43.9178,77.3212,3.83427,-9.5135
0,250,35.1606,72.128,-6.23102,5.64479
0,250,42.5135,76.2727,2.58084,-6.50813
0,250,35.3883,78.7928,4.44394,2.1476
0,250,34.5491,66.1613,0.0652834,3.05897
0,250,53.3184,65.5909,6.08956,-1.2073
0,250,40.9483,79.2807,20.2,0.37985
0,250,17.6323,71.2245,2.96749,-12.0928
0,250,45.3332,69.9811,0.44369,-2.20573
0,250,22.8663,78.1625,-16.4555,-5.23175
0,250,36.2838,75.5807,-1.67926,7.66888
0,250,40.625,78.8279,12.9198,-1.27269
0,250,28.5207,69.094,2.50234,6.70075
0,250,23.0135,77.2871,-14.8632,-5.69516
0,250,22.2998,78.1665,-19.8184,-2.71249
0,250,35.1408,79.2533,4.88841,1.36263
0,250,46.7964,77.2796,3.87613,-1.76542
0,250,42.6814,72.0215,-2.48487,-3.47705
0,250,34.1739,73.3687,-3.41316,2.80129
0,250,43.0861,72.2203,-3.79127,-3.50442
0,250,43.0768,73.4856,-4.16655,-9.18612
0,250,15.8179,68.2822,-1.45995,-2.4464
0,250,14.5432,71.7652,-0.940686,-3.2956
0,250,46.0927,78.7977,2.24669,-0.470267
0,250,46.4024,79.5949,5.70426,3.23763
0,250,27.6289,71.3493,1.73732,7.22216
0,250,12.9069,74.6628,0.210841,0.183193
0,250,13.5257,73.9817,0.76935,0.460957
0,250,27.9048,56.4865,-5.75808,-11.3242
0,250,11.8766,68.83,0.813738,0.279307
0,250,20.8405,64.1583,5.85288,-3.25926
0,250,32.5726,77.4922,-1.38206,7.67956
0,250,36.8105,75.6387,0.811057,7.85503
0,250,72.154,67.697,0.487507,0.518438
0,250,30.2313,66.2734,5.89156,4.30684
0,250,46.7649,75.8888,2.10043,-4.52631
0,250,34.9701,60.9359,4.31583,-0.223942
0,250,23.4497,64.485,7.73091,-0.263589
0,250,31.9509,77.291,-1.388,2.25698
0,250,25.8036,68.6559,4.49382,4.08945
0,250,37.0398,64.6643,2.37896,2.01566
0,250,41.2388,76.1353,3.42324,-2.64924
0,250,55.9057,65.5449,8.51406,13.5625
0,250,79.6148,40.5553,0.000955362,6.81721
0,250,43.3607,63.6388,2.45957,-3.29067
0,250,47.19,63.9643,12.9179,6.67618
0,250,34.511,61.0255,3.34863,-0.755715
0,250,75.8653,71.8578,0.328647,1.01136
0,250,76.2753,67.562,0.462646,-0.154748
0,250,74.1146,69.6711,0.950155,0.588953
0,250,19.074,73.0415,-1.55619,-15.5485
0,250,27.7245,69.3202,5.06817,7.53746
0,250,35.5187,58.7593,4.15005,-2.23801
0,250,34.3214,62.9227,-0.0973692,-0.84153
0,250,40.9734,67.3883,-5.64338,6.24227
0,250,76.1669,71.4774,0.369896,1.40484
0,250,73.0913,67.7369,1.70315,0.0485421
0,250,76.2105,68.4095,-0.669889,-0.185614
0,250,78.3387,70.3277,-4.37549,3.1433
0,250,38.3334,76.2912,1.86857,4.65314
0,250,40.1738,65.2154,1.13737,8.43181
0,250,56.0656,68.0179,5.37675,0.883845
0,250,76.3772,68.8113,-0.276401,0.761983
0,250,73.1416,68.1646,0.419364,0.148164
0,250,70.3795,68.178,-0.67279,-1.314
0,250,77.0589,68.0241,-1.35325,-1.47332
0,250,77.8606,67.5887,-2.51193,-4.18437
0,250,58.8074,77.517,-3.31818,-0.189506
0,250,44.5426,65.3596,10.0482,4.7809
0,250,71.2515,67.3652,-0.39841,0.956528
0,250,76.7707,70.9425,-0.600125,1.4287
0,250,78.2512,72.0684,-1.30028,1.47867
0,250,73.6188,77.8617,-1.01267,-0.125542
0,250,74.3603,78.0432,-1.21927,-0.102488
0,250,58.1424,78.2754,-3.08592,-0.0223912
0,250,32.7749,72.4616,-4.06736,4.99465
0,250,75.4866,75.6632,-1.01808,0.203623
0,250,51.6829,67.0062,2.969,-1.61123
0,250,52.366,69.3954,3.93735,-0.780051
0,250,47.5474,73.6117,-0.902258,-2.87818
0,250,49.7848,68.2728,5.46523,-0.0172368
0,250,48.6524,66.9143,8.10579,-1.40476
0,250,43.7832,67.6646,-0.624191,2.69083
0,250,33.4847,75.5762,-1.68585,3.38787
0,250,36.6226,68.2504,-9.24682,1.39181
0,250,49.5173,67.8721,2.69492,0.577011
0,250,49.3822,79.5573,1.80792,2.23996
0,250,48.7586,47.6361,3.51515,17.6289
0,250,79.1157,60.6452,-8.8909,18.7494
0,250,14.3263,66.5457,0.141985,-1.42417
0,250,18.3044,76.6106,-2.68632,-4.98837
0,250,33.308,78.2323,7.12138,7.08173
0,250,35.6845,75.0042,-2.83792,7.46081
0,250,43.6611,66.5873,-0.37407,7.71476
0,250,65.1641,71.2262,4.21333,-1.14524
0,250,35.7448,71.7291,-6.40587,6.61134
0,250,51.1023,66.7056,7.23815,2.73073
0,250,20.7426,66.2128,5.88874,-2.9533
0,250,39.936,76.0155,6.65325,2.50053
0,250,31.127,72.1164,-7.31696,6.6665
0,250,59.4893,68.3023,9.62008,-1.48802
0,250,17.7933,71.6563,0.330377,-8.63574
0,250,21.4657,78.6004,-15.1149,-2.61859
0,250,56.7476,68.7849,4.35091,0.191918
0,250,41.8035,78.2037,12.3326,-3.80293
0,250,18.2455,70.6146,1.39675,-11.2654
0,250,27.6299,79.3786,-12.1309,-1.22489
0,250,31.6166,78.7466,-3.0175,1.59163
0,250,20.9286,77.9843,-6.00903,-5.39996
0,250,37.6421,69.6823,-10.8854,5.19747
0,250,45.794,72.0845,-0.601113,-1.44132
0,250,43.2968,70.5427,-0.269321,1.41682
0,250,19.4497,79.3841,2.78235,4.98735
0,250,27.8478,78.797,-10.9386,2.08424
0,250,40.5646,78.0982,12.7368,-0.514509
0,250,47.1271,75.4745,2.88126,-1.58156
0,250,31.8711,65.5783,-3.205,0.547566
0,250,43.7269,70.8464,-0.631123,-2.17736
0,250,33.5234,74.3208,-1.12302,3.24772
0,250,46.9785,79.7082,-1.48315,-4.19066
0,250,14.0208,71.3414,-0.570215,-2.80192
0,250,42.9773,70.9638,-2.58354,0.759815
0,250,39.6703,78.4666,10.3545,-2.75001
0,250,13.2296,68.6791,-0.754961,-0.172849
0,250,18.5886,79.4953,3.3272,2.29961
0,250,21.5704,64.2416,6.78285,-1.78382
0,250,12.8727,74.1493,0.854303,0.487801
0,250,46.5488,78.8111,4.17778,-1.24161
0,250,33.7153,59.2218,6.58935,-2.96568
0,250,14.0564,72.4142,-1.02156,-0.88096
0,250,12.1534,69.511,0.297022,-0.150356
0,250,40.1484,61.9861,6.66054,10.2029
0,250,25.1732,77.785,-12.9775,-2.07067
0,250,19.8741,78.6615,-9.19902,2.8414
0,250,30.3991,69.7071,3.93126,5.72821
0,250,41.5086,63.2262,7.01635,11.5406
0,250,21.6871,68.4766,3.39177,-3.9676
0,250,22.7388,66.203,6.13245,-1.76869
0,250,12.9783,72.5867,-1.26517,-0.733327
0,250,39.7855,64.4693,4.59937,8.9283
0,250,19.8671,64.7707,5.20005,-0.870128
0,250,72.1715,66.9379,-0.595269,-1.95662
0,250,63.1593,70.1153,6.61559,0.0795895
0,250,31.9778,35.4025,-0.0724435,8.65433
0,250,36.0826,59.355,4.84545,1.98321
0,250,73.9051,68.6128,-0.159278,-0.156807
0,250,78.24,75.0088,-1.50155,0.198665
0,250,22.5374,74.9117,-12.5505,-3.81916
0,250,73.7068,69.2006,1.29323,0.43685
0,250,38.0699,63.8852,7.28884,2.94889
0,250,30.1872,77.6297,-5.85162,5.19985
0,250,29.709,76.6916,-1.47902,9.21943
0,250,22.2675,76.0978,-15.9032,-8.16786
0,250,78.0428,73.8343,0.233405,0.839269
0,250,72.6044,67.0439,0.518838,0.165144
0,250,62.2658,69.0956,7.17241,0.608331
0,250,77.6723,72.5732,-0.21303,0.359862
0,250,78.6971,69.5212,-4.41587,-0.700548
0,250,77.1087,67.3707,-0.909772,-0.780083
0,250,46.0651,79.3273,3.96981,0.853418
0,250,27.0976,74.8359,-5.53407,3.78718
0,250,75.8926,75.8593,-0.746646,1.22813
0,250,68.4796,67.9055,2.06959,-0.89766
0,250,39.0891,60.1192,15.0012,8.20047
0,250,77.4116,71.733,0.116224,1.46082
0,250,73.975,67.8186,0.119442,0.611615
0,250,77.7024,71.4216,-1.52029,1.14133
0,250,76.7143,70.3746,0.165016,0.947359
0,250,41.2368,71.3284,-6.47156,-0.243676
0,250,52.2298,25.8734,4.32184,13.6527
0,250,78.1527,74.5472,-0.574815,1.40789
0,250,76.7142,69.1133,-1.97788,0.525265
0,250,37.69,65.6584,-2.43107,2.85734
0,250,67.8988,69.8145,1.36819,-4.10327
0,250,58.5677,70.8619,5.45607,1.33689
0,250,54.0608,70.0629,2.10822,0.118977
0,250,55.538,70.0894,4.08568,2.76639
0,250,65.1974,78.9223,-2.554,-0.195578
0,250,32.0412,78.1928,-8.34868,7.21477
0,250,47.9484,67.9397,3.76135,1.36339
0,250,50.6622,67.8716,6.26263,-1.14465
0,250,44.1356,68.0771,-1.38599,2.77599
0,250,44.3061,68.5762,1.02351,3.70385
0,250,52.7377,69.1989,2.3804,-0.175684
0,250,18.9932,74.2305,-2.07295,-13.5822
0,250,54.836,70.1808,2.43004,1.55681
0,250,46.9304,73.0701,-1.49997,-2.825
0,250,50.5153,65.1883,20.918,4.15001
0,250,37.3699,73.7614,-4.67781,6.1261
0,250,43.4715,77.3302,8.7488,-6.01072
0,250,16.4635,73.8229,-0.226219,-9.77884
0,250,41.6895,79.4057,13.2122,-0.368346
0,250,41.6037,73.8274,-6.33363,-6.10267
0,250,41.6636,74.9982,0.103311,-5.21921
0,250,39.005,79.2767,11.4665,0.504565
0,250,18.8802,66.9057,3.80187,-5.20164
0,250,51.2648,65.4257,8.05656,0.284023
0,250,16.971,76.53,-6.66073,-4.92694
0,250,22.5368,76.4845,-11.3408,-4.19484
0,250,34.3736,76.4283,-0.678632,9.24719
0,250,27.1356,79.2252,-14.9373,2.59822
0,250,17.4867,75.7719,-5.70283,-12.4248
0,250,41.314,69.7246,-5.34778,2.9242
0,250,37.3871,78.9753,10.1991,7.12389
0,250,35.7954,71.1223,-7.07207,5.52373
0,250,42.7697,70.4525,-4.54272,-0.486729
0,250,46.9806,74.07,-0.434282,-4.56418
0,250,31.711,71.1287,-4.52005,4.14065
0,250,34.285,75.054,-1.47193,7.95573
0,250,47.9587,79.4716,2.503,-2.60701
0,250,38.4695,76.5527,4.2547,5.02679
0,250,46.9374,77.8274,2.79674,-0.335086
0,250,18.7812,76.3508,-4.44674,-16.1622
0,250,22.0167,77.8788,-11.8652,-9.89771
0,250,44.7545,70.5784,-1.67453,-2.81192
0,250,16.5182,77.9456,-2.67298,3.35738
0,250,47.07,73.5772,-0.604134,-2.80046
0,250,34.8123,71.7702,-4.45589,4.98531
0,250,18.2057,71.5806,3.51892,-12.9247
0,250,47.4254,76.7979,4.07343,-2.14091
0,250,37.6603,73.3668,-9.79019,5.97573
0,250,13.61,72.3533,-0.305769,-1.45966
0,250,45.1371,76.6583,4.91455,-6.46831
0,250,37.3649,70.2909,-6.60354,2.80874
0,250,15.3036,72.881,0.409155,-4.16602
0,250,40.6554,72.9403,-7.82638,-1.73072
0,250,47.1508,76.125,0.286266,-2.20656
0,250,43.2095,79.0398,18.9792,-8.56276
0,250,25.1514,52.9361,-6.92712,-14.497
0,250,28.7118,57.0604,-2.5869,-13.6159
0,250,32.3444,74.0341,-1.90096,5.31428
0,250,45.0266,79.5045,3.5044,-6.46115
0,250,12.3783,70.8018,-0.144214,-0.0357071
0,250,25.2554,76.6393,-13.7658,2.03807
0,250,32.9992,48.2148,0.145258,17.6475
0,250,19.9583,63.948,6.06006,-0.666048
0,250,16.3801,74.9384,-4.71285,-3.52079
0,250,35.5283,70.5147,-8.3961,3.15707
0,250,27.3209,68.8677,4.83402,6.21511
0,250,25.0395,66.1356,6.09699,0.531598
0,250,28.5634,77.7816,-10.4938,2.20391
0,250,78.5423,68.0131,1.34464,-2.49608
0,250,57.0592,68.901,2.7942,6.01791
0,250,39.3753,62.0924,6.51933,8.68237
0,250,46.4089,62.8447,-1.20062,8.98999
0,250,39.3094,63.0262,9.58183,7.86794
0,250,15.2291,69.4669,-0.439324,-2.34676
0,250,33.6956,58.1953,0.0331987,-7.93813
0,250,46.1309,64.4797,16.3069,1.72563
0,250,41.1633,66.4967,-2.53065,8.79591
0,250,28.3874,73.4137,-3.78053,13.157
0,250,28.8693,71.686,-0.746354,8.89731
0,250,41.5277,64.334,8.46541,4.72641
0,250,37.0761,62.1564,6.55653,4.50435
0,250,38.2797,66.7457,-3.71308,4.14072
0,250,70.6629,68.6275,0.0760713,-0.247733
0,250,77.1081,71.3263,-0.364244,1.22445
0,250,68.7758,69.6051,-0.23051,-1.78458
0,250,19.8842,71.3546,1.36239,-8.00855
0,250,12.7469,68.6598,-1.02916,-0.672631
0,250,73.0628,68.8872,0.212334,0.540947
0,250,48.0979,64.8914,6.88685,0.282892
0,250,44.3684,62.7114,10.9175,-13.34
0,250,77.1065,75.3309,-1.024,0.308742
0,250,49.4205,61.4899,3.8236,20.6402
0,250,77.8562,69.4156,-5.73232,1.70188
0,250,77.8462,74.2284,-0.784943,0.626998
0,250,77.3457,74.1773,-0.107111,1.06074
0,250,27.7245,70.2186,3.20676,8.15651
0,250,21.396,63.8141,6.54784,-2.3582
0,250,77.7336,73.4738,-0.053731,0.725495
0,250,45.9063,74.4945,1.26527,-4.51617
0,250,37.5689,63.1344,6.38382,3.33666
0,250,67.8446,78.6757,-3.47385,0.844636
0,250,62.947,78.3274,-2.50583,0.185662
0,250,45.9219,67.803,1.80407,4.00974
0,250,76.0277,78.6166,-1.06853,0.216876
0,250,32.8141,76.7069,1.25099,3.14907
0,250,57.8217,73.1683,1.84868,1.4516
0,250,60.0153,78.627,-1.96452,-1.08328
0,250,47.3334,74.7067,0.417182,-4.84029
0,250,47.9063,68.8097,2.36657,-0.23076
0,250,47.2165,70.1894,0.868841,-1.78517
0,250,33.5904,71.9653,-3.60541,3.08653
0,250,53.2792,68.9608,3.86051,-0.655649
0,250,51.1308,69.4839,2.75443,-2.09338
0,250,51.7022,69.6258,2.81786,-0.34371
0,250,48.2843,63.314,19.8232,5.79753
0,250,58.3767,68.3773,12.2796,4.29039
0,250,32.3219,68.9812,-2.6971,3.60814
0,250,71.244,66.6794,3.15791,5.92275
0,250,15.7799,71.0206,0.465741,-3.0295
0,250,40.4587,70.5445,-6.92006,1.45602
0,250,34.4405,78.6633,2.66953,-1.19637
0,250,67.373,70.3876,3.74829,-2.67397
0,250,43.2914,73.8351,-3.08726,-10.9332
0,250,35.5748,79.4247,6.07207,-4.97668
0,250,35.7752,74.0712,-3.19291,7.33842
0,250,40.349,70.1194,-7.50045,0.617243
0,250,23.0897,78.3667,-17.1445,-4.35928
0,250,47.1765,78.6639,0.675733,-2.52402
0,250,42.004,77.4535,10.3152,-2.79644
0,250,41.7236,78.6771,14.6295,-1.29003
0,250,36.1991,73.764,-4.34723,5.59121
0,250,70.3635,72.3724,0.0548186,-0.952841
0,250,37.1763,65.3487,0.829566,1.28892
0,250,36.0217,79.422,10.2619,-1.09155
0,250,45.1605,70.9601,-1.27375,0.639333
0,250,43.475,76.4585,3.8701,-4.57997
0,250,39.592,79.0142,14.4097,1.65065
0,250,48.3611,78.9668,1.28988,-1.40078
0,250,38.1822,78.9826,14.728,3.86697
0,250,36.9958,70.403,-6.99359,3.63931
0,250,34.5197,72.0337,-5.15597,6.7875
0,250,43.6902,77.7259,4.25114,1.70485
0,250,17.0546,66.9054,4.23878,-3.57552
0,250,26.7423,78.8258,-18.654,1.32015
0,250,46.279,74.3869,1.02295,-2.95697
0,250,22.3773,78.9513,-14.7031,-1.22688
0,250,46.9539,74.9029,1.23318,-2.49065
0,250,12.3054,68.4232,-0.37085,0.858785
0,250,47.8834,78.9169,2.29455,-0.640367
0,250,45.1994,78.4538,-1.14086,-5.8244
0,250,12.9417,71.2741,-0.319428,-1.96401
0,250,13.2258,72.1147,0.856246,-0.899849
0,250,17.4166,76.4885,-4.22739,-1.14386
0,250,50.3974,62.4478,4.02863,20.3572
0,250,12.7077,72.2445,-0.552051,-0.140994
0,250,36.7372,64.0212,0.495667,-0.701587
0,250,30.4994,67.4309,1.25624,2.43136
0,250,26.619,64.1764,8.60845,-1.0619
0,250,17.7884,52.0175,-8.1318,-13.2349
0,250,27.3278,68.2006,5.63024,4.4486
0,250,40.5654,71.4023,-3.60884,0.660633
0,250,23.0935,64.7978,7.83928,-1.37416
0,250,40.6195,74.9643,-2.10654,-4.42746
0,250,75.6144,64.8396,-4.07922,24.9329
0,250,34.6863,59.5089,3.8116,-2.29215
0,250,34.6715,62.3763,1.84259,-1.53842
0,250,47.8132,62.0585,3.56926,20.3427
0,250,43.6765,64.1761,9.57419,-3.90117
0,250,29.2522,56.8243,-1.92125,-11.4968
0,250,29.4705,71.4857,-1.59488,7.03051
0,250,47.2543,62.5286,5.02665,11.5226
0,250,16.5757,74.3773,-2.83353,-8.80109
0,250,76.245,74.7405,-1.50714,0.0317689
0,250,25.1553,77.2243,-12.5675,0.223884
0,250,71.8896,66.9011,2.01518,-0.38632
0,250,44.585,63.9287,7.62958,0.166721
0,250,53.637,64.5687,16.3339,2.99317
0,250,26.9332,68.1916,6.06358,4.12947
0,250,78.6579,71.779,-1.13791,1.57458
0,250,68.5515,68.6233,-0.370484,0.628913
0,250,38.4796,67.2758,-8.13859,4.4096
0,250,26.9457,65.0603,5.28305,-0.215801
0,250,20.2985,75.1272,-7.06008,-13.3607
0,250,20.206,71.5353,0.93373,-4.17532
0,250,15.449,65.15,2.76791,-2.58185
0,250,64.7871,69.1511,5.0804,-2.07624
0,250,32.8548,59.9051,-1.8353,1.47895
0,250,72.0475,66.0952,11.3186,-4.91697
0,250,77.53,74.6919,0.0198779,1.0087
0,250,47.0875,77.1345,3.69612,-0.214084
0,250,42.6498,74.2211,-2.33208,-5.76779
0,250,41.4319,62.5263,11.9958,6.64582
0,250,14.397,75.145,-0.390725,-2.12956
0,250,26.3098,76.3919,-9.84953,7.23863
0,250,32.5421,64.0498,1.4776,-2.9043
0,250,24.2196,66.6291,8.74387,0.109803
0,250,77.0607,74.9099,0.154402,-0.358349
0,250,76.3914,75.4276,-0.724228,0.64521
0,250,77.1148,70.216,-0.854166,2.02353
0,250,18.7403,68.8778,3.31136,-4.74094
0,250,76.8782,68.4302,-0.307088,0.783437
0,250,61.7109,52.0534,6.21114,19.9723
0,250,69.9674,77.8828,-2.00815,0.278378
0,250,73.4702,68.6494,0.37188,0.393952
0,250,70.0427,66.2162,1.61741,-2.5161
0,250,55.3502,71.3372,3.31386,0.280804
0,250,69.0586,69.0711,0.177933,-2.80447
0,250,41.8472,68.0003,-0.320436,9.34706
0,250,47.1532,67.8949,2.56118,-0.881442
0,250,56.0244,71.6418,3.64191,0.641685
0,250,79.1067,75.2748,-0.345658,0.488068
0,250,67.3323,79.5011,-1.54119,-0.733919
0,250,36.6568,69.9768,-7.20048,1.82611
0,250,46.3495,69.4648,0.69144,0.395714
0,250,70.0806,53.2929,-9.3656,14.3273
0,250,37.7052,75.3112,3.98115,5.6773
0,250,16.0248,75.3511,-4.11625,-5.92608
0,250,41.2076,71.6988,-6.17566,-3.62819
0,250,25.1988,64.1774,7.40841,0.165941
0,250,36.7295,77.8273,4.52099,5.17047
0,250,25.7123,76.9075,-12.6122,-0.285708
0,250,39.7886,72.4831,-9.23562,1.21378
0,250,38.2403,79.2795,19.4118,-0.798768
0,250,40.3798,77.5596,9.33869,0.582121
0,250,15.8551,73.402,1.69898,-6.01351
0,250,43.2917,78.3214,14.6978,-2.47336
0,250,24.9132,78.6742,-16.8563,0.140119
0,250,25.7504,65.4989,7.0543,-0.48881
0,250,34.8838,76.6247,1.63032,6.37067
0,250,42.5692,78.3801,7.70961,-3.47485
0,250,30.851,79.6134,-0.22666,-2.4619
0,250,19.5101,75.7005,-15.6119,-8.74514
0,250,34.8795,79.5732,7.09782,5.46639
0,250,31.5196,75.6005,0.806874,7.82259
0,250,39.1399,78.0511,10.6446,2.79805
0,250,34.5672,73.2177,-3.0499,3.71183
0,250,19.6272,67.3796,5.72391,-6.57245
0,250,42.6119,78.5827,7.77082,-8.66792
0,250,45.422,78.0397,9.88693,-5.18913
0,250,19.4637,68.9982,5.57131,-8.0681
0,250,45.3982,72.5446,0.509519,-1.57686
0,250,37.4295,75.9381,3.71602,5.13481
0,250,36.4455,70.6959,-8.79786,0.9136
0,250,27.3347,78.7954,-14.8672,4.2823
0,250,46.4477,73.3546,-0.654173,-3.89724
0,250,45.3856,71.3468,-0.129528,-2.72409
0,250,45.6204,72.9907,0.896858,-4.50609
0,250,45.9545,72.5371,-2.11253,-2.54345
0,250,20.9823,78.4156,-6.644,0.349153
0,250,14.9753,70.7677,0.753572,-4.86329
0,250,12.0168,71.5978,0.401824,-0.972707
0,250,39.1019,71.0238,-8.67573,0.760547
0,250,11.9176,68.2624,0.117084,0.297429
0,250,30.7774,78.3577,-5.55886,6.68733
0,250,11.9223,70.1012,1.01958,-0.840121
0,250,38.7678,72.1187,-10.2586,0.476702
0,250,26.0425,64.1527,7.446,-1.63432
0,250,40.0267,63.8802,6.72768,5.10589
0,250,27.8383,77.1366,-8.76349,5.09619
0,250,41.5908,75.8595,4.21135,-5.85506
0,250,16.9498,65.569,4.30495,-3.19704
0,250,38.3211,71.4697,-8.69073,0.629856
0,250,39.2851,63.8357,8.00515,7.14006
0,250,36.7445,78.9174,11.84,4.73398
0,250,24.7272,76.8715,-14.5404,-0.375777
0,250,18.167,74.6766,-2.69227,-2.82045
0,250,18.8223,64.5355,4.61907,-1.96108
0,250,43.4637,63.1878,-1.4855,1.11146
0,250,47.9702,63.9273,12.8866,5.68058
0,250,44.4178,62.9783,-3.66334,11.2459
0,250,27.0654,71.6667,0.898624,7.55082
0,250,44.1473,28.8345,2.58883,15.6377
0,250,38.0542,52.6198,1.84853,22.9733
0,250,36.0025,62.1659,3.83199,1.65028
0,250,69.0276,67.1712,-2.39502,-1.52054
0,250,30.5032,76.9753,-5.29455,5.23847
0,250,25.9539,77.5961,-12.7956,3.21031
0,250,18.8633,64.9833,4.79581,-0.606774
0,250,66.4818,69.5418,5.94741,-0.915472
0,250,41.2129,67.9451,-5.65986,10.9208
0,250,36.0876,65.7968,-2.5439,-1.78924
0,250,78.0729,68.061,-0.472288,-3.33802
0,250,69.5274,66.6002,-1.78674,-1.7269
0,250,37.9758,65.4893,-0.245564,0.444129
0,250,76.8145,76.2241,-1.77391,0.668843
0,250,59.6479,68.6759,11.7494,-2.27568
0,250,31.8186,55.8041,-2.21167,-0.819906
0,250,45.7362,77.624,3.82829,-0.612017
0,250,47.955,45.5041,3.55436,18.1927
0,250,66.7043,70.0581,4.4181,-2.66595
0,250,39.32,72.5566,-9.15109,-0.725638
0,250,30.6948,75.7388,2.06468,8.05157
0,250,79.5836,70.3119,4.05196,5.09644
0,250,77.6785,54.9814,-8.75362,17.5194
0,250,20.2697,76.042,-10.6317,-9.74459
0,250,36.2993,75.1694,-1.78124,4.66828
0,250,42.3685,79.1856,8.70379,0.457379
0,250,75.8003,68.7596,-0.509063,-0.0351213
0,250,62.5121,70.1512,3.91966,-0.361188
0,250,63.1198,73.6613,0.784083,-0.767807
0,250,37.0497,64.2979,3.73655,0.278515
0,250,34.3422,62.4439,0.978881,-0.11724
0,250,78.1055,73.1388,-0.541542,-0.910378
0,250,71.3847,68.4313,0.754671,0.193012
0,250,73.4261,67.4039,-0.163085,-0.610633
0,250,77.4773,68.1268,-4.41059,-1.60133
0,250,34.1212,66.8637,-4.98383,2.60173
0,250,63.6965,79.1836,-4.01864,0.650066
0,250,48.3888,67.5035,4.80246,-2.27152
0,250,50.6156,69.81,2.48939,-1.48313
0,250,67.0176,79.163,-1.93472,-0.0607408
0,250,46.5941,67.8737,3.33128,2.01385
0,250,45.2858,69.0958,-0.882301,0.872714
0,250,34.3597,68.4217,-4.60772,1.27225
0,250,42.2614,62.7156,4.4724,16.882
0,250,27.9362,59.6235,-1.71705,-5.65887
0,250,49.0619,47.5456,3.5156,17.6287
0,250,77.3586,54.3877,9.74438,19.63
0,250,76.3588,23.9259,-9.77259,12.2897
0,250,30.118,77.0465,-3.95969,1.82615
0,250,40.2639,78.4614,14.2572,-0.338418
0,250,40.1854,73.7202,-9.65968,-1.2008
0,250,42.4041,77.1072,8.21657,-4.47707
0,250,30.1767,78.7579,-3.85226,4.9905
0,250,29.6016,75.996,-2.46028,6.39084
0,250,17.5374,72.8326,-0.894969,-9.36462
0,250,33.6976,79.0917,2.19138,-1.78939
0,250,31.7768,72.5324,-8.30293,5.19032
0,250,34.548,77.8909,3.77988,1.64147
0,250,34.2055,77.5419,2.41048,4.97324
0,250,47.6471,76.4247,2.10433,-0.98094
0,250,21.7385,77.3709,-15.4488,-5.9647
0,250,37.807,77.6844,5.43608,3.48068
0,250,35.1187,74.7861,-2.35571,9.08741
0,250,42.9451,68.9385,-1.56482,1.40679
0,250,20.1973,78.8856,-7.04983,-3.44132
0,250,44.8309,77.98,3.96567,-3.76852
0,250,19.3669,77.4478,-11.3075,-3.95759
0,250,37.2161,77.8964,9.15749,5.08739
0,250,34.0673,71.9391,-4.19851,4.64249
0,250,17.0753,71.2191,3.42597,-8.59994
0,250,33.1936,63.6485,0.327532,-1.84234
0,250,34.3879,76.0571,-1.59302,11.8652
0,250,30.214,76.0031,-2.80551,8.61475
0,250,29.3529,79.7412,-6.67134,1.69544
0,250,20.808,68.6419,7.61065,-4.01553
0,250,24.021,77.5377,-9.64379,-3.12194
0,250,35.5175,77.7526,4.16163,2.34421
0,250,25.0627,79.3083,-18.4952,-2.51267
0,250,13.8405,72.8859,-0.788928,-2.01494
0,250,14.5412,66.9913,0.673228,-1.70214
0,250,15.6629,68.6493,0.241234,-2.05255
0,250,46.0625,75.1145,2.82682,-5.05303
0,250,20.6629,79.0875,-5.61252,-15.3025
0,250,14.5217,71.3151,-0.248303,-3.30917
0,250,54.5296,65.4188,5.11163,19.6962
0,250,45.9059,76.4191,4.5581,-6.54397
0,250,45.641,76.1401,-1.00744,-5.16309
0,250,39.96,72.9478,-9.23504,-1.20529
0,250,37.6462,72.148,-8.31885,3.3826
0,250,41.2195,72.0807,-7.89355,-1.48836
0,250,45.0214,75.4234,-1.29469,-6.34588
0,250,75.2829,74.6758,-0.777029,0.687692
0,250,20.1078,79.563,-5.67629,-1.13405
0,250,45.192,61.2507,-6.52816,-4.22422
0,250,76.0573,24.9723,-9.65672,12.6593
0,250,32.7726,50.0544,1.20935,14.0968
0,250,39.2462,64.5125,6.85193,6.45832
0,250,7.6413,48.3833,-22.5862,-7.68463
0,250,13.7856,70.4418,-0.291351,-3.64271
0,250,22.4531,75.7024,-14.031,-3.874
0,250,44.8337,65.4553,6.04627,-2.48285
0,250,44.0176,64.7936,14.7442,7.53586
0,250,29.1881,70.8423,1.12591,7.75931
0,250,41.9327,65.6351,6.12068,2.82728
0,250,47.756,62.6489,10.3936,-9.94661
0,250,54.4221,67.1984,7.14985,2.04454
0,250,72.6194,67.603,0.210495,-0.304385
0,250,77.1208,69.1749,-2.51217,0.790643
0,250,75.9453,75.3186,-0.452847,-0.602958
0,250,39.5483,67.7419,-4.87113,5.11965
0,250,40.5619,66.0065,3.91185,9.14513
0,250,29.1332,69.8602,2.05741,7.04675
0,250,75.6912,76.3267,-0.33357,0.993775
0,250,76.5564,74.9585,-0.213626,0.527368
0,250,24.9367,64.592,8.20143,-0.464551
0,250,28.9,74.1064,-2.79353,11.1056
0,250,29.8099,71.8277,-2.85019,7.51287
0,250,64.7344,71.3671,4.56433,-0.999207
0,250,70.1559,71.8935,1.72897,-1.07176
0,250,39.2104,77.4848,11.69,3.34634
0,250,35.347,76.1973,0.544639,4.96312
0,250,38.8268,64.7999,2.67446,7.19017
0,250,16.9848,74.6629,-2.73656,-9.96629
0,250,35.1259,61.6641,0.640966,-2.26856
0,250,50.2356,47.2238,3.98237,18.0941
0,250,76.9147,71.9691,0.13939,1.13965
0,250,39.1046,76.4965,5.64166,3.10379
0,250,70.6841,66.9469,-5.77825,5.51654
0,250,28.616,72.4921,3.41896,9.11112
0,250,35.3999,73.0595,-4.97842,6.91581
0,250,77.3171,73.7335,-0.271682,0.598912
0,250,45.714,70.6093,-0.918075,0.574667
0,250,32.2325,72.5788,-6.19642,4.70535
0,250,50.4217,79.5329,-0.908454,1.17829
0,250,46.1626,68.1347,3.67536,-0.408824
0,250,57.7589,72.116,2.09749,2.01066
0,250,72.7963,78.5467,-0.7691,-0.286259
0,250,53.6201,70.8962,1.45704,-0.655193
0,250,44.7883,68.2506,1.96506,6.28059
0,250,40.6788,68.6403,-6.06803,4.77127
0,250,33.7729,74.8488,-2.23168,5.47199
0,250,46.797,68.2788,0.00318185,1.65779
0,250,46.8783,68.7928,0.511318,0.45474
0,250,74.6728,36.8446,9.13494,16.7941
0,250,38.8898,61.1141,6.2017,4.25427
0,250,60.6043,35.3066,6.28305,15.7741
0,250,25.6183,67.472,8.85568,2.58088
0,250,45.5186,76.8112,0.736891,-4.20461
0,250,47.3386,63.6505,15.5088,-1.77946
0,250,30.069,74.1196,-1.78162,13.289
0,250,24.2589,79.1397,-17.5161,1.391
0,250,37.2909,76.5451,2.2401,4.18635
0,250,15.5674,71.5611,0.761974,-6.11662
0,250,19.0979,66.0919,5.7034,-2.97679
0,250,20.046,73.5071,1.48662,-13.413
0,250,35.859,61.8141,1.13884,2.29055
0,250,39.3669,79.6654,7.37675,-6.95381
0,250,27.2812,76.4082,-8.31639,6.98045
0,250,18.1526,68.5569,1.32281,-6.53048
0,250,23.9318,78.5653,-20.7588,-0.744317
0,250,37.5128,69.0415,-9.61243,-0.962184
0,250,17.3154,68.419,4.16671,-6.87972
0,250,35.3641,71.0776,-7.63297,4.77999
0,250,18.9795,72.0902,3.1396,-6.17864
0,250,32.2751,79.7861,-4.30961,-0.37521
0,250,23.0999,77.693,-16.3328,-5.76768
0,250,37.9269,69.2596,-10.8951,0.765356
0,250,32.2062,71.5877,-1.67121,3.30929
0,250,39.7529,70.085,-7.10582,4.06441
0,250,46.8703,79.1151,0.307566,0.243016
0,250,37.6218,74.1427,-1.04748,8.0137
0,250,23.2968,79.6006,-13.7998,5.02712
0,250,45.5013,65.421,1.50149,0.982814
0,250,20.9301,65.8764,7.44099,-3.06275
0,250,28.2414,70.1881,0.621143,8.90299
0,250,38.9957,69.2652,-9.16257,0.722577
0,250,34.7596,64.3139,-0.832018,-2.8915
0,250,13.1343,71.6709,0.0979639,-1.29975
0,250,45.952,71.4225,-0.452845,-3.57308
0,250,14.2148,67.7473,0.912837,-0.355788
0,250,15.337,65.582,0.957375,-2.51192
0,250,40.7492,72.255,-6.77813,1.6268
0,250,13.0227,73.1832,-0.488473,1.30235
0,250,45.4071,75.6502,0.0930505,-5.00315
0,250,40.1149,70.9146,-8.25048,0.281109
0,250,35.1005,74.0352,-2.68573,6.31314
0,250,43.3194,74.7359,-1.81816,-10.0186
0,250,45.1377,76.1774,2.81509,-3.46472
0,250,77.5353,57.7485,-8.12357,17.4473
0,250,31.6158,74.7273,-0.9681,6.87799
0,250,44.4223,64.6506,14.3055,2.41401
0,250,20.7516,74.4592,0.717253,-10.5327
0,250,26.7051,69.3013,4.9851,5.79432
0,250,39.3633,71.7001,-9.25972,-1.66153
0,250,40.0145,71.983,-7.0597,0.585058
0,250,18.9867,74.7248,-5.32544,-13.0519
0,250,67.4049,37.2712,7.6694,18.1086
0,250,47.6726,64.1792,13.8201,1.55678
0,250,62.6294,52.7186,6.34699,20.0265
0,250,32.0135,61.162,-1.20909,-3.6318
0,250,26.3855,77.0057,-12.0571,6.28247
0,250,44.1413,65.5618,7.47606,3.11183
0,250,21.4547,78.288,-15.6799,5.77616
0,250,33.6424,77.1652,2.29989,1.02174
0,250,44.9324,61.9463,-3.66587,-5.22899
0,250,41.4455,67.4137,-1.04937,6.31191
0,250,37.4153,66.8705,-8.62553,1.51061
0,250,76.1061,74.1568,-0.670736,0.681327
0,250,72.7109,66.6394,0.855494,-0.924863
0,250,30.2793,57.0543,-0.120105,-17.0578
0,250,30.8011,72.226,-6.13983,6.39794
0,250,78.6274,74.4339,-0.948424,0.463553
0,250,48.1991,63.3939,21.1936,2.50549
0,250,36.1886,60.5712,0.509813,3.61316
0,250,42.2383,79.639,6.57994,-0.825913
0,250,25.4018,66.382,6.90483,0.226922
0,250,38.0217,68.2184,-8.3431,0.677934
0,250,41.9589,73.0768,-9.49635,-5.69979
0,250,35.726,66.9125,-4.02732,-0.339049
0,250,23.9194,75.4841,-13.8241,-1.21411
0,250,20.4002,78.4718,-5.61754,3.01502
0,250,23.4183,67.6628,5.86995,-3.61743
0,250,67.9133,73.5973,0.331754,-0.517088
0,250,50.4948,64.4852,18.2683,10.5869
0,250,38.8101,64.3291,7.71235,7.03384
0,250,31.2088,77.5184,-0.460268,3.50655
0,250,43.7259,79.5628,10.4597,-3.18871
0,250,57.1347,70.9822,5.67617,2.52676
0,250,50.8955,68.6447,4.3404,-0.778474
0,250,17.1584,71.7936,0.721396,-8.12784
0,250,75.3748,69.0427,-0.286435,0.297233
0,250,42.1531,68.373,-6.74501,4.01465
0,250,19.3927,70.9454,-1.29058,-7.74012
0,250,65.26,69.0763,5.01992,-1.63187
0,250,56.4985,67.9896,4.09401,0.516086
0,250,28.022,65.9934,5.06599,1.51913
0,250,36.0552,76.4133,2.4831,6.68022
0,250,37.8645,61.9958,6.07827,4.9977
0,250,47.4945,68.1115,3.70308,0.451223
0,250,45.7444,68.5046,0.399232,1.90964
0,250,74.4749,67.9222,-0.878393,0.669753
0,250,53.213,69.479,3.04447,-0.737903
0,250,58.2741,71.8286,3.67544,1.20268
0,250,68.219,18.586,7.9855,12.6385
0,250,69.5482,46.7396,-11.4871,17.2765
0,250,38.6193,71.0761,-7.4653,0.217368
0,250,32.2318,76.9697,-2.99913,5.84687
0,250,79.4255,68.9646,5.21837,7.23442
0,250,52.7142,40.5571,-14.2164,19.4349
0,250,44.7198,40.0703,2.4146,27.0996
0,250,48.8739,65.9998,3.64967,-1.48247
0,250,47.4062,62.8724,13.3154,18.498
0,250,48.4355,64.5271,6.23241,2.83518
0,250,41.5001,72.4109,-8.0112,-3.88498
0,250,17.9242,72.1099,0.426397,-9.73016
0,250,32.589,77.8498,-0.342672,8.54298
0,250,16.7713,76.9266,-1.41484,1.99514
0,250,34.7614,63.1377,1.32521,-2.69952
0,250,59.615,69.6974,15.46,9.59543
0,250,43.3858,75.4588,0.229468,-5.98946
0,250,47.529,65.6474,5.33301,1.06572
0,250,23.5818,77.9161,-17.3199,-4.46617
0,250,39.1877,76.8739,7.85383,0.556604
0,250,26.4334,79.0929,-13.0847,-1.34679
0,250,21.2352,75.8109,-17.78,-5.92908
0,250,33.9255,68.2092,-2.71727,1.7244
0,250,37.9515,78.0762,9.59003,1.06974
0,250,18.4146,70.12,5.5493,-11.1896
0,250,34.4694,74.1803,-2.22061,8.09228
0,250,19.4251,72.2215,0.17078,-6.69675
0,250,43.5277,78.6704,9.50393,0.408737
0,250,18.0698,75.6893,-6.75983,-15.3445
0,250,30.5406,79.3389,-5.37713,1.64582
0,250,31.0393,71.337,-2.92334,5.14224
0,250,37.8975,71.4514,-10.7081,3.16167
0,250,47.5925,79.4187,2.92575,-0.38225
0,250,46.7092,78.3818,1.72804,-1.24517
0,250,39.7252,69.5245,-4.01834,1.94654
0,250,17.3391,67.6233,3.2446,-3.96797
0,250,38.6759,77.1292,8.51609,2.44579
0,250,21.2901,66.5467,9.16974,-3.9221
0,250,41.9105,69.9469,-4.06452,0.847961
0,250,19.9155,68.4015,7.38311,-6.16949
0,250,16.6073,67.1727,1.29974,-3.31644
0,250,26.7399,64.5542,6.7376,0.704676
0,250,13.4598,74.9713,1.55023,-0.835345
0,250,42.561,77.8505,8.28436,0.496595
0,250,12.5697,67.2524,-0.354392,0.461287
0,250,20.2263,64.2567,5.70112,-0.850821
0,250,12.2039,69.0595,-0.127215,0.730344
0,250,25.1724,66.8025,9.43468,0.351687
0,250,35.7074,77.0656,5.48311,3.78156
0,250,16.8439,75.1491,-3.41751,-6.64582
0,250,24.0633,64.3438,7.20494,-0.426228
0,250,35.6136,75.8605,1.18078,5.0457
0,250,38.0069,37.134,1.04254,15.9687
0,250,54.8908,64.734,9.84325,7.06967
0,250,28.4274,65.604,2.998,0.697387
0,250,14.9334,66.0245,2.50976,-1.92221
0,250,43.9284,65.3212,6.89015,1.35689
0,250,37.0186,60.6626,2.04087,5.03369
0,250,75.3625,48.7446,-8.25627,23.9054
0,250,33.9851,57.0226,0.517262,2.79707
0,250,39.5256,65.9211,2.81993,11.5746
0,250,68.9903,68.4096,-0.574219,-0.0526698
0,250,38.7837,68.1158,-9.72117,2.81596
0,250,33.1913,59.4188,4.3703,-1.13824
0,250,28.1279,67.5942,1.73995,3.62533
0,250,43.4692,65.0382,8.27293,2.09736
0,250,27.4105,77.9207,-16.9719,0.151723
0,250,31.3155,72.9981,-6.66859,5.74497
0,250,46.3218,76.1041,-0.144518,-3.73903
0,250,38.1616,61.5339,6.04157,5.58875
0,250,35.5939,22.3128,0.505365,12.4519
0,250,45.8991,64.8141,8.57616,9.83179
0,250,29.3679,74.9317,-2.88647,14.0201
0,250,53.0862,65.3134,5.34079,0.229633
0,250,27.3743,66.7409,7.2794,2.65965
0,250,33.9825,61.8299,0.933332,-1.52541
0,250,20.9138,77.4943,-15.5356,-8.03206
0,250,36.2947,77.3973,3.63706,5.98591
0,250,32.2503,65.8454,0.683579,-3.77051
0,250,75.0906,37.7887,8.7977,17.1493
0,250,31.4218,79.2951,-7.64144,4.7441
0,250,18.7012,78.1189,-1.98862,-4.59114
0,250,45.3148,58.8193,2.70273,20.5495
0,250,38.9847,61.9689,5.87335,4.28387
0,250,74.2553,67.4207,-0.159336,-0.532351
0,250,51.4482,79.5242,-0.722267,1.54703
0,250,74.1793,63.4027,8.71037,22.7274
0,250,32.0491,66.2877,1.97538,-0.558213
0,250,64.5285,77.3929,-2.85548,-0.293938
0,250,70.9786,78.2605,-1.72701,0.297303
0,250,47.4616,75.6378,-1.13882,-0.8201
0,250,69.7625,45.6683,8.16536,18.7354
0,250,46.49,67.413,0.927335,2.22306
0,250,51.8871,79.44,-1.77269,-1.47298
0,250,41.4828,68.4107,-2.70131,3.96465
0,250,32.4431,71.2433,-6.05158,6.45733
0,250,51.4921,69.0657,2.02026,-1.63605
0,250,33.6871,73.0783,-5.77697,5.67268
0,250,35.3492,66.3147,-0.053767,0.249905
0,250,28.2609,78.7695,-7.36498,6.65703
0,250,45.8225,63.2698,11.2761,-8.9997
0,250,34.5617,57.3633,6.69074,3.88385
0,250,22.1603,66.8507,6.39264,-2.85964
0,250,68.4672,63.3995,-11.0571,20.6182
0,250,64.6668,12.638,6.86468,11.1575
0,250,33.4709,49.0503,2.44416,12.5
0,250,73.1043,34.2777,8.68191,15.8345
0,250,29.8872,58.5075,0.100782,-14.7701
0,250,54.6729,49.0572,5.25977,19.3973
0,250,31.8541,31.3393,-0.039104,5.99373
0,250,38.5588,60.8104,11.6236,8.04564
0,250,35.3436,59.3439,2.84934,-2.95886
0,250,45.5885,63.7947,6.25911,-3.25479
0,250,46.3106,61.9287,4.58255,-1.51161
0,250,42.4993,64.074,2.89982,8.14309
0,250,37.3121,60.0338,-7.54053,7.72587
0,250,36.6107,76.3267,0.0806678,6.68332
0,250,53.7838,66.9897,3.38504,1.63843
0,250,35.3749,76.6444,0.349427,4.27939
0,250,27.6591,68.6304,3.8791,4.63894
0,250,31.7026,79.3147,0.187541,3.2688
0,250,18.4966,67.8116,4.69736,-6.5301
0,250,20.9572,79.301,1.75452,2.23927
0,250,41.1598,77.3562,7.80667,-0.554084
0,250,28.1173,68.7855,2.30861,5.09526
0,250,37.3776,79.4961,9.20239,6.85926
0,250,40.4766,75.4551,2.16339,-0.921109
0,250,36.8061,76.7541,2.00349,4.74814
0,250,17.4943,77.3725,-4.68449,-4.06208
0,250,38.1961,77.5297,6.91768,5.00001
0,250,26.1687,78.6479,-15.0379,2.49974
0,250,19.8989,72.5003,5.35093,-7.70886
0,250,43.9414,69.7767,-1.67187,0.712679
0,250,18.6178,71.0057,3.27644,-10.2286
0,250,22.4525,67.1986,8.0425,-4.7878
0,250,40.2479,72.3707,-7.83562,-0.965478
0,250,44.2871,75.3291,-1.01585,-8.13318
0,250,40.2284,79.3067,10.5407,-1.20609
0,250,42.2515,69.7568,-4.01792,2.31357
0,250,25.259,67.4617,7.09606,0.770937
0,250,31.1155,70.4778,-4.82821,1.62506
0,250,38.0566,73.4373,-7.75493,7.63923
0,250,22.8422,64.216,7.10753,-1.93994
0,250,25.5885,63.9486,7.13806,-0.403664
0,250,13.9186,66.2332,1.83919,-2.2006
0,250,27.401,64.9348,7.23095,-0.193105
0,250,35.9134,74.6911,-1.38304,5.74751
0,250,18.5068,69.4702,5.22786,-10.3372
0,250,17.3572,79.0997,0.837908,0.508923
0,250,38.0336,72.0527,-7.67985,2.39258
0,250,39.962,71.5762,-5.17039,1.84131
0,250,22.9162,76.5412,-10.3066,-4.33551
0,250,20.6269,68.1499,5.92851,-4.71722
0,250,49.0153,64.8378,12.7399,12.0374
0,250,42.5757,63.6995,2.43677,9.68747
0,250,38.6257,74.1523,-6.26025,2.24903
0,250,11.8605,73.4747,0.818049,-0.690034
0,250,42.8921,64.4423,4.74176,8.12561
0,250,33.2289,64.1007,1.9994,-0.796569
0,250,45.3715,62.1185,1.27046,-2.79842
0,250,60.7127,71.439,5.29043,-1.18975
0,250,38.3874,64.6941,1.81616,0.370703
0,250,28.9722,76.9959,-6.64026,5.15062
0,250,69.8849,67.5942,0.67735,0.163041
0,250,28.9409,69.1657,-0.342829,7.10314
0,250,31.7425,75.9824,-0.879743,7.27873
0,250,32.9452,57.3002,5.56658,-0.30474
0,250,34.0808,61.4043,2.17474,-3.61193
0,250,38.9822,66.3438,-5.23628,3.97033
0,250,20.2878,65.0762,4.73515,-2.66122
0,250,29.2877,77.4894,-4.50417,4.72307
0,250,77.6053,75.5035,-1.23124,0.375517
0,250,19.8144,74.3419,-3.45943,-4.40984
0,250,38.3079,59.9774,3.39705,13.5467
0,250,38.8294,62.4457,7.36383,8.28368
0,250,29.5353,69.8002,-0.517148,5.72277
0,250,79.1093,71.6362,-0.52,0.77261
0,250,19.5872,74.5795,-6.25958,-3.07394
0,250,18.172,69.0824,4.54371,-6.56813
0,250,43.8871,75.6758,-1.472,-7.96252
0,250,36.3162,69.9489,-8.44607,2.31168
0,250,46.0756,73.8309,-0.608293,-5.12932
0,250,37.9076,75.765,2.12691,6.41729
0,250,75.8065,74.587,-0.635133,1.41093
0,250,78.2069,71.0378,-2.06185,1.70155
0,250,76.2937,70.3274,-0.489042,0.975156
0,250,79.5274,73.423,-0.253982,-0.101314
0,250,34.8816,78.1176,7.04518,5.37533
0,250,32.8327,70.9856,-7.4731,4.90646
0,250,37.5164,78.7173,12.0451,4.70101
0,250,49.5402,67.0121,6.16325,0.918703
0,250,48.0148,68.4361,4.4245,1.15574
0,250,33.7145,76.1818,-1.91952,5.51404
0,250,24.6164,78.0653,-17.8409,-2.87153
0,250,32.8092,77.1678,5.467,3.58403
0,250,69.0922,67.0041,-1.46901,-1.25463
1,250,31,69,0,0
1,250,31.5,69,0,0
1,250,31,69.5,0,0
1,250,31.5,69.5,0,0
1,250,5,5,0,0
1,250,5.5,5,0,0
1,250,5,80,0,0
1,250,5,80.5,0,0
1,250,80,6,0,0
1,250,80.5,6,0,0
1,250,6,5,0,0
1,250,6,5.5,0,0
1,250,5,5.5,0,0
1,250,5.5,5.5,0,0
1,250,5.5,80,0,0
1,250,5.5,80.5,0,0
1,250,80,6.5,0,0
1,250,80.5,6.5,0,0
1,250,6.5,5,0,0
1,250,6.5,5.5,0,0
1,250,5,6,0,0
1,250,5.5,6,0,0
1,250,6,80,0,0
1,250,6,80.5,0,0
1,250,80,7,0,0
1,250,80.5,7,0,0
1,250,7,5,0,0
1,250,7,5.5,0,0
1,250,5,6.5,0,0
1,250,5.5,6.5,0,0
1,250,6.5,80,0,0
1,250,6.5,80.5,0,0
1,250,80,7.5,0,0
1,250,80.5,7.5,0,0
1,250,7.5,5,0,0
1,250,7.5,5.5,0,0
1,250,5,7,0,0
1,250,5.5,7,0,0
1,250,7,80,0,0
1,250,7,80.5,0,0
1,250,80,8,0,0
1,250,80.5,8,0,0
1,250,8,5,0,0
1,250,8,5.5,0,0
1,250,5,7.5,0,0
1,250,5.5,7.5,0,0
1,250,7.5,80,0,0
1,250,7.5,80.5,0,0
1,250,80,8.5,0,0
1,250,80.5,8.5,0,0
1,250,8.5,5,0,0
1,250,8.5,5.5,0,0
1,250,5,8,0,0
1,250,5.5,8,0,0
1,250,8,80,0,0
1,250,8,80.5,0,0
1,250,80,9,0,0
1,250,80.5,9,0,0
1,250,9,5,0,0
1,250,9,5.5,0,0
1,250,5,8.5,0,0
1,250,5.5,8.5,0,0
1,250,8.5,80,0,0
1,250,8.5,80.5,0,0
1,250,80,9.5,0,0
1,250,80.5,9.5,0,0
1,250,9.5,5,0,0
1,250,9.5,5.5,0,0
1,250,5,9,0,0
1,250,5.5,9,0,0
1,250,9,80,0,0
1,250,9,80.5,0,0
1,250,80,10,0,0
1,250,80.5,10,0,0
1,250,10,5,0,0
1,250,10,5.5,0,0
1,250,5,9.5,0,0
1,250,5.5,9.5,0,0
1,250,9.5,80,0,0
1,250,9.5,80.5,0,0
1,250,80,10.5,0,0
1,250,80.5,10.5,0,0
1,250,10.5,5,0,0
1,250,10.5,5.5,0,0
1,250,5,10,0,0
1,250,5.5,10,0,0
1,250,10,80,0,0
1,250,10,80.5,0,0
1,250,80,11,0,0
1,250,80.5,11,0,0
1,250,11,5,0,0
1,250,11,5.5,0,0
1,250,5,10.5,0,0
1,250,5.5,10.5,0,0
1,250,10.5,80,0,0
1,250,10.5,80.5,0,0
1,250,80,11.5,0,0
1,250,80.5,11.5,0,0
1,250,11.5,5,0,0
1,250,11.5,5.5,0,0
1,250,5,11,0,0
1,250,5.5,11,0,0
1,250,11,80,0,0
1,250,11,80.5,0,0
1,250,80,12,0,0
1,250,80.5,12,0,0
1,250,12,5,0,0
1,250,12,5.5,0,0
1,250,5,11.5,0,0
1,250,5.5,11.5,0,0
1,250,11.5,80,0,0
1,250,11.5,80.5,0,0
1,250,80,12.5,0,0
1,250,80.5,12.5,0,0
1,250,12.5,5,0,0
1,250,12.5,5.5,0,0
1,250,5,12,0,0
1,250,5.5,12,0,0
1,250,12,80,0,0
1,250,12,80.5,0,0
1,250,80,13,0,0
1,250,80.5,13,0,0
1,250,13,5,0,0
1,250,13,5.5,0,0
1,250,5,12.5,0,0
1,250,5.5,12.5,0,0
1,250,12.5,80,0,0
1,250,12.5,80.5,0,0
1,250,80,13.5,0,0
1,250,80.5,13.5,0,0
1,250,13.5,5,0,0
1,250,13.5,5.5,0,0
1,250,5,13,0,0
1,250,5.5,13,0,0
1,250,13,80,0,0
1,250,13,80.5,0,0
1,250,80,14,0,0
1,250,80.5,14,0,0
1,250,14,5,0,0
1,250,14,5.5,0,0
1,250,5,13.5,0,0
1,250,5.5,13.5,0,0
1,250,13.5,80,0,0
1,250,13.5,80.5,0,0
1,250,80,14.5,0,0
1,250,80.5,14.5,0,0
1,250,14.5,5,0,0
1,250,14.5,5.5,0,0
1,250,5,14,0,0
1,250,5.5,14,0,0
1,250,14,80,0,0
1,250,14,80.5,0,0
1,250,80,15,0,0
1,250,80.5,15,0,0
1,250,15,5,0,0
1,250,15,5.5,0,0
1,250,5,14.5,0,0
1,250,5.5,14.5,0,0
1,250,14.5,80,0,0
1,250,14.5,80.5,0,0
1,250,80,15.5,0,0
1,250,80.5,15.5,0,0
1,250,15.5,5,0,0
1,250,15.5,5.5,0,0
1,250,5,15,0,0
1,250,5.5,15,0,0
1,250,15,80,0,0
1,250,15,80.5,0,0
1,250,80,16,0,0
1,250,80.5,16,0,0
1,250,16,5,0,0
1,250,16,5.5,0,0
1,250,5,15.5,0,0
1,250,5.5,15.5,0,0
1,250,15.5,80,0,0
1,250,15.5,80.5,0,0
1,250,80,16.5,0,0
1,250,80.5,16.5,0,0
1,250,16.5,5,0,0
1,250,16.5,5.5,0,0
1,250,5,16,0,0
1,250,5.5,16,0,0
1,250,16,80,0,0
1,250,16,80.5,0,0
1,250,80,17,0,0
1,250,80.5,17,0,0
1,250,17,5,0,0
1,250,17,5.5,0,0
1,250,5,16.5,0,0
1,250,5.5,16.5,0,0
1,250,16.5,80,0,0
1,250,16.5,80.5,0,0
1,250,80,17.5,0,0
1,250,80.5,17.5,0,0
1,250,17.5,5,0,0
1,250,17.5,5.5,0,0
1,250,5,17,0,0
1,250,5.5,17,0,0
1,250,17,80,0,0
1,250,17,80.5,0,0
1,250,80,18,0,0
1,250,80.5,18,0,0
1,250,18,5,0,0
1,250,18,5.5,0,0
1,250,5,17.5,0,0
1,250,5.5,17.5,0,0
1,250,17.5,80,0,0
1,250,17.5,80.5,0,0
1,250,80,18.5,0,0
1,250,80.5,18.5,0,0
1,250,18.5,5,0,0
1,250,18.5,5.5,0,0
1,250,5,18,0,0
1,250,5.5,18,0,0
1,250,18,80,0,0
1,250,18,80.5,0,0
1,250,80,19,0,0
1,250,80.5,19,0,0
1,250,19,5,0,0
1,250,19,5.5,0,0
1,250,5,18.5,0,0
1,250,5.5,18.5,0,0
1,250,18.5,80,0,0
1,250,18.5,80.5,0,0
1,250,80,19.5,0,0
1,250,80.5,19.5,0,0
1,250,19.5,5,0,0
1,250,19.5,5.5,0,0
1,250,5,19,0,0
1,250,5.5,19,0,0
1,250,19,80,0,0
1,250,19,80.5,0,0
1,250,80,20,0,0
1,250,80.5,20,0,0
1,250,20,5,0,0
1,250,20,5.5,0,0
1,250,5,19.5,0,0
1,250,5.5,19.5,0,0
1,250,19.5,80,0,0
1,250,19.5,80.5,0,0
1,250,80,20.5,0,0
1,250,80.5,20.5,0,0
1,250,20.5,5,0,0
1,250,20.5,5.5,0,0
1,250,5,20,0,0
1,250,5.5,20,0,0
1,250,20,80,0,0
1,250,20,80.5,0,0
1,250,80,21,0,0
1,250,80.5,21,0,0
1,250,21,5,0,0
1,250,21,5.5,0,0
1,250,5,20.5,0,0
1,250,5.5,20.5,0,0
1,250,20.5,80,0,0
1,250,20.5,80.5,0,0
1,250,80,21.5,0,0
1,250,80.5,21.5,0,0
1,250,21.5,5,0,0
1,250,21.5,5.5,0,0
1,250,5,21,0,0
1,250,5.5,21,0,0
1,250,21,80,0,0
1,250,21,80.5,0,0
1,250,80,22,0,0
1,250,80.5,22,0,0
1,250,22,5,0,0
1,250,22,5.5,0,0
1,250,5,21.5,0,0
1,250,5.5,21.5,0,0
1,250,21.5,80,0,0
1,250,21.5,80.5,0,0
1,250,80,22.5,0,0
1,250,80.5,22.5,0,0
1,250,22.5,5,0,0
1,250,22.5,5.5,0,0
1,250,5,22,0,0
1,250,5.5,22,0,0
1,250,22,80,0,0
1,250,22,80.5,0,0
1,250,80,23,0,0
1,250,80.5,23,0,0
1,250,23,5,0,0
1,250,23,5.5,0,0
1,250,5,22.5,0,0
1,250,5.5,22.5,0,0
1,250,22.5,80,0,0
1,250,22.5,80.5,0,0
1,250,80,23.5,0,0
1,250,80.5,23.5,0,0
1,250,23.5,5,0,0
1,250,23.5,5.5,0,0
1,250,5,23,0,0
1,250,5.5,23,0,0
1,250,23,80,0,0
1,250,23,80.5,0,0
1,250,80,24,0,0
1,250,80.5,24,0,0
1,250,24,5,0,0
1,250,24,5.5,0,0
1,250,5,23.5,0,0
1,250,5.5,23.5,0,0
1,250,23.5,80,0,0
1,250,23.5,80.5,0,0
1,250,80,24.5,0,0
1,250,80.5,24.5,0,0
1,250,24.5,5,0,0
1,250,24.5,5.5,0,0
1,250,5,24,0,0
1,250,5.5,24,0,0
1,250,24,80,0,0
1,250,24,80.5,0,0
1,250,80,25,0,0
1,250,80.5,25,0,0
1,250,25,5,0,0
1,250,25,5.5,0,0
1,250,5,24.5,0,0
1,250,5.5,24.5,0,0
1,250,24.5,80,0,0
1,250,24.5,80.5,0,0
1,250,80,25.5,0,0
1,250,80.5,25.5,0,0
1,250,25.5,5,0,0
1,250,25.5,5.5,0,0
1,250,5,25,0,0
1,250,5.5,25,0,0
1,250,25,80,0,0
1,250,25,80.5,0,0
1,250,80,26,0,0
1,250,80.5,26,0,0
1,250,26,5,0,0
1,250,26,5.5,0,0
1,250,5,25.5,0,0
1,250,5.5,25.5,0,0
1,250,25.5,80,0,0
1,250,25.5,80.5,0,0
1,250,80,26.5,0,0
1,250,80.5,26.5,0,0
1,250,26.5,5,0,0
1,250,26.5,5.5,0,0
1,250,5,26,0,0
1,250,5.5,26,0,0
1,250,26,80,0,0
1,250,26,80.5,0,0
1,250,80,27,0,0
1,250,80.5,27,0,0
1,250,27,5,0,0
1,250,27,5.5,0,0
1,250,5,26.5,0,0
1,250,5.5,26.5,0,0
1,250,26.5,80,0,0
1,250,26.5,80.5,0,0
1,250,80,27.5,0,0
1,250,80.5,27.5,0,0
1,250,27.5,5,0,0
1,250,27.5,5.5,0,0
1,250,5,27,0,0
1,250,5.5,27,0,0
1,250,27,80,0,0
1,250,27,80.5,0,0
1,250,80,28,0,0
1,250,80.5,28,0,0
1,250,28,5,0,0
1,250,28,5.5,0,0
1,250,5,27.5,0,0
1,250,5.5,27.5,0,0
1,250,27.5,80,0,0
1,250,27.5,80.5,0,0
1,250,80,28.5,0,0
1,250,80.5,28.5,0,0
1,250,28.5,5,0,0
1,250,28.5,5.5,0,0
1,250,5,28,0,0
1,250,5.5,28,0,0
1,250,28,80,0,0
1,250,28,80.5,0,0
1,250,80,29,0,0
1,250,80.5,29,0,0
1,250,29,5,0,0
1,250,29,5.5,0,0
1,250,5,28.5,0,0
1,250,5.5,28.5,0,0
1,250,28.5,80,0,0
1,250,28.5,80.5,0,0
1,250,80,29.5,0,0
1,250,80.5,29.5,0,0
1,250,29.5,5,0,0
1,250,29.5,5.5,0,0
1,250,5,29,0,0
1,250,5.5,29,0,0
1,250,29,80,0,0
1,250,29,80.5,0,0
1,250,80,30,0,0
1,250,80.5,30,0,0
1,250,30,5,0,0
1,250,30,5.5,0,0
1,250,5,29.5,0,0
1,250,5.5,29.5,0,0
1,250,29.5,80,0,0
1,250,29.5,80.5,0,0
1,250,80,30.5,0,0
1,250,80.5,30.5,0,0
1,250,30.5,5,0,0
1,250,30.5,5.5,0,0
1,250,5,30,0,0
1,250,5.5,30,0,0
1,250,30,80,0,0
1,250,30,80.5,0,0
1,250,80,31,0,0
1,250,80.5,31,0,0
1,250,31,5,0,0
1,250,31,5.5,0,0
1,250,5,30.5,0,0
1,250,5.5,30.5,0,0
1,250,30.5,80,0,0
1,250,30.5,80.5,0,0
1,250,80,31.5,0,0
1,250,80.5,31.5,0,0
1,250,31.5,5,0,0
1,250,31.5,5.5,0,0
1,250,5,31,0,0
1,250,5.5,31,0,0
1,250,31,80,0,0
1,250,31,80.5,0,0
1,250,80,32,0,0
1,250,80.5,32,0,0
1,250,32,5,0,0
1,250,32,5.5,0,0
1,250,5,31.5,0,0
1,250,5.5,31.5,0,0
1,250,31.5,80,0,0
1,250,31.5,80.5,0,0
1,250,80,32.5,0,0
1,250,80.5,32.5,0,0
1,250,32.5,5,0,0
1,250,32.5,5.5,0,0
1,250,5,32,0,0
1,250,5.5,32,0,0
1,250,32,80,0,0
1,250,32,80.5,0,0
1,250,80,33,0,0
1,250,80.5,33,0,0
1,250,33,5,0,0
1,250,33,5.5,0,0
1,250,5,32.5,0,0
1,250,5.5,32.5,0,0
1,250,32.5,80,0,0
1,250,32.5,80.5,0,0
1,250,80,33.5,0,0
1,250,80.5,33.5,0,0
1,250,33.5,5,0,0
1,250,33.5,5.5,0,0
1,250,5,33,0,0
1,250,5.5,33,0,0
1,250,33,80,0,0
1,250,33,80.5,0,0
1,250,80,34,0,0
1,250,80.5,34,0,0
1,250,34,5,0,0
1,250,34,5.5,0,0
1,250,5,33.5,0,0
1,250,5.5,33.5,0,0
1,250,33.5,80,0,0
1,250,33.5,80.5,0,0
1,250,80,34.5,0,0
1,250,80.5,34.5,0,0
1,250,34.5,5,0,0
1,250,34.5,5.5,0,0
1,250,5,34,0,0
1,250,5.5,34,0,0
1,250,34,80,0,0
1,250,34,80.5,0,0
1,250,80,35,0,0
1,250,80.5,35,0,0
1,250,35,5,0,0
1,250,35,5.5,0,0
1,250,5,34.5,0,0
1,250,5.5,34.5,0,0
1,250,34.5,80,0,0
1,250,34.5,80.5,0,0
1,250,80,35.5,0,0
1,250,80.5,35.5,0,0
1,250,35.5,5,0,0
1,250,35.5,5.5,0,0
1,250,5,35,0,0
1,250,5.5,35,0,0
1,250,35,80,0,0
1,250,35,80.5,0,0
1,250,80,36,0,0
1,250,80.5,36,0,0
1,250,36,5,0,0
1,250,36,5.5,0,0
1,250,5,35.5,0,0
1,250,5.5,35.5,0,0
1,250,35.5,80,0,0
1,250,35.5,80.5,0,0
1,250,80,36.5,0,0
1,250,80.5,36.5,0,0
1,250,36.5,5,0,0
1,250,36.5,5.5,0,0
1,250,5,36,0,0
1,250,5.5,36,0,0
1,250,36,80,0,0
1,250,36,80.5,0,0
1,250,80,37,0,0
1,250,80.5,37,0,0
1,250,37,5,0,0
1,250,37,5.5,0,0
1,250,5,36.5,0,0
1,250,5.5,36.5,0,0
1,250,36.5,80,0,0
1,250,36.5,80.5,0,0
1,250,80,37.5,0,0
1,250,80.5,37.5,0,0
1,250,37.5,5,0,0
1,250,37.5,5.5,0,0
1,250,5,37,0,0
1,250,5.5,37,0,0
1,250,37,80,0,0
1,250,37,80.5,0,0
1,250,80,38,0,0
1,250,80.5,38,0,0
1,250,38,5,0,0
1,250,38,5.5,0,0
1,250,5,37.5,0,0
1,250,5.5,37.5,0,0
1,250,37.5,80,0,0
1,250,37.5,80.5,0,0
1,250,80,38.5,0,0
1,250,80.5,38.5,0,0
1,250,38.5,5,0,0
1,250,38.5,5.5,0,0
1,250,5,38,0,0
1,250,5.5,38,0,0
1,250,38,80,0,0
1,250,38,80.5,0,0
1,250,80,39,0,0
1,250,80.5,39,0,0
1,250,39,5,0,0
1,250,39,5.5,0,0
1,250,5,38.5,0,0
1,250,5.5,38.5,0,0
1,250,38.5,80,0,0
1,250,38.5,80.5,0,0
1,250,80,39.5,0,0
1,250,80.5,39.5,0,0
1,250,39.5,5,0,0
1,250,39.5,5.5,0,0
1,250,5,39,0,0
1,250,5.5,39,0,0
1,250,39,80,0,0
1,250,39,80.5,0,0
1,250,80,40,0,0
1,250,80.5,40,0,0
1,250,40,5,0,0
1,250,40,5.5,0,0
1,250,5,39.5,0,0
1,250,5.5,39.5,0,0
1,250,39.5,80,0,0
1,250,39.5,80.5,0,0
1,250,80,40.5,0,0
1,250,80.5,40.5,0,0
1,250,40.5,5,0,0
1,250,40.5,5.5,0,0
1,250,5,40,0,0
1,250,5.5,40,0,0
1,250,40,80,0,0
1,250,40,80.5,0,0
1,250,80,41,0,0
1,250,80.5,41,0,0
1,250,41,5,0,0
1,250,41,5.5,0,0
1,250,5,40.5,0,0
1,250,5.5,40.5,0,0
1,250,40.5,80,0,0
1,250,40.5,80.5,0,0
1,250,80,41.5,0,0
1,250,80.5,41.5,0,0
1,250,41.5,5,0,0
1,250,41.5,5.5,0,0
1,250,5,41,0,0
1,250,5.5,41,0,0
1,250,41,80,0,0
1,250,41,80.5,0,0
1,250,80,42,0,0
1,250,80.5,42,0,0
1,250,42,5,0,0
1,250,42,5.5,0,0
1,250,5,41.5,0,0
1,250,5.5,41.5,0,0
1,250,41.5,80,0,0
1,250,41.5,80.5,0,0
1,250,80,42.5,0,0
1,250,80.5,42.5,0,0
1,250,42.5,5,0,0
1,250,42.5,5.5,0,0
1,250,5,42,0,0
1,250,5.5,42,0,0
1,250,42,80,0,0
1,250,42,80.5,0,0
1,250,80,43,0,0
1,250,80.5,43,0,0
1,250,43,5,0,0
1,250,43,5.5,0,0
1,250,5,42.5,0,0
1,250,5.5,42.5,0,0
1,250,42.5,80,0,0
1,250,42.5,80.5,0,0
1,250,80,43.5,0,0
1,250,80.5,43.5,0,0
1,250,43.5,5,0,0
1,250,43.5,5.5,0,0
1,250,5,43,0,0
1,250,5.5,43,0,0
1,250,43,80,0,0
1,250,43,80.5,0,0
1,250,80,44,0,0
1,250,80.5,44,0,0
1,250,44,5,0,0
1,250,44,5.5,0,0
1,250,5,43.5,0,0
1,250,5.5,43.5,0,0
1,250,43.5,80,0,0
1,250,43.5,80.5,0,0
1,250,80,44.5,0,0
1,250,80.5,44.5,0,0
1,250,44.5,5,0,0
1,250,44.5,5.5,0,0
1,250,5,44,0,0
1,250,5.5,44,0,0
1,250,44,80,0,0
1,250,44,80.5,0,0
1,250,80,45,0,0
1,250,80.5,45,0,0
1,250,45,5,0,0
1,250,45,5.5,0,0
1,250,5,44.5,0,0
1,250,5.5,44.5,0,0
1,250,44.5,80,0,0
1,250,44.5,80.5,0,0
1,250,80,45.5,0,0
1,250,80.5,45.5,0,0
1,250,45.5,5,0,0
1,250,45.5,5.5,0,0
1,250,5,45,0,0
1,250,5.5,45,0,0
1,250,45,80,0,0
1,250,45,80.5,0,0
1,250,80,46,0,0
1,250,80.5,46,0,0
1,250,46,5,0,0
1,250,46,5.5,0,0
1,250,5,45.5,0,0
1,250,5.5,45.5,0,0
1,250,45.5,80,0,0
1,250,45.5,80.5,0,0
1,250,80,46.5,0,0
1,250,80.5,46.5,0,0
1,250,46.5,5,0,0
1,250,46.5,5.5,0,0
1,250,5,46,0,0
1,250,5.5,46,0,0
1,250,46,80,0,0
1,250,46,80.5,0,0
1,250,80,47,0,0
1,250,80.5,47,0,0
1,250,47,5,0,0
1,250,47,5.5,0,0
1,250,5,46.5,0,0
1,250,5.5,46.5,0,0
1,250,46.5,80,0,0
1,250,46.5,80.5,0,0
1,250,80,47.5,0,0
1,250,80.5,47.5,0,0
1,250,47.5,5,0,0
1,250,47.5,5.5,0,0
1,250,5,47,0,0
1,250,5.5,47,0,0
1,250,47,80,0,0
1,250,47,80.5,0,0
1,250,80,48,0,0
1,250,80.5,48,0,0
1,250,48,5,0,0
1,250,48,5.5,0,0
1,250,5,47.5,0,0
1,250,5.5,47.5,0,0
1,250,47.5,80,0,0
1,250,47.5,80.5,0,0
1,250,80,48.5,0,0
1,250,80.5,48.5,0,0
1,250,48.5,5,0,0
1,250,48.5,5.5,0,0
1,250,5,48,0,0
1,250,5.5,48,0,0
1,250,48,80,0,0
1,250,48,80.5,0,0
1,250,80,49,0,0
1,250,80.5,49,0,0
1,250,49,5,0,0
1,250,49,5.5,0,0
1,250,5,48.5,0,0
1,250,5.5,48.5,0,0
1,250,48.5,80,0,0
1,250,48.5,80.5,0,0
1,250,80,49.5,0,0
1,250,80.5,49.5,0,0
1,250,49.5,5,0,0
1,250,49.5,5.5,0,0
1,250,5,49,0,0
1,250,5.5,49,0,0
1,250,49,80,0,0
1,250,49,80.5,0,0
1,250,80,50,0,0
1,250,80.5,50,0,0
1,250,50,5,0,0
1,250,50,5.5,0,0
1,250,5,49.5,0,0
1,250,5.5,49.5,0,0
1,250,49.5,80,0,0
1,250,49.5,80.5,0,0
1,250,80,50.5,0,0
1,250,80.5,50.5,0,0
1,250,50.5,5,0,0
1,250,50.5,5.5,0,0
1,250,5,50,0,0
1,250,5.5,50,0,0
1,250,50,80,0,0
1,250,50,80.5,0,0
1,250,80,51,0,0
1,250,80.5,51,0,0
1,250,51,5,0,0
1,250,51,5.5,0,0
1,250,5,50.5,0,0
1,250,5.5,50.5,0,0
1,250,50.5,80,0,0
1,250,50.5,80.5,0,0
1,250,80,51.5,0,0
1,250,80.5,51.5,0,0
1,250,51.5,5,0,0
1,250,51.5,5.5,0,0
1,250,5,51,0,0
1,250,5.5,51,0,0
1,250,51,80,0,0
1,250,51,80.5,0,0
1,250,80,52,0,0
1,250,80.5,52,0,0
1,250,52,5,0,0
1,250,52,5.5,0,0
1,250,5,51.5,0,0
1,250,5.5,51.5,0,0
1,250,51.5,80,0,0
1,250,51.5,80.5,0,0
1,250,80,52.5,0,0
1,250,80.5,52.5,0,0
1,250,52.5,5,0,0
1,250,52.5,5.5,0,0
1,250,5,52,0,0
1,250,5.5,52,0,0
1,250,52,80,0,0
1,250,52,80.5,0,0
1,250,80,53,0,0
1,250,80.5,53,0,0
1,250,53,5,0,0
1,250,53,5.5,0,0
1,250,5,52.5,0,0
1,250,5.5,52.5,0,0
1,250,52.5,80,0,0
1,250,52.5,80.5,0,0
1,250,80,53.5,0,0
1,250,80.5,53.5,0,0
1,250,53.5,5,0,0
1,250,53.5,5.5,0,0
1,250,5,53,0,0
1,250,5.5,53,0,0
1,250,53,80,0,0
1,250,53,80.5,0,0
1,250,80,54,0,0
1,250,80.5,54,0,0
1,250,54,5,0,0
1,250,54,5.5,0,0
1,250,5,53.5,0,0
1,250,5.5,53.5,0,0
1,250,53.5,80,0,0
1,250,53.5,80.5,0,0
1,250,80,54.5,0,0
1,250,80.5,54.5,0,0
1,250,54.5,5,0,0
1,250,54.5,5.5,0,0
1,250,5,54,0,0
1,250,5.5,54,0,0
1,250,54,80,0,0
1,250,54,80.5,0,0
1,250,80,55,0,0
1,250,80.5,55,0,0
1,250,55,5,0,0
1,250,55,5.5,0,0
1,250,5,54.5,0,0
1,250,5.5,54.5,0,0
1,250,54.5,80,0,0
1,250,54.5,80.5,0,0
1,250,80,55.5,0,0
1,250,80.5,55.5,0,0
1,250,55.5,5,0,0
1,250,55.5,5.5,0,0
1,250,5,55,0,0
1,250,5.5,55,0,0
1,250,55,80,0,0
1,250,55,80.5,0,0
1,250,80,56,0,0
1,250,80.5,56,0,0
1,250,56,5,0,0
1,250,56,5.5,0,0
1,250,5,55.5,0,0
1,250,5.5,55.5,0,0
1,250,55.5,80,0,0
1,250,55.5,80.5,0,0
1,250,80,56.5,0,0
1,250,80.5,56.5,0,0
1,250,56.5,5,0,0
1,250,56.5,5.5,0,0
1,250,5,56,0,0
1,250,5.5,56,0,0
1,250,56,80,0,0
1,250,56,80.5,0,0
1,250,80,57,0,0
1,250,80.5,57,0,0
1,250,57,5,0,0
1,250,57,5.5,0,0
1,250,5,56.5,0,0
1,250,5.5,56.5,0,0
1,250,56.5,80,0,0
1,250,56.5,80.5,0,0
1,250,80,57.5,0,0
1,250,80.5,57.5,0,0
1,250,57.5,5,0,0
1,250,57.5,5.5,0,0
1,250,5,57,0,0
1,250,5.5,57,0,0
1,250,57,80,0,0
1,250,57,80.5,0,0
1,250,80,58,0,0
1,250,80.5,58,0,0
1,250,58,5,0,0
1,250,58,5.5,0,0
1,250,5,57.5,0,0
1,250,5.5,57.5,0,0
1,250,57.5,80,0,0
1,250,57.5,80.5,0,0
1,250,80,58.5,0,0
1,250,80.5,58.5,0,0
1,250,58.5,5,0,0
1,250,58.5,5.5,0,0
1,250,5,58,0,0
1,250,5.5,58,0,0
1,250,58,80,0,0
1,250,58,80.5,0,0
1,250,80,59,0,0
1,250,80.5,59,0,0
1,250,59,5,0,0
1,250,59,5.5,0,0
1,250,5,58.5,0,0
1,250,5.5,58.5,0,0
1,250,58.5,80,0,0
1,250,58.5,80.5,0,0
1,250,80,59.5,0,0
1,250,80.5,59.5,0,0
1,250,59.5,5,0,0
1,250,59.5,5.5,0,0
1,250,5,59,0,0
1,250,5.5,59,0,0
1,250,59,80,0,0
1,250,59,80.5,0,0
1,250,80,60,0,0
1,250,80.5,60,0,0
1,250,60,5,0,0
1,250,60,5.5,0,0
1,250,5,59.5,0,0
1,250,5.5,59.5,0,0
1,250,59.5,80,0,0
1,250,59.5,80.5,0,0
1,250,80,60.5,0,0
1,250,80.5,60.5,0,0
1,250,60.5,5,0,0
1,250,60.5,5.5,0,0
1,250,5,60,0,0
1,250,5.5,60,0,0
1,250,60,80,0,0
1,250,60,80.5,0,0
1,250,80,61,0,0
1,250,80.5,61,0,0
1,250,61,5,0,0
1,250,61,5.5,0,0
1,250,5,60.5,0,0
1,250,5.5,60.5,0,0
1,250,60.5,80,0,0
1,250,60.5,80.5,0,0
1,250,80,61.5,0,0
1,250,80.5,61.5,0,0
1,250,61.5,5,0,0
1,250,61.5,5.5,0,0
1,250,5,61,0,0
1,250,5.5,61,0,0
1,250,61,80,0,0
1,250,61,80.5,0,0
1,250,80,62,0,0
1,250,80.5,62,0,0
1,250,62,5,0,0
1,250,62,5.5,0,0
1,250,5,61.5,0,0
1,250,5.5,61.5,0,0
1,250,61.5,80,0,0
1,250,61.5,80.5,0,0
1,250,80,62.5,0,0
1,250,80.5,62.5,0,0
1,250,62.5,5,0,0
1,250,62.5,5.5,0,0
1,250,5,62,0,0
1,250,5.5,62,0,0
1,250,62,80,0,0
1,250,62,80.5,0,0
1,250,80,63,0,0
1,250,80.5,63,0,0
1,250,63,5,0,0
1,250,63,5.5,0,0
1,250,5,62.5,0,0
1,250,5.5,62.5,0,0
1,250,62.5,80,0,0
1,250,62.5,80.5,0,0
1,250,80,63.5,0,0
1,250,80.5,63.5,0,0
1,250,63.5,5,0,0
1,250,63.5,5.5,0,0
1,250,5,63,0,0
1,250,5.5,63,0,0
1,250,63,80,0,0
1,250,63,80.5,0,0
1,250,80,64,0,0
1,250,80.5,64,0,0
1,250,64,5,0,0
1,250,64,5.5,0,0
1,250,5,63.5,0,0
1,250,5.5,63.5,0,0
1,250,63.5,80,0,0
1,250,63.5,80.5,0,0
1,250,80,64.5,0,0
1,250,80.5,64.5,0,0
1,250,64.5,5,0,0
1,250,64.5,5.5,0,0
1,250,5,64,0,0
1,250,5.5,64,0,0
1,250,64,80,0,0
1,250,64,80.5,0,0
1,250,80,65,0,0
1,250,80.5,65,0,0
1,250,65,5,0,0
1,250,65,5.5,0,0
1,250,5,64.5,0,0
1,250,5.5,64.5,0,0
1,250,64.5,80,0,0
1,250,64.5,80.5,0,0
1,250,80,65.5,0,0
1,250,80.5,65.5,0,0
1,250,65.5,5,0,0
1,250,65.5,5.5,0,0
1,250,5,65,0,0
1,250,5.5,65,0,0
1,250,65,80,0,0
1,250,65,80.5,0,0
1,250,80,66,0,0
1,250,80.5,66,0,0
1,250,66,5,0,0
1,250,66,5.5,0,0
1,250,5,65.5,0,0
1,250,5.5,65.5,0,0
1,250,65.5,80,0,0
1,250,65.5,80.5,0,0
1,250,80,66.5,0,0
1,250,80.5,66.5,0,0
1,250,66.5,5,0,0
1,250,66.5,5.5,0,0
1,250,5,66,0,0
1,250,5.5,66,0,0
1,250,66,80,0,0
1,250,66,80.5,0,0
1,250,80,67,0,0
1,250,80.5,67,0,0
1,250,67,5,0,0
1,250,67,5.5,0,0
1,250,5,66.5,0,0
1,250,5.5,66.5,0,0
1,250,66.5,80,0,0
1,250,66.5,80.5,0,0
1,250,80,67.5,0,0
1,250,80.5,67.5,0,0
1,250,67.5,5,0,0
1,250,67.5,5.5,0,0
1,250,5,67,0,0
1,250,5.5,67,0,0
1,250,67,80,0,0
1,250,67,80.5,0,0
1,250,80,68,0,0
1,250,80.5,68,0,0
1,250,68,5,0,0
1,250,68,5.5,0,0
1,250,5,67.5,0,0
1,250,5.5,67.5,0,0
1,250,67.5,80,0,0
1,250,67.5,80.5,0,0
1,250,80,68.5,0,0
1,250,80.5,68.5,0,0
1,250,68.5,5,0,0
1,250,68.5,5.5,0,0
1,250,5,68,0,0
1,250,5.5,68,0,0
1,250,68,80,0,0
1,250,68,80.5,0,0
1,250,80,69,0,0
1,250,80.5,69,0,0
1,250,69,5,0,0
1,250,69,5.5,0,0
1,250,5,68.5,0,0
1,250,5.5,68.5,0,0
1,250,68.5,80,0,0
1,250,68.5,80.5,0,0
1,250,80,69.5,0,0
1,250,80.5,69.5,0,0
1,250,69.5,5,0,0
1,250,69.5,5.5,0,0
1,250,5,69,0,0
1,250,5.5,69,0,0
1,250,69,80,0,0
1,250,69,80.5,0,0
1,250,80,70,0,0
1,250,80.5,70,0,0
1,250,70,5,0,0
1,250,70,5.5,0,0
1,250,5,69.5,0,0
1,250,5.5,69.5,0,0
1,250,69.5,80,0,0
1,250,69.5,80.5,0,0
1,250,80,70.5,0,0
1,250,80.5,70.5,0,0
1,250,70.5,5,0,0
1,250,70.5,5.5,0,0
1,250,5,70,0,0
1,250,5.5,70,0,0
1,250,70,80,0,0
1,250,70,80.5,0,0
1,250,80,71,0,0
1,250,80.5,71,0,0
1,250,71,5,0,0
1,250,71,5.5,0,0
1,250,5,70.5,0,0
1,250,5.5,70.5,0,0
1,250,70.5,80,0,0
1,250,70.5,80.5,0,0
1,250,80,71.5,0,0
1,250,80.5,71.5,0,0
1,250,71.5,5,0,0
1,250,71.5,5.5,0,0
1,250,5,71,0,0
1,250,5.5,71,0,0
1,250,71,80,0,0
1,250,71,80.5,0,0
1,250,80,72,0,0
1,250,80.5,72,0,0
1,250,72,5,0,0
1,250,72,5.5,0,0
1,250,5,71.5,0,0
1,250,5.5,71.5,0,0
1,250,71.5,80,0,0
1,250,71.5,80.5,0,0
1,250,80,72.5,0,0
1,250,80.5,72.5,0,0
1,250,72.5,5,0,0
1,250,72.5,5.5,0,0
1,250,5,72,0,0
1,250,5.5,72,0,0
1,250,72,80,0,0
1,250,72,80.5,0,0
1,250,80,73,0,0
1,250,80.5,73,0,0
1,250,73,5,0,0
1,250,73,5.5,0,0
1,250,5,72.5,0,0
1,250,5.5,72.5,0,0
1,250,72.5,80,0,0
1,250,72.5,80.5,0,0
1,250,80,73.5,0,0
1,250,80.5,73.5,0,0
1,250,73.5,5,0,0
1,250,73.5,5.5,0,0
1,250,5,73,0,0
1,250,5.5,73,0,0
1,250,73,80,0,0
1,250,73,80.5,0,0
1,250,80,74,0,0
1,250,80.5,74,0,0
1,250,74,5,0,0
1,250,74,5.5,0,0
1,250,5,73.5,0,0
1,250,5.5,73.5,0,0
1,250,73.5,80,0,0
1,250,73.5,80.5,0,0
1,250,80,74.5,0,0
1,250,80.5,74.5,0,0
1,250,74.5,5,0,0
1,250,74.5,5.5,0,0
1,250,5,74,0,0
1,250,5.5,74,0,0
1,250,74,80,0,0
1,250,74,80.5,0,0
1,250,80,75,0,0
1,250,80.5,75,0,0
1,250,75,5,0,0
1,250,75,5.5,0,0
1,250,5,74.5,0,0
1,250,5.5,74.5,0,0
1,250,74.5,80,0,0
1,250,74.5,80.5,0,0
1,250,80,75.5,0,0
1,250,80.5,75.5,0,0
1,250,75.5,5,0,0
1,250,75.5,5.5,0,0
1,250,5,75,0,0
1,250,5.5,75,0,0
1,250,75,80,0,0
1,250,75,80.5,0,0
1,250,80,76,0,0
1,250,80.5,76,0,0
1,250,76,5,0,0
1,250,76,5.5,0,0
1,250,5,75.5,0,0
1,250,5.5,75.5,0,0
1,250,75.5,80,0,0
1,250,75.5,80.5,0,0
1,250,80,76.5,0,0
1,250,80.5,76.5,0,0
1,250,76.5,5,0,0
1,250,76.5,5.5,0,0
1,250,5,76,0,0
1,250,5.5,76,0,0
1,250,76,80,0,0
1,250,76,80.5,0,0
1,250,80,77,0,0
1,250,80.5,77,0,0
1,250,77,5,0,0
1,250,77,5.5,0,0
1,250,5,76.5,0,0
1,250,5.5,76.5,0,0
1,250,76.5,80,0,0
1,250,76.5,80.5,0,0
1,250,80,77.5,0,0
1,250,80.5,77.5,0,0
1,250,77.5,5,0,0
1,250,77.5,5.5,0,0
1,250,5,77,0,0
1,250,5.5,77,0,0
1,250,77,80,0,0
1,250,77,80.5,0,0
1,250,80,78,0,0
1,250,80.5,78,0,0
1,250,78,5,0,0
1,250,78,5.5,0,0
1,250,5,77.5,0,0
1,250,5.5,77.5,0,0
1,250,77.5,80,0,0
1,250,77.5,80.5,0,0
1,250,80,78.5,0,0
1,250,80.5,78.5,0,0
1,250,78.5,5,0,0
1,250,78.5,5.5,0,0
1,250,5,78,0,0
1,250,5.5,78,0,0
1,250,78,80,0,0
1,250,78,80.5,0,0
1,250,80,79,0,0
1,250,80.5,79,0,0
1,250,79,5,0,0
1,250,79,5.5,0,0
1,250,5,78.5,0,0
1,250,5.5,78.5,0,0
1,250,78.5,80,0,0
1,250,78.5,80.5,0,0
1,250,80,79.5,0,0
1,250,80.5,79.5,0,0
1,250,79.5,5,0,0
1,250,79.5,5.5,0,0
1,250,5,79,0,0
1,250,5.5,79,0,0
1,250,79,80,0,0
1,250,79,80.5,0,0
1,250,80,80,0,0
1,250,80.5,80,0,0
1,250,80,5,0,0
1,250,80,5.5,0,0
1,250,5,79.5,0,0
1,250,5.5,79.5,0,0
1,250,79.5,80,0,0
1,250,79.5,80.5,0,0
1,250,80,80.5,0,0
1,250,80.5,80.5,0,0
1,250,80.5,5,0,0
1,250,80.5,5.5,0,0
1,250,31,6,0,0
1,250,31.5,6,0,0
1,250,31,6.5,0,0
1,250,31.5,6.5,0,0
1,250,31,7,0,0
1,250,31.5,7,0,0
1,250,31,7.5,0,0
1,250,31.5,7.5,0,0
1,250,31,8,0,0
1,250,31.5,8,0,0
1,250,31,8.5,0,0
1,250,31.5,8.5,0,0
1,250,31,9,0,0
1,250,31.5,9,0,0
1,250,31,9.5,0,0
1,250,31.5,9.5,0,0
1,250,31,10,0,0
1,250,31.5,10,0,0
1,250,31,10.5,0,0
1,250,31.5,10.5,0,0
1,250,31,11,0,0
1,250,31.5,11,0,0
1,250,31,11.5,0,0
1,250,31.5,11.5,0,0
1,250,31,12,0,0
1,250,31.5,12,0,0
1,250,31,12.5,0,0
1,250,31.5,12.5,0,0
1,250,31,13,0,0
1,250,31.5,13,0,0
1,250,31,13.5,0,0
1,250,31.5,13.5,0,0
1,250,31,14,0,0
1,250,31.5,14,0,0
1,250,31,14.5,0,0
1,250,31.5,14.5,0,0
1,250,31,15,0,0
1,250,31.5,15,0,0
1,250,31,15.5,0,0
1,250,31.5,15.5,0,0
1,250,31,16,0,0
1,250,31.5,16,0,0
1,250,31,16.5,0,0
1,250,31.5,16.5,0,0
1,250,31,17,0,0
1,250,31.5,17,0,0
1,250,31,17.5,0,0
1,250,31.5,17.5,0,0
1,250,31,18,0,0
1,250,31.5,18,0,0
1,250,31,18.5,0,0
1,250,31.5,18.5,0,0
1,250,31,19,0,0
1,250,31.5,19,0,0
1,250,31,19.5,0,0
1,250,31.5,19.5,0,0
1,250,31,20,0,0
1,250,31.5,20,0,0
1,250,31,20.5,0,0
1,250,31.5,20.5,0,0
1,250,31,21,0,0
1,250,31.5,21,0,0
1,250,31,21.5,0,0
1,250,31.5,21.5,0,0
1,250,31,22,0,0
1,250,31.5,22,0,0
1,250,31,22.5,0,0
1,250,31.5,22.5,0,0
1,250,31,23,0,0
1,250,31.5,23,0,0
1,250,31,23.5,0,0
1,250,31.5,23.5,0,0
1,250,31,24,0,0
1,250,31.5,24,0,0
1,250,31,24.5,0,0
1,250,31.5,24.5,0,0
1,250,31,25,0,0
1,250,31.5,25,0,0
1,250,31,25.5,0,0
1,250,31.5,25.5,0,0
1,250,31,26,0,0
1,250,31.5,26,0,0
1,250,31,26.5,0,0
1,250,31.5,26.5,0,0
1,250,31,27,0,0
1,250,31.5,27,0,0
1,250,31,27.5,0,0
1,250,31.5,27.5,0,0
1,250,31,28,0,0
1,250,31.5,28,0,0
1,250,31,28.5,0,0
1,250,31.5,28.5,0,0
1,250,31,29,0,0
1,250,31.5,29,0,0
1,250,31,29.5,0,0
1,250,31.5,29.5,0,0
1,250,31,30,0,0
1,250,31.5,30,0,0
1,250,31,30.5,0,0
1,250,31.5,30.5,0,0
1,250,31,31,0,0
1,250,31.5,31,0,0
1,250,31,31.5,0,0
1,250,31.5,31.5,0,0
1,250,31,32,0,0
1,250,31.5,32,0,0
1,250,31,32.5,0,0
1,250,31.5,32.5,0,0
1,250,31,33,0,0
1,250,31.5,33,0,0
1,250,31,33.5,0,0
1,250,31.5,33.5,0,0
1,250,31,34,0,0
1,250,31.5,34,0,0
1,250,31,34.5,0,0
1,250,31.5,34.5,0,0
1,250,31,35,0,0
1,250,31.5,35,0,0
1,250,31,35.5,0,0
1,250,31.5,35.5,0,0
1,250,31,36,0,0
1,250,31.5,36,0,0
1,250,31,36.5,0,0
1,250,31.5,36.5,0,0
1,250,31,37,0,0
1,250,31.5,37,0,0
1,250,31,37.5,0,0
1,250,31.5,37.5,0,0
1,250,31,38,0,0
1,250,31.5,38,0,0
1,250,31,38.5,0,0
1,250,31.5,38.5,0,0
1,250,31,39,0,0
1,250,31.5,39,0,0
1,250,31,39.5,0,0
1,250,31.5,39.5,0,0
1,250,31,40,0,0
1,250,31.5,40,0,0
1,250,31,40.5,0,0
1,250,31.5,40.5,0,0
1,250,31,41,0,0
1,250,31.5,41,0,0
1,250,31,41.5,0,0
1,250,31.5,41.5,0,0
1,250,31,42,0,0
1,250,31.5,42,0,0
1,250,31,42.5,0,0
1,250,31.5,42.5,0,0
1,250,31,43,0,0
1,250,31.5,43,0,0
1,250,31,43.5,0,0
1,250,31.5,43.5,0,0
1,250,31,44,0,0
1,250,31.5,44,0,0
1,250,31,44.5,0,0
1,250,31.5,44.5,0,0
1,250,31,45,0,0
1,250,31.5,45,0,0
1,250,31,45.5,0,0
1,250,31.5,45.5,0,0
1,250,31,46,0,0
1,250,31.5,46,0,0
1,250,31,46.5,0,0
1,250,31.5,46.5,0,0
1,250,31,47,0,0
1,250,31.5,47,0,0
1,250,31,47.5,0,0
1,250,31.5,47.5,0,0
1,250,31,48,0,0
1,250,31.5,48,0,0
1,250,31,48.5,0,0
1,250,31.5,48.5,0,0
1,250,31,49,0,0
1,250,31.5,49,0,0
1,250,31,49.5,0,0
1,250,31.5,49.5,0,0
1,250,31,50,0,0
1,250,31.5,50,0,0
1,250,31,50.5,0,0
1,250,31.5,50.5,0,0
1,250,31,51,0,0
1,250,31.5,51,0,0
1,250,31,51.5,0,0
1,250,31.5,51.5,0,0
1,250,31,52,0,0
1,250,31.5,52,0,0
1,250,31,52.5,0,0
1,250,31.5,52.5,0,0
1,250,31,53,0,0
1,250,31.5,53,0,0
1,250,31,53.5,0,0
1,250,31.5,53.5,0,0
1,250,31,54,0,0
1,250,31.5,54,0,0
1,250,31,54.5,0,0
1,250,31.5,54.5,0,0
1,250,31,55,0,0
1,250,31.5,55,0,0
1,250,31,55.5,0,0
1,250,31.5,55.5,0,0
1,250,31,56,0,0
1,250,31.5,56,0,0
1,250,31,56.5,0,0
1,250,31.5,56.5,0,0
1,250,31,57,0,0
1,250,31.5,57,0,0
1,250,31,57.5,0,0
1,250,31.5,57.5,0,0
1,250,31,58,0,0
1,250,31.5,58,0,0
1,250,31,58.5,0,0
1,250,31.5,58.5,0,0
1,250,31,59,0,0
1,250,31.5,59,0,0
1,250,31,59.5,0,0
1,250,31.5,59.5,0,0
1,250,31,60,0,0
1,250,31.5,60,0,0
1,250,31,60.5,0,0
1,250,31.5,60.5,0,0
1,250,31,61,0,0
1,250,31.5,61,0,0
1,250,31,61.5,0,0
1,250,31.5,61.5,0,0
1,250,31,62,0,0
1,250,31.5,62,0,0
1,250,31,62.5,0,0
1,250,31.5,62.5,0,0
1,250,31,63,0,0
1,250,31.5,63,0,0
1,250,31,63.5,0,0
1,250,31.5,63.5,0,0
1,250,31,64,0,0
1,250,31.5,64,0,0
1,250,31,64.5,0,0
1,250,31.5,64.5,0,0
1,250,31,65,0,0
1,250,31.5,65,0,0
1,250,31,65.5,0,0
1,250,31.5,65.5,0,0
1,250,31,66,0,0
1,250,31.5,66,0,0
1,250,31,66.5,0,0
1,250,31.5,66.5,0,0
1,250,31,67,0,0
1,250,31.5,67,0,0
1,250,31,67.5,0,0
1,250,31.5,67.5,0,0
1,250,31,68,0,0
1,250,31.5,68,0,0
1,250,31,68.5,0,0
1,250,31.5,68.5,0,0
