11534 2 0.1 5000 0.2 0 2 0 0.001 0 9.81 21 21
0,10,1.36512,16.3455,-0.0294723,-0.328779
0,10,1.63888,16.6783,-0.0794879,-0.322987
0,10,1.48816,16.6993,-0.0800573,-0.318442
0,10,6.11015,19.3131,-0.57168,-0.102012
0,10,6.50608,18.9338,-0.593152,-0.0575256
0,10,0.486281,17.5773,0.00395796,-0.0417729
0,10,6.72137,18.6117,-0.611961,-0.0596158
0,10,2.93813,19.9301,-0.0423667,-0.0654785
0,10,0.930447,18.0222,-0.0473281,-0.0707483
0,10,1.27082,16.3305,-0.0332275,-0.316035
0,10,2.5314,17.1445,-0.129524,-0.358875
0,10,2.00999,16.9786,-0.116406,-0.316431
0,10,2.16333,17.2177,-0.131323,-0.342707
0,10,1.70541,16.3322,-0.0528305,-0.314518
0,10,1.83084,16.599,-0.0781724,-0.304075
0,10,1.55904,16.7656,-0.0764244,-0.317613
0,10,3.1006,17.2806,-0.201021,-0.299732
0,10,1.69538,17.081,-0.111617,-0.313968
0,10,1.74629,16.9916,-0.109226,-0.321735
0,10,3.21437,16.2796,-0.148036,-0.390536
0,10,2.06085,17.1826,-0.13076,-0.310189
0,10,1.5506,16.9317,-0.0908457,-0.308058
0,10,2.4763,17.2264,-0.129708,-0.360353
0,10,2.82723,17.2287,-0.171012,-0.3178
0,10,1.85808,17.1395,-0.125659,-0.304362
0,10,3.10466,17.1781,-0.16433,-0.306244
0,10,2.60606,17.2129,-0.139541,-0.355146
0,10,1.93899,17.0572,-0.124293,-0.299074
0,10,2.38837,19.6127,-0.0110536,-0.0147591
0,10,2.25244,17.1517,-0.146017,-0.374717
0,10,3.65318,19.9349,-0.146305,-0.0921472
0,10,2.90862,17.2816,-0.18427,-0.306666
0,10,3.49905,16.6965,-0.157173,-0.349127
0,10,3.00833,17.2216,-0.174385,-0.308704
0,10,10.1976,15.6587,-0.648143,-0.095813
0,10,3.30768,16.7822,-0.13888,-0.332721
0,10,3.14107,17.0523,-0.152256,-0.298275
0,10,4.06501,16.2176,-0.225617,-0.430561
0,10,3.27513,17.0673,-0.154606,-0.302175
0,10,0.681289,17.9119,-0.0252142,-0.0300602
0,10,11.1962,15.5221,-0.652068,0.000261791
0,10,3.20193,17.2335,-0.193365,-0.289889
0,10,3.19184,17.3344,-0.213472,-0.286717
0,10,1.60368,16.3522,-0.0497401,-0.321608
0,10,3.21959,16.873,-0.132434,-0.307758
0,10,1.80561,16.4152,-0.052235,-0.308323
0,10,3.56524,16.6118,-0.153232,-0.352778
0,10,3.37218,17.0372,-0.151508,-0.301279
0,10,3.47468,17.196,-0.202341,-0.283235
0,10,2.78895,19.7632,-0.057387,-0.0743367
0,10,1.27497,16.4377,-0.0437633,-0.305936
0,10,0.495686,14.9747,1.22047e-37,0.297312
0,10,3.69242,16.7748,-0.181253,-0.328737
0,10,3.94122,16.6367,-0.216296,-0.352261
0,10,2.9571,19.8212,-0.0631794,-0.0484445
0,10,0.597248,16.7962,0.00700032,-0.0972489
0,10,1.6939,16.5807,-0.0661338,-0.318563
0,10,2.25677,19.3504,-0.0543689,-0.0238941
0,10,1.74546,18.8253,-0.0845576,-0.0988609
0,10,5.53275,19.6281,-0.454092,-0.0493209
0,10,6.49811,18.4644,-0.585633,-0.087881
0,10,3.06513,19.8041,-0.114961,-0.089328
0,10,6.12618,19.0477,-0.584637,-0.0949516
0,10,4.05099,20.0415,-0.142728,0.000735572
0,10,6.45383,18.1723,-0.565522,-0.122591
0,10,3.24397,19.7853,-0.152099,-0.0427865
0,10,6.55026,18.0957,-0.568109,-0.136574
0,10,6.92174,18.7754,-0.556347,-0.0472322
0,10,4.23301,19.7598,-0.300877,-0.0813311
0,10,3.01661,19.9989,-0.054098,-0.0452671
0,10,4.33942,19.7723,-0.338666,-0.0358139
0,10,2.46358,19.6819,-0.0126699,-0.0159284
0,10,5.08884,19.7619,-0.37722,-0.0213522
0,10,5.78838,19.5238,-0.47684,-0.0375811
0,10,4.78596,19.6886,-0.375332,-0.0203793
0,10,6.81687,18.6414,-0.609297,-0.0650518
0,10,6.57998,18.8575,-0.582177,-0.0435575
0,10,6.08095,19.2157,-0.58173,-0.11012
0,10,2.69533,17.2609,-0.158828,-0.328047
0,10,1.8728,16.7039,-0.0678067,-0.302151
0,10,2.5644,17.2971,-0.137518,-0.344894
0,10,5.93369,19.3739,-0.556387,-0.11281
0,10,1.9685,16.5346,-0.0614062,-0.322171
0,10,2.18964,16.621,-0.0904516,-0.337189
0,10,2.78852,16.8141,-0.0714543,-0.342998
0,10,1.66937,16.9168,-0.0940107,-0.320873
0,10,1.59225,16.8453,-0.0818826,-0.312886
0,10,2.68616,16.994,-0.105102,-0.348874
0,10,1.96602,17.1586,-0.126971,-0.305498
0,10,1.78528,16.7441,-0.0768626,-0.311857
0,10,2.65334,17.1243,-0.135955,-0.358
0,10,3.1093,16.7347,-0.0888247,-0.342423
0,10,1.80215,16.917,-0.0928064,-0.316753
0,10,2.74144,17.1707,-0.154541,-0.330404
0,10,3.53488,16.4466,-0.150911,-0.388241
0,10,1.80358,17.236,-0.126187,-0.299145
0,10,2.84796,17.0275,-0.121693,-0.331425
0,10,2.36797,17.2166,-0.127103,-0.363275
0,10,2.7869,16.9492,-0.102036,-0.342892
0,10,2.84015,17.1249,-0.149494,-0.32139
0,10,3.03906,17.0029,-0.130293,-0.31273
0,10,2.85684,16.8826,-0.0867338,-0.33374
0,10,2.93223,17.1718,-0.165239,-0.308801
0,10,3.04704,17.1047,-0.161056,-0.305982
0,10,2.96599,16.8908,-0.0907278,-0.330399
0,10,3.12999,16.8372,-0.110269,-0.321414
0,10,3.26382,16.9777,-0.131924,-0.306776
0,10,2.0472,17.2764,-0.146668,-0.310686
0,10,2.95161,17.075,-0.15033,-0.317845
0,10,3.59488,16.5272,-0.176303,-0.374999
0,10,3.29444,17.1819,-0.180508,-0.285592
0,10,3.3164,16.8866,-0.138715,-0.326637
0,10,3.83832,16.44,-0.198255,-0.38477
0,10,3.30286,16.6826,-0.120767,-0.352062
0,10,4.29752,16.3298,-0.295643,-0.37074
0,10,3.52981,16.7885,-0.167556,-0.332721
0,10,3.60646,16.714,-0.175497,-0.334935
0,10,1.01634,16.3384,-0.00753659,-0.296846
0,10,3.57333,17.2475,-0.219535,-0.269018
0,10,3.40666,16.8151,-0.145567,-0.335333
0,10,0.51212,16.9537,-0.00401783,-0.053179
0,10,1.00367,18.1007,-0.0499533,-0.0853039
0,10,0.607568,17.7344,-0.0297426,-0.0323175
0,10,1.15077,18.3815,-0.0671109,-0.0609903
0,10,1.67111,18.7502,-0.0900415,-0.0908814
0,10,1.45987,18.5389,-0.104345,-0.0828191
0,10,0.563981,17.5054,0.0339455,-0.0400417
0,10,2.20237,19.2654,-0.0167222,-0.0577362
0,10,2.96884,19.7209,-0.089984,-0.0644597
0,10,5.41327,19.4851,-0.449931,-0.0700723
0,10,1.97492,19.0587,-0.0558802,-0.0617833
0,10,3.47506,19.9446,-0.164628,-0.0895509
0,10,3.55647,19.9081,-0.156501,-0.0699597
0,10,2.72328,19.679,-0.0478816,-0.0821279
0,10,3.92609,19.876,-0.161854,-0.0549118
0,10,6.40797,18.5416,-0.594839,-0.0921563
0,10,6.57598,18.2868,-0.594549,-0.109774
0,10,6.66737,18.2135,-0.603272,-0.117309
0,10,7.00728,18.9829,-0.611385,-0.10036
0,10,7.00503,18.6109,-0.627341,-0.098357
0,10,6.43718,18.083,-0.53594,-0.149994
0,10,6.25945,19.416,-0.579372,-0.0819332
0,10,6.49492,19.1953,-0.589928,-0.0284053
0,10,5.19647,19.815,-0.376319,-0.0235338
0,10,3.36022,20.103,-0.0727118,-0.0451552
0,10,2.53382,19.7554,-0.0166836,-0.0282448
0,10,3.12534,19.9457,-0.0680783,0.0160966
0,10,5.69607,19.4792,-0.456076,-0.0629395
0,10,6.70792,18.5085,-0.615926,-0.068352
0,10,6.54244,19.0331,-0.607069,-0.0424252
0,10,0.761672,17.9843,-0.0283288,-0.0303427
0,10,2.03524,16.4682,-0.0793017,-0.343954
0,10,0.840086,16.4556,-0.0222872,-0.270464
0,10,0.610726,16.9685,-0.0127065,-0.087604
0,10,6.65672,18.7829,-0.594837,-0.0349292
0,10,3.47192,16.5821,-0.141941,-0.36596
0,10,2.74588,17.0657,-0.122023,-0.338212
0,10,2.90846,16.7965,-0.0783157,-0.338539
0,10,4.1235,16.2607,-0.2313,-0.409321
0,10,1.88346,16.981,-0.115011,-0.301782
0,10,3.68455,16.2619,-0.199975,-0.414861
0,10,2.40971,17.1378,-0.127746,-0.36496
0,10,2.60604,16.8573,-0.0823018,-0.369245
0,10,4.89307,16.3078,-0.415877,-0.349562
0,10,2.70833,16.8915,-0.0890145,-0.349682
0,10,3.75016,16.4738,-0.180825,-0.358256
0,10,3.19878,16.661,-0.100203,-0.354654
0,10,3.94773,16.4265,-0.227739,-0.402037
0,10,3.02602,16.8106,-0.0922299,-0.337791
0,10,3.65348,16.4455,-0.165094,-0.386429
0,10,3.21253,16.762,-0.115884,-0.333446
0,10,3.4526,16.4902,-0.146024,-0.380009
0,10,3.3845,16.618,-0.131334,-0.365916
0,10,3.64097,16.3546,-0.182084,-0.394887
0,10,3.27382,16.5815,-0.111547,-0.365476
0,10,2.93005,16.975,-0.112881,-0.328387
0,10,5.44718,16.1214,-0.474105,-0.299331
0,10,3.40917,16.7186,-0.147184,-0.34546
0,10,4.06519,16.361,-0.263011,-0.412239
0,10,2.78137,17.3151,-0.179892,-0.310778
0,10,1.62477,17.0076,-0.103843,-0.310088
0,10,3.16495,16.9657,-0.127142,-0.298474
0,10,3.67568,16.6492,-0.17347,-0.339446
0,10,3.93856,16.5323,-0.213807,-0.375743
0,10,3.07171,16.918,-0.10934,-0.314857
0,10,0.770122,17.5986,-0.0341048,-0.0653287
0,10,3.69455,16.5602,-0.200873,-0.362022
0,10,1.67703,16.4242,-0.0385773,-0.314892
0,10,0.499943,17.0515,-0.00810935,-0.0370389
0,10,1.51038,16.5608,-0.0662868,-0.323405
0,10,4.42665,16.3383,-0.3286,-0.363284
0,10,1.97913,18.9353,-0.107636,-0.0864888
0,10,2.81459,19.6404,-0.0688121,-0.105022
0,10,2.29413,19.2178,-0.0493768,-0.0896221
0,10,3.71379,19.851,-0.155589,-0.0904304
0,10,3.40716,19.7419,-0.189327,-0.0714195
0,10,3.44186,19.8431,-0.171009,-0.0896146
0,10,1.59898,18.6775,-0.0993832,-0.0793951
0,10,2.87586,19.7298,-0.0724735,-0.0897817
0,10,3.25718,19.8983,-0.20261,-0.0213121
0,10,3.31204,19.7062,-0.168571,-0.0766932
0,10,3.81841,19.8637,-0.147865,-0.0974297
0,10,3.87748,19.7756,-0.195352,-0.0885583
0,10,2.65775,19.6018,-0.0317148,-0.0814103
0,10,4.58939,19.6338,-0.356716,-0.00643066
0,10,6.36822,18.8146,-0.570117,-0.085694
0,10,3.36672,19.9198,-0.169201,-0.0782994
0,10,4.86353,19.6079,-0.398825,-0.0349747
0,10,6.24077,19.0626,-0.57632,-0.0930904
0,10,6.52946,18.657,-0.562568,-0.069379
0,10,5.86007,19.4439,-0.498715,-0.0458617
0,10,6.41705,17.989,-0.520316,-0.156674
0,10,6.39867,18.9123,-0.579068,-0.0799002
0,10,6.47048,18.2687,-0.581656,-0.115302
0,10,6.75933,18.1425,-0.607601,-0.147579
0,10,6.72668,18.9788,-0.592316,-0.0080067
0,10,6.98483,18.8445,-0.566389,-0.0475639
0,10,6.89165,18.3667,-0.642169,-0.0947578
0,10,6.37302,19.4421,-0.57709,-0.0602591
0,10,3.34279,20.2037,-0.0341316,-0.0169933
0,10,3.54276,20.2157,-0.0698496,-0.0481632
0,10,3.02563,20.1234,-0.0745001,0.0159562
0,10,5.42953,19.5881,-0.452129,-0.0581968
0,10,2.29775,16.4058,-0.0833474,-0.340492
0,10,2.265,16.5426,-0.0706263,-0.338948
0,10,2.3939,16.3022,-0.0830303,-0.348676
0,10,1.83982,16.8279,-0.0775105,-0.31595
0,10,4.44882,16.2032,-0.365555,-0.405957
0,10,2.88271,16.6138,-0.0883196,-0.343983
0,10,2.19808,16.4191,-0.0710295,-0.337858
0,10,1.98231,16.7024,-0.076812,-0.322694
0,10,5.11761,16.2126,-0.43143,-0.340748
0,10,4.67068,16.1954,-0.381731,-0.37564
0,10,5.00707,16.1532,-0.429483,-0.371888
0,10,2.59185,16.9513,-0.093615,-0.370977
0,10,4.24559,16.2116,-0.317504,-0.426248
0,10,5.75911,16.1113,-0.498026,-0.296269
0,10,5.5011,19.4175,-0.452039,-0.0687909
0,10,1.84951,17.3239,-0.135882,-0.291534
0,10,3.98347,16.3364,-0.225812,-0.418703
0,10,0.697996,16.7581,-0.0189673,-0.155128
0,10,7.35774,15.9363,-0.508206,-0.225219
0,10,4.74274,19.4763,-0.411445,-0.0402781
0,10,6.22287,16.0578,-0.497178,-0.264754
0,10,3.76808,16.7101,-0.190201,-0.347396
0,10,4.37667,16.2554,-0.346339,-0.375828
0,10,6.5356,16.0041,-0.503437,-0.245626
0,10,4.8448,19.5028,-0.418871,-0.0439231
0,10,3.47615,16.8738,-0.16227,-0.320061
0,10,1.24146,18.2183,-0.0921183,-0.0791071
0,10,1.92637,16.4404,-0.0646469,-0.324042
0,10,1.76289,18.5767,-0.14912,-0.134477
0,10,0.718735,16.9254,-0.0162067,-0.142024
0,10,1.16635,18.1444,-0.0755909,-0.0848189
0,10,3.8502,16.5488,-0.198546,-0.362402
0,10,4.59436,16.2011,-0.380759,-0.386897
0,10,0.857695,17.9479,-0.0441218,-0.0579283
0,10,2.05827,19.0089,-0.0975975,-0.0746601
0,10,2.67298,19.4936,-0.0697363,-0.0904703
0,10,2.35041,17.3215,-0.132905,-0.360408
0,10,2.14729,18.9685,-0.120151,-0.079318
0,10,1.3121,18.4107,-0.0827076,-0.0511004
0,10,1.38792,18.4762,-0.0901676,-0.0735314
0,10,0.617958,17.8221,-0.0123036,-0.0262176
0,10,1.25985,18.1042,-0.0939526,-0.110381
0,10,1.234,18.3419,-0.0768681,-0.0456571
0,10,3.33635,19.8225,-0.187974,-0.0481894
0,10,3.93953,19.6974,-0.224473,-0.103724
0,10,0.911763,18.1359,-0.0350291,-0.0471671
0,10,2.34223,19.3037,-0.0890098,-0.0553342
0,10,2.13648,19.0836,-0.0909352,-0.0575562
0,10,4.20509,19.6582,-0.283874,-0.0980582
0,10,4.13349,19.7473,-0.270029,-0.0621065
0,10,5.3134,19.4554,-0.445011,-0.0685726
0,10,4.56115,19.5313,-0.366923,-0.026824
0,10,6.33738,18.1622,-0.528455,-0.154002
0,10,6.34126,17.8035,-0.457316,-0.177087
0,10,6.33109,18.0669,-0.52741,-0.164182
0,10,6.36432,18.247,-0.572592,-0.123962
0,10,6.27294,17.885,-0.483042,-0.185517
0,10,6.52941,18.0067,-0.531098,-0.152825
0,10,6.64996,18.024,-0.555053,-0.139916
0,10,6.38314,17.9,-0.486822,-0.175892
0,10,6.30024,17.9781,-0.500747,-0.183121
0,10,6.73365,17.963,-0.563453,-0.155473
0,10,6.39287,18.4448,-0.571791,-0.102437
0,10,6.65611,18.1166,-0.583787,-0.135786
0,10,6.77391,18.2403,-0.632275,-0.121527
0,10,6.99489,18.402,-0.657083,-0.104784
0,10,7.00932,18.7174,-0.593098,-0.0927179
0,10,6.93064,18.9309,-0.623714,-0.0881251
0,10,6.78646,19.0659,-0.58887,-0.0541883
0,10,6.76771,18.0512,-0.560658,-0.149768
0,10,6.58058,19.1241,-0.606506,-0.0251548
0,10,4.74368,19.8746,-0.319601,0.0174663
0,10,5.7082,19.5868,-0.472976,-0.0547299
0,10,2.60646,19.828,-0.0249804,-0.0298715
0,10,3.16707,20.1208,-0.0698262,0.0121917
0,10,5.14952,19.5974,-0.416898,-0.0557082
0,10,2.12568,19.2075,-0.0262643,-0.0255586
0,10,5.50431,16.1176,-0.470816,-0.297799
0,10,4.3477,19.4932,-0.316963,-0.0935228
0,10,3.26006,16.4692,-0.103983,-0.37551
0,10,6.09768,18.9534,-0.567495,-0.0964933
0,10,4.80234,16.293,-0.396846,-0.360249
0,10,1.93295,16.7948,-0.0702563,-0.310128
0,10,7.20345,15.9541,-0.50033,-0.234549
0,10,2.99895,19.5963,-0.103721,-0.107199
0,10,8.16936,15.8556,-0.566691,-0.219671
0,10,4.52084,16.298,-0.368804,-0.386932
0,10,3.91212,16.2374,-0.197417,-0.4361
0,10,4.03479,16.4727,-0.248538,-0.369924
0,10,0.95519,17.9074,-0.0508166,-0.0913063
0,10,2.59309,19.4184,-0.0927878,-0.0777008
0,10,5.39939,19.383,-0.450495,-0.0727213
0,10,6.02879,18.3294,-0.531304,-0.12569
0,10,6.2138,18.5976,-0.555532,-0.106654
0,10,5.86059,19.2063,-0.592063,-0.0858942
0,10,6.2599,18.7964,-0.562941,-0.0961366
0,10,3.47808,19.6798,-0.205127,-0.0725606
0,10,6.15392,18.7774,-0.557417,-0.0979712
0,10,5.93089,18.3137,-0.517784,-0.121067
0,10,6.28954,18.8928,-0.576228,-0.0912942
0,10,6.19938,18.4934,-0.573154,-0.123447
0,10,4.45417,19.5148,-0.327173,-0.0698072
0,10,5.93462,19.1154,-0.583936,-0.0979016
0,10,6.2345,18.6987,-0.564658,-0.101269
0,10,5.87585,19.305,-0.580929,-0.081496
0,10,3.12476,19.6312,-0.129234,-0.146313
0,10,3.37685,19.6286,-0.196699,-0.0911872
0,10,4.10869,19.634,-0.25796,-0.118324
0,10,2.21422,19.1521,-0.0694414,-0.0769131
0,10,4.76522,19.5801,-0.395134,-0.028548
0,10,6.12417,18.335,-0.540692,-0.155043
0,10,3.77344,19.7631,-0.200935,-0.097325
0,10,4.66436,19.5546,-0.381785,-0.0208091
0,10,5.96214,19.212,-0.600819,-0.0980844
0,10,5.59909,19.4515,-0.458474,-0.0681518
0,10,2.75602,19.5608,-0.0478729,-0.118128
0,10,4.41454,19.6887,-0.334051,-0.0329125
0,10,6.27959,18.3212,-0.571868,-0.114178
0,10,5.29917,19.3519,-0.457871,-0.0643371
0,10,4.71298,19.7719,-0.34002,0.00341944
0,10,4.27253,19.5746,-0.293166,-0.0991235
0,10,5.7787,19.4048,-0.480285,-0.0719757
0,10,6.29129,18.4254,-0.559562,-0.112147
0,10,3.05536,19.692,-0.1068,-0.124546
0,10,6.32015,18.987,-0.573657,-0.087178
0,10,6.42342,18.6374,-0.55871,-0.0860213
0,10,6.44786,18.735,-0.572892,-0.0801715
0,10,6.2356,18.1497,-0.524779,-0.162169
0,10,6.75321,17.7797,-0.48413,-0.146747
0,10,6.85789,17.8048,-0.488073,-0.149053
0,10,6.42287,17.7263,-0.459937,-0.184331
0,10,6.53481,17.7383,-0.468827,-0.160241
0,10,6.7667,17.8781,-0.459699,-0.139582
0,10,6.55912,17.8338,-0.464071,-0.153415
0,10,6.45055,17.8206,-0.46214,-0.177805
0,10,6.61224,17.9375,-0.529051,-0.161042
0,10,6.86359,18.1693,-0.641187,-0.136621
0,10,6.90802,18.5675,-0.634598,-0.0673663
0,10,6.85262,17.99,-0.57022,-0.138591
0,10,7.0323,19.0636,-0.623633,-0.0937509
0,10,6.81484,19.1502,-0.608224,-0.0454149
0,10,7.0821,18.777,-0.607399,-0.0933702
0,10,6.71877,19.2274,-0.589454,-0.0353403
0,10,7.07033,18.881,-0.55437,-0.0816107
0,10,6.88749,19.0266,-0.627317,-0.0967158
0,10,5.98801,19.5761,-0.505008,-0.073378
0,10,6.60898,19.213,-0.582243,-0.0300282
0,10,4.84611,19.8971,-0.312921,-0.0188489
0,10,3.94693,20.045,-0.127592,-0.0120975
0,10,3.99032,19.9503,-0.188569,-0.0143627
0,10,3.18136,20.2655,0.0123207,0.00366145
0,10,2.68054,19.9084,-0.0300263,-0.0357112
0,10,5.32945,19.5603,-0.440148,-0.0578131
0,10,6.26841,19.1573,-0.57635,-0.0810729
0,10,2.14656,17.119,-0.144819,-0.343152
0,10,5.13578,17.9696,-0.334296,-0.180659
0,10,5.7308,18.2735,-0.476793,-0.128763
0,10,0.463114,15.9709,-9.64697e-50,0.190715
0,10,5.83143,19.1044,-0.565265,-0.10626
0,10,3.3545,16.5178,-0.119816,-0.383262
0,10,4.83022,16.1767,-0.387584,-0.369377
0,10,5.63111,18.2471,-0.465284,-0.121522
0,10,5.53078,18.219,-0.450651,-0.125017
0,10,6.13255,18.6759,-0.553483,-0.111318
0,10,4.94441,19.5328,-0.421664,-0.0502578
0,10,5.61438,18.1444,-0.436948,-0.13056
0,10,5.68273,19.3742,-0.475776,-0.0726155
0,10,5.71802,18.1733,-0.451619,-0.131766
0,10,6.18165,18.8761,-0.570529,-0.0956533
0,10,5.80318,18.1022,-0.464479,-0.144871
0,10,6.0182,19.0346,-0.58067,-0.0948082
0,10,5.5945,18.0434,-0.433706,-0.144731
0,10,6.02017,18.4297,-0.566775,-0.125934
0,10,5.93134,18.2155,-0.4753,-0.139845
0,10,5.90988,18.1211,-0.470856,-0.149089
0,10,5.69815,18.0734,-0.45038,-0.143574
0,10,5.78965,18.0037,-0.456294,-0.158641
0,10,6.036,18.2294,-0.504718,-0.141599
0,10,5.99903,18.0405,-0.485319,-0.16521
0,10,5.8948,18.0237,-0.474485,-0.158722
0,10,6.01875,18.1363,-0.480434,-0.159214
0,10,6.19422,18.3864,-0.560958,-0.122571
0,10,6.07525,18.8571,-0.567798,-0.0996151
0,10,6.14016,18.2383,-0.516226,-0.150877
0,10,6.20773,18.971,-0.572802,-0.091084
0,10,6.12734,18.1427,-0.501603,-0.164832
0,10,6.30145,18.5238,-0.582997,-0.104857
0,10,6.341,18.7183,-0.565822,-0.0926044
0,10,6.23704,18.2463,-0.521424,-0.154248
0,10,6.2172,18.0572,-0.502684,-0.179951
0,10,6.08093,17.9565,-0.491115,-0.181072
0,10,6.31798,18.621,-0.559061,-0.0942357
0,10,4.48714,19.6125,-0.34327,-0.0254754
0,10,5.95307,17.8428,-0.457244,-0.18031
0,10,6.05859,17.8589,-0.469795,-0.184623
0,10,6.20368,17.6939,-0.445271,-0.190411
0,10,6.04085,19.1296,-0.583845,-0.0952395
0,10,6.38203,18.346,-0.576977,-0.117002
0,10,6.18871,17.9664,-0.498541,-0.184033
0,10,6.61805,17.6669,-0.476067,-0.165478
0,10,6.73172,17.6861,-0.48998,-0.159837
0,10,6.23322,17.7894,-0.455539,-0.188975
0,10,6.96365,17.8366,-0.5051,-0.14285
0,10,6.64552,17.7599,-0.476586,-0.15197
0,10,6.99781,18.115,-0.577462,-0.120805
0,10,7.11265,18.1515,-0.582317,-0.101808
0,10,7.16683,18.2664,-0.685181,-0.14101
0,10,6.97552,17.9341,-0.498518,-0.124009
0,10,7.08147,17.9685,-0.521886,-0.116215
0,10,6.88198,18.0814,-0.565663,-0.135736
0,10,6.87084,17.9034,-0.478239,-0.129382
0,10,7.01219,19.163,-0.643584,-0.0854484
0,10,6.66373,17.8585,-0.461333,-0.149134
0,10,6.49893,17.9143,-0.511697,-0.164043
0,10,6.87928,18.2688,-0.652304,-0.114563
0,10,6.92521,19.1027,-0.621876,-0.101421
0,10,7.1141,18.9623,-0.613439,-0.0323838
0,10,7.03515,19.3475,-0.591007,-0.0674199
0,10,6.63343,19.3073,-0.575819,-0.0286609
0,10,6.81564,19.2563,-0.583619,-0.03916
0,10,5.914,19.6574,-0.476251,-0.0242683
0,10,6.90525,19.201,-0.599774,-0.0788925
0,10,5.62939,19.6664,-0.466059,-0.0614199
0,10,6.10461,19.578,-0.519398,-0.0661751
0,10,5.88485,19.5538,-0.475793,-0.0381342
0,10,5.26728,19.7389,-0.412813,-0.0373892
0,10,5.44795,19.6893,-0.427516,-0.0500032
0,10,6.52546,19.2882,-0.576491,-0.0315448
0,10,5.17036,19.7056,-0.407965,-0.0450981
0,10,2.75886,19.9856,-0.0378531,-0.0391992
0,10,4.52032,19.7153,-0.346654,-0.00444027
0,10,6.3519,19.0819,-0.586369,-0.0724391
0,10,1.74674,16.501,-0.0560768,-0.316062
0,10,4.03771,18.3968,-0.421024,-0.245013
0,10,4.47453,18.4558,-0.441151,-0.176742
0,10,4.9371,17.9769,-0.305725,-0.191052
0,10,5.23318,17.899,-0.343501,-0.20225
0,10,5.8313,18.2961,-0.495164,-0.130289
0,10,5.51168,18.1149,-0.422461,-0.127902
0,10,1.47109,18.4083,-0.124505,-0.138084
0,10,5.27682,17.9742,-0.373205,-0.177694
0,10,5.45366,17.8215,-0.385496,-0.186304
0,10,5.38416,17.9961,-0.382174,-0.172557
0,10,5.22601,17.8041,-0.336449,-0.210777
0,10,5.13137,17.8721,-0.331648,-0.195313
0,10,5.35985,17.8996,-0.374798,-0.182817
0,10,5.33233,17.8156,-0.346338,-0.204834
0,10,5.82456,18.1981,-0.458931,-0.141674
0,10,5.48939,18.0151,-0.410455,-0.148001
0,10,5.46661,17.9158,-0.384276,-0.172892
0,10,5.50571,17.6667,-0.349643,-0.226829
0,10,5.57338,17.9428,-0.414961,-0.161246
0,10,5.56008,17.8453,-0.401616,-0.187149
0,10,5.40199,17.6469,-0.349131,-0.226533
0,10,5.68161,17.9742,-0.437465,-0.156539
0,10,5.76894,17.9077,-0.452537,-0.171556
0,10,5.66176,17.8775,-0.432186,-0.174615
0,10,5.97642,17.9435,-0.4819,-0.172003
0,10,5.85624,17.6593,-0.39382,-0.203983
0,10,5.75073,17.8063,-0.441706,-0.18515
0,10,6.17007,17.5997,-0.426895,-0.197696
0,10,6.16383,17.8714,-0.476048,-0.188147
0,10,5.8515,17.8228,-0.44922,-0.181349
0,10,5.90001,17.7421,-0.423894,-0.182555
0,10,6.10689,18.051,-0.492254,-0.177063
0,10,6.01538,17.7614,-0.444276,-0.192087
0,10,5.87266,17.9249,-0.467395,-0.172638
0,10,6.36325,17.5391,-0.429855,-0.199135
0,10,6.44048,17.4656,-0.42908,-0.194245
0,10,6.12456,17.7742,-0.453023,-0.187466
0,10,6.71166,17.5962,-0.469292,-0.167193
0,10,6.09266,17.68,-0.435926,-0.194227
0,10,6.5002,17.6482,-0.451638,-0.178618
0,10,6.95314,17.7396,-0.508543,-0.160508
0,10,6.31275,17.7071,-0.449531,-0.181656
0,10,6.27835,17.6128,-0.432675,-0.187538
0,10,6.84562,17.7084,-0.50484,-0.158146
0,10,6.38987,17.6314,-0.444556,-0.19235
0,10,7.06097,17.7736,-0.526614,-0.149787
0,10,7.08565,18.0593,-0.596344,-0.111795
0,10,6.96868,18.0242,-0.578657,-0.132478
0,10,7.19264,18.4789,-0.652989,-0.147896
0,10,7.18107,18.5832,-0.634625,-0.155898
0,10,7.26309,18.7388,-0.620219,-0.140092
0,10,7.09482,18.4395,-0.661412,-0.119275
0,10,7.06744,18.2311,-0.681811,-0.132941
0,10,6.9834,18.3016,-0.669905,-0.120406
0,10,6.96622,18.1991,-0.666549,-0.136514
0,10,7.17143,18.8191,-0.594201,-0.128785
0,10,7.15676,19.0464,-0.594781,-0.0279619
0,10,6.99701,18.5031,-0.660266,-0.0992832
0,10,6.85695,19.47,-0.5282,-0.05786
0,10,7.09772,18.6542,-0.612868,-0.125425
0,10,7.01136,19.2572,-0.557165,-0.0823867
0,10,6.58531,19.4892,-0.594141,-0.0484766
0,10,6.51148,19.5634,-0.565405,-0.0263221
0,10,6.83262,19.3648,-0.541177,-0.053491
0,10,6.47912,19.4622,-0.594615,-0.0340852
0,10,6.91622,19.3028,-0.559012,-0.0943324
0,10,6.55192,19.3853,-0.566566,-0.027076
0,10,5.96993,19.7398,-0.440878,-0.0374374
0,10,6.73436,19.3305,-0.562654,-0.0364152
0,10,6.29144,19.5082,-0.555111,-0.0710908
0,10,5.29241,19.847,-0.378789,-0.0207124
0,10,5.00801,19.8477,-0.340878,-0.0271735
0,10,4.78518,19.9775,-0.278727,0.00193927
0,10,4.37617,19.8681,-0.35185,-0.0062433
0,10,3.64958,20.2172,-0.0998753,-0.0816166
0,10,2.84176,20.0733,-0.0470456,-0.0619039
0,10,6.15738,19.1369,-0.569342,-0.102895
0,10,2.23817,16.3095,-0.0755833,-0.352401
0,10,2.1804,16.5102,-0.0763444,-0.329571
0,10,5.19114,18.0428,-0.364395,-0.165646
0,10,4.16271,18.345,-0.355795,-0.209698
0,10,4.35223,18.3306,-0.371936,-0.227431
0,10,4.53441,18.2063,-0.327294,-0.240653
0,10,4.84027,18.0383,-0.31139,-0.205515
0,10,4.92998,17.8789,-0.297481,-0.203867
0,10,5.03601,17.937,-0.313988,-0.174984
0,10,4.6585,18.2333,-0.355203,-0.210375
0,10,4.83736,17.9382,-0.295365,-0.209462
0,10,4.89102,17.6807,-0.348395,-0.176752
0,10,4.84636,18.1327,-0.351552,-0.193416
0,10,5.02972,17.7046,-0.320584,-0.198817
0,10,5.10399,17.7756,-0.312968,-0.213775
0,10,5.17916,17.7172,-0.31934,-0.221829
0,10,5.19118,17.6252,-0.339072,-0.23429
0,10,5.4097,17.7388,-0.351912,-0.221753
0,10,5.29606,17.7217,-0.333199,-0.218557
0,10,5.53757,17.7477,-0.39762,-0.202028
0,10,5.2976,17.6322,-0.34703,-0.225567
0,10,5.50723,17.4738,-0.357708,-0.235288
0,10,5.82788,17.5659,-0.394832,-0.209502
0,10,5.65078,17.7742,-0.417325,-0.201175
0,10,5.77039,17.7186,-0.390249,-0.184206
0,10,5.53639,17.5776,-0.366947,-0.23314
0,10,6.09556,17.4201,-0.410416,-0.214472
0,10,6.03017,17.3236,-0.39865,-0.222122
0,10,5.72328,17.5352,-0.374545,-0.203917
0,10,6.33821,17.3556,-0.404599,-0.204392
0,10,5.63435,17.6,-0.367433,-0.213462
0,10,5.93982,17.5842,-0.401151,-0.21715
0,10,5.6338,17.6905,-0.383205,-0.208282
0,10,5.97975,17.6707,-0.423556,-0.201602
0,10,6.0576,17.5892,-0.414716,-0.204363
0,10,6.47884,17.5542,-0.437707,-0.18225
0,10,5.7376,17.6367,-0.38122,-0.18776
0,10,6.32675,17.4452,-0.428387,-0.203041
0,10,6.25119,17.5163,-0.42156,-0.19156
0,10,6.13933,17.5079,-0.414518,-0.207151
0,10,6.59116,17.5783,-0.443953,-0.180017
0,10,6.79709,17.5288,-0.471703,-0.176453
0,10,6.91767,17.5564,-0.486755,-0.175402
0,10,6.82887,17.6193,-0.486287,-0.166469
0,10,7.19353,18.0055,-0.567429,-0.110313
0,10,6.94735,17.6462,-0.504262,-0.162622
0,10,7.0685,17.8708,-0.518409,-0.136111
0,10,7.2017,18.0952,-0.602921,-0.10695
0,10,7.32557,18.2305,-0.592227,-0.112983
0,10,7.09094,18.5423,-0.652212,-0.123439
0,10,7.36032,18.3426,-0.663574,-0.152924
0,10,7.28477,18.5237,-0.640739,-0.152425
0,10,7.35157,18.6482,-0.648479,-0.147217
0,10,7.08449,18.3367,-0.679103,-0.124475
0,10,7.17169,18.7105,-0.628914,-0.135476
0,10,7.11702,19.1286,-0.658798,-0.0569804
0,10,6.96113,19.4957,-0.492368,-0.0902928
0,10,7.20101,18.9057,-0.648146,-0.0857758
0,10,7.11534,19.2282,-0.57512,-0.0565452
0,10,6.68847,19.5151,-0.598021,-0.0605374
0,10,6.61828,19.5918,-0.565603,-0.0404836
0,10,6.75482,19.4355,-0.538832,-0.0509739
0,10,7.05162,19.439,-0.502827,-0.0731448
0,10,7.06596,19.5369,-0.525708,-0.0601039
0,10,7.23444,19.273,-0.627164,-0.0643038
0,10,6.725,19.6155,-0.55896,-0.0705685
0,10,6.83785,19.6391,-0.539851,-0.0959351
0,10,6.4071,19.5405,-0.56509,-0.0317551
0,10,5.82874,19.8256,-0.371012,0.0137169
0,10,5.5542,19.7361,-0.432418,-0.0293772
0,10,5.84468,19.7311,-0.439055,-0.0113286
0,10,6.65269,19.4095,-0.552386,-0.0418331
0,10,5.3686,19.7675,-0.419485,-0.0384689
0,10,5.72786,19.6908,-0.451822,-0.0583424
0,10,4.27308,19.8585,-0.319222,-0.0275407
0,10,4.38978,19.9666,-0.261829,0.0126515
0,10,3.89919,20.1372,-0.134015,-0.0281872
0,10,3.26229,20.0915,-0.0589614,-0.0309029
0,10,2.9286,20.1555,-0.06236,-0.0569787
0,10,6.85657,18.8619,-0.617995,-0.10143
0,10,1.21171,16.3396,-0.0244849,-0.312985
0,10,3.87065,16.3492,-0.212452,-0.406579
0,10,7.6658,15.9086,-0.50865,-0.244411
0,10,3.66365,18.5678,-0.371884,-0.270776
0,10,3.85618,18.5327,-0.409905,-0.246991
0,10,3.94936,18.4655,-0.412073,-0.237523
0,10,4.37112,18.4282,-0.411765,-0.196302
0,10,4.45927,18.355,-0.406033,-0.202342
0,10,4.5512,18.2923,-0.424747,-0.222038
0,10,4.737,18.097,-0.317615,-0.217835
0,10,4.62997,18.1443,-0.328587,-0.22425
0,10,4.77923,17.8639,-0.314682,-0.196589
0,10,5.02407,17.8369,-0.303215,-0.1942
0,10,4.8722,17.5673,-0.324199,-0.185627
0,10,4.96228,17.6181,-0.342332,-0.175062
0,10,5.12378,17.5346,-0.355159,-0.22828
0,10,5.08835,17.6372,-0.327244,-0.21201
0,10,5.23357,17.5338,-0.352385,-0.237533
0,10,5.4374,17.5523,-0.364395,-0.232987
0,10,5.33846,17.5389,-0.359909,-0.230826
0,10,5.77088,17.3657,-0.389399,-0.235554
0,10,5.80162,17.4688,-0.389935,-0.221757
0,10,6.0226,17.5024,-0.406185,-0.214429
0,10,5.91279,17.4929,-0.403905,-0.22182
0,10,6.5153,17.2942,-0.417112,-0.198929
0,10,5.913,17.3113,-0.385467,-0.231463
0,10,5.97981,17.2373,-0.386274,-0.234571
0,10,5.9859,17.4082,-0.406137,-0.219709
0,10,5.87754,17.3961,-0.399156,-0.230359
0,10,6.23822,17.3377,-0.404943,-0.203859
0,10,6.44434,17.3748,-0.415803,-0.192991
0,10,6.73774,17.3398,-0.444562,-0.201179
0,10,6.21015,17.4261,-0.414767,-0.203681
0,10,6.66054,17.4179,-0.432175,-0.189891
0,10,6.54765,17.3956,-0.418822,-0.190908
0,10,7.00396,17.4981,-0.483401,-0.182723
0,10,6.88508,17.4658,-0.465516,-0.181655
0,10,6.67527,17.5092,-0.44831,-0.187922
0,10,7.04165,17.584,-0.509241,-0.168462
0,10,7.15539,17.6254,-0.51733,-0.174012
0,10,6.56014,17.4855,-0.440582,-0.186579
0,10,7.1685,17.8129,-0.535329,-0.153421
0,10,7.05409,17.68,-0.508731,-0.163466
0,10,7.17312,17.9111,-0.539116,-0.140148
0,10,7.22287,18.1909,-0.584231,-0.100246
0,10,7.26388,18.3071,-0.676935,-0.143736
0,10,7.31164,18.1283,-0.599358,-0.118293
0,10,7.53262,18.3036,-0.61431,-0.138785
0,10,7.18343,18.3752,-0.676559,-0.147174
0,10,7.28364,17.9508,-0.577915,-0.136366
0,10,7.45789,18.3714,-0.653441,-0.161455
0,10,7.25875,18.6322,-0.643903,-0.14366
0,10,7.24306,18.9986,-0.629828,-0.110943
0,10,7.28187,18.4175,-0.666072,-0.153219
0,10,7.13867,19.3158,-0.586204,-0.0362954
0,10,6.93871,19.3981,-0.556015,-0.075057
0,10,6.91046,19.5773,-0.565042,-0.112897
0,10,7.47576,18.5734,-0.6616,-0.14292
0,10,7.36362,18.7525,-0.646551,-0.117174
0,10,7.21221,19.1747,-0.618007,-0.0894699
0,10,7.28336,18.8361,-0.644999,-0.112494
0,10,6.7952,19.5413,-0.588601,-0.0865565
0,10,7.26473,19.0986,-0.614998,-0.0923583
0,10,7.24471,19.3729,-0.550192,-0.0365786
0,10,7.15158,19.414,-0.521614,-0.0408552
0,10,7.3357,19.3027,-0.631294,-0.0469716
0,10,7.17136,19.5055,-0.51167,-0.0284106
0,10,6.32997,19.6008,-0.544351,-0.0545784
0,10,6.21696,19.59,-0.536178,-0.0735582
0,10,6.03571,19.6609,-0.49203,-0.0666436
0,10,5.63455,19.7817,-0.395689,-0.0796732
0,10,5.39674,19.8677,-0.383934,-0.0227497
0,10,5.44682,19.9592,-0.334711,-0.0530134
0,10,4.64507,19.8599,-0.324644,-0.0169651
0,10,5.47217,19.7899,-0.432287,-0.0401717
0,10,5.1123,19.8602,-0.344147,-0.0149249
0,10,4.082,19.9354,-0.199226,-0.0170512
0,10,3.46635,20.114,-0.0822557,-0.0672003
0,10,3.00944,20.2287,-0.0406119,-0.00606906
0,10,3.24607,20.196,-0.0280844,-0.0407332
0,10,5.22997,19.5243,-0.430941,-0.0566395
0,10,6.73237,18.7197,-0.583122,-0.0515675
0,10,6.10639,18.4559,-0.564006,-0.144429
0,10,4.94751,18.0764,-0.333334,-0.182028
0,10,3.76293,18.6009,-0.389126,-0.246637
0,10,3.18718,18.7577,-0.302757,-0.252166
0,10,3.5702,18.636,-0.365196,-0.275627
0,10,4.07349,18.3054,-0.339901,-0.219234
0,10,3.37299,18.6606,-0.327197,-0.270989
0,10,3.75905,18.4979,-0.396996,-0.264215
0,10,4.24904,18.2904,-0.373261,-0.209917
0,10,4.53031,18.1083,-0.334746,-0.230266
0,10,4.4277,18.1679,-0.33963,-0.219226
0,10,4.8618,17.8055,-0.314068,-0.195483
0,10,4.79801,17.7323,-0.348751,-0.172983
0,10,4.9523,17.7622,-0.311726,-0.194378
0,10,4.7423,17.9989,-0.303522,-0.220896
0,10,5.02503,17.546,-0.347754,-0.187286
0,10,4.93495,17.4879,-0.328255,-0.194888
0,10,5.26812,17.4458,-0.337483,-0.242638
0,10,5.1484,17.4466,-0.332767,-0.227543
0,10,5.38857,17.451,-0.347039,-0.235756
0,10,5.45687,17.3854,-0.352907,-0.243825
0,10,5.61463,17.4965,-0.36147,-0.221907
0,10,5.69207,17.4351,-0.37309,-0.222492
0,10,5.8053,17.2834,-0.378887,-0.237371
0,10,5.45709,17.2944,-0.3735,-0.249006
0,10,5.66489,17.3365,-0.378006,-0.235139
0,10,5.87218,17.2074,-0.382298,-0.23824
0,10,5.55943,17.3059,-0.37621,-0.241011
0,10,6.10461,17.233,-0.398753,-0.218662
0,10,6.59733,17.231,-0.429625,-0.213769
0,10,6.41064,17.2722,-0.404462,-0.206769
0,10,6.62679,17.3237,-0.430508,-0.204508
0,10,6.71226,17.2474,-0.438561,-0.208164
0,10,7.05454,17.4219,-0.47704,-0.183273
0,10,6.76924,17.4394,-0.441579,-0.189214
0,10,6.84477,17.3679,-0.452663,-0.201115
0,10,7.15465,17.4505,-0.481561,-0.174255
0,10,7.2644,17.6667,-0.538149,-0.157665
0,10,6.95221,17.3935,-0.46925,-0.192301
0,10,7.27376,17.7598,-0.537461,-0.157913
0,10,7.13227,17.5355,-0.506345,-0.177165
0,10,7.272,17.8529,-0.546465,-0.151209
0,10,7.42798,18.2631,-0.598967,-0.142637
0,10,7.31356,18.0405,-0.599664,-0.119482
0,10,7.41058,18.1615,-0.597103,-0.150576
0,10,7.37853,17.8055,-0.546703,-0.159609
0,10,7.4494,18.08,-0.60509,-0.150589
0,10,7.37725,17.899,-0.572744,-0.149371
0,10,7.3784,18.4505,-0.65936,-0.166491
0,10,7.55816,18.4167,-0.655269,-0.148559
0,10,7.63948,18.4682,-0.632529,-0.181422
0,10,7.48086,18.4754,-0.66831,-0.157852
0,10,7.63199,18.3453,-0.636035,-0.157287
0,10,7.37662,18.55,-0.649923,-0.151737
0,10,7.72204,18.3904,-0.631327,-0.191372
0,10,7.57323,18.5462,-0.67191,-0.187736
0,10,7.54615,18.6549,-0.677255,-0.161435
0,10,7.47716,18.7673,-0.656655,-0.125755
0,10,7.44589,18.6746,-0.667692,-0.128587
0,10,7.39499,18.8449,-0.64577,-0.113044
0,10,7.38184,19.1268,-0.667352,-0.0933124
0,10,7.32035,18.9272,-0.640838,-0.11941
0,10,7.00712,19.6129,-0.583458,-0.0796218
0,10,7.31716,19.1999,-0.638507,-0.0578906
0,10,6.66419,19.6909,-0.511759,-0.0496933
0,10,6.50704,19.7533,-0.445664,-0.0046529
0,10,6.45151,19.6434,-0.518351,-0.0197914
0,10,6.5525,19.6695,-0.521086,-0.0207918
0,10,5.81126,19.6339,-0.461494,-0.0324404
0,10,6.26072,19.6819,-0.508779,-0.0584981
0,10,5.28508,20.0345,-0.259692,0.0296778
0,10,5.03572,19.9457,-0.299648,-0.0148844
0,10,5.18606,20.0448,-0.246558,0.0132974
0,10,5.23598,19.9278,-0.344461,-0.00324845
0,10,4.93349,19.933,-0.294401,-0.028085
0,10,4.26354,20.0464,-0.149629,0.0300465
0,10,4.86062,20.0295,-0.225826,-0.0411381
0,10,3.44156,20.2071,-0.0541265,-0.0485539
0,10,3.28537,20.3007,-0.0150934,-0.0118148
0,10,3.10468,20.1933,-0.0284907,0.0296422
0,10,6.06464,19.4899,-0.525764,-0.0849659
0,10,5.13023,19.4926,-0.437024,-0.0556297
0,10,3.75354,16.3717,-0.198433,-0.377752
0,10,4.26581,18.392,-0.365204,-0.201566
0,10,3.29168,18.8173,-0.31098,-0.25287
0,10,3.23638,18.8895,-0.290548,-0.240673
0,10,3.24787,18.9983,-0.282033,-0.230685
0,10,3.08975,18.6893,-0.305996,-0.252103
0,10,3.14769,18.8422,-0.289552,-0.243028
0,10,3.5673,18.5334,-0.362407,-0.287449
0,10,3.85356,18.4284,-0.397067,-0.257995
0,10,4.433,18.2613,-0.367768,-0.233757
0,10,4.17295,18.2293,-0.357712,-0.231372
0,10,4.50918,18.0231,-0.335448,-0.225382
0,10,4.7659,17.5291,-0.290509,-0.214333
0,10,4.64056,18.0502,-0.309489,-0.219628
0,10,4.70929,17.7951,-0.349288,-0.174762
0,10,4.7934,17.6283,-0.328284,-0.186044
0,10,4.98798,17.3133,-0.333788,-0.225193
0,10,4.93083,17.3854,-0.315981,-0.209743
0,10,5.35529,17.2862,-0.36888,-0.254084
0,10,5.20016,17.3655,-0.344864,-0.239606
0,10,5.02902,17.4435,-0.334337,-0.202318
0,10,5.57615,17.4003,-0.360723,-0.234108
0,10,5.32724,17.3702,-0.34251,-0.242479
0,10,5.69727,17.2507,-0.375035,-0.240008
0,10,5.49024,17.1985,-0.365777,-0.248302
0,10,5.76417,17.1807,-0.379741,-0.241369
0,10,6.09854,17.0805,-0.389319,-0.236175
0,10,6.04306,17.1615,-0.387907,-0.23576
0,10,6.17464,17.1368,-0.403018,-0.212696
0,10,6.38485,17.1718,-0.412545,-0.207703
0,10,6.20419,17.2341,-0.399104,-0.20875
0,10,6.13393,17.3295,-0.401359,-0.213522
0,10,6.30752,17.2515,-0.40415,-0.205631
0,10,6.79584,17.1769,-0.438254,-0.213385
0,10,7.01826,17.2251,-0.455442,-0.199295
0,10,6.68368,17.1551,-0.429353,-0.217122
0,10,6.93364,17.295,-0.452872,-0.201225
0,10,6.82622,17.2702,-0.448116,-0.206124
0,10,6.90915,17.1982,-0.447728,-0.207909
0,10,7.25298,17.5747,-0.515896,-0.172189
0,10,7.25214,17.3883,-0.486654,-0.175741
0,10,7.16217,17.7209,-0.533676,-0.15869
0,10,7.14631,17.3497,-0.473077,-0.181087
0,10,7.375,17.7055,-0.53583,-0.162095
0,10,7.04126,17.3209,-0.463045,-0.189163
0,10,7.46994,17.7338,-0.543311,-0.151367
0,10,7.4044,18.0001,-0.60963,-0.151984
0,10,7.36221,17.5244,-0.491206,-0.170777
0,10,7.36906,17.6173,-0.545586,-0.163219
0,10,7.5127,18.2021,-0.602669,-0.155387
0,10,7.5853,17.8453,-0.570988,-0.161539
0,10,7.48524,17.8316,-0.561018,-0.144407
0,10,7.46568,17.5827,-0.532982,-0.151373
0,10,7.52207,17.6511,-0.540354,-0.162004
0,10,7.66058,17.6952,-0.550186,-0.18244
0,10,7.55656,18.1207,-0.606255,-0.16292
0,10,7.63447,18.6765,-0.678598,-0.190624
0,10,7.34612,19.0338,-0.626714,-0.119066
0,10,7.73618,18.4965,-0.638074,-0.178525
0,10,7.41834,18.9486,-0.633753,-0.111612
0,10,7.34913,19.4025,-0.553897,-0.033432
0,10,7.27108,19.4718,-0.515472,-0.0259428
0,10,7.49691,18.8685,-0.643964,-0.127739
0,10,7.57109,18.7678,-0.662499,-0.165432
0,10,7.14769,19.6926,-0.569994,-0.0308233
0,10,7.42346,19.2277,-0.662399,-0.057403
0,10,7.04014,19.6973,-0.550651,-0.0920261
0,10,7.13652,19.605,-0.562862,-0.0442853
0,10,6.37525,19.6929,-0.509933,-0.0455464
0,10,6.92698,19.6919,-0.560796,-0.0812843
0,10,6.14763,19.6706,-0.495654,-0.0551286
0,10,6.19709,19.7624,-0.454357,-0.0448229
0,10,5.0734,20.0389,-0.239926,0.00814245
0,10,5.01827,20.1235,-0.19821,0.00907527
0,10,5.33728,19.9539,-0.357763,-0.0180497
0,10,5.1473,19.9532,-0.314595,0.00840731
0,10,4.67798,19.966,-0.294919,-0.000542783
0,10,4.58173,19.9473,-0.296997,-0.0529239
0,10,4.15209,20.0405,-0.156726,0.016411
0,10,3.59551,20.3086,-0.0716407,-0.0365157
0,10,3.08187,20.3039,-0.00900061,-0.00986296
0,10,5.06688,19.6589,-0.39779,-0.0365302
0,10,6.68751,18.8838,-0.594766,-0.00592918
0,10,2.29158,16.6487,-0.0901442,-0.33914
0,10,3.67105,18.67,-0.383992,-0.254626
0,10,3.47254,18.701,-0.33821,-0.268241
0,10,3.3689,19.1476,-0.273402,-0.199632
0,10,3.26547,19.1024,-0.267047,-0.218767
0,10,3.16411,19.0549,-0.268031,-0.231531
0,10,3.14551,18.9543,-0.277142,-0.235795
0,10,3.05436,18.8933,-0.276096,-0.235532
0,10,3.47191,18.6014,-0.352412,-0.283817
0,10,3.18573,18.6556,-0.316162,-0.257441
0,10,3.06615,18.7802,-0.290157,-0.24318
0,10,3.66381,18.465,-0.388441,-0.286321
0,10,3.47464,18.4962,-0.3598,-0.29041
0,10,4.61874,17.8547,-0.352503,-0.191498
0,10,4.41079,18.0796,-0.331439,-0.222088
0,10,4.81647,17.3616,-0.307033,-0.230837
0,10,5.12559,17.2806,-0.3565,-0.222403
0,10,4.83725,17.4557,-0.307345,-0.222005
0,10,5.28246,17.199,-0.36438,-0.256621
0,10,5.07772,17.3661,-0.348043,-0.213771
0,10,5.24112,17.284,-0.357227,-0.241968
0,10,5.59544,17.2184,-0.370531,-0.239825
0,10,5.39024,17.1896,-0.365345,-0.256934
0,10,5.93271,17.1325,-0.386305,-0.238918
0,10,5.98955,17.0562,-0.388324,-0.238603
0,10,5.82409,17.1041,-0.384338,-0.243208
0,10,6.43543,16.9949,-0.422095,-0.219803
0,10,6.28006,17.1517,-0.404054,-0.212479
0,10,6.24888,17.0556,-0.409872,-0.212994
0,10,6.35868,17.0685,-0.41247,-0.220163
0,10,6.64991,16.9677,-0.435087,-0.228358
0,10,6.46212,17.0889,-0.418289,-0.208169
0,10,6.86555,17.0108,-0.443395,-0.219517
0,10,6.57201,17.1361,-0.414292,-0.225121
0,10,6.48536,17.1933,-0.411793,-0.211373
0,10,6.66732,17.0634,-0.435696,-0.226577
0,10,7.11091,17.1584,-0.458385,-0.199237
0,10,6.88814,17.1048,-0.443376,-0.214332
0,10,7.12942,17.2532,-0.467818,-0.190274
0,10,7.0003,17.1294,-0.450309,-0.207106
0,10,7.23925,17.2927,-0.476288,-0.182691
0,10,6.7776,17.0838,-0.439259,-0.21932
0,10,7.45622,17.3857,-0.502142,-0.172757
0,10,7.44178,17.2844,-0.494372,-0.185555
0,10,7.35809,17.429,-0.497492,-0.176715
0,10,7.3482,17.3335,-0.487814,-0.181429
0,10,7.22336,17.1948,-0.472062,-0.189999
0,10,7.46611,17.483,-0.497794,-0.167303
0,10,7.25623,17.4869,-0.488721,-0.165373
0,10,7.61511,17.6094,-0.539191,-0.181477
0,10,7.56487,17.5276,-0.526754,-0.174693
0,10,7.64366,18.0676,-0.615687,-0.181913
0,10,7.7699,17.7334,-0.556503,-0.190909
0,10,7.57467,17.7455,-0.549533,-0.167222
0,10,7.58246,17.941,-0.567251,-0.160188
0,10,7.47819,17.9286,-0.578544,-0.14276
0,10,7.53519,18.0243,-0.605206,-0.16857
0,10,7.66494,18.1642,-0.602656,-0.179193
0,10,7.61503,18.2404,-0.617906,-0.173902
0,10,7.918,18.4636,-0.648162,-0.19601
0,10,7.81924,18.4236,-0.644879,-0.176341
0,10,7.66289,18.5792,-0.681984,-0.188798
0,10,7.52789,18.9629,-0.653887,-0.119332
0,10,7.60003,18.87,-0.659395,-0.155914
0,10,7.49012,19.1352,-0.70339,-0.0453081
0,10,7.34546,19.5372,-0.54987,0.0333012
0,10,7.24613,19.5788,-0.548518,-0.020458
0,10,6.89889,19.8607,-0.401219,-0.0292296
0,10,6.86079,19.7688,-0.503972,-0.0407042
0,10,5.99143,19.9248,-0.360574,-0.0237776
0,10,6.30845,19.774,-0.470724,-0.0437808
0,10,6.03712,19.8367,-0.389792,-0.0355731
0,10,5.92884,19.822,-0.389856,-0.0163897
0,10,6.08397,19.7529,-0.45585,-0.0576546
0,10,5.7424,20.0237,-0.322778,0.028064
0,10,4.96251,20.0296,-0.230607,-0.0125719
0,10,4.38173,20.0557,-0.138161,0.0292679
0,10,4.28677,19.9566,-0.248654,0.012967
0,10,4.48369,19.8844,-0.358048,-0.0106801
0,10,4.10866,20.1373,-0.140187,0.0217846
0,10,3.38553,20.303,-0.0257544,-0.0147091
0,10,3.16208,20.365,-0.0134941,-0.00232386
0,10,6.78627,18.3376,-0.622628,-0.105566
0,10,1.74202,17.1614,-0.12237,-0.30263
0,10,2.05869,16.632,-0.0858182,-0.330447
0,10,5.04273,18.0363,-0.328397,-0.159934
0,10,3.34692,19.0426,-0.289041,-0.217944
0,10,3.72595,19.0865,-0.343544,-0.177424
0,10,3.64744,19.1576,-0.324381,-0.171842
0,10,3.5727,19.2258,-0.292258,-0.155154
0,10,3.46903,19.1856,-0.283554,-0.180281
0,10,2.87254,18.8605,-0.265306,-0.220868
0,10,2.78394,18.7868,-0.267888,-0.21582
0,10,3.00154,18.6158,-0.310801,-0.249442
0,10,3.0992,18.5844,-0.32274,-0.258388
0,10,3.27919,18.7166,-0.312569,-0.262124
0,10,3.37772,18.557,-0.350857,-0.283013
0,10,3.94247,18.3586,-0.403182,-0.255866
0,10,3.75746,18.3941,-0.384246,-0.271875
0,10,4.32367,18.2234,-0.368604,-0.214125
0,10,4.69373,17.9198,-0.323866,-0.206053
0,10,4.68174,17.5919,-0.287523,-0.220631
0,10,4.62507,17.399,-0.280617,-0.237803
0,10,5.32574,17.1054,-0.36282,-0.258597
0,10,5.21711,17.1074,-0.362051,-0.248679
0,10,5.65557,17.1415,-0.376542,-0.244959
0,10,5.54668,17.1142,-0.369222,-0.249751
0,10,5.44197,17.0967,-0.365191,-0.252201
0,10,5.71616,17.0744,-0.381954,-0.247553
0,10,6.1666,17.0055,-0.393722,-0.234771
0,10,6.72511,16.8906,-0.436866,-0.230873
0,10,6.83662,16.9145,-0.444334,-0.226112
0,10,7.50347,17.1229,-0.501193,-0.211776
0,10,6.55614,17.0421,-0.436584,-0.229696
0,10,7.28739,17.0383,-0.481917,-0.212784
0,10,6.94787,16.94,-0.450518,-0.220898
0,10,7.75173,17.3786,-0.524145,-0.181098
0,10,7.31355,17.1374,-0.48215,-0.200024
0,10,6.75506,16.9887,-0.43774,-0.223579
0,10,6.97646,17.0356,-0.447422,-0.213971
0,10,7.20179,17.1,-0.468398,-0.202249
0,10,7.08905,17.0636,-0.45778,-0.209218
0,10,7.33228,17.235,-0.482947,-0.191968
0,10,7.7797,17.4665,-0.514377,-0.181678
0,10,7.54435,17.3277,-0.514039,-0.190461
0,10,7.90487,17.5961,-0.521865,-0.187353
0,10,7.64995,17.3565,-0.517598,-0.190518
0,10,7.96937,17.7127,-0.548892,-0.195504
0,10,7.5292,17.226,-0.505668,-0.205585
0,10,7.69089,17.5437,-0.527441,-0.184105
0,10,7.66354,17.4575,-0.515916,-0.181112
0,10,7.74443,17.6374,-0.544857,-0.191049
0,10,7.56229,17.4296,-0.505856,-0.186205
0,10,7.69763,17.8898,-0.58295,-0.179169
0,10,7.88181,17.7677,-0.557262,-0.198703
0,10,7.79046,17.8305,-0.570607,-0.1958
0,10,7.75409,18.1077,-0.61854,-0.185141
0,10,7.67939,17.797,-0.565203,-0.182289
0,10,7.86294,18.1495,-0.616772,-0.184989
0,10,7.87221,18.0574,-0.575156,-0.173815
0,10,7.7173,18.2842,-0.641345,-0.197201
0,10,7.77418,18.0189,-0.567736,-0.170604
0,10,7.67631,17.982,-0.56544,-0.166543
0,10,7.76898,18.2054,-0.595439,-0.181155
0,10,7.73453,18.6979,-0.682566,-0.200368
0,10,7.71837,18.8642,-0.743159,-0.0970219
0,10,7.83444,18.5324,-0.627726,-0.177962
0,10,7.57052,19.0488,-0.714988,-0.0494727
0,10,7.4362,19.3245,-0.61836,-0.0460963
0,10,7.45519,19.0442,-0.649388,-0.0956711
0,10,7.42071,19.4602,-0.597462,0.0441604
0,10,7.39378,19.7392,-0.538075,0.0817505
0,10,7.08511,19.7871,-0.571895,-0.037815
0,10,7.34769,19.6369,-0.564791,0.0422985
0,10,6.9728,19.7826,-0.524468,-0.0844094
0,10,6.72534,19.7924,-0.430949,-0.0559434
0,10,6.42174,19.7849,-0.466919,-0.0599143
0,10,6.77674,19.7166,-0.494998,-0.086927
0,10,6.14588,19.8474,-0.404495,-0.0437653
0,10,5.12728,20.129,-0.201861,0.0163918
0,10,5.7376,19.7824,-0.369138,-0.058474
0,10,4.51494,20.0749,-0.163697,-0.00844546
0,10,4.72258,20.0622,-0.222781,0.00343342
0,10,3.96785,20.2318,-0.11782,-0.0106035
0,10,4.49068,19.9842,-0.249679,-0.00416942
0,10,3.48913,20.308,-0.0485426,-0.0289484
0,10,3.24617,20.3946,-0.00759313,-0.00112659
0,10,6.62033,18.5791,-0.609006,-0.0669371
0,10,6.21888,19.3261,-0.570753,-0.091993
0,10,4.04599,18.5026,-0.435888,-0.222451
0,10,3.33165,18.9332,-0.297929,-0.235336
0,10,3.62908,19.4289,-0.287709,-0.116816
0,10,3.67962,19.2574,-0.325554,-0.135621
0,10,3.60117,19.3287,-0.296933,-0.12401
0,10,3.5209,19.3913,-0.288394,-0.126344
0,10,3.29043,19.2126,-0.233784,-0.188997
0,10,3.10479,19.1278,-0.223362,-0.205281
0,10,2.96899,18.8186,-0.277226,-0.232873
0,10,3.05826,18.996,-0.267889,-0.225537
0,10,2.9606,18.9234,-0.267464,-0.224102
0,10,2.97809,18.7132,-0.295867,-0.242272
0,10,2.91327,18.5451,-0.318244,-0.24877
0,10,3.57181,18.4267,-0.382966,-0.298308
0,10,3.19596,18.5475,-0.333792,-0.263111
0,10,4.30868,18.1444,-0.325494,-0.221928
0,10,4.0686,18.209,-0.349302,-0.229721
0,10,4.59973,17.969,-0.326526,-0.202157
0,10,4.51845,17.8048,-0.335674,-0.211533
0,10,4.87594,17.2886,-0.311798,-0.231733
0,10,4.70234,17.6915,-0.329016,-0.187575
0,10,5.16795,17.1932,-0.356484,-0.235966
0,10,5.14718,17.0333,-0.332268,-0.281138
0,10,4.72762,17.4324,-0.301079,-0.223967
0,10,5.37268,17.02,-0.361515,-0.264192
0,10,6.22928,16.9318,-0.408727,-0.239365
0,10,6.32198,16.9748,-0.419699,-0.219389
0,10,7.062,16.9681,-0.456698,-0.218827
0,10,7.1761,17.0022,-0.467122,-0.213007
0,10,6.54099,16.9501,-0.425008,-0.235052
0,10,7.63421,17.2615,-0.5224,-0.198671
0,10,7.84877,17.3141,-0.538096,-0.192385
0,10,7.87219,17.4036,-0.524483,-0.192224
0,10,7.4223,17.1843,-0.492612,-0.19582
0,10,8.10012,17.6686,-0.53857,-0.178655
0,10,7.89272,17.4962,-0.516683,-0.18734
0,10,7.99886,17.5261,-0.515999,-0.19326
0,10,8.00358,17.6274,-0.525529,-0.190237
0,10,8.08868,17.8591,-0.57596,-0.175468
0,10,8.07368,17.7582,-0.552333,-0.182784
0,10,8.10132,18.0638,-0.635699,-0.172257
0,10,7.98469,17.8125,-0.560675,-0.197461
0,10,8.14739,18.3972,-0.607419,-0.125685
0,10,7.90406,17.9701,-0.613554,-0.1992
0,10,7.85553,17.6737,-0.548884,-0.196397
0,10,7.8021,17.5608,-0.52083,-0.185284
0,10,7.89353,17.8713,-0.581873,-0.202552
0,10,7.80117,17.9284,-0.597157,-0.193109
0,10,8.00587,18.0146,-0.623615,-0.195271
0,10,7.87138,18.2464,-0.598419,-0.171671
0,10,7.97197,18.1009,-0.584235,-0.168757
0,10,7.972,18.1919,-0.629608,-0.172217
0,10,7.96924,18.2909,-0.587779,-0.159523
0,10,7.90898,18.5919,-0.660609,-0.151303
0,10,7.91641,18.3651,-0.65607,-0.201547
0,10,7.84398,18.6691,-0.709778,-0.17118
0,10,7.89474,18.7558,-0.785055,-0.158098
0,10,7.95012,18.9632,-0.767692,-0.107503
0,10,7.81498,18.3233,-0.644937,-0.194485
0,10,7.85449,18.9599,-0.752934,-0.109753
0,10,7.7631,18.6029,-0.670146,-0.206916
0,10,7.9165,19.161,-0.727318,-0.0970804
0,10,7.82498,18.865,-0.743713,-0.12918
0,10,7.64159,18.9538,-0.728647,-0.0802663
0,10,7.79206,18.773,-0.766114,-0.125059
0,10,7.59548,19.1425,-0.696907,-0.0549218
0,10,7.66969,18.7846,-0.676613,-0.181065
0,10,7.52266,19.2316,-0.658673,-0.0412878
0,10,7.52705,19.4902,-0.585057,-0.025886
0,10,7.19742,19.7777,-0.572499,-0.0212337
0,10,7.25417,19.6744,-0.575003,-0.0111937
0,10,7.01472,19.8736,-0.424999,-0.0410268
0,10,6.79627,19.8631,-0.400458,-0.0380092
0,10,6.09795,19.9341,-0.357845,-0.0335399
0,10,6.85758,19.955,-0.341922,-0.0312128
0,10,6.61179,19.7695,-0.435646,-0.0276107
0,10,5.89202,19.9211,-0.357779,-0.000504343
0,10,5.71023,19.881,-0.32964,-0.0753297
0,10,5.51105,19.8776,-0.359482,-0.0555379
0,10,4.61233,20.05,-0.208997,-0.00977985
0,10,4.21321,20.1326,-0.148788,0.0216159
0,10,3.75268,20.2221,-0.114052,-0.078027
0,10,3.34425,20.4,-0.0169485,0.00179123
0,10,3.70198,20.3138,-0.109874,-0.0657426
0,10,3.40545,20.0218,-0.108787,-0.0606876
0,10,6.3784,19.1759,-0.582084,-0.060446
0,10,6.06966,16.061,-0.49501,-0.276029
0,10,3.81704,19.382,-0.308065,-0.126086
0,10,3.21533,19.3835,-0.18345,-0.16153
0,10,3.30544,19.3156,-0.219398,-0.164067
0,10,3.49277,19.2913,-0.270823,-0.158049
0,10,2.93775,19.2577,-0.183096,-0.186981
0,10,3.39045,19.2558,-0.248438,-0.172142
0,10,2.85708,19.0723,-0.213911,-0.185408
0,10,2.93911,19.0179,-0.232883,-0.201932
0,10,2.76994,18.8894,-0.243415,-0.199687
0,10,2.70011,18.7206,-0.270149,-0.21811
0,10,2.8807,18.7555,-0.279475,-0.231486
0,10,3.01253,18.5122,-0.337398,-0.258534
0,10,3.28192,18.6089,-0.329005,-0.268717
0,10,3.66196,18.3574,-0.372308,-0.288833
0,10,3.38649,18.449,-0.364882,-0.285775
0,10,3.84287,18.3237,-0.389767,-0.270957
0,10,3.97115,18.2705,-0.331298,-0.238776
0,10,4.25153,18.0643,-0.335047,-0.226273
0,10,4.34238,18.0187,-0.337908,-0.219603
0,10,4.52213,17.9046,-0.348223,-0.20397
0,10,4.6499,17.5033,-0.289769,-0.220492
0,10,4.61207,17.753,-0.333219,-0.204517
0,10,4.7097,17.3315,-0.287061,-0.239162
0,10,5.59933,17.0358,-0.379548,-0.252977
0,10,5.04429,17.2264,-0.331291,-0.242504
0,10,6.05148,16.9797,-0.396801,-0.238338
0,10,6.11548,16.9061,-0.407322,-0.236611
0,10,6.36566,16.8908,-0.440064,-0.231409
0,10,6.46206,16.8957,-0.44479,-0.215712
0,10,7.25934,16.9401,-0.481677,-0.225033
0,10,7.36962,16.979,-0.492498,-0.216366
0,10,7.03024,16.8743,-0.460904,-0.227122
0,10,7.39886,17.0805,-0.492566,-0.206183
0,10,7.61066,17.1603,-0.507445,-0.209939
0,10,8.09798,17.5611,-0.52277,-0.192061
0,10,7.74577,17.2806,-0.534535,-0.189154
0,10,7.98619,17.4316,-0.532247,-0.194437
0,10,8.0979,17.4606,-0.527742,-0.195513
0,10,8.1882,17.7133,-0.542675,-0.163899
0,10,8.10019,17.9609,-0.611253,-0.175588
0,10,8.25908,18.3665,-0.667211,-0.0998324
0,10,8.17912,17.8108,-0.568466,-0.163886
0,10,8.17391,18.3006,-0.634549,-0.151719
0,10,8.19306,17.9089,-0.590877,-0.159374
0,10,7.99675,17.9155,-0.599072,-0.196169
0,10,8.09802,18.4892,-0.683085,-0.158896
0,10,8.07668,18.1518,-0.602067,-0.154489
0,10,8.06053,18.342,-0.599076,-0.138015
0,10,8.01841,18.4241,-0.658651,-0.173595
0,10,7.99321,18.5274,-0.677182,-0.160089
0,10,8.08493,18.6851,-0.837048,-0.0605269
0,10,8.09153,18.7941,-0.76283,-0.0662904
0,10,7.99855,18.76,-0.798063,-0.0601747
0,10,8.01541,18.8726,-0.763237,-0.0714069
0,10,7.92361,18.8538,-0.77036,-0.130343
0,10,8.04984,18.9771,-0.752503,-0.0964248
0,10,7.98449,19.0668,-0.744517,-0.108919
0,10,7.88457,19.0614,-0.741559,-0.0960639
0,10,8.06028,19.2589,-0.707363,-0.118687
0,10,7.78278,19.0503,-0.731153,-0.08916
0,10,8.12833,19.1689,-0.727916,-0.125763
0,10,8.0198,19.166,-0.730134,-0.112615
0,10,8.17004,19.2575,-0.709442,-0.12939
0,10,7.81232,19.1498,-0.722239,-0.0799574
0,10,7.88412,19.3461,-0.680806,-0.0782013
0,10,7.64144,19.226,-0.680981,-0.0508034
0,10,7.74712,18.9573,-0.730446,-0.100796
0,10,7.56884,19.3111,-0.657699,-0.0289484
0,10,7.70872,19.1386,-0.715084,-0.078259
0,10,7.44904,19.5596,-0.533416,0.0312476
0,10,7.49962,19.3883,-0.652554,-0.0186826
0,10,7.44888,19.6539,-0.605395,0.0348413
0,10,6.96482,19.9551,-0.349084,-0.0165162
0,10,7.12915,19.8713,-0.436634,-0.0385103
0,10,6.75113,19.9537,-0.342441,-0.0326522
0,10,7.3022,19.7608,-0.564665,-0.0149904
0,10,6.05216,20.0233,-0.316927,-0.0281722
0,10,6.57174,19.8558,-0.391425,-0.0187569
0,10,5.66201,19.9692,-0.293952,-0.102595
0,10,4.67107,20.1434,-0.191712,0.0105435
0,10,4.07442,20.2316,-0.114811,0.0285673
0,10,3.78758,20.133,-0.138369,-0.0864417
0,10,3.81065,20.3155,-0.142586,-0.0513896
0,10,3.44534,20.4016,-0.0228704,-0.00853218
0,10,3.98616,19.8028,-0.212982,-0.0912737
0,10,6.91327,18.6703,-0.598916,-0.0607506
0,10,2.12458,16.699,-0.0921731,-0.330497
0,10,3.74565,19.4553,-0.288324,-0.119866
0,10,3.41414,19.3585,-0.248166,-0.136552
0,10,2.94617,19.3792,-0.15909,-0.182549
0,10,3.20384,19.2837,-0.200927,-0.185231
0,10,3.1112,19.2427,-0.193315,-0.193787
0,10,2.93559,19.144,-0.204431,-0.190869
0,10,3.19499,19.1746,-0.221932,-0.208347
0,10,3.01734,19.0826,-0.225133,-0.203296
0,10,2.8489,18.9609,-0.23262,-0.198808
0,10,2.79955,18.6814,-0.287865,-0.227219
0,10,2.61728,18.649,-0.272939,-0.214574
0,10,2.71574,18.6146,-0.290732,-0.231904
0,10,2.89614,18.6451,-0.3013,-0.240495
0,10,3.206,18.4385,-0.364512,-0.274028
0,10,3.1106,18.4783,-0.346122,-0.261434
0,10,4.06976,18.1187,-0.328936,-0.235727
0,10,4.19388,18.1501,-0.325594,-0.22229
0,10,4.43141,17.9613,-0.351244,-0.226467
0,10,4.59518,17.6517,-0.285517,-0.230917
0,10,4.55491,17.568,-0.299256,-0.232148
0,10,4.93913,17.2131,-0.314197,-0.240846
0,10,4.60079,17.3017,-0.277523,-0.248663
0,10,5.2574,17.0146,-0.352326,-0.257732
0,10,5.40809,16.9339,-0.382722,-0.270035
0,10,5.49221,17.0084,-0.377256,-0.259053
0,10,5.77373,16.9973,-0.386319,-0.248146
0,10,5.88154,17.0277,-0.388555,-0.242548
0,10,5.94505,16.9523,-0.399343,-0.242691
0,10,6.16422,16.8281,-0.422537,-0.242666
0,10,6.27168,16.8455,-0.42505,-0.247841
0,10,6.9182,16.8435,-0.45188,-0.227936
0,10,7.58332,17.0589,-0.505028,-0.214103
0,10,7.71841,17.1901,-0.524153,-0.202972
0,10,7.68998,17.0913,-0.512507,-0.219941
0,10,7.80063,17.1189,-0.533603,-0.21089
0,10,7.47728,17.0181,-0.503012,-0.216753
0,10,7.14653,16.9062,-0.470711,-0.224991
0,10,7.966,17.3396,-0.537181,-0.202988
0,10,7.66002,16.9908,-0.518643,-0.22747
0,10,7.9312,17.2451,-0.546548,-0.197584
0,10,7.83486,17.211,-0.545948,-0.198479
0,10,8.08401,17.3716,-0.54554,-0.199053
0,10,8.27024,17.6548,-0.528589,-0.153084
0,10,8.28254,18.2697,-0.61912,-0.106938
0,10,8.27955,18.5282,-0.686435,-0.0621937
0,10,8.21189,18.4697,-0.692582,-0.0505731
0,10,8.22017,18.6202,-0.755783,-0.0769438
0,10,8.07648,18.2442,-0.630775,-0.159474
0,10,8.05123,18.6022,-0.697948,-0.149282
0,10,8.17401,18.7126,-0.819251,-0.115286
0,10,8.2755,18.7217,-0.778329,-0.183246
0,10,7.96383,18.6696,-0.715919,-0.126891
0,10,8.3796,18.722,-0.759244,-0.182209
0,10,8.15563,18.9897,-0.7372,-0.127983
0,10,8.11968,18.8945,-0.73805,-0.102498
0,10,8.19579,18.8125,-0.742284,-0.149411
0,10,8.2291,18.9048,-0.737612,-0.156291
0,10,8.216,19.3436,-0.689008,-0.133875
0,10,8.2389,19.1672,-0.728583,-0.140216
0,10,8.08671,19.0766,-0.735747,-0.116195
0,10,8.30314,18.8166,-0.75074,-0.194232
0,10,8.10298,19.3482,-0.688395,-0.121312
0,10,8.19703,19.079,-0.732972,-0.135758
0,10,8.08388,19.5257,-0.614939,-0.113949
0,10,8.14813,19.4343,-0.660532,-0.128341
0,10,7.92435,19.4387,-0.652177,-0.0827746
0,10,7.9929,19.3509,-0.684769,-0.103934
0,10,7.95322,19.2575,-0.704318,-0.0985673
0,10,7.77868,19.3375,-0.677026,-0.0597086
0,10,7.67414,19.3257,-0.663997,-0.0461526
0,10,7.84796,19.2487,-0.700064,-0.0761338
0,10,7.60561,19.4102,-0.642721,-0.0292363
0,10,7.67438,19.0481,-0.717155,-0.0829747
0,10,7.74484,19.2378,-0.69119,-0.0686954
0,10,7.56213,19.5851,-0.560104,-0.0123937
0,10,7.7098,19.4234,-0.648975,-0.0382074
0,10,6.60884,20.0577,-0.308719,-0.0582344
0,10,6.63748,19.9613,-0.35397,-0.0421124
0,10,5.7922,19.9286,-0.361495,0.0278067
0,10,4.57126,20.1588,-0.189542,0.0194217
0,10,4.75351,20.2047,-0.16482,-0.0151622
0,10,4.32297,20.135,-0.1509,0.0182866
0,10,4.18146,20.2275,-0.122749,0.034086
0,10,3.86084,20.227,-0.125493,-0.0487653
0,10,3.54761,20.4018,-0.0420881,-0.00994478
0,10,6.46361,19.1044,-0.594418,-0.0423571
0,10,1.94375,16.3571,-0.076448,-0.343106
0,10,3.757,19.1823,-0.352549,-0.144454
0,10,3.51924,19.4871,-0.233023,-0.102579
0,10,3.02378,19.3142,-0.173721,-0.192435
0,10,3.11264,19.352,-0.171447,-0.182419
0,10,2.68891,19.1551,-0.171071,-0.131541
0,10,2.84921,19.1879,-0.192222,-0.181045
0,10,3.02283,19.2,-0.197221,-0.194121
0,10,2.67605,18.9341,-0.219506,-0.184116
0,10,2.58771,18.8658,-0.220631,-0.188236
0,10,2.60091,18.7554,-0.251233,-0.202275
0,10,2.51862,18.6867,-0.253906,-0.201642
0,10,2.81108,18.5736,-0.308043,-0.235721
0,10,2.82985,18.4712,-0.321985,-0.246463
0,10,2.9311,18.4397,-0.340859,-0.263335
0,10,3.96161,18.1732,-0.333189,-0.252931
0,10,3.86605,18.2357,-0.317174,-0.256317
0,10,4.41503,17.7571,-0.293897,-0.247381
0,10,3.85509,18.1391,-0.326368,-0.264643
0,10,4.4532,17.5215,-0.283912,-0.244679
0,10,4.50469,17.7041,-0.284507,-0.236689
0,10,4.54665,17.4692,-0.276762,-0.234012
0,10,4.76397,17.2555,-0.294928,-0.253189
0,10,4.9928,17.128,-0.315852,-0.253278
0,10,4.65112,17.2258,-0.275906,-0.251728
0,10,5.09315,17.1292,-0.329825,-0.262953
0,10,5.05032,16.9371,-0.365562,-0.278649
0,10,5.66419,16.9719,-0.384239,-0.250749
0,10,5.46094,16.8584,-0.389772,-0.272151
0,10,6.23019,16.7465,-0.429159,-0.247879
0,10,6.43943,16.7942,-0.435614,-0.227977
0,10,6.51574,16.718,-0.449891,-0.235399
0,10,6.54503,16.8128,-0.451411,-0.219328
0,10,6.77422,16.7282,-0.446266,-0.242547
0,10,6.69104,16.7968,-0.433937,-0.237095
0,10,7.00564,16.7763,-0.464908,-0.236761
0,10,6.61291,16.8701,-0.429365,-0.237913
0,10,7.34174,16.8764,-0.495241,-0.230908
0,10,7.76604,17.0181,-0.528529,-0.230115
0,10,7.73508,16.9163,-0.520386,-0.23654
0,10,7.55427,16.9534,-0.515889,-0.21981
0,10,8.04383,17.2757,-0.537874,-0.202444
0,10,8.21398,17.3977,-0.547716,-0.177511
0,10,8.15994,17.3125,-0.534338,-0.182593
0,10,8.18146,18.2068,-0.609868,-0.140634
0,10,8.19862,18.1164,-0.638945,-0.156508
0,10,8.32959,18.4275,-0.716926,-0.0826847
0,10,8.42603,18.4414,-0.673467,-0.20206
0,10,8.15057,18.5679,-0.736704,-0.0918644
0,10,8.373,18.3304,-0.658502,-0.102772
0,10,8.32367,18.6281,-0.692138,-0.164499
0,10,8.29532,18.1763,-0.636322,-0.115572
0,10,8.37991,18.5348,-0.645867,-0.190465
0,10,8.48589,18.5364,-0.671826,-0.172108
0,10,8.42999,18.628,-0.694547,-0.168726
0,10,8.487,18.7187,-0.74736,-0.154998
0,10,8.53848,18.6237,-0.704046,-0.140408
0,10,8.59507,18.7088,-0.736635,-0.133049
0,10,8.81353,18.3128,-0.626089,-0.144858
0,10,8.26945,18.9918,-0.743322,-0.158333
0,10,8.53495,18.4458,-0.666602,-0.16318
0,10,8.41359,18.8124,-0.755387,-0.179151
0,10,8.64926,18.6122,-0.703471,-0.119649
0,10,8.52612,18.8057,-0.753751,-0.1526
0,10,8.7514,18.7857,-0.751129,-0.10716
0,10,8.38207,18.9895,-0.760002,-0.174592
0,10,8.45729,18.8976,-0.765771,-0.167491
0,10,8.24906,19.6067,-0.604071,-0.10769
0,10,8.34381,18.9026,-0.758184,-0.18296
0,10,8.19691,19.5199,-0.637575,-0.11339
0,10,8.49406,18.9845,-0.763471,-0.160787
0,10,8.03587,19.4389,-0.657797,-0.109478
0,10,8.26016,19.43,-0.676272,-0.118801
0,10,7.74592,19.519,-0.586286,-0.0391044
0,10,8.13736,19.6095,-0.592341,-0.0996687
0,10,8.30988,19.5193,-0.645664,-0.115197
0,10,7.85751,19.5277,-0.590871,-0.0654672
0,10,7.81639,19.4337,-0.650736,-0.0617806
0,10,7.49577,19.7594,-0.517312,-0.00134423
0,10,7.55389,19.674,-0.584811,-0.0225118
0,10,6.71502,20.0452,-0.299901,-0.0499826
0,10,5.94931,20.0199,-0.315123,-0.0158824
0,10,6.25564,19.858,-0.403898,-0.026034
0,10,5.60624,19.8709,-0.354044,-0.0867512
0,10,5.39836,20.0489,-0.273561,-0.0457309
0,10,4.28771,20.2262,-0.139897,0.0308311
0,10,4.14368,20.3204,-0.13503,0.0322484
0,10,3.65143,20.4041,-0.0647109,-0.0171437
0,10,4.17078,19.8504,-0.272735,-0.034233
0,10,1.96084,19.1772,-0.0161559,-0.0374445
0,10,3.38122,18.7633,-0.32213,-0.258809
0,10,4.02995,19.4274,-0.313191,-0.125049
0,10,2.3229,18.8821,-0.178175,-0.132481
0,10,2.66706,19.046,-0.187407,-0.161886
0,10,2.48771,19.1285,-0.108602,-0.123348
0,10,2.76953,19.2326,-0.168278,-0.150631
0,10,2.76807,19.1064,-0.202543,-0.172292
0,10,2.75791,19.0016,-0.211998,-0.185553
0,10,2.50592,18.7976,-0.228996,-0.184224
0,10,2.68171,18.8256,-0.242848,-0.201117
0,10,2.53862,18.5787,-0.279821,-0.215476
0,10,2.74551,18.4002,-0.315826,-0.259305
0,10,3.03029,18.4053,-0.348607,-0.264138
0,10,3.29044,18.5008,-0.353213,-0.281078
0,10,3.74076,18.2873,-0.370601,-0.289069
0,10,4.23549,17.9629,-0.345808,-0.223917
0,10,4.1459,18.0558,-0.333319,-0.222029
0,10,4.42191,17.8586,-0.341356,-0.233073
0,10,4.43016,17.4215,-0.263949,-0.255478
0,10,4.36329,17.6801,-0.293236,-0.248983
0,10,4.45988,17.6223,-0.293082,-0.234728
0,10,4.51232,17.3734,-0.269731,-0.246318
0,10,5.04616,17.032,-0.321825,-0.270115
0,10,4.88671,17.1092,-0.302396,-0.259491
0,10,4.82883,17.1849,-0.293402,-0.25055
0,10,5.54698,16.8117,-0.395567,-0.264583
0,10,5.5423,16.9333,-0.389008,-0.259359
0,10,5.8359,16.9235,-0.398435,-0.25046
0,10,5.72926,16.8933,-0.398552,-0.254895
0,10,6.05949,16.7958,-0.422335,-0.241194
0,10,6.12689,16.7221,-0.42901,-0.244004
0,10,6.34426,16.7753,-0.424737,-0.247087
0,10,6.62441,16.7318,-0.465678,-0.221043
0,10,7.1148,16.8112,-0.47306,-0.234441
0,10,6.89381,16.7493,-0.453197,-0.238109
0,10,6.80664,16.8205,-0.444096,-0.234534
0,10,7.23,16.8422,-0.484813,-0.234744
0,10,7.44748,16.9139,-0.509728,-0.229419
0,10,7.52215,16.847,-0.511639,-0.227582
0,10,7.90104,17.1204,-0.516576,-0.172323
0,10,8.09791,17.2038,-0.505784,-0.18396
0,10,8.30875,17.4604,-0.549763,-0.166729
0,10,7.98922,17.1682,-0.511025,-0.185954
0,10,8.19691,17.4856,-0.53401,-0.166122
0,10,8.28726,17.5541,-0.543526,-0.157797
0,10,8.29056,17.8603,-0.579588,-0.136484
0,10,8.19688,18.0145,-0.628984,-0.159597
0,10,8.18798,17.5937,-0.534915,-0.154266
0,10,8.38722,18.1309,-0.651598,-0.101531
0,10,8.28764,17.9635,-0.609974,-0.135108
0,10,8.4791,18.1767,-0.642373,-0.141829
0,10,8.47369,18.3521,-0.63104,-0.176281
0,10,8.29424,18.0725,-0.647799,-0.124919
0,10,8.59837,18.5304,-0.690325,-0.138578
0,10,8.39263,18.2383,-0.629913,-0.100307
0,10,8.67021,18.4748,-0.671853,-0.108664
0,10,8.59195,18.3781,-0.63333,-0.13374
0,10,8.91182,18.6589,-0.722089,-0.0882737
0,10,8.84855,18.5812,-0.699136,-0.101561
0,10,8.74442,18.6036,-0.710939,-0.128525
0,10,8.69488,18.3814,-0.645089,-0.107443
0,10,8.79164,18.4109,-0.653418,-0.134274
0,10,8.75823,18.5093,-0.66445,-0.128264
0,10,8.85613,18.772,-0.753888,-0.107201
0,10,8.67858,18.8816,-0.766788,-0.119932
0,10,8.5696,19.1723,-0.750426,-0.130778
0,10,8.7024,18.7043,-0.725619,-0.120254
0,10,8.63681,19.0794,-0.771179,-0.11704
0,10,8.63585,18.7974,-0.747281,-0.132666
0,10,8.42438,19.0747,-0.75512,-0.167042
0,10,8.28373,19.2518,-0.714623,-0.140463
0,10,8.35475,19.1632,-0.734903,-0.151674
0,10,8.3093,19.0787,-0.741705,-0.152659
0,10,8.5689,18.8923,-0.763398,-0.146198
0,10,8.04169,19.7954,-0.509854,-0.0848615
0,10,7.96984,19.5279,-0.60047,-0.0886127
0,10,8.0236,19.6135,-0.565739,-0.0889164
0,10,7.7663,19.6969,-0.563574,-0.0470094
0,10,7.66308,19.8672,-0.468525,-0.0296033
0,10,7.63369,19.5087,-0.582915,-0.0208171
0,10,6.53712,19.9648,-0.365353,-0.0675084
0,10,7.34604,19.8535,-0.485498,-0.00455435
0,10,6.48035,19.8742,-0.419227,-0.0666901
0,10,6.6752,19.8743,-0.370758,-0.0399225
0,10,5.24249,20.134,-0.206995,0.0211085
0,10,4.91072,20.1238,-0.202959,-0.023101
0,10,4.00412,20.1376,-0.125239,0.00161666
0,10,3.75862,20.4054,-0.112431,-0.0238889
0,10,5.04639,19.557,-0.421157,-0.0392124
0,10,2.73937,16.2839,-0.107148,-0.364231
0,10,4.28679,19.2971,-0.372251,-0.12596
0,10,3.24705,19.4848,-0.18328,-0.13199
0,10,2.58,19.087,-0.146998,-0.143093
0,10,2.34623,18.6562,-0.231251,-0.174709
0,10,2.2717,18.5808,-0.23094,-0.173967
0,10,2.49406,18.9083,-0.200641,-0.169257
0,10,2.42448,18.7278,-0.229547,-0.179661
0,10,2.58391,18.9744,-0.194291,-0.174096
0,10,2.44017,18.6157,-0.259737,-0.201322
0,10,2.46274,18.5079,-0.28485,-0.215904
0,10,2.76782,18.2943,-0.339661,-0.28174
0,10,3.48413,18.389,-0.384165,-0.295525
0,10,3.84598,18.0453,-0.326427,-0.273605
0,10,4.33069,17.9149,-0.343802,-0.225281
0,10,3.95829,18.0809,-0.330001,-0.257696
0,10,4.27001,17.7349,-0.285831,-0.251362
0,10,4.34613,17.4758,-0.269093,-0.266316
0,10,5.50013,16.6954,-0.41284,-0.273588
0,10,4.93874,16.9297,-0.360916,-0.280292
0,10,4.71632,17.1561,-0.283271,-0.265089
0,10,5.438,16.7612,-0.403681,-0.275042
0,10,4.54032,17.1915,-0.265281,-0.258151
0,10,5.34221,16.8482,-0.382115,-0.27514
0,10,5.16701,16.9403,-0.359594,-0.288954
0,10,5.79238,16.8174,-0.412868,-0.255688
0,10,5.62183,16.8763,-0.39723,-0.254077
0,10,5.28928,16.9287,-0.378276,-0.266783
0,10,5.84305,16.7396,-0.421678,-0.254518
0,10,6.0088,16.8763,-0.410914,-0.24137
0,10,6.19397,16.6426,-0.440232,-0.247625
0,10,5.90018,16.849,-0.41037,-0.248809
0,10,6.01839,16.6949,-0.427802,-0.246601
0,10,6.40754,16.6898,-0.438439,-0.24665
0,10,6.3002,16.6762,-0.435719,-0.247747
0,10,7.41683,16.8093,-0.503321,-0.239832
0,10,7.09129,16.7093,-0.474714,-0.241659
0,10,7.62671,16.8868,-0.521043,-0.227361
0,10,6.85161,16.6614,-0.457959,-0.244274
0,10,7.3078,16.7763,-0.491699,-0.242279
0,10,8.26828,17.3078,-0.535575,-0.165064
0,10,8.26936,17.1417,-0.515961,-0.190497
0,10,8.36399,17.7079,-0.54845,-0.123472
0,10,8.20356,17.2225,-0.516846,-0.183762
0,10,8.39847,17.802,-0.575271,-0.116417
0,10,8.37778,18.013,-0.633556,-0.0989847
0,10,8.46435,18.0607,-0.634069,-0.117065
0,10,8.28244,17.7696,-0.563346,-0.143703
0,10,8.38504,17.9028,-0.599994,-0.10635
0,10,8.59578,18.1981,-0.594232,-0.142751
0,10,8.73074,18.1944,-0.635566,-0.122399
0,10,8.61316,18.2865,-0.617385,-0.137235
0,10,8.83226,18.2148,-0.638283,-0.170245
0,10,8.50443,18.2701,-0.603971,-0.168982
0,10,8.71631,18.283,-0.617435,-0.114108
0,10,8.86681,18.4792,-0.675143,-0.111884
0,10,8.94906,18.5452,-0.700008,-0.086957
0,10,8.76649,18.0974,-0.636871,-0.128958
0,10,8.56512,18.0038,-0.62042,-0.11163
0,10,8.91658,18.2806,-0.652639,-0.148998
0,10,8.77301,18.0027,-0.604905,-0.135165
0,10,8.87744,18.0184,-0.612117,-0.186728
0,10,9.02087,18.6045,-0.698845,-0.094674
0,10,8.98177,18.4483,-0.691992,-0.0986366
0,10,8.99025,18.7074,-0.703573,-0.115977
0,10,8.81394,18.6865,-0.735671,-0.117547
0,10,9.08102,18.7506,-0.696205,-0.136121
0,10,8.50153,19.2616,-0.733804,-0.151166
0,10,8.73259,19.0816,-0.782201,-0.100591
0,10,8.60401,18.9817,-0.773689,-0.132702
0,10,8.53463,19.0746,-0.765647,-0.142276
0,10,8.46576,19.1648,-0.752564,-0.153732
0,10,8.39445,19.2522,-0.731283,-0.137901
0,10,8.19836,19.6986,-0.562687,-0.0947635
0,10,7.85628,19.9705,-0.410346,-0.0545255
0,10,8.32637,19.34,-0.702922,-0.126486
0,10,8.14699,19.7892,-0.515218,-0.0756686
0,10,7.99819,19.8871,-0.496048,-0.0724611
0,10,7.98097,19.7056,-0.547292,-0.0820172
0,10,8.08817,19.6997,-0.549519,-0.0811094
0,10,7.79459,19.6088,-0.551607,-0.0425287
0,10,7.67971,19.5979,-0.556687,-0.0246149
0,10,7.60474,19.7723,-0.525802,-0.0256279
0,10,6.49412,20.0503,-0.313263,-0.0592263
0,10,5.7637,20.214,-0.23889,0.0130043
0,10,5.55701,19.9725,-0.317415,-0.0933012
0,10,4.64027,20.2462,-0.150905,0.00180945
0,10,4.03242,20.3229,-0.15814,0.006751
0,10,3.86734,20.4066,-0.15633,-0.0150047
0,10,3.92054,20.321,-0.15986,-0.035379
0,10,6.18986,19.2322,-0.585683,-0.0962712
0,10,4.96418,19.6357,-0.40263,-0.0450402
0,10,5.43125,18.1947,-0.444239,-0.138169
0,10,3.71126,19.5429,-0.245542,-0.10672
0,10,2.32993,18.7673,-0.210439,-0.1554
0,10,2.08452,18.6559,-0.183557,-0.138613
0,10,2.36387,18.5413,-0.264131,-0.203903
0,10,1.99716,18.2747,-0.216261,-0.19441
0,10,2.2485,18.2827,-0.289411,-0.23049
0,10,2.06087,18.3544,-0.224823,-0.186353
0,10,2.38733,18.4337,-0.294017,-0.218779
0,10,2.63726,18.5412,-0.296639,-0.228199
0,10,3.12972,18.3692,-0.362933,-0.276094
0,10,3.75893,18.1999,-0.311359,-0.273269
0,10,4.04366,18.0194,-0.33065,-0.2382
0,10,4.32157,17.8117,-0.30339,-0.245646
0,10,4.36174,17.5781,-0.283297,-0.256317
0,10,4.40159,17.3127,-0.262192,-0.265885
0,10,4.496,17.2751,-0.268598,-0.256059
0,10,4.77784,17.0829,-0.292794,-0.266629
0,10,4.60479,17.1217,-0.272976,-0.26288
0,10,5.21866,16.8553,-0.358564,-0.290723
0,10,5.63008,16.6446,-0.420778,-0.273112
0,10,5.60211,16.7322,-0.415546,-0.269619
0,10,5.72956,16.7113,-0.425207,-0.260083
0,10,5.68583,16.7904,-0.413173,-0.259585
0,10,5.87378,16.565,-0.443535,-0.256603
0,10,5.98082,16.5873,-0.441188,-0.249161
0,10,5.91471,16.6662,-0.43052,-0.252769
0,10,6.44148,16.521,-0.462844,-0.256035
0,10,6.08463,16.6199,-0.439258,-0.248362
0,10,6.26083,16.569,-0.449052,-0.247991
0,10,6.55062,16.5364,-0.464449,-0.250019
0,10,6.66048,16.5707,-0.471638,-0.241167
0,10,5.9496,16.7707,-0.420386,-0.249066
0,10,6.36373,16.5938,-0.447119,-0.252068
0,10,6.58395,16.6375,-0.459186,-0.238699
0,10,6.77739,16.5934,-0.491174,-0.225978
0,10,6.47784,16.6145,-0.450788,-0.249482
0,10,7.18118,16.6395,-0.483182,-0.248051
0,10,6.70296,16.6635,-0.477227,-0.222471
0,10,6.93209,16.5981,-0.472141,-0.25334
0,10,7.19473,16.7463,-0.480809,-0.243949
0,10,6.9786,16.6829,-0.467394,-0.246323
0,10,7.86259,17.0179,-0.509148,-0.14792
0,10,7.70345,16.8185,-0.517743,-0.22965
0,10,8.46456,17.7037,-0.556577,-0.145045
0,10,7.82548,16.91,-0.510836,-0.161765
0,10,8.3779,17.6088,-0.544501,-0.133856
0,10,8.4358,17.4327,-0.552301,-0.143282
0,10,8.53797,17.757,-0.579727,-0.129853
0,10,8.48268,17.8431,-0.594392,-0.128885
0,10,8.66126,18.1236,-0.619943,-0.164058
0,10,8.47242,17.9524,-0.621558,-0.108295
0,10,8.55596,18.1042,-0.62377,-0.12283
0,10,8.90095,18.3825,-0.66419,-0.122368
0,10,8.86251,18.1191,-0.629156,-0.179299
0,10,8.61545,17.82,-0.601864,-0.104196
0,10,8.56849,17.9045,-0.622969,-0.110047
0,10,8.55197,17.4302,-0.54919,-0.154029
0,10,8.66538,18.0244,-0.613581,-0.172965
0,10,8.64481,17.7191,-0.587835,-0.117227
0,10,8.81897,17.8177,-0.589725,-0.148626
0,10,8.92873,17.8325,-0.590381,-0.189613
0,10,8.94534,18.1847,-0.65612,-0.161987
0,10,8.74117,17.745,-0.579566,-0.177435
0,10,8.88954,19.1513,-0.781054,-0.117705
0,10,8.89552,17.9228,-0.61803,-0.197434
0,10,9.00405,18.3472,-0.68155,-0.121529
0,10,8.67252,17.9347,-0.60397,-0.161403
0,10,8.94653,18.7925,-0.744471,-0.134829
0,10,8.9008,18.9808,-0.783926,-0.129874
0,10,8.78264,18.877,-0.764744,-0.102305
0,10,9.06643,18.5102,-0.708656,-0.098295
0,10,8.98113,18.8875,-0.761353,-0.124801
0,10,9.01383,18.9749,-0.784355,-0.115456
0,10,8.70394,18.9768,-0.779138,-0.111601
0,10,7.97223,19.974,-0.401474,-0.0537941
0,10,8.43626,19.3474,-0.7075,-0.139979
0,10,7.81265,20.0517,-0.40866,-0.0586734
0,10,8.09141,19.9736,-0.417763,-0.051824
0,10,7.88716,19.8846,-0.479334,-0.0625568
0,10,7.87321,19.7024,-0.551757,-0.0618051
0,10,7.77557,19.877,-0.473717,-0.0534379
0,10,7.55144,19.856,-0.463311,-0.00342696
0,10,7.30077,19.9493,-0.443183,0.00683739
0,10,6.20539,19.9441,-0.366298,-0.0293068
0,10,6.36476,19.8681,-0.410691,-0.0404434
0,10,4.80465,20.1189,-0.184751,-0.0218183
0,10,4.25305,20.3173,-0.120957,0.0380347
0,10,4.43959,20.1358,-0.146818,0.0380527
0,10,4.36265,20.314,-0.115824,0.0349752
0,10,6.51414,18.5604,-0.59617,-0.0827073
0,10,3.58003,20.1251,-0.123154,-0.086808
0,10,4.39421,19.3239,-0.370741,-0.105284
0,10,2.85786,19.3069,-0.163867,-0.166421
0,10,2.25154,18.6923,-0.212146,-0.155907
0,10,2.12926,18.4294,-0.228554,-0.180103
0,10,2.19739,18.5078,-0.233719,-0.172564
0,10,2.21912,18.3872,-0.26941,-0.219013
0,10,2.72828,18.5023,-0.30804,-0.243905
0,10,2.84856,18.3685,-0.348963,-0.263357
0,10,2.64813,18.4217,-0.309931,-0.223012
0,10,3.3023,18.3906,-0.377889,-0.284244
0,10,3.04832,18.3014,-0.373285,-0.275177
0,10,4.13722,17.9549,-0.333563,-0.235692
0,10,3.65463,18.0531,-0.32939,-0.277938
0,10,4.26664,17.6325,-0.284453,-0.262956
0,10,4.23052,17.8664,-0.305026,-0.234518
0,10,4.47281,17.121,-0.260482,-0.269293
0,10,4.32762,17.3664,-0.260689,-0.265062
0,10,4.40737,17.2085,-0.258016,-0.274361
0,10,4.67057,17.0503,-0.288121,-0.274533
0,10,5.10629,16.8567,-0.358051,-0.275909
0,10,4.94365,17.0233,-0.309367,-0.264996
0,10,5.33152,16.761,-0.40416,-0.279404
0,10,5.37991,16.6683,-0.406513,-0.279182
0,10,5.80558,16.6421,-0.431795,-0.255648
0,10,6.51051,16.4377,-0.469612,-0.25409
0,10,6.14783,16.5442,-0.449674,-0.250821
0,10,6.22522,16.4724,-0.46395,-0.252827
0,10,6.72995,16.4995,-0.481551,-0.246209
0,10,7.2621,16.5503,-0.489049,-0.245618
0,10,7.01182,16.5397,-0.478823,-0.254658
0,10,6.85425,16.5327,-0.50217,-0.230346
0,10,7.06813,16.6177,-0.479746,-0.248329
0,10,7.4484,16.6361,-0.492144,-0.247772
0,10,7.34015,16.6023,-0.484031,-0.255134
0,10,7.73599,16.659,-0.48802,-0.200322
0,10,7.55771,16.6707,-0.501104,-0.237898
0,10,7.8352,16.6992,-0.490786,-0.198311
0,10,7.27396,16.6759,-0.484383,-0.248824
0,10,7.86616,16.8264,-0.525685,-0.176871
0,10,7.4915,16.7396,-0.501925,-0.23766
0,10,7.66461,16.7144,-0.504554,-0.228196
0,10,7.38239,16.7076,-0.493934,-0.247355
0,10,7.92719,16.9353,-0.52364,-0.167518
0,10,7.59519,16.7807,-0.513629,-0.231879
0,10,8.10843,17.0183,-0.512487,-0.18947
0,10,8.04997,17.0955,-0.506938,-0.182021
0,10,7.96475,17.0394,-0.499772,-0.181736
0,10,8.32299,17.2194,-0.536342,-0.17284
0,10,8.40613,17.519,-0.566413,-0.141807
0,10,8.57585,17.6483,-0.556292,-0.13924
0,10,8.34151,17.3766,-0.53953,-0.164061
0,10,8.39227,17.2906,-0.54203,-0.170193
0,10,8.15666,17.1247,-0.506603,-0.191689
0,10,8.44132,17.2009,-0.543272,-0.175593
0,10,8.485,17.6057,-0.547241,-0.146606
0,10,8.52162,17.5168,-0.568148,-0.154988
0,10,8.61696,17.5604,-0.569257,-0.165549
0,10,8.52206,17.2577,-0.559988,-0.149842
0,10,8.72914,17.5389,-0.571399,-0.155069
0,10,8.64996,17.4673,-0.549921,-0.163362
0,10,8.68337,17.3754,-0.543925,-0.167907
0,10,8.87169,17.737,-0.629268,-0.174875
0,10,8.69769,17.6325,-0.600965,-0.149196
0,10,9.12282,17.7231,-0.542501,-0.133426
0,10,8.7108,17.8426,-0.587687,-0.181205
0,10,8.97961,17.7424,-0.619997,-0.213428
0,10,9.06207,17.7967,-0.620948,-0.209301
0,10,9.13873,17.8612,-0.635048,-0.191782
0,10,8.79177,17.9125,-0.63005,-0.141729
0,10,8.98522,17.9822,-0.631363,-0.188339
0,10,9.02869,18.2493,-0.67429,-0.136184
0,10,8.96519,18.0804,-0.629686,-0.172047
0,10,9.10519,18.6535,-0.67414,-0.125225
0,10,9.15035,18.5653,-0.690019,-0.121892
0,10,9.11017,18.9757,-0.784101,-0.123442
0,10,8.83263,19.0793,-0.786903,-0.114206
0,10,8.8261,19.2377,-0.765843,-0.110149
0,10,8.80097,18.9825,-0.781756,-0.109824
0,10,8.87637,18.8828,-0.757822,-0.127731
0,10,8.10691,19.8863,-0.516948,-0.0704975
0,10,7.69659,20.0433,-0.401699,-0.0349401
0,10,7.74059,19.9613,-0.421396,-0.0403631
0,10,7.93339,19.7964,-0.50568,-0.0735644
0,10,7.71371,19.7837,-0.516391,-0.0442674
0,10,7.23979,19.864,-0.454097,-0.0264442
0,10,5.8063,20.1172,-0.262865,0.0142785
0,10,5.70344,20.1194,-0.27014,0.032969
0,10,5.3482,20.1273,-0.20304,0.0211792
0,10,4.82378,20.3044,-0.136139,0.0116125
0,10,4.50815,20.2255,-0.149379,0.041325
0,10,3.98127,20.4093,-0.19549,-0.00440362
0,10,2.57814,19.5328,-0.0473005,-0.0587768
0,10,4.88664,19.7118,-0.381063,-0.0277533
0,10,3.70511,19.3626,-0.302435,-0.121984
0,10,2.68392,19.2725,-0.152715,-0.115977
0,10,2.40263,19.0647,-0.119913,-0.127211
0,10,2.00856,18.579,-0.189845,-0.146424
0,10,2.60263,19.1894,-0.152466,-0.114005
0,10,2.49427,19.0198,-0.155888,-0.151983
0,10,2.28886,18.4649,-0.272584,-0.20843
0,10,2.56356,18.4685,-0.308661,-0.228411
0,10,2.94695,18.3346,-0.353596,-0.264702
0,10,3.23004,18.3258,-0.374011,-0.286851
0,10,2.48697,18.4002,-0.311688,-0.233552
0,10,3.57101,18.3143,-0.366518,-0.294734
0,10,2.96851,18.2302,-0.364094,-0.285864
0,10,3.39827,18.3402,-0.397924,-0.290402
0,10,3.74796,18.1037,-0.317415,-0.282059
0,10,3.93505,17.9843,-0.328231,-0.260363
0,10,4.17028,17.6832,-0.273612,-0.245825
0,10,4.17505,17.7841,-0.28538,-0.237767
0,10,4.25794,17.5313,-0.266518,-0.271179
0,10,4.31398,17.2324,-0.252732,-0.262677
0,10,4.84119,17.0065,-0.306107,-0.268043
0,10,4.54434,17.0403,-0.275838,-0.272027
0,10,5.52826,16.6073,-0.418983,-0.277224
0,10,6.04071,16.5115,-0.449303,-0.252127
0,10,5.92901,16.4846,-0.446908,-0.25148
0,10,6.33516,16.4912,-0.467314,-0.253041
0,10,6.30107,16.3962,-0.478956,-0.25829
0,10,6.62217,16.4667,-0.473109,-0.252685
0,10,7.58015,16.509,-0.484807,-0.230769
0,10,7.15435,16.5497,-0.490062,-0.251277
0,10,7.08844,16.4766,-0.481652,-0.259813
0,10,7.69748,16.5457,-0.488139,-0.213008
0,10,7.89774,16.5339,-0.517662,-0.207736
0,10,7.62642,16.6075,-0.490192,-0.225967
0,10,7.79519,16.584,-0.492969,-0.197555
0,10,7.50813,16.5649,-0.492014,-0.245058
0,10,8.0316,16.5892,-0.511367,-0.186152
0,10,7.98496,16.6725,-0.514507,-0.178304
0,10,7.8985,16.6259,-0.488855,-0.200501
0,10,7.77905,16.7749,-0.497113,-0.199625
0,10,7.9785,16.8503,-0.524772,-0.171103
0,10,8.07998,16.8682,-0.514591,-0.190177
0,10,8.37174,16.9628,-0.51273,-0.202664
0,10,8.15494,16.9327,-0.512588,-0.187026
0,10,8.04053,16.7674,-0.521637,-0.176104
0,10,8.3244,17.052,-0.522231,-0.198171
0,10,8.25733,16.9608,-0.505077,-0.202396
0,10,8.0285,16.9575,-0.516623,-0.19115
0,10,8.21416,17.0455,-0.515686,-0.197954
0,10,8.44595,17.0208,-0.533055,-0.176208
0,10,8.38738,17.123,-0.53377,-0.181495
0,10,8.56542,17.1666,-0.553418,-0.152285
0,10,8.49698,16.9211,-0.529207,-0.178458
0,10,8.67523,17.1607,-0.564185,-0.152515
0,10,8.47443,17.3478,-0.558189,-0.14722
0,10,8.58896,17.3397,-0.55832,-0.153115
0,10,8.76381,17.4435,-0.554763,-0.158715
0,10,8.63533,17.251,-0.558992,-0.150713
0,10,8.80597,17.3518,-0.533872,-0.152571
0,10,8.797,17.6648,-0.588213,-0.202985
0,10,9.02827,17.6607,-0.545339,-0.167741
0,10,9.30538,17.7556,-0.545533,-0.0785601
0,10,9.2184,17.9225,-0.651915,-0.168781
0,10,8.91653,17.6473,-0.585087,-0.172422
0,10,9.20662,17.7918,-0.544099,-0.106826
0,10,9.34855,18.1396,-0.69459,-0.121709
0,10,9.09382,17.9504,-0.626131,-0.169096
0,10,9.29931,17.9843,-0.669783,-0.145215
0,10,9.07361,18.0484,-0.652496,-0.163261
0,10,9.29224,17.8587,-0.551609,-0.0778191
0,10,9.1787,18.0137,-0.65269,-0.155256
0,10,9.15873,18.1146,-0.67633,-0.14591
0,10,9.01253,17.8849,-0.6001,-0.185831
0,10,9.0878,18.4118,-0.704687,-0.108261
0,10,9.17805,18.4701,-0.706562,-0.120962
0,10,8.9501,19.0623,-0.794293,-0.124191
0,10,9.06272,18.8395,-0.773885,-0.138132
0,10,8.76671,19.3234,-0.749561,-0.104335
0,10,9.05899,19.0722,-0.793348,-0.118543
0,10,8.44126,19.4871,-0.671024,-0.12004
0,10,7.62606,19.9523,-0.426985,-0.0186501
0,10,7.58225,20.0351,-0.401792,-0.0117269
0,10,7.51382,19.9419,-0.436851,0.00894024
0,10,7.82425,19.7917,-0.507567,-0.0589928
0,10,7.65929,19.6856,-0.573944,-0.0306428
0,10,6.31517,19.9536,-0.362628,-0.025308
0,10,6.67796,20.1424,-0.27862,-0.0676983
0,10,5.84597,20.0213,-0.324663,0.00696504
0,10,5.57287,20.1457,-0.208409,-0.124853
0,10,5.19398,20.2202,-0.148258,0.0259308
0,10,4.39783,20.2228,-0.156101,0.0273529
0,10,4.09719,20.4077,-0.192348,0.00508609
0,10,6.56067,18.1908,-0.581959,-0.121042
0,10,6.44371,19.3631,-0.561264,-0.0463884
0,10,3.95892,19.5044,-0.285667,-0.114273
0,10,4.18367,19.9516,-0.218125,0.00656034
0,10,4.55854,19.1806,-0.410441,-0.0959944
0,10,3.80753,19.5677,-0.248294,-0.102071
0,10,1.86529,18.4175,-0.194775,-0.168163
0,10,2.02927,18.4634,-0.213289,-0.171484
0,10,2.41241,18.8387,-0.208362,-0.162765
0,10,2.1475,18.3075,-0.271944,-0.230162
0,10,1.67382,18.1541,-0.152399,-0.204881
0,10,2.56712,18.3446,-0.31561,-0.227058
0,10,2.07825,18.2242,-0.266103,-0.248987
0,10,3.15214,18.2635,-0.384042,-0.278832
0,10,3.74113,18.0007,-0.340128,-0.283852
0,10,3.48242,18.2724,-0.377401,-0.272916
0,10,3.63932,18.2447,-0.357561,-0.293577
0,10,4.11382,17.8621,-0.303733,-0.244395
0,10,3.07357,18.1976,-0.377639,-0.286138
0,10,4.02602,17.9202,-0.312828,-0.245902
0,10,4.16421,17.5827,-0.266833,-0.255359
0,10,4.4368,17.0273,-0.268738,-0.276145
0,10,4.73521,16.9758,-0.301196,-0.28004
0,10,4.82107,16.9096,-0.336586,-0.284842
0,10,4.88541,16.8386,-0.349886,-0.298976
0,10,5.42627,16.5901,-0.417494,-0.286635
0,10,6.19427,16.3736,-0.476275,-0.256395
0,10,7.14143,16.3992,-0.487355,-0.261832
0,10,6.41169,16.4164,-0.476446,-0.252315
0,10,7.22469,16.4639,-0.491008,-0.250079
0,10,6.80733,16.4404,-0.485181,-0.24694
0,10,6.9318,16.4703,-0.506698,-0.235648
0,10,7.40309,16.5254,-0.488721,-0.257036
0,10,8.09282,16.4913,-0.510108,-0.187188
0,10,7.79315,16.4825,-0.512583,-0.212845
0,10,8.13771,16.5748,-0.510256,-0.187279
0,10,8.30697,16.6631,-0.518969,-0.179509
0,10,8.51663,16.6993,-0.501382,-0.19718
0,10,8.19647,16.6717,-0.519703,-0.186872
0,10,8.55576,16.8223,-0.517319,-0.177645
0,10,8.09779,16.6759,-0.519994,-0.187195
0,10,8.39953,16.7023,-0.505006,-0.206425
0,10,7.9285,16.7539,-0.516501,-0.167387
0,10,8.46635,16.7849,-0.504296,-0.203551
0,10,8.2543,16.7537,-0.519733,-0.181922
0,10,8.41734,16.8716,-0.509233,-0.206474
0,10,8.34741,16.7871,-0.50476,-0.206946
0,10,8.14184,16.7741,-0.520968,-0.191361
0,10,8.49561,17.1029,-0.531225,-0.172672
0,10,8.20545,16.8467,-0.516946,-0.186173
0,10,8.76887,17.194,-0.56142,-0.15521
0,10,8.30376,16.8749,-0.508123,-0.205577
0,10,8.82744,17.1203,-0.537757,-0.131721
0,10,8.61834,17.0722,-0.538433,-0.164345
0,10,8.94382,17.2932,-0.52471,-0.176862
0,10,8.9566,17.4587,-0.549483,-0.151373
0,10,8.73069,17.2874,-0.547744,-0.153074
0,10,8.85321,17.4787,-0.542333,-0.190128
0,10,8.90046,17.3772,-0.525139,-0.185121
0,10,8.93419,17.5584,-0.556692,-0.155577
0,10,8.82473,17.574,-0.56843,-0.196716
0,10,9.13056,17.6226,-0.546932,-0.128393
0,10,9.22074,17.6878,-0.541205,-0.10222
0,10,9.37825,17.9249,-0.567722,-0.0580583
0,10,9.3811,18.0454,-0.686075,-0.122578
0,10,9.55349,18.0498,-0.620023,-0.0237806
0,10,9.465,17.9891,-0.589832,-0.0442808
0,10,9.73141,18.1636,-0.645672,0.00519698
0,10,9.42591,18.2981,-0.721204,-0.0884059
0,10,9.43777,18.1981,-0.710116,-0.0925842
0,10,9.33392,18.24,-0.708945,-0.116645
0,10,9.26279,18.0778,-0.676646,-0.136986
0,10,9.21905,18.2747,-0.697779,-0.120885
0,10,9.30793,18.333,-0.705464,-0.112264
0,10,9.24489,18.1788,-0.69475,-0.131189
0,10,9.40213,18.3899,-0.712283,-0.0826351
0,10,9.11378,18.3135,-0.699908,-0.119261
0,10,9.26868,18.5228,-0.700803,-0.116212
0,10,9.14514,18.8888,-0.788053,-0.123517
0,10,9.04861,18.1473,-0.656744,-0.146077
0,10,8.99815,19.1573,-0.787238,-0.119119
0,10,8.76146,19.1782,-0.777735,-0.100607
0,10,7.54672,20.1246,-0.34477,-0.00341509
0,10,8.66435,19.1868,-0.769068,-0.0907883
0,10,8.21052,19.8759,-0.516755,-0.0662638
0,10,7.47333,20.0338,-0.408086,0.000513093
0,10,7.25653,20.0427,-0.38644,0.0217103
0,10,7.44304,19.8435,-0.463546,0.0399352
0,10,7.14647,20.0476,-0.350944,0.0126793
0,10,6.2266,20.1261,-0.275815,-0.0175239
0,10,6.33759,20.1316,-0.280706,-0.0279637
0,10,5.65674,20.2083,-0.254806,0.00983812
0,10,5.5046,20.0558,-0.257008,-0.078281
0,10,4.47213,20.3121,-0.112124,0.0322328
0,10,4.21046,20.4087,-0.162106,0.011325
0,10,6.43155,19.0094,-0.588677,-0.0599504
0,10,0.781815,17.8774,-0.0449589,-0.0463074
0,10,2.16803,19.386,-0.0386592,-0.0316538
0,10,4.30773,19.6748,-0.302553,-0.0765977
0,10,2.82973,16.5387,-0.0776048,-0.352896
0,10,2.39186,19.1716,-0.0723899,-0.110029
0,10,1.45729,18.0061,-0.131581,-0.181506
0,10,1.73301,18.2451,-0.165811,-0.197888
0,10,2.10015,18.5404,-0.216518,-0.164167
0,10,1.77237,18.1375,-0.167409,-0.220941
0,10,1.89515,18.3047,-0.200389,-0.187387
0,10,2.32037,18.3568,-0.287198,-0.226352
0,10,2.6673,18.3168,-0.326543,-0.233503
0,10,2.4989,18.2637,-0.307529,-0.236827
0,10,2.86442,18.2621,-0.342553,-0.272689
0,10,2.86727,18.1722,-0.385447,-0.277329
0,10,3.83287,17.9463,-0.337977,-0.26477
0,10,3.64928,18.1571,-0.303917,-0.284547
0,10,4.06722,17.6432,-0.260343,-0.24582
0,10,4.01479,17.8157,-0.29847,-0.245802
0,10,4.61834,16.9632,-0.294524,-0.279565
0,10,4.24704,17.4272,-0.270188,-0.275605
0,10,5.22631,16.763,-0.402972,-0.300857
0,10,4.99493,16.8464,-0.357151,-0.277828
0,10,5.77886,16.5236,-0.437227,-0.268686
0,10,5.71092,16.6008,-0.427339,-0.270597
0,10,6.58856,16.3666,-0.478229,-0.260538
0,10,6.39159,16.3208,-0.493646,-0.253498
0,10,7.47325,16.4533,-0.485795,-0.246652
0,10,8.67747,16.5966,-0.489048,-0.175632
0,10,8.22324,16.4802,-0.509993,-0.190915
0,10,8.23958,16.5738,-0.513028,-0.185576
0,10,7.66729,16.4529,-0.492391,-0.22293
0,10,8.78471,16.6403,-0.51209,-0.15648
0,10,8.43756,16.6145,-0.494358,-0.198301
0,10,8.80847,16.7301,-0.508217,-0.144567
0,10,8.69156,16.6977,-0.503457,-0.162266
0,10,8.72436,16.7952,-0.510899,-0.157359
0,10,8.62413,16.7704,-0.511124,-0.163506
0,10,8.69557,16.8861,-0.535076,-0.160487
0,10,8.60247,16.9122,-0.533479,-0.165864
0,10,8.79193,16.9177,-0.544736,-0.135243
0,10,8.80638,17.0104,-0.533385,-0.128775
0,10,8.89863,16.9576,-0.546587,-0.132657
0,10,8.90743,17.0639,-0.531501,-0.124629
0,10,9.10103,17.1352,-0.516274,-0.137414
0,10,8.9998,17.106,-0.526012,-0.135711
0,10,8.68328,16.9842,-0.531235,-0.154935
0,10,8.72721,17.0695,-0.543725,-0.148344
0,10,8.55462,17.0047,-0.533876,-0.169887
0,10,8.91311,17.1794,-0.531596,-0.135133
0,10,8.84905,17.2572,-0.557084,-0.155535
0,10,9.12202,17.2265,-0.512446,-0.129299
0,10,9.02672,17.39,-0.544968,-0.149299
0,10,9.04944,17.3047,-0.511564,-0.135323
0,10,9.0369,17.5658,-0.555176,-0.155988
0,10,9.07007,17.479,-0.546599,-0.150685
0,10,9.15158,17.3351,-0.526023,-0.117339
0,10,9.16384,17.5321,-0.552464,-0.119883
0,10,9.21985,17.2632,-0.523016,-0.10931
0,10,9.39155,17.8217,-0.551236,-0.0623174
0,10,9.25417,17.4805,-0.53387,-0.0913473
0,10,9.33114,17.6554,-0.553722,-0.0892256
0,10,9.34426,17.5483,-0.540847,-0.0841087
0,10,9.4785,17.8868,-0.56268,-0.049617
0,10,9.56737,17.9487,-0.58125,-0.030561
0,10,9.49699,17.7848,-0.571716,-0.064574
0,10,9.5154,17.6821,-0.559328,-0.0667594
0,10,9.46665,18.1042,-0.701946,-0.0939079
0,10,9.62208,18.3127,-0.739911,-0.0542359
0,10,9.5779,18.5084,-0.732855,-0.0374834
0,10,9.64497,18.2188,-0.718574,-0.054543
0,10,9.55261,18.1645,-0.714319,-0.0717466
0,10,9.61048,18.4122,-0.738571,-0.0460323
0,10,9.4933,18.4516,-0.72267,-0.0588285
0,10,9.51755,18.3586,-0.731215,-0.0660747
0,10,9.29266,18.4293,-0.707695,-0.11214
0,10,9.13265,18.2118,-0.678887,-0.131608
0,10,9.19968,18.3743,-0.707472,-0.120719
0,10,9.23994,18.6166,-0.684805,-0.112317
0,10,9.1952,18.7012,-0.677141,-0.110885
0,10,9.25827,18.871,-0.775823,-0.0753149
0,10,8.70338,19.4085,-0.719734,-0.0843513
0,10,8.59006,19.2869,-0.757975,-0.0887195
0,10,8.37129,19.4318,-0.682784,-0.125569
0,10,7.93109,20.0577,-0.411753,-0.067077
0,10,7.32829,20.1298,-0.329717,0.0301248
0,10,7.36484,20.0364,-0.402754,0.0160507
0,10,7.40938,19.9432,-0.455845,0.0151491
0,10,7.91077,19.6145,-0.557751,-0.0675264
0,10,7.19081,19.9576,-0.41102,-0.00938059
0,10,5.48857,20.3133,-0.058807,0.0126313
0,10,5.30908,20.2202,-0.139672,0.0139359
0,10,4.58458,20.314,-0.0912181,0.0450948
0,10,4.32136,20.4049,-0.120674,0.0205795
0,10,4.42756,20.4055,-0.09012,0.0161397
0,10,1.82114,18.9033,-0.078212,-0.101527
0,10,4.04153,19.7151,-0.220442,-0.095975
0,10,4.20684,19.3723,-0.343273,-0.126311
0,10,3.61519,19.5218,-0.239692,-0.101491
0,10,2.241,18.8076,-0.180958,-0.128513
0,10,1.36084,18.0453,-0.110988,-0.141101
0,10,1.96006,18.3844,-0.211818,-0.177185
0,10,2.17457,18.6179,-0.212968,-0.15506
0,10,1.93397,18.1966,-0.20145,-0.206235
0,10,1.71819,18.0472,-0.175792,-0.225763
0,10,2.00807,18.1372,-0.250717,-0.269516
0,10,2.42268,18.3214,-0.30521,-0.240715
0,10,2.35278,18.2496,-0.305128,-0.244105
0,10,2.60425,18.2424,-0.320036,-0.240598
0,10,3.33018,18.2742,-0.385289,-0.303034
0,10,3.58288,17.9971,-0.348616,-0.258364
0,10,3.55185,18.1091,-0.325778,-0.246736
0,10,3.92757,17.8817,-0.309225,-0.251963
0,10,3.91237,17.7808,-0.290708,-0.258671
0,10,4.36599,17.1189,-0.260947,-0.274625
0,10,5.59662,16.5344,-0.430525,-0.278707
0,10,4.775,16.8128,-0.345217,-0.293273
0,10,6.11528,16.4439,-0.465099,-0.254984
0,10,5.26436,16.6689,-0.383782,-0.29804
0,10,6.69552,16.3965,-0.481035,-0.252164
0,10,6.49516,16.3299,-0.489853,-0.247206
0,10,7.33831,16.4587,-0.501555,-0.252987
0,10,7.98866,16.5024,-0.50865,-0.186023
0,10,7.87075,16.4321,-0.509146,-0.20994
0,10,8.58589,16.6576,-0.487437,-0.169737
0,10,8.34022,16.5693,-0.513921,-0.175156
0,10,8.75393,16.5356,-0.490771,-0.177408
0,10,8.59753,16.5473,-0.491315,-0.173346
0,10,8.90607,16.6689,-0.524903,-0.154006
0,10,8.86453,16.5803,-0.518498,-0.162313
0,10,8.91227,16.7693,-0.530858,-0.136178
0,10,9.0154,16.822,-0.539366,-0.139426
0,10,8.8285,16.8316,-0.526489,-0.129179
0,10,9.10215,16.7691,-0.544918,-0.136311
0,10,9.04057,16.9186,-0.533335,-0.129968
0,10,9.22071,16.8083,-0.556292,-0.115541
0,10,8.929,16.8738,-0.53032,-0.129398
0,10,9.29421,16.7484,-0.548958,-0.106365
0,10,9.24765,16.896,-0.540523,-0.113027
0,10,9.12926,16.8666,-0.548165,-0.124607
0,10,9.15125,16.9593,-0.523506,-0.1201
0,10,8.99578,16.999,-0.545719,-0.136225
0,10,9.25699,16.9929,-0.52394,-0.107805
0,10,9.21612,17.1599,-0.514948,-0.11716
0,10,9.09298,17.0349,-0.539574,-0.137739
0,10,9.00924,17.2069,-0.508861,-0.144427
0,10,9.19507,17.0683,-0.533071,-0.12103
0,10,9.41008,17.2597,-0.52693,-0.0835413
0,10,9.3145,17.2,-0.522131,-0.0887236
0,10,9.30958,17.0991,-0.527232,-0.0973075
0,10,9.15483,17.4236,-0.53018,-0.113475
0,10,9.31206,17.3079,-0.530712,-0.0866184
0,10,9.48248,17.4276,-0.532612,-0.077066
0,10,9.35418,17.4479,-0.533523,-0.0873715
0,10,9.25784,17.3828,-0.53093,-0.0940734
0,10,9.39737,17.3664,-0.528275,-0.0843822
0,10,9.44593,17.5141,-0.541899,-0.079798
0,10,9.24843,17.5909,-0.551889,-0.102275
0,10,9.41325,17.7203,-0.564123,-0.0757386
0,10,9.43083,17.6153,-0.547397,-0.0750613
0,10,9.58328,17.8479,-0.586006,-0.0480569
0,10,9.60088,17.7467,-0.571615,-0.0564016
0,10,9.74823,18.0665,-0.627065,0.00529893
0,10,9.64014,18.1087,-0.637066,-0.0108378
0,10,9.84431,18.1209,-0.642751,0.0113297
0,10,9.65811,18.0077,-0.609211,-0.0121527
0,10,9.82958,18.333,-0.736277,-0.0290083
0,10,9.81524,18.2203,-0.666395,0.020038
0,10,9.52932,18.2585,-0.724504,-0.0736685
0,10,9.73366,18.2812,-0.739893,-0.0332826
0,10,9.61238,18.6838,-0.755737,-0.00862034
0,10,9.36087,18.8494,-0.764494,-0.0416518
0,10,9.756,18.8158,-0.759063,-0.0301062
0,10,9.50772,18.7136,-0.741126,-0.0207124
0,10,9.39883,18.7516,-0.737222,-0.0383775
0,10,9.32688,18.9516,-0.786202,-0.0591405
0,10,9.18222,18.7944,-0.739233,-0.104464
0,10,8.8134,19.4178,-0.736363,-0.099895
0,10,8.41662,19.6767,-0.603402,-0.104369
0,10,8.37302,19.5845,-0.621711,-0.113193
0,10,8.25881,19.7783,-0.541886,-0.0843082
0,10,7.43643,20.1251,-0.337644,0.0126214
0,10,7.21887,20.1354,-0.312176,0.0405278
0,10,7.65733,20.1275,-0.351128,-0.0188559
0,10,6.78303,20.14,-0.269955,-0.0521807
0,10,6.99973,20.1391,-0.273154,0.0102646
0,10,7.07845,19.9602,-0.374778,-0.0239189
0,10,6.01329,20.1163,-0.266923,-0.0232551
0,10,5.04072,20.3044,-0.16974,-0.0217644
0,10,4.72144,20.2998,-0.127175,-0.00576749
0,10,4.97314,20.2142,-0.187124,-0.0130434
0,10,4.53397,20.4022,-0.0601736,0.00858039
0,10,6.89763,18.4651,-0.653195,-0.0833279
0,10,1.5287,18.606,-0.108582,-0.074177
0,10,6.48437,18.3663,-0.589182,-0.101068
0,10,6.33537,19.3447,-0.57059,-0.0616395
0,10,2.16172,18.7338,-0.182128,-0.12788
0,10,1.64162,18.2803,-0.147108,-0.166757
0,10,1.79812,18.3322,-0.185102,-0.183555
0,10,1.83054,18.2232,-0.185123,-0.202303
0,10,1.56292,17.9699,-0.154167,-0.195027
0,10,1.81972,18.0311,-0.187309,-0.232705
0,10,1.76715,17.942,-0.183098,-0.238186
0,10,1.8758,18.1147,-0.185509,-0.222054
0,10,2.10945,18.1234,-0.263213,-0.2558
0,10,2.73063,18.2117,-0.364135,-0.265101
0,10,2.979,18.1348,-0.384062,-0.286757
0,10,4.15711,17.4795,-0.262375,-0.255418
0,10,3.82196,17.8517,-0.290998,-0.269692
0,10,4.51061,16.9451,-0.282584,-0.284033
0,10,5.31169,16.584,-0.39969,-0.311505
0,10,5.12721,16.7591,-0.392885,-0.28746
0,10,5.67586,16.494,-0.436535,-0.275411
0,10,5.20504,16.5678,-0.390485,-0.307319
0,10,5.82608,16.4456,-0.444509,-0.271039
0,10,7.0072,16.4132,-0.501647,-0.234036
0,10,6.28176,16.2991,-0.493115,-0.261793
0,10,7.27722,16.3809,-0.507626,-0.25911
0,10,7.74386,16.3946,-0.496389,-0.227593
0,10,7.41667,16.3838,-0.506947,-0.239043
0,10,8.39647,16.4971,-0.498492,-0.168473
0,10,8.30651,16.4466,-0.504999,-0.165894
0,10,8.50423,16.5601,-0.48514,-0.190701
0,10,8.82708,16.4744,-0.509071,-0.186432
0,10,8.69055,16.4605,-0.51934,-0.169389
0,10,8.98973,16.6062,-0.527282,-0.155224
0,10,9.08475,16.656,-0.53328,-0.137583
0,10,9.00424,16.7151,-0.540332,-0.147911
0,10,9.21766,16.6295,-0.535282,-0.126455
0,10,9.47626,16.7947,-0.555691,-0.0914923
0,10,9.52988,16.6052,-0.574276,-0.115866
0,10,9.17978,16.7115,-0.539853,-0.128423
0,10,9.65043,16.5331,-0.589221,-0.0972031
0,10,9.31569,16.6499,-0.542392,-0.109631
0,10,9.62278,16.6383,-0.585032,-0.0875389
0,10,9.41948,16.6303,-0.560928,-0.111985
0,10,9.57375,16.8424,-0.558084,-0.0826832
0,10,9.59624,16.7467,-0.576494,-0.087607
0,10,9.35498,16.8278,-0.558867,-0.0983376
0,10,9.35037,16.9157,-0.539579,-0.0899177
0,10,9.35747,17.0211,-0.523767,-0.0866702
0,10,9.45882,16.8843,-0.557817,-0.0902982
0,10,9.45198,17.0788,-0.523955,-0.0830923
0,10,9.56151,16.9366,-0.546318,-0.0857597
0,10,9.54429,17.135,-0.524214,-0.0776582
0,10,9.40791,17.1579,-0.526045,-0.0860474
0,10,9.73507,17.159,-0.528805,-0.0673442
0,10,9.50587,17.2182,-0.527777,-0.0809223
0,10,9.82372,17.2159,-0.531858,-0.0454898
0,10,9.63355,17.198,-0.528515,-0.0738351
0,10,9.64443,17.096,-0.523402,-0.0768232
0,10,9.72378,17.2613,-0.533109,-0.0650403
0,10,9.59718,17.2831,-0.528179,-0.0730943
0,10,9.49818,17.3215,-0.528472,-0.0791766
0,10,9.56771,17.4906,-0.538509,-0.072187
0,10,9.53422,17.5805,-0.551497,-0.0730764
0,10,9.67065,17.4497,-0.538981,-0.0655975
0,10,9.6203,17.6457,-0.565371,-0.0632629
0,10,9.76486,17.9696,-0.629428,-0.00988827
0,10,9.68791,17.8089,-0.590216,-0.0399206
0,10,9.79504,17.7696,-0.597819,-0.0313561
0,10,9.95521,17.9832,-0.629616,-0.00811407
0,10,9.90455,18.2659,-0.662347,0.0124616
0,10,9.93255,18.1649,-0.658773,0.00942072
0,10,9.6728,17.9091,-0.603235,-0.0302703
0,10,9.76677,18.5326,-0.74622,-0.0350607
0,10,9.87278,18.51,-0.750096,-0.0372107
0,10,9.7259,18.634,-0.742017,-0.0376036
0,10,9.68948,18.4778,-0.750875,-0.024549
0,10,9.71571,18.3748,-0.753003,-0.0346527
0,10,9.68944,18.7366,-0.752231,-0.0400968
0,10,9.57368,18.7893,-0.7735,0.00263745
0,10,9.43079,18.651,-0.721086,-0.04623
0,10,9.35558,18.5824,-0.706168,-0.0776595
0,10,9.22468,19.1459,-0.809972,-0.0859961
0,10,8.87653,19.3317,-0.756538,-0.106829
0,10,9.17046,19.0626,-0.804328,-0.102136
0,10,8.68668,19.2834,-0.762125,-0.0891544
0,10,8.3122,19.6803,-0.586247,-0.101279
0,10,8.361,19.772,-0.556693,-0.0888486
0,10,8.04787,20.0566,-0.41639,-0.0423987
0,10,6.96228,20.23,-0.232797,0.0116178
0,10,6.85534,20.2306,-0.237131,-0.0218321
0,10,6.41033,20.2232,-0.219695,-0.0263869
0,10,7.03427,20.0469,-0.305871,0.00605217
0,10,6.08373,20.2118,-0.212109,-0.0169791
0,10,5.41809,20.2224,-0.128606,0.0156598
0,10,5.62024,20.0631,-0.235153,-0.111959
0,10,4.8601,20.214,-0.179649,-0.0139865
0,10,4.63846,20.4022,-0.0301922,0.0211928
0,10,0.594896,17.186,-0.00965436,-0.0515078
0,10,1.23402,18.4645,-0.0528939,-0.0322623
0,10,6.69278,18.4084,-0.61801,-0.0895348
0,10,2.23356,18.9226,-0.151171,-0.10642
0,10,1.58833,18.1998,-0.13013,-0.17212
0,10,1.31967,17.8908,-0.121075,-0.150224
0,10,1.52716,18.0781,-0.149187,-0.16737
0,10,1.61613,18.0706,-0.16107,-0.195823
0,10,1.24909,17.8134,-0.0984935,-0.173044
0,10,1.66084,17.964,-0.172032,-0.226807
0,10,1.55578,17.7978,-0.15849,-0.24452
0,10,1.94152,18.0447,-0.224485,-0.27714
0,10,2.28377,18.175,-0.293222,-0.253153
0,10,3.53161,18.192,-0.349175,-0.27375
0,10,3.61904,17.9124,-0.329606,-0.24581
0,10,4.07609,17.7419,-0.274256,-0.23857
0,10,5.02873,16.7544,-0.380201,-0.285251
0,10,4.24665,17.3045,-0.261948,-0.264536
0,10,4.70383,16.8833,-0.33221,-0.288976
0,10,4.34547,16.997,-0.268008,-0.270274
0,10,5.16182,16.6572,-0.380509,-0.303054
0,10,5.48948,16.5002,-0.435812,-0.278945
0,10,6.77164,16.3351,-0.485037,-0.251382
0,10,6.95754,16.317,-0.48069,-0.24354
0,10,7.34208,16.3137,-0.501728,-0.251146
0,10,5.71283,16.4094,-0.437777,-0.277952
0,10,7.56458,16.4046,-0.492916,-0.236759
0,10,7.80355,16.3232,-0.497555,-0.225235
0,10,8.49047,16.4564,-0.511467,-0.196297
0,10,7.97727,16.4102,-0.505565,-0.185957
0,10,8.93568,16.5149,-0.526135,-0.167453
0,10,9.3344,16.5527,-0.560695,-0.121549
0,10,9.12344,16.5714,-0.532527,-0.137314
0,10,8.86285,16.3954,-0.534751,-0.195933
0,10,9.44093,16.5348,-0.569733,-0.122189
0,10,9.03808,16.5176,-0.530513,-0.149365
0,10,8.59051,16.4477,-0.520363,-0.181004
0,10,9.55429,16.5107,-0.576945,-0.121079
0,10,9.2332,16.5332,-0.54988,-0.136078
0,10,9.83453,16.5689,-0.595858,-0.0929115
0,10,9.7647,16.4979,-0.600159,-0.0914984
0,10,9.89884,16.6936,-0.592525,-0.062144
0,10,9.72426,16.5992,-0.595241,-0.0874728
0,10,9.78097,16.8625,-0.558229,-0.0846739
0,10,9.80425,16.6668,-0.583726,-0.0926597
0,10,9.39788,16.7295,-0.550813,-0.0945924
0,10,9.68411,16.8079,-0.567054,-0.0871206
0,10,9.66866,16.9025,-0.545343,-0.0848449
0,10,9.87417,16.8985,-0.564827,-0.0464965
0,10,9.50929,16.7,-0.569162,-0.105319
0,10,9.76526,16.9592,-0.54509,-0.0790281
0,10,9.55189,17.0321,-0.52478,-0.0795232
0,10,9.45293,16.9785,-0.525476,-0.0854789
0,10,9.65827,16.9991,-0.537181,-0.0840043
0,10,9.81126,17.3213,-0.532486,-0.049826
0,10,9.98896,17.4366,-0.549179,-0.0313124
0,10,9.77404,17.4088,-0.536484,-0.0522958
0,10,9.85969,17.4694,-0.543696,-0.04307
0,10,9.6853,17.3477,-0.529316,-0.0668259
0,10,9.73809,17.6163,-0.564308,-0.0490081
0,10,9.584,17.3864,-0.532124,-0.0739316
0,10,9.92334,17.6294,-0.581772,-0.0166627
0,10,9.82445,17.6789,-0.579267,-0.0324526
0,10,9.65276,17.554,-0.548758,-0.0635677
0,10,9.70701,17.7085,-0.579932,-0.048627
0,10,9.88722,17.8292,-0.614851,-0.00402991
0,10,10.0052,17.691,-0.606026,0.00821252
0,10,9.9763,17.8814,-0.632727,-0.00732748
0,10,10.114,17.6162,-0.58031,-0.0558791
0,10,10.0781,17.8944,-0.61192,-0.0609164
0,10,9.77735,17.8685,-0.607684,-0.0241258
0,10,10.1042,18.0698,-0.657372,-0.0581693
0,10,10.0443,18.1461,-0.663851,-0.0487572
0,10,9.86546,17.927,-0.635029,0.00267636
0,10,9.97037,18.076,-0.656124,-0.0156105
0,10,9.85856,18.0308,-0.640961,0.00315373
0,10,9.82584,18.8912,-0.767812,-0.0263538
0,10,9.65103,18.8385,-0.758111,-0.0459662
0,10,9.65066,18.578,-0.749616,-0.0163227
0,10,9.54485,18.611,-0.736589,-0.029958
0,10,9.46666,18.5516,-0.72295,-0.0540626
0,10,9.38508,18.4864,-0.713732,-0.0787817
0,10,9.33732,19.1346,-0.820274,-0.0530905
0,10,9.22187,18.969,-0.797556,-0.0959505
0,10,8.97366,19.5088,-0.738815,-0.0724631
0,10,8.61283,19.3849,-0.718608,-0.0891764
0,10,8.22164,19.9656,-0.487615,-0.0603885
0,10,8.31267,19.8719,-0.528696,-0.0759907
0,10,7.77176,20.1345,-0.351683,-0.0353942
0,10,7.07137,20.2286,-0.245878,0.0422976
0,10,6.56256,20.1417,-0.293748,-0.0670737
0,10,6.81967,20.0478,-0.279267,-0.0324889
0,10,6.45064,20.1368,-0.285369,-0.0451201
0,10,6.92802,20.0472,-0.293954,-0.00865196
0,10,5.46463,20.1461,-0.246913,-0.0844303
0,10,6.42525,19.9594,-0.364298,-0.0488767
0,10,5.26357,20.3075,-0.0976542,0.00795571
0,10,5.0836,20.2175,-0.163445,0.0129097
0,10,4.73161,20.3959,-0.0230116,-0.0091183
0,10,6.79578,18.4358,-0.639175,-0.0889526
0,10,1.84785,16.5085,-0.0485165,-0.304366
0,10,3.54694,19.1199,-0.310104,-0.181207
0,10,6.60301,18.4813,-0.594286,-0.0826508
0,10,1.21379,17.9193,-0.093387,-0.139537
0,10,4.31341,19.3966,-0.339595,-0.117285
0,10,0.952034,17.6135,-0.0561588,-0.129344
0,10,1.49675,17.8964,-0.137781,-0.204809
0,10,1.44907,17.812,-0.130318,-0.206282
0,10,2.04281,18.0392,-0.228112,-0.280459
0,10,2.42438,18.1856,-0.31194,-0.242874
0,10,2.65027,18.1539,-0.36161,-0.272953
0,10,3.25493,18.2164,-0.395499,-0.291442
0,10,3.42202,18.1204,-0.355646,-0.282214
0,10,3.97227,17.7045,-0.264516,-0.244053
0,10,3.31968,18.0487,-0.359386,-0.268328
0,10,4.06666,17.5424,-0.266696,-0.248716
0,10,2.61001,17.9837,-0.353351,-0.291119
0,10,3.81608,17.7467,-0.290676,-0.277715
0,10,3.96671,17.6038,-0.259027,-0.239865
0,10,3.72858,17.8176,-0.285002,-0.278952
0,10,4.16267,17.3668,-0.272365,-0.258981
0,10,4.6601,16.7914,-0.328406,-0.308325
0,10,4.92774,16.743,-0.370601,-0.300651
0,10,6.00027,16.4121,-0.463643,-0.259059
0,10,5.90204,16.3781,-0.45806,-0.262443
0,10,6.88087,16.3792,-0.48649,-0.248571
0,10,6.66448,16.2931,-0.485225,-0.259096
0,10,7.06067,16.3268,-0.498572,-0.239933
0,10,7.18347,16.3184,-0.500896,-0.270861
0,10,7.51857,16.3228,-0.501026,-0.239958
0,10,7.24989,16.2543,-0.488934,-0.264211
0,10,8.80887,16.3124,-0.567915,-0.188515
0,10,8.73985,16.391,-0.536991,-0.168409
0,10,7.90197,16.3372,-0.494856,-0.198733
0,10,7.64413,16.3421,-0.498073,-0.225897
0,10,8.40915,16.3906,-0.525988,-0.177254
0,10,9.35526,16.4553,-0.567325,-0.1287
0,10,9.98917,16.5142,-0.586182,-0.0633393
0,10,9.93076,16.597,-0.604211,-0.0708065
0,10,9.98931,16.7403,-0.595085,-0.0539378
0,10,10.1855,16.7488,-0.614493,-0.0533205
0,10,10.1604,16.847,-0.581838,-0.0467505
0,10,9.88588,16.7941,-0.575695,-0.053691
0,10,9.9738,16.8461,-0.576617,-0.0447321
0,10,9.69584,16.7049,-0.577035,-0.0846491
0,10,9.78845,16.7639,-0.571769,-0.0882199
0,10,10.0742,16.7934,-0.593511,-0.0441682
0,10,9.9577,16.9552,-0.559447,-0.0407412
0,10,9.93749,17.0627,-0.541726,-0.0383524
0,10,9.83934,17.111,-0.538106,-0.0443412
0,10,9.85571,17.0035,-0.549487,-0.0424896
0,10,9.75218,17.0587,-0.537319,-0.0728149
0,10,10.0001,17.332,-0.529896,-0.0357326
0,10,9.90014,17.3821,-0.538394,-0.0428433
0,10,10.09,17.3857,-0.544632,-0.0263094
0,10,9.9447,17.525,-0.565583,-0.0245561
0,10,10.0731,17.4914,-0.581093,-0.0162187
0,10,9.75523,17.5115,-0.54858,-0.0526171
0,10,10.2929,17.2535,-0.527772,-0.0707404
0,10,10.1813,17.4241,-0.551837,-0.0530746
0,10,10.2821,17.4399,-0.544373,-0.0791037
0,10,10.1647,17.5228,-0.57153,-0.0637408
0,10,9.83918,17.5732,-0.565213,-0.0378306
0,10,9.91344,17.7387,-0.603033,-0.00377388
0,10,10.0115,17.7947,-0.595936,-0.00364825
0,10,10.2183,17.6159,-0.571631,-0.0804905
0,10,10.1013,17.7162,-0.600693,-0.0595363
0,10,10.5059,17.4487,-0.528212,-0.0619285
0,10,10.1225,17.8082,-0.590412,-0.0621573
0,10,10.2446,17.793,-0.604564,-0.0780574
0,10,10.0559,17.9902,-0.631858,-0.0589104
0,10,10.5465,18.2316,-0.72334,-0.011856
0,10,10.4031,18.0969,-0.664651,-0.0473184
0,10,10.1754,18.1422,-0.667373,-0.0649942
0,10,10.2919,18.1196,-0.674138,-0.0629149
0,10,9.90544,18.4109,-0.751975,-0.0351521
0,10,9.80128,18.4288,-0.757836,-0.0369667
0,10,9.89998,18.6884,-0.75427,-0.022989
0,10,9.86246,18.7902,-0.756725,-0.0242019
0,10,9.53333,18.8985,-0.7918,0.00958709
0,10,9.47263,18.8197,-0.763652,-0.0113624
0,10,9.32264,19.3183,-0.787037,-0.0694409
0,10,9.32132,18.6796,-0.702387,-0.0709937
0,10,9.3807,19.2237,-0.799963,-0.0467552
0,10,8.98698,19.3338,-0.767279,-0.098821
0,10,8.5411,19.4842,-0.671795,-0.103056
0,10,8.51551,19.3878,-0.721861,-0.107528
0,10,8.47586,19.5805,-0.632432,-0.110572
0,10,7.88944,20.1388,-0.376543,-0.0427729
0,10,7.28991,20.2221,-0.266838,0.040717
0,10,6.74713,20.2331,-0.23676,-0.0658403
0,10,6.29995,20.2196,-0.208404,-0.0120019
0,10,6.2697,20.04,-0.315756,-0.0220048
0,10,6.11813,20.1196,-0.272695,-0.0224858
0,10,6.38266,20.0468,-0.310259,-0.0336609
0,10,5.87139,20.2102,-0.22726,-0.00236096
0,10,5.53883,20.2389,-0.197123,-0.134817
0,10,5.15279,20.3071,-0.131213,-0.00259109
0,10,4.93166,20.3014,-0.16395,-0.00386106
0,10,0.609936,16.5797,0.00993064,-0.135202
0,10,0.492782,17.4518,0.00217437,-0.00931453
0,10,2.03081,19.2454,-0.0260827,-0.0296831
0,10,1.99401,18.6945,-0.162487,-0.130832
0,10,2.77422,19.3467,-0.144343,-0.138784
0,10,1.0843,17.7561,-0.0658912,-0.144654
0,10,1.61275,17.8707,-0.171872,-0.230631
0,10,1.88085,17.9497,-0.206109,-0.270725
0,10,2.152,18.0216,-0.252225,-0.277339
0,10,2.77669,18.1304,-0.37208,-0.282225
0,10,2.53092,18.1642,-0.320818,-0.245855
0,10,3.49479,17.9444,-0.349031,-0.267271
0,10,2.456,18.0884,-0.313566,-0.251029
0,10,3.40692,18.2068,-0.356718,-0.281074
0,10,2.0928,17.94,-0.224955,-0.297652
0,10,2.34908,18.1068,-0.300862,-0.259787
0,10,2.69003,18.0639,-0.365028,-0.281693
0,10,3.71313,17.9135,-0.325325,-0.29102
0,10,3.3155,18.1393,-0.358464,-0.263939
0,10,3.75288,17.6748,-0.3113,-0.259528
0,10,4.28114,17.0869,-0.264308,-0.256946
0,10,4.06926,17.4308,-0.265798,-0.241588
0,10,3.67177,17.7386,-0.31359,-0.257363
0,10,6.57613,16.25,-0.5007,-0.248831
0,10,3.39048,17.9862,-0.338015,-0.248414
0,10,5.06969,16.6548,-0.373727,-0.292743
0,10,3.87233,17.6626,-0.27358,-0.24825
0,10,4.59188,16.8698,-0.312492,-0.298166
0,10,5.38746,16.4919,-0.436752,-0.29887
0,10,7.09592,16.2462,-0.508138,-0.253743
0,10,7.43284,16.2734,-0.498267,-0.234163
0,10,6.17376,16.2793,-0.491438,-0.260624
0,10,4.40974,16.9141,-0.275161,-0.280786
0,10,7.67542,16.1798,-0.508926,-0.2335
0,10,8.13885,16.4154,-0.51531,-0.189584
0,10,8.96501,16.42,-0.531407,-0.164225
0,10,9.14516,16.4719,-0.54691,-0.147585
0,10,10.0188,16.6436,-0.610692,-0.0642536
0,10,9.89311,16.4842,-0.581857,-0.078799
0,10,10.1053,16.6932,-0.616087,-0.0548329
0,10,10.2461,16.6654,-0.600574,-0.0414071
0,10,10.34,16.6921,-0.594373,-0.0514755
0,10,10.3744,16.5881,-0.60461,-0.0475713
0,10,10.4187,16.7368,-0.581186,-0.0740794
0,10,10.2183,17.006,-0.558843,-0.0438791
0,10,10.0575,16.9008,-0.569061,-0.0405994
0,10,10.139,16.954,-0.561434,-0.042858
0,10,10.303,17.0584,-0.544145,-0.0705659
0,10,9.92362,17.1721,-0.53343,-0.037556
0,10,10.0204,17.119,-0.538838,-0.0356429
0,10,10.0392,17.0102,-0.552448,-0.0410791
0,10,9.91035,17.2781,-0.527568,-0.0400284
0,10,10.106,17.1729,-0.534633,-0.0317082
0,10,10.0103,17.2272,-0.527749,-0.0362458
0,10,10.0998,17.2814,-0.528898,-0.0259677
0,10,10.1946,17.2227,-0.534486,-0.0409277
0,10,10.404,17.1144,-0.539369,-0.08151
0,10,10.193,17.3255,-0.5251,-0.0460258
0,10,10.2968,17.3483,-0.518293,-0.0718993
0,10,10.4024,17.2084,-0.540817,-0.0787947
0,10,10.506,17.2536,-0.547601,-0.0750298
0,10,10.4006,17.3994,-0.519893,-0.0681733
0,10,10.0264,17.5829,-0.588457,-0.0033157
0,10,10.3991,17.3014,-0.526176,-0.0696476
0,10,10.2734,17.5334,-0.563149,-0.079192
0,10,10.6018,17.3847,-0.525359,-0.0518609
0,10,10.2052,17.7118,-0.604144,-0.078052
0,10,10.3552,17.5908,-0.574546,-0.0673735
0,10,10.3837,17.4883,-0.563159,-0.0743928
0,10,10.3111,17.6761,-0.594916,-0.0735392
0,10,10.3499,17.7534,-0.603828,-0.0687504
0,10,10.3309,18.0207,-0.644583,-0.054716
0,10,10.4794,18.1589,-0.703866,-0.0194828
0,10,10.4492,18.4304,-0.758117,-0.0387896
0,10,10.4375,18.2591,-0.747714,-0.0339805
0,10,10.0124,18.2408,-0.671667,-0.0190275
0,10,9.97012,18.34,-0.690321,0.0104735
0,10,10.1227,18.2233,-0.695021,-0.0556565
0,10,9.79431,18.7127,-0.750934,-0.0283642
0,10,9.85245,19.0737,-0.77572,-0.0335305
0,10,9.67885,19.0212,-0.774059,-0.0373579
0,10,9.78669,18.9935,-0.7691,-0.0266777
0,10,9.48786,19.0068,-0.808767,0.0133407
0,10,9.28842,18.7706,-0.730709,-0.0652568
0,10,9.28005,19.0526,-0.807419,-0.0790788
0,10,9.11392,19.1563,-0.80052,-0.102765
0,10,8.93665,19.2448,-0.770655,-0.114411
0,10,8.6405,19.4958,-0.683456,-0.0682643
0,10,8.58025,19.5855,-0.654768,-0.0702104
0,10,8.34767,19.9584,-0.534255,-0.044539
0,10,7.50682,20.2139,-0.281956,0.00489855
0,10,7.10829,20.137,-0.287611,0.042757
0,10,6.89123,20.1389,-0.265342,-0.00698042
0,10,6.19045,20.2158,-0.208849,-0.00954348
0,10,6.16046,20.0312,-0.314318,-0.0219889
0,10,5.61906,20.2999,-0.23988,0.00917175
0,10,5.9101,20.1159,-0.263327,-0.00948494
0,10,5.37439,20.3097,-0.0797623,-0.0019731
0,10,4.93076,20.3981,-0.00706578,0.00546641
0,10,4.83285,20.4023,-0.0140025,0.0164001
0,10,0.634242,16.872,-0.0301306,-0.101467
0,10,3.61879,20.0227,-0.111786,-0.0808612
0,10,1.06822,18.2974,-0.0666141,-0.0691329
0,10,1.14786,17.8379,-0.0760203,-0.142466
0,10,1.39894,17.9274,-0.122132,-0.172846
0,10,1.36004,17.7926,-0.129112,-0.167897
0,10,1.06272,17.4859,-0.0493906,-0.194276
0,10,1.24483,17.6289,-0.0990512,-0.190225
0,10,2.17936,18.2042,-0.278271,-0.240673
0,10,1.71379,17.8577,-0.180499,-0.240883
0,10,2.21687,18.0991,-0.27962,-0.258836
0,10,1.98316,17.9487,-0.205768,-0.288069
0,10,1.41191,17.7005,-0.139901,-0.195929
0,10,1.93456,17.8545,-0.205763,-0.283183
0,10,0.963177,17.121,-0.0658269,-0.205272
0,10,2.21193,17.9407,-0.254965,-0.303325
0,10,1.67548,17.7661,-0.192181,-0.243468
0,10,1.11038,17.3775,-0.0395874,-0.218593
0,10,3.17562,18.1559,-0.397611,-0.293754
0,10,1.157,17.28,-0.0673014,-0.24226
0,10,2.32331,17.927,-0.270731,-0.288471
0,10,2.04122,17.8533,-0.219183,-0.307379
0,10,2.56597,17.9033,-0.329717,-0.299022
0,10,3.51076,17.8529,-0.303359,-0.264016
0,10,2.38303,18.0098,-0.306323,-0.267158
0,10,4.23751,17.1787,-0.2578,-0.253944
0,10,3.21685,18.0745,-0.358654,-0.266486
0,10,4.72739,16.7149,-0.349732,-0.314832
0,10,3.76834,17.5873,-0.268011,-0.249186
0,10,4.5504,16.7686,-0.315853,-0.309296
0,10,4.83465,16.7311,-0.368255,-0.302327
0,10,6.07854,16.3491,-0.47528,-0.260397
0,10,7.6009,16.255,-0.502622,-0.235751
0,10,6.95624,16.2262,-0.526553,-0.253437
0,10,10.1091,16.4698,-0.598256,-0.0611654
0,10,10.1662,16.6104,-0.59934,-0.0447616
0,10,10.2843,16.5684,-0.600322,-0.0440694
0,10,10.079,16.5639,-0.592556,-0.0551858
0,10,10.4634,16.5313,-0.61058,-0.0548292
0,10,10.7436,16.5545,-0.611885,-0.0469214
0,10,10.5547,16.5668,-0.604201,-0.0358915
0,10,10.8415,16.5832,-0.607607,-0.0236492
0,10,10.4556,16.6446,-0.581288,-0.0621128
0,10,10.549,16.6706,-0.582508,-0.0308208
0,10,10.5349,16.7634,-0.560973,-0.0398537
0,10,10.6491,16.7169,-0.559129,-0.0499771
0,10,10.2803,16.7814,-0.60382,-0.0550861
0,10,10.2426,16.89,-0.576029,-0.0516529
0,10,10.4136,16.918,-0.578034,-0.0823965
0,10,10.1206,17.0647,-0.549277,-0.036954
0,10,10.3137,16.9506,-0.566888,-0.0679354
0,10,10.2049,17.1168,-0.544811,-0.0457957
0,10,10.5074,16.9661,-0.563226,-0.0923877
0,10,10.2985,17.1573,-0.539811,-0.0734079
0,10,10.5443,16.8789,-0.560482,-0.0796692
0,10,10.4043,17.0176,-0.547094,-0.0812053
0,10,10.5062,17.0645,-0.542089,-0.0879297
0,10,10.5094,17.1605,-0.546701,-0.0824138
0,10,10.8178,17.0817,-0.562885,-0.053676
0,10,10.6102,17.1015,-0.546485,-0.0737835
0,10,10.6174,17.1959,-0.559753,-0.0669326
0,10,10.8267,17.1774,-0.569022,-0.0469983
0,10,10.4986,17.3518,-0.52484,-0.0616966
0,10,10.7197,17.1346,-0.554104,-0.0483192
0,10,10.6108,17.4804,-0.532827,-0.0489106
0,10,10.7213,17.23,-0.571271,-0.0413107
0,10,10.7086,17.3222,-0.554218,-0.0395833
0,10,10.4698,17.5379,-0.57564,-0.0761976
0,10,10.7077,17.4172,-0.528403,-0.031415
0,10,10.811,17.3647,-0.547517,-0.0418494
0,10,10.4384,17.6373,-0.584954,-0.066557
0,10,10.5648,17.5662,-0.584522,-0.0666526
0,10,10.2203,18.0485,-0.656159,-0.0692964
0,10,10.3217,17.8583,-0.614989,-0.067364
0,10,10.5012,18.3323,-0.749233,-0.0352114
0,10,10.3875,18.3558,-0.757036,-0.0375332
0,10,10.3639,18.1923,-0.715773,-0.0503691
0,10,10.0387,18.4136,-0.718004,0.00387893
0,10,9.83181,18.6108,-0.7459,-0.0304878
0,10,10.0834,18.3163,-0.700375,-0.0261286
0,10,9.94121,18.5895,-0.752983,-0.0248496
0,10,9.8921,18.9729,-0.766101,-0.0309052
0,10,9.96252,19.049,-0.754839,-0.0586464
0,10,9.61434,18.9392,-0.766923,-0.0542295
0,10,9.43267,18.9236,-0.782393,-0.0128811
0,10,9.27454,19.2308,-0.809916,-0.0707412
0,10,9.04843,19.2443,-0.786046,-0.102037
0,10,8.85971,19.5099,-0.715032,-0.0840459
0,10,8.74929,19.5025,-0.699867,-0.0753796
0,10,8.68272,19.772,-0.617644,-0.0466803
0,10,8.46836,19.768,-0.587643,-0.0651772
0,10,7.61652,20.2149,-0.288721,-0.00523491
0,10,6.63583,20.2294,-0.244298,-0.0731072
0,10,7.17962,20.2251,-0.254719,0.0560105
0,10,6.15177,20.3056,-0.192331,-0.0231443
0,10,5.83132,20.3022,-0.234421,-0.00370995
0,10,5.97717,20.2118,-0.220645,-0.0163941
0,10,5.23051,20.3992,-0.0331504,-0.00805368
0,10,5.12916,20.4012,-0.0296865,-0.016095
0,10,5.0294,20.3985,-0.0123853,-0.0111045
0,10,2.93809,20.0533,-0.0523387,-0.0579185
0,10,2.2406,19.4684,-0.0269865,-0.01472
0,10,1.28588,17.9939,-0.104206,-0.131276
0,10,1.13244,17.6466,-0.088643,-0.174319
0,10,1.29108,17.7167,-0.0973702,-0.195728
0,10,1.0115,17.3932,-0.0305836,-0.187694
0,10,0.944564,17.315,-0.0408755,-0.177768
0,10,0.964567,17.5153,-0.0444048,-0.150462
0,10,1.18571,17.5536,-0.114481,-0.186603
0,10,1.16315,17.4686,-0.0603905,-0.207366
0,10,0.917044,17.4277,-0.0148286,-0.154819
0,10,1.27196,17.4519,-0.0797041,-0.220991
0,10,0.901042,17.2319,-0.0294001,-0.179047
0,10,1.1325,16.7869,-0.0809867,-0.286139
0,10,1.34823,16.8698,-0.0761384,-0.314366
0,10,0.846334,16.6471,-0.0274642,-0.23766
0,10,1.21667,17.3674,-0.0639973,-0.234041
0,10,1.08008,17.1028,-0.0702713,-0.24602
0,10,1.40455,17.5308,-0.128024,-0.284866
0,10,1.35287,17.624,-0.102466,-0.228156
0,10,2.15284,17.8557,-0.232153,-0.319789
0,10,1.82861,17.8585,-0.197696,-0.270644
0,10,3.0851,18.0977,-0.39697,-0.29892
0,10,2.88678,18.0751,-0.36607,-0.277652
0,10,2.20454,17.7594,-0.227291,-0.32821
0,10,2.99295,18.0375,-0.368851,-0.301182
0,10,2.57636,18.0767,-0.353942,-0.283338
0,10,3.47429,18.0449,-0.326143,-0.255157
0,10,3.97722,17.4976,-0.271791,-0.238464
0,10,7.50855,16.2075,-0.495081,-0.239263
0,10,8.95759,16.3262,-0.554783,-0.170438
0,10,10.2972,16.4627,-0.60902,-0.0508289
0,10,9.81496,16.4144,-0.590888,-0.0790756
0,10,10.5504,16.4611,-0.622143,-0.0427792
0,10,10.2002,16.5131,-0.602398,-0.0443799
0,10,10.389,16.4729,-0.612952,-0.055084
0,10,10.6485,16.511,-0.620751,-0.0447319
0,10,10.8462,16.482,-0.62981,-0.0242158
0,10,10.7479,16.4541,-0.629107,-0.0480248
0,10,10.6479,16.6155,-0.59757,-0.0430672
0,10,11.0417,16.5659,-0.606815,-0.0109351
0,10,10.9378,16.6261,-0.59258,-0.0320449
0,10,10.8429,16.6861,-0.571248,-0.0200011
0,10,10.7459,16.6578,-0.578162,-0.0476047
0,10,10.7446,16.7597,-0.5434,-0.0450572
0,10,10.6257,16.8114,-0.532517,-0.056052
0,10,10.7265,16.8534,-0.526098,-0.0471701
0,10,10.9227,16.9287,-0.513143,-0.0334247
0,10,10.3449,16.8375,-0.582783,-0.0794535
0,10,10.8276,16.8852,-0.526392,-0.0230402
0,10,10.4544,16.826,-0.582384,-0.0761744
0,10,10.7445,16.9557,-0.560117,-0.0486989
0,10,10.6413,16.9172,-0.550919,-0.0694772
0,10,10.841,16.9952,-0.548319,-0.0522647
0,10,10.6072,17.0044,-0.561506,-0.0801175
0,10,11.0216,16.9605,-0.523769,0.00315581
0,10,10.7091,17.0408,-0.559275,-0.0539657
0,10,10.9452,17.0334,-0.566441,-0.0276987
0,10,10.9243,17.1223,-0.571269,-0.027242
0,10,10.6059,17.2882,-0.554592,-0.0599437
0,10,10.9331,17.2168,-0.569541,-0.0249585
0,10,10.9243,17.3114,-0.570073,-0.0272534
0,10,11.1386,17.2234,-0.579143,-0.00963836
0,10,11.0246,17.3626,-0.564448,-0.0215713
0,10,11.0337,17.2682,-0.569527,-0.0206778
0,10,10.8235,17.2722,-0.56951,-0.0463182
0,10,10.9137,17.405,-0.549772,-0.0222099
0,10,10.9081,17.5027,-0.557401,-0.0163038
0,10,10.81,17.4618,-0.542344,-0.0338727
0,10,10.7115,17.5166,-0.548251,-0.0234485
0,10,10.6606,17.5995,-0.601725,-0.0410223
0,10,10.1957,17.8801,-0.598775,-0.0653439
0,10,10.636,17.6984,-0.624977,-0.0369469
0,10,10.4507,17.7291,-0.609653,-0.0554909
0,10,10.5408,17.6609,-0.605583,-0.0614309
0,10,10.6909,18.1324,-0.704562,-0.066453
0,10,10.2668,18.3748,-0.759165,-0.0335653
0,10,10.3189,18.2864,-0.743402,-0.0409862
0,10,10.2479,18.2138,-0.708091,-0.0515121
0,10,10.0463,18.572,-0.764272,-0.00702571
0,10,9.97817,18.4907,-0.760846,-0.026254
0,10,9.93121,18.873,-0.761581,-0.0217909
0,10,9.7454,19.0952,-0.781303,-0.0292207
0,10,9.71949,18.9186,-0.767007,-0.0303819
0,10,9.47908,19.2294,-0.77556,-0.0574468
0,10,9.21371,19.3247,-0.792114,-0.0771668
0,10,9.1621,19.2412,-0.800208,-0.0868157
0,10,8.92328,19.4225,-0.749652,-0.094338
0,10,8.79685,19.5959,-0.678367,-0.068038
0,10,8.68775,19.5891,-0.666383,-0.0565772
0,10,8.41768,19.8624,-0.556007,-0.0530366
0,10,8.1694,20.0422,-0.444861,-0.0127335
0,10,7.72787,20.2183,-0.307878,-0.0250251
0,10,7.39859,20.2174,-0.275358,0.0197554
0,10,6.81836,20.3218,-0.232334,-0.0356975
0,10,5.93815,20.3027,-0.222314,-0.0277059
0,10,6.36912,20.3106,-0.169484,-0.0166716
0,10,5.72386,20.3045,-0.229079,0.0120684
0,10,5.43542,20.399,-0.0362068,-0.013724
0,10,5.33202,20.4028,-0.0344398,0.00220718
0,10,2.09999,19.3185,-0.0243753,-0.0381995
0,10,6.58855,18.3839,-0.605603,-0.0958061
0,10,1.18554,17.7302,-0.0829899,-0.172584
0,10,1.06521,17.5783,-0.0910132,-0.176186
0,10,0.799768,17.2696,-0.017949,-0.137403
0,10,0.878207,16.5462,-0.0184614,-0.259015
0,10,1.00279,17.2055,-0.0456936,-0.211625
0,10,0.994165,16.9471,-0.0594826,-0.230145
0,10,0.788214,17.0894,-0.0601672,-0.131101
0,10,0.901086,17.0569,-0.0776005,-0.171977
0,10,0.844837,17.3544,-0.0175195,-0.138944
0,10,1.1233,16.6962,-0.0563524,-0.296826
0,10,1.18349,16.8688,-0.0906025,-0.284378
0,10,1.15539,17.0203,-0.0922948,-0.279942
0,10,1.02493,17.0298,-0.0846429,-0.221825
0,10,0.79648,16.7236,-0.0274411,-0.197979
0,10,1.36558,16.4568,-0.0604269,-0.316832
0,10,1.30434,17.5331,-0.125131,-0.202617
0,10,1.1987,17.1066,-0.0953692,-0.276498
0,10,1.50982,17.711,-0.156598,-0.254204
0,10,1.3749,17.3034,-0.0977431,-0.274887
0,10,1.27358,17.2938,-0.0914708,-0.277783
0,10,1.42106,17.1948,-0.100759,-0.299611
0,10,2.44434,17.9214,-0.309415,-0.305285
0,10,1.11068,17.1884,-0.0694017,-0.236024
0,10,1.7793,17.7663,-0.199715,-0.265172
0,10,3.21509,17.9803,-0.334866,-0.276982
0,10,6.84861,16.2753,-0.488321,-0.248727
0,10,7.71778,16.2715,-0.508198,-0.225038
0,10,8.05483,16.3586,-0.509733,-0.194087
0,10,9.06372,16.4105,-0.54078,-0.161906
0,10,8.62319,16.3516,-0.542227,-0.181882
0,10,7.99114,16.2804,-0.5036,-0.196795
0,10,6.743,16.2292,-0.485614,-0.254959
0,10,9.68111,16.4384,-0.592326,-0.105056
0,10,7.34082,16.2002,-0.482563,-0.258516
0,10,10.1139,16.3666,-0.6089,-0.0678489
0,10,10.4761,16.4022,-0.616809,-0.0586439
0,10,10.9426,16.5259,-0.619916,-0.0283024
0,10,10.9408,16.4228,-0.634931,-0.0249204
0,10,11.0406,16.4678,-0.62781,-0.00773507
0,10,11.0373,16.662,-0.578368,-0.0142669
0,10,11.1455,16.5122,-0.616012,-0.0176524
0,10,11.2459,16.429,-0.624925,-0.00479562
0,10,10.9383,16.7294,-0.55219,-0.0359569
0,10,11.144,16.6092,-0.592742,-0.0205364
0,10,10.8426,16.7902,-0.53961,-0.0231102
0,10,11.1383,16.7063,-0.572108,-0.0185372
0,10,11.0373,16.7607,-0.551541,-0.00713881
0,10,11.0363,16.863,-0.532998,-0.000978741
0,10,10.9404,16.8311,-0.532451,-0.0326155
0,10,11.2205,16.9497,-0.540997,-0.00170977
0,10,11.1317,16.9092,-0.536021,-0.0042607
0,10,11.3178,16.8969,-0.55333,-0.0102098
0,10,11.1099,17.0101,-0.519537,0.00521354
0,10,11.2299,16.8418,-0.550873,-0.0125369
0,10,11.0396,17.08,-0.566473,-0.0247948
0,10,11.2001,17.054,-0.524478,0.00996592
0,10,11.3061,17.0029,-0.544825,-0.000547636
0,10,11.035,17.1715,-0.57497,-0.0241975
0,10,11.2869,17.1066,-0.539045,0.0194868
0,10,11.1423,17.1292,-0.575285,-0.0133099
0,10,11.3935,17.0507,-0.562101,0.0289128
0,10,11.2415,17.1871,-0.586725,-0.00351856
0,10,11.2411,17.2827,-0.581554,7.3902e-05
0,10,11.1208,17.4164,-0.576898,0.00393571
0,10,11.1334,17.3203,-0.571293,-0.00248507
0,10,11.0112,17.458,-0.559218,-0.0120403
0,10,11.003,17.5577,-0.572669,-0.00334389
0,10,10.8058,17.5626,-0.564438,-0.027633
0,10,10.7232,17.7438,-0.624175,-0.0486005
0,10,10.9003,17.604,-0.575039,-0.0133057
0,10,10.7493,17.6447,-0.612405,-0.041143
0,10,10.5513,17.7657,-0.623631,-0.0466365
0,10,10.6296,17.9081,-0.629987,-0.03718
0,10,10.4308,17.8287,-0.616214,-0.0532677
0,10,10.5262,18.0634,-0.678396,-0.0253811
0,10,10.281,18.5438,-0.751323,-0.0306603
0,10,10.1968,18.2991,-0.732381,-0.0414393
0,10,10.1523,18.392,-0.738765,-0.0129547
0,10,10.1036,18.4887,-0.74744,0.0134642
0,10,9.96623,18.7712,-0.755806,-0.014748
0,10,9.80475,19.1748,-0.792441,-0.0325163
0,10,9.63551,19.1219,-0.783032,-0.0449046
0,10,9.57232,19.0377,-0.771718,-0.0620578
0,10,9.43786,19.1177,-0.804999,-0.00644045
0,10,9.20014,19.5005,-0.760174,-0.0718058
0,10,8.96215,19.6843,-0.67239,-0.0490177
0,10,8.8502,19.6848,-0.660962,-0.048192
0,10,8.73938,19.6834,-0.646561,-0.0508626
0,10,8.52323,19.8613,-0.578801,-0.0344612
0,10,8.29264,20.0377,-0.495763,-0.02583
0,10,7.14979,20.3179,-0.193872,0.0550394
0,10,7.04018,20.3199,-0.21126,0.0370054
0,10,6.48007,20.3149,-0.171191,-0.0279665
0,10,6.59251,20.316,-0.188855,-0.0510829
0,10,6.13014,20.401,-0.0425991,-0.0200065
0,10,6.52288,20.2281,-0.230149,-0.0467608
0,10,6.04515,20.3036,-0.206527,-0.0332088
0,10,5.53947,20.4028,-0.0314835,0.0043633
0,10,6.701,19.1363,-0.592243,-0.0397363
0,10,0.736976,17.2037,-0.0579236,-0.0855444
0,10,0.746326,17.3882,0.000188929,-0.103268
0,10,0.874014,16.7918,-0.0520459,-0.213871
0,10,1.06072,16.8624,-0.081152,-0.271592
0,10,0.755425,16.8301,-0.0419544,-0.168819
0,10,0.865962,17.5495,-0.0376398,-0.112279
0,10,0.833391,16.8874,-0.042287,-0.183658
0,10,1.24531,16.5319,-0.0517099,-0.306337
0,10,0.727055,16.6365,0.0132534,-0.182517
0,10,1.22941,16.7322,-0.0835278,-0.286201
0,10,1.04614,16.5632,-0.0433371,-0.28027
0,10,1.23213,16.6352,-0.0491612,-0.304532
0,10,0.894433,16.9641,-0.0430517,-0.189126
0,10,0.505031,16.869,-0.0297273,-0.0563014
0,10,1.32983,16.5773,-0.0565641,-0.302786
0,10,2.1369,17.3118,-0.134513,-0.34417
0,10,0.937345,16.3855,-0.0110768,-0.283062
0,10,1.11317,16.9477,-0.0864396,-0.272389
0,10,1.01124,16.777,-0.0726638,-0.263644
0,10,1.57901,17.2879,-0.137338,-0.32515
0,10,1.99354,17.7602,-0.21542,-0.309086
0,10,1.05051,17.2894,-0.0578528,-0.207327
0,10,2.31703,17.7568,-0.249749,-0.337242
0,10,2.79184,18.0294,-0.362635,-0.281663
0,10,3.6124,17.8161,-0.29509,-0.250628
0,10,4.07355,17.3238,-0.26922,-0.25211
0,10,7.78357,16.1895,-0.512274,-0.219525
0,10,5.29013,16.4851,-0.437871,-0.322569
0,10,4.25418,16.9683,-0.265207,-0.256969
0,10,4.79522,16.6349,-0.362295,-0.324769
0,10,3.97983,17.3866,-0.255157,-0.245275
0,10,8.52152,16.3554,-0.533238,-0.19865
0,10,10.0156,16.4197,-0.59808,-0.0678439
0,10,9.25584,16.4381,-0.560601,-0.143973
0,10,10.2951,16.3552,-0.61779,-0.0537025
0,10,10.3912,16.3641,-0.619575,-0.0564779
0,10,10.6485,16.4089,-0.632439,-0.047831
0,10,11.1416,16.4167,-0.635226,-0.0135969
0,10,11.4537,16.3314,-0.612257,0.0248198
0,10,11.3423,16.4795,-0.607633,-0.0100871
0,10,11.4336,16.633,-0.586424,0.00769942
0,10,11.2459,16.5304,-0.607392,-0.0135862
0,10,11.3394,16.5823,-0.592633,-0.0170625
0,10,11.3335,16.6867,-0.578768,-0.0185665
0,10,11.2423,16.634,-0.587284,-0.0184579
0,10,11.2353,16.7373,-0.570008,-0.0179183
0,10,11.135,16.8067,-0.54763,-0.0122539
0,10,11.6071,16.8474,-0.580398,0.0289654
0,10,11.3268,16.7906,-0.563622,-0.01734
0,10,11.5948,16.9511,-0.579516,0.0365298
0,10,11.4174,16.8404,-0.567554,0.0114069
0,10,11.7728,17.0606,-0.596297,0.0571392
0,10,11.5064,16.8952,-0.5711,0.022243
0,10,11.5826,17.0561,-0.581736,0.0450334
0,10,11.4074,16.9456,-0.562009,0.0179616
0,10,11.4948,17.0013,-0.569952,0.0308454
0,10,11.65,17.2118,-0.603557,0.0583527
0,10,11.4792,17.1055,-0.573686,0.0372178
0,10,11.7302,17.2684,-0.617304,0.0698717
0,10,11.5652,17.1597,-0.588124,0.0520297
0,10,11.547,17.2664,-0.597268,0.0656295
0,10,11.376,17.1552,-0.561027,0.0441544
0,10,11.3431,17.2427,-0.593155,0.0314061
0,10,11.2114,17.481,-0.597408,0.0247845
0,10,11.2262,17.3801,-0.587934,0.0118236
0,10,11.1051,17.5147,-0.582198,0.0195953
0,10,10.9845,17.6618,-0.595986,0.00587583
0,10,10.8416,17.683,-0.613492,-0.0390185
0,10,11.189,17.5823,-0.606856,0.0405532
0,10,10.9297,17.7414,-0.612676,-0.0113246
0,10,11.0096,17.8032,-0.628414,0.0252115
0,10,10.639,17.8142,-0.6263,-0.0361535
0,10,10.743,17.8452,-0.618176,-0.064081
0,10,10.5238,17.8595,-0.61889,-0.0425032
0,10,10.402,17.9209,-0.626892,-0.0561437
0,10,10.4402,18.0019,-0.644854,-0.0503375
0,10,10.3333,18.4488,-0.763994,-0.0408548
0,10,10.2178,18.4679,-0.758181,-0.01469
0,10,10.112,18.6514,-0.756541,-0.0071779
0,10,10.0743,18.7541,-0.742275,-0.0162428
0,10,10.0072,18.6728,-0.756425,-0.00814181
0,10,10.036,18.8515,-0.749936,-0.0275924
0,10,10.0004,18.9523,-0.744562,-0.0417249
0,10,9.69752,19.1969,-0.785157,-0.0280362
0,10,9.64698,19.2992,-0.779581,-0.0260576
0,10,9.39014,19.0314,-0.809825,-0.0247133
0,10,9.14962,19.4153,-0.777041,-0.074829
0,10,8.90991,19.5969,-0.704429,-0.0638337
0,10,8.57483,19.7688,-0.609881,-0.0469957
0,10,8.52355,19.6763,-0.629004,-0.0710063
0,10,8.46142,19.952,-0.54822,-0.0279134
0,10,8.41305,20.0396,-0.530092,-0.031937
0,10,7.8429,20.2214,-0.330011,-0.0277307
0,10,8.6309,19.6788,-0.641835,-0.0496466
0,10,7.25783,20.3138,-0.18356,0.0521301
0,10,8.01217,20.1416,-0.419604,-0.0344716
0,10,5.93114,20.3998,0.00333028,-0.0202935
0,10,6.25993,20.3086,-0.177626,-0.0147451
0,10,5.63338,20.3939,0.00649712,0.00596183
0,10,1.84446,18.5329,-0.175452,-0.153852
0,10,0.64252,17.5521,0.0186044,-0.0378595
0,10,0.946019,16.8549,-0.0693029,-0.219956
0,10,1.83605,18.6591,-0.139575,-0.125836
0,10,1.02364,17.9844,-0.060273,-0.102713
0,10,1.04962,17.8678,-0.0607328,-0.120114
0,10,0.743321,16.4576,0.00831543,-0.240761
0,10,2.76987,19.4578,-0.0881364,-0.123986
0,10,0.920897,17.7211,-0.0388693,-0.0973938
0,10,5.02771,19.4552,-0.436551,-0.0439232
0,10,1.40604,18.2357,-0.119069,-0.12612
0,10,1.05024,16.4625,-0.0414336,-0.293063
0,10,0.658328,17.436,0.0151815,-0.061338
0,10,4.24138,19.4741,-0.306733,-0.118198
0,10,0.771331,16.5601,0.00319751,-0.235081
0,10,1.56248,18.3391,-0.128719,-0.141202
0,10,0.64025,16.6791,0.0119755,-0.164771
0,10,0.593368,17.0738,-0.0236158,-0.0694078
0,10,1.45797,16.8935,-0.0839015,-0.305625
0,10,1.25021,16.9294,-0.0801679,-0.300401
0,10,1.61583,17.7004,-0.172091,-0.26849
0,10,2.50088,17.9984,-0.34684,-0.285293
0,10,1.88467,17.7636,-0.201772,-0.286198
0,10,3.87225,17.5654,-0.26492,-0.236372
0,10,3.39986,17.883,-0.323387,-0.255867
0,10,2.27677,18.0231,-0.29169,-0.279327
0,10,3.42668,17.787,-0.316397,-0.249775
0,10,3.44868,17.6035,-0.271415,-0.26074
0,10,3.63208,17.6552,-0.289863,-0.273185
0,10,3.893,17.4571,-0.260974,-0.249491
0,10,4.16014,17.254,-0.262897,-0.253637
0,10,7.98075,16.1957,-0.525523,-0.205278
0,10,9.46087,16.4403,-0.576413,-0.127792
0,10,10.4098,16.2625,-0.629995,-0.0609255
0,10,10.6037,16.2559,-0.63824,-0.0570832
0,10,10.5751,16.3498,-0.626619,-0.0521033
0,10,10.8371,16.3803,-0.637252,-0.0283274
0,10,11.3493,16.3793,-0.61511,0.000708246
0,10,11.446,16.4313,-0.605563,0.0176106
0,10,11.4392,16.5307,-0.597494,0.0109955
0,10,11.6264,16.6397,-0.586016,0.0223239
0,10,11.533,16.583,-0.589192,0.0172647
0,10,11.5262,16.6858,-0.582102,0.0155094
0,10,11.6163,16.7437,-0.582182,0.0242208
0,10,11.7161,16.6957,-0.586924,0.0331923
0,10,11.427,16.7359,-0.57644,0.00733461
0,10,11.7077,16.7987,-0.586135,0.0356396
0,10,11.5166,16.7907,-0.575045,0.0176823
0,10,11.8995,16.8098,-0.593839,0.0565929
0,10,11.6968,16.902,-0.587097,0.0407579
0,10,11.6838,17.0048,-0.589136,0.0468264
0,10,11.7873,16.9586,-0.595558,0.0526656
0,10,11.8896,16.9121,-0.597742,0.0566676
0,10,11.7568,17.1647,-0.604804,0.0645396
0,10,11.8608,17.1158,-0.604679,0.0598942
0,10,11.6706,17.1086,-0.589361,0.0537738
0,10,11.8771,17.0141,-0.59975,0.0574961
0,10,12.052,17.1313,-0.610072,0.0700923
0,10,11.9665,17.0717,-0.605047,0.0661353
0,10,12.0259,17.2343,-0.620085,0.0676333
0,10,11.8402,17.2189,-0.613133,0.062367
0,10,11.9461,17.174,-0.612943,0.0669806
0,10,11.6278,17.3203,-0.605871,0.070437
0,10,11.7021,17.3794,-0.622974,0.0830104
0,10,11.4634,17.2113,-0.576138,0.0528276
0,10,11.4343,17.3062,-0.606372,0.0468622
0,10,11.3346,17.3425,-0.600076,0.0387778
0,10,11.5154,17.3684,-0.615594,0.0615141
0,10,11.0887,17.6181,-0.601424,0.0318976
0,10,11.3131,17.4436,-0.611304,0.0455737
0,10,11.294,17.5482,-0.62162,0.0554115
0,10,11.1688,17.688,-0.624021,0.0517735
0,10,11.0661,17.7232,-0.618492,0.038815
0,10,10.9006,17.8443,-0.625625,-0.0172441
0,10,10.8231,17.7798,-0.60836,-0.0487496
0,10,10.6153,18.0147,-0.676234,-0.0223236
0,10,10.8435,18.2726,-0.748473,-0.0261353
0,10,10.1645,17.972,-0.636106,-0.0682632
0,10,10.3949,18.5246,-0.755916,-0.0441264
0,10,10.2097,18.9232,-0.723274,-0.0465431
0,10,10.2302,18.6415,-0.739605,-0.013693
0,10,10.1681,18.5645,-0.747601,0.00477285
0,10,10.1421,18.8388,-0.732728,-0.0312032
0,10,10.0705,19.0369,-0.73497,-0.0496043
0,10,10.1048,18.9366,-0.733722,-0.041346
0,10,9.87113,19.2423,-0.766185,-0.0835728
0,10,9.52885,19.1343,-0.775938,-0.0624634
0,10,9.4275,19.3239,-0.772313,-0.0686266
0,10,9.03679,19.4205,-0.768446,-0.081486
0,10,9.02267,19.5952,-0.720515,-0.0611746
0,10,9.07531,19.68,-0.690513,-0.0498473
0,10,8.74037,19.8631,-0.592407,-0.0402662
0,10,9.08726,19.5057,-0.752294,-0.0716475
0,10,8.9034,19.7736,-0.630379,-0.0441924
0,10,8.68642,19.9517,-0.560562,-0.0414015
0,10,8.79249,19.7735,-0.624825,-0.0441709
0,10,8.25386,20.1233,-0.458777,-0.00228985
0,10,6.43915,20.403,-0.0803275,-0.0119019
0,10,6.03015,20.3992,-0.0189524,-0.0237314
0,10,5.73368,20.4028,0.0134973,0.00993366
0,10,1.42543,18.1184,-0.124301,-0.146625
0,10,1.02453,17.6792,-0.0595871,-0.132054
0,10,3.45185,19.5666,-0.204141,-0.085447
0,10,5.63986,19.0612,-0.555213,-0.125532
0,10,4.6152,18.8039,-0.526575,-0.153067
0,10,5.70007,18.8653,-0.562799,-0.119797
0,10,4.41968,18.7448,-0.502444,-0.160348
0,10,5.45582,18.5766,-0.488307,-0.0803583
0,10,4.92486,18.5367,-0.509383,-0.200425
0,10,5.09913,19.2855,-0.473257,-0.0593623
0,10,5.79181,18.8928,-0.563588,-0.12756
0,10,2.9508,19.4978,-0.119853,-0.143585
0,10,5.66298,19.1699,-0.563664,-0.132432
0,10,5.78239,18.7835,-0.565018,-0.126614
0,10,5.55916,18.6112,-0.505359,-0.0849884
0,10,0.646985,16.38,0.0539091,-0.213077
0,10,3.83744,19.6746,-0.219267,-0.0928496
0,10,1.15228,16.4982,-0.0553487,-0.304298
0,10,1.27568,16.8094,-0.086974,-0.291747
0,10,1.50056,17.3762,-0.112241,-0.282885
0,10,1.4265,17.4367,-0.110787,-0.278407
0,10,2.09306,17.6729,-0.202717,-0.327548
0,10,1.61909,17.1516,-0.105229,-0.299046
0,10,1.50974,17.5127,-0.126645,-0.278788
0,10,1.90715,17.4111,-0.161406,-0.299382
0,10,1.4737,17.6108,-0.182611,-0.266108
0,10,3.53479,17.7518,-0.306737,-0.249783
0,10,5.11534,16.531,-0.398854,-0.298616
0,10,2.6192,17.823,-0.312179,-0.297743
0,10,5.7813,16.3487,-0.450382,-0.283299
0,10,9.08132,16.3175,-0.557808,-0.168329
0,10,10.4962,16.2887,-0.629403,-0.0602734
0,10,10.8191,16.2855,-0.634582,-0.0345686
0,10,10.729,16.3507,-0.634587,-0.0520832
0,10,11.0364,16.3698,-0.635499,-0.00885902
0,10,11.4605,16.2291,-0.620199,0.0301943
0,10,11.2563,16.3317,-0.629998,0.00863646
0,10,11.5545,16.2788,-0.612844,0.0336197
0,10,11.5483,16.3807,-0.603019,0.0284478
0,10,11.5414,16.4813,-0.595502,0.0218518
0,10,11.6346,16.5383,-0.590004,0.0236713
0,10,11.8154,16.65,-0.589275,0.0448147
0,10,11.8086,16.7533,-0.590023,0.0458264
0,10,11.9993,16.7633,-0.591951,0.070227
0,10,11.7982,16.8561,-0.5926,0.0484065
0,10,12.0903,16.8199,-0.592184,0.0801661
0,10,12.2746,16.8237,-0.582708,0.114281
0,10,12.3644,16.7631,-0.578896,0.133656
0,10,11.9916,16.867,-0.596666,0.06778
0,10,12.2686,16.9342,-0.588521,0.105651
0,10,12.18,16.8772,-0.590393,0.0895624
0,10,12.171,16.9824,-0.597842,0.0824541
0,10,12.0693,17.0283,-0.603959,0.0721271
0,10,12.0816,16.9246,-0.597216,0.0755476
0,10,12.2389,17.149,-0.611789,0.0882393
0,10,11.9801,16.9695,-0.600147,0.0656287
0,10,12.1038,17.2939,-0.619166,0.0700455
0,10,12.2099,17.2554,-0.619331,0.0845994
0,10,12.3185,17.2031,-0.613214,0.0940498
0,10,11.8831,17.3827,-0.627584,0.0698195
0,10,11.9942,17.3385,-0.623357,0.0632193
0,10,11.9189,17.2789,-0.623592,0.070184
0,10,11.7793,17.4301,-0.617148,0.0661732
0,10,11.8079,17.3223,-0.624783,0.063116
0,10,11.7422,17.5339,-0.626776,0.0597066
0,10,11.5925,17.4241,-0.622246,0.0677865
0,10,11.6656,17.4862,-0.631219,0.0831433
0,10,11.3917,17.5193,-0.620666,0.0461197
0,10,11.5687,17.5382,-0.617966,0.0763183
0,10,11.4168,17.4134,-0.610666,0.0498773
0,10,11.2707,17.6506,-0.62816,0.0596173
0,10,11.2476,17.7544,-0.638903,0.0642629
0,10,10.9833,17.9059,-0.641069,0.0175072
0,10,11.3698,17.6325,-0.618505,0.0406109
0,10,11.0883,17.8699,-0.63756,0.0495498
0,10,10.8024,18.1031,-0.705582,-0.0379549
0,10,10.7288,18.2922,-0.737956,-0.0268054
0,10,10.2782,17.9459,-0.621762,-0.0612675
0,10,10.7718,18.1991,-0.731381,-0.0414883
0,10,10.5596,18.4167,-0.755076,-0.0465973
0,10,10.1765,18.7322,-0.734333,-0.0207364
0,10,10.1352,19.1197,-0.73218,-0.0559679
0,10,10.2421,19.1096,-0.727997,-0.0469786
0,10,10.0274,19.1329,-0.746808,-0.0679091
0,10,9.91839,19.1464,-0.759863,-0.0718782
0,10,9.833,19.5177,-0.71066,-0.087075
0,10,9.53544,19.3168,-0.763987,-0.0569871
0,10,9.36941,19.414,-0.771526,-0.0788785
0,10,9.42389,19.4998,-0.76491,-0.0816449
0,10,9.09925,19.33,-0.781664,-0.0834792
0,10,9.2475,19.5905,-0.744145,-0.0696664
0,10,9.26186,19.4116,-0.778906,-0.0770536
0,10,9.30109,19.6758,-0.71888,-0.0581142
0,10,9.13651,19.591,-0.736907,-0.065131
0,10,8.85101,19.8629,-0.58751,-0.0387209
0,10,8.57437,19.9515,-0.55318,-0.0280444
0,10,8.52656,20.0379,-0.532684,-0.0267751
0,10,6.93004,20.3217,-0.229143,-0.00519173
0,10,6.33469,20.4035,-0.0683459,-0.0127787
0,10,5.83232,20.3982,0.0174812,-0.00511363
0,10,1.74851,18.6968,-0.135752,-0.140219
0,10,0.683531,17.1368,-0.0363208,-0.106313
0,10,5.13695,18.5738,-0.593902,-0.128599
0,10,4.32295,18.9315,-0.452666,-0.137683
0,10,4.2223,18.9073,-0.450631,-0.15394
0,10,3.93144,19.0302,-0.416264,-0.155244
0,10,4.12783,18.8787,-0.44937,-0.148801
0,10,4.63284,18.7095,-0.500758,-0.152726
0,10,5.59953,18.727,-0.584243,-0.109143
0,10,4.22535,18.8049,-0.452065,-0.156727
0,10,4.72539,18.6907,-0.514184,-0.183986
0,10,4.5248,18.6793,-0.495126,-0.1689
0,10,5.43522,18.4742,-0.491426,-0.0695897
0,10,4.73853,18.5967,-0.501098,-0.179915
0,10,4.52995,19.4348,-0.356397,-0.0751092
0,10,1.02875,16.6784,-0.0524385,-0.264685
0,10,1.45798,16.8032,-0.0660494,-0.312916
0,10,1.26746,17.0158,-0.104063,-0.299766
0,10,2.34626,17.4108,-0.180741,-0.354172
0,10,1.30802,17.1069,-0.11483,-0.289067
0,10,1.34743,17.3927,-0.120858,-0.272546
0,10,1.73341,17.3131,-0.112877,-0.288639
0,10,1.53649,17.1978,-0.127265,-0.331994
0,10,1.57333,17.4359,-0.121354,-0.291642
0,10,2.3793,17.8427,-0.284314,-0.318248
0,10,3.41605,17.6996,-0.280004,-0.257124
0,10,4.09289,17.0344,-0.256345,-0.271297
0,10,7.17028,16.187,-0.504134,-0.253801
0,10,7.86981,16.2391,-0.506477,-0.206896
0,10,10.2065,16.4056,-0.611631,-0.0485673
0,10,10.8533,16.201,-0.633069,-0.0312168
0,10,11.1524,16.3243,-0.633827,-0.0111441
0,10,11.3608,16.278,-0.620358,0.0110296
0,10,11.7521,16.2862,-0.602376,0.0431278
0,10,11.746,16.3867,-0.59643,0.0366102
0,10,11.7365,16.4894,-0.591688,0.0333603
0,10,11.6555,16.2364,-0.610074,0.0350129
0,10,11.6499,16.3369,-0.602852,0.0292082
0,10,11.6437,16.4366,-0.595211,0.0262206
0,10,11.9131,16.6021,-0.59123,0.0579637
0,10,11.9291,16.4931,-0.592673,0.0621702
0,10,11.9081,16.7066,-0.590963,0.057089
0,10,12.006,16.6585,-0.590152,0.0732928
0,10,12.0964,16.7134,-0.589194,0.0845321
0,10,12.1003,16.6062,-0.588349,0.0879999
0,10,12.3604,16.8772,-0.579883,0.126606
0,10,12.1861,16.77,-0.587401,0.0974053
0,10,12.5319,16.8561,-0.578567,0.155861
0,10,12.2582,17.0423,-0.598367,0.0954144
0,10,12.3548,16.9885,-0.583792,0.114544
0,10,12.1566,17.086,-0.604727,0.0771715
0,10,12.1351,17.1899,-0.614176,0.0742208
0,10,12.4402,17.0387,-0.584099,0.138001
0,10,12.3422,17.0964,-0.599085,0.102119
0,10,12.6045,17.0963,-0.579841,0.1179
0,10,12.525,16.9782,-0.580396,0.157869
0,10,12.4638,17.3283,-0.603247,0.116835
0,10,12.6122,16.9923,-0.571393,0.122372
0,10,12.4935,17.2184,-0.602214,0.132464
0,10,12.4221,17.1543,-0.606239,0.125316
0,10,12.3568,17.3746,-0.605314,0.0956399
0,10,12.0678,17.3996,-0.621612,0.0658708
0,10,12.5136,17.1013,-0.58754,0.151608
0,10,12.1728,17.3626,-0.623886,0.0797231
0,10,12.2858,17.3095,-0.615482,0.0847305
0,10,11.8516,17.495,-0.625608,0.0792651
0,10,11.9551,17.4426,-0.625747,0.0600882
0,10,11.6391,17.6022,-0.629635,0.0927551
0,10,11.7195,17.6451,-0.632021,0.0697543
0,10,11.5403,17.6486,-0.622171,0.0792039
0,10,11.4927,17.4797,-0.616043,0.064175
0,10,11.4636,17.5894,-0.617624,0.0527823
0,10,11.3433,17.7421,-0.625111,0.0244215
0,10,11.4408,17.7032,-0.614966,0.0497648
0,10,11.143,18.0364,-0.679073,0.0741091
0,10,11.2257,17.8574,-0.645867,0.0747706
0,10,11.1426,17.7931,-0.630742,0.0572978
0,10,10.7255,17.9405,-0.63839,-0.0646159
0,10,10.5319,17.9513,-0.633532,-0.0383877
0,10,10.592,18.1328,-0.70193,-0.0108906
0,10,10.6079,18.3206,-0.730799,-0.0433814
0,10,10.3424,18.6204,-0.744677,-0.0395809
0,10,10.3549,18.7978,-0.719067,-0.0271676
0,10,9.98144,19.2301,-0.757137,-0.0768797
0,10,9.67466,19.6099,-0.706269,-0.0946913
0,10,9.69431,19.3836,-0.783663,-0.0111704
0,10,9.75221,19.2779,-0.79571,-0.0217013
0,10,9.59189,19.4006,-0.768569,-0.0262692
0,10,9.36188,19.5895,-0.760875,-0.0754758
0,10,9.4815,19.4116,-0.761426,-0.0714837
0,10,9.47146,19.5904,-0.770353,-0.067521
0,10,9.3109,19.5032,-0.76439,-0.082803
0,10,9.01589,19.77,-0.644821,-0.0396596
0,10,8.96281,19.8598,-0.590576,-0.0320829
0,10,8.48821,20.1261,-0.466314,-0.0242953
0,10,8.75547,20.0389,-0.523572,-0.049241
0,10,8.63111,19.8622,-0.589921,-0.0365477
0,10,7.36549,20.3109,-0.180692,0.0282574
0,10,6.65458,20.4056,-0.143477,-0.0296634
0,10,6.23157,20.4011,-0.0563532,-0.0118371
0,10,4.02965,18.9527,-0.42799,-0.153344
0,10,4.51707,18.7756,-0.514605,-0.164292
0,10,4.24324,19.1022,-0.412609,-0.141993
0,10,4.22804,19.0076,-0.421734,-0.143587
0,10,4.04936,19.1512,-0.387297,-0.147212
0,10,4.13543,19.0797,-0.410703,-0.142355
0,10,3.80492,19.0185,-0.365601,-0.186691
0,10,4.02988,19.0521,-0.412135,-0.154519
0,10,3.88763,18.9512,-0.378571,-0.193894
0,10,3.97103,18.8872,-0.389695,-0.19241
0,10,4.05778,18.8222,-0.408008,-0.198084
0,10,4.82879,18.5161,-0.506323,-0.197812
0,10,5.03503,18.5542,-0.569912,-0.179102
0,10,5.85649,18.6999,-0.524088,-0.109973
0,10,5.58279,19.2461,-0.561551,-0.113609
0,10,0.695715,17.3076,-0.0125638,-0.08096
0,10,3.51701,19.7918,-0.168674,-0.0645411
0,10,2.02247,17.399,-0.161633,-0.29555
0,10,0.956647,16.6024,-0.033792,-0.262511
0,10,0.959768,16.4813,-0.0303758,-0.276261
0,10,1.32713,17.201,-0.0801505,-0.287612
0,10,1.57351,17.6078,-0.193499,-0.260288
0,10,3.11418,18.0112,-0.330847,-0.27846
0,10,5.61896,16.3694,-0.441031,-0.27338
0,10,7.8864,16.1431,-0.522484,-0.21256
0,10,8.31677,16.3423,-0.525868,-0.174536
0,10,10.3041,16.2527,-0.627353,-0.0579703
0,10,9.92299,16.3859,-0.599024,-0.0788018
0,10,10.5479,16.1773,-0.635968,-0.0647647
0,10,10.6991,16.2661,-0.637454,-0.0512589
0,10,11.2714,16.2298,-0.629187,0.0167811
0,10,11.5605,16.1774,-0.618885,0.0391749
0,10,11.8467,16.3371,-0.592225,0.05409
0,10,11.6649,16.1391,-0.618786,0.0392037
0,10,11.8286,16.5435,-0.592072,0.0451454
0,10,11.8378,16.4408,-0.592025,0.0466389
0,10,11.7278,16.5911,-0.5886,0.0330936
0,10,12.0318,16.437,-0.590554,0.0812941
0,10,12.0091,16.5521,-0.59093,0.0758328
0,10,12.1009,16.496,-0.591034,0.0909395
0,10,12.2816,16.5982,-0.586006,0.123499
0,10,12.1919,16.552,-0.588521,0.107183
0,10,12.1904,16.6607,-0.584885,0.103626
0,10,12.4526,16.689,-0.582958,0.140753
0,10,12.4497,16.8056,-0.576395,0.143145
0,10,12.5356,16.7366,-0.584584,0.150254
0,10,12.7061,16.8097,-0.576787,0.148054
0,10,12.7886,16.8579,-0.58215,0.16635
0,10,12.4466,16.9215,-0.574178,0.14186
0,10,12.7849,16.9797,-0.576405,0.177946
0,10,12.6193,16.7713,-0.582844,0.141943
0,10,12.6164,16.8846,-0.571634,0.134092
0,10,12.7057,16.9252,-0.565767,0.15411
0,10,12.6917,17.1552,-0.593105,0.152605
0,10,12.5893,17.1994,-0.593847,0.119451
0,10,12.7675,17.2223,-0.593109,0.16967
0,10,12.428,17.4352,-0.60072,0.106853
0,10,12.859,17.1982,-0.591821,0.115818
0,10,12.5334,17.4043,-0.598003,0.117378
0,10,12.5656,17.302,-0.59625,0.122903
0,10,12.3177,17.4814,-0.60258,0.0807231
0,10,12.2777,17.5856,-0.596893,0.0684403
0,10,12.392,17.2661,-0.613478,0.109795
0,10,12.2485,17.4142,-0.610393,0.0703081
0,10,12.1336,17.4701,-0.620913,0.0745894
0,10,12.2083,17.5182,-0.606782,0.0549153
0,10,11.998,17.6217,-0.625846,0.0610516
0,10,12.0288,17.5054,-0.616408,0.0598484
0,10,11.8155,17.6006,-0.646623,0.0799514
0,10,11.606,17.7166,-0.652856,0.105903
0,10,11.6916,17.7456,-0.640632,0.0613791
0,10,11.5173,17.7674,-0.629733,0.0948307
0,10,11.2618,17.9629,-0.654318,0.0375006
0,10,11.322,17.8545,-0.637796,-0.00202938
0,10,11.1975,18.361,-0.770061,0.0745883
0,10,11.0953,18.1249,-0.717505,0.055491
0,10,11.1671,17.938,-0.664597,0.0745264
0,10,10.8317,17.9094,-0.637323,-0.0365575
0,10,10.9051,18.3479,-0.777229,-0.00376672
0,10,10.6795,18.3866,-0.764568,-0.0188682
0,10,10.6519,18.2279,-0.705163,-0.0471476
0,10,10.2932,18.7178,-0.724463,-0.0270825
0,10,10.3636,18.9711,-0.71841,-0.0223255
0,10,10.1762,19.0203,-0.728752,-0.0506848
0,10,9.88091,19.4215,-0.730159,-0.0811461
0,10,9.5865,19.2215,-0.778638,-0.0522012
0,10,10.0397,19.3124,-0.749175,-0.0768291
0,10,9.72405,19.5226,-0.713914,-0.104026
0,10,9.81997,19.3367,-0.744664,-0.0896426
0,10,9.63151,19.6947,-0.681158,-0.0960584
0,10,9.63831,19.4886,-0.768581,-0.0087809
0,10,9.57841,19.5893,-0.753152,-0.0366967
0,10,9.53572,19.4984,-0.774728,-0.0461512
0,10,9.18713,19.6789,-0.702052,-0.0611052
0,10,8.9119,19.9495,-0.552332,-0.0422689
0,10,8.64092,20.0389,-0.529308,-0.0275715
0,10,8.79901,19.9519,-0.557057,-0.0500314
0,10,7.57617,20.306,-0.193399,0.00779231
0,10,8.13617,20.1304,-0.456664,-0.00144344
0,10,6.54662,20.4062,-0.101463,-0.0170159
0,10,4.42435,18.9472,-0.453827,-0.128314
0,10,4.15608,19.1752,-0.392025,-0.137604
0,10,3.99459,19.3261,-0.345221,-0.129252
0,10,3.94258,19.1294,-0.382761,-0.150184
0,10,3.70387,18.9801,-0.359286,-0.194239
0,10,3.6039,18.9413,-0.350782,-0.211923
0,10,3.78784,18.9119,-0.378269,-0.195837
0,10,3.68973,18.8749,-0.373005,-0.209017
0,10,3.87272,18.845,-0.395731,-0.198054
0,10,3.96286,18.7795,-0.418367,-0.196749
0,10,4.324,18.7289,-0.488948,-0.158022
0,10,4.14649,18.7572,-0.419848,-0.181433
0,10,4.42491,18.6447,-0.495669,-0.166192
0,10,5.03391,18.4605,-0.459181,-0.190376
0,10,5.64156,18.5407,-0.503684,-0.101503
0,10,0.741446,17.707,-0.0199174,-0.0543856
0,10,1.8241,18.7778,-0.123053,-0.12967
0,10,1.47454,16.4186,-0.0658239,-0.305483
0,10,1.3699,16.9601,-0.0949488,-0.308108
0,10,2.75806,17.4114,-0.207762,-0.302085
0,10,1.22118,17.1978,-0.079983,-0.270219
0,10,1.97143,17.6708,-0.20123,-0.309704
0,10,3.79151,17.4916,-0.251085,-0.247332
0,10,6.35276,16.2248,-0.494918,-0.255186
0,10,10.7506,16.1828,-0.627996,-0.0462005
0,10,10.8775,16.1047,-0.638244,-0.0326185
0,10,9.72715,16.3566,-0.585978,-0.1009
0,10,11.0685,16.0859,-0.63633,-0.00108933
0,10,10.9292,16.3243,-0.638632,-0.0224215
0,10,11.1701,16.2319,-0.632045,-0.00682958
0,10,11.4664,16.1263,-0.628022,0.0350856
0,10,11.8552,16.2374,-0.600863,0.0621098
0,10,11.7622,16.186,-0.611351,0.0496604
0,10,11.9391,16.3916,-0.587576,0.0664821
0,10,11.951,16.2912,-0.59164,0.0698603
0,10,12.1441,16.3601,-0.590496,0.108383
0,10,12.1866,16.4401,-0.585315,0.108689
0,10,12.3619,16.4205,-0.59163,0.132369
0,10,12.2789,16.4868,-0.586063,0.125576
0,10,12.6254,16.5395,-0.593764,0.143868
0,10,12.3662,16.6491,-0.583908,0.134825
0,10,12.54,16.6174,-0.586938,0.146363
0,10,12.2781,16.7123,-0.581795,0.120317
0,10,12.6229,16.657,-0.587627,0.145365
0,10,12.709,16.6936,-0.585411,0.14645
0,10,13.0527,16.7285,-0.584797,0.133315
0,10,12.9653,16.8067,-0.579122,0.134295
0,10,13.1429,16.7634,-0.578355,0.129812
0,10,12.8755,16.8762,-0.576656,0.12599
0,10,12.8692,17.0913,-0.573671,0.115098
0,10,12.8737,16.9845,-0.5713,0.116689
0,10,12.7786,17.1024,-0.579437,0.178354
0,10,12.7028,17.0412,-0.574593,0.158327
0,10,12.965,16.9195,-0.569393,0.132805
0,10,12.9625,17.0332,-0.572413,0.136221
0,10,12.955,17.1468,-0.581892,0.134298
0,10,12.938,17.2616,-0.606749,0.128524
0,10,12.9258,17.3776,-0.600288,0.126203
0,10,12.846,17.3092,-0.600602,0.132476
0,10,12.8246,17.4154,-0.596845,0.141449
0,10,12.6722,17.2637,-0.604975,0.144262
0,10,12.717,17.4347,-0.600962,0.156798
0,10,12.3895,17.541,-0.60036,0.0974779
0,10,12.7885,17.5113,-0.60539,0.147809
0,10,12.7498,17.3329,-0.602297,0.15953
0,10,12.6444,17.3671,-0.601168,0.142169
0,10,12.1676,17.6214,-0.597131,0.0389252
0,10,11.9259,17.5502,-0.620659,0.0514455
0,10,12.0883,17.5802,-0.630255,0.0719167
0,10,11.7748,17.8058,-0.668028,0.0757808
0,10,11.8017,17.7119,-0.626415,0.0864772
0,10,11.5785,17.8403,-0.672767,0.1401
0,10,11.6677,17.8481,-0.673103,0.05696
0,10,11.7375,17.9173,-0.700825,0.087792
0,10,11.417,17.8122,-0.614474,0.0406944
0,10,11.1293,18.2935,-0.749135,0.0428109
0,10,11.0665,18.2262,-0.729458,0.0441716
0,10,10.919,17.9755,-0.660945,-0.00531457
0,10,11.0124,18.0521,-0.695194,0.0252736
0,10,10.8811,18.1725,-0.72597,-0.0112771
0,10,10.7064,18.0383,-0.674576,-0.0696
0,10,10.5078,18.512,-0.753513,-0.0435691
0,10,10.4544,18.6058,-0.751677,-0.0433623
0,10,10.4754,18.9546,-0.713598,-0.00524649
0,10,10.3027,18.8922,-0.713728,-0.0328638
0,10,10.0908,19.2156,-0.750981,-0.0696995
0,10,10.1978,19.2067,-0.743085,-0.0520059
0,10,9.93137,19.3257,-0.746575,-0.083987
0,10,10.3455,19.1068,-0.729833,-0.0317159
0,10,9.77085,19.4307,-0.727509,-0.0971786
0,10,9.78672,19.6145,-0.713756,-0.0996398
0,10,9.21083,20.0257,-0.47393,-0.049871
0,10,9.36977,19.937,-0.526329,-0.0647768
0,10,9.5235,19.6799,-0.723374,-0.0738932
0,10,9.35251,19.7656,-0.671687,-0.0481372
0,10,8.37082,20.1238,-0.461705,-0.00466138
0,10,8.44532,20.2085,-0.479075,-0.0385602
0,10,8.32681,20.2052,-0.496707,-0.0148023
0,10,8.08749,20.212,-0.447604,0.0179839
0,10,6.70501,20.3207,-0.214716,-0.0719394
0,10,3.84191,19.1054,-0.383997,-0.148107
0,10,3.96745,19.2281,-0.362558,-0.140329
0,10,4.18049,19.2741,-0.36609,-0.135557
0,10,3.50274,18.9033,-0.335851,-0.229217
0,10,4.22854,18.4768,-0.465886,-0.230323
0,10,3.67662,18.7708,-0.376112,-0.23227
0,10,3.58902,18.8373,-0.356721,-0.232565
0,10,3.86828,18.7402,-0.415751,-0.209814
0,10,4.14365,18.649,-0.451362,-0.191538
0,10,4.23738,18.6902,-0.453375,-0.201812
0,10,4.66845,18.5321,-0.497918,-0.165182
0,10,4.51728,18.5779,-0.506274,-0.169696
0,10,5.53756,18.5115,-0.488403,-0.098696
0,10,5.68521,19.2722,-0.587814,-0.114719
0,10,1.67548,18.618,-0.146433,-0.133575
0,10,1.33403,18.1652,-0.110814,-0.113469
0,10,1.55618,17.0689,-0.103685,-0.305801
0,10,3.07754,17.471,-0.23556,-0.288864
0,10,1.47136,17.288,-0.114477,-0.289983
0,10,1.6251,17.5249,-0.156541,-0.268625
0,10,2.09896,17.7622,-0.222248,-0.321556
0,10,2.49526,17.8332,-0.298833,-0.3182
0,10,4.37821,16.8067,-0.295803,-0.291364
0,10,10.2059,16.2938,-0.61754,-0.0555627
0,10,4.1886,17.0556,-0.263664,-0.252323
0,10,11.0618,15.9878,-0.643068,-0.00106081
0,10,11.0698,16.1881,-0.636305,-0.00465003
0,10,10.9515,16.2366,-0.634073,-0.0210888
0,10,11.0505,16.2801,-0.636471,-0.00763584
0,10,11.5666,16.0766,-0.632987,0.0438881
0,10,11.9531,16.1883,-0.604776,0.0699799
0,10,11.368,16.1719,-0.627625,0.0172516
0,10,12.0452,16.2378,-0.601803,0.079067
0,10,12.243,16.2838,-0.600959,0.119774
0,10,12.0481,16.3411,-0.587513,0.0814107
0,10,12.269,16.3732,-0.586156,0.118763
0,10,12.3688,16.5321,-0.586163,0.134773
0,10,12.454,16.5754,-0.586189,0.140371
0,10,12.7967,16.5068,-0.598968,0.147675
0,10,12.7098,16.5778,-0.592996,0.143572
0,10,12.7122,16.4609,-0.596509,0.141463
0,10,12.7917,16.7399,-0.588155,0.156758
0,10,12.8785,16.7648,-0.586703,0.133225
0,10,13.1438,16.6541,-0.585795,0.136579
0,10,13.2335,16.6798,-0.580892,0.116054
0,10,13.3138,16.7229,-0.584466,0.13032
0,10,13.053,16.84,-0.576683,0.130817
0,10,13.1399,16.878,-0.575815,0.129674
0,10,13.4054,16.8763,-0.573926,0.121369
0,10,13.0508,16.954,-0.572867,0.134039
0,10,13.3157,16.9473,-0.574528,0.120712
0,10,13.2257,16.9146,-0.575791,0.124219
0,10,13.5041,17.0079,-0.56892,0.116987
0,10,13.138,16.992,-0.571493,0.129916
0,10,13.2247,17.0274,-0.57097,0.125481
0,10,13.0475,17.0682,-0.573118,0.134241
0,10,13.0196,17.3913,-0.606932,0.117111
0,10,13.135,17.1047,-0.567374,0.127298
0,10,13.1292,17.2114,-0.567217,0.114458
0,10,13.0384,17.1804,-0.578205,0.12472
0,10,13.031,17.4828,-0.630615,0.128318
0,10,13.0239,17.2882,-0.599599,0.109484
0,10,12.9018,17.663,-0.615729,0.148789
0,10,12.9098,17.4758,-0.615598,0.135996
0,10,12.6072,17.4693,-0.601414,0.135697
0,10,12.3452,17.6468,-0.612958,0.0926127
0,10,12.2337,17.6927,-0.615635,0.0627497
0,10,12.4967,17.5074,-0.597304,0.113326
0,10,12.0228,17.7089,-0.637735,0.0692504
0,10,12.1149,17.7099,-0.623361,0.0196436
0,10,11.8955,17.6563,-0.637571,0.0429497
0,10,11.8621,17.8345,-0.642645,0.0267965
0,10,12.3033,17.7533,-0.621982,0.08471
0,10,11.9101,17.7482,-0.622251,0.0407312
0,10,11.826,17.9332,-0.675085,0.00365036
0,10,11.4817,17.8839,-0.681332,0.113932
0,10,11.0154,18.325,-0.768876,0.0257856
0,10,11.0579,17.974,-0.662233,0.0472786
0,10,10.9659,18.4255,-0.789689,0.00567988
0,10,10.6888,18.7406,-0.773176,0.0209773
0,10,10.8523,18.4442,-0.784187,0.000683038
0,10,10.6272,18.4827,-0.772599,-0.0205659
0,10,10.6292,18.6635,-0.759318,-0.0126599
0,10,10.4172,18.8735,-0.71616,-0.0114101
0,10,10.241,18.8106,-0.721746,-0.0312772
0,10,10.4779,19.1339,-0.735426,-0.00114046
0,10,10.4219,19.0521,-0.723419,-0.0157844
0,10,10.0982,19.3995,-0.74677,-0.0680601
0,10,9.99022,19.4092,-0.741385,-0.0770944
0,10,10.2793,19.0145,-0.727297,-0.0427483
0,10,10.1482,19.3029,-0.748298,-0.065606
0,10,9.93719,19.5057,-0.716441,-0.0715365
0,10,9.57677,19.7754,-0.647373,-0.0997717
0,10,9.41315,19.68,-0.73679,-0.0693126
0,10,9.30076,19.8528,-0.605765,-0.0525798
0,10,9.46739,19.7684,-0.6718,-0.0811712
0,10,8.983,20.0343,-0.478405,-0.0451706
0,10,7.90038,20.3084,-0.286941,0.033961
0,10,7.68226,20.3071,-0.203992,0.0126567
0,10,6.76763,20.4086,-0.209577,-0.0189676
0,10,4.89573,18.9086,-0.513679,-0.15726
0,10,4.52549,18.9766,-0.459355,-0.124415
0,10,3.52821,19.0118,-0.323941,-0.203556
0,10,3.77006,18.7032,-0.401861,-0.228281
0,10,4.14204,18.5441,-0.449392,-0.205878
0,10,4.56339,18.3921,-0.445549,-0.192008
0,10,3.95918,18.6738,-0.423269,-0.203141
0,10,4.05312,18.7146,-0.428876,-0.196632
0,10,4.84419,18.3998,-0.484184,-0.191882
0,10,4.61534,18.6159,-0.507249,-0.161261
0,10,5.25342,18.5066,-0.515903,-0.0748999
0,10,5.73588,19.0879,-0.548442,-0.118479
0,10,1.90167,18.8569,-0.114466,-0.108698
0,10,0.854373,16.3465,0.00582101,-0.284421
0,10,0.666019,16.5203,0.0228413,-0.16075
0,10,2.56527,17.3889,-0.190533,-0.336492
0,10,2.45954,17.41,-0.188545,-0.350826
0,10,2.84496,17.4684,-0.222256,-0.303058
0,10,1.75601,17.673,-0.213803,-0.264215
0,10,2.26078,17.8456,-0.246926,-0.310698
0,10,3.68792,17.4732,-0.248771,-0.261655
0,10,3.30024,17.9328,-0.324574,-0.270188
0,10,8.09076,16.2047,-0.53032,-0.196959
0,10,4.96743,16.6517,-0.368731,-0.302097
0,10,9.17291,16.3721,-0.555722,-0.155449
0,10,10.9747,16.1421,-0.638629,-0.0190961
0,10,11.1698,16.1345,-0.633794,-0.00405367
0,10,11.1698,16.039,-0.63711,-0.00362575
0,10,11.2728,16.1283,-0.632459,0.0203833
0,10,11.6701,16.0433,-0.636189,0.0419206
0,10,11.6749,15.9445,-0.640054,0.0366617
0,10,11.8628,16.1325,-0.616958,0.0685662
0,10,12.357,16.311,-0.595078,0.125013
0,10,12.4492,16.3483,-0.597192,0.136712
0,10,12.454,16.4584,-0.591668,0.137262
0,10,12.8842,16.5406,-0.597595,0.138778
0,10,12.6249,16.425,-0.597597,0.143425
0,10,12.8805,16.6533,-0.592812,0.136644
0,10,12.7947,16.6218,-0.594069,0.150534
0,10,12.9681,16.6908,-0.589554,0.136735
0,10,13.057,16.6138,-0.594524,0.1374
0,10,13.4316,16.4789,-0.593606,0.125159
0,10,13.4543,16.5692,-0.588505,0.124922
0,10,13.2265,16.799,-0.579073,0.12343
0,10,13.313,16.8374,-0.575838,0.122965
0,10,13.4013,16.7694,-0.574888,0.120624
0,10,13.5991,17.0284,-0.572652,0.121649
0,10,13.4994,16.8982,-0.574457,0.117872
0,10,13.4168,17.0879,-0.559237,0.120039
0,10,13.4103,16.9825,-0.572063,0.120154
0,10,13.6222,17.1293,-0.565139,0.126135
0,10,13.3263,17.1548,-0.550016,0.115662
0,10,13.3292,17.2503,-0.572092,0.116848
0,10,13.3186,17.0528,-0.565385,0.118283
0,10,13.2267,17.1353,-0.556681,0.121138
0,10,13.1193,17.3126,-0.608091,0.109195
0,10,13.3278,17.3445,-0.639374,0.118321
0,10,13.1276,17.408,-0.626239,0.123035
0,10,13.1462,17.4996,-0.628069,0.124877
0,10,13.238,17.4269,-0.633659,0.124755
0,10,13.3689,17.5403,-0.629758,0.138611
0,10,13.346,17.4424,-0.641729,0.129551
0,10,12.9586,17.5567,-0.6243,0.136377
0,10,12.8546,17.575,-0.619885,0.157407
0,10,12.6771,17.5361,-0.610164,0.151462
0,10,12.5808,17.7498,-0.635646,0.140043
0,10,12.6322,17.6407,-0.62021,0.147694
0,10,12.6884,17.717,-0.629947,0.149494
0,10,12.5661,17.5729,-0.610711,0.13287
0,10,12.5231,17.6771,-0.623109,0.127225
0,10,12.184,17.7868,-0.620989,0.0403428
0,10,12.4545,17.6123,-0.610274,0.108547
0,10,12.4121,17.7157,-0.621811,0.105855
0,10,12.0804,17.8134,-0.621354,0.0107363
0,10,11.9841,17.8096,-0.643516,0.0832439
0,10,11.7998,18.0305,-0.681729,-0.0111983
0,10,11.5439,17.9531,-0.695011,0.127545
0,10,11.1732,18.1758,-0.706698,0.0295734
0,10,10.9899,18.1524,-0.719321,0.024286
0,10,10.9117,18.0724,-0.695507,0.000623618
0,10,10.7377,18.4669,-0.771689,-0.0177833
0,10,10.7909,18.3695,-0.76502,-0.0190511
0,10,10.6365,18.8378,-0.746594,0.0225677
0,10,10.6821,18.5648,-0.775128,-0.0193016
0,10,10.5732,18.5807,-0.770869,-0.014959
0,10,10.4034,18.7009,-0.735419,-0.0379341
0,10,10.5195,18.6766,-0.756295,-0.0169142
0,10,10.4098,19.2014,-0.741426,-0.0130248
0,10,10.2541,19.2941,-0.747527,-0.0444916
0,10,10.045,19.4955,-0.724581,-0.0692048
0,10,10.3058,19.2002,-0.741006,-0.0384592
0,10,9.9934,19.5946,-0.708944,-0.0621697
0,10,9.69932,19.7759,-0.657337,-0.0798731
0,10,9.44172,20.0252,-0.499131,-0.0696085
0,10,9.41617,19.8513,-0.59865,-0.0627928
0,10,9.12765,19.7679,-0.654203,-0.0471382
0,10,9.1881,19.8527,-0.603879,-0.0428017
0,10,8.86979,20.0377,-0.504137,-0.0512422
0,10,7.96084,20.2215,-0.382885,-0.00987288
0,10,7.47131,20.3074,-0.181888,0.0179543
0,10,4.98137,18.8314,-0.529655,-0.121372
0,10,4.35032,19.1269,-0.40762,-0.127369
0,10,4.04987,18.6073,-0.439859,-0.210268
0,10,4.75164,18.357,-0.472961,-0.204007
0,10,5.06968,18.1866,-0.390608,-0.150485
0,10,3.77604,18.8068,-0.393208,-0.209581
0,10,4.33166,18.6203,-0.473978,-0.190101
0,10,4.93221,18.4386,-0.483403,-0.192131
0,10,4.99654,18.3599,-0.428498,-0.160625
0,10,5.62775,18.439,-0.530037,-0.116724
0,10,5.95268,18.7289,-0.533629,-0.102673
0,10,3.0639,19.5315,-0.168333,-0.1733
0,10,2.68484,19.3836,-0.117493,-0.102498
0,10,1.55151,16.464,-0.0428466,-0.324483
0,10,3.38984,17.2467,-0.207687,-0.278908
0,10,3.37872,17.1366,-0.182176,-0.291592
0,10,1.78532,17.4027,-0.144501,-0.271545
0,10,1.6946,17.4423,-0.167686,-0.316917
0,10,1.641,17.358,-0.137458,-0.331599
0,10,1.92575,17.5765,-0.215403,-0.285973
0,10,4.61473,16.692,-0.337229,-0.324327
0,10,4.0638,17.2137,-0.262681,-0.253742
0,10,7.7706,16.0956,-0.506747,-0.225742
0,10,8.22149,16.3641,-0.51616,-0.184194
0,10,10.6556,16.154,-0.629976,-0.0476424
0,10,11.2787,15.9352,-0.654787,0.0178193
0,10,11.3707,16.0682,-0.636121,0.0203599
0,10,11.7761,15.9882,-0.648324,0.0562745
0,10,11.7721,16.0866,-0.627526,0.0524905
0,10,12.1448,16.2627,-0.600921,0.103924
0,10,12.1434,16.1589,-0.619078,0.101984
0,10,12.5398,16.3843,-0.59611,0.138205
0,10,12.625,16.3086,-0.606254,0.13871
0,10,12.539,16.5012,-0.592823,0.142046
0,10,12.9774,16.4642,-0.604703,0.133584
0,10,12.9712,16.577,-0.595316,0.13692
0,10,13.433,16.373,-0.587888,0.122417
0,10,13.241,16.5719,-0.592235,0.116014
0,10,13.3331,16.6096,-0.59116,0.132119
0,10,13.5226,16.4408,-0.594563,0.126051
0,10,13.5433,16.5789,-0.589107,0.122968
0,10,13.4116,16.6629,-0.583083,0.12485
0,10,13.5066,16.6838,-0.581749,0.122405
0,10,13.4946,16.789,-0.574596,0.120697
0,10,13.5871,16.9177,-0.571064,0.11803
0,10,13.7031,17.0542,-0.574649,0.116948
0,10,13.8658,16.8885,-0.575799,0.0820861
0,10,13.8063,17.0369,-0.580859,0.0677994
0,10,13.8938,16.9841,-0.577031,0.0806264
0,10,13.5174,17.1126,-0.562384,0.12112
0,10,13.7373,17.1449,-0.561508,0.10265
0,10,13.843,17.1242,-0.570752,0.0602252
0,10,13.2254,17.2359,-0.566754,0.113025
0,10,13.2223,17.3328,-0.625357,0.116245
0,10,13.4325,17.1876,-0.554436,0.125722
0,10,13.5424,17.2093,-0.560541,0.126911
0,10,13.4345,17.2805,-0.592817,0.126452
0,10,13.5369,17.301,-0.59702,0.123939
0,10,13.8717,17.2097,-0.573489,0.0590179
0,10,13.4304,17.3783,-0.652853,0.120719
0,10,13.2899,17.615,-0.619698,0.132185
0,10,13.2593,17.52,-0.627591,0.130369
0,10,13.1803,17.5943,-0.620205,0.129
0,10,12.7393,17.6102,-0.615266,0.150732
0,10,13.071,17.5744,-0.61989,0.12234
0,10,12.7984,17.6823,-0.624508,0.154152
0,10,12.649,17.8191,-0.652451,0.147725
0,10,12.4718,17.7845,-0.641772,0.121244
0,10,12.4276,17.8894,-0.663431,0.115945
0,10,12.3092,17.9225,-0.674422,0.100368
0,10,12.1357,17.8962,-0.636694,0.0280966
0,10,12.3611,17.8245,-0.647402,0.105986
0,10,12.1964,17.9605,-0.682028,0.0746531
0,10,12.2449,17.8547,-0.642842,0.0765168
0,10,11.937,17.9079,-0.663891,0.0655532
0,10,11.6387,17.9537,-0.671,0.0793933
0,10,11.2261,18.0721,-0.675272,0.0419857
0,10,11.1358,18.4674,-0.811441,0.055177
0,10,11.1845,18.5517,-0.814477,0.0725893
0,10,10.8166,18.0078,-0.664441,-0.0359652
0,10,10.7954,18.7213,-0.785232,0.0140942
0,10,10.7417,18.6397,-0.785928,0.00809035
0,10,10.7967,18.5419,-0.790022,0.00628727
0,10,10.6969,19.1061,-0.736561,0.0594094
0,10,10.6413,19.0222,-0.723947,0.0362001
0,10,10.5755,18.7596,-0.746511,-0.0102893
0,10,10.5875,19.1185,-0.725974,0.0280482
0,10,10.0757,19.7583,-0.785645,-0.0280051
0,10,10.5322,19.2177,-0.741888,0.00697064
0,10,10.0107,19.847,-0.741116,-0.0103168
0,10,9.95776,19.7624,-0.768809,-0.0234264
0,10,9.77122,19.8536,-0.65084,-0.0293597
0,10,9.82589,19.7704,-0.706553,-0.0430673
0,10,9.48407,19.9403,-0.515597,-0.0545586
0,10,9.88969,19.6075,-0.706957,-0.0764475
0,10,9.09739,20.0287,-0.472495,-0.0379804
0,10,9.24117,19.7648,-0.668442,-0.0509288
0,10,9.0248,19.9464,-0.545204,-0.0385978
0,10,7.7904,20.308,-0.244329,0.000460254
0,10,6.8812,20.4073,-0.252851,-0.0109967
0,10,4.43662,19.0491,-0.423356,-0.117078
0,10,5.07728,18.9775,-0.542364,-0.101627
0,10,4.79004,18.2737,-0.400435,-0.172026
0,10,4.57076,18.4959,-0.470837,-0.165826
0,10,5.10514,18.1006,-0.359342,-0.145666
0,10,4.42147,18.5391,-0.49089,-0.183501
0,10,4.89208,18.3173,-0.41203,-0.167551
0,10,5.08828,18.2905,-0.401141,-0.162141
0,10,5.73034,18.4663,-0.540047,-0.113909
0,10,4.16918,19.5507,-0.283367,-0.125827
0,10,0.796072,16.3429,0.00740489,-0.269039
0,10,0.502313,16.4201,0.128702,-0.00785664
0,10,1.67158,17.2377,-0.116738,-0.297396
0,10,3.1682,17.5291,-0.244387,-0.278308
0,10,2.41733,17.496,-0.200634,-0.345995
0,10,2.97314,17.5057,-0.237912,-0.290967
0,10,2.65244,17.4538,-0.213512,-0.316658
0,10,2.54179,17.7448,-0.268775,-0.32177
0,10,1.68615,17.6194,-0.189242,-0.288017
0,10,3.66473,17.5668,-0.268799,-0.271944
0,10,6.0795,16.251,-0.492822,-0.265263
0,10,6.4635,16.2343,-0.496776,-0.250803
0,10,9.57267,16.4184,-0.583293,-0.126333
0,10,11.0565,15.8967,-0.650337,-0.00523136
0,10,11.275,16.0295,-0.639031,0.0194664
0,10,11.4689,16.0243,-0.638229,0.0376577
0,10,11.5746,15.9784,-0.638871,0.0437041
0,10,11.8751,16.0274,-0.637908,0.0693207
0,10,12.337,16.2154,-0.615585,0.123644
0,10,12.7973,16.2834,-0.605271,0.144775
0,10,12.615,16.1919,-0.607751,0.139986
0,10,12.7114,16.3472,-0.606658,0.139086
0,10,12.8002,16.3931,-0.60502,0.141722
0,10,13.1533,16.544,-0.602742,0.141806
0,10,13.62,16.3795,-0.583609,0.129703
0,10,13.5976,16.4912,-0.590765,0.121943
0,10,13.5335,16.3342,-0.582261,0.129462
0,10,13.818,16.4368,-0.57734,0.118311
0,10,13.6446,16.5933,-0.5873,0.118074
0,10,13.5986,16.6863,-0.578812,0.121608
0,10,13.5838,16.7987,-0.571176,0.121988
0,10,13.6698,16.8477,-0.569995,0.119124
0,10,13.8483,16.786,-0.547463,0.080859
0,10,13.7779,16.9421,-0.582669,0.0727924
0,10,13.9504,16.7778,-0.549031,0.0795533
0,10,14.0947,16.6616,-0.539783,0.10897
0,10,14.0493,16.7683,-0.544783,0.0877167
0,10,14.1494,16.7528,-0.535509,0.106045
0,10,13.9652,16.875,-0.575574,0.0821404
0,10,13.9951,16.9677,-0.569399,0.0774499
0,10,14.0682,16.8645,-0.574039,0.0888958
0,10,13.7621,17.2357,-0.568577,0.0996478
0,10,13.6384,17.3138,-0.596409,0.122332
0,10,13.9361,17.0748,-0.558979,0.0669224
0,10,13.6544,17.2207,-0.564477,0.123984
0,10,14.1066,16.9493,-0.560597,0.083889
0,10,14.0449,17.0479,-0.555336,0.0696719
0,10,13.7355,17.3319,-0.594017,0.0979521
0,10,13.4519,17.4854,-0.646109,0.120673
0,10,13.1054,17.6734,-0.621034,0.126183
0,10,13.215,17.6908,-0.623819,0.129181
0,10,13.0015,17.6568,-0.616439,0.130594
0,10,12.8789,17.928,-0.652491,0.150788
0,10,12.8206,17.8529,-0.660199,0.166603
0,10,12.7105,17.8866,-0.660121,0.157994
0,10,12.8775,17.7566,-0.656931,0.151097
0,10,12.5972,17.9238,-0.668261,0.139443
0,10,12.7626,17.7811,-0.6503,0.161422
0,10,12.2631,18.1975,-0.693559,0.0748677
0,10,12.5379,17.8534,-0.659199,0.13543
0,10,12.4869,17.9605,-0.677569,0.129609
0,10,12.2635,18.0253,-0.697525,0.0916445
0,10,12.374,17.99,-0.683133,0.103653
0,10,12.0289,17.9177,-0.637447,0.0179455
0,10,11.9888,18.0538,-0.650726,0.0403525
0,10,11.8364,18.1995,-0.691387,0.00226403
0,10,11.7053,18.0312,-0.70769,0.112464
0,10,11.3279,18.0285,-0.678899,0.0573694
0,10,11.374,17.9299,-0.678802,0.0291667
0,10,11.3247,18.4668,-0.779017,0.0481468
0,10,11.2371,18.4438,-0.800673,0.094864
0,10,10.9075,18.5232,-0.79533,0.0066822
0,10,11.0251,18.494,-0.804749,0.0188898
0,10,10.9524,18.2474,-0.739361,0.00996948
0,10,10.8524,18.6222,-0.792943,0.010451
0,10,10.6926,18.9216,-0.739922,0.0356776
0,10,10.7437,18.8245,-0.757281,0.0292466
0,10,10.5861,18.9381,-0.732084,0.023869
0,10,10.4674,19.2938,-0.746183,-0.00343312
0,10,10.5251,18.8579,-0.724289,-0.00706706
0,10,10.0996,19.5827,-0.731366,-0.0385473
0,10,9.88771,19.6969,-0.742173,-0.071523
0,10,9.65168,19.8584,-0.627716,-0.0873009
0,10,9.53332,19.8608,-0.613932,-0.10404
0,10,8.83003,20.1241,-0.504767,-0.0703112
0,10,8.78857,20.2109,-0.407209,-0.0379633
0,10,8.21647,20.2979,-0.318026,0.0152021
0,10,8.5631,20.213,-0.442516,-0.0269746
0,10,8.20859,20.2064,-0.477223,0.00591232
0,10,6.99649,20.4086,-0.261298,0.00187347
0,10,3.85867,19.2061,-0.355382,-0.138929
0,10,4.6187,18.9078,-0.488639,-0.132544
0,10,5.3005,18.0731,-0.379253,-0.170946
0,10,5.40801,18.0936,-0.40696,-0.146581
0,10,4.23762,18.5853,-0.464619,-0.21522
0,10,4.65957,18.4262,-0.473365,-0.187329
0,10,5.19537,18.3166,-0.407511,-0.135096
0,10,5.76132,18.6687,-0.529257,-0.0968779
0,10,4.92758,19.4295,-0.4399,-0.0571531
0,10,0.792123,16.9936,-0.0310357,-0.157407
0,10,3.72323,16.8735,-0.191945,-0.318044
0,10,3.80664,16.802,-0.208225,-0.327537
0,10,2.45241,17.3168,-0.136298,-0.360752
0,10,4.73878,16.4345,-0.378614,-0.354704
0,10,3.0633,17.5704,-0.249464,-0.287733
0,10,3.81121,16.9165,-0.206645,-0.303931
0,10,2.0687,17.4993,-0.178645,-0.33012
0,10,2.89807,17.9778,-0.365481,-0.28358
0,10,4.31228,16.8799,-0.270498,-0.271381
0,10,3.31301,17.8275,-0.322708,-0.268944
0,10,8.23415,16.1774,-0.536572,-0.203886
0,10,8.70373,16.2902,-0.557633,-0.176178
0,10,11.4014,15.8733,-0.651142,0.0323276
0,10,11.4952,15.9241,-0.646813,0.0457788
0,10,11.9618,16.0788,-0.631389,0.0698435
0,10,12.0489,16.1329,-0.617781,0.0740703
0,10,12.5359,16.2713,-0.607913,0.136118
0,10,13.071,16.3962,-0.601963,0.138625
0,10,13.0647,16.5033,-0.605029,0.135663
0,10,12.8921,16.3213,-0.603185,0.138719
0,10,12.8888,16.4305,-0.605853,0.138721
0,10,13.338,16.5127,-0.590896,0.133766
0,10,13.7123,16.4057,-0.578886,0.118945
0,10,13.8897,16.5056,-0.578624,0.117581
0,10,13.9914,16.4701,-0.558522,0.122753
0,10,13.6973,16.4994,-0.589439,0.117117
0,10,13.7848,16.5353,-0.587961,0.112711
0,10,13.7723,16.7231,-0.568847,0.0979902
0,10,13.6784,16.7406,-0.5793,0.115369
0,10,13.7627,16.8392,-0.566419,0.071398
0,10,13.6813,16.9555,-0.574139,0.116752
0,10,13.9948,16.6741,-0.551796,0.0895226
0,10,14.1999,16.6517,-0.536875,0.108706
0,10,14.2536,16.7379,-0.531022,0.104806
0,10,14.3635,16.7199,-0.527717,0.114399
0,10,14.3949,16.8041,-0.551209,0.118379
0,10,14.4486,16.8801,-0.531058,0.110044
0,10,14.2833,16.8242,-0.558859,0.108248
0,10,14.1732,16.8444,-0.565115,0.104716
0,10,14.6504,16.7895,-0.532268,0.109897
0,10,14.3798,16.9816,-0.52899,0.0978036
0,10,14.333,16.9026,-0.540643,0.10031
0,10,14.219,16.9245,-0.547609,0.0974258
0,10,14.0878,17.1286,-0.58824,0.0759476
0,10,13.9777,17.1528,-0.586803,0.0800321
0,10,13.527,17.4019,-0.649682,0.113327
0,10,13.4019,17.6367,-0.611725,0.141611
0,10,13.0015,17.7481,-0.655376,0.131704
0,10,13.3255,17.7117,-0.61456,0.128366
0,10,13.0935,17.9316,-0.635288,0.109081
0,10,12.9372,17.8287,-0.656276,0.140548
0,10,13.1235,17.7638,-0.651197,0.123288
0,10,12.9259,18.0133,-0.652301,0.14451
0,10,12.6724,18.1707,-0.685693,0.132689
0,10,12.9857,17.9193,-0.652264,0.128002
0,10,12.7704,17.9586,-0.66206,0.160996
0,10,12.4921,18.1302,-0.689149,0.11127
0,10,12.6609,17.9909,-0.674321,0.145888
0,10,12.5485,18.029,-0.684293,0.130174
0,10,12.3757,18.171,-0.703328,0.105412
0,10,12.4329,18.0633,-0.699202,0.118116
0,10,12.3247,18.0957,-0.703237,0.0913042
0,10,12.2079,18.1238,-0.71629,0.0841528
0,10,12.1436,18.0587,-0.694679,0.0641938
0,10,12.0725,17.9984,-0.67149,0.0236246
0,10,11.9147,18.0011,-0.667566,0.0402206
0,10,11.7865,18.2988,-0.693844,0.0141604
0,10,11.5029,18.0651,-0.736334,0.103774
0,10,11.763,18.1309,-0.687792,0.00209438
0,10,11.443,17.9948,-0.729872,0.0933937
0,10,11.287,18.1428,-0.705669,0.0737299
0,10,11.2308,18.2453,-0.756179,0.0654293
0,10,11.3424,18.2149,-0.764689,0.125502
0,10,11.0811,18.3917,-0.771124,0.0294401
0,10,11.1286,18.655,-0.797051,0.0420342
0,10,10.9052,18.8786,-0.783468,0.0301942
0,10,11.0808,18.5726,-0.826386,0.0399746
0,10,10.8049,18.9017,-0.765841,0.0561926
0,10,10.4228,19.3855,-0.776172,-0.0129954
0,10,10.4674,18.7749,-0.738775,-0.0158196
0,10,10.2065,19.3899,-0.757963,-0.0490224
0,10,9.95024,19.9313,-0.664817,0.0203917
0,10,9.89398,19.8457,-0.709228,0.00671151
0,10,9.60666,19.9429,-0.574238,-0.0773166
0,10,9.06306,20.1167,-0.484209,-0.049393
0,10,9.7551,19.6975,-0.690933,-0.0889823
0,10,8.31669,20.2967,-0.32496,0.00866192
0,10,8.71458,20.125,-0.488334,-0.0477735
0,10,8.01174,20.3025,-0.339265,0.028131
0,10,7.10937,20.4071,-0.223596,0.0185451
0,10,4.53819,19.0777,-0.429797,-0.106086
0,10,3.92293,19.4045,-0.312981,-0.114457
0,10,3.42884,18.9715,-0.310565,-0.223258
0,10,5.50424,18.3083,-0.506651,-0.123338
0,10,5.91976,18.4116,-0.568824,-0.121828
0,10,4.75349,18.4658,-0.499171,-0.196044
0,10,5.22126,18.4106,-0.457998,-0.10301
0,10,5.10647,18.3857,-0.419156,-0.15815
0,10,2.23482,17.3358,-0.123143,-0.378633
0,10,5.94041,18.6224,-0.526226,-0.11635
0,10,1.62634,18.415,-0.148194,-0.129503
0,10,5.46272,16.2255,-0.446609,-0.289363
0,10,1.46716,17.1154,-0.120757,-0.331199
0,10,2.87088,17.3753,-0.204385,-0.304521
0,10,2.11711,17.4073,-0.159306,-0.3546
0,10,2.21718,17.671,-0.231533,-0.340222
0,10,1.86329,17.6704,-0.21002,-0.277884
0,10,4.14111,17.1453,-0.259384,-0.252279
0,10,10.4577,16.1679,-0.635117,-0.061307
0,10,5.19305,16.4587,-0.439029,-0.317483
0,10,11.3808,15.964,-0.648167,0.0234657
0,10,10.967,16.0387,-0.639708,-0.0195095
0,10,11.9865,15.9819,-0.632351,0.0815384
0,10,12.2403,16.1811,-0.61767,0.116879
0,10,12.9821,16.3529,-0.604704,0.134859
0,10,13.1648,16.4383,-0.600176,0.146769
0,10,13.2538,16.4579,-0.59363,0.123439
0,10,13.6257,16.269,-0.579258,0.131539
0,10,13.5374,16.2269,-0.581367,0.132812
0,10,13.8179,16.244,-0.568735,0.128986
0,10,13.7174,16.3038,-0.578555,0.126143
0,10,13.8157,16.3436,-0.571325,0.121637
0,10,13.9239,16.3948,-0.568946,0.133681
0,10,13.9396,16.5834,-0.559732,0.0973745
0,10,13.8302,16.62,-0.578066,0.102688
0,10,13.7261,16.6353,-0.584317,0.112451
0,10,14.0894,16.4702,-0.552244,0.116668
0,10,13.8922,16.6872,-0.56186,0.0833176
0,10,14.1415,16.5644,-0.540062,0.112888
0,10,14.0382,16.5697,-0.545227,0.111578
0,10,14.3093,16.639,-0.532082,0.114497
0,10,14.4721,16.6969,-0.530239,0.118722
0,10,14.6662,16.6221,-0.535878,0.119065
0,10,14.7162,16.7057,-0.535725,0.117221
0,10,14.5077,16.7811,-0.542805,0.122959
0,10,14.7687,16.7947,-0.526798,0.11504
0,10,14.5634,16.853,-0.526337,0.110482
0,10,14.4888,16.9605,-0.526464,0.109663
0,10,14.596,16.9372,-0.528941,0.11505
0,10,14.1593,17.0258,-0.547757,0.0778485
0,10,13.9522,17.2592,-0.595646,0.100711
0,10,13.7213,17.433,-0.652579,0.0958644
0,10,13.8392,17.3094,-0.57281,0.0736814
0,10,13.6232,17.4132,-0.647957,0.115243
0,10,13.4838,17.5926,-0.63095,0.115964
0,10,13.4386,17.7322,-0.601056,0.139963
0,10,13.2411,17.7834,-0.635,0.118317
0,10,13.1666,17.8551,-0.640143,0.109339
0,10,13.2817,17.8749,-0.634374,0.111036
0,10,13.6966,17.777,-0.608502,0.0833706
0,10,12.8844,18.1193,-0.665317,0.154161
0,10,12.984,18.1079,-0.6634,0.119413
0,10,13.0319,18.0142,-0.643597,0.101565
0,10,12.5132,18.2926,-0.70091,0.108598
0,10,13.051,17.8337,-0.653349,0.122188
0,10,12.7803,18.1419,-0.677388,0.143091
0,10,12.8233,18.0363,-0.649443,0.151597
0,10,12.7171,18.0656,-0.662892,0.14054
0,10,12.1832,18.2666,-0.704256,0.0781603
0,10,12.3145,18.2742,-0.729895,0.0987933
0,10,12.0742,18.2968,-0.724595,0.0638848
0,10,11.9678,18.5082,-0.728599,0.0578767
0,10,11.9094,18.437,-0.723475,0.0481675
0,10,12.1249,18.1927,-0.702116,0.0877372
0,10,12.0129,18.2266,-0.712054,0.0431865
0,10,11.95,18.157,-0.696675,0.0223162
0,10,12.0599,18.1248,-0.690692,0.0576548
0,10,11.9015,18.2633,-0.705471,0.0208371
0,10,11.7388,18.4001,-0.701562,0.016975
0,10,11.8747,18.099,-0.689351,0.00325448
0,10,11.7209,18.2287,-0.679713,0.00947034
0,10,11.6631,18.1361,-0.729249,0.0840288
0,10,11.391,18.1006,-0.73034,0.113694
0,10,11.4251,18.4642,-0.755462,0.0449716
0,10,11.229,18.6574,-0.793604,0.0543883
0,10,11.2789,18.563,-0.798797,0.0432039
0,10,11.0178,18.6738,-0.800014,0.0338178
0,10,10.9104,18.6931,-0.79736,0.0306432
0,10,10.6858,19.2948,-0.723172,0.0394153
0,10,10.853,18.7953,-0.785898,0.0284987
0,10,10.6394,19.2038,-0.72936,0.0461949
0,10,10.1764,19.9315,-0.731194,0.00751765
0,10,10.5337,19.0348,-0.72256,0.019947
0,10,10.0165,19.6792,-0.778952,-0.0321976
0,10,9.13338,20.1979,-0.475494,-0.0586844
0,10,9.32733,20.0224,-0.4843,-0.0658687
0,10,9.17929,20.1142,-0.464358,-0.0466743
0,10,8.41821,20.2967,-0.357119,-0.00543919
0,10,7.53474,20.4016,-0.0839854,0.0175554
0,10,7.22055,20.4064,-0.166799,0.0254043
0,10,5.15511,18.6812,-0.589289,-0.109235
0,10,5.25979,18.9354,-0.559515,-0.0866575
0,10,4.81048,18.9802,-0.495229,-0.151774
0,10,5.58509,19.3451,-0.471981,-0.0762259
0,10,4.88148,18.2171,-0.396261,-0.170994
0,10,5.97359,18.8363,-0.564243,-0.103666
0,10,4.98426,18.263,-0.398306,-0.166291
0,10,5.745,18.5676,-0.513737,-0.104676
0,10,0.929274,16.7103,-0.0550522,-0.242078
0,10,3.18749,17.4314,-0.229452,-0.279757
0,10,1.13785,16.5955,-0.0443987,-0.299049
0,10,4.44324,16.4357,-0.327685,-0.339043
0,10,2.23194,17.4259,-0.173774,-0.370439
0,10,2.53796,17.4887,-0.209396,-0.334679
0,10,2.3861,17.5852,-0.229112,-0.341308
0,10,7.0302,16.1672,-0.507026,-0.233915
0,10,11.1671,15.9459,-0.649716,-0.00309685
0,10,11.7699,15.889,-0.640409,0.0527446
0,10,11.6292,15.8672,-0.662845,0.0482411
0,10,12.2645,16.0261,-0.612251,0.116459
0,10,12.3052,16.1086,-0.607921,0.126821
0,10,12.704,16.231,-0.606076,0.140028
0,10,13.1675,16.335,-0.602188,0.150109
0,10,12.891,16.2171,-0.604619,0.140101
0,10,13.3393,16.4001,-0.590951,0.135767
0,10,13.439,16.2731,-0.582956,0.125383
0,10,13.6344,16.1576,-0.576887,0.132624
0,10,13.7224,16.2006,-0.575705,0.131243
0,10,14.2495,16.3835,-0.544926,0.127792
0,10,14.3121,16.46,-0.538256,0.120357
0,10,14.1334,16.3831,-0.548735,0.124061
0,10,14.1987,16.4725,-0.545987,0.122536
0,10,14.3631,16.5404,-0.530818,0.117674
0,10,14.7287,16.3472,-0.532508,0.122209
0,10,14.2522,16.5569,-0.532842,0.115537
0,10,14.5557,16.4539,-0.535739,0.117234
0,10,14.4994,16.5503,-0.535812,0.111932
0,10,14.4199,16.6185,-0.529724,0.116725
0,10,14.6135,16.534,-0.53413,0.117186
0,10,14.5558,16.6287,-0.534578,0.113624
0,10,14.7784,16.6211,-0.538204,0.114078
0,10,14.5966,16.7139,-0.541032,0.117095
0,10,14.831,16.7161,-0.534213,0.112843
0,10,15.03,16.6965,-0.53808,0.107185
0,10,14.9277,16.7158,-0.53852,0.11111
0,10,14.8738,16.8226,-0.539028,0.121172
0,10,14.6915,16.8752,-0.531223,0.112995
0,10,14.2694,17.0031,-0.535491,0.0903615
0,10,14.0501,17.2285,-0.604401,0.076588
0,10,13.8218,17.4126,-0.64037,0.0639028
0,10,13.691,17.603,-0.613053,0.112032
0,10,13.6493,17.5161,-0.639138,0.122235
0,10,13.5487,17.5083,-0.637331,0.106161
0,10,13.5254,17.7019,-0.613978,0.117443
0,10,13.3579,17.803,-0.620495,0.115644
0,10,13.4829,17.8235,-0.595553,0.13415
0,10,13.5818,17.796,-0.603035,0.100911
0,10,14.1134,17.3206,-0.602528,0.0633334
0,10,13.9649,17.4549,-0.614296,0.0975598
0,10,13.9286,17.5721,-0.642515,0.0516292
0,10,13.4015,17.8896,-0.627601,0.108811
0,10,13.5259,17.9048,-0.606471,0.117765
0,10,13.1334,18.0359,-0.630624,0.102128
0,10,13.1988,17.9509,-0.633565,0.111607
0,10,12.6274,18.2673,-0.702469,0.127607
0,10,12.746,18.2391,-0.702542,0.143997
0,10,12.5592,18.1959,-0.694046,0.115739
0,10,12.3909,18.3257,-0.712622,0.0800006
0,10,12.4411,18.2299,-0.702988,0.100709
0,10,12.1932,18.4464,-0.749083,0.0951346
0,10,12.6094,18.0968,-0.674916,0.129772
0,10,12.2414,18.3476,-0.732384,0.100846
0,10,12.0829,18.4716,-0.732952,0.0626919
0,10,12.0204,18.4042,-0.73146,0.0583672
0,10,12.1339,18.3689,-0.727796,0.0653057
0,10,11.8567,18.5421,-0.728288,0.0482021
0,10,11.8618,18.7201,-0.729833,0.043199
0,10,11.8516,18.3655,-0.703737,0.0267414
0,10,11.9645,18.3327,-0.718511,0.040796
0,10,11.6866,18.5054,-0.715861,0.0135475
0,10,11.6725,18.3283,-0.689737,0.0170089
0,10,11.602,18.0564,-0.728238,0.0705727
0,10,11.6177,18.2391,-0.706719,0.0764302
0,10,11.3629,18.3704,-0.75378,0.0680757
0,10,11.323,18.673,-0.751777,-0.0246573
0,10,11.0752,18.7505,-0.790551,0.0361013
0,10,11.1306,18.8435,-0.789385,0.0521173
0,10,10.9692,18.5925,-0.810478,0.0280184
0,10,10.7979,19.0904,-0.737463,0.0675241
0,10,10.7504,19.0018,-0.737829,0.0602886
0,10,10.7845,19.306,-0.703769,0.0233708
0,10,10.2594,19.48,-0.763799,-0.0274812
0,10,10.123,19.8454,-0.754959,-0.012192
0,10,9.52109,20.1105,-0.472788,-0.0405589
0,10,10.3467,19.8399,-0.780739,0.0192086
0,10,9.29464,20.1089,-0.452085,-0.0497157
0,10,8.94646,20.1227,-0.502399,-0.0724965
0,10,9.1393,19.9412,-0.546155,-0.0384721
0,10,9.25351,19.94,-0.538365,-0.0492518
0,10,7.32749,20.4041,-0.121771,0.0226556
0,10,3.85323,19.4818,-0.292124,-0.115581
0,10,5.23418,18.6015,-0.603119,-0.0977741
0,10,5.25248,18.8264,-0.564097,-0.0964443
0,10,4.13386,18.4365,-0.445353,-0.225375
0,10,5.21786,18.1388,-0.385374,-0.149059
0,10,5.32682,18.1701,-0.428431,-0.149608
0,10,5.52593,18.4081,-0.524921,-0.110371
0,10,5.33351,18.439,-0.498837,-0.0564649
0,10,5.76207,19.1964,-0.579563,-0.101676
0,10,3.39087,16.9426,-0.154991,-0.314947
0,10,4.63938,16.4177,-0.362025,-0.362131
0,10,1.73496,17.5293,-0.179582,-0.31071
0,10,4.48383,16.8413,-0.301033,-0.29798
0,10,11.1745,15.8576,-0.653913,-0.00580073
0,10,11.535,15.8374,-0.664132,0.0410293
0,10,11.2941,15.8469,-0.654471,0.0212981
0,10,10.0182,16.3152,-0.612357,-0.0722633
0,10,11.8738,15.9302,-0.642375,0.074566
0,10,12.3971,16.051,-0.618144,0.122173
0,10,12.0753,16.035,-0.618862,0.0921971
0,10,12.6911,16.1155,-0.60955,0.141142
0,10,12.4467,16.2379,-0.611358,0.132722
0,10,12.9833,16.2399,-0.60408,0.13405
0,10,13.2605,16.3404,-0.597475,0.131768
0,10,13.0717,16.2892,-0.605429,0.141298
0,10,13.5452,16.1237,-0.577329,0.13653
0,10,13.9166,16.2982,-0.565709,0.137412
0,10,14.0215,16.3671,-0.562324,0.130436
0,10,14.3911,16.392,-0.546107,0.114366
0,10,14.4446,16.4728,-0.537796,0.111667
0,10,14.6149,16.3613,-0.539735,0.120848
0,10,14.5593,16.2825,-0.545654,0.122155
0,10,14.8351,16.3348,-0.52331,0.121825
0,10,14.7861,16.2464,-0.531518,0.133476
0,10,14.7788,16.4351,-0.530766,0.115842
0,10,14.6705,16.4431,-0.533461,0.116973
0,10,14.7238,16.5309,-0.536321,0.115711
0,10,14.8302,16.5233,-0.535276,0.110927
0,10,14.9795,16.6082,-0.539668,0.111423
0,10,14.8802,16.6161,-0.54081,0.108132
0,10,15.1868,16.6054,-0.527022,0.140042
0,10,15.1505,16.7084,-0.511804,0.121884
0,10,15.1725,16.8186,-0.527522,0.123724
0,10,14.9693,16.8059,-0.538519,0.104303
0,10,14.7066,16.969,-0.550707,0.12085
0,10,14.5082,17.0507,-0.565599,0.118991
0,10,14.1947,17.1109,-0.583768,0.0806942
0,10,13.9201,17.3686,-0.603401,0.106509
0,10,13.7454,17.6804,-0.585787,0.0987798
0,10,13.7645,17.5237,-0.645269,0.0776658
0,10,13.5822,17.6128,-0.629752,0.10723
0,10,13.6306,17.702,-0.604768,0.0880999
0,10,13.8133,17.7453,-0.59037,0.110694
0,10,13.8181,17.6004,-0.626836,0.0707389
0,10,14.0175,17.3404,-0.598932,0.0907475
0,10,14.0646,17.4328,-0.60451,0.076548
0,10,13.9901,17.6517,-0.622797,0.0335304
0,10,14.0263,17.5388,-0.608606,0.0786409
0,10,13.8823,17.6719,-0.623379,0.0689408
0,10,13.7526,17.8498,-0.549523,0.0588477
0,10,13.6365,17.8723,-0.583015,0.0782219
0,10,13.418,17.9766,-0.621434,0.0966331
0,10,13.3076,17.9654,-0.63208,0.104477
0,10,13.5217,18.0023,-0.620736,0.127927
0,10,12.9936,18.1979,-0.742053,0.146219
0,10,13.0888,18.1209,-0.698339,0.0882104
0,10,12.8647,18.2125,-0.71009,0.153471
0,10,12.6878,18.3367,-0.704974,0.133659
0,10,12.4552,18.3898,-0.719729,0.0939153
0,10,12.5706,18.3662,-0.71274,0.119402
0,10,12.3173,18.4054,-0.715051,0.0751227
0,10,12.1389,18.548,-0.748314,0.0910448
0,10,12.2077,18.6012,-0.713345,0.0427057
0,10,12.0795,18.6529,-0.756208,0.0923094
0,10,12.022,18.7608,-0.766037,0.0963909
0,10,12.03,18.574,-0.731019,0.0664442
0,10,11.8608,18.9041,-0.76174,0.0598236
0,10,11.9739,18.6791,-0.738553,0.0708944
0,10,11.913,18.6128,-0.727598,0.0515878
0,10,11.7971,18.4704,-0.713803,0.0275565
0,10,11.8033,18.6504,-0.732321,0.0421553
0,10,11.6292,18.4292,-0.707633,0.0171661
0,10,11.7473,18.5762,-0.722818,0.023444
0,10,11.2918,18.3198,-0.778534,0.10151
0,10,11.4506,18.1656,-0.730978,0.109238
0,10,10.9602,18.7768,-0.788325,0.0290687
0,10,11.0457,19.0318,-0.722527,0.0353697
0,10,10.9721,18.9419,-0.765913,0.0152078
0,10,10.8354,19.2147,-0.69557,0.0259051
0,10,10.7421,19.196,-0.716353,0.063118
0,10,10.8528,18.9888,-0.746179,0.0573688
0,10,10.5818,19.3067,-0.741795,0.00803001
0,10,10.4092,19.7493,-0.796331,0.0238223
0,10,10.3623,19.2942,-0.750431,-0.0274711
0,10,10.2324,20.0184,-0.68646,0.0309209
0,10,9.55829,20.0239,-0.505964,-0.0386101
0,10,9.67724,20.0271,-0.566142,-0.0370955
0,10,8.73879,20.3019,-0.286197,-0.059414
0,10,9.07444,19.8568,-0.592414,-0.0363877
0,10,7.43238,20.4034,-0.0993728,0.00651226
0,10,5.24575,18.7156,-0.589549,-0.10026
0,10,5.53156,18.9226,-0.569802,-0.115997
0,10,3.62614,19.0489,-0.336173,-0.189127
0,10,0.499951,17.2535,-0.0108819,-0.0228286
0,10,5.42254,18.3708,-0.504789,-0.0776352
0,10,5.38959,18.2778,-0.443061,-0.119358
0,10,2.42867,19.2637,-0.11497,-0.0742173
0,10,1.41808,16.528,-0.0545304,-0.310102
0,10,3.57308,17.0321,-0.189024,-0.29913
0,10,3.39549,17.3479,-0.227435,-0.273425
0,10,2.65043,17.7297,-0.278747,-0.303975
0,10,8.12109,16.2896,-0.509696,-0.196848
0,10,6.84176,16.1803,-0.507344,-0.264171
0,10,3.5623,17.5617,-0.277531,-0.261731
0,10,8.14404,16.1288,-0.531718,-0.198552
0,10,11.6576,15.7814,-0.658257,0.0486229
0,10,12.2572,15.9139,-0.636953,0.115684
0,10,12.1624,15.9685,-0.628083,0.118223
0,10,12.416,16.1434,-0.614252,0.128522
0,10,12.176,16.0692,-0.603051,0.114129
0,10,12.8921,16.1169,-0.608071,0.14115
0,10,12.79,16.1798,-0.605994,0.146171
0,10,13.4425,16.172,-0.581928,0.126538
0,10,13.8176,16.1389,-0.575179,0.13385
0,10,13.909,16.1899,-0.569648,0.137266
0,10,13.7273,16.0921,-0.582013,0.134758
0,10,14.0898,16.2941,-0.562671,0.133808
0,10,14.3315,16.3177,-0.553964,0.118418
0,10,14.5002,16.3724,-0.54224,0.118107
0,10,14.4419,16.2915,-0.550188,0.12158
0,10,14.6763,16.2672,-0.54209,0.128693
0,10,14.8852,16.4227,-0.523453,0.11367
0,10,14.9343,16.5125,-0.531761,0.111172
0,10,15.1519,16.3063,-0.497732,0.160947
0,10,15.0382,16.5166,-0.525057,0.124311
0,10,15.0911,16.4115,-0.50924,0.135678
0,10,15.1333,16.5084,-0.52044,0.135031
0,10,15.0893,16.6152,-0.532072,0.123808
0,10,15.4305,16.4439,-0.481369,0.20111
0,10,15.2937,16.5785,-0.516096,0.153182
0,10,15.0791,16.781,-0.523674,0.0939656
0,10,15.0648,16.8791,-0.549226,0.0853548
0,10,14.7981,16.8933,-0.544242,0.123108
0,10,14.7861,17.0152,-0.552256,0.121326
0,10,14.6112,17.0301,-0.571291,0.125451
0,10,14.2989,17.0899,-0.575743,0.0953343
0,10,14.1508,17.2144,-0.597106,0.0735258
0,10,14.3556,17.1752,-0.583342,0.0958657
0,10,14.461,17.1536,-0.575959,0.10572
0,10,13.8699,17.4942,-0.648632,0.0572849
0,10,14.253,17.1956,-0.592037,0.084651
0,10,14.3143,17.2794,-0.58905,0.0813139
0,10,14.4191,17.2549,-0.581025,0.0945573
0,10,14.2119,17.3014,-0.595945,0.0744396
0,10,14.1632,17.4112,-0.609993,0.0666748
0,10,14.3676,17.3621,-0.606933,0.0919701
0,10,14.2284,17.4928,-0.600937,0.0680451
0,10,14.1903,17.5993,-0.592554,0.06265
0,10,14.1263,17.5195,-0.598763,0.0655822
0,10,14.0867,17.6259,-0.598679,0.0607915
0,10,13.8623,17.8276,-0.539513,0.0968839
0,10,13.9407,17.7563,-0.594182,0.0328957
0,10,13.6205,17.9663,-0.629811,0.071437
0,10,13.7324,17.9401,-0.613265,0.0514017
0,10,13.3397,18.0599,-0.644501,0.098581
0,10,13.4478,18.0752,-0.654871,0.0946259
0,10,13.2343,18.0507,-0.637386,0.117637
0,10,13.135,18.1935,-0.711071,0.084241
0,10,12.803,18.3094,-0.695378,0.149209
0,10,12.917,18.2822,-0.688297,0.163529
0,10,12.3781,18.4725,-0.709124,0.0847737
0,10,12.4989,18.4685,-0.702924,0.0927965
0,10,12.2635,18.502,-0.718308,0.0534244
0,10,12.1536,18.6975,-0.716119,0.0272474
0,10,12.1015,18.7951,-0.709963,0.0145142
0,10,11.7578,18.9352,-0.755595,0.0259242
0,10,11.9617,18.8764,-0.762912,0.107636
0,10,11.814,18.8236,-0.741304,0.0318199
0,10,11.6372,18.9831,-0.758625,0.0220979
0,10,11.9222,18.7891,-0.751039,0.0787304
0,10,11.5286,18.6394,-0.72962,0.00829755
0,10,11.6977,18.6829,-0.73137,0.0172982
0,10,11.7493,18.7608,-0.740934,0.0287351
0,10,11.5127,18.2565,-0.716262,0.079168
0,10,11.5267,18.4485,-0.733418,0.0539466
0,10,11.556,18.158,-0.722197,0.0793695
0,10,11.5693,18.342,-0.720181,0.0717109
0,10,11.1817,18.7527,-0.796401,0.0512072
0,10,11.3761,18.5692,-0.769071,0.00993897
0,10,10.3663,19.4749,-0.781806,-0.0094326
0,10,11.0232,18.8439,-0.779883,0.0334272
0,10,10.6492,19.39,-0.812812,0.0361561
0,10,10.4568,19.8402,-0.767803,0.00370564
0,10,10.356,19.6615,-0.78579,0.0107796
0,10,10.1517,19.4854,-0.744503,-0.0452895
0,10,9.8389,19.9315,-0.637347,0.0249478
0,10,8.90179,20.2082,-0.436439,-0.046493
0,10,8.84331,20.3006,-0.255003,-0.0569351
0,10,8.1394,20.4008,0.00992793,-0.00369861
0,10,8.60066,20.1252,-0.474208,-0.0260067
0,10,5.33696,18.7503,-0.587601,-0.118999
0,10,5.43887,18.8923,-0.570345,-0.115161
0,10,5.17287,19.0076,-0.551285,-0.075804
0,10,3.57568,18.7356,-0.356968,-0.254452
0,10,2.91117,19.6186,-0.0800801,-0.090129
0,10,6.0514,18.7553,-0.546134,-0.10348
0,10,4.62954,16.3049,-0.384457,-0.372713
0,10,4.03041,16.5867,-0.234598,-0.342361
0,10,2.03605,17.5927,-0.205963,-0.321371
0,10,2.17504,17.5016,-0.178884,-0.363195
0,10,3.65686,16.9514,-0.183949,-0.305166
0,10,1.82144,17.5793,-0.221216,-0.267145
0,10,4.21366,16.8535,-0.258514,-0.271212
0,10,10.9644,15.8437,-0.653648,-0.0207605
0,10,11.7965,15.7148,-0.654931,0.069033
0,10,12.3468,15.9636,-0.628121,0.11937
0,10,12.5093,16.0658,-0.624564,0.136704
0,10,12.6662,15.9734,-0.628299,0.158318
0,10,12.5269,16.1553,-0.615938,0.142409
0,10,13.0799,16.0782,-0.599387,0.147955
0,10,13.1744,16.2348,-0.606924,0.15036
0,10,12.6185,16.0703,-0.626,0.151611
0,10,13.6422,16.0449,-0.581103,0.128329
0,10,13.0776,16.1853,-0.603764,0.142065
0,10,13.3444,16.2837,-0.588173,0.145667
0,10,13.9106,16.08,-0.575365,0.139626
0,10,14.0003,16.2506,-0.56634,0.136357
0,10,14.2048,16.2984,-0.553754,0.128939
0,10,14.3947,16.208,-0.559913,0.124418
0,10,14.8904,16.2378,-0.512432,0.13547
0,10,14.9435,16.3259,-0.512259,0.126163
0,10,14.9913,16.4178,-0.515397,0.125509
0,10,15.0478,16.3172,-0.507539,0.136949
0,10,15.1907,16.4016,-0.496813,0.156123
0,10,15.258,16.3118,-0.488815,0.173628
0,10,15.2333,16.5007,-0.512609,0.153964
0,10,15.3566,16.5001,-0.497107,0.175309
0,10,15.4293,16.5711,-0.484054,0.170067
0,10,15.2487,16.6871,-0.503879,0.134752
0,10,15.3549,16.6503,-0.496457,0.142883
0,10,14.8739,16.9497,-0.542217,0.11878
0,10,14.9595,16.9034,-0.544082,0.106267
0,10,14.6912,17.0854,-0.559812,0.106555
0,10,14.4036,17.0703,-0.571481,0.10181
0,10,14.5711,17.1327,-0.564031,0.126604
0,10,14.6505,17.1801,-0.547581,0.100195
0,10,14.7753,17.2268,-0.643693,0.13778
0,10,14.9458,17.236,-0.618219,0.143564
0,10,14.5282,17.228,-0.573148,0.101955
0,10,14.6783,17.2636,-0.637936,0.141638
0,10,14.5792,17.3008,-0.621806,0.134247
0,10,14.4724,17.3353,-0.610162,0.10607
0,10,14.6465,17.3751,-0.606971,0.143373
0,10,14.7136,17.4462,-0.596927,0.138897
0,10,14.5422,17.4069,-0.606258,0.128412
0,10,14.2643,17.3879,-0.605077,0.07491
0,10,14.3317,17.4669,-0.599736,0.0849276
0,10,14.6073,17.4817,-0.597431,0.132379
0,10,14.2936,17.5722,-0.595706,0.0760653
0,10,14.2535,17.6781,-0.568197,0.0663105
0,10,13.9731,17.8445,-0.545818,0.0230602
0,10,14.043,17.7389,-0.581019,0.0180575
0,10,13.8473,17.9199,-0.608845,0.102477
0,10,13.8147,18.0112,-0.62434,0.0985156
0,10,13.6981,18.0331,-0.610244,0.0413953
0,10,13.4806,18.1549,-0.673828,0.105422
0,10,13.3505,18.1479,-0.66801,0.103254
0,10,13.5857,18.0765,-0.627368,0.095222
0,10,12.9513,18.3717,-0.670984,0.136984
0,10,13.0509,18.3743,-0.668149,0.0859772
0,10,13.0311,18.273,-0.668029,0.0942337
0,10,12.8457,18.3897,-0.691433,0.145351
0,10,12.6187,18.4384,-0.696479,0.118879
0,10,12.7333,18.4133,-0.692388,0.131452
0,10,12.6808,18.5098,-0.715546,0.129311
0,10,12.2143,18.7722,-0.719398,0.0518901
0,10,12.3242,18.5735,-0.719005,0.0688531
0,10,11.5774,19.0911,-0.761063,0.0111888
0,10,11.5277,19.3002,-0.759871,0.00601136
0,10,11.4761,19.1042,-0.763642,-0.00373668
0,10,11.4093,19.2108,-0.754413,0.00491659
0,10,11.5872,18.7159,-0.733896,0.00408206
0,10,11.7013,18.8682,-0.748832,0.0192628
0,10,11.58,18.5354,-0.725612,0.014209
0,10,11.5356,18.8228,-0.738669,0.00423623
0,10,11.6368,18.6116,-0.722525,0.00586552
0,10,11.374,18.7622,-0.746984,-0.0100266
0,10,11.4126,18.2732,-0.73514,0.0805908
0,10,11.3155,18.8641,-0.73521,-0.0278605
0,10,11.4685,18.3631,-0.735897,0.0630997
0,10,11.0773,18.9373,-0.765597,0.0537522
0,10,10.466,19.6579,-0.79802,0.0252887
0,10,10.2464,19.6632,-0.781852,0.00225813
0,10,10.3127,19.3859,-0.767262,-0.0295294
0,10,10.2347,19.8424,-0.766555,0.00773754
0,10,10.0637,19.934,-0.696373,-0.00258445
0,10,9.72314,19.9398,-0.605553,-0.0351901
0,10,9.01762,20.2025,-0.475173,-0.0546962
0,10,8.52345,20.2984,-0.395964,-0.0586513
0,10,7.63638,20.4018,-0.0733652,0.00425147
0,10,5.35586,18.9692,-0.562873,-0.103943
0,10,4.70101,19.28,-0.403304,-0.0839706
0,10,9.19188,15.83,-0.590644,-0.178264
0,10,5.309,18.343,-0.443652,-0.0899668
0,10,5.84641,18.5934,-0.524976,-0.109521
0,10,5.57982,16.181,-0.470633,-0.28573
0,10,5.39118,16.2822,-0.43555,-0.295347
0,10,2.96122,17.4187,-0.213076,-0.296141
0,10,4.13424,16.4189,-0.291249,-0.36717
0,10,1.96392,17.492,-0.182688,-0.289075
0,10,2.33045,17.6674,-0.242083,-0.347619
0,10,8.32971,16.25,-0.540745,-0.187896
0,10,11.6868,15.6901,-0.650934,0.0457461
0,10,11.3523,15.7679,-0.659451,0.0259819
0,10,8.21592,16.2636,-0.520127,-0.192858
0,10,11.9669,15.8852,-0.644687,0.0867555
0,10,11.8897,15.7408,-0.652003,0.0824862
0,10,12.4594,15.9681,-0.62369,0.127353
0,10,12.3168,15.8339,-0.631294,0.126133
0,10,12.4029,15.8776,-0.627646,0.126551
0,10,12.7879,16.0813,-0.613709,0.146624
0,10,12.5644,15.9761,-0.627079,0.141614
0,10,12.9894,16.1292,-0.605823,0.134618
0,10,13.8227,16.0301,-0.580914,0.139531
0,10,14.2953,16.2318,-0.561898,0.121417
0,10,14.5679,16.1109,-0.567479,0.130603
0,10,14.5067,16.2023,-0.558547,0.124757
0,10,14.943,16.1405,-0.51899,0.139
0,10,14.6246,16.1888,-0.555006,0.130874
0,10,14.9983,16.2285,-0.505059,0.131985
0,10,15.0491,16.1248,-0.513776,0.145626
0,10,15.3525,16.0595,-0.498813,0.217382
0,10,15.2924,16.4157,-0.48923,0.172214
0,10,15.3681,16.3569,-0.484312,0.188183
0,10,15.4624,16.3272,-0.472231,0.229934
0,10,15.5522,16.2718,-0.465924,0.257237
0,10,15.6954,16.4012,-0.440471,0.260563
0,10,15.5256,16.4034,-0.465778,0.236544
0,10,15.5121,16.5131,-0.463381,0.211227
0,10,15.2651,16.7769,-0.522095,0.140162
0,10,14.8646,17.0685,-0.540843,0.102987
0,10,14.7699,17.1309,-0.548263,0.112344
0,10,14.87,17.1737,-0.62339,0.144082
0,10,14.9622,17.1214,-0.62063,0.143824
0,10,15.0566,17.0769,-0.62869,0.13914
0,10,15.1492,17.0256,-0.618837,0.136192
0,10,15.1389,17.1373,-0.625805,0.133583
0,10,15.0413,17.1876,-0.617407,0.144581
0,10,14.85,17.2904,-0.626643,0.128614
0,10,14.7488,17.3381,-0.614637,0.134468
0,10,14.8192,17.402,-0.603511,0.129877
0,10,14.8884,17.4651,-0.596495,0.128152
0,10,14.7833,17.5124,-0.589961,0.133664
0,10,14.4363,17.439,-0.60038,0.102432
0,10,14.7459,17.6199,-0.579829,0.132249
0,10,14.8181,17.683,-0.573122,0.130885
0,10,15.0294,17.5892,-0.581593,0.120136
0,10,14.9966,17.6987,-0.569842,0.120545
0,10,14.7108,17.7264,-0.569156,0.128152
0,10,14.8888,17.7472,-0.566285,0.128307
0,10,14.3597,17.6484,-0.576723,0.0870429
0,10,14.7832,17.7901,-0.56317,0.131299
0,10,13.945,17.9427,-0.575522,-0.0016605
0,10,14.3981,17.5441,-0.59691,0.0945674
0,10,14.0513,17.9014,-0.549103,0.0669362
0,10,14.1474,17.7046,-0.566647,0.0510563
0,10,13.5843,18.1617,-0.698703,0.116867
0,10,13.6928,18.1213,-0.704753,0.0539804
0,10,13.1327,18.284,-0.662171,0.0844078
0,10,13.2714,18.2125,-0.667795,0.082088
0,10,13.2191,18.1389,-0.696982,0.11053
0,10,12.6161,18.6093,-0.725235,0.116838
0,10,12.4963,18.8016,-0.745703,0.108183
0,10,12.563,18.5352,-0.720266,0.109144
0,10,12.385,18.8214,-0.739581,0.0929306
0,10,12.4964,18.6233,-0.725716,0.101157
0,10,12.3807,18.6513,-0.724637,0.0799069
0,10,12.4338,18.5531,-0.715425,0.0870308
0,10,12.441,18.7231,-0.733575,0.0941688
0,10,11.7155,19.0284,-0.754191,0.0239274
0,10,11.8307,19.0099,-0.76952,0.0608092
0,10,11.3516,19.3886,-0.77451,0.0354174
0,10,11.31,19.308,-0.714531,0.00452287
0,10,11.4871,18.9209,-0.742087,-0.00187738
0,10,11.6435,18.7909,-0.744142,0.0102013
0,10,11.3751,18.944,-0.737927,5.30319e-05
0,10,11.4755,18.5539,-0.749862,0.0351093
0,10,11.4235,18.66,-0.739077,0.0127569
0,10,11.3101,19.0488,-0.77046,0.0210584
0,10,11.0554,19.2051,-0.705374,0.0219343
0,10,11.2716,18.7753,-0.750461,-0.0364521
0,10,10.3135,19.5696,-0.772007,-0.00170545
0,10,10.5295,19.566,-0.802881,0.0326575
0,10,10.1883,19.7541,-0.790447,-0.0070257
0,10,9.85249,20.1118,-0.60814,0.0595509
0,10,10.2986,19.7519,-0.793049,0.00772822
0,10,9.36449,20.1973,-0.494491,-0.0553259
0,10,9.792,20.0223,-0.609616,0.0281542
0,10,8.63237,20.3015,-0.340973,-0.0809314
0,10,8.11558,20.3005,-0.320649,0.0135047
0,10,5.16047,18.7916,-0.566024,-0.0912911
0,10,5.45133,19.0015,-0.564791,-0.111665
0,10,5.1698,18.2171,-0.387762,-0.145053
0,10,6.96355,15.973,-0.505657,-0.248494
0,10,5.87644,18.8095,-0.563788,-0.116224
0,10,5.14463,18.4802,-0.484478,-0.122074
0,10,5.22265,16.2316,-0.439426,-0.316971
0,10,6.86937,16.0525,-0.525137,-0.259218
0,10,2.96382,17.6098,-0.250353,-0.282021
0,10,2.26609,17.5834,-0.227171,-0.352968
0,10,5.55844,16.4332,-0.439474,-0.281584
0,10,3.0229,17.9481,-0.326296,-0.281788
0,10,4.33649,16.7066,-0.296752,-0.301681
0,10,3.80552,17.3956,-0.264909,-0.252904
0,10,11.5572,15.7367,-0.652656,0.0456346
0,10,10.1109,16.2623,-0.617693,-0.0691227
0,10,8.0272,16.1094,-0.528611,-0.204026
0,10,11.9829,15.6935,-0.655988,0.0934705
0,10,11.7562,15.8034,-0.664767,0.0560952
0,10,12.4504,15.7893,-0.6356,0.128529
0,10,12.7519,15.9957,-0.622609,0.145701
0,10,13.5539,16.0193,-0.591221,0.143613
0,10,13.9984,16.135,-0.572719,0.137598
0,10,14.0835,16.1799,-0.568947,0.135052
0,10,14.1769,16.2111,-0.568059,0.135716
0,10,14.1714,16.1066,-0.57509,0.135175
0,10,14.455,16.116,-0.565892,0.124207
0,10,14.7347,16.1638,-0.550002,0.142944
0,10,15.101,16.2142,-0.502734,0.156145
0,10,15.2965,16.1729,-0.496466,0.186377
0,10,15.3423,16.2588,-0.484241,0.190495
0,10,15.4432,16.2303,-0.474079,0.230107
0,10,15.5323,16.1734,-0.478613,0.253869
0,10,15.6926,16.0438,-0.514295,0.242568
0,10,15.6387,16.2019,-0.481947,0.252681
0,10,15.7412,16.4814,-0.473863,0.293264
0,10,15.6113,16.3445,-0.455423,0.256283
0,10,15.3715,16.7425,-0.535491,0.156831
0,10,15.1534,16.9264,-0.548331,0.102627
0,10,14.9538,17.0177,-0.533926,0.103176
0,10,15.0464,16.9757,-0.53147,0.095959
0,10,15.2525,16.8831,-0.528202,0.137596
0,10,15.3504,16.9388,-0.602262,0.186821
0,10,15.4515,16.8788,-0.5686,0.195929
0,10,15.2486,16.9847,-0.622491,0.157004
0,10,15.2335,17.0897,-0.624397,0.15346
0,10,14.9222,17.3515,-0.614401,0.127197
0,10,15.02,17.3002,-0.608506,0.137603
0,10,15.1182,17.2489,-0.605234,0.130098
0,10,14.9903,17.4166,-0.604352,0.126979
0,10,14.8532,17.5752,-0.582429,0.130055
0,10,14.9578,17.529,-0.588298,0.126146
0,10,15.0615,17.4779,-0.593414,0.119471
0,10,15.1331,17.5393,-0.588624,0.124669
0,10,14.9241,17.6391,-0.578741,0.12812
0,10,15.2348,17.487,-0.585774,0.129079
0,10,15.3084,17.5459,-0.575803,0.129753
0,10,15.2791,17.6578,-0.571763,0.121994
0,10,15.1016,17.6503,-0.576629,0.122556
0,10,15.1746,17.7093,-0.568795,0.115475
0,10,14.6752,17.8314,-0.565531,0.119411
0,10,14.7497,17.8956,-0.557537,0.122713
0,10,14.6768,17.5525,-0.587322,0.137037
0,10,14.4254,17.7229,-0.585414,0.104191
0,10,14.3175,17.7524,-0.585383,0.0844467
0,10,14.5033,17.5133,-0.600457,0.11887
0,10,14.0292,18.0044,-0.631037,0.0595589
0,10,14.098,17.8108,-0.595261,0.0313885
0,10,13.8026,18.1022,-0.689707,0.105145
0,10,13.6022,18.271,-0.643499,0.128144
0,10,13.1518,18.3871,-0.681255,0.0945871
0,10,13.5016,18.2504,-0.649377,0.114626
0,10,12.7305,18.585,-0.726191,0.142523
0,10,12.7976,18.4861,-0.718889,0.148597
0,10,12.6679,18.6866,-0.741965,0.131325
0,10,11.9594,19.1181,-0.725009,0.00392193
0,10,12.5445,18.8825,-0.753906,0.117619
0,10,12.2687,18.8507,-0.741414,0.0768909
0,10,12.086,18.9721,-0.731024,0.00987233
0,10,12.2692,18.6727,-0.717192,0.0628548
0,10,12.1609,18.8738,-0.739378,0.0417013
0,10,11.932,18.9808,-0.774898,0.0914639
0,10,12.0471,18.8891,-0.744788,0.000923861
0,10,11.1635,19.4647,-0.793328,-0.0020991
0,10,11.4248,19.0201,-0.766134,0.00267606
0,10,11.5369,19.0026,-0.761483,0.00638714
0,10,11.2108,19.2794,-0.714357,0.0632214
0,10,11.4816,18.7436,-0.739502,0.00783421
0,10,10.9927,19.1227,-0.707504,0.0259529
0,10,11.2666,18.9666,-0.7123,-0.0242552
0,10,11.2138,18.8792,-0.728311,-0.0398326
0,10,10.9455,19.2151,-0.701729,0.0218204
0,10,10.5172,19.7497,-0.780492,0.0124147
0,10,10.5674,19.8396,-0.751789,-0.0144765
0,10,10.2064,19.5752,-0.752094,-0.0162748
0,10,9.90115,20.0215,-0.625299,0.0482168
0,10,10.6775,19.8384,-0.728862,-0.0186508
0,10,9.7442,20.1116,-0.563619,0.0413643
0,10,8.33293,20.3985,0.0192662,0.0096355
0,10,7.73816,20.4014,-0.058211,0.0275578
0,10,5.41674,18.6676,-0.593637,-0.114222
0,10,5.60942,18.838,-0.57626,-0.115022
0,10,4.26355,19.2,-0.387523,-0.138894
0,10,6.11729,18.5676,-0.546415,-0.126313
0,10,5.60954,18.3395,-0.527485,-0.127891
0,10,5.83326,18.491,-0.540914,-0.118509
0,10,3.17413,19.5493,-0.180489,-0.149315
0,10,5.85449,16.1879,-0.483959,-0.288141
0,10,3.05982,17.6733,-0.282221,-0.276002
0,10,2.1523,17.5915,-0.216779,-0.351935
0,10,4.11807,16.5245,-0.26107,-0.350285
0,10,5.58159,16.2718,-0.450362,-0.279447
0,10,2.87449,17.5531,-0.239946,-0.29766
0,10,2.42564,17.7516,-0.263351,-0.331363
0,10,3.89069,17.3385,-0.254924,-0.242219
0,10,11.0833,15.8052,-0.660711,-0.00369241
0,10,11.8686,15.8306,-0.64925,0.0734768
0,10,12.0741,15.9242,-0.632624,0.0995333
0,10,12.6186,15.8783,-0.623126,0.152473
0,10,13.2683,16.2214,-0.602512,0.145394
0,10,14.0008,16.0219,-0.579942,0.136532
0,10,14.0867,16.0645,-0.577956,0.134917
0,10,13.4513,16.0712,-0.589586,0.134032
0,10,14.3615,16.1043,-0.570423,0.131659
0,10,14.6741,16.0862,-0.564972,0.142683
0,10,14.7813,16.062,-0.553895,0.165713
0,10,15.1618,16.1254,-0.507728,0.175009
0,10,15.437,16.0046,-0.500804,0.239057
0,10,15.2099,16.2187,-0.496388,0.175001
0,10,15.3987,16.1458,-0.487653,0.226685
0,10,15.6379,15.9537,-0.538484,0.232616
0,10,15.6148,16.1036,-0.495191,0.246983
0,10,15.6909,16.2784,-0.468902,0.258804
0,10,15.7753,16.3327,-0.457453,0.264978
0,10,15.823,16.5387,-0.467744,0.295787
0,10,15.6087,16.4626,-0.44767,0.236873
0,10,15.4633,16.662,-0.506848,0.189922
0,10,15.3554,16.8405,-0.523312,0.166218
0,10,15.4629,16.7757,-0.539161,0.178325
0,10,15.5503,16.7066,-0.511741,0.227851
0,10,15.6418,16.6513,-0.493786,0.256873
0,10,15.7362,16.5967,-0.485947,0.275358
0,10,15.5525,16.8173,-0.561876,0.229794
0,10,15.4357,16.9887,-0.601859,0.18058
0,10,15.3346,17.0444,-0.617958,0.168817
0,10,15.217,17.2007,-0.612311,0.141108
0,10,15.1892,17.3138,-0.602311,0.137199
0,10,15.0898,17.3641,-0.599955,0.129694
0,10,15.1621,17.4263,-0.59207,0.130379
0,10,15.3649,17.3227,-0.590869,0.144988
0,10,15.4658,17.2684,-0.588774,0.161287
0,10,15.3371,17.4343,-0.585416,0.138962
0,10,15.4395,17.3805,-0.585995,0.152612
0,10,15.5414,17.3253,-0.582847,0.165569
0,10,15.2058,17.5989,-0.578547,0.118358
0,10,15.4107,17.4925,-0.572858,0.13963
0,10,15.1439,17.8184,-0.558966,0.112948
0,10,15.3537,17.7151,-0.564057,0.119259
0,10,15.0697,17.7597,-0.568337,0.124033
0,10,15.1111,17.9253,-0.545067,0.115474
0,10,14.9634,17.8059,-0.55876,0.123058
0,10,14.9303,17.9132,-0.544046,0.124969
0,10,14.856,17.8546,-0.553814,0.126407
0,10,14.7161,18.0019,-0.554339,0.112972
0,10,14.6398,17.6587,-0.581211,0.134039
0,10,14.8211,17.9611,-0.545257,0.118258
0,10,14.6424,17.9351,-0.561376,0.106367
0,10,14.5711,17.5876,-0.583403,0.123137
0,10,14.2074,17.7812,-0.585326,0.0673091
0,10,14.3879,17.8254,-0.584687,0.091898
0,10,13.6851,18.2211,-0.682807,0.0524812
0,10,13.7842,18.1994,-0.685292,0.0880648
0,10,12.9144,18.4657,-0.729691,0.147227
0,10,12.7812,18.6613,-0.737643,0.153942
0,10,13.3945,18.23,-0.656097,0.0974962
0,10,12.6064,18.7799,-0.747987,0.124517
0,10,12.4322,18.9018,-0.747701,0.105911
0,10,12.5507,18.7009,-0.735788,0.111329
0,10,12.3242,18.7508,-0.72681,0.0798424
0,10,11.9044,19.2109,-0.741925,0.00957446
0,10,11.843,19.3054,-0.741107,0.0253423
0,10,11.8108,19.2011,-0.763944,0.0564898
0,10,11.7082,19.2135,-0.770123,0.024055
0,10,12.0026,19.0263,-0.709422,0.0132691
0,10,11.7693,19.1122,-0.763025,0.0423809
0,10,11.2723,19.4581,-0.762299,0.0199926
0,10,11.4272,19.3004,-0.756117,0.0191067
0,10,11.2455,19.1445,-0.780595,0.0171117
0,10,11.1033,19.106,-0.698298,0.00894315
0,10,10.7601,19.3966,-0.83804,0.015817
0,10,10.4561,20.0161,-0.694534,-0.0164227
0,10,10.9338,19.0336,-0.724716,0.0218911
0,10,10.1305,20.1999,-0.624088,0.0457997
0,10,10.5298,19.39,-0.781254,0.00175715
0,10,10.6265,19.7485,-0.75446,0.00474705
0,10,10.289,19.9287,-0.750315,0.025689
0,10,10.0218,20.202,-0.617701,0.0781358
0,10,9.63081,20.1112,-0.478979,0.0153551
0,10,8.52427,20.3966,0.0112423,-0.0296464
0,10,7.84033,20.4016,-0.0426266,0.0101622
0,10,5.36747,19.0756,-0.554944,-0.100353
0,10,5.16542,18.9005,-0.551286,-0.0840009
0,10,3.86107,18.6359,-0.408482,-0.224934
0,10,7.93487,15.8704,-0.515351,-0.220146
0,10,5.48592,19.3139,-0.466307,-0.0776293
0,10,1.31695,18.2856,-0.107123,-0.0886386
0,10,3.47532,17.0925,-0.180377,-0.289512
0,10,1.06471,16.3458,-0.00831051,-0.317616
0,10,5.71395,18.3676,-0.543255,-0.129009
0,10,3.56341,16.923,-0.168735,-0.316379
0,10,3.58819,17.3619,-0.239083,-0.263051
0,10,4.54194,16.3901,-0.357767,-0.372002
0,10,2.30478,17.5014,-0.193214,-0.350025
0,10,8.3907,16.1895,-0.546993,-0.194255
0,10,12.0867,15.7189,-0.652865,0.108168
0,10,12.1823,15.8594,-0.637714,0.117756
0,10,12.9804,16.0252,-0.612513,0.144044
0,10,12.8354,15.8181,-0.623703,0.154327
0,10,13.1752,16.1346,-0.597037,0.151695
0,10,13.3494,16.164,-0.590017,0.162659
0,10,13.7334,15.9816,-0.580759,0.135463
0,10,14.2693,16.1404,-0.574079,0.126192
0,10,14.8778,15.9485,-0.534759,0.169515
0,10,14.7712,15.9692,-0.534207,0.167963
0,10,14.8411,16.1439,-0.534233,0.159038
0,10,14.8854,16.0418,-0.544843,0.167626
0,10,14.9833,16.0423,-0.532591,0.145735
0,10,15.411,15.9075,-0.519161,0.234858
0,10,15.4855,16.0895,-0.490698,0.246826
0,10,15.8421,15.9345,-0.544687,0.288701
0,10,15.7398,15.9428,-0.546019,0.258523
0,10,15.7809,16.2187,-0.487771,0.266902
0,10,15.8645,16.2808,-0.470997,0.276651
0,10,15.8248,16.4152,-0.479178,0.299954
0,10,15.5532,16.5966,-0.494597,0.233085
0,10,15.6496,16.5436,-0.49129,0.2632
0,10,15.7351,16.7035,-0.509254,0.274949
0,10,15.9035,16.4781,-0.464701,0.301415
0,10,15.9926,16.4314,-0.465659,0.286091
0,10,15.8293,16.6475,-0.49451,0.288518
0,10,15.5321,16.9301,-0.572648,0.212266
0,10,15.3154,17.151,-0.608213,0.154822
0,10,15.4166,17.0986,-0.604021,0.166245
0,10,15.2901,17.2636,-0.603733,0.143877
0,10,15.263,17.375,-0.590327,0.13454
0,10,15.3905,17.2104,-0.600089,0.157354
0,10,15.4913,17.1564,-0.597188,0.174829
0,10,15.591,17.1006,-0.588521,0.189293
0,10,15.6881,17.0423,-0.568223,0.216655
0,10,15.5669,17.2138,-0.583738,0.174075
0,10,15.6672,17.157,-0.579642,0.193731
0,10,15.6433,17.269,-0.579956,0.18404
0,10,15.5132,17.438,-0.569591,0.150939
0,10,15.6152,17.3821,-0.567635,0.166837
0,10,15.2493,17.7677,-0.563555,0.117447
0,10,15.4572,17.6603,-0.559044,0.13144
0,10,15.0784,18.0326,-0.524211,0.115128
0,10,15.3992,17.8822,-0.549727,0.113985
0,10,15.3224,17.826,-0.55449,0.113608
0,10,14.8633,18.1273,-0.536005,0.112444
0,10,15.2181,17.8769,-0.554406,0.116043
0,10,15.0043,17.9754,-0.540148,0.130162
0,10,14.8971,18.0185,-0.537618,0.119853
0,10,14.6862,18.1077,-0.561952,0.0968417
0,10,15.0362,17.8677,-0.554521,0.12692
0,10,14.6104,18.0395,-0.565028,0.084948
0,10,14.4957,17.7951,-0.576612,0.105506
0,10,14.5325,17.6927,-0.581663,0.114639
0,10,14.6038,17.763,-0.574807,0.123297
0,10,14.2454,17.9535,-0.614035,0.0685652
0,10,14.4659,17.6188,-0.583074,0.108012
0,10,14.132,17.9745,-0.599475,0.0736169
0,10,13.9163,18.0369,-0.627551,0.00561155
0,10,14.1698,17.8826,-0.592089,0.0461586
0,10,14.2783,17.8522,-0.586235,0.0806251
0,10,13.4389,18.3306,-0.691174,0.095573
0,10,13.5472,18.354,-0.698544,0.105985
0,10,12.721,18.7626,-0.743909,0.137878
0,10,12.8298,18.7419,-0.73483,0.154431
0,10,12.2646,19.0162,-0.757499,0.08138
0,10,12.322,18.9224,-0.743805,0.0828633
0,10,11.5682,19.3942,-0.751231,0.00421107
0,10,11.6778,19.3984,-0.75136,0.0256446
0,10,11.7433,19.3039,-0.759309,0.0311408
0,10,11.661,19.1205,-0.761379,0.0162807
0,10,11.8705,19.0929,-0.758057,0.0740879
0,10,11.5098,19.195,-0.765216,0.00091542
0,10,10.8148,19.4816,-0.816595,0.0176627
0,10,11.5998,18.8978,-0.742183,0.0161879
0,10,11.4264,18.8455,-0.743532,-0.00301196
0,10,11.195,19.0636,-0.735118,-0.0353093
0,10,10.635,19.567,-0.78924,0.0357498
0,10,10.4191,19.5692,-0.78509,0.0060116
0,10,10.8821,19.1247,-0.710442,0.0172891
0,10,10.5735,19.6588,-0.78504,0.023771
0,10,10.4011,19.9286,-0.752631,0.00734528
0,10,10.1341,19.6701,-0.780634,-0.0166073
0,10,9.96158,20.1112,-0.639354,0.0536003
0,10,9.40818,20.1118,-0.458927,-0.0483219
0,10,8.67628,20.2126,-0.407059,-0.0251525
0,10,5.01248,19.3525,-0.460759,-0.0452612
0,10,5.05798,18.6555,-0.584166,-0.144986
0,10,4.98543,19.0478,-0.526258,-0.0862279
0,10,6.03557,18.6505,-0.538905,-0.117376
0,10,5.81747,18.3917,-0.562621,-0.126922
0,10,3.39899,18.8625,-0.320973,-0.246667
0,10,5.99033,18.9374,-0.562824,-0.100041
0,10,4.00576,19.6102,-0.251758,-0.101407
0,10,5.93323,18.5121,-0.54427,-0.117837
0,10,4.8274,16.399,-0.393496,-0.341391
0,10,5.96809,16.1078,-0.489625,-0.291004
0,10,4.44683,16.7349,-0.312734,-0.304196
0,10,11.5986,15.6475,-0.655812,0.0517304
0,10,12.5139,15.8776,-0.624591,0.132403
0,10,12.0832,15.8269,-0.643316,0.105117
0,10,12.878,16.0191,-0.620367,0.144929
0,10,12.7164,15.8633,-0.626817,0.155464
0,10,13.1804,16.0327,-0.597339,0.156816
0,10,13.2695,16.1035,-0.590962,0.156044
0,10,13.9179,15.9679,-0.586701,0.139869
0,10,13.6543,15.9279,-0.597672,0.141913
0,10,14.1802,15.9923,-0.578429,0.141738
0,10,14.5499,16.0217,-0.553965,0.128365
0,10,14.2642,16.0369,-0.570391,0.128683
0,10,15.0382,15.9681,-0.529949,0.160878
0,10,15.2534,16.083,-0.506313,0.185708
0,10,15.5192,15.9321,-0.523573,0.232478
0,10,15.7013,15.8501,-0.561386,0.245105
0,10,15.7921,16.0386,-0.513627,0.273619
0,10,15.7277,16.1435,-0.49733,0.254275
0,10,15.9151,16.3635,-0.494502,0.310696
0,10,15.9073,16.1862,-0.485191,0.284122
0,10,16.0136,16.175,-0.496264,0.317022
0,10,15.9732,16.2729,-0.488386,0.317857
0,10,16.085,16.2575,-0.480009,0.302668
0,10,16.0437,16.3453,-0.47325,0.296703
0,10,16.1368,16.3802,-0.471133,0.325337
0,10,15.9198,16.5893,-0.473469,0.302737
0,10,15.6433,16.7587,-0.533214,0.254387
0,10,15.9149,16.7,-0.484108,0.284661
0,10,15.7242,16.8152,-0.526114,0.254963
0,10,15.6303,16.8746,-0.553033,0.225825
0,10,15.5166,17.0424,-0.597781,0.190378
0,10,15.7121,16.9275,-0.55247,0.236369
0,10,15.7859,16.9855,-0.548983,0.235355
0,10,15.863,17.0426,-0.545034,0.235582
0,10,15.9758,16.871,-0.501943,0.254997
0,10,15.7646,17.0995,-0.558386,0.216752
0,10,15.844,17.1535,-0.560253,0.224997
0,10,15.7447,17.2117,-0.576239,0.200888
0,10,15.8178,17.2689,-0.556897,0.198336
0,10,15.7167,17.3256,-0.560833,0.182258
0,10,15.4851,17.5495,-0.565042,0.141506
0,10,15.3818,17.6044,-0.568536,0.12959
0,10,15.6627,17.5492,-0.547052,0.155221
0,10,15.4268,17.7727,-0.554097,0.11942
0,10,15.5292,17.7189,-0.548195,0.127734
0,10,15.1859,17.9845,-0.53668,0.117806
0,10,15.0422,18.1367,-0.518206,0.108502
0,10,14.8324,18.2368,-0.557972,0.101015
0,10,14.9673,18.0825,-0.530661,0.12404
0,10,14.7264,18.2824,-0.565188,0.0802729
0,10,14.6531,18.2131,-0.559946,0.080629
0,10,14.6261,18.3191,-0.589886,0.0690296
0,10,14.7893,18.0681,-0.54231,0.103781
0,10,14.7576,18.1765,-0.545695,0.0823853
0,10,14.5028,18.0698,-0.577656,0.0808286
0,10,14.4288,17.997,-0.590916,0.0832469
0,10,14.568,17.8662,-0.576155,0.113791
0,10,14.3523,17.9246,-0.596687,0.0886934
0,10,14.1096,18.0756,-0.635975,0.0558058
0,10,14.2133,18.049,-0.614533,0.0703289
0,10,14.0011,18.1029,-0.649358,0.0478503
0,10,13.9731,18.2073,-0.6518,0.0215907
0,10,13.7612,18.4072,-0.615394,0.0373461
0,10,13.732,18.3074,-0.668486,0.0647109
0,10,13.4668,18.4312,-0.69613,0.104184
0,10,13.6529,18.3668,-0.663756,0.096444
0,10,13.363,18.4087,-0.697928,0.0947361
0,10,12.8451,18.5621,-0.729418,0.160536
0,10,13.23,18.298,-0.672753,0.0842182
0,10,12.3779,19.0012,-0.76426,0.102697
0,10,12.653,18.8609,-0.753422,0.128828
0,10,11.7834,19.4011,-0.745889,0.0149124
0,10,11.8913,19.3987,-0.751763,0.0380735
0,10,11.135,19.6439,-0.72607,-0.0107714
0,10,11.6027,19.213,-0.768084,0.0134396
0,10,11.1979,19.5547,-0.736435,-0.020094
0,10,11.1043,19.3866,-0.828662,0.0465757
0,10,10.931,19.4768,-0.820519,0.0288011
0,10,10.8587,19.5666,-0.763001,0.0167329
0,10,10.9909,19.3913,-0.834442,0.0338589
0,10,11.16,18.9783,-0.706139,-0.0457269
0,10,10.8937,19.3062,-0.694733,0.0257514
0,10,10.5136,19.9286,-0.737098,-0.0162724
0,10,10.3449,20.1954,-0.561915,-0.0106539
0,10,9.95405,20.2959,-0.371522,0.0461733
0,10,10.0713,20.1113,-0.667737,0.0409788
0,10,9.25141,20.1946,-0.480504,-0.0601506
0,10,7.94222,20.4002,-0.0147905,0.0364202
0,10,5.54606,19.0336,-0.55813,-0.122367
0,10,4.86846,18.7006,-0.551807,-0.160496
0,10,5.2699,19.0415,-0.551019,-0.0833313
0,10,5.2859,19.2474,-0.478749,-0.0609878
0,10,3.35825,16.4133,-0.13549,-0.414258
0,10,5.07282,18.87,-0.550707,-0.106399
0,10,5.27681,18.2488,-0.398874,-0.116354
0,10,5.81216,19,-0.562645,-0.124522
0,10,7.18043,16.057,-0.492011,-0.230294
0,10,3.56828,17.1407,-0.199766,-0.280648
0,10,2.70392,17.8701,-0.325165,-0.290729
0,10,8.59523,16.2575,-0.544295,-0.19798
0,10,11.9896,15.7925,-0.646434,0.0935752
0,10,11.8372,15.6259,-0.655024,0.0777765
0,10,12.5583,15.7846,-0.632622,0.144643
0,10,12.2803,15.7551,-0.653415,0.128289
0,10,12.7981,15.9117,-0.620159,0.151743
0,10,12.6623,15.7757,-0.634406,0.152841
0,10,12.3825,15.7266,-0.652172,0.134559
0,10,13.4627,15.9676,-0.598257,0.139326
0,10,12.8679,15.7128,-0.638647,0.167872
0,10,13.8309,15.9241,-0.586341,0.136865
0,10,14.9615,15.9079,-0.542207,0.16012
0,10,15.1121,16.0441,-0.517466,0.170009
0,10,15.4904,15.8349,-0.545232,0.223836
0,10,15.6602,15.7537,-0.563598,0.229903
0,10,15.8953,16.0193,-0.517416,0.286385
0,10,15.8363,16.1247,-0.501819,0.279815
0,10,15.955,16.0901,-0.503916,0.296495
0,10,15.9974,15.9741,-0.527422,0.299264
0,10,16.1017,16.1356,-0.505804,0.311408
0,10,16.2022,16.1024,-0.512757,0.321921
0,10,16.3211,16.0879,-0.50685,0.326762
0,10,16.1696,16.2159,-0.479099,0.314294
0,10,16.0852,16.4698,-0.464071,0.307256
0,10,16.0035,16.5404,-0.473355,0.283082
0,10,15.9046,16.8098,-0.501163,0.270072
0,10,15.8199,16.7579,-0.502413,0.27165
0,10,15.6132,16.9854,-0.570497,0.211708
0,10,15.808,16.8681,-0.525931,0.256747
0,10,15.8809,16.9273,-0.52595,0.251977
0,10,16.0021,16.7532,-0.477524,0.265765
0,10,16.0713,16.8137,-0.486979,0.267736
0,10,16.2804,16.6239,-0.444096,0.307044
0,10,16.1551,16.8706,-0.506231,0.286977
0,10,15.9595,16.9848,-0.527722,0.244662
0,10,16.057,16.9262,-0.512896,0.266559
0,10,15.9439,17.0947,-0.546119,0.238774
0,10,15.7935,17.3804,-0.556762,0.19018
0,10,16.0429,17.0344,-0.533981,0.260332
0,10,15.6911,17.4371,-0.560463,0.170962
0,10,15.5881,17.494,-0.563652,0.157256
0,10,15.5599,17.6056,-0.55407,0.143606
0,10,15.6326,17.6624,-0.539279,0.138104
0,10,15.5028,17.8293,-0.549631,0.118988
0,10,15.2937,17.9349,-0.546283,0.109448
0,10,15.3683,17.9919,-0.539257,0.112082
0,10,15.154,18.0908,-0.516661,0.120939
0,10,14.9333,18.1927,-0.534177,0.109576
0,10,15.4124,18.1595,-0.503177,0.122846
0,10,15.1151,18.1945,-0.511207,0.108825
0,10,15.2301,18.1475,-0.499423,0.111528
0,10,14.5499,18.2442,-0.568516,0.0556728
0,10,14.67,18.3978,-0.575296,0.0613324
0,10,14.5797,18.1406,-0.566765,0.0742344
0,10,14.3973,18.0995,-0.595954,0.0614216
0,10,14.5367,17.9686,-0.580994,0.0942144
0,10,14.3232,18.0261,-0.60938,0.0662475
0,10,14.4609,17.8972,-0.586506,0.0934265
0,10,14.1836,18.1516,-0.623214,0.0520321
0,10,14.0765,18.1761,-0.628584,0.0416448
0,10,13.9428,18.3092,-0.641676,0.0297437
0,10,13.6674,18.4674,-0.665743,0.0471935
0,10,13.8652,18.2392,-0.619838,-0.00687943
0,10,13.4881,18.5311,-0.699982,0.092774
0,10,13.571,18.4536,-0.687612,0.0908201
0,10,13.3845,18.5069,-0.715892,0.0847419
0,10,13.8986,18.1358,-0.666015,-0.00777405
0,10,13.2743,18.4873,-0.729477,0.0862234
0,10,13.0313,18.4646,-0.750591,0.0914765
0,10,13.2577,18.3962,-0.691734,0.0934329
0,10,13.3341,18.3089,-0.6837,0.0885316
0,10,12.959,18.5468,-0.732383,0.146213
0,10,12.7622,18.8475,-0.749594,0.137063
0,10,12.1994,18.9546,-0.740578,0.0599833
0,10,11.3843,19.4815,-0.704299,0.00480767
0,10,11.6359,19.3072,-0.756373,0.0160358
0,10,11.4611,19.3943,-0.755751,0.0112355
0,10,11.3031,19.553,-0.711745,-0.00798263
0,10,11.0865,19.5585,-0.739356,0.00992187
0,10,11.3064,19.2114,-0.757081,-0.000970735
0,10,11.11,19.2953,-0.708314,0.0502933
0,10,10.6981,19.48,-0.810888,0.0443621
0,10,11.1584,19.1935,-0.734146,0.0403473
0,10,10.6831,19.657,-0.770148,0.0166908
0,10,10.5871,19.4735,-0.816599,0.044103
0,10,10.2383,20.198,-0.602165,0.0150049
0,10,10.0108,20.0218,-0.64352,0.0371192
0,10,8.94588,20.2978,-0.236171,-0.0617202
0,10,8.04086,20.399,0.0042873,0.000503602
0,10,4.95321,18.6263,-0.552694,-0.147057
0,10,5.32511,18.6366,-0.594872,-0.120131
0,10,4.97086,18.7267,-0.553024,-0.133127
0,10,5.18182,19.1116,-0.538542,-0.0709217
0,10,5.05993,16.1466,-0.434302,-0.332308
0,10,5.91191,19.0174,-0.572616,-0.11061
0,10,3.47787,16.9925,-0.166238,-0.308669
0,10,7.56268,16.0236,-0.499414,-0.246766
0,10,3.21912,17.6958,-0.291618,-0.267892
0,10,7.41584,16.1528,-0.485988,-0.24468
0,10,8.50095,16.2288,-0.546295,-0.183723
0,10,9.37892,16.3585,-0.566819,-0.135244
0,10,11.4507,15.7844,-0.66059,0.03225
0,10,12.2006,15.6666,-0.647382,0.118364
0,10,12.1775,15.7635,-0.647993,0.116206
0,10,11.9268,15.615,-0.654572,0.0832401
0,10,12.071,15.6272,-0.653986,0.110798
0,10,12.4266,15.6312,-0.652537,0.13803
0,10,12.9607,15.7317,-0.627573,0.152817
0,10,13.0798,15.9785,-0.603448,0.154467
0,10,14.6622,15.9963,-0.541698,0.14316
0,10,15.1425,15.9428,-0.529068,0.176019
0,10,15.3225,15.9631,-0.512003,0.219873
0,10,15.5616,16.0208,-0.510457,0.245035
0,10,15.9369,15.9016,-0.546934,0.296594
0,10,15.8068,15.8405,-0.561309,0.282853
0,10,15.9045,15.809,-0.564593,0.300581
0,10,16.0012,15.7788,-0.566315,0.294416
0,10,16.0519,16.0502,-0.517048,0.310564
0,10,16.0407,15.8662,-0.5561,0.301384
0,10,16.1504,16.0201,-0.523426,0.313276
0,10,16.2597,16.0095,-0.527747,0.331213
0,10,16.2001,16.3102,-0.487466,0.322477
0,10,16.1001,16.5838,-0.466604,0.295354
0,10,16.187,16.629,-0.446597,0.303201
0,10,16.0103,16.6479,-0.467837,0.281409
0,10,16.1026,16.6935,-0.455498,0.281752
0,10,16.2674,16.5227,-0.444825,0.308041
0,10,16.1656,16.7607,-0.466295,0.289509
0,10,16.3715,16.5625,-0.442222,0.299126
0,10,16.4923,16.5655,-0.450655,0.321423
0,10,16.353,16.7323,-0.440352,0.296242
0,10,16.2553,16.7199,-0.452217,0.302174
0,10,16.2551,16.8276,-0.484553,0.290863
0,10,16.2083,17.0391,-0.516473,0.28842
0,10,16.142,16.9759,-0.517066,0.282999
0,10,16.3091,16.9912,-0.525916,0.297492
0,10,16.1913,17.1497,-0.519386,0.284998
0,10,15.9166,17.2109,-0.540174,0.218212
0,10,15.7648,17.4933,-0.541274,0.168874
0,10,16.0149,17.1537,-0.536711,0.239782
0,10,15.7357,17.6062,-0.533351,0.15205
0,10,15.6064,17.7719,-0.543114,0.130317
0,10,15.6775,17.829,-0.532314,0.128376
0,10,15.4709,17.9418,-0.539391,0.111714
0,10,15.2612,18.0413,-0.526958,0.113974
0,10,15.4445,18.0516,-0.533441,0.10747
0,10,15.3384,18.0998,-0.514219,0.116035
0,10,15.5175,18.1074,-0.529751,0.118299
0,10,15.7775,18.1544,-0.529578,0.12149
0,10,15.6191,18.0539,-0.526687,0.107937
0,10,15.6984,18.1043,-0.513327,0.092383
0,10,15.1922,18.248,-0.499713,0.0995808
0,10,15.3075,18.2043,-0.484534,0.116038
0,10,14.7851,18.3517,-0.575957,0.0765075
0,10,14.8906,18.3076,-0.524199,0.0685859
0,10,14.2618,18.2256,-0.614778,0.0398972
0,10,14.3663,18.1977,-0.594917,0.0532036
0,10,13.8959,18.4057,-0.651682,0.00109942
0,10,14.0497,18.2782,-0.645522,0.0188151
0,10,13.8302,18.3342,-0.655302,-0.00931895
0,10,13.5874,18.5589,-0.692996,0.0704877
0,10,13.194,18.5635,-0.721505,0.0763372
0,10,13.6809,18.5757,-0.700361,0.0415161
0,10,14.0135,18.379,-0.622543,0.0176753
0,10,13.4094,18.6069,-0.7047,0.0780678
0,10,13.3032,18.581,-0.710957,0.0776405
0,10,13.0047,18.632,-0.722834,0.122749
0,10,13.1563,18.4756,-0.752321,0.094842
0,10,12.938,18.7272,-0.728568,0.141498
0,10,12.4319,19.0789,-0.774181,0.113224
0,10,12.8701,18.828,-0.740484,0.148726
0,10,12.6026,18.9613,-0.775003,0.131937
0,10,12.8933,18.6433,-0.733971,0.157293
0,10,12.49,18.9794,-0.766369,0.119789
0,10,12.137,19.0511,-0.761498,0.0452106
0,10,12.0117,19.212,-0.761537,0.0399895
0,10,11.4972,19.4844,-0.6902,-0.000297261
0,10,11.4688,19.6601,-0.67906,-0.0135625
0,10,11.0212,19.6468,-0.740308,0.0129614
0,10,11.2474,19.6438,-0.716697,-0.0337768
0,10,11.3687,19.117,-0.764766,0.00825732
0,10,10.7362,19.9249,-0.671954,-0.0306987
0,10,11.0019,19.3008,-0.697473,0.0280877
0,10,10.7462,19.5686,-0.766181,0.0259934
0,10,10.3432,20.0167,-0.687513,0.0239158
0,10,10.1546,20.2948,-0.276063,-0.000582321
0,10,10.1217,20.0216,-0.671133,0.0279708
0,10,9.14424,20.2907,-0.255149,-0.0547142
0,10,8.23662,20.3989,0.0124415,-0.000712147
0,10,5.56324,19.1424,-0.559627,-0.126334
0,10,4.70693,18.8258,-0.527419,-0.156348
0,10,4.42481,19.4161,-0.348636,-0.0886184
0,10,4.75149,18.1903,-0.362455,-0.200433
0,10,5.11334,19.3884,-0.455177,-0.0598992
0,10,1.37584,16.7601,-0.0703073,-0.301271
0,10,0.731864,17.5111,0.0125296,-0.0802499
0,10,4.99644,16.3441,-0.424397,-0.333869
0,10,3.33159,17.6419,-0.273417,-0.26466
0,10,4.50921,16.6585,-0.328984,-0.316908
0,10,9.19347,16.273,-0.567677,-0.158939
0,10,5.02928,16.5596,-0.386821,-0.300051
0,10,7.57176,16.1382,-0.50423,-0.24503
0,10,11.4825,15.6766,-0.659628,0.0388359
0,10,11.802,15.5259,-0.65038,0.075154
0,10,12.7644,15.7563,-0.639124,0.162187
0,10,13.3717,15.9375,-0.608242,0.162077
0,10,13.751,15.8684,-0.604775,0.141278
0,10,14.0941,15.9515,-0.579435,0.13575
0,10,15.0711,15.8612,-0.537993,0.172481
0,10,15.2633,15.8911,-0.525652,0.208674
0,10,15.5997,15.8609,-0.555361,0.216762
0,10,15.8703,15.7237,-0.559971,0.290734
0,10,15.5648,15.7627,-0.56419,0.208945
0,10,15.4321,15.7571,-0.560374,0.227157
0,10,15.7639,15.7539,-0.559819,0.271541
0,10,15.9877,15.6859,-0.590029,0.29396
0,10,16.1051,15.9311,-0.542266,0.311479
0,10,16.3166,15.9246,-0.542685,0.334848
0,10,16.4609,15.9626,-0.543994,0.316118
0,10,16.2672,16.1776,-0.48756,0.317443
0,10,16.1737,16.5085,-0.452686,0.324671
0,10,16.3458,16.4595,-0.441376,0.307902
0,10,16.4023,16.2871,-0.482081,0.32586
0,10,16.4784,16.2122,-0.47824,0.329242
0,10,16.3137,16.3653,-0.476427,0.318706
0,10,16.4237,16.384,-0.458008,0.313399
0,10,16.4511,16.4869,-0.433582,0.304975
0,10,16.3986,16.6493,-0.445522,0.303959
0,10,16.5005,16.668,-0.443795,0.324798
0,10,16.2452,16.9226,-0.512885,0.282506
0,10,16.4539,16.7577,-0.442967,0.317975
0,10,16.3528,16.8319,-0.480888,0.287197
0,10,16.469,16.8466,-0.50456,0.341931
0,10,16.3759,16.9177,-0.522281,0.304003
0,10,16.0934,17.2093,-0.525164,0.239821
0,10,16.1109,17.0962,-0.523177,0.256851
0,10,15.8666,17.4367,-0.528511,0.180512
0,10,15.8956,17.3232,-0.55437,0.203333
0,10,15.8403,17.5479,-0.529022,0.164523
0,10,15.7105,17.7152,-0.538804,0.146646
0,10,15.7817,17.7707,-0.516588,0.137964
0,10,15.5749,17.8854,-0.538445,0.117006
0,10,15.5491,17.9951,-0.539174,0.115717
0,10,15.6522,17.9396,-0.540474,0.121804
0,10,15.7229,17.9952,-0.515487,0.102703
0,10,15.803,18.0448,-0.516465,0.117258
0,10,15.9071,17.9845,-0.509348,0.106782
0,10,15.7683,18.2598,-0.565062,0.14061
0,10,15.6749,18.2124,-0.520456,0.103444
0,10,15.5711,18.2705,-0.484232,0.125053
0,10,15.3817,18.2679,-0.466296,0.126615
0,10,15.5941,18.1648,-0.514358,0.0943806
0,10,15.4625,18.3178,-0.473433,0.132741
0,10,15.4895,18.218,-0.489903,0.124013
0,10,15.1566,18.3558,-0.511795,0.0906299
0,10,15.0051,18.2451,-0.515672,0.100229
0,10,15.0822,18.2999,-0.51325,0.100914
0,10,14.3379,18.2996,-0.597709,0.0328675
0,10,14.4748,18.1719,-0.587161,0.0574388
0,10,14.2878,18.1241,-0.603798,0.0609333
0,10,13.8688,18.4916,-0.653587,-0.00102157
0,10,14.1542,18.2509,-0.625934,0.044526
0,10,14.2298,18.3249,-0.604897,0.0306965
0,10,13.7681,18.5017,-0.676293,0.0292539
0,10,13.6139,18.6649,-0.699371,0.0712662
0,10,13.3285,18.6804,-0.711599,0.0740118
0,10,13.2229,18.6596,-0.714237,0.0726008
0,10,13.1135,18.6388,-0.717811,0.0709402
0,10,13.0775,18.5458,-0.744672,0.0851557
0,10,12.5425,19.0589,-0.77478,0.132249
0,10,12.2394,19.1973,-0.767689,0.0734962
0,10,12.3593,19.1764,-0.770624,0.104415
0,10,12.1259,19.192,-0.753436,0.0779812
0,10,11.7562,19.5816,-0.695616,0.0488011
0,10,12.2079,19.111,-0.774803,0.0655244
0,10,12.3179,19.0981,-0.771803,0.0953126
0,10,11.6063,19.486,-0.691475,0.0124215
0,10,11.7145,19.4912,-0.687774,0.0263501
0,10,11.0691,19.9092,-0.636838,-0.0149864
0,10,11.1801,19.91,-0.640934,-0.0338442
0,10,10.8458,19.7426,-0.71776,0.0109647
0,10,10.7885,19.834,-0.710604,-0.00741315
0,10,11.2193,19.3756,-0.763225,0.0368894
0,10,10.2926,20.1066,-0.676844,0.0232219
0,10,10.1822,20.1093,-0.679889,0.0312194
0,10,10.0553,20.2956,-0.317212,0.0327306
0,10,9.5877,20.2023,-0.53317,-0.00898194
0,10,9.24118,20.2874,-0.285337,-0.0271491
0,10,8.42867,20.3974,0.0243436,0.00978564
0,10,5.46545,19.1094,-0.555222,-0.113763
0,10,5.51827,18.8108,-0.580237,-0.117363
0,10,4.71496,18.9338,-0.502844,-0.140601
0,10,5.35663,16.1579,-0.459359,-0.302033
0,10,1.54025,18.4686,-0.144457,-0.125255
0,10,3.61201,19.8259,-0.162898,-0.0761361
0,10,7.28903,15.9469,-0.503562,-0.262016
0,10,1.84096,17.4835,-0.157614,-0.27405
0,10,3.29178,17.3864,-0.230181,-0.272623
0,10,2.74796,17.7909,-0.314311,-0.294793
0,10,5.75733,16.2399,-0.463756,-0.290381
0,10,2.71018,17.9609,-0.354147,-0.280746
0,10,3.8686,17.2432,-0.23818,-0.255912
0,10,8.44026,16.2983,-0.550226,-0.19003
0,10,12.3696,15.5535,-0.657181,0.135018
0,10,13.0011,15.9202,-0.61314,0.156555
0,10,14.4511,16.0116,-0.559255,0.130441
0,10,14.0118,15.9069,-0.58817,0.143977
0,10,15.1773,15.846,-0.529397,0.188097
0,10,15.2208,15.9965,-0.520613,0.188422
0,10,15.2789,15.7804,-0.538296,0.205694
0,10,15.3572,15.8298,-0.541221,0.232354
0,10,15.688,15.6577,-0.574969,0.244407
0,10,15.8412,15.5571,-0.6129,0.268306
0,10,15.907,15.63,-0.600227,0.274866
0,10,16.0798,15.5374,-0.631053,0.291793
0,10,16.1023,15.7591,-0.577501,0.305707
0,10,16.2642,15.8307,-0.559016,0.324884
0,10,16.3812,16.01,-0.520271,0.33344
0,10,16.2294,16.4182,-0.465445,0.323505
0,10,16.3751,16.188,-0.488593,0.336499
0,10,16.3951,15.8765,-0.566332,0.318817
0,10,16.2939,16.2707,-0.491683,0.326664
0,10,16.5074,16.3153,-0.465157,0.319476
0,10,16.5568,16.1628,-0.493755,0.313963
0,10,16.5284,16.4171,-0.438418,0.312036
0,10,16.5913,16.4881,-0.456515,0.337924
0,10,16.5858,16.5914,-0.451164,0.33803
0,10,16.7798,16.4738,-0.425522,0.296534
0,10,16.5825,16.7124,-0.450657,0.346903
0,10,16.5646,16.8057,-0.495947,0.352453
0,10,16.7649,16.578,-0.43376,0.271025
0,10,16.8647,16.5374,-0.412849,0.295187
0,10,16.472,16.9552,-0.551742,0.354538
0,10,16.2901,17.0968,-0.519117,0.30372
0,10,15.9949,17.2663,-0.538664,0.229665
0,10,16.0709,17.3213,-0.519533,0.223366
0,10,15.9686,17.3802,-0.526102,0.199436
0,10,15.9452,17.4892,-0.52905,0.195734
0,10,15.9202,17.5965,-0.539273,0.198325
0,10,15.8844,17.7127,-0.50205,0.156497
0,10,15.7554,17.8802,-0.528323,0.124559
0,10,15.8261,17.9362,-0.511291,0.12029
0,10,15.9311,17.8779,-0.489136,0.11986
0,10,16.1171,17.867,-0.476192,0.132846
0,10,16.0128,17.9284,-0.491398,0.128915
0,10,15.8805,18.0964,-0.521194,0.11107
0,10,15.583,18.3642,-0.579475,0.157855
0,10,15.5395,18.4903,-0.567524,0.187785
0,10,15.4915,18.4078,-0.568225,0.181824
0,10,15.3413,18.3633,-0.501894,0.104848
0,10,15.192,18.5242,-0.590823,0.0972952
0,10,15.232,18.4117,-0.526367,0.0777181
0,10,15.0202,18.5209,-0.572468,0.095714
0,10,15.1234,18.4632,-0.54508,0.0858922
0,10,15.05,18.4068,-0.534234,0.10079
0,10,15.2657,18.3059,-0.489454,0.086489
0,10,14.8595,18.4134,-0.513565,0.0221642
0,10,14.9715,18.3478,-0.513173,0.0946205
0,10,14.7497,18.4495,-0.555607,0.056551
0,10,14.5218,18.3444,-0.584328,0.0531676
0,10,14.6259,18.4869,-0.590693,0.033133
0,10,14.2039,18.4243,-0.611265,0.0124053
0,10,13.9819,18.4721,-0.641758,-0.00321668
0,10,14.1243,18.3525,-0.626475,0.0184417
0,10,13.7775,18.6014,-0.695357,0.0194214
0,10,13.5099,18.6371,-0.697956,0.0855463
0,10,13.072,18.8267,-0.712059,0.087637
0,10,13.4318,18.7101,-0.703308,0.0703707
0,10,12.9734,18.8233,-0.720288,0.109304
0,10,13.0419,18.7244,-0.714885,0.0983667
0,10,12.7123,18.9429,-0.782536,0.136596
0,10,12.8276,18.9241,-0.795561,0.157857
0,10,12.0643,19.2906,-0.752594,0.0493098
0,10,12.171,19.2801,-0.755928,0.0884572
0,10,11.6424,19.5787,-0.684128,0.0153873
0,10,12.0027,19.3848,-0.762316,0.0401491
0,10,11.824,19.4907,-0.714607,0.032718
0,10,11.9479,19.3037,-0.755575,0.0281384
0,10,12.066,19.1192,-0.741411,0.0542733
0,10,11.2914,19.9136,-0.644851,-0.0551244
0,10,10.9582,19.7372,-0.711866,0.00924743
0,10,10.4746,19.4791,-0.79295,-0.00102108
0,10,10.8744,19.3952,-0.835474,0.0212164
0,10,9.91405,20.2029,-0.608994,0.0874278
0,10,10.2531,20.2945,-0.246202,-0.0315384
0,10,9.80546,20.2039,-0.594737,0.0908703
0,10,9.47779,20.1995,-0.509314,-0.0472222
0,10,9.33914,20.29,-0.333765,-0.00824857
0,10,8.6208,20.398,-0.0435375,-0.077181
0,10,5.06875,18.7599,-0.552033,-0.128673
0,10,5.427,18.7812,-0.586337,-0.115965
0,10,5.28084,19.1462,-0.541596,-0.0765757
0,10,6.89269,15.9667,-0.490476,-0.245541
0,10,0.70108,16.3583,-0.00187481,-0.258671
0,10,7.81056,15.9141,-0.513154,-0.243194
0,10,3.61609,16.8377,-0.179878,-0.321761
0,10,1.39465,18.3502,-0.11324,-0.11242
0,10,5.07795,16.302,-0.425476,-0.331482
0,10,2.95954,17.7083,-0.280172,-0.275253
0,10,2.45128,17.6641,-0.244591,-0.330145
0,10,2.56372,17.6532,-0.249352,-0.327916
0,10,12.5584,15.5949,-0.652269,0.147783
0,10,12.9327,15.8297,-0.61466,0.152114
0,10,13.5629,15.9154,-0.60189,0.144515
0,10,14.1922,15.8859,-0.576843,0.146341
0,10,14.8831,15.8311,-0.551748,0.165024
0,10,15.0777,15.7651,-0.555046,0.18186
0,10,15.1821,15.748,-0.547202,0.197634
0,10,15.501,15.6832,-0.579422,0.214072
0,10,15.3625,15.6971,-0.560092,0.216314
0,10,15.1255,15.666,-0.570461,0.198434
0,10,15.5907,15.6477,-0.581919,0.21839
0,10,16.074,15.6475,-0.605048,0.29471
0,10,16.182,15.451,-0.645713,0.30947
0,10,16.1555,15.8262,-0.566586,0.326008
0,10,16.3508,15.7825,-0.574262,0.319057
0,10,16.4578,15.7951,-0.568044,0.323322
0,10,16.5173,15.8834,-0.558261,0.317476
0,10,16.5688,15.9818,-0.539773,0.318014
0,10,16.4313,16.1075,-0.503255,0.338267
0,10,16.5098,16.0632,-0.522369,0.317568
0,10,16.5904,16.2686,-0.470277,0.318952
0,10,16.6907,16.2934,-0.468891,0.312898
0,10,16.6794,16.5047,-0.449594,0.283905
0,10,16.6198,16.3746,-0.45027,0.32063
0,10,16.8819,16.2931,-0.461415,0.299318
0,10,16.6742,16.6182,-0.442201,0.272477
0,10,16.8779,16.4271,-0.434091,0.295521
0,10,16.9786,16.2744,-0.464873,0.306453
0,10,16.9562,16.3756,-0.431314,0.302888
0,10,16.7821,16.6761,-0.477863,0.286383
0,10,16.681,16.7173,-0.468891,0.281993
0,10,16.4015,17.0354,-0.549184,0.339748
0,10,16.1566,17.3644,-0.537035,0.29693
0,10,16.1743,17.2595,-0.534893,0.283134
0,10,16.0515,17.4276,-0.537024,0.228522
0,10,15.815,17.6557,-0.53488,0.16581
0,10,15.9882,17.6548,-0.475129,0.162628
0,10,15.9634,17.763,-0.497027,0.145341
0,10,15.8599,17.8223,-0.515736,0.142853
0,10,16.1793,17.9312,-0.503275,0.162791
0,10,16.0827,17.9858,-0.499746,0.134158
0,10,15.8408,18.3163,-0.578542,0.111984
0,10,15.8659,18.2016,-0.551914,0.112514
0,10,15.6759,18.3144,-0.558531,0.136608
0,10,15.64,18.4417,-0.576837,0.143729
0,10,15.3869,18.5292,-0.678518,0.151591
0,10,15.2768,18.5793,-0.670589,0.145598
0,10,15.0563,18.7898,-0.725072,0.134863
0,10,15.1254,18.8539,-0.677442,0.107079
0,10,15.1121,18.9655,-0.717535,0.0907439
0,10,15.2951,18.4759,-0.588487,0.111014
0,10,15.3998,18.433,-0.564337,0.128427
0,10,14.6263,18.6725,-0.672667,0.0902678
0,10,14.7313,18.6487,-0.687779,0.0660769
0,10,14.8582,18.5139,-0.674727,0.0042595
0,10,14.659,18.5697,-0.703276,0.0747283
0,10,14.95,18.4535,-0.54576,0.10548
0,10,14.5548,18.5993,-0.680801,0.0606637
0,10,14.3109,18.3979,-0.596204,0.0235515
0,10,14.4422,18.2714,-0.578269,0.0441607
0,10,14.549,18.4292,-0.602486,0.0615796
0,10,14.3165,18.4869,-0.62955,0.025428
0,10,14.4182,18.373,-0.591598,0.0282004
0,10,13.8321,18.6864,-0.657281,-0.0201753
0,10,14.0938,18.4489,-0.61425,0.0146609
0,10,13.5379,18.7369,-0.69231,0.0795095
0,10,13.6474,18.7643,-0.678404,0.045117
0,10,12.8734,19.0066,-0.798526,0.168335
0,10,13.17,18.8419,-0.718516,0.0759735
0,10,12.7646,19.0217,-0.792421,0.15635
0,10,12.6999,19.1249,-0.780652,0.152044
0,10,12.5877,19.1394,-0.773997,0.140985
0,10,12.6547,19.0417,-0.782331,0.142718
0,10,12.2988,19.2695,-0.779653,0.0902532
0,10,12.474,19.1604,-0.771013,0.12002
0,10,11.6939,19.665,-0.676809,0.0390444
0,10,11.5695,19.8456,-0.636679,0.00149439
0,10,11.2362,19.8232,-0.67583,-0.0451025
0,10,11.0127,19.8228,-0.687823,-0.0010616
0,10,11.0708,19.7329,-0.707305,-0.00647419
0,10,10.9071,19.6529,-0.75149,0.0171565
0,10,10.4041,20.1038,-0.659869,0.00822482
0,10,10.7347,19.7463,-0.733139,0.00193297
0,10,10.5533,20.1924,-0.460395,-0.072079
0,10,9.74728,20.2939,-0.480386,0.104116
0,10,9.64499,20.293,-0.497514,0.0632104
0,10,9.43902,20.2898,-0.391104,-0.00910795
0,10,9.04575,20.2937,-0.234757,-0.0629399
0,10,4.89651,19.2269,-0.456137,-0.0866053
0,10,4.80816,19.3007,-0.436125,-0.0699655
0,10,4.64135,19.1127,-0.428504,-0.107605
0,10,5.8891,18.9148,-0.56153,-0.116838
0,10,2.5775,16.6864,-0.0652116,-0.366213
0,10,1.3309,16.6819,-0.0792826,-0.287742
0,10,1.42556,16.6378,-0.0804802,-0.308184
0,10,2.66639,17.3505,-0.177556,-0.319201
0,10,7.4395,15.966,-0.506575,-0.269115
0,10,2.62297,17.5471,-0.231386,-0.313503
0,10,4.15992,16.9431,-0.254159,-0.264237
0,10,12.1588,15.5857,-0.657578,0.116453
0,10,13.2781,15.9931,-0.598806,0.154584
0,10,14.1101,15.8382,-0.585596,0.14428
0,10,14.5799,15.9293,-0.544852,0.141904
0,10,14.3586,15.9954,-0.565652,0.137602
0,10,14.9821,15.8053,-0.550997,0.166305
0,10,14.7963,15.8709,-0.54303,0.168436
0,10,14.4724,15.913,-0.560537,0.139121
0,10,14.9435,15.7112,-0.560131,0.168688
0,10,15.2674,15.6744,-0.567683,0.204596
0,10,15.4473,15.6058,-0.593311,0.215252
0,10,15.7925,15.6548,-0.572863,0.284097
0,10,16.1682,15.6759,-0.600353,0.312955
0,10,16.1684,15.5707,-0.629417,0.310144
0,10,16.2058,15.9191,-0.540133,0.321314
0,10,16.6106,15.8608,-0.560029,0.321789
0,10,16.6584,15.958,-0.541791,0.318774
0,10,16.7245,15.881,-0.561414,0.305475
0,10,16.6167,16.0833,-0.51497,0.311381
0,10,16.6597,16.1896,-0.492865,0.314042
0,10,16.7716,15.9723,-0.542637,0.30152
0,10,16.7101,16.3997,-0.442892,0.30702
0,10,16.7804,16.2607,-0.474083,0.305797
0,10,16.8059,16.3599,-0.443704,0.296507
0,10,17.0406,16.1769,-0.480585,0.335128
0,10,17.1402,16.1493,-0.489744,0.330102
0,10,16.8453,16.1825,-0.493877,0.299468
0,10,17.0586,16.3481,-0.444298,0.322727
0,10,16.8764,16.6326,-0.466128,0.296545
0,10,16.56,16.9132,-0.537586,0.356403
0,10,16.3833,17.13,-0.528612,0.356835
0,10,16.2775,17.2003,-0.534529,0.306
0,10,16.3169,17.3714,-0.472707,0.263744
0,10,16.1261,17.4806,-0.533781,0.248596
0,10,16.0247,17.537,-0.53725,0.229272
0,10,16.0897,17.6,-0.447273,0.181035
0,10,16.0673,17.7082,-0.477142,0.162488
0,10,16.0339,17.8216,-0.478362,0.139334
0,10,16.2264,17.8083,-0.45869,0.177629
0,10,15.9411,18.2614,-0.564451,0.112155
0,10,15.9805,18.0412,-0.521379,0.119094
0,10,15.4348,18.6792,-0.634383,0.0833367
0,10,15.7373,18.3831,-0.61093,0.174972
0,10,15.4724,18.5587,-0.669426,0.0909753
0,10,15.1588,18.7407,-0.715047,0.136095
0,10,15.2564,18.6875,-0.69202,0.153619
0,10,15.2285,18.802,-0.670933,0.114846
0,10,15.333,18.7404,-0.652679,0.131246
0,10,15.2062,18.9091,-0.689967,0.113017
0,10,15.181,19.0276,-0.692693,0.0739632
0,10,14.988,19.1346,-0.730771,0.0376542
0,10,15.0296,18.9051,-0.714676,0.0924454
0,10,15.0802,19.0809,-0.701852,0.0651842
0,10,14.9711,18.7624,-0.694145,-0.00359988
0,10,15.1766,18.6303,-0.669533,0.144002
0,10,14.9334,18.5773,-0.68302,0.00292411
0,10,15.0897,18.5763,-0.584883,0.106608
0,10,14.6945,18.7521,-0.664583,0.0786581
0,10,14.5904,18.7722,-0.661954,0.100117
0,10,14.7572,18.5399,-0.700187,0.0747441
0,10,14.5083,18.521,-0.622109,0.0382284
0,10,14.5172,18.7022,-0.648049,0.0576253
0,10,14.4303,18.4605,-0.616992,0.033566
0,10,14.4498,18.6278,-0.671627,0.0461937
0,10,14.0942,18.5395,-0.655708,0.00819436
0,10,14.168,18.6128,-0.642318,-0.00316237
0,10,13.6343,18.857,-0.71535,0.0464329
0,10,14.2031,18.5148,-0.634072,0.0111134
0,10,13.715,18.6877,-0.686631,0.0225051
0,10,13.5382,18.8344,-0.704897,0.0770853
0,10,13.1445,18.7359,-0.717867,0.0648882
0,10,13.2453,18.7595,-0.722978,0.0748632
0,10,12.5319,19.2353,-0.778944,0.134335
0,10,12.6453,19.2189,-0.777156,0.151126
0,10,12.2293,19.3553,-0.758662,0.0984406
0,10,12.1134,19.3769,-0.775553,0.0734413
0,10,11.872,19.5766,-0.712126,0.0458031
0,10,11.5097,19.7523,-0.652849,-0.0195409
0,10,11.3542,19.6487,-0.698548,-0.0231649
0,10,11.4003,19.7415,-0.669897,-0.034709
0,10,10.9003,19.8282,-0.697309,0.00646936
0,10,11.0462,19.4748,-0.816031,0.0381935
0,10,10.9716,19.5634,-0.758806,0.0275554
0,10,10.7939,19.656,-0.754839,0.0171272
0,10,10.5172,20.1025,-0.653979,-0.0258688
0,10,10.6547,20.1907,-0.421279,-0.0916993
0,10,9.85179,20.2953,-0.441886,0.0576046
0,10,9.69662,20.2009,-0.555553,0.0835851
0,10,8.71915,20.3996,-0.0997588,-0.0574128
0,10,4.98389,18.9423,-0.539159,-0.0946405
0,10,5.34468,18.8613,-0.568816,-0.109174
0,10,4.32446,18.5136,-0.477638,-0.20476
0,10,5.18603,19.2127,-0.488549,-0.0525234
0,10,5.19927,19.3158,-0.466011,-0.0548247
0,10,7.12952,15.9572,-0.505263,-0.234594
0,10,2.85875,19.529,-0.0648741,-0.120029
0,10,4.34313,16.4109,-0.310095,-0.349018
0,10,3.83629,17.0337,-0.215661,-0.280461
0,10,2.81182,17.9251,-0.355984,-0.288897
0,10,12.3105,15.6531,-0.65012,0.129541
0,10,12.899,15.9306,-0.616006,0.147063
0,10,13.9266,15.8561,-0.5866,0.138264
0,10,13.4635,15.865,-0.616481,0.147352
0,10,14.283,15.9267,-0.569875,0.136634
0,10,14.0223,15.7985,-0.588126,0.143475
0,10,14.6903,15.9001,-0.536791,0.153416
0,10,14.2122,15.7773,-0.591982,0.156582
0,10,15.2034,15.6062,-0.584576,0.200256
0,10,15.0234,15.6682,-0.569175,0.164319
0,10,15.7353,15.5638,-0.590489,0.262197
0,10,15.5364,15.5498,-0.596532,0.219817
0,10,15.9926,15.5667,-0.621371,0.286417
0,10,16.2655,15.6177,-0.620526,0.301298
0,10,16.2382,15.7377,-0.605206,0.332066
0,10,16.554,15.7712,-0.576949,0.314626
0,10,16.6065,15.6955,-0.605459,0.302347
0,10,16.7035,16.054,-0.51655,0.315348
0,10,16.6744,15.7855,-0.592718,0.30573
0,10,16.8319,15.8731,-0.558134,0.301361
0,10,16.7423,16.1554,-0.498143,0.312044
0,10,16.8699,15.9745,-0.542424,0.304315
0,10,16.9365,16.1806,-0.493608,0.308956
0,10,16.9037,16.0766,-0.513949,0.303003
0,10,16.8076,16.0747,-0.516158,0.30073
0,10,16.7803,15.7869,-0.583297,0.314741
0,10,17.0026,16.0805,-0.506414,0.340747
0,10,17.0948,16.2557,-0.454787,0.333194
0,10,16.9591,16.4989,-0.413405,0.274457
0,10,16.6615,16.8182,-0.49429,0.298914
0,10,16.3644,17.2396,-0.547072,0.343402
0,10,16.2605,17.3041,-0.548227,0.315672
0,10,16.2935,17.489,-0.413788,0.216265
0,10,16.2218,17.4269,-0.486922,0.265586
0,10,16.1922,17.5459,-0.432478,0.182104
0,10,16.1697,17.6526,-0.447549,0.176242
0,10,16.141,17.7646,-0.457142,0.147529
0,10,16.2765,17.8806,-0.483655,0.196183
0,10,15.9662,18.1498,-0.534621,0.122034
0,10,16.0644,18.0922,-0.527683,0.119215
0,10,15.8244,18.4186,-0.614806,0.104866
0,10,15.7202,18.4901,-0.610619,0.208793
0,10,15.6147,18.5481,-0.570215,0.171828
0,10,15.4146,18.7901,-0.662091,0.106829
0,10,15.3597,18.6291,-0.687492,0.164515
0,10,15.3124,18.8458,-0.677475,0.12504
0,10,15.1513,19.2604,-0.682913,0.0459518
0,10,15.2689,19.0614,-0.682261,0.0885987
0,10,15.2321,19.3797,-0.662102,0.0848351
0,10,15.1668,19.1345,-0.680794,0.0593281
0,10,15.1419,19.381,-0.671751,0.0398257
0,10,15.0817,19.1912,-0.691071,0.0395169
0,10,14.9136,19.0908,-0.732125,0.0216047
0,10,14.9917,19.2395,-0.682884,0.0088885
0,10,15.0141,19.0142,-0.734498,0.083238
0,10,15.0782,18.6824,-0.699058,0.135619
0,10,14.9498,18.8714,-0.701537,0.0272825
0,10,14.9923,18.6499,-0.638825,-0.0142449
0,10,14.8301,18.6192,-0.671855,0.00780097
0,10,14.8958,18.6926,-0.647388,-0.00561014
0,10,14.5679,18.8667,-0.728104,0.107801
0,10,14.7964,18.7289,-0.64506,0.00220992
0,10,14.466,18.8949,-0.740602,0.0735786
0,10,14.4766,18.7982,-0.647786,0.0548597
0,10,13.9531,18.835,-0.671847,-0.018975
0,10,14.4052,18.7287,-0.645364,0.0318
0,10,14.3924,18.555,-0.630602,0.0190066
0,10,14.2798,18.5829,-0.63893,0.0187112
0,10,14.005,18.7352,-0.662965,-0.0166349
0,10,13.3634,18.8857,-0.705545,0.0493789
0,10,13.8822,18.5845,-0.681224,-0.0145493
0,10,13.4423,18.8095,-0.706488,0.0602948
0,10,13.0554,18.9219,-0.843191,0.0839386
0,10,13.3416,18.7811,-0.71993,0.0621506
0,10,12.8075,19.1073,-0.782901,0.160346
0,10,12.0439,19.4696,-0.748745,0.0595945
0,10,12.346,19.3499,-0.761944,0.0929533
0,10,11.9354,19.4827,-0.724167,0.0434248
0,10,11.5802,19.6635,-0.668094,0.00598585
0,10,11.5314,19.5738,-0.68524,0.00350184
0,10,11.6174,19.7545,-0.651289,0.0210218
0,10,11.4181,19.571,-0.693231,-0.0115229
0,10,11.0217,20.0002,-0.581767,-0.00994362
0,10,11.182,19.7322,-0.696657,-0.028121
0,10,11.2921,19.7375,-0.688724,-0.0447499
0,10,10.5698,20.0167,-0.689179,-0.0538828
0,10,10.8276,20.2907,-0.313491,-0.0729932
0,10,10.3503,20.2936,-0.224235,-0.0582855
0,10,9.28998,20.3945,-0.305709,0.0274931
0,10,8.81763,20.3995,-0.152654,-0.0566235
0,10,2.30921,19.11,-0.0908176,-0.0976878
0,10,5.69219,18.752,-0.57782,-0.106315
0,10,4.89067,19.0241,-0.520237,-0.124793
0,10,3.13437,19.4513,-0.166454,-0.169066
0,10,4.62617,19.0085,-0.46895,-0.114407
0,10,6.02458,18.5415,-0.537712,-0.127281
0,10,6.63846,15.9982,-0.526121,-0.251098
0,10,4.26352,16.4957,-0.289972,-0.334195
0,10,11.5635,15.5681,-0.668217,0.0511352
0,10,12.6025,15.6843,-0.645723,0.146478
0,10,11.7338,15.6101,-0.654283,0.0517579
0,10,13.1118,15.8758,-0.615632,0.157533
0,10,12.4836,15.5434,-0.65992,0.140235
0,10,13.6708,15.8173,-0.608926,0.142652
0,10,12.9043,15.6112,-0.655769,0.170913
0,10,13.3608,16.0501,-0.597945,0.16241
0,10,13.848,15.8085,-0.606253,0.153328
0,10,14.2962,15.8244,-0.573203,0.140629
0,10,14.3843,15.8863,-0.570218,0.143318
0,10,15.3525,15.5964,-0.596787,0.213349
0,10,15.9275,15.497,-0.625067,0.271288
0,10,16.2547,15.5154,-0.63693,0.304881
0,10,16.3293,15.6825,-0.634852,0.3204
0,10,16.3512,15.5309,-0.628732,0.305681
0,10,16.4364,15.7002,-0.621683,0.328969
0,10,16.5884,15.5791,-0.648477,0.321845
0,10,16.5565,15.4673,-0.668259,0.327505
0,10,16.7136,15.6921,-0.586724,0.319231
0,10,16.7517,15.4976,-0.656173,0.338746
0,10,16.8175,15.692,-0.578528,0.326088
0,10,16.6834,15.6008,-0.625735,0.331176
0,10,16.6564,15.495,-0.662149,0.340109
0,10,16.8733,15.5568,-0.631492,0.330727
0,10,16.9051,15.6589,-0.588486,0.324721
0,10,17.0565,15.9465,-0.535802,0.339339
0,10,17.0928,16.0579,-0.513992,0.326983
0,10,17.043,16.4498,-0.396091,0.31128
0,10,16.7657,16.7818,-0.493345,0.29515
0,10,16.4991,17.0554,-0.552964,0.357318
0,10,16.5896,17.0129,-0.547145,0.329411
0,10,16.4608,17.1799,-0.524922,0.341672
0,10,16.3921,17.4301,-0.416031,0.216414
0,10,16.2733,17.5951,-0.442162,0.212808
0,10,16.247,17.7068,-0.440741,0.194081
0,10,16.3693,17.8306,-0.483985,0.226492
0,10,16.3338,17.7477,-0.436449,0.204329
0,10,16.1431,18.1449,-0.52949,0.120391
0,10,16.0427,18.2053,-0.542277,0.118727
0,10,15.9272,18.3678,-0.5929,0.115852
0,10,15.7016,18.5954,-0.635403,0.244107
0,10,15.6229,18.6629,-0.700251,0.199294
0,10,15.533,18.6283,-0.659685,0.0905345
0,10,15.2392,19.2744,-0.686118,0.0863178
0,10,15.3675,19.0076,-0.664231,0.104804
0,10,15.8157,19.5177,-0.531409,0.186076
0,10,15.9183,19.6851,-0.505598,0.111109
0,10,15.7126,19.3733,-0.687172,0.195638
0,10,15.9914,19.8494,-0.392108,0.056498
0,10,15.4968,19.4377,-0.642429,0.120979
0,10,15.0678,19.3135,-0.675595,0.0457931
0,10,15.3224,19.4412,-0.634183,0.0809024
0,10,14.9718,19.3507,-0.654507,0.0209627
0,10,14.9569,19.4561,-0.659188,0.0285693
0,10,14.7569,19.4803,-0.704269,0.0643943
0,10,14.9025,19.2342,-0.691132,0.117346
0,10,14.882,19.3428,-0.675406,0.123871
0,10,14.9262,18.9855,-0.730636,0.0123292
0,10,14.7533,18.9388,-0.735593,-0.0050166
0,10,14.6777,18.8525,-0.730156,0.0927591
0,10,14.7759,18.8349,-0.705427,-0.00743313
0,10,14.4314,18.9979,-0.743628,0.0640644
0,10,14.2919,18.7611,-0.640311,0.0125951
0,10,14.365,18.8261,-0.637166,0.033541
0,10,13.9442,19.0105,-0.720829,-0.0349549
0,10,14.0646,18.8111,-0.659113,-0.0185747
0,10,14.2312,18.6853,-0.667941,0.0207337
0,10,13.8328,19.0305,-0.714182,-0.0347652
0,10,14.1179,18.7106,-0.654346,-0.00381817
0,10,14.3388,18.6578,-0.663761,0.025656
0,10,13.985,18.5626,-0.66362,-0.0138804
0,10,14.0558,18.6371,-0.651157,-0.00474465
0,10,12.9827,19.0022,-0.825782,0.129944
0,10,12.6304,19.3927,-0.763094,0.152882
0,10,12.9143,19.098,-0.774865,0.161237
0,10,12.9406,18.9156,-0.813122,0.114317
0,10,12.4139,19.2544,-0.773937,0.112149
0,10,11.988,19.5668,-0.731554,0.0730379
0,10,11.7841,19.8469,-0.637853,0.0590282
0,10,11.8284,19.7508,-0.653748,0.0645177
0,10,11.7237,19.7546,-0.650949,0.0447561
0,10,11.4032,19.9227,-0.65178,-0.0583516
0,10,11.1311,19.9988,-0.577477,-0.0195366
0,10,11.2409,20.0008,-0.581733,-0.0361949
0,10,11.1867,20.091,-0.509075,-0.0244156
0,10,10.9113,20.0051,-0.601482,-0.0225106
0,10,10.6849,20.0148,-0.675249,-0.0687756
0,10,10.8547,20.1876,-0.40025,-0.102378
0,10,10.4465,20.2932,-0.213152,-0.0670234
0,10,9.84738,20.3961,-0.154364,0.0217012
0,10,8.91546,20.3991,-0.194197,-0.0464036
0,10,5.38515,19.2802,-0.471919,-0.0719958
0,10,4.07293,19.249,-0.371753,-0.134119
0,10,3.57735,19.7114,-0.207027,-0.0834213
0,10,2.59195,17.0514,-0.118235,-0.368533
0,10,4.63974,19.4536,-0.399702,-0.0388691
0,10,6.48741,16.0646,-0.52192,-0.274944
0,10,3.53053,17.6653,-0.283699,-0.25243
0,10,6.76723,16.0395,-0.515877,-0.255878
0,10,6.75548,16.12,-0.519747,-0.253622
0,10,2.50286,17.5737,-0.235167,-0.333943
0,10,10.9478,15.9415,-0.644354,-0.0233456
0,10,3.2135,17.8669,-0.322213,-0.273502
0,10,12.2652,15.5694,-0.659502,0.125432
0,10,13.0595,15.7042,-0.634288,0.15228
0,10,12.3955,15.4574,-0.672104,0.135836
0,10,13.3723,15.8206,-0.622328,0.155511
0,10,15.2798,15.5382,-0.599554,0.201048
0,10,14.8491,15.7315,-0.559967,0.16603
0,10,15.6318,15.5508,-0.590093,0.230725
0,10,15.7168,15.468,-0.597213,0.249053
0,10,15.9985,15.4319,-0.643178,0.272407
0,10,16.4028,15.603,-0.642192,0.330897
0,10,16.2648,15.3882,-0.669875,0.295505
0,10,16.0771,15.3266,-0.680801,0.278752
0,10,16.4406,15.4618,-0.650466,0.309018
0,10,16.4306,15.3581,-0.690438,0.307407
0,10,16.5167,15.6515,-0.629964,0.329877
0,10,16.4885,15.5448,-0.657885,0.332225
0,10,16.7407,15.3832,-0.682884,0.35076
0,10,16.8322,15.4472,-0.664297,0.329422
0,10,16.7871,15.5906,-0.623201,0.330582
0,10,16.9707,15.9807,-0.530709,0.337153
0,10,16.9305,15.8781,-0.55264,0.331714
0,10,17.2029,16.0646,-0.5168,0.322396
0,10,17.2024,16.2348,-0.466611,0.333228
0,10,16.8668,16.739,-0.495834,0.300584
0,10,16.7579,16.8807,-0.538907,0.309267
0,10,16.6569,16.9193,-0.538789,0.305163
0,10,16.5525,17.1329,-0.516764,0.324064
0,10,16.4103,17.3137,-0.439254,0.269603
0,10,16.5082,17.256,-0.428571,0.284183
0,10,16.3755,17.5389,-0.420335,0.227727
0,10,16.4743,17.4754,-0.433779,0.274753
0,10,16.3538,17.6489,-0.432558,0.205542
0,10,16.169,18.039,-0.495706,0.155022
0,10,16.2675,17.9852,-0.496497,0.18044
0,10,16.5472,17.6293,-0.428923,0.290152
0,10,16.0252,18.3124,-0.577774,0.110733
0,10,15.3879,18.9022,-0.657863,0.107052
0,10,15.514,18.733,-0.674844,0.126847
0,10,15.2833,18.9563,-0.665305,0.102033
0,10,15.3479,19.1232,-0.682721,0.0879097
0,10,15.3272,19.3324,-0.674753,0.0897718
0,10,16.3693,19.5111,-0.535772,0.051504
0,10,15.7139,19.4642,-0.603894,0.170228
0,10,16.2728,19.6747,-0.464619,0.0433481
0,10,16.3646,19.616,-0.483573,0.0456216
0,10,15.8218,19.6348,-0.531582,0.118956
0,10,16.4755,19.8846,-0.391083,-0.0118563
0,10,15.414,19.3872,-0.647394,0.0987318
0,10,15.1381,19.4926,-0.632687,0.0179306
0,10,15.0505,19.4267,-0.670584,0.0548899
0,10,15.3136,19.5564,-0.603438,0.0811955
0,10,15.5901,19.4655,-0.64222,0.172588
0,10,14.9634,19.5593,-0.590613,0.0175826
0,10,15.2169,19.5914,-0.622302,0.0517803
0,10,14.8441,19.1604,-0.652458,0.090909
0,10,14.7724,19.0954,-0.634565,0.0689847
0,10,14.8741,18.8018,-0.681208,0.0216088
0,10,14.8519,18.9127,-0.718907,-0.00305289
0,10,14.362,18.9174,-0.745965,0.0536062
0,10,14.3287,19.0234,-0.74114,0.0479065
0,10,14.496,19.0774,-0.672403,0.0560844
0,10,14.015,19.0909,-0.734197,-0.0124493
0,10,14.2604,18.9427,-0.749633,0.0355383
0,10,14.178,18.7856,-0.649891,0.0110226
0,10,14.1568,18.9656,-0.739981,0.0118957
0,10,13.785,18.9523,-0.683493,-0.0472944
0,10,13.4886,19.0189,-0.703514,0.0426919
0,10,13.8397,18.8542,-0.691922,-0.0341929
0,10,13.8983,18.9324,-0.677241,-0.0444637
0,10,13.8883,18.7624,-0.656355,-0.0269664
0,10,13.9434,18.6643,-0.654488,-0.0291136
0,10,13.1586,18.9395,-0.83262,0.0425582
0,10,13.3826,19.0765,-0.746157,-0.0145016
0,10,12.8766,19.1893,-0.787711,0.153364
0,10,12.5794,19.3158,-0.752709,0.133784
0,10,12.052,19.6399,-0.702944,0.0695212
0,10,12.1656,19.452,-0.748904,0.0686554
0,10,11.8123,19.6614,-0.67896,0.0567328
0,10,11.932,19.7445,-0.655476,0.0703679
0,10,11.3491,19.8296,-0.663684,-0.0546606
0,10,11.4581,19.8377,-0.645384,-0.0380663
0,10,10.8467,19.9192,-0.650971,-0.0127056
0,10,11.3498,20.0072,-0.600527,-0.0388873
0,10,11.0525,20.1879,-0.421079,-0.0260229
0,10,10.7496,20.097,-0.652765,-0.076123
0,10,10.6246,19.928,-0.707039,-0.0375681
0,10,9.94239,20.3976,-0.138599,-0.0074665
0,10,9.01168,20.3975,-0.239646,-0.0488714
0,10,5.38044,19.1798,-0.544115,-0.0933042
0,10,5.35481,18.5418,-0.501598,-0.0732467
0,10,4.4545,19.1487,-0.410803,-0.106291
0,10,0.884139,17.8374,-0.0554422,-0.0680717
0,10,3.86222,16.6896,-0.204664,-0.353374
0,10,8.48244,15.9243,-0.556532,-0.199654
0,10,2.50874,19.3437,-0.110357,-0.07115
0,10,7.00951,16.06,-0.511025,-0.237202
0,10,4.96867,16.2397,-0.408969,-0.334579
0,10,4.19655,16.565,-0.279485,-0.324318
0,10,8.46287,16.1222,-0.547573,-0.190239
0,10,2.77069,17.5931,-0.238604,-0.300683
0,10,12.1866,15.379,-0.669827,0.109333
0,10,12.5024,15.6928,-0.647271,0.140442
0,10,14.1256,15.7323,-0.594646,0.143661
0,10,15.1592,15.516,-0.593085,0.192375
0,10,15.44,15.5035,-0.602076,0.21769
0,10,15.6159,15.445,-0.604035,0.236162
0,10,15.9023,15.3883,-0.640341,0.25603
0,10,15.8188,15.4622,-0.61296,0.250108
0,10,15.9815,15.3211,-0.669272,0.257436
0,10,16.0899,15.4355,-0.649686,0.291819
0,10,16.1721,15.3417,-0.687182,0.308457
0,10,16.5015,15.2735,-0.705541,0.318433
0,10,16.3449,15.4262,-0.665984,0.309831
0,10,16.5298,15.377,-0.682136,0.318465
0,10,16.6461,15.3937,-0.681638,0.336144
0,10,16.9208,15.446,-0.660772,0.354132
0,10,16.9978,15.6472,-0.586883,0.350976
0,10,16.9665,15.5421,-0.624706,0.348951
0,10,17.1087,15.8102,-0.567774,0.318485
0,10,17.1496,15.9706,-0.520827,0.325565
0,10,17.2547,16.1538,-0.49836,0.336084
0,10,17.1682,16.3366,-0.44189,0.340186
0,10,16.6539,17.0827,-0.516698,0.290972
0,10,16.6198,17.1951,-0.445557,0.268734
0,10,16.7243,17.148,-0.464913,0.2744
0,10,16.7823,17.0577,-0.504613,0.285619
0,10,16.6992,17.2518,-0.428641,0.275103
0,10,16.8024,17.2101,-0.441617,0.27755
0,10,16.4908,17.3654,-0.408982,0.262755
0,10,16.4584,17.5883,-0.425971,0.27028
0,10,16.5561,17.5216,-0.433792,0.277382
0,10,16.574,17.4079,-0.427217,0.288893
0,10,16.4427,17.6892,-0.436933,0.266633
0,10,16.2511,18.0917,-0.480975,0.165431
0,10,15.8139,18.5221,-0.625379,0.115995
0,10,15.537,19.0159,-0.655139,0.138442
0,10,15.4702,18.9521,-0.664422,0.125452
0,10,15.6111,19.3712,-0.684066,0.175475
0,10,15.4263,19.2823,-0.681878,0.10402
0,10,16.0107,19.4127,-0.605204,0.0736127
0,10,17.1077,19.66,-0.320004,0.0941995
0,10,16.465,19.776,-0.409852,0.0198414
0,10,16.3692,19.7225,-0.443014,0.0344683
0,10,16.4579,19.6671,-0.449897,0.0439209
0,10,15.8905,19.8069,-0.400325,0.0646274
0,10,15.8139,19.4189,-0.628973,0.200308
0,10,16.2867,19.8799,-0.407714,0.0484642
0,10,16.7481,19.7989,-0.32984,0.0585557
0,10,15.7402,19.5774,-0.584355,0.122631
0,10,15.6435,19.5374,-0.609805,0.157319
0,10,15.8264,19.7391,-0.492241,0.111349
0,10,15.5569,19.602,-0.59909,0.151647
0,10,15.2307,19.4867,-0.62287,0.0765801
0,10,14.8615,19.4504,-0.678775,0.0986915
0,10,15.0585,19.5373,-0.595379,0.0562827
0,10,14.6789,19.4124,-0.694733,0.0476074
0,10,14.8294,19.0176,-0.724259,-0.00560165
0,10,14.5351,18.9738,-0.740815,0.0875786
0,10,14.6375,18.9444,-0.729283,0.114014
0,10,14.5997,19.0522,-0.657546,0.071274
0,10,14.703,19.0228,-0.641437,0.0643869
0,10,14.4593,19.1818,-0.676341,0.0372088
0,10,14.2486,19.2282,-0.6984,0.0195342
0,10,14.2246,19.0466,-0.735202,0.0343963
0,10,14.3916,19.1029,-0.68093,0.0399429
0,10,14.0141,18.9085,-0.655622,-0.0362902
0,10,14.1299,18.8814,-0.647358,-0.0156644
0,10,13.6039,19.0325,-0.654557,0.0546463
0,10,13.8033,19.1267,-0.736341,-0.0161786
0,10,13.5623,18.9444,-0.68316,0.0895753
0,10,13.7349,18.8599,-0.710621,-0.013971
0,10,13.2643,18.8709,-0.71897,0.0710907
0,10,13.4629,18.9191,-0.691245,0.0568967
0,10,13.7675,18.7707,-0.662909,-0.013322
0,10,13.1814,19.035,-0.799117,0.0101591
0,10,12.4013,19.424,-0.76469,0.102403
0,10,12.7619,19.2033,-0.786025,0.163468
0,10,12.4651,19.3298,-0.761296,0.120728
0,10,12.0324,20.0142,-0.66658,0.0618881
0,10,11.9321,19.6532,-0.703088,0.0678554
0,10,12.1038,19.5437,-0.748588,0.0717507
0,10,11.4616,20.0143,-0.635722,-0.0176394
0,10,11.5156,19.9301,-0.662165,-0.0250794
0,10,11.0819,20.0903,-0.509767,-0.0222104
0,10,11.125,19.8202,-0.681863,-0.0215605
0,10,10.4497,20.1933,-0.512183,-0.0413724
0,10,9.56687,20.3944,-0.283809,0.040424
0,10,9.10598,20.3968,-0.272314,-0.0254997
0,10,4.13482,19.4491,-0.314082,-0.125982
0,10,4.41917,18.8478,-0.466463,-0.137999
0,10,3.73866,19.6558,-0.22014,-0.0978794
0,10,5.08285,19.0824,-0.538007,-0.0843089
0,10,4.37753,19.5919,-0.307566,-0.0754872
0,10,4.72464,19.0421,-0.46226,-0.128424
0,10,5.78288,19.3043,-0.587898,-0.0959135
0,10,5.82008,16.0844,-0.496371,-0.285844
0,10,1.43126,16.3305,-0.0386735,-0.320397
0,10,8.00332,16.0244,-0.535583,-0.207192
0,10,3.97961,17.2782,-0.263457,-0.255611
0,10,8.56588,16.1466,-0.558977,-0.20015
0,10,13.0333,15.8164,-0.619199,0.154974
0,10,12.0047,15.5505,-0.658114,0.10127
0,10,14.5674,15.8371,-0.560579,0.150923
0,10,13.5741,15.8172,-0.613985,0.150025
0,10,15.3527,15.4661,-0.607193,0.210559
0,10,15.0733,15.5718,-0.580437,0.181585
0,10,15.8049,15.3635,-0.63566,0.234883
0,10,15.5247,15.442,-0.608515,0.223324
0,10,15.892,15.2757,-0.675128,0.238358
0,10,16.0623,15.2287,-0.695778,0.25889
0,10,16.3571,15.3019,-0.70644,0.305973
0,10,16.5877,15.2012,-0.728365,0.330451
0,10,16.6054,15.3011,-0.697075,0.331992
0,10,16.8217,15.3351,-0.692018,0.33537
0,10,16.4347,15.2156,-0.729332,0.319863
0,10,16.6784,15.1701,-0.735825,0.344553
0,10,16.915,15.3301,-0.688792,0.359694
0,10,17.0236,15.8551,-0.553338,0.345413
0,10,17.2598,15.9779,-0.511613,0.330107
0,10,17.1712,15.8773,-0.563252,0.326504
0,10,17.3167,16.0558,-0.524469,0.346661
0,10,16.7127,16.9963,-0.533796,0.296996
0,10,17.3441,16.1656,-0.483591,0.331069
0,10,17.1423,16.4316,-0.396032,0.333567
0,10,16.8202,16.9503,-0.526712,0.308384
0,10,16.9765,16.598,-0.455509,0.29164
0,10,16.8515,17.1211,-0.47088,0.276787
0,10,16.5919,17.2975,-0.409918,0.275769
0,10,16.8744,17.2793,-0.439017,0.278637
0,10,16.6708,17.3582,-0.428898,0.283937
0,10,16.6391,17.5786,-0.445958,0.30028
0,10,16.3713,17.935,-0.473723,0.225056
0,10,15.9145,18.4744,-0.634723,0.114212
0,10,15.5922,18.7805,-0.662351,0.145249
0,10,15.4399,19.069,-0.658984,0.11172
0,10,15.2498,19.1706,-0.679459,0.086132
0,10,15.3402,19.2261,-0.685737,0.0945492
0,10,15.9152,19.4778,-0.551486,0.103741
0,10,16.1794,19.6288,-0.479252,0.0394701
0,10,16.4591,19.5603,-0.502858,0.0607074
0,10,17.2058,19.7044,-0.294748,0.0717128
0,10,16.7378,19.694,-0.366183,0.0835916
0,10,16.7641,19.9032,-0.320049,0.0405788
0,10,16.1761,19.7309,-0.429365,0.0529453
0,10,16.5593,19.8193,-0.372385,0.0127907
0,10,17.1182,19.7652,-0.282133,0.0825359
0,10,16.3759,19.8264,-0.413552,0.0257089
0,10,16.7891,20.0057,-0.330484,0.0277979
0,10,17.0189,19.7169,-0.308329,0.0975689
0,10,16.2758,19.777,-0.425815,0.0461178
0,10,15.2195,19.7052,-0.597255,0.0492474
0,10,15.4022,19.5016,-0.618373,0.0989288
0,10,15.4947,19.5424,-0.61195,0.132775
0,10,16.3922,19.9303,-0.398981,0.0121415
0,10,14.7038,19.3091,-0.678149,0.0550097
0,10,14.6464,19.5084,-0.703096,0.048038
0,10,14.803,19.2718,-0.679251,0.0933859
0,10,14.7369,19.2006,-0.656489,0.063487
0,10,14.6343,19.234,-0.666331,0.0417931
0,10,14.563,19.1566,-0.660801,0.0496468
0,10,14.6658,19.1295,-0.639556,0.0500749
0,10,14.3546,19.2049,-0.687476,0.0305674
0,10,14.2792,19.405,-0.696239,0.0176325
0,10,14.3165,19.3056,-0.694835,0.0201735
0,10,14.2859,19.1264,-0.686439,0.0316284
0,10,13.6994,19.6,-0.587873,-0.0140519
0,10,14.0738,19.1722,-0.70383,-0.0128994
0,10,14.2462,18.8542,-0.628991,0.00410635
0,10,13.7181,19.0415,-0.677149,0.0191847
0,10,13.8614,19.209,-0.719744,-0.0338019
0,10,13.6741,18.9563,-0.674056,0.0226605
0,10,13.2971,19.164,-0.754645,-0.024936
0,10,13.2689,18.9656,-0.788324,0.0325941
0,10,13.0796,19.0229,-0.810809,0.0696081
0,10,13.1032,19.1262,-0.758178,0.0537265
0,10,12.5142,19.4106,-0.751298,0.119056
0,10,13.0048,19.1152,-0.761885,0.111993
0,10,12.6953,19.2961,-0.756997,0.158576
0,10,12.8113,19.2824,-0.752929,0.155263
0,10,12.0717,19.9212,-0.653253,0.0827412
0,10,11.9632,19.9284,-0.658939,0.0757195
0,10,11.9951,19.834,-0.654935,0.0702749
0,10,11.6771,19.8475,-0.632002,0.0361672
0,10,11.4494,20.201,-0.499631,0.0159352
0,10,10.8652,20.0941,-0.601083,-0.078847
0,10,10.7327,20.2918,-0.276918,-0.0953939
0,10,10.5421,20.2932,-0.228849,-0.0891759
0,10,9.19872,20.3946,-0.29842,-0.0126679
0,10,5.62431,18.9505,-0.561779,-0.125109
0,10,5.71655,18.9786,-0.560132,-0.120142
0,10,3.34508,19.5258,-0.202164,-0.100412
0,10,4.59977,19.2604,-0.406956,-0.0860527
0,10,2.22464,16.7269,-0.0919837,-0.342494
0,10,4.88563,19.1254,-0.479251,-0.113605
0,10,3.95293,18.5692,-0.429202,-0.221028
0,10,3.67594,19.7429,-0.204495,-0.0912445
0,10,8.18697,15.9639,-0.551249,-0.208309
0,10,2.84601,17.8412,-0.323861,-0.286425
0,10,4.68281,16.6186,-0.349683,-0.328662
0,10,2.94122,17.8889,-0.338715,-0.264813
0,10,12.7047,15.6715,-0.648117,0.154021
0,10,12.6178,15.5106,-0.665843,0.148711
0,10,14.3091,15.7085,-0.596145,0.155009
0,10,13.1892,15.9333,-0.607681,0.158702
0,10,15.1258,15.4312,-0.60684,0.188045
0,10,15.7047,15.3681,-0.623151,0.246983
0,10,15.24,15.4444,-0.606781,0.189556
0,10,15.9629,15.206,-0.693447,0.249397
0,10,15.5158,15.3214,-0.634277,0.227491
0,10,16.1685,15.2375,-0.720999,0.29347
0,10,15.6063,15.3399,-0.628951,0.235498
0,10,16.0336,15.1242,-0.721306,0.250607
0,10,16.1324,15.0409,-0.759594,0.251644
0,10,16.2659,15.2809,-0.716781,0.293726
0,10,16.8669,15.2333,-0.707441,0.352447
0,10,16.891,15.7752,-0.563918,0.321961
0,10,17.0441,15.489,-0.646062,0.34
0,10,17.071,15.7165,-0.567928,0.327511
0,10,17.372,15.8939,-0.540816,0.364127
0,10,17.2747,15.8863,-0.560064,0.328604
0,10,17.2291,15.7869,-0.571117,0.33139
0,10,17.2722,16.2992,-0.466009,0.361531
0,10,16.86,16.8397,-0.533824,0.316268
0,10,17.0677,16.5496,-0.450245,0.336919
0,10,16.8915,17.0111,-0.498716,0.291014
0,10,16.8577,17.3869,-0.436773,0.285981
0,10,16.7763,17.3194,-0.432765,0.282277
0,10,16.9256,17.1834,-0.45012,0.265654
0,10,16.9584,17.0766,-0.47106,0.279255
0,10,16.6533,17.4678,-0.429009,0.290005
0,10,16.1269,18.2534,-0.54909,0.116808
0,10,15.4907,18.8458,-0.666692,0.118746
0,10,15.6891,18.7225,-0.632331,0.155536
0,10,15.63,18.9662,-0.644847,0.141796
0,10,15.4397,19.178,-0.691233,0.100226
0,10,16.0154,19.9522,-0.380367,0.0658718
0,10,15.9182,19.3773,-0.645763,0.121509
0,10,16.5497,19.6064,-0.461462,0.0681473
0,10,17.8576,19.2407,-0.406312,0.175856
0,10,17.665,19.3381,-0.400333,0.15053
0,10,17.3823,19.5958,-0.319758,0.100666
0,10,17.6621,19.4423,-0.354465,0.134888
0,10,17.8519,19.3411,-0.362056,0.162089
0,10,17.5693,19.4902,-0.349781,0.124186
0,10,16.9221,19.6746,-0.334726,0.105738
0,10,17.666,19.5464,-0.298993,0.113848
0,10,17.7574,19.4998,-0.303156,0.10666
0,10,16.8465,19.8434,-0.300051,0.062169
0,10,16.0842,19.7896,-0.409351,0.0704038
0,10,16.9318,19.7809,-0.299938,0.0934432
0,10,17.3029,19.7618,-0.249039,0.0812268
0,10,17.571,19.6993,-0.245486,0.0899179
0,10,17.081,20.1293,-0.203289,0.0246417
0,10,17.0327,19.8213,-0.278311,0.0811639
0,10,15.4711,19.668,-0.573706,0.123998
0,10,15.7286,19.6965,-0.514879,0.0839409
0,10,14.7845,19.3797,-0.681939,0.0872255
0,10,14.4575,19.4575,-0.685436,0.0251075
0,10,14.6009,19.3374,-0.68283,0.0350028
0,10,14.5707,19.438,-0.693374,0.0317057
0,10,14.302,19.5773,-0.660374,0.02619
0,10,14.4964,19.3603,-0.691268,0.0290591
0,10,13.9746,19.6556,-0.595514,-0.0132606
0,10,14.424,19.2836,-0.687193,0.0276922
0,10,14.5293,19.2599,-0.676993,0.0359959
0,10,14.0519,18.9898,-0.730911,-0.00755477
0,10,14.1797,19.1499,-0.695276,0.0128222
0,10,14.1202,19.0692,-0.730317,0.0118581
0,10,13.9093,19.1088,-0.73863,-0.0320726
0,10,13.6978,19.1332,-0.749927,0.0341193
0,10,13.7487,19.2213,-0.718876,0.00230793
0,10,13.2274,19.34,-0.682497,-0.0134469
0,10,13.1085,19.2311,-0.764298,0.0528695
0,10,13.207,19.2448,-0.757067,-0.00339382
0,10,13.3782,18.9845,-0.733562,0.0151242
0,10,13.1972,19.1442,-0.759833,0.00260237
0,10,12.4507,19.5061,-0.729003,0.0973662
0,10,12.1593,19.6248,-0.709044,0.0752412
0,10,12.3352,19.5111,-0.738251,0.105624
0,10,12.2764,19.4372,-0.747378,0.100874
0,10,12.034,19.7325,-0.660741,0.0718977
0,10,11.9102,20.1107,-0.540747,0.0570517
0,10,11.2906,20.0958,-0.51498,-0.0244592
0,10,11.7059,20.1151,-0.527454,0.0614916
0,10,10.7992,20.0112,-0.642241,-0.0450268
0,10,11.0169,20.2906,-0.40065,-0.0170959
0,10,10.6377,20.293,-0.245652,-0.097499
0,10,9.54073,20.2928,-0.444094,0.0192022
0,10,4.88431,18.8026,-0.535115,-0.155073
0,10,4.33365,19.0284,-0.422237,-0.133682
0,10,2.31589,18.9956,-0.142228,-0.110374
0,10,4.7929,19.2024,-0.430423,-0.0985788
0,10,2.04025,16.779,-0.0795935,-0.314945
0,10,3.42007,19.4581,-0.225382,-0.101711
0,10,3.29466,17.287,-0.211005,-0.279431
0,10,9.46562,15.8135,-0.620207,-0.156148
0,10,3.49243,17.3044,-0.226615,-0.276042
0,10,8.28763,15.9765,-0.552438,-0.207279
0,10,3.75476,17.105,-0.222412,-0.28407
0,10,8.88394,16.2581,-0.554673,-0.176789
0,10,3.77507,17.3032,-0.236304,-0.264909
0,10,13.1646,15.6679,-0.632465,0.161559
0,10,14.4736,15.8059,-0.571747,0.150226
0,10,13.7674,15.7554,-0.60724,0.142955
0,10,14.7628,15.7749,-0.557141,0.165265
0,10,13.9454,15.7397,-0.606932,0.15156
0,10,15.4382,15.3879,-0.621948,0.221992
0,10,15.5041,15.2178,-0.677617,0.226286
0,10,15.3341,15.3712,-0.628749,0.207249
0,10,14.6698,15.8095,-0.555214,0.15795
0,10,15.6042,15.231,-0.671083,0.234715
0,10,16.6299,15.0858,-0.75346,0.339212
0,10,16.7016,15.2838,-0.699735,0.344782
0,10,16.9958,15.2796,-0.699613,0.356866
0,10,17.0028,15.3915,-0.668517,0.345938
0,10,16.9783,15.7594,-0.569381,0.345645
0,10,17.0799,15.5938,-0.607521,0.327784
0,10,17.1677,15.7102,-0.561904,0.321496
0,10,17.3355,15.7902,-0.553023,0.36913
0,10,17.3883,15.9884,-0.520467,0.352289
0,10,17.2837,15.6996,-0.549867,0.358072
0,10,17.253,16.4037,-0.394611,0.351056
0,10,16.9282,16.9072,-0.51894,0.309648
0,10,16.9651,16.7026,-0.485033,0.28872
0,10,17.1642,16.5245,-0.455493,0.350295
0,10,17.1622,16.6271,-0.469531,0.351467
0,10,17.0016,16.9685,-0.490797,0.284636
0,10,16.8246,17.5996,-0.455605,0.303313
0,10,16.4614,17.7816,-0.455767,0.267775
0,10,16.3527,18.0377,-0.484309,0.199287
0,10,15.7906,18.6198,-0.607497,0.131601
0,10,15.5274,19.1236,-0.660365,0.130386
0,10,15.6124,19.1771,-0.644953,0.129606
0,10,15.7347,19.271,-0.749073,0.200364
0,10,15.9884,19.7496,-0.413129,0.0482938
0,10,15.5187,19.3341,-0.672702,0.111418
0,10,16.643,19.6483,-0.414764,0.0950332
0,10,17.4711,19.5406,-0.328506,0.126722
0,10,18.2192,18.9264,-0.352989,0.261081
0,10,18.554,18.3643,-0.345337,0.329885
0,10,18.2664,18.7552,-0.369174,0.278257
0,10,17.7576,19.393,-0.359306,0.141063
0,10,18.3867,18.5092,-0.356699,0.294218
0,10,17.8488,19.4477,-0.290594,0.114019
0,10,18.0499,19.26,-0.383957,0.232272
0,10,18.3042,18.8601,-0.357662,0.250125
0,10,17.2284,19.9148,-0.207441,0.0380137
0,10,18.034,19.3728,-0.261937,0.183513
0,10,18.444,18.7098,-0.352263,0.265751
0,10,18.3265,18.9478,-0.361724,0.252048
0,10,17.954,19.2929,-0.372356,0.172339
0,10,17.4939,19.8673,-0.194626,0.0703422
0,10,17.7722,19.5997,-0.252007,0.0802375
0,10,16.1866,19.834,-0.410821,0.0611932
0,10,17.3871,19.7038,-0.266263,0.0875917
0,10,16.2972,19.9768,-0.396824,0.0476127
0,10,14.5654,19.6129,-0.622431,0.0273924
0,10,15.5722,19.71,-0.544766,0.146895
0,10,14.4159,19.5532,-0.677883,0.0336737
0,10,14.3459,19.4815,-0.676799,0.0171692
0,10,14.0804,19.6321,-0.612173,0.00580929
0,10,14.2343,19.5045,-0.665505,0.0161257
0,10,14.3526,19.6566,-0.62938,0.0270106
0,10,14.1236,19.532,-0.646619,-0.00277489
0,10,14.0154,19.5547,-0.629061,-0.0157814
0,10,14.3874,19.3822,-0.69519,0.0211901
0,10,14.1018,19.3534,-0.698197,-0.0118698
0,10,14.1435,19.2514,-0.706383,0.00215178
0,10,14.2091,19.3303,-0.698333,0.00726194
0,10,13.5904,19.1258,-0.744776,0.0477521
0,10,13.53,19.212,-0.72994,0.0253845
0,10,13.2801,19.0627,-0.767614,-0.00617132
0,10,13.1263,19.3388,-0.698129,0.0261083
0,10,13.0102,19.21,-0.763621,0.110678
0,10,12.851,19.3662,-0.747539,0.14048
0,10,12.5678,19.4871,-0.748786,0.14646
0,10,12.7418,19.3777,-0.757573,0.155447
0,10,12.2181,19.534,-0.76048,0.0850532
0,10,12.2443,20.0004,-0.623868,0.0731352
0,10,12.1377,19.7255,-0.67034,0.0793364
0,10,12.1147,20.1027,-0.550858,0.0428207
0,10,11.8894,19.8425,-0.648508,0.0733653
0,10,11.8529,19.9363,-0.669928,0.0783847
0,10,11.7411,19.9382,-0.671765,0.0583715
0,10,10.958,19.9131,-0.639283,-0.00531346
0,10,11.3483,20.1955,-0.471631,-0.00317657
0,10,10.1329,20.3981,-0.115176,-0.0192108
0,10,9.38214,20.3943,-0.302448,0.0205483
0,10,1.60584,18.5423,-0.152278,-0.124118
0,10,4.79982,18.8702,-0.525881,-0.154191
0,10,4.51764,18.8757,-0.47871,-0.140754
0,10,2.15163,18.8494,-0.156017,-0.104494
0,10,3.88875,19.3031,-0.335993,-0.128972
0,10,8.61939,15.9229,-0.560818,-0.198052
0,10,8.89866,15.7854,-0.578026,-0.191532
0,10,9.73031,15.7397,-0.620849,-0.152018
0,10,7.69192,16.0005,-0.506699,-0.240981
0,10,7.90724,15.9584,-0.532256,-0.224068
0,10,3.65897,17.0726,-0.205528,-0.296319
0,10,12.6756,15.5795,-0.653696,0.152173
0,10,12.2904,15.466,-0.669688,0.128081
0,10,13.1339,15.7693,-0.627234,0.153358
0,10,12.7998,15.6421,-0.652251,0.164479
0,10,14.9621,15.5802,-0.589091,0.169573
0,10,13.2902,15.8817,-0.607199,0.155031
0,10,14.3857,15.7723,-0.573758,0.143513
0,10,13.4781,15.7697,-0.618217,0.152584
0,10,13.68,15.7096,-0.619269,0.151855
0,10,15.024,15.4933,-0.598148,0.179677
0,10,16.1319,15.1424,-0.7192,0.258624
0,10,15.6972,15.268,-0.660707,0.238748
0,10,16.7732,15.2289,-0.719971,0.336051
0,10,17.1396,15.5011,-0.624344,0.338396
0,10,17.0958,15.2888,-0.689066,0.370975
0,10,17.1694,15.6144,-0.596927,0.328524
0,10,17.0989,15.3844,-0.657449,0.361827
0,10,17.2331,15.5085,-0.611956,0.362122
0,10,17.2692,15.607,-0.586746,0.362893
0,10,17.4734,15.9055,-0.522752,0.391977
0,10,17.4188,16.0957,-0.492666,0.339205
0,10,17.3607,16.2671,-0.492479,0.321309
0,10,17.4873,16.0124,-0.499028,0.382383
0,10,17.516,16.1193,-0.476933,0.37604
0,10,16.9647,16.8014,-0.546483,0.297816
0,10,17.0652,16.6572,-0.475147,0.347361
0,10,16.9196,17.487,-0.458063,0.271713
0,10,16.752,17.4204,-0.432121,0.284187
0,10,16.8294,17.4928,-0.45552,0.296651
0,10,16.5518,17.7287,-0.44525,0.290807
0,10,16.0118,18.4227,-0.616529,0.113263
0,10,15.5283,19.2384,-0.689917,0.0989026
0,10,15.767,18.8134,-0.700984,0.156894
0,10,15.6339,19.277,-0.730449,0.15621
0,10,15.7139,18.9218,-0.637394,0.169257
0,10,16.272,19.5687,-0.508323,0.0407885
0,10,17.5633,19.5921,-0.285793,0.110958
0,10,17.2936,19.652,-0.300481,0.0967136
0,10,17.7588,19.2883,-0.402948,0.161024
0,10,18.0479,19.1485,-0.400747,0.231746
0,10,18.7225,18.1491,-0.34891,0.402661
0,10,18.6487,18.3004,-0.344879,0.339829
0,10,18.3729,18.7817,-0.35072,0.259302
0,10,18.6336,18.1977,-0.359222,0.361102
0,10,18.5724,18.4654,-0.336169,0.316984
0,10,18.7162,18.038,-0.393668,0.437572
0,10,18.4925,18.537,-0.338943,0.303885
0,10,18.6768,18.4989,-0.303371,0.321322
0,10,18.1423,19.0922,-0.393826,0.265977
0,10,18.5955,18.5683,-0.324198,0.295554
0,10,18.1275,19.3267,-0.261336,0.178622
0,10,17.6593,19.6419,-0.245581,0.100197
0,10,17.1298,19.874,-0.228891,0.0530936
0,10,15.7371,19.7976,-0.491236,0.0847851
0,10,15.6343,19.7754,-0.495654,0.124644
0,10,16.9467,19.885,-0.276264,0.0812641
0,10,15.655,19.6461,-0.568964,0.145493
0,10,14.5294,19.5293,-0.69178,0.0402025
0,10,14.6351,19.6966,-0.623373,0.0277975
0,10,14.4588,19.6346,-0.626466,0.0251774
0,10,15.1236,19.7283,-0.595105,0.0600852
0,10,14.8124,19.7642,-0.584368,0.0547209
0,10,14.8409,19.66,-0.604344,0.0660231
0,10,17.4833,19.7572,-0.235848,0.091393
0,10,14.7417,19.6767,-0.606,0.0146008
0,10,14.9358,19.6577,-0.595124,0.0248228
0,10,14.1032,19.8097,-0.577255,0.0423189
0,10,14.2086,19.7849,-0.588246,0.0325633
0,10,14.1694,19.4299,-0.687287,0.00457778
0,10,13.9534,19.4735,-0.652339,-0.0395755
0,10,14.0382,19.2729,-0.709152,-0.0265506
0,10,13.9676,19.1927,-0.714328,-0.0371065
0,10,13.7409,19.501,-0.637259,-0.0199046
0,10,13.9336,19.292,-0.715381,-0.0444324
0,10,13.0394,19.5534,-0.64424,0.0412817
0,10,13.4898,19.1117,-0.740612,0.0188128
0,10,12.7877,19.4641,-0.733951,0.137329
0,10,12.6803,19.4757,-0.747192,0.148221
0,10,12.2946,19.7865,-0.663687,0.0669781
0,10,12.407,19.7707,-0.65766,0.0654805
0,10,12.3465,20.0022,-0.617397,0.0344317
0,10,11.5741,20.0204,-0.673553,0.0176933
0,10,12.2147,20.0993,-0.532596,0.0592614
0,10,11.9211,20.0193,-0.691197,0.0554283
0,10,11.1505,20.188,-0.434627,-0.0148201
0,10,11.6064,20.3009,-0.541134,0.0749835
0,10,10.7552,20.189,-0.401639,-0.102838
0,10,10.9222,20.2899,-0.36547,-0.051023
0,10,9.47403,20.3939,-0.299561,0.0332581
0,10,4.78337,18.7601,-0.539075,-0.153632
0,10,4.72232,19.3766,-0.419874,-0.0536853
0,10,1.91786,18.6142,-0.17011,-0.145439
0,10,4.47534,19.2504,-0.393861,-0.0984958
0,10,4.97507,18.1586,-0.393092,-0.162413
0,10,3.32193,19.4142,-0.206147,-0.134175
0,10,7.98776,15.869,-0.531887,-0.245297
0,10,6.28989,16.0354,-0.498236,-0.262174
0,10,6.05947,16.1634,-0.500918,-0.271032
0,10,8.32953,15.86,-0.561121,-0.216174
0,10,8.31217,16.1201,-0.537843,-0.200307
0,10,2.66669,17.6279,-0.243626,-0.305561
0,10,12.7954,15.3789,-0.683591,0.165293
0,10,12.0806,15.4981,-0.661333,0.108459
0,10,12.997,15.6248,-0.648826,0.149428
0,10,12.7846,15.5457,-0.650069,0.16439
0,10,13.219,15.8248,-0.626022,0.165
0,10,14.22,15.6691,-0.600512,0.155869
0,10,14.7773,15.6537,-0.579062,0.171994
0,10,14.6889,15.6964,-0.575047,0.16962
0,10,15.414,15.2857,-0.644366,0.219979
0,10,16.3416,15.1952,-0.73333,0.306268
0,10,16.2276,15.0731,-0.75514,0.276117
0,10,17.0414,15.1882,-0.712672,0.368222
0,10,16.7607,15.1156,-0.742514,0.344542
0,10,17.1251,15.1421,-0.705421,0.378294
0,10,17.3356,15.5134,-0.607015,0.388466
0,10,17.3969,15.7049,-0.546442,0.393651
0,10,17.4387,15.803,-0.541983,0.399316
0,10,17.5681,15.9305,-0.505191,0.42842
0,10,17.4751,15.6127,-0.554285,0.450401
0,10,17.5862,16.0386,-0.47347,0.414314
0,10,17.5409,15.8167,-0.517432,0.436443
0,10,17.2627,16.4935,-0.444354,0.342754
0,10,17.0285,17.145,-0.449148,0.270937
0,10,16.9496,17.365,-0.437454,0.264477
0,10,16.9074,17.6136,-0.45599,0.273228
0,10,16.78,17.7219,-0.462001,0.318237
0,10,16.6486,17.6867,-0.434432,0.308336
0,10,16.7333,17.637,-0.4502,0.303616
0,10,16.2273,18.1939,-0.53185,0.128128
0,10,16.4577,17.9901,-0.463888,0.265512
0,10,15.7851,18.7158,-0.634339,0.149418
0,10,15.9,18.5799,-0.627073,0.124765
0,10,16.0989,19.5736,-0.531833,0.0682648
0,10,15.9077,19.5795,-0.509766,0.122051
0,10,18.1949,18.8237,-0.377581,0.280197
0,10,18.3038,18.5854,-0.362991,0.291619
0,10,18.337,18.6782,-0.362821,0.2775
0,10,18.4705,18.4356,-0.349524,0.312015
0,10,18.4564,18.3285,-0.371451,0.334981
0,10,18.7102,17.9283,-0.426805,0.451565
0,10,19.2998,17.6652,-0.389506,0.400167
0,10,18.8021,17.973,-0.402163,0.451679
0,10,18.9742,17.8349,-0.420244,0.464396
0,10,18.7336,18.2607,-0.330354,0.386958
0,10,18.6588,18.3963,-0.32736,0.343472
0,10,18.8063,18.086,-0.350011,0.413776
0,10,18.8424,18.4342,-0.288814,0.28965
0,10,18.4135,18.6064,-0.349493,0.281806
0,10,18.7514,18.3988,-0.325432,0.306878
0,10,17.8603,19.5507,-0.250176,0.0680584
0,10,17.593,19.9119,-0.172449,0.0571151
0,10,18.2326,19.0238,-0.369917,0.268453
0,10,16.5002,19.9952,-0.371614,-0.0485345
0,10,14.8674,19.5506,-0.601931,0.0786334
0,10,15.9022,19.9034,-0.375139,0.0657152
0,10,14.7715,19.5727,-0.610452,0.0319563
0,10,14.5292,19.7125,-0.620263,0.0275528
0,10,14.6688,19.5961,-0.618343,0.0341709
0,10,15.0397,19.647,-0.608997,0.0578619
0,10,15.3027,19.6648,-0.606853,0.0611156
0,10,16.4779,20.1029,-0.227497,-0.0738475
0,10,15.8632,20.0579,-0.365521,0.00149691
0,10,15.7958,19.8691,-0.395665,0.0324205
0,10,15.7114,19.951,-0.391899,0.105006
0,10,15.1677,19.9045,-0.481268,0.0422459
0,10,15.1005,19.8231,-0.551464,0.0646472
0,10,15.3776,19.7262,-0.578418,0.0651164
0,10,14.1406,19.7075,-0.614102,0.035858
0,10,14.1913,19.6034,-0.643935,0.0265086
0,10,13.6372,19.5116,-0.643172,0.0116834
0,10,13.6634,19.7016,-0.541945,0.00076755
0,10,13.7224,19.3132,-0.724987,0.0139596
0,10,13.9953,19.3754,-0.691264,-0.0432611
0,10,12.995,19.4537,-0.689624,0.0842272
0,10,13.6361,19.2198,-0.716249,0.050242
0,10,12.8905,19.462,-0.710715,0.112203
0,10,12.951,19.3625,-0.734925,0.110799
0,10,12.622,19.7491,-0.613684,0.153984
0,10,12.5714,19.8427,-0.527958,0.156864
0,10,12.2798,19.6062,-0.705899,0.065836
0,10,12.9268,19.2628,-0.743046,0.128768
0,10,12.1402,20.0068,-0.635715,0.0687294
0,10,11.8054,20.0232,-0.707981,0.0633811
0,10,11.8083,20.1144,-0.533527,0.0662955
0,10,11.7134,20.3017,-0.560017,0.0916341
0,10,11.5529,20.2062,-0.527611,0.0343576
0,10,11.1117,20.2905,-0.42309,0.0028474
0,10,9.65993,20.3948,-0.249968,0.0552888
0,10,5.6611,18.6406,-0.517448,-0.0903718
0,10,4.12537,18.98,-0.42256,-0.147847
0,10,4.83189,18.6172,-0.500202,-0.193058
0,10,3.27272,19.5963,-0.191183,-0.108071
0,10,4.37004,19.2242,-0.39396,-0.118676
0,10,2.46007,16.5815,-0.073018,-0.348927
0,10,3.78755,16.605,-0.204347,-0.364048
0,10,8.25444,15.8672,-0.557052,-0.203407
0,10,7.80704,16.0185,-0.52308,-0.235785
0,10,7.51608,15.9345,-0.501271,-0.24339
0,10,2.96569,17.7971,-0.334069,-0.268796
0,10,12.6526,15.2995,-0.669672,0.148284
0,10,4.26564,16.7709,-0.284188,-0.285113
0,10,13.1045,15.5946,-0.655216,0.161069
0,10,12.4943,15.4481,-0.674987,0.145123
0,10,13.4412,15.6888,-0.626191,0.154821
0,10,12.886,15.5222,-0.653333,0.165089
0,10,14.498,15.7049,-0.58384,0.150216
0,10,15.7074,15.1665,-0.691677,0.238329
0,10,15.2252,15.3528,-0.635372,0.189775
0,10,16.2441,15.1689,-0.73915,0.293703
0,10,15.799,15.2617,-0.669322,0.226725
0,10,16.5179,15.141,-0.747506,0.322806
0,10,16.9455,15.1777,-0.719359,0.354859
0,10,17.2917,15.4161,-0.626799,0.381781
0,10,17.1704,15.238,-0.700358,0.377143
0,10,17.3888,15.4066,-0.604984,0.449051
0,10,17.1896,15.4017,-0.64069,0.359252
0,10,17.2201,15.1226,-0.707996,0.418559
0,10,17.434,15.5101,-0.586025,0.456559
0,10,17.4435,16.2069,-0.476103,0.335939
0,10,17.0644,17.0382,-0.471847,0.281709
0,10,17.0092,17.4427,-0.456853,0.262788
0,10,16.8652,17.7253,-0.462209,0.289298
0,10,16.9811,17.2631,-0.446388,0.265646
0,10,16.7334,17.5291,-0.449532,0.29613
0,10,16.7522,17.8155,-0.471007,0.301495
0,10,16.5627,17.8295,-0.471682,0.305953
0,10,16.338,18.1438,-0.468104,0.185937
0,10,16.1099,18.3608,-0.590905,0.10545
0,10,15.5714,18.8937,-0.674805,0.154137
0,10,15.9968,18.5325,-0.636419,0.105012
0,10,16.1965,18.408,-0.595096,0.112584
0,10,15.8215,19.3229,-0.70933,0.217785
0,10,16.5514,19.7127,-0.408178,0.0421784
0,10,17.2148,19.8099,-0.24133,0.0526515
0,10,17.7644,19.1831,-0.4203,0.172898
0,10,18.3732,18.4034,-0.373183,0.316515
0,10,18.5461,18.2623,-0.371455,0.351954
0,10,18.9683,17.7258,-0.430438,0.473477
0,10,19.1503,17.6954,-0.42469,0.454493
0,10,19.2309,17.7355,-0.387056,0.401701
0,10,18.8823,17.7959,-0.432506,0.475261
0,10,18.8879,17.9058,-0.409277,0.466242
0,10,18.8912,18.0197,-0.347859,0.421771
0,10,18.9755,17.9503,-0.353993,0.421324
0,10,19.253,17.9431,-0.298762,0.362942
0,10,18.9848,18.0591,-0.320634,0.396177
0,10,19.0601,17.8815,-0.360167,0.421941
0,10,19.0703,17.9895,-0.318691,0.394773
0,10,18.7692,18.5146,-0.272332,0.28075
0,10,18.9006,18.1294,-0.327777,0.401001
0,10,18.8075,18.3195,-0.26702,0.345232
0,10,17.6659,19.7516,-0.208871,0.0766627
0,10,15.4007,19.6105,-0.594511,0.0997444
0,10,15.1322,19.62,-0.609585,0.0598558
0,10,15.5474,19.8443,-0.445801,0.10327
0,10,16.1918,19.9372,-0.391736,0.0657808
0,10,17.3148,19.8699,-0.20912,0.0813241
0,10,15.4875,19.7702,-0.539302,0.114721
0,10,16.0972,19.8916,-0.393781,0.0748021
0,10,16.9603,19.9981,-0.240929,0.0131092
0,10,17.578,19.8062,-0.203087,0.0720667
0,10,16.3188,20.0749,-0.346337,0.0367891
0,10,15.6605,19.871,-0.410373,0.124896
0,10,15.4092,19.8284,-0.516978,0.0593215
0,10,15.307,19.7928,-0.546143,0.0579339
0,10,15.2129,19.8073,-0.562041,0.0421461
0,10,14.8815,19.8532,-0.542159,0.025016
0,10,14.7097,19.7747,-0.584026,-0.00438653
0,10,15.0191,19.7449,-0.587803,0.058526
0,10,14.2461,19.6818,-0.623239,0.0267753
0,10,14.0619,19.4539,-0.676272,-0.015434
0,10,13.804,19.5879,-0.596509,-0.0324168
0,10,13.8467,19.4888,-0.643447,-0.0436591
0,10,13.8883,19.3912,-0.685374,-0.0448944
0,10,13.317,19.2534,-0.75911,-0.0176507
0,10,13.1782,19.4417,-0.668624,-0.0092978
0,10,13.8272,19.3037,-0.717123,-0.0246108
0,10,12.5112,19.7561,-0.595012,0.148386
0,10,12.5275,19.9452,-0.592346,-0.00873175
0,10,12.5097,19.581,-0.730506,0.142131
0,10,12.0976,19.8229,-0.659816,0.0842123
0,10,12.0127,20.1084,-0.548853,0.0508722
0,10,11.9746,20.2064,-0.596912,0.0542143
0,10,11.395,20.1008,-0.525114,-0.0112085
0,10,11.6575,20.2106,-0.553847,0.0479374
0,10,11.4014,20.2961,-0.491276,0.0419713
0,10,11.2068,20.292,-0.439124,0.00901341
0,10,9.75357,20.3954,-0.201917,0.0517937
0,10,4.82586,19.4001,-0.43185,-0.0544037
0,10,3.02976,19.4335,-0.158114,-0.188873
0,10,2.51611,19.2263,-0.132792,-0.0901204
0,10,2.86259,19.4232,-0.124898,-0.149888
0,10,3.53381,16.3554,-0.150383,-0.408921
0,10,4.65732,18.3207,-0.462383,-0.208734
0,10,0.458412,16.2249,0.00774199,0.167032
0,10,3.9035,16.9578,-0.227235,-0.304404
0,10,8.98642,15.8121,-0.580325,-0.202718
0,10,8.70947,15.8804,-0.561773,-0.19498
0,10,2.73708,17.5112,-0.230934,-0.300315
0,10,8.7276,16.0968,-0.555607,-0.183697
0,10,12.1869,15.4836,-0.665281,0.119207
0,10,12.7346,15.4785,-0.6664,0.166365
0,10,13.5822,15.7172,-0.623081,0.151364
0,10,13.204,15.555,-0.656338,0.167894
0,10,14.8773,15.6208,-0.581745,0.172852
0,10,15.4969,15.1245,-0.695841,0.22114
0,10,15.1302,15.3254,-0.646235,0.188742
0,10,15.8091,15.1652,-0.695009,0.220337
0,10,16.3329,15.0893,-0.768652,0.302732
0,10,17.1236,15.0363,-0.796594,0.375936
0,10,16.9385,15.0697,-0.77074,0.353393
0,10,16.8533,15.1219,-0.742937,0.362605
0,10,16.4274,15.1027,-0.759913,0.320915
0,10,15.8993,15.14,-0.704739,0.22921
0,10,17.0324,15.0755,-0.755819,0.391563
0,10,17.3322,15.3111,-0.637397,0.43634
0,10,17.6046,15.7294,-0.512919,0.45061
0,10,17.0391,16.8637,-0.527665,0.290602
0,10,17.1777,16.717,-0.50732,0.35809
0,10,17.3548,16.3763,-0.390849,0.32649
0,10,17.1336,17.1064,-0.447114,0.259167
0,10,17.1092,16.9285,-0.496218,0.28471
0,10,16.8332,17.8546,-0.470783,0.3177
0,10,16.9205,17.805,-0.487125,0.301734
0,10,16.4668,17.8852,-0.487365,0.266123
0,10,16.6602,17.7779,-0.484992,0.322501
0,10,16.5442,18.0408,-0.456843,0.283173
0,10,16.7368,17.9292,-0.444655,0.298799
0,10,16.4373,18.0944,-0.472578,0.239043
0,10,15.7158,19.07,-0.649247,0.149006
0,10,17.5687,19.3857,-0.395221,0.142729
0,10,17.0117,19.6116,-0.355458,0.109905
0,10,16.3795,19.401,-0.593118,0.078906
0,10,17.9561,19.1935,-0.41462,0.177287
0,10,18.7961,17.8627,-0.431202,0.464567
0,10,18.6283,18.0922,-0.403729,0.395947
0,10,19.1912,17.4886,-0.393638,0.485111
0,10,19.2674,17.4071,-0.391214,0.493195
0,10,19.0606,17.7651,-0.421198,0.471517
0,10,19.4763,17.5798,-0.316576,0.428361
0,10,19.4066,17.6669,-0.361149,0.413529
0,10,19.2416,17.8408,-0.338212,0.384002
0,10,19.1456,17.8115,-0.366567,0.422636
0,10,19.4638,17.3629,-0.334449,0.516947
0,10,19.3789,17.4087,-0.363427,0.454129
0,10,19.4223,17.494,-0.352423,0.446705
0,10,19.4239,17.2629,-0.37432,0.555434
0,10,19.5652,17.3739,-0.309078,0.494335
0,10,19.3348,17.7645,-0.378428,0.389125
0,10,19.4326,17.7627,-0.363512,0.407278
0,10,19.5723,17.5762,-0.300008,0.398308
0,10,19.1553,17.9186,-0.325843,0.398236
0,10,18.4222,18.8576,-0.344187,0.250249
0,10,18.5199,18.6416,-0.332206,0.289967
0,10,18.1336,19.2022,-0.399293,0.269745
0,10,18.3886,19.0136,-0.382656,0.255994
0,10,18.2249,19.1421,-0.399393,0.264968
0,10,18.6029,18.6857,-0.286368,0.241471
0,10,18.2091,19.268,-0.261503,0.168974
0,10,16.4076,20.0298,-0.371088,-0.00629316
0,10,15.8158,19.9617,-0.396606,0.0084016
0,10,15.5885,19.9421,-0.398597,0.104084
0,10,15.7533,20.0479,-0.336253,0.0806546
0,10,15.785,20.2284,-0.160602,0.0642921
0,10,16.5728,20.1204,-0.24146,-0.0053472
0,10,14.9126,19.7564,-0.578121,0.0280313
0,10,15.4813,19.9143,-0.425152,0.046223
0,10,14.314,19.7587,-0.603498,0.0275746
0,10,14.677,19.8705,-0.543882,-0.0244307
0,10,14.5999,19.7931,-0.602871,0.022259
0,10,14.382,19.835,-0.576127,0.0227174
0,10,14.0338,19.737,-0.589142,0.00698554
0,10,14.42,19.7349,-0.61095,0.0214498
0,10,13.783,19.4026,-0.690536,-0.024744
0,10,13.679,19.4123,-0.706453,0.0168659
0,10,13.4331,19.2594,-0.744518,-0.0259165
0,10,13.6192,19.314,-0.730844,0.0505478
0,10,13.0798,19.4311,-0.685592,0.0405756
0,10,13.4072,19.1732,-0.757313,-0.0100577
0,10,12.454,19.6707,-0.671533,0.144879
0,10,12.3888,19.5945,-0.682021,0.0932443
0,10,11.6902,20.0237,-0.701271,0.0477475
0,10,12.2363,19.6983,-0.681484,0.0709988
0,10,11.6288,19.9375,-0.668777,0.018595
0,10,11.4994,20.1075,-0.530407,0.0144609
0,10,10.6331,20.0998,-0.660738,-0.0570124
0,10,10.7019,20.3966,-0.345776,-0.0387324
0,10,10.0375,20.3976,-0.118079,0.00853027
0,10,5.4815,19.2137,-0.550777,-0.106402
0,10,4.61347,19.3579,-0.380786,-0.0777149
0,10,1.69256,18.4951,-0.155043,-0.13192
0,10,4.06426,19.528,-0.29009,-0.120922
0,10,2.54078,16.5989,-0.0688705,-0.37106
0,10,4.7417,16.2028,-0.380689,-0.378288
0,10,1.62463,16.5158,-0.0633946,-0.314909
0,10,9.56843,15.7963,-0.615323,-0.139109
0,10,6.69886,15.9953,-0.518788,-0.244716
0,10,9.18367,15.9342,-0.582448,-0.173065
0,10,3.25644,17.5842,-0.268025,-0.261625
0,10,12.6882,15.3982,-0.679304,0.161572
0,10,13.2496,15.7333,-0.627532,0.168508
0,10,14.0412,15.6865,-0.609489,0.152444
0,10,14.4122,15.6637,-0.594171,0.151091
0,10,13.3441,15.7377,-0.624442,0.154487
0,10,14.7848,15.5479,-0.5988,0.175631
0,10,16.5373,15.0421,-0.77753,0.336285
0,10,16.3124,14.995,-0.773317,0.290456
0,10,15.6106,15.1334,-0.704109,0.234628
0,10,14.6917,15.5845,-0.594648,0.173514
0,10,14.3246,15.6061,-0.607899,0.158601
0,10,15.3977,15.1884,-0.679189,0.212054
0,10,16.7203,15.0221,-0.801443,0.340526
0,10,17.2321,15.3149,-0.660788,0.375199
0,10,17.2215,15.0237,-0.806945,0.422871
0,10,17.5022,15.7149,-0.527595,0.446142
0,10,17.4403,15.3154,-0.628484,0.456012
0,10,17.3799,15.2239,-0.655871,0.457969
0,10,17.6088,16.1546,-0.466692,0.406882
0,10,17.5308,16.2338,-0.465381,0.375828
0,10,17.1409,16.8157,-0.480725,0.347566
0,10,17.0656,16.7538,-0.510701,0.344938
0,10,17.0558,17.3265,-0.426481,0.233742
0,10,17.0836,17.219,-0.433383,0.258774
0,10,17.1715,17,-0.470386,0.26309
0,10,16.8156,17.9725,-0.448608,0.328382
0,10,16.4238,18.1985,-0.457555,0.226253
0,10,15.8902,18.679,-0.643804,0.143388
0,10,16.0964,18.4688,-0.614062,0.0920762
0,10,16.2108,18.3028,-0.560979,0.122973
0,10,15.9307,19.2794,-0.719421,0.122384
0,10,15.6665,18.834,-0.69013,0.173003
0,10,18.1312,18.9878,-0.351201,0.257712
0,10,18.2893,18.4794,-0.376301,0.312174
0,10,18.8024,17.7438,-0.475576,0.503285
0,10,18.6217,17.9851,-0.428461,0.42181
0,10,19.0564,17.6577,-0.427786,0.476965
0,10,19.1823,17.3684,-0.44208,0.555063
0,10,19.1382,17.16,-0.44215,0.572802
0,10,19.2455,17.586,-0.411539,0.429062
0,10,19.2986,17.496,-0.343586,0.463088
0,10,19.3601,17.5764,-0.353529,0.444926
0,10,19.3408,17.319,-0.43243,0.490079
0,10,19.4289,16.7312,-0.25095,0.69178
0,10,19.4206,17.1107,-0.37855,0.580455
0,10,19.5113,17.675,-0.356557,0.40785
0,10,19.3508,17.2009,-0.399318,0.570685
0,10,19.4851,17.1788,-0.377161,0.552354
0,10,19.5422,17.0924,-0.32031,0.568744
0,10,19.6457,17.0829,-0.285007,0.561584
0,10,19.5136,17.4639,-0.314652,0.488239
0,10,19.1644,18.0252,-0.281325,0.37333
0,10,19.0741,18.1003,-0.2804,0.358027
0,10,18.815,18.196,-0.329609,0.401248
0,10,18.514,18.7687,-0.316157,0.237459
0,10,18.7886,18.6186,-0.240565,0.246769
0,10,18.4567,18.9372,-0.374147,0.254162
0,10,18.6881,18.6069,-0.272592,0.271213
0,10,18.5348,18.8557,-0.36365,0.230272
0,10,15.9547,20.1183,-0.308225,0.0392643
0,10,16.6596,19.8553,-0.333412,0.0435259
0,10,17.5096,19.9724,-0.162605,0.0600571
0,10,18.455,19.0874,-0.27603,0.158485
0,10,18.7424,18.7937,-0.260552,0.202686
0,10,17.0426,19.9275,-0.224775,0.0516373
0,10,17.4757,19.6503,-0.276326,0.103974
0,10,17.0582,20.0314,-0.215963,0.0389814
0,10,16.1049,20.0035,-0.367245,0.087204
0,10,15.6488,20.0333,-0.346884,0.117213
0,10,16.0318,20.0747,-0.288596,0.0822373
0,10,14.9912,19.8394,-0.545248,0.0538719
0,10,14.7794,19.866,-0.548397,0.0409949
0,10,13.496,19.9105,-0.478416,0.0135883
0,10,13.9589,19.9492,-0.529572,0.00220686
0,10,13.4553,19.724,-0.55323,0.0268284
0,10,14.4915,19.8096,-0.594699,0.035704
0,10,12.9398,19.5551,-0.677616,0.0691572
0,10,13.0932,19.6507,-0.59093,-0.00497165
0,10,12.8366,19.5581,-0.710562,0.101798
0,10,12.7843,19.653,-0.686698,0.104951
0,10,12.6216,19.5697,-0.734983,0.145501
0,10,12.1765,19.908,-0.650337,0.0810097
0,10,12.4208,19.9544,-0.622116,0.0231827
0,10,12.1789,20.1998,-0.536489,0.0350453
0,10,12.3356,20.2974,-0.429626,-0.0209504
0,10,12.238,20.2978,-0.472967,-0.0261915
0,10,10.954,20.1873,-0.412295,-0.0765588
0,10,10.8891,20.3956,-0.426125,0.00164819
0,10,10.2279,20.3976,-0.124296,-0.0258562
0,10,0.984485,17.792,-0.0579117,-0.106358
0,10,3.21377,19.6744,-0.138332,-0.0894002
0,10,2.5969,19.3075,-0.132369,-0.0944586
0,10,5.08618,19.1824,-0.484835,-0.0707976
0,10,3.54559,19.6033,-0.214695,-0.0835407
0,10,2.36412,16.5659,-0.0825079,-0.33353
0,10,5.29449,16.1469,-0.469665,-0.329014
0,10,3.74079,16.9963,-0.197166,-0.296999
0,10,8.66724,16.183,-0.553968,-0.193523
0,10,10.2225,16.1911,-0.629572,-0.061339
0,10,12.9708,15.4578,-0.674652,0.149752
0,10,13.0493,15.2294,-0.696225,0.165506
0,10,8.22756,16.0601,-0.537319,-0.206324
0,10,13.314,15.5335,-0.65599,0.165432
0,10,14.5912,15.7355,-0.577306,0.16248
0,10,13.8647,15.6964,-0.61319,0.153376
0,10,13.269,15.6338,-0.641034,0.166477
0,10,13.0228,15.5297,-0.662196,0.152151
0,10,13.5523,15.6374,-0.632657,0.154104
0,10,13.4116,15.5111,-0.657956,0.163709
0,10,14.6003,15.6334,-0.589429,0.168711
0,10,16.4358,15.005,-0.794771,0.32172
0,10,15.8885,15.0372,-0.746039,0.226608
0,10,17.0059,14.9736,-0.818388,0.383183
0,10,16.6249,14.9827,-0.811966,0.333241
0,10,16.214,14.9632,-0.773543,0.263811
0,10,17.2719,15.2128,-0.676934,0.425972
0,10,17.3215,15.035,-0.788769,0.474996
0,10,17.3733,15.6113,-0.57681,0.395545
0,10,17.4836,15.2136,-0.640975,0.486963
0,10,17.262,16.5951,-0.467464,0.345921
0,10,17.4452,16.3285,-0.441698,0.300233
0,10,17.1903,17.1802,-0.42593,0.24508
0,10,17.2904,16.68,-0.497393,0.349274
0,10,16.991,17.557,-0.456973,0.268569
0,10,16.6536,17.8808,-0.4582,0.323963
0,10,16.6413,17.9935,-0.461394,0.298371
0,10,16.5578,17.9342,-0.475865,0.290323
0,10,16.3971,18.2941,-0.560261,0.165423
0,10,16.0858,18.574,-0.634749,0.086784
0,10,17.9524,19.0886,-0.396855,0.197899
0,10,17.1965,19.5992,-0.335594,0.088156
0,10,16.005,19.6267,-0.506153,0.100839
0,10,15.7108,19.1771,-0.661997,0.157662
0,10,18.5374,18.1551,-0.404216,0.387832
0,10,19.1055,17.4431,-0.44608,0.554826
0,10,19.1535,17.5959,-0.415942,0.459731
0,10,18.8905,17.6744,-0.473314,0.513387
0,10,19.1562,17.2649,-0.470465,0.558861
0,10,19.0589,17.2311,-0.468835,0.570508
0,10,19.4818,17.0156,-0.309543,0.616037
0,10,19.5352,16.9203,-0.262102,0.648085
0,10,19.2552,17.2809,-0.467933,0.531006
0,10,19.4305,16.9227,-0.288065,0.637084
0,10,19.368,16.6425,-0.240482,0.699966
0,10,19.4771,16.6396,-0.222371,0.704455
0,10,19.5966,16.9964,-0.246441,0.595866
0,10,19.4756,16.8287,-0.250207,0.662896
0,10,19.5425,16.5573,-0.197352,0.718192
0,10,19.6122,16.4803,-0.182968,0.707497
0,10,19.6502,16.9043,-0.211246,0.63446
0,10,19.5353,16.7359,-0.229923,0.680953
0,10,19.0801,18.2023,-0.267138,0.354403
0,10,18.9071,18.3517,-0.233787,0.331417
0,10,19.6354,17.2807,-0.321895,0.515034
0,10,18.8661,18.5433,-0.236254,0.24786
0,10,18.9832,18.1741,-0.280932,0.35495
0,10,18.6216,18.7781,-0.317492,0.228766
0,10,18.1104,19.4314,-0.224765,0.152962
0,10,19.0022,18.3882,-0.168935,0.291239
0,10,19.159,18.253,-0.16848,0.269293
0,10,19.0817,18.3215,-0.162628,0.274414
0,10,18.9398,18.466,-0.24209,0.242507
0,10,18.8203,18.7158,-0.236371,0.212388
0,10,17.9536,19.4964,-0.229286,0.105934
0,10,17.0974,20.2265,-0.176169,0.00150392
0,10,16.7022,20.0528,-0.33837,0.0379353
0,10,16.3813,20.1545,-0.169475,-0.0608951
0,10,16.0982,20.1942,-0.120223,0.137629
0,10,16.2076,20.0365,-0.371372,0.077168
0,10,15.6097,20.1183,-0.260661,0.0992835
0,10,14.956,19.9346,-0.495825,0.0409515
0,10,15.3671,19.9115,-0.447976,0.0662078
0,10,13.9091,19.5734,-0.610294,-0.0407645
0,10,13.931,19.7593,-0.57521,-0.00559835
0,10,13.7667,19.6871,-0.557163,-0.0200995
0,10,13.3896,19.6315,-0.593797,0.0153661
0,10,13.5978,19.615,-0.581074,0.0246736
0,10,13.1297,19.5379,-0.63395,-0.00125707
0,10,13.0343,19.3152,-0.727946,0.105203
0,10,12.9515,19.9318,-0.527769,-0.0132242
0,10,12.7336,19.9281,-0.482842,0.157457
0,10,12.6847,20.0248,-0.408103,0.157393
0,10,12.3154,20.0965,-0.52483,0.0431019
0,10,12.4142,20.1056,-0.50988,0.00656913
0,10,12.2771,20.1977,-0.489491,0.0278325
0,10,11.2486,20.1917,-0.448295,-0.0107973
0,10,11.822,20.3006,-0.566056,0.0905058
0,10,11.5023,20.2983,-0.520579,0.0611261
0,10,10.3231,20.398,-0.154403,-0.0478579
0,10,4.32018,18.8309,-0.457715,-0.144129
0,10,5.50767,18.6977,-0.590052,-0.111891
0,10,2.06764,18.8918,-0.124403,-0.0903195
0,10,3.44691,19.0793,-0.299733,-0.20258
0,10,2.76961,16.6275,-0.0781085,-0.349628
0,10,8.38622,15.9556,-0.556069,-0.210933
0,10,9.28262,15.8963,-0.589776,-0.171134
0,10,5.35088,16.3885,-0.440151,-0.314665
0,10,2.85841,17.6537,-0.249692,-0.293653
0,10,9.76522,15.8411,-0.622395,-0.130077
0,10,3.36947,17.5429,-0.260375,-0.263017
0,10,12.5869,15.4239,-0.673096,0.146997
0,10,8.83044,16.0431,-0.568927,-0.180332
0,10,4.06916,16.918,-0.245625,-0.282975
0,10,12.3474,15.356,-0.678928,0.127581
0,10,13.0355,15.335,-0.686176,0.163076
0,10,11.9135,15.5074,-0.655986,0.0771676
0,10,13.4713,15.5852,-0.64229,0.156162
0,10,13.7797,15.6453,-0.618682,0.148924
0,10,14.2298,15.5629,-0.617332,0.157849
0,10,14.9376,15.4446,-0.608809,0.178793
0,10,15.6958,15.0624,-0.738619,0.235513
0,10,14.7761,15.4413,-0.623194,0.178813
0,10,17.0119,14.8569,-0.863103,0.394661
0,10,16.4577,14.8528,-0.817314,0.308811
0,10,17.329,15.1264,-0.690686,0.457115
0,10,17.3804,14.9598,-0.782656,0.494254
0,10,17.6346,15.843,-0.508501,0.44799
0,10,17.4893,15.4193,-0.603525,0.461202
0,10,17.3668,16.4746,-0.426098,0.334011
0,10,17.5368,16.34,-0.431525,0.383568
0,10,17.1578,17.2841,-0.404707,0.22753
0,10,16.9656,17.6926,-0.475654,0.289382
0,10,16.8071,18.0917,-0.438929,0.290768
0,10,16.9085,17.9198,-0.46015,0.305024
0,10,16.6261,18.1028,-0.451164,0.295611
0,10,16.724,18.0427,-0.459054,0.299715
0,10,16.2981,18.3522,-0.579017,0.135802
0,10,16.2873,18.4554,-0.615952,0.146139
0,10,16.6128,18.2122,-0.448456,0.265165
0,10,16.5248,18.1454,-0.464976,0.272834
0,10,15.99,18.6419,-0.646864,0.106317
0,10,18.2081,18.5628,-0.378643,0.317657
0,10,17.8592,19.1375,-0.42033,0.179065
0,10,15.8034,19.1382,-0.66689,0.137457
0,10,18.7135,17.8118,-0.475493,0.489996
0,10,18.982,17.6032,-0.474091,0.511095
0,10,18.5335,18.0471,-0.436364,0.40931
0,10,19.0765,17.0934,-0.422608,0.576823
0,10,18.9979,17.399,-0.462278,0.545452
0,10,19.08,17.3412,-0.452838,0.56541
0,10,19.2463,17.1855,-0.426131,0.547399
0,10,19.3175,17.1067,-0.392196,0.584173
0,10,19.3782,17.0155,-0.343278,0.6008
0,10,19.3127,16.5456,-0.224597,0.704719
0,10,19.3197,16.7334,-0.26746,0.67823
0,10,19.3723,16.8232,-0.276647,0.670873
0,10,19.2662,16.8297,-0.303513,0.63593
0,10,19.4226,16.5517,-0.216166,0.718745
0,10,19.5826,16.8241,-0.227601,0.670921
0,10,19.7661,16.629,-0.173768,0.685193
0,10,19.5942,17.1876,-0.354328,0.529344
0,10,19.6354,17.6546,-0.290905,0.328295
0,10,19.6656,17.3847,-0.263754,0.438979
0,10,18.9917,18.2776,-0.242719,0.352443
0,10,18.7093,18.7029,-0.263914,0.246227
0,10,19.2614,18.0463,-0.273229,0.354046
0,10,19.4297,17.8927,-0.273197,0.332431
0,10,19.5737,17.7404,-0.28841,0.323449
0,10,19.2389,18.1871,-0.163713,0.275301
0,10,19.3953,18.0499,-0.185627,0.280638
0,10,18.974,18.5667,-0.223801,0.224715
0,10,17.1437,19.9793,-0.207483,0.0445044
0,10,17.4299,20.0332,-0.157642,0.0652375
0,10,17.9416,19.3988,-0.278307,0.131935
0,10,16.2408,20.1327,-0.286189,0.0660642
0,10,16.6773,19.9551,-0.332136,0.0389592
0,10,16.8693,19.9509,-0.310386,0.0371412
0,10,17.3983,19.8129,-0.229923,0.0784378
0,10,15.6729,20.2165,-0.207305,0.0691759
0,10,16.5658,20.2162,-0.186743,0.00939831
0,10,15.7191,20.1347,-0.211215,0.11013
0,10,15.9389,20.003,-0.353169,0.0663621
0,10,15.536,20.0224,-0.351001,0.0761219
0,10,14.8466,19.9507,-0.498461,0.0130548
0,10,14.276,19.862,-0.576107,0.0320881
0,10,14.1704,19.8872,-0.558113,0.044191
0,10,13.4917,19.6253,-0.586893,0.0413569
0,10,13.2268,19.5435,-0.624586,-0.0336871
0,10,13.5594,19.7136,-0.545503,0.0268413
0,10,13.428,19.3603,-0.671783,-0.00954454
0,10,13.4117,20.2019,-0.367911,0.0148545
0,10,12.7314,19.5618,-0.727539,0.132537
0,10,12.2786,19.9056,-0.652433,0.0617695
0,10,12.362,19.8665,-0.652258,0.0536847
0,10,12.345,19.6916,-0.688882,0.0600665
0,10,12.3765,20.199,-0.457655,0.0137754
0,10,10.9754,20.0916,-0.535677,-0.0437557
0,10,11.744,20.3982,-0.224073,0.0509802
0,10,10.4178,20.3975,-0.193922,-0.0418157
0,10,0.592556,17.3783,7.64908e-05,-0.0335916
0,10,1.70671,18.3633,-0.167118,-0.165153
0,10,3.90674,19.5914,-0.252142,-0.110353
0,10,2.33399,19.4239,-0.0470878,-0.0209327
0,10,0.847408,17.6556,-0.0313762,-0.0955971
0,10,2.44818,16.471,-0.08393,-0.334396
0,10,2.1311,16.8058,-0.08013,-0.32758
0,10,6.1287,16.0506,-0.497921,-0.272598
0,10,5.17179,16.3254,-0.442223,-0.31327
0,10,10.5087,15.7445,-0.646041,-0.074189
0,10,2.8552,17.7491,-0.303652,-0.29065
0,10,3.30659,17.7407,-0.292664,-0.271428
0,10,8.82438,15.8802,-0.564109,-0.188792
0,10,3.97958,16.8832,-0.233643,-0.299092
0,10,4.88414,16.6121,-0.37131,-0.300933
0,10,13.0689,15.4215,-0.668549,0.160776
0,10,12.502,15.3332,-0.674768,0.139376
0,10,14.5062,15.5985,-0.600972,0.15792
0,10,13.2539,15.4567,-0.671858,0.170988
0,10,15.7898,15.0647,-0.735978,0.222546
0,10,15.9807,15.0525,-0.740617,0.247407
0,10,16.5091,14.9389,-0.818304,0.329992
0,10,17.0926,14.9387,-0.827038,0.376836
0,10,16.9072,14.9683,-0.818991,0.355845
0,10,17.433,15.124,-0.68582,0.48146
0,10,17.4501,15.0367,-0.752634,0.485513
0,10,17.5739,15.6285,-0.54286,0.460113
0,10,17.5378,15.3125,-0.614557,0.504397
0,10,17.2538,16.7785,-0.474327,0.339352
0,10,17.209,16.8839,-0.450234,0.325877
0,10,16.8948,18.0334,-0.418158,0.299204
0,10,17.0017,17.8704,-0.469888,0.271417
0,10,17.2642,17.2451,-0.396074,0.220058
0,10,17.3643,16.7468,-0.470705,0.336262
0,10,17.0295,18.1636,-0.449034,0.287591
0,10,16.9327,18.3265,-0.516411,0.319915
0,10,17.1044,17.4087,-0.470208,0.238154
0,10,17.272,16.9542,-0.421426,0.319037
0,10,16.8412,18.28,-0.475004,0.274113
0,10,16.177,18.6151,-0.644582,0.112183
0,10,16.3107,18.2443,-0.537881,0.133144
0,10,16.5197,18.246,-0.448434,0.265877
0,10,18.4453,18.1095,-0.434422,0.385791
0,10,16.6479,19.7531,-0.366675,0.0691011
0,10,18.7983,17.4174,-0.506637,0.547926
0,10,18.9775,17.2972,-0.47139,0.566463
0,10,18.8111,17.304,-0.482967,0.565018
0,10,19.0773,17.5383,-0.46545,0.518745
0,10,19.0484,16.9919,-0.39797,0.580256
0,10,19.2075,17.0847,-0.414784,0.578629
0,10,19.1515,17.0079,-0.392622,0.577403
0,10,19.3246,16.9177,-0.324816,0.636306
0,10,19.2717,17.0049,-0.367339,0.607084
0,10,19.1082,16.9067,-0.363645,0.593587
0,10,19.0999,16.7446,-0.309917,0.612999
0,10,19.1631,16.8201,-0.318553,0.622586
0,10,19.3675,16.4613,-0.206676,0.720752
0,10,19.2131,16.9215,-0.347087,0.611435
0,10,19.649,16.5713,-0.189915,0.693142
0,10,19.8098,16.292,-0.0708469,0.780015
0,10,19.7731,17.3764,-0.209203,0.407125
0,10,19.6822,16.6779,-0.196739,0.680293
0,10,18.8948,18.2496,-0.265975,0.349882
0,10,19.3486,17.9698,-0.277304,0.356159
0,10,19.3407,17.8615,-0.307018,0.389854
0,10,19.1706,18.1261,-0.268657,0.366448
0,10,19.783,17.2043,-0.247998,0.448469
0,10,19.3154,18.118,-0.179053,0.277901
0,10,19.6887,17.7399,-0.267933,0.306378
0,10,19.7537,17.6568,-0.280296,0.302025
0,10,19.0462,18.4907,-0.212312,0.25396
0,10,19.1147,18.4198,-0.160509,0.266358
0,10,19.6832,17.5682,-0.242317,0.340261
0,10,19.4735,17.9788,-0.20727,0.275627
0,10,18.3078,19.077,-0.385732,0.266306
0,10,18.6615,18.864,-0.290516,0.173354
0,10,19.0055,18.6645,-0.219687,0.231254
0,10,19.1922,18.3533,-0.156272,0.259598
0,10,17.4086,19.9231,-0.184225,0.0697756
0,10,17.7622,19.7974,-0.189091,0.0662154
0,10,17.88,19.6493,-0.234534,0.0604789
0,10,16.128,20.1082,-0.294114,0.113855
0,10,16.5734,19.925,-0.353428,-0.0198888
0,10,15.435,20.0008,-0.365344,0.0333362
0,10,15.199,20.0957,-0.35232,-0.0138923
0,10,14.9221,20.0297,-0.441106,0.0214277
0,10,15.0624,19.9197,-0.494727,0.0543148
0,10,14.5649,19.8884,-0.569745,0.0208584
0,10,13.5237,19.8117,-0.513408,0.0199836
0,10,13.4892,19.4347,-0.69821,0.0569774
0,10,13.5372,19.5271,-0.63961,0.0530519
0,10,13.524,19.3125,-0.729413,0.0112125
0,10,13.3282,19.3461,-0.667428,-0.0250597
0,10,12.6769,19.6552,-0.693575,0.136687
0,10,12.7896,20.0191,-0.405619,0.142382
0,10,12.2032,19.812,-0.662574,0.0745772
0,10,12.5847,20.0363,-0.537557,-0.0348952
0,10,12.4771,20.2108,-0.422692,-0.0553127
0,10,11.9375,20.397,-0.115884,0.0432879
0,10,10.5126,20.3977,-0.236725,-0.0382639
0,10,1.18681,18.0294,-0.0822318,-0.108429
0,10,0.819943,17.4622,-0.000409454,-0.117717
0,10,4.98538,19.1488,-0.489562,-0.0648175
0,10,1.11731,17.9494,-0.0709612,-0.11918
0,10,3.48668,18.8014,-0.338336,-0.249395
0,10,5.68673,16.1643,-0.482961,-0.28419
0,10,8.56713,15.8221,-0.55802,-0.206281
0,10,6.32247,16.1288,-0.501305,-0.247766
0,10,4.22219,16.4123,-0.290457,-0.339895
0,10,2.1203,16.9139,-0.088505,-0.342433
0,10,9.85155,15.785,-0.631728,-0.124393
0,10,9.4824,15.9074,-0.596479,-0.148829
0,10,3.15501,17.6316,-0.279731,-0.272756
0,10,13.6239,15.1061,-0.709388,0.173474
0,10,12.8663,15.4302,-0.68226,0.166133
0,10,13.1462,15.3096,-0.685421,0.165396
0,10,13.6878,15.6121,-0.627173,0.15683
0,10,15.3089,15.2742,-0.644297,0.206269
0,10,14.8758,15.5139,-0.605098,0.173993
0,10,16.2765,14.8861,-0.807871,0.274608
0,10,16.0617,14.9891,-0.762624,0.24046
0,10,17.0991,14.8244,-0.875974,0.38182
0,10,16.8212,15.0168,-0.800463,0.352864
0,10,17.3867,14.8574,-0.842387,0.492852
0,10,17.2788,14.926,-0.81331,0.492233
0,10,17.5457,15.1235,-0.677154,0.525752
0,10,17.3635,16.5716,-0.470237,0.33091
0,10,17.6778,16.07,-0.461449,0.428272
0,10,17.5337,15.522,-0.576858,0.46137
0,10,17.5848,15.414,-0.583617,0.507713
0,10,17.588,15.2163,-0.631423,0.53108
0,10,17.4613,16.4342,-0.419109,0.330374
0,10,17.6623,15.9555,-0.484858,0.432909
0,10,17.4675,16.5341,-0.458518,0.336347
0,10,17.6389,16.369,-0.423853,0.406699
0,10,16.924,18.4339,-0.542257,0.317586
0,10,16.9393,18.1132,-0.439699,0.300657
0,10,17.0532,17.6359,-0.481912,0.270935
0,10,16.843,18.1737,-0.451908,0.293865
0,10,16.9345,18.218,-0.45262,0.302966
0,10,17.1073,18.4337,-0.541251,0.310029
0,10,15.8768,18.7798,-0.680433,0.17043
0,10,16.1871,18.5126,-0.624221,0.11277
0,10,16.3884,18.3985,-0.619084,0.181713
0,10,18.894,17.5655,-0.48887,0.519703
0,10,18.9909,17.1697,-0.448116,0.558037
0,10,18.8928,17.3588,-0.482781,0.561099
0,10,18.9006,17.2398,-0.462757,0.567607
0,10,18.9727,16.9356,-0.361441,0.541884
0,10,18.8739,16.9161,-0.355628,0.535807
0,10,18.9753,17.0676,-0.422829,0.559229
0,10,18.8926,17.1372,-0.43702,0.567443
0,10,18.8934,17.0156,-0.388686,0.542257
0,10,19.0395,16.842,-0.34033,0.567362
0,10,18.9415,16.835,-0.351533,0.539316
0,10,19.2165,16.73,-0.29031,0.647954
0,10,19.2625,16.635,-0.255375,0.680325
0,10,19.7304,16.4419,-0.145483,0.715453
0,10,19.586,16.6581,-0.204891,0.694144
0,10,19.8486,16.6773,-0.138847,0.642366
0,10,19.8386,16.4656,-0.137003,0.705836
0,10,19.6612,16.7734,-0.219477,0.671559
0,10,19.6922,17.1777,-0.325223,0.569868
0,10,19.5297,17.2759,-0.354414,0.520426
0,10,19.8181,17.4672,-0.185556,0.38712
0,10,19.7444,17.0761,-0.27907,0.592562
0,10,19.7322,17.2919,-0.264454,0.456851
0,10,19.7913,17.5664,-0.188339,0.351312
0,10,19.6626,17.9173,-0.19998,0.278178
0,10,19.7323,17.829,-0.213617,0.284303
0,10,19.6083,17.4823,-0.262827,0.419181
0,10,19.7139,17.473,-0.213063,0.382634
0,10,19.8743,17.3553,-0.19882,0.424304
0,10,19.6219,17.8267,-0.24066,0.298001
0,10,19.6963,18.0124,-0.155738,0.239177
0,10,19.2256,18.4512,-0.17029,0.260385
0,10,19.6199,18.092,-0.149994,0.241706
0,10,17.7524,19.6903,-0.213991,0.0770735
0,10,18.3739,19.1498,-0.262367,0.16741
0,10,19.2706,18.2862,-0.151684,0.268932
0,10,18.5883,18.9359,-0.299001,0.156845
0,10,17.5297,20.0802,-0.126328,0.0330459
0,10,17.2426,20.0191,-0.181178,0.0190396
0,10,16.6785,20.1425,-0.276262,0.0474605
0,10,17.1658,20.0875,-0.196616,0.0124104
0,10,15.2708,19.897,-0.467641,0.013196
0,10,15.1318,20.0052,-0.434018,0.0246859
0,10,13.8301,19.7756,-0.555497,-0.0125113
0,10,13.8698,19.6734,-0.572285,-0.0288679
0,10,13.4339,19.5345,-0.648872,0.0378443
0,10,13.047,19.7492,-0.586466,-0.0287107
0,10,12.9919,19.6525,-0.628404,0.0165907
0,10,12.8375,19.745,-0.626493,0.0628728
0,10,13.5806,19.4165,-0.719584,0.0425581
0,10,12.8417,19.929,-0.511387,0.0616722
0,10,12.9661,20.3048,-0.351406,-0.0146367
0,10,12.0777,20.2037,-0.563909,0.0323361
0,10,12.624,20.4033,-0.261449,-0.0319553
0,10,11.4527,20.3981,-0.384665,0.0603734
0,10,10.6073,20.3971,-0.289539,-0.0484228
0,10,1.77367,18.4489,-0.177613,-0.163285
0,10,4.69087,19.6592,-0.371283,-0.00321688
0,10,4.69402,19.1818,-0.435311,-0.0890818
0,10,1.50381,18.1841,-0.130526,-0.151575
0,10,2.45071,16.3699,-0.085827,-0.339057
0,10,2.04393,17.0743,-0.127061,-0.321387
0,10,4.5093,19.337,-0.379879,-0.0844961
0,10,2.68285,16.4365,-0.0836493,-0.367591
0,10,7.58912,15.9155,-0.493409,-0.256267
0,10,10.3482,15.8192,-0.652054,-0.0782865
0,10,8.78244,15.9686,-0.566939,-0.191167
0,10,4.11871,16.8219,-0.247739,-0.284178
0,10,6.16975,16.152,-0.503169,-0.266283
0,10,5.97704,16.3003,-0.476413,-0.269487
0,10,13.135,15.487,-0.667483,0.167608
0,10,13.1289,15.2132,-0.689191,0.166482
0,10,14.1331,15.6195,-0.611838,0.153348
0,10,13.5299,15.495,-0.65138,0.162119
0,10,15.5718,15.044,-0.722822,0.221368
0,10,14.4161,15.5535,-0.616152,0.156948
0,10,16.8099,14.9161,-0.844798,0.356295
0,10,16.3799,14.9231,-0.799295,0.291028
0,10,17.4552,14.8053,-0.831713,0.528588
0,10,17.4774,14.9271,-0.799694,0.513999
0,10,17.5486,15.0252,-0.744721,0.543611
0,10,17.5618,14.9092,-0.779803,0.580078
0,10,17.649,14.877,-0.756824,0.609032
0,10,17.1864,14.9205,-0.826242,0.38848
0,10,17.6716,15.6324,-0.521636,0.48951
0,10,17.6479,15.1103,-0.673854,0.536153
0,10,17.6802,15.432,-0.572236,0.514947
0,10,17.6365,15.3198,-0.604955,0.521963
0,10,17.56,16.4449,-0.426191,0.38627
0,10,17.6259,16.2655,-0.459126,0.40482
0,10,17.3178,16.8506,-0.449326,0.32749
0,10,17.5122,16.6187,-0.492764,0.34287
0,10,17.2389,17.0681,-0.446456,0.251904
0,10,17.3827,16.9217,-0.413108,0.307436
0,10,17.0238,17.766,-0.481444,0.283068
0,10,17.0082,18.4866,-0.558994,0.328485
0,10,16.748,18.2327,-0.469469,0.307559
0,10,15.9744,18.7471,-0.688234,0.12221
0,10,18.0452,19.0434,-0.370785,0.239305
0,10,15.627,19.0699,-0.656815,0.138966
0,10,18.7102,17.4841,-0.519976,0.533202
0,10,18.8027,17.2003,-0.448429,0.566845
0,10,18.7056,17.0395,-0.370497,0.507545
0,10,18.6316,17.2081,-0.415234,0.497843
0,10,18.7138,17.2602,-0.468377,0.549963
0,10,18.6205,17.1072,-0.381254,0.486152
0,10,18.8087,17.0838,-0.398272,0.544246
0,10,18.7204,17.1428,-0.403254,0.525399
0,10,19.0012,16.7429,-0.327126,0.565571
0,10,19.1547,16.6491,-0.281976,0.644951
0,10,19.2525,16.4554,-0.220755,0.706286
0,10,19.3018,16.369,-0.205929,0.72985
0,10,19.2027,16.5466,-0.242536,0.685924
0,10,19.4123,16.3788,-0.186391,0.736552
0,10,19.5234,16.3927,-0.171214,0.744687
0,10,19.739,16.5318,-0.176186,0.701791
0,10,19.8491,16.5622,-0.161515,0.693666
0,10,19.7622,16.7531,-0.190281,0.640123
0,10,19.7116,16.9799,-0.181761,0.585575
0,10,19.8051,16.9765,-0.176655,0.617627
0,10,19.8906,17.0314,-0.131805,0.541417
0,10,19.7327,16.8554,-0.187865,0.623198
0,10,19.8035,17.7423,-0.252672,0.274759
0,10,19.8314,17.1088,-0.222847,0.494687
0,10,19.9738,17.0949,-0.134503,0.440213
0,10,19.9145,16.9295,-0.164511,0.547092
0,10,19.9168,17.4428,-0.169052,0.395294
0,10,19.9384,16.6197,-0.105746,0.639893
0,10,20.0023,17.1941,-0.149285,0.360756
0,10,20.0814,17.1179,-0.0781332,0.37176
0,10,19.9991,17.3623,-0.203661,0.326861
0,10,19.9827,17.5781,-0.0775198,0.254775
0,10,19.8354,17.8435,-0.175945,0.218643
0,10,19.5009,17.8198,-0.273132,0.31892
0,10,19.7681,17.9278,-0.165517,0.23133
0,10,19.3496,18.217,-0.152161,0.273021
0,10,17.6964,19.9648,-0.137433,0.0525792
0,10,17.331,19.9816,-0.164299,0.073392
0,10,16.6827,20.3222,0.0779145,0.0496647
0,10,15.8338,20.1457,-0.209658,0.0531947
0,10,16.8822,20.0668,-0.260622,-0.0300711
0,10,15.3302,20.0074,-0.403958,0.0272731
0,10,15.0268,20.019,-0.440167,0.0439438
0,10,15.2318,19.9952,-0.416391,0.00588533
0,10,14.5323,19.983,-0.51116,0.0348181
0,10,13.002,19.8425,-0.55953,-0.0290047
0,10,13.9963,19.8415,-0.552143,0.00768814
0,10,13.1865,19.6415,-0.581806,-0.0291795
0,10,12.943,19.7482,-0.609257,0.00349351
0,10,12.8903,19.6517,-0.664735,0.0541027
0,10,12.7301,19.7455,-0.632026,0.121538
0,10,12.787,19.8366,-0.571947,0.0944016
0,10,12.5315,20.1338,-0.456162,-0.0661074
0,10,12.4789,20.0422,-0.576076,-0.0224771
0,10,12.0351,20.2981,-0.561789,-0.00286731
0,10,10.7958,20.3957,-0.392946,-0.0298895
0,10,4.91126,19.3267,-0.45472,-0.0701977
0,10,0.690168,17.0314,-0.0229608,-0.124982
0,10,0.613822,17.2742,-0.0307737,-0.0429798
0,10,0.847238,17.1555,-0.0676138,-0.146924
0,10,1.48867,18.2914,-0.119021,-0.149288
0,10,6.14541,19.409,-0.573605,-0.0991625
0,10,6.38786,16.0301,-0.527335,-0.257376
0,10,8.6341,15.8071,-0.564838,-0.198161
0,10,10.8815,15.6705,-0.663834,-0.0197649
0,10,10.107,15.8647,-0.633036,-0.0801592
0,10,9.08619,15.8791,-0.583491,-0.185856
0,10,2.7523,17.6944,-0.267482,-0.299805
0,10,3.66312,17.1788,-0.219059,-0.279597
0,10,9.01126,16.2472,-0.553986,-0.169868
0,10,3.58707,17.4622,-0.251498,-0.257433
0,10,13.4597,15.1465,-0.710342,0.168234
0,10,13.9387,15.0675,-0.713639,0.164663
0,10,13.9727,15.624,-0.622514,0.156204
0,10,13.6313,15.4552,-0.659387,0.160715
0,10,16.1406,14.9079,-0.790124,0.25312
0,10,17.0588,14.7192,-0.908127,0.402361
0,10,16.921,14.8682,-0.874508,0.356855
0,10,16.5911,14.8841,-0.835686,0.322935
0,10,15.9806,14.93,-0.784986,0.241984
0,10,17.1429,14.6965,-0.894613,0.427961
0,10,17.6389,15.0016,-0.730927,0.563206
0,10,17.2805,14.8275,-0.835519,0.491426
0,10,17.1847,14.8088,-0.85417,0.423947
0,10,16.9762,14.7563,-0.913912,0.395684
0,10,17.72,14.9662,-0.716385,0.588651
0,10,17.7218,16.2935,-0.447704,0.414494
0,10,17.7288,15.8662,-0.488427,0.457421
0,10,17.685,15.2117,-0.625896,0.524963
0,10,17.4274,16.8185,-0.440441,0.320136
0,10,17.6981,15.752,-0.501749,0.475701
0,10,17.1169,17.7052,-0.481232,0.250852
0,10,17.0261,18.2705,-0.501293,0.316381
0,10,17.2046,18.3811,-0.524796,0.292443
0,10,17.127,18.113,-0.465603,0.258472
0,10,16.8378,18.3884,-0.546678,0.279885
0,10,16.7209,18.6787,-0.612464,0.224211
0,10,16.9149,18.5482,-0.597809,0.311755
0,10,18.5342,17.4014,-0.520161,0.50895
0,10,18.6247,17.8733,-0.476591,0.461625
0,10,18.5256,17.1668,-0.395409,0.452489
0,10,18.4703,17.3345,-0.443017,0.438712
0,10,18.5481,17.2691,-0.428482,0.468722
0,10,18.4417,17.231,-0.411266,0.415144
0,10,18.524,17.0661,-0.37926,0.459685
0,10,18.6859,16.9323,-0.356087,0.49883
0,10,18.7909,16.9833,-0.365437,0.526518
0,10,18.7675,16.8773,-0.35516,0.519654
0,10,18.9488,16.6411,-0.309424,0.5645
0,10,19.1056,16.553,-0.261337,0.633292
0,10,19.1979,16.3506,-0.22299,0.711484
0,10,19.1523,16.4446,-0.232679,0.683138
0,10,19.4055,16.1887,-0.204576,0.781708
0,10,19.3554,16.2797,-0.223348,0.752661
0,10,19.6677,16.1233,-0.13328,0.836183
0,10,19.6318,16.3933,-0.146256,0.722547
0,10,19.8522,16.3802,-0.059997,0.746201
0,10,19.857,17.2669,-0.25379,0.427053
0,10,19.9225,16.1491,-0.0703445,0.774351
0,10,19.854,16.782,-0.181137,0.619153
0,10,19.8146,16.1786,-0.0997362,0.807324
0,10,19.733,16.3489,-0.10706,0.736636
0,10,19.8688,15.5776,-0.0892824,0.90475
0,10,19.9508,16.3375,-0.047596,0.712371
0,10,19.8221,16.8802,-0.175718,0.616331
0,10,19.8985,16.2489,-0.0544706,0.750287
0,10,19.6003,16.1872,-0.168438,0.798395
0,10,20.0789,16.4927,0.00450997,0.608892
0,10,19.9607,16.4281,-0.0340683,0.699032
0,10,19.9022,17.1739,-0.18852,0.457452
0,10,20.0343,16.5712,-0.112314,0.561641
0,10,19.9408,16.833,-0.147139,0.566176
0,10,19.9943,16.9984,-0.100042,0.442901
0,10,19.8654,17.6505,-0.207128,0.307208
0,10,18.6304,19.0343,-0.293119,0.155397
0,10,19.4277,18.1468,-0.161851,0.273379
0,10,18.141,19.5398,-0.19216,0.140416
0,10,19.3028,18.3825,-0.156711,0.262963
0,10,17.8487,19.733,-0.194796,0.0683773
0,10,17.9647,19.6007,-0.230974,0.0894026
0,10,17.0804,20.3201,-0.000107282,0.0192796
0,10,18.9295,18.7393,-0.22392,0.227326
0,10,17.2686,20.1211,-0.192615,-0.0005469
0,10,14.6444,19.9634,-0.499413,-0.0437509
0,10,16.2025,20.2151,-0.0790632,0.126446
0,10,13.286,19.6437,-0.585385,-0.0194198
0,10,13.2748,19.441,-0.659138,-0.0359373
0,10,13.1076,19.8432,-0.545612,-0.0459198
0,10,14.4216,20.0035,-0.47277,0.071846
0,10,12.6279,19.9336,-0.481715,0.166982
0,10,13.2126,19.8404,-0.532767,-0.0341885
0,10,13.146,20.1137,-0.256371,-0.0337045
0,10,12.5669,19.664,-0.683886,0.148596
0,10,12.6976,20.2193,-0.422532,-0.0438766
0,10,11.6034,20.112,-0.531085,0.0382326
0,10,11.3032,20.2936,-0.466654,0.0242043
0,10,0.821529,17.7673,-0.0248811,-0.0729276
0,10,1.81479,17.0627,-0.125349,-0.307027
0,10,1.9363,18.4983,-0.192796,-0.159161
0,10,2.07227,18.7717,-0.158997,-0.118083
0,10,3.78036,19.2836,-0.330424,-0.135525
0,10,2.53299,16.4679,-0.0749568,-0.370219
0,10,2.07822,16.3073,-0.0677748,-0.332506
0,10,4.2909,16.2048,-0.342649,-0.414817
0,10,7.05801,15.9782,-0.496991,-0.237386
0,10,5.62479,16.0881,-0.488682,-0.297127
0,10,9.65934,15.8301,-0.607369,-0.155925
0,10,8.06059,15.9442,-0.543861,-0.207566
0,10,4.93509,16.5209,-0.388231,-0.30919
0,10,3.09161,17.7563,-0.310209,-0.262892
0,10,13.3779,15.2526,-0.689832,0.171753
0,10,9.81284,16.1082,-0.607799,-0.103529
0,10,13.1828,15.3898,-0.67402,0.163714
0,10,15.0366,15.3872,-0.620254,0.18668
0,10,14.319,15.5004,-0.625964,0.159942
0,10,13.3675,15.6261,-0.639534,0.160461
0,10,13.2935,15.3615,-0.67979,0.169665
0,10,14.8478,15.3861,-0.628538,0.18547
0,10,16.7113,14.9192,-0.834284,0.338057
0,10,15.2109,15.2454,-0.660871,0.194947
0,10,14.5086,15.4922,-0.626129,0.162663
0,10,16.6543,14.8201,-0.883556,0.310876
0,10,17.5482,14.8026,-0.794388,0.602063
0,10,17.2364,14.7135,-0.87437,0.478101
0,10,16.9027,14.7093,-0.913175,0.353053
0,10,17.8667,14.8443,-0.716502,0.595461
0,10,17.4912,14.7027,-0.847565,0.610309
0,10,17.7735,15.1977,-0.612079,0.550903
0,10,17.1989,17.3667,-0.465094,0.250373
0,10,17.702,16.1825,-0.459425,0.424645
0,10,17.7533,15.9842,-0.472536,0.448083
0,10,17.7285,15.3156,-0.595798,0.508846
0,10,17.3373,17.026,-0.39651,0.298826
0,10,17.5777,16.541,-0.444172,0.395888
0,10,16.6937,18.9028,-0.642545,0.203783
0,10,16.4893,18.3369,-0.603527,0.229508
0,10,18.7169,17.3642,-0.509439,0.546413
0,10,16.5534,19.4982,-0.517612,0.0896125
0,10,17.0854,17.5226,-0.461295,0.251624
0,10,17.4923,16.8893,-0.410063,0.305462
0,10,18.6235,17.3284,-0.495275,0.531346
0,10,16.8735,19.0967,-0.572922,0.188147
0,10,18.3785,17.3622,-0.438133,0.420373
0,10,18.6072,16.9988,-0.362491,0.485549
0,10,18.8365,16.8062,-0.344564,0.534881
0,10,19.0524,16.6475,-0.291947,0.606101
0,10,18.7926,16.5371,-0.303877,0.500033
0,10,18.8949,16.5482,-0.2875,0.537916
0,10,18.8958,16.7285,-0.334972,0.536866
0,10,19.1366,16.2541,-0.243544,0.708625
0,10,19.0963,16.3429,-0.238028,0.679969
0,10,19.3126,16.1709,-0.226764,0.75958
0,10,19.5098,16.2068,-0.190922,0.759182
0,10,19.2559,16.2668,-0.237299,0.72714
0,10,19.406,16.0873,-0.217327,0.799633
0,10,19.945,16.5154,-0.148204,0.660726
0,10,19.6607,16.2769,-0.152748,0.779034
0,10,19.5675,16.3022,-0.185392,0.752972
0,10,19.7628,15.8783,-0.135528,0.878796
0,10,19.6662,15.8899,-0.144581,0.893337
0,10,19.6656,15.661,-0.140431,0.943202
0,10,19.728,16.2125,-0.111759,0.82025
0,10,19.654,16.0029,-0.141322,0.85018
0,10,19.8486,16.0768,-0.0842359,0.806757
0,10,19.934,16.0288,-0.07334,0.808875
0,10,19.7459,15.9833,-0.124824,0.881472
0,10,20.003,16.252,-0.0296522,0.71414
0,10,20.1318,16.6117,-0.104522,0.501937
0,10,20.0351,16.7825,-0.108425,0.529676
0,10,19.9644,17.2818,-0.230802,0.344169
0,10,19.9404,17.8601,-0.15927,0.153579
0,10,19.551,17.9064,-0.224404,0.282251
0,10,19.4615,18.2402,-0.144269,0.258122
0,10,19.507,18.0745,-0.171556,0.267426
0,10,19.5405,18.167,-0.148921,0.246703
0,10,18.293,19.2111,-0.267611,0.162006
0,10,18.2272,19.3721,-0.240538,0.158397
0,10,18.0428,19.5037,-0.217077,0.156806
0,10,17.6783,19.8576,-0.174083,0.0666125
0,10,17.8622,19.8413,-0.166448,0.0582907
0,10,16.796,20.1164,-0.287402,-0.0187933
0,10,17.4539,20.1466,-0.110991,0.0451646
0,10,16.0626,20.3025,-0.106058,-0.0271112
0,10,17.626,20.1214,-0.0874889,0.0206851
0,10,17.187,20.2966,-0.038003,-0.0152953
0,10,16.9742,20.1074,-0.231838,-0.0108056
0,10,15.4996,20.1108,-0.290098,0.0587874
0,10,14.4562,19.9072,-0.545881,0.0484075
0,10,13.8601,19.9715,-0.529087,0.00823145
0,10,13.2489,19.7412,-0.563174,-0.0251379
0,10,12.6789,19.8379,-0.544743,0.165426
0,10,12.9408,20.1121,-0.270512,0.0373132
0,10,12.4694,19.857,-0.622568,0.0337425
0,10,12.5404,20.3073,-0.404071,-0.0761915
0,10,12.1374,20.2981,-0.511686,-0.012817
0,10,10.982,20.3953,-0.44589,-0.0058268
0,10,0.836406,18.0613,-0.0291764,-0.0365317
0,10,1.09377,18.0651,-0.0639793,-0.0996581
0,10,1.98908,18.8172,-0.126053,-0.101547
0,10,1.91198,18.738,-0.129676,-0.114885
0,10,2.60126,16.3943,-0.094449,-0.3669
0,10,2.47292,16.7124,-0.0623076,-0.368638
0,10,2.21763,16.938,-0.0961907,-0.346346
0,10,10.0767,15.7703,-0.638806,-0.0899677
0,10,8.83321,15.7761,-0.584943,-0.193725
0,10,10.8267,15.8026,-0.661893,-0.0261202
0,10,10.7989,15.5954,-0.656873,-0.0370781
0,10,9.38308,15.935,-0.591536,-0.158055
0,10,9.3566,15.8364,-0.597448,-0.167312
0,10,3.49209,17.4062,-0.236372,-0.269508
0,10,12.932,15.3509,-0.688101,0.162957
0,10,11.221,15.7716,-0.650036,0.00440608
0,10,4.1582,16.7368,-0.270138,-0.295685
0,10,13.413,15.3383,-0.677796,0.167663
0,10,14.5404,14.9316,-0.734376,0.174952
0,10,13.8852,15.5917,-0.62563,0.152188
0,10,13.8093,15.4203,-0.656513,0.155554
0,10,16.5341,14.7933,-0.857499,0.302383
0,10,14.9453,15.3387,-0.644773,0.182072
0,10,16.755,14.824,-0.883506,0.341436
0,10,17.0122,14.6247,-0.940488,0.421846
0,10,17.2891,14.6397,-0.897626,0.492255
0,10,17.3411,14.7532,-0.852068,0.493319
0,10,17.3986,14.6863,-0.875888,0.504624
0,10,17.7158,14.8251,-0.765812,0.622576
0,10,17.7325,15.0859,-0.664265,0.565485
0,10,17.6213,14.7534,-0.81267,0.615945
0,10,17.8915,14.9509,-0.688304,0.575283
0,10,17.6987,14.7116,-0.807108,0.636021
0,10,17.7928,15.7834,-0.484054,0.470854
0,10,17.8206,15.3008,-0.573074,0.542042
0,10,17.0831,17.9301,-0.440606,0.235938
0,10,17.8463,16.0131,-0.46174,0.44738
0,10,17.8206,15.8999,-0.475132,0.457093
0,10,17.7595,15.6695,-0.501799,0.483729
0,10,17.4074,16.6508,-0.498525,0.341316
0,10,17.0204,18.3778,-0.536305,0.324032
0,10,18.3537,17.7246,-0.525773,0.456259
0,10,18.1877,17.6322,-0.530873,0.443984
0,10,18.1862,17.7509,-0.566188,0.469735
0,10,18.2701,17.7952,-0.535689,0.442323
0,10,18.3409,17.4801,-0.512368,0.448605
0,10,18.2695,17.676,-0.554199,0.482182
0,10,18.4293,17.4541,-0.524142,0.458566
0,10,18.7763,16.7281,-0.307521,0.484947
0,10,18.4256,17.1291,-0.400462,0.423479
0,10,19.0071,16.3609,-0.257957,0.629665
0,10,18.8397,16.6408,-0.310982,0.503406
0,10,19.0574,16.4568,-0.257557,0.634644
0,10,18.6312,16.6033,-0.325853,0.486593
0,10,19.021,16.1048,-0.300957,0.646312
0,10,19,16.5484,-0.274428,0.605677
0,10,19.4606,16.2946,-0.197378,0.752649
0,10,19.5037,15.9887,-0.186633,0.85399
0,10,19.2553,16.09,-0.2226,0.759132
0,10,19.4863,16.4748,-0.195058,0.730025
0,10,19.2038,16.1796,-0.242306,0.724189
0,10,19.2407,15.9705,-0.250145,0.794506
0,10,19.3317,16.0308,-0.201623,0.779194
0,10,19.4188,15.9722,-0.194427,0.795225
0,10,19.4978,16.1035,-0.189507,0.778144
0,10,19.5802,16.0626,-0.136455,0.84331
0,10,20.0127,16.1461,-0.0544096,0.718418
0,10,20.0043,15.7383,-0.106044,0.827764
0,10,19.587,15.7002,-0.167967,0.910762
0,10,20.1743,16.4427,-0.0309434,0.565286
0,10,20.1921,17.3434,-0.175647,0.246127
0,10,19.8056,18.0239,-0.123258,0.191897
0,10,19.8934,17.55,-0.14451,0.377333
0,10,19.9146,18.0394,-0.111512,0.156019
0,10,20.0051,17.4718,-0.125865,0.294622
0,10,19.586,17.9997,-0.185655,0.269524
0,10,19.7336,18.1052,-0.115287,0.201713
0,10,19.1549,18.5206,-0.206936,0.251568
0,10,18.3946,19.2517,-0.263562,0.167542
0,10,18.8525,18.8115,-0.241889,0.204327
0,10,19.0807,18.5909,-0.217325,0.246639
0,10,17.3546,20.0892,-0.150953,0.0688168
0,10,18.5594,19.1119,-0.283828,0.163133
0,10,18.0673,19.6121,-0.189646,0.128305
0,10,16.975,20.2978,0.00192985,0.00913634
0,10,17.6104,20.0164,-0.130941,0.039129
0,10,17.6828,20.3115,-0.0338343,0.00693069
0,10,16.5962,20.0299,-0.341505,-0.035736
0,10,16.0069,20.2042,-0.180958,-0.024884
0,10,17.2896,20.3181,-0.0208507,-0.00959824
0,10,16.9896,20.2057,-0.192033,-0.0182783
0,10,14.7131,20.0728,-0.42843,0.014135
0,10,15.297,20.1034,-0.338667,0.017106
0,10,13.3742,19.4514,-0.663512,-0.0117132
0,10,13.599,19.9005,-0.476434,0.0197804
0,10,12.8991,20.0192,-0.455455,0.0504173
0,10,13.1061,20.2113,-0.245236,-0.0183356
0,10,13.2094,20.2089,-0.273096,-0.00866911
0,10,12.4355,20.3019,-0.396989,-0.0508336
0,10,11.0753,20.3959,-0.450566,0.0236222
0,10,3.1451,19.7556,-0.126903,-0.121109
0,10,5.34645,19.6644,-0.425731,-0.0439101
0,10,2.40516,18.9528,-0.169802,-0.139917
0,10,2.22806,19.0378,-0.113474,-0.0865036
0,10,3.6448,19.6321,-0.218505,-0.0917651
0,10,4.91644,19.8158,-0.342431,-0.035628
0,10,3.52291,20.0341,-0.11734,-0.105082
0,10,2.22209,16.8332,-0.0692354,-0.35051
0,10,2.39275,16.6737,-0.0792226,-0.345861
0,10,8.40909,15.8369,-0.563687,-0.207093
0,10,10.5014,16.0663,-0.642451,-0.0690706
0,10,7.28955,16.0546,-0.492932,-0.25393
0,10,3.93664,16.7501,-0.225846,-0.32853
0,10,10.218,15.8485,-0.642041,-0.0835951
0,10,3.18171,17.784,-0.311316,-0.278898
0,10,4.53944,16.4907,-0.329133,-0.352944
0,10,5.25323,16.3745,-0.435902,-0.322369
0,10,3.69254,17.3811,-0.252918,-0.268211
0,10,13.2612,15.2796,-0.687025,0.166991
0,10,13.4894,15.4195,-0.672628,0.168874
0,10,14.0652,15.5601,-0.630161,0.161259
0,10,16.2527,14.7903,-0.838931,0.260978
0,10,16.3602,14.816,-0.841941,0.288073
0,10,15.1178,15.21,-0.67381,0.197527
0,10,17.4576,14.5885,-0.874604,0.603265
0,10,16.7073,14.7208,-0.91696,0.339891
0,10,17.5649,14.653,-0.849857,0.62377
0,10,16.8531,14.8071,-0.891795,0.34622
0,10,16.606,14.7201,-0.916299,0.275028
0,10,17.1803,14.5969,-0.922124,0.470305
0,10,17.5278,14.5357,-0.876812,0.637311
0,10,17.8795,15.2161,-0.595188,0.544625
0,10,17.6283,15.5236,-0.5586,0.501217
0,10,17.7932,14.9033,-0.716166,0.592004
0,10,17.7713,16.0963,-0.452609,0.442987
0,10,17.6794,14.5294,-0.873498,0.652145
0,10,17.8358,15.6151,-0.517812,0.464807
0,10,17.8108,15.0186,-0.684681,0.56862
0,10,16.9895,17.9823,-0.429372,0.263778
0,10,17.9523,15.1447,-0.61602,0.551159
0,10,17.2977,17.1433,-0.419128,0.231053
0,10,18.1024,17.7136,-0.537172,0.417367
0,10,18.4342,17.5554,-0.56244,0.475318
0,10,16.2784,18.5596,-0.635318,0.146413
0,10,16.902,18.655,-0.606227,0.29656
0,10,18.3519,17.607,-0.552727,0.480421
0,10,18.0112,17.9032,-0.554181,0.442557
0,10,18.1677,17.5309,-0.47044,0.395439
0,10,18.2727,17.5543,-0.532099,0.463677
0,10,18.3528,17.2562,-0.409382,0.417647
0,10,18.1455,17.4176,-0.440029,0.390359
0,10,19.1145,16.1297,-0.268467,0.711564
0,10,18.7036,16.807,-0.307935,0.475431
0,10,19.0498,16.2151,-0.243506,0.645853
0,10,18.9728,16.264,-0.23986,0.630987
0,10,18.9511,16.4548,-0.269471,0.590321
0,10,19.1667,16.0441,-0.25388,0.760585
0,10,19.1443,15.9324,-0.254627,0.759399
0,10,19.3247,15.9169,-0.225785,0.820636
0,10,19.4058,15.7589,-0.201248,0.835848
0,10,19.6713,15.3435,-0.125365,1.01629
0,10,19.4175,15.8669,-0.217977,0.815416
0,10,19.5907,15.8056,-0.162212,0.903862
0,10,19.8216,15.0906,-0.15768,1.02879
0,10,19.6863,15.7851,-0.157943,0.899721
0,10,19.6874,15.4588,-0.137803,0.966557
0,10,19.5774,15.928,-0.173044,0.865829
0,10,19.804,15.6459,-0.138522,0.894029
0,10,20.0218,16.8941,-0.108724,0.499068
0,10,19.948,16.722,-0.137088,0.620513
0,10,19.9009,15.902,-0.0860501,0.861932
0,10,20.0625,16.4025,-0.0581133,0.633503
0,10,20.1847,17.545,-0.0120434,0.17365
0,10,20.0905,17.0269,-0.0746103,0.410107
0,10,20.3006,16.9955,0.00472382,0.344864
0,10,19.7695,18.1981,-0.106264,0.1838
0,10,19.904,17.7565,-0.205658,0.182494
0,10,19.9837,17.9594,-0.125812,0.132703
0,10,19.9628,17.6743,-0.118941,0.197541
0,10,19.3815,18.3119,-0.147656,0.264837
0,10,19.5789,18.2576,-0.112653,0.213257
0,10,18.1022,19.7176,-0.152532,0.102555
0,10,18.5226,19.0114,-0.294759,0.154454
0,10,18.3109,19.3178,-0.251346,0.163156
0,10,17.6459,20.22,-0.0566626,0.0141592
0,10,17.7135,20.0701,-0.0954862,0.0459599
0,10,18.4268,19.3461,-0.212945,0.145648
0,10,16.1577,20.3009,-0.0223848,0.122688
0,10,15.5391,20.3015,-0.190652,0.0104383
0,10,15.3645,20.1966,-0.296447,-0.0252488
0,10,15.1668,20.197,-0.310161,-0.0115532
0,10,16.3165,20.2189,-0.104108,-0.00607693
0,10,13.7294,19.7882,-0.534536,0.000554727
0,10,13.4196,19.822,-0.52094,0.00315472
0,10,13.6086,20.1974,-0.412146,0.0526323
0,10,13.316,19.8298,-0.529071,-0.0149015
0,10,12.8943,19.8389,-0.569067,0.02193
0,10,13.1729,20.3051,-0.361611,0.00993698
0,10,11.7636,20.2121,-0.573527,0.0722913
0,10,11.1685,20.3958,-0.448451,0.00712874
0,10,4.10101,19.3482,-0.341607,-0.134229
0,10,3.08474,17.3803,-0.212566,-0.292055
0,10,2.86496,19.8476,-0.0611281,-0.077028
0,10,1.88925,19.1058,-0.0172155,-0.0252355
0,10,4.99763,19.2501,-0.463488,-0.057439
0,10,6.65905,19.0517,-0.619223,-0.0200938
0,10,2.05271,19.1288,-0.0457736,-0.0416784
0,10,2.32154,16.757,-0.0760269,-0.349125
0,10,3.43183,16.3735,-0.131295,-0.385055
0,10,10.5948,15.7627,-0.654137,-0.0660189
0,10,2.48815,16.8574,-0.0857436,-0.362714
0,10,9.27218,15.995,-0.579133,-0.166498
0,10,9.30696,16.246,-0.57831,-0.146033
0,10,7.38244,16.058,-0.491166,-0.249558
0,10,9.75548,16.2657,-0.597828,-0.106074
0,10,3.3853,17.4451,-0.244985,-0.272871
0,10,8.82704,16.1402,-0.548574,-0.176947
0,10,13.6121,15.5591,-0.636924,0.159549
0,10,13.6382,15.2883,-0.674582,0.166635
0,10,15.4753,15.0116,-0.735852,0.212859
0,10,13.3698,15.4241,-0.675839,0.16643
0,10,13.9746,15.5139,-0.634027,0.154858
0,10,16.5459,14.5811,-0.949709,0.288105
0,10,15.4033,15.0853,-0.700833,0.212148
0,10,16.8043,14.7122,-0.920699,0.343086
0,10,15.8925,14.9314,-0.780188,0.229081
0,10,16.6441,14.6285,-0.934408,0.28958
0,10,17.0949,14.5788,-0.946057,0.426269
0,10,16.743,14.6167,-0.963346,0.342605
0,10,17.8429,14.6995,-0.782916,0.631768
0,10,17.4148,14.4804,-0.91284,0.599263
0,10,16.5116,14.6863,-0.925341,0.283008
0,10,17.7982,14.7706,-0.779024,0.626461
0,10,16.9332,14.5994,-0.956697,0.363972
0,10,17.9599,14.8321,-0.698963,0.657504
0,10,17.9415,14.7375,-0.772438,0.652181
0,10,17.8079,15.5162,-0.545755,0.473898
0,10,17.7963,16.2107,-0.44548,0.424087
0,10,17.4467,16.9929,-0.397551,0.301571
0,10,17.121,18.2195,-0.502597,0.298108
0,10,18.9897,17.4944,-0.481483,0.527145
0,10,17.9271,17.9753,-0.548992,0.444439
0,10,18.0127,17.7906,-0.539991,0.409867
0,10,18.0896,17.6068,-0.48559,0.383571
0,10,17.9285,18.0886,-0.523848,0.433726
0,10,18.0508,17.3969,-0.450527,0.358059
0,10,18.0704,17.4975,-0.450931,0.360861
0,10,18.1177,17.3011,-0.445363,0.397817
0,10,18.6028,16.8808,-0.327267,0.465687
0,10,18.4417,17.0166,-0.367425,0.433224
0,10,18.8499,16.4468,-0.284674,0.534292
0,10,18.7391,16.6263,-0.317871,0.477429
0,10,18.7485,16.4342,-0.303897,0.513757
0,10,18.6714,16.7055,-0.308105,0.479961
0,10,18.331,17.1482,-0.411644,0.41387
0,10,18.264,17.2405,-0.413153,0.405999
0,10,19.0713,16.0134,-0.267212,0.707242
0,10,18.9043,16.3536,-0.269758,0.574165
0,10,18.9787,15.9875,-0.2836,0.65637
0,10,19.5058,15.8566,-0.186303,0.887542
0,10,19.2163,15.7595,-0.247929,0.817046
0,10,19.4977,15.7458,-0.178761,0.912793
0,10,19.3943,15.6534,-0.222225,0.856605
0,10,19.6297,15.5314,-0.159787,0.952205
0,10,19.7516,16.0847,-0.104677,0.862431
0,10,19.7504,15.7288,-0.121659,0.921494
0,10,20.0073,15.607,-0.0319685,0.889994
0,10,19.9934,15.9454,-0.0722172,0.795168
0,10,19.8661,15.732,-0.136922,0.864899
0,10,19.9515,15.5255,-0.0467042,0.927858
0,10,19.8418,15.9671,-0.120849,0.834541
0,10,20.0283,16.0492,-0.0292964,0.717697
0,10,20.0864,15.6962,-0.0743296,0.781732
0,10,20.081,16.3155,0.0123421,0.636035
0,10,20.1329,16.7184,-0.0910926,0.478624
0,10,20.2261,16.7531,-0.0627987,0.422411
0,10,20.0898,17.3071,-0.224552,0.287194
0,10,20.0769,17.6159,-0.0214342,0.180143
0,10,20.0896,17.5154,-0.0531825,0.221538
0,10,20.1039,17.2184,-0.115635,0.321669
0,10,20.0698,17.7077,-0.108098,0.151072
0,10,19.6569,18.1832,-0.113367,0.207474
0,10,19.8759,17.942,-0.135085,0.179132
0,10,19.8442,18.1187,-0.10422,0.169481
0,10,18.3117,19.4882,-0.1903,0.136948
0,10,18.5891,19.2099,-0.254231,0.15302
0,10,17.7776,19.9026,-0.151833,0.0577168
0,10,16.8805,20.2794,-0.00944492,-0.0868497
0,10,14.0649,19.9128,-0.54369,0.0392675
0,10,13.8969,19.8651,-0.543522,0.00195029
0,10,16.6744,20.2297,-0.15646,0.0672961
0,10,15.2642,20.2017,-0.312433,-0.0017401
0,10,14.1365,19.9907,-0.481741,0.0541503
0,10,13.6266,19.8013,-0.51672,0.0101257
0,10,13.283,19.928,-0.526512,-0.0305948
0,10,13.376,20.3015,-0.361952,0.033064
0,10,12.8373,20.1111,-0.27761,0.118203
0,10,12.7619,20.3091,-0.430814,-0.0180313
0,10,12.0334,20.3978,-0.0925057,-0.00407153
0,10,11.2625,20.397,-0.43814,0.0434595
0,10,6.82382,18.7495,-0.559113,-0.0766171
0,10,3.87442,19.9621,-0.16044,-0.0715836
0,10,1.67663,18.8935,0.00178811,-0.00563413
0,10,4.78989,19.1025,-0.47973,-0.10837
0,10,6.80793,18.5375,-0.624916,-0.0748469
0,10,2.66767,16.6023,-0.0729041,-0.359047
0,10,5.24694,19.6308,-0.419917,-0.045056
0,10,2.6118,16.522,-0.0696364,-0.367666
0,10,2.39481,16.9101,-0.0834804,-0.356893
0,10,5.90308,16.0857,-0.492952,-0.282376
0,10,2.32238,17.0894,-0.124013,-0.357758
0,10,11.3332,15.5913,-0.663895,0.0206277
0,10,9.05551,15.7624,-0.577352,-0.19018
0,10,9.58089,15.9092,-0.600518,-0.146492
0,10,3.05632,17.8426,-0.332325,-0.277222
0,10,5.86188,16.2863,-0.460482,-0.280058
0,10,12.8131,15.2752,-0.686493,0.156098
0,10,9.84786,16.3172,-0.608125,-0.0849457
0,10,14.69,15.4727,-0.620582,0.180489
0,10,14.4102,15.4473,-0.63121,0.158422
0,10,16.4328,14.7405,-0.871757,0.305994
0,10,15.0409,15.2783,-0.667967,0.188074
0,10,14.6013,15.5253,-0.613357,0.175998
0,10,13.7217,15.3948,-0.665814,0.168884
0,10,16.3246,14.7156,-0.874787,0.274717
0,10,15.3122,15.0698,-0.711114,0.210009
0,10,14.952,15.2339,-0.677765,0.183121
0,10,13.7189,15.5048,-0.645406,0.161066
0,10,16.1706,14.8152,-0.834556,0.256691
0,10,15.7969,14.9649,-0.769595,0.22517
0,10,16.8437,14.6084,-0.961478,0.358038
0,10,16.6115,14.5214,-0.95133,0.266613
0,10,14.8538,15.2812,-0.664928,0.187107
0,10,17.6348,14.6094,-0.844261,0.650617
0,10,17.1048,17.8221,-0.459131,0.24222
0,10,17.2566,14.5348,-0.941732,0.489131
0,10,17.8351,15.1185,-0.6387,0.555541
0,10,17.9846,14.9395,-0.659424,0.656638
0,10,17.9176,14.6333,-0.789449,0.655064
0,10,17.2974,17.3309,-0.475793,0.255803
0,10,17.7231,15.5452,-0.539251,0.496884
0,10,16.7867,18.8408,-0.639899,0.220605
0,10,16.8065,18.7231,-0.610356,0.22428
0,10,17.9937,17.5661,-0.45667,0.360943
0,10,18.0088,17.6816,-0.498343,0.378958
0,10,18.2901,17.3669,-0.437204,0.394032
0,10,18.2383,17.4525,-0.443644,0.40419
0,10,18.0177,17.2987,-0.448422,0.351064
0,10,18.2369,17.1253,-0.398895,0.396923
0,10,17.9245,17.8607,-0.521138,0.415059
0,10,17.8391,18.0472,-0.538604,0.424834
0,10,17.848,18.1613,-0.510933,0.422101
0,10,17.8388,17.9368,-0.527141,0.409043
0,10,18.0737,17.2025,-0.417465,0.379736
0,10,17.9611,17.4626,-0.442481,0.349947
0,10,18.4873,16.8507,-0.317186,0.45906
0,10,18.9424,16.1612,-0.284479,0.649329
0,10,18.2041,17.3253,-0.435762,0.403475
0,10,18.4113,16.9172,-0.343629,0.437375
0,10,18.6035,16.7874,-0.311153,0.473701
0,10,19.2272,15.8625,-0.232613,0.806674
0,10,19.7841,15.5148,-0.11569,0.950916
0,10,19.9386,15.8114,-0.130074,0.831738
0,10,19.9017,15.3742,-0.0884594,0.954918
0,10,19.7189,15.5863,-0.151062,0.935301
0,10,19.7764,15.1859,-0.143047,1.01829
0,10,19.808,15.3228,-0.113659,0.993504
0,10,20.1106,15.6009,-0.00735484,0.765619
0,10,20.0683,15.2497,-0.0784562,0.901928
0,10,19.8239,15.8188,-0.119397,0.895781
0,10,19.9504,15.2906,-0.0862495,0.950667
0,10,20.1163,15.7967,-0.0501895,0.743261
0,10,20.0316,15.85,-0.103046,0.762
0,10,20.0041,14.8555,-0.124251,1.03298
0,10,20.2523,15.1245,-0.0445353,0.66329
0,10,20.1832,16.3518,-0.00488172,0.565258
0,10,20.1048,16.2141,-0.0508983,0.612775
0,10,20.1221,16.12,-0.0388063,0.593325
0,10,20.1261,16.0193,-0.0322914,0.590492
0,10,20.2156,15.6313,-3.66473e-05,0.671822
0,10,19.8611,15.2455,-0.120319,0.999255
0,10,20.1789,17.7332,-0.0930664,0.134328
0,10,20.2941,16.2995,0.00874658,0.449135
0,10,20.0979,17.406,-0.151898,0.258974
0,10,20.1236,16.8226,-0.0859951,0.465867
0,10,18.4796,19.1883,-0.265552,0.172429
0,10,18.5094,19.2823,-0.23045,0.153133
0,10,17.1914,20.1954,-0.175197,0.0143377
0,10,14.9944,20.1169,-0.362134,0.0288235
0,10,15.3998,20.0971,-0.316841,-0.0118228
0,10,14.0349,20.0148,-0.474833,0.0172657
0,10,14.345,19.9353,-0.507948,0.00643051
0,10,14.7452,19.9683,-0.505361,0.0322992
0,10,13.3263,19.5441,-0.629833,-0.0171696
0,10,13.1725,19.9352,-0.543921,-0.052723
0,10,13.4612,20.0045,-0.505438,-0.0257205
0,10,13.0439,20.1138,-0.254618,-0.016562
0,10,13.0103,20.0214,-0.493439,-0.00778769
0,10,12.5916,20.2266,-0.415475,-0.0826738
0,10,11.357,20.397,-0.420301,0.0252451
0,10,6.55292,18.7568,-0.582319,-0.0596904
0,10,5.51406,19.5216,-0.461001,-0.0599681
0,10,2.58301,16.2908,-0.107101,-0.368125
0,10,5.96093,19.4787,-0.505763,-0.0915134
0,10,3.76453,19.947,-0.145655,-0.0925896
0,10,1.53456,18.7532,-0.00564093,0.00429788
0,10,5.61105,19.5579,-0.468298,-0.0736291
0,10,2.02066,16.3151,-0.0702388,-0.325385
0,10,2.67542,16.7006,-0.0718048,-0.35197
0,10,2.92888,16.4555,-0.0899805,-0.351789
0,10,10.0065,15.8694,-0.629817,-0.103072
0,10,10.2786,16.1038,-0.636833,-0.0599627
0,10,4.92403,16.4177,-0.405587,-0.326686
0,10,4.03443,17.1123,-0.244612,-0.26359
0,10,6.54092,16.1617,-0.516708,-0.258115
0,10,9.60814,15.9955,-0.594683,-0.138686
0,10,13.7342,15.1957,-0.692766,0.171442
0,10,13.9029,15.3608,-0.664163,0.165077
0,10,16.0532,14.8663,-0.812347,0.238956
0,10,13.5372,15.1255,-0.714361,0.174279
0,10,13.5113,15.3185,-0.678054,0.17213
0,10,15.2036,15.137,-0.694758,0.198872
0,10,13.502,15.2291,-0.692222,0.170653
0,10,9.03753,16.0395,-0.577985,-0.185333
0,10,14.0744,15.457,-0.639643,0.163845
0,10,13.598,15.3687,-0.674784,0.164037
0,10,15.1063,15.1025,-0.703439,0.194568
0,10,14.0813,15.0245,-0.712,0.173282
0,10,13.8317,15.1857,-0.691385,0.165996
0,10,13.9864,15.4062,-0.646199,0.157262
0,10,16.3909,14.6401,-0.917443,0.278847
0,10,15.4031,14.954,-0.755632,0.207795
0,10,15.6531,14.979,-0.741066,0.22227
0,10,17.0071,14.5054,-0.979589,0.435202
0,10,16.7862,14.5113,-0.952451,0.34791
0,10,17.8128,14.5818,-0.83286,0.652518
0,10,17.689,14.4113,-0.896218,0.688557
0,10,17.9241,15.3157,-0.56489,0.539783
0,10,17.9186,15.0504,-0.654195,0.560526
0,10,17.8919,15.8267,-0.475193,0.450985
0,10,17.2174,18.1701,-0.519421,0.269813
0,10,17.918,15.936,-0.466961,0.441913
0,10,17.7695,18.3461,-0.492458,0.354581
0,10,18.0996,17.8279,-0.568584,0.443476
0,10,18.452,18.2209,-0.411557,0.361295
0,10,16.7092,18.1516,-0.429248,0.292452
0,10,18.0142,18.0193,-0.533477,0.430711
0,10,17.7577,18.1168,-0.524157,0.399
0,10,17.6885,18.4103,-0.510904,0.30293
0,10,17.7497,18.0005,-0.526023,0.381656
0,10,17.8499,18.2787,-0.485949,0.400727
0,10,17.9385,17.3705,-0.45065,0.344186
0,10,17.9209,17.6383,-0.471018,0.337939
0,10,17.9212,17.7517,-0.495741,0.36803
0,10,18.173,17.198,-0.406462,0.423056
0,10,18.3519,17.0429,-0.378314,0.420499
0,10,18.4601,16.6585,-0.325947,0.467966
0,10,18.5858,16.4985,-0.328106,0.485971
0,10,18.8707,16.2507,-0.272979,0.590186
0,10,19.7177,15.2657,-0.138689,1.024
0,10,19.6536,15.0253,-0.211276,1.12794
0,10,19.8335,14.9647,-0.159957,1.07613
0,10,19.7016,15.1314,-0.173204,1.06652
0,10,19.3045,15.7083,-0.22641,0.853573
0,10,19.3195,15.8126,-0.225822,0.829392
0,10,19.8646,15.4588,-0.0662883,0.962618
0,10,19.5629,15.5899,-0.167403,0.944071
0,10,19.9407,14.9403,-0.153391,1.03878
0,10,19.8695,14.8676,-0.168294,1.0822
0,10,19.7666,15.405,-0.0944374,0.998888
0,10,20.1316,14.7851,-0.0628624,0.953688
0,10,20.1067,15.024,-0.102652,0.857515
0,10,20.1358,15.3252,-0.028134,0.819093
0,10,20.0717,15.5117,-0.0551315,0.828044
0,10,20.0312,15.3505,-0.0601079,0.905424
0,10,19.989,15.4382,-0.069349,0.902555
0,10,20.1063,15.4285,-0.0289875,0.80726
0,10,19.8184,14.7432,-0.201292,1.13827
0,10,19.9132,15.0377,-0.13749,1.04017
0,10,20.0949,15.9306,-0.0506622,0.641469
0,10,20.2267,16.6487,-0.0751291,0.449463
0,10,20.2221,16.0553,-0.0216463,0.548056
0,10,20.1886,16.5362,0.0497989,0.533532
0,10,19.2729,18.5434,-0.181001,0.228287
0,10,18.349,19.408,-0.200894,0.137617
0,10,20.181,17.6405,-0.00205894,0.161441
0,10,15.9027,20.217,-0.170767,0.0743366
0,10,17.2907,20.2221,-0.145474,-0.0157878
0,10,13.7977,19.879,-0.528648,0.0108347
0,10,14.8108,20.0508,-0.433339,0.000190687
0,10,15.8585,20.3103,-0.109477,0.0621123
0,10,13.741,20.0897,-0.427962,0.0573007
0,10,14.1932,20.1894,-0.328448,-0.0359501
0,10,14.0576,20.2973,-0.243778,-0.0066621
0,10,13.3529,19.7322,-0.564494,0.00210098
0,10,13.0621,19.9357,-0.540825,-0.0501158
0,10,13.1493,19.7478,-0.567557,-0.0321381
0,10,12.9005,20.208,-0.260883,0.0392582
0,10,12.6349,20.1289,-0.439722,-0.0730276
0,10,11.549,20.3978,-0.341883,0.0431369
0,10,2.42108,19.3825,-0.082289,-0.0504466
0,10,4.61943,19.7397,-0.350974,0.00671483
0,10,3.19833,20.0047,-0.103098,0.0252607
0,10,6.0392,19.3934,-0.566859,-0.103352
0,10,1.74766,18.9638,-3.65165e-06,-0.0148553
0,10,1.96475,17.3181,-0.139358,-0.305384
0,10,6.3006,19.2523,-0.583838,-0.0736064
0,10,1.07779,18.1836,-0.0590003,-0.0820831
0,10,9.11222,15.7675,-0.572887,-0.187776
0,10,9.55851,16.0782,-0.593998,-0.141367
0,10,11.1399,15.7201,-0.660239,0.00288431
0,10,10.409,15.7189,-0.657764,-0.0648545
0,10,8.92616,15.8978,-0.568772,-0.191906
0,10,3.1242,17.9103,-0.326701,-0.280588
0,10,14.9519,14.8143,-0.778561,0.168954
0,10,15.2982,15.1724,-0.683295,0.209662
0,10,14.1671,15.499,-0.6328,0.164192
0,10,13.8016,15.5407,-0.633316,0.150616
0,10,14.7565,15.3224,-0.650706,0.180738
0,10,13.2059,15.1979,-0.695161,0.168828
0,10,13.8697,15.0815,-0.712781,0.169037
0,10,14.1831,14.9991,-0.729456,0.170271
0,10,8.76609,16.2086,-0.558083,-0.186884
0,10,9.21554,16.0761,-0.576709,-0.171625
0,10,15.651,14.6637,-0.850073,0.217572
0,10,14.0235,15.034,-0.717985,0.171748
0,10,15.0252,15.1562,-0.685283,0.19571
0,10,13.8883,15.4743,-0.641772,0.156199
0,10,16.9542,14.3208,-0.994296,0.362505
0,10,16.8741,14.4922,-0.966694,0.360258
0,10,17.3629,14.5787,-0.913324,0.50908
0,10,16.9366,14.4464,-0.967317,0.349985
0,10,18.0341,14.732,-0.747255,0.727453
0,10,17.866,15.7185,-0.492358,0.456632
0,10,18.1316,14.4767,-0.766157,0.797175
0,10,17.5438,16.7893,-0.436192,0.312486
0,10,17.6648,16.4697,-0.433735,0.417176
0,10,17.0382,18.0593,-0.451147,0.272661
0,10,17.4796,16.7203,-0.46638,0.325344
0,10,17.2215,18.0625,-0.473553,0.237674
0,10,16.6872,19.0096,-0.643497,0.197311
0,10,17.8616,18.3914,-0.477724,0.390601
0,10,17.2114,18.2745,-0.529305,0.293609
0,10,18.5277,17.5011,-0.549638,0.506749
0,10,16.8769,18.887,-0.628152,0.254604
0,10,17.6705,18.1835,-0.53465,0.355434
0,10,17.7809,18.4591,-0.499099,0.339339
0,10,17.8313,17.7188,-0.462671,0.337186
0,10,17.7638,18.2283,-0.514202,0.385928
0,10,17.8474,17.3825,-0.447772,0.352482
0,10,17.8318,17.8271,-0.472597,0.373876
0,10,18.1154,17.1062,-0.350277,0.407191
0,10,18.7722,16.2352,-0.297412,0.560502
0,10,18.1621,17.0299,-0.380852,0.365988
0,10,18.501,16.7626,-0.325161,0.463602
0,10,18.5245,16.5808,-0.325215,0.478762
0,10,18.5665,16.6807,-0.319262,0.484406
0,10,18.5224,16.9439,-0.339225,0.461276
0,10,19.1285,15.8238,-0.250951,0.77113
0,10,18.9137,16.0586,-0.295015,0.647774
0,10,18.6897,16.5221,-0.320574,0.492581
0,10,18.8414,16.1479,-0.304631,0.598774
0,10,19.198,15.6585,-0.241709,0.821328
0,10,19.113,15.7172,-0.259999,0.78633
0,10,19.5942,15.4016,-0.160505,0.981101
0,10,19.5341,15.4703,-0.173757,0.969499
0,10,19.5953,15.1019,-0.219993,1.09767
0,10,19.6317,15.2053,-0.177728,1.06253
0,10,19.4844,15.638,-0.192776,0.935528
0,10,20.2984,14.6165,0.00388039,0.791444
0,10,20.2824,14.5237,-0.00801632,0.811958
0,10,20.0933,14.8826,-0.0920784,0.919782
0,10,19.9832,15.1933,-0.103153,0.959089
0,10,19.2944,15.6068,-0.241107,0.863802
0,10,19.9224,14.7867,-0.156551,1.09565
0,10,19.9975,15.0797,-0.101697,0.98237
0,10,19.7499,15.0289,-0.185799,1.05658
0,10,19.8988,15.1496,-0.127642,1.00718
0,10,20.3239,16.6754,-0.0580834,0.42253
0,10,20.3046,16.1993,-0.0126827,0.480547
0,10,20.0398,16.6762,-0.102369,0.54643
0,10,20.1911,17.4454,-0.0708563,0.19461
0,10,19.6554,18.4384,-0.117633,0.182701
0,10,20.0078,17.7819,-0.182147,0.132686
0,10,18.2429,19.5656,-0.170781,0.142467
0,10,19.1979,18.6142,-0.20459,0.230121
0,10,17.8155,20.1147,-0.0686923,0.0421058
0,10,17.9429,19.77,-0.186233,0.0553285
0,10,17.962,19.8745,-0.147949,0.0485145
0,10,18.0432,19.8028,-0.163933,0.0478672
0,10,17.5438,20.1932,-0.0725234,0.00426036
0,10,14.2002,20.0746,-0.420513,0.0199027
0,10,18.0008,19.6945,-0.194204,0.0672776
0,10,13.3519,20.0116,-0.537685,-0.0492736
0,10,14.0054,20.1144,-0.407523,5.70013e-05
0,10,13.5667,19.9991,-0.484591,0.0196077
0,10,13.5739,20.3005,-0.324216,0.0261189
0,10,13.0692,20.3056,-0.352912,-0.00918726
0,10,12.4214,20.4005,-0.170387,-0.0281934
0,10,11.6465,20.3988,-0.282692,0.0562585
0,10,6.63254,18.6788,-0.571672,-0.0495771
0,10,2.82582,16.2725,-0.10927,-0.379062
0,10,2.63219,19.717,-0.0304513,-0.0548254
0,10,3.72536,20.033,-0.104873,-0.0955297
0,10,1.60593,18.8236,0.00247107,0.00155908
0,10,1.31434,18.5411,-0.0360482,-0.0130414
0,10,3.01406,16.3688,-0.108186,-0.368983
0,10,2.78664,16.72,-0.0720731,-0.345825
0,10,3.15993,16.4539,-0.110422,-0.371816
0,10,11.1066,15.6368,-0.659165,-0.00125349
0,10,9.96624,15.779,-0.632534,-0.106184
0,10,8.11516,16.036,-0.536341,-0.201967
0,10,8.93943,16.0768,-0.565034,-0.187947
0,10,4.74975,16.5391,-0.361342,-0.33825
0,10,9.02818,16.1429,-0.56766,-0.179502
0,10,13.6176,15.2029,-0.700998,0.169348
0,10,5.44766,16.3967,-0.442473,-0.279362
0,10,14.4731,14.944,-0.735383,0.170302
0,10,10.1778,16.0845,-0.631199,-0.0662917
0,10,4.57446,16.5887,-0.336754,-0.335791
0,10,15.8585,14.6003,-0.854252,0.204924
0,10,7.26367,16.1419,-0.496517,-0.248674
0,10,13.7376,15.3004,-0.67761,0.166606
0,10,14.4973,15.3873,-0.63673,0.163009
0,10,15.4759,14.8704,-0.773534,0.205491
0,10,15.9952,14.7909,-0.831639,0.234339
0,10,15.2156,15.0397,-0.71762,0.199139
0,10,14.6772,15.3586,-0.639191,0.184463
0,10,17.7461,14.6344,-0.824555,0.645322
0,10,17.1626,14.4783,-0.962734,0.48021
0,10,16.7571,14.4039,-0.960744,0.347607
0,10,17.7595,14.4861,-0.86227,0.681507
0,10,17.8629,15.4028,-0.543583,0.531519
0,10,18.0092,14.6219,-0.764536,0.744959
0,10,17.7424,16.3976,-0.427822,0.423192
0,10,18.0865,14.9638,-0.62772,0.65161
0,10,17.3999,17.0967,-0.368695,0.290921
0,10,17.592,16.6878,-0.455879,0.329346
0,10,17.1347,18.0062,-0.464678,0.242575
0,10,17.1156,18.3249,-0.527008,0.313926
0,10,17.8633,16.128,-0.435606,0.432725
0,10,18.0381,15.3371,-0.555259,0.545489
0,10,17.9599,15.7207,-0.476811,0.494956
0,10,17.0952,18.5383,-0.548728,0.290428
0,10,17.8659,18.5113,-0.470168,0.351789
0,10,17.1536,17.5981,-0.479789,0.243794
0,10,18.3166,16.9328,-0.353482,0.419309
0,10,17.8918,17.5254,-0.450284,0.328987
0,10,18.364,16.8279,-0.327541,0.439959
0,10,17.9855,17.1656,-0.421272,0.382256
0,10,18.1276,16.9266,-0.368047,0.366382
0,10,18.5454,16.3956,-0.333791,0.494569
0,10,18.2582,17.0252,-0.378837,0.402974
0,10,18.6484,16.4173,-0.319302,0.501132
0,10,19.0505,15.8991,-0.268997,0.717177
0,10,18.8047,16.3417,-0.291911,0.544439
0,10,18.7073,16.3271,-0.312277,0.525013
0,10,18.9587,15.8706,-0.29152,0.682706
0,10,19.0101,15.6795,-0.294722,0.760417
0,10,18.9795,15.575,-0.295359,0.797116
0,10,18.886,15.9446,-0.311672,0.672701
0,10,18.6759,16.2182,-0.319884,0.544313
0,10,18.6101,16.3094,-0.331409,0.514035
0,10,19.0324,15.7876,-0.276337,0.734465
0,10,18.8638,15.8324,-0.313612,0.697232
0,10,19.5804,15.2805,-0.173664,1.02304
0,10,19.0868,15.6164,-0.26239,0.804568
0,10,20.0244,14.7606,-0.123176,1.0473
0,10,19.4722,15.2376,-0.228624,1.0307
0,10,18.6494,16.1096,-0.345814,0.558889
0,10,18.7922,15.9345,-0.331629,0.620482
0,10,19.005,15.3592,-0.336646,0.836353
0,10,19.4629,15.5255,-0.188331,0.964695
0,10,18.7441,16.1257,-0.326612,0.575859
0,10,19.6397,14.9256,-0.222458,1.15197
0,10,19.9909,14.6518,-0.13045,1.13142
0,10,20.0311,14.977,-0.128402,0.969851
0,10,20.2785,14.8975,-0.022562,0.771656
0,10,20.1938,15.5359,-0.0382393,0.685427
0,10,20.3066,17.2874,-0.0927741,0.28195
0,10,19.5004,18.3307,-0.111369,0.224615
0,10,19.6924,18.2751,-0.111432,0.195632
0,10,18.422,19.5093,-0.18166,0.105276
0,10,18.4727,19.4361,-0.157605,0.115896
0,10,16.7845,20.2068,-0.21659,-0.0203865
0,10,18.775,18.887,-0.261978,0.188924
0,10,17.3838,20.202,-0.133786,0.0153098
0,10,18.8869,18.9069,-0.294863,0.233121
0,10,17.7364,20.1731,-0.0551396,0.0367881
0,10,17.8791,19.9447,-0.127804,0.0499185
0,10,18.8973,18.6423,-0.21756,0.228896
0,10,18.0639,19.9074,-0.139187,0.0488254
0,10,17.7956,20.009,-0.115902,0.049964
0,10,14.0936,20.1985,-0.347514,0.0423125
0,10,13.9838,20.2099,-0.34808,-0.0133732
0,10,13.3485,20.1051,-0.314436,-0.0441642
0,10,13.8613,20.2824,-0.242262,-0.0257205
0,10,12.7351,20.1173,-0.319709,0.12994
0,10,12.864,20.3045,-0.373389,0.0204328
0,10,11.8411,20.3984,-0.162178,0.0476956
0,10,0.566259,17.6363,-0.0259262,-0.0421131
0,10,2.31788,19.5355,-0.017752,-0.0102776
0,10,1.1558,18.264,-0.0711799,-0.0609182
0,10,4.55743,19.8232,-0.36231,-0.00694021
0,10,1.93069,16.615,-0.086096,-0.31742
0,10,4.4472,19.7875,-0.359494,-0.0168659
0,10,2.27113,17.2476,-0.124033,-0.3803
0,10,9.30182,15.7415,-0.594068,-0.1854
0,10,2.99941,16.7208,-0.0761492,-0.344773
0,10,9.60817,16.1646,-0.598032,-0.137483
0,10,10.5874,15.6574,-0.649237,-0.0776634
0,10,10.1547,15.9422,-0.628246,-0.0737737
0,10,4.71309,16.3302,-0.386849,-0.37223
0,10,3.93166,17.074,-0.235832,-0.279478
0,10,3.99728,16.9981,-0.24476,-0.282402
0,10,4.40607,16.6297,-0.314338,-0.320591
0,10,9.9248,16.1506,-0.614738,-0.0936833
0,10,5.68286,16.2849,-0.451669,-0.28065
0,10,3.89055,16.8404,-0.222592,-0.324991
0,10,4.365,16.5158,-0.305841,-0.330911
0,10,6.24018,16.1998,-0.506543,-0.265271
0,10,14.398,14.9669,-0.727667,0.174769
0,10,14.363,15.3682,-0.65034,0.163705
0,10,9.49983,16.1773,-0.596007,-0.140194
0,10,15.6162,14.8694,-0.785377,0.227184
0,10,14.5974,15.4167,-0.634064,0.181519
0,10,16.0721,14.5666,-0.877576,0.232541
0,10,14.0789,15.2406,-0.683877,0.168437
0,10,14.0768,15.3468,-0.65559,0.164834
0,10,17.0817,14.4566,-0.97799,0.451813
0,10,17.9039,15.5029,-0.519589,0.527031
0,10,17.7683,15.4165,-0.571117,0.487029
0,10,17.6837,14.3295,-0.95614,0.693903
0,10,18.0173,15.0427,-0.620035,0.633917
0,10,17.8933,14.5298,-0.8161,0.676755
0,10,17.9927,15.241,-0.580761,0.544486
0,10,18.0776,14.554,-0.774115,0.76226
0,10,18.0535,15.1453,-0.579224,0.609078
0,10,17.9341,14.4112,-0.843932,0.740269
0,10,17.9658,15.4141,-0.536363,0.542268
0,10,17.5563,16.9587,-0.384617,0.274385
0,10,15.9293,18.8597,-0.63742,0.137866
0,10,17.6912,18.6344,-0.497292,0.27007
0,10,17.8278,17.6117,-0.457398,0.318467
0,10,17.602,18.4681,-0.517093,0.274684
0,10,17.8142,17.4704,-0.4658,0.34112
0,10,17.9329,17.2559,-0.462428,0.357
0,10,17.742,17.7787,-0.442533,0.353273
0,10,18.3758,16.4568,-0.341693,0.479353
0,10,18.2929,16.7246,-0.350585,0.442502
0,10,18.9367,15.7575,-0.306302,0.713472
0,10,18.3986,16.7429,-0.332827,0.450329
0,10,18.4163,16.558,-0.33613,0.47738
0,10,18.8179,16.0405,-0.318353,0.612611
0,10,18.4804,16.4779,-0.338121,0.485546
0,10,18.513,16.2895,-0.349784,0.503863
0,10,18.3438,16.3509,-0.358727,0.495066
0,10,18.6254,15.9984,-0.354181,0.573385
0,10,18.8392,15.7242,-0.336901,0.720556
0,10,18.77,15.8269,-0.346918,0.631422
0,10,18.9141,15.4269,-0.34758,0.789381
0,10,19.0789,15.414,-0.320372,0.844281
0,10,18.9065,15.647,-0.33435,0.739474
0,10,18.5808,16.2005,-0.34096,0.532424
0,10,18.7201,16.0182,-0.336003,0.59064
0,10,19.0921,15.5218,-0.299006,0.812938
0,10,19.2794,15.4992,-0.253048,0.890814
0,10,19.1782,15.4591,-0.287243,0.85292
0,10,18.8812,15.535,-0.328361,0.750812
0,10,19.4166,15.1204,-0.273998,1.05474
0,10,19.1923,15.5627,-0.269885,0.831823
0,10,19.4385,15.4102,-0.192586,0.988647
0,10,19.3762,15.545,-0.222084,0.87846
0,10,19.3784,14.8973,-0.289897,1.08116
0,10,18.9941,15.482,-0.32915,0.813511
0,10,20.0024,14.555,-0.103313,1.1597
0,10,20.401,14.4769,-0.0841853,0.538199
0,10,20.0749,15.1368,-0.0895386,0.897589
0,10,20.109,16.9277,-0.0643212,0.439617
0,10,20.1907,17.1513,-0.0520608,0.313989
0,10,19.0437,18.7584,-0.254414,0.247006
0,10,20.2877,17.6677,0.00343555,0.161585
0,10,19.3461,18.473,-0.141916,0.232568
0,10,20.1176,17.8091,-0.15758,0.106652
0,10,18.6995,18.9589,-0.28576,0.163895
0,10,19.0724,18.8556,-0.311651,0.263743
0,10,18.9662,18.8339,-0.276821,0.25759
0,10,19.4224,18.4021,-0.122918,0.228799
0,10,17.8496,20.2189,-0.0223493,0.0246033
0,10,18.1707,19.6436,-0.155664,0.123604
0,10,15.5673,20.2062,-0.246225,0.0570668
0,10,16.2655,20.3091,0.0357735,0.0525209
0,10,14.2378,19.9654,-0.506296,0.0319285
0,10,13.9273,20.0559,-0.446494,-0.01635
0,10,13.7058,20.195,-0.390161,0.0740561
0,10,14.158,20.2847,-0.20041,-0.0174873
0,10,13.5477,20.0968,-0.393133,0.0166388
0,10,12.799,20.21,-0.317493,0.0885208
0,10,13.3111,20.2053,-0.318913,0.00162843
0,10,12.1298,20.3979,-0.109899,-0.0261046
0,10,1.91365,17.2341,-0.1341,-0.303338
0,10,0.714336,17.8034,-0.023328,-0.0520706
0,10,0.588361,16.4466,0.080584,-0.106938
0,10,2.48489,19.5721,-0.0260041,-0.0294179
0,10,2.98713,16.2709,-0.158269,-0.377791
0,10,2.90082,16.3605,-0.100315,-0.344292
0,10,8.10445,15.8618,-0.54756,-0.20519
0,10,2.99049,16.6263,-0.0894314,-0.349762
0,10,10.9937,15.6463,-0.666638,-0.0126884
0,10,10.2931,15.7516,-0.660896,-0.0799406
0,10,10.6004,16.0752,-0.645322,-0.0528566
0,10,9.73253,16.1654,-0.604033,-0.120403
0,10,9.89815,15.87,-0.630171,-0.116623
0,10,4.3054,16.5994,-0.299302,-0.317994
0,10,8.69454,16.0029,-0.562173,-0.190804
0,10,4.23044,16.6674,-0.278729,-0.299535
0,10,9.69375,15.9261,-0.610812,-0.139814
0,10,4.46045,16.5487,-0.310946,-0.327259
0,10,10.6201,15.8577,-0.658191,-0.0569273
0,10,16.2133,14.5034,-0.900155,0.19043
0,10,13.9726,15.1615,-0.693828,0.163433
0,10,14.7544,14.8726,-0.757027,0.166374
0,10,7.10812,16.108,-0.512964,-0.25217
0,10,13.9137,15.2371,-0.68213,0.165212
0,10,14.1697,15.3955,-0.644964,0.167316
0,10,14.2426,14.9831,-0.726469,0.177831
0,10,16.462,14.5857,-0.936221,0.262486
0,10,15.3152,14.9689,-0.749338,0.218965
0,10,17.6567,14.2123,-0.950622,0.68484
0,10,15.5504,14.936,-0.765262,0.227917
0,10,15.0513,15.0185,-0.725624,0.19589
0,10,15.5232,14.7953,-0.788395,0.209923
0,10,16.682,14.3712,-0.954845,0.287454
0,10,15.9068,14.8255,-0.815367,0.224581
0,10,14.2635,15.4294,-0.637579,0.162643
0,10,14.0639,15.1477,-0.697038,0.170048
0,10,18.0554,14.8579,-0.674153,0.680023
0,10,17.3152,14.4682,-0.944444,0.518433
0,10,17.9816,14.508,-0.796113,0.741485
0,10,16.8151,18.6146,-0.6063,0.226024
0,10,17.9839,15.8303,-0.460876,0.484035
0,10,17.9302,15.612,-0.496391,0.503158
0,10,17.313,18.1186,-0.524595,0.25095
0,10,17.5137,17.0624,-0.356999,0.267777
0,10,17.7524,17.5534,-0.471715,0.327213
0,10,18.0564,16.9872,-0.362955,0.398224
0,10,18.2228,16.9165,-0.354699,0.395498
0,10,18.3101,16.5433,-0.343472,0.458539
0,10,18.1636,16.816,-0.35574,0.390977
0,10,18.4436,16.3749,-0.342545,0.487573
0,10,18.354,16.6411,-0.343223,0.46335
0,10,18.416,16.2676,-0.36732,0.497561
0,10,18.486,16.1794,-0.358928,0.519326
0,10,18.5549,16.0889,-0.361734,0.54488
0,10,18.4975,15.8722,-0.387117,0.573761
0,10,18.5314,15.9779,-0.374142,0.562806
0,10,18.5047,15.7218,-0.407531,0.615183
0,10,18.7471,15.7203,-0.352896,0.64254
0,10,18.599,15.8891,-0.36905,0.591077
0,10,18.8996,15.3301,-0.367192,0.799697
0,10,18.6952,15.908,-0.350322,0.605126
0,10,19.0872,15.2778,-0.347463,0.893644
0,10,18.9895,15.2605,-0.359814,0.843073
0,10,19.2111,15.2717,-0.31209,0.924105
0,10,19.3979,15.3063,-0.226418,1.02237
0,10,19.3095,15.3136,-0.271994,0.922891
0,10,19.3924,15.0201,-0.293279,1.07506
0,10,19.3603,14.7965,-0.309001,1.12165
0,10,19.2584,15.3923,-0.252707,0.912775
0,10,19.6245,14.4771,-0.240995,1.26208
0,10,19.3658,15.2028,-0.251826,1.03793
0,10,19.6622,14.8339,-0.240727,1.15606
0,10,19.3568,15.4331,-0.236238,0.910569
0,10,19.5065,15.3412,-0.183273,0.99623
0,10,20.1038,14.3834,-0.0518042,1.14517
0,10,20.1071,14.235,-0.0773717,1.16227
0,10,20.1574,15.2055,-0.104168,0.783607
0,10,20.3435,15.1415,-0.0641512,0.586745
0,10,20.208,17.2485,-0.107296,0.29881
0,10,19.9334,15.6646,-0.106792,0.86531
0,10,19.8094,18.2879,-0.0899471,0.153743
0,10,20.2189,15.9491,0.00575695,0.575239
0,10,20.2836,16.482,0.0430659,0.430596
0,10,20.1949,16.2596,-0.0241566,0.553076
0,10,19.4588,18.4963,-0.157156,0.228086
0,10,20.2841,17.7616,-0.0864123,0.134557
0,10,18.7732,19.1564,-0.250982,0.176175
0,10,18.2114,19.4592,-0.198807,0.162347
0,10,18.2825,19.6603,-0.13943,0.134167
0,10,18.666,19.1347,-0.281221,0.153859
0,10,16.7859,20.303,0.0640063,-0.0339462
0,10,17.1392,20.4015,0.00949962,-0.00238937
0,10,15.9628,20.3056,-0.077669,0.0213003
0,10,13.6682,19.9918,-0.500793,0.0481182
0,10,13.6465,20.0949,-0.409942,0.064724
0,10,13.8026,20.1919,-0.373895,0.0102212
0,10,14.2023,20.4026,-0.252446,0.0210464
0,10,13.0031,20.2101,-0.237728,-0.00897527
0,10,12.7307,20.4046,-0.291041,-0.015922
0,10,12.2267,20.3993,-0.123593,-0.0237707
0,10,4.81256,19.7922,-0.351326,-0.00752688
0,10,0.503885,17.3471,-0.00616241,-0.010484
0,10,3.2965,19.9923,-0.100329,-0.0609733
0,10,1.56894,16.6261,-0.078802,-0.318229
0,10,10.3497,15.6424,-0.649463,-0.0781931
0,10,0.543097,16.6903,0.0132851,-0.0513434
0,10,3.17815,16.5556,-0.103551,-0.367465
0,10,2.4869,17.0583,-0.113007,-0.363401
0,10,1.75213,16.6549,-0.0819735,-0.309206
0,10,9.2445,15.7579,-0.577351,-0.177634
0,10,4.50838,16.1876,-0.378629,-0.407218
0,10,10.287,15.9088,-0.644038,-0.0725404
0,10,4.64826,16.5152,-0.350363,-0.343219
0,10,8.92049,15.9841,-0.580714,-0.186289
0,10,9.6521,16.2492,-0.591508,-0.129554
0,10,5.30544,16.2813,-0.444756,-0.32585
0,10,10.3524,16.1645,-0.633131,-0.0622821
0,10,8.48143,16.0383,-0.561543,-0.200571
0,10,13.9921,15.2905,-0.674464,0.166619
0,10,9.67748,16.0873,-0.595919,-0.134861
0,10,10.4023,16.0695,-0.638159,-0.0631709
0,10,14.9024,14.8372,-0.77654,0.173178
0,10,7.90771,16.0606,-0.526406,-0.219556
0,10,14.1824,15.1945,-0.686865,0.174009
0,10,15.3542,14.7377,-0.827601,0.197778
0,10,13.8295,15.3014,-0.673167,0.161482
0,10,14.1583,15.1001,-0.696818,0.180165
0,10,17.4556,14.2055,-0.950242,0.621423
0,10,15.1995,14.7587,-0.797483,0.19721
0,10,8.92354,16.1752,-0.55321,-0.173784
0,10,15.9326,14.5769,-0.863814,0.18095
0,10,14.5098,15.0755,-0.701946,0.168264
0,10,15.3844,14.8469,-0.777649,0.212943
0,10,14.36,15.2604,-0.662409,0.162844
0,10,14.2738,15.2157,-0.674859,0.170118
0,10,17.1067,14.3402,-0.989447,0.480127
0,10,16.4312,14.469,-0.948155,0.245739
0,10,17.5911,14.4777,-0.902067,0.64499
0,10,16.6956,14.5173,-0.96733,0.299809
0,10,18.1795,14.5992,-0.737418,0.783145
0,10,18.028,15.6355,-0.483573,0.50921
0,10,17.736,17.6712,-0.440653,0.333093
0,10,17.5846,18.7973,-0.493492,0.227395
0,10,17.7453,17.8926,-0.483043,0.36182
0,10,18.2755,16.4399,-0.361972,0.463504
0,10,18.0718,16.8344,-0.370149,0.380534
0,10,18.3236,16.2389,-0.384677,0.511042
0,10,17.8398,17.2775,-0.467574,0.354048
0,10,17.6763,17.4988,-0.479869,0.318203
0,10,18.4626,16.0665,-0.381993,0.537876
0,10,18.2647,16.8228,-0.343211,0.417645
0,10,18.671,15.8012,-0.362356,0.618002
0,10,18.6382,15.7028,-0.375808,0.629994
0,10,18.9791,15.1683,-0.385165,0.857087
0,10,19.1932,15.1314,-0.314257,0.963386
0,10,19.0589,15.1228,-0.349813,0.918313
0,10,18.8817,15.2288,-0.387446,0.822143
0,10,19.1581,15.3514,-0.285642,0.885698
0,10,19.2306,15.0421,-0.323771,0.988423
0,10,19.2705,15.1991,-0.286225,0.957652
0,10,19.1113,14.9526,-0.392674,0.969995
0,10,19.2034,14.9367,-0.355692,1.02097
0,10,19.3755,14.6247,-0.325146,1.16769
0,10,19.291,14.6808,-0.348963,1.1344
0,10,19.17,14.7085,-0.364248,1.07072
0,10,19.3132,15.0995,-0.295025,1.01483
0,10,19.3074,14.9792,-0.303106,1.04053
0,10,19.4654,14.8227,-0.271732,1.12727
0,10,19.552,14.9808,-0.251713,1.12054
0,10,19.7435,14.9213,-0.203233,1.09836
0,10,19.6255,14.6748,-0.257709,1.20033
0,10,20.1039,14.5757,-0.0622334,1.06916
0,10,19.464,14.9386,-0.278913,1.10961
0,10,20.2779,14.1599,-0.0246247,0.781452
0,10,20.1543,14.4858,-0.0355716,1.04403
0,10,19.5225,15.1659,-0.237226,1.05071
0,10,19.9037,14.6907,-0.175153,1.13554
0,10,20.2923,17.4796,-0.0160371,0.17211
0,10,20.1795,15.8669,0.0225137,0.625871
0,10,20.2889,17.3843,-0.0898573,0.218038
0,10,20.3956,14.5746,0.0241761,0.478158
0,10,20.2191,16.1586,-0.0567654,0.556237
0,10,20.2036,16.9626,-0.0245436,0.368902
0,10,20.3963,16.4164,0.0042385,0.427028
0,10,19.6139,18.35,-0.118193,0.207399
0,10,19.1205,18.6845,-0.225465,0.242922
0,10,18.5917,19.4692,-0.129583,0.114663
0,10,18.7382,19.0578,-0.301199,0.172096
0,10,18.9942,18.9307,-0.306876,0.280813
0,10,17.9791,19.9784,-0.108989,0.0413764
0,10,16.3706,20.2992,0.0272161,-0.068334
0,10,18.8115,18.9831,-0.30156,0.208984
0,10,14.6937,20.1972,-0.315516,0.0516023
0,10,14.6165,20.0567,-0.44715,-0.0503383
0,10,14.1082,20.0996,-0.410944,0.0496501
0,10,13.7655,19.9864,-0.516011,0.0469414
0,10,13.9155,20.3967,-0.223195,-0.0198399
0,10,13.7692,20.2989,-0.235168,0.00297921
0,10,13.1376,20.402,-0.311317,0.00488365
0,10,12.3238,20.3989,-0.151886,-0.0367649
0,10,1.15302,16.403,-0.0390499,-0.305321
0,10,4.07156,19.8378,-0.247663,-0.0292734
0,10,3.68139,20.1201,-0.127428,-0.0928739
0,10,1.47694,16.9998,-0.101829,-0.309693
0,10,6.47427,18.8337,-0.573744,-0.0696981
0,10,3.60328,16.2455,-0.156733,-0.434034
0,10,3.04876,16.451,-0.105595,-0.365747
0,10,2.96252,16.5356,-0.0833779,-0.347786
0,10,10.5082,15.6158,-0.663418,-0.0603955
0,10,9.53618,16.2608,-0.576827,-0.136766
0,10,11.2749,15.6899,-0.657403,0.0101252
0,10,11.3879,15.6751,-0.659499,0.0276095
0,10,10.7941,15.7103,-0.663278,-0.0335077
0,10,9.84278,16.206,-0.607429,-0.0968096
0,10,9.12731,16.1166,-0.576379,-0.177327
0,10,3.85204,17.1439,-0.235897,-0.269527
0,10,5.1068,16.4095,-0.440016,-0.31316
0,10,8.37121,16.0507,-0.544692,-0.204295
0,10,4.11846,16.6459,-0.257323,-0.317474
0,10,8.56339,15.9903,-0.558004,-0.199284
0,10,3.95519,17.179,-0.248095,-0.270638
0,10,10.3339,16.0093,-0.636084,-0.0667597
0,10,9.44622,16.0919,-0.591928,-0.144386
0,10,4.03585,16.6951,-0.243902,-0.314078
0,10,7.65856,16.0841,-0.502396,-0.236104
0,10,10.3913,15.9198,-0.650069,-0.0719308
0,10,8.62193,16.0766,-0.557056,-0.196144
0,10,16.4776,14.4268,-0.955612,0.263288
0,10,15.7928,14.6229,-0.857439,0.198823
0,10,14.5907,15.0294,-0.709149,0.177606
0,10,14.9092,15.1456,-0.697299,0.180789
0,10,14.3402,15.1321,-0.69358,0.170855
0,10,15.9454,14.6969,-0.840646,0.213894
0,10,17.5747,14.2751,-0.976011,0.667165
0,10,17.398,14.2869,-0.966158,0.607535
0,10,18.043,14.4275,-0.806572,0.786254
0,10,18.1764,14.2925,-0.817521,0.875701
0,10,18.1208,15.0687,-0.581131,0.629359
0,10,18.1375,15.3471,-0.532245,0.583193
0,10,17.8209,16.3171,-0.446828,0.423314
0,10,16.88,18.7796,-0.628679,0.271348
0,10,17.582,18.1399,-0.538238,0.301602
0,10,17.7321,17.411,-0.459257,0.329273
0,10,17.6584,17.6153,-0.446131,0.319171
0,10,18.0943,16.7099,-0.380697,0.392655
0,10,18.4753,15.6193,-0.404335,0.626547
0,10,18.5681,15.7872,-0.379913,0.60135
0,10,18.8131,15.6065,-0.331084,0.708093
0,10,18.6688,15.4589,-0.410713,0.692867
0,10,18.7149,15.626,-0.361142,0.657983
0,10,18.6371,15.3595,-0.43799,0.710306
0,10,18.8213,15.4477,-0.365929,0.747985
0,10,18.9433,15.0714,-0.401844,0.878373
0,10,18.8061,15.3159,-0.383343,0.785644
0,10,19.1254,15.1982,-0.340541,0.922164
0,10,19.1757,14.8363,-0.367976,1.04911
0,10,19.1203,15.0489,-0.344105,0.960497
0,10,19.2639,14.4783,-0.365885,1.17413
0,10,19.2779,14.5772,-0.354208,1.16428
0,10,18.9886,14.9181,-0.423897,0.95073
0,10,19.2774,14.8677,-0.337179,1.07628
0,10,19.3629,14.5044,-0.342972,1.21705
0,10,19.5407,14.5215,-0.276671,1.2344
0,10,19.4542,14.4547,-0.332238,1.24153
0,10,19.2543,14.7638,-0.351081,1.10442
0,10,19.4469,14.5689,-0.287801,1.19616
0,10,19.3948,14.2677,-0.338964,1.29662
0,10,19.5841,14.1529,-0.269768,1.38653
0,10,19.8073,14.5032,-0.176444,1.24024
0,10,19.5797,14.7675,-0.261719,1.18282
0,10,19.7298,14.5595,-0.223456,1.22468
0,10,19.6968,14.3061,-0.241206,1.33827
0,10,19.7474,14.6622,-0.215425,1.1937
0,10,20.0494,14.3134,-0.0712424,1.22112
0,10,19.7021,14.7455,-0.23843,1.17149
0,10,19.8319,14.6171,-0.189708,1.17035
0,10,20.2422,14.995,-0.0584725,0.763431
0,10,20.1846,14.068,-0.118915,1.10634
0,10,20.2235,15.3387,-0.00739756,0.665892
0,10,19.9522,14.3221,-0.0892482,1.26095
0,10,20.1703,15.0908,-0.0727999,0.793846
0,10,20.3117,16.7885,-0.0288425,0.387599
0,10,19.9578,18.1327,-0.0816976,0.124577
0,10,19.2113,18.8588,-0.174658,0.137043
0,10,19.2293,18.711,-0.258726,0.233695
0,10,20.16,17.9086,-0.129097,0.0833664
0,10,18.6632,19.4032,-0.135973,0.105234
0,10,18.9183,19.0043,-0.294618,0.257567
0,10,18.8455,19.081,-0.270893,0.222169
0,10,18.5496,19.3742,-0.162628,0.131332
0,10,17.8913,20.3204,0.00312459,0.0110638
0,10,16.462,20.2053,-0.164927,-0.0307462
0,10,17.5735,20.301,-0.0376259,0.00241678
0,10,17.9211,20.1518,-0.0382176,0.0210901
0,10,17.446,20.3956,-0.0114631,0.00697301
0,10,14.3112,20.4046,-0.234548,0.000381187
0,10,13.8971,20.173,-0.372687,-0.00245572
0,10,13.124,20.022,-0.530048,-0.0353216
0,10,13.6706,20.2939,-0.290675,0.0279806
0,10,12.5218,20.4007,-0.214039,-0.0436635
0,10,4.98894,19.7383,-0.374312,-0.0441551
0,10,2.77925,19.8806,-0.0425083,-0.0539544
0,10,6.81608,18.954,-0.619157,-0.116143
0,10,2.99697,17.3278,-0.200909,-0.299943
0,10,6.00285,19.294,-0.568477,-0.115036
0,10,0.499719,17.1522,-0.00131152,-0.0279632
0,10,6.76467,18.8362,-0.637048,-0.0910323
0,10,1.92843,16.8968,-0.0962943,-0.301915
0,10,2.41147,16.7957,-0.0771318,-0.364409
0,10,9.93502,16.2663,-0.614294,-0.0809447
0,10,10.6981,15.691,-0.658425,-0.0476304
0,10,9.59192,15.7076,-0.626355,-0.152814
0,10,9.49081,16.3462,-0.571363,-0.13501
0,10,11.0203,15.7331,-0.65776,-0.0160971
0,10,9.12845,16.0038,-0.578336,-0.178418
0,10,3.76001,17.2084,-0.226456,-0.274069
0,10,9.92661,15.965,-0.612397,-0.109406
0,10,7.48388,16.0758,-0.496573,-0.259791
0,10,5.95581,16.2147,-0.484789,-0.281094
0,10,10.4492,15.8271,-0.651912,-0.0781646
0,10,6.65948,16.1738,-0.513206,-0.240584
0,10,6.61819,16.094,-0.517431,-0.240349
0,10,5.02486,16.451,-0.42156,-0.31057
0,10,10.8602,16.0039,-0.640671,-0.0368146
0,10,9.31216,16.1136,-0.583237,-0.152331
0,10,16.223,14.6732,-0.870549,0.248075
0,10,14.511,15.2201,-0.66552,0.177944
0,10,15.6179,14.7688,-0.817792,0.221001
0,10,14.4519,15.3026,-0.659071,0.167908
0,10,16.2857,14.6096,-0.916738,0.245935
0,10,17.9963,14.3301,-0.859092,0.795184
0,10,18.1081,14.6665,-0.739961,0.74469
0,10,18.1637,15.1679,-0.550916,0.613439
0,10,17.1824,17.8808,-0.444888,0.223807
0,10,18.0979,17.9427,-0.539898,0.432215
0,10,17.695,18.52,-0.508042,0.293874
0,10,17.656,17.844,-0.468245,0.334759
0,10,17.6214,17.4167,-0.442341,0.280594
0,10,17.9985,16.8938,-0.361368,0.396186
0,10,18.4318,15.9579,-0.389837,0.553262
0,10,18.2494,16.3323,-0.374994,0.467877
0,10,18.4324,15.8118,-0.414673,0.591039
0,10,18.5643,15.4378,-0.451389,0.660691
0,10,18.5958,15.2583,-0.448757,0.72799
0,10,18.5502,15.5326,-0.40222,0.645822
0,10,18.3793,15.6002,-0.424487,0.60621
0,10,18.405,15.7093,-0.419008,0.593784
0,10,18.5753,15.6368,-0.393196,0.640353
0,10,18.7433,15.3875,-0.401291,0.752221
0,10,18.7568,15.5198,-0.364631,0.710959
0,10,19.0183,15.0141,-0.376608,0.941224
0,10,18.8632,15.134,-0.425801,0.835723
0,10,18.7031,15.2803,-0.413555,0.763076
0,10,18.8251,14.7835,-0.469311,0.905116
0,10,18.6021,14.9889,-0.495928,0.789111
0,10,19.0657,14.6643,-0.396792,1.04345
0,10,18.8265,15.0387,-0.438162,0.85232
0,10,18.9023,14.9723,-0.424854,0.892947
0,10,19.0685,14.8615,-0.403142,0.983455
0,10,19.3066,14.3296,-0.363695,1.22044
0,10,19.3483,14.0777,-0.333557,1.33924
0,10,19.3617,14.4029,-0.364714,1.22903
0,10,19.0944,14.7725,-0.386034,1.01561
0,10,19.6309,14.3697,-0.250182,1.31839
0,10,19.2509,14.0963,-0.380765,1.31658
0,10,19.344,13.9924,-0.335354,1.35179
0,10,19.4463,14.3383,-0.31,1.29499
0,10,19.2246,14.3951,-0.379317,1.18282
0,10,19.5355,14.4027,-0.294944,1.2881
0,10,19.4057,14.7178,-0.31536,1.14233
0,10,19.5469,14.8628,-0.254141,1.1745
0,10,19.4954,15.0566,-0.255028,1.08298
0,10,19.7779,14.8312,-0.203289,1.12615
0,10,19.8903,14.4614,-0.151619,1.22936
0,10,20.2096,14.8295,-0.00653422,0.859403
0,10,20.3112,15.9784,0.0225378,0.490706
0,10,20.0849,14.6828,-0.0775937,1.05097
0,10,20.2437,15.2302,-0.0835213,0.65782
0,10,20.4001,15.8063,0.029939,0.448761
0,10,20.1882,14.1659,-0.0996887,1.08341
0,10,19.5795,18.5118,-0.135214,0.195107
0,10,20.2059,15.4441,-0.014043,0.697056
0,10,20.2994,16.5739,0.00568792,0.430789
0,10,20.2276,17.8374,-0.127935,0.103333
0,10,19.7325,18.3641,-0.100093,0.16894
0,10,20.1924,17.0594,-0.0270405,0.337638
0,10,19.1505,18.782,-0.289286,0.249494
0,10,20.0482,17.8819,-0.149609,0.109211
0,10,18.8028,19.265,-0.154235,0.103839
0,10,18.8715,19.1956,-0.154042,0.112696
0,10,18.2123,19.7398,-0.150054,0.124256
0,10,17.2349,20.3988,0.00183023,-0.00231694
0,10,17.7711,20.2686,-0.0246676,0.0210259
0,10,17.4804,20.2732,-0.0546771,0.000440597
0,10,14.6065,20.1487,-0.292963,-0.0340102
0,10,15.4622,20.2027,-0.290706,0.000460232
0,10,14.4932,20.1644,-0.269538,0.0869879
0,10,13.239,20.0171,-0.550502,-0.0484802
0,10,13.0362,20.4026,-0.314251,-0.0128326
0,10,11.9291,20.2988,-0.567983,0.0681991
0,10,0.505026,16.6097,0.0635635,-0.0630918
0,10,3.30648,16.2836,-0.153748,-0.395094
0,10,2.56158,19.6435,-0.0191083,-0.0464638
0,10,0.505574,16.52,-0.0516296,-0.0424147
0,10,2.17798,16.3106,-0.0766369,-0.347946
0,10,2.72957,16.52,-0.0760825,-0.356365
0,10,0.987919,18.2157,-0.0482314,-0.0625818
0,10,8.74806,15.7914,-0.575767,-0.201623
0,10,2.8884,16.7091,-0.0737381,-0.340635
0,10,11.2689,15.5131,-0.659267,0.0143473
0,10,11.0423,15.5468,-0.657249,-0.0110503
0,10,2.3978,17.0162,-0.111882,-0.356668
0,10,10.0274,15.9656,-0.619628,-0.0899307
0,10,12.4277,15.3463,-0.672151,0.139728
0,10,10.8585,15.8903,-0.654636,-0.0303229
0,10,3.66633,17.2849,-0.227824,-0.275593
0,10,9.11576,16.2134,-0.56222,-0.172919
0,10,9.94287,16.0598,-0.61721,-0.102914
0,10,9.83551,16.0218,-0.606036,-0.109597
0,10,10.6653,15.9485,-0.654579,-0.0463441
0,10,10.5722,15.973,-0.650855,-0.0620477
0,10,15.712,14.6437,-0.835111,0.214436
0,10,14.6877,15.0079,-0.71777,0.17844
0,10,14.4276,15.0723,-0.704349,0.180991
0,10,14.2709,15.3275,-0.656517,0.162465
0,10,17.217,14.4012,-0.976172,0.487952
0,10,18.2776,14.2463,-0.793646,0.941112
0,10,18.1205,14.7875,-0.683483,0.69541
0,10,18.0642,15.4421,-0.50785,0.5273
0,10,17.9978,15.5278,-0.494086,0.51674
0,10,17.2944,18.4311,-0.504508,0.254161
0,10,17.5829,17.5537,-0.463224,0.301914
0,10,18.0156,17.0758,-0.34479,0.404224
0,10,18.3939,16.1537,-0.379378,0.521928
0,10,18.2066,16.5274,-0.351746,0.444977
0,10,18.6496,15.5548,-0.389247,0.660763
0,10,18.3648,16.0432,-0.398474,0.539865
0,10,18.3349,15.804,-0.42199,0.564662
0,10,18.2301,16.2232,-0.406683,0.473594
0,10,17.9482,16.9812,-0.356983,0.391767
0,10,17.9346,16.8144,-0.372713,0.400935
0,10,18.36,15.9061,-0.414961,0.565433
0,10,18.1781,16.4201,-0.370752,0.454148
0,10,18.6702,15.1805,-0.455221,0.778918
0,10,18.5291,15.339,-0.467677,0.685538
0,10,18.4519,15.511,-0.422725,0.64157
0,10,18.2858,16.0015,-0.406774,0.529906
0,10,18.561,15.1611,-0.477338,0.733795
0,10,18.3551,15.4902,-0.443975,0.618441
0,10,18.1542,16.3095,-0.384174,0.461331
0,10,18.5635,14.8927,-0.528518,0.792733
0,10,18.3101,15.6925,-0.433267,0.568892
0,10,18.4575,15.4149,-0.484508,0.65211
0,10,18.4192,15.3183,-0.487393,0.651392
0,10,19.0769,14.5768,-0.418013,1.06712
0,10,18.6376,15.0835,-0.470604,0.777507
0,10,18.7781,15.2094,-0.421017,0.801996
0,10,19.186,14.6177,-0.385042,1.09143
0,10,18.6009,14.7233,-0.548562,0.856759
0,10,18.9901,14.7393,-0.416567,0.997682
0,10,18.7515,15.112,-0.449447,0.817919
0,10,18.9593,14.5463,-0.455416,1.04987
0,10,18.2413,15.7845,-0.43307,0.534693
0,10,19.1827,14.3103,-0.417865,1.20532
0,10,19.5045,14.2166,-0.302774,1.33418
0,10,18.8857,14.7182,-0.448251,0.951249
0,10,19.9858,13.8971,-0.239385,1.36278
0,10,19.7238,14.1792,-0.218792,1.39523
0,10,20.0505,14.4685,-0.104547,1.16533
0,10,19.772,14.3761,-0.172119,1.28975
0,10,19.6794,14.0971,-0.24619,1.41258
0,10,19.548,14.2982,-0.289821,1.32533
0,10,19.6365,14.5844,-0.254461,1.23249
0,10,20.2739,13.8003,-0.233329,1.0523
0,10,19.7162,14.4508,-0.206421,1.27377
0,10,20.0464,14.159,-0.133385,1.24297
0,10,20.4076,16.6046,-0.0238513,0.462169
0,10,20.4031,16.121,-0.00802027,0.438691
0,10,19.9105,14.5618,-0.133753,1.1939
0,10,20.2906,16.3902,-0.0252567,0.450303
0,10,20.3955,17.704,0.00615561,0.184422
0,10,20.2443,14.4493,-0.0480988,0.894282
0,10,20.3059,16.8943,-0.0193812,0.363414
0,10,20.3956,17.426,-0.00791228,0.198667
0,10,20.4038,16.8286,-0.00859462,0.371486
0,10,20.17,14.9344,-0.0819014,0.845258
0,10,19.1413,18.9248,-0.169696,0.123787
0,10,19.2836,18.7932,-0.180585,0.1531
0,10,19.0047,19.0577,-0.149523,0.128807
0,10,20.3939,17.612,0.00526004,0.181659
0,10,17.8196,20.3685,-0.007974,0.00221644
0,10,18.1616,19.9211,-0.115837,0.128445
0,10,18.0803,20.0082,-0.082389,0.0515592
0,10,16.5725,20.308,0.0532679,0.0202945
0,10,14.6545,20.3137,-0.197736,0.0361958
0,10,14.387,20.1889,-0.249682,0.0952333
0,10,14.3785,20.3017,-0.344071,0.021729
0,10,13.2477,20.1094,-0.282217,-0.048145
0,10,13.6321,20.4002,-0.215128,-0.00684431
0,10,12.6553,20.3142,-0.4157,-0.0594829
0,10,11.7009,15.4471,-0.661938,0.0631298
0,10,10.0403,15.6761,-0.645599,-0.100848
0,10,1.54237,16.3303,-0.0483955,-0.298782
0,10,3.09781,20.0528,-0.108168,0.0397564
0,10,9.46633,15.7112,-0.590743,-0.168292
0,10,1.67421,16.762,-0.0836857,-0.318657
0,10,10.6553,15.5893,-0.6542,-0.057141
0,10,2.12144,17.01,-0.127829,-0.342271
0,10,11.5994,15.4604,-0.668237,0.0519919
0,10,9.96308,15.6803,-0.649081,-0.103587
0,10,10.8855,15.5654,-0.658676,-0.0231028
0,10,9.41794,16.2687,-0.572163,-0.135967
0,10,9.38651,16.1789,-0.587607,-0.138793
0,10,10.0326,16.1025,-0.628238,-0.0800421
0,10,11.5294,15.4695,-0.660175,0.0444352
0,10,10.0184,16.2032,-0.623519,-0.0739019
0,10,11.6735,15.5378,-0.667299,0.0530972
0,10,9.80948,15.9228,-0.61257,-0.118185
0,10,10.6971,16.0449,-0.64998,-0.0404781
0,10,9.28129,16.3397,-0.561415,-0.146807
0,10,16.5469,14.4318,-0.942633,0.28725
0,10,15.1423,14.9833,-0.727868,0.198049
0,10,17.0154,14.3593,-1.00858,0.444608
0,10,17.579,14.3801,-0.933822,0.660976
0,10,18.1873,14.4028,-0.768138,0.838342
0,10,18.0082,15.9433,-0.451196,0.4767
0,10,17.6706,18.0706,-0.519273,0.363861
0,10,17.6488,17.7341,-0.424088,0.335477
0,10,18.2455,16.627,-0.34647,0.441723
0,10,18.0113,16.7499,-0.383954,0.39439
0,10,17.8763,17.165,-0.438309,0.355583
0,10,17.7805,18.5745,-0.482372,0.312043
0,10,17.4943,18.2058,-0.552381,0.259361
0,10,17.6527,17.3185,-0.465966,0.275552
0,10,17.7508,17.3154,-0.461453,0.344902
0,10,17.5373,17.4688,-0.440699,0.279399
0,10,18.0464,16.6075,-0.385056,0.397108
0,10,17.9072,17.0725,-0.353103,0.375711
0,10,18.2977,16.1279,-0.398946,0.528433
0,10,18.1911,16.72,-0.369162,0.409696
0,10,18.2632,15.8981,-0.424447,0.528598
0,10,17.9936,16.3976,-0.395113,0.382616
0,10,18.1081,16.5049,-0.371496,0.442758
0,10,18.212,16.1039,-0.401709,0.466773
0,10,18.1924,15.9977,-0.42503,0.476096
0,10,18.1233,15.6581,-0.467081,0.511582
0,10,18.0838,16.3921,-0.382604,0.453036
0,10,18.6262,14.543,-0.577462,0.937923
0,10,18.9407,14.1143,-0.525417,1.16456
0,10,18.8447,14.3444,-0.528634,1.04828
0,10,18.1723,15.8801,-0.438112,0.490347
0,10,18.15,15.7693,-0.451687,0.503739
0,10,18.5564,14.6274,-0.587634,0.86978
0,10,18.9345,14.4485,-0.498324,1.0767
0,10,18.3474,15.3918,-0.497831,0.622434
0,10,18.3112,15.2912,-0.508902,0.628536
0,10,18.2859,15.582,-0.440679,0.578865
0,10,18.8274,14.4366,-0.521651,1.02447
0,10,18.3787,14.9445,-0.558303,0.71252
0,10,18.4521,15.1394,-0.503488,0.698215
0,10,18.849,14.5297,-0.510063,1.00015
0,10,19.6968,13.9374,-0.227114,1.45733
0,10,19.1296,14.2234,-0.42912,1.22482
0,10,18.217,15.6723,-0.448602,0.545976
0,10,18.7162,15.0155,-0.464011,0.819995
0,10,19.4626,14.0804,-0.306934,1.35596
0,10,18.9629,14.637,-0.435011,1.02135
0,10,18.68,14.9202,-0.492006,0.831167
0,10,18.8534,14.6201,-0.478651,0.974707
0,10,19.0544,14.1483,-0.497184,1.23853
0,10,20.3814,14.1142,-0.0468923,0.634896
0,10,20.3,15.7026,-0.0163258,0.530893
0,10,19.7869,14.2562,-0.187521,1.36572
0,10,18.9544,14.8203,-0.433935,0.963197
0,10,20.2749,13.9448,-0.161134,1.04153
0,10,20.3602,14.4103,-0.0530226,0.55797
0,10,19.9725,14.4179,-0.106686,1.22946
0,10,20.1841,14.6952,-0.0546384,0.923419
0,10,20.1936,14.5907,-0.0435921,0.945618
0,10,20.4079,14.2077,-0.0333712,0.603823
0,10,20.3058,15.8675,0.0291409,0.494467
0,10,19.5302,14.626,-0.288061,1.20606
0,10,20.2621,15.7942,-0.00054018,0.529103
0,10,20.4037,17.2287,-0.0268965,0.305727
0,10,20.2736,14.7095,-0.0363722,0.787705
0,10,20.3067,15.3926,-0.00660995,0.554443
0,10,20.273,17.9366,-0.11693,0.098011
0,10,19.6155,18.6079,-0.205596,0.22975
0,10,18.7333,19.3351,-0.146449,0.10065
0,10,19.3566,18.7258,-0.179661,0.173599
0,10,18.4631,19.6104,-0.147393,0.0925805
0,10,18.6998,19.2322,-0.2192,0.145386
0,10,18.1435,19.821,-0.156469,0.117105
0,10,17.9625,20.2555,-0.00745819,-0.00192909
0,10,15.0986,20.1048,-0.356141,0.0231373
0,10,16.842,20.3944,0.0213856,-0.0032167
0,10,14.4995,20.4061,-0.224237,-0.0054513
0,10,13.7004,19.8907,-0.498263,0.0294077
0,10,13.2383,20.4022,-0.298657,0.00238176
0,10,11.8695,20.2097,-0.591371,0.0653238
0,10,2.09564,16.4091,-0.0563048,-0.328023
0,10,3.76179,16.2745,-0.18211,-0.374731
0,10,2.31346,16.8616,-0.0778651,-0.346199
0,10,1.76909,16.3207,-0.0464095,-0.325753
0,10,0.50444,17.7991,-0.00562489,-0.00450065
0,10,3.09541,16.6385,-0.0898453,-0.352712
0,10,2.02848,16.8821,-0.0958774,-0.314081
0,10,7.75203,15.8975,-0.517353,-0.249494
0,10,3.37577,16.2667,-0.155094,-0.399097
0,10,3.84783,16.2486,-0.195552,-0.410521
0,10,11.7738,15.4368,-0.671464,0.0659002
0,10,11.4385,15.4857,-0.663514,0.0325522
0,10,10.7788,16.0887,-0.635663,-0.0474542
0,10,12.2728,15.3677,-0.670113,0.127654
0,10,9.61811,16.3358,-0.573989,-0.122971
0,10,10.9225,15.7633,-0.661639,-0.0197141
0,10,10.7023,15.7866,-0.659009,-0.0445657
0,10,6.42577,16.1397,-0.499122,-0.259697
0,10,16.3588,14.5255,-0.936483,0.281739
0,10,15.2581,14.7489,-0.789243,0.191553
0,10,15.7103,14.8082,-0.811342,0.19773
0,10,18.1005,14.3412,-0.82768,0.830699
0,10,16.5799,18.3586,-0.583623,0.212479
0,10,17.9388,16.0502,-0.444429,0.427462
0,10,17.2258,17.6692,-0.474157,0.210329
0,10,17.2325,17.9558,-0.464431,0.239005
0,10,18.0965,15.2443,-0.553889,0.594241
0,10,17.0005,18.595,-0.589016,0.297165
0,10,17.1963,17.765,-0.46945,0.22028
0,10,17.9329,18.208,-0.488192,0.421323
0,10,17.304,18.3296,-0.522472,0.269788
0,10,17.5707,17.6802,-0.417432,0.303148
0,10,17.7756,17.1955,-0.446165,0.339267
0,10,18.1418,16.614,-0.366559,0.4209
0,10,17.8798,16.9006,-0.369824,0.376848
0,10,17.9636,16.6635,-0.383049,0.391596
0,10,17.8352,16.9951,-0.358607,0.356888
0,10,17.9132,16.4743,-0.386247,0.376869
0,10,18.0784,15.8583,-0.450283,0.490237
0,10,18.1031,15.9688,-0.440995,0.480131
0,10,18.1172,16.0867,-0.412628,0.470072
0,10,17.8447,16.645,-0.376219,0.386521
0,10,17.88,16.7308,-0.380206,0.388242
0,10,17.9345,16.5721,-0.373973,0.381141
0,10,17.4658,17.3783,-0.467823,0.270499
0,10,18.7426,14.5787,-0.531969,0.952549
0,10,18.4898,14.968,-0.528558,0.7514
0,10,18.8274,13.9893,-0.581664,1.23141
0,10,17.9732,16.291,-0.407022,0.383321
0,10,18.7663,14.2853,-0.582222,1.07314
0,10,18.2573,15.4725,-0.462616,0.590848
0,10,17.8245,16.5523,-0.369307,0.390282
0,10,18.0611,16.2797,-0.387276,0.45297
0,10,18.9526,14.2082,-0.510021,1.15411
0,10,17.795,17.0934,-0.374237,0.328065
0,10,18.3913,14.1582,-0.758157,1.00367
0,10,18.7058,14.7479,-0.506409,0.88418
0,10,17.7287,17.0136,-0.363261,0.282808
0,10,19.0304,13.9661,-0.483405,1.29126
0,10,18.4885,15.2394,-0.477565,0.689713
0,10,18.098,15.5484,-0.484495,0.525324
0,10,18.9685,14.0292,-0.526905,1.20968
0,10,18.1901,15.5618,-0.46112,0.5602
0,10,19.0825,13.9605,-0.468318,1.34498
0,10,19.933,13.9501,-0.231196,1.36398
0,10,18.7521,14.8469,-0.485864,0.872464
0,10,20.4054,15.6152,-0.0127544,0.455295
0,10,19.5474,14.0672,-0.275908,1.3996
0,10,19.2573,14.2428,-0.391059,1.2395
0,10,18.5279,14.7951,-0.552067,0.803808
0,10,20.0955,14.0759,-0.133484,1.23454
0,10,20.351,13.7829,-0.161852,0.854285
0,10,20.2995,15.4974,-0.000420726,0.549156
0,10,20.0345,14.0044,-0.186442,1.30842
0,10,19.4999,14.7139,-0.288376,1.18919
0,10,19.7589,14.0402,-0.209606,1.45429
0,10,19.1848,14.1488,-0.413485,1.26625
0,10,19.0423,14.4833,-0.45238,1.08266
0,10,19.0374,14.2624,-0.478397,1.1691
0,10,19.0843,14.0764,-0.473214,1.28355
0,10,20.2863,14.0439,-0.0521791,0.960068
0,10,20.3767,14.8677,0.0291859,0.512779
0,10,20.308,14.3357,-0.065763,0.714988
0,10,20.4123,14.763,0.047792,0.434371
0,10,20.3995,16.3214,0.0211534,0.435962
0,10,19.997,18.2266,-0.0903892,0.109752
0,10,19.8843,18.2104,-0.0838551,0.139234
0,10,19.3843,18.5689,-0.19698,0.229785
0,10,19.073,18.9913,-0.151309,0.127903
0,10,18.7154,19.4954,-0.108738,0.0906259
0,10,18.5309,19.5384,-0.168272,0.0857947
0,10,18.2452,19.8372,-0.163364,0.123701
0,10,14.7741,20.1534,-0.356752,-0.0177912
0,10,15.0661,20.2041,-0.32373,0.0130227
0,10,14.8896,20.1241,-0.358231,0.0140668
0,10,14.28,20.1364,-0.290824,-0.0607213
0,10,14.2541,20.318,-0.216663,0.00888692
0,10,13.837,20.0845,-0.424921,0.00737153
0,10,13.4364,20.4011,-0.251711,0.00668804
0,10,12.8341,20.4027,-0.310136,-0.0129052
0,10,1.46328,18.6829,-0.0162624,-0.00268572
0,10,9.80796,15.6855,-0.633536,-0.126832
0,10,2.52345,16.3116,-0.108489,-0.371079
0,10,11.8619,15.4217,-0.67118,0.081071
0,10,6.41381,19.2676,-0.589737,-0.0453857
0,10,2.89217,16.2648,-0.121705,-0.349081
0,10,3.19948,17.1277,-0.155111,-0.299392
0,10,9.87946,15.6805,-0.651448,-0.13808
0,10,9.65599,15.7034,-0.63976,-0.15219
0,10,2.22022,17.0468,-0.132554,-0.35947
0,10,2.49443,16.9553,-0.0943395,-0.361839
0,10,8.48215,15.8267,-0.560495,-0.197595
0,10,10.7733,15.9654,-0.652236,-0.035499
0,10,12.7345,15.2865,-0.679959,0.164405
0,10,9.23298,16.1789,-0.577396,-0.164326
0,10,3.27907,17.4853,-0.243423,-0.265633
0,10,9.73255,16.014,-0.597015,-0.13131
0,10,16.032,14.6765,-0.864987,0.223342
0,10,14.8187,15.195,-0.677879,0.180851
0,10,17.1483,14.2844,-0.990602,0.485475
0,10,18.1931,14.9941,-0.594267,0.654834
0,10,18.0838,14.0913,-0.856774,0.900772
0,10,18.3887,14.5023,-0.682882,0.860815
0,10,18.3696,14.2666,-0.746168,0.953409
0,10,18.2696,14.651,-0.682025,0.77571
0,10,18.1606,15.4496,-0.486994,0.579332
0,10,18.2667,14.9213,-0.595113,0.695941
0,10,17.1779,17.4821,-0.465607,0.240801
0,10,17.6825,18.2926,-0.527166,0.337086
0,10,16.7764,19.0565,-0.606594,0.184675
0,10,17.6576,17.9539,-0.497006,0.33372
0,10,17.5497,17.3405,-0.462229,0.29462
0,10,18.0171,16.5041,-0.385588,0.385596
0,10,17.819,16.8157,-0.383564,0.353423
0,10,17.6827,17.2163,-0.440612,0.300967
0,10,17.45,17.4894,-0.432122,0.267885
0,10,17.3726,17.4114,-0.455912,0.250314
0,10,17.4856,17.7413,-0.448275,0.243688
0,10,17.6001,18.3558,-0.53815,0.292116
0,10,17.5968,18.6908,-0.501494,0.24724
0,10,17.5849,18.2507,-0.545519,0.29395
0,10,17.7712,16.9123,-0.369945,0.319765
0,10,17.4088,17.6947,-0.469486,0.261144
0,10,17.7617,16.7313,-0.396713,0.338197
0,10,17.4185,17.5882,-0.438468,0.259957
0,10,17.5814,17.234,-0.463112,0.292651
0,10,17.4822,17.2549,-0.467036,0.287759
0,10,17.3442,17.5143,-0.43297,0.239488
0,10,17.3196,17.6282,-0.450918,0.205444
0,10,17.393,17.8109,-0.480947,0.217097
0,10,17.3972,18.7991,-0.521152,0.230032
0,10,17.3919,17.2987,-0.479902,0.251478
0,10,17.3166,17.7335,-0.493477,0.201275
0,10,17.4423,19.0587,-0.490864,0.18743
0,10,17.3075,18.2246,-0.543352,0.264888
0,10,17.4083,18.0595,-0.513944,0.224257
0,10,17.078,18.9758,-0.554823,0.210481
0,10,17.4231,18.6829,-0.523304,0.240739
0,10,17.3346,18.5139,-0.555737,0.271687
0,10,17.7102,16.8311,-0.394491,0.300502
0,10,17.4677,17.8574,-0.465003,0.222392
0,10,17.3725,17.2048,-0.396013,0.229549
0,10,17.6071,16.8563,-0.394875,0.274007
0,10,18.1408,16.1958,-0.407068,0.452995
0,10,18.3823,15.216,-0.499015,0.664867
0,10,17.6638,16.9363,-0.381424,0.277946
0,10,17.9603,16.1599,-0.427718,0.421032
0,10,17.8954,16.3702,-0.401075,0.377796
0,10,18.3424,15.1172,-0.530906,0.670541
0,10,19.8098,14.1312,-0.208109,1.39612
0,10,18.0457,16.1731,-0.419119,0.456786
0,10,18.751,14.0724,-0.651523,1.134
0,10,18.7322,14.4876,-0.553521,0.979196
0,10,18.4857,14.6985,-0.596689,0.821139
0,10,17.9507,18.7847,-0.414516,0.287486
0,10,18.9901,14.3813,-0.4705,1.11567
0,10,19.1774,14.0262,-0.4256,1.33096
0,10,19.1246,14.4333,-0.422616,1.14446
0,10,18.7923,14.9394,-0.461282,0.862779
0,10,20.3497,13.8812,-0.179331,0.903752
0,10,19.2749,13.946,-0.350189,1.3974
0,10,18.527,15.064,-0.496642,0.740706
0,10,20.0565,13.8801,-0.233402,1.30801
0,10,18.4153,15.0415,-0.531865,0.708791
0,10,19.9217,18.3031,-0.10826,0.136363
0,10,20.1391,18.0779,-0.0879335,0.0801281
0,10,18.9854,19.2281,-0.165412,0.141396
0,10,19.2529,18.9632,-0.200247,0.188369
0,10,18.7843,19.43,-0.128172,0.0942317
0,10,20.3003,17.1867,-0.0578062,0.317201
0,10,18.3546,19.586,-0.148583,0.126223
0,10,16.5269,20.4014,-0.0172794,-0.00929073
0,10,15.1437,20.2968,-0.190242,-0.0180007
0,10,15.2432,20.302,-0.178745,0.00417989
0,10,15.7488,20.3161,-0.138995,0.043873
0,10,15.0186,20.4002,-0.158192,0.000303736
0,10,13.9528,20.3038,-0.225553,0.0180196
0,10,14.8543,20.2143,-0.337361,-0.0131949
0,10,13.3898,19.919,-0.499249,-0.014794
0,10,12.9351,20.402,-0.304605,-0.00656554
0,10,4.19925,16.3059,-0.257965,-0.341722
0,10,2.34975,16.4644,-0.0777259,-0.344908
0,10,2.76166,16.382,-0.0952315,-0.365515
0,10,0.496276,16.7704,0.00643185,-0.059186
0,10,6.61257,18.958,-0.599747,-0.0318981
0,10,2.41149,19.4975,-0.0318734,-0.0274697
0,10,11.1136,15.5321,-0.657436,-0.000674985
0,10,10.722,15.5786,-0.655763,-0.0505648
0,10,5.20533,16.1343,-0.452602,-0.340734
0,10,10.1855,15.7626,-0.65372,-0.0876887
0,10,11.2182,15.6232,-0.670072,0.00906758
0,10,10.95,15.5528,-0.653635,-0.0177793
0,10,12.5806,15.3134,-0.676848,0.151131
0,10,9.48721,16.0014,-0.592705,-0.146966
0,10,6.92109,16.1301,-0.50457,-0.26285
0,10,17.7238,14.1342,-0.927591,0.733704
0,10,15.0447,14.7993,-0.794807,0.188741
0,10,15.2953,14.8468,-0.764333,0.218975
0,10,17.4815,14.4248,-0.932497,0.622418
0,10,18.2318,14.525,-0.739034,0.81635
0,10,17.837,14.4374,-0.860958,0.685384
0,10,18.1084,14.2098,-0.843826,0.887147
0,10,18.2869,14.4533,-0.719498,0.862793
0,10,18.16,14.8921,-0.631914,0.673758
0,10,18.2316,15.0912,-0.555434,0.643474
0,10,17.7291,16.534,-0.381423,0.372798
0,10,17.1521,18.6117,-0.572057,0.285715
0,10,17.4831,18.8482,-0.503694,0.215792
0,10,17.5665,17.9059,-0.484135,0.286344
0,10,18.6276,17.4338,-0.529328,0.530355
0,10,17.5156,18.5227,-0.532927,0.256065
0,10,17.5052,17.6107,-0.446545,0.298823
0,10,17.6073,18.5778,-0.518318,0.260981
0,10,16.7098,18.7869,-0.629729,0.210858
0,10,16.7615,19.2647,-0.551368,0.14898
0,10,17.9413,18.321,-0.47155,0.412695
0,10,17.5825,18.027,-0.498506,0.303427
0,10,17.516,18.6307,-0.517771,0.245484
0,10,17.4934,18.095,-0.52599,0.262133
0,10,17.561,17.8032,-0.455228,0.285073
0,10,17.4024,18.2749,-0.544344,0.236253
0,10,17.4249,18.5751,-0.535278,0.255331
0,10,17.3803,18.9021,-0.521387,0.211228
0,10,15.7723,18.9936,-0.636326,0.165114
0,10,17.6832,18.7428,-0.479882,0.246907
0,10,17.5664,18.9048,-0.491381,0.213222
0,10,17.2746,18.9544,-0.5292,0.199497
0,10,17.3581,19.0091,-0.507579,0.194809
0,10,17.5473,19.0087,-0.486467,0.196814
0,10,17.6513,18.9543,-0.470278,0.20556
0,10,17.2939,18.8544,-0.538135,0.217103
0,10,18.184,17.8689,-0.547778,0.438688
0,10,17.7542,18.901,-0.453125,0.228673
0,10,17.6343,19.0584,-0.47723,0.191718
0,10,17.4954,18.3133,-0.536476,0.261599
0,10,17.154,19.1199,-0.515843,0.192388
0,10,17.4252,18.4653,-0.551288,0.271264
0,10,17.3384,19.1133,-0.494627,0.187068
0,10,17.2554,19.0618,-0.506149,0.183057
0,10,18.2815,18.369,-0.404749,0.339535
0,10,18.0249,18.3689,-0.446039,0.393366
0,10,18.1829,17.9842,-0.529821,0.431488
0,10,17.4225,19.1651,-0.481787,0.177424
0,10,18.041,18.6035,-0.42173,0.341536
0,10,17.7785,18.6858,-0.472353,0.282089
0,10,18.5338,17.8261,-0.492821,0.461535
0,10,17.7353,16.6432,-0.399593,0.341495
0,10,17.9568,18.6714,-0.432321,0.32696
0,10,18.2701,18.0243,-0.499626,0.404672
0,10,18.0441,18.8233,-0.399483,0.295465
0,10,20.3982,15.4113,0.0106524,0.456746
0,10,20.3993,15.9068,-0.00275627,0.459656
0,10,19.0842,14.3457,-0.440289,1.14808
0,10,17.8445,18.9498,-0.439608,0.232858
0,10,19.2172,13.9486,-0.37446,1.405
0,10,18.6384,14.824,-0.517798,0.840999
0,10,19.9038,14.1477,-0.158858,1.35146
0,10,19.9754,14.0713,-0.171294,1.34297
0,10,19.6299,14.2334,-0.254123,1.37187
0,10,20.3154,16.0873,-0.0506247,0.501959
0,10,19.8324,13.9526,-0.217703,1.41225
0,10,20.4049,16.0116,-0.00725415,0.49011
0,10,20.3984,17.13,-0.0104553,0.34486
0,10,20.2126,16.8608,-0.0472949,0.392941
0,10,19.3222,18.896,-0.211104,0.206465
0,10,20.3405,17.8722,-0.103397,0.119585
0,10,18.9186,19.2954,-0.158954,0.122834
0,10,18.6514,19.5623,-0.114911,0.0757178
0,10,18.6245,19.304,-0.192483,0.135013
0,10,18.3779,19.8364,-0.040846,0.011603
0,10,18.584,19.6308,-0.0934919,0.0487862
0,10,18.3919,19.6836,-0.141044,0.112063
0,10,17.9991,20.0808,-0.0638577,0.0292016
0,10,16.2284,20.4016,0.00342802,0.0579945
0,10,15.0456,20.3034,-0.181331,0.00940856
0,10,15.7154,20.4045,-0.136859,0.023483
0,10,14.5035,20.0762,-0.418955,0.0680989
0,10,14.5399,20.3264,-0.188976,-0.0152763
0,10,13.7272,20.3972,-0.212469,-0.0188728
0,10,13.275,20.3023,-0.364032,0.0261418
0,10,3.14251,16.2699,-0.149613,-0.391273
0,10,2.55232,16.7789,-0.0795463,-0.363948
0,10,3.53411,16.249,-0.170399,-0.410838
0,10,3.038,19.8938,-0.0322619,-0.0377748
0,10,2.85386,19.9701,-0.0367208,-0.067657
0,10,2.5025,19.4566,-0.0632085,-0.0535851
0,10,0.669716,17.6512,-0.0325956,-0.0345634
0,10,2.68515,16.7916,-0.0681095,-0.35305
0,10,4.88487,16.1803,-0.382675,-0.376966
0,10,10.4537,15.6202,-0.667948,-0.0738187
0,10,11.9612,15.417,-0.656312,0.0936503
0,10,13.7852,15.0902,-0.714349,0.174522
0,10,5.50127,16.3252,-0.441298,-0.283245
0,10,17.3324,14.2031,-0.935513,0.57263
0,10,15.7712,14.7443,-0.813337,0.214916
0,10,15.0553,14.9045,-0.756523,0.197606
0,10,16.8809,14.3181,-0.974246,0.322363
0,10,18.3652,14.3932,-0.697803,0.891006
0,10,17.7667,14.1162,-0.901048,0.766389
0,10,18.0252,14.2349,-0.875787,0.825714
0,10,18.4371,14.3366,-0.688391,0.927168
0,10,18.4012,14.0551,-0.76927,1.02319
0,10,18.2322,14.8198,-0.640218,0.7146
0,10,18.3083,14.7484,-0.636256,0.752875
0,10,17.6487,16.607,-0.423439,0.361976
0,10,17.4018,18.1685,-0.543142,0.231575
0,10,17.0612,18.6664,-0.592427,0.279099
0,10,17.035,19.2894,-0.5217,0.164208
0,10,17.0582,18.7741,-0.588089,0.265739
0,10,17.1503,18.7213,-0.576676,0.26025
0,10,17.318,18.0131,-0.466451,0.228429
0,10,16.9682,18.7184,-0.59964,0.290605
0,10,18.0228,18.2488,-0.474526,0.41575
0,10,17.5119,18.4097,-0.536745,0.278828
0,10,17.4992,18.7442,-0.510531,0.23168
0,10,17.4635,18.9557,-0.501638,0.198345
0,10,16.8356,19.4152,-0.522801,0.146467
0,10,17.1947,18.4845,-0.527639,0.272894
0,10,16.9745,19.0353,-0.562343,0.207878
0,10,16.8721,18.9961,-0.597705,0.212377
0,10,18.0134,18.1346,-0.503499,0.423668
0,10,16.4794,18.4436,-0.621235,0.218727
0,10,17.6696,18.8503,-0.48043,0.229301
0,10,17.8689,18.6245,-0.456082,0.323181
0,10,16.2891,19.3513,-0.632657,0.075428
0,10,16.8494,19.3073,-0.540834,0.154693
0,10,18.5336,17.9349,-0.47869,0.449656
0,10,16.581,19.1792,-0.602569,0.154769
0,10,18.2699,17.9102,-0.53661,0.428955
0,10,17.7703,18.7941,-0.464357,0.2654
0,10,18.0997,18.0596,-0.521424,0.428278
0,10,17.8664,18.735,-0.452766,0.299114
0,10,18.1866,18.2168,-0.458109,0.387876
0,10,17.9458,18.442,-0.449537,0.382519
0,10,18.1028,18.173,-0.484681,0.415131
0,10,16.9173,19.5683,-0.406842,0.126046
0,10,16.4692,18.5479,-0.635949,0.216887
0,10,16.8317,18.5023,-0.574262,0.234613
0,10,18.4436,17.7758,-0.51793,0.45967
0,10,18.5286,17.608,-0.537186,0.481994
0,10,16.3698,18.6059,-0.649407,0.178811
0,10,18.187,18.1001,-0.495883,0.406498
0,10,18.3638,18.2927,-0.406288,0.344891
0,10,18.7106,17.5913,-0.516464,0.525464
0,10,17.955,18.558,-0.44408,0.35173
0,10,18.3608,18.1809,-0.437109,0.364563
0,10,17.5267,19.1138,-0.480743,0.185979
0,10,18.6232,17.7644,-0.488211,0.470089
0,10,18.8021,17.5246,-0.512765,0.53623
0,10,17.4983,17.9788,-0.486014,0.271434
0,10,18.445,17.998,-0.4828,0.417775
0,10,20.3202,15.0254,0.0308245,0.610469
0,10,18.2428,15.3702,-0.515916,0.599197
0,10,18.6659,14.6415,-0.541986,0.916988
0,10,20.2186,13.8421,-0.208536,1.12406
0,10,17.2489,17.555,-0.463823,0.229911
0,10,19.8723,14.2485,-0.154721,1.3213
0,10,20.3781,14.0335,0.0783378,0.585964
0,10,20.1883,13.967,-0.176103,1.13492
0,10,18.1194,18.5292,-0.406223,0.34868
0,10,19.4239,14.1673,-0.310937,1.34807
0,10,19.7628,13.9236,-0.234953,1.44572
0,10,19.6331,14.0096,-0.244218,1.43222
0,10,19.8745,14.0433,-0.194308,1.38796
0,10,19.4313,18.6565,-0.175687,0.186731
0,10,20.3051,14.243,-0.000357774,0.776189
0,10,20.3213,15.2764,-0.0218051,0.540836
0,10,19.4665,18.7557,-0.219121,0.231979
0,10,18.3087,19.9067,-0.0178048,0.0025822
0,10,20.0265,18.0552,-0.0929601,0.104511
0,10,19.3077,18.6402,-0.228767,0.229585
0,10,20.3949,17.5198,-0.00665885,0.186977
0,10,19.5357,18.4236,-0.132169,0.221515
0,10,15.6401,20.3063,-0.160773,0.0516667
0,10,14.3065,20.0352,-0.410043,-0.0131628
0,10,15.3153,20.4017,-0.165403,-0.00353603
0,10,15.215,20.3989,-0.16717,-0.00568869
0,10,14.4051,20.3887,-0.194607,0.0242764
0,10,14.0172,20.4032,-0.213534,0.0354609
0,10,13.3377,20.4004,-0.276689,0.015416
0,10,3.13585,16.3671,-0.119704,-0.371333
0,10,6.17953,19.4988,-0.545669,-0.0855873
0,10,0.474396,16.3259,0.0807337,0.0562309
0,10,1.8982,18.9804,-0.0696833,-0.0779772
0,10,1.86087,16.3213,-0.0687539,-0.318873
0,10,2.67127,16.2943,-0.11028,-0.365557
0,10,3.26109,16.373,-0.14141,-0.380201
0,10,12.118,15.3948,-0.662764,0.115168
0,10,12.8883,15.2662,-0.686327,0.156333
0,10,11.4546,15.5781,-0.66089,0.0391304
0,10,9.36808,16.0293,-0.584675,-0.153583
0,10,14.6615,15.12,-0.694023,0.177188
0,10,16.6304,14.3886,-0.948197,0.260913
0,10,14.3301,14.9937,-0.724793,0.178585
0,10,15.1525,14.8709,-0.77651,0.193969
0,10,16.0973,14.7537,-0.845539,0.251272
0,10,18.3053,14.0368,-0.784986,1.00627
0,10,17.7535,14.2594,-0.954865,0.720778
0,10,17.8003,14.3487,-0.92177,0.696989
0,10,18.2738,14.342,-0.755614,0.906148
0,10,18.7032,13.9989,-0.668673,1.17671
0,10,18.382,14.6713,-0.634613,0.800108
0,10,18.6309,14.4529,-0.611534,0.966887
0,10,17.2727,17.4398,-0.457133,0.256644
0,10,17.2412,18.6725,-0.553044,0.255914
0,10,17.0663,19.0763,-0.53576,0.195086
0,10,17.5753,19.2791,-0.429062,0.15923
0,10,17.1192,19.3372,-0.509344,0.159584
0,10,17.0204,19.3976,-0.5126,0.151415
0,10,16.9654,18.9387,-0.580535,0.231214
0,10,16.9641,19.1376,-0.545886,0.185939
0,10,16.97,18.8292,-0.614867,0.266038
0,10,17.1066,19.4455,-0.471611,0.136416
0,10,16.7379,19.4797,-0.508308,0.131919
0,10,17.0585,18.8857,-0.572945,0.224636
0,10,17.0523,19.1823,-0.528654,0.177435
0,10,16.9344,19.352,-0.530708,0.160041
0,10,16.2937,19.2455,-0.663101,0.109666
0,10,16.863,19.2009,-0.548207,0.166127
0,10,16.6509,19.4335,-0.532455,0.132599
0,10,16.0976,19.466,-0.580207,0.0626105
0,10,16.5624,19.3916,-0.549491,0.105024
0,10,16.6651,18.4049,-0.607384,0.274333
0,10,16.0783,18.6803,-0.655519,0.0843564
0,10,18.8938,17.4591,-0.499034,0.540788
0,10,16.68,19.1165,-0.603199,0.172302
0,10,15.9754,18.9779,-0.687493,0.125306
0,10,16.7497,18.3371,-0.512604,0.309258
0,10,16.6549,18.2908,-0.479832,0.302807
0,10,16.393,19.1913,-0.640443,0.143562
0,10,16.1068,19.3594,-0.655966,0.0560514
0,10,18.8014,17.634,-0.485092,0.513853
0,10,17.2881,19.438,-0.419483,0.129742
0,10,16.6514,18.5172,-0.632547,0.254228
0,10,16.5287,18.8074,-0.638868,0.181278
0,10,18.6222,17.6533,-0.522442,0.496291
0,10,18.5331,17.7155,-0.516756,0.485024
0,10,18.6179,17.5455,-0.526383,0.508804
0,10,18.3559,17.8388,-0.525883,0.446042
0,10,18.3564,17.9536,-0.506114,0.413299
0,10,16.4302,18.8741,-0.649587,0.165908
0,10,16.4586,18.6542,-0.646841,0.20613
0,10,18.2728,18.1406,-0.47121,0.384281
0,10,15.8844,18.9609,-0.674314,0.142728
0,10,18.4438,17.887,-0.497511,0.434372
0,10,15.8379,19.2241,-0.793422,0.222609
0,10,16.2844,19.4592,-0.583312,0.0569149
0,10,18.1985,18.4495,-0.403776,0.346519
0,10,18.1064,18.2937,-0.449548,0.392707
0,10,18.1294,18.6465,-0.391061,0.312962
0,10,18.8485,14.2216,-0.541218,1.1129
0,10,18.7127,17.7021,-0.488313,0.496862
0,10,17.8539,18.8456,-0.426839,0.258519
0,10,19.3212,14.1851,-0.352747,1.27952
0,10,18.4538,14.8704,-0.553115,0.761351
0,10,19.8579,14.3628,-0.153466,1.28077
0,10,20.1179,13.9124,-0.218149,1.23339
0,10,20.4164,13.9348,-0.0642071,0.663186
0,10,20.1927,14.2749,-0.0250268,0.984207
0,10,20.1993,14.3619,-0.0679312,0.991997
0,10,20.4016,14.6674,-0.121697,0.522275
0,10,20.0954,17.9807,-0.113521,0.088318
0,10,20.3949,16.5084,0.0502044,0.437941
0,10,20.3995,16.2234,0.011192,0.4309
0,10,20.1884,15.7253,-0.0763604,0.668049
0,10,20.399,17.3321,-0.0310908,0.239166
0,10,19.6912,18.5332,-0.184695,0.213487
0,10,19.5411,18.6825,-0.217208,0.233955
0,10,19.5051,18.5845,-0.162472,0.194073
0,10,18.516,19.699,-0.0688475,0.0339374
0,10,19.1179,19.0955,-0.176234,0.164339
0,10,16.7435,20.4074,0.0284464,0.00441752
0,10,18.9385,19.126,-0.151723,0.121783
0,10,18.1703,20.0453,-0.0168608,0.0196498
0,10,15.8232,20.4049,-0.100932,0.0116425
0,10,15.1185,20.4005,-0.156676,-0.0108512
0,10,15.9268,20.4023,-0.0593418,0.0234959
0,10,14.3889,20.0955,-0.350913,0.0853141
0,10,13.4496,20.1014,-0.359612,-0.0301197
0,10,13.5339,20.3993,-0.230208,0.00527401
0,10,3.05653,16.267,-0.132751,-0.367232
0,10,1.81821,19.0352,-0.00723869,-0.0276624
0,10,0.495409,17.7025,-0.00957356,-0.0135052
0,10,1.39024,18.6131,-0.0258369,-0.0123547
0,10,2.70125,19.7999,-0.0395932,-0.0550857
0,10,10.1254,15.6651,-0.653749,-0.0963208
0,10,13.2957,15.1777,-0.693945,0.168328
0,10,14.6946,14.8753,-0.751011,0.160761
0,10,13.7074,15.1007,-0.71767,0.171764
0,10,3.4795,17.5062,-0.263959,-0.269457
0,10,14.7719,14.9922,-0.732777,0.178617
0,10,15.1106,14.779,-0.784189,0.188979
0,10,15.497,14.6903,-0.832226,0.190284
0,10,17.5076,14.1653,-0.934204,0.637667
0,10,17.4891,14.3242,-0.958138,0.638182
0,10,17.28,14.3533,-0.98113,0.503539
0,10,17.8354,14.2169,-0.913995,0.7528
0,10,17.8879,14.3151,-0.907137,0.757707
0,10,18.8743,13.9829,-0.579729,1.26961
0,10,18.6617,14.1502,-0.627007,1.08993
0,10,18.341,14.848,-0.598559,0.731055
0,10,18.2042,15.2687,-0.5292,0.605175
0,10,17.4757,17.159,-0.338382,0.264605
0,10,17.2385,18.7826,-0.547882,0.227319
0,10,17.3041,19.3276,-0.485694,0.161583
0,10,17.136,19.2278,-0.513707,0.173085
0,10,17.1475,18.8319,-0.552641,0.234384
0,10,16.8271,19.5233,-0.465956,0.128922
0,10,17.2041,19.3843,-0.479366,0.14289
0,10,16.662,19.3265,-0.548744,0.139585
0,10,16.6426,19.5411,-0.484936,0.119396
0,10,16.155,18.9128,-0.678352,0.0927448
0,10,17.0109,19.505,-0.442229,0.132804
0,10,16.9504,19.2442,-0.535508,0.173331
0,10,16.9224,19.4604,-0.494754,0.150483
0,10,16.0676,18.7833,-0.707414,0.0873203
0,10,16.6733,19.2203,-0.572441,0.15425
0,10,16.1998,19.2988,-0.67947,0.0812942
0,10,16.1951,19.4073,-0.620052,0.0592974
0,10,15.9296,19.1746,-0.776992,0.168363
0,10,16.7735,19.1594,-0.573919,0.165997
0,10,16.4835,19.2385,-0.604017,0.135173
0,10,16.7832,18.9489,-0.637264,0.215193
0,10,16.2289,18.9823,-0.632513,0.0946483
0,10,16.1323,19.0294,-0.581031,0.0983865
0,10,16.5685,18.4684,-0.62759,0.206483
0,10,16.1723,18.7185,-0.67975,0.117427
0,10,16.7349,18.5627,-0.60548,0.237653
0,10,16.2705,18.6625,-0.661787,0.145656
0,10,16.006,19.5223,-0.542791,0.0917037
0,10,17.8293,19.0514,-0.461493,0.211698
0,10,16.4486,18.7604,-0.654795,0.191124
0,10,16.8266,19.6306,-0.378018,0.104635
0,10,16.6406,18.6287,-0.62351,0.232671
0,10,16.1586,18.8203,-0.703274,0.103583
0,10,17.5085,19.215,-0.478178,0.185422
0,10,17.8147,16.4504,-0.389853,0.388891
0,10,18.7656,14.1771,-0.580087,1.12551
0,10,18.5793,14.2067,-0.679394,1.05201
0,10,17.3303,18.7323,-0.529633,0.238437
0,10,17.244,18.5638,-0.561917,0.273347
0,10,17.3197,19.2217,-0.489114,0.175984
0,10,18.1371,18.7515,-0.386456,0.29715
0,10,18.1126,18.8846,-0.381959,0.280114
0,10,18.0256,18.9428,-0.388797,0.271459
0,10,16.7337,19.587,-0.433411,0.113172
0,10,18.2233,18.6701,-0.376163,0.296034
0,10,20.4024,15.3066,-0.0168248,0.467481
0,10,18.1136,18.4088,-0.42248,0.372003
0,10,17.7226,19.1045,-0.481387,0.202282
0,10,17.6897,17.1147,-0.363982,0.279023
0,10,17.6682,19.2303,-0.424654,0.165362
0,10,20.3919,15.7176,-5.53427e-05,0.440837
0,10,18.0292,16.0531,-0.428562,0.468689
0,10,17.8952,16.2395,-0.442103,0.421917
0,10,18.9289,14.3038,-0.501754,1.12434
0,10,18.3566,18.0667,-0.475396,0.396645
0,10,19.9789,14.2177,-0.131813,1.31594
0,10,17.2366,19.1684,-0.496958,0.171843
0,10,20.4112,14.3116,0.0903477,0.551122
0,10,18.0347,18.4843,-0.425432,0.371328
0,10,18.8741,14.8739,-0.460041,0.904478
0,10,20.4008,16.9322,0.00515266,0.356394
0,10,20.4062,16.7224,-0.00518029,0.398278
0,10,20.4123,15.0545,0.00181176,0.507191
0,10,19.7674,18.4572,-0.161725,0.190897
0,10,19.1851,19.0296,-0.187459,0.172309
0,10,18.8509,19.3622,-0.142248,0.107558
0,10,18.1006,20.1188,-0.0197663,0.00458444
0,10,17.6331,20.4036,-0.00962967,0.00691327
0,10,17.5359,20.3935,-0.0149697,-0.00778353
0,10,18.2381,19.9744,-0.000525783,0.0199656
0,10,16.3303,20.4011,0.0291972,-0.0343279
0,10,16.4278,20.399,-0.0128956,-0.00603282
0,10,17.0277,20.4055,-0.0154955,0.033146
0,10,15.5124,20.4022,-0.183265,0.00459082
0,10,14.834,20.3058,-0.192808,0.0134709
0,10,14.918,20.403,-0.159566,0.00358846
0,10,13.5109,20.1997,-0.402755,0.0396375
0,10,13.8241,20.3985,-0.21444,-0.00780403
0,10,3.16864,19.8622,-0.169478,-0.0812743
0,10,6.68169,18.3104,-0.610513,-0.101199
0,10,2.34037,16.3019,-0.0875175,-0.3487
0,10,4.00051,16.2222,-0.216595,-0.457213
0,10,12.9737,15.2466,-0.688882,0.165627
0,10,14.6236,14.918,-0.740424,0.167677
0,10,16.2804,14.4962,-0.930947,0.202951
0,10,16.1604,14.5534,-0.872497,0.245817
0,10,14.4276,15.1792,-0.671375,0.168086
0,10,16.1422,14.6693,-0.887173,0.246755
0,10,15.4154,14.7252,-0.802059,0.212305
0,10,14.9702,14.9362,-0.742439,0.184445
0,10,14.841,15.0698,-0.707275,0.172133
0,10,15.8125,14.847,-0.804238,0.217798
0,10,17.8685,14.1138,-0.88777,0.784688
0,10,18.5966,14.0888,-0.690735,1.11977
0,10,17.3956,18.3758,-0.498433,0.245113
0,10,18.49,14.1237,-0.719322,1.03844
0,10,18.1981,14.7225,-0.679391,0.731274
0,10,18.5478,14.3971,-0.63532,0.948891
0,10,17.6199,17.0378,-0.364492,0.266487
0,10,17.2769,17.8236,-0.461013,0.221741
0,10,17.7408,19.0052,-0.463253,0.212143
0,10,17.2879,19.5459,-0.353105,0.105295
0,10,17.3844,19.3819,-0.431292,0.136169
0,10,17.1949,19.4933,-0.407511,0.107192
0,10,16.7494,19.3714,-0.539243,0.142845
0,10,17.4749,19.437,-0.389551,0.136059
0,10,15.8228,18.8871,-0.655534,0.130375
0,10,16.5903,19.0734,-0.643047,0.183223
0,10,16.4647,19.4525,-0.547868,0.0775791
0,10,16.1898,19.5136,-0.558279,0.0578517
0,10,15.9445,19.0819,-0.621061,0.174868
0,10,16.476,19.3441,-0.585551,0.108473
0,10,15.8491,19.0581,-0.614362,0.167243
0,10,16.2613,18.7685,-0.67898,0.131442
0,10,16.0212,19.1916,-0.737877,0.0624824
0,10,16.3018,19.1409,-0.65131,0.130398
0,10,16.2125,19.0892,-0.655641,0.15074
0,10,16.2557,18.8715,-0.680969,0.112388
0,10,16.5578,18.5803,-0.632606,0.209113
0,10,16.3785,18.5014,-0.625046,0.181194
0,10,16.3129,19.0356,-0.667125,0.136735
0,10,16.6135,18.8532,-0.647299,0.205376
0,10,18.0436,18.7194,-0.399323,0.308292
0,10,16.5975,18.9663,-0.651937,0.191026
0,10,17.1021,19.5533,-0.379855,0.110516
0,10,17.1698,19.0122,-0.535906,0.211684
0,10,17.2195,19.2774,-0.500685,0.156959
0,10,18.5514,13.9959,-0.735089,1.12054
0,10,18.4739,14.0271,-0.775721,1.07187
0,10,17.9361,14.22,-0.895794,0.799781
0,10,18.194,14.1714,-0.814378,0.916365
0,10,18.2428,14.0425,-0.824761,0.99877
0,10,17.5861,17.1386,-0.347836,0.279602
0,10,18.4157,14.7748,-0.59818,0.777793
0,10,17.3335,18.6236,-0.543684,0.256887
0,10,18.5226,14.5289,-0.623171,0.890975
0,10,18.2724,15.1906,-0.530366,0.639751
0,10,17.5802,14.1712,-0.939905,0.662585
0,10,10.0925,16.0263,-0.626483,-0.077605
0,10,15.56,14.673,-0.837517,0.190677
0,10,17.9318,18.9962,-0.428188,0.233574
0,10,18.6674,14.252,-0.620688,1.04043
0,10,17.4098,17.9476,-0.45577,0.200108
0,10,18.4722,14.2285,-0.723014,0.993355
0,10,9.02746,15.9408,-0.57796,-0.190926
0,10,14.176,15.292,-0.667457,0.170937
0,10,10.1219,16.1642,-0.629504,-0.0695466
0,10,18.2752,18.2533,-0.430013,0.362572
0,10,18.1943,18.332,-0.42531,0.366099
0,10,17.3275,17.9019,-0.468275,0.228455
0,10,17.6145,19.1579,-0.479504,0.193202
0,10,4.02828,16.7919,-0.241475,-0.30168
0,10,17.9311,14.1036,-0.878064,0.826053
0,10,14.572,15.3107,-0.64508,0.177932
0,10,19.4988,13.9392,-0.280966,1.43713
0,10,16.021,18.8636,-0.638852,0.13833
0,10,20.3867,17.7945,-0.0795602,0.141663
0,10,20.3973,14.9464,-0.011328,0.518298
0,10,20.4014,17.0315,0.00604916,0.355176
0,10,20.2963,17.0921,-0.01791,0.332763
0,10,20.2093,18.0087,-0.103888,0.0821561
0,10,20.2863,17.5757,-0.00385087,0.169122
0,10,19.845,18.3808,-0.135035,0.164038
0,10,19.3938,18.8271,-0.217216,0.222818
0,10,18.4467,19.768,-0.0461292,0.027433
0,10,17.3955,20.3056,-0.0347561,-0.00776294
0,10,16.9306,20.3927,-0.0103269,-0.0460707
0,10,16.4678,20.3002,0.0303897,-0.00661917
0,10,18.319,19.7579,-0.1511,0.122164
0,10,14.94,20.307,-0.199865,0.00592746
0,10,14.7414,20.2812,-0.211799,0.0209879
0,10,17.7376,20.3995,-0.00770614,0.000100663
0,10,16.8902,20.1783,-0.234834,-0.0775222
0,10,15.6109,20.4002,-0.175107,0.0114133
0,10,15.4389,20.3013,-0.192988,-0.0062326
0,10,14.7203,20.3986,-0.181871,0.0200448
0,10,14.5806,20.2379,-0.251546,-0.00642558
0,10,14.1094,20.3875,-0.220362,-0.0558894
0,10,2.82683,16.4415,-0.100806,-0.354667
0,10,2.30355,16.9792,-0.104178,-0.347886
0,10,3.45011,16.2632,-0.16053,-0.409844
0,10,11.3677,15.496,-0.659184,0.0252039
0,10,12.0232,15.4095,-0.659641,0.091883
0,10,10.2837,15.6443,-0.658477,-0.0837246
0,10,13.3743,15.1608,-0.693321,0.169366
0,10,14.5768,15.1532,-0.686399,0.171945
0,10,15.8614,14.7321,-0.821686,0.209955
0,10,14.8377,14.905,-0.754172,0.18128
0,10,14.2646,15.0928,-0.705213,0.177086
0,10,16.8313,14.3601,-0.972961,0.33548
0,10,17.2143,14.2623,-0.975836,0.50631
0,10,18.6375,13.9889,-0.672265,1.17848
0,10,18.0547,15.7467,-0.461481,0.49711
0,10,17.405,19.2689,-0.477527,0.171321
0,10,18.332,14.5756,-0.680186,0.819313
0,10,18.5386,14.3011,-0.644173,0.981702
0,10,18.8476,14.1054,-0.578151,1.17464
0,10,18.3051,15.0184,-0.552449,0.679652
0,10,17.1856,18.9133,-0.55201,0.224
0,10,16.8351,19.7369,-0.326656,0.08124
0,10,16.5742,19.2839,-0.572883,0.134182
0,10,17.4788,19.3304,-0.430621,0.154733
0,10,16.5016,19.0274,-0.654182,0.171044
0,10,16.3528,18.8172,-0.670425,0.152407
0,10,16.516,18.9161,-0.657665,0.182526
0,10,16.3854,19.2957,-0.620908,0.108637
0,10,16.4008,19.0874,-0.656997,0.148643
0,10,16.0227,19.3039,-0.70043,0.0674449
0,10,16.0811,19.6864,-0.436943,0.0595602
0,10,16.1102,19.2466,-0.732563,0.0681676
0,10,16.3591,18.7115,-0.660274,0.167002
0,10,16.0656,18.9503,-0.663976,0.147827
0,10,16.3317,18.9315,-0.652631,0.126251
0,10,16.1096,19.1393,-0.694277,0.102597
0,10,16.7497,18.4524,-0.607477,0.274897
0,10,16.2033,19.1921,-0.689926,0.125478
0,10,16.6237,18.7437,-0.633429,0.211919
0,10,16.4912,19.1327,-0.641732,0.161363
0,10,16.5458,18.6915,-0.637145,0.194814
0,10,16.0385,19.0714,-0.631469,0.0716618
0,10,16.4166,18.9816,-0.666044,0.16477
0,10,18.44,17.6673,-0.523714,0.461309
0,10,18.2962,14.144,-0.787077,0.98108
0,10,18.1611,14.0805,-0.849518,0.939675
0,10,17.2894,14.2053,-0.941779,0.551874
0,10,17.3704,14.374,-0.966905,0.590105
0,10,15.7233,14.9133,-0.773322,0.209789
0,10,18.0152,14.1102,-0.866455,0.864932
0,10,14.7237,15.2238,-0.672014,0.178772
0,10,14.896,14.9911,-0.719447,0.175341
0,10,15.2318,14.9219,-0.762824,0.182384
0,10,14.9699,15.0667,-0.710101,0.191603
0,10,14.6369,15.2475,-0.662562,0.178441
0,10,4.83977,16.5067,-0.376434,-0.326077
0,10,2.09115,16.5545,-0.0779466,-0.337609
0,10,9.39436,15.7348,-0.589424,-0.175614
0,10,14.7515,15.1129,-0.691161,0.176161
0,10,16.0038,14.5561,-0.878865,0.19596
0,10,3.83481,20.0483,-0.105594,-0.0594339
0,10,1.38618,17.055,-0.124454,-0.30969
0,10,10.2314,15.9982,-0.63015,-0.068013
0,10,10.7442,15.8709,-0.660983,-0.0333001
0,10,3.07676,16.5409,-0.0914971,-0.355259
0,10,10.4673,15.9702,-0.650231,-0.0723219
0,10,10.5254,15.8782,-0.654391,-0.0699868
0,10,18.4461,14.594,-0.630769,0.84601
0,10,17.3782,19.4881,-0.369411,0.117801
0,10,20.407,15.1913,-0.00681285,0.485681
0,10,19.1677,14.5207,-0.391945,1.11162
0,10,19.4423,13.9763,-0.322808,1.40114
0,10,17.6576,16.7463,-0.414056,0.295125
0,10,18.7307,14.3848,-0.57038,1.0329
0,10,19.5697,13.9358,-0.276957,1.46072
0,10,18.6444,14.3457,-0.593467,1.01319
0,10,20.31,15.5944,-0.0147277,0.509311
0,10,17.9463,18.8883,-0.405393,0.272831
0,10,18.7709,14.6809,-0.491197,0.921341
0,10,1.72271,16.8414,-0.0805804,-0.321704
0,10,5.21301,19.4195,-0.45129,-0.0558301
0,10,20.31,14.7876,-0.00653496,0.779583
0,10,20.4002,15.511,0.016636,0.463165
0,10,18.4714,14.4504,-0.653005,0.907808
0,10,20.07,18.1513,-0.0788807,0.0912443
0,10,19.0517,19.1615,-0.171873,0.154146
0,10,17.8968,20.0494,-0.0935945,0.0356382
0,10,17.3466,20.409,-0.00834266,-0.00905538
0,10,16.1288,20.4009,-0.0571329,-0.00344574
0,10,18.0264,20.1841,-0.00346627,0.00890018
0,10,16.0285,20.403,-0.0547201,-0.00230011
0,10,15.3408,20.2976,-0.193212,-0.0268418
0,10,14.9621,20.2146,-0.321469,0.0284456
0,10,16.6288,20.4049,-0.0174141,0.0151447
0,10,15.4118,20.3984,-0.182658,-0.0131731
0,10,14.2933,20.2369,-0.34398,-0.0831364
0,10,14.4649,20.261,-0.281776,0.104418
0,10,14.815,20.401,-0.172663,0.00757463
0,10,14.6182,20.4094,-0.211924,0.0104129
0,10,13.4749,20.2982,-0.352761,0.0383755
1,10,0.3,0.3,0,0
1,10,0.3,0.4,0,0
1,10,20.5,0.3,0,0
1,10,20.6,0.3,0,0
1,10,0.5,20.5,0,0
1,10,0.5,20.6,0,0
1,10,0.3,0.5,0,0
1,10,0.4,0.5,0,0
1,10,0.4,0.3,0,0
1,10,0.4,0.4,0,0
1,10,20.5,0.4,0,0
1,10,20.6,0.4,0,0
1,10,0.6,20.5,0,0
1,10,0.6,20.6,0,0
1,10,0.3,0.6,0,0
1,10,0.4,0.6,0,0
1,10,0.5,0.3,0,0
1,10,0.5,0.4,0,0
1,10,20.5,0.5,0,0
1,10,20.6,0.5,0,0
1,10,0.7,20.5,0,0
1,10,0.7,20.6,0,0
1,10,0.3,0.7,0,0
1,10,0.4,0.7,0,0
1,10,0.6,0.3,0,0
1,10,0.6,0.4,0,0
1,10,20.5,0.6,0,0
1,10,20.6,0.6,0,0
1,10,0.8,20.5,0,0
1,10,0.8,20.6,0,0
1,10,0.3,0.8,0,0
1,10,0.4,0.8,0,0
1,10,0.7,0.3,0,0
1,10,0.7,0.4,0,0
1,10,20.5,0.7,0,0
1,10,20.6,0.7,0,0
1,10,0.9,20.5,0,0
1,10,0.9,20.6,0,0
1,10,0.3,0.9,0,0
1,10,0.4,0.9,0,0
1,10,0.8,0.3,0,0
1,10,0.8,0.4,0,0
1,10,20.5,0.8,0,0
1,10,20.6,0.8,0,0
1,10,1,20.5,0,0
1,10,1,20.6,0,0
1,10,0.3,1,0,0
1,10,0.4,1,0,0
1,10,0.9,0.3,0,0
1,10,0.9,0.4,0,0
1,10,20.5,0.9,0,0
1,10,20.6,0.9,0,0
1,10,1.1,20.5,0,0
1,10,1.1,20.6,0,0
1,10,0.3,1.1,0,0
1,10,0.4,1.1,0,0
1,10,1,0.3,0,0
1,10,1,0.4,0,0
1,10,20.5,1,0,0
1,10,20.6,1,0,0
1,10,1.2,20.5,0,0
1,10,1.2,20.6,0,0
1,10,0.3,1.2,0,0
1,10,0.4,1.2,0,0
1,10,1.1,0.3,0,0
1,10,1.1,0.4,0,0
1,10,20.5,1.1,0,0
1,10,20.6,1.1,0,0
1,10,1.3,20.5,0,0
1,10,1.3,20.6,0,0
1,10,0.3,1.3,0,0
1,10,0.4,1.3,0,0
1,10,1.2,0.3,0,0
1,10,1.2,0.4,0,0
1,10,20.5,1.2,0,0
1,10,20.6,1.2,0,0
1,10,1.4,20.5,0,0
1,10,1.4,20.6,0,0
1,10,0.3,1.4,0,0
1,10,0.4,1.4,0,0
1,10,1.3,0.3,0,0
1,10,1.3,0.4,0,0
1,10,20.5,1.3,0,0
1,10,20.6,1.3,0,0
1,10,1.5,20.5,0,0
1,10,1.5,20.6,0,0
1,10,0.3,1.5,0,0
1,10,0.4,1.5,0,0
1,10,1.4,0.3,0,0
1,10,1.4,0.4,0,0
1,10,20.5,1.4,0,0
1,10,20.6,1.4,0,0
1,10,1.6,20.5,0,0
1,10,1.6,20.6,0,0
1,10,0.3,1.6,0,0
1,10,0.4,1.6,0,0
1,10,1.5,0.3,0,0
1,10,1.5,0.4,0,0
1,10,20.5,1.5,0,0
1,10,20.6,1.5,0,0
1,10,1.7,20.5,0,0
1,10,1.7,20.6,0,0
1,10,0.3,1.7,0,0
1,10,0.4,1.7,0,0
1,10,1.6,0.3,0,0
1,10,1.6,0.4,0,0
1,10,20.5,1.6,0,0
1,10,20.6,1.6,0,0
1,10,1.8,20.5,0,0
1,10,1.8,20.6,0,0
1,10,0.3,1.8,0,0
1,10,0.4,1.8,0,0
1,10,1.7,0.3,0,0
1,10,1.7,0.4,0,0
1,10,20.5,1.7,0,0
1,10,20.6,1.7,0,0
1,10,1.9,20.5,0,0
1,10,1.9,20.6,0,0
1,10,0.3,1.9,0,0
1,10,0.4,1.9,0,0
1,10,1.8,0.3,0,0
1,10,1.8,0.4,0,0
1,10,20.5,1.8,0,0
1,10,20.6,1.8,0,0
1,10,2,20.5,0,0
1,10,2,20.6,0,0
1,10,0.3,2,0,0
1,10,0.4,2,0,0
1,10,1.9,0.3,0,0
1,10,1.9,0.4,0,0
1,10,20.5,1.9,0,0
1,10,20.6,1.9,0,0
1,10,2.1,20.5,0,0
1,10,2.1,20.6,0,0
1,10,0.3,2.1,0,0
1,10,0.4,2.1,0,0
1,10,2,0.3,0,0
1,10,2,0.4,0,0
1,10,20.5,2,0,0
1,10,20.6,2,0,0
1,10,2.2,20.5,0,0
1,10,2.2,20.6,0,0
1,10,0.3,2.2,0,0
1,10,0.4,2.2,0,0
1,10,2.1,0.3,0,0
1,10,2.1,0.4,0,0
1,10,20.5,2.1,0,0
1,10,20.6,2.1,0,0
1,10,2.3,20.5,0,0
1,10,2.3,20.6,0,0
1,10,0.3,2.3,0,0
1,10,0.4,2.3,0,0
1,10,2.2,0.3,0,0
1,10,2.2,0.4,0,0
1,10,20.5,2.2,0,0
1,10,20.6,2.2,0,0
1,10,2.4,20.5,0,0
1,10,2.4,20.6,0,0
1,10,0.3,2.4,0,0
1,10,0.4,2.4,0,0
1,10,2.3,0.3,0,0
1,10,2.3,0.4,0,0
1,10,20.5,2.3,0,0
1,10,20.6,2.3,0,0
1,10,2.5,20.5,0,0
1,10,2.5,20.6,0,0
1,10,0.3,2.5,0,0
1,10,0.4,2.5,0,0
1,10,2.4,0.3,0,0
1,10,2.4,0.4,0,0
1,10,20.5,2.4,0,0
1,10,20.6,2.4,0,0
1,10,2.6,20.5,0,0
1,10,2.6,20.6,0,0
1,10,0.3,2.6,0,0
1,10,0.4,2.6,0,0
1,10,2.5,0.3,0,0
1,10,2.5,0.4,0,0
1,10,20.5,2.5,0,0
1,10,20.6,2.5,0,0
1,10,2.7,20.5,0,0
1,10,2.7,20.6,0,0
1,10,0.3,2.7,0,0
1,10,0.4,2.7,0,0
1,10,2.6,0.3,0,0
1,10,2.6,0.4,0,0
1,10,20.5,2.6,0,0
1,10,20.6,2.6,0,0
1,10,2.8,20.5,0,0
1,10,2.8,20.6,0,0
1,10,0.3,2.8,0,0
1,10,0.4,2.8,0,0
1,10,2.7,0.3,0,0
1,10,2.7,0.4,0,0
1,10,20.5,2.7,0,0
1,10,20.6,2.7,0,0
1,10,2.9,20.5,0,0
1,10,2.9,20.6,0,0
1,10,0.3,2.9,0,0
1,10,0.4,2.9,0,0
1,10,2.8,0.3,0,0
1,10,2.8,0.4,0,0
1,10,20.5,2.8,0,0
1,10,20.6,2.8,0,0
1,10,3,20.5,0,0
1,10,3,20.6,0,0
1,10,0.3,3,0,0
1,10,0.4,3,0,0
1,10,2.9,0.3,0,0
1,10,2.9,0.4,0,0
1,10,20.5,2.9,0,0
1,10,20.6,2.9,0,0
1,10,3.1,20.5,0,0
1,10,3.1,20.6,0,0
1,10,0.3,3.1,0,0
1,10,0.4,3.1,0,0
1,10,3,0.3,0,0
1,10,3,0.4,0,0
1,10,20.5,3,0,0
1,10,20.6,3,0,0
1,10,3.2,20.5,0,0
1,10,3.2,20.6,0,0
1,10,0.3,3.2,0,0
1,10,0.4,3.2,0,0
1,10,3.1,0.3,0,0
1,10,3.1,0.4,0,0
1,10,20.5,3.1,0,0
1,10,20.6,3.1,0,0
1,10,3.3,20.5,0,0
1,10,3.3,20.6,0,0
1,10,0.3,3.3,0,0
1,10,0.4,3.3,0,0
1,10,3.2,0.3,0,0
1,10,3.2,0.4,0,0
1,10,20.5,3.2,0,0
1,10,20.6,3.2,0,0
1,10,3.4,20.5,0,0
1,10,3.4,20.6,0,0
1,10,0.3,3.4,0,0
1,10,0.4,3.4,0,0
1,10,3.3,0.3,0,0
1,10,3.3,0.4,0,0
1,10,20.5,3.3,0,0
1,10,20.6,3.3,0,0
1,10,3.5,20.5,0,0
1,10,3.5,20.6,0,0
1,10,0.3,3.5,0,0
1,10,0.4,3.5,0,0
1,10,3.4,0.3,0,0
1,10,3.4,0.4,0,0
1,10,20.5,3.4,0,0
1,10,20.6,3.4,0,0
1,10,3.6,20.5,0,0
1,10,3.6,20.6,0,0
1,10,0.3,3.6,0,0
1,10,0.4,3.6,0,0
1,10,3.5,0.3,0,0
1,10,3.5,0.4,0,0
1,10,20.5,3.5,0,0
1,10,20.6,3.5,0,0
1,10,3.7,20.5,0,0
1,10,3.7,20.6,0,0
1,10,0.3,3.7,0,0
1,10,0.4,3.7,0,0
1,10,3.6,0.3,0,0
1,10,3.6,0.4,0,0
1,10,20.5,3.6,0,0
1,10,20.6,3.6,0,0
1,10,3.8,20.5,0,0
1,10,3.8,20.6,0,0
1,10,0.3,3.8,0,0
1,10,0.4,3.8,0,0
1,10,3.7,0.3,0,0
1,10,3.7,0.4,0,0
1,10,20.5,3.7,0,0
1,10,20.6,3.7,0,0
1,10,3.9,20.5,0,0
1,10,3.9,20.6,0,0
1,10,0.3,3.9,0,0
1,10,0.4,3.9,0,0
1,10,3.8,0.3,0,0
1,10,3.8,0.4,0,0
1,10,20.5,3.8,0,0
1,10,20.6,3.8,0,0
1,10,4,20.5,0,0
1,10,4,20.6,0,0
1,10,0.3,4,0,0
1,10,0.4,4,0,0
1,10,3.9,0.3,0,0
1,10,3.9,0.4,0,0
1,10,20.5,3.9,0,0
1,10,20.6,3.9,0,0
1,10,4.1,20.5,0,0
1,10,4.1,20.6,0,0
1,10,0.3,4.1,0,0
1,10,0.4,4.1,0,0
1,10,4,0.3,0,0
1,10,4,0.4,0,0
1,10,20.5,4,0,0
1,10,20.6,4,0,0
1,10,4.2,20.5,0,0
1,10,4.2,20.6,0,0
1,10,0.3,4.2,0,0
1,10,0.4,4.2,0,0
1,10,4.1,0.3,0,0
1,10,4.1,0.4,0,0
1,10,20.5,4.1,0,0
1,10,20.6,4.1,0,0
1,10,4.3,20.5,0,0
1,10,4.3,20.6,0,0
1,10,0.3,4.3,0,0
1,10,0.4,4.3,0,0
1,10,4.2,0.3,0,0
1,10,4.2,0.4,0,0
1,10,20.5,4.2,0,0
1,10,20.6,4.2,0,0
1,10,4.4,20.5,0,0
1,10,4.4,20.6,0,0
1,10,0.3,4.4,0,0
1,10,0.4,4.4,0,0
1,10,4.3,0.3,0,0
1,10,4.3,0.4,0,0
1,10,20.5,4.3,0,0
1,10,20.6,4.3,0,0
1,10,4.5,20.5,0,0
1,10,4.5,20.6,0,0
1,10,0.3,4.5,0,0
1,10,0.4,4.5,0,0
1,10,4.4,0.3,0,0
1,10,4.4,0.4,0,0
1,10,20.5,4.4,0,0
1,10,20.6,4.4,0,0
1,10,4.6,20.5,0,0
1,10,4.6,20.6,0,0
1,10,0.3,4.6,0,0
1,10,0.4,4.6,0,0
1,10,4.5,0.3,0,0
1,10,4.5,0.4,0,0
1,10,20.5,4.5,0,0
1,10,20.6,4.5,0,0
1,10,4.7,20.5,0,0
1,10,4.7,20.6,0,0
1,10,0.3,4.7,0,0
1,10,0.4,4.7,0,0
1,10,4.6,0.3,0,0
1,10,4.6,0.4,0,0
1,10,20.5,4.6,0,0
1,10,20.6,4.6,0,0
1,10,4.8,20.5,0,0
1,10,4.8,20.6,0,0
1,10,0.3,4.8,0,0
1,10,0.4,4.8,0,0
1,10,4.7,0.3,0,0
1,10,4.7,0.4,0,0
1,10,20.5,4.7,0,0
1,10,20.6,4.7,0,0
1,10,4.9,20.5,0,0
1,10,4.9,20.6,0,0
1,10,0.3,4.9,0,0
1,10,0.4,4.9,0,0
1,10,4.8,0.3,0,0
1,10,4.8,0.4,0,0
1,10,20.5,4.8,0,0
1,10,20.6,4.8,0,0
1,10,5,20.5,0,0
1,10,5,20.6,0,0
1,10,0.3,5,0,0
1,10,0.4,5,0,0
1,10,4.9,0.3,0,0
1,10,4.9,0.4,0,0
1,10,20.5,4.9,0,0
1,10,20.6,4.9,0,0
1,10,5.1,20.5,0,0
1,10,5.1,20.6,0,0
1,10,0.3,5.1,0,0
1,10,0.4,5.1,0,0
1,10,5,0.3,0,0
1,10,5,0.4,0,0
1,10,20.5,5,0,0
1,10,20.6,5,0,0
1,10,5.2,20.5,0,0
1,10,5.2,20.6,0,0
1,10,0.3,5.2,0,0
1,10,0.4,5.2,0,0
1,10,5.1,0.3,0,0
1,10,5.1,0.4,0,0
1,10,20.5,5.1,0,0
1,10,20.6,5.1,0,0
1,10,5.3,20.5,0,0
1,10,5.3,20.6,0,0
1,10,0.3,5.3,0,0
1,10,0.4,5.3,0,0
1,10,5.2,0.3,0,0
1,10,5.2,0.4,0,0
1,10,20.5,5.2,0,0
1,10,20.6,5.2,0,0
1,10,5.4,20.5,0,0
1,10,5.4,20.6,0,0
1,10,0.3,5.4,0,0
1,10,0.4,5.4,0,0
1,10,5.3,0.3,0,0
1,10,5.3,0.4,0,0
1,10,20.5,5.3,0,0
1,10,20.6,5.3,0,0
1,10,5.5,20.5,0,0
1,10,5.5,20.6,0,0
1,10,0.3,5.5,0,0
1,10,0.4,5.5,0,0
1,10,5.4,0.3,0,0
1,10,5.4,0.4,0,0
1,10,20.5,5.4,0,0
1,10,20.6,5.4,0,0
1,10,5.6,20.5,0,0
1,10,5.6,20.6,0,0
1,10,0.3,5.6,0,0
1,10,0.4,5.6,0,0
1,10,5.5,0.3,0,0
1,10,5.5,0.4,0,0
1,10,20.5,5.5,0,0
1,10,20.6,5.5,0,0
1,10,5.7,20.5,0,0
1,10,5.7,20.6,0,0
1,10,0.3,5.7,0,0
1,10,0.4,5.7,0,0
1,10,5.6,0.3,0,0
1,10,5.6,0.4,0,0
1,10,20.5,5.6,0,0
1,10,20.6,5.6,0,0
1,10,5.8,20.5,0,0
1,10,5.8,20.6,0,0
1,10,0.3,5.8,0,0
1,10,0.4,5.8,0,0
1,10,5.7,0.3,0,0
1,10,5.7,0.4,0,0
1,10,20.5,5.7,0,0
1,10,20.6,5.7,0,0
1,10,5.9,20.5,0,0
1,10,5.9,20.6,0,0
1,10,0.3,5.9,0,0
1,10,0.4,5.9,0,0
1,10,5.8,0.3,0,0
1,10,5.8,0.4,0,0
1,10,20.5,5.8,0,0
1,10,20.6,5.8,0,0
1,10,6,20.5,0,0
1,10,6,20.6,0,0
1,10,0.3,6,0,0
1,10,0.4,6,0,0
1,10,5.9,0.3,0,0
1,10,5.9,0.4,0,0
1,10,20.5,5.9,0,0
1,10,20.6,5.9,0,0
1,10,6.1,20.5,0,0
1,10,6.1,20.6,0,0
1,10,0.3,6.1,0,0
1,10,0.4,6.1,0,0
1,10,6,0.3,0,0
1,10,6,0.4,0,0
1,10,20.5,6,0,0
1,10,20.6,6,0,0
1,10,6.2,20.5,0,0
1,10,6.2,20.6,0,0
1,10,0.3,6.2,0,0
1,10,0.4,6.2,0,0
1,10,6.1,0.3,0,0
1,10,6.1,0.4,0,0
1,10,20.5,6.1,0,0
1,10,20.6,6.1,0,0
1,10,6.3,20.5,0,0
1,10,6.3,20.6,0,0
1,10,0.3,6.3,0,0
1,10,0.4,6.3,0,0
1,10,6.2,0.3,0,0
1,10,6.2,0.4,0,0
1,10,20.5,6.2,0,0
1,10,20.6,6.2,0,0
1,10,6.4,20.5,0,0
1,10,6.4,20.6,0,0
1,10,0.3,6.4,0,0
1,10,0.4,6.4,0,0
1,10,6.3,0.3,0,0
1,10,6.3,0.4,0,0
1,10,20.5,6.3,0,0
1,10,20.6,6.3,0,0
1,10,6.5,20.5,0,0
1,10,6.5,20.6,0,0
1,10,0.3,6.5,0,0
1,10,0.4,6.5,0,0
1,10,6.4,0.3,0,0
1,10,6.4,0.4,0,0
1,10,20.5,6.4,0,0
1,10,20.6,6.4,0,0
1,10,6.6,20.5,0,0
1,10,6.6,20.6,0,0
1,10,0.3,6.6,0,0
1,10,0.4,6.6,0,0
1,10,6.5,0.3,0,0
1,10,6.5,0.4,0,0
1,10,20.5,6.5,0,0
1,10,20.6,6.5,0,0
1,10,6.7,20.5,0,0
1,10,6.7,20.6,0,0
1,10,0.3,6.7,0,0
1,10,0.4,6.7,0,0
1,10,6.6,0.3,0,0
1,10,6.6,0.4,0,0
1,10,20.5,6.6,0,0
1,10,20.6,6.6,0,0
1,10,6.8,20.5,0,0
1,10,6.8,20.6,0,0
1,10,0.3,6.8,0,0
1,10,0.4,6.8,0,0
1,10,6.7,0.3,0,0
1,10,6.7,0.4,0,0
1,10,20.5,6.7,0,0
1,10,20.6,6.7,0,0
1,10,6.9,20.5,0,0
1,10,6.9,20.6,0,0
1,10,0.3,6.9,0,0
1,10,0.4,6.9,0,0
1,10,6.8,0.3,0,0
1,10,6.8,0.4,0,0
1,10,20.5,6.8,0,0
1,10,20.6,6.8,0,0
1,10,7,20.5,0,0
1,10,7,20.6,0,0
1,10,0.3,7,0,0
1,10,0.4,7,0,0
1,10,6.9,0.3,0,0
1,10,6.9,0.4,0,0
1,10,20.5,6.9,0,0
1,10,20.6,6.9,0,0
1,10,7.1,20.5,0,0
1,10,7.1,20.6,0,0
1,10,0.3,7.1,0,0
1,10,0.4,7.1,0,0
1,10,7,0.3,0,0
1,10,7,0.4,0,0
1,10,20.5,7,0,0
1,10,20.6,7,0,0
1,10,7.2,20.5,0,0
1,10,7.2,20.6,0,0
1,10,0.3,7.2,0,0
1,10,0.4,7.2,0,0
1,10,7.1,0.3,0,0
1,10,7.1,0.4,0,0
1,10,20.5,7.1,0,0
1,10,20.6,7.1,0,0
1,10,7.3,20.5,0,0
1,10,7.3,20.6,0,0
1,10,0.3,7.3,0,0
1,10,0.4,7.3,0,0
1,10,7.2,0.3,0,0
1,10,7.2,0.4,0,0
1,10,20.5,7.2,0,0
1,10,20.6,7.2,0,0
1,10,7.4,20.5,0,0
1,10,7.4,20.6,0,0
1,10,0.3,7.4,0,0
1,10,0.4,7.4,0,0
1,10,7.3,0.3,0,0
1,10,7.3,0.4,0,0
1,10,20.5,7.3,0,0
1,10,20.6,7.3,0,0
1,10,7.5,20.5,0,0
1,10,7.5,20.6,0,0
1,10,0.3,7.5,0,0
1,10,0.4,7.5,0,0
1,10,7.4,0.3,0,0
1,10,7.4,0.4,0,0
1,10,20.5,7.4,0,0
1,10,20.6,7.4,0,0
1,10,7.6,20.5,0,0
1,10,7.6,20.6,0,0
1,10,0.3,7.6,0,0
1,10,0.4,7.6,0,0
1,10,7.5,0.3,0,0
1,10,7.5,0.4,0,0
1,10,20.5,7.5,0,0
1,10,20.6,7.5,0,0
1,10,7.7,20.5,0,0
1,10,7.7,20.6,0,0
1,10,0.3,7.7,0,0
1,10,0.4,7.7,0,0
1,10,7.6,0.3,0,0
1,10,7.6,0.4,0,0
1,10,20.5,7.6,0,0
1,10,20.6,7.6,0,0
1,10,7.8,20.5,0,0
1,10,7.8,20.6,0,0
1,10,0.3,7.8,0,0
1,10,0.4,7.8,0,0
1,10,7.7,0.3,0,0
1,10,7.7,0.4,0,0
1,10,20.5,7.7,0,0
1,10,20.6,7.7,0,0
1,10,7.9,20.5,0,0
1,10,7.9,20.6,0,0
1,10,0.3,7.9,0,0
1,10,0.4,7.9,0,0
1,10,7.8,0.3,0,0
1,10,7.8,0.4,0,0
1,10,20.5,7.8,0,0
1,10,20.6,7.8,0,0
1,10,8,20.5,0,0
1,10,8,20.6,0,0
1,10,0.3,8,0,0
1,10,0.4,8,0,0
1,10,7.9,0.3,0,0
1,10,7.9,0.4,0,0
1,10,20.5,7.9,0,0
1,10,20.6,7.9,0,0
1,10,8.1,20.5,0,0
1,10,8.1,20.6,0,0
1,10,0.3,8.1,0,0
1,10,0.4,8.1,0,0
1,10,8,0.3,0,0
1,10,8,0.4,0,0
1,10,20.5,8,0,0
1,10,20.6,8,0,0
1,10,8.2,20.5,0,0
1,10,8.2,20.6,0,0
1,10,0.3,8.2,0,0
1,10,0.4,8.2,0,0
1,10,8.1,0.3,0,0
1,10,8.1,0.4,0,0
1,10,20.5,8.1,0,0
1,10,20.6,8.1,0,0
1,10,8.3,20.5,0,0
1,10,8.3,20.6,0,0
1,10,0.3,8.3,0,0
1,10,0.4,8.3,0,0
1,10,8.2,0.3,0,0
1,10,8.2,0.4,0,0
1,10,20.5,8.2,0,0
1,10,20.6,8.2,0,0
1,10,8.4,20.5,0,0
1,10,8.4,20.6,0,0
1,10,0.3,8.4,0,0
1,10,0.4,8.4,0,0
1,10,8.3,0.3,0,0
1,10,8.3,0.4,0,0
1,10,20.5,8.3,0,0
1,10,20.6,8.3,0,0
1,10,8.5,20.5,0,0
1,10,8.5,20.6,0,0
1,10,0.3,8.5,0,0
1,10,0.4,8.5,0,0
1,10,8.4,0.3,0,0
1,10,8.4,0.4,0,0
1,10,20.5,8.4,0,0
1,10,20.6,8.4,0,0
1,10,8.6,20.5,0,0
1,10,8.6,20.6,0,0
1,10,0.3,8.6,0,0
1,10,0.4,8.6,0,0
1,10,8.5,0.3,0,0
1,10,8.5,0.4,0,0
1,10,20.5,8.5,0,0
1,10,20.6,8.5,0,0
1,10,8.7,20.5,0,0
1,10,8.7,20.6,0,0
1,10,0.3,8.7,0,0
1,10,0.4,8.7,0,0
1,10,8.6,0.3,0,0
1,10,8.6,0.4,0,0
1,10,20.5,8.6,0,0
1,10,20.6,8.6,0,0
1,10,8.8,20.5,0,0
1,10,8.8,20.6,0,0
1,10,0.3,8.8,0,0
1,10,0.4,8.8,0,0
1,10,8.7,0.3,0,0
1,10,8.7,0.4,0,0
1,10,20.5,8.7,0,0
1,10,20.6,8.7,0,0
1,10,8.9,20.5,0,0
1,10,8.9,20.6,0,0
1,10,0.3,8.9,0,0
1,10,0.4,8.9,0,0
1,10,8.8,0.3,0,0
1,10,8.8,0.4,0,0
1,10,20.5,8.8,0,0
1,10,20.6,8.8,0,0
1,10,9,20.5,0,0
1,10,9,20.6,0,0
1,10,0.3,9,0,0
1,10,0.4,9,0,0
1,10,8.9,0.3,0,0
1,10,8.9,0.4,0,0
1,10,20.5,8.9,0,0
1,10,20.6,8.9,0,0
1,10,9.1,20.5,0,0
1,10,9.1,20.6,0,0
1,10,0.3,9.1,0,0
1,10,0.4,9.1,0,0
1,10,9,0.3,0,0
1,10,9,0.4,0,0
1,10,20.5,9,0,0
1,10,20.6,9,0,0
1,10,9.2,20.5,0,0
1,10,9.2,20.6,0,0
1,10,0.3,9.2,0,0
1,10,0.4,9.2,0,0
1,10,9.1,0.3,0,0
1,10,9.1,0.4,0,0
1,10,20.5,9.1,0,0
1,10,20.6,9.1,0,0
1,10,9.3,20.5,0,0
1,10,9.3,20.6,0,0
1,10,0.3,9.3,0,0
1,10,0.4,9.3,0,0
1,10,9.2,0.3,0,0
1,10,9.2,0.4,0,0
1,10,20.5,9.2,0,0
1,10,20.6,9.2,0,0
1,10,9.4,20.5,0,0
1,10,9.4,20.6,0,0
1,10,0.3,9.4,0,0
1,10,0.4,9.4,0,0
1,10,9.3,0.3,0,0
1,10,9.3,0.4,0,0
1,10,20.5,9.3,0,0
1,10,20.6,9.3,0,0
1,10,9.5,20.5,0,0
1,10,9.5,20.6,0,0
1,10,0.3,9.5,0,0
1,10,0.4,9.5,0,0
1,10,9.4,0.3,0,0
1,10,9.4,0.4,0,0
1,10,20.5,9.4,0,0
1,10,20.6,9.4,0,0
1,10,9.6,20.5,0,0
1,10,9.6,20.6,0,0
1,10,0.3,9.6,0,0
1,10,0.4,9.6,0,0
1,10,9.5,0.3,0,0
1,10,9.5,0.4,0,0
1,10,20.5,9.5,0,0
1,10,20.6,9.5,0,0
1,10,9.7,20.5,0,0
1,10,9.7,20.6,0,0
1,10,0.3,9.7,0,0
1,10,0.4,9.7,0,0
1,10,9.6,0.3,0,0
1,10,9.6,0.4,0,0
1,10,20.5,9.6,0,0
1,10,20.6,9.6,0,0
1,10,9.8,20.5,0,0
1,10,9.8,20.6,0,0
1,10,0.3,9.8,0,0
1,10,0.4,9.8,0,0
1,10,9.7,0.3,0,0
1,10,9.7,0.4,0,0
1,10,20.5,9.7,0,0
1,10,20.6,9.7,0,0
1,10,9.9,20.5,0,0
1,10,9.9,20.6,0,0
1,10,0.3,9.9,0,0
1,10,0.4,9.9,0,0
1,10,9.8,0.3,0,0
1,10,9.8,0.4,0,0
1,10,20.5,9.8,0,0
1,10,20.6,9.8,0,0
1,10,10,20.5,0,0
1,10,10,20.6,0,0
1,10,0.3,10,0,0
1,10,0.4,10,0,0
1,10,9.9,0.3,0,0
1,10,9.9,0.4,0,0
1,10,20.5,9.9,0,0
1,10,20.6,9.9,0,0
1,10,10.1,20.5,0,0
1,10,10.1,20.6,0,0
1,10,0.3,10.1,0,0
1,10,0.4,10.1,0,0
1,10,10,0.3,0,0
1,10,10,0.4,0,0
1,10,20.5,10,0,0
1,10,20.6,10,0,0
1,10,10.2,20.5,0,0
1,10,10.2,20.6,0,0
1,10,0.3,10.2,0,0
1,10,0.4,10.2,0,0
1,10,10.1,0.3,0,0
1,10,10.1,0.4,0,0
1,10,20.5,10.1,0,0
1,10,20.6,10.1,0,0
1,10,10.3,20.5,0,0
1,10,10.3,20.6,0,0
1,10,0.3,10.3,0,0
1,10,0.4,10.3,0,0
1,10,10.2,0.3,0,0
1,10,10.2,0.4,0,0
1,10,20.5,10.2,0,0
1,10,20.6,10.2,0,0
1,10,10.4,20.5,0,0
1,10,10.4,20.6,0,0
1,10,0.3,10.4,0,0
1,10,0.4,10.4,0,0
1,10,10.3,0.3,0,0
1,10,10.3,0.4,0,0
1,10,20.5,10.3,0,0
1,10,20.6,10.3,0,0
1,10,10.5,20.5,0,0
1,10,10.5,20.6,0,0
1,10,0.3,10.5,0,0
1,10,0.4,10.5,0,0
1,10,10.4,0.3,0,0
1,10,10.4,0.4,0,0
1,10,20.5,10.4,0,0
1,10,20.6,10.4,0,0
1,10,10.6,20.5,0,0
1,10,10.6,20.6,0,0
1,10,0.3,10.6,0,0
1,10,0.4,10.6,0,0
1,10,10.5,0.3,0,0
1,10,10.5,0.4,0,0
1,10,20.5,10.5,0,0
1,10,20.6,10.5,0,0
1,10,10.7,20.5,0,0
1,10,10.7,20.6,0,0
1,10,0.3,10.7,0,0
1,10,0.4,10.7,0,0
1,10,10.6,0.3,0,0
1,10,10.6,0.4,0,0
1,10,20.5,10.6,0,0
1,10,20.6,10.6,0,0
1,10,10.8,20.5,0,0
1,10,10.8,20.6,0,0
1,10,0.3,10.8,0,0
1,10,0.4,10.8,0,0
1,10,10.7,0.3,0,0
1,10,10.7,0.4,0,0
1,10,20.5,10.7,0,0
1,10,20.6,10.7,0,0
1,10,10.9,20.5,0,0
1,10,10.9,20.6,0,0
1,10,0.3,10.9,0,0
1,10,0.4,10.9,0,0
1,10,10.8,0.3,0,0
1,10,10.8,0.4,0,0
1,10,20.5,10.8,0,0
1,10,20.6,10.8,0,0
1,10,11,20.5,0,0
1,10,11,20.6,0,0
1,10,0.3,11,0,0
1,10,0.4,11,0,0
1,10,10.9,0.3,0,0
1,10,10.9,0.4,0,0
1,10,20.5,10.9,0,0
1,10,20.6,10.9,0,0
1,10,11.1,20.5,0,0
1,10,11.1,20.6,0,0
1,10,0.3,11.1,0,0
1,10,0.4,11.1,0,0
1,10,11,0.3,0,0
1,10,11,0.4,0,0
1,10,20.5,11,0,0
1,10,20.6,11,0,0
1,10,11.2,20.5,0,0
1,10,11.2,20.6,0,0
1,10,0.3,11.2,0,0
1,10,0.4,11.2,0,0
1,10,11.1,0.3,0,0
1,10,11.1,0.4,0,0
1,10,20.5,11.1,0,0
1,10,20.6,11.1,0,0
1,10,11.3,20.5,0,0
1,10,11.3,20.6,0,0
1,10,0.3,11.3,0,0
1,10,0.4,11.3,0,0
1,10,11.2,0.3,0,0
1,10,11.2,0.4,0,0
1,10,20.5,11.2,0,0
1,10,20.6,11.2,0,0
1,10,11.4,20.5,0,0
1,10,11.4,20.6,0,0
1,10,0.3,11.4,0,0
1,10,0.4,11.4,0,0
1,10,11.3,0.3,0,0
1,10,11.3,0.4,0,0
1,10,20.5,11.3,0,0
1,10,20.6,11.3,0,0
1,10,11.5,20.5,0,0
1,10,11.5,20.6,0,0
1,10,0.3,11.5,0,0
1,10,0.4,11.5,0,0
1,10,11.4,0.3,0,0
1,10,11.4,0.4,0,0
1,10,20.5,11.4,0,0
1,10,20.6,11.4,0,0
1,10,11.6,20.5,0,0
1,10,11.6,20.6,0,0
1,10,0.3,11.6,0,0
1,10,0.4,11.6,0,0
1,10,11.5,0.3,0,0
1,10,11.5,0.4,0,0
1,10,20.5,11.5,0,0
1,10,20.6,11.5,0,0
1,10,11.7,20.5,0,0
1,10,11.7,20.6,0,0
1,10,0.3,11.7,0,0
1,10,0.4,11.7,0,0
1,10,11.6,0.3,0,0
1,10,11.6,0.4,0,0
1,10,20.5,11.6,0,0
1,10,20.6,11.6,0,0
1,10,11.8,20.5,0,0
1,10,11.8,20.6,0,0
1,10,0.3,11.8,0,0
1,10,0.4,11.8,0,0
1,10,11.7,0.3,0,0
1,10,11.7,0.4,0,0
1,10,20.5,11.7,0,0
1,10,20.6,11.7,0,0
1,10,11.9,20.5,0,0
1,10,11.9,20.6,0,0
1,10,0.3,11.9,0,0
1,10,0.4,11.9,0,0
1,10,11.8,0.3,0,0
1,10,11.8,0.4,0,0
1,10,20.5,11.8,0,0
1,10,20.6,11.8,0,0
1,10,12,20.5,0,0
1,10,12,20.6,0,0
1,10,0.3,12,0,0
1,10,0.4,12,0,0
1,10,11.9,0.3,0,0
1,10,11.9,0.4,0,0
1,10,20.5,11.9,0,0
1,10,20.6,11.9,0,0
1,10,12.1,20.5,0,0
1,10,12.1,20.6,0,0
1,10,0.3,12.1,0,0
1,10,0.4,12.1,0,0
1,10,12,0.3,0,0
1,10,12,0.4,0,0
1,10,20.5,12,0,0
1,10,20.6,12,0,0
1,10,12.2,20.5,0,0
1,10,12.2,20.6,0,0
1,10,0.3,12.2,0,0
1,10,0.4,12.2,0,0
1,10,12.1,0.3,0,0
1,10,12.1,0.4,0,0
1,10,20.5,12.1,0,0
1,10,20.6,12.1,0,0
1,10,12.3,20.5,0,0
1,10,12.3,20.6,0,0
1,10,0.3,12.3,0,0
1,10,0.4,12.3,0,0
1,10,12.2,0.3,0,0
1,10,12.2,0.4,0,0
1,10,20.5,12.2,0,0
1,10,20.6,12.2,0,0
1,10,12.4,20.5,0,0
1,10,12.4,20.6,0,0
1,10,0.3,12.4,0,0
1,10,0.4,12.4,0,0
1,10,12.3,0.3,0,0
1,10,12.3,0.4,0,0
1,10,20.5,12.3,0,0
1,10,20.6,12.3,0,0
1,10,12.5,20.5,0,0
1,10,12.5,20.6,0,0
1,10,0.3,12.5,0,0
1,10,0.4,12.5,0,0
1,10,12.4,0.3,0,0
1,10,12.4,0.4,0,0
1,10,20.5,12.4,0,0
1,10,20.6,12.4,0,0
1,10,12.6,20.5,0,0
1,10,12.6,20.6,0,0
1,10,0.3,12.6,0,0
1,10,0.4,12.6,0,0
1,10,12.5,0.3,0,0
1,10,12.5,0.4,0,0
1,10,20.5,12.5,0,0
1,10,20.6,12.5,0,0
1,10,12.7,20.5,0,0
1,10,12.7,20.6,0,0
1,10,0.3,12.7,0,0
1,10,0.4,12.7,0,0
1,10,12.6,0.3,0,0
1,10,12.6,0.4,0,0
1,10,20.5,12.6,0,0
1,10,20.6,12.6,0,0
1,10,12.8,20.5,0,0
1,10,12.8,20.6,0,0
1,10,0.3,12.8,0,0
1,10,0.4,12.8,0,0
1,10,12.7,0.3,0,0
1,10,12.7,0.4,0,0
1,10,20.5,12.7,0,0
1,10,20.6,12.7,0,0
1,10,12.9,20.5,0,0
1,10,12.9,20.6,0,0
1,10,0.3,12.9,0,0
1,10,0.4,12.9,0,0
1,10,12.8,0.3,0,0
1,10,12.8,0.4,0,0
1,10,20.5,12.8,0,0
1,10,20.6,12.8,0,0
1,10,13,20.5,0,0
1,10,13,20.6,0,0
1,10,0.3,13,0,0
1,10,0.4,13,0,0
1,10,12.9,0.3,0,0
1,10,12.9,0.4,0,0
1,10,20.5,12.9,0,0
1,10,20.6,12.9,0,0
1,10,13.1,20.5,0,0
1,10,13.1,20.6,0,0
1,10,0.3,13.1,0,0
1,10,0.4,13.1,0,0
1,10,13,0.3,0,0
1,10,13,0.4,0,0
1,10,20.5,13,0,0
1,10,20.6,13,0,0
1,10,13.2,20.5,0,0
1,10,13.2,20.6,0,0
1,10,0.3,13.2,0,0
1,10,0.4,13.2,0,0
1,10,13.1,0.3,0,0
1,10,13.1,0.4,0,0
1,10,20.5,13.1,0,0
1,10,20.6,13.1,0,0
1,10,13.3,20.5,0,0
1,10,13.3,20.6,0,0
1,10,0.3,13.3,0,0
1,10,0.4,13.3,0,0
1,10,13.2,0.3,0,0
1,10,13.2,0.4,0,0
1,10,20.5,13.2,0,0
1,10,20.6,13.2,0,0
1,10,13.4,20.5,0,0
1,10,13.4,20.6,0,0
1,10,0.3,13.4,0,0
1,10,0.4,13.4,0,0
1,10,13.3,0.3,0,0
1,10,13.3,0.4,0,0
1,10,20.5,13.3,0,0
1,10,20.6,13.3,0,0
1,10,13.5,20.5,0,0
1,10,13.5,20.6,0,0
1,10,0.3,13.5,0,0
1,10,0.4,13.5,0,0
1,10,13.4,0.3,0,0
1,10,13.4,0.4,0,0
1,10,20.5,13.4,0,0
1,10,20.6,13.4,0,0
1,10,13.6,20.5,0,0
1,10,13.6,20.6,0,0
1,10,0.3,13.6,0,0
1,10,0.4,13.6,0,0
1,10,13.5,0.3,0,0
1,10,13.5,0.4,0,0
1,10,20.5,13.5,0,0
1,10,20.6,13.5,0,0
1,10,13.7,20.5,0,0
1,10,13.7,20.6,0,0
1,10,0.3,13.7,0,0
1,10,0.4,13.7,0,0
1,10,13.6,0.3,0,0
1,10,13.6,0.4,0,0
1,10,20.5,13.6,0,0
1,10,20.6,13.6,0,0
1,10,13.8,20.5,0,0
1,10,13.8,20.6,0,0
1,10,0.3,13.8,0,0
1,10,0.4,13.8,0,0
1,10,13.7,0.3,0,0
1,10,13.7,0.4,0,0
1,10,20.5,13.7,0,0
1,10,20.6,13.7,0,0
1,10,13.9,20.5,0,0
1,10,13.9,20.6,0,0
1,10,0.3,13.9,0,0
1,10,0.4,13.9,0,0
1,10,13.8,0.3,0,0
1,10,13.8,0.4,0,0
1,10,20.5,13.8,0,0
1,10,20.6,13.8,0,0
1,10,14,20.5,0,0
1,10,14,20.6,0,0
1,10,0.3,14,0,0
1,10,0.4,14,0,0
1,10,13.9,0.3,0,0
1,10,13.9,0.4,0,0
1,10,20.5,13.9,0,0
1,10,20.6,13.9,0,0
1,10,14.1,20.5,0,0
1,10,14.1,20.6,0,0
1,10,0.3,14.1,0,0
1,10,0.4,14.1,0,0
1,10,14,0.3,0,0
1,10,14,0.4,0,0
1,10,20.5,14,0,0
1,10,20.6,14,0,0
1,10,14.2,20.5,0,0
1,10,14.2,20.6,0,0
1,10,0.3,14.2,0,0
1,10,0.4,14.2,0,0
1,10,14.1,0.3,0,0
1,10,14.1,0.4,0,0
1,10,20.5,14.1,0,0
1,10,20.6,14.1,0,0
1,10,14.3,20.5,0,0
1,10,14.3,20.6,0,0
1,10,0.3,14.3,0,0
1,10,0.4,14.3,0,0
1,10,14.2,0.3,0,0
1,10,14.2,0.4,0,0
1,10,20.5,14.2,0,0
1,10,20.6,14.2,0,0
1,10,14.4,20.5,0,0
1,10,14.4,20.6,0,0
1,10,0.3,14.4,0,0
1,10,0.4,14.4,0,0
1,10,14.3,0.3,0,0
1,10,14.3,0.4,0,0
1,10,20.5,14.3,0,0
1,10,20.6,14.3,0,0
1,10,14.5,20.5,0,0
1,10,14.5,20.6,0,0
1,10,0.3,14.5,0,0
1,10,0.4,14.5,0,0
1,10,14.4,0.3,0,0
1,10,14.4,0.4,0,0
1,10,20.5,14.4,0,0
1,10,20.6,14.4,0,0
1,10,14.6,20.5,0,0
1,10,14.6,20.6,0,0
1,10,0.3,14.6,0,0
1,10,0.4,14.6,0,0
1,10,14.5,0.3,0,0
1,10,14.5,0.4,0,0
1,10,20.5,14.5,0,0
1,10,20.6,14.5,0,0
1,10,14.7,20.5,0,0
1,10,14.7,20.6,0,0
1,10,0.3,14.7,0,0
1,10,0.4,14.7,0,0
1,10,14.6,0.3,0,0
1,10,14.6,0.4,0,0
1,10,20.5,14.6,0,0
1,10,20.6,14.6,0,0
1,10,14.8,20.5,0,0
1,10,14.8,20.6,0,0
1,10,0.3,14.8,0,0
1,10,0.4,14.8,0,0
1,10,14.7,0.3,0,0
1,10,14.7,0.4,0,0
1,10,20.5,14.7,0,0
1,10,20.6,14.7,0,0
1,10,14.9,20.5,0,0
1,10,14.9,20.6,0,0
1,10,0.3,14.9,0,0
1,10,0.4,14.9,0,0
1,10,14.8,0.3,0,0
1,10,14.8,0.4,0,0
1,10,20.5,14.8,0,0
1,10,20.6,14.8,0,0
1,10,15,20.5,0,0
1,10,15,20.6,0,0
1,10,0.3,15,0,0
1,10,0.4,15,0,0
1,10,14.9,0.3,0,0
1,10,14.9,0.4,0,0
1,10,20.5,14.9,0,0
1,10,20.6,14.9,0,0
1,10,15.1,20.5,0,0
1,10,15.1,20.6,0,0
1,10,0.3,15.1,0,0
1,10,0.4,15.1,0,0
1,10,15,0.3,0,0
1,10,15,0.4,0,0
1,10,20.5,15,0,0
1,10,20.6,15,0,0
1,10,15.2,20.5,0,0
1,10,15.2,20.6,0,0
1,10,0.3,15.2,0,0
1,10,0.4,15.2,0,0
1,10,15.1,0.3,0,0
1,10,15.1,0.4,0,0
1,10,20.5,15.1,0,0
1,10,20.6,15.1,0,0
1,10,15.3,20.5,0,0
1,10,15.3,20.6,0,0
1,10,0.3,15.3,0,0
1,10,0.4,15.3,0,0
1,10,15.2,0.3,0,0
1,10,15.2,0.4,0,0
1,10,20.5,15.2,0,0
1,10,20.6,15.2,0,0
1,10,15.4,20.5,0,0
1,10,15.4,20.6,0,0
1,10,0.3,15.4,0,0
1,10,0.4,15.4,0,0
1,10,15.3,0.3,0,0
1,10,15.3,0.4,0,0
1,10,20.5,15.3,0,0
1,10,20.6,15.3,0,0
1,10,15.5,20.5,0,0
1,10,15.5,20.6,0,0
1,10,0.3,15.5,0,0
1,10,0.4,15.5,0,0
1,10,15.4,0.3,0,0
1,10,15.4,0.4,0,0
1,10,20.5,15.4,0,0
1,10,20.6,15.4,0,0
1,10,15.6,20.5,0,0
1,10,15.6,20.6,0,0
1,10,0.3,15.6,0,0
1,10,0.4,15.6,0,0
1,10,15.5,0.3,0,0
1,10,15.5,0.4,0,0
1,10,20.5,15.5,0,0
1,10,20.6,15.5,0,0
1,10,15.7,20.5,0,0
1,10,15.7,20.6,0,0
1,10,0.3,15.7,0,0
1,10,0.4,15.7,0,0
1,10,15.6,0.3,0,0
1,10,15.6,0.4,0,0
1,10,20.5,15.6,0,0
1,10,20.6,15.6,0,0
1,10,15.8,20.5,0,0
1,10,15.8,20.6,0,0
1,10,0.3,15.8,0,0
1,10,0.4,15.8,0,0
1,10,15.7,0.3,0,0
1,10,15.7,0.4,0,0
1,10,20.5,15.7,0,0
1,10,20.6,15.7,0,0
1,10,15.9,20.5,0,0
1,10,15.9,20.6,0,0
1,10,0.3,15.9,0,0
1,10,0.4,15.9,0,0
1,10,15.8,0.3,0,0
1,10,15.8,0.4,0,0
1,10,20.5,15.8,0,0
1,10,20.6,15.8,0,0
1,10,16,20.5,0,0
1,10,16,20.6,0,0
1,10,0.3,16,0,0
1,10,0.4,16,0,0
1,10,15.9,0.3,0,0
1,10,15.9,0.4,0,0
1,10,20.5,15.9,0,0
1,10,20.6,15.9,0,0
1,10,16.1,20.5,0,0
1,10,16.1,20.6,0,0
1,10,0.3,16.1,0,0
1,10,0.4,16.1,0,0
1,10,16,0.3,0,0
1,10,16,0.4,0,0
1,10,20.5,16,0,0
1,10,20.6,16,0,0
1,10,16.2,20.5,0,0
1,10,16.2,20.6,0,0
1,10,0.3,16.2,0,0
1,10,0.4,16.2,0,0
1,10,16.1,0.3,0,0
1,10,16.1,0.4,0,0
1,10,20.5,16.1,0,0
1,10,20.6,16.1,0,0
1,10,16.3,20.5,0,0
1,10,16.3,20.6,0,0
1,10,0.3,16.3,0,0
1,10,0.4,16.3,0,0
1,10,16.2,0.3,0,0
1,10,16.2,0.4,0,0
1,10,20.5,16.2,0,0
1,10,20.6,16.2,0,0
1,10,16.4,20.5,0,0
1,10,16.4,20.6,0,0
1,10,0.3,16.4,0,0
1,10,0.4,16.4,0,0
1,10,16.3,0.3,0,0
1,10,16.3,0.4,0,0
1,10,20.5,16.3,0,0
1,10,20.6,16.3,0,0
1,10,16.5,20.5,0,0
1,10,16.5,20.6,0,0
1,10,0.3,16.5,0,0
1,10,0.4,16.5,0,0
1,10,16.4,0.3,0,0
1,10,16.4,0.4,0,0
1,10,20.5,16.4,0,0
1,10,20.6,16.4,0,0
1,10,16.6,20.5,0,0
1,10,16.6,20.6,0,0
1,10,0.3,16.6,0,0
1,10,0.4,16.6,0,0
1,10,16.5,0.3,0,0
1,10,16.5,0.4,0,0
1,10,20.5,16.5,0,0
1,10,20.6,16.5,0,0
1,10,16.7,20.5,0,0
1,10,16.7,20.6,0,0
1,10,0.3,16.7,0,0
1,10,0.4,16.7,0,0
1,10,16.6,0.3,0,0
1,10,16.6,0.4,0,0
1,10,20.5,16.6,0,0
1,10,20.6,16.6,0,0
1,10,16.8,20.5,0,0
1,10,16.8,20.6,0,0
1,10,0.3,16.8,0,0
1,10,0.4,16.8,0,0
1,10,16.7,0.3,0,0
1,10,16.7,0.4,0,0
1,10,20.5,16.7,0,0
1,10,20.6,16.7,0,0
1,10,16.9,20.5,0,0
1,10,16.9,20.6,0,0
1,10,0.3,16.9,0,0
1,10,0.4,16.9,0,0
1,10,16.8,0.3,0,0
1,10,16.8,0.4,0,0
1,10,20.5,16.8,0,0
1,10,20.6,16.8,0,0
1,10,17,20.5,0,0
1,10,17,20.6,0,0
1,10,0.3,17,0,0
1,10,0.4,17,0,0
1,10,16.9,0.3,0,0
1,10,16.9,0.4,0,0
1,10,20.5,16.9,0,0
1,10,20.6,16.9,0,0
1,10,17.1,20.5,0,0
1,10,17.1,20.6,0,0
1,10,0.3,17.1,0,0
1,10,0.4,17.1,0,0
1,10,17,0.3,0,0
1,10,17,0.4,0,0
1,10,20.5,17,0,0
1,10,20.6,17,0,0
1,10,17.2,20.5,0,0
1,10,17.2,20.6,0,0
1,10,0.3,17.2,0,0
1,10,0.4,17.2,0,0
1,10,17.1,0.3,0,0
1,10,17.1,0.4,0,0
1,10,20.5,17.1,0,0
1,10,20.6,17.1,0,0
1,10,17.3,20.5,0,0
1,10,17.3,20.6,0,0
1,10,0.3,17.3,0,0
1,10,0.4,17.3,0,0
1,10,17.2,0.3,0,0
1,10,17.2,0.4,0,0
1,10,20.5,17.2,0,0
1,10,20.6,17.2,0,0
1,10,17.4,20.5,0,0
1,10,17.4,20.6,0,0
1,10,0.3,17.4,0,0
1,10,0.4,17.4,0,0
1,10,17.3,0.3,0,0
1,10,17.3,0.4,0,0
1,10,20.5,17.3,0,0
1,10,20.6,17.3,0,0
1,10,17.5,20.5,0,0
1,10,17.5,20.6,0,0
1,10,0.3,17.5,0,0
1,10,0.4,17.5,0,0
1,10,17.4,0.3,0,0
1,10,17.4,0.4,0,0
1,10,20.5,17.4,0,0
1,10,20.6,17.4,0,0
1,10,17.6,20.5,0,0
1,10,17.6,20.6,0,0
1,10,0.3,17.6,0,0
1,10,0.4,17.6,0,0
1,10,17.5,0.3,0,0
1,10,17.5,0.4,0,0
1,10,20.5,17.5,0,0
1,10,20.6,17.5,0,0
1,10,17.7,20.5,0,0
1,10,17.7,20.6,0,0
1,10,0.3,17.7,0,0
1,10,0.4,17.7,0,0
1,10,17.6,0.3,0,0
1,10,17.6,0.4,0,0
1,10,20.5,17.6,0,0
1,10,20.6,17.6,0,0
1,10,17.8,20.5,0,0
1,10,17.8,20.6,0,0
1,10,0.3,17.8,0,0
1,10,0.4,17.8,0,0
1,10,17.7,0.3,0,0
1,10,17.7,0.4,0,0
1,10,20.5,17.7,0,0
1,10,20.6,17.7,0,0
1,10,17.9,20.5,0,0
1,10,17.9,20.6,0,0
1,10,0.3,17.9,0,0
1,10,0.4,17.9,0,0
1,10,17.8,0.3,0,0
1,10,17.8,0.4,0,0
1,10,20.5,17.8,0,0
1,10,20.6,17.8,0,0
1,10,18,20.5,0,0
1,10,18,20.6,0,0
1,10,0.3,18,0,0
1,10,0.4,18,0,0
1,10,17.9,0.3,0,0
1,10,17.9,0.4,0,0
1,10,20.5,17.9,0,0
1,10,20.6,17.9,0,0
1,10,18.1,20.5,0,0
1,10,18.1,20.6,0,0
1,10,0.3,18.1,0,0
1,10,0.4,18.1,0,0
1,10,18,0.3,0,0
1,10,18,0.4,0,0
1,10,20.5,18,0,0
1,10,20.6,18,0,0
1,10,18.2,20.5,0,0
1,10,18.2,20.6,0,0
1,10,0.3,18.2,0,0
1,10,0.4,18.2,0,0
1,10,18.1,0.3,0,0
1,10,18.1,0.4,0,0
1,10,20.5,18.1,0,0
1,10,20.6,18.1,0,0
1,10,18.3,20.5,0,0
1,10,18.3,20.6,0,0
1,10,0.3,18.3,0,0
1,10,0.4,18.3,0,0
1,10,18.2,0.3,0,0
1,10,18.2,0.4,0,0
1,10,20.5,18.2,0,0
1,10,20.6,18.2,0,0
1,10,18.4,20.5,0,0
1,10,18.4,20.6,0,0
1,10,0.3,18.4,0,0
1,10,0.4,18.4,0,0
1,10,18.3,0.3,0,0
1,10,18.3,0.4,0,0
1,10,20.5,18.3,0,0
1,10,20.6,18.3,0,0
1,10,18.5,20.5,0,0
1,10,18.5,20.6,0,0
1,10,0.3,18.5,0,0
1,10,0.4,18.5,0,0
1,10,18.4,0.3,0,0
1,10,18.4,0.4,0,0
1,10,20.5,18.4,0,0
1,10,20.6,18.4,0,0
1,10,18.6,20.5,0,0
1,10,18.6,20.6,0,0
1,10,0.3,18.6,0,0
1,10,0.4,18.6,0,0
1,10,18.5,0.3,0,0
1,10,18.5,0.4,0,0
1,10,20.5,18.5,0,0
1,10,20.6,18.5,0,0
1,10,18.7,20.5,0,0
1,10,18.7,20.6,0,0
1,10,0.3,18.7,0,0
1,10,0.4,18.7,0,0
1,10,18.6,0.3,0,0
1,10,18.6,0.4,0,0
1,10,20.5,18.6,0,0
1,10,20.6,18.6,0,0
1,10,18.8,20.5,0,0
1,10,18.8,20.6,0,0
1,10,0.3,18.8,0,0
1,10,0.4,18.8,0,0
1,10,18.7,0.3,0,0
1,10,18.7,0.4,0,0
1,10,20.5,18.7,0,0
1,10,20.6,18.7,0,0
1,10,18.9,20.5,0,0
1,10,18.9,20.6,0,0
1,10,0.3,18.9,0,0
1,10,0.4,18.9,0,0
1,10,18.8,0.3,0,0
1,10,18.8,0.4,0,0
1,10,20.5,18.8,0,0
1,10,20.6,18.8,0,0
1,10,19,20.5,0,0
1,10,19,20.6,0,0
1,10,0.3,19,0,0
1,10,0.4,19,0,0
1,10,18.9,0.3,0,0
1,10,18.9,0.4,0,0
1,10,20.5,18.9,0,0
1,10,20.6,18.9,0,0
1,10,19.1,20.5,0,0
1,10,19.1,20.6,0,0
1,10,0.3,19.1,0,0
1,10,0.4,19.1,0,0
1,10,19,0.3,0,0
1,10,19,0.4,0,0
1,10,20.5,19,0,0
1,10,20.6,19,0,0
1,10,19.2,20.5,0,0
1,10,19.2,20.6,0,0
1,10,0.3,19.2,0,0
1,10,0.4,19.2,0,0
1,10,19.1,0.3,0,0
1,10,19.1,0.4,0,0
1,10,20.5,19.1,0,0
1,10,20.6,19.1,0,0
1,10,19.3,20.5,0,0
1,10,19.3,20.6,0,0
1,10,0.3,19.3,0,0
1,10,0.4,19.3,0,0
1,10,19.2,0.3,0,0
1,10,19.2,0.4,0,0
1,10,20.5,19.2,0,0
1,10,20.6,19.2,0,0
1,10,19.4,20.5,0,0
1,10,19.4,20.6,0,0
1,10,0.3,19.4,0,0
1,10,0.4,19.4,0,0
1,10,19.3,0.3,0,0
1,10,19.3,0.4,0,0
1,10,20.5,19.3,0,0
1,10,20.6,19.3,0,0
1,10,19.5,20.5,0,0
1,10,19.5,20.6,0,0
1,10,0.3,19.5,0,0
1,10,0.4,19.5,0,0
1,10,19.4,0.3,0,0
1,10,19.4,0.4,0,0
1,10,20.5,19.4,0,0
1,10,20.6,19.4,0,0
1,10,19.6,20.5,0,0
1,10,19.6,20.6,0,0
1,10,0.3,19.6,0,0
1,10,0.4,19.6,0,0
1,10,19.5,0.3,0,0
1,10,19.5,0.4,0,0
1,10,20.5,19.5,0,0
1,10,20.6,19.5,0,0
1,10,19.7,20.5,0,0
1,10,19.7,20.6,0,0
1,10,0.3,19.7,0,0
1,10,0.4,19.7,0,0
1,10,19.6,0.3,0,0
1,10,19.6,0.4,0,0
1,10,20.5,19.6,0,0
1,10,20.6,19.6,0,0
1,10,19.8,20.5,0,0
1,10,19.8,20.6,0,0
1,10,0.3,19.8,0,0
1,10,0.4,19.8,0,0
1,10,19.7,0.3,0,0
1,10,19.7,0.4,0,0
1,10,20.5,19.7,0,0
1,10,20.6,19.7,0,0
1,10,19.9,20.5,0,0
1,10,19.9,20.6,0,0
1,10,0.3,19.9,0,0
1,10,0.4,19.9,0,0
1,10,19.8,0.3,0,0
1,10,19.8,0.4,0,0
1,10,20.5,19.8,0,0
1,10,20.6,19.8,0,0
1,10,20,20.5,0,0
1,10,20,20.6,0,0
1,10,0.3,20,0,0
1,10,0.4,20,0,0
1,10,19.9,0.3,0,0
1,10,19.9,0.4,0,0
1,10,20.5,19.9,0,0
1,10,20.6,19.9,0,0
1,10,20.1,20.5,0,0
1,10,20.1,20.6,0,0
1,10,0.3,20.1,0,0
1,10,0.4,20.1,0,0
1,10,20,0.3,0,0
1,10,20,0.4,0,0
1,10,20.5,20,0,0
1,10,20.6,20,0,0
1,10,20.2,20.5,0,0
1,10,20.2,20.6,0,0
1,10,0.3,20.2,0,0
1,10,0.4,20.2,0,0
1,10,20.1,0.3,0,0
1,10,20.1,0.4,0,0
1,10,20.5,20.1,0,0
1,10,20.6,20.1,0,0
1,10,20.3,20.5,0,0
1,10,20.3,20.6,0,0
1,10,0.3,20.3,0,0
1,10,0.4,20.3,0,0
1,10,20.2,0.3,0,0
1,10,20.2,0.4,0,0
1,10,20.5,20.2,0,0
1,10,20.6,20.2,0,0
1,10,20.4,20.5,0,0
1,10,20.4,20.6,0,0
1,10,0.3,20.4,0,0
1,10,0.4,20.4,0,0
1,10,20.3,0.3,0,0
1,10,20.3,0.4,0,0
1,10,20.5,20.3,0,0
1,10,20.6,20.3,0,0
1,10,20.5,20.5,0,0
1,10,20.5,20.6,0,0
1,10,0.3,20.5,0,0
1,10,0.4,20.5,0,0
1,10,20.4,0.3,0,0
1,10,20.4,0.4,0,0
1,10,20.5,20.4,0,0
1,10,20.6,20.4,0,0
1,10,20.6,20.5,0,0
1,10,20.6,20.6,0,0
1,10,0.3,20.6,0,0
1,10,0.4,20.6,0,0
1,10,3,0.5,0,0
1,10,3,20.5,0,0
1,10,18,0.5,0,0
1,10,18,20.5,0,0
1,10,2.92929,0.570711,0,0
1,10,2.92929,20.4293,0,0
1,10,18.0707,0.570711,0,0
1,10,18.0707,20.4293,0,0
1,10,2.85858,0.641421,0,0
1,10,2.85858,20.3586,0,0
1,10,18.1414,0.641421,0,0
1,10,18.1414,20.3586,0,0
1,10,2.78787,0.712132,0,0
1,10,2.78787,20.2879,0,0
1,10,18.2121,0.712132,0,0
1,10,18.2121,20.2879,0,0
1,10,2.71716,0.782843,0,0
1,10,2.71716,20.2172,0,0
1,10,18.2828,0.782843,0,0
1,10,18.2828,20.2172,0,0
1,10,2.64645,0.853553,0,0
1,10,2.64645,20.1464,0,0
1,10,18.3536,0.853553,0,0
1,10,18.3536,20.1464,0,0
1,10,2.57574,0.924264,0,0
1,10,2.57574,20.0757,0,0
1,10,18.4243,0.924264,0,0
1,10,18.4243,20.0757,0,0
1,10,2.50503,0.994975,0,0
1,10,2.50503,20.005,0,0
1,10,18.495,0.994975,0,0
1,10,18.495,20.005,0,0
1,10,2.43431,1.06569,0,0
1,10,2.43431,19.9343,0,0
1,10,18.5657,1.06569,0,0
1,10,18.5657,19.9343,0,0
1,10,2.3636,1.1364,0,0
1,10,2.3636,19.8636,0,0
1,10,18.6364,1.1364,0,0
1,10,18.6364,19.8636,0,0
1,10,2.29289,1.20711,0,0
1,10,2.29289,19.7929,0,0
1,10,18.7071,1.20711,0,0
1,10,18.7071,19.7929,0,0
1,10,2.22218,1.27782,0,0
1,10,2.22218,19.7222,0,0
1,10,18.7778,1.27782,0,0
1,10,18.7778,19.7222,0,0
1,10,2.15147,1.34853,0,0
1,10,2.15147,19.6515,0,0
1,10,18.8485,1.34853,0,0
1,10,18.8485,19.6515,0,0
1,10,2.08076,1.41924,0,0
1,10,2.08076,19.5808,0,0
1,10,18.9192,1.41924,0,0
1,10,18.9192,19.5808,0,0
1,10,2.01005,1.48995,0,0
1,10,2.01005,19.5101,0,0
1,10,18.9899,1.48995,0,0
1,10,18.9899,19.5101,0,0
1,10,1.93934,1.56066,0,0
1,10,1.93934,19.4393,0,0
1,10,19.0607,1.56066,0,0
1,10,19.0607,19.4393,0,0
1,10,1.86863,1.63137,0,0
1,10,1.86863,19.3686,0,0
1,10,19.1314,1.63137,0,0
1,10,19.1314,19.3686,0,0
1,10,1.79792,1.70208,0,0
1,10,1.79792,19.2979,0,0
1,10,19.2021,1.70208,0,0
1,10,19.2021,19.2979,0,0
1,10,1.72721,1.77279,0,0
1,10,1.72721,19.2272,0,0
1,10,19.2728,1.77279,0,0
1,10,19.2728,19.2272,0,0
1,10,1.6565,1.8435,0,0
1,10,1.6565,19.1565,0,0
1,10,19.3435,1.8435,0,0
1,10,19.3435,19.1565,0,0
1,10,1.58579,1.91421,0,0
1,10,1.58579,19.0858,0,0
1,10,19.4142,1.91421,0,0
1,10,19.4142,19.0858,0,0
1,10,1.51508,1.98492,0,0
1,10,1.51508,19.0151,0,0
1,10,19.4849,1.98492,0,0
1,10,19.4849,19.0151,0,0
1,10,1.44437,2.05563,0,0
1,10,1.44437,18.9444,0,0
1,10,19.5556,2.05563,0,0
1,10,19.5556,18.9444,0,0
1,10,1.37365,2.12635,0,0
1,10,1.37365,18.8737,0,0
1,10,19.6263,2.12635,0,0
1,10,19.6263,18.8737,0,0
1,10,1.30294,2.19706,0,0
1,10,1.30294,18.8029,0,0
1,10,19.6971,2.19706,0,0
1,10,19.6971,18.8029,0,0
1,10,1.23223,2.26777,0,0
1,10,1.23223,18.7322,0,0
1,10,19.7678,2.26777,0,0
1,10,19.7678,18.7322,0,0
1,10,1.16152,2.33848,0,0
1,10,1.16152,18.6615,0,0
1,10,19.8385,2.33848,0,0
1,10,19.8385,18.6615,0,0
1,10,1.09081,2.40919,0,0
1,10,1.09081,18.5908,0,0
1,10,19.9092,2.40919,0,0
1,10,19.9092,18.5908,0,0
1,10,1.0201,2.4799,0,0
1,10,1.0201,18.5201,0,0
1,10,19.9799,2.4799,0,0
1,10,19.9799,18.5201,0,0
1,10,0.94939,2.55061,0,0
1,10,0.94939,18.4494,0,0
1,10,20.0506,2.55061,0,0
1,10,20.0506,18.4494,0,0
1,10,0.87868,2.62132,0,0
1,10,0.87868,18.3787,0,0
1,10,20.1213,2.62132,0,0
1,10,20.1213,18.3787,0,0
1,10,0.807969,2.69203,0,0
1,10,0.807969,18.308,0,0
1,10,20.192,2.69203,0,0
1,10,20.192,18.308,0,0
1,10,0.737258,2.76274,0,0
1,10,0.737258,18.2373,0,0
1,10,20.2627,2.76274,0,0
1,10,20.2627,18.2373,0,0
1,10,0.666548,2.83345,0,0
1,10,0.666548,18.1665,0,0
1,10,20.3335,2.83345,0,0
1,10,20.3335,18.1665,0,0
1,10,0.595837,2.90416,0,0
1,10,0.595837,18.0958,0,0
1,10,20.4042,2.90416,0,0
1,10,20.4042,18.0958,0,0
1,10,0.525126,2.97487,0,0
1,10,0.525126,18.0251,0,0
1,10,20.4749,2.97487,0,0
1,10,20.4749,18.0251,0,0
1,10,3.14142,0.5,0,0
1,10,3.14142,20.5,0,0
1,10,17.8586,0.5,0,0
1,10,17.8586,20.5,0,0
1,10,3.07071,0.570711,0,0
1,10,3.07071,20.4293,0,0
1,10,17.9293,0.570711,0,0
1,10,17.9293,20.4293,0,0
1,10,3,0.641421,0,0
1,10,3,20.3586,0,0
1,10,18,0.641421,0,0
1,10,18,20.3586,0,0
1,10,2.92929,0.712132,0,0
1,10,2.92929,20.2879,0,0
1,10,18.0707,0.712132,0,0
1,10,18.0707,20.2879,0,0
1,10,2.85858,0.782843,0,0
1,10,2.85858,20.2172,0,0
1,10,18.1414,0.782843,0,0
1,10,18.1414,20.2172,0,0
1,10,2.78787,0.853553,0,0
1,10,2.78787,20.1464,0,0
1,10,18.2121,0.853553,0,0
1,10,18.2121,20.1464,0,0
1,10,2.71716,0.924264,0,0
1,10,2.71716,20.0757,0,0
1,10,18.2828,0.924264,0,0
1,10,18.2828,20.0757,0,0
1,10,2.64645,0.994975,0,0
1,10,2.64645,20.005,0,0
1,10,18.3536,0.994975,0,0
1,10,18.3536,20.005,0,0
1,10,2.57574,1.06569,0,0
1,10,2.57574,19.9343,0,0
1,10,18.4243,1.06569,0,0
1,10,18.4243,19.9343,0,0
1,10,2.50503,1.1364,0,0
1,10,2.50503,19.8636,0,0
1,10,18.495,1.1364,0,0
1,10,18.495,19.8636,0,0
1,10,2.43431,1.20711,0,0
1,10,2.43431,19.7929,0,0
1,10,18.5657,1.20711,0,0
1,10,18.5657,19.7929,0,0
1,10,2.3636,1.27782,0,0
1,10,2.3636,19.7222,0,0
1,10,18.6364,1.27782,0,0
1,10,18.6364,19.7222,0,0
1,10,2.29289,1.34853,0,0
1,10,2.29289,19.6515,0,0
1,10,18.7071,1.34853,0,0
1,10,18.7071,19.6515,0,0
1,10,2.22218,1.41924,0,0
1,10,2.22218,19.5808,0,0
1,10,18.7778,1.41924,0,0
1,10,18.7778,19.5808,0,0
1,10,2.15147,1.48995,0,0
1,10,2.15147,19.5101,0,0
1,10,18.8485,1.48995,0,0
1,10,18.8485,19.5101,0,0
1,10,2.08076,1.56066,0,0
1,10,2.08076,19.4393,0,0
1,10,18.9192,1.56066,0,0
1,10,18.9192,19.4393,0,0
1,10,2.01005,1.63137,0,0
1,10,2.01005,19.3686,0,0
1,10,18.9899,1.63137,0,0
1,10,18.9899,19.3686,0,0
1,10,1.93934,1.70208,0,0
1,10,1.93934,19.2979,0,0
1,10,19.0607,1.70208,0,0
1,10,19.0607,19.2979,0,0
1,10,1.86863,1.77279,0,0
1,10,1.86863,19.2272,0,0
1,10,19.1314,1.77279,0,0
1,10,19.1314,19.2272,0,0
1,10,1.79792,1.8435,0,0
1,10,1.79792,19.1565,0,0
1,10,19.2021,1.8435,0,0
1,10,19.2021,19.1565,0,0
1,10,1.72721,1.91421,0,0
1,10,1.72721,19.0858,0,0
1,10,19.2728,1.91421,0,0
1,10,19.2728,19.0858,0,0
1,10,1.6565,1.98492,0,0
1,10,1.6565,19.0151,0,0
1,10,19.3435,1.98492,0,0
1,10,19.3435,19.0151,0,0
1,10,1.58579,2.05563,0,0
1,10,1.58579,18.9444,0,0
1,10,19.4142,2.05563,0,0
1,10,19.4142,18.9444,0,0
1,10,1.51508,2.12635,0,0
1,10,1.51508,18.8737,0,0
1,10,19.4849,2.12635,0,0
1,10,19.4849,18.8737,0,0
1,10,1.44437,2.19706,0,0
1,10,1.44437,18.8029,0,0
1,10,19.5556,2.19706,0,0
1,10,19.5556,18.8029,0,0
1,10,1.37365,2.26777,0,0
1,10,1.37365,18.7322,0,0
1,10,19.6263,2.26777,0,0
1,10,19.6263,18.7322,0,0
1,10,1.30294,2.33848,0,0
1,10,1.30294,18.6615,0,0
1,10,19.6971,2.33848,0,0
1,10,19.6971,18.6615,0,0
1,10,1.23223,2.40919,0,0
1,10,1.23223,18.5908,0,0
1,10,19.7678,2.40919,0,0
1,10,19.7678,18.5908,0,0
1,10,1.16152,2.4799,0,0
1,10,1.16152,18.5201,0,0
1,10,19.8385,2.4799,0,0
1,10,19.8385,18.5201,0,0
1,10,1.09081,2.55061,0,0
1,10,1.09081,18.4494,0,0
1,10,19.9092,2.55061,0,0
1,10,19.9092,18.4494,0,0
1,10,1.0201,2.62132,0,0
1,10,1.0201,18.3787,0,0
1,10,19.9799,2.62132,0,0
1,10,19.9799,18.3787,0,0
1,10,0.94939,2.69203,0,0
1,10,0.94939,18.308,0,0
1,10,20.0506,2.69203,0,0
1,10,20.0506,18.308,0,0
1,10,0.87868,2.76274,0,0
1,10,0.87868,18.2373,0,0
1,10,20.1213,2.76274,0,0
1,10,20.1213,18.2373,0,0
1,10,0.807969,2.83345,0,0
1,10,0.807969,18.1665,0,0
1,10,20.192,2.83345,0,0
1,10,20.192,18.1665,0,0
1,10,0.737258,2.90416,0,0
1,10,0.737258,18.0958,0,0
1,10,20.2627,2.90416,0,0
1,10,20.2627,18.0958,0,0
1,10,0.666548,2.97487,0,0
1,10,0.666548,18.0251,0,0
1,10,20.3335,2.97487,0,0
1,10,20.3335,18.0251,0,0
1,10,0.595837,3.04558,0,0
1,10,0.595837,17.9544,0,0
1,10,20.4042,3.04558,0,0
1,10,20.4042,17.9544,0,0
1,10,0.525126,3.1163,0,0
1,10,0.525126,17.8837,0,0
1,10,20.4749,3.1163,0,0
1,10,20.4749,17.8837,0,0
