11534 2 0.1 5000 0.2 0 2 0 0.001 0 9.81 21 21
0,10,0.500956,14.0614,2.98913e-07,0.392641
0,10,1.94582,16.7158,-0.703259,-0.717585
0,10,1.6976,16.6914,-0.647904,-0.762217
0,10,5.59743,19.3922,-0.76042,-0.223702
0,10,5.98577,18.9704,-0.903521,-0.223449
0,10,0.494182,17.1986,0.0584124,-0.15217
0,10,6.3467,18.6071,-0.989381,-0.268602
0,10,2.74216,19.7159,-0.18164,-0.109608
0,10,0.721077,17.7916,0.0036102,-0.0865306
0,10,1.352,16.199,-0.535593,-1.10673
0,10,2.75979,17.0275,-0.739769,-0.610316
0,10,2.29214,16.8376,-0.719356,-0.680207
0,10,2.46359,17.0765,-0.721528,-0.62839
0,10,1.43225,16.228,-0.588643,-1.08773
0,10,1.62276,16.5707,-0.644479,-0.865911
0,10,1.75821,16.7856,-0.639851,-0.745918
0,10,3.17907,17.1993,-0.754212,-0.591002
0,10,2.06268,17.0061,-0.648738,-0.639686
0,10,2.09112,16.8669,-0.708114,-0.668633
0,10,3.43552,16.2876,-0.762054,-0.581309
0,10,2.36847,17.037,-0.702439,-0.64139
0,10,2.00719,16.916,-0.669964,-0.665927
0,10,2.72094,17.1086,-0.709125,-0.601011
0,10,3.02412,17.047,-0.765878,-0.594027
0,10,2.21942,17.0354,-0.669648,-0.666382
0,10,3.20885,17.0213,-0.772348,-0.592729
0,10,2.866,17.0686,-0.753227,-0.597622
0,10,2.23717,16.933,-0.690945,-0.670473
0,10,2.16047,19.3874,-0.117384,-0.0909646
0,10,2.52674,17.0049,-0.731269,-0.61794
0,10,3.41668,19.7955,-0.279523,-0.0332626
0,10,3.08064,17.1479,-0.761948,-0.593151
0,10,3.81312,16.5694,-0.799797,-0.499936
0,10,3.13873,17.0775,-0.76537,-0.5915
0,10,10.4458,15.3876,-1.75673,-0.812513
0,10,3.65779,16.651,-0.789221,-0.498566
0,10,3.32199,16.8885,-0.76876,-0.569125
0,10,4.66751,16.3234,-0.77538,-0.467026
0,10,3.41508,16.9252,-0.763849,-0.565249
0,10,0.647194,17.7379,-0.0334781,-0.0153496
0,10,11.2272,15.1515,-1.93141,-0.687758
0,10,3.24194,17.1336,-0.759963,-0.589313
0,10,3.28345,17.2438,-0.751884,-0.589344
0,10,1.28998,16.1968,-0.560193,-1.12509
0,10,3.56389,16.6658,-0.792637,-0.558574
0,10,1.38836,16.3166,-0.53936,-1.07045
0,10,3.88673,16.5162,-0.807384,-0.517443
0,10,3.50563,16.907,-0.760209,-0.538855
0,10,3.48846,17.0286,-0.752287,-0.525949
0,10,2.57207,19.5382,-0.19376,-0.141539
0,10,1.19092,16.1938,-0.511694,-1.13547
0,10,1.59612,16.3371,-0.593439,-0.967842
0,10,4.05971,16.5824,-0.812344,-0.485947
0,10,4.44661,16.5089,-0.819003,-0.484434
0,10,2.73567,19.5982,-0.124241,-0.11664
0,10,0.47901,16.5095,0.0115558,-0.399182
0,10,1.70911,16.5741,-0.665696,-0.782697
0,10,2.00295,19.1107,-0.167968,-0.150129
0,10,1.45357,18.5252,-0.0953177,-0.0800287
0,10,5.15723,19.7421,-0.652904,-0.133298
0,10,6.23129,18.4458,-0.967912,-0.289993
0,10,2.82182,19.6679,-0.179669,-0.115661
0,10,5.64443,19.1877,-0.807956,-0.198959
0,10,3.56497,19.9859,-0.214974,-0.0729105
0,10,6.46674,18.2859,-1.00466,-0.332655
0,10,2.99616,19.726,-0.164551,-0.10982
0,10,6.34151,18.2271,-0.945206,-0.326186
0,10,6.31927,18.8888,-0.956553,-0.230787
0,10,3.99163,19.906,-0.35379,-0.138378
0,10,2.82136,19.9077,-0.116075,-0.112847
0,10,4.09477,19.9193,-0.370846,-0.0972447
0,10,2.23889,19.4622,-0.0893519,-0.0599393
0,10,4.8234,19.7951,-0.470446,-0.157797
0,10,5.26207,19.5559,-0.68431,-0.197832
0,10,4.43277,19.6751,-0.474397,-0.0967544
0,10,6.41413,18.6907,-0.987134,-0.25425
0,10,6.10051,18.9351,-0.929846,-0.213225
0,10,5.70485,19.2662,-0.837664,-0.13001
0,10,2.96583,17.1173,-0.763552,-0.59368
0,10,1.96736,16.6076,-0.731077,-0.731766
0,10,2.82348,17.1488,-0.716506,-0.576453
0,10,5.42207,19.4673,-0.729517,-0.214699
0,10,1.82573,16.4634,-0.697746,-0.82955
0,10,2.01563,16.5183,-0.761164,-0.751477
0,10,3.02826,16.5873,-0.77629,-0.614006
0,10,1.93392,16.8343,-0.672075,-0.700692
0,10,1.83662,16.8554,-0.63867,-0.705235
0,10,2.93199,16.8263,-0.747768,-0.612543
0,10,2.32765,16.9523,-0.685176,-0.653568
0,10,2.04708,16.6894,-0.725397,-0.710131
0,10,2.81698,16.955,-0.743126,-0.615829
0,10,3.24785,16.5421,-0.761329,-0.592988
0,10,2.02289,16.7926,-0.69999,-0.698571
0,10,2.92138,16.9964,-0.758703,-0.606346
0,10,3.88074,16.3956,-0.777035,-0.516202
0,10,2.20827,17.1654,-0.667553,-0.618656
0,10,3.04164,16.8619,-0.751314,-0.602016
0,10,2.62433,17.0573,-0.723684,-0.608044
0,10,3.11095,16.8117,-0.753318,-0.607014
0,10,2.98005,16.9307,-0.768069,-0.612448
0,10,3.21743,16.8634,-0.766235,-0.582968
0,10,3.16681,16.7371,-0.765739,-0.610092
0,10,3.0836,16.9763,-0.776295,-0.597563
0,10,3.28039,16.9693,-0.756223,-0.57105
0,10,3.30275,16.6893,-0.782502,-0.570169
0,10,3.33622,16.5956,-0.766869,-0.55637
0,10,3.45162,16.8149,-0.762443,-0.545358
0,10,2.39072,17.1485,-0.699657,-0.615961
0,10,3.15312,16.9226,-0.767829,-0.589988
0,10,3.96697,16.4445,-0.786846,-0.501848
0,10,3.31681,17.0789,-0.764549,-0.581245
0,10,3.50274,16.7246,-0.767746,-0.532493
0,10,4.39518,16.4197,-0.80701,-0.479517
0,10,3.57569,16.5622,-0.794875,-0.53548
0,10,4.96243,16.415,-0.807122,-0.434572
0,10,3.91799,16.635,-0.807645,-0.510393
0,10,3.9782,16.5543,-0.809613,-0.503837
0,10,1.62706,16.2061,-0.640259,-1.00229
0,10,3.57195,17.0715,-0.764376,-0.470003
0,10,3.82889,16.6747,-0.804741,-0.497573
0,10,0.484998,16.6715,0.0115429,-0.385567
0,10,0.788872,17.8481,-0.0158619,-0.0750675
0,10,0.488652,17.4434,-0.0223892,-0.0301505
0,10,0.957954,18.1732,-0.0540295,-0.0891905
0,10,1.38845,18.4526,-0.0823189,-0.0813953
0,10,1.1936,18.2488,-0.0694401,-0.0886099
0,10,0.498279,17.0906,-0.0081681,-0.115996
0,10,1.92449,19.0266,-0.180292,-0.17577
0,10,2.6578,19.5129,-0.18585,-0.119575
0,10,5.05328,19.5401,-0.650965,-0.164736
0,10,1.67441,18.7526,-0.192167,-0.159038
0,10,3.27259,19.8529,-0.229271,-0.0720432
0,10,3.3157,19.7709,-0.223885,-0.0784103
0,10,2.49158,19.4541,-0.220513,-0.147679
0,10,3.63283,19.8078,-0.326515,-0.122131
0,10,6.12376,18.4712,-0.958021,-0.298859
0,10,6.37661,18.3118,-0.997489,-0.298242
0,10,6.6147,18.4382,-0.992834,-0.34708
0,10,6.30367,19.0763,-0.978612,-0.172051
0,10,6.47618,18.7764,-0.985462,-0.237288
0,10,6.27002,18.1611,-0.939468,-0.34296
0,10,5.54945,19.6005,-0.724408,-0.160723
0,10,5.87033,19.3963,-0.844005,-0.169591
0,10,5.01137,19.8213,-0.575032,-0.0628838
0,10,3.17282,19.9837,-0.203585,-0.0700035
0,10,2.31485,19.5367,-0.0701694,-0.0476584
0,10,2.91077,19.8753,-0.146104,-0.0892737
0,10,5.31959,19.4627,-0.719403,-0.217735
0,10,6.44715,18.5858,-1.00826,-0.275844
0,10,5.95569,19.084,-0.877988,-0.188637
0,10,0.608156,17.8343,0.00857632,0.00226923
0,10,1.61568,16.4481,-0.610678,-0.903227
0,10,0.832822,16.1651,-0.332813,-1.06715
0,10,0.613019,16.5944,0.0738941,-0.443824
0,10,6.15081,18.8299,-0.944974,-0.233249
0,10,3.72829,16.4481,-0.786078,-0.505183
0,10,2.86296,16.8798,-0.764584,-0.629653
0,10,3.12369,16.6247,-0.772187,-0.62475
0,10,4.72981,16.3424,-0.789736,-0.474856
0,10,2.18661,16.837,-0.708243,-0.670214
0,10,4.10785,16.3103,-0.779027,-0.500015
0,10,2.6639,16.9743,-0.743525,-0.612189
0,10,2.95999,16.6372,-0.770811,-0.612083
0,10,5.64382,16.409,-0.883825,-0.484084
0,10,3.06239,16.7056,-0.758957,-0.611484
0,10,4.28216,16.4125,-0.801459,-0.481407
0,10,3.37279,16.5116,-0.771772,-0.555813
0,10,4.61574,16.4313,-0.799182,-0.470158
0,10,3.21427,16.6448,-0.775843,-0.604917
0,10,4.04639,16.4226,-0.787572,-0.499199
0,10,3.44477,16.6128,-0.760318,-0.540586
0,10,3.80231,16.4408,-0.788196,-0.508758
0,10,3.65988,16.5167,-0.788977,-0.504314
0,10,4.16783,16.4031,-0.797802,-0.484206
0,10,3.49082,16.5413,-0.805698,-0.586524
0,10,3.25836,16.7783,-0.76787,-0.576612
0,10,6.30754,16.3199,-0.937386,-0.531282
0,10,3.73094,16.5841,-0.798489,-0.500171
0,10,4.8265,16.3744,-0.776549,-0.477983
0,10,2.92095,17.1953,-0.720458,-0.565047
0,10,1.74782,16.9078,-0.597661,-0.716804
0,10,3.36131,16.7965,-0.76427,-0.566554
0,10,4.10784,16.4878,-0.79844,-0.480634
0,10,4.51019,16.4325,-0.816822,-0.504813
0,10,3.40328,16.7001,-0.770302,-0.554893
0,10,0.658173,17.2482,-0.0201934,-0.290852
0,10,4.21732,16.494,-0.800788,-0.481847
0,10,1.32454,16.3698,-0.530342,-1.05833
0,10,0.545536,16.7181,-0.00670088,-0.394229
0,10,1.37262,16.593,-0.522933,-0.91069
0,10,5.10604,16.4348,-0.804997,-0.454997
0,10,1.67584,18.6424,-0.134986,-0.222166
0,10,2.49162,19.3396,-0.202782,-0.148827
0,10,2.00059,18.9787,-0.174242,-0.140962
0,10,3.37233,19.689,-0.264342,-0.0888967
0,10,3.00629,19.6302,-0.203181,-0.118377
0,10,3.23342,19.7053,-0.205378,-0.113579
0,10,1.32385,18.3832,-0.079562,-0.0782869
0,10,2.57872,19.4221,-0.223255,-0.122039
0,10,3.08642,19.7769,-0.173619,-0.077045
0,10,2.89216,19.5405,-0.204232,-0.117162
0,10,3.46994,19.6994,-0.304045,-0.0754027
0,10,3.5727,19.7102,-0.343595,-0.122623
0,10,2.40643,19.3746,-0.205105,-0.156144
0,10,4.21644,19.6549,-0.46624,-0.0938501
0,10,5.98264,18.7884,-0.923753,-0.240394
0,10,3.18373,19.7823,-0.191701,-0.101983
0,10,4.58731,19.5983,-0.534021,-0.134997
0,10,5.78262,19.0434,-0.872974,-0.184165
0,10,6.13679,18.6555,-0.956611,-0.268395
0,10,5.38225,19.372,-0.741689,-0.23567
0,10,6.40029,18.1517,-0.990756,-0.370235
0,10,5.93259,18.8921,-0.917109,-0.222388
0,10,6.2282,18.2621,-0.930875,-0.337503
0,10,6.64219,18.3353,-1.00231,-0.347053
0,10,6.19993,19.0988,-0.941415,-0.187847
0,10,6.37424,18.9693,-0.97602,-0.210897
0,10,6.64093,18.5292,-1.0493,-0.321189
0,10,5.82586,19.5819,-0.69066,-0.03651
0,10,3.2559,20.0537,-0.128959,-0.0947434
0,10,3.34134,20.0915,-0.14339,0.0271187
0,10,2.90266,19.9839,-0.0966609,-0.0618567
0,10,5.10893,19.6368,-0.644387,-0.177933
0,10,2.07105,16.3722,-0.754066,-0.765529
0,10,2.10118,16.4671,-0.771791,-0.744259
0,10,2.08838,16.2454,-0.716772,-0.813843
0,10,2.12684,16.7538,-0.721554,-0.672034
0,10,5.20929,16.3367,-0.834673,-0.470572
0,10,2.97403,16.479,-0.783819,-0.614771
0,10,1.892,16.3861,-0.721173,-0.846438
0,10,2.08296,16.5981,-0.76036,-0.722746
0,10,5.91296,16.3591,-0.926838,-0.543313
0,10,5.49154,16.3497,-0.888393,-0.486293
0,10,5.83596,16.3185,-0.938,-0.466937
0,10,2.98991,16.7522,-0.750485,-0.610034
0,10,4.87723,16.3305,-0.778696,-0.449547
0,10,6.62592,16.272,-1.0343,-0.526536
0,10,5.00112,19.4381,-0.653367,-0.209783
0,10,2.11467,17.1943,-0.643731,-0.600736
0,10,4.74106,16.44,-0.79402,-0.47048
0,10,0.687898,16.4455,0.00987175,-0.659037
0,10,7.93647,16.0917,-1.08046,-0.693449
0,10,4.41795,19.4897,-0.572366,-0.124902
0,10,7.01232,16.2564,-0.997244,-0.520477
0,10,4.16084,16.5859,-0.811622,-0.480338
0,10,5.13825,16.3393,-0.819342,-0.469214
0,10,7.17077,16.2587,-1.04678,-0.606902
0,10,4.5268,19.5033,-0.575139,-0.137367
0,10,3.73928,16.7085,-0.795177,-0.485627
0,10,0.952821,17.8738,-0.0854169,-0.142185
0,10,1.52134,16.3894,-0.580869,-0.963674
0,10,1.42378,18.2137,-0.216935,-0.212002
0,10,0.611278,16.4631,-0.0224632,-0.28821
0,10,0.894624,17.8033,-0.104321,-0.121428
0,10,4.33031,16.5002,-0.808305,-0.470635
0,10,5.38412,16.3503,-0.850667,-0.497019
0,10,0.766861,17.6879,-0.097073,-0.143645
0,10,1.76048,18.7466,-0.186685,-0.253821
0,10,2.32315,19.1789,-0.211861,-0.151338
0,10,2.40449,17.2547,-0.688727,-0.601146
0,10,1.81983,18.6803,-0.152393,-0.217089
0,10,1.05433,18.1204,-0.0362659,-0.0963629
0,10,1.12517,18.1846,-0.0514032,-0.0970568
0,10,0.547043,17.7177,-0.0499585,-0.00202638
0,10,0.997291,17.7552,-0.122471,-0.150158
0,10,0.982864,18.0543,-0.0299333,-0.0848835
0,10,3.1115,19.6838,-0.208524,-0.1043
0,10,3.61557,19.6178,-0.412068,-0.152811
0,10,0.750511,17.9658,-0.0290696,-0.0491966
0,10,2.07775,19.0604,-0.177264,-0.150926
0,10,1.85058,18.8252,-0.174321,-0.205676
0,10,3.85641,19.6931,-0.395797,-0.172724
0,10,3.82608,19.7872,-0.357994,-0.158436
0,10,4.94885,19.5217,-0.607897,-0.183913
0,10,4.11226,19.6393,-0.451673,-0.128144
0,10,6.16039,18.1947,-0.931891,-0.340981
0,10,6.37883,17.8773,-0.955173,-0.425719
0,10,6.21319,18.0836,-0.941813,-0.349151
0,10,6.04997,18.2186,-0.927774,-0.335544
0,10,6.35317,17.9736,-0.956512,-0.403528
0,10,6.48613,18.1895,-1.0029,-0.335574
0,10,6.66197,18.2237,-1.01887,-0.362574
0,10,6.43219,18.0476,-0.977304,-0.384782
0,10,6.33109,18.0759,-0.970591,-0.389399
0,10,6.75901,18.1904,-1.02963,-0.412132
0,10,6.16891,18.3673,-0.965188,-0.315841
0,10,6.56502,18.2613,-1.00898,-0.341405
0,10,6.73678,18.4944,-1.0632,-0.342571
0,10,6.70872,18.6083,-1.05581,-0.326862
0,10,6.43028,18.8703,-0.969053,-0.233613
0,10,6.40355,19.0633,-1.00536,-0.18351
0,10,6.26198,19.1775,-0.941149,-0.149149
0,10,6.74248,18.2983,-1.01816,-0.397344
0,10,6.07919,19.2595,-0.8713,-0.127656
0,10,4.34942,19.851,-0.397906,-0.0686225
0,10,5.25966,19.748,-0.66317,-0.208187
0,10,2.3888,19.6069,-0.0517988,-0.0263776
0,10,2.97923,20.0564,-0.0644518,-0.0437016
0,10,4.85983,19.6995,-0.487553,-0.139269
0,10,1.84345,18.9458,-0.176614,-0.221521
0,10,6.36912,16.316,-0.952991,-0.494227
0,10,3.83894,19.5094,-0.472831,-0.201925
0,10,3.51123,16.4073,-0.767935,-0.585502
0,10,5.62748,18.9926,-0.842047,-0.232733
0,10,5.48354,16.4513,-0.889758,-0.466216
0,10,2.16559,16.6585,-0.767632,-0.686655
0,10,7.7536,16.1304,-1.10396,-0.632583
0,10,2.65324,19.3784,-0.259345,-0.156051
0,10,8.67546,15.9151,-1.25348,-0.774958
0,10,5.25112,16.418,-0.842407,-0.46151
0,10,4.5061,16.327,-0.782822,-0.502562
0,10,4.68384,16.506,-0.816758,-0.478424
0,10,0.717278,17.6152,-0.0903117,-0.149079
0,10,2.24102,19.0992,-0.214969,-0.149133
0,10,4.83884,19.5124,-0.603383,-0.158385
0,10,5.8294,18.2745,-0.903353,-0.32194
0,10,5.80705,18.5595,-0.905856,-0.279029
0,10,5.38429,19.2822,-0.80122,-0.246757
0,10,5.92222,18.7156,-0.920383,-0.253054
0,10,3.08997,19.5795,-0.205938,-0.117917
0,10,5.86145,18.6404,-0.91181,-0.268795
0,10,5.72195,18.2899,-0.895246,-0.315524
0,10,5.72567,18.9658,-0.858895,-0.221126
0,10,5.84463,18.4551,-0.916771,-0.299593
0,10,3.89803,19.6085,-0.454074,-0.186084
0,10,5.54677,19.2011,-0.801813,-0.248329
0,10,5.91029,18.531,-0.924239,-0.287801
0,10,5.27324,19.3675,-0.717152,-0.243151
0,10,2.72728,19.4593,-0.23471,-0.147623
0,10,2.98659,19.5309,-0.20273,-0.117214
0,10,3.75688,19.679,-0.385242,-0.165244
0,10,1.92434,18.8989,-0.168797,-0.159764
0,10,4.47906,19.5884,-0.533555,-0.119347
0,10,5.93689,18.2509,-0.914003,-0.336741
0,10,3.50407,19.6101,-0.404985,-0.133023
0,10,4.261,19.5663,-0.516555,-0.0960089
0,10,5.49754,19.2906,-0.793982,-0.254983
0,10,5.10689,19.451,-0.684782,-0.191482
0,10,2.40753,19.2577,-0.209005,-0.148703
0,10,3.96167,19.7138,-0.414949,-0.151178
0,10,6.00336,18.3206,-0.926039,-0.325523
0,10,4.88891,19.4263,-0.656306,-0.178028
0,10,4.32511,19.6631,-0.468957,-0.0946409
0,10,3.78655,19.5879,-0.441945,-0.188869
0,10,5.21427,19.4563,-0.694215,-0.226433
0,10,6.05927,18.3984,-0.947268,-0.318673
0,10,2.80246,19.5412,-0.193816,-0.193646
0,10,5.83232,18.9347,-0.882885,-0.197087
0,10,6.07898,18.5774,-0.946059,-0.283148
0,10,6.02935,18.6808,-0.943953,-0.26151
0,10,6.10748,18.1173,-0.929239,-0.349434
0,10,6.84667,18.054,-1.05378,-0.410081
0,10,6.95577,18.0991,-1.05532,-0.410148
0,10,6.57511,17.9023,-0.993015,-0.405505
0,10,6.66299,17.9619,-1.02046,-0.401977
0,10,6.72026,18.1088,-1.04393,-0.397875
0,10,6.5501,17.9978,-1.01591,-0.385261
0,10,6.46171,17.9493,-0.979687,-0.414382
0,10,6.60071,18.1541,-1.01516,-0.358033
0,10,6.72013,18.3994,-0.995529,-0.371082
0,10,6.57937,18.7541,-1.00243,-0.254755
0,10,6.84737,18.25,-1.04431,-0.390798
0,10,6.49909,19.0547,-1.02937,-0.187377
0,10,6.21711,19.2782,-0.921412,-0.133379
0,10,6.54509,18.8552,-0.977669,-0.24405
0,10,6.06415,19.3646,-0.872411,-0.126152
0,10,6.47935,18.953,-1.00169,-0.216143
0,10,6.15177,19.2056,-0.909825,-0.164942
0,10,5.64713,19.6036,-0.716523,-0.19005
0,10,5.96636,19.3769,-0.860213,-0.130649
0,10,4.56505,19.8707,-0.404746,-0.0968502
0,10,3.66694,19.9938,-0.237759,-0.0979134
0,10,3.7985,19.8991,-0.339003,-0.162854
0,10,3.14903,20.0885,-0.0584786,-0.0339386
0,10,2.4606,19.6799,-0.0369052,-0.0207958
0,10,5.00384,19.6289,-0.607209,-0.110872
0,10,5.80532,19.2324,-0.861267,-0.143172
0,10,2.43599,16.9551,-0.717996,-0.6663
0,10,5.06602,17.9636,-0.832091,-0.336153
0,10,5.55464,18.2299,-0.873478,-0.32234
0,10,1.13119,16.1828,-0.538131,-1.14709
0,10,5.4393,19.1974,-0.80375,-0.243372
0,10,3.58611,16.4443,-0.783552,-0.52223
0,10,5.74762,16.3232,-0.908472,-0.519495
0,10,5.49505,18.1437,-0.867973,-0.322453
0,10,5.38547,18.1544,-0.855066,-0.320273
0,10,5.75479,18.6655,-0.898044,-0.266493
0,10,4.63929,19.5137,-0.607565,-0.176748
0,10,5.43469,18.0616,-0.861909,-0.336087
0,10,5.16439,19.3627,-0.707604,-0.22201
0,10,5.54786,18.0453,-0.879422,-0.332452
0,10,5.77096,18.8612,-0.8737,-0.224908
0,10,5.65078,18.0242,-0.87697,-0.335973
0,10,5.58231,19.097,-0.822261,-0.236876
0,10,5.49247,17.97,-0.86751,-0.350617
0,10,5.78596,18.373,-0.900438,-0.309209
0,10,5.70971,18.1042,-0.875085,-0.336999
0,10,5.8028,18.0795,-0.876405,-0.332504
0,10,5.61623,17.9376,-0.889465,-0.334883
0,10,5.82276,17.9011,-0.890246,-0.355673
0,10,5.77001,18.1889,-0.88832,-0.324877
0,10,5.85488,17.9906,-0.891013,-0.344993
0,10,5.74646,17.9845,-0.880669,-0.34175
0,10,5.91009,18.0811,-0.880814,-0.351956
0,10,5.89454,18.3537,-0.9122,-0.317291
0,10,5.8717,18.8212,-0.906194,-0.236587
0,10,5.87141,18.173,-0.892114,-0.337463
0,10,5.68203,19.0809,-0.83718,-0.205599
0,10,6.03227,18.0601,-0.904165,-0.381049
0,10,5.95427,18.4278,-0.933409,-0.305327
0,10,5.9672,18.6092,-0.929441,-0.277471
0,10,5.98489,18.1524,-0.902008,-0.355169
0,10,6.13905,18.0122,-0.927721,-0.367059
0,10,6.06593,17.9485,-0.908594,-0.39649
0,10,6.01729,18.5052,-0.936869,-0.295048
0,10,4.06941,19.7284,-0.411906,-0.138983
0,10,6.29078,17.7996,-0.962966,-0.40802
0,10,6.26936,17.8877,-0.938664,-0.393243
0,10,6.59037,17.7999,-0.987678,-0.429761
0,10,5.60337,19.2964,-0.799732,-0.208409
0,10,6.11301,18.2942,-0.927767,-0.336461
0,10,6.25361,17.9938,-0.953012,-0.375967
0,10,6.76847,17.9189,-1.03623,-0.423427
0,10,6.86517,17.9567,-1.05416,-0.419475
0,10,6.48529,17.85,-0.962979,-0.436066
0,10,7.05138,18.154,-1.07424,-0.399741
0,10,6.75316,18.0184,-1.04227,-0.406381
0,10,6.92787,18.4008,-1.06986,-0.34642
0,10,7.00822,18.4619,-1.09335,-0.324427
0,10,6.98826,18.5704,-1.08867,-0.299837
0,10,6.94467,18.1982,-1.05175,-0.386846
0,10,7.03698,18.2517,-1.07341,-0.376882
0,10,6.82715,18.3502,-1.02994,-0.369952
0,10,6.85118,18.1423,-1.03042,-0.40289
0,10,6.59161,19.0539,-1.04109,-0.190994
0,10,6.63595,18.0598,-1.04198,-0.386519
0,10,6.51956,18.0941,-1.00971,-0.35396
0,10,6.80819,18.5634,-1.06716,-0.340026
0,10,6.36474,19.1669,-0.96725,-0.152154
0,10,6.5782,18.946,-1.0286,-0.217658
0,10,6.65961,19.1468,-1.01422,-0.207243
0,10,5.97797,19.4766,-0.784206,-0.128005
0,10,6.32007,19.2664,-0.93738,-0.136192
0,10,5.69696,19.7028,-0.759047,-0.146934
0,10,6.46437,19.1613,-0.990854,-0.162405
0,10,5.36456,19.756,-0.651591,-0.224485
0,10,5.78824,19.6885,-0.746565,-0.0567116
0,10,5.49762,19.7,-0.730185,-0.10706
0,10,5.11004,19.8351,-0.61291,-0.0675111
0,10,5.21262,19.8396,-0.643551,-0.172616
0,10,5.88209,19.5038,-0.753555,-0.14429
0,10,4.91324,19.8222,-0.535957,0.0243392
0,10,2.53403,19.7534,-0.0279353,-0.00812239
0,10,4.17482,19.7427,-0.418016,-0.087558
0,10,5.8483,19.1174,-0.870341,-0.178257
0,10,1.70172,16.4676,-0.649863,-0.821304
0,10,3.84202,18.3773,-0.72374,-0.399239
0,10,4.23745,18.2141,-0.731444,-0.36489
0,10,4.86873,17.9334,-0.807178,-0.383602
0,10,5.20619,17.8746,-0.840562,-0.339391
0,10,5.66451,18.2067,-0.880782,-0.329347
0,10,5.32587,18.065,-0.847966,-0.326264
0,10,1.16072,18.0801,-0.116957,-0.182187
0,10,5.16964,17.9681,-0.838593,-0.333037
0,10,5.47808,17.789,-0.874204,-0.372788
0,10,5.27492,17.9694,-0.846787,-0.336908
0,10,5.26225,17.7812,-0.836409,-0.359509
0,10,5.15545,17.7799,-0.821512,-0.34322
0,10,5.31156,17.8761,-0.849021,-0.348385
0,10,5.37168,17.788,-0.856782,-0.367565
0,10,5.60064,18.1299,-0.872397,-0.333318
0,10,5.37996,17.9718,-0.858018,-0.342596
0,10,5.41965,17.8828,-0.862242,-0.353695
0,10,5.77046,17.7007,-0.905323,-0.376923
0,10,5.52846,17.8803,-0.875639,-0.361236
0,10,5.61936,17.8339,-0.862918,-0.336904
0,10,5.64369,17.6972,-0.890482,-0.353723
0,10,5.71214,17.8953,-0.883089,-0.340016
0,10,5.90827,17.8182,-0.903226,-0.394517
0,10,5.79369,17.8113,-0.880575,-0.360182
0,10,5.94156,17.9004,-0.911285,-0.379563
0,10,6.23948,17.6701,-0.964941,-0.434375
0,10,6.00219,17.7715,-0.927317,-0.416654
0,10,6.60464,17.6985,-0.986299,-0.443799
0,10,6.17637,17.9155,-0.933561,-0.388697
0,10,6.13973,17.8288,-0.935702,-0.395391
0,10,6.2004,17.7612,-0.949762,-0.4131
0,10,5.96537,17.9902,-0.899251,-0.382132
0,10,6.33088,17.7035,-0.977558,-0.421108
0,10,6.04249,17.86,-0.931582,-0.403091
0,10,6.80513,17.7228,-1.02631,-0.466806
0,10,7.01131,17.7231,-1.06391,-0.460193
0,10,6.40258,17.7808,-0.965757,-0.437719
0,10,6.9756,17.9105,-1.06811,-0.431487
0,10,6.50393,17.7462,-0.981205,-0.447679
0,10,6.8782,17.8606,-1.0499,-0.436105
0,10,7.0622,18.0559,-1.07045,-0.41676
0,10,6.67999,17.8621,-1.01237,-0.424249
0,10,6.6942,17.7598,-1.00226,-0.447674
0,10,6.95861,18.0061,-1.06772,-0.418323
0,10,6.78389,17.818,-1.02617,-0.443234
0,10,7.15901,18.1102,-1.08973,-0.400917
0,10,7.02974,18.3544,-1.08903,-0.349096
0,10,6.93532,18.3011,-1.05958,-0.371655
0,10,6.86539,18.7256,-1.06722,-0.285989
0,10,6.8561,18.8273,-1.06674,-0.260991
0,10,6.8524,18.9359,-1.07413,-0.242249
0,10,6.78475,18.6721,-1.04852,-0.331366
0,10,6.9079,18.5093,-1.07379,-0.320621
0,10,6.88811,18.6175,-1.07432,-0.308406
0,10,6.83004,18.4478,-1.05547,-0.339541
0,10,6.6696,18.9168,-1.05058,-0.244745
0,10,6.6805,19.0271,-1.05652,-0.222324
0,10,6.68344,18.7192,-1.02758,-0.317855
0,10,6.37282,19.3628,-0.905847,-0.110453
0,10,6.65238,18.823,-0.993097,-0.279214
0,10,6.56,19.1587,-1.01126,-0.176798
0,10,6.14609,19.5318,-0.802852,-0.0898837
0,10,6.10465,19.6301,-0.784121,-0.0916194
0,10,6.26988,19.3687,-0.887116,-0.122327
0,10,6.03377,19.5694,-0.790651,-0.110147
0,10,6.42054,19.263,-0.955949,-0.128567
0,10,5.93893,19.5916,-0.778554,-0.0916199
0,10,5.74524,19.7997,-0.746535,-0.108131
0,10,6.15706,19.3573,-0.867979,-0.107066
0,10,5.8828,19.6834,-0.720013,-0.0158379
0,10,4.86795,19.9289,-0.495425,0.0590003
0,10,4.67352,19.8794,-0.408136,-0.129057
0,10,4.45726,19.8606,-0.404533,-0.0784929
0,10,4.20219,19.929,-0.372999,-0.0792274
0,10,3.4378,20.0839,-0.14981,0.00216674
0,10,2.60659,19.821,-0.00977267,0.0135398
0,10,5.74781,19.1545,-0.845125,-0.155205
0,10,1.5742,16.2108,-0.629133,-1.02656
0,10,1.97481,16.4275,-0.744679,-0.773085
0,10,5.11086,18.0617,-0.821886,-0.320701
0,10,3.8945,18.2836,-0.698165,-0.392731
0,10,4.04535,18.2073,-0.731298,-0.432134
0,10,4.35448,18.0504,-0.747902,-0.370193
0,10,4.76121,17.8918,-0.805824,-0.357332
0,10,4.9918,17.8703,-0.838142,-0.351302
0,10,5.1003,17.8715,-0.839175,-0.338432
0,10,4.46761,18.0704,-0.767586,-0.343898
0,10,4.85307,17.838,-0.826405,-0.389666
0,10,5.0931,17.6912,-0.810877,-0.358924
0,10,4.68719,17.9513,-0.776984,-0.32923
0,10,5.20572,17.6906,-0.833611,-0.366093
0,10,5.04499,17.7793,-0.814628,-0.347464
0,10,5.32154,17.6962,-0.848054,-0.38164
0,10,5.40453,17.6021,-0.883018,-0.407017
0,10,5.55999,17.7455,-0.868318,-0.344659
0,10,5.4297,17.696,-0.86904,-0.387204
0,10,5.70072,17.7817,-0.87409,-0.352957
0,10,5.52016,17.651,-0.88349,-0.361053
0,10,5.79828,17.553,-0.937173,-0.409766
0,10,6.20202,17.5756,-0.959256,-0.443641
0,10,5.86901,17.7288,-0.914191,-0.402362
0,10,6.08841,17.7328,-0.933045,-0.40439
0,10,5.85862,17.629,-0.93467,-0.413459
0,10,6.72972,17.5575,-0.991872,-0.471691
0,10,6.53688,17.4368,-0.943169,-0.446825
0,10,6.09348,17.5492,-0.940829,-0.439675
0,10,6.93155,17.5791,-1.02053,-0.486064
0,10,6.02783,17.6227,-0.928671,-0.419683
0,10,6.32449,17.5959,-0.973862,-0.440763
0,10,5.96149,17.6816,-0.933872,-0.425699
0,10,6.4284,17.6725,-0.992757,-0.452974
0,10,6.52159,17.6345,-0.991754,-0.446613
0,10,6.90218,17.7679,-1.05412,-0.453948
0,10,6.13287,17.6541,-0.947107,-0.42419
0,10,6.91219,17.6713,-1.02879,-0.471097
0,10,6.71344,17.663,-1.00148,-0.467689
0,10,6.62978,17.5988,-1.00074,-0.456021
0,10,6.99685,17.8189,-1.07407,-0.446515
0,10,7.09385,17.869,-1.08741,-0.437621
0,10,7.18545,17.921,-1.10217,-0.420301
0,10,7.07001,17.9621,-1.08243,-0.424161
0,10,7.12914,18.3067,-1.10673,-0.356984
0,10,7.16945,18.0148,-1.08223,-0.4134
0,10,7.14435,18.2071,-1.09781,-0.384508
0,10,7.11029,18.4141,-1.1153,-0.328766
0,10,7.18901,18.4763,-1.13353,-0.312486
0,10,6.76008,18.7799,-1.03466,-0.305227
0,10,7.26646,18.5313,-1.15321,-0.307521
0,10,6.9534,18.787,-1.08608,-0.256258
0,10,6.94368,18.8968,-1.08284,-0.232654
0,10,6.96624,18.6811,-1.09294,-0.27806
0,10,6.76094,18.8779,-1.05769,-0.27687
0,10,6.84434,19.0512,-1.07382,-0.234063
0,10,6.47544,19.3569,-0.926863,-0.118576
0,10,6.76574,18.9896,-1.07291,-0.26227
0,10,6.74682,19.1111,-1.02841,-0.23934
0,10,6.30661,19.4609,-0.833715,-0.100105
0,10,6.253,19.5429,-0.799094,-0.0955071
0,10,6.19186,19.4457,-0.825487,-0.104024
0,10,6.62288,19.2544,-0.99247,-0.182776
0,10,6.57814,19.3561,-0.939478,-0.150468
0,10,6.71815,19.2318,-1.00251,-0.221013
0,10,6.36685,19.5473,-0.807776,-0.085932
0,10,6.47239,19.5459,-0.812963,-0.0837065
0,10,5.98371,19.6826,-0.724755,-0.113564
0,10,5.69532,19.8987,-0.684879,-0.126163
0,10,5.44474,19.8007,-0.727728,-0.075834
0,10,5.64566,19.8022,-0.736388,-0.148427
0,10,6.07385,19.4654,-0.795705,-0.116083
0,10,5.16476,19.9319,-0.559375,-0.0920794
0,10,5.59695,19.7016,-0.743634,-0.183482
0,10,3.96198,20.0026,-0.307937,-0.125118
0,10,4.06145,20.0119,-0.329097,-0.0886168
0,10,3.53437,20.0836,-0.148586,-0.0452864
0,10,3.0791,20.0083,-0.147374,-0.0102865
0,10,2.67695,19.8926,-0.00117379,-0.00685
0,10,6.26694,18.9868,-0.944272,-0.213038
0,10,1.87814,16.2305,-0.690038,-0.860361
0,10,4.43078,16.3197,-0.783754,-0.487481
0,10,8.15682,16.0596,-1.09933,-0.713195
0,10,3.54685,18.5286,-0.661336,-0.394526
0,10,3.7198,18.5252,-0.673703,-0.368862
0,10,3.78166,18.4453,-0.702016,-0.380706
0,10,4.13453,18.1962,-0.723051,-0.36563
0,10,4.18942,18.1078,-0.751782,-0.374663
0,10,4.29275,18.1306,-0.754184,-0.374892
0,10,4.58183,17.916,-0.744926,-0.338915
0,10,4.51042,17.9846,-0.74916,-0.325562
0,10,4.74278,17.7921,-0.795431,-0.380627
0,10,4.93286,17.7916,-0.811619,-0.370692
0,10,5.0815,17.6037,-0.837064,-0.361852
0,10,5.18802,17.5986,-0.844208,-0.379215
0,10,5.34009,17.5166,-0.890519,-0.418065
0,10,5.29283,17.6077,-0.860125,-0.392451
0,10,5.4871,17.5541,-0.886916,-0.379667
0,10,5.72145,17.6232,-0.918969,-0.377286
0,10,5.60881,17.6047,-0.906997,-0.366668
0,10,6.15549,17.4761,-0.955326,-0.457607
0,10,6.27488,17.5116,-0.962439,-0.449885
0,10,6.52828,17.542,-0.978297,-0.450528
0,10,6.4124,17.5726,-0.981229,-0.459325
0,10,7.03768,17.5357,-1.03612,-0.491177
0,10,6.34465,17.4536,-0.95718,-0.451936
0,10,6.41393,17.3775,-0.942655,-0.462438
0,10,6.62898,17.4994,-0.959865,-0.461035
0,10,6.44069,17.4822,-0.961511,-0.46199
0,10,6.83483,17.5271,-0.999093,-0.493988
0,10,7.02865,17.6326,-1.04161,-0.475164
0,10,7.23479,17.641,-1.10588,-0.469417
0,10,6.81622,17.6237,-1.00195,-0.479787
0,10,7.2243,17.7405,-1.09608,-0.441433
0,10,7.12845,17.6839,-1.07238,-0.462757
0,10,7.40684,17.8968,-1.11156,-0.495382
0,10,7.30437,17.8791,-1.12722,-0.430196
0,10,7.20965,17.8278,-1.10683,-0.435417
0,10,7.28046,17.973,-1.09783,-0.414464
0,10,7.38065,17.9925,-1.10645,-0.472729
0,10,7.10878,17.7751,-1.08861,-0.449896
0,10,7.25315,18.1647,-1.1142,-0.385778
0,10,7.26911,18.0677,-1.09647,-0.401664
0,10,7.23524,18.2645,-1.12675,-0.362696
0,10,7.08766,18.5221,-1.11114,-0.302867
0,10,7.16393,18.5858,-1.13243,-0.284106
0,10,7.21143,18.3677,-1.13499,-0.339926
0,10,7.3644,18.4843,-1.17524,-0.33007
0,10,7.06482,18.6332,-1.11042,-0.272989
0,10,7.41894,18.2627,-1.17475,-0.390029
0,10,7.24462,18.6409,-1.14821,-0.279918
0,10,7.03614,18.8534,-1.09829,-0.232504
0,10,6.93318,19.0109,-1.07862,-0.220122
0,10,7.0497,18.7418,-1.1046,-0.252686
0,10,6.82702,19.1581,-1.02203,-0.214317
0,10,6.52164,19.2583,-0.98022,-0.149648
0,10,6.52167,19.4524,-0.87128,-0.107807
0,10,7.22783,18.7523,-1.13487,-0.251073
0,10,7.11586,18.9175,-1.104,-0.2172
0,10,6.92285,19.1298,-1.04609,-0.221857
0,10,7.02309,18.9669,-1.08884,-0.214929
0,10,6.41547,19.4531,-0.856516,-0.0973923
0,10,7.00916,19.0843,-1.06121,-0.20789
0,10,6.77137,19.3568,-0.969991,-0.194761
0,10,6.67891,19.3436,-0.961624,-0.196496
0,10,6.80484,19.2595,-1.00393,-0.213903
0,10,6.62764,19.4462,-0.897133,-0.150371
0,10,6.06784,19.7234,-0.73364,-0.0698095
0,10,5.93515,19.781,-0.693974,-0.0734993
0,10,5.84107,19.7909,-0.729689,-0.0564333
0,10,5.39383,19.9035,-0.717612,-0.0529659
0,10,5.06264,19.9302,-0.53786,-0.0218692
0,10,5.23007,20.0288,-0.499009,-0.131246
0,10,4.30905,19.9396,-0.375783,-0.0645654
0,10,5.31894,19.8475,-0.640806,-0.226043
0,10,4.78338,19.8847,-0.408474,-0.144786
0,10,3.76859,19.999,-0.263157,-0.133766
0,10,3.22554,20.1548,-0.0475717,-0.0511672
0,10,2.74699,19.9643,0.00317352,-0.0193315
0,10,3.05158,20.1214,-0.0430582,-0.00256261
0,10,4.90387,19.609,-0.550209,-0.163373
0,10,6.30659,18.7078,-0.969414,-0.254125
0,10,5.74018,18.4746,-0.900705,-0.294236
0,10,4.79732,18.0002,-0.772107,-0.35634
0,10,3.64258,18.5835,-0.661556,-0.382157
0,10,3.03389,18.7113,-0.499451,-0.382387
0,10,3.455,18.5889,-0.653587,-0.379308
0,10,3.78931,18.2938,-0.694151,-0.414569
0,10,3.25985,18.5917,-0.598691,-0.355198
0,10,3.62839,18.4687,-0.67022,-0.393423
0,10,3.94056,18.1928,-0.729126,-0.411782
0,10,4.40718,17.9717,-0.755127,-0.375254
0,10,4.25158,18.0219,-0.749287,-0.374197
0,10,4.82704,17.7359,-0.802661,-0.400926
0,10,4.87342,17.6619,-0.798637,-0.391501
0,10,4.9722,17.701,-0.799704,-0.361634
0,10,4.6548,17.8467,-0.776473,-0.36268
0,10,5.23914,17.5037,-0.870098,-0.411035
0,10,5.13534,17.5051,-0.853697,-0.376154
0,10,5.57628,17.5085,-0.88396,-0.378651
0,10,5.41941,17.4687,-0.880945,-0.396958
0,10,5.68555,17.5266,-0.90797,-0.386589
0,10,5.75846,17.4549,-0.92424,-0.429252
0,10,5.93094,17.5647,-0.934638,-0.417395
0,10,5.99899,17.503,-0.937333,-0.42245
0,10,6.22051,17.4115,-0.94221,-0.450702
0,10,5.81321,17.3734,-0.921877,-0.435495
0,10,6.05651,17.4264,-0.952768,-0.444173
0,10,6.29835,17.358,-0.929807,-0.456143
0,10,5.93017,17.416,-0.941155,-0.418466
0,10,6.62929,17.3969,-0.942082,-0.471375
0,10,7.05924,17.4453,-0.9926,-0.497477
0,10,6.93968,17.4818,-1.00066,-0.501306
0,10,7.13631,17.5876,-1.06292,-0.48709
0,10,7.15539,17.4958,-1.01989,-0.49425
0,10,7.44413,17.8037,-1.11198,-0.516719
0,10,7.33529,17.7931,-1.09407,-0.432781
0,10,7.32708,17.699,-1.13037,-0.440346
0,10,7.526,17.86,-1.13303,-0.498367
0,10,7.57907,18.017,-1.17149,-0.442131
0,10,7.43256,17.7147,-1.12952,-0.529953
0,10,7.36548,18.0942,-1.11522,-0.444456
0,10,7.49215,17.9543,-1.1379,-0.475362
0,10,7.3441,18.1987,-1.13738,-0.410668
0,10,7.29072,18.4189,-1.15417,-0.339881
0,10,7.31926,18.308,-1.1489,-0.375048
0,10,7.39075,18.3743,-1.17838,-0.356133
0,10,7.44715,18.1562,-1.15741,-0.416306
0,10,7.49273,18.3267,-1.20041,-0.369867
0,10,7.5253,18.2191,-1.19262,-0.394619
0,10,7.14669,18.6947,-1.12389,-0.257387
0,10,7.34389,18.5954,-1.17075,-0.299839
0,10,7.42565,18.6571,-1.1828,-0.295316
0,10,7.32451,18.7035,-1.15903,-0.274939
0,10,7.44157,18.5485,-1.19379,-0.320654
0,10,7.13064,18.8054,-1.1147,-0.235139
0,10,7.52319,18.616,-1.20473,-0.311618
0,10,7.40635,18.7633,-1.16716,-0.272282
0,10,7.30822,18.813,-1.14275,-0.251878
0,10,7.28868,18.9249,-1.12065,-0.231714
0,10,7.21125,18.8631,-1.12184,-0.228608
0,10,7.19306,18.9775,-1.10214,-0.212719
0,10,6.90602,19.2428,-0.998885,-0.199777
0,10,7.09975,19.0337,-1.07947,-0.205172
0,10,6.57789,19.5423,-0.827209,-0.109486
0,10,6.99473,19.2072,-1.02627,-0.199447
0,10,6.42329,19.6415,-0.77538,-0.0751205
0,10,6.38178,19.7328,-0.734452,-0.0765535
0,10,6.20864,19.6316,-0.784431,-0.0949718
0,10,6.31579,19.635,-0.780639,-0.0884296
0,10,5.54407,19.7981,-0.720314,-0.139695
0,10,6.17305,19.7255,-0.740788,-0.0949554
0,10,5.02274,20.0254,-0.467992,-0.00179358
0,10,4.74446,19.9739,-0.372154,-0.140088
0,10,4.92273,20.0217,-0.456935,0.0340135
0,10,4.96369,19.9193,-0.515764,-0.0039471
0,10,4.63332,19.9665,-0.363204,-0.112986
0,10,3.83102,20.1033,-0.234709,-0.0936353
0,10,4.52469,19.9585,-0.368404,-0.085718
0,10,3.31158,20.1957,-0.0643281,0.0184525
0,10,3.11926,20.1965,-0.0191542,-0.0224496
0,10,2.81942,20.0338,-0.0136262,-0.00960195
0,10,5.41424,19.6637,-0.666173,-0.221072
0,10,4.75637,19.7025,-0.50637,-0.165907
0,10,4.35141,16.3178,-0.783958,-0.482735
0,10,3.9922,18.3006,-0.702413,-0.415261
0,10,3.13177,18.7082,-0.522825,-0.264862
0,10,3.04082,18.8122,-0.495748,-0.354508
0,10,3.0232,18.9065,-0.40474,-0.306889
0,10,2.94784,18.6347,-0.490998,-0.378961
0,10,2.93748,18.7417,-0.466221,-0.347102
0,10,3.44531,18.4886,-0.641445,-0.40126
0,10,3.69696,18.4013,-0.702479,-0.395005
0,10,4.09235,18.0897,-0.72854,-0.404691
0,10,3.83048,18.1928,-0.7056,-0.415446
0,10,4.29906,17.9399,-0.751865,-0.370252
0,10,4.93132,17.5219,-0.842484,-0.382267
0,10,4.48198,17.8767,-0.759346,-0.316962
0,10,4.73211,17.6851,-0.806253,-0.374889
0,10,4.9771,17.6116,-0.83345,-0.373168
0,10,5.22285,17.3201,-0.904309,-0.431369
0,10,5.18502,17.4094,-0.869348,-0.409131
0,10,5.70406,17.3583,-0.905736,-0.442469
0,10,5.50542,17.4334,-0.871299,-0.376977
0,10,5.29147,17.4127,-0.88294,-0.437007
0,10,5.8665,17.4795,-0.938607,-0.415438
0,10,5.6423,17.4322,-0.886987,-0.406818
0,10,6.11685,17.3597,-0.946031,-0.446027
0,10,5.87372,17.3119,-0.928662,-0.442759
0,10,6.19745,17.3038,-0.9316,-0.438283
0,10,6.5594,17.2712,-0.956787,-0.470357
0,10,6.50449,17.3477,-0.937052,-0.444165
0,10,6.65436,17.3125,-0.961942,-0.481203
0,10,6.87513,17.3471,-0.959689,-0.517087
0,10,6.74716,17.368,-0.96058,-0.49268
0,10,6.72811,17.4607,-0.958255,-0.482809
0,10,6.83603,17.4332,-0.962237,-0.506372
0,10,7.27476,17.4582,-1.02646,-0.495562
0,10,7.47594,17.5239,-1.06464,-0.554521
0,10,7.18327,17.4055,-1.01578,-0.504671
0,10,7.35534,17.6082,-1.12605,-0.465648
0,10,7.25143,17.5515,-1.05196,-0.487729
0,10,7.36396,17.5179,-1.04878,-0.483382
0,10,7.60951,17.9252,-1.17084,-0.466462
0,10,7.56968,17.7718,-1.13607,-0.517942
0,10,7.46745,18.0518,-1.14199,-0.447718
0,10,7.53543,17.6918,-1.13726,-0.527234
0,10,7.55224,18.1148,-1.17545,-0.417445
0,10,7.45849,17.6156,-1.12956,-0.538927
0,10,7.6653,18.0749,-1.20061,-0.431122
0,10,7.59707,18.2837,-1.22212,-0.367088
0,10,7.7348,17.8901,-1.18675,-0.478487
0,10,7.69726,17.98,-1.19761,-0.459652
0,10,7.46553,18.4378,-1.19411,-0.345963
0,10,7.74135,18.1429,-1.24537,-0.406219
0,10,7.63064,18.1748,-1.21211,-0.396876
0,10,7.81751,17.9558,-1.21875,-0.465398
0,10,7.77882,18.0476,-1.23228,-0.441332
0,10,7.89749,18.0261,-1.2562,-0.442447
0,10,7.56414,18.392,-1.21697,-0.35006
0,10,7.3862,18.8755,-1.14492,-0.247644
0,10,7.08269,19.1522,-1.04929,-0.186162
0,10,7.50672,18.7244,-1.19323,-0.288008
0,10,7.17551,19.0931,-1.08016,-0.190552
0,10,6.87964,19.3453,-0.97752,-0.215147
0,10,6.84268,19.4392,-0.94962,-0.199424
0,10,7.27004,19.0379,-1.10239,-0.214416
0,10,7.36712,18.9855,-1.12061,-0.228797
0,10,6.78695,19.5339,-0.889229,-0.157503
0,10,6.98065,19.3266,-0.972735,-0.172542
0,10,6.67979,19.5448,-0.850299,-0.125536
0,10,6.72834,19.4506,-0.92437,-0.169096
0,10,6.27739,19.7264,-0.738298,-0.0911962
0,10,6.52745,19.6389,-0.778136,-0.0849777
0,10,6.02199,19.8165,-0.703806,-0.0683936
0,10,6.12743,19.8196,-0.700977,-0.0750353
0,10,4.70626,20.0623,-0.333245,-0.120588
0,10,4.78274,20.1328,-0.36891,0.0465591
0,10,5.12501,20.026,-0.480537,-0.0394075
0,10,4.82439,20.0321,-0.44527,0.0745648
0,10,4.37953,20.0376,-0.349873,-0.0666682
0,10,4.41626,19.9485,-0.371278,-0.0700494
0,10,3.73146,20.0952,-0.202815,-0.101539
0,10,3.4076,20.1891,-0.0623991,0.0153577
0,10,2.88759,20.1056,-0.00960353,-0.00955255
0,10,4.71272,19.7908,-0.456305,-0.141149
0,10,6.16159,19.0137,-0.929875,-0.206519
0,10,2.18898,16.4272,-0.773708,-0.720654
0,10,3.55276,18.6327,-0.65397,-0.390641
0,10,3.37695,18.6574,-0.631071,-0.349762
0,10,3.1523,19.0056,-0.395223,-0.239948
0,10,3.04337,19.0069,-0.399562,-0.274929
0,10,2.93215,18.9501,-0.376816,-0.294685
0,10,2.93354,18.8393,-0.421889,-0.305674
0,10,2.83989,18.7609,-0.426707,-0.321924
0,10,3.34706,18.5615,-0.622417,-0.366521
0,10,3.05072,18.611,-0.50918,-0.388376
0,10,2.8523,18.656,-0.461191,-0.351173
0,10,3.5327,18.4213,-0.662995,-0.407442
0,10,3.36637,18.4508,-0.619015,-0.40162
0,10,4.64068,17.7435,-0.798427,-0.374907
0,10,4.14763,18.0023,-0.735292,-0.406682
0,10,5.0782,17.4108,-0.8616,-0.374546
0,10,5.31248,17.2876,-0.885022,-0.396875
0,10,5.03365,17.5072,-0.847269,-0.370829
0,10,5.46349,17.3327,-0.852356,-0.390085
0,10,5.3737,17.3743,-0.863742,-0.39874
0,10,5.57057,17.3592,-0.876518,-0.396061
0,10,5.98539,17.3425,-0.950298,-0.434639
0,10,5.74545,17.2727,-0.913023,-0.457974
0,10,6.35836,17.2856,-0.939184,-0.464819
0,10,6.44812,17.2529,-0.937109,-0.44879
0,10,6.25726,17.2339,-0.939243,-0.454488
0,10,6.99524,17.2084,-0.977281,-0.553737
0,10,6.79179,17.2835,-0.963003,-0.499235
0,10,6.72085,17.2252,-0.9603,-0.496054
0,10,6.89907,17.2506,-0.978813,-0.532318
0,10,7.23341,17.2258,-1.01815,-0.524963
0,10,6.99913,17.3011,-1.00209,-0.533461
0,10,7.41593,17.3397,-1.04816,-0.534807
0,10,7.08952,17.3547,-1.00886,-0.514668
0,10,6.96537,17.393,-0.969384,-0.509111
0,10,7.20551,17.3127,-1.03198,-0.521288
0,10,7.59379,17.5027,-1.08271,-0.553238
0,10,7.40157,17.4291,-1.0757,-0.52166
0,10,7.56901,17.5903,-1.13207,-0.536036
0,10,7.50705,17.4332,-1.07189,-0.573956
0,10,7.64267,17.6615,-1.14547,-0.513862
0,10,7.30413,17.3698,-1.046,-0.524128
0,10,7.8233,17.7113,-1.16714,-0.507909
0,10,7.87615,17.6156,-1.16503,-0.511649
0,10,7.68732,17.7402,-1.15248,-0.497935
0,10,7.75611,17.6478,-1.15975,-0.513955
0,10,7.68922,17.5688,-1.14998,-0.526255
0,10,7.76766,17.7946,-1.17036,-0.49291
0,10,7.64802,17.834,-1.16451,-0.486628
0,10,7.92978,17.9313,-1.22988,-0.457331
0,10,7.84795,17.8613,-1.19715,-0.478738
0,10,7.73565,18.4282,-1.24801,-0.311154
0,10,8.00763,18.0067,-1.26833,-0.443042
0,10,7.85398,18.1179,-1.28366,-0.416896
0,10,7.81151,18.2159,-1.29082,-0.373264
0,10,7.7007,18.2444,-1.2492,-0.367572
0,10,7.66747,18.3532,-1.23757,-0.340931
0,10,7.63508,18.4627,-1.22937,-0.325747
0,10,7.53829,18.5062,-1.21271,-0.326263
0,10,7.67628,18.761,-1.21339,-0.277619
0,10,7.60172,18.6832,-1.21454,-0.294681
0,10,7.48291,18.8309,-1.16935,-0.264586
0,10,7.25317,19.1533,-1.06863,-0.199941
0,10,7.34633,19.0987,-1.09343,-0.22165
0,10,7.07051,19.2735,-1.01633,-0.172654
0,10,6.95372,19.4277,-0.973281,-0.178816
0,10,6.89166,19.5242,-0.928283,-0.176623
0,10,6.69398,19.7344,-0.752212,-0.0794355
0,10,6.62875,19.6416,-0.787208,-0.0887247
0,10,6.08521,19.9121,-0.662371,-0.0711427
0,10,6.23214,19.8206,-0.712697,-0.093445
0,10,5.97981,19.909,-0.659341,-0.0529775
0,10,5.79534,19.8999,-0.676012,-0.0968159
0,10,5.88994,19.8878,-0.660599,-0.0918317
0,10,5.64663,19.996,-0.608142,-0.131951
0,10,4.59712,20.0542,-0.331173,-0.10161
0,10,4.02686,20.1079,-0.294789,-0.0760137
0,10,3.92939,20.1052,-0.266972,-0.104178
0,10,4.27195,20.0287,-0.349593,-0.0605714
0,10,3.63183,20.0903,-0.175484,-0.0591689
0,10,3.19689,20.2561,-0.0212675,-0.0264435
0,10,2.95884,20.1739,-0.00624623,-0.0133802
0,10,6.51048,18.4733,-0.976022,-0.317689
0,10,2.13766,17.0872,-0.640884,-0.6346
0,10,2.16877,16.5451,-0.789816,-0.713398
0,10,4.95808,17.9584,-0.820203,-0.340404
0,10,3.12601,18.9144,-0.452616,-0.25606
0,10,3.40383,19.0296,-0.475659,-0.260247
0,10,3.34095,19.0852,-0.43508,-0.216518
0,10,3.29902,19.169,-0.392789,-0.182156
0,10,3.23996,19.0474,-0.413177,-0.211324
0,10,2.67024,18.69,-0.427674,-0.313604
0,10,2.59474,18.5984,-0.423893,-0.319938
0,10,2.8699,18.5499,-0.478094,-0.386463
0,10,2.97075,18.533,-0.501415,-0.400609
0,10,3.1497,18.5973,-0.544102,-0.31379
0,10,3.26938,18.4824,-0.593539,-0.39089
0,10,3.69562,18.304,-0.690734,-0.392855
0,10,3.599,18.3485,-0.693947,-0.426835
0,10,3.99635,18.1096,-0.731128,-0.424865
0,10,4.55164,17.8055,-0.772902,-0.337601
0,10,4.8482,17.5712,-0.844023,-0.391395
0,10,4.86381,17.4401,-0.847743,-0.379741
0,10,5.6293,17.2791,-0.907047,-0.432029
0,10,5.53018,17.2551,-0.893096,-0.420752
0,10,6.04854,17.2752,-0.947269,-0.443922
0,10,5.93248,17.2377,-0.918433,-0.45042
0,10,5.81029,17.2188,-0.906932,-0.448718
0,10,6.12632,17.2268,-0.935232,-0.424392
0,10,6.62646,17.2025,-0.958332,-0.483862
0,10,7.3205,17.1559,-1.00025,-0.540736
0,10,7.39767,17.2112,-1.0214,-0.545617
0,10,7.94204,17.431,-1.1062,-0.54813
0,10,7.10805,17.2601,-1.02379,-0.527146
0,10,7.75677,17.3927,-1.07721,-0.563552
0,10,7.48076,17.271,-1.0464,-0.549604
0,10,8.17958,17.6425,-1.19828,-0.527861
0,10,7.83128,17.4636,-1.10675,-0.539022
0,10,7.32333,17.278,-1.03029,-0.534933
0,10,7.54476,17.3492,-1.04404,-0.563172
0,10,7.70986,17.479,-1.08033,-0.541866
0,10,7.62845,17.4117,-1.06138,-0.549553
0,10,7.80122,17.5529,-1.15346,-0.520225
0,10,8.13394,17.7363,-1.21428,-0.503394
0,10,7.94253,17.6854,-1.17285,-0.503918
0,10,8.16724,17.9019,-1.26419,-0.469942
0,10,8.06367,17.663,-1.18804,-0.505927
0,10,8.23813,17.98,-1.3119,-0.454817
0,10,7.99588,17.5926,-1.17494,-0.516137
0,10,7.9759,17.8473,-1.21988,-0.475674
0,10,8.01601,17.7542,-1.19973,-0.487338
0,10,8.05325,17.9202,-1.2525,-0.46664
0,10,7.89861,17.7782,-1.18936,-0.494311
0,10,7.9204,18.1963,-1.32422,-0.395471
0,10,8.07692,18.086,-1.32634,-0.42362
0,10,8.03208,18.1862,-1.35038,-0.398254
0,10,7.83157,18.4002,-1.25572,-0.333605
0,10,7.96935,18.1033,-1.31103,-0.420823
0,10,7.84577,18.4918,-1.30669,-0.305182
0,10,7.93308,18.3824,-1.28173,-0.339882
0,10,7.62029,18.5709,-1.21943,-0.309885
0,10,7.874,18.2956,-1.30252,-0.360889
0,10,7.76773,18.3165,-1.26972,-0.33608
0,10,7.7214,18.5267,-1.24254,-0.295929
0,10,7.46707,18.9381,-1.14099,-0.250402
0,10,7.5198,19.1103,-1.09497,-0.232126
0,10,7.58616,18.7964,-1.19571,-0.275523
0,10,7.3344,19.2132,-1.06939,-0.204475
0,10,7.05799,19.3908,-0.983406,-0.135127
0,10,7.15899,19.2084,-1.0432,-0.176095
0,10,6.99502,19.5163,-0.929457,-0.16982
0,10,7.02777,19.6169,-0.881978,-0.165406
0,10,6.79593,19.7296,-0.778673,-0.0927735
0,10,6.93097,19.6221,-0.862181,-0.163138
0,10,6.73215,19.6364,-0.810352,-0.108068
0,10,6.5901,19.7376,-0.735125,-0.0693572
0,10,6.33618,19.8252,-0.721361,-0.0766369
0,10,6.48763,19.7348,-0.729804,-0.0759953
0,10,6.19024,19.9139,-0.663699,-0.074146
0,10,4.88316,20.1231,-0.356526,0.0633224
0,10,5.49354,19.8959,-0.707128,-0.12077
0,10,4.23315,20.1181,-0.323384,-0.053676
0,10,4.4872,20.0464,-0.33938,-0.0805469
0,10,3.79191,20.1999,-0.158547,-0.0594119
0,10,4.16568,20.0184,-0.343204,-0.074513
0,10,3.28279,20.2969,-0.038473,0.0130649
0,10,3.02602,20.2427,-0.0116231,0.0018687
0,10,6.24205,18.6255,-0.977354,-0.266576
0,10,5.52639,19.4785,-0.738475,-0.245393
0,10,3.89012,18.482,-0.701364,-0.402863
0,10,3.13829,18.8075,-0.504536,-0.252693
0,10,3.45417,19.3062,-0.43881,-0.194849
0,10,3.45322,19.1325,-0.462017,-0.245999
0,10,3.40069,19.2034,-0.401739,-0.194111
0,10,3.34206,19.2797,-0.413361,-0.182143
0,10,3.0926,19.0917,-0.379327,-0.266162
0,10,2.84477,18.9818,-0.383679,-0.304478
0,10,2.75674,18.6656,-0.438846,-0.329385
0,10,2.84275,18.871,-0.397561,-0.30784
0,10,2.75059,18.7808,-0.409297,-0.320464
0,10,2.77227,18.5621,-0.4508,-0.344187
0,10,2.77519,18.4613,-0.533867,-0.367243
0,10,3.45964,18.365,-0.633871,-0.445372
0,10,3.07175,18.5099,-0.515603,-0.401008
0,10,4.01184,18.0121,-0.714593,-0.423859
0,10,3.72705,18.2018,-0.699649,-0.410685
0,10,4.38801,17.8721,-0.765505,-0.385933
0,10,4.54291,17.6984,-0.791962,-0.354001
0,10,5.10878,17.3178,-0.892737,-0.391045
0,10,4.75506,17.5991,-0.82404,-0.389532
0,10,5.40533,17.2528,-0.879869,-0.3795
0,10,5.47266,17.1746,-0.934413,-0.417251
0,10,4.97018,17.4208,-0.851903,-0.382002
0,10,5.65558,17.1906,-0.912831,-0.446754
0,10,6.74743,17.132,-0.994076,-0.507197
0,10,6.842,17.1742,-0.989486,-0.524725
0,10,7.60088,17.2641,-1.02206,-0.570736
0,10,7.67735,17.3273,-1.05108,-0.563045
0,10,7.12728,17.176,-0.974118,-0.533208
0,10,8.11416,17.5688,-1.18689,-0.521775
0,10,8.29531,17.6245,-1.23219,-0.545606
0,10,8.24882,17.7159,-1.23044,-0.512515
0,10,7.92402,17.5228,-1.16437,-0.526524
0,10,8.35213,17.9656,-1.33407,-0.461044
0,10,8.20788,17.8103,-1.24466,-0.494001
0,10,8.3202,17.7937,-1.25866,-0.499155
0,10,8.28208,17.8869,-1.28418,-0.479885
0,10,8.24839,18.1581,-1.39246,-0.407951
0,10,8.30194,18.0595,-1.36956,-0.435449
0,10,8.23953,18.3401,-1.37404,-0.375664
0,10,8.19151,18.0756,-1.35146,-0.428519
0,10,8.1838,18.4558,-1.36746,-0.333967
0,10,8.08755,18.2727,-1.36633,-0.378362
0,10,8.12671,17.9958,-1.29458,-0.45071
0,10,8.09107,17.8275,-1.2249,-0.4821
0,10,8.13666,18.1688,-1.36849,-0.406124
0,10,7.97916,18.2811,-1.33443,-0.374107
0,10,8.03751,18.3682,-1.3186,-0.349995
0,10,7.79605,18.5792,-1.24857,-0.253001
0,10,7.96612,18.4688,-1.33619,-0.306077
0,10,7.91473,18.5566,-1.30256,-0.29097
0,10,7.85644,18.6591,-1.23581,-0.246877
0,10,7.77077,18.8056,-1.22114,-0.245311
0,10,7.76462,18.698,-1.22712,-0.25478
0,10,7.6837,18.8656,-1.2039,-0.250006
0,10,7.64995,18.9549,-1.14834,-0.241748
0,10,7.79454,19.1052,-1.13026,-0.129029
0,10,7.69317,18.6375,-1.22777,-0.284236
0,10,7.70729,19.0616,-1.12766,-0.193517
0,10,7.56954,18.8944,-1.16245,-0.256681
0,10,7.71643,19.2936,-1.09153,-0.125317
0,10,7.61559,19.0676,-1.11458,-0.242135
0,10,7.42491,19.1601,-1.08387,-0.234499
0,10,7.5449,18.9999,-1.12952,-0.243256
0,10,7.24235,19.2651,-1.03982,-0.178945
0,10,7.44346,19.0469,-1.1055,-0.240907
0,10,7.15022,19.3241,-1.02093,-0.157231
0,10,7.08231,19.4884,-0.932476,-0.127205
0,10,6.89584,19.7218,-0.823878,-0.121022
0,10,6.83172,19.6267,-0.840512,-0.137165
0,10,6.75269,19.8293,-0.754355,-0.0554208
0,10,6.54602,19.8326,-0.736268,-0.0614205
0,10,5.94069,20.0056,-0.617753,-0.0576855
0,10,6.65064,19.8318,-0.740904,-0.0543753
0,10,6.44157,19.828,-0.726777,-0.0728
0,10,5.84678,19.9955,-0.609652,-0.1048
0,10,5.59445,19.899,-0.685574,-0.143032
0,10,5.27186,19.9376,-0.58743,-0.198897
0,10,4.34051,20.1257,-0.328718,-0.0598351
0,10,3.69355,20.1931,-0.119735,-0.0585408
0,10,3.50239,20.1866,-0.0729828,-0.0326722
0,10,3.09717,20.3112,-0.00154182,-0.011501
0,10,3.3794,20.2953,-0.0262201,0.0163059
0,10,3.17188,19.8844,-0.210561,-0.0779696
0,10,5.88341,19.2927,-0.852162,-0.180499
0,10,6.85363,16.278,-1.01618,-0.522237
0,10,3.61846,19.2828,-0.455676,-0.258797
0,10,2.99468,19.2392,-0.329379,-0.223298
0,10,3.13236,19.198,-0.407266,-0.235723
0,10,3.23933,19.2409,-0.408001,-0.205495
0,10,2.73287,19.1017,-0.27443,-0.232704
0,10,3.19598,19.1309,-0.387475,-0.199414
0,10,2.65879,18.9138,-0.344759,-0.265717
0,10,2.66258,18.8051,-0.392751,-0.299323
0,10,2.50448,18.6338,-0.404791,-0.286355
0,10,2.42381,18.548,-0.403882,-0.304932
0,10,2.6757,18.5699,-0.442749,-0.328632
0,10,2.87772,18.4501,-0.551156,-0.401105
0,10,3.17671,18.5033,-0.569441,-0.35939
0,10,3.36301,18.3469,-0.624596,-0.404185
0,10,3.26833,18.3754,-0.623528,-0.404272
0,10,3.52143,18.278,-0.674115,-0.456
0,10,3.60981,18.2401,-0.667919,-0.43146
0,10,4.07076,17.9382,-0.727924,-0.431735
0,10,4.1955,17.9172,-0.751444,-0.402011
0,10,4.45848,17.7616,-0.764859,-0.326107
0,10,4.78147,17.483,-0.854564,-0.397206
0,10,4.63584,17.6422,-0.80703,-0.380641
0,10,4.99696,17.3283,-0.870363,-0.388239
0,10,6.0007,17.1761,-0.914351,-0.462714
0,10,5.25106,17.2044,-0.928199,-0.396983
0,10,6.49308,17.1761,-0.962955,-0.469585
0,10,6.57726,17.1196,-0.965831,-0.469713
0,10,6.92787,17.1252,-0.963567,-0.520316
0,10,7.04207,17.1233,-0.948394,-0.554734
0,10,7.71697,17.2307,-1.01863,-0.577751
0,10,7.79213,17.2939,-1.04902,-0.579319
0,10,7.53265,17.1845,-1.00556,-0.545425
0,10,7.86589,17.3634,-1.08523,-0.553077
0,10,8.04011,17.4996,-1.17586,-0.527569
0,10,8.39429,17.8716,-1.30236,-0.486305
0,10,8.22789,17.5452,-1.20354,-0.562452
0,10,8.36563,17.7038,-1.2612,-0.528783
0,10,8.4376,17.7823,-1.28566,-0.513846
0,10,8.46336,17.9521,-1.35781,-0.467007
0,10,8.29873,18.2413,-1.40875,-0.393727
0,10,8.32474,18.517,-1.35373,-0.352932
0,10,8.41392,18.0469,-1.39073,-0.439663
0,10,8.28314,18.4284,-1.38612,-0.349927
0,10,8.35711,18.1422,-1.41233,-0.417554
0,10,8.18917,18.255,-1.38852,-0.385375
0,10,8.1301,18.5476,-1.33048,-0.318188
0,10,8.14165,18.3648,-1.346,-0.359194
0,10,8.02368,18.5554,-1.31073,-0.319474
0,10,7.95399,18.6536,-1.24568,-0.290096
0,10,7.86462,18.759,-1.22073,-0.238534
0,10,7.91548,18.8323,-1.23271,-0.219653
0,10,7.89583,18.9308,-1.24926,-0.201553
0,10,7.80625,18.8903,-1.22909,-0.237142
0,10,7.83761,19.0164,-1.19029,-0.163862
0,10,7.74887,18.9674,-1.16188,-0.196488
0,10,7.89606,19.1148,-1.14649,-0.152057
0,10,7.87513,19.2112,-1.10818,-0.122259
0,10,7.77575,19.2093,-1.09348,-0.106336
0,10,7.76456,19.388,-1.07843,-0.102196
0,10,7.69102,19.1699,-1.06868,-0.181744
0,10,7.93095,19.306,-1.09353,-0.134014
0,10,7.82623,19.3091,-1.08609,-0.0909275
0,10,7.88257,19.3983,-1.07742,-0.104949
0,10,7.62233,19.2818,-1.09083,-0.238447
0,10,7.63861,19.4742,-0.976065,-0.17638
0,10,7.33349,19.3228,-1.02313,-0.188491
0,10,7.60126,19.1797,-1.06971,-0.237447
0,10,7.24679,19.3717,-0.999051,-0.184156
0,10,7.4236,19.2725,-1.05788,-0.232808
0,10,7.19186,19.5352,-0.937157,-0.151555
0,10,7.16003,19.4277,-0.972016,-0.160762
0,10,7.12318,19.596,-0.876957,-0.110813
0,10,6.81847,19.924,-0.758633,-0.0333983
0,10,6.85365,19.8239,-0.779388,-0.0599867
0,10,6.71529,19.9266,-0.734799,-0.0400287
0,10,6.99937,19.7162,-0.862414,-0.143038
0,10,5.70258,20.0971,-0.519119,-0.103872
0,10,6.29472,19.9179,-0.680744,-0.0646671
0,10,5.54592,19.9961,-0.61005,-0.158025
0,10,4.66908,20.1516,-0.307513,-0.117271
0,10,3.8924,20.2044,-0.195602,-0.0645337
0,10,3.59678,20.1908,-0.0915644,-0.0204905
0,10,3.47339,20.2912,-0.0359175,-0.0130941
0,10,3.16922,20.3652,-0.0140091,-0.0112843
0,10,3.73739,19.8032,-0.352829,-0.162913
0,10,6.36731,18.7884,-0.976504,-0.241591
0,10,2.25702,16.5379,-0.794882,-0.71382
0,10,3.5584,19.3548,-0.434239,-0.227322
0,10,3.0978,19.2803,-0.353404,-0.203232
0,10,2.6556,19.1478,-0.231794,-0.189121
0,10,3.02477,19.1544,-0.361097,-0.265726
0,10,2.92187,19.1302,-0.327234,-0.242257
0,10,2.74396,18.995,-0.338311,-0.272523
0,10,2.95671,19.0501,-0.386505,-0.295078
0,10,2.75352,18.8914,-0.385106,-0.311947
0,10,2.58227,18.7144,-0.403699,-0.29313
0,10,2.51984,18.5219,-0.423466,-0.308258
0,10,2.35437,18.4608,-0.391224,-0.326701
0,10,2.45165,18.4384,-0.404745,-0.324642
0,10,2.67221,18.4696,-0.490553,-0.338068
0,10,3.07857,18.4117,-0.579718,-0.420799
0,10,2.97698,18.4313,-0.560764,-0.396971
0,10,3.90882,18.0124,-0.7186,-0.436512
0,10,3.8816,18.1032,-0.716348,-0.429557
0,10,4.28218,17.8401,-0.757996,-0.377006
0,10,4.60277,17.555,-0.848987,-0.367425
0,10,4.69207,17.5215,-0.848838,-0.372043
0,10,5.1518,17.2357,-0.935872,-0.424171
0,10,4.88298,17.3425,-0.851207,-0.389343
0,10,5.56568,17.1444,-0.928186,-0.410087
0,10,5.72933,17.1393,-0.911915,-0.449689
0,10,5.87507,17.1463,-0.888864,-0.455187
0,10,6.1895,17.1525,-0.942309,-0.445037
0,10,6.33883,17.1826,-0.954154,-0.46601
0,10,6.40488,17.1207,-0.965155,-0.456094
0,10,6.66891,17.0809,-0.985619,-0.515492
0,10,6.83279,17.068,-0.971161,-0.50426
0,10,7.45165,17.1251,-0.968433,-0.549826
0,10,7.98804,17.3378,-1.09695,-0.56131
0,10,8.15302,17.4718,-1.19362,-0.548745
0,10,8.05653,17.4081,-1.12052,-0.552614
0,10,8.16259,17.3758,-1.1254,-0.569989
0,10,7.91572,17.2731,-1.07932,-0.568816
0,10,7.64007,17.1668,-1.00233,-0.576912
0,10,8.40231,17.6078,-1.24337,-0.538785
0,10,8.10204,17.3017,-1.09415,-0.578032
0,10,8.33435,17.5256,-1.21033,-0.557014
0,10,8.25999,17.4483,-1.18145,-0.567218
0,10,8.47567,17.6879,-1.27199,-0.521321
0,10,8.51032,17.862,-1.33024,-0.493791
0,10,8.38632,18.4127,-1.40358,-0.365584
0,10,8.25292,18.6433,-1.31169,-0.329242
0,10,8.23565,18.5472,-1.3395,-0.337372
0,10,8.08937,18.7459,-1.27703,-0.284801
0,10,8.07579,18.4612,-1.34457,-0.332302
0,10,8.0542,18.6493,-1.27218,-0.296884
0,10,8.02772,18.8338,-1.24868,-0.269717
0,10,8.13526,18.8379,-1.23758,-0.300362
0,10,7.97825,18.7467,-1.26764,-0.264776
0,10,8.23853,18.8456,-1.2283,-0.300933
0,10,8.00635,19.118,-1.17753,-0.230446
0,10,7.94651,19.0276,-1.21286,-0.210691
0,10,7.99662,18.9285,-1.25461,-0.248485
0,10,8.05022,19.0253,-1.22107,-0.27372
0,10,7.99186,19.4011,-1.08745,-0.1431
0,10,8.03479,19.3092,-1.11737,-0.183587
0,10,7.97632,19.2097,-1.12601,-0.183766
0,10,8.09678,18.9307,-1.25681,-0.29928
0,10,7.84291,19.4833,-1.04,-0.0728925
0,10,8.08078,19.2169,-1.1537,-0.230319
0,10,7.82258,19.5795,-0.987569,-0.0377811
0,10,7.95184,19.4913,-1.06611,-0.1143
0,10,7.63417,19.5818,-0.981642,-0.170895
0,10,7.73902,19.4767,-1.00026,-0.0813772
0,10,7.6523,19.3802,-1.06983,-0.194289
0,10,7.54466,19.4152,-1.00988,-0.19276
0,10,7.34972,19.4287,-0.980627,-0.179516
0,10,7.53339,19.3224,-1.05863,-0.214754
0,10,7.26599,19.479,-0.959875,-0.173861
0,10,7.50991,19.2216,-1.0738,-0.235382
0,10,7.43838,19.3728,-1.01542,-0.216428
0,10,7.27876,19.6044,-0.974363,-0.128477
0,10,7.44275,19.4731,-0.983393,-0.203532
0,10,6.46385,20.0172,-0.717451,-0.0307179
0,10,6.50497,19.9251,-0.705101,-0.0468985
0,10,5.7473,20,-0.609048,-0.114416
0,10,4.44947,20.1353,-0.32701,-0.0834446
0,10,4.62718,20.2364,-0.29187,-0.116271
0,10,4.12866,20.1109,-0.311076,-0.0654108
0,10,3.99262,20.2071,-0.232908,-0.0579985
0,10,3.56738,20.2948,-0.046405,-0.002984
0,10,3.2517,20.3976,-0.015056,0.00637166
0,10,5.91122,19.1894,-0.862836,-0.186756
0,10,1.49817,16.2628,-0.592658,-0.974562
0,10,3.52255,19.0772,-0.498594,-0.293506
0,10,3.30285,19.3609,-0.373335,-0.168374
0,10,2.81367,19.1774,-0.278003,-0.247831
0,10,2.89475,19.2346,-0.290707,-0.213718
0,10,2.40018,18.8977,-0.26845,-0.18173
0,10,2.65024,19.0238,-0.288527,-0.224635
0,10,2.83258,19.0756,-0.31096,-0.276574
0,10,2.49249,18.7468,-0.365596,-0.245756
0,10,2.4136,18.6605,-0.363649,-0.270439
0,10,2.2625,18.476,-0.347805,-0.308031
0,10,2.19489,18.3907,-0.348357,-0.288751
0,10,2.57928,18.4576,-0.477102,-0.373836
0,10,2.69879,18.3751,-0.537723,-0.381597
0,10,2.80486,18.3635,-0.560257,-0.393245
0,10,3.77212,18.1043,-0.705278,-0.42002
0,10,3.55157,18.1576,-0.676278,-0.442773
0,10,4.43375,17.6598,-0.802953,-0.333621
0,10,3.6553,18.1386,-0.681676,-0.440598
0,10,4.60306,17.4428,-0.837296,-0.374111
0,10,4.51246,17.6013,-0.833335,-0.346693
0,10,4.69265,17.4091,-0.846567,-0.382801
0,10,5.02523,17.2388,-0.888066,-0.408941
0,10,5.16631,17.1341,-0.909765,-0.424023
0,10,4.90869,17.252,-0.856056,-0.404005
0,10,5.3478,17.1673,-0.926511,-0.367391
0,10,5.39869,17.0905,-0.946334,-0.398157
0,10,6.0817,17.1252,-0.90887,-0.444188
0,10,5.79576,17.0833,-0.884396,-0.431329
0,10,6.73873,17.0113,-0.965735,-0.502557
0,10,6.99551,17.0423,-0.972195,-0.538696
0,10,7.10479,16.993,-0.983914,-0.54924
0,10,7.14107,17.0634,-0.95474,-0.550813
0,10,7.37776,16.9711,-0.959554,-0.561101
0,10,7.27761,17.0433,-0.940185,-0.544633
0,10,7.56627,17.0869,-0.979046,-0.572591
0,10,7.22162,17.1246,-0.975955,-0.54533
0,10,7.84874,17.2054,-1.03757,-0.603618
0,10,8.25295,17.3354,-1.12525,-0.571809
0,10,8.20362,17.2501,-1.09663,-0.592195
0,10,8.03232,17.2396,-1.07914,-0.567372
0,10,8.46246,17.529,-1.20622,-0.519686
0,10,8.63944,17.5901,-1.2411,-0.535387
0,10,8.5269,17.6055,-1.23706,-0.512456
0,10,8.34854,18.3249,-1.40107,-0.375022
0,10,8.40908,18.223,-1.43184,-0.397067
0,10,8.39511,18.5753,-1.3219,-0.378337
0,10,8.49941,18.5745,-1.34184,-0.366223
0,10,8.1545,18.6465,-1.29321,-0.304432
0,10,8.44711,18.4812,-1.36296,-0.388353
0,10,8.19169,18.7435,-1.27696,-0.293066
0,10,8.45316,18.31,-1.42078,-0.388762
0,10,8.34224,18.6601,-1.30494,-0.36899
0,10,8.4456,18.6739,-1.32815,-0.34828
0,10,8.29098,18.7557,-1.2821,-0.346148
0,10,8.33357,18.8661,-1.28715,-0.276714
0,10,8.38818,18.7653,-1.31888,-0.336403
0,10,8.43148,18.8616,-1.32117,-0.318152
0,10,8.74465,18.6635,-1.40349,-0.289349
0,10,8.1129,19.1216,-1.20654,-0.272944
0,10,8.54721,18.667,-1.35031,-0.339959
0,10,8.20119,18.9408,-1.25673,-0.304954
0,10,8.53331,18.8682,-1.34161,-0.288156
0,10,8.28796,18.9679,-1.29402,-0.217569
0,10,8.42584,19.0694,-1.28866,-0.279573
0,10,8.18848,19.1855,-1.21845,-0.199855
0,10,8.23414,19.0812,-1.28002,-0.204245
0,10,8.02402,19.5823,-1.04175,-0.0984055
0,10,8.15634,19.0306,-1.23535,-0.297322
0,10,7.91998,19.5845,-1.00986,-0.0715353
0,10,8.28586,19.1734,-1.22881,-0.214477
0,10,7.72536,19.5789,-0.988393,-0.0668766
0,10,8.06057,19.4873,-1.09303,-0.128292
0,10,7.44726,19.5746,-0.971272,-0.225119
0,10,7.79067,19.6833,-0.97975,-0.0431876
0,10,8.12506,19.5841,-1.06509,-0.116082
0,10,7.54528,19.6197,-0.98278,-0.177166
0,10,7.54124,19.5149,-0.963701,-0.192829
0,10,7.10601,19.6979,-0.898759,-0.109511
0,10,7.20828,19.6624,-0.904522,-0.0675505
0,10,6.61093,19.9265,-0.71675,-0.0461154
0,10,5.80345,20.0959,-0.535655,-0.102131
0,10,6.14784,20.0077,-0.629512,-0.0662772
0,10,5.34345,20.0043,-0.622633,-0.0434906
0,10,5.08907,20.1209,-0.391456,-0.00448372
0,10,4.09323,20.2069,-0.257934,-0.0484588
0,10,3.85792,20.3009,-0.118554,-0.0301867
0,10,3.34906,20.3998,-0.00961808,0.00391726
0,10,3.89142,19.8982,-0.349102,-0.128168
0,10,1.69411,18.9077,-0.0747349,-0.104633
0,10,3.22214,18.6802,-0.570027,-0.311477
0,10,3.84336,19.3292,-0.53804,-0.216128
0,10,1.99526,18.6233,-0.205196,-0.274236
0,10,2.48381,18.8614,-0.309903,-0.209995
0,10,2.23047,18.8349,-0.266067,-0.169498
0,10,2.48627,18.9808,-0.255588,-0.179305
0,10,2.56787,18.9414,-0.298307,-0.21603
0,10,2.57246,18.8291,-0.354751,-0.253533
0,10,2.24696,18.5983,-0.324096,-0.235193
0,10,2.33412,18.5737,-0.371817,-0.280115
0,10,2.28232,18.3606,-0.398001,-0.367465
0,10,2.58554,18.3615,-0.481738,-0.382945
0,10,2.90673,18.3461,-0.563306,-0.403869
0,10,3.17532,18.3986,-0.593515,-0.385185
0,10,3.42394,18.2591,-0.684335,-0.447792
0,10,4.09929,17.8513,-0.752341,-0.440555
0,10,3.95588,17.9152,-0.724602,-0.423271
0,10,4.36438,17.7715,-0.778124,-0.394367
0,10,4.60112,17.3324,-0.833284,-0.385328
0,10,4.42659,17.5419,-0.816591,-0.369872
0,10,4.51231,17.4859,-0.842323,-0.372068
0,10,4.77688,17.3651,-0.836153,-0.391213
0,10,5.26731,17.0993,-0.899115,-0.399852
0,10,5.07829,17.0611,-0.89286,-0.437776
0,10,5.06418,17.1605,-0.917148,-0.439068
0,10,5.91492,16.9999,-0.945929,-0.474127
0,10,5.94436,17.086,-0.894548,-0.478826
0,10,6.26959,17.1013,-0.970572,-0.470263
0,10,6.16267,17.0487,-0.95285,-0.473174
0,10,6.58309,17.0121,-1.01208,-0.486972
0,10,6.65686,16.9499,-0.997467,-0.472367
0,10,6.90125,17.0057,-0.964221,-0.510093
0,10,7.2253,16.9724,-0.979437,-0.526557
0,10,7.69881,17.089,-1.01536,-0.606627
0,10,7.49224,17.0271,-0.976837,-0.568379
0,10,7.37619,17.0655,-0.954044,-0.54023
0,10,7.77768,17.1465,-1.02702,-0.603664
0,10,7.95944,17.1702,-1.05378,-0.581771
0,10,8.05487,17.1293,-1.06526,-0.587986
0,10,8.33688,17.3843,-1.14815,-0.54534
0,10,8.5193,17.4306,-1.18462,-0.52643
0,10,8.75244,17.5654,-1.24716,-0.529994
0,10,8.40148,17.4533,-1.17184,-0.535189
0,10,8.59673,17.6838,-1.27189,-0.514034
0,10,8.71327,17.6613,-1.28784,-0.519057
0,10,8.58107,17.9375,-1.38742,-0.462346
0,10,8.47128,18.1261,-1.43511,-0.413664
0,10,8.54858,17.7686,-1.29705,-0.507106
0,10,8.56793,18.2915,-1.43365,-0.398231
0,10,8.52712,18.0295,-1.41598,-0.438686
0,10,8.67572,18.2811,-1.45205,-0.397452
0,10,8.55325,18.4776,-1.37609,-0.372328
0,10,8.51738,18.2117,-1.44636,-0.403367
0,10,8.49268,18.7684,-1.34037,-0.326021
0,10,8.50437,18.387,-1.40598,-0.390179
0,10,8.59193,18.7666,-1.36473,-0.297899
0,10,8.60312,18.5682,-1.36408,-0.348529
0,10,8.82874,18.8723,-1.38565,-0.250618
0,10,8.7313,18.8706,-1.37191,-0.249874
0,10,8.6801,18.9673,-1.3527,-0.251005
0,10,8.64741,18.6668,-1.37814,-0.301641
0,10,8.69075,18.7667,-1.38095,-0.272982
0,10,8.63226,18.8656,-1.36123,-0.273516
0,10,8.58152,18.9663,-1.33993,-0.263568
0,10,8.52298,19.0636,-1.3128,-0.266846
0,10,8.43285,19.2686,-1.24267,-0.216633
0,10,8.48196,18.9646,-1.32692,-0.290957
0,10,8.48061,19.1675,-1.28048,-0.246174
0,10,8.38534,18.9637,-1.31457,-0.281778
0,10,8.24164,19.2785,-1.18365,-0.184687
0,10,8.10233,19.3925,-1.12049,-0.156445
0,10,8.20541,19.3867,-1.14149,-0.161972
0,10,8.14578,19.2954,-1.16423,-0.180098
0,10,8.32772,19.0646,-1.28388,-0.238601
0,10,7.85062,19.7887,-0.950742,-0.0358682
0,10,7.60569,19.7035,-0.989713,-0.170131
0,10,7.69751,19.6847,-0.995805,-0.0985916
0,10,7.36497,19.8078,-0.892653,-0.150009
0,10,7.29058,19.8566,-0.839933,-0.0383355
0,10,7.35093,19.543,-0.99194,-0.161377
0,10,6.35797,20.0132,-0.682703,-0.0434506
0,10,7.05249,19.8047,-0.839586,-0.104439
0,10,6.25255,20.0112,-0.651863,-0.0452825
0,10,6.40002,19.9203,-0.69214,-0.0586349
0,10,4.98624,20.122,-0.38192,0.0190921
0,10,4.55802,20.1404,-0.312059,-0.100008
0,10,3.66209,20.2946,-0.0642412,-0.0210109
0,10,3.44418,20.3972,-0.00844015,0.00236707
0,10,4.69896,19.6061,-0.555066,-0.1713
0,10,2.49529,16.2417,-0.766304,-0.67097
0,10,4.00664,19.2511,-0.590896,-0.209773
0,10,2.92533,19.3344,-0.344007,-0.171427
0,10,2.31989,18.8097,-0.280739,-0.191287
0,10,2.09795,18.4743,-0.262109,-0.40533
0,10,2.01649,18.3925,-0.282098,-0.350949
0,10,2.32649,18.6902,-0.325662,-0.231728
0,10,2.17928,18.515,-0.30583,-0.231272
0,10,2.40403,18.7768,-0.320119,-0.224928
0,10,2.11049,18.3656,-0.316867,-0.433515
0,10,2.21398,18.2711,-0.403432,-0.350635
0,10,2.63056,18.2831,-0.534442,-0.425413
0,10,3.20653,18.2886,-0.617253,-0.419498
0,10,3.69219,18.0403,-0.695946,-0.449361
0,10,4.18814,17.8108,-0.755406,-0.40732
0,10,3.80728,18.01,-0.713539,-0.43075
0,10,4.3395,17.6683,-0.798254,-0.403951
0,10,4.51341,17.3793,-0.828937,-0.377163
0,10,5.84407,16.9048,-0.939246,-0.486345
0,10,5.29867,17.0138,-0.907952,-0.417592
0,10,4.93523,17.1624,-0.874492,-0.424449
0,10,5.81618,16.9956,-0.928687,-0.463487
0,10,4.79764,17.2663,-0.837384,-0.401657
0,10,5.69216,17.0165,-0.885521,-0.400453
0,10,5.49597,17.063,-0.941893,-0.405191
0,10,6.23782,16.9901,-0.972276,-0.478126
0,10,6.04297,17.0418,-0.922212,-0.465169
0,10,5.62913,17.0711,-0.93658,-0.430863
0,10,6.32807,16.9356,-0.988701,-0.476644
0,10,6.48605,17.062,-0.972709,-0.46816
0,10,6.72722,16.8818,-0.988026,-0.469312
0,10,6.34024,17.0379,-0.976739,-0.463457
0,10,6.52263,16.9362,-1.01381,-0.490641
0,10,7.00395,16.9444,-0.977501,-0.553668
0,10,6.80814,16.9455,-0.962113,-0.505018
0,10,7.9052,17.1006,-1.02069,-0.614058
0,10,7.63013,17.0135,-1.01681,-0.612119
0,10,8.13552,17.1914,-1.08099,-0.593213
0,10,7.48621,16.9424,-0.970432,-0.583692
0,10,7.82366,17.0533,-1.01775,-0.606551
0,10,8.67882,17.4921,-1.2003,-0.549294
0,10,8.62316,17.3997,-1.1859,-0.535573
0,10,8.67108,17.756,-1.3156,-0.497277
0,10,8.57545,17.5078,-1.20255,-0.527566
0,10,8.69154,17.9248,-1.40764,-0.458845
0,10,8.58021,18.1139,-1.45219,-0.42045
0,10,8.63064,18.1946,-1.45982,-0.410046
0,10,8.62423,17.8434,-1.34959,-0.480505
0,10,8.63946,18.0205,-1.44016,-0.437349
0,10,8.71927,18.3677,-1.44482,-0.379535
0,10,8.76093,18.4604,-1.43017,-0.346163
0,10,8.65921,18.468,-1.39812,-0.364486
0,10,8.8009,18.5595,-1.42661,-0.309522
0,10,8.61177,18.3803,-1.42261,-0.380804
0,10,8.70337,18.5637,-1.39607,-0.323086
0,10,8.78656,18.7687,-1.39688,-0.265509
0,10,8.88176,18.7699,-1.41161,-0.269165
0,10,8.82377,18.3596,-1.47426,-0.365084
0,10,8.8057,18.087,-1.48003,-0.430105
0,10,8.89561,18.5618,-1.44808,-0.312241
0,10,8.89069,18.2547,-1.50273,-0.389826
0,10,8.92342,18.3511,-1.50064,-0.367572
0,10,8.97778,18.7685,-1.43262,-0.262891
0,10,8.93459,18.6664,-1.44016,-0.294993
0,10,8.92625,18.873,-1.40421,-0.24212
0,10,8.78004,18.9716,-1.3602,-0.236112
0,10,8.87903,18.9738,-1.37489,-0.225965
0,10,8.39852,19.3758,-1.19943,-0.181336
0,10,8.52856,19.2719,-1.26869,-0.220362
0,10,8.3829,19.1673,-1.24773,-0.252274
0,10,8.33894,19.2745,-1.21211,-0.212615
0,10,8.3026,19.377,-1.16632,-0.171917
0,10,8.2645,19.4824,-1.13199,-0.143677
0,10,8.08391,19.6825,-1.01786,-0.0837275
0,10,7.822,19.8929,-0.872865,-0.0428673
0,10,8.16338,19.4855,-1.11149,-0.1409
0,10,7.98505,19.6801,-0.994624,-0.060482
0,10,7.94853,19.7815,-0.949756,-0.0384959
0,10,7.75634,19.7886,-0.959133,-0.074302
0,10,7.88572,19.6858,-0.978675,-0.0351055
0,10,7.48025,19.6933,-0.96627,-0.185245
0,10,7.38562,19.6538,-0.944128,-0.201361
0,10,7.14875,19.7861,-0.853538,-0.106102
0,10,6.5712,20.0194,-0.74703,-0.0302827
0,10,5.56279,20.1922,-0.421725,-0.0990618
0,10,5.4445,19.996,-0.621139,-0.0955429
0,10,4.5196,20.2297,-0.310339,-0.105876
0,10,3.75876,20.2984,-0.0894898,-0.0222929
0,10,3.53885,20.3986,-0.0156597,-0.00340498
0,10,3.63473,20.3989,-0.0213715,0.000587095
0,10,5.78175,19.3395,-0.840117,-0.117228
0,10,4.64925,19.6938,-0.487019,-0.134133
0,10,5.27787,18.1562,-0.842844,-0.312169
0,10,3.41108,19.3875,-0.367323,-0.164623
0,10,2.08548,18.5862,-0.244875,-0.363082
0,10,1.76109,18.3559,-0.214082,-0.290622
0,10,2.03164,18.2817,-0.331412,-0.403343
0,10,1.80692,18.0162,-0.389972,-0.403268
0,10,2.14907,18.149,-0.418881,-0.483741
0,10,1.87781,18.103,-0.371724,-0.407445
0,10,2.12651,18.2567,-0.363965,-0.455496
0,10,2.37778,18.3557,-0.428329,-0.340382
0,10,3.00736,18.3279,-0.58131,-0.420026
0,10,3.45585,18.1682,-0.66958,-0.453769
0,10,3.85415,17.9123,-0.723301,-0.443391
0,10,4.262,17.7303,-0.777207,-0.392541
0,10,4.41805,17.4367,-0.828024,-0.393111
0,10,4.51106,17.2631,-0.825713,-0.397577
0,10,4.68948,17.297,-0.829575,-0.383785
0,10,4.97376,17.0825,-0.894975,-0.452269
0,10,4.82267,17.1715,-0.84814,-0.415066
0,10,5.54679,16.9918,-0.90982,-0.403539
0,10,6.05077,16.8649,-0.973874,-0.498573
0,10,5.99889,16.95,-0.941101,-0.463449
0,10,6.18264,16.901,-0.979489,-0.497323
0,10,6.11266,16.9615,-0.956972,-0.491621
0,10,6.36367,16.8098,-0.982938,-0.48464
0,10,6.49766,16.8166,-0.987862,-0.478044
0,10,6.42407,16.883,-0.999822,-0.471922
0,10,6.97335,16.8303,-0.975495,-0.533393
0,10,6.59033,16.8679,-0.985411,-0.471777
0,10,6.82761,16.837,-0.989428,-0.505922
0,10,7.16499,16.8017,-0.973472,-0.565518
0,10,7.26708,16.8277,-0.985768,-0.544168
0,10,6.43005,16.9863,-1.00055,-0.46015
0,10,6.90561,16.9005,-0.973213,-0.52235
0,10,7.16967,16.9021,-0.95968,-0.548938
0,10,7.41475,16.8712,-0.99409,-0.567412
0,10,7.0718,16.8793,-0.950694,-0.537088
0,10,7.71365,16.9089,-1.00688,-0.624651
0,10,7.30904,16.9064,-0.983341,-0.534216
0,10,7.55195,16.8586,-1.02494,-0.626964
0,10,7.74327,16.9949,-1.02367,-0.610608
0,10,7.60225,16.9324,-0.996943,-0.624988
0,10,8.3138,17.2442,-1.1174,-0.579601
0,10,8.20578,17.1157,-1.07628,-0.600098
0,10,8.74043,17.8335,-1.36883,-0.478909
0,10,8.28604,17.1604,-1.08378,-0.60332
0,10,8.78403,17.738,-1.33287,-0.502008
0,10,8.86379,17.5442,-1.25957,-0.526567
0,10,8.80648,17.9106,-1.4265,-0.457196
0,10,8.7522,18.004,-1.45773,-0.439321
0,10,8.78577,18.2688,-1.47332,-0.395534
0,10,8.69518,18.1005,-1.46718,-0.422404
0,10,8.74157,18.1849,-1.47505,-0.411566
0,10,8.83948,18.6653,-1.42117,-0.283217
0,10,8.86065,18.4566,-1.46038,-0.336214
0,10,8.91666,17.8923,-1.43948,-0.463213
0,10,8.8646,17.9918,-1.46862,-0.443938
0,10,8.97251,17.5148,-1.26044,-0.516576
0,10,8.85349,18.1673,-1.49618,-0.416516
0,10,8.96318,17.7922,-1.38994,-0.474407
0,10,9.03359,18.0421,-1.5172,-0.415884
0,10,9.06134,18.134,-1.53363,-0.395617
0,10,8.95485,18.4574,-1.48295,-0.346024
0,10,9.02558,17.8702,-1.44166,-0.455758
0,10,8.87936,19.1658,-1.33108,-0.203645
0,10,8.99128,18.2464,-1.51987,-0.3849
0,10,8.9908,18.5627,-1.46954,-0.323156
0,10,8.92028,18.0691,-1.49282,-0.432499
0,10,8.72183,19.0668,-1.33939,-0.238064
0,10,8.9272,19.0725,-1.35837,-0.207801
0,10,8.62286,19.0689,-1.325,-0.241534
0,10,9.0312,18.6644,-1.46734,-0.284437
0,10,8.82425,19.073,-1.34711,-0.215069
0,10,8.97692,18.9712,-1.39216,-0.221299
0,10,8.57769,19.165,-1.30144,-0.239142
0,10,7.92003,19.8848,-0.882331,-0.0341598
0,10,8.36029,19.4787,-1.15456,-0.145192
0,10,7.77863,19.9983,-0.752906,-0.0782989
0,10,8.01624,19.8845,-0.898353,-0.0290704
0,10,7.72835,19.8997,-0.88381,-0.118849
0,10,7.55678,19.7843,-0.934053,-0.135481
0,10,7.52956,19.8787,-0.897845,-0.118768
0,10,7.20157,19.8831,-0.867013,-0.103088
0,10,7.08662,20.0082,-0.836315,-0.0362652
0,10,5.90185,20.1033,-0.553244,-0.0535319
0,10,6.04373,20.0059,-0.615372,-0.0565434
0,10,4.74447,20.2295,-0.334323,0.0135898
0,10,3.9595,20.3043,-0.146517,-0.028496
0,10,4.19557,20.2099,-0.275191,-0.0446084
0,10,4.0614,20.3042,-0.174294,-0.0281553
0,10,6.18503,18.5478,-0.956175,-0.289453
0,10,3.36662,19.9867,-0.184711,0.0266937
0,10,4.05346,19.3494,-0.565631,-0.189628
0,10,2.56985,19.0641,-0.243652,-0.178649
0,10,2.00665,18.5067,-0.22693,-0.312459
0,10,1.8599,18.2105,-0.286405,-0.354595
0,10,1.93834,18.2977,-0.284623,-0.341215
0,10,2.05165,18.1728,-0.391977,-0.44788
0,10,2.48917,18.3533,-0.486872,-0.382176
0,10,2.7337,18.2787,-0.550883,-0.397603
0,10,2.50153,18.2557,-0.483435,-0.396033
0,10,3.1078,18.3063,-0.585988,-0.422432
0,10,2.93383,18.2424,-0.585116,-0.424301
0,10,3.99253,17.8295,-0.744184,-0.435774
0,10,3.58587,18.0561,-0.691097,-0.446813
0,10,4.33554,17.5657,-0.80718,-0.410807
0,10,4.08196,17.7505,-0.749382,-0.44757
0,10,4.71176,17.1993,-0.834616,-0.398725
0,10,4.42461,17.3297,-0.810606,-0.408069
0,10,4.59985,17.2219,-0.820541,-0.385444
0,10,4.8548,17.0796,-0.863333,-0.435771
0,10,5.3967,16.9934,-0.902341,-0.40777
0,10,5.17847,17.0299,-0.882315,-0.415838
0,10,5.60862,16.9317,-0.877721,-0.394944
0,10,5.72384,16.9318,-0.918311,-0.438761
0,10,6.27064,16.8616,-0.9849,-0.486168
0,10,7.06773,16.7732,-0.986207,-0.534376
0,10,6.66685,16.8043,-0.982588,-0.469099
0,10,6.76684,16.7653,-1.00085,-0.486616
0,10,7.36209,16.7845,-1.01339,-0.562353
0,10,7.79566,16.784,-1.04477,-0.633037
0,10,7.59493,16.773,-1.03048,-0.635227
0,10,7.47299,16.79,-1.03089,-0.604719
0,10,7.68148,16.8309,-1.03875,-0.625909
0,10,7.9346,16.8888,-1.04176,-0.618086
0,10,7.81823,16.8638,-1.02746,-0.628561
0,10,8.12736,16.8507,-1.04487,-0.648149
0,10,8.02512,16.9267,-1.03564,-0.63023
0,10,8.2086,16.9092,-1.06103,-0.622793
0,10,7.84586,16.9506,-1.03628,-0.612254
0,10,8.30748,17.0512,-1.08039,-0.604015
0,10,8.0176,17.0427,-1.03615,-0.609362
0,10,8.10826,16.9599,-1.0465,-0.629744
0,10,7.93706,17.0009,-1.02727,-0.620849
0,10,8.38813,17.109,-1.08621,-0.591841
0,10,8.12962,17.0568,-1.06982,-0.606151
0,10,8.50168,17.2486,-1.14261,-0.568059
0,10,8.46074,17.3574,-1.15303,-0.549014
0,10,8.39461,17.2924,-1.14144,-0.548048
0,10,8.72095,17.394,-1.18172,-0.565683
0,10,8.82394,17.6414,-1.29302,-0.512749
0,10,8.85321,17.8133,-1.38697,-0.480229
0,10,8.79233,17.4696,-1.21731,-0.550084
0,10,8.82961,17.3699,-1.19319,-0.563394
0,10,8.56711,17.3209,-1.17297,-0.542808
0,10,8.8643,17.2698,-1.17782,-0.573008
0,10,8.89568,17.7159,-1.33945,-0.491224
0,10,8.9356,17.6171,-1.3009,-0.507088
0,10,9.00469,17.6908,-1.34666,-0.487473
0,10,8.93732,17.3408,-1.20372,-0.546437
0,10,9.11036,17.6576,-1.34175,-0.466989
0,10,9.04261,17.5861,-1.30115,-0.49198
0,10,9.08038,17.4827,-1.26655,-0.501999
0,10,9.0934,17.9361,-1.48784,-0.427471
0,10,9.07052,17.7657,-1.39,-0.462872
0,10,9.34871,17.9927,-1.50536,-0.379084
0,10,8.97641,17.9699,-1.47959,-0.448596
0,10,9.13315,18.0215,-1.53129,-0.399273
0,10,9.20334,18.0723,-1.53099,-0.393264
0,10,9.30295,18.0866,-1.5301,-0.377422
0,10,8.96314,18.1512,-1.52185,-0.402571
0,10,9.08082,18.2546,-1.52843,-0.387755
0,10,9.05063,18.462,-1.50339,-0.349461
0,10,9.01667,18.356,-1.51541,-0.369982
0,10,9.02415,18.8673,-1.42429,-0.23684
0,10,9.07541,18.762,-1.45631,-0.249182
0,10,9.03352,19.0648,-1.36302,-0.214655
0,10,8.77491,19.166,-1.32933,-0.218584
0,10,8.80952,19.2651,-1.30427,-0.214112
0,10,8.62224,19.2662,-1.2838,-0.223179
0,10,8.67731,19.1675,-1.31329,-0.223614
0,10,8.04565,19.7821,-0.959847,-0.053171
0,10,7.67196,19.9882,-0.755926,-0.12234
0,10,7.62621,19.8909,-0.895105,-0.104141
0,10,7.66536,19.7971,-0.971302,-0.118827
0,10,7.23855,19.759,-0.84266,-0.0580457
0,10,6.95245,19.8155,-0.809109,-0.102304
0,10,5.66196,20.1949,-0.452301,-0.0941508
0,10,5.50181,20.0936,-0.477007,-0.128658
0,10,5.19432,20.124,-0.407272,-0.0802428
0,10,4.48374,20.3149,-0.277316,-0.0691492
0,10,4.40877,20.222,-0.301648,-0.0691067
0,10,3.73088,20.3991,-0.0352593,-0.00743929
0,10,2.32321,19.2967,-0.205114,-0.147183
0,10,4.54187,19.6859,-0.487046,-0.121978
0,10,3.51223,19.2385,-0.426891,-0.216362
0,10,2.39649,19.0078,-0.246905,-0.178223
0,10,2.15362,18.7565,-0.263682,-0.165151
0,10,1.68324,18.2708,-0.226117,-0.266966
0,10,2.31069,18.9216,-0.253614,-0.185562
0,10,2.24171,18.7192,-0.284803,-0.192877
0,10,1.95678,18.19,-0.34442,-0.403128
0,10,2.3026,18.25,-0.432187,-0.403024
0,10,2.83461,18.2599,-0.566119,-0.404397
0,10,3.03345,18.2231,-0.591725,-0.426022
0,10,2.40322,18.2609,-0.470534,-0.38409
0,10,3.30478,18.2616,-0.636176,-0.413646
0,10,2.86306,18.155,-0.586426,-0.433308
0,10,3.13491,18.2038,-0.613997,-0.447389
0,10,3.48213,18.0654,-0.684117,-0.451535
0,10,3.73356,17.9424,-0.704539,-0.450422
0,10,4.23817,17.6167,-0.795541,-0.410181
0,10,4.1684,17.6984,-0.768339,-0.432884
0,10,4.32335,17.4611,-0.813309,-0.417647
0,10,4.411,17.228,-0.82018,-0.425804
0,10,4.98103,16.9886,-0.860037,-0.45661
0,10,4.73686,17.1058,-0.846956,-0.41003
0,10,5.93454,16.8702,-0.930799,-0.46814
0,10,6.57366,16.7511,-0.985978,-0.471079
0,10,6.43443,16.738,-0.978649,-0.480982
0,10,6.9053,16.7632,-1.00147,-0.514226
0,10,6.84614,16.6947,-1.00251,-0.51092
0,10,7.24116,16.7296,-0.975673,-0.569284
0,10,8.02665,16.7306,-1.06932,-0.634813
0,10,7.70401,16.7347,-1.0379,-0.627839
0,10,7.6,16.6807,-1.04219,-0.647673
0,10,8.13367,16.7091,-1.09009,-0.636341
0,10,8.31237,16.7359,-1.08544,-0.635909
0,10,8.04518,16.8177,-1.05328,-0.627367
0,10,8.19145,16.7656,-1.05888,-0.650564
0,10,7.93284,16.8007,-1.05159,-0.627272
0,10,8.40599,16.7634,-1.0918,-0.623614
0,10,8.35658,16.8589,-1.07294,-0.619836
0,10,8.26296,16.8294,-1.06777,-0.626895
0,10,8.22192,17.0011,-1.07816,-0.60677
0,10,8.40845,17,-1.09958,-0.608669
0,10,8.48796,17.064,-1.10774,-0.58216
0,10,8.70118,17.1716,-1.15801,-0.550891
0,10,8.52717,17.1427,-1.13105,-0.569602
0,10,8.44324,16.899,-1.08563,-0.615918
0,10,8.66357,17.2857,-1.17039,-0.532112
0,10,8.6337,17.0966,-1.13854,-0.561437
0,10,8.42348,17.1892,-1.13241,-0.558144
0,10,8.60454,17.2058,-1.14453,-0.55208
0,10,8.78847,17.1952,-1.15647,-0.590247
0,10,8.7545,17.2946,-1.16596,-0.581216
0,10,8.96751,17.2342,-1.1896,-0.55928
0,10,8.81507,17.0936,-1.15605,-0.600471
0,10,9.07261,17.1991,-1.20089,-0.555828
0,10,8.90043,17.4432,-1.22661,-0.535602
0,10,9.00922,17.4123,-1.23327,-0.527174
0,10,9.1514,17.5531,-1.30229,-0.47968
0,10,9.041,17.3053,-1.21122,-0.539114
0,10,9.18416,17.4458,-1.27012,-0.492054
0,10,9.13621,17.8323,-1.43496,-0.445416
0,10,9.25439,17.976,-1.50994,-0.370518
0,10,9.55569,17.9523,-1.5037,-0.300498
0,10,9.41188,18.0768,-1.54869,-0.34201
0,10,9.19834,17.91,-1.50754,-0.395483
0,10,9.45621,17.9763,-1.51213,-0.339385
0,10,9.56175,18.1542,-1.58509,-0.303035
0,10,9.24387,18.178,-1.54389,-0.381724
0,10,9.45891,18.1631,-1.58315,-0.308178
0,10,9.17807,18.2686,-1.54006,-0.380081
0,10,9.51643,18.0597,-1.55666,-0.303153
0,10,9.35157,18.1757,-1.56683,-0.340102
0,10,9.28327,18.2708,-1.56661,-0.345527
0,10,9.14366,18.162,-1.53584,-0.396389
0,10,9.08836,18.5623,-1.50056,-0.308731
0,10,9.13107,18.6583,-1.49962,-0.267356
0,10,9.0759,18.959,-1.40448,-0.226067
0,10,9.12507,18.8551,-1.43474,-0.232651
0,10,8.77708,19.3756,-1.2597,-0.201045
0,10,8.98666,19.159,-1.33893,-0.205114
0,10,8.32421,19.5828,-1.10201,-0.119646
0,10,7.47306,19.9939,-0.774483,-0.179995
0,10,7.56524,19.9841,-0.78242,-0.0996299
0,10,7.36386,19.9457,-0.852901,-0.0820936
0,10,7.43711,19.8923,-0.899319,-0.151555
0,10,7.32201,19.713,-0.897406,-0.13849
0,10,6.00446,20.1012,-0.565981,-0.0490618
0,10,6.67795,20.0209,-0.757684,-0.0202701
0,10,5.60193,20.0935,-0.504982,-0.131392
0,10,5.36577,20.1983,-0.382484,-0.0527925
0,10,4.95128,20.217,-0.302301,0.0517541
0,10,4.30111,20.2151,-0.288363,-0.0431573
0,10,3.82901,20.4004,-0.0478232,-0.00348196
0,10,6.53982,18.37,-1.00006,-0.336523
0,10,5.70656,19.4807,-0.759123,-0.092393
0,10,3.67031,19.3807,-0.501635,-0.199008
0,10,3.86653,20.0034,-0.291854,-0.122723
0,10,4.26328,19.1704,-0.627206,-0.17481
0,10,3.5088,19.4273,-0.368562,-0.173324
0,10,1.53532,18.0933,-0.250079,-0.257103
0,10,1.76884,18.2371,-0.246655,-0.306782
0,10,2.164,18.6399,-0.300291,-0.190086
0,10,1.97447,18.0839,-0.416349,-0.451779
0,10,1.63998,17.9464,-0.349153,-0.333069
0,10,2.56555,18.1962,-0.517366,-0.442166
0,10,2.07302,18.0654,-0.437145,-0.471138
0,10,2.96346,18.1373,-0.598957,-0.430715
0,10,3.62512,17.9591,-0.705317,-0.450709
0,10,3.23579,18.1812,-0.624296,-0.43295
0,10,3.34767,18.1739,-0.664913,-0.452692
0,10,3.89041,17.8167,-0.729544,-0.442331
0,10,2.89086,18.0527,-0.604121,-0.451759
0,10,3.77563,17.8514,-0.720279,-0.456738
0,10,4.23855,17.5164,-0.807797,-0.420815
0,10,4.62326,17.13,-0.837614,-0.396341
0,10,4.87255,16.9938,-0.867974,-0.449779
0,10,5.08734,16.9615,-0.865172,-0.441098
0,10,5.20175,16.9404,-0.898956,-0.437121
0,10,5.74884,16.8395,-0.937762,-0.467949
0,10,6.75359,16.656,-1.00688,-0.478222
0,10,7.69255,16.6314,-1.0433,-0.627704
0,10,7.00317,16.71,-1.00613,-0.519686
0,10,7.79318,16.6745,-1.03745,-0.635797
0,10,7.35551,16.6991,-0.995537,-0.584692
0,10,7.48821,16.7052,-1.01338,-0.617389
0,10,7.88743,16.7253,-1.04368,-0.634651
0,10,8.51991,16.679,-1.10255,-0.653304
0,10,8.27639,16.6633,-1.09776,-0.645396
0,10,8.5828,16.7361,-1.11365,-0.656956
0,10,8.65626,16.8065,-1.14458,-0.627463
0,10,8.84336,16.8186,-1.16971,-0.619806
0,10,8.56186,16.8551,-1.12352,-0.611158
0,10,8.92124,16.8697,-1.1875,-0.608164
0,10,8.48998,16.7984,-1.08804,-0.635462
0,10,8.7311,16.8523,-1.15811,-0.610619
0,10,8.32252,16.9481,-1.08604,-0.614378
0,10,8.80406,16.9175,-1.1696,-0.604298
0,10,8.63272,16.9226,-1.13419,-0.603417
0,10,8.84269,16.995,-1.15711,-0.606721
0,10,8.71047,16.9704,-1.14829,-0.584484
0,10,8.51663,16.9576,-1.11131,-0.585151
0,10,8.89401,17.1663,-1.16813,-0.586418
0,10,8.59216,17.019,-1.11204,-0.585775
0,10,9.14465,17.2688,-1.22926,-0.531684
0,10,8.7293,17.0575,-1.15167,-0.573772
0,10,9.17146,17.1574,-1.21484,-0.553781
0,10,9.00043,17.128,-1.18146,-0.569592
0,10,9.28952,17.4094,-1.28832,-0.491828
0,10,9.28827,17.689,-1.38186,-0.409945
0,10,9.11236,17.3754,-1.23794,-0.513357
0,10,9.22032,17.6199,-1.34642,-0.451387
0,10,9.25647,17.5135,-1.30491,-0.462944
0,10,9.2402,17.796,-1.43051,-0.403099
0,10,9.17808,17.7237,-1.37694,-0.446538
0,10,9.38464,17.8953,-1.47092,-0.379696
0,10,9.48661,17.8691,-1.47245,-0.329744
0,10,9.61491,18.0458,-1.55077,-0.323292
0,10,9.65631,18.1527,-1.58825,-0.32939
0,10,9.81779,18.0227,-1.58923,-0.330609
0,10,9.70697,18.0561,-1.56887,-0.353628
0,10,9.8902,18.1054,-1.62363,-0.31226
0,10,9.52888,18.3541,-1.5949,-0.300749
0,10,9.59655,18.2542,-1.59447,-0.307288
0,10,9.49826,18.2558,-1.59376,-0.298601
0,10,9.39297,18.2626,-1.58609,-0.309409
0,10,9.25507,18.4562,-1.56675,-0.300886
0,10,9.42817,18.3549,-1.59997,-0.296602
0,10,9.32263,18.3591,-1.58864,-0.310012
0,10,9.46239,18.4521,-1.57683,-0.302414
0,10,9.14959,18.4611,-1.5338,-0.331154
0,10,9.29307,18.5491,-1.55798,-0.281561
0,10,9.1783,18.9413,-1.4184,-0.228318
0,10,9.11235,18.3618,-1.53052,-0.369615
0,10,8.90413,19.2652,-1.30814,-0.192832
0,10,8.71629,19.2737,-1.29459,-0.199751
0,10,7.549,20.0864,-0.690623,-0.103424
0,10,8.49331,19.3743,-1.22511,-0.194638
0,10,8.11379,19.8814,-0.913697,-0.0606504
0,10,7.36837,20.0464,-0.743276,-0.115521
0,10,6.97094,20.1101,-0.775997,-0.0135364
0,10,7.11113,19.9018,-0.862063,-0.0807826
0,10,6.98964,20.0139,-0.801073,-0.0191488
0,10,6.31739,20.1057,-0.629282,-0.0036724
0,10,6.42292,20.1082,-0.672058,0.0138593
0,10,5.46432,20.1929,-0.393138,-0.0738348
0,10,5.30066,20.1059,-0.456266,-0.0506765
0,10,4.16365,20.3052,-0.195179,-0.026602
0,10,3.92827,20.4007,-0.0667616,-0.0102309
0,10,5.88766,19.013,-0.881267,-0.186932
0,10,0.625714,17.643,-0.0640082,0.0081543
0,10,1.91785,19.1448,-0.156958,-0.16509
0,10,4.02919,19.8154,-0.379473,-0.141994
0,10,2.8797,16.3718,-0.783652,-0.625972
0,10,2.08927,18.8257,-0.244717,-0.191152
0,10,1.25192,17.7672,-0.266784,-0.403656
0,10,1.54918,17.9682,-0.310796,-0.302524
0,10,1.84734,18.322,-0.240609,-0.308706
0,10,1.73776,17.9274,-0.413192,-0.402192
0,10,1.78177,18.1253,-0.319447,-0.341846
0,10,2.23561,18.1541,-0.4395,-0.379834
0,10,2.66563,18.1824,-0.524942,-0.431154
0,10,2.49698,18.1085,-0.510184,-0.448764
0,10,2.76285,18.1748,-0.554061,-0.422807
0,10,2.78708,18.0722,-0.573013,-0.457338
0,10,3.6602,17.8641,-0.7172,-0.450735
0,10,3.38048,18.0792,-0.67832,-0.463735
0,10,4.14306,17.5911,-0.796603,-0.45698
0,10,3.97996,17.7309,-0.738469,-0.446096
0,10,4.75511,17.0165,-0.85737,-0.420614
0,10,4.33111,17.3516,-0.800878,-0.436984
0,10,5.45203,16.9269,-0.885601,-0.40571
0,10,5.2983,16.9155,-0.893629,-0.416168
0,10,6.20673,16.7766,-0.978096,-0.490119
0,10,6.11765,16.8103,-0.977947,-0.503291
0,10,7.14218,16.6909,-0.991142,-0.541268
0,10,6.94368,16.6383,-1.00764,-0.52409
0,10,8.07284,16.6293,-1.06024,-0.659213
0,10,9.03739,16.6965,-1.19929,-0.606803
0,10,8.64388,16.6337,-1.10451,-0.684781
0,10,8.69763,16.7057,-1.15232,-0.640448
0,10,8.19678,16.6218,-1.09429,-0.646107
0,10,9.10758,16.7787,-1.19566,-0.588584
0,10,8.77949,16.7479,-1.16431,-0.617641
0,10,9.20282,16.7714,-1.20407,-0.690223
0,10,8.94808,16.758,-1.18222,-0.623151
0,10,9.14575,16.8726,-1.1868,-0.612956
0,10,9.01998,16.8234,-1.19775,-0.599186
0,10,9.04624,16.9143,-1.17784,-0.596715
0,10,8.94332,16.956,-1.1685,-0.602557
0,10,9.22436,16.9367,-1.20304,-0.60907
0,10,9.12542,16.9788,-1.18842,-0.593169
0,10,9.29705,17.0068,-1.2335,-0.595331
0,10,9.20149,17.0491,-1.21318,-0.575094
0,10,9.34571,17.1911,-1.26196,-0.538127
0,10,9.27385,17.1197,-1.23681,-0.559657
0,10,9.02312,17.02,-1.17699,-0.589207
0,10,9.09989,17.088,-1.19454,-0.577189
0,10,8.92214,17.0637,-1.16466,-0.593099
0,10,9.24418,17.2289,-1.23941,-0.534555
0,10,9.21749,17.3394,-1.25185,-0.513883
0,10,9.3913,17.367,-1.28985,-0.498154
0,10,9.3281,17.5815,-1.35423,-0.430936
0,10,9.36409,17.4761,-1.33064,-0.475378
0,10,9.30138,17.8652,-1.49948,-0.339223
0,10,9.34932,17.7606,-1.44757,-0.34338
0,10,9.43544,17.5458,-1.39763,-0.431432
0,10,9.43322,17.7903,-1.45214,-0.363551
0,10,9.4637,17.4356,-1.33836,-0.472328
0,10,9.64739,17.936,-1.5113,-0.369049
0,10,9.47272,17.6967,-1.4396,-0.367609
0,10,9.57633,17.8349,-1.46952,-0.318712
0,10,9.59176,17.6446,-1.48878,-0.358027
0,10,9.73676,17.956,-1.54507,-0.380114
0,10,9.84833,17.9264,-1.56204,-0.345727
0,10,9.76759,17.8561,-1.49121,-0.395566
0,10,9.76027,17.7534,-1.50297,-0.418953
0,10,9.78426,18.1203,-1.61458,-0.320374
0,10,9.7824,18.2962,-1.62224,-0.300386
0,10,9.64627,18.4835,-1.60291,-0.277653
0,10,9.84169,18.2066,-1.63825,-0.307516
0,10,9.72937,18.2086,-1.62507,-0.303357
0,10,9.71563,18.3896,-1.61732,-0.286498
0,10,9.54121,18.4869,-1.59632,-0.266426
0,10,9.6071,18.3913,-1.61174,-0.278457
0,10,9.35949,18.4515,-1.58379,-0.294128
0,10,9.21411,18.3653,-1.5591,-0.341978
0,10,9.1901,18.5549,-1.53615,-0.287503
0,10,9.23234,18.6479,-1.51993,-0.264845
0,10,9.17585,18.7508,-1.47441,-0.247741
0,10,9.13711,19.0458,-1.37491,-0.217434
0,10,8.68133,19.3769,-1.25756,-0.197006
0,10,8.45641,19.4792,-1.17871,-0.164686
0,10,8.22546,19.5822,-1.08245,-0.126546
0,10,7.8804,19.9864,-0.790219,-0.0147206
0,10,7.2764,20.0795,-0.750875,-0.089727
0,10,7.27098,19.9707,-0.870503,-0.0666046
0,10,7.18112,19.9986,-0.853856,-0.0999209
0,10,7.45177,19.7773,-0.896955,-0.161004
0,10,7.0165,19.91,-0.830756,-0.0757795
0,10,5.3412,20.3008,-0.311074,-0.0465621
0,10,5.05555,20.2155,-0.320942,0.021345
0,10,4.26722,20.3067,-0.216055,-0.0243846
0,10,4.02966,20.402,-0.0813927,-0.00527428
0,10,4.13052,20.4012,-0.101597,-0.0112871
0,10,1.52408,18.5939,-0.0982777,-0.0998981
0,10,3.67647,19.7104,-0.370745,-0.159135
0,10,3.94868,19.3394,-0.545284,-0.194299
0,10,3.23588,19.4296,-0.419568,-0.205212
0,10,1.91989,18.5267,-0.207088,-0.259627
0,10,1.31928,17.8471,-0.266904,-0.413772
0,10,1.6907,18.1488,-0.28229,-0.284528
0,10,1.92823,18.4102,-0.245164,-0.295791
0,10,1.90322,17.9954,-0.427985,-0.453329
0,10,1.57079,17.8536,-0.336831,-0.352898
0,10,2.00568,17.9804,-0.434936,-0.468891
0,10,2.4274,18.1611,-0.4766,-0.396053
0,10,2.33443,18.1503,-0.451845,-0.438835
0,10,2.59521,18.0894,-0.519413,-0.451961
0,10,3.06594,18.1199,-0.618634,-0.449673
0,10,3.51527,17.969,-0.693561,-0.45517
0,10,3.40936,17.9768,-0.69094,-0.466949
0,10,3.79253,17.7572,-0.737846,-0.462718
0,10,3.87951,17.7121,-0.739088,-0.444801
0,10,4.50258,17.1602,-0.826665,-0.400225
0,10,5.96217,16.7805,-0.969711,-0.501423
0,10,5.06293,16.8782,-0.908801,-0.44854
0,10,6.66995,16.7008,-1.01174,-0.484843
0,10,5.64243,16.8463,-0.909119,-0.430565
0,10,7.26363,16.6394,-1.00008,-0.575001
0,10,7.0775,16.6291,-1.0196,-0.529039
0,10,7.96377,16.6561,-1.04603,-0.64841
0,10,8.42376,16.6682,-1.10804,-0.627547
0,10,8.37551,16.5929,-1.10421,-0.635703
0,10,8.87905,16.7043,-1.16672,-0.639834
0,10,8.79311,16.6379,-1.15113,-0.620967
0,10,9.12637,16.6647,-1.22781,-0.613098
0,10,8.97941,16.6302,-1.18054,-0.648139
0,10,9.3079,16.7216,-1.23279,-0.684287
0,10,9.22185,16.6675,-1.22762,-0.697538
0,10,9.36617,16.7875,-1.26899,-0.646854
0,10,9.43941,16.8461,-1.267,-0.63735
0,10,9.26339,16.8409,-1.24809,-0.649751
0,10,9.53642,16.795,-1.26353,-0.633554
0,10,9.40347,16.9648,-1.2697,-0.615573
0,10,9.60594,16.8518,-1.28539,-0.621396
0,10,9.33788,16.9013,-1.24695,-0.641793
0,10,9.64343,16.738,-1.27958,-0.63888
0,10,9.57175,16.972,-1.30938,-0.599969
0,10,9.50462,16.911,-1.28414,-0.621887
0,10,9.47331,17.0284,-1.28704,-0.602593
0,10,9.36946,17.0741,-1.26169,-0.582131
0,10,9.54142,17.0903,-1.31507,-0.571385
0,10,9.41937,17.258,-1.28461,-0.525011
0,10,9.43947,17.1409,-1.28987,-0.564477
0,10,9.31603,17.299,-1.26337,-0.514648
0,10,9.51225,17.2043,-1.31249,-0.550833
0,10,9.56896,17.3848,-1.34727,-0.459721
0,10,9.49112,17.3256,-1.31024,-0.502025
0,10,9.58094,17.2644,-1.34905,-0.503215
0,10,9.39206,17.6514,-1.41936,-0.371765
0,10,9.54359,17.4898,-1.40455,-0.427327
0,10,9.7252,17.5379,-1.47432,-0.470175
0,10,9.62508,17.5414,-1.46781,-0.375066
0,10,9.51144,17.5945,-1.458,-0.397621
0,10,9.65161,17.4412,-1.42577,-0.427275
0,10,9.69513,17.6352,-1.49042,-0.439913
0,10,9.55378,17.7437,-1.46543,-0.320309
0,10,9.67259,17.8316,-1.47143,-0.398783
0,10,9.65913,17.7299,-1.48618,-0.403203
0,10,9.86257,17.8192,-1.5114,-0.390153
0,10,9.87671,17.7269,-1.54792,-0.414666
0,10,10.0261,17.9715,-1.60458,-0.324922
0,10,9.92556,18.0063,-1.60435,-0.332412
0,10,9.99546,18.0817,-1.64071,-0.31876
0,10,9.94605,17.9001,-1.57809,-0.352554
0,10,9.9428,18.3673,-1.65475,-0.285731
0,10,9.94912,18.1872,-1.64313,-0.299249
0,10,9.67169,18.3,-1.61534,-0.287113
0,10,9.90033,18.2864,-1.63033,-0.301409
0,10,9.61773,18.6694,-1.56548,-0.258206
0,10,9.39209,18.8856,-1.46815,-0.227996
0,10,9.55329,18.9569,-1.46107,-0.227583
0,10,9.51091,18.6806,-1.554,-0.259104
0,10,9.34674,18.7964,-1.50812,-0.220538
0,10,9.24467,19.0105,-1.39828,-0.203489
0,10,9.22909,18.8385,-1.44809,-0.249058
0,10,8.64572,19.482,-1.21407,-0.183826
0,10,8.34249,19.7827,-1.00915,-0.0919433
0,10,8.18485,19.6816,-1.03457,-0.106991
0,10,8.14464,19.7804,-0.973888,-0.0836431
0,10,7.4505,20.0963,-0.688998,-0.185244
0,10,7.1791,20.1023,-0.732418,-0.0795132
0,10,7.64819,20.08,-0.701233,-0.125179
0,10,6.70654,20.2012,-0.789557,0.0310216
0,10,6.86107,20.113,-0.797393,-0.019082
0,10,6.91866,19.9202,-0.791239,-0.0577354
0,10,5.7621,20.1942,-0.468982,-0.0806316
0,10,4.8217,20.3192,-0.315875,0.01337
0,10,4.37405,20.3117,-0.235953,-0.0379002
0,10,4.84794,20.2227,-0.306473,0.0535794
0,10,4.23248,20.4023,-0.117148,-0.00502002
0,10,6.61325,18.6443,-1.04345,-0.289052
0,10,1.26031,18.314,-0.0718535,-0.0838686
0,10,6.2748,18.3401,-0.986416,-0.301582
0,10,5.61561,19.5024,-0.776751,-0.170388
0,10,1.84078,18.4392,-0.210888,-0.274067
0,10,1.46394,18.0068,-0.265237,-0.318064
0,10,1.61907,18.06,-0.298719,-0.282223
0,10,1.71007,18.0352,-0.337826,-0.33094
0,10,1.34101,17.7211,-0.268798,-0.424371
0,10,1.67059,17.8401,-0.412298,-0.418722
0,10,1.60241,17.7519,-0.410314,-0.447885
0,10,1.8338,17.9077,-0.450629,-0.445629
0,10,2.15318,18.0301,-0.449957,-0.502996
0,10,2.68851,18.0772,-0.546807,-0.459021
0,10,2.81299,17.9749,-0.583649,-0.482232
0,10,4.24185,17.3893,-0.787564,-0.443322
0,10,3.68264,17.7747,-0.732183,-0.453286
0,10,4.63887,17.036,-0.848552,-0.404763
0,10,5.84162,16.8007,-0.934873,-0.470534
0,10,5.50963,16.8638,-0.858877,-0.40129
0,10,6.1447,16.6906,-0.990651,-0.505548
0,10,5.68204,16.7506,-0.92622,-0.470257
0,10,6.29292,16.7375,-0.973783,-0.482044
0,10,7.54338,16.6047,-1.05468,-0.64567
0,10,6.87146,16.5817,-1.02796,-0.510335
0,10,7.87197,16.6106,-1.03278,-0.639711
0,10,8.29706,16.5526,-1.09762,-0.647285
0,10,8.00374,16.5588,-1.03578,-0.668395
0,10,8.73659,16.5716,-1.11871,-0.668043
0,10,8.57563,16.5805,-1.12075,-0.661683
0,10,8.88709,16.5986,-1.16319,-0.65196
0,10,9.23546,16.5666,-1.20292,-0.705832
0,10,9.12322,16.569,-1.19015,-0.641895
0,10,9.32294,16.6148,-1.22067,-0.691145
0,10,9.4078,16.6622,-1.23524,-0.664298
0,10,9.46264,16.7289,-1.26695,-0.632
0,10,9.52714,16.5992,-1.2677,-0.654116
0,10,9.71038,16.7913,-1.30474,-0.604307
0,10,9.8644,16.5862,-1.30984,-0.624824
0,10,9.55849,16.6844,-1.27642,-0.647159
0,10,9.9674,16.524,-1.33926,-0.660695
0,10,9.65328,16.6356,-1.28319,-0.643905
0,10,9.96481,16.6267,-1.33919,-0.633883
0,10,9.74509,16.638,-1.29062,-0.656555
0,10,9.76773,16.8672,-1.3294,-0.576196
0,10,9.8488,16.7954,-1.35468,-0.586318
0,10,9.67023,16.913,-1.31994,-0.577609
0,10,9.6435,17.0286,-1.33145,-0.562519
0,10,9.61414,17.1442,-1.33503,-0.543152
0,10,9.74156,16.9798,-1.34767,-0.55721
0,10,9.6774,17.2129,-1.37332,-0.500046
0,10,9.85234,16.9054,-1.35096,-0.559631
0,10,9.79194,17.1269,-1.3674,-0.536293
0,10,9.65657,17.3276,-1.36728,-0.483171
0,10,9.96559,17.14,-1.39096,-0.50231
0,10,9.7605,17.2332,-1.37338,-0.541839
0,10,10.0682,17.0922,-1.40914,-0.50286
0,10,9.86534,17.1925,-1.37561,-0.513502
0,10,9.89368,17.0802,-1.37732,-0.523777
0,10,9.93875,17.2525,-1.39793,-0.482575
0,10,9.83496,17.3014,-1.38683,-0.510141
0,10,9.74509,17.3481,-1.38318,-0.5303
0,10,9.81898,17.5624,-1.49831,-0.473915
0,10,9.7906,17.6644,-1.52162,-0.447681
0,10,9.84801,17.4599,-1.48309,-0.482405
0,10,9.89833,17.626,-1.53882,-0.427264
0,10,10.0491,17.8667,-1.58411,-0.317662
0,10,9.98066,17.6946,-1.56882,-0.399299
0,10,10.0858,17.6277,-1.56765,-0.361387
0,10,10.2107,17.8838,-1.61949,-0.326878
0,10,10.0137,18.2614,-1.6382,-0.298616
0,10,10.0561,18.1596,-1.65496,-0.317195
0,10,9.96819,17.8001,-1.54899,-0.371551
0,10,9.79211,18.5626,-1.60968,-0.261289
0,10,9.89683,18.556,-1.6289,-0.254434
0,10,9.72649,18.6589,-1.57709,-0.259372
0,10,9.75624,18.4746,-1.61962,-0.273446
0,10,9.82853,18.3773,-1.63428,-0.291937
0,10,9.66117,18.7558,-1.54036,-0.252857
0,10,9.55457,18.7696,-1.52682,-0.250787
0,10,9.40956,18.6899,-1.54897,-0.237782
0,10,9.33755,18.6425,-1.52136,-0.29274
0,10,9.09241,19.2484,-1.31651,-0.200587
0,10,8.74025,19.4798,-1.22325,-0.192236
0,10,8.99815,19.2567,-1.31412,-0.19975
0,10,8.58878,19.3745,-1.24321,-0.206378
0,10,8.28379,19.6828,-1.0563,-0.0981196
0,10,8.24348,19.7822,-0.993829,-0.0787259
0,10,7.97939,19.9865,-0.825387,-0.000270445
0,10,6.92806,20.1994,-0.802665,-0.0241495
0,10,6.81656,20.2007,-0.805274,0.00718203
0,10,6.4885,20.201,-0.714391,0.0587333
0,10,6.88782,20.0188,-0.774041,-0.00895114
0,10,6.17049,20.1982,-0.587681,-0.000631292
0,10,5.16035,20.2173,-0.339281,-0.0391645
0,10,5.40032,20.096,-0.449701,-0.0556219
0,10,4.5985,20.3262,-0.331209,-0.134453
0,10,4.33475,20.4026,-0.136293,-0.0125233
0,10,0.607621,16.7629,-0.023638,-0.37316
0,10,1.02696,18.238,-0.0694471,-0.101935
0,10,6.4015,18.4996,-0.965772,-0.296595
0,10,1.91033,18.646,-0.18713,-0.226942
0,10,1.39243,17.9243,-0.271936,-0.384293
0,10,1.1446,17.5996,-0.305611,-0.373716
0,10,1.48005,17.883,-0.300359,-0.353783
0,10,1.40751,17.8016,-0.277155,-0.398165
0,10,1.08771,17.5221,-0.291927,-0.372325
0,10,1.4972,17.7685,-0.310915,-0.397558
0,10,1.53213,17.6693,-0.382836,-0.48194
0,10,1.93533,17.8937,-0.45289,-0.45961
0,10,2.33975,18.0491,-0.497591,-0.442474
0,10,3.27483,18.0869,-0.660975,-0.467725
0,10,3.54825,17.8773,-0.713255,-0.463667
0,10,4.06322,17.6523,-0.765537,-0.461005
0,10,5.36313,16.8549,-0.859722,-0.406157
0,10,4.31077,17.2478,-0.813402,-0.444451
0,10,4.94199,16.9059,-0.891868,-0.449613
0,10,4.53045,17.0726,-0.836598,-0.405736
0,10,5.55609,16.7875,-0.890547,-0.427275
0,10,6.03701,16.7392,-0.973986,-0.504922
0,10,7.34147,16.5779,-1.0345,-0.606028
0,10,7.47275,16.5373,-1.06081,-0.635765
0,10,7.91054,16.5238,-1.0244,-0.64766
0,10,6.223,16.6488,-0.957571,-0.4721
0,10,8.14229,16.5482,-1.06365,-0.675458
0,10,8.35857,16.4606,-1.10498,-0.650336
0,10,8.94182,16.5097,-1.18169,-0.666003
0,10,8.48179,16.5666,-1.12397,-0.638833
0,10,9.35665,16.5156,-1.25358,-0.717367
0,10,9.67915,16.537,-1.29184,-0.65586
0,10,9.44167,16.5642,-1.26679,-0.67874
0,10,9.28053,16.4623,-1.24109,-0.742577
0,10,9.787,16.5433,-1.2975,-0.6637
0,10,9.48803,16.4717,-1.27554,-0.674981
0,10,9.03931,16.5498,-1.18105,-0.633233
0,10,9.88946,16.4765,-1.33894,-0.651681
0,10,9.58777,16.5258,-1.28867,-0.664296
0,10,10.1545,16.5004,-1.38345,-0.586611
0,10,10.0739,16.4569,-1.37177,-0.614638
0,10,10.2063,16.5877,-1.37094,-0.59112
0,10,10.0574,16.5627,-1.34777,-0.599656
0,10,10.0474,16.8048,-1.4015,-0.564958
0,10,10.1177,16.632,-1.36601,-0.565036
0,10,9.7833,16.7198,-1.32377,-0.622767
0,10,9.94763,16.7573,-1.37098,-0.586591
0,10,9.94489,16.8561,-1.37171,-0.566549
0,10,10.1951,16.8025,-1.41523,-0.544747
0,10,9.87623,16.6835,-1.3361,-0.606128
0,10,10.0236,16.9131,-1.39914,-0.536114
0,10,9.81995,17.0161,-1.36505,-0.542588
0,10,9.71162,17.0947,-1.3615,-0.531669
0,10,9.92378,16.9729,-1.38021,-0.534028
0,10,10.0383,17.2025,-1.41506,-0.476007
0,10,10.1701,17.3503,-1.47928,-0.451558
0,10,9.99658,17.3228,-1.44339,-0.447119
0,10,10.0774,17.3875,-1.46875,-0.416997
0,10,9.88749,17.3712,-1.44563,-0.457346
0,10,10.0367,17.4961,-1.52427,-0.396294
0,10,9.75331,17.4399,-1.47629,-0.505294
0,10,10.2547,17.5214,-1.60181,-0.371562
0,10,10.1651,17.5749,-1.59094,-0.36753
0,10,9.9221,17.5225,-1.51696,-0.449129
0,10,10.0038,17.5912,-1.55154,-0.410047
0,10,10.1522,17.7031,-1.58092,-0.336226
0,10,10.3278,17.5844,-1.61727,-0.359324
0,10,10.2275,17.7654,-1.6005,-0.317469
0,10,10.4297,17.5198,-1.62288,-0.326631
0,10,10.3013,17.8282,-1.60368,-0.319343
0,10,10.0606,17.7465,-1.58782,-0.364406
0,10,10.2007,18.0132,-1.61196,-0.28786
0,10,10.1619,18.1195,-1.6628,-0.298651
0,10,10.1345,17.8207,-1.61046,-0.336463
0,10,10.0954,18.047,-1.62749,-0.317922
0,10,10.127,17.9425,-1.59424,-0.306899
0,10,9.75558,18.936,-1.50432,-0.218261
0,10,9.60303,18.8562,-1.50552,-0.243899
0,10,9.68355,18.5716,-1.59802,-0.264044
0,10,9.57554,18.5806,-1.58589,-0.267361
0,10,9.47357,18.5871,-1.58045,-0.25343
0,10,9.39765,18.5471,-1.55358,-0.303932
0,10,9.18378,19.2199,-1.33269,-0.200661
0,10,9.09372,19.1468,-1.35198,-0.211023
0,10,8.80185,19.5853,-1.19411,-0.162729
0,10,8.55118,19.4778,-1.19657,-0.18431
0,10,8.07796,19.9833,-0.857279,-0.0272526
0,10,8.21062,19.8829,-0.937919,-0.0552378
0,10,7.74933,20.0916,-0.703873,-0.0821957
0,10,7.03843,20.1979,-0.761393,-0.0655383
0,10,6.59694,20.2018,-0.758988,0.0399202
0,10,6.63988,20.1118,-0.768418,-0.0114121
0,10,6.53088,20.1096,-0.719887,0.0107951
0,10,6.7839,20.0203,-0.766301,-0.00323523
0,10,5.26645,20.2074,-0.38115,-0.047323
0,10,6.10789,20.1014,-0.578758,-0.0434015
0,10,5.03172,20.3101,-0.243124,0.0478709
0,10,4.71071,20.3182,-0.34078,-0.0103847
0,10,4.4407,20.4045,-0.163531,-0.015646
0,10,6.54634,18.563,-1.02986,-0.292512
0,10,1.54051,16.5116,-0.610499,-0.941051
0,10,3.28727,18.9676,-0.45456,-0.24314
0,10,6.2948,18.5219,-0.962217,-0.2818
0,10,1.02385,17.6146,-0.165501,-0.209653
0,10,4.00024,19.4375,-0.516565,-0.175686
0,10,0.819952,17.3167,-0.185116,-0.285915
0,10,1.28733,17.634,-0.310506,-0.411223
0,10,1.36886,17.5893,-0.357462,-0.457331
0,10,2.06692,17.9198,-0.474802,-0.507251
0,10,2.4258,18.0268,-0.500854,-0.435653
0,10,2.62046,17.9797,-0.535245,-0.47804
0,10,2.99614,18.0365,-0.633042,-0.451756
0,10,3.30818,17.9919,-0.67641,-0.480453
0,10,3.94538,17.6322,-0.76359,-0.448264
0,10,3.20037,18.0007,-0.668583,-0.475044
0,10,4.16451,17.4527,-0.783082,-0.446488
0,10,2.74575,17.8728,-0.592924,-0.515759
0,10,3.7973,17.6413,-0.74955,-0.45769
0,10,4.09262,17.5066,-0.79835,-0.466071
0,10,3.70874,17.6815,-0.74362,-0.464793
0,10,4.22611,17.2816,-0.805048,-0.455136
0,10,4.7891,16.9284,-0.873882,-0.437747
0,10,5.1629,16.8503,-0.906284,-0.442371
0,10,6.51309,16.6763,-0.977269,-0.481382
0,10,6.35738,16.6698,-0.960999,-0.4909
0,10,7.4284,16.6327,-1.03551,-0.607745
0,10,7.17674,16.5871,-1.03863,-0.540925
0,10,7.6351,16.5506,-1.03156,-0.633524
0,10,7.76937,16.5683,-1.03372,-0.627025
0,10,8.07155,16.4836,-1.04659,-0.687704
0,10,7.81759,16.4856,-1.01548,-0.631336
0,10,9.31147,16.3647,-1.24118,-0.746313
0,10,9.18154,16.4843,-1.23773,-0.671502
0,10,8.44467,16.4876,-1.1071,-0.65687
0,10,8.23012,16.4906,-1.07665,-0.670477
0,10,8.83642,16.5076,-1.17051,-0.661185
0,10,9.73736,16.4543,-1.31848,-0.664529
0,10,10.3056,16.4022,-1.42305,-0.626308
0,10,10.277,16.5088,-1.3926,-0.624076
0,10,10.3075,16.6131,-1.40653,-0.600628
0,10,10.4831,16.6732,-1.44268,-0.521234
0,10,10.435,16.7628,-1.46251,-0.523453
0,10,10.2255,16.6878,-1.41177,-0.568358
0,10,10.2913,16.7535,-1.43374,-0.568573
0,10,10.0297,16.6962,-1.38701,-0.60128
0,10,10.1262,16.7344,-1.40736,-0.557447
0,10,10.369,16.6843,-1.43314,-0.557737
0,10,10.2612,16.8746,-1.43187,-0.538871
0,10,10.1964,16.9454,-1.42688,-0.530919
0,10,10.0997,16.9809,-1.40849,-0.531605
0,10,10.1202,16.8706,-1.41847,-0.550213
0,10,9.99939,17.026,-1.39182,-0.519007
0,10,10.1961,17.2415,-1.46169,-0.45792
0,10,10.0951,17.279,-1.45836,-0.438683
0,10,10.2718,17.2991,-1.47724,-0.450928
0,10,10.2129,17.4341,-1.53116,-0.415813
0,10,10.306,17.3885,-1.54135,-0.406167
0,10,9.97042,17.4239,-1.45899,-0.445804
0,10,10.5033,17.1687,-1.52886,-0.423489
0,10,10.3853,17.3214,-1.53704,-0.422895
0,10,10.5389,17.3561,-1.6188,-0.332531
0,10,10.4364,17.399,-1.61158,-0.358924
0,10,10.1267,17.4844,-1.52535,-0.409157
0,10,10.2375,17.6416,-1.60735,-0.350272
0,10,10.3126,17.7038,-1.61818,-0.343609
0,10,10.5092,17.5816,-1.64657,-0.295819
0,10,10.4069,17.6317,-1.63359,-0.319738
0,10,10.6758,17.508,-1.61843,-0.328303
0,10,10.3897,17.749,-1.635,-0.306483
0,10,10.3761,17.8703,-1.60988,-0.303957
0,10,10.2778,17.954,-1.64206,-0.314573
0,10,10.5813,18.3301,-1.6694,-0.287437
0,10,10.391,18.2709,-1.6668,-0.318578
0,10,10.2253,18.1995,-1.67914,-0.283911
0,10,10.3081,18.2196,-1.65062,-0.329713
0,10,9.97046,18.46,-1.66354,-0.257547
0,10,9.86563,18.4632,-1.6414,-0.274908
0,10,9.70849,18.8445,-1.52454,-0.238488
0,10,9.65602,18.946,-1.48238,-0.226727
0,10,9.49766,18.869,-1.48886,-0.239563
0,10,9.44724,18.7815,-1.51336,-0.244513
0,10,9.2129,19.4298,-1.24615,-0.166309
0,10,9.28087,18.7384,-1.48679,-0.274803
0,10,9.23851,19.3111,-1.29741,-0.170346
0,10,8.83456,19.4805,-1.23746,-0.178265
0,10,8.51721,19.5824,-1.13865,-0.158523
0,10,8.42062,19.5819,-1.12057,-0.135193
0,10,8.38297,19.6838,-1.06915,-0.112685
0,10,7.85341,20.0856,-0.740329,0.0148503
0,10,7.2513,20.1879,-0.681922,-0.106449
0,10,6.53872,20.2935,-0.593699,0.0788226
0,10,6.38122,20.2011,-0.658171,0.0471587
0,10,6.06705,20.1968,-0.556449,-0.0273788
0,10,5.9649,20.1987,-0.52002,-0.0234666
0,10,6.21226,20.104,-0.605262,-0.0219544
0,10,5.4387,20.2958,-0.321476,-0.0509346
0,10,5.1373,20.3124,-0.262267,-0.00363958
0,10,4.92811,20.3138,-0.277212,0.0367176
0,10,4.54812,20.4071,-0.218251,-0.0440501
0,10,0.604294,16.2888,-0.135469,-0.595195
0,10,0.573903,17.0361,-0.110901,-0.311934
0,10,1.76342,18.986,-0.102657,-0.146923
0,10,1.67914,18.3939,-0.171342,-0.220825
0,10,2.48156,19.0926,-0.240048,-0.182527
0,10,0.897748,17.4899,-0.153822,-0.203205
0,10,1.42639,17.6826,-0.314618,-0.438296
0,10,1.76584,17.8169,-0.458744,-0.451278
0,10,2.16126,17.9294,-0.478876,-0.51658
0,10,2.71255,17.9705,-0.559002,-0.489607
0,10,2.52333,18.0012,-0.520959,-0.461951
0,10,3.4388,17.88,-0.701915,-0.465567
0,10,2.44549,17.9223,-0.542632,-0.456541
0,10,3.16653,18.0976,-0.627437,-0.449125
0,10,1.99287,17.8259,-0.492519,-0.502941
0,10,2.34634,17.936,-0.51363,-0.456471
0,10,2.64912,17.866,-0.580477,-0.499964
0,10,3.56829,17.7869,-0.720988,-0.464006
0,10,3.09644,18.0138,-0.646239,-0.459066
0,10,3.8611,17.575,-0.761889,-0.463035
0,10,4.39453,17.134,-0.815961,-0.434546
0,10,4.1422,17.3431,-0.781462,-0.45753
0,10,3.70374,17.575,-0.759713,-0.466866
0,10,7.00946,16.5585,-1.02408,-0.524487
0,10,3.23502,17.9069,-0.685048,-0.484889
0,10,5.41885,16.7908,-0.853537,-0.402268
0,10,4.01227,17.5636,-0.793352,-0.462043
0,10,4.66663,16.9448,-0.852535,-0.41892
0,10,5.88236,16.7097,-0.962186,-0.506197
0,10,7.70148,16.4828,-1.00498,-0.626137
0,10,7.97927,16.4407,-1.04401,-0.676696
0,10,6.77729,16.5653,-1.00771,-0.511745
0,10,4.55077,16.973,-0.835044,-0.418613
0,10,8.23085,16.3302,-1.06982,-0.702681
0,10,8.68402,16.5046,-1.12533,-0.678867
0,10,9.40371,16.4248,-1.2601,-0.713981
0,10,9.58381,16.4294,-1.28236,-0.672971
0,10,10.3691,16.508,-1.40638,-0.608789
0,10,10.2126,16.4198,-1.4133,-0.618858
0,10,10.4209,16.5918,-1.44449,-0.549824
0,10,10.5078,16.5411,-1.48144,-0.553894
0,10,10.5671,16.6314,-1.46254,-0.56007
0,10,10.6007,16.5199,-1.48347,-0.57296
0,10,10.6625,16.6569,-1.47896,-0.516203
0,10,10.512,16.9145,-1.48787,-0.487497
0,10,10.3554,16.8262,-1.4534,-0.534633
0,10,10.426,16.8894,-1.46493,-0.511427
0,10,10.5967,16.975,-1.52405,-0.472454
0,10,10.1716,17.054,-1.43813,-0.50449
0,10,10.2686,17.0241,-1.45692,-0.51959
0,10,10.3313,16.9457,-1.44226,-0.512621
0,10,10.1385,17.1609,-1.44201,-0.471112
0,10,10.3348,17.0958,-1.48288,-0.488484
0,10,10.2403,17.1363,-1.46664,-0.488486
0,10,10.3122,17.2078,-1.49214,-0.471668
0,10,10.4274,17.111,-1.50217,-0.451834
0,10,10.6378,17.1511,-1.57237,-0.390091
0,10,10.4016,17.2172,-1.50153,-0.439698
0,10,10.4834,17.2809,-1.54743,-0.387037
0,10,10.5796,17.2315,-1.56869,-0.36922
0,10,10.702,17.2493,-1.62309,-0.373011
0,10,10.6062,17.438,-1.62895,-0.335047
0,10,10.3512,17.4711,-1.6012,-0.366044
0,10,10.6338,17.3136,-1.61873,-0.340892
0,10,10.5147,17.4624,-1.64111,-0.332852
0,10,10.7719,17.4618,-1.63611,-0.334357
0,10,10.4842,17.6865,-1.63912,-0.294547
0,10,10.572,17.6996,-1.61266,-0.365136
0,10,10.5925,17.5613,-1.65372,-0.373029
0,10,10.4679,17.8007,-1.61096,-0.312859
0,10,10.464,17.9086,-1.56645,-0.3465
0,10,10.3939,18.1608,-1.6812,-0.338307
0,10,10.484,18.3029,-1.66503,-0.308678
0,10,10.4301,18.4882,-1.69017,-0.316349
0,10,10.4066,18.3828,-1.68081,-0.323705
0,10,10.124,18.2264,-1.67408,-0.285857
0,10,10.0463,18.346,-1.67825,-0.265149
0,10,10.1447,18.3184,-1.68805,-0.270077
0,10,9.76941,18.7489,-1.55435,-0.241893
0,10,9.69734,19.1378,-1.47651,-0.19422
0,10,9.60897,19.0486,-1.46098,-0.213195
0,10,9.70856,19.0415,-1.47537,-0.201733
0,10,9.4063,19.0737,-1.4084,-0.185088
0,10,9.29111,18.9044,-1.45856,-0.203771
0,10,9.20225,19.1176,-1.36315,-0.201343
0,10,8.96296,19.3673,-1.27387,-0.192711
0,10,8.86854,19.3721,-1.27349,-0.191857
0,10,8.48061,19.6841,-1.08532,-0.126609
0,10,8.44199,19.7847,-1.02701,-0.10155
0,10,8.1747,19.985,-0.885076,-0.0298618
0,10,7.43368,20.1983,-0.619437,-0.169273
0,10,7.07859,20.1098,-0.741073,-0.0350498
0,10,6.75046,20.112,-0.796622,-0.00832918
0,10,6.27525,20.1993,-0.621105,0.00993094
0,10,5.86188,20.1995,-0.500152,-0.0509603
0,10,5.53454,20.2931,-0.342274,-0.0670022
0,10,5.63175,20.2951,-0.369034,-0.0595266
0,10,5.24068,20.3058,-0.28458,-0.0153278
0,10,4.7765,20.4062,-0.377116,0.000525727
0,10,4.66634,20.409,-0.353697,-0.0216418
0,10,0.559598,16.3993,0.0182568,-0.360243
0,10,3.37283,19.8844,-0.253477,0.0132407
0,10,0.888294,18.1051,-0.0404071,-0.0675948
0,10,0.972347,17.5383,-0.178484,-0.220203
0,10,1.19727,17.6814,-0.291848,-0.382378
0,10,1.23432,17.5496,-0.325439,-0.41271
0,10,1.05772,17.3401,-0.312857,-0.408312
0,10,1.31388,17.4931,-0.380234,-0.473561
0,10,2.24523,18.0491,-0.483756,-0.410391
0,10,1.6965,17.7286,-0.455167,-0.473752
0,10,2.25616,17.9435,-0.501412,-0.440567
0,10,1.86574,17.8051,-0.464663,-0.452034
0,10,1.46936,17.5811,-0.38885,-0.496293
0,10,1.79782,17.7143,-0.462892,-0.458219
0,10,1.21739,17.0469,-0.340464,-0.621967
0,10,2.09042,17.819,-0.505431,-0.521449
0,10,1.62092,17.6375,-0.410151,-0.503984
0,10,1.19239,17.2998,-0.385995,-0.487021
0,10,2.92713,17.9554,-0.633163,-0.488515
0,10,1.06692,17.1574,-0.323797,-0.501195
0,10,2.18704,17.8283,-0.510165,-0.523468
0,10,1.91965,17.7324,-0.513528,-0.503836
0,10,2.71877,17.774,-0.65378,-0.52994
0,10,3.459,17.7858,-0.720872,-0.475762
0,10,2.3714,17.8318,-0.549233,-0.489897
0,10,4.29164,17.1509,-0.812616,-0.450339
0,10,3.12547,17.9131,-0.670772,-0.479539
0,10,4.97566,16.8169,-0.877181,-0.462017
0,10,3.92251,17.5028,-0.78529,-0.477116
0,10,4.85198,16.8626,-0.879451,-0.45453
0,10,5.24825,16.8143,-0.861639,-0.395937
0,10,6.60473,16.6272,-0.992372,-0.502949
0,10,8.16912,16.4211,-1.06302,-0.696846
0,10,7.56036,16.4833,-1.02884,-0.615751
0,10,10.4399,16.2902,-1.47363,-0.66649
0,10,10.4582,16.4606,-1.43565,-0.611123
0,10,10.5752,16.422,-1.49721,-0.567527
0,10,10.3972,16.385,-1.4296,-0.631207
0,10,10.6712,16.422,-1.49783,-0.56222
0,10,10.9106,16.374,-1.53873,-0.528705
0,10,10.7521,16.4547,-1.52012,-0.492119
0,10,11.0039,16.4108,-1.54483,-0.519659
0,10,10.6839,16.5525,-1.49679,-0.525328
0,10,10.7694,16.572,-1.50856,-0.470505
0,10,10.7454,16.6884,-1.48936,-0.462424
0,10,10.8598,16.5736,-1.50854,-0.515003
0,10,10.5836,16.7337,-1.48652,-0.538926
0,10,10.5164,16.8046,-1.46992,-0.503849
0,10,10.6823,16.9127,-1.54481,-0.447959
0,10,10.4038,17.0037,-1.47741,-0.47859
0,10,10.6042,16.8594,-1.4934,-0.512775
0,10,10.4962,17.0207,-1.49758,-0.464162
0,10,10.7691,16.9122,-1.55084,-0.441672
0,10,10.5641,17.0865,-1.5343,-0.432666
0,10,10.8441,16.7858,-1.53112,-0.478578
0,10,10.6669,17.0394,-1.56828,-0.410895
0,10,10.7522,17.023,-1.58278,-0.427439
0,10,10.7303,17.1419,-1.58254,-0.402085
0,10,10.9817,17.1562,-1.63239,-0.381212
0,10,10.8207,17.1146,-1.60296,-0.400886
0,10,10.7974,17.2323,-1.63296,-0.377151
0,10,10.9551,17.2732,-1.65443,-0.380713
0,10,10.6978,17.3907,-1.63347,-0.335109
0,10,10.8887,17.2006,-1.63459,-0.390049
0,10,10.745,17.5771,-1.62153,-0.313912
0,10,10.8667,17.3241,-1.65422,-0.377026
0,10,10.8571,17.4374,-1.65414,-0.39414
0,10,10.649,17.6403,-1.63203,-0.375124
0,10,10.8348,17.5578,-1.62926,-0.361935
0,10,10.9265,17.5132,-1.65791,-0.382036
0,10,10.5569,17.8118,-1.58845,-0.370567
0,10,10.6523,17.7585,-1.60219,-0.365182
0,10,10.2631,18.0919,-1.64987,-0.270366
0,10,10.4533,18.0084,-1.61039,-0.360788
0,10,10.5066,18.4087,-1.68508,-0.305138
0,10,10.3332,18.4673,-1.67948,-0.322805
0,10,10.3155,18.3493,-1.68146,-0.332217
0,10,9.99936,18.5575,-1.6357,-0.248218
0,10,9.8329,18.6544,-1.59125,-0.243794
0,10,10.0682,18.4435,-1.67787,-0.250548
0,10,9.87488,18.7492,-1.56568,-0.235136
0,10,9.80629,19.0325,-1.48785,-0.210344
0,10,9.77185,19.2161,-1.46534,-0.194544
0,10,9.45101,18.9702,-1.43724,-0.219121
0,10,9.34629,18.9906,-1.405,-0.208856
0,10,9.1498,19.3437,-1.27811,-0.200036
0,10,8.92806,19.4733,-1.2449,-0.190264
0,10,8.67479,19.6884,-1.12223,-0.15019
0,10,8.61205,19.585,-1.16101,-0.161705
0,10,8.46688,19.984,-0.971174,-0.045517
0,10,8.40671,19.8837,-0.984296,-0.0746766
0,10,7.53219,20.1917,-0.655595,-0.122404
0,10,6.7438,20.2942,-0.499325,-0.00460991
0,10,7.14938,20.201,-0.695051,-0.0884062
0,10,6.12845,20.2935,-0.53591,0.0275554
0,10,5.82779,20.2968,-0.439798,-0.017979
0,10,5.7292,20.2934,-0.406594,-0.0617543
0,10,5.10318,20.4048,-0.289037,0.0180371
0,10,4.99724,20.4045,-0.332574,0.0173894
0,10,4.8894,20.4073,-0.366078,-0.000398943
0,10,2.73709,19.8244,-0.134543,-0.140126
0,10,1.99875,19.2272,-0.160635,-0.150575
0,10,1.08121,17.6876,-0.180507,-0.202201
0,10,0.95923,17.3962,-0.267947,-0.326046
0,10,1.17866,17.4687,-0.306372,-0.415584
0,10,0.960102,17.1712,-0.279293,-0.527951
0,10,0.90136,17.0821,-0.234231,-0.548156
0,10,0.875426,17.217,-0.210511,-0.401211
0,10,1.14159,17.3837,-0.322249,-0.412139
0,10,1.25981,17.4075,-0.352884,-0.507763
0,10,1.00897,17.2584,-0.28717,-0.455841
0,10,1.28961,17.3128,-0.391889,-0.542779
0,10,1.00323,17.0711,-0.293887,-0.55198
0,10,1.06148,16.782,-0.216911,-0.752039
0,10,1.21707,16.852,-0.357889,-0.724864
0,10,1.04931,16.5513,-0.338286,-1.01309
0,10,1.11749,17.2415,-0.353205,-0.464288
0,10,1.29278,17.0967,-0.400749,-0.566479
0,10,1.46378,17.341,-0.45089,-0.50593
0,10,1.41566,17.4875,-0.405166,-0.49181
0,10,2.01926,17.7237,-0.521834,-0.515005
0,10,1.72178,17.629,-0.428158,-0.484578
0,10,3.02556,17.9279,-0.655183,-0.459373
0,10,2.85384,17.8842,-0.61115,-0.513093
0,10,2.1156,17.714,-0.535825,-0.543135
0,10,2.94787,17.8426,-0.634763,-0.516178
0,10,2.55059,17.896,-0.561054,-0.475884
0,10,3.33702,17.8882,-0.694647,-0.487852
0,10,4.05968,17.3824,-0.776995,-0.467578
0,10,8.08475,16.3795,-1.05693,-0.695651
0,10,9.40528,16.3203,-1.25167,-0.736655
0,10,10.561,16.2662,-1.48681,-0.626485
0,10,10.134,16.3636,-1.40994,-0.620957
0,10,10.7266,16.3251,-1.51293,-0.548284
0,10,10.511,16.3631,-1.46996,-0.638793
0,10,10.6339,16.3145,-1.50938,-0.572382
0,10,10.8152,16.3551,-1.52993,-0.510116
0,10,10.9989,16.3011,-1.57089,-0.539728
0,10,10.9062,16.2686,-1.57784,-0.537808
0,10,10.8416,16.4636,-1.53253,-0.511376
0,10,11.178,16.368,-1.59039,-0.512938
0,10,11.0947,16.4322,-1.56235,-0.495844
0,10,11.0218,16.531,-1.54671,-0.483998
0,10,10.9361,16.49,-1.52713,-0.516843
0,10,10.9474,16.6106,-1.52664,-0.493325
0,10,10.8353,16.6791,-1.49804,-0.493906
0,10,10.927,16.7149,-1.52506,-0.457363
0,10,11.0124,16.8947,-1.59265,-0.371692
0,10,10.6709,16.78,-1.49908,-0.504674
0,10,10.9427,16.8253,-1.55757,-0.410127
0,10,10.7541,16.8037,-1.51757,-0.443594
0,10,10.9393,16.9587,-1.61215,-0.385552
0,10,10.8628,16.8923,-1.55957,-0.456953
0,10,11.0019,17.0344,-1.60014,-0.382733
0,10,10.8455,17.0015,-1.60013,-0.423281
0,10,11.0991,16.8809,-1.60229,-0.436074
0,10,10.912,17.0837,-1.60992,-0.401813
0,10,11.0856,16.9896,-1.60351,-0.413244
0,10,11.0743,17.1071,-1.62452,-0.389865
0,10,10.7757,17.3382,-1.65776,-0.370999
0,10,11.0517,17.2255,-1.64663,-0.380544
0,10,11.0365,17.3361,-1.6488,-0.3882
0,10,11.2296,17.2192,-1.63726,-0.366134
0,10,11.1108,17.3942,-1.66345,-0.368078
0,10,11.1328,17.2778,-1.64241,-0.374639
0,10,10.9466,17.3899,-1.64405,-0.381394
0,10,11.0173,17.4575,-1.65501,-0.374513
0,10,10.9957,17.5757,-1.67201,-0.369577
0,10,10.8899,17.6332,-1.64265,-0.343366
0,10,10.7404,17.6749,-1.62751,-0.317866
0,10,10.7418,17.7854,-1.59282,-0.324897
0,10,10.3603,17.9818,-1.61988,-0.346775
0,10,10.7846,17.8609,-1.61393,-0.297307
0,10,10.5597,17.9226,-1.55265,-0.372938
0,10,10.6439,17.8657,-1.57609,-0.360748
0,10,10.681,18.357,-1.67458,-0.276656
0,10,10.1847,18.5381,-1.64433,-0.300861
0,10,10.2454,18.4389,-1.67106,-0.329029
0,10,10.2361,18.3126,-1.68463,-0.317893
0,10,9.97549,18.7528,-1.57498,-0.238269
0,10,9.93593,18.6527,-1.60179,-0.247247
0,10,9.85988,18.938,-1.51719,-0.219356
0,10,9.58873,19.1465,-1.45377,-0.189708
0,10,9.50749,19.0597,-1.43839,-0.200575
0,10,9.30749,19.3846,-1.2979,-0.0703527
0,10,9.11719,19.455,-1.25497,-0.215772
0,10,9.05562,19.3591,-1.27987,-0.198657
0,10,8.70816,19.5859,-1.1759,-0.178384
0,10,8.63988,19.7897,-1.07079,-0.125028
0,10,8.5777,19.6872,-1.10714,-0.137221
0,10,8.30839,19.8827,-0.958345,-0.0661522
0,10,7.95263,20.0864,-0.774604,0.0461288
0,10,7.62756,20.1806,-0.659112,-0.0999883
0,10,7.34572,20.1593,-0.673042,-0.143387
0,10,6.84491,20.2943,-0.449058,-0.0381757
0,10,5.92812,20.2958,-0.476235,-0.0059385
0,10,6.33231,20.2936,-0.585735,0.0711296
0,10,5.50603,20.3971,-0.347141,-0.0254159
0,10,5.31131,20.4007,-0.284697,-0.00916087
0,10,5.20996,20.4041,-0.281034,-0.00324114
0,10,1.83998,19.0649,-0.144924,-0.145236
0,10,6.33672,18.421,-0.977433,-0.285412
0,10,1.03787,17.4459,-0.278669,-0.385417
0,10,0.92184,17.3093,-0.207573,-0.418498
0,10,0.785198,16.9145,-0.0890151,-0.452233
0,10,0.983775,16.4529,-0.357339,-1.04187
0,10,0.948294,16.981,-0.190397,-0.640739
0,10,0.935882,16.8549,-0.132165,-0.747634
0,10,1.06115,16.9825,-0.26377,-0.604253
0,10,1.01719,16.8937,-0.199833,-0.652068
0,10,0.792093,17.0479,-0.136011,-0.447939
0,10,1.27211,16.752,-0.441655,-0.841721
0,10,1.11494,16.8702,-0.240139,-0.700418
0,10,1.34117,16.9964,-0.439695,-0.659233
0,10,1.16479,16.9565,-0.330018,-0.620877
0,10,0.948234,16.5593,-0.187688,-0.897734
0,10,1.15597,16.4371,-0.428474,-1.04717
0,10,1.36656,17.395,-0.40573,-0.511506
0,10,1.3955,17.0832,-0.469496,-0.602927
0,10,1.5512,17.545,-0.393643,-0.504587
0,10,1.43866,17.1932,-0.441066,-0.599452
0,10,1.25002,17.2081,-0.436199,-0.541394
0,10,1.61712,17.0454,-0.580726,-0.689784
0,10,2.5819,17.7934,-0.608503,-0.494232
0,10,1.11727,17.0653,-0.33805,-0.552442
0,10,1.6534,17.5382,-0.405054,-0.521647
0,10,3.15467,17.8221,-0.696384,-0.505351
0,10,7.37436,16.4924,-1.05482,-0.620239
0,10,8.2943,16.3991,-1.08557,-0.675306
0,10,8.59139,16.4805,-1.12907,-0.661041
0,10,9.49967,16.3629,-1.27222,-0.690473
0,10,9.11775,16.4174,-1.23875,-0.685652
0,10,8.53445,16.4199,-1.14236,-0.659682
0,10,7.24845,16.5189,-1.05571,-0.563708
0,10,9.99283,16.4106,-1.36714,-0.658383
0,10,7.8923,16.4047,-1.04007,-0.664778
0,10,10.3812,16.2085,-1.48058,-0.694987
0,10,10.7231,16.2173,-1.5593,-0.561798
0,10,11.089,16.3213,-1.58617,-0.52215
0,10,11.1388,16.2232,-1.63002,-0.53839
0,10,11.2157,16.2735,-1.63166,-0.53134
0,10,11.189,16.4763,-1.58254,-0.488737
0,10,11.3001,16.3151,-1.63925,-0.496895
0,10,11.3762,16.2295,-1.67656,-0.489983
0,10,11.1076,16.546,-1.56361,-0.472745
0,10,11.2731,16.4137,-1.60424,-0.474514
0,10,11.0289,16.6562,-1.56216,-0.439455
0,10,11.2,16.5901,-1.59309,-0.450555
0,10,11.1183,16.6564,-1.58124,-0.451685
0,10,11.1069,16.7726,-1.57746,-0.433398
0,10,11.02,16.7632,-1.57695,-0.411731
0,10,11.2725,16.8778,-1.6091,-0.37353
0,10,11.1922,16.8235,-1.59369,-0.39452
0,10,11.3636,16.8189,-1.6274,-0.386171
0,10,11.1835,16.9407,-1.62314,-0.390769
0,10,11.2833,16.7594,-1.61734,-0.397876
0,10,11.1671,17.0484,-1.62817,-0.377749
0,10,11.2663,16.9925,-1.63804,-0.369118
0,10,11.3554,16.9319,-1.62916,-0.361418
0,10,11.1483,17.1656,-1.6451,-0.367392
0,10,11.3414,17.0543,-1.65374,-0.354813
0,10,11.2434,17.1071,-1.64353,-0.356702
0,10,11.4311,16.994,-1.64519,-0.341181
0,10,11.3249,17.1624,-1.63597,-0.35133
0,10,11.3012,17.2812,-1.66782,-0.332343
0,10,11.1914,17.4492,-1.66691,-0.357094
0,10,11.2069,17.3374,-1.66397,-0.354529
0,10,11.0951,17.508,-1.66387,-0.359209
0,10,11.0803,17.6167,-1.68987,-0.350885
0,10,10.8268,17.7083,-1.60905,-0.338605
0,10,10.8799,17.8867,-1.62816,-0.27729
0,10,10.9667,17.6803,-1.6397,-0.34519
0,10,10.8742,17.7829,-1.64057,-0.299238
0,10,10.7004,17.932,-1.61002,-0.298412
0,10,10.75,18.0637,-1.69611,-0.305697
0,10,10.569,18.0123,-1.68104,-0.325399
0,10,10.5798,18.2264,-1.68561,-0.304815
0,10,10.2152,18.6617,-1.61402,-0.300089
0,10,10.16,18.4226,-1.68328,-0.276378
0,10,10.0952,18.5432,-1.64132,-0.252888
0,10,10.0365,18.6567,-1.6072,-0.244491
0,10,9.81491,18.8412,-1.5407,-0.22898
0,10,9.65736,19.2289,-1.45558,-0.179109
0,10,9.4835,19.16,-1.42002,-0.166333
0,10,9.38041,19.1744,-1.38422,-0.151225
0,10,9.28132,19.2008,-1.3443,-0.175829
0,10,9.15224,19.6522,-1.1845,-0.204906
0,10,8.96101,19.6822,-1.18003,-0.136785
0,10,8.86542,19.6874,-1.1505,-0.160503
0,10,8.73786,19.792,-1.09259,-0.128199
0,10,8.36893,19.9846,-0.94289,-0.0425965
0,10,8.05064,20.0847,-0.817938,0.0161633
0,10,7.14236,20.2937,-0.373571,-0.0707697
0,10,7.04401,20.2936,-0.388997,-0.108974
0,10,6.26552,20.3952,-0.35776,0.0555795
0,10,6.64211,20.2939,-0.564248,0.0165635
0,10,6.07788,20.3968,-0.414994,0.0499629
0,10,6.43588,20.2936,-0.59527,0.098516
0,10,6.02864,20.2946,-0.498213,0.0162021
0,10,5.41034,20.3996,-0.317311,-0.0362397
0,10,5.9854,19.2724,-0.863201,-0.140886
0,10,0.861635,16.9724,-0.128728,-0.596284
0,10,0.816793,17.1399,-0.167352,-0.401236
0,10,1.00723,16.6456,-0.218645,-0.864104
0,10,0.976734,16.7518,-0.164359,-0.715884
0,10,0.737193,16.5185,-0.129141,-0.526851
0,10,0.763048,17.2482,-0.129744,-0.278065
0,10,0.909659,16.6955,-0.0980053,-0.85363
0,10,1.21208,16.5374,-0.437624,-1.01163
0,10,0.689288,16.3249,-0.236346,-0.677863
0,10,1.09585,16.6794,-0.320156,-0.889235
0,10,1.1367,16.578,-0.367194,-0.961285
0,10,1.5073,16.7522,-0.556081,-0.82353
0,10,0.830834,16.7213,-0.0491131,-0.736485
0,10,0.543378,16.5645,0.0161336,-0.382283
0,10,1.28629,16.6278,-0.46799,-0.927675
0,10,2.48897,17.1905,-0.707525,-0.611452
0,10,0.960435,16.2552,-0.418229,-1.08635
0,10,1.26596,16.945,-0.376189,-0.696276
0,10,1.16154,16.7614,-0.329588,-0.83256
0,10,1.84748,17.1648,-0.599096,-0.643535
0,10,1.85181,17.6405,-0.505034,-0.51539
0,10,1.17763,17.1529,-0.376689,-0.584997
0,10,2.20738,17.7221,-0.539461,-0.524305
0,10,2.8236,17.7884,-0.656526,-0.526369
0,10,3.59774,17.6964,-0.729729,-0.469067
0,10,4.1292,17.2339,-0.791948,-0.478501
0,10,8.37393,16.3249,-1.11804,-0.691771
0,10,5.77059,16.7213,-0.931358,-0.470943
0,10,4.42885,17.0462,-0.818344,-0.442469
0,10,5.30422,16.7452,-0.854489,-0.396963
0,10,4.04084,17.2742,-0.774049,-0.468234
0,10,9.03047,16.4477,-1.2103,-0.646278
0,10,10.3233,16.2955,-1.42136,-0.636266
0,10,9.67421,16.3911,-1.30383,-0.684444
0,10,10.5686,16.136,-1.54017,-0.661892
0,10,10.6414,16.1909,-1.54486,-0.617228
0,10,10.8167,16.2461,-1.56363,-0.539699
0,10,11.2951,16.19,-1.66675,-0.529904
0,10,11.5347,16.1985,-1.68053,-0.473553
0,10,11.4537,16.2779,-1.66178,-0.483378
0,10,11.4533,16.5249,-1.65267,-0.42514
0,10,11.3813,16.3596,-1.64293,-0.484385
0,10,11.3659,16.4657,-1.63412,-0.456561
0,10,11.3697,16.5823,-1.63168,-0.423999
0,10,11.2827,16.5228,-1.6105,-0.437794
0,10,11.283,16.6409,-1.61198,-0.414242
0,10,11.1997,16.7115,-1.60058,-0.420347
0,10,11.6205,16.7618,-1.65865,-0.356589
0,10,11.3666,16.6973,-1.62414,-0.400562
0,10,11.6108,16.8804,-1.65009,-0.362624
0,10,11.4485,16.7599,-1.63635,-0.383329
0,10,11.7466,17.0084,-1.69467,-0.312799
0,10,11.5329,16.8187,-1.65396,-0.371111
0,10,11.6069,16.9933,-1.64511,-0.371938
0,10,11.447,16.8755,-1.64932,-0.363198
0,10,11.5233,16.942,-1.65229,-0.370289
0,10,11.6526,17.1847,-1.66705,-0.329728
0,10,11.5141,17.0538,-1.6388,-0.371704
0,10,11.7352,17.2326,-1.66327,-0.307946
0,10,11.5715,17.1287,-1.67695,-0.340255
0,10,11.5614,17.2484,-1.66541,-0.350048
0,10,11.4248,17.1072,-1.64979,-0.352057
0,10,11.3947,17.2279,-1.6757,-0.316831
0,10,11.2751,17.5013,-1.67676,-0.326145
0,10,11.2886,17.3925,-1.66389,-0.327035
0,10,11.1794,17.5602,-1.68073,-0.35182
0,10,11.0618,17.7158,-1.6549,-0.31844
0,10,10.9688,17.7808,-1.66083,-0.338794
0,10,11.2693,17.6095,-1.70464,-0.314625
0,10,10.9724,17.8882,-1.65012,-0.313602
0,10,11.0633,17.8234,-1.67867,-0.302922
0,10,10.7929,17.9696,-1.6265,-0.280563
0,10,10.839,18.096,-1.7145,-0.256668
0,10,10.6616,18.0221,-1.68322,-0.332946
0,10,10.5769,18.1182,-1.68703,-0.316875
0,10,10.4868,18.1976,-1.68009,-0.313873
0,10,10.2704,18.5614,-1.64752,-0.311472
0,10,10.1289,18.6484,-1.61196,-0.264051
0,10,10.0159,18.857,-1.55934,-0.231146
0,10,9.95827,18.9569,-1.52781,-0.208811
0,10,9.91884,18.8493,-1.54743,-0.226188
0,10,9.90362,19.0467,-1.49368,-0.199272
0,10,9.8094,19.1319,-1.48309,-0.203036
0,10,9.54967,19.2433,-1.42949,-0.15569
0,10,9.51186,19.3436,-1.37564,-0.125471
0,10,9.30226,19.0953,-1.37687,-0.195626
0,10,9.0862,19.5674,-1.21866,-0.216342
0,10,8.77051,19.6907,-1.14498,-0.147138
0,10,8.506,19.8854,-1.01034,-0.0777484
0,10,8.54053,19.7866,-1.04904,-0.110777
0,10,8.27168,19.984,-0.911034,-0.0331747
0,10,8.14703,20.0873,-0.851762,0.00292319
0,10,7.72411,20.1903,-0.706874,-0.0744726
0,10,8.60598,19.8878,-1.03479,-0.094696
0,10,7.24398,20.2962,-0.419434,-0.135517
0,10,7.82256,20.1852,-0.736192,0.0190126
0,10,5.88777,20.398,-0.441347,0.0275647
0,10,6.23002,20.2933,-0.559506,0.0431672
0,10,5.60116,20.3973,-0.387023,-0.0377554
0,10,1.51734,18.2019,-0.212897,-0.206847
0,10,0.590097,17.1489,-0.0343367,-0.178238
0,10,0.866872,16.5866,-0.186947,-0.853071
0,10,1.50938,18.3076,-0.186988,-0.221849
0,10,0.885479,17.6158,-0.109455,-0.180809
0,10,0.677967,17.5153,0.00639601,-0.138373
0,10,0.924989,16.367,-0.311046,-1.05619
0,10,2.40517,19.1369,-0.215572,-0.154178
0,10,0.737811,17.3939,-0.170825,-0.223618
0,10,4.67469,19.4016,-0.636708,-0.139914
0,10,1.11486,17.9018,-0.0857586,-0.179352
0,10,1.23984,16.4081,-0.460907,-1.06702
0,10,0.600551,16.9455,-0.115461,-0.298969
0,10,3.94835,19.5266,-0.476225,-0.178122
0,10,0.834794,16.343,-0.338699,-0.94042
0,10,1.1869,17.9727,-0.0877305,-0.198684
0,10,0.798199,16.4566,-0.190751,-0.850881
0,10,0.676591,16.6339,0.00755702,-0.353585
0,10,1.57047,16.9005,-0.569161,-0.734998
0,10,1.39188,16.8979,-0.481023,-0.737466
0,10,1.58523,17.4494,-0.427851,-0.524336
0,10,2.473,17.823,-0.575997,-0.472758
0,10,1.77936,17.5571,-0.492059,-0.55713
0,10,3.99953,17.4448,-0.785779,-0.473102
0,10,3.35362,17.7885,-0.70407,-0.489695
0,10,2.2773,17.8328,-0.523892,-0.455266
0,10,3.49031,17.6937,-0.730242,-0.472489
0,10,3.66829,17.4655,-0.778814,-0.457545
0,10,3.77125,17.5145,-0.761453,-0.462365
0,10,3.95695,17.3124,-0.772475,-0.481616
0,10,4.19771,17.1669,-0.810521,-0.475509
0,10,8.53837,16.3078,-1.15653,-0.684167
0,10,9.8247,16.4111,-1.33144,-0.682148
0,10,10.7083,16.0882,-1.58824,-0.598443
0,10,10.8697,16.0341,-1.64473,-0.593644
0,10,10.88,16.1489,-1.61695,-0.56878
0,10,11.0508,16.2029,-1.62411,-0.560225
0,10,11.4551,16.1509,-1.69611,-0.475767
0,10,11.5285,16.3291,-1.68859,-0.42667
0,10,11.4622,16.4143,-1.65857,-0.439461
0,10,11.6209,16.5209,-1.66894,-0.375624
0,10,11.5463,16.4583,-1.66603,-0.397653
0,10,11.5354,16.5783,-1.66147,-0.393802
0,10,11.6152,16.642,-1.65524,-0.370503
0,10,11.7004,16.5903,-1.66915,-0.384101
0,10,11.4542,16.6423,-1.64355,-0.400685
0,10,11.7017,16.7054,-1.66893,-0.361893
0,10,11.5362,16.7035,-1.6475,-0.38643
0,10,11.8782,16.6948,-1.68069,-0.354448
0,10,11.7033,16.8239,-1.64913,-0.357246
0,10,11.6974,16.9305,-1.64243,-0.360131
0,10,11.7935,16.8687,-1.64729,-0.348361
0,10,11.8827,16.8033,-1.66633,-0.337066
0,10,11.7458,17.1203,-1.68319,-0.307593
0,10,11.8368,17.0639,-1.69038,-0.292936
0,10,11.6586,17.0702,-1.68487,-0.333077
0,10,11.8342,16.9541,-1.70282,-0.302519
0,10,12.0233,17.0619,-1.7195,-0.277501
0,10,11.9288,17.006,-1.71053,-0.289817
0,10,12.0155,17.1673,-1.72361,-0.241195
0,10,11.8296,17.1738,-1.67537,-0.291763
0,10,11.9271,17.1113,-1.69467,-0.273284
0,10,11.6406,17.2988,-1.66402,-0.334506
0,10,11.723,17.3474,-1.67204,-0.305402
0,10,11.484,17.1857,-1.67913,-0.356206
0,10,11.4747,17.306,-1.67121,-0.364674
0,10,11.3856,17.3395,-1.67444,-0.305983
0,10,11.5508,17.3693,-1.66309,-0.35848
0,10,11.1721,17.6646,-1.71513,-0.339245
0,10,11.3725,17.4494,-1.67967,-0.294668
0,10,11.364,17.5564,-1.69935,-0.283392
0,10,11.2615,17.7158,-1.74593,-0.306018
0,10,11.1531,17.7645,-1.67842,-0.289977
0,10,10.9761,17.9997,-1.6558,-0.288041
0,10,10.8834,17.9951,-1.64454,-0.256293
0,10,10.7562,18.1794,-1.7166,-0.292411
0,10,10.7412,18.5233,-1.73413,-0.215477
0,10,10.3463,18.0826,-1.65342,-0.374599
0,10,10.3646,18.5764,-1.66037,-0.300186
0,10,10.1424,18.9836,-1.54085,-0.236409
0,10,10.161,18.7655,-1.5842,-0.271526
0,10,10.0737,18.7606,-1.58035,-0.243675
0,10,10.0451,18.9736,-1.53393,-0.225914
0,10,9.90079,19.1608,-1.48935,-0.192542
0,10,9.98621,19.0862,-1.50261,-0.187145
0,10,9.67896,19.4162,-1.38554,-0.16069
0,10,9.34247,19.2824,-1.35965,-0.11051
0,10,9.28628,19.4969,-1.27447,-0.0277225
0,10,8.99027,19.5729,-1.22295,-0.170073
0,10,8.89725,19.5827,-1.20255,-0.178599
0,10,9.02817,19.7868,-1.1407,-0.192584
0,10,8.83609,19.794,-1.10774,-0.142398
0,10,9.05311,19.6732,-1.18395,-0.214948
0,10,8.93111,19.7859,-1.13737,-0.114546
0,10,8.80711,19.894,-1.06299,-0.110922
0,10,8.70665,19.8904,-1.05109,-0.103285
0,10,8.2432,20.0866,-0.887399,0.00249528
0,10,6.45268,20.395,-0.256991,0.066497
0,10,5.98294,20.3952,-0.437815,0.00540743
0,10,5.69654,20.397,-0.415509,-0.0106164
0,10,1.13835,17.7684,-0.136528,-0.202895
0,10,0.848839,17.4131,-0.128489,-0.299252
0,10,3.10137,19.4776,-0.330603,-0.164365
0,10,5.27255,19.0962,-0.813239,-0.247784
0,10,4.49516,18.7313,-0.792161,-0.287642
0,10,5.47015,18.9067,-0.840541,-0.255954
0,10,4.39652,18.7233,-0.773702,-0.292038
0,10,5.07079,18.5013,-0.835091,-0.271662
0,10,4.67088,18.4428,-0.814466,-0.276851
0,10,4.83594,19.3294,-0.679102,-0.190334
0,10,5.56984,18.9011,-0.847586,-0.24761
0,10,2.65301,19.2602,-0.23904,-0.193803
0,10,5.22001,19.1846,-0.803227,-0.248973
0,10,5.51721,18.8051,-0.855684,-0.258915
0,10,5.18257,18.5124,-0.843032,-0.274955
0,10,0.699074,16.1898,-0.302141,-0.891727
0,10,3.55939,19.5258,-0.435868,-0.130529
0,10,1.02575,16.3443,-0.424079,-1.10692
0,10,1.31659,16.8435,-0.424564,-0.809511
0,10,1.56909,17.1461,-0.530502,-0.630162
0,10,1.38445,17.2882,-0.409102,-0.555345
0,10,2.05122,17.6156,-0.549048,-0.54213
0,10,1.88776,17.0676,-0.625225,-0.663293
0,10,1.56619,17.336,-0.48235,-0.574228
0,10,2.0207,17.2326,-0.616418,-0.603737
0,10,1.49078,17.4358,-0.408814,-0.496582
0,10,3.61131,17.6045,-0.758243,-0.475006
0,10,5.5989,16.6982,-0.916045,-0.464108
0,10,2.6428,17.7179,-0.65604,-0.535792
0,10,6.43739,16.6096,-0.96718,-0.492249
0,10,9.50122,16.2581,-1.2893,-0.7201
0,10,10.7903,16.1303,-1.5974,-0.566251
0,10,11.047,16.0809,-1.671,-0.558518
0,10,10.9669,16.1751,-1.62458,-0.550532
0,10,11.2165,16.146,-1.66099,-0.553891
0,10,11.5499,16.0886,-1.77094,-0.510182
0,10,11.373,16.1065,-1.69109,-0.511412
0,10,11.6307,16.1128,-1.76928,-0.451677
0,10,11.6037,16.2573,-1.71348,-0.421104
0,10,11.6132,16.3821,-1.69083,-0.401517
0,10,11.6932,16.4587,-1.70027,-0.416131
0,10,11.7748,16.5264,-1.69744,-0.389678
0,10,11.7864,16.6483,-1.68028,-0.36268
0,10,11.9558,16.6249,-1.7012,-0.349952
0,10,11.7906,16.7617,-1.66531,-0.359921
0,10,12.0491,16.6708,-1.7153,-0.310837
0,10,12.1606,16.739,-1.7434,-0.320221
0,10,12.2317,16.6666,-1.73583,-0.306443
0,10,11.9698,16.7382,-1.69017,-0.317739
0,10,12.1746,16.8525,-1.73918,-0.300508
0,10,12.0771,16.7751,-1.72202,-0.280743
0,10,12.0926,16.8905,-1.70641,-0.25696
0,10,12.0134,16.9524,-1.70499,-0.280778
0,10,11.999,16.8375,-1.7057,-0.281435
0,10,12.215,17.0659,-1.78517,-0.215639
0,10,11.9181,16.895,-1.70289,-0.295204
0,10,12.1032,17.2057,-1.74836,-0.17274
0,10,12.2062,17.17,-1.77239,-0.203118
0,10,12.3045,17.1298,-1.78166,-0.182732
0,10,11.8993,17.3279,-1.69048,-0.231594
0,10,11.9975,17.2743,-1.70999,-0.21799
0,10,11.9155,17.2187,-1.69362,-0.248483
0,10,11.8023,17.4004,-1.6874,-0.271406
0,10,11.8163,17.2861,-1.67385,-0.277874
0,10,11.7985,17.5198,-1.72514,-0.257506
0,10,11.6329,17.4146,-1.67537,-0.327026
0,10,11.7157,17.4654,-1.69536,-0.3003
0,10,11.4549,17.5437,-1.69612,-0.378875
0,10,11.6268,17.5272,-1.70838,-0.314186
0,10,11.4632,17.4251,-1.67369,-0.375644
0,10,11.3597,17.6632,-1.73603,-0.272054
0,10,11.3505,17.7672,-1.77511,-0.247256
0,10,11.0636,17.9279,-1.66554,-0.279443
0,10,11.4526,17.6578,-1.74762,-0.371482
0,10,11.1608,17.8715,-1.69771,-0.270712
0,10,10.8457,18.3191,-1.72251,-0.230105
0,10,10.643,18.5199,-1.73214,-0.250663
0,10,10.4803,18.0921,-1.68862,-0.312113
0,10,10.7388,18.426,-1.73004,-0.223855
0,10,10.4613,18.5959,-1.67944,-0.290932
0,10,10.106,18.877,-1.5614,-0.246023
0,10,10.0038,19.1878,-1.48066,-0.177603
0,10,10.0461,19.2756,-1.46433,-0.149213
0,10,9.82438,19.2965,-1.4339,-0.203333
0,10,9.71708,19.3128,-1.41762,-0.187074
0,10,9.74525,19.502,-1.37091,-0.153829
0,10,9.41101,19.364,-1.34368,-0.091506
0,10,9.2571,19.6,-1.25996,-0.00914544
0,10,9.3586,19.581,-1.27349,-0.0265931
0,10,9.02316,19.4674,-1.25206,-0.183476
0,10,9.20439,19.8061,-1.24478,0.0006914
0,10,9.18014,19.5406,-1.21813,-0.197312
0,10,9.30663,19.7892,-1.226,-0.00285031
0,10,9.11913,19.7585,-1.16704,-0.208253
0,10,8.90707,19.8904,-1.09778,-0.0877849
0,10,8.33894,20.0869,-0.909511,-0.0108432
0,10,8.43514,20.0853,-0.927437,-0.0137143
0,10,6.94427,20.2935,-0.409276,-0.0550141
0,10,6.35912,20.3942,-0.315014,0.0470519
0,10,5.7914,20.3966,-0.44482,-0.015705
0,10,1.4494,18.3704,-0.142524,-0.164501
0,10,0.770244,16.7994,-0.0158073,-0.511886
0,10,4.86253,18.4832,-0.824809,-0.283679
0,10,4.19339,18.8927,-0.726246,-0.266023
0,10,4.25025,18.7982,-0.734929,-0.280626
0,10,3.89596,18.8653,-0.659065,-0.297779
0,10,4.15161,18.788,-0.713193,-0.287502
0,10,4.45352,18.63,-0.792406,-0.304872
0,10,5.36355,18.7114,-0.848743,-0.266368
0,10,4.29843,18.7058,-0.761989,-0.295895
0,10,4.5543,18.6371,-0.80243,-0.292422
0,10,4.40455,18.5263,-0.805934,-0.320983
0,10,5.01871,18.4023,-0.827743,-0.282244
0,10,4.51056,18.5382,-0.813005,-0.308695
0,10,4.05267,19.5406,-0.487789,-0.137496
0,10,1.41837,16.788,-0.518707,-0.801111
0,10,1.48783,16.8682,-0.527154,-0.775765
0,10,1.53623,17,-0.561152,-0.70597
0,10,2.32577,17.3223,-0.661526,-0.584363
0,10,1.44778,16.9842,-0.518592,-0.694237
0,10,1.51561,17.2435,-0.486762,-0.564802
0,10,1.9527,17.1657,-0.603092,-0.65024
0,10,1.78744,17.068,-0.607336,-0.655937
0,10,1.61872,17.2414,-0.516827,-0.638933
0,10,2.39272,17.7299,-0.578284,-0.521036
0,10,3.50561,17.5963,-0.756714,-0.468084
0,10,4.22135,16.9663,-0.811729,-0.471751
0,10,7.76971,16.3995,-1.00176,-0.643981
0,10,8.44566,16.376,-1.13676,-0.669675
0,10,10.487,16.1994,-1.50264,-0.661128
0,10,11.0348,15.968,-1.69007,-0.571036
0,10,11.2921,16.0635,-1.6755,-0.552748
0,10,11.4681,16.034,-1.7847,-0.519285
0,10,11.787,16.0349,-1.75767,-0.464199
0,10,11.7981,16.1781,-1.78281,-0.447521
0,10,11.7613,16.2698,-1.74517,-0.434863
0,10,11.7243,16.1098,-1.76554,-0.498725
0,10,11.68,16.2085,-1.73182,-0.481876
0,10,11.6904,16.337,-1.71446,-0.45114
0,10,11.8559,16.4618,-1.71667,-0.371777
0,10,11.9067,16.2709,-1.79235,-0.416441
0,10,11.8618,16.5785,-1.70043,-0.364137
0,10,11.9445,16.5157,-1.71059,-0.358838
0,10,12.0406,16.5598,-1.71373,-0.326354
0,10,12.0153,16.4455,-1.73287,-0.34235
0,10,12.253,16.7867,-1.75537,-0.289239
0,10,12.1329,16.629,-1.72807,-0.330868
0,10,12.4099,16.7246,-1.76457,-0.213645
0,10,12.1986,16.9638,-1.73515,-0.257774
0,10,12.2706,16.9012,-1.75811,-0.260517
0,10,12.1096,16.999,-1.71146,-0.239537
0,10,12.118,17.1036,-1.76482,-0.202474
0,10,12.3641,16.9389,-1.79884,-0.184232
0,10,12.3033,17.0173,-1.79678,-0.193352
0,10,12.5393,16.9868,-1.81636,-0.151505
0,10,12.4316,16.8432,-1.79591,-0.167277
0,10,12.4497,17.1785,-1.73982,-0.136298
0,10,12.5166,16.8739,-1.81673,-0.151085
0,10,12.4753,17.0766,-1.79805,-0.124808
0,10,12.3858,17.0746,-1.7956,-0.169898
0,10,12.3431,17.3306,-1.75767,-0.184781
0,10,12.0816,17.3151,-1.73355,-0.15882
0,10,12.447,16.9673,-1.81354,-0.136026
0,10,12.1783,17.278,-1.73653,-0.194844
0,10,12.2756,17.2452,-1.74752,-0.198015
0,10,11.8854,17.4408,-1.70873,-0.219681
0,10,11.9803,17.3849,-1.71294,-0.196761
0,10,11.7144,17.5813,-1.74432,-0.286431
0,10,11.7995,17.638,-1.78795,-0.242971
0,10,11.6268,17.6376,-1.76102,-0.295338
0,10,11.5405,17.4874,-1.68071,-0.35648
0,10,11.5375,17.6038,-1.72702,-0.342547
0,10,11.4416,17.7705,-1.79491,-0.343856
0,10,11.5329,17.7213,-1.79425,-0.324345
0,10,11.2433,18.0292,-1.71704,-0.205582
0,10,11.3332,17.8716,-1.73133,-0.208105
0,10,11.2454,17.817,-1.70564,-0.263275
0,10,10.8472,18.2046,-1.71722,-0.251477
0,10,10.6674,18.1351,-1.70149,-0.31996
0,10,10.6722,18.2471,-1.69997,-0.294058
0,10,10.5307,18.5128,-1.70233,-0.292505
0,10,10.3071,18.6733,-1.62445,-0.287026
0,10,10.2322,18.9884,-1.56705,-0.220068
0,10,9.91057,19.252,-1.44157,-0.191299
0,10,9.71331,19.6072,-1.31511,-0.110168
0,10,9.57803,19.432,-1.35977,-0.125241
0,10,9.61426,19.3294,-1.40103,-0.156895
0,10,9.4799,19.4491,-1.32909,-0.0891759
0,10,9.33124,19.6842,-1.24458,-0.01246
0,10,9.38003,19.4675,-1.30691,-0.0532716
0,10,9.42968,19.6711,-1.24104,-0.0623277
0,10,9.23155,19.7039,-1.23163,0.0081246
0,10,9.00376,19.8871,-1.0987,-0.149067
0,10,8.97737,19.9933,-1.05134,-0.116143
0,10,8.53215,20.0853,-0.93983,-0.0308521
0,10,8.63117,20.0834,-0.955082,-0.0593702
0,10,8.56653,19.9862,-1.00023,-0.0663341
0,10,7.32922,20.27,-0.453411,-0.168927
0,10,6.63993,20.3954,-0.173381,-0.0145807
0,10,6.17184,20.3939,-0.391214,0.0255592
0,10,4.05474,18.7817,-0.698469,-0.295889
0,10,4.44179,18.8263,-0.761691,-0.267126
0,10,3.95691,18.9662,-0.619205,-0.250865
0,10,3.99522,18.8748,-0.683108,-0.276185
0,10,3.7996,19.0417,-0.580783,-0.263262
0,10,3.84935,18.9541,-0.593967,-0.268346
0,10,3.65806,18.9305,-0.580301,-0.382421
0,10,3.75072,18.9277,-0.577332,-0.289587
0,10,3.79814,18.8421,-0.621895,-0.322917
0,10,3.95453,18.7686,-0.675503,-0.299866
0,10,4.08925,18.6866,-0.733678,-0.302491
0,10,4.56856,18.4422,-0.810107,-0.282373
0,10,4.81067,18.3816,-0.819749,-0.301927
0,10,5.46236,18.7083,-0.855658,-0.270283
0,10,5.05298,19.2618,-0.791351,-0.237015
0,10,0.686968,16.9028,-0.044755,-0.386384
0,10,3.1858,19.6166,-0.213031,-0.08873
0,10,2.15049,17.2923,-0.633982,-0.580749
0,10,1.20296,16.6675,-0.426345,-0.923417
0,10,1.07736,16.4448,-0.3726,-1.07398
0,10,1.48989,17.0984,-0.504801,-0.65391
0,10,1.65388,17.376,-0.513159,-0.598027
0,10,3.03909,17.8256,-0.650069,-0.482798
0,10,6.30056,16.5869,-0.957651,-0.485453
0,10,8.46196,16.2552,-1.13345,-0.69137
0,10,8.93123,16.41,-1.20243,-0.678686
0,10,10.6349,16.0493,-1.57613,-0.660154
0,10,10.2298,16.3013,-1.42951,-0.625925
0,10,10.7815,16.0106,-1.63219,-0.602283
0,10,10.9583,16.058,-1.65946,-0.58298
0,10,11.3887,15.993,-1.77123,-0.566965
0,10,11.6101,15.989,-1.79286,-0.473428
0,10,11.868,16.0471,-1.75625,-0.425887
0,10,11.6908,15.997,-1.79473,-0.468706
0,10,11.837,16.3277,-1.75055,-0.392374
0,10,11.8765,16.1633,-1.78029,-0.420895
0,10,11.7725,16.4057,-1.72497,-0.400087
0,10,11.9759,16.2086,-1.77239,-0.350105
0,10,11.9232,16.3922,-1.74794,-0.375658
0,10,11.9992,16.3322,-1.78607,-0.34942
0,10,12.1887,16.433,-1.74703,-0.337935
0,10,12.0947,16.3935,-1.75616,-0.355496
0,10,12.1161,16.5061,-1.73276,-0.353443
0,10,12.3025,16.5844,-1.74665,-0.290044
0,10,12.3213,16.7032,-1.75036,-0.263409
0,10,12.3901,16.6081,-1.75631,-0.243404
0,10,12.5689,16.6557,-1.79484,-0.165153
0,10,12.6589,16.6841,-1.80897,-0.160874
0,10,12.3429,16.8211,-1.76794,-0.23462
0,10,12.6767,16.8017,-1.81436,-0.153406
0,10,12.4803,16.6358,-1.77576,-0.209326
0,10,12.4988,16.7531,-1.79428,-0.17096
0,10,12.5863,16.7714,-1.80706,-0.150767
0,10,12.6349,16.9927,-1.80558,-0.154031
0,10,12.583,17.0901,-1.80246,-0.167941
0,10,12.721,17.0414,-1.82795,-0.125842
0,10,12.4319,17.3038,-1.76369,-0.160323
0,10,12.8116,17.0734,-1.84435,-0.12218
0,10,12.5169,17.283,-1.75532,-0.139077
0,10,12.5475,17.1776,-1.73122,-0.133783
0,10,12.3294,17.4437,-1.7672,-0.164347
0,10,12.2813,17.5578,-1.80391,-0.153319
0,10,12.3686,17.2103,-1.75225,-0.188298
0,10,12.2511,17.3572,-1.74435,-0.184362
0,10,12.1567,17.39,-1.73552,-0.186554
0,10,12.235,17.4677,-1.75674,-0.168787
0,10,12.0508,17.5365,-1.75476,-0.133117
0,10,12.0632,17.4253,-1.73492,-0.145373
0,10,11.883,17.5584,-1.75005,-0.211547
0,10,11.7207,17.6969,-1.80856,-0.266905
0,10,11.8012,17.7593,-1.84855,-0.222628
0,10,11.6229,17.7397,-1.81794,-0.283594
0,10,11.3619,17.9699,-1.74766,-0.218185
0,10,11.4319,17.8834,-1.74457,-0.292824
0,10,11.2156,18.3675,-1.76655,-0.187022
0,10,11.1456,18.0836,-1.71518,-0.222074
0,10,11.2533,17.9331,-1.73596,-0.22503
0,10,10.932,18.103,-1.71844,-0.27271
0,10,10.9242,18.4344,-1.75253,-0.226411
0,10,10.5669,18.6071,-1.70144,-0.261794
0,10,10.6089,18.4338,-1.68922,-0.285395
0,10,10.2532,18.7747,-1.59781,-0.281204
0,10,10.2153,19.1954,-1.53798,-0.170523
0,10,10.0797,19.0755,-1.52311,-0.225581
0,10,9.84343,19.4857,-1.39312,-0.161895
0,10,9.44389,19.26,-1.39848,-0.125749
0,10,9.94555,19.4619,-1.42802,-0.172716
0,10,9.61468,19.6266,-1.27693,-0.0963224
0,10,9.78034,19.3969,-1.41328,-0.178245
0,10,9.6863,19.7118,-1.27037,-0.0724679
0,10,9.54752,19.539,-1.30494,-0.0943384
0,10,9.51648,19.6456,-1.25373,-0.0696631
0,10,9.44907,19.5541,-1.28457,-0.0642384
0,10,9.10665,19.8699,-1.18025,-0.138946
0,10,8.87393,19.9874,-1.04455,-0.0795541
0,10,8.66757,19.9859,-1.01622,-0.0881734
0,10,8.77026,19.9919,-1.03642,-0.0977728
0,10,7.51755,20.2946,-0.527842,-0.0757849
0,10,7.91987,20.1881,-0.759611,0.0654974
0,10,6.54628,20.3948,-0.20198,0.0331359
0,10,4.28729,18.9169,-0.722742,-0.267948
0,10,4.0098,19.0645,-0.622766,-0.238424
0,10,3.84731,19.1408,-0.547375,-0.217048
0,10,3.70293,19.0294,-0.584092,-0.342535
0,10,3.54834,18.904,-0.550669,-0.343646
0,10,3.44667,18.8681,-0.530191,-0.332985
0,10,3.62087,18.8316,-0.619818,-0.398707
0,10,3.70474,18.8075,-0.603935,-0.325589
0,10,3.86094,18.7536,-0.667228,-0.342231
0,10,3.98395,18.6776,-0.724827,-0.325164
0,10,4.35324,18.6156,-0.777867,-0.308049
0,10,4.19592,18.6943,-0.744321,-0.30168
0,10,4.25147,18.6036,-0.759838,-0.315435
0,10,4.71933,18.3392,-0.822946,-0.293942
0,10,5.29198,18.5152,-0.861981,-0.27632
0,10,0.573011,17.377,-0.050116,-0.0872523
0,10,1.51691,18.4516,-0.161618,-0.171035
0,10,1.3794,16.4752,-0.5174,-0.982717
0,10,1.65685,16.9312,-0.588877,-0.705667
0,10,2.69806,17.2894,-0.713155,-0.6122
0,10,1.34243,17.1877,-0.439071,-0.534271
0,10,1.88582,17.5412,-0.535886,-0.531383
0,10,3.90691,17.3851,-0.775827,-0.483266
0,10,6.9041,16.4939,-0.997021,-0.514755
0,10,10.9455,15.9423,-1.67887,-0.613653
0,10,11.0168,15.8502,-1.69626,-0.594711
0,10,10.0526,16.319,-1.40232,-0.66028
0,10,11.1832,15.8024,-1.7623,-0.622824
0,10,11.1281,16.1022,-1.65946,-0.558409
0,10,11.2973,15.9564,-1.76362,-0.588455
0,10,11.5249,15.9508,-1.80796,-0.512671
0,10,11.8495,15.9127,-1.79393,-0.443756
0,10,11.7631,15.9228,-1.78984,-0.440938
0,10,11.9542,16.0914,-1.76785,-0.35443
0,10,11.9277,15.9599,-1.7799,-0.403377
0,10,12.0474,16.1409,-1.77046,-0.33645
0,10,12.066,16.267,-1.77413,-0.322506
0,10,12.2277,16.2301,-1.76528,-0.339693
0,10,12.156,16.3147,-1.75179,-0.342343
0,10,12.4383,16.4032,-1.76234,-0.255743
0,10,12.2741,16.4779,-1.7456,-0.307371
0,10,12.3709,16.4884,-1.74903,-0.264943
0,10,12.2033,16.5574,-1.73818,-0.325449
0,10,12.4595,16.52,-1.75833,-0.232965
0,10,12.5496,16.5395,-1.77459,-0.200043
0,10,12.8898,16.5473,-1.82153,-0.142792
0,10,12.8176,16.6304,-1.81756,-0.149112
0,10,12.9813,16.5741,-1.81205,-0.141088
0,10,12.7473,16.7158,-1.81451,-0.160297
0,10,12.7876,16.9554,-1.83622,-0.135649
0,10,12.7711,16.8282,-1.81249,-0.169
0,10,12.7044,16.9138,-1.81495,-0.16032
0,10,12.6062,16.8851,-1.81715,-0.143913
0,10,12.8413,16.7443,-1.80841,-0.158552
0,10,12.8551,16.8712,-1.83816,-0.127557
0,10,12.879,16.9897,-1.84665,-0.116383
0,10,12.9029,17.121,-1.83511,-0.111168
0,10,12.8814,17.2271,-1.8111,-0.0462685
0,10,12.794,17.1651,-1.75553,-0.0958062
0,10,12.7915,17.273,-1.80406,-0.0576017
0,10,12.6713,17.1221,-1.7998,-0.110473
0,10,12.6951,17.3223,-1.78264,-0.115628
0,10,12.4218,17.417,-1.7784,-0.149938
0,10,12.7795,17.3786,-1.79854,-0.0510678
0,10,12.7028,17.2095,-1.75182,-0.144293
0,10,12.6145,17.2494,-1.75595,-0.110944
0,10,12.1803,17.5923,-1.81555,-0.149609
0,10,11.9653,17.4984,-1.73175,-0.185358
0,10,12.1432,17.5037,-1.75515,-0.175595
0,10,11.8957,17.7624,-1.86156,-0.193078
0,10,11.8916,17.6667,-1.81342,-0.199556
0,10,11.7106,17.8069,-1.85462,-0.257304
0,10,11.7835,17.8739,-1.89497,-0.205875
0,10,11.8802,17.8622,-1.90095,-0.192605
0,10,11.5208,17.8348,-1.80912,-0.315021
0,10,11.187,18.2394,-1.77403,-0.198929
0,10,11.1058,18.1807,-1.75005,-0.231959
0,10,11.0582,18.0421,-1.70048,-0.242214
0,10,11.0183,18.1378,-1.7391,-0.250755
0,10,10.8307,18.4207,-1.73706,-0.235766
0,10,10.7624,18.2922,-1.70328,-0.282432
0,10,10.3997,18.6878,-1.64331,-0.270413
0,10,10.3435,18.7872,-1.61506,-0.252682
0,10,10.3158,19.1963,-1.5537,-0.189369
0,10,10.1781,19.0955,-1.55449,-0.190053
0,10,9.96911,19.3312,-1.4412,-0.159508
0,10,10.1107,19.3651,-1.4286,-0.12647
0,10,9.8836,19.3823,-1.44221,-0.189718
0,10,10.1524,19.2699,-1.50021,-0.158475
0,10,9.6446,19.5203,-1.32929,-0.124171
0,10,9.8107,19.5926,-1.34588,-0.14451
0,10,9.38403,19.974,-1.19727,-0.0379764
0,10,9.4844,19.9636,-1.19818,-0.0645118
0,10,9.58342,19.7323,-1.23445,-0.0644212
0,10,9.31049,19.8842,-1.21118,-0.0106822
0,10,8.30315,20.1912,-0.866641,0.00479882
0,10,8.39877,20.1887,-0.872604,0.000119776
0,10,8.20755,20.1898,-0.852223,0.0411966
0,10,8.01619,20.1868,-0.782547,0.0697333
0,10,6.73409,20.3962,-0.175901,-0.0368024
0,10,3.58933,19.0046,-0.528956,-0.326158
0,10,3.74176,19.1346,-0.522267,-0.302481
0,10,3.95279,19.1536,-0.574533,-0.222083
0,10,3.40161,18.7727,-0.593336,-0.327533
0,10,4.09142,18.3102,-0.720521,-0.404325
0,10,3.59066,18.7309,-0.619237,-0.39905
0,10,3.51276,18.7935,-0.604116,-0.384248
0,10,3.86139,18.6593,-0.659764,-0.349531
0,10,4.09583,18.4983,-0.756149,-0.336852
0,10,4.14674,18.599,-0.744398,-0.308693
0,10,4.3543,18.4243,-0.799795,-0.339447
0,10,4.30132,18.511,-0.790224,-0.331108
0,10,5.12962,18.4199,-0.841002,-0.282387
0,10,5.1621,19.2707,-0.790122,-0.235952
0,10,1.37885,18.2939,-0.141974,-0.145625
0,10,1.05371,17.8271,-0.0943238,-0.163115
0,10,1.97004,17.035,-0.632706,-0.653877
0,10,3.0773,17.3527,-0.719972,-0.572135
0,10,1.66803,17.1369,-0.569437,-0.698148
0,10,1.70192,17.2734,-0.542759,-0.629961
0,10,1.95344,17.6314,-0.52328,-0.521
0,10,2.49747,17.7263,-0.603248,-0.496406
0,10,4.70546,16.8571,-0.858673,-0.441731
0,10,10.4791,16.0884,-1.53088,-0.684448
0,10,4.31375,17.0486,-0.806471,-0.448101
0,10,11.1773,15.6965,-1.79278,-0.634364
0,10,11.2087,15.9172,-1.74233,-0.598646
0,10,11.1211,15.9709,-1.69319,-0.549708
0,10,11.2007,16.0296,-1.67861,-0.556474
0,10,11.5997,15.8716,-1.8147,-0.463845
0,10,11.9312,15.8408,-1.85294,-0.409539
0,10,11.4509,15.893,-1.79566,-0.564876
0,10,12.012,15.8916,-1.81688,-0.410672
0,10,12.1099,16.0724,-1.81256,-0.349476
0,10,12.0122,16.0151,-1.80521,-0.36904
0,10,12.135,16.1962,-1.77887,-0.318242
0,10,12.2478,16.3458,-1.74866,-0.315722
0,10,12.332,16.3847,-1.74717,-0.284923
0,10,12.6044,16.3366,-1.83256,-0.239681
0,10,12.5294,16.4252,-1.77066,-0.223776
0,10,12.5116,16.315,-1.82091,-0.264375
0,10,12.6401,16.5676,-1.79964,-0.170631
0,10,12.7297,16.5965,-1.8112,-0.174804
0,10,12.964,16.4611,-1.83417,-0.129335
0,10,13.0553,16.4899,-1.81729,-0.112185
0,10,13.1287,16.5541,-1.85785,-0.0342403
0,10,12.9102,16.6618,-1.81003,-0.156371
0,10,12.9918,16.7044,-1.83886,-0.086781
0,10,13.2561,16.7299,-1.82151,-0.0200331
0,10,12.9237,16.791,-1.83358,-0.116633
0,10,13.1819,16.7864,-1.82823,-0.0397916
0,10,13.0872,16.7403,-1.82673,-0.0671219
0,10,13.3663,16.9047,-1.83358,-0.0041601
0,10,13.0144,16.8182,-1.82659,-0.0880307
0,10,13.1064,16.8552,-1.83554,-0.0590162
0,10,12.9452,16.911,-1.84157,-0.120718
0,10,12.9723,17.2837,-1.81076,-0.049637
0,10,13.0314,16.934,-1.84886,-0.0791909
0,10,13.0458,17.0442,-1.84669,-0.0800389
0,10,12.9589,17.0409,-1.85284,-0.114232
0,10,12.9717,17.3908,-1.79374,-0.0499875
0,10,12.9802,17.1782,-1.86881,-0.0782521
0,10,12.8872,17.532,-1.85749,-0.0118791
0,10,12.8814,17.3372,-1.80348,-0.0446495
0,10,12.5983,17.3585,-1.77602,-0.100484
0,10,12.3827,17.5314,-1.79501,-0.146943
0,10,12.2445,17.6648,-1.81863,-0.16465
0,10,12.5127,17.4011,-1.78663,-0.13871
0,10,12.082,17.6352,-1.79316,-0.129139
0,10,12.146,17.7067,-1.80514,-0.1188
0,10,11.9775,17.6189,-1.79244,-0.169217
0,10,11.9879,17.8055,-1.87879,-0.16296
0,10,12.3468,17.635,-1.80176,-0.16658
0,10,12.0111,17.7125,-1.83835,-0.157226
0,10,11.9513,17.9228,-1.90288,-0.193105
0,10,11.6111,17.8455,-1.82827,-0.255887
0,10,11.1137,18.3007,-1.76164,-0.194719
0,10,11.1528,17.9749,-1.70422,-0.236281
0,10,11.0187,18.4661,-1.77565,-0.202339
0,10,10.6327,18.8125,-1.67061,-0.203092
0,10,10.8415,18.5276,-1.751,-0.215616
0,10,10.498,18.697,-1.66516,-0.259827
0,10,10.4755,18.9024,-1.62393,-0.219201
0,10,10.2724,19.0942,-1.57606,-0.195622
0,10,10.1968,18.8748,-1.5756,-0.259917
0,10,10.4158,19.2104,-1.56829,-0.200825
0,10,10.2752,19.2915,-1.49462,-0.166829
0,10,10.1001,19.489,-1.4032,-0.133014
0,10,10.0078,19.5405,-1.37759,-0.186865
0,10,10.1051,19.1764,-1.52151,-0.184945
0,10,10.0323,19.4128,-1.42909,-0.153693
0,10,9.90891,19.5699,-1.36905,-0.153648
0,10,9.64542,19.8124,-1.27655,-0.0453426
0,10,9.40533,19.7733,-1.23517,-0.0446134
0,10,9.41246,19.8734,-1.20433,-0.0403547
0,10,9.50319,19.7707,-1.24383,-0.0646142
0,10,8.83517,20.0828,-0.994824,-0.0807363
0,10,7.89542,20.2909,-0.697032,0.0988513
0,10,7.61251,20.2852,-0.599243,-0.0747103
0,10,6.82855,20.3964,-0.186536,-0.0463612
0,10,4.58771,18.9346,-0.784602,-0.241931
0,10,4.30216,19.0083,-0.724759,-0.250254
0,10,3.36888,18.9253,-0.4789,-0.276848
0,10,3.66819,18.6831,-0.627812,-0.382117
0,10,4.04491,18.4063,-0.73667,-0.395786
0,10,4.34306,18.2335,-0.75142,-0.353812
0,10,3.93106,18.5925,-0.687741,-0.382473
0,10,4.04122,18.589,-0.727111,-0.321297
0,10,4.55926,18.2754,-0.771018,-0.319868
0,10,4.46061,18.4416,-0.811671,-0.319131
0,10,4.91406,18.3918,-0.823088,-0.278413
0,10,5.37918,19.1019,-0.814389,-0.250806
0,10,1.59683,18.5398,-0.16375,-0.202598
0,10,1.16541,16.3207,-0.469143,-1.12026
0,10,0.757134,16.3144,-0.292827,-0.921827
0,10,2.5899,17.2415,-0.711649,-0.608034
0,10,2.50313,17.2949,-0.700141,-0.600805
0,10,2.80076,17.3369,-0.695284,-0.571989
0,10,1.71262,17.4677,-0.475133,-0.59122
0,10,2.29946,17.7233,-0.560744,-0.488485
0,10,3.80761,17.3259,-0.775657,-0.473822
0,10,3.25275,17.8049,-0.706924,-0.485237
0,10,8.62857,16.3568,-1.17385,-0.682373
0,10,5.47762,16.7169,-0.88165,-0.431893
0,10,9.59584,16.3188,-1.30818,-0.697371
0,10,11.1098,15.8594,-1.72405,-0.57129
0,10,11.2745,15.8355,-1.76875,-0.627182
0,10,11.2692,15.7164,-1.7962,-0.627276
0,10,11.3647,15.8754,-1.78126,-0.59189
0,10,11.6815,15.8655,-1.80417,-0.459846
0,10,11.7086,15.7349,-1.8626,-0.492551
0,10,11.8525,15.7857,-1.87374,-0.447743
0,10,12.206,16.1191,-1.80168,-0.325883
0,10,12.2906,16.1135,-1.79567,-0.308683
0,10,12.3128,16.2532,-1.76776,-0.279756
0,10,12.694,16.3667,-1.83083,-0.211847
0,10,12.4617,16.2307,-1.79554,-0.331983
0,10,12.7121,16.4801,-1.81109,-0.181064
0,10,12.621,16.4522,-1.79253,-0.21136
0,10,12.8022,16.5105,-1.81736,-0.16642
0,10,12.877,16.4283,-1.83206,-0.160158
0,10,13.1988,16.3427,-1.83356,-0.0852453
0,10,13.2676,16.4197,-1.87406,-0.0389134
0,10,13.0596,16.6247,-1.84866,-0.0620916
0,10,13.1573,16.6717,-1.82628,-0.0394193
0,10,13.2252,16.6087,-1.8403,-0.0341771
0,10,13.4464,16.8628,-1.84354,-0.0351116
0,10,13.3436,16.7793,-1.82709,-0.0231873
0,10,13.3092,16.9813,-1.85112,-0.0164192
0,10,13.2809,16.8534,-1.81989,-0.0229287
0,10,13.4729,16.9683,-1.85207,-0.0159089
0,10,13.2234,17.0037,-1.85557,-0.0452153
0,10,13.2423,17.1124,-1.86567,-0.0358024
0,10,13.203,16.8972,-1.83255,-0.0462523
0,10,13.1251,16.9676,-1.84658,-0.0639412
0,10,13.0652,17.1466,-1.87725,-0.0761615
0,10,13.2526,17.2184,-1.86773,-0.0354308
0,10,13.0692,17.2606,-1.83956,-0.0797152
0,10,13.0652,17.3617,-1.80071,-0.0535473
0,10,13.163,17.291,-1.83895,-0.0420407
0,10,13.2976,17.4198,-1.88626,-0.00763812
0,10,13.2759,17.3172,-1.87046,-0.0188835
0,10,12.9743,17.4835,-1.85964,-0.0411143
0,10,12.8643,17.4378,-1.7963,-0.0437379
0,10,12.673,17.4289,-1.77749,-0.102359
0,10,12.6069,17.6656,-1.85366,-0.0662682
0,10,12.6651,17.5403,-1.80684,-0.107821
0,10,12.6947,17.6265,-1.87776,-0.0661273
0,10,12.5831,17.4823,-1.79631,-0.117065
0,10,12.5573,17.5839,-1.79959,-0.115534
0,10,12.21,17.7869,-1.82614,-0.131062
0,10,12.4824,17.5104,-1.79337,-0.129394
0,10,12.4509,17.6136,-1.78937,-0.139326
0,10,12.1584,17.871,-1.87284,-0.162632
0,10,12.0908,17.7867,-1.86839,-0.164362
0,10,11.9074,18.0267,-1.89224,-0.195432
0,10,11.6899,17.9194,-1.85501,-0.217918
0,10,11.2227,18.1399,-1.74342,-0.191513
0,10,11.0263,18.2528,-1.73122,-0.235632
0,10,10.9384,18.3253,-1.72912,-0.251823
0,10,10.596,18.71,-1.68314,-0.235258
0,10,10.6672,18.6199,-1.70988,-0.230382
0,10,10.5709,18.9088,-1.63761,-0.197713
0,10,10.5336,18.8036,-1.6501,-0.22734
0,10,10.4386,18.7941,-1.63185,-0.244132
0,10,10.288,18.89,-1.59887,-0.246491
0,10,10.3814,18.8945,-1.61225,-0.231945
0,10,10.3676,19.3052,-1.49843,-0.165859
0,10,10.1866,19.4609,-1.41305,-0.125523
0,10,10.0859,19.5989,-1.40806,-0.0899592
0,10,10.2137,19.3602,-1.45463,-0.165185
0,10,9.97896,19.6497,-1.33244,-0.180191
0,10,9.75164,19.8011,-1.27516,-0.0848074
0,10,9.57821,19.9926,-1.24041,0.00691289
0,10,9.51447,19.8657,-1.20546,-0.0684986
0,10,9.07745,19.9671,-1.11281,-0.0832047
0,10,9.17087,19.9971,-1.1676,-0.00743799
0,10,8.73083,20.0862,-0.969107,-0.0633986
0,10,7.70614,20.2925,-0.633314,0.00141398
0,10,7.41926,20.299,-0.462185,-0.119487
0,10,4.75379,18.8474,-0.80655,-0.257872
0,10,4.11942,19.0716,-0.643684,-0.247504
0,10,3.9879,18.4976,-0.705199,-0.383849
0,10,4.50262,18.1724,-0.764564,-0.331396
0,10,4.82266,18.1127,-0.781652,-0.33009
0,10,3.76064,18.7279,-0.656519,-0.349454
0,10,4.19807,18.5052,-0.777603,-0.324419
0,10,4.49896,18.3538,-0.772192,-0.312814
0,10,4.61905,18.3509,-0.804352,-0.28697
0,10,5.23865,18.4252,-0.849919,-0.290154
0,10,5.55723,18.6969,-0.869178,-0.270905
0,10,2.74144,19.3406,-0.293401,-0.166022
0,10,2.32517,19.0574,-0.213879,-0.149373
0,10,1.29646,16.508,-0.499786,-1.00553
0,10,3.43444,17.1179,-0.763089,-0.562125
0,10,3.58006,16.9651,-0.787326,-0.500542
0,10,1.90139,17.2575,-0.564709,-0.646283
0,10,1.80153,17.2689,-0.557013,-0.644254
0,10,1.74841,17.1727,-0.586789,-0.646367
0,10,2.08971,17.5067,-0.566705,-0.557153
0,10,5.06881,16.7724,-0.87978,-0.457299
0,10,4.10141,17.1216,-0.806055,-0.49545
0,10,8.31086,16.2573,-1.10448,-0.72193
0,10,8.79429,16.4444,-1.14977,-0.696291
0,10,10.8544,15.9204,-1.66777,-0.615023
0,10,11.3861,15.6573,-1.83985,-0.628115
0,10,11.4431,15.7705,-1.79704,-0.597236
0,10,11.7695,15.6629,-1.8569,-0.478473
0,10,11.7724,15.8104,-1.86556,-0.457452
0,10,12.0904,15.9594,-1.82362,-0.368574
0,10,12.0923,15.8294,-1.82703,-0.364006
0,10,12.3682,16.1746,-1.79793,-0.303352
0,10,12.432,16.1069,-1.82194,-0.326225
0,10,12.3979,16.3071,-1.75643,-0.289822
0,10,12.7654,16.2848,-1.84906,-0.175242
0,10,12.7875,16.3953,-1.83395,-0.172578
0,10,13.1571,16.2147,-1.86234,-0.0858402
0,10,13.0359,16.3751,-1.8333,-0.10251
0,10,13.1279,16.4145,-1.82281,-0.0743252
0,10,13.3149,16.3256,-1.88385,-0.053419
0,10,13.3622,16.4338,-1.88092,-0.0345845
0,10,13.1976,16.487,-1.86069,-0.0246626
0,10,13.2915,16.5358,-1.8534,-0.0430959
0,10,13.3172,16.6549,-1.84352,-0.0324733
0,10,13.4285,16.7577,-1.82177,-0.0243632
0,10,13.5467,16.8953,-1.85707,-0.0257583
0,10,13.7343,16.8451,-1.81581,0.0477191
0,10,13.645,16.9257,-1.86641,-0.0092159
0,10,13.7443,16.9394,-1.87685,0.0593263
0,10,13.3973,17.0259,-1.84627,-0.0088214
0,10,13.5717,17.0059,-1.86619,-0.0112387
0,10,13.6733,17.0289,-1.88269,0.0221988
0,10,13.146,17.0757,-1.85937,-0.0519608
0,10,13.1568,17.1867,-1.87111,-0.0546361
0,10,13.3285,17.1011,-1.8642,-0.0208951
0,10,13.417,17.1464,-1.86708,-0.0133234
0,10,13.3463,17.2198,-1.87139,-0.0181901
0,10,13.4414,17.2565,-1.87769,-0.00716431
0,10,13.6899,17.1417,-1.8562,0.0186553
0,10,13.3717,17.3332,-1.88101,-0.00861332
0,10,13.218,17.4833,-1.89573,-0.00813083
0,10,13.19,17.3824,-1.87068,-0.0102349
0,10,13.1088,17.4426,-1.87893,0.00506481
0,10,12.7586,17.4813,-1.79261,-0.0490534
0,10,13.0587,17.5231,-1.87505,0.00656015
0,10,12.7941,17.5648,-1.84747,-0.0111262
0,10,12.7324,17.7426,-1.909,-0.0117055
0,10,12.5048,17.6928,-1.83331,-0.0985047
0,10,12.5393,17.781,-1.89848,-0.0637105
0,10,12.4327,17.8038,-1.90231,-0.105107
0,10,12.249,17.9039,-1.87572,-0.116173
0,10,12.3992,17.721,-1.82497,-0.149006
0,10,12.3202,17.8425,-1.89109,-0.150657
0,10,12.3,17.7482,-1.8265,-0.176478
0,10,12.0475,17.8888,-1.87399,-0.168907
0,10,11.7419,18.0002,-1.86909,-0.164862
0,10,11.3306,18.0668,-1.7445,-0.186051
0,10,11.1249,18.4958,-1.7701,-0.192161
0,10,11.2465,18.455,-1.76718,-0.181348
0,10,10.9357,18.2161,-1.72928,-0.254818
0,10,10.7999,18.7217,-1.71666,-0.167124
0,10,10.6976,18.7195,-1.70216,-0.206161
0,10,10.7691,18.6237,-1.72564,-0.196151
0,10,10.6714,19.0997,-1.59267,-0.160457
0,10,10.617,19.0073,-1.61424,-0.179882
0,10,10.4223,19.0026,-1.59958,-0.214431
0,10,10.5675,19.106,-1.58936,-0.186016
0,10,10.1589,19.6832,-1.38517,-0.0961254
0,10,10.5195,19.2048,-1.57134,-0.197032
0,10,10.0074,19.9058,-1.24104,-0.017198
0,10,10.0308,19.805,-1.32737,-0.0363514
0,10,9.92002,19.871,-1.2337,-0.156303
0,10,9.85266,19.7872,-1.28524,-0.11507
0,10,9.60557,19.8938,-1.21944,0.00114814
0,10,9.88255,19.6783,-1.32332,-0.14085
0,10,9.247,20.0786,-1.16075,0.0163444
0,10,9.2034,19.9025,-1.18892,0.0141265
0,10,8.93621,20.0866,-0.987247,-0.0682139
0,10,7.80139,20.2881,-0.717197,0.0147579
0,10,6.92316,20.3968,-0.216138,-0.0540596
0,10,4.17649,18.9868,-0.649393,-0.247067
0,10,4.85516,18.8655,-0.822427,-0.242829
0,10,4.57295,18.0967,-0.768494,-0.316166
0,10,4.28646,18.3184,-0.739481,-0.342432
0,10,4.89189,18.0526,-0.796746,-0.340092
0,10,4.24984,18.4102,-0.789697,-0.336595
0,10,4.61123,18.1964,-0.759801,-0.30772
0,10,4.69708,18.2536,-0.772184,-0.30871
0,10,5.35146,18.4322,-0.859264,-0.279948
0,10,3.7265,19.4832,-0.460602,-0.197289
0,10,1.08661,16.2911,-0.435786,-1.15368
0,10,0.784534,16.1558,-0.414648,-1.03692
0,10,2.03985,17.1184,-0.619509,-0.635576
0,10,3.32001,17.3712,-0.744751,-0.569544
0,10,2.4221,17.3629,-0.663752,-0.580138
0,10,2.92355,17.368,-0.700913,-0.54409
0,10,2.61342,17.3437,-0.688438,-0.606492
0,10,2.42608,17.635,-0.589548,-0.535014
0,10,1.75327,17.3702,-0.525856,-0.619203
0,10,3.83288,17.4421,-0.779125,-0.479103
0,10,6.7348,16.4841,-0.990642,-0.547257
0,10,7.11809,16.5084,-1.04403,-0.545594
0,10,9.92194,16.3623,-1.36745,-0.677961
0,10,11.2114,15.5959,-1.86411,-0.667099
0,10,11.3521,15.7597,-1.78101,-0.604256
0,10,11.521,15.8123,-1.80488,-0.526415
0,10,11.6281,15.7579,-1.83864,-0.462151
0,10,11.8522,15.6726,-1.8598,-0.437944
0,10,12.188,16.0106,-1.81754,-0.314478
0,10,12.5925,16.0813,-1.81162,-0.316655
0,10,12.416,15.9773,-1.83405,-0.344298
0,10,12.5262,16.1573,-1.80952,-0.330022
0,10,12.5883,16.2267,-1.85881,-0.252979
0,10,12.952,16.3387,-1.84039,-0.132863
0,10,13.3871,16.2604,-1.88768,-0.0588648
0,10,13.4272,16.3604,-1.90076,-0.0435248
0,10,13.2509,16.2539,-1.84658,-0.108981
0,10,13.5909,16.3233,-1.8952,-0.0187831
0,10,13.4574,16.4738,-1.8834,-0.0341306
0,10,13.3793,16.5452,-1.85064,-0.0171101
0,10,13.406,16.6532,-1.84487,-0.0251393
0,10,13.5081,16.6859,-1.8424,-0.0319801
0,10,13.7158,16.7445,-1.8629,0.0368877
0,10,13.6317,16.8206,-1.82128,-0.00169106
0,10,13.7977,16.6921,-1.88371,0.00455179
0,10,13.8549,16.6009,-1.86183,0.0498609
0,10,13.8925,16.7102,-1.87657,0.0562054
0,10,13.9337,16.8073,-1.85538,0.0689976
0,10,13.8224,16.8004,-1.85549,0.0169052
0,10,13.8304,16.9765,-1.84047,0.0237555
0,10,13.8655,16.8841,-1.85343,0.0490645
0,10,13.5945,17.1081,-1.86276,0.0102934
0,10,13.5178,17.1834,-1.87433,0.00245326
0,10,13.7627,17.0622,-1.86052,0.0165931
0,10,13.4933,17.0779,-1.85248,-0.00439054
0,10,13.9273,16.9934,-1.84592,0.0819599
0,10,13.8618,17.0856,-1.87376,0.0448192
0,10,13.6159,17.2189,-1.87106,0.00550933
0,10,13.3983,17.4424,-1.88897,-0.00406688
0,10,13.0834,17.6304,-1.92164,0.00977573
0,10,13.1582,17.5559,-1.88528,0.0127705
0,10,12.9815,17.6042,-1.91028,-0.0228046
0,10,12.8731,17.8803,-1.90117,0.0104372
0,10,12.8695,17.7329,-1.92269,0.0118978
0,10,12.8084,17.8124,-1.91064,0.0119245
0,10,12.8953,17.6379,-1.90504,0.0146287
0,10,12.7066,17.8493,-1.90193,-0.00908989
0,10,12.7888,17.6645,-1.91527,-0.00492716
0,10,12.3176,18.0954,-1.88125,-0.120919
0,10,12.6404,17.7589,-1.89908,-0.035051
0,10,12.603,17.8636,-1.89892,-0.0441084
0,10,12.3919,17.9024,-1.90531,-0.112829
0,10,12.4995,17.8827,-1.90629,-0.0842408
0,10,12.1195,17.9615,-1.86545,-0.167122
0,10,12.0694,18.0746,-1.91165,-0.180513
0,10,11.8665,18.1538,-1.83496,-0.149301
0,10,11.8365,17.9648,-1.89926,-0.188115
0,10,11.4323,18.0403,-1.77363,-0.213062
0,10,11.4927,17.9543,-1.81288,-0.245496
0,10,11.3537,18.4647,-1.75916,-0.179387
0,10,11.3273,18.3693,-1.77129,-0.178224
0,10,10.937,18.541,-1.77716,-0.19963
0,10,11.0423,18.5661,-1.78277,-0.201246
0,10,11.0247,18.3659,-1.75832,-0.207898
0,10,10.8682,18.6296,-1.74853,-0.185504
0,10,10.6715,18.9097,-1.65,-0.178161
0,10,10.7358,18.8156,-1.68835,-0.176196
0,10,10.5176,19.01,-1.6085,-0.19601
0,10,10.4733,19.299,-1.53439,-0.188365
0,10,10.372,19.1033,-1.58845,-0.210354
0,10,10.1824,19.5744,-1.43742,-0.115946
0,10,9.94906,19.7603,-1.29638,-0.166013
0,10,9.82179,19.8909,-1.2472,-0.110273
0,10,9.71852,19.8974,-1.24247,-0.0778445
0,10,8.98511,20.1766,-0.928554,-0.07561
0,10,8.88586,20.1872,-0.920773,-0.0504745
0,10,8.17914,20.2934,-0.739826,0.0628671
0,10,8.68945,20.1868,-0.880472,-0.0592285
0,10,8.1119,20.1902,-0.81773,0.0421515
0,10,7.01744,20.3958,-0.252357,-0.0823034
0,10,3.63673,19.1031,-0.514269,-0.296903
0,10,4.4881,18.9356,-0.759384,-0.228558
0,10,5.00384,18.0529,-0.807336,-0.321239
0,10,5.21888,18.0626,-0.836526,-0.322003
0,10,4.1515,18.4053,-0.773909,-0.348456
0,10,4.44844,18.2543,-0.754773,-0.336041
0,10,4.88945,18.2125,-0.806556,-0.306601
0,10,5.41115,18.6087,-0.857874,-0.276521
0,10,4.58123,19.4214,-0.653194,-0.188996
0,10,0.788293,16.6056,-0.126557,-0.710382
0,10,4.09541,16.6842,-0.806068,-0.480374
0,10,4.20338,16.6787,-0.807209,-0.484804
0,10,2.65753,17.1789,-0.713862,-0.615325
0,10,5.43502,16.5432,-0.894651,-0.455256
0,10,3.1743,17.3964,-0.724023,-0.574806
0,10,4.00064,16.8094,-0.808906,-0.520702
0,10,2.1438,17.4048,-0.608275,-0.572547
0,10,2.91704,17.7492,-0.662413,-0.513272
0,10,4.4484,16.9565,-0.817534,-0.447632
0,10,3.38538,17.694,-0.719763,-0.504006
0,10,8.72644,16.2739,-1.18212,-0.699717
0,10,9.2164,16.3657,-1.26783,-0.678723
0,10,11.4694,15.5386,-1.84116,-0.586576
0,10,11.5471,15.7058,-1.83938,-0.528975
0,10,11.9361,15.716,-1.86154,-0.385752
0,10,12.0152,15.7695,-1.84958,-0.37883
0,10,12.3463,16.0366,-1.81658,-0.321016
0,10,12.8401,16.209,-1.847,-0.155861
0,10,12.864,16.3131,-1.83786,-0.163081
0,10,12.664,16.1307,-1.85514,-0.212914
0,10,12.6779,16.2463,-1.85483,-0.219669
0,10,13.1086,16.2979,-1.83196,-0.0740567
0,10,13.4948,16.2831,-1.90142,-0.0400377
0,10,13.6957,16.3612,-1.88518,-0.0333337
0,10,13.7844,16.362,-1.87826,0.0367409
0,10,13.5246,16.3981,-1.89735,-0.0430731
0,10,13.6253,16.4324,-1.87648,-0.0302607
0,10,13.583,16.6144,-1.84328,-0.0358318
0,10,13.4817,16.5809,-1.84642,-0.0291974
0,10,13.6102,16.7207,-1.84607,-0.0255667
0,10,13.5307,16.7919,-1.81874,-0.0264578
0,10,13.76,16.5827,-1.87505,-0.0136533
0,10,13.9559,16.6262,-1.86701,0.0635533
0,10,14.0004,16.7214,-1.87966,0.0724009
0,10,14.0646,16.6363,-1.87545,0.0754994
0,10,14.1028,16.7393,-1.88186,0.0879584
0,10,14.1412,16.8458,-1.8552,0.0968412
0,10,14.0392,16.8241,-1.85617,0.0863576
0,10,13.9737,16.9071,-1.85838,0.0817005
0,10,14.2678,16.6675,-1.87438,0.117774
0,10,14.1158,17.0381,-1.84424,0.0898225
0,10,14.0745,16.9282,-1.86458,0.0889511
0,10,14.0222,17.0215,-1.84226,0.0967815
0,10,13.8897,17.1938,-1.86522,0.0653528
0,10,13.7913,17.1678,-1.86435,0.027949
0,10,13.4692,17.3677,-1.88523,-0.00339906
0,10,13.3259,17.5218,-1.89683,-0.00964078
0,10,12.9993,17.7024,-1.92508,-0.00851344
0,10,13.2581,17.5931,-1.8888,-0.00426309
0,10,13.0794,17.9098,-1.88983,-0.00446655
0,10,12.9454,17.7849,-1.90754,-0.00122434
0,10,13.1065,17.7292,-1.91666,0.00279157
0,10,12.9103,17.979,-1.89076,0.00426433
0,10,12.7752,18.1195,-1.87248,0.00366861
0,10,12.9718,17.8883,-1.90158,-0.00139855
0,10,12.7761,17.9229,-1.89754,0.00982382
0,10,12.5211,18.0711,-1.89267,-0.0704612
0,10,12.6674,17.9493,-1.89408,-0.0170365
0,10,12.5638,17.9664,-1.89467,-0.064889
0,10,12.4171,18.0838,-1.88224,-0.0942322
0,10,12.4612,17.9851,-1.89072,-0.0924056
0,10,12.3535,17.9935,-1.88141,-0.116298
0,10,12.2255,18.1194,-1.87509,-0.13522
0,10,12.2595,17.9935,-1.89123,-0.122553
0,10,12.1714,18.0357,-1.9027,-0.135598
0,10,12.0149,17.9985,-1.88607,-0.206412
0,10,11.827,18.2647,-1.79432,-0.138838
0,10,11.6392,18.0325,-1.84126,-0.216703
0,10,11.8088,18.0784,-1.85412,-0.157478
0,10,11.5897,17.9464,-1.83657,-0.255875
0,10,11.3072,18.175,-1.75127,-0.176889
0,10,11.2718,18.2817,-1.77854,-0.185882
0,10,11.4037,18.1475,-1.76278,-0.163749
0,10,11.1253,18.403,-1.7675,-0.186961
0,10,11.2079,18.5464,-1.76376,-0.186892
0,10,10.8885,18.8928,-1.67938,-0.145612
0,10,11.1236,18.6137,-1.78139,-0.207312
0,10,10.777,18.9082,-1.66423,-0.154337
0,10,10.4693,19.3962,-1.518,-0.16217
0,10,10.328,18.9978,-1.59083,-0.222163
0,10,10.269,19.5367,-1.42077,-0.0700219
0,10,10.1324,19.7866,-1.34486,-0.0789164
0,10,9.79035,19.9945,-1.1932,-0.080854
0,10,9.684,19.9862,-1.20308,-0.0543134
0,10,9.1768,20.1916,-0.935785,0.0407001
0,10,9.78431,19.6985,-1.29409,-0.113077
0,10,8.2746,20.2942,-0.717972,0.0278552
0,10,8.59214,20.1842,-0.864289,-0.036347
0,10,7.98985,20.2907,-0.743435,0.0821328
0,10,7.11179,20.3974,-0.313854,-0.0585481
0,10,4.22782,19.0719,-0.669517,-0.196437
0,10,3.79499,19.2304,-0.572544,-0.23314
0,10,3.32244,18.838,-0.526437,-0.275047
0,10,5.44824,18.2416,-0.867182,-0.309573
0,10,5.6798,18.3911,-0.890438,-0.303952
0,10,4.39111,18.3358,-0.755544,-0.337646
0,10,5.06945,18.3237,-0.841028,-0.294173
0,10,4.82868,18.2895,-0.812543,-0.300322
0,10,2.2381,17.2756,-0.650945,-0.596283
0,10,5.50796,18.5977,-0.864667,-0.286186
0,10,1.26522,18.0447,-0.128099,-0.199766
0,10,6.23897,16.4057,-0.921361,-0.488577
0,10,1.70928,17.0218,-0.590337,-0.708579
0,10,2.86157,17.2699,-0.709158,-0.558989
0,10,2.06081,17.3267,-0.62457,-0.589386
0,10,2.14425,17.6079,-0.553499,-0.545265
0,10,1.81802,17.4615,-0.510949,-0.591946
0,10,4.2108,17.0624,-0.804465,-0.472967
0,10,10.7255,15.9389,-1.62177,-0.637193
0,10,5.74138,16.6344,-0.93326,-0.488745
0,10,11.4711,15.6526,-1.84035,-0.588733
0,10,11.0782,15.7516,-1.74833,-0.616716
0,10,11.9318,15.5838,-1.8694,-0.417337
0,10,12.1663,15.8967,-1.81739,-0.305514
0,10,12.7516,16.1634,-1.84817,-0.179092
0,10,12.9404,16.2201,-1.84981,-0.153158
0,10,13.0229,16.2484,-1.84872,-0.0919636
0,10,13.3445,16.1743,-1.85562,-0.0813267
0,10,13.2497,16.1517,-1.87353,-0.0961229
0,10,13.5393,16.1153,-1.86641,-0.0487022
0,10,13.4627,16.1843,-1.87875,-0.0597849
0,10,13.5739,16.2135,-1.90405,-0.0250291
0,10,13.672,16.2584,-1.89834,-0.0236981
0,10,13.7311,16.4666,-1.89231,-0.0161634
0,10,13.6602,16.5381,-1.88322,-0.0142913
0,10,13.5585,16.5096,-1.88177,-0.050252
0,10,13.8744,16.4033,-1.87584,0.0471999
0,10,13.6856,16.6436,-1.84525,0.0014953
0,10,13.9184,16.518,-1.88121,0.0525914
0,10,13.8202,16.4881,-1.87987,0.0354867
0,10,14.0182,16.541,-1.86925,0.0655712
0,10,14.1261,16.5455,-1.86985,0.0874026
0,10,14.269,16.464,-1.8394,0.148515
0,10,14.3182,16.574,-1.86116,0.155183
0,10,14.1651,16.6528,-1.87644,0.0970436
0,10,14.3674,16.678,-1.86075,0.181313
0,10,14.205,16.7558,-1.88153,0.0971263
0,10,14.1749,16.9496,-1.85519,0.0951967
0,10,14.2409,16.8572,-1.85195,0.0984697
0,10,13.9564,17.1074,-1.87069,0.0790708
0,10,13.8198,17.2765,-1.88117,0.0362939
0,10,13.6455,17.3224,-1.88676,0.0121309
0,10,13.7193,17.2464,-1.87824,0.0258541
0,10,13.5407,17.2907,-1.8785,0.00312335
0,10,13.4292,17.5473,-1.90217,0.00302995
0,10,13.364,17.6267,-1.88744,-0.00119398
0,10,13.187,17.6658,-1.91446,-0.00631086
0,10,13.152,17.8339,-1.9039,-0.00390591
0,10,13.2184,17.7679,-1.90991,-0.020932
0,10,13.5984,17.7898,-1.85238,0.0115086
0,10,12.9568,18.0797,-1.86886,-0.00398167
0,10,13.0498,18.1003,-1.86532,-0.0129491
0,10,13.014,17.9877,-1.88629,-0.00922742
0,10,12.643,18.2484,-1.88703,-0.0389218
0,10,13.0467,17.8084,-1.91099,-0.00172894
0,10,12.8702,18.1077,-1.86651,0.00792175
0,10,12.8222,18.0081,-1.88804,0.0132363
0,10,12.7223,18.0314,-1.88799,-0.00159799
0,10,12.3774,18.1872,-1.8634,-0.101263
0,10,12.4765,18.1744,-1.87441,-0.0709005
0,10,12.2773,18.2072,-1.85487,-0.126588
0,10,12.0348,18.3982,-1.76663,-0.111195
0,10,12.1212,18.3352,-1.84184,-0.169745
0,10,12.1748,18.2335,-1.87262,-0.179323
0,10,12.0658,18.2599,-1.86048,-0.173475
0,10,12.0197,18.1773,-1.8884,-0.171051
0,10,12.1268,18.1517,-1.89271,-0.176309
0,10,11.9276,18.2309,-1.82469,-0.131858
0,10,11.7774,18.3773,-1.75333,-0.149483
0,10,11.9584,18.105,-1.88316,-0.197535
0,10,11.7642,18.1876,-1.81244,-0.153007
0,10,11.7065,18.1071,-1.83548,-0.165226
0,10,11.5345,18.0523,-1.79509,-0.220276
0,10,11.4193,18.5483,-1.75338,-0.176138
0,10,11.2348,18.6481,-1.77462,-0.188139
0,10,11.3101,18.5547,-1.75834,-0.189817
0,10,11.0437,18.6996,-1.7652,-0.175043
0,10,10.9071,18.729,-1.73287,-0.175135
0,10,10.6939,19.2809,-1.55618,-0.158246
0,10,10.8443,18.8147,-1.69969,-0.153183
0,10,10.6275,19.1965,-1.57128,-0.171519
0,10,10.2047,19.8699,-1.31098,-0.0929857
0,10,10.4666,19.1105,-1.59088,-0.198675
0,10,10.0575,19.7024,-1.36273,-0.0560265
0,10,9.2685,20.1769,-0.957929,0.0161393
0,10,9.44472,20.0654,-1.21111,-0.0523908
0,10,9.34524,20.0745,-1.16558,0.0283478
0,10,8.3706,20.2923,-0.735778,0.00177407
0,10,7.48843,20.4019,-0.557122,-0.0259288
0,10,7.20657,20.3957,-0.344516,-0.0439767
0,10,4.85994,18.6721,-0.819698,-0.267778
0,10,5.11415,18.7987,-0.836419,-0.247418
0,10,4.80235,18.9552,-0.810677,-0.227221
0,10,5.05735,19.3528,-0.682582,-0.224231
0,10,4.69081,18.1402,-0.781985,-0.335208
0,10,5.81402,18.7443,-0.904541,-0.253841
0,10,4.78153,18.1982,-0.795802,-0.321289
0,10,5.40982,18.514,-0.861689,-0.282542
0,10,0.880619,16.4632,-0.253728,-0.900304
0,10,3.22754,17.318,-0.736558,-0.581673
0,10,1.35648,16.7136,-0.497489,-0.871791
0,10,4.98807,16.5682,-0.800372,-0.438158
0,10,2.23158,17.3915,-0.619943,-0.568166
0,10,2.52899,17.3973,-0.658077,-0.593092
0,10,2.49072,17.5694,-0.620969,-0.5766
0,10,7.63483,16.4119,-1.00064,-0.611383
0,10,11.2976,15.6121,-1.85526,-0.613256
0,10,11.6952,15.5979,-1.86514,-0.485328
0,10,11.6185,15.6326,-1.86319,-0.490237
0,10,12.1598,15.7478,-1.88607,-0.350295
0,10,12.2273,15.8334,-1.86353,-0.346735
0,10,12.4952,16.0341,-1.82603,-0.322894
0,10,12.9064,16.1213,-1.84105,-0.146484
0,10,12.6565,15.9916,-1.8205,-0.281797
0,10,13.0648,16.1564,-1.88884,-0.0759653
0,10,13.1566,16.1081,-1.90051,-0.0741742
0,10,13.3198,16.0708,-1.88189,-0.0848617
0,10,13.4215,16.0945,-1.87024,-0.0731185
0,10,13.884,16.1951,-1.87983,0.0387322
0,10,13.9774,16.2245,-1.88425,0.0927044
0,10,13.8263,16.2759,-1.8783,0.0298099
0,10,13.9212,16.3119,-1.88478,0.0623646
0,10,14.0156,16.3421,-1.87388,0.0920055
0,10,14.3437,16.1742,-1.89302,0.142908
0,10,13.9705,16.4311,-1.86916,0.0767512
0,10,14.1903,16.298,-1.87325,0.0583488
0,10,14.1189,16.3607,-1.86332,0.0873113
0,10,14.072,16.4529,-1.85394,0.0826303
0,10,14.258,16.3621,-1.917,0.128144
0,10,14.1766,16.4455,-1.8496,0.0925273
0,10,14.3705,16.4862,-1.83158,0.187841
0,10,14.22,16.5606,-1.86844,0.105299
0,10,14.4214,16.5908,-1.85673,0.215328
0,10,14.5683,16.5896,-1.82283,0.244515
0,10,14.5003,16.6496,-1.83852,0.206725
0,10,14.4482,16.7342,-1.8324,0.192521
0,10,14.3068,16.7694,-1.8646,0.127437
0,10,14.0536,17.1331,-1.86781,0.0900768
0,10,13.9202,17.3,-1.87825,0.0698635
0,10,13.7474,17.3519,-1.88682,0.0302832
0,10,13.6034,17.5006,-1.90387,0.017519
0,10,13.5726,17.3951,-1.894,0.00990359
0,10,13.5016,17.4726,-1.89822,0.00600348
0,10,13.4639,17.6556,-1.88338,0.011936
0,10,13.2916,17.6982,-1.90413,-0.0156385
0,10,13.3941,17.735,-1.89032,-0.00939082
0,10,13.496,17.7618,-1.87241,0.00345634
0,10,14.0523,17.4366,-1.88022,0.0955736
0,10,13.8803,17.4906,-1.89866,0.0382837
0,10,13.8102,17.5644,-1.91251,0.033768
0,10,13.3216,17.8055,-1.8907,-0.0309315
0,10,13.4265,17.8392,-1.86249,-0.0197524
0,10,13.1137,18.0163,-1.87789,-0.0114751
0,10,13.183,17.9394,-1.88224,-0.00917394
0,10,12.7501,18.2227,-1.88748,-0.00882486
0,10,12.8547,18.2131,-1.88009,0.00562183
0,10,12.6776,18.1438,-1.8813,-0.0299391
0,10,12.5411,18.2632,-1.88373,-0.0484876
0,10,12.5783,18.16,-1.88475,-0.0509868
0,10,12.2927,18.3956,-1.85081,-0.132965
0,10,12.6219,18.054,-1.89665,-0.0395603
0,10,12.4401,18.2777,-1.87356,-0.0622306
0,10,12.1822,18.4091,-1.82938,-0.160725
0,10,12.2332,18.3121,-1.86221,-0.16325
0,10,12.3377,18.2916,-1.85271,-0.101742
0,10,11.9452,18.4281,-1.73399,-0.0797946
0,10,11.9167,18.6312,-1.82135,-0.0892915
0,10,11.8809,18.3448,-1.76579,-0.115743
0,10,11.9785,18.3124,-1.80662,-0.10441
0,10,11.7433,18.4849,-1.73242,-0.157128
0,10,11.7247,18.2965,-1.78277,-0.151735
0,10,11.6004,18.1349,-1.80221,-0.192362
0,10,11.6618,18.2158,-1.80208,-0.160542
0,10,11.4251,18.3605,-1.76095,-0.165235
0,10,11.2776,18.7482,-1.75364,-0.167314
0,10,11.1528,18.7067,-1.7782,-0.207842
0,10,11.0997,18.8826,-1.68385,-0.162582
0,10,10.9732,18.6447,-1.75676,-0.187416
0,10,10.7787,19.0887,-1.59755,-0.139103
0,10,10.7219,19.0036,-1.62359,-0.154132
0,10,10.8019,19.2711,-1.54776,-0.140666
0,10,10.4513,19.5002,-1.47178,-0.157934
0,10,10.2555,19.6552,-1.4116,-0.106017
0,10,9.54489,20.1894,-0.89552,0.00094796
0,10,10.303,19.8537,-1.32312,-0.0753183
0,10,9.363,20.1794,-0.957343,0.0162631
0,10,9.07829,20.1763,-0.948453,0.073509
0,10,9.14038,20.0893,-1.11079,0.0502967
0,10,9.28053,19.9815,-1.16954,0.0170515
0,10,7.30133,20.3958,-0.416808,-0.0910478
0,10,3.73437,19.3103,-0.527536,-0.220502
0,10,4.90991,18.5813,-0.824783,-0.275191
0,10,5.01237,18.7843,-0.832247,-0.256853
0,10,3.94534,18.393,-0.722633,-0.403927
0,10,5.05709,18.1478,-0.819943,-0.308585
0,10,5.1701,18.1519,-0.829339,-0.30896
0,10,5.29305,18.3385,-0.851771,-0.294262
0,10,5.18099,18.3318,-0.848504,-0.293579
0,10,5.32948,19.1913,-0.798422,-0.249267
0,10,3.63695,16.7571,-0.78099,-0.508057
0,10,5.12249,16.5553,-0.820608,-0.423527
0,10,1.85777,17.3628,-0.565075,-0.616796
0,10,4.5811,16.8825,-0.83219,-0.432653
0,10,11.298,15.4963,-1.86316,-0.610795
0,10,11.5541,15.5672,-1.85111,-0.545837
0,10,11.3813,15.5408,-1.85634,-0.617759
0,10,10.2772,16.1965,-1.47025,-0.617686
0,10,11.8453,15.5573,-1.8754,-0.438293
0,10,12.3103,15.7864,-1.87934,-0.340341
0,10,12.0035,15.6365,-1.88221,-0.382236
0,10,12.4981,15.8925,-1.85312,-0.303495
0,10,12.2664,15.976,-1.81116,-0.318226
0,10,12.7314,16.0375,-1.8434,-0.154303
0,10,12.9989,16.0998,-1.85422,-0.166083
0,10,12.8169,16.0859,-1.84098,-0.170116
0,10,13.2225,16.0272,-1.89591,-0.0724127
0,10,13.6498,16.1461,-1.88612,-0.00571195
0,10,13.7475,16.2167,-1.86783,0.0273084
0,10,14.0402,16.1352,-1.86752,0.109666
0,10,14.0734,16.2586,-1.87864,0.100587
0,10,14.2466,16.2209,-1.87023,0.0584727
0,10,14.2006,16.1292,-1.90494,0.0462612
0,10,14.4303,16.185,-1.90618,0.217981
0,10,14.3779,16.0615,-1.88687,0.129271
0,10,14.4232,16.3015,-1.92374,0.198811
0,10,14.3282,16.2787,-1.91933,0.165617
0,10,14.3597,16.3853,-1.90433,0.174072
0,10,14.4625,16.4018,-1.89974,0.220147
0,10,14.5603,16.49,-1.84857,0.232063
0,10,14.4695,16.5051,-1.83847,0.230238
0,10,14.7366,16.4567,-1.8758,0.232242
0,10,14.6759,16.619,-1.82507,0.256058
0,10,14.7071,16.728,-1.85398,0.274422
0,10,14.5498,16.7672,-1.83647,0.229974
0,10,14.327,16.898,-1.85729,0.135073
0,10,14.2032,17.075,-1.86183,0.129379
0,10,13.9891,17.2159,-1.86826,0.0818712
0,10,13.8502,17.3816,-1.88693,0.0397213
0,10,13.6333,17.6046,-1.9065,0.0230538
0,10,13.6757,17.4287,-1.8998,0.0170914
0,10,13.5312,17.5789,-1.90414,0.0114082
0,10,13.5665,17.685,-1.87445,0.0190847
0,10,13.6691,17.7109,-1.86356,0.0348975
0,10,13.7088,17.533,-1.90962,0.017993
0,10,13.9489,17.4077,-1.88085,0.0816744
0,10,13.9804,17.5132,-1.88057,0.0855018
0,10,13.8357,17.6733,-1.90488,0.0280178
0,10,13.9106,17.5982,-1.90474,0.0217384
0,10,13.7359,17.6392,-1.90955,0.0253871
0,10,13.6289,17.8937,-1.82247,0.00808408
0,10,13.5286,17.8684,-1.84198,-0.00763606
0,10,13.3584,17.9136,-1.87865,-0.0499163
0,10,13.2575,17.8794,-1.89685,-0.0414993
0,10,13.461,17.947,-1.86235,-0.0381091
0,10,13.0485,18.2052,-1.87417,-0.0189635
0,10,13.144,18.1263,-1.85834,-0.0194264
0,10,12.9536,18.1918,-1.87645,-0.00298961
0,10,12.7117,18.3191,-1.88889,-0.0139934
0,10,12.5001,18.3688,-1.86694,-0.0455661
0,10,12.5978,18.3515,-1.87281,-0.0410887
0,10,12.3966,18.3777,-1.85398,-0.0576559
0,10,12.2306,18.4927,-1.82509,-0.132091
0,10,12.2821,18.576,-1.84257,-0.0904089
0,10,12.1509,18.5525,-1.77235,-0.0660996
0,10,12.1004,18.6401,-1.78854,-0.075348
0,10,12.0943,18.4663,-1.75788,-0.089258
0,10,11.9473,18.7469,-1.78516,-0.130597
0,10,12.0382,18.5479,-1.76762,-0.121917
0,10,11.954,18.5248,-1.79916,-0.0681996
0,10,11.8446,18.4518,-1.73106,-0.130248
0,10,11.8538,18.549,-1.80842,-0.110335
0,10,11.6751,18.4088,-1.74954,-0.159784
0,10,11.7533,18.5795,-1.8189,-0.134835
0,10,11.37,18.259,-1.76937,-0.154165
0,10,11.4951,18.1488,-1.78264,-0.198609
0,10,10.9725,18.7902,-1.7273,-0.161414
0,10,10.9927,19.0691,-1.61498,-0.149026
0,10,10.9913,18.8828,-1.68366,-0.159884
0,10,10.8423,19.1758,-1.56986,-0.134374
0,10,10.735,19.186,-1.57021,-0.146045
0,10,10.8305,18.9918,-1.63635,-0.13933
0,10,10.5838,19.2893,-1.55604,-0.178882
0,10,10.3988,19.8334,-1.36399,-0.0930705
0,10,10.2884,19.4303,-1.47392,-0.109755
0,10,10.3467,20.0426,-1.34093,-0.0470123
0,10,9.53727,20.083,-1.21741,0.0183818
0,10,9.64447,20.0805,-1.20474,-0.0775573
0,10,8.65861,20.2878,-0.758868,-0.0132022
0,10,9.04401,20.0708,-1.06201,-0.0365649
0,10,7.3891,20.3944,-0.487016,-0.0715173
0,10,4.96188,18.6863,-0.831425,-0.257092
0,10,5.2686,18.9065,-0.831873,-0.251703
0,10,3.482,18.9749,-0.511204,-0.308166
0,10,0.486728,16.83,-0.00394608,-0.361404
0,10,5.23098,18.2475,-0.847049,-0.297255
0,10,5.33998,18.2488,-0.856533,-0.307432
0,10,2.08184,18.9379,-0.234288,-0.202747
0,10,1.53279,16.6327,-0.577543,-0.881753
0,10,3.72573,16.8154,-0.790866,-0.471394
0,10,3.45151,17.2259,-0.738863,-0.548455
0,10,2.55599,17.6564,-0.65477,-0.540515
0,10,8.69914,16.4044,-1.17175,-0.683045
0,10,7.45737,16.4332,-1.03855,-0.624734
0,10,3.73549,17.3981,-0.786127,-0.458
0,10,8.63324,16.2519,-1.15727,-0.69688
0,10,11.6658,15.4903,-1.86634,-0.471469
0,10,12.1761,15.6128,-1.92524,-0.344923
0,10,12.0928,15.5815,-1.90646,-0.423069
0,10,12.3115,15.8988,-1.8547,-0.335553
0,10,12.0867,15.6952,-1.87781,-0.400895
0,10,12.6805,15.8832,-1.92995,-0.252904
0,10,12.5636,15.9655,-1.83291,-0.304667
0,10,13.1681,15.9537,-1.89586,-0.0785251
0,10,13.4949,16.0164,-1.87048,-0.0484113
0,10,13.6043,16.043,-1.86626,-0.039501
0,10,13.3938,15.9927,-1.88216,-0.0730439
0,10,13.7982,16.135,-1.89294,0.0241827
0,10,13.9489,16.1123,-1.86178,0.0746809
0,10,14.1316,16.1905,-1.87079,0.0868679
0,10,14.0929,16.0635,-1.91128,0.0700951
0,10,14.2847,16.0876,-1.8706,0.103828
0,10,14.5083,16.2573,-1.90784,0.241697
0,10,14.5434,16.3645,-1.90897,0.250717
0,10,14.7633,16.1713,-1.92782,0.261275
0,10,14.6275,16.4188,-1.87226,0.222887
0,10,14.6925,16.2435,-1.92257,0.242166
0,10,14.6867,16.3465,-1.88663,0.228467
0,10,14.6646,16.5255,-1.85501,0.239497
0,10,14.9515,16.4398,-1.86199,0.266698
0,10,14.7774,16.551,-1.8688,0.247575
0,10,14.605,16.6934,-1.83368,0.249603
0,10,14.6555,16.8078,-1.83717,0.279801
0,10,14.3901,16.8135,-1.85355,0.154474
0,10,14.4288,16.9218,-1.85266,0.164257
0,10,14.2624,16.9797,-1.87016,0.115139
0,10,14.0833,17.2485,-1.87288,0.110645
0,10,14.0178,17.3295,-1.882,0.0944254
0,10,14.1823,17.2691,-1.87258,0.119209
0,10,14.2447,17.1864,-1.87794,0.12578
0,10,13.7791,17.4575,-1.9002,0.02949
0,10,14.1181,17.358,-1.87563,0.109167
0,10,14.2137,17.3832,-1.87585,0.131622
0,10,14.2764,17.2993,-1.87756,0.144807
0,10,14.1509,17.4686,-1.87472,0.114457
0,10,14.0822,17.5452,-1.87719,0.098198
0,10,14.2496,17.4959,-1.87093,0.140232
0,10,14.1071,17.651,-1.88861,0.106111
0,10,14.0269,17.7266,-1.87811,0.0980596
0,10,14.0056,17.6186,-1.88021,0.0848802
0,10,13.9335,17.7095,-1.88474,0.00577242
0,10,13.7026,17.8131,-1.83769,0.0271427
0,10,13.7773,17.7495,-1.83828,0.0400542
0,10,13.5618,17.976,-1.85008,-0.0234723
0,10,13.6634,18.0013,-1.84805,0.00017053
0,10,13.2934,17.989,-1.87796,-0.0571299
0,10,13.3958,18.0226,-1.86829,-0.0585923
0,10,13.2153,18.0426,-1.86617,-0.0180448
0,10,13.1498,18.2268,-1.87498,-0.0253969
0,10,12.8191,18.3093,-1.88737,-0.00180729
0,10,12.9286,18.2913,-1.87916,0.0013137
0,10,12.4438,18.4704,-1.85013,-0.0424703
0,10,12.5455,18.461,-1.84902,-0.0385097
0,10,12.3402,18.4803,-1.8628,-0.0909553
0,10,12.2052,18.6428,-1.79248,-0.0464924
0,10,12.1345,18.7391,-1.7825,-0.0570572
0,10,11.8087,18.8619,-1.75236,-0.122065
0,10,12.0443,18.7593,-1.79146,-0.128726
0,10,11.8557,18.751,-1.78667,-0.113877
0,10,11.7101,18.8751,-1.75617,-0.126976
0,10,12.0044,18.6557,-1.78531,-0.151984
0,10,11.5446,18.6206,-1.81365,-0.157582
0,10,11.7166,18.6817,-1.81749,-0.129602
0,10,11.8214,18.6589,-1.83103,-0.120328
0,10,11.5249,18.3452,-1.7668,-0.165222
0,10,11.5701,18.4335,-1.74623,-0.162183
0,10,11.5614,18.2381,-1.7857,-0.180086
0,10,11.6243,18.3235,-1.7775,-0.160268
0,10,11.1919,18.7968,-1.75168,-0.212201
0,10,11.3327,18.6512,-1.79298,-0.176153
0,10,10.5472,19.4875,-1.47836,-0.156896
0,10,11.0779,18.7917,-1.73722,-0.170394
0,10,10.6714,19.3756,-1.54262,-0.165258
0,10,10.4763,19.9125,-1.35145,-0.0889079
0,10,10.4958,19.8083,-1.36297,-0.115872
0,10,10.3632,19.5215,-1.44919,-0.126271
0,10,9.98002,20.0049,-1.213,-0.0186131
0,10,8.85036,20.2877,-0.852559,0.018508
0,10,8.75557,20.2822,-0.82516,-0.0449834
0,10,8.04591,20.3976,-0.470413,-0.0186758
0,10,8.49501,20.1887,-0.871531,-0.0289518
0,10,5.06592,18.6941,-0.831457,-0.256973
0,10,5.2166,18.8044,-0.837736,-0.25363
0,10,5.06248,18.8896,-0.83153,-0.245818
0,10,3.47401,18.6985,-0.633989,-0.378378
0,10,2.57043,19.298,-0.225076,-0.169343
0,10,5.65786,18.6888,-0.875504,-0.259617
0,10,5.38006,16.4563,-0.865787,-0.473068
0,10,4.47759,16.5988,-0.818036,-0.479513
0,10,1.9873,17.5257,-0.551641,-0.554144
0,10,2.32706,17.4231,-0.625169,-0.565531
0,10,3.81969,16.7844,-0.805933,-0.479794
0,10,1.92731,17.4384,-0.557156,-0.553995
0,10,4.47548,16.8646,-0.811535,-0.459975
0,10,11.1572,15.5198,-1.85635,-0.660749
0,10,11.7526,15.4167,-1.96159,-0.49818
0,10,12.2377,15.6988,-1.8823,-0.344082
0,10,12.4125,15.7747,-1.8922,-0.342276
0,10,12.5216,15.6347,-1.93264,-0.370838
0,10,12.4029,15.8775,-1.86124,-0.337424
0,10,12.8506,15.8743,-1.90349,-0.194536
0,10,12.9356,16.0121,-1.91681,-0.154871
0,10,12.5106,15.7867,-1.93677,-0.365434
0,10,13.2977,15.961,-1.89147,-0.0712043
0,10,12.8461,15.9875,-1.92002,-0.200877
0,10,13.0975,16.0318,-1.88631,-0.0959151
0,10,13.5608,15.9414,-1.86921,-0.0374022
0,10,13.7132,16.0813,-1.89273,0.00806178
0,10,13.8578,16.0641,-1.86486,0.0608824
0,10,14.0359,15.9796,-1.87721,0.0716241
0,10,14.4681,16.0872,-1.91664,0.218313
0,10,14.5435,16.1617,-1.92628,0.224148
0,10,14.6029,16.2801,-1.92189,0.245536
0,10,14.6353,16.1583,-1.93144,0.247221
0,10,14.8009,16.2652,-1.89415,0.254416
0,10,14.8712,16.1646,-1.91628,0.311219
0,10,14.7847,16.3619,-1.87629,0.242749
0,10,14.8383,16.4662,-1.87575,0.264617
0,10,14.9139,16.5307,-1.85912,0.255502
0,10,14.7752,16.6517,-1.84457,0.274018
0,10,14.8683,16.6115,-1.86665,0.245237
0,10,14.4939,16.8439,-1.84675,0.206623
0,10,14.5996,16.8783,-1.84886,0.249985
0,10,14.3641,17.0035,-1.86344,0.136969
0,10,14.1448,17.1608,-1.88103,0.112962
0,10,14.2978,17.088,-1.86591,0.115749
0,10,14.3928,17.1146,-1.86867,0.149759
0,10,14.4877,17.1422,-1.86212,0.173391
0,10,14.5838,17.1718,-1.85587,0.222941
0,10,14.3382,17.2017,-1.8895,0.13091
0,10,14.4433,17.2292,-1.88127,0.144501
0,10,14.3715,17.3034,-1.88394,0.131788
0,10,14.3096,17.4127,-1.87298,0.14931
0,10,14.3978,17.4108,-1.87675,0.136634
0,10,14.497,17.4368,-1.87526,0.149475
0,10,14.3422,17.5301,-1.86056,0.144744
0,10,14.1824,17.5787,-1.87681,0.118683
0,10,14.2019,17.6861,-1.87295,0.106933
0,10,14.4304,17.516,-1.86415,0.13954
0,10,14.1239,17.7615,-1.86943,0.0977286
0,10,14.0195,17.8213,-1.84949,0.0834056
0,10,13.8105,17.8546,-1.82481,0.0241232
0,10,13.883,17.7868,-1.81665,0.0332811
0,10,13.7294,17.9156,-1.81546,0.0275336
0,10,13.7233,18.0895,-1.86202,0.0433587
0,10,13.6059,18.0836,-1.85639,-0.0145269
0,10,13.4237,18.1271,-1.86276,-0.0674969
0,10,13.3236,18.0955,-1.87237,-0.0644427
0,10,13.501,18.0546,-1.85746,-0.0396914
0,10,12.9757,18.3888,-1.85433,0.00121439
0,10,13.0796,18.3958,-1.85345,-0.0241366
0,10,13.0325,18.2993,-1.88514,-0.0179156
0,10,12.876,18.3926,-1.86028,-0.0104972
0,10,12.6648,18.4173,-1.87161,-0.0163706
0,10,12.7712,18.4082,-1.8696,-0.0109303
0,10,12.7249,18.5056,-1.84681,-0.0174877
0,10,12.2328,18.7392,-1.78753,-0.0262035
0,10,12.3894,18.5734,-1.84302,-0.0833096
0,10,11.623,18.9818,-1.65634,-0.144187
0,10,11.5032,19.2833,-1.57038,-0.119701
0,10,11.4756,19.0927,-1.63497,-0.13632
0,10,11.4386,19.1941,-1.59503,-0.125818
0,10,11.6081,18.702,-1.80389,-0.141609
0,10,11.7571,18.7687,-1.7805,-0.121198
0,10,11.6381,18.51,-1.73298,-0.161241
0,10,11.5476,18.802,-1.76814,-0.145328
0,10,11.6498,18.6019,-1.81779,-0.144656
0,10,11.3881,18.737,-1.77596,-0.156682
0,10,11.4628,18.2549,-1.76718,-0.172992
0,10,11.3245,18.8295,-1.73456,-0.148539
0,10,11.4621,18.4512,-1.75248,-0.165164
0,10,11.0443,18.9727,-1.65031,-0.162335
0,10,10.6069,19.6893,-1.4193,-0.139521
0,10,10.5143,19.7028,-1.40556,-0.141522
0,10,10.372,19.4034,-1.50652,-0.155176
0,10,10.2316,19.7645,-1.3542,-0.091518
0,10,10.1077,19.8914,-1.2704,-0.049122
0,10,9.88968,19.9758,-1.1889,-0.186925
0,10,8.94735,20.2823,-0.926409,-0.0403153
0,10,8.46647,20.2911,-0.723835,-0.0119985
0,10,7.5811,20.3916,-0.574298,0.0132919
0,10,5.16643,18.8984,-0.830798,-0.248262
0,10,4.35128,19.3905,-0.625178,-0.108919
0,10,9.57359,15.7581,-1.45041,-0.806895
0,10,5.00786,18.2365,-0.830848,-0.299696
0,10,5.52995,18.5035,-0.868773,-0.292495
0,10,6.38495,16.4131,-0.936687,-0.490803
0,10,6.14069,16.4676,-0.925312,-0.484142
0,10,2.97811,17.2982,-0.717564,-0.553854
0,10,4.82751,16.5091,-0.832177,-0.477413
0,10,1.96106,17.3364,-0.613324,-0.576694
0,10,2.2369,17.6152,-0.561686,-0.534114
0,10,8.88206,16.3493,-1.18244,-0.715784
0,10,11.6673,15.3752,-1.96083,-0.511058
0,10,11.4192,15.4299,-1.88878,-0.589019
0,10,8.78773,16.3373,-1.18733,-0.67993
0,10,11.9367,15.4726,-1.94246,-0.422489
0,10,11.8263,15.3385,-1.95161,-0.470422
0,10,12.3378,15.6901,-1.90714,-0.363115
0,10,12.2057,15.494,-1.94753,-0.363522
0,10,12.2658,15.5899,-1.93697,-0.358731
0,10,12.5961,15.859,-1.93456,-0.364816
0,10,12.4581,15.6871,-1.91346,-0.37892
0,10,12.7646,15.9328,-1.91784,-0.211433
0,10,13.4596,15.9092,-1.87385,-0.0548393
0,10,13.9576,16.0122,-1.89872,0.0702652
0,10,14.1747,15.9285,-1.87519,0.0751238
0,10,14.1722,16.0246,-1.89235,0.0747097
0,10,14.466,15.9753,-1.90659,0.19304
0,10,14.2715,15.9872,-1.88472,0.0990329
0,10,14.5617,16.0555,-1.92183,0.214595
0,10,14.615,15.9901,-1.93818,0.221465
0,10,14.9215,15.9607,-1.91061,0.31475
0,10,14.8998,16.2564,-1.87546,0.297142
0,10,14.8811,16.3637,-1.87821,0.275594
0,10,14.9801,16.3356,-1.86139,0.281513
0,10,15.0716,16.3678,-1.8722,0.340478
0,10,15.2484,16.4621,-1.87509,0.455498
0,10,15.0462,16.4641,-1.86589,0.332208
0,10,15.0164,16.5617,-1.87175,0.317716
0,10,14.8028,16.7641,-1.8536,0.275494
0,10,14.5297,16.9513,-1.84521,0.228068
0,10,14.462,17.0305,-1.86219,0.176482
0,10,14.5593,17.0601,-1.84581,0.22003
0,10,14.6565,17.0949,-1.83999,0.25324
0,10,14.7324,17.0288,-1.82941,0.283814
0,10,14.8128,16.9751,-1.82959,0.30031
0,10,14.7562,17.1369,-1.83922,0.286842
0,10,14.679,17.2069,-1.85421,0.254056
0,10,14.5493,17.2599,-1.86424,0.196024
0,10,14.4744,17.3303,-1.88024,0.144178
0,10,14.5774,17.3597,-1.8715,0.197637
0,10,14.6788,17.3994,-1.87561,0.250269
0,10,14.5913,17.4691,-1.88676,0.208197
0,10,14.281,17.6094,-1.8656,0.131588
0,10,14.5375,17.5484,-1.87189,0.18933
0,10,14.6428,17.5907,-1.86693,0.239641
0,10,14.8684,17.4984,-1.86868,0.314398
0,10,14.867,17.6065,-1.86518,0.302825
0,10,14.5574,17.6482,-1.87858,0.194331
0,10,14.7489,17.6436,-1.86759,0.265986
0,10,14.216,17.8011,-1.87442,0.119329
0,10,14.66,17.6921,-1.87949,0.2442
0,10,13.7736,18.005,-1.8636,0.0610894
0,10,14.2939,17.725,-1.8796,0.135937
0,10,13.8593,17.9389,-1.86181,0.0655759
0,10,13.9375,17.8686,-1.86734,0.0627507
0,10,13.5277,18.1562,-1.86182,-0.0378743
0,10,13.6401,18.174,-1.8488,-0.0110502
0,10,13.1438,18.3153,-1.88239,-0.0284812
0,10,13.2579,18.2448,-1.87602,-0.0182903
0,10,13.2436,18.1471,-1.8557,-0.022037
0,10,12.6777,18.6027,-1.81883,-0.0234996
0,10,12.5165,18.7875,-1.77819,-0.0517119
0,10,12.6177,18.5116,-1.84946,-0.0157831
0,10,12.4205,18.779,-1.80081,-0.0945354
0,10,12.5678,18.6068,-1.82938,-0.0128366
0,10,12.4198,18.6706,-1.82841,-0.0919842
0,10,12.4862,18.5629,-1.82032,-0.0481735
0,10,12.5096,18.6872,-1.81657,-0.0353102
0,10,11.7295,18.9698,-1.64939,-0.141346
0,10,11.9024,18.8545,-1.74262,-0.124354
0,10,11.4015,19.2958,-1.56123,-0.120879
0,10,11.2965,19.3099,-1.54726,-0.120015
0,10,11.504,18.9007,-1.75011,-0.136569
0,10,11.6542,18.7863,-1.77434,-0.133169
0,10,11.3969,18.9129,-1.73772,-0.129001
0,10,11.5276,18.5297,-1.74135,-0.173808
0,10,11.4391,18.6377,-1.80262,-0.167952
0,10,11.31,19.0231,-1.6518,-0.141468
0,10,11.0155,19.2524,-1.54775,-0.133602
0,10,11.2147,18.8842,-1.70142,-0.202505
0,10,10.5285,19.593,-1.43821,-0.153625
0,10,10.7019,19.673,-1.4243,-0.128666
0,10,10.4184,19.723,-1.37885,-0.100409
0,10,10.0559,20.094,-1.15209,-0.0496772
0,10,10.3276,19.7449,-1.37785,-0.107489
0,10,9.13132,20.2882,-0.954703,0.0769621
0,10,9.74525,20.0843,-1.17421,-0.0935198
0,10,8.56299,20.2869,-0.753213,-0.0346315
0,10,8.08412,20.2932,-0.712339,0.0848018
0,10,4.90801,18.7764,-0.828324,-0.248136
0,10,5.11468,18.9885,-0.826722,-0.245748
0,10,4.94915,18.138,-0.808659,-0.318345
0,10,7.51041,16.177,-0.973099,-0.60488
0,10,5.614,18.7904,-0.867608,-0.258939
0,10,4.94436,18.3043,-0.830686,-0.288996
0,10,5.99394,16.4235,-0.944364,-0.513528
0,10,7.52198,16.2691,-1.01917,-0.592361
0,10,3.02564,17.4231,-0.697654,-0.546903
0,10,2.27964,17.5086,-0.589804,-0.544738
0,10,6.04585,16.6493,-0.965446,-0.524746
0,10,3.08281,17.7419,-0.692007,-0.526403
0,10,4.75834,16.7881,-0.856613,-0.455755
0,10,3.85069,17.2564,-0.780988,-0.482108
0,10,11.5865,15.4683,-1.88445,-0.545115
0,10,10.3902,16.1094,-1.51731,-0.702278
0,10,8.55766,16.1929,-1.14132,-0.702275
0,10,11.9043,15.2733,-1.97792,-0.501009
0,10,11.7656,15.5256,-1.86364,-0.491457
0,10,12.3122,15.5044,-1.96464,-0.360692
0,10,12.5936,15.7471,-1.91516,-0.346746
0,10,13.2652,15.8683,-1.88405,-0.0712003
0,10,13.6724,15.9709,-1.86796,-0.0390969
0,10,13.7665,15.9957,-1.88739,0.0337623
0,10,13.8543,15.9611,-1.91242,0.0479894
0,10,13.8126,15.8657,-1.84405,0.0118111
0,10,14.0831,15.9027,-1.87309,0.0662095
0,10,14.3693,15.9579,-1.90316,0.113553
0,10,14.6841,16.0841,-1.94256,0.242431
0,10,14.9001,16.0632,-1.91508,0.313757
0,10,14.9741,16.1428,-1.914,0.311011
0,10,15.0031,16.2383,-1.85551,0.300356
0,10,15.0801,16.1641,-1.88452,0.379517
0,10,15.1877,16.232,-1.84079,0.395639
0,10,15.171,16.358,-1.85363,0.400472
0,10,15.2537,16.5556,-1.85459,0.440239
0,10,15.1538,16.4579,-1.87079,0.376123
0,10,14.8837,16.7109,-1.86128,0.260985
0,10,14.7586,16.8496,-1.83677,0.287044
0,10,14.6313,16.9861,-1.83452,0.253456
0,10,14.7066,16.921,-1.83168,0.278728
0,10,14.8531,16.8966,-1.83883,0.301219
0,10,14.9948,16.8501,-1.88331,0.331854
0,10,15.0866,16.8628,-1.89198,0.40827
0,10,14.9535,16.9394,-1.8587,0.332814
0,10,14.8371,17.0805,-1.83076,0.310299
0,10,14.6579,17.2986,-1.84936,0.245037
0,10,14.7752,17.2451,-1.84808,0.284536
0,10,14.8593,17.1827,-1.83813,0.318889
0,10,14.763,17.3414,-1.858,0.283991
0,10,14.6851,17.5088,-1.88619,0.247283
0,10,14.7755,17.4452,-1.87606,0.285573
0,10,14.8636,17.392,-1.86414,0.317901
0,10,14.9582,17.4447,-1.86114,0.346806
0,10,14.7754,17.5555,-1.87533,0.274268
0,10,15.0539,17.394,-1.85473,0.380079
0,10,15.1459,17.4523,-1.84308,0.39207
0,10,15.1463,17.5575,-1.82995,0.380183
0,10,14.9607,17.5513,-1.85508,0.338886
0,10,15.054,17.6069,-1.83474,0.358378
0,10,14.573,17.7528,-1.88553,0.201913
0,10,14.6697,17.7996,-1.86996,0.234328
0,10,14.4532,17.6153,-1.87709,0.152223
0,10,14.2191,17.9062,-1.86656,0.134841
0,10,14.1214,17.863,-1.85108,0.1158
0,10,14.3692,17.6534,-1.86837,0.156032
0,10,13.8596,18.0517,-1.83978,0.0441449
0,10,13.9481,17.9813,-1.847,0.0612876
0,10,13.7501,18.1748,-1.84114,0.0471637
0,10,13.5607,18.251,-1.88569,-0.0396397
0,10,13.1835,18.4163,-1.85996,-0.0154375
0,10,13.4501,18.2323,-1.88738,-0.0687322
0,10,12.8297,18.4943,-1.83421,-0.0254162
0,10,12.9285,18.4907,-1.8283,-0.0100669
0,10,12.7833,18.5942,-1.80671,-0.0368382
0,10,11.9887,19.0565,-1.66072,-0.108479
0,10,12.6106,18.7866,-1.7854,-0.0363217
0,10,12.273,18.8613,-1.72784,0.0020396
0,10,12.1284,18.9638,-1.66364,-0.123931
0,10,12.3197,18.6682,-1.81867,-0.0806129
0,10,12.1821,18.8383,-1.71765,-0.0368734
0,10,11.9975,18.8551,-1.74576,-0.127714
0,10,12.0954,18.8624,-1.72925,-0.124113
0,10,11.2608,19.4104,-1.52866,-0.118271
0,10,11.4127,19.0079,-1.65078,-0.135328
0,10,11.5173,18.9932,-1.6537,-0.140228
0,10,11.2283,19.2258,-1.56089,-0.126279
0,10,11.4988,18.7196,-1.79282,-0.152455
0,10,10.9486,19.1656,-1.57121,-0.137096
0,10,11.2955,18.9293,-1.72856,-0.133281
0,10,11.1567,18.9676,-1.65708,-0.1657
0,10,10.9092,19.2617,-1.54521,-0.134989
0,10,10.591,19.798,-1.40035,-0.113863
0,10,10.5754,19.903,-1.38913,-0.077452
0,10,10.4369,19.6143,-1.42191,-0.137711
0,10,10.0845,19.9943,-1.20046,-0.0295492
0,10,10.6716,19.8858,-1.42376,-0.105486
0,10,9.85227,20.081,-1.13564,-0.181335
0,10,8.23556,20.3978,-0.373288,-0.0366909
0,10,7.67321,20.3981,-0.61039,-0.0244872
0,10,5.11268,18.5979,-0.836645,-0.268333
0,10,5.37076,18.9106,-0.833719,-0.252687
0,10,4.05995,19.1604,-0.598009,-0.22315
0,10,5.70471,18.5752,-0.892502,-0.284004
0,10,5.40035,18.3382,-0.866619,-0.296289
0,10,5.46251,18.4282,-0.869101,-0.294118
0,10,2.81684,19.4253,-0.26208,-0.196335
0,10,6.46808,16.4673,-0.930357,-0.51007
0,10,3.26769,17.4457,-0.733115,-0.567532
0,10,2.18731,17.5024,-0.578862,-0.557305
0,10,4.56609,16.521,-0.834561,-0.497551
0,10,6.2922,16.4737,-0.926538,-0.489441
0,10,2.85576,17.4301,-0.702202,-0.54497
0,10,2.32804,17.6167,-0.57881,-0.518181
0,10,3.93545,17.2081,-0.776753,-0.482522
0,10,11.2176,15.4537,-1.86698,-0.672463
0,10,11.8491,15.4372,-1.93427,-0.476759
0,10,12.0268,15.509,-1.92834,-0.413272
0,10,12.4368,15.5454,-1.96925,-0.400143
0,10,13.0224,15.9783,-1.90424,-0.128549
0,10,13.617,15.865,-1.86347,-0.0304187
0,10,13.7208,15.8835,-1.85329,-0.0179442
0,10,13.1743,15.8485,-1.88939,-0.0686115
0,10,13.993,15.8429,-1.86879,0.0792353
0,10,14.2767,15.887,-1.89134,0.0825026
0,10,14.38,15.8608,-1.89809,0.117728
0,10,14.7221,15.9938,-1.91696,0.280064
0,10,15.0183,15.9487,-1.93558,0.311721
0,10,14.795,16.0805,-1.92354,0.284519
0,10,15.005,16.0482,-1.91187,0.336639
0,10,15.1868,16.1347,-1.90929,0.384177
0,10,15.1033,16.2681,-1.8316,0.375124
0,10,15.2561,16.3235,-1.84957,0.415432
0,10,15.3141,16.3982,-1.89637,0.438408
0,10,15.3476,16.5496,-1.85495,0.467341
0,10,15.1208,16.5484,-1.87701,0.373251
0,10,14.976,16.6468,-1.87822,0.303098
0,10,14.8998,16.8144,-1.87232,0.280209
0,10,14.9879,16.7443,-1.87369,0.327191
0,10,15.0831,16.7511,-1.87939,0.38612
0,10,15.176,16.7234,-1.89136,0.401933
0,10,15.2766,16.6837,-1.90837,0.405684
0,10,15.178,16.8283,-1.90486,0.409529
0,10,15.0507,16.9697,-1.87564,0.389975
0,10,14.9192,17.0212,-1.8348,0.340383
0,10,14.9454,17.122,-1.83338,0.353233
0,10,14.9553,17.2297,-1.83967,0.353955
0,10,14.8696,17.2912,-1.85467,0.320663
0,10,14.9632,17.3399,-1.85703,0.353368
0,10,15.1366,17.2384,-1.82529,0.414396
0,10,15.231,17.1961,-1.82103,0.423598
0,10,15.1407,17.3445,-1.83482,0.406319
0,10,15.2339,17.3014,-1.82487,0.419233
0,10,15.322,17.2398,-1.80849,0.453252
0,10,15.0523,17.5006,-1.84966,0.370103
0,10,15.2378,17.4066,-1.83145,0.411876
0,10,15.0547,17.713,-1.82126,0.341999
0,10,15.2425,17.6169,-1.80956,0.39031
0,10,14.9602,17.6581,-1.84377,0.320064
0,10,15.0508,17.8131,-1.80857,0.327771
0,10,14.8517,17.7003,-1.85138,0.289535
0,10,14.8587,17.8027,-1.84225,0.274715
0,10,14.7597,17.7454,-1.866,0.256416
0,10,14.6782,17.906,-1.85921,0.219483
0,10,14.4724,17.7194,-1.87923,0.164841
0,10,14.7664,17.851,-1.84933,0.243291
0,10,14.5811,17.8568,-1.87863,0.199135
0,10,14.3866,17.7653,-1.87736,0.158091
0,10,14.0358,17.9248,-1.85727,0.0854357
0,10,14.1351,17.9688,-1.86701,0.125515
0,10,13.6685,18.2676,-1.90066,0.00581557
0,10,13.772,18.2723,-1.91654,0.0645588
0,10,13.0262,18.4892,-1.8136,-0.0140715
0,10,12.8835,18.5937,-1.80321,-0.0213186
0,10,13.3528,18.2054,-1.8778,-0.0675361
0,10,12.7343,18.6914,-1.77558,-0.0375328
0,10,12.4715,18.887,-1.74724,-0.0855318
0,10,12.6271,18.6926,-1.78189,-0.0302213
0,10,12.3275,18.7706,-1.7947,-0.0649512
0,10,11.8431,19.1554,-1.65077,-0.121214
0,10,11.9428,19.1551,-1.66644,-0.0984705
0,10,11.8881,19.0555,-1.64787,-0.12707
0,10,11.7864,19.0613,-1.64409,-0.128913
0,10,12.0295,18.9584,-1.65725,-0.128648
0,10,11.8314,18.9618,-1.65166,-0.134044
0,10,11.3647,19.3952,-1.53157,-0.109121
0,10,11.5408,19.1819,-1.60676,-0.134053
0,10,11.2685,19.1277,-1.6179,-0.144222
0,10,11.0559,19.1567,-1.58378,-0.142815
0,10,10.744,19.4655,-1.51301,-0.159446
0,10,10.7536,19.9802,-1.40413,-0.0402924
0,10,10.9377,18.9822,-1.64538,-0.149409
0,10,10.2335,20.1812,-0.973668,0.0936492
0,10,10.5694,19.3836,-1.53628,-0.170908
0,10,10.686,19.779,-1.41116,-0.131334
0,10,10.3736,19.9397,-1.28958,-0.0663913
0,10,10.1346,20.1816,-0.980288,-0.00736134
0,10,9.94788,20.0969,-1.15367,-0.041751
0,10,8.42471,20.396,-0.349508,-0.0631571
0,10,7.76661,20.3945,-0.587612,0.104349
0,10,4.95507,19.0671,-0.81111,-0.232915
0,10,4.96032,18.8749,-0.826152,-0.2475
0,10,3.75653,18.6253,-0.639627,-0.369254
0,10,8.36927,16.0012,-1.12024,-0.757544
0,10,4.9457,19.3449,-0.686297,-0.196574
0,10,1.01537,17.9445,-0.0917705,-0.150816
0,10,3.64123,16.8721,-0.771412,-0.473625
0,10,1.25452,16.2893,-0.520158,-1.09637
0,10,5.50428,18.3282,-0.875565,-0.308502
0,10,3.91723,16.7436,-0.81848,-0.511118
0,10,3.63632,17.1652,-0.768892,-0.424489
0,10,5.19331,16.4968,-0.829244,-0.440087
0,10,2.44436,17.4605,-0.635154,-0.573883
0,10,8.90177,16.2453,-1.21061,-0.722112
0,10,12.0107,15.2889,-1.99268,-0.413433
0,10,12.1247,15.471,-1.94172,-0.417396
0,10,12.7548,15.8148,-1.90943,-0.202065
0,10,12.6106,15.541,-1.92819,-0.302337
0,10,12.9355,15.8969,-1.90391,-0.131331
0,10,13.0819,15.8973,-1.90022,-0.104168
0,10,13.3656,15.8738,-1.87664,-0.0602725
0,10,13.9327,15.9029,-1.87467,0.0962072
0,10,14.4446,15.8163,-1.90936,0.12296
0,10,14.3476,15.7355,-1.90156,0.0868935
0,10,14.5195,15.9201,-1.93915,0.179314
0,10,14.5408,15.8195,-1.90656,0.192825
0,10,14.6245,15.8903,-1.93947,0.223392
0,10,15.0055,15.8424,-1.99185,0.271057
0,10,15.1022,16.0696,-1.92338,0.368644
0,10,15.4116,16.0694,-1.90785,0.479211
0,10,15.2862,16.1377,-1.90388,0.410945
0,10,15.3862,16.2671,-1.85501,0.484504
0,10,15.4031,16.3617,-1.8614,0.474124
0,10,15.3909,16.4726,-1.89592,0.441143
0,10,15.0827,16.6503,-1.90011,0.374944
0,10,15.1884,16.621,-1.91775,0.390932
0,10,15.3544,16.649,-1.87781,0.479888
0,10,15.4742,16.5386,-1.89322,0.46136
0,10,15.5706,16.5125,-1.87175,0.524387
0,10,15.4513,16.6295,-1.87311,0.473993
0,10,15.1556,16.9385,-1.88101,0.419459
0,10,15.0275,17.0617,-1.83422,0.393398
0,10,15.1337,17.0375,-1.85246,0.416036
0,10,15.0418,17.1693,-1.83217,0.402569
0,10,15.0481,17.2805,-1.83996,0.393955
0,10,15.1312,17.1334,-1.82858,0.421943
0,10,15.2345,17.097,-1.84493,0.411785
0,10,15.3356,17.0113,-1.87651,0.478668
0,10,15.4218,16.9649,-1.88535,0.460511
0,10,15.3266,17.1235,-1.84368,0.490332
0,10,15.4178,17.0785,-1.86302,0.461085
0,10,15.4071,17.191,-1.7902,0.455625
0,10,15.3278,17.3513,-1.81826,0.434485
0,10,15.4138,17.3026,-1.80093,0.445731
0,10,15.1484,17.6621,-1.81244,0.368682
0,10,15.3361,17.5666,-1.807,0.404968
0,10,15.0554,17.9154,-1.80458,0.312389
0,10,15.3423,17.7747,-1.77663,0.38568
0,10,15.2448,17.7208,-1.79272,0.381415
0,10,14.8702,18.013,-1.81889,0.250724
0,10,15.15,17.7667,-1.80104,0.352957
0,10,14.9564,17.8583,-1.8244,0.291393
0,10,14.8631,17.9075,-1.82913,0.262577
0,10,14.6833,18.0136,-1.84464,0.202588
0,10,14.952,17.7557,-1.82852,0.306197
0,10,14.5883,17.9629,-1.86865,0.188553
0,10,14.3132,17.9468,-1.87778,0.151072
0,10,14.4011,17.8802,-1.88434,0.166146
0,10,14.4843,17.8224,-1.88528,0.174542
0,10,14.1445,18.0752,-1.86504,0.138754
0,10,14.31,17.8385,-1.87855,0.140757
0,10,14.0598,18.1361,-1.86899,0.117338
0,10,13.8453,18.1402,-1.84783,0.0462767
0,10,13.9589,18.0864,-1.84736,0.0796825
0,10,14.0461,18.03,-1.85693,0.100162
0,10,13.4604,18.3284,-1.89899,-0.0630996
0,10,13.5629,18.3447,-1.90693,-0.0384392
0,10,12.8346,18.6927,-1.78292,-0.0302796
0,10,12.9335,18.6911,-1.76823,-0.0407902
0,10,12.3166,18.9667,-1.6355,0.000348061
0,10,12.3735,18.8789,-1.74614,-0.0785192
0,10,11.5688,19.3725,-1.55423,-0.109484
0,10,11.7032,19.2645,-1.61242,-0.103067
0,10,11.7423,19.1624,-1.63703,-0.126111
0,10,11.6835,19.0673,-1.6408,-0.150139
0,10,11.9311,18.9565,-1.65426,-0.127363
0,10,11.5794,19.0802,-1.63799,-0.140834
0,10,10.9497,19.4476,-1.52075,-0.12459
0,10,11.6081,18.8881,-1.75695,-0.134838
0,10,11.4375,18.8189,-1.75533,-0.144834
0,10,11.2123,19.0397,-1.66136,-0.144532
0,10,10.7967,19.6609,-1.44067,-0.097439
0,10,10.6229,19.5823,-1.44369,-0.140348
0,10,10.8854,19.0787,-1.60287,-0.137781
0,10,10.7801,19.7684,-1.42097,-0.078604
0,10,10.4575,20.0104,-1.30597,-0.0454366
0,10,10.344,19.6305,-1.39394,-0.0892639
0,10,10.1578,20.0824,-1.16197,-0.00239126
0,10,9.45241,20.1716,-0.94659,-0.024424
0,10,8.78899,20.1803,-0.875052,-0.0630908
0,10,4.83889,19.2403,-0.779397,-0.211085
0,10,4.80544,18.573,-0.819085,-0.276905
0,10,4.90688,18.9634,-0.818823,-0.241364
0,10,5.60743,18.5942,-0.875221,-0.272123
0,10,5.61624,18.3075,-0.882923,-0.317153
0,10,3.23421,18.7982,-0.525662,-0.272606
0,10,5.66691,18.8823,-0.863065,-0.241896
0,10,3.68554,19.5693,-0.422043,-0.159236
0,10,5.5729,18.4055,-0.878947,-0.307304
0,10,5.5906,16.478,-0.920769,-0.479013
0,10,6.79238,16.3662,-1.03322,-0.530419
0,10,4.86064,16.7691,-0.855851,-0.460795
0,10,11.5895,15.3307,-1.98857,-0.523134
0,10,12.3769,15.6044,-1.92774,-0.357634
0,10,12.0371,15.4058,-1.9824,-0.414786
0,10,12.6832,15.7533,-1.91606,-0.235118
0,10,12.5226,15.5201,-1.94168,-0.33367
0,10,12.9323,15.763,-1.8773,-0.113811
0,10,13.0054,15.841,-1.88739,-0.132758
0,10,13.5105,15.8287,-1.87641,-0.0434511
0,10,13.3055,15.7708,-1.90572,-0.0636501
0,10,13.7627,15.775,-1.82841,0.00967471
0,10,14.1831,15.8238,-1.87873,0.0643122
0,10,13.8826,15.8001,-1.82402,0.0443975
0,10,14.6365,15.784,-1.90644,0.199796
0,10,14.8235,15.9794,-1.90667,0.302325
0,10,15.1172,15.9671,-1.95394,0.372475
0,10,15.3065,16.0455,-1.92628,0.422942
0,10,15.3903,16.1623,-1.89217,0.465849
0,10,15.2946,16.2364,-1.84787,0.411206
0,10,15.4882,16.431,-1.85974,0.4915
0,10,15.4898,16.3103,-1.83544,0.51847
0,10,15.5812,16.2887,-1.84246,0.556962
0,10,15.5713,16.3981,-1.83005,0.550578
0,10,15.6677,16.3793,-1.82732,0.583846
0,10,15.6608,16.4827,-1.84222,0.584879
0,10,15.7576,16.454,-1.84487,0.600478
0,10,15.5586,16.6189,-1.89133,0.496376
0,10,15.2722,16.7865,-1.89696,0.413153
0,10,15.5402,16.7156,-1.89284,0.498067
0,10,15.3639,16.7776,-1.91315,0.466801
0,10,15.2589,16.897,-1.89822,0.402431
0,10,15.2443,16.9977,-1.86356,0.4129
0,10,15.4416,16.8545,-1.91249,0.45464
0,10,15.5189,16.9357,-1.89331,0.468427
0,10,15.6101,16.9981,-1.88276,0.481078
0,10,15.7021,16.9535,-1.8533,0.522936
0,10,15.5097,17.0381,-1.86951,0.470247
0,10,15.5929,17.1055,-1.81202,0.463578
0,10,15.5008,17.1494,-1.80976,0.443571
0,10,15.5932,17.2133,-1.79606,0.458358
0,10,15.5009,17.2554,-1.79034,0.451396
0,10,15.332,17.4597,-1.81878,0.420157
0,10,15.2413,17.5124,-1.82717,0.401248
0,10,15.5169,17.4726,-1.79417,0.427959
0,10,15.3385,17.6716,-1.79219,0.393712
0,10,15.4322,17.6269,-1.78916,0.410909
0,10,15.1499,17.8674,-1.79033,0.341539
0,10,15.0582,18.0186,-1.80023,0.304052
0,10,14.874,18.1194,-1.8134,0.242572
0,10,14.9609,17.9617,-1.81075,0.281113
0,10,14.7822,18.1702,-1.8199,0.209605
0,10,14.6879,18.1184,-1.83227,0.188213
0,10,14.69,18.2239,-1.82487,0.175464
0,10,14.7732,17.9576,-1.83941,0.230003
0,10,14.7791,18.064,-1.82562,0.217611
0,10,14.498,18.0412,-1.86747,0.172245
0,10,14.3231,18.057,-1.87287,0.14967
0,10,14.4937,17.9321,-1.878,0.171388
0,10,14.2308,18.0161,-1.87481,0.149175
0,10,14.058,18.2418,-1.88141,0.10492
0,10,14.1515,18.1881,-1.86743,0.140023
0,10,13.9628,18.1817,-1.88412,0.08812
0,10,13.9685,18.2871,-1.90204,0.0769325
0,10,13.7721,18.4667,-1.89198,0.0743403
0,10,13.7649,18.3668,-1.91808,0.0735109
0,10,13.4809,18.4351,-1.88339,-0.0488519
0,10,13.663,18.3635,-1.90555,0.0146054
0,10,13.3866,18.4049,-1.87279,-0.0575248
0,10,12.982,18.5893,-1.78952,-0.0307744
0,10,13.2534,18.3386,-1.88292,-0.0156249
0,10,12.4209,18.981,-1.65463,-0.0666271
0,10,12.7083,18.7896,-1.78294,-0.0384128
0,10,11.8023,19.2557,-1.63733,-0.106764
0,10,11.9018,19.2542,-1.65903,-0.0822681
0,10,11.2973,19.595,-1.51555,-0.114956
0,10,11.6426,19.1684,-1.61851,-0.140089
0,10,11.33,19.4951,-1.52284,-0.11175
0,10,11.0875,19.3368,-1.53637,-0.127973
0,10,11.0533,19.437,-1.52333,-0.121454
0,10,11.0206,19.5364,-1.52829,-0.116441
0,10,10.9837,19.3495,-1.53135,-0.129101
0,10,11.0998,19.0602,-1.62948,-0.154517
0,10,10.7761,19.3672,-1.53621,-0.151571
0,10,10.5599,20.0041,-1.34626,-0.0342942
0,10,10.4203,20.1964,-1.06996,0.00974463
0,10,9.98422,20.2874,-0.88664,-0.0661118
0,10,10.2555,20.0738,-1.23935,0.0272162
0,10,9.03994,20.283,-0.958276,0.0319082
0,10,7.85899,20.3968,-0.580721,-0.0151131
0,10,5.21951,18.9989,-0.824287,-0.248504
0,10,4.70345,18.5614,-0.805576,-0.281689
0,10,5.01021,18.979,-0.823432,-0.23864
0,10,4.89905,19.1545,-0.7931,-0.217734
0,10,3.65174,16.3733,-0.784741,-0.509886
0,10,4.70123,18.9333,-0.792312,-0.253073
0,10,5.12019,18.2389,-0.837637,-0.301394
0,10,5.52697,19.0029,-0.832709,-0.246827
0,10,7.68474,16.2349,-1.04661,-0.625897
0,10,3.7394,16.9217,-0.78394,-0.468183
0,10,2.70825,17.6457,-0.668131,-0.536588
0,10,9.12667,16.3139,-1.26473,-0.705284
0,10,11.9435,15.3689,-1.98476,-0.449427
0,10,11.7453,15.2895,-1.97152,-0.490048
0,10,12.3859,15.4441,-1.97249,-0.375353
0,10,12.1877,15.3741,-1.98653,-0.39645
0,10,12.6136,15.648,-1.90889,-0.318595
0,10,12.4581,15.4103,-1.94835,-0.343935
0,10,12.2765,15.4058,-1.98611,-0.371595
0,10,13.2156,15.7423,-1.91343,-0.0721422
0,10,12.6396,15.4098,-1.9209,-0.255405
0,10,13.4108,15.7856,-1.89362,-0.0570778
0,10,14.5302,15.7169,-1.88664,0.187705
0,10,14.7186,15.8946,-1.95674,0.286338
0,10,15.0968,15.8623,-2.02009,0.338909
0,10,15.3126,15.951,-1.98467,0.414857
0,10,15.509,16.098,-1.9006,0.52053
0,10,15.4787,16.2047,-1.89403,0.514297
0,10,15.5744,16.1881,-1.90133,0.557295
0,10,15.6201,16.1007,-1.89756,0.581494
0,10,15.6768,16.2746,-1.8575,0.567171
0,10,15.7732,16.2432,-1.89418,0.551589
0,10,15.8621,16.2226,-1.87115,0.648506
0,10,15.7643,16.3494,-1.85156,0.581184
0,10,15.7493,16.5601,-1.8323,0.600791
0,10,15.6569,16.5923,-1.86075,0.554702
0,10,15.6302,16.7923,-1.88683,0.518799
0,10,15.4409,16.7305,-1.89446,0.475626
0,10,15.3484,16.8894,-1.89984,0.481953
0,10,15.5258,16.815,-1.89492,0.490328
0,10,15.6063,16.8891,-1.88404,0.499753
0,10,15.7169,16.8651,-1.87249,0.543377
0,10,15.8198,16.8382,-1.87378,0.532522
0,10,15.9407,16.7147,-1.81295,0.608288
0,10,15.8252,16.9327,-1.81107,0.506301
0,10,15.6892,17.0664,-1.81172,0.453428
0,10,15.7873,17.0165,-1.78811,0.477607
0,10,15.6864,17.1698,-1.80351,0.448774
0,10,15.5972,17.3188,-1.78286,0.453768
0,10,15.7818,17.1217,-1.80347,0.468763
0,10,15.5085,17.3644,-1.79637,0.441448
0,10,15.4218,17.413,-1.80811,0.432816
0,10,15.4273,17.5209,-1.80152,0.42032
0,10,15.5235,17.579,-1.78798,0.418373
0,10,15.4371,17.7307,-1.7755,0.402532
0,10,15.2479,17.8241,-1.78301,0.369198
0,10,15.3458,17.8774,-1.77044,0.3749
0,10,15.1533,17.9695,-1.79363,0.328695
0,10,14.9658,18.067,-1.80961,0.273358
0,10,15.3521,18.078,-1.77776,0.352072
0,10,15.0626,18.1226,-1.80024,0.296158
0,10,15.1565,18.0712,-1.79131,0.319986
0,10,14.5945,18.172,-1.84189,0.160214
0,10,14.6898,18.3277,-1.8274,0.16967
0,10,14.5907,18.0676,-1.85416,0.173929
0,10,14.3242,18.1647,-1.85979,0.14369
0,10,14.4152,18.103,-1.86189,0.165317
0,10,14.2351,18.1282,-1.86747,0.153821
0,10,14.4072,17.9899,-1.87158,0.167832
0,10,14.1506,18.2983,-1.87087,0.133437
0,10,14.0609,18.3497,-1.89357,0.0874139
0,10,13.9656,18.3913,-1.90267,0.062906
0,10,13.6753,18.4676,-1.88586,0.0335034
0,10,13.8683,18.3313,-1.91976,0.0601384
0,10,13.5266,18.5402,-1.85608,-0.0407012
0,10,13.5797,18.4463,-1.88213,-0.0349477
0,10,13.4273,18.5227,-1.84523,-0.0319877
0,10,13.8719,18.2308,-1.90327,0.0682406
0,10,13.3361,18.5231,-1.82366,-0.0319788
0,10,13.1245,18.501,-1.81705,-0.00716157
0,10,13.2943,18.4292,-1.85468,-0.025489
0,10,13.3557,18.3072,-1.894,-0.0619449
0,10,13.0775,18.598,-1.78676,-0.000115764
0,10,12.8036,18.7963,-1.78714,-0.0196195
0,10,12.219,18.952,-1.65085,0.00996362
0,10,11.4315,19.4856,-1.52172,-0.100995
0,10,11.6044,19.2704,-1.58501,-0.127561
0,10,11.4675,19.3858,-1.53992,-0.11048
0,10,11.3977,19.5878,-1.51041,-0.0990058
0,10,11.226,19.5102,-1.52461,-0.116543
0,10,11.3355,19.2114,-1.58073,-0.134778
0,10,11.1234,19.2389,-1.55626,-0.131827
0,10,10.8177,19.5568,-1.49148,-0.130475
0,10,11.1636,19.1402,-1.59879,-0.13259
0,10,10.8925,19.6488,-1.48308,-0.0849102
0,10,10.7191,19.567,-1.46076,-0.142783
0,10,10.3221,20.1577,-1.08398,0.0710315
0,10,10.1815,19.9788,-1.22439,-0.0401966
0,10,8.70048,20.3918,-0.378179,0.0526191
0,10,7.95232,20.3963,-0.515691,0.152985
0,10,4.75951,18.4706,-0.812945,-0.295084
0,10,5.01142,18.5942,-0.832094,-0.258329
0,10,4.75326,18.6631,-0.815237,-0.269356
0,10,4.74451,19.0423,-0.799448,-0.218807
0,10,6.00261,16.3197,-0.90682,-0.497189
0,10,5.48271,19.1055,-0.819407,-0.246193
0,10,3.5624,16.8172,-0.751679,-0.526835
0,10,8.04088,16.1712,-1.08951,-0.702934
0,10,3.3396,17.525,-0.776929,-0.506599
0,10,7.99679,16.337,-1.06731,-0.683136
0,10,8.99441,16.267,-1.20743,-0.709426
0,10,9.79425,16.3226,-1.3518,-0.690624
0,10,11.5065,15.4219,-1.88002,-0.592314
0,10,12.0795,15.2242,-2.00927,-0.421006
0,10,12.1077,15.3381,-1.99869,-0.414274
0,10,11.8244,15.2104,-2.00729,-0.466471
0,10,11.9524,15.1889,-2.00239,-0.473948
0,10,12.2503,15.2787,-2.00023,-0.362919
0,10,12.7376,15.4366,-1.93948,-0.216262
0,10,12.8487,15.7682,-1.8978,-0.181343
0,10,14.2792,15.7867,-1.88794,0.0727976
0,10,14.7308,15.7877,-1.92626,0.277215
0,10,14.9099,15.8586,-1.97184,0.313677
0,10,15.2065,16.0315,-1.92678,0.398458
0,10,15.5298,16.0095,-1.96153,0.534671
0,10,15.4195,15.9769,-1.99061,0.477331
0,10,15.4911,15.9098,-1.99529,0.516296
0,10,15.5933,15.9201,-1.99757,0.573301
0,10,15.6894,16.1736,-1.8863,0.550406
0,10,15.6415,16.0126,-1.94837,0.568383
0,10,15.7602,16.1183,-1.86792,0.561364
0,10,15.8595,16.126,-1.86748,0.649506
0,10,15.8535,16.4301,-1.85156,0.641535
0,10,15.75,16.6656,-1.85746,0.573975
0,10,15.8458,16.6432,-1.82118,0.59088
0,10,15.6466,16.6941,-1.89351,0.520291
0,10,15.7347,16.7636,-1.89433,0.547487
0,10,15.9409,16.6081,-1.79322,0.629524
0,10,15.8423,16.7447,-1.8659,0.556101
0,10,16.033,16.6851,-1.79199,0.710173
0,10,16.1243,16.6407,-1.80485,0.726545
0,10,16.0323,16.7954,-1.84617,0.715527
0,10,15.9354,16.8162,-1.85579,0.568846
0,10,15.9206,16.909,-1.80986,0.559504
0,10,15.9604,16.9978,-1.87384,0.581912
0,10,15.8803,17.0488,-1.8288,0.628542
0,10,16.058,16.9949,-1.83585,0.74136
0,10,15.9744,17.1056,-1.81251,0.585675
0,10,15.6899,17.2732,-1.78464,0.453526
0,10,15.6059,17.426,-1.78601,0.441875
0,10,15.7857,17.2252,-1.79932,0.468984
0,10,15.6147,17.5328,-1.78267,0.433623
0,10,15.5305,17.6825,-1.77514,0.412175
0,10,15.6308,17.74,-1.76131,0.420531
0,10,15.4414,17.8332,-1.76335,0.395748
0,10,15.2491,17.9253,-1.77884,0.358848
0,10,15.3493,17.9776,-1.76702,0.363953
0,10,15.2531,18.0266,-1.78212,0.345695
0,10,15.45,18.0351,-1.76104,0.375805
0,10,15.6496,18.1438,-1.74833,0.38024
0,10,15.5467,17.9869,-1.75001,0.388591
0,10,15.5505,18.0869,-1.75264,0.377646
0,10,15.158,18.1744,-1.80126,0.315157
0,10,15.254,18.1279,-1.79069,0.337731
0,10,14.7845,18.2761,-1.82018,0.204596
0,10,14.8776,18.2249,-1.81226,0.237146
0,10,14.327,18.2716,-1.85267,0.123493
0,10,14.4183,18.2142,-1.83779,0.160181
0,10,13.9526,18.4997,-1.87855,0.0548573
0,10,14.1457,18.4137,-1.88093,0.114573
0,10,13.8688,18.4296,-1.90003,0.0517361
0,10,13.6287,18.5582,-1.88042,0.0113123
0,10,13.2797,18.6139,-1.77719,-0.00915457
0,10,13.7392,18.5678,-1.88508,0.0667963
0,10,14.0485,18.4581,-1.88025,0.0736835
0,10,13.4719,18.629,-1.84522,-0.0200065
0,10,13.3762,18.6294,-1.82294,0.0106955
0,10,13.1257,18.7003,-1.75666,-0.0182469
0,10,13.2286,18.5148,-1.82028,-0.0130542
0,10,12.9937,18.8005,-1.78202,-0.0187026
0,10,12.5153,18.9977,-1.70791,0.00426942
0,10,12.8986,18.7916,-1.78421,-0.0561985
0,10,12.6607,18.8904,-1.77345,-0.0407975
0,10,13.0297,18.697,-1.76948,-0.0124217
0,10,12.5661,18.8958,-1.76684,-0.0148032
0,10,12.1871,19.0623,-1.68415,-0.0497263
0,10,12.0415,19.1599,-1.6775,-0.112446
0,10,11.5344,19.4739,-1.5343,-0.0958552
0,10,11.5975,19.5769,-1.54281,-0.0312354
0,10,11.1947,19.6117,-1.52492,-0.121358
0,10,11.3669,19.6906,-1.50929,-0.103127
0,10,11.3723,19.1094,-1.62684,-0.137276
0,10,10.9493,19.8563,-1.44364,0.0159288
0,10,10.8791,19.3581,-1.5279,-0.136596
0,10,10.9189,19.5468,-1.51874,-0.11845
0,10,10.6592,19.9912,-1.3648,-0.0775081
0,10,10.1725,20.2831,-0.889748,0.00963932
0,10,10.2757,19.9596,-1.2863,-0.0656411
0,10,9.22978,20.2895,-0.970138,0.0215093
0,10,8.1407,20.3977,-0.4142,0.112634
0,10,5.16644,19.0883,-0.814403,-0.246405
0,10,4.59499,18.7448,-0.805987,-0.273888
0,10,4.10378,19.4526,-0.537034,-0.153943
0,10,4.61711,18.0225,-0.766223,-0.320486
0,10,4.73533,19.5022,-0.594237,-0.142556
0,10,1.6753,16.8186,-0.608173,-0.724164
0,10,0.665845,17.0841,-0.139299,-0.354574
0,10,5.75743,16.5031,-0.909974,-0.477
0,10,3.47635,17.5028,-0.788887,-0.471884
0,10,4.95066,16.7228,-0.862923,-0.472458
0,10,9.60565,16.2211,-1.3246,-0.719771
0,10,5.6325,16.6226,-0.900921,-0.466903
0,10,8.14996,16.2908,-1.06831,-0.699414
0,10,11.5059,15.3185,-2.01182,-0.624317
0,10,11.7282,15.1738,-1.99259,-0.491373
0,10,12.5616,15.4234,-1.9332,-0.30969
0,10,13.1404,15.6787,-1.91028,-0.108442
0,10,13.3682,15.6841,-1.91282,-0.0454093
0,10,13.6651,15.7799,-1.84725,-0.0111213
0,10,14.6262,15.6839,-1.88358,0.195414
0,10,14.8286,15.7725,-1.94766,0.290618
0,10,15.2077,15.9302,-1.99211,0.388419
0,10,15.4372,15.7981,-1.99608,0.48643
0,10,15.1744,15.8184,-2.012,0.37191
0,10,15.0297,15.7402,-1.98846,0.267615
0,10,15.3831,15.8741,-1.99932,0.458301
0,10,15.539,15.819,-2.00094,0.540646
0,10,15.7412,16.0276,-1.9539,0.571869
0,10,15.9521,16.0798,-1.88666,0.647298
0,10,16.0475,16.14,-1.89694,0.654857
0,10,15.8632,16.3302,-1.88356,0.638158
0,10,15.8438,16.539,-1.82398,0.61764
0,10,16.0316,16.5766,-1.79632,0.688367
0,10,16.0505,16.3532,-1.87014,0.718307
0,10,16.1513,16.3179,-1.88523,0.75906
0,10,16.0303,16.4695,-1.80448,0.684367
0,10,16.1214,16.4301,-1.80007,0.715885
0,10,16.1257,16.536,-1.80473,0.717986
0,10,16.1261,16.7444,-1.83972,0.746943
0,10,16.2235,16.7064,-1.83583,0.782969
0,10,16.0288,16.8983,-1.80687,0.718663
0,10,16.2207,16.8068,-1.82819,0.778211
0,10,16.1241,16.8493,-1.83825,0.742396
0,10,16.2352,16.9064,-1.81104,0.762176
0,10,16.1421,16.9471,-1.82407,0.745561
0,10,15.9699,17.2074,-1.74063,0.603447
0,10,15.8765,17.1525,-1.79202,0.632137
0,10,15.6943,17.3761,-1.77202,0.448801
0,10,15.7888,17.3285,-1.77033,0.463355
0,10,15.7031,17.4825,-1.7785,0.436873
0,10,15.624,17.6371,-1.77564,0.426074
0,10,15.7233,17.6907,-1.76253,0.429064
0,10,15.5358,17.7851,-1.76285,0.404931
0,10,15.4469,17.9346,-1.75764,0.385574
0,10,15.5419,17.8859,-1.75081,0.397687
0,10,15.6432,17.9418,-1.74127,0.404475
0,10,15.6483,18.0426,-1.74094,0.392801
0,10,15.7436,17.9936,-1.72795,0.4079
0,10,15.6512,18.2455,-1.75745,0.363612
0,10,15.552,18.1878,-1.76645,0.364225
0,10,15.4524,18.2345,-1.78313,0.350211
0,10,15.2546,18.2296,-1.79926,0.330387
0,10,15.4536,18.1351,-1.77179,0.361908
0,10,15.3512,18.2763,-1.79876,0.332085
0,10,15.3532,18.177,-1.7864,0.341326
0,10,15.0644,18.3331,-1.80705,0.287657
0,10,14.9697,18.1722,-1.80575,0.267969
0,10,15.0635,18.2279,-1.80544,0.293246
0,10,14.4176,18.3278,-1.84487,0.152657
0,10,14.5022,18.1557,-1.84999,0.166942
0,10,14.2377,18.2443,-1.86605,0.155695
0,10,14.0275,18.5672,-1.86172,0.0626359
0,10,14.2314,18.3619,-1.86485,0.143911
0,10,14.3198,18.3757,-1.85274,0.115417
0,10,13.8517,18.5364,-1.86673,0.0556354
0,10,13.6858,18.6468,-1.88988,0.0423928
0,10,13.4148,18.7305,-1.78761,0.000477411
0,10,13.3167,18.7272,-1.77834,0.0731652
0,10,13.226,18.706,-1.73543,-0.0121926
0,10,13.1771,18.6031,-1.7808,-0.00969129
0,10,12.6144,18.9932,-1.72414,-0.028266
0,10,12.2435,19.1628,-1.6735,-0.0547046
0,10,12.3436,19.1674,-1.62936,-0.0544163
0,10,12.1432,19.1613,-1.69865,-0.0766295
0,10,11.8271,19.4574,-1.59574,-0.0519611
0,10,12.281,19.0611,-1.65613,-0.00567053
0,10,12.3809,19.0738,-1.62727,-0.0391745
0,10,11.6665,19.369,-1.58523,-0.072844
0,10,11.7643,19.3585,-1.61301,-0.0818288
0,10,11.3171,19.8943,-1.51913,-0.0962018
0,10,11.4194,19.8803,-1.54599,-0.0801805
0,10,10.9908,19.638,-1.51777,-0.0992283
0,10,10.9656,19.7431,-1.47126,-0.0504428
0,10,11.1922,19.3249,-1.54315,-0.122684
0,10,10.5386,20.1006,-1.35315,-0.0223083
0,10,10.4264,20.1037,-1.33767,-0.058729
0,10,10.0817,20.2822,-0.872362,0.0207363
0,10,9.73314,20.1873,-0.86594,-0.12237
0,10,9.3202,20.2864,-0.941795,0.0391979
0,10,8.33071,20.3968,-0.35651,0.0606833
0,10,5.06082,19.0779,-0.812088,-0.237183
0,10,5.31776,18.8117,-0.84093,-0.254969
0,10,4.51734,19.0307,-0.77942,-0.202697
0,10,6.20876,16.3156,-0.91686,-0.49615
0,10,1.23524,18.1469,-0.13866,-0.173082
0,10,3.29592,19.6253,-0.214703,-0.149356
0,10,7.81812,16.1639,-1.08568,-0.691758
0,10,2.03217,17.4258,-0.58161,-0.570735
0,10,3.37781,17.2938,-0.756396,-0.588888
0,10,2.7919,17.5867,-0.687308,-0.543513
0,10,6.54865,16.4019,-0.971183,-0.520538
0,10,2.79791,17.6941,-0.665879,-0.534925
0,10,3.95413,17.0843,-0.795435,-0.483568
0,10,9.02518,16.3404,-1.24651,-0.674933
0,10,12.2266,15.1257,-2.01662,-0.381383
0,10,12.7739,15.6979,-1.90979,-0.179232
0,10,14.0901,15.7979,-1.87192,0.0614131
0,10,13.5665,15.7539,-1.87299,-0.0224881
0,10,14.7337,15.6882,-1.91101,0.243421
0,10,14.8153,15.8782,-1.95928,0.306744
0,10,14.8392,15.6739,-1.96956,0.25097
0,10,14.9289,15.7526,-1.98125,0.287454
0,10,15.2743,15.8526,-2.02082,0.402533
0,10,15.3571,15.6864,-1.99901,0.449096
0,10,15.4601,15.7061,-1.9942,0.498689
0,10,15.5669,15.7323,-2.00044,0.527057
0,10,15.7068,15.9271,-1.99534,0.562811
0,10,15.9259,15.9686,-1.94801,0.64729
0,10,15.9616,16.1855,-1.86929,0.661195
0,10,15.9362,16.5019,-1.80418,0.649135
0,10,15.9581,16.2894,-1.87939,0.676508
0,10,16.024,16.0202,-1.92617,0.621294
0,10,15.9557,16.3932,-1.8591,0.672704
0,10,16.2157,16.3967,-1.78935,0.74701
0,10,16.2492,16.2725,-1.92849,0.809342
0,10,16.2194,16.5026,-1.81143,0.755636
0,10,16.2215,16.6047,-1.8094,0.772213
0,10,16.3219,16.6635,-1.83233,0.796487
0,10,16.4206,16.6261,-1.82556,0.82173
0,10,16.321,16.7627,-1.83152,0.792553
0,10,16.3254,16.86,-1.80133,0.775982
0,10,16.4271,16.8218,-1.7858,0.807294
0,10,16.5269,16.7841,-1.79362,0.805741
0,10,16.2373,17.0131,-1.76352,0.721694
0,10,16.0644,17.1069,-1.80446,0.699412
0,10,15.879,17.2616,-1.762,0.578652
0,10,15.969,17.3158,-1.71399,0.576605
0,10,15.8814,17.3734,-1.74651,0.529599
0,10,15.7928,17.4337,-1.76643,0.455893
0,10,15.8052,17.5384,-1.77471,0.447124
0,10,15.8153,17.6421,-1.76364,0.440694
0,10,15.6383,17.8411,-1.74876,0.412462
0,10,15.7388,17.8932,-1.73571,0.418759
0,10,15.8342,17.8469,-1.73523,0.431122
0,10,15.9338,17.8993,-1.71797,0.436624
0,10,15.8407,17.9487,-1.72249,0.422344
0,10,15.7463,18.0953,-1.73248,0.396425
0,10,15.4509,18.3333,-1.78875,0.336178
0,10,15.4446,18.4324,-1.78502,0.324293
0,10,15.348,18.3751,-1.79881,0.32328
0,10,15.2517,18.3328,-1.80543,0.329246
0,10,15.06,18.5441,-1.79952,0.277286
0,10,15.1568,18.3837,-1.80933,0.312118
0,10,14.9669,18.4898,-1.81646,0.251719
0,10,15.062,18.4398,-1.81056,0.284541
0,10,14.971,18.3842,-1.81262,0.259191
0,10,15.1586,18.2781,-1.80209,0.31212
0,10,14.8767,18.3312,-1.81923,0.231963
0,10,14.9704,18.2785,-1.8135,0.264115
0,10,14.7816,18.3818,-1.82811,0.198891
0,10,14.5933,18.2746,-1.83352,0.148785
0,10,14.6845,18.4316,-1.8352,0.162451
0,10,14.3101,18.4785,-1.85826,0.114879
0,10,14.1266,18.527,-1.86714,0.100356
0,10,14.2186,18.4826,-1.86234,0.121927
0,10,13.9238,18.6073,-1.8521,0.0542417
0,10,13.5726,18.6432,-1.88417,0.00607824
0,10,13.0442,18.9015,-1.74709,-0.0631619
0,10,13.509,18.7362,-1.8035,0.0312676
0,10,12.946,18.901,-1.77719,-0.0398165
0,10,13.0892,18.8004,-1.76064,-0.0394896
0,10,12.7543,18.8996,-1.78333,-0.0196365
0,10,12.8514,18.8969,-1.77317,-0.045952
0,10,12.1012,19.2582,-1.68446,-0.0821074
0,10,12.2043,19.2582,-1.66283,-0.0924072
0,10,11.7297,19.4623,-1.58284,-0.0551918
0,10,11.9585,19.3575,-1.64642,-0.0722269
0,10,11.8625,19.3551,-1.63534,-0.0670317
0,10,11.9997,19.2576,-1.67274,-0.0932993
0,10,12.0865,19.0629,-1.66937,-0.130374
0,10,11.5146,19.8865,-1.51476,-0.0460407
0,10,11.1638,19.7112,-1.52515,-0.121245
0,10,10.6438,19.4765,-1.49782,-0.158069
0,10,10.8467,19.4573,-1.5173,-0.142637
0,10,10.0293,20.1872,-0.920779,-0.0162818
0,10,10.2682,20.2866,-0.853034,0.0867399
0,10,9.92588,20.1958,-0.919491,-0.0382149
0,10,9.63698,20.1787,-0.89632,-0.0655294
0,10,9.41236,20.2837,-0.927197,-0.079599
0,10,8.51791,20.3934,-0.361107,0.0368509
0,10,4.80531,18.7589,-0.816963,-0.265918
0,10,5.26658,18.7101,-0.841203,-0.259304
0,10,4.79359,19.1388,-0.786635,-0.213391
0,10,7.42209,16.1921,-0.995547,-0.58735
0,10,0.870056,16.2435,-0.410689,-1.05301
0,10,8.24919,16.0773,-1.10801,-0.717944
0,10,4.00444,16.6881,-0.803364,-0.497338
0,10,1.0861,18.0138,-0.0942277,-0.173258
0,10,5.87946,16.4479,-0.907693,-0.514325
0,10,3.13184,17.4796,-0.709054,-0.555054
0,10,2.38217,17.5257,-0.608429,-0.545855
0,10,2.61705,17.5863,-0.668133,-0.551625
0,10,12.3796,15.192,-1.99352,-0.317758
0,10,12.6994,15.5251,-1.91291,-0.212623
0,10,13.2743,15.6554,-1.92286,-0.0635118
0,10,13.7926,15.6845,-1.88586,-0.0172364
0,10,14.4345,15.7048,-1.88684,0.124441
0,10,14.6294,15.5925,-1.97776,0.163951
0,10,14.7321,15.5946,-1.99681,0.218769
0,10,15.1123,15.7291,-1.96904,0.350946
0,10,14.9453,15.6542,-1.99104,0.268721
0,10,14.6414,15.4929,-1.95074,0.155954
0,10,15.2257,15.7357,-1.98607,0.385198
0,10,15.6479,15.8368,-2.03501,0.547054
0,10,15.6025,15.6448,-1.98734,0.550498
0,10,15.8085,15.9309,-1.97692,0.65234
0,10,15.9836,15.9006,-1.98972,0.622176
0,10,16.078,15.9025,-1.98779,0.690476
0,10,16.1092,16.0008,-1.91296,0.687746
0,10,16.1296,16.1092,-1.90429,0.694607
0,10,16.0552,16.2515,-1.90087,0.700182
0,10,16.1481,16.2184,-1.94036,0.731671
0,10,16.3038,16.3538,-1.78485,0.768272
0,10,16.3931,16.3107,-1.80426,0.773119
0,10,16.3177,16.5633,-1.82212,0.79084
0,10,16.3137,16.4612,-1.81626,0.778739
0,10,16.5136,16.5819,-1.82204,0.832989
0,10,16.4225,16.7254,-1.82339,0.819913
0,10,16.5214,16.6846,-1.82391,0.821149
0,10,16.6152,16.6418,-1.8011,0.859225
0,10,16.6239,16.7426,-1.77842,0.836929
0,10,16.4208,16.9206,-1.73164,0.770456
0,10,16.3295,16.9684,-1.74597,0.730771
0,10,16.1506,17.0599,-1.78128,0.692444
0,10,16.064,17.3551,-1.69398,0.596159
0,10,16.0563,17.2419,-1.72798,0.598307
0,10,15.9792,17.4224,-1.70948,0.549297
0,10,15.7142,17.5868,-1.77418,0.434919
0,10,15.9042,17.5873,-1.75659,0.460964
0,10,15.8266,17.7447,-1.75235,0.436214
0,10,15.7323,17.792,-1.74797,0.424686
0,10,16.0324,17.9565,-1.70955,0.423068
0,10,15.9382,18.0021,-1.71039,0.430072
0,10,15.7473,18.3005,-1.744,0.359364
0,10,15.7466,18.1971,-1.73459,0.380837
0,10,15.5511,18.2872,-1.7729,0.35035
0,10,15.5467,18.3875,-1.77515,0.335714
0,10,15.3415,18.4749,-1.79969,0.313903
0,10,15.241,18.5471,-1.79852,0.329164
0,10,15.1431,18.7078,-1.76958,0.291547
0,10,15.2194,18.7725,-1.70588,0.26389
0,10,15.2103,18.8785,-1.65479,0.236902
0,10,15.1557,18.4898,-1.80073,0.310014
0,10,15.2485,18.4374,-1.80485,0.324772
0,10,14.6691,18.6353,-1.81493,0.158735
0,10,14.7701,18.5887,-1.82672,0.184942
0,10,14.8696,18.5403,-1.82297,0.216349
0,10,14.6791,18.5333,-1.82849,0.157169
0,10,14.8755,18.4355,-1.81941,0.224579
0,10,14.5792,18.5815,-1.82069,0.140999
0,10,14.4101,18.4391,-1.85679,0.142118
0,10,14.5016,18.2719,-1.83938,0.174818
0,10,14.592,18.3771,-1.83571,0.143774
0,10,14.3956,18.5468,-1.84624,0.13079
0,10,14.4978,18.3892,-1.84145,0.167672
0,10,13.9085,18.708,-1.80871,0.0466821
0,10,14.2027,18.5972,-1.83779,0.105805
0,10,13.6077,18.7393,-1.80728,0.0100144
0,10,13.7084,18.7388,-1.7978,0.03459
0,10,12.9035,19.0028,-1.73278,-0.0398939
0,10,13.1463,18.9016,-1.71633,-0.0640227
0,10,12.8061,18.9982,-1.73537,-0.0419057
0,10,12.667,19.1045,-1.71447,-0.00500597
0,10,12.5716,19.0935,-1.71085,-0.00535015
0,10,12.7088,19.0016,-1.73242,-0.00784317
0,10,12.3083,19.2631,-1.62563,-0.0849894
0,10,12.4731,19.0993,-1.68342,0.0544689
0,10,11.7952,19.5608,-1.56052,-0.0470605
0,10,11.7413,19.7606,-1.532,-0.0338086
0,10,11.4383,19.7773,-1.51973,-0.0685852
0,10,11.1382,19.8138,-1.5034,-0.0971578
0,10,11.2685,19.6954,-1.52169,-0.128498
0,10,11.092,19.6238,-1.53389,-0.110242
0,10,10.6451,20.0927,-1.34791,-0.0659551
0,10,10.7664,19.875,-1.45105,-0.0767568
0,10,10.6348,20.1868,-1.15723,-0.0750396
0,10,9.78903,20.284,-0.841386,-0.131848
0,10,9.69091,20.2882,-0.844223,-0.0973754
0,10,9.50178,20.2904,-0.892414,-0.0419737
0,10,8.60897,20.3926,-0.367627,-0.0544392
0,10,4.61327,19.3029,-0.660974,-0.157344
0,10,4.52362,19.3352,-0.663601,-0.201021
0,10,4.34332,19.1056,-0.689259,-0.227716
0,10,5.71552,18.7776,-0.878668,-0.240389
0,10,2.63923,16.47,-0.767652,-0.60092
0,10,1.59036,16.791,-0.586537,-0.771804
0,10,1.4475,16.6627,-0.542922,-0.864859
0,10,2.76352,17.2216,-0.711967,-0.586863
0,10,7.9183,16.1847,-1.07781,-0.702285
0,10,2.63548,17.4476,-0.646655,-0.594382
0,10,4.33606,16.9619,-0.813664,-0.451681
0,10,12.026,15.1311,-2.01207,-0.438725
0,10,13.0258,15.7293,-1.87225,-0.138552
0,10,13.6866,15.6766,-1.88548,0.0219498
0,10,14.1873,15.7178,-1.90101,0.0504538
0,10,13.9823,15.7409,-1.89154,0.0731816
0,10,14.5176,15.6167,-1.91127,0.183764
0,10,14.3331,15.629,-1.89652,0.0973422
0,10,14.08,15.7009,-1.90533,0.0638456
0,10,14.4251,15.5961,-1.90323,0.108492
0,10,14.8336,15.58,-1.99062,0.241201
0,10,15.0298,15.6202,-1.956,0.306838
0,10,15.3284,15.7712,-1.99805,0.44252
0,10,15.7563,15.832,-2.01504,0.624878
0,10,15.6743,15.7459,-1.99208,0.570465
0,10,15.8468,16.0257,-1.91613,0.649187
0,10,16.2043,15.9652,-1.92058,0.743712
0,10,16.2132,16.0672,-1.89789,0.758195
0,10,16.3018,16.0181,-1.91662,0.781266
0,10,16.2377,16.1727,-1.94781,0.794154
0,10,16.3432,16.2243,-1.95147,0.821241
0,10,16.4108,16.0854,-1.95056,0.834993
0,10,16.4033,16.4191,-1.81228,0.807011
0,10,16.4823,16.2708,-1.80347,0.827626
0,10,16.4138,16.5236,-1.82242,0.817371
0,10,16.6054,16.5386,-1.79337,0.882361
0,10,16.7047,16.4805,-1.80776,0.946509
0,10,16.4934,16.3752,-1.82626,0.836067
0,10,16.718,16.676,-1.78103,0.948564
0,10,16.5263,16.8832,-1.70053,0.774213
0,10,16.3165,17.0782,-1.6703,0.679154
0,10,16.2255,17.1327,-1.68015,0.646036
0,10,16.1304,17.1781,-1.68436,0.631475
0,10,16.2482,17.343,-1.69736,0.63944
0,10,16.0762,17.4634,-1.68641,0.573421
0,10,15.891,17.4798,-1.74634,0.495209
0,10,15.9895,17.5282,-1.71519,0.516962
0,10,15.9161,17.6912,-1.75323,0.451623
0,10,15.9258,17.796,-1.73637,0.446008
0,10,16.0255,17.8487,-1.71835,0.433868
0,10,15.8427,18.257,-1.71875,0.384851
0,10,15.843,18.0507,-1.71797,0.412534
0,10,15.5365,18.5851,-1.72927,0.296882
0,10,15.6478,18.3462,-1.75928,0.347611
0,10,15.5418,18.4859,-1.75239,0.318267
0,10,15.234,18.6575,-1.7581,0.311468
0,10,15.3346,18.5735,-1.77748,0.299341
0,10,15.3282,18.6723,-1.73406,0.288619
0,10,15.4326,18.6278,-1.73983,0.281135
0,10,15.3172,18.7655,-1.68685,0.281817
0,10,15.4186,18.8105,-1.65093,0.254356
0,10,15.2029,18.9716,-1.61399,0.220298
0,10,15.1231,18.8162,-1.7168,0.252752
0,10,15.3087,18.8618,-1.64496,0.266357
0,10,15.042,18.7536,-1.77466,0.247798
0,10,15.1495,18.599,-1.79327,0.307744
0,10,14.8663,18.6417,-1.81073,0.209618
0,10,14.9647,18.5943,-1.8094,0.2402
0,10,14.576,18.775,-1.79,0.148384
0,10,14.4793,18.8093,-1.77755,0.134249
0,10,14.7786,18.4858,-1.82687,0.191083
0,10,14.5837,18.4785,-1.83827,0.141609
0,10,14.5612,18.6796,-1.80068,0.143085
0,10,14.4901,18.504,-1.84152,0.152127
0,10,14.4593,18.7162,-1.79607,0.130145
0,10,14.1712,18.7115,-1.79327,0.0902129
0,10,14.2708,18.6872,-1.80243,0.114253
0,10,13.6635,18.8397,-1.78292,0.016916
0,10,14.2958,18.5821,-1.83682,0.115495
0,10,13.8138,18.6328,-1.8606,0.0366449
0,10,13.5629,18.8377,-1.78114,0.0210278
0,10,13.1882,18.8043,-1.7348,-0.0357541
0,10,13.2754,18.8302,-1.77331,0.0973854
0,10,12.53,19.194,-1.70017,0.0321931
0,10,12.6263,19.2047,-1.69424,-0.00948544
0,10,12.1648,19.352,-1.64171,-0.107424
0,10,12.0597,19.3547,-1.65756,-0.080777
0,10,11.8876,19.5659,-1.56227,-0.0359556
0,10,11.6656,19.6678,-1.53969,-0.0157511
0,10,11.4668,19.6743,-1.52007,-0.0771452
0,10,11.5641,19.6771,-1.52906,-0.0253729
0,10,11.0632,19.7255,-1.51009,-0.0952801
0,10,11.1564,19.4237,-1.52755,-0.11666
0,10,11.1238,19.5238,-1.52936,-0.116145
0,10,10.8735,19.7559,-1.43259,-0.0482756
0,10,10.7442,20.0865,-1.3615,0.00456438
0,10,10.7359,20.1883,-1.10131,-0.020834
0,10,9.88164,20.2891,-0.900865,-0.0244878
0,10,9.82821,20.1775,-0.891074,-0.13449
0,10,8.78929,20.3892,-0.385639,-0.0299579
0,10,4.64283,19.0174,-0.78125,-0.246843
0,10,5.16478,18.7054,-0.839654,-0.254525
0,10,4.18595,18.3017,-0.724192,-0.350331
0,10,4.7322,19.2251,-0.769951,-0.180845
0,10,4.78025,19.4123,-0.640804,-0.168802
0,10,7.66855,16.1414,-1.08687,-0.639945
0,10,2.48807,19.2169,-0.218,-0.163124
0,10,5.03456,16.4918,-0.787377,-0.445575
0,10,3.99769,16.9136,-0.808948,-0.515631
0,10,2.88899,17.6472,-0.679037,-0.523834
0,10,12.1721,15.2413,-1.99982,-0.400316
0,10,12.709,15.6317,-1.90606,-0.213805
0,10,13.4714,15.7091,-1.88743,-0.0324937
0,10,13.1947,15.5954,-1.93323,-0.0876376
0,10,13.8871,15.708,-1.91255,0.0121771
0,10,13.5934,15.6568,-1.91127,-0.0146501
0,10,14.2456,15.6575,-1.91921,0.0655886
0,10,13.8132,15.59,-1.95066,-0.039377
0,10,14.7413,15.492,-1.95421,0.223027
0,10,14.5391,15.5211,-1.94773,0.137458
0,10,15.2483,15.6507,-1.9821,0.383624
0,10,15.0707,15.541,-1.96939,0.31097
0,10,15.4969,15.6224,-1.98543,0.511068
0,10,15.8019,15.7575,-2.00652,0.63936
0,10,15.872,15.8624,-2.01555,0.654308
0,10,16.107,15.7802,-1.98467,0.743064
0,10,16.1687,15.8709,-1.98071,0.753756
0,10,16.3231,16.124,-1.93932,0.823047
0,10,16.2921,15.912,-1.93214,0.778942
0,10,16.3911,15.9829,-1.91666,0.829049
0,10,16.436,16.1844,-1.942,0.853375
0,10,16.5021,16.0527,-1.9323,0.897433
0,10,16.5038,16.4768,-1.82308,0.842511
0,10,16.5774,16.2342,-1.80861,0.875137
0,10,16.531,16.1457,-1.9578,0.910005
0,10,16.4387,15.9145,-1.91031,0.844325
0,10,16.5862,16.3389,-1.8136,0.891747
0,10,16.7058,16.5768,-1.77339,0.943338
0,10,16.6287,16.8418,-1.71638,0.816749
0,10,16.4129,17.0332,-1.65994,0.710812
0,10,16.2292,17.2347,-1.69974,0.64833
0,10,16.1469,17.2915,-1.71346,0.619813
0,10,16.1747,17.504,-1.67117,0.615016
0,10,16.16,17.3984,-1.66855,0.616709
0,10,16.0874,17.57,-1.68958,0.548812
0,10,16.0052,17.6341,-1.73986,0.487289
0,10,16.015,17.741,-1.73591,0.457791
0,10,16.1175,17.9018,-1.69703,0.419803
0,10,15.8439,18.1536,-1.72314,0.397995
0,10,15.9389,18.1045,-1.70543,0.417302
0,10,15.8468,18.3602,-1.71566,0.357355
0,10,15.7468,18.3996,-1.72929,0.338807
0,10,15.6455,18.4447,-1.74708,0.326597
0,10,15.5355,18.6807,-1.6854,0.271153
0,10,15.4399,18.5308,-1.76599,0.300805
0,10,15.434,18.723,-1.6883,0.261343
0,10,15.2975,19.1339,-1.59847,0.20031
0,10,15.3283,18.9518,-1.56459,0.232484
0,10,15.3367,19.3248,-1.50574,0.112072
0,10,15.2883,19.0319,-1.60124,0.203369
0,10,15.3007,19.2342,-1.6227,0.188629
0,10,15.1936,19.077,-1.59872,0.20622
0,10,15.1035,19.0241,-1.61906,0.207926
0,10,15.1053,19.1311,-1.59654,0.198282
0,10,15.1069,18.9207,-1.65257,0.227154
0,10,15.0526,18.6504,-1.79731,0.262962
0,10,15.0219,18.8604,-1.70987,0.218802
0,10,14.9541,18.7,-1.80052,0.230098
0,10,14.7691,18.69,-1.80344,0.184693
0,10,14.8542,18.7485,-1.79413,0.204578
0,10,14.5623,18.8827,-1.75101,0.14905
0,10,14.6702,18.7319,-1.79784,0.161987
0,10,14.4678,18.9184,-1.73263,0.137031
0,10,14.373,18.9502,-1.72018,0.124237
0,10,13.9965,18.9692,-1.74549,0.0418445
0,10,14.3848,18.841,-1.76629,0.125588
0,10,14.4773,18.6127,-1.81707,0.137934
0,10,14.3773,18.6538,-1.81289,0.120907
0,10,14.0435,18.8575,-1.76177,0.0633774
0,10,13.4212,18.9408,-1.75841,0.0325285
0,10,14.0066,18.6721,-1.82128,0.0556296
0,10,13.4665,18.8413,-1.78171,0.030058
0,10,13.1074,18.9975,-1.69932,-0.0862327
0,10,13.3717,18.8297,-1.77304,0.0250553
0,10,12.7638,19.0999,-1.71164,-0.02703
0,10,12.0208,19.4525,-1.61669,-0.0682402
0,10,12.3941,19.3048,-1.67454,0.107153
0,10,11.9216,19.4603,-1.60499,-0.0538433
0,10,11.6957,19.5656,-1.5557,-0.0319514
0,10,11.6317,19.4727,-1.55952,-0.0463171
0,10,11.7656,19.6608,-1.54429,-0.0435442
0,10,11.4991,19.5734,-1.51891,-0.0839139
0,10,11.2911,19.9968,-1.50281,-0.0884277
0,10,11.2401,19.7935,-1.51634,-0.127061
0,10,11.3402,19.7951,-1.52194,-0.110676
0,10,10.8492,19.9721,-1.42585,-0.0999982
0,10,10.8168,20.2844,-0.692747,-0.1123
0,10,10.3492,20.2699,-0.83973,0.168629
0,10,9.33517,20.3938,-0.308625,-0.103631
0,10,8.88051,20.3939,-0.374429,0.0859905
0,10,1.99964,18.8522,-0.233664,-0.230291
0,10,5.41753,18.8086,-0.846423,-0.26142
0,10,4.58902,19.0989,-0.749092,-0.233591
0,10,2.82725,19.3113,-0.293581,-0.208475
0,10,4.41017,19.0203,-0.740576,-0.23659
0,10,5.63404,18.4902,-0.888119,-0.292515
0,10,7.36528,16.2172,-0.989587,-0.596007
0,10,4.78596,16.5862,-0.837606,-0.462915
0,10,11.5802,15.1888,-1.97736,-0.511258
0,10,12.4102,15.2976,-1.97531,-0.337304
0,10,11.6598,15.2563,-1.98537,-0.501059
0,10,12.8587,15.6409,-1.89557,-0.152715
0,10,12.2948,15.1882,-2.01256,-0.357718
0,10,13.4006,15.5886,-1.94113,-0.0330275
0,10,12.6769,15.313,-1.94645,-0.273102
0,10,13.1071,15.7769,-1.88856,-0.0919442
0,10,13.4997,15.6173,-1.92817,-0.0325574
0,10,13.9048,15.5897,-1.92053,0.0395067
0,10,13.9844,15.6391,-1.93144,0.0662774
0,10,14.9289,15.5509,-1.94945,0.289146
0,10,15.386,15.5959,-1.98043,0.475481
0,10,15.7212,15.6718,-1.99109,0.586572
0,10,15.9176,15.7897,-2.03458,0.638164
0,10,15.8467,15.6822,-2.06028,0.600548
0,10,16.0193,15.803,-2.0246,0.636655
0,10,16.1628,15.7065,-2.00153,0.754911
0,10,16.1086,15.6103,-2.03178,0.733082
0,10,16.2326,15.8084,-1.95609,0.789629
0,10,16.322,15.6447,-2.03137,0.814424
0,10,16.3426,15.8455,-1.93289,0.806258
0,10,16.2716,15.7284,-2.00282,0.808358
0,10,16.2162,15.6247,-2.04811,0.767272
0,10,16.4595,15.7178,-1.94582,0.903192
0,10,16.4579,15.8262,-1.94414,0.842179
0,10,16.6557,16.1731,-1.847,0.92116
0,10,16.6005,16.4386,-1.81762,0.89159
0,10,16.7281,16.7711,-1.74826,0.945934
0,10,16.5058,16.9812,-1.65364,0.731818
0,10,16.3212,17.1826,-1.68566,0.674889
0,10,16.4149,17.1354,-1.66741,0.699643
0,10,16.3298,17.2859,-1.69293,0.667814
0,10,16.2607,17.4479,-1.66689,0.650701
0,10,16.1835,17.6084,-1.6595,0.601276
0,10,16.1001,17.6811,-1.69917,0.494675
0,10,16.2051,17.8121,-1.67656,0.592218
0,10,16.1093,17.7904,-1.69844,0.447731
0,10,16.0353,18.1679,-1.69563,0.425576
0,10,15.9386,18.2076,-1.70946,0.40103
0,10,15.9388,18.3097,-1.69386,0.381165
0,10,15.8457,18.4602,-1.70743,0.340813
0,10,15.7437,18.4983,-1.71902,0.319979
0,10,15.639,18.5423,-1.7163,0.312311
0,10,15.3955,19.1787,-1.59985,0.178353
0,10,15.4224,18.9027,-1.58112,0.232598
0,10,15.8526,19.5335,-1.38057,0.225952
0,10,15.9103,19.7145,-1.21293,0.119362
0,10,15.6205,19.4004,-1.45071,0.162762
0,10,15.9547,19.7996,-1.13273,0.0690109
0,10,15.5285,19.3529,-1.46529,0.18216
0,10,15.2052,19.1818,-1.60886,0.21249
0,10,15.3477,19.43,-1.47181,0.115547
0,10,15.1141,19.238,-1.62403,0.209431
0,10,15.1128,19.3409,-1.63186,0.219096
0,10,14.9202,19.4383,-1.58058,0.146294
0,10,15.0159,19.1796,-1.5951,0.178352
0,10,15.0218,19.2883,-1.62432,0.19567
0,10,15.0105,18.9682,-1.64798,0.195797
0,10,14.8409,18.8545,-1.75068,0.193082
0,10,14.6597,18.8414,-1.76863,0.161395
0,10,14.7549,18.7966,-1.78521,0.180592
0,10,14.5513,18.9902,-1.70646,0.149852
0,10,14.2904,18.875,-1.75309,0.123595
0,10,14.2752,18.9807,-1.71855,0.115374
0,10,13.8672,19.1012,-1.70846,0.028302
0,10,14.0944,18.9384,-1.74027,0.0695922
0,10,14.2475,18.7874,-1.77163,0.113575
0,10,13.7944,19.0163,-1.73782,0.021659
0,10,14.1432,18.8156,-1.77031,0.0779081
0,10,14.3524,18.7523,-1.78637,0.122001
0,10,14.1071,18.6361,-1.83291,0.0869683
0,10,14.0689,18.7492,-1.78816,0.0688414
0,10,12.9639,19.0971,-1.69012,-0.0760026
0,10,12.6523,19.4031,-1.65095,-0.00631807
0,10,12.8624,19.1027,-1.70486,-0.0463001
0,10,13.003,18.999,-1.71625,-0.0804954
0,10,12.4319,19.2017,-1.68029,0.0984135
0,10,12.1263,19.4449,-1.6157,-0.106426
0,10,11.9344,19.7694,-1.53069,0.000228185
0,10,11.952,19.6584,-1.5495,-0.0212973
0,10,11.859,19.6748,-1.537,-0.0328618
0,10,11.6086,19.8663,-1.51962,0.0117342
0,10,11.3887,19.9804,-1.54763,-0.0398243
0,10,11.4861,19.9886,-1.5502,-0.130205
0,10,11.2872,20.0979,-1.34969,-0.0227426
0,10,11.1934,19.9929,-1.45624,-0.0771639
0,10,10.9388,19.9737,-1.37464,0.0534604
0,10,10.9299,20.1895,-1.079,-0.0338117
0,10,10.4448,20.301,-0.750572,-0.0600036
0,10,9.88482,20.3948,-0.574956,-0.0355276
0,10,8.96963,20.3885,-0.39113,-0.0373023
0,10,4.94522,19.253,-0.783807,-0.2074
0,10,3.90454,19.0538,-0.604196,-0.248584
0,10,3.29591,19.5307,-0.391799,-0.177152
0,10,2.7203,16.9025,-0.747121,-0.613866
0,10,4.15812,19.5503,-0.501807,-0.141372
0,10,7.12674,16.3506,-1.02308,-0.557706
0,10,3.58403,17.5068,-0.783015,-0.472948
0,10,7.4217,16.312,-1.03309,-0.593818
0,10,7.36981,16.3761,-1.07511,-0.608547
0,10,2.55294,17.4992,-0.63021,-0.596206
0,10,11.0966,15.6439,-1.80338,-0.647041
0,10,3.27488,17.7023,-0.709121,-0.477258
0,10,12.137,15.1308,-2.02432,-0.388531
0,10,12.8314,15.4642,-1.94343,-0.193376
0,10,12.2539,15.0201,-2.04397,-0.363053
0,10,13.1075,15.55,-1.93972,-0.148409
0,10,14.835,15.4748,-1.94095,0.268636
0,10,14.363,15.5137,-1.93466,0.118494
0,10,15.1373,15.6367,-1.9676,0.342193
0,10,15.18,15.5532,-1.96687,0.357318
0,10,15.443,15.5193,-1.94123,0.496362
0,10,15.9523,15.6992,-2.06257,0.640377
0,10,15.6555,15.5721,-1.97649,0.561825
0,10,15.5807,15.4562,-2.0254,0.505295
0,10,15.8928,15.5982,-2.04377,0.608369
0,10,15.9001,15.4972,-2.0488,0.620191
0,10,16.0461,15.6863,-2.00431,0.736692
0,10,15.9923,15.5933,-2.03469,0.733564
0,10,16.2216,15.5287,-2.07623,0.765209
0,10,16.4133,15.6266,-2.0356,0.883229
0,10,16.3747,15.754,-1.98074,0.809767
0,10,16.6149,16.0826,-1.95608,0.949106
0,10,16.5335,15.9687,-1.94427,0.881999
0,10,16.691,16.3817,-1.8049,0.944163
0,10,16.8038,16.4466,-1.79708,0.988205
0,10,16.6199,16.9371,-1.63929,0.806594
0,10,16.5996,17.0323,-1.62317,0.768807
0,10,16.509,17.0866,-1.64283,0.719237
0,10,16.424,17.2375,-1.6938,0.694372
0,10,16.3477,17.3923,-1.68057,0.663762
0,10,16.4313,17.3382,-1.67846,0.70004
0,10,16.2741,17.556,-1.65246,0.630115
0,10,16.3584,17.4995,-1.63841,0.648165
0,10,16.1973,17.7105,-1.66976,0.596966
0,10,16.0359,18.0634,-1.70063,0.424024
0,10,16.1232,18.0136,-1.71109,0.405952
0,10,16.3887,17.708,-1.65147,0.622686
0,10,16.0375,18.27,-1.68808,0.424784
0,10,15.6382,18.7332,-1.66121,0.27224
0,10,15.6408,18.6374,-1.6787,0.284107
0,10,15.539,18.7771,-1.65755,0.261926
0,10,15.4345,19.001,-1.53663,0.228191
0,10,15.4232,19.2728,-1.50395,0.117983
0,10,16.4561,19.5257,-1.22935,0.251195
0,10,15.6384,19.5142,-1.43057,0.152043
0,10,16.3194,19.6901,-1.06099,0.148949
0,10,16.39,19.6202,-1.16273,0.157398
0,10,15.8725,19.6256,-1.35175,0.193882
0,10,16.5826,19.8972,-0.851308,0.16042
0,10,15.4383,19.3767,-1.48833,0.103076
0,10,15.2493,19.3728,-1.48951,0.123747
0,10,15.2071,19.2858,-1.63987,0.206417
0,10,15.4525,19.4753,-1.47147,0.0958349
0,10,15.5483,19.4656,-1.45273,0.159474
0,10,15.0808,19.4663,-1.46077,0.134489
0,10,15.3594,19.5314,-1.45324,0.122324
0,10,15.0107,19.0753,-1.61836,0.187003
0,10,14.8282,18.9643,-1.683,0.16908
0,10,14.9402,18.805,-1.76283,0.21996
0,10,14.9231,18.9138,-1.69679,0.194657
0,10,14.3551,19.0559,-1.69773,0.116173
0,10,14.4542,19.0264,-1.69794,0.134887
0,10,14.5386,19.0964,-1.66767,0.141379
0,10,14.1285,19.2,-1.67469,0.0627705
0,10,14.2545,19.0848,-1.69718,0.10465
0,10,14.1921,18.8986,-1.75138,0.0879779
0,10,14.1495,19.1023,-1.70444,0.0698028
0,10,13.8346,18.9158,-1.75842,0.0289357
0,10,13.4804,19.0363,-1.73658,0.0297488
0,10,13.9364,18.8909,-1.76147,0.0356766
0,10,13.8962,19.0003,-1.73874,0.0332738
0,10,13.8664,18.8127,-1.78057,0.0323679
0,10,13.9699,18.789,-1.77729,0.0485072
0,10,13.2294,18.9367,-1.768,0.107565
0,10,13.3405,19.1376,-1.71507,0.0200776
0,10,12.8241,19.201,-1.6797,-0.0508675
0,10,12.589,19.304,-1.66432,-0.00454365
0,10,12.1965,19.5387,-1.60362,-0.107941
0,10,12.2712,19.3558,-1.62271,-0.111692
0,10,11.9852,19.5537,-1.57936,-0.0489794
0,10,12.056,19.6359,-1.56926,-0.0605717
0,10,11.5336,19.7803,-1.52317,-0.0346624
0,10,11.6333,19.7658,-1.52661,0.0014444
0,10,11.0403,19.8306,-1.49536,-0.0512052
0,10,11.5797,19.9847,-1.52777,0.0654198
0,10,11.1109,20.1589,-1.06492,0.11976
0,10,10.9326,20.0869,-1.34253,-0.0603063
0,10,10.8605,19.8652,-1.43483,-0.0477358
0,10,9.97572,20.3896,-0.598182,-0.0402205
0,10,9.05913,20.3941,-0.385751,0.0964496
0,10,5.00423,19.165,-0.801854,-0.232107
0,10,4.96745,18.4917,-0.824518,-0.271564
0,10,4.16399,19.169,-0.622447,-0.216002
0,10,0.581353,17.5595,0.037454,-0.0461055
0,10,4.37019,16.5955,-0.809591,-0.463838
0,10,8.91944,15.9864,-1.27186,-0.756477
0,10,2.15963,19.0199,-0.216356,-0.171387
0,10,7.61215,16.3099,-1.01816,-0.592823
0,10,5.77529,16.419,-0.924841,-0.488329
0,10,4.58977,16.6105,-0.822996,-0.494477
0,10,8.96348,16.1492,-1.24451,-0.717286
0,10,2.77589,17.4769,-0.702176,-0.559883
0,10,12.0813,14.9282,-2.04044,-0.411854
0,10,12.3347,15.3283,-1.98423,-0.356418
0,10,13.7059,15.5828,-1.95597,0.0162803
0,10,14.6619,15.3952,-1.941,0.161725
0,10,14.9693,15.4788,-1.98936,0.268036
0,10,15.1575,15.4544,-1.98856,0.335567
0,10,15.3536,15.4684,-1.9492,0.486343
0,10,15.2929,15.5676,-1.97573,0.394833
0,10,15.4674,15.4247,-2.03167,0.465099
0,10,15.5464,15.5379,-1.95971,0.517545
0,10,15.6903,15.4918,-2.03475,0.533699
0,10,15.9515,15.4035,-2.06614,0.669622
0,10,15.7708,15.5971,-2.01275,0.55105
0,10,16.0046,15.503,-2.05736,0.717898
0,10,16.1159,15.5208,-2.08323,0.719535
0,10,16.5244,15.6171,-2.07189,0.915696
0,10,16.5559,15.7921,-1.91456,0.906742
0,10,16.5671,15.7017,-1.92865,0.898822
0,10,16.7228,16.0664,-1.93424,1.03819
0,10,16.6754,16.2814,-1.81968,0.952881
0,10,16.7885,16.3505,-1.78561,0.996251
0,10,16.809,16.5456,-1.78143,0.978086
0,10,16.5178,17.1859,-1.68729,0.72179
0,10,16.5233,17.2885,-1.68356,0.725236
0,10,16.6137,17.2356,-1.68058,0.788824
0,10,16.7044,17.1696,-1.6584,0.878432
0,10,16.6127,17.3533,-1.60211,0.719883
0,10,16.694,17.2972,-1.58422,0.741039
0,10,16.4452,17.452,-1.63968,0.658798
0,10,16.2885,17.6582,-1.66038,0.622592
0,10,16.3765,17.604,-1.64323,0.636981
0,10,16.4645,17.556,-1.63277,0.650616
0,10,16.2993,17.7619,-1.67077,0.613132
0,10,16.1288,18.1223,-1.71127,0.424474
0,10,15.9453,18.4136,-1.69414,0.362075
0,10,15.6535,18.8256,-1.59105,0.250315
0,10,15.5253,18.8623,-1.58894,0.250177
0,10,15.6022,19.288,-1.49183,0.158689
0,10,15.5103,19.2384,-1.49045,0.183265
0,10,15.9223,19.4,-1.3991,0.273723
0,10,17.0809,19.6441,-0.896239,0.118765
0,10,16.6256,19.8105,-0.895995,0.169998
0,10,16.44,19.7144,-0.956929,0.122947
0,10,16.5501,19.7209,-0.931142,0.218367
0,10,15.8672,19.8525,-1.11605,0.0817989
0,10,15.7323,19.4887,-1.42461,0.182735
0,10,16.4533,19.872,-0.884638,0.181759
0,10,16.7615,19.9975,-0.779608,0.0878061
0,10,15.7545,19.581,-1.39041,0.175693
0,10,15.6655,19.6227,-1.37092,0.145145
0,10,15.8207,19.764,-1.20507,0.110864
0,10,15.5657,19.5787,-1.41306,0.142938
0,10,15.2609,19.4834,-1.45199,0.12274
0,10,15.0151,19.391,-1.61586,0.205838
0,10,15.1661,19.4236,-1.47153,0.139498
0,10,14.8327,19.2673,-1.62046,0.10382
0,10,14.9182,19.0218,-1.63659,0.178451
0,10,14.6474,18.9485,-1.71922,0.157239
0,10,14.7447,18.9043,-1.73482,0.175291
0,10,14.6364,19.0559,-1.67187,0.144366
0,10,14.7319,19.0124,-1.67456,0.158074
0,10,14.5235,19.2014,-1.66031,0.150267
0,10,14.3958,19.334,-1.61491,0.1198
0,10,14.3387,19.1583,-1.65639,0.10489
0,10,14.4402,19.1303,-1.65951,0.124953
0,10,13.9725,19.0777,-1.71111,0.0346415
0,10,14.069,19.0465,-1.71402,0.0483452
0,10,13.5848,19.0337,-1.73544,0.0178004
0,10,13.7624,19.1142,-1.7078,0.0209735
0,10,13.6234,18.9363,-1.75865,0.0162201
0,10,13.7653,18.8321,-1.77978,0.0337798
0,10,13.3255,18.9299,-1.76248,0.0515225
0,10,13.5215,18.9385,-1.76032,0.0258898
0,10,13.8058,18.7243,-1.80581,0.0304005
0,10,13.187,19.0458,-1.76567,0.112537
0,10,12.4526,19.398,-1.66937,0.0978116
0,10,12.7243,19.2024,-1.68721,-0.0192598
0,10,12.4917,19.2955,-1.67868,0.0697183
0,10,12.1156,19.9326,-1.51363,0.00261776
0,10,12.0899,19.5396,-1.59016,-0.0873896
0,10,12.233,19.4472,-1.61569,-0.119222
0,10,11.6681,19.9501,-1.5736,0.0247508
0,10,11.7157,19.8471,-1.53477,-0.0147307
0,10,11.1879,20.0993,-1.30994,0.00174561
0,10,11.2174,19.8932,-1.51728,-0.116697
0,10,10.5274,20.189,-1.12748,0.000980678
0,10,9.61046,20.395,-0.427663,0.0109298
0,10,9.15043,20.3929,-0.335827,0.00465694
0,10,3.89435,19.4281,-0.505086,-0.193922
0,10,4.38748,18.9195,-0.740699,-0.260817
0,10,3.44922,19.5109,-0.408632,-0.204566
0,10,4.85128,19.0525,-0.805281,-0.226244
0,10,4.00572,19.6296,-0.456773,-0.146826
0,10,4.45449,19.112,-0.734498,-0.181093
0,10,5.27256,19.2776,-0.798858,-0.252282
0,10,6.66384,16.339,-0.977207,-0.557521
0,10,1.44622,16.4105,-0.587031,-0.997181
0,10,8.4837,16.1358,-1.13138,-0.713117
0,10,4.02496,17.167,-0.785155,-0.48516
0,10,9.05515,16.1765,-1.24279,-0.716418
0,10,12.7942,15.5656,-1.91281,-0.17536
0,10,11.8994,15.1042,-2.01837,-0.48748
0,10,14.1203,15.618,-1.94538,0.0546341
0,10,13.3115,15.558,-1.94617,-0.0591659
0,10,14.8819,15.3979,-1.96092,0.240702
0,10,14.5552,15.419,-1.94235,0.130254
0,10,15.2574,15.4716,-1.98828,0.378718
0,10,15.0609,15.4391,-1.98495,0.326624
0,10,15.3653,15.3753,-2.046,0.464707
0,10,15.5129,15.356,-2.0691,0.4588
0,10,15.8053,15.5155,-2.04698,0.53178
0,10,15.9846,15.3292,-2.09558,0.651683
0,10,16.0688,15.428,-2.10852,0.693665
0,10,16.3188,15.5439,-2.07554,0.827531
0,10,15.8446,15.4005,-2.06615,0.563051
0,10,16.1072,15.3496,-2.08394,0.706124
0,10,16.441,15.5368,-2.07727,0.877133
0,10,16.6351,15.9918,-1.95255,0.9679
0,10,16.7684,16.2533,-1.81141,1.01021
0,10,16.7536,16.157,-1.82745,1.02395
0,10,16.8687,16.2297,-1.79106,1.08757
0,10,16.6165,17.1333,-1.67745,0.785702
0,10,16.8856,16.3264,-1.7607,1.0798
0,10,16.8164,16.6405,-1.77772,0.98146
0,10,16.7003,17.0486,-1.61366,0.957524
0,10,16.7331,16.8661,-1.69454,0.953068
0,10,16.7729,17.243,-1.5378,0.806286
0,10,16.5251,17.3974,-1.62056,0.682905
0,10,16.7187,17.4037,-1.58182,0.727406
0,10,16.5494,17.504,-1.62246,0.665839
0,10,16.4791,17.661,-1.63665,0.638768
0,10,16.2126,17.9121,-1.6816,0.593016
0,10,16.037,18.3718,-1.67183,0.418853
0,10,15.7449,18.5911,-1.66132,0.30134
0,10,15.5282,18.9608,-1.54474,0.245895
0,10,15.3913,19.0767,-1.58827,0.191192
0,10,15.4868,19.1317,-1.58457,0.20679
0,10,15.9463,19.5058,-1.34954,0.269922
0,10,16.2709,19.6024,-1.20779,0.166185
0,10,16.4948,19.6246,-1.08701,0.220085
0,10,17.2601,19.6122,-0.942443,0.1166
0,10,16.7477,19.8288,-0.847414,0.0978289
0,10,16.8159,19.9259,-0.776182,0.134211
0,10,16.1973,19.6732,-1.05302,0.232058
0,10,16.6958,19.9012,-0.803817,0.0983005
0,10,17.1273,19.7301,-0.86026,0.0892491
0,10,16.5136,19.8066,-0.926498,0.185265
0,10,16.8787,20.0226,-0.730992,0.128882
0,10,17.0095,19.7275,-0.842733,0.149965
0,10,16.3839,19.7818,-0.911542,0.102056
0,10,15.2701,19.5901,-1.42334,0.131888
0,10,15.3812,19.6289,-1.34765,0.105571
0,10,15.4682,19.5722,-1.42465,0.0956934
0,10,16.5241,19.9611,-0.886651,0.129547
0,10,14.9167,19.1274,-1.62342,0.159855
0,10,14.8291,19.3738,-1.60534,0.10725
0,10,14.9272,19.2282,-1.60162,0.139703
0,10,14.8236,19.0704,-1.64413,0.151799
0,10,14.8196,19.1733,-1.64776,0.128993
0,10,14.6262,19.1608,-1.66565,0.142671
0,10,14.7269,19.1175,-1.65746,0.147733
0,10,14.4193,19.2334,-1.64744,0.123848
0,10,14.4543,19.4157,-1.54642,0.13522
0,10,14.5001,19.301,-1.63857,0.16125
0,10,14.3146,19.2598,-1.64512,0.0880301
0,10,13.9013,19.5609,-1.5979,-0.00508359
0,10,14.0994,19.2934,-1.65677,0.0516969
0,10,14.1761,19.0028,-1.71436,0.0822528
0,10,13.6887,19.0269,-1.73755,0.0249027
0,10,13.8352,19.1983,-1.68728,0.0249039
0,10,13.7278,18.9297,-1.76213,0.0276048
0,10,13.3039,19.2367,-1.6674,0.0288298
0,10,13.2822,19.032,-1.75814,0.0631503
0,10,13.0694,19.0929,-1.69459,-0.0942458
0,10,13.0332,19.1881,-1.67527,-0.0785634
0,10,12.552,19.4015,-1.65131,0.00117701
0,10,12.9273,19.1944,-1.66731,-0.0727024
0,10,12.6877,19.3033,-1.6631,-0.0191219
0,10,12.789,19.2997,-1.65555,-0.0445803
0,10,12.2067,19.8907,-1.58067,0.0341454
0,10,12.1166,19.8242,-1.58429,-0.0244354
0,10,12.1325,19.7264,-1.57811,-0.0572138
0,10,11.8389,19.7784,-1.53517,-0.0418491
0,10,11.5077,20.194,-1.12315,0.0286522
0,10,11.0208,20.061,-1.25954,0.0501684
0,10,10.7237,20.2919,-0.689963,-0.0487307
0,10,10.5352,20.2864,-0.717846,0.000418061
0,10,9.24242,20.3962,-0.320881,0.0614101
0,10,5.32391,19.005,-0.826452,-0.249686
0,10,5.4274,19.0079,-0.827645,-0.25128
0,10,3.13166,19.3913,-0.405579,-0.20559
0,10,4.25803,19.3687,-0.615966,-0.17124
0,10,2.34017,16.5237,-0.790992,-0.694363
0,10,4.47733,19.2478,-0.71015,-0.189075
0,10,3.82714,18.5547,-0.672009,-0.381853
0,10,3.40003,19.5876,-0.336117,-0.168712
0,10,8.65682,16.0042,-1.20973,-0.743384
0,10,2.97762,17.5933,-0.708629,-0.538808
0,10,5.1548,16.7405,-0.843135,-0.41276
0,10,2.99225,17.6972,-0.678423,-0.525795
0,10,12.507,15.3212,-1.94877,-0.313103
0,10,12.4261,15.1001,-2.01318,-0.318479
0,10,13.8467,15.4802,-1.94673,0.0267691
0,10,12.944,15.6514,-1.90416,-0.107028
0,10,14.6229,15.3058,-1.97103,0.162749
0,10,15.2567,15.3651,-2.03873,0.425024
0,10,14.7591,15.3866,-1.94176,0.233139
0,10,15.4044,15.2953,-2.06217,0.457575
0,10,15.0657,15.3351,-2.01331,0.296075
0,10,15.636,15.3858,-2.08196,0.507803
0,10,15.1685,15.3528,-2.06015,0.310498
0,10,15.4757,15.2456,-2.07671,0.443835
0,10,15.5192,15.1759,-2.08768,0.442184
0,10,15.7484,15.4191,-2.07283,0.522448
0,10,16.345,15.4615,-2.09866,0.82601
0,10,16.5684,15.8844,-1.92418,0.901216
0,10,16.6639,15.6277,-2.07514,1.04104
0,10,16.7457,15.9704,-1.85472,1.10952
0,10,16.9498,16.0789,-1.77295,1.11472
0,10,16.8547,16.1324,-1.81121,1.10037
0,10,16.8297,16.0406,-1.8787,1.13526
0,10,16.9014,16.4304,-1.77302,1.06808
0,10,16.7238,16.9588,-1.65225,0.951621
0,10,16.8309,16.736,-1.75033,0.967238
0,10,16.7802,17.1029,-1.576,0.947527
0,10,16.7384,17.5082,-1.59321,0.720158
0,10,16.6337,17.4562,-1.60281,0.700903
0,10,16.8002,17.3492,-1.55685,0.787065
0,10,16.8488,17.1819,-1.49795,0.86596
0,10,16.5663,17.6093,-1.61976,0.65202
0,10,16.1326,18.2244,-1.69441,0.426399
0,10,15.7416,18.687,-1.65336,0.280466
0,10,15.8533,18.5537,-1.66463,0.321669
0,10,15.7517,18.7801,-1.61549,0.260492
0,10,15.5382,19.0606,-1.53003,0.24753
0,10,16.1521,19.7558,-0.903616,0.244588
0,10,15.8306,19.4404,-1.40133,0.241954
0,10,16.6079,19.6481,-1.02004,0.175568
0,10,17.8289,19.1653,-0.804134,0.542048
0,10,17.6213,19.2513,-0.842663,0.49021
0,10,17.3699,19.6296,-0.886293,0.170138
0,10,17.6378,19.348,-0.808199,0.492289
0,10,17.835,19.2609,-0.823385,0.547568
0,10,17.5528,19.3973,-0.789877,0.470969
0,10,16.8667,19.8529,-0.890927,0.0674395
0,10,17.5282,19.5523,-0.681822,0.456349
0,10,17.5983,19.4921,-0.700338,0.432992
0,10,16.9337,19.9519,-0.804386,0.0882846
0,10,16.07,19.7914,-1.05781,0.00786302
0,10,16.9838,19.876,-0.878508,0.0834646
0,10,17.3127,19.7161,-0.85733,0.126587
0,10,17.4712,19.6323,-0.677294,0.44224
0,10,17.1171,20.0642,-0.624268,-0.022128
0,10,17.1713,19.8204,-0.825314,0.0541703
0,10,15.4919,19.6724,-1.34488,0.116962
0,10,15.7776,19.6748,-1.35583,0.179239
0,10,14.9254,19.3349,-1.62166,0.131966
0,10,14.6358,19.4548,-1.57052,0.141198
0,10,14.7375,19.3071,-1.60837,0.11596
0,10,14.7325,19.414,-1.58021,0.136586
0,10,14.5174,19.5903,-1.58369,0.179913
0,10,14.6426,19.3457,-1.58454,0.132719
0,10,14.1992,19.6491,-1.59184,0.000420523
0,10,14.6086,19.2606,-1.66832,0.15073
0,10,14.7152,19.2177,-1.67318,0.13596
0,10,14.0413,19.1563,-1.68728,0.0406151
0,10,14.2098,19.281,-1.64753,0.0703029
0,10,14.2353,19.1833,-1.66893,0.0846265
0,10,13.9421,19.181,-1.68923,0.0269226
0,10,13.655,19.1227,-1.70903,0.0241855
0,10,13.7282,19.2093,-1.6836,0.0183628
0,10,13.2714,19.3367,-1.62403,0.0428226
0,10,13.1061,19.259,-1.69061,0.0423959
0,10,13.2042,19.2425,-1.6693,0.0741188
0,10,13.3793,19.0395,-1.7419,0.0290355
0,10,13.1451,19.153,-1.74717,0.0823413
0,10,12.5179,19.4974,-1.6262,0.018804
0,10,12.2782,19.6024,-1.64001,0.0122239
0,10,12.4155,19.4997,-1.64219,0.101931
0,10,12.3542,19.4072,-1.67805,0.0815521
0,10,12.161,19.6311,-1.58909,-0.0892719
0,10,11.9373,20.0991,-1.35703,-0.0521109
0,10,11.3825,20.0835,-1.43057,0.00037466
0,10,11.7538,20.0499,-1.4641,-0.00289995
0,10,11.0243,19.9433,-1.44142,0.00346468
0,10,11.0062,20.2859,-0.749555,-0.0311354
0,10,10.6297,20.2862,-0.702194,-0.0855043
0,10,9.59918,20.2886,-0.837917,-0.0876052
0,10,4.6977,18.7536,-0.814197,-0.258648
0,10,4.06419,18.9795,-0.638081,-0.255214
0,10,1.99346,18.7498,-0.181073,-0.251237
0,10,4.39935,19.3095,-0.637176,-0.117197
0,10,2.26291,16.6458,-0.788134,-0.708911
0,10,3.19953,19.3226,-0.372911,-0.189598
0,10,3.35333,17.1788,-0.7488,-0.581875
0,10,9.85297,15.6181,-1.52964,-0.837448
0,10,3.52698,17.1605,-0.753551,-0.488833
0,10,8.73375,16.0492,-1.20195,-0.738276
0,10,3.92591,16.9697,-0.792642,-0.484217
0,10,9.32639,16.2536,-1.26632,-0.741797
0,10,3.87176,17.128,-0.793689,-0.464547
0,10,12.8842,15.3791,-1.96336,-0.199989
0,10,14.0337,15.5561,-1.94622,0.0533182
0,10,13.5072,15.5196,-1.98601,-0.0407637
0,10,14.2708,15.5353,-1.93764,0.100302
0,10,13.6061,15.5548,-1.96645,-0.00150391
0,10,14.9712,15.3681,-1.97678,0.255941
0,10,15.0065,15.2419,-2.02805,0.258515
0,10,14.8275,15.3084,-2.00738,0.24526
0,10,14.1841,15.5575,-1.94535,0.0643046
0,10,15.1132,15.2501,-2.02807,0.267574
0,10,16.0669,15.2575,-2.08234,0.696807
0,10,16.1865,15.436,-2.11414,0.754888
0,10,16.4667,15.4589,-2.08803,0.90554
0,10,16.5741,15.5488,-2.05435,0.933936
0,10,16.6743,15.8953,-1.88898,1.10321
0,10,16.6699,15.8068,-1.95612,1.06508
0,10,16.8152,15.9094,-1.81018,1.15607
0,10,16.9066,15.9889,-1.84384,1.18947
0,10,16.9616,16.1761,-1.78827,1.07745
0,10,16.9171,15.8911,-1.8076,1.178
0,10,16.9076,16.5325,-1.76232,1.03176
0,10,16.8334,16.9302,-1.65819,0.94771
0,10,16.8368,16.8312,-1.72071,0.946755
0,10,16.9196,16.6339,-1.76269,1.00467
0,10,17.0108,16.5833,-1.74195,0.98739
0,10,16.8297,17.0163,-1.63292,0.937302
0,10,16.7746,17.7156,-1.59734,0.708803
0,10,16.3088,17.8634,-1.6802,0.60896
0,10,16.2191,18.0114,-1.69912,0.592117
0,10,15.9547,18.5075,-1.66855,0.337991
0,10,15.6268,18.9071,-1.56558,0.245077
0,10,15.6486,19.1009,-1.44796,0.203625
0,10,15.7188,19.3956,-1.4334,0.198125
0,10,16.0164,19.7062,-1.14278,0.0979077
0,10,15.5879,19.1762,-1.53398,0.140067
0,10,16.7395,19.6724,-0.999177,0.0968008
0,10,17.4756,19.4518,-0.757487,0.482369
0,10,18.2132,18.8939,-0.824416,0.644745
0,10,18.5602,18.4111,-0.90311,0.809801
0,10,18.3121,18.7291,-0.909019,0.782406
0,10,17.7303,19.2962,-0.838402,0.453043
0,10,18.3891,18.5609,-0.933715,0.834216
0,10,17.6773,19.4394,-0.70429,0.495084
0,10,17.9345,19.2106,-0.830652,0.570521
0,10,18.3055,18.8406,-0.771743,0.656344
0,10,17.2631,19.7981,-0.74997,0.198879
0,10,17.8606,19.3486,-0.757562,0.538813
0,10,18.4721,18.718,-0.721557,0.640908
0,10,18.3318,18.9349,-0.745935,0.602053
0,10,17.764,19.3841,-0.808443,0.448067
0,10,17.5228,19.7335,-0.659687,0.381616
0,10,17.6458,19.5907,-0.650496,0.380987
0,10,16.2635,19.7649,-0.899113,0.213574
0,10,17.4183,19.726,-0.809995,0.12608
0,10,16.4071,19.9497,-0.919932,0.20059
0,10,14.8237,19.4757,-1.56286,0.112929
0,10,15.5923,19.6855,-1.34406,0.129746
0,10,14.6217,19.5566,-1.57346,0.148513
0,10,14.5377,19.4908,-1.56066,0.177484
0,10,14.3081,19.6421,-1.54105,0.0699986
0,10,14.436,19.5237,-1.55968,0.117775
0,10,14.5423,19.685,-1.46487,0.160684
0,10,14.3329,19.5445,-1.55406,0.0700316
0,10,14.0897,19.6492,-1.58938,-0.0012577
0,10,14.5491,19.382,-1.56355,0.154456
0,10,14.2555,19.4587,-1.57033,0.0614878
0,10,14.2917,19.3592,-1.60394,0.0788041
0,10,14.3582,19.4416,-1.55834,0.086451
0,10,13.5484,19.1289,-1.70794,0.0177474
0,10,13.5123,19.2235,-1.67593,0.0212324
0,10,13.2423,19.1374,-1.72785,0.079255
0,10,13.1715,19.3473,-1.63357,0.0504249
0,10,12.9978,19.2843,-1.65518,-0.069625
0,10,12.8592,19.3885,-1.65329,-0.0601936
0,10,12.62,19.5011,-1.62532,-0.00233729
0,10,12.7547,19.3978,-1.65628,-0.0411075
0,10,12.3152,19.5063,-1.65922,0.0427921
0,10,12.308,19.9958,-1.4084,0.00353831
0,10,12.2449,19.6964,-1.62363,0.00642281
0,10,12.1153,20.0395,-1.37895,-0.0108142
0,10,12.0292,19.7352,-1.54967,-0.0291037
0,10,12.0212,19.8397,-1.55707,0.00766925
0,10,11.9302,19.8804,-1.55642,-0.00334214
0,10,11.1155,19.9178,-1.4905,-0.0808453
0,10,11.4099,20.1834,-1.02322,0.0432169
0,10,10.1545,20.3936,-0.610782,0.0115812
0,10,9.42518,20.3941,-0.346298,0.0117224
0,10,1.30777,18.2178,-0.153976,-0.155936
0,10,4.64284,18.8434,-0.805301,-0.258037
0,10,4.53972,18.8376,-0.788021,-0.260202
0,10,1.83483,18.5599,-0.170855,-0.24834
0,10,3.68342,19.2127,-0.507735,-0.295055
0,10,9.04752,15.9275,-1.27842,-0.730647
0,10,9.3153,15.7566,-1.35291,-0.853173
0,10,10.0705,15.6098,-1.59036,-0.825118
0,10,8.15736,16.1667,-1.11985,-0.689024
0,10,8.42551,16.0619,-1.12815,-0.739582
0,10,3.82426,16.9009,-0.781967,-0.466897
0,10,12.4784,15.2081,-1.98805,-0.305915
0,10,12.1688,15.0147,-2.04267,-0.414514
0,10,12.8958,15.5313,-1.95565,-0.151014
0,10,12.5874,15.2869,-1.943,-0.271237
0,10,14.4523,15.4784,-1.92577,0.121682
0,10,13.0488,15.6276,-1.90966,-0.140913
0,10,13.9478,15.4957,-1.94018,0.0389656
0,10,13.2274,15.4978,-1.95582,-0.0750237
0,10,13.4112,15.4859,-1.98352,-0.0457991
0,10,14.5282,15.3255,-1.98402,0.138196
0,10,15.5859,15.2944,-2.08194,0.474065
0,10,15.2053,15.2409,-1.99917,0.381404
0,10,16.2595,15.3969,-2.08506,0.815539
0,10,16.6733,15.7125,-1.91823,1.06461
0,10,16.5788,15.4603,-2.07957,0.943056
0,10,16.7741,15.8271,-1.96923,1.19767
0,10,16.6866,15.5449,-2.07468,1.042
0,10,16.7833,15.7337,-1.94616,1.18627
0,10,16.8841,15.8034,-1.97383,1.19049
0,10,17.0479,16.0456,-1.72365,1.17601
0,10,16.978,16.2733,-1.77521,1.05726
0,10,16.9869,16.3745,-1.75351,1.0601
0,10,17.0613,16.1424,-1.73439,1.15164
0,10,17.0762,16.2352,-1.74968,1.11962
0,10,16.9348,16.8233,-1.6853,0.934499
0,10,16.935,16.7252,-1.71134,0.982499
0,10,16.758,17.6124,-1.60052,0.715894
0,10,16.6537,17.5612,-1.6082,0.693063
0,10,16.6707,17.6649,-1.61212,0.68736
0,10,16.3999,17.8114,-1.6673,0.609892
0,10,16.1329,18.3263,-1.68803,0.432524
0,10,15.6298,19.0068,-1.5391,0.252884
0,10,15.763,18.8757,-1.55067,0.255878
0,10,15.6992,19.3017,-1.47734,0.21894
0,10,15.8574,18.8418,-1.57934,0.293521
0,10,16.3518,19.5288,-1.27481,0.190029
0,10,17.4203,19.5323,-0.715039,0.503377
0,10,17.3201,19.5334,-0.863215,0.202653
0,10,17.7267,19.2036,-0.8192,0.456668
0,10,18.0342,19.0781,-0.775511,0.612768
0,10,18.7317,18.262,-0.898854,0.812205
0,10,18.644,18.3362,-0.885299,0.811847
0,10,18.3921,18.7831,-0.731609,0.647149
0,10,18.6993,18.1733,-1.01157,0.898176
0,10,18.6709,18.4289,-0.852589,0.758037
0,10,18.7865,18.0971,-0.97817,0.921428
0,10,18.5841,18.5043,-0.896302,0.765565
0,10,18.716,18.5064,-0.731045,0.630592
0,10,18.1374,19.0355,-0.769694,0.604568
0,10,18.6334,18.5786,-0.740915,0.623185
0,10,17.9567,19.2998,-0.774155,0.562986
0,10,17.5786,19.6534,-0.625,0.411611
0,10,17.224,19.9073,-0.700345,0.0324271
0,10,15.7463,19.8259,-1.15349,0.115224
0,10,15.6701,19.8767,-1.17669,0.0255873
0,10,17.0559,19.8131,-0.852062,0.141733
0,10,15.6988,19.73,-1.30978,0.164196
0,10,14.7234,19.5156,-1.56507,0.134812
0,10,14.7216,19.7229,-1.45449,0.0577903
0,10,14.6316,19.656,-1.49815,0.108738
0,10,15.0949,19.6849,-1.4082,0.117898
0,10,14.8102,19.7837,-1.4551,0.0189157
0,10,14.9152,19.6622,-1.41701,0.0779511
0,10,17.479,19.8219,-0.695601,0.172823
0,10,14.8198,19.6843,-1.4291,0.0435128
0,10,15.0021,19.6248,-1.4166,0.119692
0,10,14.1599,19.8363,-1.42136,-0.00522817
0,10,14.2639,19.837,-1.41501,-0.0419372
0,10,14.2286,19.5568,-1.54511,0.0371921
0,10,14.0079,19.5672,-1.57908,0.0240952
0,10,14.1845,19.3748,-1.60936,0.0541729
0,10,14.0082,19.2628,-1.66547,0.0270577
0,10,13.9375,19.4652,-1.62677,0.0103752
0,10,13.9754,19.3661,-1.63865,0.0162351
0,10,13.1061,19.5509,-1.64364,-0.0271872
0,10,13.4427,19.1335,-1.71099,0.0292013
0,10,12.8263,19.4853,-1.64405,-0.0514786
0,10,12.7224,19.4958,-1.62622,-0.0193915
0,10,12.4265,19.7808,-1.60532,0.044911
0,10,12.5325,19.7805,-1.5875,0.00914375
0,10,12.4073,19.9788,-1.39042,0.0104519
0,10,11.7641,19.9369,-1.58158,-0.0136372
0,10,12.1958,20.0983,-1.33653,0.0443166
0,10,12.025,19.946,-1.51537,0.0108657
0,10,11.2098,20.1996,-0.930723,0.0171007
0,10,11.57,20.2927,-0.899047,0.0535366
0,10,10.8329,20.1806,-1.11033,-0.113405
0,10,10.9105,20.2895,-0.723725,0.000709966
0,10,9.5183,20.3943,-0.36456,-0.160376
0,10,4.65031,18.6531,-0.805087,-0.271505
0,10,4.30916,19.4814,-0.570711,-0.109241
0,10,1.59957,18.3036,-0.184447,-0.188845
0,10,4.21452,19.2711,-0.639349,-0.194474
0,10,4.72237,18.0579,-0.756325,-0.330447
0,10,3.02713,19.3436,-0.383001,-0.216074
0,10,8.50495,15.9737,-1.17628,-0.779559
0,10,7.06266,16.2484,-1.04248,-0.511053
0,10,6.66811,16.424,-1.01507,-0.524659
0,10,8.80336,15.9183,-1.27678,-0.780867
0,10,8.82421,16.2203,-1.21501,-0.705361
0,10,2.69477,17.5323,-0.683101,-0.550055
0,10,12.5906,14.9816,-1.98874,-0.238914
0,10,11.9653,15.0446,-2.03051,-0.477702
0,10,12.7665,15.3439,-1.95917,-0.209927
0,10,12.5571,15.1787,-1.98968,-0.280365
0,10,12.9849,15.5484,-1.94988,-0.114778
0,10,13.7537,15.4938,-1.98607,-0.00138998
0,10,14.3497,15.4033,-1.94673,0.117116
0,10,14.2612,15.4266,-1.94263,0.100247
0,10,14.9219,15.2753,-2.02132,0.232807
0,10,15.8497,15.3159,-2.0862,0.580015
0,10,15.6336,15.2275,-2.10656,0.473546
0,10,16.4847,15.3686,-2.09447,0.900508
0,10,16.1856,15.2982,-2.08573,0.741896
0,10,16.6001,15.3789,-2.11458,0.934057
0,10,16.8987,15.7131,-2.01499,1.14773
0,10,17.0204,15.8669,-1.88707,1.1785
0,10,17.0131,15.9633,-1.81566,1.20767
0,10,17.1533,16.009,-1.72306,1.18281
0,10,17.0557,15.7202,-1.99003,1.21283
0,10,17.1587,16.1028,-1.7077,1.18804
0,10,17.1199,15.924,-1.86165,1.2027
0,10,17.0006,16.4824,-1.72476,1.01215
0,10,16.8797,17.288,-1.5115,0.857896
0,10,16.8232,17.452,-1.57185,0.776033
0,10,16.8615,17.6605,-1.58808,0.758716
0,10,16.788,17.8179,-1.60308,0.699641
0,10,16.4916,17.764,-1.64954,0.62439
0,10,16.6852,17.7675,-1.61699,0.676756
0,10,16.2256,18.109,-1.693,0.576162
0,10,16.3167,17.964,-1.68509,0.601763
0,10,15.9578,18.6019,-1.67121,0.34977
0,10,16.0591,18.4741,-1.64096,0.398849
0,10,16.1558,19.5761,-1.2618,0.227479
0,10,15.9717,19.6106,-1.28718,0.197836
0,10,18.2139,18.7908,-0.899291,0.723777
0,10,18.3015,18.6345,-0.968669,0.814517
0,10,18.4054,18.6559,-0.934338,0.812619
0,10,18.4757,18.4866,-0.921436,0.817148
0,10,18.5267,18.3221,-0.988528,0.884742
0,10,18.6712,18.0822,-1.05111,0.953112
0,10,19.1345,17.5517,-0.79446,1.23055
0,10,18.7572,18.0094,-1.03317,0.969523
0,10,18.9176,17.7966,-0.9159,1.1062
0,10,18.8438,18.2803,-0.806642,0.743818
0,10,18.7556,18.354,-0.814843,0.752427
0,10,18.8138,18.186,-0.895623,0.828267
0,10,18.8318,18.5218,-0.693783,0.607901
0,10,18.4955,18.5805,-0.923734,0.78994
0,10,18.8,18.4326,-0.708487,0.635525
0,10,17.7195,19.5374,-0.590609,0.498046
0,10,17.5894,19.8315,-0.528223,0.349533
0,10,18.2363,18.9851,-0.767973,0.580839
0,10,16.653,19.9861,-0.800393,0.0798526
0,10,14.9962,19.5125,-1.46024,0.135156
0,10,15.9289,19.9332,-1.05275,0.072542
0,10,14.9095,19.5507,-1.45742,0.0995501
0,10,14.7241,19.6169,-1.48195,0.089783
0,10,14.8186,19.5811,-1.47195,0.0756863
0,10,15.09,19.5788,-1.42403,0.12079
0,10,15.3005,19.6892,-1.30174,0.0863231
0,10,16.505,20.0484,-0.726743,0.132582
0,10,16.0119,19.8797,-1.09622,-0.00511907
0,10,15.8022,19.921,-1.04036,0.0980039
0,10,15.7234,19.9681,-1.07206,-0.0188334
0,10,15.138,19.778,-1.29564,0.0590231
0,10,15.1859,19.6456,-1.40158,0.138129
0,10,15.4291,19.8405,-1.21693,0.216476
0,10,14.3567,19.7336,-1.50229,0.0778536
0,10,14.4113,19.6222,-1.55168,0.132712
0,10,13.8311,19.4776,-1.64078,0.0252992
0,10,13.7589,19.6727,-1.59449,0.0603561
0,10,13.8007,19.2933,-1.6648,0.0267894
0,10,14.1508,19.4685,-1.59063,0.0276981
0,10,13.037,19.4619,-1.65956,-0.0316209
0,10,13.6193,19.2164,-1.68226,0.0236
0,10,12.9311,19.4774,-1.64635,-0.0663941
0,10,12.9645,19.3807,-1.66083,-0.0734448
0,10,12.7447,19.7833,-1.60431,-0.00125834
0,10,12.6097,19.8764,-1.5461,0.0314492
0,10,12.3802,19.5996,-1.63148,0.0890351
0,10,12.8923,19.2912,-1.65292,-0.0724054
0,10,12.2111,19.9949,-1.41121,0.0337997
0,10,11.9369,19.9884,-1.48128,0.00108604
0,10,11.8392,20.0983,-1.39925,-0.0987812
0,10,11.6645,20.2879,-0.897717,-0.144382
0,10,11.6084,20.1903,-1.16151,-0.0399702
0,10,11.0938,20.2711,-0.826407,-0.083231
0,10,9.70337,20.3927,-0.48036,-0.165101
0,10,5.31285,18.6077,-0.850695,-0.271697
0,10,4.09454,18.8882,-0.704008,-0.274138
0,10,4.61002,18.5388,-0.808644,-0.271413
0,10,2.90426,19.4325,-0.275435,-0.114872
0,10,4.11049,19.2577,-0.61302,-0.202731
0,10,2.4052,16.4725,-0.795408,-0.693663
0,10,4.2656,16.5882,-0.806286,-0.474637
0,10,8.73002,15.8921,-1.27882,-0.789484
0,10,8.32114,16.1347,-1.1087,-0.730315
0,10,7.99982,16.0829,-1.09392,-0.716341
0,10,3.08168,17.6329,-0.701993,-0.547059
0,10,12.4238,14.8179,-1.99772,-0.267029
0,10,4.61922,16.7941,-0.835007,-0.450357
0,10,12.8226,15.2779,-1.9453,-0.213411
0,10,12.3327,15.0697,-2.02796,-0.300846
0,10,13.1408,15.4511,-1.97054,-0.125111
0,10,12.6624,15.2029,-1.98552,-0.284961
0,10,14.0859,15.4837,-1.95386,0.0515152
0,10,15.1462,15.1389,-1.99091,0.351319
0,10,14.7308,15.2857,-1.99711,0.188246
0,10,15.7161,15.3251,-2.09521,0.521007
0,10,15.296,15.2753,-2.02869,0.432963
0,10,15.9599,15.2386,-2.09463,0.661116
0,10,16.3733,15.3745,-2.07427,0.843117
0,10,16.7895,15.6491,-2.04223,1.15149
0,10,16.7012,15.4574,-2.11881,1.01646
0,10,16.9307,15.6392,-2.04699,1.11974
0,10,16.7978,15.5694,-2.13203,1.15522
0,10,16.715,15.3708,-2.11431,1.01895
0,10,17.0331,15.6318,-2.07081,1.19985
0,10,17.0814,16.3345,-1.75842,1.09612
0,10,16.8981,17.0948,-1.53481,0.855219
0,10,16.8424,17.5557,-1.58394,0.766492
0,10,16.8779,17.7647,-1.59092,0.754135
0,10,16.9065,17.3932,-1.52958,0.836244
0,10,16.5815,17.7131,-1.62788,0.642263
0,10,16.6957,17.8695,-1.62422,0.662586
0,10,16.5023,17.8666,-1.65983,0.607653
0,10,16.3243,18.0634,-1.67726,0.582988
0,10,16.2346,18.2062,-1.6828,0.559516
0,10,15.8456,18.6472,-1.64139,0.32259
0,10,16.0616,18.5681,-1.69822,0.397855
0,10,16.2315,18.3017,-1.68884,0.540531
0,10,15.8174,19.3449,-1.40953,0.257318
0,10,16.6745,19.7372,-0.932455,0.143487
0,10,17.2103,19.6912,-0.815469,0.182256
0,10,17.705,19.1172,-0.938545,0.50507
0,10,18.4435,18.3964,-0.993508,0.878029
0,10,18.6144,18.2479,-1.00974,0.890743
0,10,18.8739,17.7081,-0.960564,1.11373
0,10,19.0123,17.5484,-0.869578,1.21837
0,10,19.0624,17.6329,-0.937749,1.19801
0,10,18.8322,17.8444,-0.985661,0.97146
0,10,18.8386,17.9323,-0.950928,0.984272
0,10,18.8753,18.0244,-0.978171,0.920827
0,10,18.9405,17.9281,-0.947971,0.916725
0,10,19.1784,17.7627,-0.719527,1.0386
0,10,18.981,18.021,-0.904941,0.884648
0,10,18.9947,17.8459,-0.780324,0.990218
0,10,19.0485,17.9376,-0.885308,0.983928
0,10,18.7489,18.5969,-0.714972,0.611424
0,10,18.9039,18.1134,-0.852959,0.862439
0,10,18.8843,18.3586,-0.682107,0.642024
0,10,17.7023,19.6856,-0.605039,0.360388
0,10,15.4091,19.7292,-1.28367,0.149609
0,10,15.1758,19.5368,-1.42974,0.144613
0,10,15.618,19.7841,-1.30828,0.111112
0,10,16.334,19.8595,-0.790571,0.153043
0,10,17.3255,19.8959,-0.61902,0.109604
0,10,15.5094,19.7734,-1.3226,0.138734
0,10,16.2239,19.8487,-0.857601,0.232486
0,10,17.0477,19.9737,-0.744624,0.00506316
0,10,17.6324,19.7507,-0.607408,0.373722
0,10,16.2955,20.0387,-0.865613,0.0336203
0,10,15.6083,19.9535,-1.08364,0.068008
0,10,15.3653,19.9123,-1.16287,0.100892
0,10,15.3344,19.7961,-1.23263,0.0878536
0,10,15.2238,19.7429,-1.27681,0.0849515
0,10,14.8634,19.8647,-1.33253,-0.0441349
0,10,14.7234,19.8378,-1.36816,0.118375
0,10,15.0097,19.7357,-1.38521,0.128414
0,10,14.4517,19.7125,-1.47996,0.120429
0,10,14.1207,19.5601,-1.57622,-0.00848874
0,10,13.8675,19.6556,-1.58578,0.000164176
0,10,14.038,19.4762,-1.62616,0.0207228
0,10,14.0729,19.3861,-1.62691,0.0397438
0,10,13.3734,19.3279,-1.62791,0.03148
0,10,13.2399,19.4381,-1.60731,0.0343139
0,10,13.9081,19.2833,-1.66693,0.0280663
0,10,12.6397,19.7844,-1.59466,0.0121104
0,10,12.5801,20.0759,-1.29331,0.0631438
0,10,12.5897,19.5964,-1.61929,0.0025427
0,10,12.2209,19.7916,-1.61698,0.0129971
0,10,12.0237,20.0596,-1.3815,-0.0134426
0,10,11.9973,20.1874,-1.15521,-0.0762632
0,10,11.4819,20.0912,-1.4781,-0.0813902
0,10,11.6973,20.1674,-1.17107,-0.0528889
0,10,11.379,20.2882,-0.869706,-0.00453725
0,10,11.1811,20.2929,-0.785799,0.0852901
0,10,9.79324,20.3908,-0.549612,-0.00944709
0,10,4.46241,19.4079,-0.612395,-0.141709
0,10,2.74041,19.2299,-0.235965,-0.190886
0,10,2.16988,18.9003,-0.231656,-0.140312
0,10,2.56774,19.176,-0.234473,-0.183522
0,10,3.96744,16.3165,-0.789176,-0.511392
0,10,4.39829,18.1492,-0.761557,-0.350371
0,10,0.993196,16.1714,-0.498842,-1.19256
0,10,4.08318,16.7888,-0.793888,-0.476578
0,10,9.39298,15.8107,-1.36579,-0.745253
0,10,9.14677,15.9125,-1.30394,-0.746503
0,10,2.71827,17.3937,-0.675745,-0.59844
0,10,9.16182,16.1035,-1.26806,-0.722065
0,10,12.0815,15.0408,-2.02407,-0.418229
0,10,12.5076,15.07,-2.00048,-0.287232
0,10,13.3205,15.4471,-1.97729,-0.0734427
0,10,12.921,15.2717,-1.96147,-0.197415
0,10,14.4454,15.3801,-1.966,0.113221
0,10,14.9562,15.1415,-2.02183,0.253509
0,10,14.6406,15.2163,-1.99183,0.150001
0,10,15.2469,15.1469,-2.0004,0.366099
0,10,15.7484,15.251,-2.09638,0.53943
0,10,16.6015,15.2874,-2.15685,0.92847
0,10,16.387,15.2813,-2.14731,0.831065
0,10,16.2823,15.2987,-2.11039,0.822193
0,10,15.862,15.2312,-2.0996,0.57303
0,10,15.3451,15.1903,-2.04578,0.403933
0,10,16.4942,15.2804,-2.1604,0.899206
0,10,16.9008,15.5526,-2.16283,1.14023
0,10,17.2147,15.874,-1.93943,1.17232
0,10,16.9401,16.9226,-1.6672,0.912019
0,10,17.0399,16.6757,-1.73058,0.971827
0,10,17.0851,16.4416,-1.69808,1.07984
0,10,16.9471,17.2105,-1.49267,0.871855
0,10,16.9515,17.009,-1.559,0.90621
0,10,16.8924,17.8673,-1.58634,0.747208
0,10,16.9813,17.8162,-1.5748,0.7796
0,10,16.4098,17.9142,-1.67119,0.59805
0,10,16.5936,17.8158,-1.63514,0.627813
0,10,16.6116,18.0205,-1.63012,0.591453
0,10,16.7983,17.918,-1.59624,0.68453
0,10,16.4177,18.0166,-1.66512,0.582386
0,10,15.7412,19.0542,-1.42983,0.229322
0,10,17.5245,19.2988,-0.836372,0.496091
0,10,16.9273,19.7838,-0.889487,0.0916979
0,10,16.4327,19.4287,-1.25924,0.324497
0,10,17.9348,19.1185,-0.775889,0.568942
0,10,18.7259,17.9187,-0.993175,0.995013
0,10,18.5861,18.1564,-1.07212,0.924949
0,10,19.0931,17.4726,-0.744258,1.28478
0,10,19.163,17.3249,-0.729481,1.30183
0,10,18.9884,17.714,-0.893827,1.20756
0,10,19.3324,17.5318,-0.592966,1.12937
0,10,19.2252,17.5798,-0.692914,1.05727
0,10,19.1444,17.6715,-0.736065,0.991514
0,10,19.0675,17.7583,-0.700641,0.992454
0,10,19.3692,17.2842,-0.698795,1.22686
0,10,19.2485,17.2561,-0.736479,1.30775
0,10,19.3251,17.4203,-0.598085,1.17249
0,10,19.3304,17.1961,-0.689212,1.27759
0,10,19.4264,17.3489,-0.520222,1.07578
0,10,19.2511,17.6692,-0.75922,1.03598
0,10,19.3283,17.7176,-0.569248,0.798871
0,10,19.4431,17.5307,-0.46593,1.02344
0,10,19.1061,17.8474,-0.787902,1.01372
0,10,18.4203,18.8816,-0.727086,0.602667
0,10,18.5525,18.6492,-0.738312,0.624849
0,10,18.0424,19.1751,-0.805137,0.62135
0,10,18.3475,19.0289,-0.75502,0.587513
0,10,18.1382,19.13,-0.7901,0.600366
0,10,18.5843,18.7444,-0.710483,0.613164
0,10,18.0577,19.263,-0.779625,0.60771
0,10,16.3993,20.0399,-0.783983,0.181767
0,10,15.8641,20.0092,-0.948391,0.110035
0,10,15.553,19.863,-1.24861,0.134451
0,10,15.7872,20.0569,-1.04409,-0.0332033
0,10,16.068,19.9577,-1.05137,-0.0415909
0,10,16.4614,20.138,-0.831181,0.0795421
0,10,14.9159,19.7639,-1.39373,0.0529627
0,10,15.4816,19.9294,-1.09427,0.219001
0,10,14.3634,19.8369,-1.40869,0.0335223
0,10,14.6489,19.8893,-1.35,0.124481
0,10,14.6374,19.7711,-1.38619,0.126983
0,10,14.3463,19.9349,-1.42145,0.0145718
0,10,14.2571,19.7393,-1.55204,-0.0271082
0,10,14.4579,19.817,-1.37309,0.0828249
0,10,13.8716,19.3813,-1.64756,0.0240986
0,10,13.7643,19.3878,-1.64753,0.0287975
0,10,13.4786,19.3188,-1.63918,0.0281999
0,10,13.693,19.3036,-1.6592,0.023977
0,10,13.1387,19.4501,-1.62845,0.0127509
0,10,13.4061,19.2303,-1.67186,0.025557
0,10,12.5603,19.689,-1.58369,0.0107001
0,10,12.4851,19.5921,-1.62438,0.0339451
0,10,11.8478,19.9923,-1.52368,-0.0875318
0,10,12.3478,19.6981,-1.61336,0.06893
0,10,11.839,19.8738,-1.55795,-0.0315767
0,10,11.5768,20.0921,-1.50209,0.0263201
0,10,10.8389,20.0768,-1.36751,-0.0987572
0,10,10.7056,20.3999,-0.600445,-0.0315312
0,10,10.0659,20.3934,-0.635953,0.0210575
0,10,5.11189,19.176,-0.798474,-0.237163
0,10,4.20822,19.4592,-0.550065,-0.144974
0,10,1.34399,18.1243,-0.179047,-0.202691
0,10,3.78521,19.4093,-0.501307,-0.218112
0,10,2.56166,16.4175,-0.757794,-0.61071
0,10,5.54292,16.3571,-0.873905,-0.477648
0,10,1.46093,16.54,-0.586132,-0.920005
0,10,9.94905,15.6387,-1.51771,-0.81653
0,10,7.30003,16.2809,-1.02816,-0.610068
0,10,9.5881,15.8616,-1.39722,-0.789002
0,10,3.53776,17.4148,-0.813148,-0.465999
0,10,12.5037,14.9593,-2.00957,-0.268725
0,10,12.9545,15.4154,-1.98512,-0.123666
0,10,13.6502,15.4722,-1.98544,0.00791887
0,10,13.9867,15.4147,-1.97888,0.0326478
0,10,13.037,15.4642,-1.98177,-0.122163
0,10,14.3419,15.3023,-1.96724,0.10321
0,10,15.9624,15.1408,-2.1474,0.634049
0,10,15.6733,15.1471,-2.11602,0.492263
0,10,15.0502,15.146,-2.02224,0.268041
0,10,14.2421,15.3196,-1.95133,0.0941165
0,10,13.8687,15.3922,-1.99,0.0317536
0,10,14.8666,15.1892,-2.02892,0.239857
0,10,16.1719,15.2033,-2.1829,0.711146
0,10,16.8076,15.4732,-2.14854,1.1088
0,10,16.7134,15.2827,-2.18979,1.00381
0,10,17.1174,15.8242,-1.99234,1.17875
0,10,17.0178,15.5398,-2.15461,1.17621
0,10,16.9325,15.468,-2.14895,1.15042
0,10,17.1802,16.1946,-1.70073,1.16202
0,10,17.1777,16.2906,-1.72688,1.14444
0,10,17.0377,16.8677,-1.66357,0.949814
0,10,17.0373,16.7709,-1.65289,0.967725
0,10,16.9273,17.5007,-1.55652,0.8188
0,10,16.9797,17.3217,-1.4972,0.859321
0,10,16.9973,17.106,-1.51907,0.919083
0,10,16.9022,17.968,-1.57294,0.733726
0,10,16.5202,18.0723,-1.64246,0.576974
0,10,15.951,18.6912,-1.6101,0.3566
0,10,16.1382,18.4292,-1.64014,0.434835
0,10,16.3328,18.1617,-1.66169,0.555902
0,10,15.9071,19.2939,-1.43439,0.254028
0,10,15.8524,18.7414,-1.59933,0.30503
0,10,18.1161,18.9453,-0.859279,0.65949
0,10,18.3594,18.4692,-0.986137,0.870683
0,10,18.7832,17.7639,-1.02365,1.01563
0,10,18.6414,17.9925,-1.05658,0.965743
0,10,18.9421,17.6263,-0.927617,1.21017
0,10,19.128,17.2365,-0.769346,1.32705
0,10,19.0853,17.1554,-0.76847,1.35051
0,10,19.1817,17.413,-0.750107,1.26998
0,10,19.2786,17.3481,-0.674947,1.27581
0,10,19.2402,17.4826,-0.638542,1.13991
0,10,19.2066,17.1665,-0.722726,1.36022
0,10,19.312,16.6271,-0.510536,1.75897
0,10,19.2672,17.0117,-0.713166,1.42972
0,10,19.3529,17.6152,-0.5626,0.988421
0,10,19.2966,17.1085,-0.671955,1.33359
0,10,19.3836,17.0635,-0.596107,1.37357
0,10,19.3716,16.9674,-0.56695,1.42958
0,10,19.5173,16.9266,-0.449235,1.46221
0,10,19.4228,17.4453,-0.589055,1.09984
0,10,19.1372,17.9783,-0.664263,0.717261
0,10,19.0752,18.0576,-0.685322,0.699186
0,10,18.9237,18.2093,-0.772759,0.746675
0,10,18.503,18.8157,-0.705645,0.619989
0,10,18.786,18.6818,-0.682211,0.581883
0,10,18.447,18.9746,-0.715958,0.579305
0,10,18.6662,18.6712,-0.719172,0.608604
0,10,18.5353,18.9062,-0.684839,0.598871
0,10,16.1305,19.8793,-1.0587,-0.0338994
0,10,16.6123,20.0588,-0.722891,0.0918248
0,10,17.5523,19.9177,-0.530559,0.204592
0,10,18.3574,19.1181,-0.762668,0.58278
0,10,18.7419,18.8401,-0.667084,0.564041
0,10,17.105,19.9025,-0.737546,0.0730817
0,10,17.3714,19.8165,-0.707864,0.0810109
0,10,17.1694,19.9889,-0.639509,0.0219993
0,10,16.1932,19.9554,-1.05294,0.000148702
0,10,15.6706,20.0493,-1.01528,0.0364118
0,10,16.0284,20.1288,-0.873252,-0.0338615
0,10,14.9663,19.8557,-1.29005,0.0441428
0,10,14.7775,19.9236,-1.27686,0.0497725
0,10,13.7288,19.773,-1.55186,0.0899929
0,10,14.0179,19.9165,-1.45354,-0.0300638
0,10,13.5593,19.6938,-1.54842,0.0612908
0,10,14.5524,19.7947,-1.37473,0.140572
0,10,13.0037,19.5614,-1.65577,-0.0388396
0,10,13.1737,19.6383,-1.64954,-0.029876
0,10,12.8984,19.5746,-1.65228,-0.0565518
0,10,12.8675,19.6754,-1.60881,-0.0110255
0,10,12.694,19.5948,-1.61985,-0.00922388
0,10,12.3054,19.8958,-1.56124,0.0388995
0,10,12.5053,19.9721,-1.38053,-0.00152827
0,10,12.1619,20.1941,-1.1917,0.119636
0,10,12.235,20.2894,-1.04502,0.11422
0,10,12.134,20.2895,-0.981845,0.182348
0,10,11.0262,20.1738,-1.17918,-0.092161
0,10,10.8888,20.3965,-0.688595,0.0129365
0,10,10.2452,20.3929,-0.609621,0.0523238
0,10,0.768572,17.4877,-0.0147266,-0.256903
0,10,3.00755,19.437,-0.321757,-0.172916
0,10,2.24578,18.9798,-0.213201,-0.142154
0,10,4.68821,19.128,-0.770031,-0.205943
0,10,3.19481,19.5149,-0.343114,-0.149029
0,10,2.27337,16.4139,-0.771442,-0.711519
0,10,6.11477,16.3817,-0.885265,-0.512563
0,10,3.90213,16.8509,-0.806263,-0.499229
0,10,9.13021,16.2197,-1.22466,-0.704243
0,10,10.5469,16.0124,-1.56378,-0.692232
0,10,12.6865,15.0677,-1.95771,-0.231107
0,10,12.7513,14.8739,-2.01409,-0.197186
0,10,8.7176,16.1691,-1.17755,-0.726865
0,10,12.9967,15.1932,-1.96344,-0.139977
0,10,14.1711,15.4472,-1.94827,0.0669661
0,10,13.5492,15.432,-1.99183,-0.0217476
0,10,13.0023,15.3081,-1.97501,-0.119509
0,10,12.7402,15.2013,-1.96059,-0.196584
0,10,13.2292,15.3884,-1.98852,-0.0811228
0,10,13.0832,15.2317,-1.97558,-0.120863
0,10,14.1567,15.3372,-1.95702,0.0697016
0,10,15.7791,15.1557,-2.11748,0.558552
0,10,15.3451,15.0304,-2.0399,0.372432
0,10,16.5041,15.1856,-2.24658,0.885459
0,10,16.0687,15.1649,-2.19471,0.663072
0,10,15.5725,15.1086,-2.10268,0.431394
0,10,16.8325,15.3921,-2.12667,1.13566
0,10,16.8236,15.3025,-2.20722,1.08993
0,10,16.9936,15.7758,-2.04627,1.1299
0,10,17.0556,15.457,-2.19767,1.14772
0,10,17.1075,16.5556,-1.70868,1.07732
0,10,17.1742,16.3965,-1.70578,1.09535
0,10,17.0389,17.2003,-1.47372,0.916632
0,10,17.1347,16.6548,-1.7152,1.08469
0,10,16.9459,17.6062,-1.56574,0.804449
0,10,16.6027,17.9183,-1.64416,0.609937
0,10,16.7046,17.9711,-1.61801,0.640738
0,10,16.5108,17.9694,-1.6597,0.593316
0,10,16.5274,18.1768,-1.62632,0.568288
0,10,16.1625,18.5589,-1.69187,0.465752
0,10,17.9112,19.0303,-0.892957,0.616862
0,10,17.1523,19.5843,-0.899224,0.135348
0,10,16.0466,19.5516,-1.28843,0.287511
0,10,15.687,19.2025,-1.53319,0.222236
0,10,18.5019,18.23,-1.05805,0.913766
0,10,19.0631,17.3824,-0.770466,1.29481
0,10,18.976,17.4592,-0.793706,1.27425
0,10,18.8288,17.6219,-0.971564,1.12181
0,10,19.0376,17.2972,-0.779132,1.3355
0,10,18.9917,17.2193,-0.796516,1.34224
0,10,19.2696,16.9184,-0.561442,1.50544
0,10,19.3299,16.8119,-0.637402,1.55051
0,10,19.18,17.0761,-0.749665,1.39273
0,10,19.2761,16.7366,-0.632546,1.64079
0,10,19.3219,16.5381,-0.414029,1.78817
0,10,19.4325,16.5483,-0.379133,1.69641
0,10,19.3905,16.8823,-0.504527,1.45196
0,10,19.3803,16.6883,-0.486649,1.60558
0,10,19.4619,16.6218,-0.354828,1.63028
0,10,19.5232,16.4899,-0.306161,1.72499
0,10,19.4888,16.8442,-0.482612,1.50426
0,10,19.4275,16.7669,-0.555981,1.55878
0,10,19.0518,18.2143,-0.709656,0.629784
0,10,18.9166,18.4467,-0.662906,0.612513
0,10,19.4686,17.236,-0.579289,1.29093
0,10,18.869,18.6067,-0.688579,0.584404
0,10,19.0054,18.1298,-0.736285,0.680122
0,10,18.6196,18.8315,-0.677069,0.587776
0,10,17.979,19.3911,-0.713771,0.567427
0,10,19.036,18.4574,-0.636465,0.60148
0,10,19.1086,18.2925,-0.618117,0.578938
0,10,19.1127,18.377,-0.636751,0.574018
0,10,18.9524,18.5321,-0.670494,0.593236
0,10,18.8275,18.7642,-0.656024,0.570965
0,10,17.7946,19.4765,-0.685302,0.453452
0,10,17.1933,20.1492,-0.633536,-0.0294413
0,10,16.7392,20.0868,-0.680487,0.088426
0,10,16.3574,20.1334,-0.956278,0.0478955
0,10,16.1413,20.1376,-0.976611,0.00882258
0,10,16.2944,19.9436,-0.933583,0.132833
0,10,15.6115,20.1188,-0.874788,0.149832
0,10,14.9917,19.9518,-1.24259,0.0414996
0,10,15.2614,19.8488,-1.22425,0.0543375
0,10,13.9738,19.6549,-1.61271,0.00849183
0,10,14.1521,19.741,-1.57171,-0.00243009
0,10,13.8351,19.7516,-1.55307,0.00780833
0,10,13.5893,19.5946,-1.56857,0.0666231
0,10,13.7946,19.5754,-1.60522,0.0393826
0,10,13.2089,19.5387,-1.61061,0.00976161
0,10,13.0713,19.3615,-1.66019,0.00655582
0,10,12.9967,19.9821,-1.44228,0.0419382
0,10,12.8011,19.9786,-1.43599,0.0412425
0,10,12.6755,20.0782,-1.28631,0.0752077
0,10,12.2934,20.0986,-1.2997,-0.00531045
0,10,12.3899,20.0817,-1.28224,-0.0127353
0,10,12.2694,20.1983,-1.2216,-0.0342588
0,10,11.3118,20.1955,-1.01309,-0.00178036
0,10,11.7531,20.282,-0.880613,0.034699
0,10,11.4719,20.2915,-0.817071,0.163713
0,10,10.3347,20.3971,-0.543095,0.0470257
0,10,4.34292,18.8188,-0.746866,-0.281116
0,10,5.21301,18.6103,-0.845264,-0.260808
0,10,1.75072,18.601,-0.161509,-0.241041
0,10,3.22051,18.9001,-0.455951,-0.248167
0,10,2.82242,16.4384,-0.789503,-0.628608
0,10,8.82316,16.0147,-1.24743,-0.757967
0,10,9.66955,15.7838,-1.46141,-0.858611
0,10,5.92084,16.6427,-0.915695,-0.499521
0,10,2.95804,17.4851,-0.703909,-0.545224
0,10,10.1073,15.7458,-1.53273,-0.775335
0,10,3.62012,17.3701,-0.805571,-0.443627
0,10,12.4197,14.9849,-2.02207,-0.297399
0,10,9.27337,16.0602,-1.32844,-0.746519
0,10,4.26497,16.8769,-0.797613,-0.463961
0,10,12.2164,14.8728,-2.02132,-0.371215
0,10,12.7313,14.9783,-1.98772,-0.20285
0,10,11.8129,15.1165,-2.00608,-0.496434
0,10,13.1559,15.3202,-1.97601,-0.122086
0,10,13.4547,15.3972,-1.99828,-0.0504915
0,10,13.7808,15.3358,-1.97861,-0.00111523
0,10,14.5069,15.2198,-1.9597,0.13452
0,10,15.143,15.0444,-2.0126,0.341842
0,10,14.2627,15.2195,-1.96251,0.0863843
0,10,16.4439,15.1004,-2.237,0.816586
0,10,15.8516,15.0265,-2.17992,0.548972
0,10,16.9451,15.3807,-2.16092,1.12103
0,10,16.9399,15.2913,-2.28383,1.09238
0,10,17.2507,15.9602,-1.798,1.17108
0,10,17.1321,15.5806,-2.14465,1.22447
0,10,17.1803,16.5048,-1.68731,1.0854
0,10,17.2681,16.3488,-1.68462,1.10437
0,10,17.0041,17.4336,-1.52644,0.848912
0,10,16.9641,17.7122,-1.57354,0.791734
0,10,16.8104,18.1166,-1.55665,0.631684
0,10,16.9954,17.918,-1.56352,0.769745
0,10,16.7105,18.0737,-1.60594,0.617665
0,10,16.8051,18.0177,-1.58595,0.664324
0,10,16.3368,18.2604,-1.66303,0.535325
0,10,16.434,18.2205,-1.63902,0.548686
0,10,16.6266,18.2287,-1.58585,0.543806
0,10,16.6182,18.1247,-1.62206,0.571284
0,10,16.0686,18.6619,-1.62783,0.406754
0,10,18.2745,18.5396,-0.975323,0.847771
0,10,17.8115,19.0779,-0.890849,0.581982
0,10,15.7931,19.2516,-1.47994,0.277631
0,10,18.7044,17.8339,-1.02551,1.02973
0,10,18.8968,17.5351,-0.92082,1.23109
0,10,18.5556,18.0655,-1.09024,0.943888
0,10,18.9737,17.1295,-0.774352,1.35557
0,10,18.9064,17.2899,-0.796592,1.35017
0,10,18.9465,17.3706,-0.806431,1.32658
0,10,19.0745,17.0632,-0.762777,1.35393
0,10,19.1652,16.9792,-0.731844,1.41067
0,10,19.2226,16.8446,-0.686582,1.59108
0,10,19.2404,16.4634,-0.525968,1.90627
0,10,19.2096,16.5491,-0.471584,1.90345
0,10,19.2155,16.6604,-0.678934,1.74679
0,10,19.1319,16.5995,-0.682992,1.74907
0,10,19.3779,16.4607,-0.463027,1.77271
0,10,19.5108,16.7037,-0.448385,1.60369
0,10,19.6103,16.8577,-0.422902,1.49699
0,10,19.4729,17.0068,-0.575041,1.43698
0,10,19.4595,17.6288,-0.425106,0.945373
0,10,19.5397,17.3062,-0.433896,1.26639
0,10,19.0001,18.3695,-0.633795,0.625695
0,10,18.7031,18.7566,-0.674466,0.578849
0,10,19.1954,18.0721,-0.671607,0.740219
0,10,19.2976,17.8941,-0.628401,0.864682
0,10,19.4358,17.7151,-0.554127,0.964213
0,10,19.1822,18.2285,-0.593402,0.645028
0,10,19.3108,18.0776,-0.578715,0.808189
0,10,18.9936,18.6148,-0.647154,0.567566
0,10,17.2913,19.992,-0.599124,0.0166919
0,10,17.529,20.0055,-0.436178,0.167586
0,10,17.8915,19.4428,-0.723162,0.504016
0,10,16.1867,20.0468,-0.908464,-0.026467
0,10,16.6798,20.1483,-0.737019,0.0555708
0,10,16.9966,20.0508,-0.640428,0.0198092
0,10,17.3997,19.9854,-0.526653,0.0670309
0,10,15.931,20.1088,-0.921737,0.0586748
0,10,16.4274,20.2303,-0.822318,-0.0389734
0,10,15.7313,20.1389,-0.909465,0.0228409
0,10,15.9718,20.0218,-0.938936,0.0378218
0,10,15.5509,20.0218,-0.966192,0.158389
0,10,14.8873,19.9596,-1.24527,-0.062146
0,10,14.2388,19.9299,-1.42277,-0.0455997
0,10,14.1287,19.9248,-1.43619,-0.0122386
0,10,13.6907,19.5834,-1.59586,0.0750852
0,10,13.3114,19.5264,-1.58116,0.0197519
0,10,13.6582,19.6857,-1.56533,0.114056
0,10,13.4459,19.4155,-1.60319,0.0403559
0,10,13.3799,20.1915,-1.06886,-0.0586189
0,10,12.7958,19.5843,-1.62624,-0.0216436
0,10,12.404,19.8789,-1.56091,0.0407922
0,10,12.5068,19.874,-1.54851,0.0116143
0,10,12.4538,19.6859,-1.59493,0.0502349
0,10,12.371,20.1888,-1.26996,-0.0286424
0,10,11.1023,20.0334,-1.3357,-0.00465876
0,10,11.7192,20.3941,-0.527916,-0.0850574
0,10,10.4233,20.3953,-0.514729,-0.00563367
0,10,0.712985,16.9981,-0.102444,-0.376758
0,10,1.35732,18.0156,-0.135075,-0.241391
0,10,3.62166,19.4609,-0.429097,-0.152208
0,10,2.08388,19.1909,-0.170041,-0.128338
0,10,0.675411,17.3432,-0.14447,-0.190674
0,10,2.33212,16.3707,-0.779863,-0.716944
0,10,2.35317,16.6486,-0.790418,-0.694728
0,10,6.90985,16.3049,-0.997005,-0.549694
0,10,5.88813,16.5306,-0.926697,-0.495834
0,10,10.7068,15.4573,-1.79854,-0.74658
0,10,3.0627,17.5337,-0.709148,-0.54477
0,10,3.40552,17.6004,-0.764919,-0.502461
0,10,9.24416,15.875,-1.36149,-0.784237
0,10,4.18074,16.7721,-0.793221,-0.480963
0,10,5.37042,16.6844,-0.862322,-0.4131
0,10,12.7737,15.107,-1.96528,-0.197949
0,10,12.3386,14.9603,-2.02611,-0.298105
0,10,14.0696,15.376,-1.96111,0.0691129
0,10,12.9172,15.1248,-1.9462,-0.199832
0,10,15.2668,15.0637,-2.04914,0.343738
0,10,15.4003,15.1387,-2.05278,0.414387
0,10,15.8652,15.1153,-2.1228,0.574463
0,10,16.6151,15.1995,-2.2371,0.921821
0,10,16.3941,15.188,-2.21057,0.826121
0,10,17.0514,15.3637,-2.21497,1.11113
0,10,17.0325,15.2585,-2.25685,1.15728
0,10,17.1767,15.757,-1.90634,1.22947
0,10,17.1476,15.4922,-2.24434,1.2154
0,10,17.1375,16.7688,-1.67324,1.12498
0,10,17.0557,16.9594,-1.61512,0.939017
0,10,16.9087,18.0676,-1.53991,0.70805
0,10,17.0848,17.8589,-1.55971,0.802606
0,10,17.0676,17.2985,-1.4719,0.921603
0,10,17.2238,16.7202,-1.73332,1.0894
0,10,16.9153,18.2698,-1.45455,0.628851
0,10,16.9171,18.3715,-1.42206,0.574606
0,10,17.0273,17.5426,-1.54419,0.838646
0,10,17.0759,17.05,-1.53142,0.929574
0,10,16.8167,18.4155,-1.47629,0.495375
0,10,16.3382,18.3553,-1.63898,0.499835
0,10,16.4284,18.1184,-1.64274,0.569487
0,10,16.536,18.2809,-1.59756,0.543424
0,10,18.4714,18.1381,-1.10569,0.92695
0,10,16.8016,19.7582,-0.925566,0.0551035
0,10,18.7881,17.2676,-0.878853,1.40378
0,10,18.8202,17.3575,-0.855959,1.34001
0,10,18.6821,17.2686,-0.980901,1.1828
0,10,18.8613,17.4431,-0.881428,1.30104
0,10,18.9122,16.964,-0.868718,1.42477
0,10,19.0482,16.9763,-0.804951,1.39108
0,10,18.9552,17.0407,-0.811478,1.381
0,10,19.1681,16.7644,-0.732555,1.6881
0,10,19.1284,16.8961,-0.756191,1.47683
0,10,19.0055,16.8961,-0.846902,1.41954
0,10,19.0057,16.7251,-0.874068,1.51768
0,10,19.0807,16.8153,-0.901869,1.5311
0,10,19.3073,16.3884,-0.577467,1.87941
0,10,19.1004,16.6965,-0.721368,1.7018
0,10,19.578,16.5588,-0.231915,1.64998
0,10,19.7115,16.5464,-0.181865,1.54848
0,10,19.6337,17.3515,-0.420568,1.16782
0,10,19.5736,16.7746,-0.443546,1.54002
0,10,18.9784,18.2852,-0.683603,0.643195
0,10,19.1893,17.8905,-0.63562,0.807078
0,10,19.2574,17.8038,-0.57559,0.817489
0,10,19.13,18.1453,-0.69031,0.688887
0,10,19.6679,17.2561,-0.473621,1.14239
0,10,19.2452,17.9859,-0.627175,0.840134
0,10,19.546,17.7147,-0.49723,0.747749
0,10,19.6053,17.6424,-0.240955,0.884988
0,10,19.0759,18.5402,-0.625448,0.585489
0,10,19.1574,18.4658,-0.622401,0.585898
0,10,19.5434,17.5701,-0.45259,0.99562
0,10,19.351,17.9827,-0.59016,0.823027
0,10,18.2435,19.0785,-0.769332,0.580887
0,10,18.6542,18.917,-0.687479,0.573158
0,10,19.0346,18.6961,-0.683954,0.581254
0,10,19.2211,18.378,-0.639048,0.616614
0,10,17.4449,19.9108,-0.571626,0.104071
0,10,17.7547,19.7737,-0.565456,0.289659
0,10,17.8404,19.5676,-0.53142,0.424209
0,10,16.0802,20.0461,-0.891886,-0.0441648
0,10,16.5681,20.146,-0.761549,0.0843755
0,10,15.4349,20.0077,-1.01504,0.207059
0,10,15.2106,20.0742,-0.971699,-0.0601247
0,10,15.0914,19.9305,-1.24955,0.0609824
0,10,15.0555,19.828,-1.27014,0.0927416
0,10,14.5495,19.897,-1.34285,0.140618
0,10,13.5291,19.7958,-1.5798,0.0194378
0,10,13.5513,19.4054,-1.61853,0.0393846
0,10,13.7268,19.4846,-1.62687,0.0537411
0,10,13.5851,19.3103,-1.65039,0.0309021
0,10,13.3416,19.4267,-1.59202,0.033925
0,10,12.7695,19.6853,-1.59109,-0.00952576
0,10,12.7706,20.0794,-1.28695,0.0921615
0,10,12.3223,19.7954,-1.62095,0.0421883
0,10,12.651,20.182,-1.21532,0.0656405
0,10,12.4654,20.1805,-1.26198,0.00909753
0,10,11.8991,20.3933,-0.528841,-0.0542947
0,10,10.524,20.4034,-0.533088,-0.0470757
0,10,0.939113,17.6847,-0.126438,-0.150586
0,10,0.715343,17.1604,-0.106415,-0.383982
0,10,4.53215,19.1788,-0.710051,-0.196927
0,10,0.81374,17.5714,-0.124236,-0.165886
0,10,3.30961,18.7229,-0.583611,-0.308626
0,10,6.47346,16.3404,-0.985923,-0.54897
0,10,9.02632,15.836,-1.29159,-0.768096
0,10,7.02629,16.3604,-1.00135,-0.497462
0,10,4.90261,16.4831,-0.798675,-0.425293
0,10,2.43773,16.7514,-0.753175,-0.670569
0,10,10.1529,15.6281,-1.60909,-0.81871
0,10,9.84362,15.7225,-1.49126,-0.821043
0,10,3.39883,17.4501,-0.776143,-0.505279
0,10,13.1519,14.7032,-1.93294,-0.0814828
0,10,12.6071,15.0929,-1.98907,-0.266922
0,10,12.8353,14.9329,-1.99824,-0.181957
0,10,13.3537,15.3584,-2.00772,-0.0773872
0,10,14.7773,15.1987,-2.021,0.197038
0,10,14.4272,15.2675,-1.98105,0.0923067
0,10,15.6301,15.0318,-2.11116,0.442704
0,10,15.4566,15.0693,-2.07106,0.39539
0,10,16.5655,15.1076,-2.28734,0.909736
0,10,16.2829,15.2013,-2.20655,0.796506
0,10,16.93,15.1914,-2.27785,1.09032
0,10,16.8359,15.2162,-2.26799,1.0706
0,10,17.1449,15.3595,-2.14419,1.27702
0,10,17.2227,16.6144,-1.73827,1.05454
0,10,17.2787,16.1472,-1.67341,1.17858
0,10,17.1551,15.6685,-2.04742,1.24989
0,10,17.2436,15.5957,-2.16203,1.27382
0,10,17.2182,15.4387,-2.17289,1.27377
0,10,17.273,16.4503,-1.68159,1.09958
0,10,17.2604,16.0562,-1.71446,1.18994
0,10,17.2854,16.5504,-1.66602,1.08928
0,10,17.3644,16.3112,-1.65944,1.14926
0,10,16.9155,18.4726,-1.41807,0.504256
0,10,16.9129,18.1681,-1.49448,0.672759
0,10,17.0467,17.6494,-1.55657,0.828746
0,10,16.815,18.2166,-1.51935,0.59132
0,10,16.8157,18.3161,-1.49349,0.54194
0,10,17.0096,18.5291,-1.32263,0.508104
0,10,15.9519,18.7931,-1.58146,0.354214
0,10,16.237,18.3987,-1.63484,0.528104
0,10,16.442,18.3203,-1.61065,0.523173
0,10,18.7416,17.6794,-1.02555,1.03469
0,10,18.8604,17.1084,-0.800256,1.43045
0,10,18.8746,17.2003,-0.805228,1.40232
0,10,18.7654,17.1723,-0.844368,1.46761
0,10,18.8816,16.882,-0.915518,1.471
0,10,18.7601,16.8564,-0.948321,1.53136
0,10,18.8206,17.0288,-0.841438,1.47528
0,10,18.7298,17.0856,-0.826936,1.50175
0,10,18.7823,16.9452,-0.912976,1.50337
0,10,18.9681,16.8103,-0.951543,1.45093
0,10,18.8475,16.7955,-0.954882,1.4909
0,10,19.0559,16.5259,-0.654012,1.7661
0,10,19.1207,16.4651,-0.521809,1.91763
0,10,19.6524,16.4792,-0.313619,1.61421
0,10,19.591,16.6398,-0.333665,1.63711
0,10,19.7292,16.8841,-0.378318,1.45001
0,10,19.7062,16.6301,-0.243209,1.49492
0,10,19.6338,16.9485,-0.406338,1.47467
0,10,19.505,17.1004,-0.517416,1.40642
0,10,19.4312,17.1561,-0.606809,1.32661
0,10,19.6672,17.4379,-0.3435,1.06089
0,10,19.6038,17.1303,-0.440428,1.32621
0,10,19.5733,17.2144,-0.568265,1.27312
0,10,19.6536,17.5344,-0.287586,1.03002
0,10,19.5343,17.8806,-0.533331,0.748792
0,10,19.6053,17.7918,-0.561321,0.616949
0,10,19.525,17.4006,-0.603715,1.22129
0,10,19.5623,17.477,-0.335945,1.0597
0,10,19.758,17.5381,-0.217996,0.676751
0,10,19.4877,17.8022,-0.590707,0.854758
0,10,19.5423,18.0173,-0.463605,0.703013
0,10,19.2522,18.2954,-0.570131,0.629792
0,10,19.4915,18.1235,-0.468614,0.647351
0,10,17.7726,19.6353,-0.522898,0.443807
0,10,18.2554,19.169,-0.764919,0.560651
0,10,19.256,18.1563,-0.57475,0.708455
0,10,18.5621,18.9944,-0.722622,0.588906
0,10,17.5483,20.155,-0.517786,0.024742
0,10,17.3638,20.0764,-0.555849,0.0058914
0,10,16.8379,20.1026,-0.727889,0.122811
0,10,17.2407,20.0713,-0.580542,-0.0089776
0,10,15.17,19.877,-1.22682,0.0299895
0,10,15.1783,19.9914,-1.2712,0.00660406
0,10,14.0469,19.7392,-1.57679,-0.00901074
0,10,13.9398,19.7485,-1.55839,0.0382514
0,10,13.6226,19.4952,-1.60574,0.050501
0,10,13.1405,19.7379,-1.66293,-0.0462474
0,10,13.0711,19.6512,-1.65963,-0.040737
0,10,12.9401,19.7648,-1.61639,0.0346711
0,10,13.6576,19.3986,-1.63016,0.0356635
0,10,12.8986,19.977,-1.47351,0.0343861
0,10,12.9903,20.2842,-0.950131,-0.0982843
0,10,12.082,20.1501,-1.13942,-0.0412436
0,10,12.536,20.3956,-0.308932,0.0555515
0,10,11.4404,20.3979,-0.598116,0.0378074
0,10,10.6118,20.391,-0.577604,-0.0691213
0,10,1.43755,18.107,-0.181652,-0.229792
0,10,4.37071,19.5775,-0.520372,-0.110792
0,10,4.312,19.2622,-0.63562,-0.13308
0,10,1.20044,17.8517,-0.105851,-0.21161
0,10,2.22212,16.2725,-0.768462,-0.734826
0,10,2.38932,16.8597,-0.731761,-0.681927
0,10,4.15563,19.3608,-0.586148,-0.163639
0,10,2.62353,16.274,-0.799463,-0.62553
0,10,8.0994,16.0659,-1.09473,-0.714447
0,10,10.5894,15.5327,-1.74115,-0.735505
0,10,9.24877,15.9787,-1.30141,-0.769196
0,10,4.36836,16.866,-0.799661,-0.451788
0,10,6.94588,16.4053,-1.0615,-0.552781
0,10,6.66299,16.564,-0.943136,-0.482752
0,10,12.8535,15.1806,-1.96518,-0.224998
0,10,12.7986,14.7866,-1.99792,-0.174169
0,10,13.7255,15.3951,-1.97237,0.0141751
0,10,13.1802,15.2193,-1.96767,-0.12343
0,10,15.0433,15.0395,-2.00697,0.270036
0,10,13.9233,15.3192,-1.99037,0.0350382
0,10,16.2093,15.1186,-2.20071,0.736863
0,10,15.7332,15.0641,-2.1193,0.525709
0,10,16.9648,15.1171,-2.25177,1.11259
0,10,17.0645,15.1691,-2.25387,1.22032
0,10,17.1332,15.2643,-2.21949,1.30844
0,10,17.1828,15.1801,-2.28177,1.30324
0,10,17.2246,15.1118,-2.21743,1.36674
0,10,16.7257,15.1915,-2.24855,0.991663
0,10,17.2797,15.7701,-1.89854,1.29804
0,10,17.2491,15.3429,-2.1294,1.30827
0,10,17.3694,15.6177,-2.12481,1.41211
0,10,17.2829,15.5235,-2.19049,1.30402
0,10,17.3697,16.414,-1.69203,1.13704
0,10,17.2823,16.2433,-1.69477,1.13917
0,10,17.144,16.8655,-1.60552,1.09987
0,10,17.3743,16.6156,-1.66412,1.1129
0,10,17.1242,17.1414,-1.49327,0.932252
0,10,17.1616,16.9626,-1.55137,1.02928
0,10,17.0665,17.7545,-1.55923,0.818622
0,10,16.9111,18.572,-1.40345,0.41863
0,10,16.7204,18.2835,-1.54722,0.541236
0,10,16.2239,18.4994,-1.66315,0.507843
0,10,18.0165,18.9886,-0.872991,0.648534
0,10,15.7284,18.9553,-1.56978,0.253747
0,10,18.7079,17.3594,-0.97674,1.15134
0,10,18.6575,17.1788,-0.983783,1.23198
0,10,18.5834,17.0028,-1.00003,1.35471
0,10,18.5651,17.2448,-1.05071,1.17683
0,10,18.5901,17.3354,-1.03379,1.12543
0,10,18.5331,17.1567,-1.08123,1.24277
0,10,18.6905,16.999,-0.901061,1.5421
0,10,18.6176,17.0926,-0.987809,1.28998
0,10,18.8973,16.7146,-0.956397,1.47167
0,10,19.0183,16.6219,-0.735887,1.67924
0,10,19.1745,16.3868,-0.615411,1.9392
0,10,19.264,16.3115,-0.598915,1.9176
0,10,19.0547,16.3765,-0.669123,1.96365
0,10,19.4004,16.341,-0.497207,1.91552
0,10,19.5326,16.3374,-0.481596,1.70987
0,10,19.6585,16.7169,-0.364222,1.51054
0,10,19.7084,16.7985,-0.41431,1.49441
0,10,19.7381,16.9783,-0.411496,1.41661
0,10,19.5844,17.0245,-0.554911,1.38259
0,10,19.7078,17.1698,-0.301193,1.24976
0,10,19.7785,17.2557,-0.332793,1.00203
0,10,19.6859,17.0662,-0.442177,1.41216
0,10,19.6788,17.722,-0.294426,0.774454
0,10,19.7369,17.3463,-0.402256,0.950944
0,10,19.8779,17.2885,-0.239056,0.793377
0,10,19.8151,17.1665,-0.15025,1.05414
0,10,19.7924,17.6913,-0.134148,0.653146
0,10,19.8388,16.8889,-0.347938,1.33217
0,10,19.9128,17.4438,-0.10811,0.687905
0,10,19.963,17.3571,-0.150003,0.746058
0,10,19.8389,17.6145,-0.185229,0.646257
0,10,19.8982,17.7504,-0.346055,0.535236
0,10,19.6813,17.8477,-0.582755,0.638292
0,10,19.3704,17.8065,-0.641758,0.891894
0,10,19.6111,17.9288,-0.506832,0.675075
0,10,19.3246,18.2317,-0.519278,0.684613
0,10,17.6651,19.9262,-0.422491,0.304686
0,10,17.4752,20.0703,-0.503282,0.0603798
0,10,16.752,20.2276,-0.671877,-0.0116123
0,10,15.8469,20.1426,-0.939536,-0.0321023
0,10,16.9495,20.1235,-0.702652,-0.00555751
0,10,15.335,20.0159,-1.08589,-0.0764669
0,10,15.069,20.0294,-1.28628,0.0770373
0,10,15.2674,19.9496,-1.23446,0.0428707
0,10,14.5271,20.002,-1.32088,0.0435384
0,10,13.0054,19.8624,-1.60521,0.0657266
0,10,14.0518,19.8313,-1.42752,-0.00993856
0,10,13.279,19.6254,-1.60116,-0.0158711
0,10,13.0362,19.7514,-1.67411,-0.0378018
0,10,12.9685,19.66,-1.66522,-0.0405907
0,10,12.8462,19.7811,-1.59833,0.0083777
0,10,12.8167,19.879,-1.60372,0.00108838
0,10,12.5585,20.1826,-1.27471,0.0400469
0,10,12.4858,20.0749,-1.28183,0.00539381
0,10,11.9491,20.289,-0.894894,-0.0226704
0,10,10.7978,20.393,-0.654266,-0.0711055
0,10,4.72129,19.3174,-0.677529,-0.15989
0,10,0.731218,16.6969,0.0203743,-0.339688
0,10,0.673099,16.8051,-0.0771059,-0.299061
0,10,0.860209,16.8432,-0.127045,-0.689547
0,10,1.27632,17.9323,-0.0972499,-0.234453
0,10,5.46423,19.5692,-0.676489,-0.211276
0,10,7.21933,16.2082,-1.0201,-0.558808
0,10,9.10958,15.8065,-1.32345,-0.779297
0,10,11.0308,15.3257,-1.8549,-0.724856
0,10,10.3757,15.6012,-1.68035,-0.776492
0,10,9.48735,15.8205,-1.39071,-0.807642
0,10,2.87964,17.541,-0.70297,-0.541261
0,10,3.67068,16.9899,-0.787585,-0.466609
0,10,9.42446,16.2059,-1.28961,-0.752102
0,10,3.73485,17.223,-0.772085,-0.451352
0,10,13.0656,14.82,-1.95744,-0.126325
0,10,13.4405,14.7052,-1.90435,-0.0468083
0,10,13.6218,15.3631,-1.96695,0.00336254
0,10,13.2564,15.1684,-1.96057,-0.122118
0,10,15.5212,15.0036,-2.08621,0.401602
0,10,16.4969,15.016,-2.27087,0.815412
0,10,16.322,15.1112,-2.22023,0.807647
0,10,15.9805,15.0559,-2.18181,0.600204
0,10,15.4066,14.9675,-2.07922,0.36478
0,10,16.6008,15.0164,-2.25571,0.931041
0,10,17.2542,15.2565,-2.2278,1.30669
0,10,16.7978,15.1188,-2.27463,1.026
0,10,16.6763,15.1042,-2.28529,0.963922
0,10,16.3813,15.021,-2.25562,0.814182
0,10,17.3261,15.1559,-2.21159,1.44016
0,10,17.3887,16.2133,-1.60655,1.25871
0,10,17.3619,15.9442,-1.80736,1.29373
0,10,17.3291,15.4267,-2.15282,1.4163
0,10,17.2433,16.8184,-1.59744,1.07308
0,10,17.3147,15.8567,-1.8756,1.30585
0,10,17.1326,17.6006,-1.52613,0.892786
0,10,17.011,18.3224,-1.38603,0.640387
0,10,17.1091,18.4796,-1.29228,0.696585
0,10,17.0093,18.2191,-1.43507,0.689506
0,10,16.8104,18.513,-1.48472,0.443837
0,10,16.6748,18.8239,-1.38556,0.31901
0,10,16.8046,18.6094,-1.45373,0.403227
0,10,18.3878,17.3738,-1.12823,1.20921
0,10,18.61,17.9023,-1.03409,0.996357
0,10,18.4473,17.2186,-1.10609,1.28179
0,10,18.3593,17.282,-1.15079,1.27012
0,10,18.4759,17.3109,-1.08047,1.21808
0,10,18.4984,17.0602,-1.08962,1.31133
0,10,18.5049,16.8314,-1.17111,1.47359
0,10,18.6207,16.821,-1.06517,1.57803
0,10,18.6644,16.9057,-0.925689,1.56627
0,10,18.7114,16.7742,-1.09439,1.61219
0,10,18.8358,16.5372,-0.874723,1.68652
0,10,18.9499,16.5319,-0.725525,1.66184
0,10,19.1433,16.2993,-0.677807,1.96482
0,10,18.9913,16.4328,-0.75632,1.78967
0,10,19.451,16.2612,-0.461995,1.84546
0,10,19.3484,16.2481,-0.482461,1.99704
0,10,19.6961,16.2449,-0.316997,1.60314
0,10,19.6005,16.4049,-0.402503,1.64173
0,10,19.7776,16.7182,-0.389092,1.44079
0,10,19.7737,17.4482,-0.184723,0.736585
0,10,19.8306,16.5469,-0.134997,1.47334
0,10,19.846,16.979,-0.251809,1.19974
0,10,19.791,16.4653,-0.234951,1.52696
0,10,19.7311,16.3996,-0.426633,1.61995
0,10,19.8702,15.9764,-0.297414,1.63854
0,10,19.931,16.6362,-0.190799,1.34309
0,10,19.7843,17.0732,-0.344549,1.19106
0,10,19.8198,16.6342,-0.196273,1.45374
0,10,19.6182,16.1743,-0.439252,1.72235
0,10,19.9473,16.8099,-0.269879,1.20145
0,10,19.8988,16.7225,-0.334269,1.38337
0,10,19.839,17.3772,-0.202003,0.706081
0,10,19.9485,16.8972,-0.24459,1.10061
0,10,19.8921,17.0754,-0.226319,0.967802
0,10,19.91,17.1961,-0.0957688,0.742869
0,10,19.7079,17.6255,-0.153302,0.804095
0,10,18.5789,19.0819,-0.804342,0.626079
0,10,19.3854,18.1582,-0.459,0.746154
0,10,18.0244,19.4776,-0.716818,0.642222
0,10,19.2787,18.4591,-0.574435,0.574923
0,10,17.8454,19.7535,-0.440681,0.599697
0,10,17.8739,19.6698,-0.649578,0.508164
0,10,17.1334,20.3145,-0.536555,0.00723595
0,10,18.9474,18.7723,-0.701862,0.592427
0,10,17.3152,20.1551,-0.599058,-0.0190629
0,10,14.6262,19.9836,-1.25025,0.145613
0,10,16.1106,20.2281,-0.984568,0.0464108
0,10,13.3833,19.6138,-1.57837,0.0439249
0,10,13.4145,19.5138,-1.57597,0.0515138
0,10,13.1001,19.8361,-1.69672,-0.0436119
0,10,14.4264,20.02,-1.32844,0.0100359
0,10,12.7022,19.9758,-1.4065,0.0674628
0,10,13.2098,19.8202,-1.65912,-0.0951006
0,10,13.1823,20.1398,-1.05708,-0.160921
0,10,12.6661,19.6904,-1.58388,-0.00262835
0,10,12.7114,20.2891,-1.15578,-0.0154
0,10,11.6696,20.063,-1.4786,0.0351964
0,10,11.2821,20.2958,-0.834656,0.0739324
0,10,0.61621,17.4503,-0.0728692,-0.047165
0,10,2.14151,16.9574,-0.67891,-0.667548
0,10,1.60787,18.1855,-0.245956,-0.233519
0,10,1.75829,18.4776,-0.17853,-0.254713
0,10,3.57689,19.1753,-0.505499,-0.291145
0,10,2.55389,16.3185,-0.798454,-0.62404
0,10,1.82813,16.3251,-0.69592,-0.868732
0,10,4.97889,16.3189,-0.82496,-0.448757
0,10,7.5913,16.1693,-1.05115,-0.61154
0,10,6.53497,16.295,-0.959425,-0.513404
0,10,10.0205,15.6962,-1.53656,-0.784854
0,10,8.56386,16.0678,-1.18005,-0.728733
0,10,5.48639,16.6306,-0.894135,-0.451106
0,10,3.21914,17.5322,-0.730089,-0.555299
0,10,12.9759,14.8651,-1.97882,-0.15473
0,10,10.1286,15.9501,-1.50298,-0.68293
0,10,12.8286,15.033,-1.96474,-0.206098
0,10,14.5605,15.1544,-1.96987,0.119877
0,10,13.8365,15.255,-1.96699,0.0147423
0,10,13.0758,15.3673,-1.98551,-0.126412
0,10,12.9228,15.0216,-1.95849,-0.199731
0,10,14.3498,15.1827,-1.96507,0.0888745
0,10,16.1027,15.0833,-2.20789,0.65556
0,10,14.6922,15.1404,-1.98492,0.149502
0,10,14.0053,15.2866,-1.97421,0.0657854
0,10,16.0468,14.99,-2.19432,0.615023
0,10,17.09,15.0875,-2.28268,1.22802
0,10,16.7149,15.0231,-2.24828,0.993319
0,10,16.311,14.9371,-2.2424,0.780038
0,10,17.4352,15.0265,-2.12764,1.65116
0,10,16.9754,15.0303,-2.25804,1.11677
0,10,17.3717,15.3555,-2.15446,1.40361
0,10,17.0905,17.3988,-1.49244,0.913557
0,10,17.3841,16.1252,-1.64754,1.28046
0,10,17.3628,16.0314,-1.71761,1.29084
0,10,17.3879,15.5225,-2.14889,1.42722
0,10,17.1861,17.0602,-1.49224,0.9766
0,10,17.3807,16.5074,-1.66327,1.1435
0,10,16.6567,19.0049,-1.33231,0.279448
0,10,16.5375,18.385,-1.58234,0.519368
0,10,18.6216,17.4254,-1.04345,1.08277
0,10,16.5605,19.5497,-1.15281,0.248523
0,10,17.113,17.4991,-1.51436,0.906087
0,10,17.2528,16.9095,-1.51096,1.03437
0,10,18.5035,17.4036,-1.07175,1.16239
0,10,16.8688,19.0361,-1.2816,0.229996
0,10,18.4213,17.1201,-1.10989,1.32159
0,10,18.5554,16.9118,-1.00445,1.3919
0,10,18.7841,16.7108,-1.01825,1.63972
0,10,18.9175,16.6256,-0.851495,1.55388
0,10,18.6334,16.4803,-1.07297,1.70932
0,10,18.7582,16.4665,-0.980933,1.71809
0,10,18.804,16.6224,-0.930139,1.64397
0,10,19.1109,16.1766,-0.91551,2.07446
0,10,19.054,16.2621,-0.746838,2.05557
0,10,19.312,16.1708,-0.638012,2.02793
0,10,19.5542,16.0962,-0.650542,1.87195
0,10,19.2134,16.2286,-0.649696,2.01337
0,10,19.4117,16.1306,-0.764739,1.98096
0,10,19.8303,16.7992,-0.375069,1.369
0,10,19.6664,16.3264,-0.439983,1.60305
0,10,19.5738,16.256,-0.383731,1.70077
0,10,19.7493,16.0204,-0.385238,1.73973
0,10,19.7223,15.9417,-0.50865,1.81728
0,10,19.6212,15.8498,-0.596605,2.07657
0,10,19.7967,16.3234,-0.465954,1.58843
0,10,19.6902,16.1,-0.418946,1.73197
0,10,19.8735,16.3838,-0.381915,1.54842
0,10,19.9499,16.5466,-0.0665791,1.35621
0,10,19.7551,16.1633,-0.312511,1.63926
0,10,20.0161,16.7324,-0.248426,1.11093
0,10,20.0783,17.0827,0.000423209,0.746681
0,10,20.0446,17.1835,-0.065872,0.738811
0,10,19.8695,17.5234,-0.206837,0.632854
0,10,19.8489,17.9307,-0.382966,0.45018
0,10,19.4105,17.8892,-0.593,0.854445
0,10,19.3998,18.2993,-0.510067,0.678015
0,10,19.4194,18.0597,-0.543636,0.73334
0,10,19.4647,18.2264,-0.460325,0.672303
0,10,18.1652,19.2209,-0.793936,0.579637
0,10,18.0787,19.3557,-0.751788,0.626312
0,10,17.9311,19.5287,-0.52976,0.544913
0,10,17.7033,19.8465,-0.463627,0.31474
0,10,17.8339,19.8595,-0.483403,0.394394
0,10,16.8339,20.196,-0.570538,0.159166
0,10,17.5132,20.2464,-0.53671,-0.0167681
0,10,16.1439,20.3169,-0.505373,-0.0317472
0,10,17.6143,20.0999,-0.329455,0.238604
0,10,17.2741,20.2344,-0.620877,-0.0437238
0,10,17.0701,20.141,-0.647891,-0.0290824
0,10,15.5018,20.102,-0.928929,0.146081
0,10,14.4508,19.9211,-1.39275,0.0316575
0,10,13.8988,20.0183,-1.32539,-0.0182377
0,10,13.352,19.7106,-1.59957,0.0105132
0,10,12.7147,19.8783,-1.57543,0.0201997
0,10,12.9652,20.0773,-1.28798,0.0157702
0,10,12.6045,19.9747,-1.38704,0.0501459
0,10,12.4338,20.287,-1.21913,0.0295841
0,10,12.0459,20.2773,-1.01095,-0.109383
0,10,10.9814,20.3931,-0.68561,-0.00836613
0,10,0.682335,17.9008,0.000288079,-0.0439321
0,10,0.836644,17.7342,-0.0868512,-0.161152
0,10,1.67371,18.513,-0.17327,-0.215563
0,10,1.59158,18.4146,-0.177833,-0.20768
0,10,2.41492,16.3336,-0.768946,-0.685437
0,10,2.57357,16.5521,-0.780514,-0.603452
0,10,2.53718,16.7782,-0.74878,-0.658544
0,10,10.3118,15.5316,-1.67835,-0.839936
0,10,9.25734,15.7578,-1.3459,-0.820992
0,10,11.0029,15.4702,-1.86098,-0.655248
0,10,10.9225,15.2897,-1.8396,-0.701796
0,10,9.77481,15.7937,-1.46927,-0.828698
0,10,9.72503,15.7056,-1.47124,-0.845328
0,10,3.59723,17.2518,-0.773962,-0.430029
0,10,12.6542,14.922,-2.01125,-0.243484
0,10,11.335,15.3989,-1.90448,-0.61145
0,10,4.50735,16.7775,-0.812794,-0.465603
0,10,12.9836,14.9626,-1.95688,-0.172335
0,10,13.9667,14.6754,-1.9102,0.0309746
0,10,13.5292,15.3164,-1.97957,-0.00254961
0,10,13.368,15.1445,-1.97711,-0.0732808
0,10,15.9153,14.9691,-2.18429,0.588676
0,10,14.4261,15.1397,-1.94263,0.106889
0,10,16.1688,15.0155,-2.2414,0.691127
0,10,16.4244,14.9292,-2.28197,0.787269
0,10,16.758,14.9622,-2.2311,1.01619
0,10,16.853,15.0664,-2.24223,1.08221
0,10,16.8713,14.9815,-2.25322,1.06841
0,10,17.2901,15.0448,-2.18854,1.44328
0,10,17.3476,15.2477,-2.17926,1.43786
0,10,17.1445,15.0282,-2.2095,1.32123
0,10,17.4982,15.1597,-2.1148,1.67406
0,10,17.2292,14.9644,-2.25771,1.38225
0,10,17.4402,15.8689,-1.80152,1.3808
0,10,17.4509,15.4541,-2.14717,1.48886
0,10,17.0992,17.9635,-1.53959,0.780435
0,10,17.4937,16.1342,-1.61895,1.33566
0,10,17.4758,15.958,-1.75087,1.34786
0,10,17.4008,15.7871,-1.87002,1.37465
0,10,17.3204,16.6852,-1.76402,1.0345
0,10,17.0115,18.4264,-1.35111,0.582623
0,10,18.3319,17.531,-1.15753,1.14763
0,10,18.1301,17.5584,-1.20997,1.08677
0,10,18.1665,17.6537,-1.19029,1.08946
0,10,18.2459,17.5888,-1.18959,1.10069
0,10,18.2469,17.2544,-1.20259,1.26642
0,10,18.2132,17.4951,-1.20845,1.11611
0,10,18.3369,17.1873,-1.14785,1.31605
0,10,18.6911,16.6427,-0.95697,1.65444
0,10,18.4619,16.9615,-1.08155,1.41459
0,10,18.8921,16.3572,-0.91638,1.86381
0,10,18.7104,16.5516,-0.927924,1.67106
0,10,18.9675,16.3099,-0.824269,1.99649
0,10,18.5228,16.4953,-1.1451,1.77705
0,10,18.9126,16.2175,-0.962707,2.12637
0,10,18.883,16.4521,-0.868796,1.80853
0,10,19.4919,16.1777,-0.545149,1.83461
0,10,19.4609,16.0486,-0.789589,2.03802
0,10,19.3184,16.0751,-0.919542,2.02495
0,10,19.4689,16.4154,-0.375713,1.8008
0,10,19.2004,16.1337,-0.815738,2.15253
0,10,19.2483,15.958,-1.00208,2.23482
0,10,19.3603,15.9997,-0.862491,2.09744
0,10,19.4075,15.9271,-0.795668,2.15545
0,10,19.5115,15.9729,-0.67982,2.08302
0,10,19.6186,16.0298,-0.530068,1.9444
0,10,20.0371,16.6424,-0.183561,1.12297
0,10,20.0456,16.3028,-0.237216,1.12461
0,10,19.5343,15.7083,-0.551424,2.18937
0,10,20.1288,16.7216,-0.154095,0.847044
0,10,20.0549,17.6208,-0.0648046,0.328531
0,10,19.669,17.9959,-0.451556,0.655196
0,10,19.7652,17.7802,-0.409324,0.679843
0,10,19.8032,18.1006,-0.233277,0.415693
0,10,19.9285,17.6715,-0.0696088,0.59417
0,10,19.4671,17.9656,-0.509514,0.774067
0,10,19.5996,18.0858,-0.409831,0.669928
0,10,19.203,18.5438,-0.595254,0.557247
0,10,18.2947,19.2519,-0.859213,0.60827
0,10,18.859,18.8492,-0.698727,0.600625
0,10,19.12,18.621,-0.641835,0.572451
0,10,17.4362,20.1609,-0.57892,0.0132781
0,10,18.4861,19.1496,-0.804365,0.60089
0,10,18.0383,19.5762,-0.504577,0.71477
0,10,17.0253,20.3136,-0.495149,0.03732
0,10,17.6383,20.0134,-0.45567,0.227356
0,10,17.7956,20.2597,-0.32535,0.270607
0,10,16.5353,20.2342,-0.720608,0.0127641
0,10,16.0062,20.2208,-1.01247,-0.0313674
0,10,17.3948,20.2408,-0.58929,-0.0178576
0,10,17.0395,20.2221,-0.596073,-0.0155611
0,10,14.8377,20.0372,-1.23336,-0.0602697
0,10,15.2958,20.1085,-1.0116,-0.00295717
0,10,13.5187,19.502,-1.5917,0.0548708
0,10,13.6986,19.8696,-1.53184,0.0939364
0,10,13.0767,19.9499,-1.4766,0.0503907
0,10,13.2647,20.0895,-1.12612,-0.210792
0,10,13.1306,20.207,-0.959735,0.011466
0,10,12.3378,20.2898,-1.16573,0.0404615
0,10,11.0706,20.3911,-0.704684,0.0165909
0,10,2.90364,19.643,-0.195804,-0.125503
0,10,5.05603,19.7264,-0.600655,-0.116065
0,10,2.07052,18.6991,-0.222339,-0.290675
0,10,1.90391,18.7531,-0.179582,-0.198235
0,10,3.35539,19.4627,-0.423008,-0.185086
0,10,4.49697,19.7726,-0.439909,-0.096748
0,10,3.27469,19.9528,-0.202746,-0.0705653
0,10,2.49571,16.6705,-0.805402,-0.684853
0,10,2.49829,16.5366,-0.775281,-0.690678
0,10,8.89455,15.8855,-1.29673,-0.766509
0,10,10.7163,15.8097,-1.65483,-0.673836
0,10,7.79947,16.252,-1.04813,-0.679909
0,10,4.31255,16.6867,-0.80662,-0.466292
0,10,10.4729,15.5777,-1.67937,-0.779275
0,10,3.29222,17.6116,-0.757964,-0.495797
0,10,5.11053,16.6421,-0.815141,-0.413375
0,10,5.98652,16.5684,-0.940903,-0.545691
0,10,3.78589,17.1548,-0.805718,-0.48464
0,10,12.8946,14.8709,-2.00025,-0.187618
0,10,13.1139,15.1305,-1.96294,-0.115914
0,10,13.6611,15.28,-1.9851,0.00386932
0,10,15.64,14.9435,-2.148,0.428621
0,10,15.7509,14.9773,-2.16597,0.514722
0,10,14.5711,15.06,-1.96616,0.112001
0,10,16.8795,14.8979,-2.26164,1.08174
0,10,16.1021,14.9184,-2.21937,0.590127
0,10,17.0217,14.9662,-2.20628,1.16535
0,10,16.2702,15.0239,-2.24906,0.770074
0,10,15.9801,14.902,-2.18974,0.587511
0,10,16.6068,14.9264,-2.24748,0.958224
0,10,16.9757,14.8794,-2.27196,1.15058
0,10,17.5189,15.4073,-2.03649,1.61873
0,10,17.2798,15.6827,-2.00976,1.28555
0,10,17.394,15.0998,-2.12164,1.57867
0,10,17.477,16.0449,-1.69952,1.33879
0,10,17.212,14.8745,-2.31842,1.36811
0,10,17.5108,15.7512,-1.88753,1.43492
0,10,17.4445,15.219,-2.17014,1.57318
0,10,17.0044,18.0173,-1.53148,0.756039
0,10,17.6134,15.3802,-2.01766,1.67543
0,10,17.1548,17.2363,-1.46246,0.935369
0,10,18.0889,17.7211,-1.20577,1.06554
0,10,18.3014,17.438,-1.17143,1.18007
0,10,16.4369,18.4191,-1.62443,0.493062
0,10,16.9015,18.6693,-1.36333,0.345035
0,10,18.2699,17.3473,-1.20419,1.23165
0,10,18.0624,17.8864,-1.23608,1.02008
0,10,18.1545,17.3079,-1.25457,1.19593
0,10,18.1796,17.4036,-1.25596,1.16027
0,10,18.3876,17.015,-1.16167,1.35487
0,10,18.1273,17.2136,-1.25479,1.23151
0,10,19.1043,16.0738,-1.10072,2.26409
0,10,18.6299,16.7095,-1.08555,1.58783
0,10,19.0007,16.1752,-0.99112,2.14067
0,10,18.8335,16.2673,-1.10442,2.01039
0,10,18.7879,16.3812,-0.995052,1.81616
0,10,19.2139,16.0382,-1.03072,2.22192
0,10,19.1174,15.9834,-1.08546,2.31236
0,10,19.2805,15.8865,-0.840505,2.31012
0,10,19.3861,15.8375,-0.841979,2.17237
0,10,19.6756,15.5261,-0.629426,2.19413
0,10,19.4234,15.7637,-0.60449,2.23661
0,10,19.5367,15.7932,-0.70075,2.25345
0,10,19.8209,15.5066,-0.328619,2.17824
0,10,19.6725,15.7654,-0.694839,2.12681
0,10,19.7401,15.5923,-0.683969,2.08277
0,10,19.6133,15.9385,-0.625316,2.0328
0,10,19.8175,15.8931,-0.290861,1.87593
0,10,19.9738,17.1154,0.000917641,0.725033
0,10,19.9517,16.9927,-0.0807433,1.0188
0,10,19.9128,16.4673,-0.17486,1.44435
0,10,20.056,16.9028,-0.14879,0.792824
0,10,20.141,17.692,-0.0725585,0.364642
0,10,19.9881,17.2644,-0.235619,0.715863
0,10,20.3036,17.065,-0.0316812,0.374438
0,10,19.67,18.1908,-0.381177,0.468183
0,10,19.7483,17.9053,-0.546542,0.582455
0,10,19.8832,18.0195,-0.273579,0.387198
0,10,19.8436,17.8321,-0.442788,0.620328
0,10,19.3366,18.3722,-0.584192,0.619248
0,10,19.5586,18.282,-0.450889,0.579683
0,10,18.1267,19.6572,-0.38816,0.551338
0,10,18.461,19.0644,-0.778619,0.567985
0,10,18.1708,19.3075,-0.773966,0.586535
0,10,17.7104,20.1914,-0.344646,0.281247
0,10,17.7515,20.0113,-0.390231,0.343542
0,10,18.2777,19.3384,-0.706017,0.601095
0,10,16.2162,20.225,-0.969682,-0.0437081
0,10,15.7975,20.2306,-0.872813,-0.00202467
0,10,15.4775,20.1993,-0.960783,0.000922691
0,10,15.2733,20.2054,-0.987684,0.000900645
0,10,16.2517,20.1309,-0.982866,-0.0294725
0,10,13.8159,19.8433,-1.49203,0.00107374
0,10,13.4248,19.793,-1.61803,0.0209072
0,10,13.5776,20.2008,-1.03621,0.0751981
0,10,13.3154,19.808,-1.6399,-0.0256443
0,10,12.9176,19.8767,-1.59871,0.0359667
0,10,13.1887,20.2899,-0.768723,-0.207231
0,10,11.7836,20.1814,-1.13892,0.00714135
0,10,11.1579,20.396,-0.711221,-0.00659059
0,10,3.90061,19.24,-0.57834,-0.208083
0,10,3.12742,17.2746,-0.737799,-0.585417
0,10,2.64963,19.6318,-0.137549,-0.178015
0,10,1.62755,18.8385,-0.101768,-0.0687249
0,10,4.6273,19.2164,-0.746012,-0.19222
0,10,6.01148,19.1666,-0.880187,-0.14814
0,10,1.76419,18.8536,-0.173204,-0.276605
0,10,2.42948,16.6034,-0.785812,-0.692169
0,10,3.74295,16.3168,-0.781559,-0.49742
0,10,10.7886,15.5085,-1.80526,-0.72731
0,10,2.7842,16.6427,-0.771918,-0.626141
0,10,9.68597,15.8868,-1.42186,-0.814558
0,10,9.69959,16.195,-1.3524,-0.735138
0,10,7.94288,16.2671,-1.06507,-0.695134
0,10,10.124,16.1741,-1.43188,-0.652856
0,10,3.52253,17.2994,-0.79701,-0.46378
0,10,9.23173,16.1621,-1.25811,-0.710815
0,10,13.2669,15.2978,-2.00163,-0.0966348
0,10,13.1731,14.9788,-1.95732,-0.124182
0,10,14.9485,15.0335,-1.98851,0.232826
0,10,13.0194,15.0934,-1.96684,-0.146525
0,10,13.5622,15.2268,-1.99368,0.00302661
0,10,15.9215,14.773,-2.19949,0.529988
0,10,14.8611,15.0834,-1.99012,0.218296
0,10,16.1988,14.9177,-2.21817,0.715561
0,10,15.2766,14.9353,-2.04435,0.339573
0,10,16.0181,14.8204,-2.2462,0.564097
0,10,16.5087,14.9098,-2.26679,0.861
0,10,16.0995,14.8096,-2.21507,0.62953
0,10,17.4855,14.9522,-2.23709,1.66812
0,10,16.8437,14.8008,-2.32144,1.03364
0,10,15.8769,14.8556,-2.17564,0.552473
0,10,17.3452,14.968,-2.24462,1.56236
0,10,16.3023,14.8465,-2.29913,0.759588
0,10,17.5459,15.0939,-2.09798,1.6859
0,10,17.5728,15.0182,-2.15835,1.67616
0,10,17.5135,15.6676,-1.97756,1.43471
0,10,17.4673,16.2951,-1.58452,1.28619
0,10,17.2706,17.0087,-1.4615,0.99886
0,10,17.1077,18.276,-1.36708,0.730637
0,10,18.7885,17.532,-0.99509,1.12576
0,10,18.0207,17.7911,-1.21613,1.04879
0,10,18.0515,17.6248,-1.20426,1.07379
0,10,18.0944,17.4674,-1.28477,1.12943
0,10,17.9807,17.9615,-1.26692,0.974782
0,10,18.0409,17.2725,-1.30573,1.1932
0,10,18.0696,17.3695,-1.2945,1.15666
0,10,18.1064,17.1191,-1.23399,1.26855
0,10,18.5367,16.7425,-1.09971,1.53126
0,10,18.4082,16.8818,-1.14091,1.49042
0,10,18.6739,16.3924,-1.09044,1.77027
0,10,18.5999,16.5756,-0.93452,1.65032
0,10,18.6262,16.3102,-1.26404,1.84893
0,10,18.5375,16.6376,-1.05462,1.57275
0,10,18.3179,16.907,-1.21562,1.41253
0,10,18.2855,16.9938,-1.20138,1.39156
0,10,19.0033,16.0875,-1.16805,2.12335
0,10,18.7362,16.2965,-1.19632,1.881
0,10,18.9899,15.9973,-1.15057,2.13345
0,10,19.5038,15.8774,-0.757534,2.21441
0,10,19.2575,15.7198,-0.982464,2.3499
0,10,19.4921,15.6414,-0.838338,2.38019
0,10,19.3885,15.6121,-0.95408,2.48617
0,10,19.6179,15.6166,-0.714315,2.15204
0,10,19.8176,16.242,-0.261654,1.62846
0,10,19.7367,15.842,-0.450647,2.02882
0,10,20.0778,16.1145,-0.162034,1.20711
0,10,19.9941,16.3895,-0.301875,1.24121
0,10,19.8643,16.1475,-0.295973,1.60906
0,10,19.9557,16.0356,-0.308687,1.54424
0,10,19.9306,16.3054,-0.348916,1.52768
0,10,20.0403,16.2114,-0.211316,1.17816
0,10,20.1542,16.281,-0.238978,0.890209
0,10,20.0689,16.8144,-0.0584825,0.85924
0,10,20.1671,17.1304,0.0490196,0.540398
0,10,20.1962,17.0423,-0.0437976,0.535584
0,10,20.0051,17.4955,-0.0741568,0.657641
0,10,20.0376,17.7944,-0.062597,0.335037
0,10,20.0279,17.7104,-0.0411115,0.350901
0,10,20.0476,17.4064,-0.0767908,0.682947
0,10,19.9535,17.8355,-0.226982,0.181624
0,10,19.5685,18.1888,-0.43428,0.596457
0,10,19.7683,18.0058,-0.341167,0.454853
0,10,19.6997,18.0987,-0.273562,0.46853
0,10,18.2973,19.4613,-0.589575,0.417421
0,10,18.4781,19.2585,-0.577635,0.454345
0,10,17.7861,19.932,-0.426155,0.35379
0,10,16.9189,20.3071,-0.455165,0.0791211
0,10,14.003,20.0093,-1.31346,-0.051578
0,10,13.9042,19.9226,-1.49022,0.00598354
0,10,16.6441,20.2398,-0.638072,0.0676802
0,10,15.3751,20.2053,-0.991646,0.01139
0,10,14.1056,20.0159,-1.28264,-0.00414787
0,10,13.6263,19.7899,-1.5538,0.129962
0,10,13.391,19.8853,-1.5965,-0.00106426
0,10,13.3819,20.2903,-0.753147,-0.0473902
0,10,12.8674,20.0796,-1.29867,0.0489173
0,10,12.8053,20.2907,-1.07199,-0.0220224
0,10,11.9904,20.3907,-0.532884,0.0401582
0,10,11.2538,20.3987,-0.643904,0.123795
0,10,6.26004,18.8094,-0.961941,-0.237356
0,10,3.6971,19.9005,-0.315129,-0.130319
0,10,1.42026,18.6358,-0.111858,-0.093211
0,10,4.38645,19.1931,-0.707826,-0.172958
0,10,6.51458,18.671,-1.01362,-0.261736
0,10,2.68074,16.3908,-0.798993,-0.637566
0,10,4.95457,19.7228,-0.56114,-0.0456327
0,10,2.4739,16.4152,-0.780979,-0.669536
0,10,2.72621,16.7035,-0.760036,-0.60745
0,10,6.76403,16.272,-0.986228,-0.537673
0,10,2.5686,16.9226,-0.745075,-0.621952
0,10,11.4282,15.2223,-2.01781,-0.668797
0,10,9.43031,15.7113,-1.48786,-0.82461
0,10,9.91992,15.7573,-1.50608,-0.79475
0,10,3.17382,17.6118,-0.705669,-0.524102
0,10,6.51474,16.5542,-0.954578,-0.493108
0,10,12.5798,14.8436,-1.9955,-0.241104
0,10,10.1524,16.2559,-1.43271,-0.635256
0,10,14.1665,15.2042,-1.95877,0.0807633
0,10,13.8888,15.1905,-1.9642,0.00863756
0,10,15.8054,14.9046,-2.18007,0.498323
0,10,14.4692,15.0655,-1.95796,0.100106
0,10,14.095,15.2496,-1.9615,0.0790166
0,10,13.2884,15.0718,-1.96391,-0.123059
0,10,15.6987,14.8674,-2.14239,0.460504
0,10,14.7453,14.9762,-1.96971,0.148853
0,10,14.3728,15.0065,-1.94742,0.0922815
0,10,13.3388,15.2393,-1.98626,-0.0767449
0,10,15.5879,14.8459,-2.13449,0.393886
0,10,15.1971,14.9702,-2.04039,0.323117
0,10,16.2041,14.8232,-2.25491,0.665852
0,10,15.962,14.6949,-2.19018,0.512875
0,10,14.3183,15.073,-1.94484,0.106082
0,10,17.1187,14.9355,-2.21852,1.27068
0,10,17.1518,17.7016,-1.53233,0.87524
0,10,16.6622,14.8655,-2.23038,0.967814
0,10,17.4537,15.3194,-2.11439,1.59635
0,10,17.6347,15.1648,-2.17949,1.75213
0,10,17.5443,14.8762,-2.33798,1.6899
0,10,17.1769,17.3349,-1.47066,0.937504
0,10,17.3961,15.6999,-1.95122,1.40391
0,10,16.7653,18.979,-1.29695,0.272474
0,10,16.78,18.7988,-1.35288,0.315942
0,10,17.9848,17.4254,-1.3078,1.16594
0,10,18.0107,17.5293,-1.2794,1.13638
0,10,18.3139,17.0921,-1.13791,1.35391
0,10,18.2232,17.1628,-1.19771,1.30241
0,10,18.0173,17.1734,-1.29488,1.22705
0,10,18.2081,16.9001,-1.25455,1.43516
0,10,17.9747,17.6923,-1.2273,1.0483
0,10,17.8664,17.9432,-1.30464,0.911556
0,10,17.952,17.8705,-1.27887,0.994975
0,10,17.9102,17.7739,-1.24448,0.991259
0,10,18.0745,17.0298,-1.31762,1.33068
0,10,17.9548,17.3206,-1.32745,1.18007
0,10,18.3335,16.7044,-1.19798,1.55618
0,10,18.8719,16.1295,-1.10899,2.20528
0,10,18.2042,17.0714,-1.193,1.33146
0,10,18.3185,16.8041,-1.22807,1.50829
0,10,18.4445,16.679,-1.12199,1.55225
0,10,19.1635,15.8293,-0.850197,2.38481
0,10,19.7973,15.7575,-0.583138,2.05604
0,10,19.974,16.1172,-0.301845,1.4766
0,10,19.931,15.8984,-0.179709,1.59698
0,10,19.6603,15.6887,-0.607726,2.13879
0,10,19.8292,15.3761,-0.483317,2.32019
0,10,19.856,15.5938,-0.552872,2.09476
0,10,20.1499,16.1936,-0.0768257,0.930144
0,10,20.1063,15.7322,-0.326646,1.39805
0,10,19.8362,16.0644,-0.386413,1.66108
0,10,19.9869,15.7963,-0.321114,1.64258
0,10,20.1686,16.4487,-0.103513,0.825227
0,10,20.1212,16.3765,-0.306335,0.965589
0,10,20.0525,15.3122,-0.0483687,1.81393
0,10,20.2652,15.7622,-0.290541,1.0108
0,10,20.142,16.6188,-0.196395,0.786179
0,10,20.0581,16.5462,-0.0501449,1.02646
0,10,20.0465,16.4607,-0.140243,1.09901
0,10,20.1753,16.5325,0.0559338,0.785069
0,10,20.2861,15.9961,-0.0571125,0.798041
0,10,19.8959,15.7082,-0.630005,1.81795
0,10,20.1139,17.851,-0.130032,0.353718
0,10,20.3087,16.7096,0.143675,0.376519
0,10,19.9596,17.578,-0.198291,0.61415
0,10,20.1343,17.2235,-0.0790246,0.583638
0,10,18.3878,19.2025,-0.817495,0.612503
0,10,18.3953,19.3084,-0.658078,0.420497
0,10,17.1546,20.2285,-0.620792,-0.0378996
0,10,15.0064,20.1312,-0.938363,-0.00042637
0,10,15.4009,20.1087,-1.05821,0.0230238
0,10,14.061,20.1084,-1.20817,-0.0381077
0,10,14.3187,20.0257,-1.3025,0.00947614
0,10,14.7298,19.9927,-1.2782,0.0732371
0,10,13.4867,19.5996,-1.56917,0.0608824
0,10,13.2823,19.9046,-1.60493,-0.0602995
0,10,13.527,19.985,-1.37784,-0.0376857
0,10,13.0654,20.0919,-1.26065,0.0629045
0,10,13.1323,20.0403,-1.32006,0.0259967
0,10,12.5263,20.2878,-1.25905,0.024697
0,10,11.3471,20.3947,-0.603176,-0.0150088
0,10,6.08832,18.7587,-0.936648,-0.253711
0,10,5.1593,19.5459,-0.66067,-0.206778
0,10,2.3453,16.2475,-0.75899,-0.712898
0,10,5.31175,19.6552,-0.676469,-0.21812
0,10,3.52468,19.7981,-0.306223,-0.0721026
0,10,1.28695,18.498,-0.110404,-0.099478
0,10,5.2105,19.6495,-0.675656,-0.177809
0,10,2.04036,16.2232,-0.69545,-0.768463
0,10,2.78149,16.5132,-0.765261,-0.627659
0,10,2.96189,16.3634,-0.777548,-0.603895
0,10,10.2882,15.6628,-1.63593,-0.791778
0,10,10.55,15.9057,-1.61725,-0.705951
0,10,5.54619,16.5604,-0.902655,-0.454246
0,10,4.1197,17.0185,-0.803861,-0.495008
0,10,7.15831,16.431,-0.99875,-0.539012
0,10,9.94346,15.8818,-1.48407,-0.766774
0,10,13.2379,14.8413,-1.94368,-0.10082
0,10,13.4165,15.0645,-1.95655,-0.0522007
0,10,15.5258,14.9153,-2.13832,0.37032
0,10,13.0944,14.723,-1.93645,-0.110814
0,10,13.0755,15.0186,-1.95257,-0.118626
0,10,14.6604,15.0427,-1.9621,0.138955
0,10,13.0912,14.9185,-1.96524,-0.11624
0,10,9.48915,16.0131,-1.34527,-0.767978
0,10,13.6309,15.167,-1.98241,0.0153748
0,10,13.19,15.079,-1.96338,-0.11622
0,10,14.5555,14.9569,-1.95949,0.110815
0,10,13.5749,14.7021,-1.90157,-0.0112508
0,10,13.3263,14.8674,-1.92679,-0.0809494
0,10,13.5117,15.1215,-1.9714,-0.0135148
0,10,15.784,14.791,-2.14719,0.481702
0,10,14.8452,14.976,-1.96838,0.207632
0,10,15.0883,14.9384,-2.01067,0.299657
0,10,16.3934,14.8236,-2.28664,0.790337
0,10,16.1511,14.7218,-2.19202,0.603477
0,10,17.398,14.8916,-2.31154,1.61148
0,10,17.1424,14.7942,-2.3056,1.27225
0,10,17.6277,15.4877,-2.00674,1.65933
0,10,17.5506,15.2928,-2.14371,1.67764
0,10,17.579,15.9187,-1.72071,1.39638
0,10,17.2011,18.2275,-1.39371,0.740356
0,10,17.5907,16.0099,-1.72274,1.3953
0,10,17.8916,18.032,-1.27603,0.909022
0,10,18.1356,17.8151,-1.19009,1.05147
0,10,18.4158,18.3022,-1.03258,0.913543
0,10,16.7172,18.1771,-1.57336,0.582256
0,10,18.0972,17.9791,-1.22707,0.995095
0,10,17.7801,18.0191,-1.31031,0.878577
0,10,17.9224,18.122,-1.2578,0.905663
0,10,17.8392,17.8461,-1.31523,0.92863
0,10,18.0113,18.051,-1.24147,0.97067
0,10,17.9289,17.2153,-1.31846,1.18137
0,10,17.9117,17.4956,-1.31431,1.19215
0,10,17.9379,17.6029,-1.2962,1.14446
0,10,18.1697,16.9831,-1.27834,1.38099
0,10,18.215,16.8133,-1.29069,1.43677
0,10,18.2907,16.5475,-1.24765,1.60647
0,10,18.44,16.4258,-1.22394,1.81947
0,10,18.7788,16.1834,-1.19812,2.09538
0,10,19.7464,15.4595,-0.369145,2.30309
0,10,19.7321,15.3482,-0.573777,2.40806
0,10,19.864,15.2771,-0.403557,2.41168
0,10,19.7568,15.2605,-0.430685,2.42326
0,10,19.3709,15.6967,-0.9263,2.43941
0,10,19.2781,15.7987,-0.777109,2.30371
0,10,19.8851,15.8076,-0.383763,1.74503
0,10,19.5439,15.5507,-0.830298,2.37402
0,10,19.9571,15.3009,-0.303159,2.23647
0,10,19.9035,15.4097,-0.320042,2.16921
0,10,19.7859,15.6717,-0.628872,2.04648
0,10,20.1838,15.4474,-0.143271,1.49482
0,10,20.1131,15.5402,-0.0937512,1.59969
0,10,20.1437,15.8159,-0.2252,1.24968
0,10,20.0804,16.0188,-0.193092,1.37134
0,10,20.0512,15.8592,-0.184755,1.49629
0,10,20.0147,15.9531,-0.207324,1.556
0,10,20.1376,15.9219,-0.137357,1.19836
0,10,19.8955,15.1037,-0.272798,2.57166
0,10,19.9295,15.5017,-0.218211,2.09598
0,10,20.2393,16.3372,-0.260491,0.733894
0,10,20.1651,16.8785,-0.0379225,0.589024
0,10,20.2837,16.41,-0.164048,0.678575
0,10,20.1554,16.968,-0.0335622,0.53412
0,10,19.26,18.6098,-0.539984,0.478707
0,10,18.2036,19.4045,-0.757692,0.551403
0,10,20.1717,17.7665,-0.0293551,0.358471
0,10,15.9101,20.2287,-0.976968,0.0545547
0,10,17.3621,20.3211,-0.608335,-0.0364332
0,10,13.9352,19.8382,-1.45948,0.021904
0,10,14.9584,20.0463,-1.26959,0.0420244
0,10,15.8896,20.3122,-0.669218,0.125702
0,10,13.7285,20.0855,-1.18509,0.110763
0,10,14.3609,20.2066,-1.09784,-0.0526512
0,10,14.0496,20.2965,-0.733253,0.0671725
0,10,13.4586,19.6987,-1.57145,0.0455306
0,10,13.1708,19.9143,-1.60932,-0.104369
0,10,13.2456,19.7228,-1.62944,-0.0557639
0,10,12.9353,20.1792,-1.07822,-0.0453501
0,10,12.6192,20.289,-1.2017,-0.0143299
0,10,11.5334,20.3957,-0.476927,0.126522
0,10,2.15832,19.1397,-0.190102,-0.138223
0,10,4.28258,19.7515,-0.424229,-0.0878045
0,10,2.99465,19.8335,-0.171775,-0.110349
0,10,5.36342,19.5613,-0.685644,-0.221718
0,10,1.48834,18.7037,-0.111326,-0.0878885
0,10,2.30695,17.2014,-0.67964,-0.614701
0,10,5.69179,19.3743,-0.767776,-0.084463
0,10,0.848627,17.9168,-0.035771,-0.0477076
0,10,9.47539,15.6875,-1.47745,-0.843077
0,10,9.94078,15.9843,-1.45194,-0.762763
0,10,11.2412,15.3548,-1.90382,-0.646348
0,10,10.6239,15.4335,-1.78656,-0.757898
0,10,9.33015,15.8966,-1.37311,-0.790816
0,10,3.17858,17.7115,-0.714077,-0.519695
0,10,14.3753,14.6213,-1.98503,0.0675973
0,10,14.7692,15.0808,-1.97634,0.165658
0,10,13.7321,15.2274,-1.97167,0.0106566
0,10,13.4318,15.292,-1.9953,-0.0440357
0,10,14.239,15.1139,-1.97187,0.0848978
0,10,12.8575,14.7527,-1.96753,-0.141289
0,10,13.3739,14.7553,-1.92149,-0.0508464
0,10,13.6682,14.6684,-1.89737,-0.00351981
0,10,9.22965,16.2639,-1.25564,-0.68081
0,10,9.67193,15.9887,-1.38077,-0.797118
0,10,15.0327,14.6311,-2.05951,0.205349
0,10,13.505,14.6854,-1.9067,-0.0302278
0,10,14.4634,14.9622,-1.9622,0.0850365
0,10,13.4584,15.1969,-1.98907,-0.0332254
0,10,16.3478,14.6301,-2.23456,0.710495
0,10,16.2443,14.7234,-2.22821,0.6776
0,10,16.7677,14.873,-2.27453,1.00129
0,10,16.3267,14.7296,-2.22223,0.757935
0,10,17.7098,15.0241,-2.231,1.69813
0,10,17.5415,15.8354,-1.79648,1.42775
0,10,17.7693,14.855,-2.13948,1.81548
0,10,17.3594,16.8648,-1.54023,0.990937
0,10,17.4706,16.3924,-1.66405,1.24325
0,10,17.0079,18.117,-1.48299,0.726448
0,10,17.3454,16.7742,-1.65015,1.00816
0,10,17.1063,18.1728,-1.43275,0.746584
0,10,16.6481,19.1039,-1.3458,0.267278
0,10,17.9375,18.2071,-1.14419,0.902576
0,10,17.2041,18.3301,-1.34197,0.731248
0,10,18.4172,17.4668,-1.11866,1.15779
0,10,16.8814,18.8569,-1.29919,0.240338
0,10,17.7063,18.1091,-1.29118,0.828862
0,10,17.8798,18.2843,-1.20586,0.830206
0,10,17.8391,17.6074,-1.33274,1.09661
0,10,17.8103,18.1142,-1.25516,0.871406
0,10,17.8952,17.117,-1.3733,1.19364
0,10,17.8553,17.7015,-1.35957,1.08128
0,10,17.9772,16.9729,-1.36295,1.30142
0,10,18.671,16.1258,-1.32192,1.94934
0,10,18.0767,16.9254,-1.31113,1.37268
0,10,18.3714,16.6083,-1.2621,1.64416
0,10,18.3814,16.4874,-1.26253,1.71176
0,10,18.4587,16.562,-1.15696,1.70786
0,10,18.4162,16.7747,-1.18241,1.50385
0,10,19.1345,15.8979,-0.985242,2.29639
0,10,18.8912,16.0485,-1.13498,2.17135
0,10,18.5577,16.4021,-1.16966,1.82849
0,10,18.7662,16.0866,-1.10174,2.18785
0,10,19.2628,15.6353,-1.03194,2.37425
0,10,19.1419,15.7426,-0.920436,2.41231
0,10,19.5835,15.4722,-0.642394,2.34523
0,10,19.5426,15.3703,-0.767976,2.49876
0,10,19.6726,15.2175,-0.610695,2.62327
0,10,19.6514,15.4014,-0.574378,2.40699
0,10,19.4388,15.5313,-0.781858,2.55217
0,10,20.2912,15.2085,-0.0559,1.41057
0,10,20.2793,14.9655,-0.162436,1.33906
0,10,20.0745,15.4496,-0.229181,1.72718
0,10,20.0101,15.7046,-0.463871,1.67749
0,10,19.2933,15.552,-0.870503,2.4608
0,10,19.9574,15.2017,-0.341798,2.34335
0,10,20.007,15.5432,-0.178041,1.85264
0,10,19.8399,15.1859,-0.451806,2.47649
0,10,19.9504,15.6236,-0.421708,1.8426
0,10,20.2924,16.9748,-0.0765032,0.420621
0,10,20.3774,16.2203,-0.121141,0.460652
0,10,20.0485,17.0012,-0.0102227,0.729551
0,10,20.1824,17.6079,-0.0157595,0.41423
0,10,19.6467,18.4385,-0.388684,0.551491
0,10,19.9559,17.9249,-0.362803,0.14106
0,10,18.211,19.5119,-0.515695,0.503997
0,10,19.173,18.6879,-0.555242,0.468734
0,10,17.824,20.0928,-0.309834,0.332519
0,10,17.9654,19.7468,-0.535603,0.467839
0,10,17.9301,19.8318,-0.316606,0.580894
0,10,18.0423,19.7001,-0.489934,0.531718
0,10,17.6251,20.2298,-0.487884,0.0605916
0,10,14.2783,20.1172,-1.1855,0.022563
0,10,17.9598,19.6295,-0.610312,0.579178
0,10,13.6035,19.8975,-1.53376,0.0781444
0,10,14.1407,20.1983,-1.16694,-0.0295068
0,10,13.621,20.0055,-1.36576,0.126985
0,10,13.574,20.2959,-0.712891,0.0933292
0,10,13.0816,20.2974,-0.861323,0.04809
0,10,12.3526,20.3952,-0.355334,0.142297
0,10,11.6275,20.3966,-0.451769,-0.0717756
0,10,6.2004,18.7296,-0.955402,-0.251111
0,10,2.74077,16.2371,-0.802865,-0.630637
0,10,2.40842,19.4956,-0.153148,-0.0881316
0,10,3.47872,19.886,-0.291132,-0.0432659
0,10,1.35144,18.5673,-0.112012,-0.101683
0,10,1.09298,18.3032,-0.0880284,-0.106001
0,10,3.00822,16.2652,-0.77493,-0.600673
0,10,2.9073,16.5146,-0.778241,-0.619998
0,10,3.3531,16.3849,-0.761538,-0.587539
0,10,11.1937,15.2461,-1.93356,-0.700171
0,10,10.2327,15.5799,-1.63881,-0.825617
0,10,8.64239,16.1223,-1.17902,-0.728602
0,10,9.37454,16.058,-1.32402,-0.77952
0,10,5.22582,16.6773,-0.829614,-0.411241
0,10,9.45853,16.1096,-1.31759,-0.755139
0,10,13.1652,14.847,-1.95488,-0.105627
0,10,6.11718,16.581,-0.936512,-0.494793
0,10,13.909,14.6422,-1.91223,0.0254267
0,10,10.477,15.861,-1.61749,-0.730712
0,10,5.02603,16.6698,-0.845019,-0.459232
0,10,15.2575,14.6242,-2.08189,0.262175
0,10,7.85489,16.3232,-1.04135,-0.677146
0,10,13.2585,14.9617,-1.951,-0.122425
0,10,13.9862,15.1875,-1.95766,0.0722487
0,10,14.8866,14.9027,-1.99124,0.197425
0,10,15.4264,14.8746,-2.11438,0.349559
0,10,14.6528,14.9356,-1.96483,0.129164
0,10,14.1453,15.0937,-1.96526,0.0677747
0,10,17.3027,14.8582,-2.27164,1.4881
0,10,16.5665,14.8044,-2.26682,0.955105
0,10,16.1308,14.619,-2.24147,0.587365
0,10,17.2694,14.7639,-2.31714,1.44941
0,10,17.5464,15.524,-2.12795,1.53207
0,10,17.6233,14.9478,-2.209,1.66152
0,10,17.4832,16.4883,-1.67263,1.24336
0,10,17.7477,15.1918,-2.17164,1.69587
0,10,17.2317,17.1615,-1.4722,0.970631
0,10,17.4448,16.7037,-1.69597,1.15144
0,10,17.1059,18.0686,-1.48266,0.757521
0,10,17.1086,18.3782,-1.33125,0.712951
0,10,17.5145,16.2206,-1.56159,1.3205
0,10,17.7824,15.5442,-1.79883,1.70955
0,10,17.6408,15.7872,-1.81962,1.4549
0,10,17.105,18.5805,-1.28377,0.682854
0,10,17.8846,18.4527,-1.14004,0.850362
0,10,17.2192,17.5316,-1.50211,0.930666
0,10,18.1109,16.7546,-1.32283,1.41718
0,10,17.8833,17.3873,-1.31244,1.2192
0,10,18.2261,16.7193,-1.24482,1.50005
0,10,17.8834,17.0122,-1.38031,1.21536
0,10,17.977,16.8741,-1.33068,1.34153
0,10,18.3985,16.3231,-1.26525,1.74787
0,10,18.0986,16.8419,-1.27707,1.41216
0,10,18.5027,16.3291,-1.31388,1.89212
0,10,19.0191,15.9197,-0.96601,2.21843
0,10,18.6749,16.2164,-1.31719,1.8955
0,10,18.5544,16.2413,-1.30843,1.90411
0,10,19.0028,15.8357,-1.13315,2.22756
0,10,19.127,15.6614,-1.18242,2.43168
0,10,18.9961,15.6866,-1.17666,2.46707
0,10,18.8728,15.9577,-1.21623,2.16767
0,10,18.5641,16.1544,-1.32937,1.85394
0,10,18.4475,16.2311,-1.25968,1.78315
0,10,19.04,15.7702,-0.908693,2.38598
0,10,18.7709,15.8385,-1.22916,2.28899
0,10,19.618,15.3034,-0.596831,2.54689
0,10,19.162,15.5857,-1.06235,2.52117
0,10,20.0662,15.2135,-0.26669,2.01279
0,10,19.4702,15.3028,-0.860631,2.68057
0,10,18.5778,16.0558,-1.3803,1.86298
0,10,18.7476,15.914,-1.38132,2.18106
0,10,19.0187,15.6109,-1.22132,2.50697
0,10,19.4686,15.4411,-0.666664,2.4816
0,10,18.6613,16.0173,-1.10963,2.16347
0,10,19.7571,15.1378,-0.568274,2.60887
0,10,20.1199,15.1262,-0.0196856,1.89852
0,10,20.0088,15.4011,-0.335806,1.89706
0,10,20.2826,15.5679,-0.0130264,1.07497
0,10,20.1796,16.0922,-0.00199275,0.93459
0,10,20.2049,17.5096,0.047353,0.398774
0,10,19.4838,18.3518,-0.448959,0.608771
0,10,19.6922,18.2745,-0.524638,0.521816
0,10,18.3739,19.5333,-0.393935,0.281811
0,10,18.3667,19.4,-0.55804,0.426421
0,10,16.8236,20.3123,-0.507805,-0.021364
0,10,18.7689,18.9265,-0.728225,0.596299
0,10,17.4836,20.3294,-0.582668,-0.0481617
0,10,18.8202,18.9938,-0.642902,0.501186
0,10,17.7212,20.1059,-0.337793,0.267961
0,10,17.9134,19.9413,-0.334109,0.38697
0,10,18.9109,18.6888,-0.652655,0.566313
0,10,18.048,19.8289,-0.363967,0.359815
0,10,17.8762,20.015,-0.350337,0.327073
0,10,14.2505,20.2045,-1.14722,-0.00994671
0,10,14.0348,20.1993,-1.07605,0.0226348
0,10,13.3621,20.0938,-1.15143,0.00537401
0,10,13.8589,20.2705,-0.814579,0.0470631
0,10,12.7454,20.1849,-1.18424,0.047418
0,10,12.8966,20.2844,-1.01279,-0.0709113
0,10,11.8089,20.3909,-0.514856,0.0336061
0,10,0.488231,17.3278,-0.0333293,-0.110012
0,10,2.08028,19.3079,-0.148078,-0.126099
0,10,0.913456,17.9866,-0.0307659,-0.0683525
0,10,4.24278,19.8402,-0.392806,-0.0774096
0,10,1.79922,16.5565,-0.688232,-0.806108
0,10,4.13516,19.8317,-0.390649,-0.0916484
0,10,2.56126,17.1246,-0.716712,-0.613835
0,10,9.63051,15.6424,-1.4979,-0.822206
0,10,3.16457,16.5217,-0.764938,-0.618988
0,10,9.97302,16.0934,-1.43774,-0.730877
0,10,10.7781,15.3838,-1.80861,-0.766223
0,10,10.4087,15.6962,-1.65665,-0.771809
0,10,5.30035,16.5147,-0.842048,-0.45192
0,10,4.08825,16.921,-0.815483,-0.495558
0,10,4.16253,16.8759,-0.796457,-0.48269
0,10,4.74313,16.6931,-0.842545,-0.457562
0,10,10.2704,15.9901,-1.52995,-0.711824
0,10,6.37935,16.5238,-0.934221,-0.495939
0,10,4.28176,16.7758,-0.797944,-0.466158
0,10,4.91265,16.6063,-0.84818,-0.48492
0,10,6.83189,16.4369,-1.00221,-0.517092
0,10,13.8443,14.6654,-1.90751,0.0209324
0,10,13.8362,15.091,-1.96096,0.0195452
0,10,9.87048,16.0778,-1.40539,-0.746108
0,10,15.0224,14.8504,-2.0037,0.237219
0,10,14.0615,15.1337,-1.95683,0.0784639
0,10,15.4916,14.6009,-2.09398,0.31547
0,10,13.5289,14.9279,-1.92154,-0.0317424
0,10,13.5591,15.0505,-1.97342,-0.0170046
0,10,16.4753,14.7964,-2.26227,0.825874
0,10,17.6076,15.6141,-1.99415,1.47502
0,10,17.4767,15.5829,-2.13455,1.46816
0,10,17.1734,14.717,-2.30365,1.30023
0,10,17.61,15.2418,-2.05835,1.78595
0,10,17.4578,14.8165,-2.32663,1.62648
0,10,17.7124,15.454,-1.95823,1.74526
0,10,17.7047,14.9023,-2.18722,1.73468
0,10,17.6948,15.344,-2.02237,1.76718
0,10,17.5226,14.7523,-2.30608,1.67243
0,10,17.6953,15.58,-1.93185,1.58618
0,10,17.3635,16.9579,-1.4778,1.00754
0,10,16.048,18.7487,-1.59174,0.377316
0,10,17.781,18.4937,-1.20068,0.783064
0,10,17.8172,17.5123,-1.35609,1.10726
0,10,17.8112,18.2026,-1.21244,0.867873
0,10,17.8538,17.2763,-1.30956,1.21843
0,10,17.9848,17.0772,-1.33692,1.27682
0,10,17.7558,17.7044,-1.37599,0.940427
0,10,18.2302,16.3508,-1.28345,1.63401
0,10,18.1262,16.6649,-1.34104,1.47708
0,10,18.8929,15.8821,-1.08088,2.25214
0,10,18.2494,16.6301,-1.32305,1.54568
0,10,18.264,16.459,-1.37826,1.64019
0,10,18.7716,15.9976,-1.14974,2.15495
0,10,18.325,16.3841,-1.28459,1.75099
0,10,18.399,16.1626,-1.53222,1.90615
0,10,18.2144,16.2575,-1.48755,1.65727
0,10,18.5172,15.93,-1.31304,2.01399
0,10,18.79,15.6744,-1.3162,2.36273
0,10,18.7573,15.7554,-1.3301,2.35085
0,10,18.9006,15.5545,-1.31313,2.44889
0,10,19.0542,15.5339,-1.16361,2.54128
0,10,18.8817,15.7971,-1.21699,2.29292
0,10,18.4757,16.1046,-1.38021,1.99155
0,10,18.624,15.9358,-1.3953,2.16988
0,10,19.0962,15.4516,-1.19092,2.63543
0,10,19.2645,15.4369,-0.951238,2.73943
0,10,19.1686,15.3866,-1.07747,2.74474
0,10,18.8763,15.6256,-1.35352,2.42154
0,10,19.444,15.2086,-0.954476,2.84983
0,10,19.1901,15.5021,-1.02386,2.58761
0,10,19.4035,15.373,-0.95417,2.63821
0,10,19.3526,15.4772,-0.718711,2.48422
0,10,19.6138,14.951,-0.80738,3.0518
0,10,18.9009,15.7213,-1.18809,2.33207
0,10,19.9903,14.9665,-0.122807,2.4115
0,10,20.3639,14.5607,-0.157117,1.15434
0,10,20.0842,15.6304,-0.352167,1.63553
0,10,20.0854,17.3091,-0.230439,0.61345
0,10,20.1377,17.4389,0.0273617,0.349947
0,10,18.9973,18.8416,-0.575844,0.484611
0,10,20.2863,17.7462,-0.0482042,0.380328
0,10,19.3386,18.5244,-0.507389,0.517101
0,10,20.0648,17.928,-0.388319,0.259287
0,10,18.6751,19.0043,-0.776767,0.608625
0,10,19.025,18.9277,-0.752999,0.564443
0,10,18.9093,18.9186,-0.617497,0.511449
0,10,19.4083,18.4326,-0.495583,0.553294
0,10,17.9276,20.1442,-0.287586,0.343955
0,10,18.1341,19.5588,-0.57578,0.487608
0,10,15.6841,20.2171,-0.856984,0.0839029
0,10,16.2585,20.3157,-0.561851,-0.0625586
0,10,14.2121,20.0194,-1.28049,-0.0331919
0,10,13.9552,20.103,-1.17934,-0.0487232
0,10,13.6877,20.2112,-0.930534,0.0480617
0,10,14.1471,20.2952,-0.725791,-0.0124176
0,10,13.5471,20.0952,-1.20245,0.0546514
0,10,12.838,20.1823,-1.10034,0.0887683
0,10,13.2757,20.1931,-1.12211,-0.10071
0,10,12.0781,20.3903,-0.565269,-0.0297262
0,10,2.28716,17.0952,-0.693541,-0.635369
0,10,0.48673,17.6553,-0.000726221,-0.0761501
0,10,0.544917,15.7603,4.67746e-11,1.53677
0,10,2.24669,19.3451,-0.1652,-0.0975719
0,10,3.15909,16.2456,-0.765745,-0.588104
0,10,2.94503,16.2205,-0.771983,-0.591439
0,10,8.5444,15.961,-1.17518,-0.741983
0,10,3.14178,16.4041,-0.760709,-0.600888
0,10,11.1075,15.254,-1.89552,-0.705622
0,10,10.5156,15.4755,-1.74454,-0.803815
0,10,10.7935,15.8524,-1.6657,-0.653193
0,10,10.1005,16.0705,-1.47406,-0.655025
0,10,10.2036,15.718,-1.58067,-0.780755
0,10,4.6866,16.6022,-0.832742,-0.468155
0,10,9.14627,16.0054,-1.31054,-0.732897
0,10,4.64863,16.7129,-0.842735,-0.467885
0,10,10.014,15.8029,-1.5016,-0.773126
0,10,4.84621,16.6704,-0.84317,-0.466673
0,10,10.8468,15.6061,-1.77008,-0.692598
0,10,15.6247,14.6671,-2.12976,0.39462
0,10,13.4717,14.8166,-1.93142,-0.0513343
0,10,14.2079,14.6683,-1.95479,0.0617819
0,10,7.71736,16.3308,-1.02063,-0.631253
0,10,13.4068,14.8864,-1.92807,-0.0458752
0,10,13.6622,15.0857,-1.97496,0.0258636
0,10,13.7153,14.6727,-1.89072,-0.00239212
0,10,15.8382,14.7111,-2.17198,0.489638
0,10,14.7635,14.8796,-1.97726,0.15542
0,10,17.1419,14.5836,-2.28662,1.32224
0,10,14.9843,14.941,-2.00464,0.219675
0,10,14.5523,14.8563,-1.97933,0.100265
0,10,14.923,14.8108,-1.99595,0.190363
0,10,16.0254,14.5852,-2.18988,0.580979
0,10,15.3312,14.8667,-2.10716,0.31212
0,10,13.7621,15.1427,-1.96946,0.0170259
0,10,13.5558,14.8273,-1.92751,-0.011594
0,10,17.6964,15.0989,-2.14446,1.74188
0,10,16.7089,14.7832,-2.2979,0.959234
0,10,17.619,14.8201,-2.30674,1.76138
0,10,16.7724,18.8917,-1.32817,0.285228
0,10,17.6764,15.8715,-1.71071,1.43438
0,10,17.6326,15.7039,-1.94166,1.45832
0,10,17.1982,18.123,-1.4583,0.748686
0,10,17.3063,17.1015,-1.46468,0.986648
0,10,17.7939,17.4157,-1.35759,1.11939
0,10,17.8746,16.914,-1.3872,1.23435
0,10,17.9925,16.7841,-1.31677,1.38241
0,10,18.1686,16.4917,-1.37955,1.53357
0,10,18.0094,16.698,-1.38671,1.40203
0,10,18.3215,16.2638,-1.35608,1.85569
0,10,18.1547,16.5777,-1.31229,1.5192
0,10,18.2891,16.1789,-1.50066,1.85204
0,10,18.3853,16.0393,-1.43372,1.98288
0,10,18.4814,16.0034,-1.43353,2.0175
0,10,18.3588,15.9501,-1.43726,2.00309
0,10,18.4997,15.8474,-1.57847,2.04824
0,10,18.3916,15.8797,-1.41352,2.04406
0,10,18.7318,15.5992,-1.51163,2.45533
0,10,18.6391,15.776,-1.46087,2.23532
0,10,18.8951,15.4078,-1.47208,2.62273
0,10,18.6375,15.8542,-1.372,2.16779
0,10,19.0104,15.3947,-1.34912,2.73773
0,10,18.9616,15.486,-1.28894,2.61656
0,10,19.1877,15.2275,-1.32416,2.99404
0,10,19.3505,15.2617,-1.03056,2.74013
0,10,19.3095,15.1916,-1.20107,2.88411
0,10,19.5199,15.0399,-0.885632,3.01959
0,10,19.6335,14.786,-1.35523,3.4958
0,10,19.2239,15.2986,-1.13892,2.86572
0,10,19.962,14.4473,-0.594892,3.4673
0,10,19.4162,15.1199,-1.03145,2.9248
0,10,19.7489,15.0626,-0.463685,2.7075
0,10,19.3091,15.3502,-0.988716,2.70786
0,10,19.5527,15.2348,-0.74481,2.67361
0,10,20.1041,14.883,-0.32682,2.106
0,10,20.2134,14.5066,-0.3844,2.37004
0,10,20.1905,15.5991,-0.140822,1.31323
0,10,20.2999,15.9042,0.046616,0.7416
0,10,20.0979,17.5368,0.0762642,0.370874
0,10,19.9364,16.2182,-0.245704,1.54392
0,10,19.8082,18.2808,-0.478599,0.464333
0,10,20.2892,16.0934,0.0243183,0.775763
0,10,20.1894,16.7846,0.101152,0.627193
0,10,20.2308,16.6672,-0.220353,0.741534
0,10,19.4517,18.5155,-0.483859,0.537459
0,10,20.2456,17.835,-0.157805,0.406668
0,10,18.6986,19.2231,-0.542796,0.437546
0,10,18.1145,19.4467,-0.716103,0.633842
0,10,18.2269,19.6434,-0.449565,0.337004
0,10,18.568,19.2025,-0.590424,0.438977
0,10,16.718,20.3252,-0.489604,0.0222623
0,10,17.2459,20.3175,-0.584046,-0.027532
0,10,16.0231,20.312,-0.633153,-0.0925399
0,10,13.704,19.9726,-1.45911,0.10428
0,10,13.6438,20.1158,-1.18133,0.13469
0,10,13.7792,20.1848,-0.947833,0.00206626
0,10,14.1245,20.397,-0.461582,-0.0528268
0,10,13.0299,20.1832,-0.966233,0.0681242
0,10,12.7214,20.3957,-0.325296,-0.00425296
0,10,12.1701,20.3971,-0.47652,0.220915
0,10,4.38946,19.7624,-0.432779,-0.0816467
0,10,0.478318,16.9736,-0.0309367,-0.229581
0,10,3.08096,19.8891,-0.195623,-0.061146
0,10,1.61213,16.6861,-0.622051,-0.80253
0,10,10.574,15.3418,-1.74836,-0.797668
0,10,0.512824,16.2536,-0.0801559,-0.426804
0,10,3.4361,16.4404,-0.782634,-0.577283
0,10,2.75858,16.8225,-0.762995,-0.620875
0,10,1.87458,16.6282,-0.70401,-0.761962
0,10,9.57248,15.6592,-1.53705,-0.817585
0,10,5.33131,16.3512,-0.861632,-0.482693
0,10,10.5314,15.6446,-1.70451,-0.720814
0,10,5.24088,16.5974,-0.842399,-0.428652
0,10,9.38475,15.9638,-1.34307,-0.770568
0,10,10.0302,16.1679,-1.44299,-0.695767
0,10,6.04222,16.4982,-0.922153,-0.545863
0,10,10.6439,15.9399,-1.6089,-0.676894
0,10,8.90611,16.0968,-1.22635,-0.753642
0,10,13.462,14.9829,-1.93392,-0.03527
0,10,10.0341,16.0023,-1.45575,-0.730452
0,10,10.6266,15.8278,-1.65477,-0.685727
0,10,14.3322,14.628,-1.9886,0.0700828
0,10,8.39394,16.1888,-1.11968,-0.713827
0,10,13.6476,14.8956,-1.95044,-0.00102927
0,10,14.8143,14.6074,-2.03297,0.168482
0,10,13.3484,14.9861,-1.93995,-0.082565
0,10,13.6424,14.7847,-1.91821,-0.0219254
0,10,16.8996,14.5928,-2.28245,1.08509
0,10,14.6306,14.6112,-1.99202,0.0976123
0,10,9.33439,16.1533,-1.28522,-0.760916
0,10,15.3362,14.6116,-2.08318,0.276166
0,10,13.9717,14.7934,-1.93738,0.0581354
0,10,14.8192,14.8061,-1.99185,0.179246
0,10,13.8428,14.9877,-1.96174,0.0309124
0,10,13.7476,14.9385,-1.95853,0.0159329
0,10,16.4324,14.7038,-2.28649,0.821684
0,10,15.7397,14.6784,-2.16317,0.47826
0,10,17.0723,14.8477,-2.31607,1.21375
0,10,16.0531,14.6871,-2.18191,0.617666
0,10,17.876,14.9386,-2.10578,1.9018
0,10,17.7542,15.7579,-1.84637,1.5232
0,10,17.7318,17.6082,-1.38881,0.945491
0,10,17.685,18.6337,-1.23244,0.70287
0,10,17.7617,17.7999,-1.35833,0.964999
0,10,18.1446,16.3976,-1.36349,1.52261
0,10,17.8795,16.8152,-1.37771,1.2956
0,10,18.1577,16.1779,-1.61422,1.69126
0,10,17.7941,17.0603,-1.3861,1.21613
0,10,17.7707,17.3172,-1.34469,1.14225
0,10,18.3053,16.0886,-1.50195,1.87039
0,10,18.0311,16.6061,-1.35854,1.42934
0,10,18.6641,15.6907,-1.30761,2.33691
0,10,18.6109,15.6147,-1.5864,2.33273
0,10,18.9719,15.3174,-1.49586,2.7542
0,10,19.2226,15.1348,-1.38809,2.99756
0,10,19.0536,15.2486,-1.45977,3.00867
0,10,18.8947,15.2456,-1.64178,2.79026
0,10,19.1004,15.3232,-1.30643,2.88028
0,10,19.3544,14.9539,-1.47443,3.4477
0,10,19.3287,15.091,-1.24375,3.12524
0,10,19.278,15.0138,-1.50532,3.21976
0,10,19.485,14.8426,-1.46232,3.54509
0,10,19.7683,14.5598,-1.04556,3.56273
0,10,19.7392,14.6444,-1.30846,3.46236
0,10,19.4855,14.7637,-1.45977,3.63574
0,10,19.4303,15.0155,-1.11688,3.19782
0,10,19.4969,14.9384,-1.21083,3.29919
0,10,19.7133,14.8268,-0.894771,3.21007
0,10,19.7097,14.98,-0.704094,3.00834
0,10,19.8322,14.9638,-0.354801,2.82278
0,10,19.8553,14.8594,-0.688736,2.90213
0,10,20.1343,14.9541,-0.0162422,1.90128
0,10,19.5271,15.1357,-0.909378,2.92834
0,10,20.2623,14.5868,-0.30224,1.7211
0,10,20.2682,14.8883,-0.255707,1.33861
0,10,19.6289,15.1395,-0.721446,2.77918
0,10,20.0054,15.1224,-0.152714,2.29215
0,10,20.2906,17.5702,-0.00146663,0.393258
0,10,20.2865,16.4991,-0.0343277,0.678684
0,10,20.3042,17.4631,0.0108725,0.331225
0,10,20.2762,15.1184,0.130181,1.30306
0,10,20.2822,16.5873,-0.0801524,0.778736
0,10,20.1715,17.3409,-0.0778941,0.293368
0,10,20.3833,16.3908,-0.190423,0.379286
0,10,19.6165,18.3513,-0.426406,0.587933
0,10,19.0856,18.7652,-0.5675,0.465785
0,10,18.4482,19.482,-0.400824,0.323435
0,10,18.6509,19.1363,-0.589886,0.433248
0,10,18.9354,19.0061,-0.709183,0.596459
0,10,18.0081,19.9099,-0.229281,0.458907
0,10,16.3716,20.3178,-0.58314,-0.0732367
0,10,18.7333,19.0673,-0.611179,0.481444
0,10,14.7607,20.2015,-0.941839,0.06459
0,10,14.6819,20.0822,-1.06692,0.148895
0,10,14.1701,20.1096,-1.18093,-0.0269394
0,10,13.8051,20.0363,-1.35141,-0.0512008
0,10,13.8403,20.3963,-0.528212,0.174031
0,10,13.7788,20.2988,-0.730485,0.00102484
0,10,13.0913,20.3989,-0.427902,-0.0106152
0,10,12.261,20.39,-0.402444,0.0346351
0,10,1.04172,16.1581,-0.527539,-1.18991
0,10,3.92405,19.8031,-0.373305,-0.137279
0,10,3.46388,19.9816,-0.199558,-0.010448
0,10,1.9134,16.9419,-0.641054,-0.673445
0,10,6.04133,18.8646,-0.921781,-0.237814
0,10,4.04171,16.3011,-0.783032,-0.492054
0,10,3.09356,16.2875,-0.771123,-0.581905
0,10,3.0493,16.3912,-0.768258,-0.600685
0,10,10.7179,15.288,-1.75081,-0.805016
0,10,9.90709,16.1723,-1.41056,-0.711154
0,10,11.3058,15.2869,-1.95531,-0.647028
0,10,11.4093,15.3102,-1.94309,-0.584531
0,10,10.9532,15.385,-1.81449,-0.713265
0,10,10.1866,16.0408,-1.49571,-0.680536
0,10,9.58868,16.0641,-1.34484,-0.747376
0,10,3.84871,17.0127,-0.789758,-0.463185
0,10,5.81878,16.5929,-0.921804,-0.477594
0,10,8.80949,16.1224,-1.19968,-0.728525
0,10,4.53616,16.6943,-0.814645,-0.481453
0,10,9.0022,16.0124,-1.26596,-0.75585
0,10,4.02635,17.032,-0.806767,-0.503468
0,10,10.5668,15.7673,-1.64339,-0.728815
0,10,9.84816,15.9725,-1.44006,-0.767344
0,10,4.42378,16.6865,-0.805155,-0.463595
0,10,8.2326,16.2048,-1.10336,-0.724325
0,10,10.6143,15.6619,-1.69756,-0.723561
0,10,9.06605,16.0734,-1.26864,-0.706973
0,10,15.8116,14.605,-2.16115,0.454858
0,10,15.1791,14.6099,-2.07762,0.230449
0,10,14.0545,14.7431,-1.92951,0.0628898
0,10,14.3839,14.8976,-1.97198,0.0889649
0,10,13.8158,14.8697,-1.95453,0.0125077
0,10,15.3247,14.7657,-2.10824,0.298005
0,10,17.057,14.6689,-2.33905,1.21555
0,10,16.7958,14.6116,-2.2825,0.988195
0,10,17.6631,14.7544,-2.31442,1.80721
0,10,17.9374,14.7907,-2.18701,1.90918
0,10,17.7364,15.2778,-2.03271,1.73648
0,10,17.8649,15.506,-1.80715,1.77061
0,10,17.5707,16.3508,-1.61373,1.37345
0,10,16.8921,18.7647,-1.3205,0.278916
0,10,17.6816,18.0022,-1.34176,0.866762
0,10,17.8151,17.1716,-1.32655,1.23864
0,10,17.7133,17.5126,-1.3984,0.966477
0,10,17.9145,16.6367,-1.39888,1.38486
0,10,18.3753,15.7957,-1.71022,1.98083
0,10,18.5202,15.7697,-1.4862,2.10943
0,10,18.7636,15.5278,-1.46251,2.45486
0,10,18.6342,15.4492,-1.62308,2.40777
0,10,18.632,15.529,-1.50747,2.38197
0,10,18.6289,15.3262,-1.69948,2.53562
0,10,18.8294,15.4707,-1.50177,2.51745
0,10,18.9636,15.1896,-1.55114,2.94004
0,10,18.8457,15.326,-1.60979,2.7519
0,10,19.1026,15.1702,-1.35126,3.03598
0,10,19.3728,14.877,-1.32298,3.40276
0,10,19.1761,15.0619,-1.62529,3.14604
0,10,19.5296,14.5642,-1.53869,3.93393
0,10,19.6207,14.6362,-1.35992,3.60687
0,10,19.1804,14.9693,-1.75423,3.2389
0,10,19.5809,14.876,-0.950784,3.27065
0,10,19.7455,14.4629,-1.20761,3.88441
0,10,19.9039,14.5442,-0.806775,3.31502
0,10,19.8681,14.3782,-0.901178,3.97349
0,10,19.5863,14.7176,-1.47453,3.60589
0,10,19.834,14.4764,-0.996331,3.5607
0,10,19.715,14.3825,-1.35901,4.04081
0,10,19.9224,14.0842,-0.922036,4.17216
0,10,20.1094,14.3236,-0.518977,2.96983
0,10,19.7589,14.8943,-0.608405,3.09643
0,10,19.9961,14.5704,-0.715012,3.02081
0,10,20.0886,14.2495,-0.51523,2.87746
0,10,20.0287,14.6872,-0.736782,2.64213
0,10,20.114,14.7169,-0.37337,2.1979
0,10,19.9782,14.8069,-0.57329,2.64307
0,10,20.0639,14.8069,-0.577229,2.1861
0,10,20.2902,15.371,-0.135623,1.33527
0,10,20.1976,14.7314,-0.304526,1.95186
0,10,20.1878,15.9945,-0.0770875,1.00811
0,10,20.1741,14.6158,-0.461116,2.30066
0,10,20.1978,15.6948,-0.251486,1.10406
0,10,20.3972,16.7634,0.0696991,0.374108
0,10,19.8922,18.1952,-0.497636,0.454876
0,10,19.1669,18.9176,-0.545206,0.403087
0,10,19.2073,18.7712,-0.625721,0.506851
0,10,20.1165,18.0121,-0.477415,0.31725
0,10,18.5874,19.4408,-0.407655,0.257642
0,10,18.8515,19.0822,-0.616875,0.566725
0,10,18.7744,19.155,-0.550315,0.511326
0,10,18.475,19.3925,-0.563224,0.294365
0,10,17.9759,20.2342,-0.268829,0.324368
0,10,16.3214,20.2263,-0.919399,-0.0218509
0,10,17.709,20.3045,-0.451083,0.12788
0,10,18.0306,20.0056,-0.255792,0.433173
0,10,17.559,20.4113,-0.48296,0.00890316
0,10,14.2218,20.4021,-0.426393,0.0446928
0,10,13.9302,20.1985,-1.02158,0.0301821
0,10,13.2202,19.9987,-1.4413,-0.124111
0,10,13.6749,20.303,-0.743956,0.0361293
0,10,12.4442,20.3944,-0.33029,0.0171975
0,10,4.6059,19.7827,-0.455465,-0.119488
0,10,2.56231,19.6556,-0.11251,-0.0882314
0,10,6.09636,19.1215,-0.917251,-0.179318
0,10,3.03091,17.2239,-0.737157,-0.580651
0,10,5.4905,19.3807,-0.772372,-0.247937
0,10,0.547593,16.8764,-0.0279979,-0.347624
0,10,6.2074,18.9099,-0.944683,-0.218953
0,10,2.23707,16.7453,-0.740129,-0.685035
0,10,2.64963,16.6202,-0.760264,-0.606764
0,10,10.2219,16.1377,-1.46626,-0.655761
0,10,10.8498,15.3822,-1.82633,-0.720807
0,10,9.94051,15.5372,-1.65891,-0.826891
0,10,9.89547,16.27,-1.37996,-0.697315
0,10,11.142,15.3559,-1.91568,-0.672115
0,10,9.57172,15.9585,-1.37125,-0.765041
0,10,3.76933,17.0418,-0.794687,-0.468737
0,10,10.2475,15.804,-1.58332,-0.749322
0,10,8.06775,16.2527,-1.08718,-0.690873
0,10,6.59015,16.4933,-0.953982,-0.497699
0,10,10.6736,15.5627,-1.75033,-0.720369
0,10,7.27966,16.4376,-1.05202,-0.588539
0,10,7.24165,16.3514,-1.05289,-0.612851
0,10,5.67852,16.5366,-0.92049,-0.507204
0,10,10.9897,15.7407,-1.72525,-0.617535
0,10,9.7575,16.0265,-1.39619,-0.765883
0,10,15.5835,14.7524,-2.15109,0.376568
0,10,13.9399,14.9906,-1.96325,0.0423874
0,10,14.9781,14.7281,-2.03108,0.194406
0,10,13.9371,15.0918,-1.94363,0.0455361
0,10,15.6885,14.7737,-2.17006,0.442552
0,10,17.5744,14.6828,-2.29364,1.71518
0,10,17.7928,14.9782,-2.18373,1.78112
0,10,17.853,15.3615,-2.00532,1.76649
0,10,17.1696,17.8039,-1.5314,0.853945
0,10,18.1779,17.9089,-1.18986,1.01899
0,10,17.7808,18.3036,-1.2274,0.832037
0,10,17.662,17.7783,-1.36927,0.923848
0,10,17.6902,17.4153,-1.41126,0.979313
0,10,17.777,16.8559,-1.44811,1.22715
0,10,18.2527,16.0034,-1.535,1.87505
0,10,18.1162,16.2994,-1.44434,1.62476
0,10,18.2469,15.9176,-1.48871,1.93537
0,10,18.511,15.5409,-1.56619,2.26399
0,10,18.5576,15.3734,-1.75646,2.40135
0,10,18.4746,15.616,-1.70391,2.19233
0,10,18.2625,15.7535,-1.72619,1.86089
0,10,18.2588,15.835,-1.38656,1.97644
0,10,18.4126,15.7238,-1.52413,2.14864
0,10,18.7534,15.3488,-1.71836,2.47158
0,10,18.7253,15.4223,-1.54997,2.54146
0,10,19.0581,15.0969,-1.6816,3.20863
0,10,18.9479,15.1082,-1.67128,2.94271
0,10,18.771,15.2391,-1.72357,2.6771
0,10,18.9202,14.95,-1.98004,2.9218
0,10,18.4868,15.2822,-1.80508,2.33273
0,10,19.3901,14.7252,-1.5933,3.57567
0,10,18.9218,15.0262,-1.70819,2.98243
0,10,19.0663,15.0133,-1.76777,3.13293
0,10,19.2356,14.9035,-1.36945,3.44072
0,10,19.6184,14.4752,-1.57154,3.90756
0,10,19.5953,14.2928,-1.60131,4.23862
0,10,19.6519,14.5597,-1.33293,3.71638
0,10,19.3421,14.8032,-1.66352,3.46345
0,10,20.0015,14.2701,-0.690539,3.76066
0,10,19.5319,14.2638,-1.61729,4.3513
0,10,19.6593,14.1581,-1.42903,4.59818
0,10,19.7935,14.3178,-1.07901,4.29506
0,10,19.4585,14.5212,-1.76723,4.01885
0,10,19.9452,14.3621,-0.732483,3.48832
0,10,19.7371,14.7354,-1.23478,3.44941
0,10,19.8258,14.7187,-1.12731,3.16999
0,10,19.6292,15.0482,-0.795494,2.91078
0,10,19.9456,14.9031,-0.353069,2.60103
0,10,20.0858,14.4914,-0.493664,2.74784
0,10,20.2605,15.4846,0.0553485,1.21379
0,10,20.3852,14.4778,0.109451,1.13786
0,10,20.1622,15.3629,-0.342701,1.68614
0,10,20.3571,15.7825,-0.165384,0.616767
0,10,20.4027,14.9073,0.127298,0.831668
0,10,20.1971,14.8395,-0.459979,1.70021
0,10,19.5704,18.5145,-0.430374,0.548524
0,10,20.2314,15.8573,-0.0892063,1.02999
0,10,20.2886,16.8053,0.142248,0.419453
0,10,20.1878,17.9201,-0.300637,0.442132
0,10,19.7314,18.3626,-0.412461,0.470618
0,10,20.2872,17.3044,-0.0162109,0.424629
0,10,19.1166,18.8491,-0.694244,0.533812
0,10,19.9996,18.0094,-0.440359,0.212706
0,10,18.7308,19.3322,-0.388126,0.34255
0,10,18.7991,19.2679,-0.383888,0.374825
0,10,18.2091,19.7373,-0.231207,0.372654
0,10,17.2184,20.4055,-0.410553,0.00233884
0,10,17.8409,20.1874,-0.288539,0.300855
0,10,17.6017,20.3238,-0.553536,-0.0152028
0,10,14.7787,20.1072,-1.01506,0.0625823
0,10,15.578,20.2064,-0.890366,0.126412
0,10,14.6645,20.1866,-1.01438,0.0585554
0,10,13.3274,19.9905,-1.36775,-0.0993117
0,10,12.9959,20.3955,-0.449627,-0.150014
0,10,11.8485,20.2869,-0.863878,-0.0562614
0,10,0.521674,16.18,-0.140112,-0.437092
0,10,3.58887,16.2803,-0.748045,-0.566685
0,10,2.32715,19.4223,-0.15046,-0.103884
0,10,0.639798,16.1994,-0.225172,-0.791497
0,10,1.67889,16.3297,-0.641411,-0.911446
0,10,2.74446,16.3631,-0.79273,-0.624345
0,10,0.818068,18.0362,-0.038692,-0.0454356
0,10,9.17224,15.7853,-1.3259,-0.799921
0,10,3.07597,16.5005,-0.77288,-0.609989
0,10,11.3453,15.1096,-2.00154,-0.701904
0,10,11.1043,15.132,-1.92418,-0.758483
0,10,2.82717,16.7669,-0.754923,-0.624454
0,10,10.333,15.7544,-1.61981,-0.753574
0,10,12.283,14.8778,-2.02114,-0.318701
0,10,11.0702,15.5458,-1.85752,-0.650412
0,10,3.68567,17.0909,-0.810138,-0.463383
0,10,9.54398,16.1508,-1.32482,-0.742946
0,10,10.3186,15.8859,-1.57527,-0.713938
0,10,10.2151,15.9029,-1.5442,-0.731951
0,10,10.9075,15.6749,-1.75319,-0.645719
0,10,10.7837,15.7125,-1.70633,-0.694774
0,10,15.1134,14.6202,-2.07323,0.207107
0,10,14.1629,14.7643,-1.95968,0.0573563
0,10,13.8848,14.7736,-1.91617,0.0315186
0,10,13.7408,15.0318,-1.96465,0.0224551
0,10,16.5977,14.7305,-2.32204,0.924816
0,10,18.0616,14.7013,-2.21078,2.06434
0,10,17.8308,15.0704,-2.24132,1.77773
0,10,17.8348,15.638,-1.83064,1.66663
0,10,17.7392,15.6692,-1.90813,1.54597
0,10,17.3033,18.2969,-1.33696,0.791142
0,10,17.6265,17.579,-1.4138,0.965051
0,10,17.776,16.9566,-1.39754,1.20686
0,10,18.1919,16.098,-1.53537,1.75086
0,10,18.0485,16.4228,-1.40136,1.49473
0,10,18.5387,15.6873,-1.45854,2.15229
0,10,18.1449,16.0172,-1.61428,1.77708
0,10,18.1433,15.8503,-1.46495,1.89201
0,10,18.0566,16.2227,-1.6105,1.66552
0,10,17.6906,17.0081,-1.3827,1.1859
0,10,17.7751,16.7603,-1.46174,1.28304
0,10,18.1202,15.9293,-1.61875,1.79691
0,10,18.02,16.3287,-1.52717,1.56252
0,10,18.6696,15.2567,-1.81058,2.4441
0,10,18.5072,15.4594,-1.66465,2.30229
0,10,18.3771,15.6419,-1.62011,2.11937
0,10,18.0427,16.0404,-1.62113,1.65373
0,10,18.4463,15.3739,-1.82734,2.17977
0,10,18.2777,15.6774,-1.62659,1.90582
0,10,17.9432,16.26,-1.5976,1.56732
0,10,18.3806,15.2778,-1.88973,2.09868
0,10,18.127,15.7653,-1.50937,1.93917
0,10,18.3613,15.5426,-1.63505,2.06837
0,10,18.2704,15.5751,-1.63028,1.92488
0,10,19.2804,14.6923,-1.77479,3.71751
0,10,18.5467,15.2249,-1.7097,2.46868
0,10,18.814,15.1674,-1.68212,2.83052
0,10,19.4949,14.6592,-1.51987,3.70253
0,10,18.4219,15.183,-1.74497,2.2637
0,10,19.2422,14.7732,-1.73719,3.57757
0,10,18.8305,15.0878,-1.75296,2.82465
0,10,19.0403,14.7855,-1.89806,3.24028
0,10,18.0095,15.8586,-1.56952,1.6981
0,10,19.3532,14.5565,-1.85993,3.8007
0,10,19.7986,14.2459,-1.07947,4.22828
0,10,19.0653,14.8618,-1.69117,3.22179
0,10,20.265,13.7167,-0.424095,3.22381
0,10,20.0833,14.0107,-0.548854,3.95054
0,10,20.0194,15.0326,-0.153198,2.33957
0,10,20.133,14.1005,-0.541081,3.59248
0,10,20.0134,13.9513,-0.643826,4.33025
0,10,19.9407,14.2246,-1.01525,4.17329
0,10,19.9529,14.661,-1.06363,2.97877
0,10,20.2487,14.0434,-0.125753,2.69966
0,10,20.0551,14.4215,-0.608134,2.93736
0,10,20.2185,14.1338,-0.165941,2.68071
0,10,20.3838,16.5732,-0.0586128,0.257954
0,10,20.3965,15.2576,-0.162202,0.803627
0,10,19.8743,15.0315,-0.23126,2.64651
0,10,20.2722,16.8929,0.00673022,0.404032
0,10,20.3923,17.5856,-0.0102467,0.361832
0,10,20.2384,15.0487,0.0242909,1.43928
0,10,20.3945,16.9441,-0.0226182,0.439871
0,10,20.4015,17.2202,0.0436845,0.426592
0,10,20.4073,16.4815,-0.0361548,0.260197
0,10,20.3038,15.6645,-0.0667342,0.984987
0,10,19.0867,18.9899,-0.472809,0.365447
0,10,19.2525,18.8416,-0.578746,0.418327
0,10,18.9393,19.129,-0.386355,0.380027
0,10,20.395,17.488,-0.0405279,0.378896
0,10,17.9112,20.2907,-0.275506,0.344354
0,10,18.2324,19.8386,-0.261007,0.310598
0,10,18.1525,19.8832,-0.294737,0.305243
0,10,16.6015,20.3256,-0.54449,-0.00176506
0,10,14.7373,20.2976,-0.740066,0.0400731
0,10,14.5704,20.1991,-1.02464,-0.0363094
0,10,14.4448,20.3018,-0.754022,-0.0421091
0,10,13.4234,19.9764,-1.40569,0.0194858
0,10,13.5483,20.396,-0.657951,-0.0516332
0,10,12.6285,20.3962,-0.305052,-0.098103
0,10,11.6696,14.9758,-2.00786,-0.545749
0,10,10.2874,15.4127,-1.72259,-0.82995
0,10,1.71891,16.227,-0.674681,-0.934495
0,10,2.99952,19.949,-0.157703,-0.0760699
0,10,9.78242,15.5892,-1.55958,-0.842107
0,10,1.78594,16.6728,-0.667692,-0.77115
0,10,10.7898,15.232,-1.78321,-0.820737
0,10,2.48569,16.8606,-0.732036,-0.660722
0,10,11.6022,15.0241,-1.98624,-0.574272
0,10,10.2177,15.4618,-1.70232,-0.831174
0,10,10.9711,15.2159,-1.88454,-0.756854
0,10,9.80644,16.2207,-1.3748,-0.713047
0,10,9.78425,16.1237,-1.38363,-0.740093
0,10,10.3758,15.9722,-1.55668,-0.675572
0,10,11.5369,15.064,-1.97956,-0.534805
0,10,10.3134,16.0752,-1.54068,-0.670401
0,10,11.6446,15.1252,-2.01716,-0.516498
0,10,10.1376,15.8319,-1.55209,-0.735881
0,10,10.859,15.7647,-1.69835,-0.645906
0,10,9.7063,16.2968,-1.33863,-0.710299
0,10,15.876,14.5998,-2.15806,0.495566
0,10,14.6532,14.8379,-1.99819,0.126761
0,10,16.419,14.602,-2.23532,0.774602
0,10,17.024,14.7407,-2.31189,1.19974
0,10,17.8829,14.8522,-2.17809,1.87323
0,10,17.6961,15.9632,-1.723,1.43804
0,10,17.7584,17.9192,-1.3401,0.904644
0,10,17.6479,17.6789,-1.39291,0.939654
0,10,18.0577,16.5161,-1.37571,1.47697
0,10,17.8883,16.7239,-1.38907,1.36927
0,10,17.713,17.1111,-1.35825,1.19431
0,10,17.7921,18.3968,-1.15549,0.823597
0,10,17.5997,18.0591,-1.37335,0.825021
0,10,17.6686,17.3182,-1.40229,1.00148
0,10,17.7361,17.2181,-1.37038,1.15865
0,10,17.6052,17.4786,-1.42558,0.982819
0,10,17.8394,16.5683,-1.49534,1.41895
0,10,17.6173,17.1235,-1.4161,1.03507
0,10,18.0652,16.1262,-1.60032,1.65948
0,10,17.9476,16.5413,-1.4138,1.45712
0,10,18.0135,15.9503,-1.69828,1.66327
0,10,17.8003,16.3834,-1.56593,1.4877
0,10,17.9146,16.3578,-1.5655,1.53099
0,10,17.9571,16.1699,-1.5998,1.54875
0,10,17.9404,16.0826,-1.64641,1.57413
0,10,17.8918,15.8119,-1.61267,1.61193
0,10,17.8322,16.2926,-1.58738,1.49804
0,10,18.3849,15.1043,-2.05784,2.30241
0,10,18.9836,14.5594,-1.93991,3.29698
0,10,18.7736,14.7453,-2.05811,2.88179
0,10,17.9167,15.9938,-1.7072,1.57881
0,10,17.902,15.8999,-1.66033,1.56865
0,10,18.3205,15.1928,-1.86614,2.13414
0,10,18.8989,14.7959,-1.95787,3.0472
0,10,18.1804,15.6089,-1.70821,1.7918
0,10,18.0682,15.5727,-1.71945,1.88505
0,10,18.1447,15.6879,-1.59673,1.83946
0,10,18.7167,14.8079,-2.014,2.84229
0,10,18.107,15.2591,-2.0302,2.03681
0,10,18.2233,15.4868,-1.74567,2.001
0,10,18.808,14.8584,-1.93521,2.82084
0,10,19.9574,13.8361,-0.628746,4.69114
0,10,19.2649,14.509,-2.11106,3.85589
0,10,18.0221,15.7801,-1.55193,1.7236
0,10,18.7054,15.0943,-1.75418,2.65439
0,10,19.7379,14.2087,-1.3142,4.45008
0,10,19.1439,14.7432,-1.90222,3.62078
0,10,18.6717,15.1632,-1.87957,2.4936
0,10,18.9302,14.873,-1.79588,3.0061
0,10,19.1148,14.5347,-2.13136,3.72817
0,10,20.3444,13.7843,-0.277461,2.09999
0,10,20.4059,12.8687,-0.00102901,0.311547
0,10,20.1205,13.9088,-0.277417,4.03171
0,10,19.1783,14.8468,-1.76068,3.58947
0,10,20.3681,14.0858,-0.391936,1.49916
0,10,20.3944,15.0744,-0.196766,0.842848
0,10,20.0934,14.5809,-0.726531,2.79464
0,10,20.1555,15.2784,-0.0331269,1.55577
0,10,20.1853,15.1823,0.0553395,1.57473
0,10,20.3962,14.6405,-0.208053,0.988895
0,10,20.3878,16.0461,-0.0479281,0.489878
0,10,19.8924,14.7792,-0.759836,2.94124
0,10,20.256,16.1751,-0.0853742,0.848115
0,10,20.3769,17.3084,-0.0697777,0.384457
0,10,20.2703,15.2961,-0.0890097,1.39039
0,10,20.3957,15.1657,0.095826,0.742821
0,10,20.3594,17.8431,-0.160333,0.326506
0,10,19.6838,18.5335,-0.331165,0.40481
0,10,18.6573,19.3904,-0.317044,0.395145
0,10,19.3417,18.7633,-0.554312,0.426887
0,10,18.4868,19.5923,-0.281702,0.268784
0,10,18.624,19.2832,-0.50031,0.4125
0,10,18.1204,19.7766,-0.32176,0.394831
0,10,18.0476,20.1677,-0.287542,0.260873
0,10,15.1135,20.1105,-0.925357,-0.0571819
0,10,16.8986,20.4049,-0.542605,0.0296492
0,10,14.4188,20.4018,-0.442166,-0.0107674
0,10,13.7964,19.9316,-1.49602,-0.0114825
0,10,13.1848,20.3907,-0.518129,-0.202705
0,10,11.8913,20.1966,-1.12764,-0.100509
0,10,1.74962,16.3879,-0.673678,-0.85524
0,10,4.20087,16.3076,-0.789781,-0.486185
0,10,2.58654,16.6846,-0.792044,-0.63657
0,10,1.7802,16.232,-0.661831,-0.903301
0,10,0.493513,17.7984,0.00268804,0.00119697
0,10,3.2828,16.4479,-0.759618,-0.58416
0,10,2.34706,16.7499,-0.755121,-0.702475
0,10,8.31229,16.0117,-1.11472,-0.734137
0,10,3.67166,16.2716,-0.78984,-0.509604
0,10,4.27001,16.3042,-0.781653,-0.476958
0,10,11.7214,15.0442,-2.02995,-0.468906
0,10,11.4582,15.0683,-2.00148,-0.636789
0,10,10.9234,15.8303,-1.70264,-0.621261
0,10,12.1476,14.8938,-2.02705,-0.407227
0,10,9.99867,16.257,-1.39654,-0.687171
0,10,11.0806,15.4191,-1.87599,-0.663333
0,10,10.878,15.4859,-1.83345,-0.714549
0,10,7.02364,16.474,-1.02706,-0.546283
0,10,15.703,14.5815,-2.10346,0.424512
0,10,14.6859,14.6322,-2.00476,0.115792
0,10,15.0719,14.772,-2.04093,0.235479
0,10,17.771,14.7669,-2.27937,1.81279
0,10,16.6334,18.4433,-1.52584,0.486099
0,10,17.5987,16.0961,-1.63907,1.3955
0,10,17.239,17.629,-1.50337,0.918067
0,10,17.1843,17.9081,-1.5136,0.816638
0,10,17.7981,15.4211,-1.98213,1.7811
0,10,17.0038,18.6317,-1.29749,0.421508
0,10,17.2563,17.726,-1.51157,0.904909
0,10,18.0353,18.1417,-1.21394,0.959561
0,10,17.2056,18.4319,-1.30418,0.717374
0,10,17.5595,17.7437,-1.40367,0.928094
0,10,17.6366,17.2216,-1.42878,1.01806
0,10,17.9475,16.4445,-1.4246,1.48782
0,10,17.6769,16.9031,-1.43408,1.193
0,10,17.7927,16.6682,-1.43338,1.32742
0,10,17.5929,17.0265,-1.40704,1.05715
0,10,17.7467,16.4753,-1.48559,1.41648
0,10,17.8,15.9323,-1.71281,1.47731
0,10,17.8122,16.0241,-1.70936,1.47282
0,10,17.8353,16.1127,-1.65845,1.4859
0,10,17.6499,16.6312,-1.59544,1.27338
0,10,17.6795,16.7145,-1.47199,1.23702
0,10,17.7419,16.5879,-1.54158,1.36882
0,10,17.4735,17.347,-1.44359,1.0067
0,10,18.6516,14.9227,-1.91353,2.62009
0,10,18.2558,15.4173,-1.74108,1.96707
0,10,18.709,14.523,-2.08451,2.76893
0,10,17.7136,16.3217,-1.60472,1.46991
0,10,18.6625,14.701,-2.10372,2.74421
0,10,18.0369,15.6544,-1.58188,1.9665
0,10,17.6572,16.5181,-1.5373,1.33799
0,10,17.7321,16.2297,-1.55927,1.48063
0,10,18.8983,14.5972,-2.11364,3.11995
0,10,17.5277,17.1768,-1.43571,1.03252
0,10,18.2482,14.6793,-2.18768,2.33023
0,10,18.5817,15.0627,-1.83988,2.41737
0,10,17.5034,17.0789,-1.43991,1.04785
0,10,19.0918,14.4585,-2.19811,3.62055
0,10,18.3937,15.4766,-1.64244,2.0881
0,10,17.8646,15.7336,-1.81157,1.66142
0,10,18.9649,14.4521,-2.16446,3.31342
0,10,17.9657,15.7042,-1.74106,1.78057
0,10,19.1498,14.4231,-2.06488,3.80485
0,10,20.1246,13.3525,-0.318177,4.51325
0,10,18.6689,15.0053,-1.87105,2.60213
0,10,20.3784,12.3933,-0.0042371,0.719087
0,10,19.9164,14.1608,-1.1938,4.18535
0,10,19.4527,14.4256,-1.71657,4.0709
0,10,18.2834,15.3056,-1.93382,2.0492
0,10,20.2643,13.4654,-0.447719,3.19814
0,10,20.2957,13.5291,-0.29823,3.38797
0,10,20.4062,15.6995,-0.0814938,0.614822
0,10,20.3123,13.887,-0.343759,1.95397
0,10,19.8594,14.6247,-1.09657,3.36673
0,10,20.0174,13.8632,-0.524658,4.5407
0,10,19.3265,14.4564,-1.93243,3.98319
0,10,19.1173,14.672,-2.00444,3.62501
0,10,19.0102,14.642,-2.02926,3.29572
0,10,19.2221,14.3907,-1.98201,3.994
0,10,20.3219,14.4382,-0.136428,1.73337
0,10,20.3987,15.5103,0.0397516,0.711801
0,10,20.2861,14.78,-0.0749234,1.51472
0,10,20.4137,14.3558,-0.194786,0.978929
0,10,20.4019,15.8547,0.0503809,0.470145
0,10,20.0455,18.1758,-0.336809,0.291539
0,10,19.7831,18.1936,-0.474252,0.458942
0,10,19.3778,18.6076,-0.513904,0.51395
0,10,19.0114,19.0597,-0.421921,0.353258
0,10,18.7523,19.4518,-0.189499,0.223003
0,10,18.5476,19.5179,-0.350591,0.250877
0,10,18.3122,19.771,-0.202858,0.235596
0,10,14.864,20.2122,-0.934654,-0.00873408
0,10,15.1821,20.1875,-1.0032,-0.0153761
0,10,14.8944,20.1271,-1.02058,-0.0105431
0,10,14.4684,20.2075,-1.03091,-0.0196912
0,10,14.2446,20.2995,-0.721017,0.0129389
0,10,13.8501,20.1338,-1.06998,-0.0650882
0,10,13.3653,20.3915,-0.660608,-0.0972445
0,10,12.8146,20.3977,-0.337821,-0.118967
0,10,1.22133,18.4323,-0.103245,-0.10673
0,10,10.079,15.5073,-1.70109,-0.82005
0,10,2.27675,16.2378,-0.753502,-0.721849
0,10,11.8045,14.9975,-2.03581,-0.480198
0,10,5.78944,19.4562,-0.745031,-0.033087
0,10,2.88688,16.2298,-0.783097,-0.589896
0,10,3.38726,17.0167,-0.746944,-0.567811
0,10,10.1446,15.4861,-1.7003,-0.814581
0,10,9.98465,15.5129,-1.71228,-0.854338
0,10,2.62277,16.8473,-0.749028,-0.615973
0,10,2.89088,16.7066,-0.757428,-0.615153
0,10,8.94837,15.8504,-1.28201,-0.755101
0,10,11.0017,15.632,-1.79628,-0.631886
0,10,12.4933,14.854,-2.00584,-0.256292
0,10,9.67339,16.1031,-1.35513,-0.76004
0,10,3.44727,17.3658,-0.812209,-0.514047
0,10,10.0485,15.8938,-1.49198,-0.745955
0,10,15.3927,14.7245,-2.10692,0.314172
0,10,14.2514,14.9839,-1.93509,0.116052
0,10,16.5161,14.6496,-2.25025,0.883697
0,10,17.8446,15.2701,-2.12496,1.75962
0,10,17.8717,14.5693,-2.32437,1.93941
0,10,18.1925,14.9171,-2.10047,2.26815
0,10,18.17,14.7472,-2.221,2.21195
0,10,18.0253,15.0007,-2.09071,2.03682
0,10,17.9187,15.6053,-1.7278,1.86381
0,10,17.9181,15.225,-2.05053,1.85851
0,10,17.1994,17.4329,-1.48425,0.93546
0,10,17.7097,18.2112,-1.23985,0.777965
0,10,16.8518,19.128,-1.30097,0.200014
0,10,17.6731,17.8815,-1.38785,0.905115
0,10,17.5828,17.3781,-1.42666,1.00387
0,10,17.8475,16.4698,-1.44339,1.46693
0,10,17.6692,16.8123,-1.50291,1.21023
0,10,17.554,17.2798,-1.43307,1.02126
0,10,17.5199,17.5449,-1.43633,0.979536
0,10,17.4997,17.4457,-1.44426,0.996479
0,10,17.4714,17.8077,-1.43563,0.905409
0,10,17.602,18.2558,-1.27045,0.75015
0,10,17.6855,18.5279,-1.21718,0.705061
0,10,17.6177,18.1591,-1.30872,0.785864
0,10,17.5791,16.9319,-1.46059,1.07847
0,10,17.4538,17.7069,-1.44676,0.938315
0,10,17.5746,16.7504,-1.50118,1.15392
0,10,17.4342,17.6066,-1.46325,0.960872
0,10,17.4492,17.2457,-1.44661,1.01381
0,10,17.3653,17.3046,-1.45216,0.99202
0,10,17.4127,17.5061,-1.46093,0.97905
0,10,17.3481,17.6705,-1.48082,0.9436
0,10,17.3836,17.8673,-1.46597,0.887527
0,10,17.4944,18.6112,-1.23597,0.687828
0,10,17.3891,17.4064,-1.46224,0.989751
0,10,17.3665,17.7693,-1.47668,0.913686
0,10,17.4946,18.9191,-1.14626,0.65364
0,10,17.297,18.1059,-1.44378,0.840025
0,10,17.4037,18.0577,-1.43263,0.852257
0,10,17.1966,18.928,-1.26136,0.686295
0,10,17.4994,18.508,-1.22486,0.702088
0,10,17.4044,18.3461,-1.27855,0.756717
0,10,17.5551,16.8401,-1.53274,1.11356
0,10,17.3946,17.964,-1.45349,0.86649
0,10,17.2843,17.3693,-1.46713,0.971246
0,10,17.4623,16.8905,-1.53928,1.07678
0,10,17.841,16.1997,-1.58308,1.49049
0,10,18.1306,15.5058,-1.79232,1.82405
0,10,17.4801,16.9809,-1.44144,1.06815
0,10,17.621,16.1833,-1.55998,1.41043
0,10,17.6732,16.404,-1.60193,1.43536
0,10,18.1107,15.3884,-1.94983,2.02262
0,10,20.1486,13.6123,-0.582722,4.17746
0,10,17.7247,16.1409,-1.6099,1.45964
0,10,18.6321,14.5564,-2.13529,2.71919
0,10,18.5382,14.9751,-1.97415,2.43703
0,10,18.2337,15.1406,-1.99787,2.2566
0,10,17.9921,18.708,-1.06784,0.742704
0,10,18.9856,14.7171,-2.15743,3.22333
0,10,19.2879,14.3648,-1.91967,4.01043
0,10,19.2624,14.6162,-1.95262,3.6918
0,10,18.7855,15.0085,-1.7943,2.84946
0,10,20.405,14.1369,-0.210514,1.42978
0,10,19.4653,14.3069,-1.72651,4.25963
0,10,18.349,15.3887,-1.79497,2.06616
0,10,20.2458,13.3844,-0.445391,3.66708
0,10,18.1817,15.341,-1.96404,2.10248
0,10,19.9714,18.2434,-0.299426,0.26074
0,10,20.2245,18.005,-0.407874,0.375312
0,10,19.0234,19.1907,-0.210884,0.185886
0,10,19.305,18.9161,-0.338507,0.26788
0,10,18.8238,19.392,-0.198372,0.206705
0,10,20.2513,17.3948,-0.0847796,0.384329
0,10,18.2915,19.5817,-0.372918,0.347479
0,10,16.5583,20.4086,-0.5062,-0.0226089
0,10,15.2508,20.305,-0.784382,-0.0185031
0,10,15.3519,20.303,-0.783556,0.0215297
0,10,15.7686,20.3134,-0.646118,0.053415
0,10,15.0149,20.4028,-0.431975,-0.0225498
0,10,13.954,20.3016,-0.718518,0.0167902
0,10,14.9738,20.2208,-0.920325,-0.0284701
0,10,13.5022,19.8883,-1.57442,-0.01509
0,10,12.9072,20.3918,-0.394095,-0.0582525
0,10,5.05139,16.339,-0.830271,-0.446785
0,10,2.15574,16.3263,-0.760478,-0.731631
0,10,2.68246,16.2276,-0.78772,-0.631646
0,10,0.489349,16.3675,0.0078163,-0.236141
0,10,6.05317,19.0356,-0.917739,-0.195112
0,10,2.16507,19.2698,-0.168584,-0.107959
0,10,11.1593,15.1129,-1.91854,-0.723001
0,10,10.8336,15.2354,-1.78407,-0.824636
0,10,6.06335,16.3124,-0.921972,-0.4736
0,10,10.4183,15.4905,-1.71095,-0.763194
0,10,11.3148,15.1971,-1.91188,-0.641033
0,10,11.0236,15.1853,-1.89192,-0.764518
0,10,12.374,14.8377,-2.01088,-0.285335
0,10,9.86044,15.8494,-1.47161,-0.794615
0,10,7.53531,16.3751,-1.02999,-0.589634
0,10,17.318,14.584,-2.30646,1.50989
0,10,14.4826,14.6443,-2.01176,0.0829204
0,10,14.7715,14.6876,-2.00567,0.186702
0,10,16.9527,14.7858,-2.35055,1.12772
0,10,17.9918,14.9171,-2.18349,2.00903
0,10,17.3667,14.7613,-2.32458,1.59653
0,10,17.8493,14.7256,-2.27006,1.89927
0,10,18.0606,14.8711,-2.139,2.11645
0,10,17.8347,15.1513,-2.1022,1.79634
0,10,17.9593,15.3451,-2.05694,1.85209
0,10,17.568,16.563,-1.61855,1.24733
0,10,17.2038,18.6349,-1.25243,0.710519
0,10,17.5901,18.6759,-1.22457,0.699439
0,10,17.5743,17.8466,-1.40447,0.896658
0,10,18.5372,17.4939,-1.06976,1.11515
0,10,17.6825,18.3171,-1.23717,0.731761
0,10,17.5417,17.645,-1.43293,0.958638
0,10,17.6928,18.4214,-1.18417,0.71289
0,10,16.6563,18.9137,-1.34758,0.312991
0,10,16.8734,19.3126,-1.33732,0.183052
0,10,17.9164,18.3725,-1.19175,0.822521
0,10,17.5927,17.95,-1.39501,0.881181
0,10,17.5975,18.4669,-1.19611,0.707454
0,10,17.5021,18.0087,-1.42669,0.841816
0,10,17.4884,17.9098,-1.43222,0.870268
0,10,17.5063,18.1087,-1.37049,0.817521
0,10,17.5926,18.3657,-1.23105,0.739576
0,10,17.4942,18.7149,-1.22576,0.68496
0,10,15.7695,19.1475,-1.50918,0.292841
0,10,17.7793,18.5991,-1.21899,0.771383
0,10,17.5895,18.7779,-1.20079,0.682766
0,10,17.3974,18.7548,-1.21613,0.689004
0,10,17.3956,18.8575,-1.20539,0.682292
0,10,17.591,18.8786,-1.13009,0.642468
0,10,17.6903,18.8354,-1.11142,0.645426
0,10,17.398,18.6527,-1.24082,0.692701
0,10,18.2079,17.7455,-1.17394,1.0722
0,10,17.7898,18.7963,-1.09176,0.684663
0,10,17.5938,18.9771,-1.07783,0.595945
0,10,17.5077,18.2024,-1.33054,0.784443
0,10,17.2019,19.0232,-1.28517,0.640576
0,10,17.4965,18.4067,-1.24757,0.730455
0,10,17.3979,18.9594,-1.16139,0.657097
0,10,17.2979,18.8968,-1.21644,0.689734
0,10,18.3342,18.3737,-1.03931,0.904429
0,10,18.1074,18.323,-1.15165,0.945175
0,10,18.253,17.8379,-1.14464,1.04098
0,10,17.397,19.0624,-1.12381,0.605335
0,10,18.0783,18.568,-1.08243,0.824867
0,10,17.8743,18.5596,-1.1925,0.79989
0,10,18.5335,17.7312,-1.07143,1.02821
0,10,17.5428,16.6659,-1.61577,1.22189
0,10,17.9829,18.6129,-1.11566,0.781308
0,10,18.2914,17.9321,-1.16787,1.01629
0,10,18.0016,18.8007,-1.0124,0.708523
0,10,20.3938,12.1088,-3.77091e-05,0.873269
0,10,20.4082,12.5515,-0.0155898,0.647211
0,10,19.1659,14.5964,-1.94266,3.69199
0,10,17.7975,18.8909,-1.02233,0.643152
0,10,19.4122,14.3509,-1.83478,4.14956
0,10,18.5548,15.1467,-1.93401,2.37581
0,10,20.2216,13.6736,-0.494048,3.65813
0,10,20.2068,13.9593,-0.1264,3.30653
0,10,20.0579,14.0937,-0.826781,4.15524
0,10,20.4012,15.9532,-0.0273837,0.49672
0,10,20.0875,13.7481,-0.519137,4.29513
0,10,20.41,13.3764,0.00596263,0.929831
0,10,20.4143,17.0414,-0.0223004,0.38214
0,10,20.236,17.2319,-0.0558523,0.371162
0,10,19.3821,18.8426,-0.394276,0.325419
0,10,20.3976,17.7628,-0.0479491,0.334236
0,10,18.9562,19.2573,-0.195222,0.211737
0,10,18.6909,19.5125,-0.233294,0.236483
0,10,18.544,19.3365,-0.464234,0.395833
0,10,18.437,19.7736,-0.158689,0.172732
0,10,18.6333,19.578,-0.246673,0.140304
0,10,18.4053,19.6376,-0.294083,0.248508
0,10,18.1174,19.9593,-0.239039,0.322923
0,10,16.229,20.4028,-0.32807,0.00628456
0,10,15.1546,20.2936,-0.812353,0.00127725
0,10,15.7122,20.4017,-0.316179,0.0411467
0,10,14.5869,20.0917,-1.12439,-0.00198212
0,10,14.518,20.4003,-0.473268,-0.0298255
0,10,13.6455,20.4013,-0.556419,0.170829
0,10,13.2796,20.2829,-0.721171,-0.0909691
0,10,3.37753,16.282,-0.766874,-0.589756
0,10,2.70688,16.5482,-0.774419,-0.615182
0,10,3.88323,16.2877,-0.782582,-0.514516
0,10,2.82661,19.7957,-0.139769,-0.118723
0,10,2.65266,19.7385,-0.180103,-0.137576
0,10,2.23998,19.2179,-0.199197,-0.136942
0,10,0.567042,17.2569,-0.0191708,-0.074432
0,10,2.86029,16.5979,-0.773604,-0.617158
0,10,5.67853,16.3336,-0.905082,-0.49782
0,10,10.6621,15.322,-1.74348,-0.76315
0,10,11.8495,14.95,-2.03662,-0.503104
0,10,13.2935,14.7326,-1.91998,-0.0789015
0,10,6.20552,16.5394,-0.933605,-0.477381
0,10,16.7378,14.5928,-2.26698,0.980218
0,10,15.144,14.7364,-2.052,0.240567
0,10,14.5441,14.7528,-1.99987,0.0784372
0,10,16.2527,14.6,-2.19917,0.673447
0,10,18.1445,14.8242,-2.23656,2.17373
0,10,17.3941,14.5801,-2.26383,1.63506
0,10,17.7145,14.6749,-2.3147,1.83843
0,10,18.2654,14.8284,-2.26377,2.3307
0,10,18.2478,14.5962,-2.21015,2.31602
0,10,17.9501,15.1147,-2.19527,1.92739
0,10,18.0637,15.0934,-2.16227,2.04868
0,10,17.4686,16.5905,-1.62245,1.23376
0,10,17.3003,18.2012,-1.3853,0.8185
0,10,17.1028,18.6786,-1.23614,0.665527
0,10,17.1589,19.1984,-1.14924,0.527149
0,10,17.0983,18.7759,-1.25461,0.644746
0,10,17.2012,18.7344,-1.23382,0.709165
0,10,17.1933,18.0153,-1.48599,0.766248
0,10,16.9982,18.7302,-1.26142,0.351406
0,10,17.998,18.2882,-1.14612,0.922412
0,10,17.5029,18.3022,-1.26495,0.759665
0,10,17.5906,18.5716,-1.23333,0.698335
0,10,17.492,18.8174,-1.20282,0.680183
0,10,16.8458,19.3959,-1.16776,0.241999
0,10,17.2043,18.5346,-1.28956,0.714493
0,10,16.9916,19.0121,-1.30255,0.276822
0,10,16.8817,18.95,-1.30382,0.229461
0,10,18.1235,18.0714,-1.22513,0.984469
0,10,16.5344,18.4852,-1.56836,0.465321
0,10,17.6868,18.7363,-1.19212,0.687014
0,10,17.966,18.5148,-1.13968,0.835225
0,10,16.3839,19.348,-1.39701,0.398585
0,10,16.9741,19.2842,-1.35229,0.192345
0,10,18.5259,17.9747,-1.0919,0.972145
0,10,16.6507,19.2094,-1.38698,0.241989
0,10,18.2859,17.6806,-1.16505,1.0802
0,10,17.7845,18.6986,-1.18158,0.730432
0,10,18.21,18.0027,-1.2093,0.999923
0,10,17.8843,18.6572,-1.15181,0.748596
0,10,18.2726,18.1862,-1.14218,0.957095
0,10,18.0158,18.3845,-1.17987,0.908204
0,10,18.0749,18.224,-1.11845,0.943599
0,10,16.9612,19.6447,-0.889322,0.153602
0,10,16.5213,18.5825,-1.56588,0.437195
0,10,16.7919,18.7049,-1.41465,0.353493
0,10,18.4111,17.7094,-1.10188,1.05713
0,10,18.4524,17.5573,-1.1059,1.10712
0,10,16.414,18.6116,-1.59294,0.449743
0,10,18.1604,18.1583,-1.14838,0.951713
0,10,18.3874,18.2091,-1.09123,0.927156
0,10,18.6616,17.5097,-1.03925,1.05901
0,10,18.0491,18.4693,-1.09114,0.865522
0,10,18.4419,18.0456,-1.1282,0.956466
0,10,17.4932,19.0207,-1.10925,0.609877
0,10,18.4903,17.8852,-1.06837,0.991734
0,10,18.702,17.5944,-1.0219,1.04388
0,10,17.4031,18.1519,-1.39244,0.819735
0,10,18.4088,17.9533,-1.11599,0.972702
0,10,20.4076,15.3473,0.170003,0.635944
0,10,17.9725,15.5299,-1.75531,1.96782
0,10,18.4697,15.0684,-1.88517,2.41438
0,10,20.2474,13.2424,-0.187352,4.68837
0,10,17.3287,17.5713,-1.4823,0.957824
0,10,20.1621,13.7669,-0.508558,4.04647
0,10,20.3257,14.3028,-0.0338979,1.9796
0,10,20.2361,14.4133,-0.280831,2.46375
0,10,18.1644,18.5084,-1.05024,0.864474
0,10,19.6279,14.3575,-1.50322,4.18058
0,10,20.0637,13.5818,-0.57093,4.36973
0,10,19.8861,13.9359,-0.839362,4.52382
0,10,20.1555,13.475,-0.618098,4.10533
0,10,19.4259,18.6815,-0.499895,0.461046
0,10,20.291,14.6779,-0.125166,1.50909
0,10,20.3872,14.0022,-0.0630473,1.47778
0,10,19.5417,18.684,-0.432143,0.450502
0,10,18.3751,19.8473,-0.16681,0.142363
0,10,19.9116,18.107,-0.303483,0.431523
0,10,19.2948,18.6921,-0.56465,0.491847
0,10,20.4043,17.3912,0.0168468,0.379196
0,10,19.5277,18.4306,-0.44812,0.586063
0,10,15.6576,20.3066,-0.703323,0.0672514
0,10,14.3874,20.1159,-1.14226,0.00868945
0,10,15.3162,20.4038,-0.369647,0.0110934
0,10,15.2136,20.3983,-0.393096,0.00334633
0,10,14.3197,20.4005,-0.43152,-0.0240991
0,10,13.9288,20.3962,-0.53154,-0.0430275
0,10,13.2756,20.3974,-0.621897,0.0755199
0,10,3.28445,16.2987,-0.761143,-0.597479
0,10,5.73864,19.5836,-0.690511,-0.0884247
0,10,0.53907,14.2357,1.90539e-06,1.02525
0,10,1.5932,18.6705,-0.109962,-0.136328
0,10,1.93706,16.2311,-0.667503,-0.836419
0,10,2.44395,16.2299,-0.761171,-0.689028
0,10,3.52421,16.2982,-0.770574,-0.552088
0,10,11.9999,14.9505,-2.04913,-0.44597
0,10,12.6365,14.7874,-1.98957,-0.244601
0,10,11.5005,15.1933,-2.00892,-0.62554
0,10,9.77366,15.9118,-1.44032,-0.802033
0,10,14.0952,14.846,-1.94591,0.0593674
0,10,15.9638,14.5823,-2.14212,0.494094
0,10,13.7898,14.7456,-1.91154,0.0120722
0,10,14.6249,14.7283,-2.00078,0.0949283
0,10,15.4749,14.7979,-2.12522,0.34275
0,10,18.105,14.5556,-2.17508,2.19239
0,10,17.1976,14.6302,-2.29437,1.31543
0,10,17.3059,14.6716,-2.33557,1.48992
0,10,18.0231,14.776,-2.2081,2.05109
0,10,18.5707,14.5902,-2.14691,2.60324
0,10,18.1585,15.0549,-2.01201,2.21404
0,10,18.4277,14.9836,-1.94937,2.4212
0,10,17.306,17.4713,-1.47679,0.967645
0,10,17.302,18.4949,-1.28898,0.735377
0,10,17.0924,18.9631,-1.31192,0.62094
0,10,17.4951,19.2148,-0.93926,0.539351
0,10,17.1339,19.3011,-1.06093,0.416853
0,10,17.0567,19.2311,-1.20152,0.502296
0,10,16.9858,18.9202,-1.28786,0.254786
0,10,16.9634,19.0973,-1.24767,0.25639
0,10,16.9892,18.8251,-1.25216,0.303563
0,10,17.1403,19.4203,-0.999753,0.172934
0,10,16.7664,19.5352,-1.0592,0.172007
0,10,17.0924,18.8694,-1.22388,0.621865
0,10,17.1006,19.0575,-1.31202,0.619102
0,10,16.9665,19.3873,-1.18835,0.161724
0,10,16.2054,19.4169,-1.4174,0.213018
0,10,16.9463,19.1914,-1.3007,0.21249
0,10,16.6421,19.4953,-1.1854,0.19731
0,10,16.1229,19.4784,-1.38117,0.238291
0,10,16.6389,19.4003,-1.18336,0.211432
0,10,16.7163,18.5063,-1.52165,0.466853
0,10,16.3323,18.4516,-1.63042,0.501646
0,10,18.7485,17.4453,-0.996988,1.13453
0,10,16.745,19.1654,-1.33528,0.235639
0,10,15.9981,18.8708,-1.44004,0.316937
0,10,16.722,18.393,-1.5173,0.489664
0,10,16.6316,18.3365,-1.56661,0.518166
0,10,16.3686,19.2255,-1.34376,0.408254
0,10,16.0043,19.337,-1.44137,0.270908
0,10,18.6582,17.7507,-1.04265,1.03263
0,10,17.2029,19.513,-0.995256,0.131554
0,10,16.6056,18.6544,-1.52931,0.440525
0,10,16.4548,18.8639,-1.39217,0.38104
0,10,18.6183,17.6652,-1.03868,1.04932
0,10,18.4939,17.644,-1.07353,1.0574
0,10,18.5784,17.5795,-1.04661,1.07095
0,10,18.3293,17.7708,-1.12848,1.0437
0,10,18.3691,17.8626,-1.1237,1.01965
0,10,16.3515,18.8786,-1.37847,0.450653
0,10,16.3773,18.6909,-1.59995,0.417617
0,10,18.245,18.0919,-1.15932,0.959665
0,10,15.8977,18.9242,-1.43133,0.263762
0,10,18.4519,17.7981,-1.09595,1.02924
0,10,15.8746,19.1948,-1.51801,0.261607
0,10,16.3221,19.4406,-1.39098,0.226288
0,10,18.2509,18.4441,-1.04198,0.886804
0,10,18.1863,18.2534,-1.12549,0.960515
0,10,18.1893,18.6042,-1.00634,0.815153
0,10,18.8266,14.6264,-2.20027,2.93473
0,10,18.5767,17.8171,-1.0536,1.00627
0,10,17.8905,18.7523,-1.07981,0.701098
0,10,19.5465,14.4433,-1.65375,4.02239
0,10,18.2127,15.2368,-2.04074,2.18327
0,10,20.1669,14.3833,-0.464215,2.8151
0,10,20.1987,13.2265,-0.192534,4.71386
0,10,20.3556,13.9282,-0.228956,1.75606
0,10,20.2672,14.2595,-0.179074,2.57299
0,10,20.1379,15.0335,-0.122764,1.99269
0,10,20.3463,13.6287,-0.354178,2.4428
0,10,20.0168,18.0993,-0.358345,0.26753
0,10,20.4005,16.1368,-0.0147727,0.511239
0,10,20.3934,15.6023,-0.00989531,0.702635
0,10,20.2845,16.261,-0.0474193,0.818041
0,10,20.3796,17.1414,0.0102174,0.377374
0,10,19.7564,18.4632,-0.257862,0.368632
0,10,19.6135,18.6075,-0.371403,0.461912
0,10,19.4989,18.5958,-0.454676,0.503045
0,10,18.571,19.6543,-0.138577,0.194436
0,10,19.1609,19.0562,-0.249154,0.207287
0,10,16.7912,20.4077,-0.544743,-0.025207
0,10,18.8684,19.1978,-0.376233,0.393945
0,10,18.2372,19.9774,-0.144493,0.223755
0,10,15.8166,20.4019,-0.28004,-0.0162821
0,10,15.1179,20.4005,-0.393491,0.0512584
0,10,15.9184,20.3978,-0.206852,0.0429535
0,10,14.4908,20.11,-1.13043,-0.00322126
0,10,13.4535,20.0772,-1.16915,-0.0188167
0,10,13.4576,20.3956,-0.652838,0.120144
0,10,3.21972,16.2502,-0.771007,-0.596838
0,10,1.55825,18.7725,-0.110857,-0.0975388
0,10,0.500187,17.5433,0.00679026,-0.0394332
0,10,1.15885,18.3661,-0.0945524,-0.105981
0,10,2.48596,19.5726,-0.130656,-0.0841813
0,10,10.3448,15.4067,-1.70689,-0.836115
0,10,12.9318,14.7275,-1.95001,-0.128087
0,10,14.1487,14.6318,-1.96017,0.0471712
0,10,13.2303,14.7111,-1.91746,-0.0694502
0,10,3.6918,17.3027,-0.781858,-0.438349
0,10,14.2469,14.8098,-1.98252,0.0906152
0,10,14.5464,14.6252,-1.99344,0.098438
0,10,14.8776,14.7122,-2.01213,0.170865
0,10,16.9436,14.6252,-2.28054,1.06668
0,10,16.8791,14.7038,-2.29071,1.06304
0,10,16.6476,14.576,-2.27933,0.940996
0,10,17.4625,14.6055,-2.27392,1.66718
0,10,17.4303,14.6909,-2.2998,1.62329
0,10,18.7658,14.5375,-2.12825,2.8038
0,10,18.5305,14.6568,-2.1029,2.641
0,10,18.0062,15.1914,-2.04047,1.95725
0,10,17.944,15.4372,-1.99384,1.88499
0,10,17.2592,17.2671,-1.45364,0.965118
0,10,17.3034,18.5948,-1.2515,0.714537
0,10,17.2965,19.1948,-0.950423,0.466723
0,10,17.1974,19.1217,-1.21771,0.585254
0,10,17.199,18.8327,-1.22324,0.698741
0,10,16.8627,19.4837,-1.0842,0.210876
0,10,17.2234,19.3612,-0.887261,0.299042
0,10,16.7464,19.3513,-1.18084,0.226269
0,10,16.6801,19.5879,-1.06763,0.140153
0,10,16.0983,18.9191,-1.45279,0.35935
0,10,17.059,19.3586,-1.21058,0.27635
0,10,17.0609,19.1358,-1.307,0.550637
0,10,16.9761,19.4705,-1.07625,0.180258
0,10,16.2749,18.6196,-1.66689,0.438614
0,10,16.748,19.266,-1.35897,0.211179
0,10,16.1063,19.3743,-1.43098,0.230226
0,10,16.2812,19.3464,-1.43973,0.221649
0,10,15.9556,19.1386,-1.53381,0.293688
0,10,16.8457,19.225,-1.33987,0.178882
0,10,16.5501,19.248,-1.36859,0.374991
0,10,16.7537,19.0707,-1.32275,0.256838
0,10,16.1707,19.1013,-1.4004,0.295433
0,10,16.1098,19.0221,-1.48963,0.360852
0,10,16.6257,18.5517,-1.54764,0.463366
0,10,16.3216,18.5481,-1.62008,0.478567
0,10,16.6888,18.7221,-1.46125,0.367523
0,10,16.2723,18.7148,-1.55552,0.444678
0,10,16.0229,19.4422,-1.38085,0.279957
0,10,17.8059,18.9827,-0.915932,0.597647
0,10,16.3651,18.7844,-1.46604,0.420078
0,10,16.909,19.562,-0.963841,0.1808
0,10,16.5869,18.7558,-1.48491,0.410986
0,10,16.1667,18.7492,-1.48767,0.450068
0,10,17.4991,19.1182,-0.908407,0.549052
0,10,17.5771,16.4476,-1.63478,1.35439
0,10,18.7126,14.6419,-2.1257,2.80076
0,10,18.5115,14.7916,-2.21275,2.55039
0,10,17.4018,18.5497,-1.24483,0.703894
0,10,17.3042,18.3945,-1.2857,0.762669
0,10,17.2984,19.0974,-1.17961,0.548976
0,10,18.1032,18.7545,-1.01013,0.751155
0,10,18.1149,18.8467,-0.903786,0.702724
0,10,18.0138,18.8928,-0.913636,0.673857
0,10,16.8197,19.6149,-0.974854,0.135323
0,10,18.2056,18.6985,-1.00353,0.770446
0,10,20.4161,13.6428,-0.400938,1.49656
0,10,18.2228,18.346,-1.07355,0.911864
0,10,17.7042,19.0245,-0.924728,0.531891
0,10,17.4201,17.1458,-1.45163,1.01179
0,10,17.6012,19.1664,-0.908469,0.539387
0,10,20.3769,12.068,-4.24609e-05,0.861575
0,10,17.7073,16.0529,-1.69341,1.44144
0,10,17.6164,16.2752,-1.5745,1.4058
0,10,18.8657,14.7136,-2.09601,2.92073
0,10,18.3281,18.0233,-1.14624,0.96819
0,10,20.2218,14.2072,-0.465355,2.73662
0,10,17.302,18.9969,-1.21146,0.635682
0,10,20.3906,14.8251,-0.256115,0.948183
0,10,18.14,18.4127,-1.07761,0.891534
0,10,19.0467,14.938,-1.8765,3.24878
0,10,20.4044,16.6589,0.0257259,0.253341
0,10,20.3949,16.3084,-0.0888261,0.457177
0,10,20.3877,14.7342,-0.224514,0.920576
0,10,19.831,18.3893,-0.276195,0.278352
0,10,19.2314,18.9866,-0.275843,0.238315
0,10,18.8892,19.3235,-0.220156,0.193808
0,10,18.1703,20.0483,-0.206065,0.201437
0,10,17.7702,20.3939,-0.42549,0.167947
0,10,17.6722,20.4037,-0.520817,-0.0213843
0,10,18.2975,19.9129,-0.182714,0.167828
0,10,16.3366,20.4052,-0.37223,-0.0169368
0,10,16.4461,20.4058,-0.430706,-0.0279257
0,10,17.1108,20.4057,-0.431193,0.0215241
0,10,15.5122,20.4001,-0.397415,0.0258285
0,10,14.9438,20.3086,-0.730872,-0.0410109
0,10,14.9108,20.4024,-0.407966,0.000527702
0,10,13.4782,20.1841,-1.05758,0.0665389
0,10,13.7447,20.4005,-0.567784,-0.110546
0,10,2.90498,19.755,-0.160277,-0.125822
0,10,6.44081,18.4003,-0.982112,-0.304141
0,10,1.98875,16.3185,-0.727559,-0.786352
0,10,4.5869,16.3298,-0.791748,-0.46957
0,10,12.6954,14.7835,-1.99714,-0.22878
0,10,14.087,14.6574,-1.9555,0.0246768
0,10,15.6439,14.5647,-2.07391,0.386247
0,10,15.5539,14.584,-2.08641,0.35601
0,10,13.9071,14.8917,-1.95974,0.0455807
0,10,15.4928,14.7065,-2.14156,0.328951
0,10,14.8733,14.5986,-2.05229,0.134669
0,10,14.4342,14.7265,-1.99707,0.0912555
0,10,14.292,14.901,-1.971,0.0902606
0,10,15.223,14.8283,-2.07564,0.305258
0,10,17.6289,14.578,-2.30088,1.76763
0,10,18.4345,14.6654,-2.10517,2.46557
0,10,17.4066,18.2478,-1.32954,0.79099
0,10,18.3803,14.7114,-2.19306,2.4339
0,10,17.9291,15.0261,-2.13916,1.92651
0,10,18.3974,14.8965,-2.146,2.4332
0,10,17.3949,17.0481,-1.45503,1.01245
0,10,17.2727,17.8225,-1.49625,0.886328
0,10,17.6944,18.9313,-1.05024,0.596025
0,10,17.2733,19.443,-0.855124,0.281692
0,10,17.3286,19.3334,-0.875282,0.454916
0,10,17.084,19.4859,-1.04459,0.120228
0,10,16.7414,19.4469,-1.18365,0.212384
0,10,17.4374,19.3484,-0.847136,0.47016
0,10,15.829,18.9872,-1.51519,0.172541
0,10,16.5576,19.1455,-1.36951,0.35599
0,10,16.5333,19.4455,-1.20204,0.280949
0,10,16.2373,19.5107,-1.34368,0.201997
0,10,15.9332,19.0304,-1.55031,0.281275
0,10,16.5322,19.3542,-1.29732,0.321561
0,10,15.8514,19.088,-1.53501,0.230446
0,10,16.2041,18.8815,-1.46022,0.397057
0,10,16.0345,19.0799,-1.54801,0.298792
0,10,16.2807,19.2504,-1.41731,0.259571
0,10,16.178,19.2038,-1.45658,0.232082
0,10,16.1997,18.983,-1.46551,0.368802
0,10,16.4997,18.682,-1.54512,0.409903
0,10,16.4306,18.5152,-1.5996,0.471542
0,10,16.269,19.1469,-1.35485,0.326144
0,10,16.5469,18.9419,-1.37851,0.389724
0,10,18.0936,18.6619,-1.0429,0.783904
0,10,16.5557,19.0365,-1.34512,0.368988
0,10,17.0256,19.5607,-0.942171,0.138827
0,10,17.3,18.7971,-1.21469,0.702336
0,10,17.2431,19.265,-0.965479,0.368757
0,10,18.3844,14.5523,-2.11604,2.47635
0,10,18.3086,14.57,-2.13362,2.4367
0,10,17.5692,14.5932,-2.32713,1.68591
0,10,17.9856,14.63,-2.23907,2.01894
0,10,18.0403,14.5753,-2.22662,2.08109
0,10,17.3376,17.2033,-1.45325,0.987127
0,10,18.121,15.165,-2.06818,2.04455
0,10,17.4008,18.4491,-1.26083,0.736147
0,10,18.3215,15.0035,-1.94786,2.29024
0,10,18.0494,15.4434,-2.0286,1.96195
0,10,17.0711,14.5791,-2.31629,1.20516
0,10,10.397,15.8366,-1.6193,-0.72858
0,10,14.961,14.6221,-2.07658,0.171406
0,10,17.9114,18.9368,-0.906193,0.629471
0,10,18.5842,14.748,-2.08752,2.61463
0,10,17.2927,18.0124,-1.45747,0.857574
0,10,18.318,14.7652,-2.20806,2.36062
0,10,9.47087,15.912,-1.36685,-0.78634
0,10,13.6221,14.9788,-1.93036,0.0198723
0,10,10.4508,15.9788,-1.56664,-0.711995
0,10,18.3582,18.117,-1.14561,0.957268
0,10,18.3024,18.2779,-1.06754,0.924821
0,10,17.2849,17.9176,-1.48005,0.869265
0,10,17.5994,19.0709,-0.95943,0.51885
0,10,4.39021,16.7744,-0.807153,-0.461643
0,10,17.7178,14.5806,-2.29874,1.85144
0,10,14.0298,15.0392,-1.95779,0.0676331
0,10,19.8092,14.0781,-1.2988,4.522
0,10,16.1741,18.6541,-1.64432,0.471086
0,10,20.3895,17.6711,0.00382431,0.363686
0,10,20.3728,12.5203,-0.0193759,0.786712
0,10,20.397,16.8564,0.0372243,0.446002
0,10,20.2765,17.1569,0.114037,0.45025
0,10,20.3037,17.9217,-0.271208,0.336786
0,10,20.271,17.6634,-0.0106263,0.388486
0,10,19.9024,18.3143,-0.276305,0.265141
0,10,19.4636,18.7657,-0.42416,0.409855
0,10,18.4887,19.7098,-0.202729,0.147294
0,10,17.4397,20.4085,-0.426841,-0.0376777
0,10,17.0031,20.4039,-0.477424,0.0436725
0,10,16.4856,20.3212,-0.592119,-0.0723025
0,10,18.3348,19.6882,-0.323548,0.220686
0,10,15.0536,20.3112,-0.689625,0.0392089
0,10,14.839,20.3053,-0.706045,0.0448958
0,10,17.8499,20.3554,-0.379345,0.219186
0,10,16.9329,20.2133,-0.543719,0.020545
0,10,15.6106,20.3979,-0.366794,0.0100381
0,10,15.5528,20.3014,-0.775581,0.0608642
0,10,14.7109,20.3981,-0.487427,0.00221658
0,10,14.6424,20.2925,-0.779801,0.00107411
0,10,14.03,20.404,-0.451537,0.0900293
0,10,2.82003,16.286,-0.796562,-0.618071
0,10,2.65881,16.7656,-0.770964,-0.624761
0,10,3.82059,16.2887,-0.786672,-0.505979
0,10,11.3866,15.0634,-1.98896,-0.701769
0,10,11.9178,14.9397,-2.05637,-0.492256
0,10,10.5041,15.348,-1.74137,-0.808089
0,10,12.9913,14.7378,-1.95125,-0.128903
0,10,14.0064,14.8919,-1.95317,0.0580193
0,10,15.2376,14.7273,-2.09289,0.270536
0,10,14.2984,14.7218,-1.9732,0.0882838
0,10,13.7283,14.8222,-1.9356,0.0154932
0,10,16.2001,14.582,-2.19274,0.653443
0,10,16.5659,14.598,-2.22496,0.894887
0,10,18.4485,14.555,-2.12938,2.50673
0,10,17.7791,15.8419,-1.69202,1.49236
0,10,17.3979,19.1632,-0.925686,0.485037
0,10,18.1325,14.9722,-2.14074,2.19603
0,10,18.429,14.8217,-2.2357,2.42296
0,10,18.9209,14.4749,-2.2019,3.27652
0,10,18.0255,15.3007,-2.02389,1.97372
0,10,17.3,18.6958,-1.23975,0.705797
0,10,16.8746,19.6962,-0.899977,0.0991681
0,10,16.636,19.3082,-1.27704,0.254374
0,10,17.3892,19.2596,-0.933679,0.488194
0,10,16.4674,19.0749,-1.37018,0.364506
0,10,16.2993,18.9472,-1.42964,0.408413
0,10,16.4465,18.9601,-1.38399,0.389924
0,10,16.4545,19.2906,-1.38402,0.401184
0,10,16.37,19.121,-1.34668,0.411104
0,10,15.9892,19.2304,-1.46261,0.264228
0,10,16.0905,19.6521,-1.07697,0.257454
0,10,16.0852,19.266,-1.46186,0.229431
0,10,16.2547,18.8131,-1.39859,0.470081
0,10,16.1084,18.8258,-1.49136,0.340436
0,10,16.2724,19.0515,-1.38428,0.344321
0,10,16.0828,19.1629,-1.46496,0.237636
0,10,16.7058,18.6193,-1.50065,0.415728
0,10,16.1824,19.3072,-1.45594,0.222617
0,10,16.5619,18.8468,-1.39242,0.405049
0,10,16.459,19.1797,-1.35032,0.387432
0,10,16.4727,18.7678,-1.48814,0.387538
0,10,16.0042,18.9653,-1.46606,0.330768
0,10,16.3775,19.0184,-1.37705,0.408006
0,10,18.369,17.6211,-1.13781,1.10635
0,10,18.1455,14.6478,-2.20394,2.14964
0,10,17.9038,14.6683,-2.23765,1.93575
0,10,16.6708,14.6786,-2.29786,0.955693
0,10,16.7809,14.7247,-2.29952,0.98487
0,10,15.1452,14.8648,-2.04509,0.28538
0,10,17.7875,14.6006,-2.26787,1.8687
0,10,14.1649,14.9988,-1.95653,0.0690245
0,10,14.3647,14.7914,-1.98379,0.0935893
0,10,14.7226,14.7752,-2.01409,0.148826
0,10,14.4624,14.8322,-1.96456,0.0960423
0,10,14.0756,14.9588,-1.96689,0.0682817
0,10,5.35295,16.6001,-0.878188,-0.420942
0,10,1.90678,16.5157,-0.726458,-0.78184
0,10,9.72096,15.6051,-1.5561,-0.873035
0,10,14.1789,14.8857,-1.95782,0.106187
0,10,15.4004,14.6105,-2.08886,0.283241
0,10,3.58868,19.8937,-0.298087,-0.0952126
0,10,1.82353,16.9706,-0.622096,-0.669889
0,10,10.4807,15.7443,-1.65942,-0.724731
0,10,10.9398,15.5523,-1.83327,-0.669329
0,10,3.21568,16.3845,-0.749512,-0.602029
0,10,10.6878,15.7097,-1.69195,-0.670333
0,10,10.7492,15.6124,-1.75154,-0.699877
0,10,18.265,15.0578,-2.12067,2.2167
0,10,17.3722,19.4291,-0.725014,0.46383
0,10,20.375,13.5269,0.068751,2.22371
0,10,19.4048,14.6326,-1.77992,3.69209
0,10,19.721,14.1064,-1.33115,4.56769
0,10,17.4557,16.7865,-1.56653,1.09431
0,10,18.6285,14.8461,-2.10543,2.62387
0,10,19.9073,14.0054,-0.912647,4.42602
0,10,18.5207,14.8938,-2.06117,2.44612
0,10,20.3639,15.4356,0.0752396,0.731586
0,10,17.8993,18.8457,-1.0201,0.67055
0,10,18.7795,14.93,-1.91366,2.82941
0,10,1.85889,16.7498,-0.678176,-0.725805
0,10,4.79774,19.6027,-0.544633,-0.135453
0,10,20.3736,14.999,-0.0656675,0.786793
0,10,20.4053,14.2545,0.265163,0.945851
0,10,18.2898,14.9154,-2.12676,2.33138
0,10,20.1373,18.0959,-0.363952,0.314656
0,10,19.0918,19.1239,-0.226881,0.192455
0,10,17.9709,20.0669,-0.322896,0.315315
0,10,17.3279,20.4063,-0.413401,-0.0112998
0,10,16.1219,20.403,-0.309076,-0.00664897
0,10,18.094,20.0983,-0.175739,0.352581
0,10,16.0174,20.3941,-0.231485,-0.0553819
0,10,15.4527,20.298,-0.787329,-0.0386934
0,10,15.0832,20.2141,-0.956545,-0.0156517
0,10,16.6751,20.4092,-0.541028,0.0210518
0,10,15.4146,20.3969,-0.394919,-0.0321163
0,10,14.344,20.3005,-0.745709,-0.0514779
0,10,14.5462,20.3013,-0.758638,-0.0386549
0,10,14.8095,20.4009,-0.439822,0.0355662
0,10,14.6165,20.3998,-0.483559,-0.00438234
0,10,13.4761,20.2852,-0.778877,0.0252976
1,10,0.3,0.3,0,0
1,10,0.3,0.4,0,0
1,10,20.5,0.3,0,0
1,10,20.6,0.3,0,0
1,10,0.5,20.5,0,0
1,10,0.5,20.6,0,0
1,10,0.3,0.5,0,0
1,10,0.4,0.5,0,0
1,10,0.4,0.3,0,0
1,10,0.4,0.4,0,0
1,10,20.5,0.4,0,0
1,10,20.6,0.4,0,0
1,10,0.6,20.5,0,0
1,10,0.6,20.6,0,0
1,10,0.3,0.6,0,0
1,10,0.4,0.6,0,0
1,10,0.5,0.3,0,0
1,10,0.5,0.4,0,0
1,10,20.5,0.5,0,0
1,10,20.6,0.5,0,0
1,10,0.7,20.5,0,0
1,10,0.7,20.6,0,0
1,10,0.3,0.7,0,0
1,10,0.4,0.7,0,0
1,10,0.6,0.3,0,0
1,10,0.6,0.4,0,0
1,10,20.5,0.6,0,0
1,10,20.6,0.6,0,0
1,10,0.8,20.5,0,0
1,10,0.8,20.6,0,0
1,10,0.3,0.8,0,0
1,10,0.4,0.8,0,0
1,10,0.7,0.3,0,0
1,10,0.7,0.4,0,0
1,10,20.5,0.7,0,0
1,10,20.6,0.7,0,0
1,10,0.9,20.5,0,0
1,10,0.9,20.6,0,0
1,10,0.3,0.9,0,0
1,10,0.4,0.9,0,0
1,10,0.8,0.3,0,0
1,10,0.8,0.4,0,0
1,10,20.5,0.8,0,0
1,10,20.6,0.8,0,0
1,10,1,20.5,0,0
1,10,1,20.6,0,0
1,10,0.3,1,0,0
1,10,0.4,1,0,0
1,10,0.9,0.3,0,0
1,10,0.9,0.4,0,0
1,10,20.5,0.9,0,0
1,10,20.6,0.9,0,0
1,10,1.1,20.5,0,0
1,10,1.1,20.6,0,0
1,10,0.3,1.1,0,0
1,10,0.4,1.1,0,0
1,10,1,0.3,0,0
1,10,1,0.4,0,0
1,10,20.5,1,0,0
1,10,20.6,1,0,0
1,10,1.2,20.5,0,0
1,10,1.2,20.6,0,0
1,10,0.3,1.2,0,0
1,10,0.4,1.2,0,0
1,10,1.1,0.3,0,0
1,10,1.1,0.4,0,0
1,10,20.5,1.1,0,0
1,10,20.6,1.1,0,0
1,10,1.3,20.5,0,0
1,10,1.3,20.6,0,0
1,10,0.3,1.3,0,0
1,10,0.4,1.3,0,0
1,10,1.2,0.3,0,0
1,10,1.2,0.4,0,0
1,10,20.5,1.2,0,0
1,10,20.6,1.2,0,0
1,10,1.4,20.5,0,0
1,10,1.4,20.6,0,0
1,10,0.3,1.4,0,0
1,10,0.4,1.4,0,0
1,10,1.3,0.3,0,0
1,10,1.3,0.4,0,0
1,10,20.5,1.3,0,0
1,10,20.6,1.3,0,0
1,10,1.5,20.5,0,0
1,10,1.5,20.6,0,0
1,10,0.3,1.5,0,0
1,10,0.4,1.5,0,0
1,10,1.4,0.3,0,0
1,10,1.4,0.4,0,0
1,10,20.5,1.4,0,0
1,10,20.6,1.4,0,0
1,10,1.6,20.5,0,0
1,10,1.6,20.6,0,0
1,10,0.3,1.6,0,0
1,10,0.4,1.6,0,0
1,10,1.5,0.3,0,0
1,10,1.5,0.4,0,0
1,10,20.5,1.5,0,0
1,10,20.6,1.5,0,0
1,10,1.7,20.5,0,0
1,10,1.7,20.6,0,0
1,10,0.3,1.7,0,0
1,10,0.4,1.7,0,0
1,10,1.6,0.3,0,0
1,10,1.6,0.4,0,0
1,10,20.5,1.6,0,0
1,10,20.6,1.6,0,0
1,10,1.8,20.5,0,0
1,10,1.8,20.6,0,0
1,10,0.3,1.8,0,0
1,10,0.4,1.8,0,0
1,10,1.7,0.3,0,0
1,10,1.7,0.4,0,0
1,10,20.5,1.7,0,0
1,10,20.6,1.7,0,0
1,10,1.9,20.5,0,0
1,10,1.9,20.6,0,0
1,10,0.3,1.9,0,0
1,10,0.4,1.9,0,0
1,10,1.8,0.3,0,0
1,10,1.8,0.4,0,0
1,10,20.5,1.8,0,0
1,10,20.6,1.8,0,0
1,10,2,20.5,0,0
1,10,2,20.6,0,0
1,10,0.3,2,0,0
1,10,0.4,2,0,0
1,10,1.9,0.3,0,0
1,10,1.9,0.4,0,0
1,10,20.5,1.9,0,0
1,10,20.6,1.9,0,0
1,10,2.1,20.5,0,0
1,10,2.1,20.6,0,0
1,10,0.3,2.1,0,0
1,10,0.4,2.1,0,0
1,10,2,0.3,0,0
1,10,2,0.4,0,0
1,10,20.5,2,0,0
1,10,20.6,2,0,0
1,10,2.2,20.5,0,0
1,10,2.2,20.6,0,0
1,10,0.3,2.2,0,0
1,10,0.4,2.2,0,0
1,10,2.1,0.3,0,0
1,10,2.1,0.4,0,0
1,10,20.5,2.1,0,0
1,10,20.6,2.1,0,0
1,10,2.3,20.5,0,0
1,10,2.3,20.6,0,0
1,10,0.3,2.3,0,0
1,10,0.4,2.3,0,0
1,10,2.2,0.3,0,0
1,10,2.2,0.4,0,0
1,10,20.5,2.2,0,0
1,10,20.6,2.2,0,0
1,10,2.4,20.5,0,0
1,10,2.4,20.6,0,0
1,10,0.3,2.4,0,0
1,10,0.4,2.4,0,0
1,10,2.3,0.3,0,0
1,10,2.3,0.4,0,0
1,10,20.5,2.3,0,0
1,10,20.6,2.3,0,0
1,10,2.5,20.5,0,0
1,10,2.5,20.6,0,0
1,10,0.3,2.5,0,0
1,10,0.4,2.5,0,0
1,10,2.4,0.3,0,0
1,10,2.4,0.4,0,0
1,10,20.5,2.4,0,0
1,10,20.6,2.4,0,0
1,10,2.6,20.5,0,0
1,10,2.6,20.6,0,0
1,10,0.3,2.6,0,0
1,10,0.4,2.6,0,0
1,10,2.5,0.3,0,0
1,10,2.5,0.4,0,0
1,10,20.5,2.5,0,0
1,10,20.6,2.5,0,0
1,10,2.7,20.5,0,0
1,10,2.7,20.6,0,0
1,10,0.3,2.7,0,0
1,10,0.4,2.7,0,0
1,10,2.6,0.3,0,0
1,10,2.6,0.4,0,0
1,10,20.5,2.6,0,0
1,10,20.6,2.6,0,0
1,10,2.8,20.5,0,0
1,10,2.8,20.6,0,0
1,10,0.3,2.8,0,0
1,10,0.4,2.8,0,0
1,10,2.7,0.3,0,0
1,10,2.7,0.4,0,0
1,10,20.5,2.7,0,0
1,10,20.6,2.7,0,0
1,10,2.9,20.5,0,0
1,10,2.9,20.6,0,0
1,10,0.3,2.9,0,0
1,10,0.4,2.9,0,0
1,10,2.8,0.3,0,0
1,10,2.8,0.4,0,0
1,10,20.5,2.8,0,0
1,10,20.6,2.8,0,0
1,10,3,20.5,0,0
1,10,3,20.6,0,0
1,10,0.3,3,0,0
1,10,0.4,3,0,0
1,10,2.9,0.3,0,0
1,10,2.9,0.4,0,0
1,10,20.5,2.9,0,0
1,10,20.6,2.9,0,0
1,10,3.1,20.5,0,0
1,10,3.1,20.6,0,0
1,10,0.3,3.1,0,0
1,10,0.4,3.1,0,0
1,10,3,0.3,0,0
1,10,3,0.4,0,0
1,10,20.5,3,0,0
1,10,20.6,3,0,0
1,10,3.2,20.5,0,0
1,10,3.2,20.6,0,0
1,10,0.3,3.2,0,0
1,10,0.4,3.2,0,0
1,10,3.1,0.3,0,0
1,10,3.1,0.4,0,0
1,10,20.5,3.1,0,0
1,10,20.6,3.1,0,0
1,10,3.3,20.5,0,0
1,10,3.3,20.6,0,0
1,10,0.3,3.3,0,0
1,10,0.4,3.3,0,0
1,10,3.2,0.3,0,0
1,10,3.2,0.4,0,0
1,10,20.5,3.2,0,0
1,10,20.6,3.2,0,0
1,10,3.4,20.5,0,0
1,10,3.4,20.6,0,0
1,10,0.3,3.4,0,0
1,10,0.4,3.4,0,0
1,10,3.3,0.3,0,0
1,10,3.3,0.4,0,0
1,10,20.5,3.3,0,0
1,10,20.6,3.3,0,0
1,10,3.5,20.5,0,0
1,10,3.5,20.6,0,0
1,10,0.3,3.5,0,0
1,10,0.4,3.5,0,0
1,10,3.4,0.3,0,0
1,10,3.4,0.4,0,0
1,10,20.5,3.4,0,0
1,10,20.6,3.4,0,0
1,10,3.6,20.5,0,0
1,10,3.6,20.6,0,0
1,10,0.3,3.6,0,0
1,10,0.4,3.6,0,0
1,10,3.5,0.3,0,0
1,10,3.5,0.4,0,0
1,10,20.5,3.5,0,0
1,10,20.6,3.5,0,0
1,10,3.7,20.5,0,0
1,10,3.7,20.6,0,0
1,10,0.3,3.7,0,0
1,10,0.4,3.7,0,0
1,10,3.6,0.3,0,0
1,10,3.6,0.4,0,0
1,10,20.5,3.6,0,0
1,10,20.6,3.6,0,0
1,10,3.8,20.5,0,0
1,10,3.8,20.6,0,0
1,10,0.3,3.8,0,0
1,10,0.4,3.8,0,0
1,10,3.7,0.3,0,0
1,10,3.7,0.4,0,0
1,10,20.5,3.7,0,0
1,10,20.6,3.7,0,0
1,10,3.9,20.5,0,0
1,10,3.9,20.6,0,0
1,10,0.3,3.9,0,0
1,10,0.4,3.9,0,0
1,10,3.8,0.3,0,0
1,10,3.8,0.4,0,0
1,10,20.5,3.8,0,0
1,10,20.6,3.8,0,0
1,10,4,20.5,0,0
1,10,4,20.6,0,0
1,10,0.3,4,0,0
1,10,0.4,4,0,0
1,10,3.9,0.3,0,0
1,10,3.9,0.4,0,0
1,10,20.5,3.9,0,0
1,10,20.6,3.9,0,0
1,10,4.1,20.5,0,0
1,10,4.1,20.6,0,0
1,10,0.3,4.1,0,0
1,10,0.4,4.1,0,0
1,10,4,0.3,0,0
1,10,4,0.4,0,0
1,10,20.5,4,0,0
1,10,20.6,4,0,0
1,10,4.2,20.5,0,0
1,10,4.2,20.6,0,0
1,10,0.3,4.2,0,0
1,10,0.4,4.2,0,0
1,10,4.1,0.3,0,0
1,10,4.1,0.4,0,0
1,10,20.5,4.1,0,0
1,10,20.6,4.1,0,0
1,10,4.3,20.5,0,0
1,10,4.3,20.6,0,0
1,10,0.3,4.3,0,0
1,10,0.4,4.3,0,0
1,10,4.2,0.3,0,0
1,10,4.2,0.4,0,0
1,10,20.5,4.2,0,0
1,10,20.6,4.2,0,0
1,10,4.4,20.5,0,0
1,10,4.4,20.6,0,0
1,10,0.3,4.4,0,0
1,10,0.4,4.4,0,0
1,10,4.3,0.3,0,0
1,10,4.3,0.4,0,0
1,10,20.5,4.3,0,0
1,10,20.6,4.3,0,0
1,10,4.5,20.5,0,0
1,10,4.5,20.6,0,0
1,10,0.3,4.5,0,0
1,10,0.4,4.5,0,0
1,10,4.4,0.3,0,0
1,10,4.4,0.4,0,0
1,10,20.5,4.4,0,0
1,10,20.6,4.4,0,0
1,10,4.6,20.5,0,0
1,10,4.6,20.6,0,0
1,10,0.3,4.6,0,0
1,10,0.4,4.6,0,0
1,10,4.5,0.3,0,0
1,10,4.5,0.4,0,0
1,10,20.5,4.5,0,0
1,10,20.6,4.5,0,0
1,10,4.7,20.5,0,0
1,10,4.7,20.6,0,0
1,10,0.3,4.7,0,0
1,10,0.4,4.7,0,0
1,10,4.6,0.3,0,0
1,10,4.6,0.4,0,0
1,10,20.5,4.6,0,0
1,10,20.6,4.6,0,0
1,10,4.8,20.5,0,0
1,10,4.8,20.6,0,0
1,10,0.3,4.8,0,0
1,10,0.4,4.8,0,0
1,10,4.7,0.3,0,0
1,10,4.7,0.4,0,0
1,10,20.5,4.7,0,0
1,10,20.6,4.7,0,0
1,10,4.9,20.5,0,0
1,10,4.9,20.6,0,0
1,10,0.3,4.9,0,0
1,10,0.4,4.9,0,0
1,10,4.8,0.3,0,0
1,10,4.8,0.4,0,0
1,10,20.5,4.8,0,0
1,10,20.6,4.8,0,0
1,10,5,20.5,0,0
1,10,5,20.6,0,0
1,10,0.3,5,0,0
1,10,0.4,5,0,0
1,10,4.9,0.3,0,0
1,10,4.9,0.4,0,0
1,10,20.5,4.9,0,0
1,10,20.6,4.9,0,0
1,10,5.1,20.5,0,0
1,10,5.1,20.6,0,0
1,10,0.3,5.1,0,0
1,10,0.4,5.1,0,0
1,10,5,0.3,0,0
1,10,5,0.4,0,0
1,10,20.5,5,0,0
1,10,20.6,5,0,0
1,10,5.2,20.5,0,0
1,10,5.2,20.6,0,0
1,10,0.3,5.2,0,0
1,10,0.4,5.2,0,0
1,10,5.1,0.3,0,0
1,10,5.1,0.4,0,0
1,10,20.5,5.1,0,0
1,10,20.6,5.1,0,0
1,10,5.3,20.5,0,0
1,10,5.3,20.6,0,0
1,10,0.3,5.3,0,0
1,10,0.4,5.3,0,0
1,10,5.2,0.3,0,0
1,10,5.2,0.4,0,0
1,10,20.5,5.2,0,0
1,10,20.6,5.2,0,0
1,10,5.4,20.5,0,0
1,10,5.4,20.6,0,0
1,10,0.3,5.4,0,0
1,10,0.4,5.4,0,0
1,10,5.3,0.3,0,0
1,10,5.3,0.4,0,0
1,10,20.5,5.3,0,0
1,10,20.6,5.3,0,0
1,10,5.5,20.5,0,0
1,10,5.5,20.6,0,0
1,10,0.3,5.5,0,0
1,10,0.4,5.5,0,0
1,10,5.4,0.3,0,0
1,10,5.4,0.4,0,0
1,10,20.5,5.4,0,0
1,10,20.6,5.4,0,0
1,10,5.6,20.5,0,0
1,10,5.6,20.6,0,0
1,10,0.3,5.6,0,0
1,10,0.4,5.6,0,0
1,10,5.5,0.3,0,0
1,10,5.5,0.4,0,0
1,10,20.5,5.5,0,0
1,10,20.6,5.5,0,0
1,10,5.7,20.5,0,0
1,10,5.7,20.6,0,0
1,10,0.3,5.7,0,0
1,10,0.4,5.7,0,0
1,10,5.6,0.3,0,0
1,10,5.6,0.4,0,0
1,10,20.5,5.6,0,0
1,10,20.6,5.6,0,0
1,10,5.8,20.5,0,0
1,10,5.8,20.6,0,0
1,10,0.3,5.8,0,0
1,10,0.4,5.8,0,0
1,10,5.7,0.3,0,0
1,10,5.7,0.4,0,0
1,10,20.5,5.7,0,0
1,10,20.6,5.7,0,0
1,10,5.9,20.5,0,0
1,10,5.9,20.6,0,0
1,10,0.3,5.9,0,0
1,10,0.4,5.9,0,0
1,10,5.8,0.3,0,0
1,10,5.8,0.4,0,0
1,10,20.5,5.8,0,0
1,10,20.6,5.8,0,0
1,10,6,20.5,0,0
1,10,6,20.6,0,0
1,10,0.3,6,0,0
1,10,0.4,6,0,0
1,10,5.9,0.3,0,0
1,10,5.9,0.4,0,0
1,10,20.5,5.9,0,0
1,10,20.6,5.9,0,0
1,10,6.1,20.5,0,0
1,10,6.1,20.6,0,0
1,10,0.3,6.1,0,0
1,10,0.4,6.1,0,0
1,10,6,0.3,0,0
1,10,6,0.4,0,0
1,10,20.5,6,0,0
1,10,20.6,6,0,0
1,10,6.2,20.5,0,0
1,10,6.2,20.6,0,0
1,10,0.3,6.2,0,0
1,10,0.4,6.2,0,0
1,10,6.1,0.3,0,0
1,10,6.1,0.4,0,0
1,10,20.5,6.1,0,0
1,10,20.6,6.1,0,0
1,10,6.3,20.5,0,0
1,10,6.3,20.6,0,0
1,10,0.3,6.3,0,0
1,10,0.4,6.3,0,0
1,10,6.2,0.3,0,0
1,10,6.2,0.4,0,0
1,10,20.5,6.2,0,0
1,10,20.6,6.2,0,0
1,10,6.4,20.5,0,0
1,10,6.4,20.6,0,0
1,10,0.3,6.4,0,0
1,10,0.4,6.4,0,0
1,10,6.3,0.3,0,0
1,10,6.3,0.4,0,0
1,10,20.5,6.3,0,0
1,10,20.6,6.3,0,0
1,10,6.5,20.5,0,0
1,10,6.5,20.6,0,0
1,10,0.3,6.5,0,0
1,10,0.4,6.5,0,0
1,10,6.4,0.3,0,0
1,10,6.4,0.4,0,0
1,10,20.5,6.4,0,0
1,10,20.6,6.4,0,0
1,10,6.6,20.5,0,0
1,10,6.6,20.6,0,0
1,10,0.3,6.6,0,0
1,10,0.4,6.6,0,0
1,10,6.5,0.3,0,0
1,10,6.5,0.4,0,0
1,10,20.5,6.5,0,0
1,10,20.6,6.5,0,0
1,10,6.7,20.5,0,0
1,10,6.7,20.6,0,0
1,10,0.3,6.7,0,0
1,10,0.4,6.7,0,0
1,10,6.6,0.3,0,0
1,10,6.6,0.4,0,0
1,10,20.5,6.6,0,0
1,10,20.6,6.6,0,0
1,10,6.8,20.5,0,0
1,10,6.8,20.6,0,0
1,10,0.3,6.8,0,0
1,10,0.4,6.8,0,0
1,10,6.7,0.3,0,0
1,10,6.7,0.4,0,0
1,10,20.5,6.7,0,0
1,10,20.6,6.7,0,0
1,10,6.9,20.5,0,0
1,10,6.9,20.6,0,0
1,10,0.3,6.9,0,0
1,10,0.4,6.9,0,0
1,10,6.8,0.3,0,0
1,10,6.8,0.4,0,0
1,10,20.5,6.8,0,0
1,10,20.6,6.8,0,0
1,10,7,20.5,0,0
1,10,7,20.6,0,0
1,10,0.3,7,0,0
1,10,0.4,7,0,0
1,10,6.9,0.3,0,0
1,10,6.9,0.4,0,0
1,10,20.5,6.9,0,0
1,10,20.6,6.9,0,0
1,10,7.1,20.5,0,0
1,10,7.1,20.6,0,0
1,10,0.3,7.1,0,0
1,10,0.4,7.1,0,0
1,10,7,0.3,0,0
1,10,7,0.4,0,0
1,10,20.5,7,0,0
1,10,20.6,7,0,0
1,10,7.2,20.5,0,0
1,10,7.2,20.6,0,0
1,10,0.3,7.2,0,0
1,10,0.4,7.2,0,0
1,10,7.1,0.3,0,0
1,10,7.1,0.4,0,0
1,10,20.5,7.1,0,0
1,10,20.6,7.1,0,0
1,10,7.3,20.5,0,0
1,10,7.3,20.6,0,0
1,10,0.3,7.3,0,0
1,10,0.4,7.3,0,0
1,10,7.2,0.3,0,0
1,10,7.2,0.4,0,0
1,10,20.5,7.2,0,0
1,10,20.6,7.2,0,0
1,10,7.4,20.5,0,0
1,10,7.4,20.6,0,0
1,10,0.3,7.4,0,0
1,10,0.4,7.4,0,0
1,10,7.3,0.3,0,0
1,10,7.3,0.4,0,0
1,10,20.5,7.3,0,0
1,10,20.6,7.3,0,0
1,10,7.5,20.5,0,0
1,10,7.5,20.6,0,0
1,10,0.3,7.5,0,0
1,10,0.4,7.5,0,0
1,10,7.4,0.3,0,0
1,10,7.4,0.4,0,0
1,10,20.5,7.4,0,0
1,10,20.6,7.4,0,0
1,10,7.6,20.5,0,0
1,10,7.6,20.6,0,0
1,10,0.3,7.6,0,0
1,10,0.4,7.6,0,0
1,10,7.5,0.3,0,0
1,10,7.5,0.4,0,0
1,10,20.5,7.5,0,0
1,10,20.6,7.5,0,0
1,10,7.7,20.5,0,0
1,10,7.7,20.6,0,0
1,10,0.3,7.7,0,0
1,10,0.4,7.7,0,0
1,10,7.6,0.3,0,0
1,10,7.6,0.4,0,0
1,10,20.5,7.6,0,0
1,10,20.6,7.6,0,0
1,10,7.8,20.5,0,0
1,10,7.8,20.6,0,0
1,10,0.3,7.8,0,0
1,10,0.4,7.8,0,0
1,10,7.7,0.3,0,0
1,10,7.7,0.4,0,0
1,10,20.5,7.7,0,0
1,10,20.6,7.7,0,0
1,10,7.9,20.5,0,0
1,10,7.9,20.6,0,0
1,10,0.3,7.9,0,0
1,10,0.4,7.9,0,0
1,10,7.8,0.3,0,0
1,10,7.8,0.4,0,0
1,10,20.5,7.8,0,0
1,10,20.6,7.8,0,0
1,10,8,20.5,0,0
1,10,8,20.6,0,0
1,10,0.3,8,0,0
1,10,0.4,8,0,0
1,10,7.9,0.3,0,0
1,10,7.9,0.4,0,0
1,10,20.5,7.9,0,0
1,10,20.6,7.9,0,0
1,10,8.1,20.5,0,0
1,10,8.1,20.6,0,0
1,10,0.3,8.1,0,0
1,10,0.4,8.1,0,0
1,10,8,0.3,0,0
1,10,8,0.4,0,0
1,10,20.5,8,0,0
1,10,20.6,8,0,0
1,10,8.2,20.5,0,0
1,10,8.2,20.6,0,0
1,10,0.3,8.2,0,0
1,10,0.4,8.2,0,0
1,10,8.1,0.3,0,0
1,10,8.1,0.4,0,0
1,10,20.5,8.1,0,0
1,10,20.6,8.1,0,0
1,10,8.3,20.5,0,0
1,10,8.3,20.6,0,0
1,10,0.3,8.3,0,0
1,10,0.4,8.3,0,0
1,10,8.2,0.3,0,0
1,10,8.2,0.4,0,0
1,10,20.5,8.2,0,0
1,10,20.6,8.2,0,0
1,10,8.4,20.5,0,0
1,10,8.4,20.6,0,0
1,10,0.3,8.4,0,0
1,10,0.4,8.4,0,0
1,10,8.3,0.3,0,0
1,10,8.3,0.4,0,0
1,10,20.5,8.3,0,0
1,10,20.6,8.3,0,0
1,10,8.5,20.5,0,0
1,10,8.5,20.6,0,0
1,10,0.3,8.5,0,0
1,10,0.4,8.5,0,0
1,10,8.4,0.3,0,0
1,10,8.4,0.4,0,0
1,10,20.5,8.4,0,0
1,10,20.6,8.4,0,0
1,10,8.6,20.5,0,0
1,10,8.6,20.6,0,0
1,10,0.3,8.6,0,0
1,10,0.4,8.6,0,0
1,10,8.5,0.3,0,0
1,10,8.5,0.4,0,0
1,10,20.5,8.5,0,0
1,10,20.6,8.5,0,0
1,10,8.7,20.5,0,0
1,10,8.7,20.6,0,0
1,10,0.3,8.7,0,0
1,10,0.4,8.7,0,0
1,10,8.6,0.3,0,0
1,10,8.6,0.4,0,0
1,10,20.5,8.6,0,0
1,10,20.6,8.6,0,0
1,10,8.8,20.5,0,0
1,10,8.8,20.6,0,0
1,10,0.3,8.8,0,0
1,10,0.4,8.8,0,0
1,10,8.7,0.3,0,0
1,10,8.7,0.4,0,0
1,10,20.5,8.7,0,0
1,10,20.6,8.7,0,0
1,10,8.9,20.5,0,0
1,10,8.9,20.6,0,0
1,10,0.3,8.9,0,0
1,10,0.4,8.9,0,0
1,10,8.8,0.3,0,0
1,10,8.8,0.4,0,0
1,10,20.5,8.8,0,0
1,10,20.6,8.8,0,0
1,10,9,20.5,0,0
1,10,9,20.6,0,0
1,10,0.3,9,0,0
1,10,0.4,9,0,0
1,10,8.9,0.3,0,0
1,10,8.9,0.4,0,0
1,10,20.5,8.9,0,0
1,10,20.6,8.9,0,0
1,10,9.1,20.5,0,0
1,10,9.1,20.6,0,0
1,10,0.3,9.1,0,0
1,10,0.4,9.1,0,0
1,10,9,0.3,0,0
1,10,9,0.4,0,0
1,10,20.5,9,0,0
1,10,20.6,9,0,0
1,10,9.2,20.5,0,0
1,10,9.2,20.6,0,0
1,10,0.3,9.2,0,0
1,10,0.4,9.2,0,0
1,10,9.1,0.3,0,0
1,10,9.1,0.4,0,0
1,10,20.5,9.1,0,0
1,10,20.6,9.1,0,0
1,10,9.3,20.5,0,0
1,10,9.3,20.6,0,0
1,10,0.3,9.3,0,0
1,10,0.4,9.3,0,0
1,10,9.2,0.3,0,0
1,10,9.2,0.4,0,0
1,10,20.5,9.2,0,0
1,10,20.6,9.2,0,0
1,10,9.4,20.5,0,0
1,10,9.4,20.6,0,0
1,10,0.3,9.4,0,0
1,10,0.4,9.4,0,0
1,10,9.3,0.3,0,0
1,10,9.3,0.4,0,0
1,10,20.5,9.3,0,0
1,10,20.6,9.3,0,0
1,10,9.5,20.5,0,0
1,10,9.5,20.6,0,0
1,10,0.3,9.5,0,0
1,10,0.4,9.5,0,0
1,10,9.4,0.3,0,0
1,10,9.4,0.4,0,0
1,10,20.5,9.4,0,0
1,10,20.6,9.4,0,0
1,10,9.6,20.5,0,0
1,10,9.6,20.6,0,0
1,10,0.3,9.6,0,0
1,10,0.4,9.6,0,0
1,10,9.5,0.3,0,0
1,10,9.5,0.4,0,0
1,10,20.5,9.5,0,0
1,10,20.6,9.5,0,0
1,10,9.7,20.5,0,0
1,10,9.7,20.6,0,0
1,10,0.3,9.7,0,0
1,10,0.4,9.7,0,0
1,10,9.6,0.3,0,0
1,10,9.6,0.4,0,0
1,10,20.5,9.6,0,0
1,10,20.6,9.6,0,0
1,10,9.8,20.5,0,0
1,10,9.8,20.6,0,0
1,10,0.3,9.8,0,0
1,10,0.4,9.8,0,0
1,10,9.7,0.3,0,0
1,10,9.7,0.4,0,0
1,10,20.5,9.7,0,0
1,10,20.6,9.7,0,0
1,10,9.9,20.5,0,0
1,10,9.9,20.6,0,0
1,10,0.3,9.9,0,0
1,10,0.4,9.9,0,0
1,10,9.8,0.3,0,0
1,10,9.8,0.4,0,0
1,10,20.5,9.8,0,0
1,10,20.6,9.8,0,0
1,10,10,20.5,0,0
1,10,10,20.6,0,0
1,10,0.3,10,0,0
1,10,0.4,10,0,0
1,10,9.9,0.3,0,0
1,10,9.9,0.4,0,0
1,10,20.5,9.9,0,0
1,10,20.6,9.9,0,0
1,10,10.1,20.5,0,0
1,10,10.1,20.6,0,0
1,10,0.3,10.1,0,0
1,10,0.4,10.1,0,0
1,10,10,0.3,0,0
1,10,10,0.4,0,0
1,10,20.5,10,0,0
1,10,20.6,10,0,0
1,10,10.2,20.5,0,0
1,10,10.2,20.6,0,0
1,10,0.3,10.2,0,0
1,10,0.4,10.2,0,0
1,10,10.1,0.3,0,0
1,10,10.1,0.4,0,0
1,10,20.5,10.1,0,0
1,10,20.6,10.1,0,0
1,10,10.3,20.5,0,0
1,10,10.3,20.6,0,0
1,10,0.3,10.3,0,0
1,10,0.4,10.3,0,0
1,10,10.2,0.3,0,0
1,10,10.2,0.4,0,0
1,10,20.5,10.2,0,0
1,10,20.6,10.2,0,0
1,10,10.4,20.5,0,0
1,10,10.4,20.6,0,0
1,10,0.3,10.4,0,0
1,10,0.4,10.4,0,0
1,10,10.3,0.3,0,0
1,10,10.3,0.4,0,0
1,10,20.5,10.3,0,0
1,10,20.6,10.3,0,0
1,10,10.5,20.5,0,0
1,10,10.5,20.6,0,0
1,10,0.3,10.5,0,0
1,10,0.4,10.5,0,0
1,10,10.4,0.3,0,0
1,10,10.4,0.4,0,0
1,10,20.5,10.4,0,0
1,10,20.6,10.4,0,0
1,10,10.6,20.5,0,0
1,10,10.6,20.6,0,0
1,10,0.3,10.6,0,0
1,10,0.4,10.6,0,0
1,10,10.5,0.3,0,0
1,10,10.5,0.4,0,0
1,10,20.5,10.5,0,0
1,10,20.6,10.5,0,0
1,10,10.7,20.5,0,0
1,10,10.7,20.6,0,0
1,10,0.3,10.7,0,0
1,10,0.4,10.7,0,0
1,10,10.6,0.3,0,0
1,10,10.6,0.4,0,0
1,10,20.5,10.6,0,0
1,10,20.6,10.6,0,0
1,10,10.8,20.5,0,0
1,10,10.8,20.6,0,0
1,10,0.3,10.8,0,0
1,10,0.4,10.8,0,0
1,10,10.7,0.3,0,0
1,10,10.7,0.4,0,0
1,10,20.5,10.7,0,0
1,10,20.6,10.7,0,0
1,10,10.9,20.5,0,0
1,10,10.9,20.6,0,0
1,10,0.3,10.9,0,0
1,10,0.4,10.9,0,0
1,10,10.8,0.3,0,0
1,10,10.8,0.4,0,0
1,10,20.5,10.8,0,0
1,10,20.6,10.8,0,0
1,10,11,20.5,0,0
1,10,11,20.6,0,0
1,10,0.3,11,0,0
1,10,0.4,11,0,0
1,10,10.9,0.3,0,0
1,10,10.9,0.4,0,0
1,10,20.5,10.9,0,0
1,10,20.6,10.9,0,0
1,10,11.1,20.5,0,0
1,10,11.1,20.6,0,0
1,10,0.3,11.1,0,0
1,10,0.4,11.1,0,0
1,10,11,0.3,0,0
1,10,11,0.4,0,0
1,10,20.5,11,0,0
1,10,20.6,11,0,0
1,10,11.2,20.5,0,0
1,10,11.2,20.6,0,0
1,10,0.3,11.2,0,0
1,10,0.4,11.2,0,0
1,10,11.1,0.3,0,0
1,10,11.1,0.4,0,0
1,10,20.5,11.1,0,0
1,10,20.6,11.1,0,0
1,10,11.3,20.5,0,0
1,10,11.3,20.6,0,0
1,10,0.3,11.3,0,0
1,10,0.4,11.3,0,0
1,10,11.2,0.3,0,0
1,10,11.2,0.4,0,0
1,10,20.5,11.2,0,0
1,10,20.6,11.2,0,0
1,10,11.4,20.5,0,0
1,10,11.4,20.6,0,0
1,10,0.3,11.4,0,0
1,10,0.4,11.4,0,0
1,10,11.3,0.3,0,0
1,10,11.3,0.4,0,0
1,10,20.5,11.3,0,0
1,10,20.6,11.3,0,0
1,10,11.5,20.5,0,0
1,10,11.5,20.6,0,0
1,10,0.3,11.5,0,0
1,10,0.4,11.5,0,0
1,10,11.4,0.3,0,0
1,10,11.4,0.4,0,0
1,10,20.5,11.4,0,0
1,10,20.6,11.4,0,0
1,10,11.6,20.5,0,0
1,10,11.6,20.6,0,0
1,10,0.3,11.6,0,0
1,10,0.4,11.6,0,0
1,10,11.5,0.3,0,0
1,10,11.5,0.4,0,0
1,10,20.5,11.5,0,0
1,10,20.6,11.5,0,0
1,10,11.7,20.5,0,0
1,10,11.7,20.6,0,0
1,10,0.3,11.7,0,0
1,10,0.4,11.7,0,0
1,10,11.6,0.3,0,0
1,10,11.6,0.4,0,0
1,10,20.5,11.6,0,0
1,10,20.6,11.6,0,0
1,10,11.8,20.5,0,0
1,10,11.8,20.6,0,0
1,10,0.3,11.8,0,0
1,10,0.4,11.8,0,0
1,10,11.7,0.3,0,0
1,10,11.7,0.4,0,0
1,10,20.5,11.7,0,0
1,10,20.6,11.7,0,0
1,10,11.9,20.5,0,0
1,10,11.9,20.6,0,0
1,10,0.3,11.9,0,0
1,10,0.4,11.9,0,0
1,10,11.8,0.3,0,0
1,10,11.8,0.4,0,0
1,10,20.5,11.8,0,0
1,10,20.6,11.8,0,0
1,10,12,20.5,0,0
1,10,12,20.6,0,0
1,10,0.3,12,0,0
1,10,0.4,12,0,0
1,10,11.9,0.3,0,0
1,10,11.9,0.4,0,0
1,10,20.5,11.9,0,0
1,10,20.6,11.9,0,0
1,10,12.1,20.5,0,0
1,10,12.1,20.6,0,0
1,10,0.3,12.1,0,0
1,10,0.4,12.1,0,0
1,10,12,0.3,0,0
1,10,12,0.4,0,0
1,10,20.5,12,0,0
1,10,20.6,12,0,0
1,10,12.2,20.5,0,0
1,10,12.2,20.6,0,0
1,10,0.3,12.2,0,0
1,10,0.4,12.2,0,0
1,10,12.1,0.3,0,0
1,10,12.1,0.4,0,0
1,10,20.5,12.1,0,0
1,10,20.6,12.1,0,0
1,10,12.3,20.5,0,0
1,10,12.3,20.6,0,0
1,10,0.3,12.3,0,0
1,10,0.4,12.3,0,0
1,10,12.2,0.3,0,0
1,10,12.2,0.4,0,0
1,10,20.5,12.2,0,0
1,10,20.6,12.2,0,0
1,10,12.4,20.5,0,0
1,10,12.4,20.6,0,0
1,10,0.3,12.4,0,0
1,10,0.4,12.4,0,0
1,10,12.3,0.3,0,0
1,10,12.3,0.4,0,0
1,10,20.5,12.3,0,0
1,10,20.6,12.3,0,0
1,10,12.5,20.5,0,0
1,10,12.5,20.6,0,0
1,10,0.3,12.5,0,0
1,10,0.4,12.5,0,0
1,10,12.4,0.3,0,0
1,10,12.4,0.4,0,0
1,10,20.5,12.4,0,0
1,10,20.6,12.4,0,0
1,10,12.6,20.5,0,0
1,10,12.6,20.6,0,0
1,10,0.3,12.6,0,0
1,10,0.4,12.6,0,0
1,10,12.5,0.3,0,0
1,10,12.5,0.4,0,0
1,10,20.5,12.5,0,0
1,10,20.6,12.5,0,0
1,10,12.7,20.5,0,0
1,10,12.7,20.6,0,0
1,10,0.3,12.7,0,0
1,10,0.4,12.7,0,0
1,10,12.6,0.3,0,0
1,10,12.6,0.4,0,0
1,10,20.5,12.6,0,0
1,10,20.6,12.6,0,0
1,10,12.8,20.5,0,0
1,10,12.8,20.6,0,0
1,10,0.3,12.8,0,0
1,10,0.4,12.8,0,0
1,10,12.7,0.3,0,0
1,10,12.7,0.4,0,0
1,10,20.5,12.7,0,0
1,10,20.6,12.7,0,0
1,10,12.9,20.5,0,0
1,10,12.9,20.6,0,0
1,10,0.3,12.9,0,0
1,10,0.4,12.9,0,0
1,10,12.8,0.3,0,0
1,10,12.8,0.4,0,0
1,10,20.5,12.8,0,0
1,10,20.6,12.8,0,0
1,10,13,20.5,0,0
1,10,13,20.6,0,0
1,10,0.3,13,0,0
1,10,0.4,13,0,0
1,10,12.9,0.3,0,0
1,10,12.9,0.4,0,0
1,10,20.5,12.9,0,0
1,10,20.6,12.9,0,0
1,10,13.1,20.5,0,0
1,10,13.1,20.6,0,0
1,10,0.3,13.1,0,0
1,10,0.4,13.1,0,0
1,10,13,0.3,0,0
1,10,13,0.4,0,0
1,10,20.5,13,0,0
1,10,20.6,13,0,0
1,10,13.2,20.5,0,0
1,10,13.2,20.6,0,0
1,10,0.3,13.2,0,0
1,10,0.4,13.2,0,0
1,10,13.1,0.3,0,0
1,10,13.1,0.4,0,0
1,10,20.5,13.1,0,0
1,10,20.6,13.1,0,0
1,10,13.3,20.5,0,0
1,10,13.3,20.6,0,0
1,10,0.3,13.3,0,0
1,10,0.4,13.3,0,0
1,10,13.2,0.3,0,0
1,10,13.2,0.4,0,0
1,10,20.5,13.2,0,0
1,10,20.6,13.2,0,0
1,10,13.4,20.5,0,0
1,10,13.4,20.6,0,0
1,10,0.3,13.4,0,0
1,10,0.4,13.4,0,0
1,10,13.3,0.3,0,0
1,10,13.3,0.4,0,0
1,10,20.5,13.3,0,0
1,10,20.6,13.3,0,0
1,10,13.5,20.5,0,0
1,10,13.5,20.6,0,0
1,10,0.3,13.5,0,0
1,10,0.4,13.5,0,0
1,10,13.4,0.3,0,0
1,10,13.4,0.4,0,0
1,10,20.5,13.4,0,0
1,10,20.6,13.4,0,0
1,10,13.6,20.5,0,0
1,10,13.6,20.6,0,0
1,10,0.3,13.6,0,0
1,10,0.4,13.6,0,0
1,10,13.5,0.3,0,0
1,10,13.5,0.4,0,0
1,10,20.5,13.5,0,0
1,10,20.6,13.5,0,0
1,10,13.7,20.5,0,0
1,10,13.7,20.6,0,0
1,10,0.3,13.7,0,0
1,10,0.4,13.7,0,0
1,10,13.6,0.3,0,0
1,10,13.6,0.4,0,0
1,10,20.5,13.6,0,0
1,10,20.6,13.6,0,0
1,10,13.8,20.5,0,0
1,10,13.8,20.6,0,0
1,10,0.3,13.8,0,0
1,10,0.4,13.8,0,0
1,10,13.7,0.3,0,0
1,10,13.7,0.4,0,0
1,10,20.5,13.7,0,0
1,10,20.6,13.7,0,0
1,10,13.9,20.5,0,0
1,10,13.9,20.6,0,0
1,10,0.3,13.9,0,0
1,10,0.4,13.9,0,0
1,10,13.8,0.3,0,0
1,10,13.8,0.4,0,0
1,10,20.5,13.8,0,0
1,10,20.6,13.8,0,0
1,10,14,20.5,0,0
1,10,14,20.6,0,0
1,10,0.3,14,0,0
1,10,0.4,14,0,0
1,10,13.9,0.3,0,0
1,10,13.9,0.4,0,0
1,10,20.5,13.9,0,0
1,10,20.6,13.9,0,0
1,10,14.1,20.5,0,0
1,10,14.1,20.6,0,0
1,10,0.3,14.1,0,0
1,10,0.4,14.1,0,0
1,10,14,0.3,0,0
1,10,14,0.4,0,0
1,10,20.5,14,0,0
1,10,20.6,14,0,0
1,10,14.2,20.5,0,0
1,10,14.2,20.6,0,0
1,10,0.3,14.2,0,0
1,10,0.4,14.2,0,0
1,10,14.1,0.3,0,0
1,10,14.1,0.4,0,0
1,10,20.5,14.1,0,0
1,10,20.6,14.1,0,0
1,10,14.3,20.5,0,0
1,10,14.3,20.6,0,0
1,10,0.3,14.3,0,0
1,10,0.4,14.3,0,0
1,10,14.2,0.3,0,0
1,10,14.2,0.4,0,0
1,10,20.5,14.2,0,0
1,10,20.6,14.2,0,0
1,10,14.4,20.5,0,0
1,10,14.4,20.6,0,0
1,10,0.3,14.4,0,0
1,10,0.4,14.4,0,0
1,10,14.3,0.3,0,0
1,10,14.3,0.4,0,0
1,10,20.5,14.3,0,0
1,10,20.6,14.3,0,0
1,10,14.5,20.5,0,0
1,10,14.5,20.6,0,0
1,10,0.3,14.5,0,0
1,10,0.4,14.5,0,0
1,10,14.4,0.3,0,0
1,10,14.4,0.4,0,0
1,10,20.5,14.4,0,0
1,10,20.6,14.4,0,0
1,10,14.6,20.5,0,0
1,10,14.6,20.6,0,0
1,10,0.3,14.6,0,0
1,10,0.4,14.6,0,0
1,10,14.5,0.3,0,0
1,10,14.5,0.4,0,0
1,10,20.5,14.5,0,0
1,10,20.6,14.5,0,0
1,10,14.7,20.5,0,0
1,10,14.7,20.6,0,0
1,10,0.3,14.7,0,0
1,10,0.4,14.7,0,0
1,10,14.6,0.3,0,0
1,10,14.6,0.4,0,0
1,10,20.5,14.6,0,0
1,10,20.6,14.6,0,0
1,10,14.8,20.5,0,0
1,10,14.8,20.6,0,0
1,10,0.3,14.8,0,0
1,10,0.4,14.8,0,0
1,10,14.7,0.3,0,0
1,10,14.7,0.4,0,0
1,10,20.5,14.7,0,0
1,10,20.6,14.7,0,0
1,10,14.9,20.5,0,0
1,10,14.9,20.6,0,0
1,10,0.3,14.9,0,0
1,10,0.4,14.9,0,0
1,10,14.8,0.3,0,0
1,10,14.8,0.4,0,0
1,10,20.5,14.8,0,0
1,10,20.6,14.8,0,0
1,10,15,20.5,0,0
1,10,15,20.6,0,0
1,10,0.3,15,0,0
1,10,0.4,15,0,0
1,10,14.9,0.3,0,0
1,10,14.9,0.4,0,0
1,10,20.5,14.9,0,0
1,10,20.6,14.9,0,0
1,10,15.1,20.5,0,0
1,10,15.1,20.6,0,0
1,10,0.3,15.1,0,0
1,10,0.4,15.1,0,0
1,10,15,0.3,0,0
1,10,15,0.4,0,0
1,10,20.5,15,0,0
1,10,20.6,15,0,0
1,10,15.2,20.5,0,0
1,10,15.2,20.6,0,0
1,10,0.3,15.2,0,0
1,10,0.4,15.2,0,0
1,10,15.1,0.3,0,0
1,10,15.1,0.4,0,0
1,10,20.5,15.1,0,0
1,10,20.6,15.1,0,0
1,10,15.3,20.5,0,0
1,10,15.3,20.6,0,0
1,10,0.3,15.3,0,0
1,10,0.4,15.3,0,0
1,10,15.2,0.3,0,0
1,10,15.2,0.4,0,0
1,10,20.5,15.2,0,0
1,10,20.6,15.2,0,0
1,10,15.4,20.5,0,0
1,10,15.4,20.6,0,0
1,10,0.3,15.4,0,0
1,10,0.4,15.4,0,0
1,10,15.3,0.3,0,0
1,10,15.3,0.4,0,0
1,10,20.5,15.3,0,0
1,10,20.6,15.3,0,0
1,10,15.5,20.5,0,0
1,10,15.5,20.6,0,0
1,10,0.3,15.5,0,0
1,10,0.4,15.5,0,0
1,10,15.4,0.3,0,0
1,10,15.4,0.4,0,0
1,10,20.5,15.4,0,0
1,10,20.6,15.4,0,0
1,10,15.6,20.5,0,0
1,10,15.6,20.6,0,0
1,10,0.3,15.6,0,0
1,10,0.4,15.6,0,0
1,10,15.5,0.3,0,0
1,10,15.5,0.4,0,0
1,10,20.5,15.5,0,0
1,10,20.6,15.5,0,0
1,10,15.7,20.5,0,0
1,10,15.7,20.6,0,0
1,10,0.3,15.7,0,0
1,10,0.4,15.7,0,0
1,10,15.6,0.3,0,0
1,10,15.6,0.4,0,0
1,10,20.5,15.6,0,0
1,10,20.6,15.6,0,0
1,10,15.8,20.5,0,0
1,10,15.8,20.6,0,0
1,10,0.3,15.8,0,0
1,10,0.4,15.8,0,0
1,10,15.7,0.3,0,0
1,10,15.7,0.4,0,0
1,10,20.5,15.7,0,0
1,10,20.6,15.7,0,0
1,10,15.9,20.5,0,0
1,10,15.9,20.6,0,0
1,10,0.3,15.9,0,0
1,10,0.4,15.9,0,0
1,10,15.8,0.3,0,0
1,10,15.8,0.4,0,0
1,10,20.5,15.8,0,0
1,10,20.6,15.8,0,0
1,10,16,20.5,0,0
1,10,16,20.6,0,0
1,10,0.3,16,0,0
1,10,0.4,16,0,0
1,10,15.9,0.3,0,0
1,10,15.9,0.4,0,0
1,10,20.5,15.9,0,0
1,10,20.6,15.9,0,0
1,10,16.1,20.5,0,0
1,10,16.1,20.6,0,0
1,10,0.3,16.1,0,0
1,10,0.4,16.1,0,0
1,10,16,0.3,0,0
1,10,16,0.4,0,0
1,10,20.5,16,0,0
1,10,20.6,16,0,0
1,10,16.2,20.5,0,0
1,10,16.2,20.6,0,0
1,10,0.3,16.2,0,0
1,10,0.4,16.2,0,0
1,10,16.1,0.3,0,0
1,10,16.1,0.4,0,0
1,10,20.5,16.1,0,0
1,10,20.6,16.1,0,0
1,10,16.3,20.5,0,0
1,10,16.3,20.6,0,0
1,10,0.3,16.3,0,0
1,10,0.4,16.3,0,0
1,10,16.2,0.3,0,0
1,10,16.2,0.4,0,0
1,10,20.5,16.2,0,0
1,10,20.6,16.2,0,0
1,10,16.4,20.5,0,0
1,10,16.4,20.6,0,0
1,10,0.3,16.4,0,0
1,10,0.4,16.4,0,0
1,10,16.3,0.3,0,0
1,10,16.3,0.4,0,0
1,10,20.5,16.3,0,0
1,10,20.6,16.3,0,0
1,10,16.5,20.5,0,0
1,10,16.5,20.6,0,0
1,10,0.3,16.5,0,0
1,10,0.4,16.5,0,0
1,10,16.4,0.3,0,0
1,10,16.4,0.4,0,0
1,10,20.5,16.4,0,0
1,10,20.6,16.4,0,0
1,10,16.6,20.5,0,0
1,10,16.6,20.6,0,0
1,10,0.3,16.6,0,0
1,10,0.4,16.6,0,0
1,10,16.5,0.3,0,0
1,10,16.5,0.4,0,0
1,10,20.5,16.5,0,0
1,10,20.6,16.5,0,0
1,10,16.7,20.5,0,0
1,10,16.7,20.6,0,0
1,10,0.3,16.7,0,0
1,10,0.4,16.7,0,0
1,10,16.6,0.3,0,0
1,10,16.6,0.4,0,0
1,10,20.5,16.6,0,0
1,10,20.6,16.6,0,0
1,10,16.8,20.5,0,0
1,10,16.8,20.6,0,0
1,10,0.3,16.8,0,0
1,10,0.4,16.8,0,0
1,10,16.7,0.3,0,0
1,10,16.7,0.4,0,0
1,10,20.5,16.7,0,0
1,10,20.6,16.7,0,0
1,10,16.9,20.5,0,0
1,10,16.9,20.6,0,0
1,10,0.3,16.9,0,0
1,10,0.4,16.9,0,0
1,10,16.8,0.3,0,0
1,10,16.8,0.4,0,0
1,10,20.5,16.8,0,0
1,10,20.6,16.8,0,0
1,10,17,20.5,0,0
1,10,17,20.6,0,0
1,10,0.3,17,0,0
1,10,0.4,17,0,0
1,10,16.9,0.3,0,0
1,10,16.9,0.4,0,0
1,10,20.5,16.9,0,0
1,10,20.6,16.9,0,0
1,10,17.1,20.5,0,0
1,10,17.1,20.6,0,0
1,10,0.3,17.1,0,0
1,10,0.4,17.1,0,0
1,10,17,0.3,0,0
1,10,17,0.4,0,0
1,10,20.5,17,0,0
1,10,20.6,17,0,0
1,10,17.2,20.5,0,0
1,10,17.2,20.6,0,0
1,10,0.3,17.2,0,0
1,10,0.4,17.2,0,0
1,10,17.1,0.3,0,0
1,10,17.1,0.4,0,0
1,10,20.5,17.1,0,0
1,10,20.6,17.1,0,0
1,10,17.3,20.5,0,0
1,10,17.3,20.6,0,0
1,10,0.3,17.3,0,0
1,10,0.4,17.3,0,0
1,10,17.2,0.3,0,0
1,10,17.2,0.4,0,0
1,10,20.5,17.2,0,0
1,10,20.6,17.2,0,0
1,10,17.4,20.5,0,0
1,10,17.4,20.6,0,0
1,10,0.3,17.4,0,0
1,10,0.4,17.4,0,0
1,10,17.3,0.3,0,0
1,10,17.3,0.4,0,0
1,10,20.5,17.3,0,0
1,10,20.6,17.3,0,0
1,10,17.5,20.5,0,0
1,10,17.5,20.6,0,0
1,10,0.3,17.5,0,0
1,10,0.4,17.5,0,0
1,10,17.4,0.3,0,0
1,10,17.4,0.4,0,0
1,10,20.5,17.4,0,0
1,10,20.6,17.4,0,0
1,10,17.6,20.5,0,0
1,10,17.6,20.6,0,0
1,10,0.3,17.6,0,0
1,10,0.4,17.6,0,0
1,10,17.5,0.3,0,0
1,10,17.5,0.4,0,0
1,10,20.5,17.5,0,0
1,10,20.6,17.5,0,0
1,10,17.7,20.5,0,0
1,10,17.7,20.6,0,0
1,10,0.3,17.7,0,0
1,10,0.4,17.7,0,0
1,10,17.6,0.3,0,0
1,10,17.6,0.4,0,0
1,10,20.5,17.6,0,0
1,10,20.6,17.6,0,0
1,10,17.8,20.5,0,0
1,10,17.8,20.6,0,0
1,10,0.3,17.8,0,0
1,10,0.4,17.8,0,0
1,10,17.7,0.3,0,0
1,10,17.7,0.4,0,0
1,10,20.5,17.7,0,0
1,10,20.6,17.7,0,0
1,10,17.9,20.5,0,0
1,10,17.9,20.6,0,0
1,10,0.3,17.9,0,0
1,10,0.4,17.9,0,0
1,10,17.8,0.3,0,0
1,10,17.8,0.4,0,0
1,10,20.5,17.8,0,0
1,10,20.6,17.8,0,0
1,10,18,20.5,0,0
1,10,18,20.6,0,0
1,10,0.3,18,0,0
1,10,0.4,18,0,0
1,10,17.9,0.3,0,0
1,10,17.9,0.4,0,0
1,10,20.5,17.9,0,0
1,10,20.6,17.9,0,0
1,10,18.1,20.5,0,0
1,10,18.1,20.6,0,0
1,10,0.3,18.1,0,0
1,10,0.4,18.1,0,0
1,10,18,0.3,0,0
1,10,18,0.4,0,0
1,10,20.5,18,0,0
1,10,20.6,18,0,0
1,10,18.2,20.5,0,0
1,10,18.2,20.6,0,0
1,10,0.3,18.2,0,0
1,10,0.4,18.2,0,0
1,10,18.1,0.3,0,0
1,10,18.1,0.4,0,0
1,10,20.5,18.1,0,0
1,10,20.6,18.1,0,0
1,10,18.3,20.5,0,0
1,10,18.3,20.6,0,0
1,10,0.3,18.3,0,0
1,10,0.4,18.3,0,0
1,10,18.2,0.3,0,0
1,10,18.2,0.4,0,0
1,10,20.5,18.2,0,0
1,10,20.6,18.2,0,0
1,10,18.4,20.5,0,0
1,10,18.4,20.6,0,0
1,10,0.3,18.4,0,0
1,10,0.4,18.4,0,0
1,10,18.3,0.3,0,0
1,10,18.3,0.4,0,0
1,10,20.5,18.3,0,0
1,10,20.6,18.3,0,0
1,10,18.5,20.5,0,0
1,10,18.5,20.6,0,0
1,10,0.3,18.5,0,0
1,10,0.4,18.5,0,0
1,10,18.4,0.3,0,0
1,10,18.4,0.4,0,0
1,10,20.5,18.4,0,0
1,10,20.6,18.4,0,0
1,10,18.6,20.5,0,0
1,10,18.6,20.6,0,0
1,10,0.3,18.6,0,0
1,10,0.4,18.6,0,0
1,10,18.5,0.3,0,0
1,10,18.5,0.4,0,0
1,10,20.5,18.5,0,0
1,10,20.6,18.5,0,0
1,10,18.7,20.5,0,0
1,10,18.7,20.6,0,0
1,10,0.3,18.7,0,0
1,10,0.4,18.7,0,0
1,10,18.6,0.3,0,0
1,10,18.6,0.4,0,0
1,10,20.5,18.6,0,0
1,10,20.6,18.6,0,0
1,10,18.8,20.5,0,0
1,10,18.8,20.6,0,0
1,10,0.3,18.8,0,0
1,10,0.4,18.8,0,0
1,10,18.7,0.3,0,0
1,10,18.7,0.4,0,0
1,10,20.5,18.7,0,0
1,10,20.6,18.7,0,0
1,10,18.9,20.5,0,0
1,10,18.9,20.6,0,0
1,10,0.3,18.9,0,0
1,10,0.4,18.9,0,0
1,10,18.8,0.3,0,0
1,10,18.8,0.4,0,0
1,10,20.5,18.8,0,0
1,10,20.6,18.8,0,0
1,10,19,20.5,0,0
1,10,19,20.6,0,0
1,10,0.3,19,0,0
1,10,0.4,19,0,0
1,10,18.9,0.3,0,0
1,10,18.9,0.4,0,0
1,10,20.5,18.9,0,0
1,10,20.6,18.9,0,0
1,10,19.1,20.5,0,0
1,10,19.1,20.6,0,0
1,10,0.3,19.1,0,0
1,10,0.4,19.1,0,0
1,10,19,0.3,0,0
1,10,19,0.4,0,0
1,10,20.5,19,0,0
1,10,20.6,19,0,0
1,10,19.2,20.5,0,0
1,10,19.2,20.6,0,0
1,10,0.3,19.2,0,0
1,10,0.4,19.2,0,0
1,10,19.1,0.3,0,0
1,10,19.1,0.4,0,0
1,10,20.5,19.1,0,0
1,10,20.6,19.1,0,0
1,10,19.3,20.5,0,0
1,10,19.3,20.6,0,0
1,10,0.3,19.3,0,0
1,10,0.4,19.3,0,0
1,10,19.2,0.3,0,0
1,10,19.2,0.4,0,0
1,10,20.5,19.2,0,0
1,10,20.6,19.2,0,0
1,10,19.4,20.5,0,0
1,10,19.4,20.6,0,0
1,10,0.3,19.4,0,0
1,10,0.4,19.4,0,0
1,10,19.3,0.3,0,0
1,10,19.3,0.4,0,0
1,10,20.5,19.3,0,0
1,10,20.6,19.3,0,0
1,10,19.5,20.5,0,0
1,10,19.5,20.6,0,0
1,10,0.3,19.5,0,0
1,10,0.4,19.5,0,0
1,10,19.4,0.3,0,0
1,10,19.4,0.4,0,0
1,10,20.5,19.4,0,0
1,10,20.6,19.4,0,0
1,10,19.6,20.5,0,0
1,10,19.6,20.6,0,0
1,10,0.3,19.6,0,0
1,10,0.4,19.6,0,0
1,10,19.5,0.3,0,0
1,10,19.5,0.4,0,0
1,10,20.5,19.5,0,0
1,10,20.6,19.5,0,0
1,10,19.7,20.5,0,0
1,10,19.7,20.6,0,0
1,10,0.3,19.7,0,0
1,10,0.4,19.7,0,0
1,10,19.6,0.3,0,0
1,10,19.6,0.4,0,0
1,10,20.5,19.6,0,0
1,10,20.6,19.6,0,0
1,10,19.8,20.5,0,0
1,10,19.8,20.6,0,0
1,10,0.3,19.8,0,0
1,10,0.4,19.8,0,0
1,10,19.7,0.3,0,0
1,10,19.7,0.4,0,0
1,10,20.5,19.7,0,0
1,10,20.6,19.7,0,0
1,10,19.9,20.5,0,0
1,10,19.9,20.6,0,0
1,10,0.3,19.9,0,0
1,10,0.4,19.9,0,0
1,10,19.8,0.3,0,0
1,10,19.8,0.4,0,0
1,10,20.5,19.8,0,0
1,10,20.6,19.8,0,0
1,10,20,20.5,0,0
1,10,20,20.6,0,0
1,10,0.3,20,0,0
1,10,0.4,20,0,0
1,10,19.9,0.3,0,0
1,10,19.9,0.4,0,0
1,10,20.5,19.9,0,0
1,10,20.6,19.9,0,0
1,10,20.1,20.5,0,0
1,10,20.1,20.6,0,0
1,10,0.3,20.1,0,0
1,10,0.4,20.1,0,0
1,10,20,0.3,0,0
1,10,20,0.4,0,0
1,10,20.5,20,0,0
1,10,20.6,20,0,0
1,10,20.2,20.5,0,0
1,10,20.2,20.6,0,0
1,10,0.3,20.2,0,0
1,10,0.4,20.2,0,0
1,10,20.1,0.3,0,0
1,10,20.1,0.4,0,0
1,10,20.5,20.1,0,0
1,10,20.6,20.1,0,0
1,10,20.3,20.5,0,0
1,10,20.3,20.6,0,0
1,10,0.3,20.3,0,0
1,10,0.4,20.3,0,0
1,10,20.2,0.3,0,0
1,10,20.2,0.4,0,0
1,10,20.5,20.2,0,0
1,10,20.6,20.2,0,0
1,10,20.4,20.5,0,0
1,10,20.4,20.6,0,0
1,10,0.3,20.4,0,0
1,10,0.4,20.4,0,0
1,10,20.3,0.3,0,0
1,10,20.3,0.4,0,0
1,10,20.5,20.3,0,0
1,10,20.6,20.3,0,0
1,10,20.5,20.5,0,0
1,10,20.5,20.6,0,0
1,10,0.3,20.5,0,0
1,10,0.4,20.5,0,0
1,10,20.4,0.3,0,0
1,10,20.4,0.4,0,0
1,10,20.5,20.4,0,0
1,10,20.6,20.4,0,0
1,10,20.6,20.5,0,0
1,10,20.6,20.6,0,0
1,10,0.3,20.6,0,0
1,10,0.4,20.6,0,0
1,10,3,0.5,0,0
1,10,3,20.5,0,0
1,10,18,0.5,0,0
1,10,18,20.5,0,0
1,10,2.92929,0.570711,0,0
1,10,2.92929,20.4293,0,0
1,10,18.0707,0.570711,0,0
1,10,18.0707,20.4293,0,0
1,10,2.85858,0.641421,0,0
1,10,2.85858,20.3586,0,0
1,10,18.1414,0.641421,0,0
1,10,18.1414,20.3586,0,0
1,10,2.78787,0.712132,0,0
1,10,2.78787,20.2879,0,0
1,10,18.2121,0.712132,0,0
1,10,18.2121,20.2879,0,0
1,10,2.71716,0.782843,0,0
1,10,2.71716,20.2172,0,0
1,10,18.2828,0.782843,0,0
1,10,18.2828,20.2172,0,0
1,10,2.64645,0.853553,0,0
1,10,2.64645,20.1464,0,0
1,10,18.3536,0.853553,0,0
1,10,18.3536,20.1464,0,0
1,10,2.57574,0.924264,0,0
1,10,2.57574,20.0757,0,0
1,10,18.4243,0.924264,0,0
1,10,18.4243,20.0757,0,0
1,10,2.50503,0.994975,0,0
1,10,2.50503,20.005,0,0
1,10,18.495,0.994975,0,0
1,10,18.495,20.005,0,0
1,10,2.43431,1.06569,0,0
1,10,2.43431,19.9343,0,0
1,10,18.5657,1.06569,0,0
1,10,18.5657,19.9343,0,0
1,10,2.3636,1.1364,0,0
1,10,2.3636,19.8636,0,0
1,10,18.6364,1.1364,0,0
1,10,18.6364,19.8636,0,0
1,10,2.29289,1.20711,0,0
1,10,2.29289,19.7929,0,0
1,10,18.7071,1.20711,0,0
1,10,18.7071,19.7929,0,0
1,10,2.22218,1.27782,0,0
1,10,2.22218,19.7222,0,0
1,10,18.7778,1.27782,0,0
1,10,18.7778,19.7222,0,0
1,10,2.15147,1.34853,0,0
1,10,2.15147,19.6515,0,0
1,10,18.8485,1.34853,0,0
1,10,18.8485,19.6515,0,0
1,10,2.08076,1.41924,0,0
1,10,2.08076,19.5808,0,0
1,10,18.9192,1.41924,0,0
1,10,18.9192,19.5808,0,0
1,10,2.01005,1.48995,0,0
1,10,2.01005,19.5101,0,0
1,10,18.9899,1.48995,0,0
1,10,18.9899,19.5101,0,0
1,10,1.93934,1.56066,0,0
1,10,1.93934,19.4393,0,0
1,10,19.0607,1.56066,0,0
1,10,19.0607,19.4393,0,0
1,10,1.86863,1.63137,0,0
1,10,1.86863,19.3686,0,0
1,10,19.1314,1.63137,0,0
1,10,19.1314,19.3686,0,0
1,10,1.79792,1.70208,0,0
1,10,1.79792,19.2979,0,0
1,10,19.2021,1.70208,0,0
1,10,19.2021,19.2979,0,0
1,10,1.72721,1.77279,0,0
1,10,1.72721,19.2272,0,0
1,10,19.2728,1.77279,0,0
1,10,19.2728,19.2272,0,0
1,10,1.6565,1.8435,0,0
1,10,1.6565,19.1565,0,0
1,10,19.3435,1.8435,0,0
1,10,19.3435,19.1565,0,0
1,10,1.58579,1.91421,0,0
1,10,1.58579,19.0858,0,0
1,10,19.4142,1.91421,0,0
1,10,19.4142,19.0858,0,0
1,10,1.51508,1.98492,0,0
1,10,1.51508,19.0151,0,0
1,10,19.4849,1.98492,0,0
1,10,19.4849,19.0151,0,0
1,10,1.44437,2.05563,0,0
1,10,1.44437,18.9444,0,0
1,10,19.5556,2.05563,0,0
1,10,19.5556,18.9444,0,0
1,10,1.37365,2.12635,0,0
1,10,1.37365,18.8737,0,0
1,10,19.6263,2.12635,0,0
1,10,19.6263,18.8737,0,0
1,10,1.30294,2.19706,0,0
1,10,1.30294,18.8029,0,0
1,10,19.6971,2.19706,0,0
1,10,19.6971,18.8029,0,0
1,10,1.23223,2.26777,0,0
1,10,1.23223,18.7322,0,0
1,10,19.7678,2.26777,0,0
1,10,19.7678,18.7322,0,0
1,10,1.16152,2.33848,0,0
1,10,1.16152,18.6615,0,0
1,10,19.8385,2.33848,0,0
1,10,19.8385,18.6615,0,0
1,10,1.09081,2.40919,0,0
1,10,1.09081,18.5908,0,0
1,10,19.9092,2.40919,0,0
1,10,19.9092,18.5908,0,0
1,10,1.0201,2.4799,0,0
1,10,1.0201,18.5201,0,0
1,10,19.9799,2.4799,0,0
1,10,19.9799,18.5201,0,0
1,10,0.94939,2.55061,0,0
1,10,0.94939,18.4494,0,0
1,10,20.0506,2.55061,0,0
1,10,20.0506,18.4494,0,0
1,10,0.87868,2.62132,0,0
1,10,0.87868,18.3787,0,0
1,10,20.1213,2.62132,0,0
1,10,20.1213,18.3787,0,0
1,10,0.807969,2.69203,0,0
1,10,0.807969,18.308,0,0
1,10,20.192,2.69203,0,0
1,10,20.192,18.308,0,0
1,10,0.737258,2.76274,0,0
1,10,0.737258,18.2373,0,0
1,10,20.2627,2.76274,0,0
1,10,20.2627,18.2373,0,0
1,10,0.666548,2.83345,0,0
1,10,0.666548,18.1665,0,0
1,10,20.3335,2.83345,0,0
1,10,20.3335,18.1665,0,0
1,10,0.595837,2.90416,0,0
1,10,0.595837,18.0958,0,0
1,10,20.4042,2.90416,0,0
1,10,20.4042,18.0958,0,0
1,10,0.525126,2.97487,0,0
1,10,0.525126,18.0251,0,0
1,10,20.4749,2.97487,0,0
1,10,20.4749,18.0251,0,0
1,10,3.14142,0.5,0,0
1,10,3.14142,20.5,0,0
1,10,17.8586,0.5,0,0
1,10,17.8586,20.5,0,0
1,10,3.07071,0.570711,0,0
1,10,3.07071,20.4293,0,0
1,10,17.9293,0.570711,0,0
1,10,17.9293,20.4293,0,0
1,10,3,0.641421,0,0
1,10,3,20.3586,0,0
1,10,18,0.641421,0,0
1,10,18,20.3586,0,0
1,10,2.92929,0.712132,0,0
1,10,2.92929,20.2879,0,0
1,10,18.0707,0.712132,0,0
1,10,18.0707,20.2879,0,0
1,10,2.85858,0.782843,0,0
1,10,2.85858,20.2172,0,0
1,10,18.1414,0.782843,0,0
1,10,18.1414,20.2172,0,0
1,10,2.78787,0.853553,0,0
1,10,2.78787,20.1464,0,0
1,10,18.2121,0.853553,0,0
1,10,18.2121,20.1464,0,0
1,10,2.71716,0.924264,0,0
1,10,2.71716,20.0757,0,0
1,10,18.2828,0.924264,0,0
1,10,18.2828,20.0757,0,0
1,10,2.64645,0.994975,0,0
1,10,2.64645,20.005,0,0
1,10,18.3536,0.994975,0,0
1,10,18.3536,20.005,0,0
1,10,2.57574,1.06569,0,0
1,10,2.57574,19.9343,0,0
1,10,18.4243,1.06569,0,0
1,10,18.4243,19.9343,0,0
1,10,2.50503,1.1364,0,0
1,10,2.50503,19.8636,0,0
1,10,18.495,1.1364,0,0
1,10,18.495,19.8636,0,0
1,10,2.43431,1.20711,0,0
1,10,2.43431,19.7929,0,0
1,10,18.5657,1.20711,0,0
1,10,18.5657,19.7929,0,0
1,10,2.3636,1.27782,0,0
1,10,2.3636,19.7222,0,0
1,10,18.6364,1.27782,0,0
1,10,18.6364,19.7222,0,0
1,10,2.29289,1.34853,0,0
1,10,2.29289,19.6515,0,0
1,10,18.7071,1.34853,0,0
1,10,18.7071,19.6515,0,0
1,10,2.22218,1.41924,0,0
1,10,2.22218,19.5808,0,0
1,10,18.7778,1.41924,0,0
1,10,18.7778,19.5808,0,0
1,10,2.15147,1.48995,0,0
1,10,2.15147,19.5101,0,0
1,10,18.8485,1.48995,0,0
1,10,18.8485,19.5101,0,0
1,10,2.08076,1.56066,0,0
1,10,2.08076,19.4393,0,0
1,10,18.9192,1.56066,0,0
1,10,18.9192,19.4393,0,0
1,10,2.01005,1.63137,0,0
1,10,2.01005,19.3686,0,0
1,10,18.9899,1.63137,0,0
1,10,18.9899,19.3686,0,0
1,10,1.93934,1.70208,0,0
1,10,1.93934,19.2979,0,0
1,10,19.0607,1.70208,0,0
1,10,19.0607,19.2979,0,0
1,10,1.86863,1.77279,0,0
1,10,1.86863,19.2272,0,0
1,10,19.1314,1.77279,0,0
1,10,19.1314,19.2272,0,0
1,10,1.79792,1.8435,0,0
1,10,1.79792,19.1565,0,0
1,10,19.2021,1.8435,0,0
1,10,19.2021,19.1565,0,0
1,10,1.72721,1.91421,0,0
1,10,1.72721,19.0858,0,0
1,10,19.2728,1.91421,0,0
1,10,19.2728,19.0858,0,0
1,10,1.6565,1.98492,0,0
1,10,1.6565,19.0151,0,0
1,10,19.3435,1.98492,0,0
1,10,19.3435,19.0151,0,0
1,10,1.58579,2.05563,0,0
1,10,1.58579,18.9444,0,0
1,10,19.4142,2.05563,0,0
1,10,19.4142,18.9444,0,0
1,10,1.51508,2.12635,0,0
1,10,1.51508,18.8737,0,0
1,10,19.4849,2.12635,0,0
1,10,19.4849,18.8737,0,0
1,10,1.44437,2.19706,0,0
1,10,1.44437,18.8029,0,0
1,10,19.5556,2.19706,0,0
1,10,19.5556,18.8029,0,0
1,10,1.37365,2.26777,0,0
1,10,1.37365,18.7322,0,0
1,10,19.6263,2.26777,0,0
1,10,19.6263,18.7322,0,0
1,10,1.30294,2.33848,0,0
1,10,1.30294,18.6615,0,0
1,10,19.6971,2.33848,0,0
1,10,19.6971,18.6615,0,0
1,10,1.23223,2.40919,0,0
1,10,1.23223,18.5908,0,0
1,10,19.7678,2.40919,0,0
1,10,19.7678,18.5908,0,0
1,10,1.16152,2.4799,0,0
1,10,1.16152,18.5201,0,0
1,10,19.8385,2.4799,0,0
1,10,19.8385,18.5201,0,0
1,10,1.09081,2.55061,0,0
1,10,1.09081,18.4494,0,0
1,10,19.9092,2.55061,0,0
1,10,19.9092,18.4494,0,0
1,10,1.0201,2.62132,0,0
1,10,1.0201,18.3787,0,0
1,10,19.9799,2.62132,0,0
1,10,19.9799,18.3787,0,0
1,10,0.94939,2.69203,0,0
1,10,0.94939,18.308,0,0
1,10,20.0506,2.69203,0,0
1,10,20.0506,18.308,0,0
1,10,0.87868,2.76274,0,0
1,10,0.87868,18.2373,0,0
1,10,20.1213,2.76274,0,0
1,10,20.1213,18.2373,0,0
1,10,0.807969,2.83345,0,0
1,10,0.807969,18.1665,0,0
1,10,20.192,2.83345,0,0
1,10,20.192,18.1665,0,0
1,10,0.737258,2.90416,0,0
1,10,0.737258,18.0958,0,0
1,10,20.2627,2.90416,0,0
1,10,20.2627,18.0958,0,0
1,10,0.666548,2.97487,0,0
1,10,0.666548,18.0251,0,0
1,10,20.3335,2.97487,0,0
1,10,20.3335,18.0251,0,0
1,10,0.595837,3.04558,0,0
1,10,0.595837,17.9544,0,0
1,10,20.4042,3.04558,0,0
1,10,20.4042,17.9544,0,0
1,10,0.525126,3.1163,0,0
1,10,0.525126,17.8837,0,0
1,10,20.4749,3.1163,0,0
1,10,20.4749,17.8837,0,0
