6016 2 0.25 5000 0.25 0 2 0 0.001 0 9.81 40 27
0,62.5,2.59568,21.6518,-0.0353592,0.298919
0,62.5,31.0638,18.2328,0.325148,-0.229934
0,62.5,2.55268,21.4242,0.195534,0.284327
0,62.5,31.0603,17.7268,0.360452,-0.261067
0,62.5,2.35363,20.9822,0.125888,0.430609
0,62.5,21.2581,19.9223,0.276331,0.213523
0,62.5,1.23038,20.6022,0.078767,0.59274
0,62.5,21.5722,20.2007,0.377834,0.0269934
0,62.5,1.22513,21.1616,0.0673467,0.425075
0,62.5,18.8061,20.2261,0.0672188,0.284982
0,62.5,2.79371,20.8362,0.128909,0.114995
0,62.5,20.7359,23.1312,0.110076,0.0445922
0,62.5,2.4148,21.2153,0.103618,0.393173
0,62.5,18.2949,22.8458,-0.00877807,-0.0584394
0,62.5,2.28036,21.4466,0.132071,0.318892
0,62.5,20.2006,24.3428,0.0509517,-0.149571
0,62.5,7.28862,17.322,-0.0254502,-0.621349
0,62.5,17.3574,24.2656,0.229841,0.0896422
0,62.5,1.4643,21.8439,-0.00513993,0.365151
0,62.5,20.4364,19.9554,0.319734,0.242735
0,62.5,2.64525,21.1098,0.115957,0.184445
0,62.5,25.847,19.4224,0.076666,0.0616522
0,62.5,1.93593,21.9389,0.089783,0.451717
0,62.5,32.6281,17.3536,0.110326,-0.318717
0,62.5,1.84686,21.0282,0.104308,0.325358
0,62.5,32.9823,17.6563,0.239379,-0.45137
0,62.5,1.62386,21.171,0.185181,0.529429
0,62.5,38.5302,17.3352,-0.219137,0.651106
0,62.5,1.49735,21.5977,0.120121,0.452867
0,62.5,36.5027,20.4905,0.0300488,-0.033958
0,62.5,1.69945,21.8707,0.0446813,0.546476
0,62.5,36.1414,20.3615,0.173863,-0.017867
0,62.5,1.67707,21.4666,0.126109,0.39511
0,62.5,36.3091,20.1813,0.1173,0.00153028
0,62.5,1.23934,21.9813,0.0157531,0.315109
0,62.5,36.2111,19.9142,0.150278,-0.0103951
0,62.5,1.49382,22.1062,0.0216722,0.336918
0,62.5,38.2969,19.3022,-0.0804133,0.60878
0,62.5,1.53173,22.3586,0.207739,0.229058
0,62.5,38.5139,21.2578,0.0151574,0.590675
0,62.5,1.26191,22.2263,-0.0079635,0.280967
0,62.5,1.32951,18.6682,-0.0495609,0.69281
0,62.5,1.71873,22.7076,0.137551,0.246962
0,62.5,38.3567,15.822,-0.163642,0.654173
0,62.5,1.26463,22.4567,0.121879,0.178518
0,62.5,36.8569,20.5621,0.012499,0.167339
0,62.5,1.50895,22.5977,0.108517,0.182018
0,62.5,37.7729,17.3781,-0.0631658,0.689423
0,62.5,1.2509,22.6931,0.0602058,0.0914984
0,62.5,38.2861,19.0502,0.0647231,0.571297
0,62.5,1.77405,22.4033,0.238516,0.402171
0,62.5,37.3619,21.2878,-0.248496,0.352217
0,62.5,1.70745,23.0003,0.0541216,0.176596
0,62.5,36.7163,21.5791,-0.0802345,0.352913
0,62.5,1.25191,23.1763,0.0716289,-0.0112592
0,62.5,3.99319,16.3337,0.125573,-0.0490136
0,62.5,1.26125,22.9352,0.0406104,0.0287662
0,62.5,38.2907,18.5268,0.121628,0.71783
0,62.5,1.26034,23.4208,-0.0108022,-0.0223649
0,62.5,37.1137,16.9585,0.112626,0.0656743
0,62.5,1.69046,23.5573,0.0445875,0.187906
0,62.5,37.4449,21.0462,-0.14975,0.384961
0,62.5,1.25767,23.6559,0.0314912,-0.0193735
0,62.5,33.3975,18.8377,0.196105,-0.210963
0,62.5,1.25399,23.9009,-0.0238666,0.015961
0,62.5,34.0936,18.3724,0.126504,-0.130522
0,62.5,1.25044,24.1441,0.0239933,0.0079399
0,62.5,2.54971,15.4362,-0.10967,0.223455
0,62.5,1.254,24.387,0.00134612,-0.000688182
0,62.5,38.5068,19.8919,-0.209336,0.465058
0,62.5,1.49243,24.4969,0.0586981,0.0810532
0,62.5,38.3303,18.0434,-0.04027,0.618414
0,62.5,1.71227,24.6333,0.064297,0.199001
0,62.5,38.5182,20.6607,-0.012348,0.403155
0,62.5,1.24326,24.6341,0.00332405,-0.0383068
0,62.5,35.5215,16.8771,-0.092564,-0.0413747
0,62.5,1.24126,25.1304,-0.0230704,0.081419
0,62.5,36.4755,16.1531,-0.000316553,0.101079
0,62.5,1.49671,25.0113,-0.15706,0.0804148
0,62.5,1.23633,16.4736,0.0581497,0.830278
0,62.5,1.22603,25.3951,0.0529585,0.0607851
0,62.5,25.6359,19.3367,0.0242559,0.225144
0,62.5,1.73239,24.9102,-0.146804,0.0971719
0,62.5,36.3938,15.8081,-0.115725,0.264458
0,62.5,1.21322,25.7147,-0.0306084,0.101248
0,62.5,1.8564,21.2821,0.218243,0.413633
0,62.5,1.46042,25.2715,0.0563464,0.12091
0,62.5,2.41696,15.9678,-0.0899953,0.180821
0,62.5,1.24385,25.9859,0.0574278,0.139317
0,62.5,18.8356,24.2956,0.0502812,-0.128467
0,62.5,1.56047,25.7207,0.205174,-0.125207
0,62.5,19.9059,26.0159,0.0494182,-0.000287024
0,62.5,1.44281,25.9472,0.00425432,-0.237837
0,62.5,18.3565,26.0056,0.0594687,0.0689582
0,62.5,1.7897,25.7615,0.160712,0.0687949
0,62.5,20.1556,25.9739,0.0597727,0.0621419
0,62.5,1.91727,26.001,-0.0966009,0.082906
0,62.5,20.2143,25.7473,-0.230413,-0.00408128
0,62.5,1.66641,26.0148,-0.144938,0.0558434
0,62.5,20.7031,26.0209,0.0436901,0.0273737
0,62.5,2.00799,21.4618,0.0739665,0.48428
0,62.5,31.324,18.1525,0.337535,-0.259276
0,62.5,1.67695,19.9817,-0.028336,0.90561
0,62.5,31.2098,18.4235,0.380424,-0.261525
0,62.5,1.22635,20.0547,-0.0288956,0.592965
0,62.5,29.2831,18.2489,0.310811,-0.216141
0,62.5,1.23731,20.3347,-0.034526,0.663129
0,62.5,23.4106,19.6989,0.0990012,-0.0221314
0,62.5,1.45933,20.437,0.027626,0.669862
0,62.5,21.8337,19.8786,0.304179,0.105095
0,62.5,2.28032,20.4307,0.0269892,0.342255
0,62.5,17.4656,20.0515,-0.119459,0.264681
0,62.5,2.90115,21.0632,0.158484,0.0630033
0,62.5,21.0851,21.7324,0.03247,0.0834958
0,62.5,1.90124,19.9111,0.0332615,0.432982
0,62.5,19.7895,19.9927,0.196637,0.218251
0,62.5,3.05188,21.2637,0.128476,0.0583402
0,62.5,17.0394,24.1816,0.139278,0.0216099
0,62.5,3.02657,20.7525,0.116506,-0.0223302
0,62.5,20.5301,23.2855,0.0673657,-0.0170967
0,62.5,3.09317,21.4855,-0.00914304,0.0565904
0,62.5,18.4175,24.8974,0.153665,-0.0299386
0,62.5,2.19107,21.9327,0.0922597,0.303141
0,62.5,17.2356,24.0392,0.173086,0.106714
0,62.5,2.78397,21.3146,0.140885,0.075125
0,62.5,18.1424,24.8655,0.0957812,0.0192762
0,62.5,2.32639,21.6753,-0.0252548,0.290695
0,62.5,20.5362,23.7165,0.0935695,0.0937838
0,62.5,2.74265,21.8458,0.0846319,0.247574
0,62.5,19.9844,19.9758,0.313866,0.330029
0,62.5,2.07133,21.7024,-0.0419522,0.395584
0,62.5,21.443,19.9678,0.350728,0.027001
0,62.5,2.26174,22.1469,0.0602383,0.311985
0,62.5,27.0214,19.1181,0.327347,-0.000424593
0,62.5,1.73347,22.1451,0.127148,0.449285
0,62.5,22.8781,19.872,0.143031,0.04624
0,62.5,1.81713,21.6641,-0.076776,0.496757
0,62.5,35.7983,16.0165,-0.0987618,0.178556
0,62.5,2.14097,22.7177,0.292497,0.389474
0,62.5,36.5847,15.9071,-0.0180742,0.175595
0,62.5,2.18536,22.9583,0.157399,0.345958
0,62.5,37.7218,15.8184,0.0313189,0.463719
0,62.5,2.10704,22.3739,0.24253,0.416745
0,62.5,37.648,16.0311,0.250899,0.475066
0,62.5,1.97961,22.1895,0.186739,0.408982
0,62.5,36.5171,20.2182,0.138127,-0.112296
0,62.5,1.9302,22.5638,0.275121,0.376765
0,62.5,38.5063,17.653,0.0906855,0.736599
0,62.5,1.94994,23.1164,0.0606484,0.196771
0,62.5,13.1616,19.1462,-0.323377,-0.0682102
0,62.5,1.49611,22.8625,0.0992147,0.142108
0,62.5,38.4929,20.419,-0.143516,0.357989
0,62.5,1.49403,23.1437,0.0477008,0.16455
0,62.5,38.1062,15.1825,0.30181,0.710859
0,62.5,1.92475,22.8589,0.154225,0.247502
0,62.5,37.5327,20.7684,-0.00643794,0.486322
0,62.5,1.72061,23.272,0.0185972,0.190054
0,62.5,36.6917,15.375,-0.123748,0.406554
0,62.5,1.49719,23.4139,0.0380582,0.202402
0,62.5,35.9417,20.4852,0.198809,0.0654458
0,62.5,1.93727,23.3812,0.0270741,0.16265
0,62.5,37.9445,20.635,0.0565878,0.51318
0,62.5,1.49574,23.9807,-0.00681937,0.173708
0,62.5,38.2827,17.7046,-0.0184134,0.676007
0,62.5,1.49236,23.716,-0.0114499,0.155155
0,62.5,38.0507,18.8523,-0.00972429,0.4614
0,62.5,1.49872,24.242,0.0446686,0.167711
0,62.5,37.3619,15.8612,0.16842,0.37675
0,62.5,1.73547,24.3687,0.115843,0.215873
0,62.5,38.3212,21.0866,-0.0110879,0.531338
0,62.5,1.96017,24.4718,0.0758528,0.218029
0,62.5,24.8696,19.4306,0.0489811,-0.0157531
0,62.5,2.20466,24.3272,0.0360317,0.303005
0,62.5,38.2555,15.218,0.350458,0.683587
0,62.5,1.25057,24.8822,-0.0716424,0.0246684
0,62.5,36.4553,20.8356,0.131847,0.124428
0,62.5,1.93151,24.7437,0.08662,0.189289
0,62.5,36.8999,15.7803,0.0351791,0.297487
0,62.5,1.48721,24.7604,-0.0589365,0.0289948
0,62.5,37.4148,19.3809,-0.257796,0.236646
0,62.5,1.95582,25.0491,-0.12959,0.0417463
0,62.5,1.90411,20.7643,0.108335,0.408368
0,62.5,2.1335,24.8896,0.0689793,0.273989
0,62.5,32.0705,17.4514,0.222271,-0.523991
0,62.5,1.94983,25.2844,0.0787278,-0.00151608
0,62.5,20.3506,24.8032,-0.040062,-0.103739
0,62.5,2.20016,25.2758,0.0652964,0.0720494
0,62.5,18.5156,20.2401,-0.0158833,0.15155
0,62.5,1.71267,25.1717,-0.0628044,0.0921201
0,62.5,19.2371,23.3349,0.0208137,0.049115
0,62.5,1.40246,25.5665,-0.0520942,0.0796181
0,62.5,20.4446,25.6559,-0.26005,0.157763
0,62.5,1.64336,25.4314,0.0956313,0.0981134
0,62.5,19.6618,25.7773,-0.0428427,0.0206349
0,62.5,2.0381,25.7505,0.105843,0.122584
0,62.5,20.0439,25.543,-0.191708,-0.076426
0,62.5,2.28764,25.7475,0.0960028,0.0288315
0,62.5,22.1463,26.0212,0.083707,0.00925973
0,62.5,2.1591,26.0016,0.00867579,0.0525293
0,62.5,23.0314,26.0269,0.200523,-0.00326504
0,62.5,2.05409,20.5737,0.0867519,0.440415
0,62.5,31,18.0007,0.385562,-0.248099
0,62.5,1.23401,17.7014,0.0533915,0.658358
0,62.5,32.8128,17.2628,0.0702524,-0.382065
0,62.5,1.48592,18.2274,0.00733933,0.569243
0,62.5,32.2293,17.4167,0.119058,-0.482942
0,62.5,1.66377,20.2662,-0.0311019,0.704551
0,62.5,30.5588,17.8848,0.368096,-0.174894
0,62.5,1.44242,19.8774,0.0471407,0.633542
0,62.5,32.0972,17.7108,0.239619,-0.358314
0,62.5,1.64006,19.7154,-0.0733899,0.858443
0,62.5,30.9132,17.7684,0.375766,-0.236478
0,62.5,3.27746,20.6812,0.10984,-0.0334316
0,62.5,26.9042,19.3947,0.351113,-0.0153911
0,62.5,3.40197,21.3518,0.027231,0.0139051
0,62.5,22.6351,19.8025,0.149492,0.0930805
0,62.5,3.2865,21.1625,0.109517,-0.0401598
0,62.5,20.0831,20.4932,0.227046,0.205883
0,62.5,2.84726,21.5497,-0.0431567,0.112683
0,62.5,21.0866,19.947,0.275584,0.281853
0,62.5,3.57442,21.5083,-0.0490362,0.232831
0,62.5,20.2999,19.9634,0.340818,0.366282
0,62.5,2.55907,22.0884,-0.0271217,0.289312
0,62.5,21.0736,21.4968,0.176903,0.0568734
0,62.5,2.45553,21.8882,0.0826908,0.264435
0,62.5,17.057,24.9908,0.12747,-0.0623752
0,62.5,2.42217,22.3186,0.113849,0.354547
0,62.5,18.4131,24.4526,0.11691,0.0430923
0,62.5,2.97096,21.7594,-0.0115129,0.0402637
0,62.5,21.111,21.2471,0.168658,0.0701485
0,62.5,2.29231,22.539,0.298641,0.411521
0,62.5,18.3231,25.1089,0.153409,-0.036433
0,62.5,2.548,22.5776,0.3232,0.261435
0,62.5,17.2717,23.4261,-0.101178,0.0357088
0,62.5,3.5794,22.0047,-0.133319,0.331876
0,62.5,16.9633,24.5356,0.093385,-0.0751243
0,62.5,2.82153,22.0726,0.0211307,0.164065
0,62.5,17.3335,23.6533,-0.135179,0.105475
0,62.5,3.66975,22.2926,0.00202672,0.181599
0,62.5,17.3435,24.8772,0.0934396,-0.0111371
0,62.5,2.67474,22.3236,0.103435,0.175529
0,62.5,17.5258,25.0597,0.101644,0.0331898
0,62.5,2.42296,22.7995,0.319478,0.292206
0,62.5,18.8572,22.5564,0.0971354,0.0784892
0,62.5,2.66386,22.8449,0.252547,0.174698
0,62.5,18.0461,25.0766,0.139436,0.0270177
0,62.5,2.91236,22.3305,0.174116,0.0287506
0,62.5,25.477,19.3478,0.0340678,0.0231146
0,62.5,2.85629,23.0085,0.114954,0.340352
0,62.5,19.948,24.3873,-0.00422429,-0.184633
0,62.5,2.43136,23.0455,0.133724,0.287839
0,62.5,20.2287,20.7239,0.248412,0.219178
0,62.5,2.40152,23.3161,0.0595297,0.281666
0,62.5,20.8705,21.1671,0.117413,0.132416
0,62.5,2.84107,23.3084,0.0696264,0.277374
0,62.5,37.1533,15.8498,0.130053,0.277157
0,62.5,2.18239,23.212,0.0646546,0.289252
0,62.5,18.2459,23.9524,-0.103866,0.0170405
0,62.5,1.91545,23.6495,0.0121235,0.215652
0,62.5,17.4795,24.5148,0.205103,0.0970128
0,62.5,1.95189,23.9489,-0.0115093,0.175447
0,62.5,18.2705,24.6547,0.14447,0.0478971
0,62.5,2.33714,23.8718,0.00526438,0.264338
0,62.5,21.6484,22.2439,0.0791364,0.153012
0,62.5,1.72693,24.106,0.0374516,0.211775
0,62.5,17.7732,25.0503,0.107696,0.0921451
0,62.5,1.96855,24.2081,0.0719499,0.164302
0,62.5,18.7307,23.8274,-0.138194,-0.075966
0,62.5,2.42716,24.2251,0.0275041,0.315168
0,62.5,35.3486,16.538,-0.146354,-0.0939465
0,62.5,2.70206,24.1972,-0.00441972,0.284197
0,62.5,20.4717,20.6113,0.280497,0.261444
0,62.5,2.5937,24.7355,0.119568,0.275494
0,62.5,16.7162,24.6136,0.0554764,-0.158471
0,62.5,2.4061,24.5061,0.0539092,0.315324
0,62.5,17.623,23.2701,-0.0390971,0.0551979
0,62.5,2.53547,25.0012,0.235595,0.287064
0,62.5,20.3029,23.082,0.0678116,-0.121105
0,62.5,2.16567,24.6012,0.0954957,0.324909
0,62.5,19.2805,24.0384,0.0685654,-0.100658
0,62.5,2.36048,24.7757,0.122957,0.328891
0,62.5,19.6452,24.6404,0.107247,-0.14709
0,62.5,2.30016,25.068,0.152777,0.186117
0,62.5,19.047,25.3611,0.0709466,-0.0424835
0,62.5,2.47937,25.2751,0.168187,0.182785
0,62.5,20.8084,20.9538,0.222412,0.217199
0,62.5,2.63689,25.5032,0.190101,0.142037
0,62.5,20.7701,25.599,-0.198335,0.10423
0,62.5,2.87591,25.4916,0.240947,0.148588
0,62.5,21.2769,26.0174,0.248461,0.0549995
0,62.5,2.11943,25.5133,0.0868831,0.0428118
0,62.5,20.8475,25.8038,0.0376607,0.0921573
0,62.5,2.37672,25.5037,0.107444,0.0693505
0,62.5,20.5513,25.8409,0.0360047,-0.00366632
0,62.5,1.84821,25.5173,0.176294,0.00631833
0,62.5,21.5811,26.0329,0.31051,-0.00767079
0,62.5,2.53258,25.7478,0.104074,0.0762046
0,62.5,21.7408,25.8186,0.281844,-0.169292
0,62.5,2.40092,25.999,0.0146954,0.0332479
0,62.5,23.3251,26.0251,0.120959,-0.059129
0,62.5,2.33242,15.6017,-0.111335,0.221844
0,62.5,29.7132,18.3148,0.29168,-0.158782
0,62.5,1.4385,17.8682,0.0942044,0.598215
0,62.5,33.2382,17.5436,0.129292,-0.492013
0,62.5,1.23714,16.2026,-0.339261,0.712673
0,62.5,31.4699,17.6459,0.358679,-0.316139
0,62.5,1.41449,19.5861,-0.170704,0.70662
0,62.5,32.723,17.5555,0.189946,-0.347199
0,62.5,2.11385,20.2736,0.0255251,0.383094
0,62.5,32.3506,17.6827,0.150156,-0.293957
0,62.5,1.22038,19.4476,0.0239682,0.44253
0,62.5,32.4455,17.4428,0.123883,-0.322477
0,62.5,3.55233,21.0746,0.10255,-0.030598
0,62.5,31.5914,18.1101,0.315682,-0.277247
0,62.5,2.56408,20.8585,0.108282,0.300871
0,62.5,31.2817,17.9356,0.404533,-0.264923
0,62.5,3.68573,21.2499,-0.118734,0.183352
0,62.5,29.8508,18.0579,0.335845,-0.146778
0,62.5,4.18926,21.1722,-0.139901,-0.0708609
0,62.5,26.3541,19.0825,0.112588,0.254539
0,62.5,3.82712,21.4666,-0.0923671,0.173406
0,62.5,24.7351,19.4476,0.0652781,-0.0369014
0,62.5,4.06386,21.4448,-0.105601,-0.0359453
0,62.5,22.0705,19.8367,0.327308,0.119576
0,62.5,3.29453,21.5876,0.0380971,-0.0170213
0,62.5,20.6357,20.224,0.32443,0.266848
0,62.5,3.6978,21.739,-0.151803,0.255014
0,62.5,19.6343,20.0464,0.300447,0.128214
0,62.5,3.45396,21.7758,-0.114108,0.247577
0,62.5,20.9779,20.5477,0.393471,0.185657
0,62.5,3.18237,21.8314,0.0531603,-0.0232944
0,62.5,19.4642,20.2183,0.187525,0.135231
0,62.5,3.8077,22.0026,-0.0998806,0.0597832
0,62.5,19.9072,20.2905,0.265447,0.18236
0,62.5,4.04216,21.9737,-0.032621,0.0157991
0,62.5,20.3302,23.5557,0.165184,-0.117107
0,62.5,4.20089,22.1506,-0.144271,0.0611378
0,62.5,21.0332,20.7969,0.297703,0.166713
0,62.5,3.89817,22.2431,-0.0288364,-0.0203912
0,62.5,20.7202,22.8442,0.0973903,0.0415685
0,62.5,3.05123,22.0633,0.0561016,-0.0571109
0,62.5,20.774,20.6971,0.3158,0.214236
0,62.5,2.7826,22.5872,0.328382,0.0532217
0,62.5,19.5414,23.9687,0.0734684,-0.1498
0,62.5,3.1791,22.2696,-0.0721792,0.193463
0,62.5,20.0292,23.849,0.145179,-0.0645485
0,62.5,3.21569,22.7272,0.105063,0.238328
0,62.5,19.9872,24.138,0.0848998,-0.163529
0,62.5,3.06167,22.5208,0.100058,0.312525
0,62.5,18.9839,24.4992,0.130307,-0.155369
0,62.5,2.94193,22.7659,0.114503,0.335091
0,62.5,20.8427,19.9891,0.304167,0.247248
0,62.5,2.64758,23.1371,0.055337,0.25408
0,62.5,20.2847,23.3344,0.0285803,-0.124547
0,62.5,2.60825,23.4198,0.0716935,0.232949
0,62.5,20.3046,20.436,0.232414,0.299131
0,62.5,2.15516,23.4789,-0.0178932,0.282669
0,62.5,20.9429,22.9577,0.115918,0.0574061
0,62.5,1.72186,23.8382,-0.0390994,0.225391
0,62.5,18.802,24.0511,-0.137823,-0.12479
0,62.5,2.12288,23.7633,0.0197475,0.249564
0,62.5,18.8881,25.1345,0.136392,-0.0424246
0,62.5,2.56636,23.6995,-0.0211651,0.252404
0,62.5,21.1124,22.0608,0.0715255,-0.021111
0,62.5,2.53257,24.0052,-0.0104555,0.279464
0,62.5,21.2765,21.9001,0.122677,0.0709787
0,62.5,2.19235,24.0678,0.0438729,0.290557
0,62.5,20.3767,20.2253,0.387505,0.32544
0,62.5,2.74747,23.873,-0.0351044,0.286591
0,62.5,20.2543,22.4973,0.205727,-0.0972805
0,62.5,2.62561,24.4398,0.0606327,0.315555
0,62.5,18.695,23.5941,-0.0887253,-0.0828905
0,62.5,2.80873,24.6653,0.116277,0.269374
0,62.5,20.8896,21.8907,0.0170406,-0.0168999
0,62.5,2.76919,24.97,0.226178,0.219756
0,62.5,22.1769,20.0954,0.240753,0.0846394
0,62.5,2.94537,25.2179,0.26163,0.12938
0,62.5,17.5791,24.7998,0.101022,0.0731982
0,62.5,2.71874,25.2351,0.246575,0.244221
0,62.5,21.2648,20.6571,0.349096,0.12095
0,62.5,3.14582,25.117,0.293171,0.142339
0,62.5,19.3933,24.4446,-0.0145189,-0.113514
0,62.5,3.38895,25.0673,0.24698,0.0540028
0,62.5,21.0418,24.6467,0.038258,0.298547
0,62.5,3.10274,25.4527,0.272855,0.0884129
0,62.5,19.335,25.3589,0.0299219,-0.00963129
0,62.5,3.56089,25.2696,0.261779,0.023636
0,62.5,20.9868,26.0207,0.133679,0.0422034
0,62.5,3.30255,25.334,0.300967,0.142176
0,62.5,21.1402,25.8181,0.0838539,0.132567
0,62.5,3.22797,25.6738,0.297668,0.111151
0,62.5,21.4415,25.8272,0.244523,0.109346
0,62.5,3.02133,25.7525,0.232335,-0.013465
0,62.5,21.6486,25.6201,-0.210351,0.00566375
0,62.5,2.77749,25.7446,0.141791,0.117478
0,62.5,21.9736,25.5795,0.0278993,-0.147915
0,62.5,2.88222,25.9987,0.112155,0.0112522
0,62.5,21.8753,26.0151,0.14255,-0.0596979
0,62.5,2.64159,26.001,0.0651473,0.0506707
0,62.5,23.8649,26.0095,-0.0495017,-0.0227602
0,62.5,1.19324,15.8986,0.0469201,0.596603
0,62.5,34.0349,16.7851,-0.2032,-0.35687
0,62.5,1.59863,18.6883,-0.0704084,0.67222
0,62.5,28.3649,18.5031,0.327926,-0.0440408
0,62.5,1.24741,17.2987,-0.105164,0.696736
0,62.5,33.3389,17.1414,0.0498458,-0.400201
0,62.5,1.86063,19.6444,-0.0492349,0.759208
0,62.5,32.7435,17.8006,0.222243,-0.399144
0,62.5,1.56948,19.4157,0.0516438,0.943405
0,62.5,32.0864,17.9534,0.255916,-0.363054
0,62.5,3.09931,20.485,0.111325,-0.0172617
0,62.5,30.5888,18.2745,0.330804,-0.195501
0,62.5,2.34416,20.0974,0.00860411,0.449874
0,62.5,30.8351,18.7661,0.354064,-0.211877
0,62.5,3.83036,20.9858,-0.0420146,0.0573567
0,62.5,31.8292,17.8129,0.326189,-0.335629
0,62.5,3.14254,20.9672,0.0880698,0.000779679
0,62.5,28.9177,18.5739,0.390648,-0.128731
0,62.5,4.51344,20.9774,-0.0970898,0.0221396
0,62.5,30.9408,18.4796,0.350886,-0.23101
0,62.5,3.94819,21.2064,-0.161944,0.0866587
0,62.5,30.3955,17.9015,0.343895,-0.189604
0,62.5,4.31888,20.8637,-0.0776656,-0.0619364
0,62.5,31.8655,17.5493,0.300631,-0.408597
0,62.5,4.4035,21.222,-0.141498,-0.0271701
0,62.5,31.2972,17.6965,0.338686,-0.267378
0,62.5,4.2935,21.4713,-0.100687,-0.0521878
0,62.5,30.7209,17.9758,0.392476,-0.223293
0,62.5,4.43312,21.687,-0.148029,-0.0144353
0,62.5,29.9965,18.0043,0.375749,-0.143819
0,62.5,3.9301,21.7192,-0.0987549,0.0772357
0,62.5,27.2964,19.1295,0.364301,0.0173175
0,62.5,4.16186,21.7192,-0.119746,-0.0483206
0,62.5,27.3322,18.8238,0.254975,0.054065
0,62.5,4.32109,21.9193,-0.105504,-0.0220046
0,62.5,26.1172,19.1633,0.0902594,0.157956
0,62.5,4.5899,21.9355,-0.0721285,-0.0782901
0,62.5,24.3327,19.5112,0.0942822,-0.0744799
0,62.5,4.47033,22.1549,-0.148137,-0.122358
0,62.5,21.6722,19.9231,0.258125,-0.0237397
0,62.5,4.34366,22.3835,-0.205,-0.0716993
0,62.5,22.5159,19.8169,0.126247,0.0164874
0,62.5,3.32919,22.0362,-0.114582,0.261643
0,62.5,24.176,19.555,0.105705,-0.0982236
0,62.5,3.44961,22.2634,-0.039641,0.28461
0,62.5,20.1115,20.1517,0.38687,0.260107
0,62.5,3.32895,22.49,0.0282625,0.195592
0,62.5,23.6123,19.6646,0.105064,-0.0374987
0,62.5,3.37557,22.8942,0.0629421,0.348393
0,62.5,21.3338,22.2339,0.0867792,0.0785941
0,62.5,3.11379,22.9754,0.145882,0.285046
0,62.5,23.1334,20.1887,0.127334,0.0240412
0,62.5,3.29811,23.1688,0.114988,0.34586
0,62.5,20.7373,22.618,0.182498,0.0357799
0,62.5,3.05641,23.2297,0.0920627,0.258337
0,62.5,22.2115,19.8485,0.370281,0.00261039
0,62.5,3.24386,23.4452,0.0344176,0.29842
0,62.5,25.0774,19.5346,0.112812,-0.072217
0,62.5,2.36191,23.5897,0.0167048,0.241669
0,62.5,23.0394,19.7738,0.134002,0.00527644
0,62.5,2.80055,23.5914,-0.00490784,0.299457
0,62.5,23.4511,19.9509,0.0943332,-0.0164516
0,62.5,3.0274,23.5226,-0.000406752,0.255798
0,62.5,22.7889,20.0796,0.181514,0.0600838
0,62.5,2.97811,23.8131,-0.0221813,0.264925
0,62.5,21.0569,20.1825,0.318293,0.260203
0,62.5,3.07883,24.3084,0.0491607,0.228944
0,62.5,20.6582,20.4613,0.302494,0.304382
0,62.5,2.9096,24.0873,-0.00380055,0.268833
0,62.5,19.7846,23.6898,0.189003,-0.155547
0,62.5,2.87675,24.4096,0.0504441,0.241085
0,62.5,19.2078,23.564,-0.0530753,0.0644596
0,62.5,3.05025,24.6329,0.108027,0.174035
0,62.5,20.0511,23.148,0.0533332,-0.0967963
0,62.5,3.42826,24.7586,0.248949,0.12088
0,62.5,21.7469,21.6501,0.0687122,0.128674
0,62.5,2.97805,24.8976,0.23874,0.199089
0,62.5,20.7474,24.5842,0.157316,0.286039
0,62.5,3.67073,24.7207,0.264257,0.0839855
0,62.5,21.7242,21.9358,0.0788154,0.13336
0,62.5,3.2196,24.8516,0.217409,0.105336
0,62.5,20.5928,24.7623,0.0312361,0.141259
0,62.5,3.60518,24.9772,0.294473,0.0792869
0,62.5,20.0854,24.8074,0.00576018,-0.165212
0,62.5,3.79644,25.1897,0.31704,0.0149841
0,62.5,19.8041,24.8395,0.0587804,-0.112343
0,62.5,3.73821,25.4602,0.332856,-0.0678443
0,62.5,20.9615,25.1253,-0.112948,0.18511
0,62.5,3.6744,25.7047,0.279177,-0.0757396
0,62.5,21.3526,25.617,-0.280719,0.210074
0,62.5,3.46581,25.5153,0.309963,0.0670995
0,62.5,20.111,25.2648,-0.0517991,-0.065792
0,62.5,3.92077,25.6737,0.287891,-0.0407902
0,62.5,22.0236,25.7911,0.15805,-0.121927
0,62.5,3.44112,25.774,0.287175,0.103171
0,62.5,22.4315,26.0212,0.0998206,-0.00275289
0,62.5,3.12476,25.9979,0.0966782,-0.000454043
0,62.5,23.603,26.017,0.00507542,-0.0618573
0,62.5,3.34913,25.9975,0.137373,0.0610279
0,62.5,23.9879,25.7633,-0.10394,-0.0628906
0,62.5,2.61929,20.5723,0.0933457,0.339631
0,62.5,35.6058,16.3551,-0.210888,0.0852644
0,62.5,1.66631,20.5809,0.116276,0.556389
0,62.5,32.9884,17.1669,0.0182954,-0.513379
0,62.5,9.87561,18.5611,-0.479726,-0.331088
0,62.5,33.8808,16.8819,-0.295938,-0.316721
0,62.5,1.69002,18.9273,0.0622984,0.660495
0,62.5,33.1688,17.1294,-0.0632515,-0.417299
0,62.5,1.57606,17.5126,-0.0222669,0.619968
0,62.5,33.0202,17.4234,0.148118,-0.435547
0,62.5,2.40164,20.6498,0.0656545,0.342933
0,62.5,32.5099,17.813,0.238002,-0.388402
0,62.5,4.09676,20.9415,-0.107799,-0.0244643
0,62.5,31.0658,18.6921,0.36256,-0.261336
0,62.5,2.08955,19.7059,0.109787,0.309675
0,62.5,30.7024,18.5144,0.360119,-0.218116
0,62.5,3.39592,20.8885,0.0882546,-0.0340388
0,62.5,28.8741,18.3018,0.318683,-0.13085
0,62.5,4.21105,20.3684,-0.118341,-0.0298025
0,62.5,26.865,18.982,0.260679,0.0860898
0,62.5,4.39119,20.5787,-0.166952,-0.0265636
0,62.5,25.9701,19.2144,0.117806,0.183657
0,62.5,4.66142,21.1906,-0.0963633,-0.00350015
0,62.5,26.7143,19.2718,0.263409,0.0790696
0,62.5,4.55284,21.4426,-0.109163,-0.033143
0,62.5,27.225,18.8744,0.270111,0.0335248
0,62.5,4.88541,21.2303,-0.0760543,-0.0411463
0,62.5,30.8055,18.2311,0.338051,-0.24212
0,62.5,4.7922,21.4782,-0.0934945,-0.0588402
0,62.5,29.0934,18.3151,0.309638,-0.209177
0,62.5,5.14239,21.2375,-0.0753519,-0.0307115
0,62.5,29.6062,18.0882,0.37266,-0.162256
0,62.5,4.68659,21.7119,-0.137069,-0.0831767
0,62.5,29.4599,18.1286,0.324312,-0.150036
0,62.5,4.91339,21.7679,-0.121755,-0.0784471
0,62.5,30.2024,17.986,0.376069,-0.214343
0,62.5,4.77511,22.0789,-0.111704,-0.0196257
0,62.5,28.7295,18.3653,0.344558,-0.0583958
0,62.5,4.62018,22.3447,-0.189841,-0.103236
0,62.5,26.1628,19.4106,0.184354,0.143733
0,62.5,4.07619,22.3797,-0.197425,0.178317
0,62.5,26.3999,19.4791,0.227184,0.0896102
0,62.5,3.7375,22.528,-0.127261,0.116742
0,62.5,23.7868,19.6498,0.110894,-0.0478824
0,62.5,3.95165,22.6013,-0.16656,0.170429
0,62.5,26.7395,19.0327,0.267895,0.133253
0,62.5,3.52055,22.6052,-0.0188941,0.358306
0,62.5,23.2163,19.7106,0.105031,-0.0163465
0,62.5,3.60804,22.8337,0.0722595,0.290394
0,62.5,21.3313,20.2262,0.404839,0.0887212
0,62.5,3.52929,23.1206,0.128994,0.289392
0,62.5,22.4289,20.0495,0.205273,0.150752
0,62.5,3.75863,23.0891,0.111666,0.247829
0,62.5,21.333,21.6197,0.042911,0.113985
0,62.5,3.47108,23.401,0.0721506,0.307706
0,62.5,20.9892,22.5427,0.163387,0.0068491
0,62.5,3.64727,23.6364,0.0245605,0.272116
0,62.5,22.2409,20.3405,0.267223,0.0999615
0,62.5,3.41907,23.6817,0.0116205,0.276039
0,62.5,20.8788,20.3343,0.285533,0.253281
0,62.5,3.36463,23.9714,0.00555773,0.227067
0,62.5,21.7208,20.3673,0.325677,0.125266
0,62.5,3.20077,23.7427,-0.0298892,0.253138
0,62.5,21.4895,22.0554,0.0995584,0.137022
0,62.5,3.14524,24.0412,0.000381197,0.238787
0,62.5,21.0696,22.3022,0.122676,-0.0193084
0,62.5,3.59077,23.9166,0.0560922,0.246006
0,62.5,21.3793,20.8499,0.331642,0.0943796
0,62.5,3.25144,24.533,0.132497,0.187064
0,62.5,21.5755,21.2175,0.24611,0.0611385
0,62.5,3.53481,24.1962,0.0606464,0.162287
0,62.5,19.1307,24.6801,0.111433,-0.154161
0,62.5,3.49124,24.4985,0.150407,0.156878
0,62.5,21.8921,22.0929,0.0901364,0.101624
0,62.5,3.76782,24.1395,0.141577,0.140879
0,62.5,18.428,23.5383,0.0102015,-0.0534739
0,62.5,3.70551,24.4138,0.130154,0.0423616
0,62.5,19.5413,24.8891,0.0829947,-0.101001
0,62.5,3.94453,24.3572,0.244871,-0.0101761
0,62.5,21.0791,24.2033,0.0519485,0.17928
0,62.5,3.88081,24.6244,0.191102,-0.104193
0,62.5,20.2223,25.0358,-0.11439,-0.0946666
0,62.5,4.03802,25.1773,0.328336,-0.078192
0,62.5,21.3744,24.9398,0.0828293,0.185818
0,62.5,3.85145,24.9392,0.296131,-0.000299747
0,62.5,21.8106,25.4227,-0.139231,0.079473
0,62.5,3.98909,25.416,0.369851,-0.038249
0,62.5,22.1716,25.3715,0.0726826,-0.0423578
0,62.5,4.21533,25.4722,0.302097,-0.0374418
0,62.5,22.8898,25.8273,0.0822863,0.036189
0,62.5,4.13359,25.7364,0.216442,0.0574328
0,62.5,22.2557,25.5941,0.096598,-0.0485652
0,62.5,4.36671,25.7025,0.187355,0.0364545
0,62.5,23.1804,25.8146,0.0722991,-0.0827917
0,62.5,4.25006,25.9794,0.155415,0.0776394
0,62.5,22.3096,25.8142,0.0666087,-0.00539721
0,62.5,3.60696,26.0205,0.172368,0.00862166
0,62.5,24.1166,26.0053,-0.0711201,-0.0204552
0,62.5,3.81091,25.9335,0.157649,-0.0354602
0,62.5,24.2388,25.7558,-0.173391,-0.0750854
0,62.5,1.44814,18.9462,0.097319,0.825432
0,62.5,37.4802,16.1229,0.171949,0.438463
0,62.5,2.39142,18.9211,-0.0820047,0.344346
0,62.5,36.6837,16.7442,0.0612965,0.14645
0,62.5,1.44109,16.4416,-0.0241067,0.588338
0,62.5,33.4063,17.4053,0.140616,-0.365743
0,62.5,1.2403,19.187,0.0679672,0.511824
0,62.5,33.6517,16.9244,-0.231092,-0.543714
0,62.5,1.73119,19.1697,-0.0621565,0.736977
0,62.5,33.0319,17.874,0.232121,-0.39958
0,62.5,1.46018,19.2079,0.10082,0.85425
0,62.5,33.5357,16.9946,-0.250891,-0.502869
0,62.5,1.55631,18.4628,-0.125096,0.683392
0,62.5,32.3025,18.0038,0.293961,-0.342679
0,62.5,3.92115,20.7385,-0.139435,-0.0130759
0,62.5,32.8076,18.0356,0.288196,-0.408202
0,62.5,4.42032,20.2772,-0.0907186,0.0173954
0,62.5,31.8495,18.0681,0.318903,-0.270143
0,62.5,4.16462,20.6549,-0.183202,0.00173642
0,62.5,30.3809,18.9,0.383865,-0.139353
0,62.5,4.59123,20.7097,-0.149328,0.0114898
0,62.5,30.6108,18.815,0.374761,-0.208395
0,62.5,4.9677,20.9882,-0.0850263,-0.014595
0,62.5,30.3956,18.1876,0.347853,-0.17929
0,62.5,4.75283,20.9051,-0.106312,-0.0314902
0,62.5,29.1838,18.5559,0.301114,-0.190806
0,62.5,5.40719,21.2119,-0.0618852,-0.103343
0,62.5,27.5328,19.1528,0.448994,-0.155562
0,62.5,5.03087,21.4839,-0.0708569,-0.0344853
0,62.5,25.6196,19.6188,0.125887,0.114087
0,62.5,5.70192,21.6391,-0.0541262,-0.226631
0,62.5,25.022,19.7648,0.0503979,-0.0724459
0,62.5,5.44125,21.6459,-0.0280153,-0.141752
0,62.5,24.7631,19.709,0.0791021,-0.00650917
0,62.5,5.28595,21.4597,-0.0441004,-0.0791841
0,62.5,23.9919,19.6782,0.122773,-0.0836932
0,62.5,4.98992,21.9906,-0.134272,-0.121472
0,62.5,25.3527,19.6207,0.125593,0.0591608
0,62.5,5.14475,21.712,-0.092842,-0.0875209
0,62.5,23.7415,19.9247,0.0209221,-0.0291172
0,62.5,4.86623,22.2996,-0.126805,-0.0747804
0,62.5,25.2584,19.3905,0.0902042,0.0651912
0,62.5,5.20316,22.0927,-0.14345,-0.158357
0,62.5,23.1995,19.9917,0.110565,0.0253047
0,62.5,4.49286,22.5963,-0.172804,-0.146326
0,62.5,24.5177,19.5782,0.0930259,-0.0316764
0,62.5,4.74815,22.5675,-0.122034,-0.168084
0,62.5,21.8743,20.1088,0.280688,0.0672637
0,62.5,4.22451,22.6143,-0.15782,0.0335257
0,62.5,21.9936,20.3166,0.26904,0.0842244
0,62.5,4.38288,22.8342,-0.0858509,-0.0662697
0,62.5,21.6133,20.6646,0.308161,0.13479
0,62.5,4.1038,22.8343,-0.00704332,0.149501
0,62.5,22.9219,20.2659,0.176733,0.0781185
0,62.5,4.27535,23.057,0.0699663,0.0866739
0,62.5,21.3393,21.3711,0.160541,0.0594419
0,62.5,3.83868,22.83,0.0442218,0.211188
0,62.5,21.8591,20.7892,0.252948,0.152971
0,62.5,4.00596,23.0637,0.105401,0.218379
0,62.5,20.6391,24.3388,0.0773347,0.245081
0,62.5,3.82069,23.8581,0.0792145,0.197328
0,62.5,21.8059,21.3319,0.120166,0.268593
0,62.5,3.70094,23.3616,0.0741591,0.254986
0,62.5,21.6104,20.9237,0.311659,0.14974
0,62.5,3.31707,24.2702,0.0614039,0.217245
0,62.5,21.5756,21.4829,0.0433826,0.116346
0,62.5,3.88235,23.5839,0.0410392,0.209469
0,62.5,21.1236,21.0007,0.258812,0.109196
0,62.5,3.99726,24.0759,0.192701,0.0621286
0,62.5,20.4246,24.2499,0.148197,0.0409447
0,62.5,4.05797,23.8046,0.113623,0.0760218
0,62.5,22.1222,22.1729,0.121634,0.0822505
0,62.5,4.23473,24.0302,0.198053,-0.0675297
0,62.5,21.1038,23.7736,0.0346837,0.115476
0,62.5,4.17401,24.2997,0.301794,-0.0461978
0,62.5,21.3275,22.714,0.0755515,0.120521
0,62.5,4.05091,24.8377,0.204797,-0.221504
0,62.5,21.3989,23.8103,0.00806992,0.070266
0,62.5,4.12527,24.5774,0.303363,-0.141321
0,62.5,20.9553,23.9582,0.0778746,0.15785
0,62.5,4.3045,24.785,0.295349,-0.177386
0,62.5,21.5576,24.7224,0.0799027,0.124141
0,62.5,4.35939,24.5106,0.38277,-0.0440614
0,62.5,20.2801,25.4581,-0.15681,0.0127447
0,62.5,4.22015,25.0414,0.192021,-0.241897
0,62.5,21.52,25.4094,-0.24664,0.128782
0,62.5,4.53508,24.7403,0.370582,0.0709295
0,62.5,22.4051,25.1584,0.0469759,-0.0585898
0,62.5,4.70403,24.9679,0.329075,0.0894307
0,62.5,22.4384,25.3871,0.0831341,-0.0256289
0,62.5,4.47155,25.0196,0.243069,-0.0658848
0,62.5,22.726,26.0306,0.143971,0.00247759
0,62.5,4.33526,25.2713,0.219808,-0.21142
0,62.5,23.4605,25.7999,0.00698674,-0.142927
0,62.5,4.60402,25.7348,0.144242,-0.0412973
0,62.5,23.4191,25.5819,0.0729152,-0.178163
0,62.5,4.01594,26.0074,0.117091,-0.00394175
0,62.5,23.7008,25.554,0.0622089,-0.152825
0,62.5,4.47005,25.987,0.177362,0.00213022
0,62.5,24.3647,26.0035,-0.103685,-0.0142593
0,62.5,3.19411,20.2064,0.036208,-0.138447
0,62.5,35.2195,16.6995,-0.161603,-0.102106
0,62.5,1.61632,15.8424,-0.120247,0.791267
0,62.5,37.0341,15.3942,-0.0355296,0.389092
0,62.5,2.05057,19.3601,-0.114014,0.46618
0,62.5,34.0872,17.0867,-0.166498,-0.319583
0,62.5,3.52282,20.6057,0.0283847,-0.163633
0,62.5,33.7537,17.4548,0.0421234,-0.242745
0,62.5,1.3994,16.0406,-0.127241,0.75462
0,62.5,33.3384,17.7696,0.259241,-0.450319
0,62.5,2.14143,19.9995,0.0161299,0.3181
0,62.5,32.5321,18.0849,0.34562,-0.396446
0,62.5,4.61805,20.4257,-0.105923,0.016237
0,62.5,32.0373,18.2305,0.305901,-0.292414
0,62.5,5.00928,20.7407,-0.1677,-0.0257657
0,62.5,31.4808,18.3466,0.365889,-0.245582
0,62.5,4.81703,20.6001,-0.137591,-0.0517278
0,62.5,32.6546,18.2635,0.276649,-0.331518
0,62.5,5.21947,21.0001,-0.0776863,-0.0400829
0,62.5,30.0036,18.8434,0.42458,-0.195252
0,62.5,5.61302,21.0872,-0.0899078,-0.228927
0,62.5,30.1008,19.0629,0.390099,-0.171325
0,62.5,5.56049,21.3984,-0.04119,-0.200177
0,62.5,30.5556,19.0917,0.353064,-0.168915
0,62.5,5.82243,21.1729,-0.095894,-0.209802
0,62.5,30.4791,18.5826,0.355276,-0.193839
0,62.5,5.80901,21.4053,-0.022964,-0.215824
0,62.5,27.7028,18.7383,0.322137,0.0141675
0,62.5,5.89962,21.7588,-0.148709,0.010516
0,62.5,29.6305,18.5531,0.312528,-0.123322
0,62.5,5.7857,22.0119,-0.0167541,-0.0611125
0,62.5,27.1479,19.3571,0.342791,-0.029041
0,62.5,5.68885,22.2452,-0.108021,-0.184933
0,62.5,28.0323,18.6915,0.372516,-0.11991
0,62.5,5.5897,21.8755,0.000180368,-0.174841
0,62.5,25.8816,19.6616,0.15327,0.0520117
0,62.5,5.47566,22.0997,-0.139321,-0.270086
0,62.5,24.5141,19.8509,0.0837721,-0.032416
0,62.5,5.31532,21.8713,-0.0510293,-0.172004
0,62.5,24.2726,19.8052,0.0901329,-0.0584139
0,62.5,5.40904,22.3277,-0.042651,-0.218704
0,62.5,24.0272,20.2073,0.0661258,-0.0907598
0,62.5,5.96748,22.2297,0.0186489,-0.0583383
0,62.5,23.7848,20.1682,0.0506244,-0.0383496
0,62.5,5.11031,22.3002,-0.0664914,-0.158357
0,62.5,24.2169,20.0374,0.0290464,-0.100991
0,62.5,5.45315,22.731,-0.113406,-0.143245
0,62.5,22.5829,20.2035,0.238854,0.112016
0,62.5,5.00024,22.5416,-0.0346552,-0.18831
0,62.5,23.5224,20.1498,0.066946,0.0296355
0,62.5,5.26519,22.5212,-0.00613671,-0.190632
0,62.5,22.6801,20.4307,0.241275,0.160325
0,62.5,4.64893,22.8179,-0.098836,-0.214948
0,62.5,21.4845,20.4923,0.347927,0.0617721
0,62.5,4.91368,22.7862,-0.0520587,-0.248326
0,62.5,23.3436,20.3338,0.0960086,0.0620554
0,62.5,4.55033,23.0541,0.014688,-0.162518
0,62.5,22.1325,20.5863,0.274806,0.108795
0,62.5,4.45597,23.2812,0.143933,-0.0141
0,62.5,21.3645,21.1037,0.239588,0.095509
0,62.5,4.19015,23.2881,0.121723,0.129227
0,62.5,22.2544,20.7521,0.252537,0.133978
0,62.5,4.64206,23.4969,0.139091,0.00399455
0,62.5,21.5175,21.7795,0.0944373,0.107209
0,62.5,3.93827,23.3167,0.096705,0.234981
0,62.5,21.8059,21.0635,0.313169,0.223295
0,62.5,4.37507,23.5153,0.15805,0.00424286
0,62.5,21.0542,23.1623,0.066294,0.10999
0,62.5,4.12289,23.5384,0.094004,0.115862
0,62.5,22.1431,21.9169,0.0894474,0.11348
0,62.5,4.55514,23.733,0.184258,0.0208614
0,62.5,21.8718,22.3545,0.118421,0.0718403
0,62.5,4.29867,23.7655,0.166101,-0.0256156
0,62.5,20.9518,23.5583,0.0317621,0.118037
0,62.5,4.81687,23.7262,0.153034,0.0761015
0,62.5,20.8422,23.3455,0.0500486,0.0880082
0,62.5,4.47896,23.9803,0.221557,-0.0196381
0,62.5,20.4103,25.2544,-0.110119,0.064445
0,62.5,4.73384,23.962,0.231769,0.0931309
0,62.5,20.7237,25.004,-0.169328,0.228681
0,62.5,4.41452,24.2439,0.264488,-0.0555706
0,62.5,21.0536,25.5964,-0.167154,0.110361
0,62.5,4.91212,24.1895,0.215003,0.0903585
0,62.5,20.5931,25.4457,-0.217882,0.160509
0,62.5,4.65557,24.2082,0.233217,0.0689423
0,62.5,22.5505,25.6051,0.0874979,-0.0153818
0,62.5,4.59768,24.4724,0.357964,0.0655699
0,62.5,21.9977,25.2284,-0.108949,0.0983289
0,62.5,4.84507,25.2069,0.382692,0.0379534
0,62.5,23.2825,25.3747,-0.0864536,-0.107264
0,62.5,4.50029,25.4781,0.0872483,-0.109586
0,62.5,22.6007,25.8148,0.0612619,0.0125801
0,62.5,4.60122,25.2425,0.266338,-0.0703769
0,62.5,23.1343,25.603,0.041463,-0.0847815
0,62.5,4.84326,25.7122,0.104438,-0.0245877
0,62.5,22.8449,25.6135,0.0600864,0.0327383
0,62.5,4.7015,25.9869,0.153419,0.00420435
0,62.5,23.7295,25.7785,-0.0425289,-0.0857197
0,62.5,4.9287,25.998,0.142224,-0.00808625
0,62.5,24.8619,26.0041,-0.15428,-0.0145609
0,62.5,2.3091,19.7886,0.069855,0.470289
0,62.5,38.1167,17.2082,-0.129651,0.756192
0,62.5,4.79247,19.9638,-0.143512,-0.074049
0,62.5,38.5111,19.6227,0.0859888,0.653872
0,62.5,4.0236,20.1703,-0.0631528,-0.166855
0,62.5,34.3877,16.6236,-0.236044,-0.186515
0,62.5,4.99928,20.1477,-0.135894,-0.0993083
0,62.5,34.7777,16.7635,-0.195298,-0.0931858
0,62.5,4.66906,20.1563,-0.0668349,0.0102314
0,62.5,33.6104,17.2851,0.0967537,-0.36727
0,62.5,4.22991,20.0547,-0.0460676,-0.0438245
0,62.5,32.2946,18.2602,0.31264,-0.409748
0,62.5,4.8664,20.3362,-0.0524566,-0.0315106
0,62.5,33.0136,18.1519,0.254536,-0.416214
0,62.5,5.24992,20.7101,-0.137618,-0.02456
0,62.5,29.8931,19.1816,0.421704,-0.127686
0,62.5,5.42708,20.898,-0.102895,-0.142955
0,62.5,30.7886,19.0604,0.356609,-0.187825
0,62.5,5.43025,20.5821,-0.165924,-0.156994
0,62.5,30.2363,18.7343,0.415857,-0.185243
0,62.5,5.66142,20.8146,-0.0411215,-0.184751
0,62.5,30.1246,19.368,0.375329,-0.0629048
0,62.5,6.04393,21.0886,-0.00123726,-0.000914044
0,62.5,28.6237,18.5483,0.290695,-0.106807
0,62.5,5.83713,20.4125,-0.15479,-0.203137
0,62.5,30.2982,18.4584,0.3275,-0.186194
0,62.5,6.02844,21.499,-0.124708,0.0472995
0,62.5,28.2461,18.5349,0.279634,-0.0594956
0,62.5,5.87641,20.8852,-0.0281698,-0.139967
0,62.5,29.9331,18.3691,0.321704,-0.174834
0,62.5,6.14968,21.729,-0.0761845,-0.110255
0,62.5,26.8199,19.6614,0.289824,-0.0312371
0,62.5,6.15048,21.3203,-0.129502,-0.011617
0,62.5,27.8609,18.9564,0.499663,-0.112663
0,62.5,6.03882,21.9782,0.0208795,-0.0978286
0,62.5,25.2491,19.8492,0.033985,-0.026396
0,62.5,6.33353,21.5795,-0.0116555,-0.0835023
0,62.5,24.7734,19.9539,0.154565,-0.0466736
0,62.5,5.56472,22.5198,-0.0547715,-0.212026
0,62.5,23.9775,19.9334,0.0499933,-0.101894
0,62.5,6.23818,22.1256,-0.0837606,0.081763
0,62.5,24.4963,20.0769,0.0856172,-0.0714725
0,62.5,6.36546,22.3431,0.0594806,0.0565521
0,62.5,24.3036,20.2787,0.0637925,-0.103256
0,62.5,6.13017,22.4012,0.00117671,0.012262
0,62.5,24.1162,20.4628,0.124993,-0.0927254
0,62.5,6.22634,22.6932,-0.248883,-0.0175201
0,62.5,23.8557,20.4327,0.0766694,-0.0808168
0,62.5,5.81513,22.4487,-0.037429,-0.212712
0,62.5,23.409,20.5921,0.115386,0.109696
0,62.5,6.00535,22.622,-0.271335,-0.052885
0,62.5,23.6078,20.4014,0.076773,0.0289318
0,62.5,5.18157,22.7586,-0.0387767,-0.164026
0,62.5,23.1604,20.4853,0.179668,0.1292
0,62.5,5.62807,22.9305,-0.232228,0.0324131
0,62.5,22.4269,20.4389,0.279167,0.104649
0,62.5,4.82106,23.0267,-0.0410394,-0.236099
0,62.5,22.9016,20.5255,0.246119,0.111522
0,62.5,5.08779,22.9962,-0.0942294,-0.175575
0,62.5,21.8846,20.5575,0.318894,0.142965
0,62.5,4.73065,23.2654,0.00155536,-0.145538
0,62.5,22.0531,20.9218,0.254278,0.0955249
0,62.5,5.24832,23.2132,-0.174599,-0.0708891
0,62.5,22.503,20.6764,0.254419,0.124114
0,62.5,4.99261,23.2424,-0.121071,-0.123908
0,62.5,22.2069,21.342,0.129848,0.207759
0,62.5,5.5076,23.1785,-0.179107,0.0639575
0,62.5,21.968,21.5009,0.163689,0.176065
0,62.5,5.41635,23.4283,-0.115789,0.015122
0,62.5,21.9519,21.7913,0.0760458,0.0999884
0,62.5,5.77255,23.124,-0.17723,0.0253152
0,62.5,21.539,22.976,0.0017274,-0.00159972
0,62.5,5.33255,23.6816,0.00524227,0.0569986
0,62.5,21.2998,24.6903,0.0950433,0.201853
0,62.5,5.67771,23.3779,-0.0739848,0.0251785
0,62.5,21.1287,24.9105,0.0576746,0.193307
0,62.5,5.16064,23.4658,-0.0589824,-0.0476153
0,62.5,21.2367,25.4056,-0.147467,0.109672
0,62.5,5.18414,24.1702,0.171049,0.110747
0,62.5,20.7303,25.262,-0.189108,0.16471
0,62.5,4.90671,23.4884,0.0107055,-0.0277856
0,62.5,22.678,25.183,0.046726,-0.0566528
0,62.5,4.99698,23.9557,0.218902,0.0645766
0,62.5,21.4582,25.1827,-0.0544972,0.148028
0,62.5,4.83789,24.4317,0.315782,0.133468
0,62.5,23.8539,25.1028,0.0329078,-0.191348
0,62.5,4.77329,24.7002,0.376031,0.111211
0,62.5,23.0038,25.3938,-0.0645207,-0.0432186
0,62.5,5.16575,24.8563,0.452954,0.308925
0,62.5,23.5608,25.1301,0.122248,-0.163137
0,62.5,4.94156,24.9328,0.381943,0.121423
0,62.5,23.5564,25.3493,-0.0471374,-0.138463
0,62.5,5.08396,25.1548,0.419257,0.126217
0,62.5,24.133,25.0855,-0.0819473,-0.206085
0,62.5,4.9878,25.4238,0.140801,0.0984855
0,62.5,23.834,25.3243,-0.0312801,-0.145656
0,62.5,4.75675,25.4805,0.0556245,-0.0613029
0,62.5,24.2591,25.5183,-0.0311191,-0.14231
0,62.5,5.06313,25.7654,0.10087,0.00131632
0,62.5,25.407,26.0151,-0.356966,0.0172007
0,62.5,3.79515,20.2366,-0.0313691,-0.196063
0,62.5,37.3056,15.1901,0.0387428,0.577257
0,62.5,4.08585,19.8466,0.00490504,-0.189921
0,62.5,37.6687,16.4671,0.15055,0.468649
0,62.5,4.15851,19.5827,-0.0909437,-0.270988
0,62.5,35.2872,16.2799,-0.248132,-0.0741747
0,62.5,3.87074,19.9452,0.0161551,-0.25445
0,62.5,34.3124,16.963,-0.181752,-0.268453
0,62.5,4.58135,19.7869,-0.202363,-0.0575441
0,62.5,32.387,18.4514,0.287068,-0.35737
0,62.5,5.23503,20.0686,-0.0948397,0.0192804
0,62.5,33.9923,17.3472,-0.0252334,-0.386315
0,62.5,5.0816,20.4842,-0.106999,-0.0147652
0,62.5,31.7646,18.3164,0.351845,-0.241223
0,62.5,5.24522,19.7881,-0.0640039,-0.0047046
0,62.5,29.885,19.4348,0.390441,-0.117642
0,62.5,5.23194,20.3292,-0.100812,-0.0393993
0,62.5,30.3021,19.1674,0.344367,-0.135107
0,62.5,5.03363,19.5889,-0.0572857,-0.0745259
0,62.5,30.0388,18.5673,0.353776,-0.195965
0,62.5,5.46493,20.3346,-0.067097,-0.112456
0,62.5,29.6542,19.2971,0.418073,-0.189511
0,62.5,5.66518,20.573,-0.140267,-0.125201
0,62.5,30.1494,18.2623,0.32958,-0.197187
0,62.5,5.45343,20.0252,-0.0834371,-0.211413
0,62.5,28.5111,18.7643,0.37419,-0.0587547
0,62.5,5.9494,20.6409,-0.107149,-0.232439
0,62.5,28.2633,18.8123,0.434989,-0.0322134
0,62.5,6.38769,20.8195,-0.162572,0.0312061
0,62.5,27.7843,19.1799,0.468705,-0.128188
0,62.5,6.27351,21.0535,0.0309194,0.0414972
0,62.5,27.8482,18.6565,0.367835,-0.0237062
0,62.5,6.50872,21.1251,0.0696921,0.0195765
0,62.5,26.6165,19.5231,0.270853,0.000975094
0,62.5,6.39523,21.3442,-0.121969,-0.0505688
0,62.5,25.5346,19.8404,0.0513206,0.111696
0,62.5,6.68163,21.3229,0.00384595,-0.00609481
0,62.5,25.3614,20.0647,0.0388955,0.0245528
0,62.5,6.34303,21.8925,-0.108221,-0.0516185
0,62.5,25.0386,20.0204,0.130336,-0.0124007
0,62.5,6.55517,21.8032,-0.200666,-0.255172
0,62.5,25.0376,20.2299,-0.0271444,0.0189208
0,62.5,6.64656,22.2852,-0.157303,0.0467485
0,62.5,24.7377,20.1782,0.0755968,-0.0555433
0,62.5,6.5104,22.1032,-0.14819,-0.12275
0,62.5,24.7715,20.4074,0.0029038,-0.00863488
0,62.5,6.65152,22.5459,-0.143191,0.05819
0,62.5,24.5099,20.3687,0.0681172,-0.0978188
0,62.5,6.42421,22.574,-0.17565,0.172561
0,62.5,24.2784,20.6073,0.135306,-0.0758335
0,62.5,6.41629,22.8891,-0.163677,0.178263
0,62.5,23.6535,20.6554,0.136702,-0.00042365
0,62.5,6.16977,22.9472,-0.157788,-0.114233
0,62.5,23.0937,21.0228,0.121238,0.185743
0,62.5,6.34868,23.1541,-0.239339,0.133719
0,62.5,22.7296,20.73,0.223858,0.159552
0,62.5,5.92997,22.8857,-0.333303,-0.0951946
0,62.5,22.439,21.2197,0.125674,0.19198
0,62.5,6.20139,23.3258,-0.212784,0.0989596
0,62.5,23.058,20.7219,0.148431,0.170396
0,62.5,5.3545,22.9652,-0.120407,-0.0647162
0,62.5,22.2718,21.0371,0.151773,0.195768
0,62.5,6.08437,23.5718,-0.104952,0.0824419
0,62.5,22.4983,20.9252,0.135186,0.130679
0,62.5,5.75418,22.716,-0.276958,-0.090758
0,62.5,22.1762,21.6176,0.193105,0.221375
0,62.5,6.01699,23.1452,-0.0984068,-0.225264
0,62.5,22.0356,21.1902,0.168918,0.177826
0,62.5,5.91725,23.3881,-0.0202027,-0.165486
0,62.5,21.3405,23.1551,0.064,0.1756
0,62.5,5.74672,23.9078,0.121181,-0.104698
0,62.5,20.6807,23.9636,0.159652,0.179045
0,62.5,5.8234,23.6427,-0.0673916,-0.150714
0,62.5,21.1972,25.1734,-0.108561,0.118512
0,62.5,5.51466,23.8885,0.103503,0.13066
0,62.5,21.2376,24.0074,0.0402742,0.143146
0,62.5,5.58923,23.6324,-0.0897267,0.0450248
0,62.5,20.9503,25.3842,-0.174227,0.13049
0,62.5,5.10556,24.3976,0.2199,0.173743
0,62.5,21.7215,25.1922,-0.0627412,0.09457
0,62.5,5.26105,23.9321,0.157935,0.108828
0,62.5,22.1924,25.0604,-0.0483636,0.099959
0,62.5,5.45493,24.1429,0.189725,0.127111
0,62.5,22.7238,25.4012,0.050786,-0.0359319
0,62.5,5.07686,23.7166,0.0940825,-0.00554781
0,62.5,22.9731,25.1779,0.116693,-0.101153
0,62.5,5.00717,24.6447,0.394103,0.218598
0,62.5,23.1346,24.954,0.0322064,-0.0705358
0,62.5,5.26736,24.5926,0.277276,0.235935
0,62.5,23.7098,24.9109,0.0321523,-0.236459
0,62.5,5.41493,24.8116,0.403277,0.175047
0,62.5,23.2619,25.1571,0.148738,-0.131371
0,62.5,5.32777,25.0636,0.578634,0.227735
0,62.5,23.9793,25.5307,0.0115791,-0.140493
0,62.5,5.27683,25.3148,0.336121,0.117649
0,62.5,24.4017,25.0765,-0.21165,-0.186148
0,62.5,5.18381,25.5478,0.165415,0.00936704
0,62.5,24.6118,26.0052,-0.132493,-0.028509
0,62.5,5.18082,26.0099,0.139304,-0.0067414
0,62.5,25.2602,25.8111,-0.30129,-0.165983
0,62.5,2.57055,20.0282,-0.100156,0.328182
0,62.5,36.5251,15.5461,-0.160662,0.318716
0,62.5,3.64,20.0139,0.0213797,-0.240364
0,62.5,38.5214,19.3461,-0.209155,0.691347
0,62.5,2.48587,20.3136,0.108283,0.463258
0,62.5,34.9219,16.4136,-0.294223,-0.150398
0,62.5,4.53396,19.5429,-0.128267,-0.034124
0,62.5,34.5602,16.5307,-0.25498,-0.184946
0,62.5,4.32682,19.4183,-0.0884995,-0.202655
0,62.5,34.2363,17.2809,-0.0155111,-0.351654
0,62.5,4.81406,19.6845,-0.0803879,0.0253651
0,62.5,31.8556,18.5347,0.360856,-0.218845
0,62.5,4.77406,19.437,-0.0322954,0.0645212
0,62.5,33.2519,17.9833,0.197212,-0.460465
0,62.5,5.02157,19.8779,-0.0630798,-0.0370963
0,62.5,31.3344,18.6223,0.342483,-0.230061
0,62.5,4.84714,19.2087,-0.275064,-0.159858
0,62.5,30.4217,19.3849,0.321066,-0.125807
0,62.5,5.06192,19.344,-0.297024,-0.162858
0,62.5,29.7975,18.691,0.372982,-0.180637
0,62.5,5.65119,20.2154,-0.150438,-0.252722
0,62.5,29.5417,19.0844,0.472956,-0.248648
0,62.5,5.47882,19.7511,-0.0620091,-0.174207
0,62.5,28.1503,19.2437,0.476051,-0.0962615
0,62.5,6.08102,20.3717,-0.0454887,0.0385015
0,62.5,29.0082,18.8007,0.38904,-0.0664834
0,62.5,6.13695,20.8042,-0.198507,0.0585711
0,62.5,28.7584,18.8239,0.423296,-0.204208
0,62.5,6.83877,20.8305,-0.0735254,-0.0689768
0,62.5,29.4208,18.4532,0.305053,-0.219914
0,62.5,6.82119,21.1356,-0.14351,-0.174878
0,62.5,27.3847,19.4026,0.459383,-0.14206
0,62.5,6.98031,21.3519,-0.0835741,-0.231446
0,62.5,28.3378,19.0595,0.553853,-0.0552488
0,62.5,6.63989,20.9245,-0.176916,-0.206674
0,62.5,28.0854,19.0027,0.507457,-0.0728559
0,62.5,6.82946,21.5536,0.174974,0.00844189
0,62.5,27.0657,19.6142,0.331824,-0.0436959
0,62.5,6.58266,21.5661,0.0711341,-0.180119
0,62.5,26.1296,19.6502,0.160032,0.0641129
0,62.5,6.87684,21.7798,-0.260175,0.109871
0,62.5,25.6322,20.0772,0.115878,-0.00860562
0,62.5,7.07972,22.0643,-0.260633,-0.0419074
0,62.5,25.8062,19.8854,0.113069,-0.00556912
0,62.5,6.74162,21.964,-0.264799,0.0258457
0,62.5,24.5292,20.6076,0.0801158,-0.0252771
0,62.5,6.85206,22.7398,-0.110276,0.0431442
0,62.5,25.2881,20.2756,-0.00206522,-0.0241314
0,62.5,6.62791,22.8208,-0.204405,0.0294563
0,62.5,23.9273,20.6689,0.174119,-0.113901
0,62.5,6.8697,22.4348,-0.148076,0.0547897
0,62.5,23.2756,20.8112,0.133273,0.162478
0,62.5,6.58894,23.1203,-0.201278,0.11206
0,62.5,22.8698,20.9126,0.136212,0.18787
0,62.5,6.80648,23.0305,-0.220048,-0.0679621
0,62.5,22.6777,21.0786,0.0742771,0.14513
0,62.5,6.35755,23.5252,-0.106792,0.162158
0,62.5,22.624,21.6273,0.1243,0.246663
0,62.5,6.44129,23.9271,0.200654,0.118801
0,62.5,22.4215,21.4908,0.140178,0.205557
0,62.5,6.24411,23.7668,0.112927,0.106182
0,62.5,22.3707,22.0451,0.124138,0.134425
0,62.5,6.18401,24.0314,0.0832388,-0.017489
0,62.5,22.5844,21.8935,0.25335,0.270442
0,62.5,5.99451,23.8386,0.0499053,-0.0461792
0,62.5,21.5655,22.7508,0.128224,0.0237377
0,62.5,6.17229,24.2992,0.163272,0.0386942
0,62.5,21.7329,22.5582,0.18266,0.0787466
0,62.5,5.94369,24.1034,0.138875,0.00244136
0,62.5,21.1459,23.371,0.0628216,0.110857
0,62.5,6.40112,24.1825,0.10469,0.0348272
0,62.5,21.2471,22.9438,0.0783202,0.124561
0,62.5,6.25025,24.554,0.37508,0.0318508
0,62.5,21.2027,24.4353,0.00673316,0.266997
0,62.5,6.47506,24.7042,0.371176,0.0171272
0,62.5,20.8825,24.829,-0.00184904,0.332256
0,62.5,5.6972,24.1668,0.210513,-0.0468598
0,62.5,21.8271,24.7501,0.0813363,0.0427911
0,62.5,6.71494,24.9474,0.449402,-0.0596419
0,62.5,21.639,24.9604,0.0782388,0.111639
0,62.5,5.94811,24.3624,0.243087,0.0570429
0,62.5,22.0037,24.5571,0.0994129,0.030047
0,62.5,5.70456,24.4023,0.199595,-0.0487043
0,62.5,21.9112,24.9878,0.0307486,0.0581124
0,62.5,5.53753,24.572,0.237138,0.00145194
0,62.5,22.8564,24.9697,-0.00520465,-0.00278206
0,62.5,5.39514,24.3637,0.117582,0.12076
0,62.5,22.5935,24.9515,0.000701834,-0.0723536
0,62.5,5.66155,24.8378,0.363758,-0.111055
0,62.5,24.008,24.8783,-0.0330335,-0.28423
0,62.5,5.57319,25.0747,0.624309,0.0870693
0,62.5,24.1163,25.311,-0.0337278,-0.141047
0,62.5,5.53097,25.3202,0.447214,0.013734
0,62.5,24.5363,25.5173,-0.0637138,-0.0832633
0,62.5,5.60212,25.7693,0.10275,0.0269265
0,62.5,24.4015,25.3046,-0.0397574,-0.129055
0,62.5,5.45216,25.5544,0.241774,0.0075711
0,62.5,25.1195,26.0178,-0.200331,-0.0572534
0,62.5,5.33131,25.7808,0.117377,-0.0218315
0,62.5,25.9457,26.0229,-0.366663,-0.0558086
0,62.5,3.93745,19.371,-0.0534527,-0.208693
0,62.5,36.826,15.3357,-0.0781816,0.415098
0,62.5,3.47359,19.7948,-0.0792858,-0.111915
0,62.5,35.0837,16.391,-0.257442,-0.0564663
0,62.5,1.82061,19.407,0.0177908,0.733436
0,62.5,34.5349,16.841,-0.2095,-0.143521
0,62.5,3.91036,19.6298,-0.0663599,-0.200957
0,62.5,34.9878,16.706,-0.229004,-0.18054
0,62.5,3.25809,19.9032,-0.129817,-0.111584
0,62.5,33.5275,17.6413,0.258172,-0.339254
0,62.5,3.90443,19.0609,-0.0709134,-0.221875
0,62.5,33.6248,17.9084,0.182888,-0.301943
0,62.5,4.12275,19.2528,-0.0697256,-0.281798
0,62.5,32.8859,18.3679,0.282466,-0.369874
0,62.5,4.5579,19.2734,-0.0144472,0.014328
0,62.5,30.668,19.3335,0.316364,-0.182091
0,62.5,4.44565,18.8868,-0.227989,-0.230726
0,62.5,32.6295,18.5113,0.284773,-0.351897
0,62.5,4.86687,18.9209,-0.205757,-0.165808
0,62.5,32.0867,18.4644,0.35463,-0.310096
0,62.5,5.68392,19.9397,-0.0136418,-0.147843
0,62.5,29.6044,19.54,0.388693,-0.163905
0,62.5,6.05246,20.0076,-0.141066,-0.181271
0,62.5,29.3529,18.7294,0.33706,-0.222016
0,62.5,5.88865,20.1453,-0.0184368,-0.0720214
0,62.5,28.5931,19.0181,0.560582,-0.0849177
0,62.5,6.22978,20.5651,-0.0471183,0.084777
0,62.5,26.5288,20.0427,0.224777,-0.0533801
0,62.5,6.23765,20.2046,-0.187644,-0.0749502
0,62.5,27.6411,19.3961,0.443771,-0.149634
0,62.5,6.42199,20.4281,-0.141506,-0.142522
0,62.5,26.8329,19.911,0.272002,-0.0875766
0,62.5,6.53795,20.6503,-0.173543,-0.118638
0,62.5,27.938,19.3552,0.425023,-0.123735
0,62.5,7.04106,21.0384,-0.0789304,-0.127561
0,62.5,26.2806,19.9995,0.194565,-0.0165612
0,62.5,7.19657,21.218,-0.0598329,-0.110965
0,62.5,25.5547,20.3053,0.0289544,-0.0644858
0,62.5,7.10629,21.8113,-0.178253,-0.0301485
0,62.5,26.586,19.8031,0.252818,-0.0443826
0,62.5,7.12181,21.5455,-0.144403,-0.0331042
0,62.5,25.9155,20.1208,0.174135,-0.0382554
0,62.5,7.34784,21.4185,-0.201328,-0.0216478
0,62.5,26.3604,19.7374,0.225828,0.0322967
0,62.5,6.88039,22.161,-0.184862,0.0668017
0,62.5,25.0053,20.4762,0.0141962,0.0100842
0,62.5,7.33404,21.6936,-0.166471,0.0171373
0,62.5,26.0819,19.9007,0.158994,0.0380455
0,62.5,7.06174,22.6546,-0.110905,-0.0116313
0,62.5,24.5808,20.8694,0.0756063,0.0463456
0,62.5,7.09435,22.3694,-0.13377,-0.015362
0,62.5,23.4993,20.8822,0.157709,0.0421602
0,62.5,7.0313,22.9576,-0.142546,-0.0122571
0,62.5,23.0901,21.5794,0.118071,0.136774
0,62.5,7.24652,22.8702,-0.0918198,-0.123878
0,62.5,22.8994,21.2074,0.0547607,0.178137
0,62.5,6.53586,23.3819,-0.224385,0.0711926
0,62.5,22.3697,21.7646,0.199843,0.223701
0,62.5,6.76924,23.3358,-0.14664,-0.0395153
0,62.5,22.6623,21.35,0.10522,0.186854
0,62.5,6.54191,23.7066,0.077018,0.0740468
0,62.5,22.106,22.4353,0.129702,0.0835376
0,62.5,7.21252,23.1659,-0.11905,-0.171854
0,62.5,22.3543,22.3031,0.123696,0.13356
0,62.5,6.98344,23.2424,-0.198919,-0.076691
0,62.5,22.0029,22.6545,0.27205,0.103992
0,62.5,6.96856,23.5427,-0.0205958,-0.0643109
0,62.5,21.2654,23.5871,0.0417798,0.0877811
0,62.5,6.73956,23.6065,-0.0381289,-0.118134
0,62.5,21.7946,24.0632,-0.0971279,-0.000689876
0,62.5,6.45469,24.4257,0.30143,-0.0169797
0,62.5,21.835,22.8096,0.196874,-0.0129873
0,62.5,6.67865,24.3956,0.318766,0.0929763
0,62.5,21.3613,24.2311,-0.0302514,0.251835
0,62.5,7.02345,24.0689,0.182879,-0.219389
0,62.5,21.7317,24.5093,0.0868204,0.073164
0,62.5,6.86503,24.2269,0.288428,-0.079951
0,62.5,22.364,24.8638,-0.0602392,0.0331766
0,62.5,6.90316,24.5193,0.361487,-0.0856453
0,62.5,21.4646,24.4781,0.0669217,0.166549
0,62.5,6.95179,25.0778,0.513239,-0.0828142
0,62.5,24.0443,24.4697,-0.154471,-0.376733
0,62.5,6.69864,24.674,0.389197,0.068203
0,62.5,22.096,24.8113,0.0482834,0.0278487
0,62.5,6.02626,24.6161,0.39529,0.0836414
0,62.5,23.8856,24.6854,-0.17083,-0.279128
0,62.5,5.80534,24.656,0.328928,-0.144225
0,62.5,23.4179,24.9387,0.0582504,-0.152395
0,62.5,6.02635,24.8834,0.347613,0.0107656
0,62.5,24.8146,25.5261,-0.0878154,-0.0478732
0,62.5,5.78413,25.2514,0.615904,0.120894
0,62.5,24.2937,24.8548,-0.0874796,-0.293346
0,62.5,5.72164,25.5222,0.230249,-0.0202681
0,62.5,24.5702,24.8512,-0.149099,-0.200325
0,62.5,5.95836,25.4396,0.4412,0.257228
0,62.5,24.4865,25.7551,-0.224533,-0.0608922
0,62.5,5.85692,25.7277,0.125822,0.052647
0,62.5,25.6619,26.0116,-0.282297,0.0427607
0,62.5,5.43845,26.0088,0.123255,-0.00914214
0,62.5,26.3501,25.7971,-0.433545,0.0355578
0,62.5,1.62774,17.7372,0.078094,0.547677
0,62.5,37.9842,15.8902,0.0222643,0.384924
0,62.5,3.7044,19.7311,-0.081199,-0.228575
0,62.5,37.9477,15.373,0.17525,0.402624
0,62.5,3.69707,19.4369,-0.0646291,-0.225094
0,62.5,36.7528,15.6447,-0.0590078,0.335388
0,62.5,3.71329,18.8526,-0.0927599,-0.186059
0,62.5,35.5603,16.6402,-0.103087,-0.00816404
0,62.5,1.8681,15.5638,-0.396109,0.357829
0,62.5,35.1829,16.9415,-0.0692858,-0.191559
0,62.5,3.77218,18.5828,-0.114324,-0.123951
0,62.5,33.7797,17.715,0.305287,-0.222003
0,62.5,4.14355,18.9794,0.00149077,-0.212159
0,62.5,33.4709,18.0882,0.179847,-0.378376
0,62.5,4.34995,19.1283,0.0158757,-0.151354
0,62.5,33.235,18.2641,0.277749,-0.422539
0,62.5,4.25297,18.7496,-0.220532,-0.352757
0,62.5,32.1666,18.6955,0.309787,-0.273917
0,62.5,5.65292,19.611,-0.0937935,-0.18998
0,62.5,29.7645,19.7177,0.348967,-0.150113
0,62.5,5.07249,19.0592,-0.253435,-0.143242
0,62.5,29.7683,18.9624,0.467739,-0.168375
0,62.5,5.85997,19.8027,-0.0824074,-0.198877
0,62.5,29.387,19.352,0.472902,-0.18375
0,62.5,5.46435,19.4025,-0.252649,-0.109062
0,62.5,27.5608,19.6457,0.373141,-0.122783
0,62.5,6.09254,19.7233,-0.0650308,-0.217971
0,62.5,29.191,18.9238,0.45688,-0.142334
0,62.5,6.46489,20.165,-0.175526,-0.105646
0,62.5,28.2954,19.423,0.41806,-0.104731
0,62.5,7.07339,20.7834,-0.0378179,-0.105965
0,62.5,27.8094,19.6112,0.366979,-0.118114
0,62.5,7.30444,20.9207,-0.0677467,-0.0886336
0,62.5,27.3103,19.6455,0.368401,-0.188317
0,62.5,7.49251,20.7933,-0.123626,-0.220102
0,62.5,26.3605,20.2586,0.253593,-0.0696353
0,62.5,7.43505,21.1304,-0.0627881,-0.100659
0,62.5,25.8016,20.3417,0.0937657,-0.123057
0,62.5,7.58191,21.354,-0.229025,-0.00935562
0,62.5,26.1129,20.2354,0.192851,-0.0388543
0,62.5,7.74973,21.8494,-0.198974,-0.0247158
0,62.5,25.2464,20.5262,0.0423337,-0.0358585
0,62.5,7.72525,22.1385,-0.120447,-0.0317701
0,62.5,24.3205,20.8403,0.0999681,-0.0331451
0,62.5,7.56156,21.623,-0.178607,-0.0160024
0,62.5,23.7604,20.8905,0.219466,-0.0609942
0,62.5,7.53099,21.9074,-0.196339,-0.0285992
0,62.5,24.7725,20.6741,0.0102746,0.00785954
0,62.5,7.31792,21.9884,-0.241522,0.00879237
0,62.5,23.5518,21.1314,0.166773,-0.0403335
0,62.5,7.51665,22.2084,-0.147268,-0.0882315
0,62.5,24.061,20.845,0.144147,-0.0494687
0,62.5,7.28857,22.2605,-0.169655,-0.0284748
0,62.5,23.3074,21.1128,0.118846,0.143345
0,62.5,7.48494,22.4861,-0.0673613,-0.115768
0,62.5,22.8673,21.4836,0.0711029,0.218364
0,62.5,7.28353,22.5814,-0.0878918,-0.0701238
0,62.5,23.2481,21.7241,0.126664,0.108923
0,62.5,7.43964,23.0715,-0.0529896,-0.230613
0,62.5,22.7761,22.0393,0.256205,0.294814
0,62.5,7.47146,22.792,-0.0473505,-0.155201
0,62.5,22.2091,22.8147,0.263222,0.194454
0,62.5,7.65627,23.0498,-0.0333715,-0.0550136
0,62.5,21.8043,23.0485,0.0315648,-0.0932361
0,62.5,7.18229,23.4367,-0.074529,-0.286031
0,62.5,21.6203,23.222,0.0579473,-0.0343313
0,62.5,6.95071,23.8203,-0.0459912,-0.124555
0,62.5,21.6949,23.8133,-0.0447149,0.0826668
0,62.5,6.64387,24.1111,0.207437,0.188067
0,62.5,22.3447,24.1703,-0.174853,-0.127502
0,62.5,7.17965,23.7151,0.0168129,-0.250732
0,62.5,21.6287,24.2664,0.00668553,0.103067
0,62.5,6.74452,23.9052,0.0709639,0.0462118
0,62.5,22.1715,24.3629,-0.0673495,-0.0801038
0,62.5,7.23307,23.9649,0.133092,-0.342107
0,62.5,21.8976,24.3118,-0.026754,0.0149089
0,62.5,7.10006,24.3709,0.285156,-0.124944
0,62.5,23.0433,24.7316,-0.0715578,-0.0645976
0,62.5,7.45202,23.8594,0.0946676,-0.27773
0,62.5,22.7834,24.7317,0.00086346,-0.0652128
0,62.5,6.92433,24.8068,0.500299,-0.0913519
0,62.5,24.3622,24.4469,-0.225882,-0.357543
0,62.5,7.16522,24.9413,0.46379,0.16883
0,62.5,23.5973,24.7049,-0.140813,-0.210826
0,62.5,6.76055,25.4931,0.278151,-0.0303104
0,62.5,24.9348,25.0923,-0.293046,-0.105998
0,62.5,6.48133,24.9699,0.417478,0.0595565
0,62.5,24.1928,24.6508,-0.259868,-0.303972
0,62.5,6.05841,25.2036,0.348753,0.0843674
0,62.5,24.9713,25.3246,-0.130053,-0.0769449
0,62.5,6.24336,25.099,0.322583,-0.0110854
0,62.5,24.6866,25.3096,-0.0891547,-0.0941994
0,62.5,5.85354,25.0119,0.35684,-0.0721234
0,62.5,24.6674,25.0811,-0.25384,-0.131656
0,62.5,6.17175,25.5218,0.558508,-0.101654
0,62.5,24.7357,25.7592,-0.239006,-0.0471333
0,62.5,6.08027,25.7675,0.158716,-0.136678
0,62.5,25.9506,25.555,-0.576061,-0.257585
0,62.5,5.69474,25.9977,0.144028,0.0276004
0,62.5,26.6216,25.8049,-0.441444,0.00248783
0,62.5,1.22848,18.8935,0.121626,0.600023
0,62.5,37.7399,17.6344,0.00275605,0.567212
0,62.5,1.24347,17.0524,0.0117255,0.601887
0,62.5,36.2505,16.0993,-0.105213,0.186602
0,62.5,1.22814,16.773,-0.0106828,0.800539
0,62.5,34.461,17.1418,-0.118358,-0.244418
0,62.5,2.202,19.1411,-0.183859,0.467318
0,62.5,35.7922,16.5265,-0.0211975,0.087273
0,62.5,3.26304,19.6192,-0.0792792,-0.106999
0,62.5,33.8357,18.0145,0.184514,-0.180847
0,62.5,3.95219,18.7895,-0.0652328,-0.161173
0,62.5,32.4014,18.7018,0.307396,-0.363486
0,62.5,4.06957,18.5729,-0.223643,-0.303093
0,62.5,31.0038,18.9862,0.337469,-0.225679
0,62.5,4.69116,18.7436,-0.179772,-0.149784
0,62.5,31.4858,18.8267,0.336516,-0.241085
0,62.5,4.64047,19.0364,-0.248309,-0.185541
0,62.5,29.3493,19.8636,0.420239,-0.159431
0,62.5,5.28093,19.5283,-0.185007,-0.0647695
0,62.5,31.5916,18.5569,0.367902,-0.273939
0,62.5,5.87983,19.5291,-0.0907847,-0.20424
0,62.5,28.9116,19.7552,0.383735,-0.0472649
0,62.5,6.28385,19.9143,-0.126021,-0.0967573
0,62.5,29.8769,19.934,0.27798,-0.0234014
0,62.5,6.12063,19.4583,-0.172335,-0.259972
0,62.5,30.0145,19.6456,0.313969,-0.0237856
0,62.5,6.76826,20.5759,-0.180792,-0.0604212
0,62.5,29.5433,18.8337,0.380184,-0.217613
0,62.5,6.67201,20.3432,-0.114147,-0.0814168
0,62.5,27.0871,19.8679,0.338768,-0.0967917
0,62.5,6.98438,20.5099,-0.115831,0.0699981
0,62.5,26.2468,20.5022,0.180468,-0.166727
0,62.5,7.80414,21.2491,-0.229368,-0.00759548
0,62.5,26.5485,20.3881,0.243596,-0.0393361
0,62.5,7.78784,21.5517,-0.171397,-0.0362613
0,62.5,26.7239,20.1614,0.216823,-0.0779541
0,62.5,7.94307,22.0606,-0.118938,-0.156031
0,62.5,25.7353,20.5973,0.0828145,-0.180278
0,62.5,8.15278,22.016,-0.10438,-0.081339
0,62.5,26.0054,20.4813,0.0980571,-0.117793
0,62.5,8.1722,21.7232,-0.183555,-0.0658199
0,62.5,25.263,20.7631,0.102203,-0.0688728
0,62.5,8.37018,21.9463,-0.0961851,-0.187059
0,62.5,25.495,20.5439,0.0492084,-0.100827
0,62.5,8.12482,22.3195,-0.0626531,-0.107492
0,62.5,24.998,20.7417,0.077504,-0.0763372
0,62.5,8.33708,22.2386,-0.044832,-0.187879
0,62.5,24.1207,21.0644,0.149062,-0.0155023
0,62.5,7.70421,22.4478,-0.0793338,-0.0907948
0,62.5,23.9593,21.2853,0.162619,-0.0374038
0,62.5,7.91263,22.353,-0.0446279,-0.154157
0,62.5,23.8363,21.0962,0.138036,-0.0243389
0,62.5,7.67878,22.7363,-0.0115331,-0.0889392
0,62.5,23.6369,21.3343,0.0974193,0.00441987
0,62.5,8.32068,22.5335,-0.0128492,-0.208315
0,62.5,23.116,21.318,0.0323342,0.15826
0,62.5,7.89874,22.6533,-0.0252206,-0.182084
0,62.5,23.3492,21.3817,0.0886717,0.0420171
0,62.5,8.53322,22.4741,-0.00806358,-0.167728
0,62.5,22.8383,21.7548,0.15688,0.224326
0,62.5,8.10724,22.6162,-0.0135299,-0.0820774
0,62.5,22.5876,22.2024,0.118964,0.168126
0,62.5,8.07905,22.9276,-0.0741693,-0.109383
0,62.5,21.9455,23.2589,0.0607071,-0.115954
0,62.5,7.42641,23.3431,-0.0115974,-0.302289
0,62.5,21.4304,23.3921,0.14156,0.12466
0,62.5,8.28694,22.8289,-0.045347,-0.169901
0,62.5,22.0672,24.1183,-0.142532,-0.103361
0,62.5,7.864,22.9406,-0.080727,-0.135245
0,62.5,21.5302,24.0217,-0.109519,0.158711
0,62.5,8.27243,23.1218,-0.068334,-0.186035
0,62.5,22.2677,24.6158,0.0654457,-0.0497465
0,62.5,7.64262,23.3592,-0.00460798,0.0192643
0,62.5,22.7029,24.4654,-0.123144,-0.0301384
0,62.5,7.84502,23.233,-0.100352,-0.0696178
0,62.5,22.5421,24.6717,-0.0299508,-0.0120599
0,62.5,7.40458,23.6021,-0.0611331,-0.336611
0,62.5,22.9429,24.4961,-0.0648366,-0.0999828
0,62.5,7.63534,23.6689,-0.0502873,-0.0179872
0,62.5,23.2023,24.5035,-0.0920302,-0.130996
0,62.5,7.12641,24.6593,0.375378,-0.0355458
0,62.5,23.4727,24.4934,-0.121202,-0.187012
0,62.5,7.32684,24.5396,0.251491,-0.118923
0,62.5,24.4979,24.6324,-0.305573,-0.248469
0,62.5,7.16562,25.2203,0.335558,0.285853
0,62.5,24.8401,24.8624,-0.238099,-0.173808
0,62.5,6.76423,25.2307,0.6044,-0.0636875
0,62.5,25.4638,25.1619,-0.226598,-0.312127
0,62.5,6.25412,24.8337,0.42743,0.0669041
0,62.5,25.2026,25.1255,-0.292573,-0.0874451
0,62.5,6.52551,25.4943,0.315736,-0.00220748
0,62.5,25.3695,25.5964,-0.0480661,-0.0991829
0,62.5,6.5324,25.2121,0.615872,-0.0471201
0,62.5,24.9898,25.7721,-0.259525,-0.0873756
0,62.5,6.32926,25.3496,0.492255,-0.19738
0,62.5,25.0916,25.5564,-0.065215,-0.080491
0,62.5,6.33324,25.7132,0.179411,0.149578
0,62.5,26.2194,26.0145,-0.485487,0.0131295
0,62.5,5.92872,26.0024,0.172908,-0.0350356
0,62.5,27.0593,26.0148,-0.409421,0.0340318
0,62.5,3.75976,20.5356,-0.0373427,-0.160665
0,62.5,37.1199,15.5929,-0.00773677,0.346159
0,62.5,1.43678,16.7596,0.0427097,0.67021
0,62.5,38.2865,15.557,0.198797,0.674995
0,62.5,2.18835,17.5851,0.0340241,0.20767
0,62.5,34.0088,17.6161,0.209361,-0.346789
0,62.5,3.48336,19.5155,-0.0695816,-0.119931
0,62.5,34.6942,17.0455,-0.092266,-0.219583
0,62.5,3.71545,19.1766,-0.0785223,-0.199438
0,62.5,33.1172,18.4813,0.279228,-0.438326
0,62.5,3.85881,18.3709,-0.153487,-0.200646
0,62.5,31.735,18.7832,0.300014,-0.2111
0,62.5,4.32,18.4714,-0.110716,-0.284148
0,62.5,31.2355,18.8855,0.335787,-0.220921
0,62.5,4.507,18.6029,-0.149213,-0.180853
0,62.5,30.2712,19.576,0.311653,-0.0815334
0,62.5,4.90205,18.6074,-0.0897923,-0.115074
0,62.5,29.3803,19.6142,0.406213,-0.103791
0,62.5,5.0929,18.7779,-0.110945,-0.0843677
0,62.5,29.2975,19.1194,0.464843,-0.162489
0,62.5,5.27343,19.2123,-0.250709,-0.089957
0,62.5,29.0402,19.1884,0.441217,-0.11746
0,62.5,5.67992,19.324,-0.257132,-0.169089
0,62.5,28.7537,19.2956,0.507769,-0.0165587
0,62.5,6.69157,20.0669,-0.125594,-0.0450307
0,62.5,28.5104,19.2579,0.515803,-0.0874324
0,62.5,7.25616,20.6346,0.0331463,-0.121446
0,62.5,28.8631,19.0592,0.461918,-0.0995968
0,62.5,7.65652,21.0453,-0.112467,-0.0773478
0,62.5,28.2623,19.6815,0.34652,-0.105197
0,62.5,7.98887,21.1166,-0.248165,-0.157549
0,62.5,28.0456,19.58,0.394852,-0.119514
0,62.5,7.96354,21.7574,-0.18596,-0.117947
0,62.5,27.6021,19.8915,0.359861,-0.128243
0,62.5,7.98923,21.4385,-0.184316,-0.134896
0,62.5,26.987,20.1137,0.210931,-0.126204
0,62.5,8.3984,21.6617,-0.150297,-0.161052
0,62.5,25.9172,20.7405,0.0808234,-0.176159
0,62.5,8.61755,21.5881,-0.155791,-0.183613
0,62.5,25.5361,20.7978,0.0995942,-0.140441
0,62.5,8.58957,21.8831,-0.090456,-0.17248
0,62.5,25.3335,20.9914,0.124849,-0.0834096
0,62.5,8.80817,21.813,-0.0951434,-0.246544
0,62.5,25.045,20.973,0.124135,-0.0887098
0,62.5,8.77048,22.1049,-0.0396521,-0.233358
0,62.5,24.8434,21.1997,0.19654,-0.0279219
0,62.5,8.96594,22.3238,0.00838249,-0.24148
0,62.5,24.401,21.0839,0.138429,0.00718944
0,62.5,8.55331,22.1796,-0.0429651,-0.181028
0,62.5,24.7796,20.9707,0.142689,-0.0268619
0,62.5,9.18213,22.2361,0.00585268,-0.246653
0,62.5,23.7923,21.4972,0.0979205,-0.0764168
0,62.5,8.74763,22.3956,-0.00808003,-0.23907
0,62.5,23.6558,21.9682,0.15098,-0.0035266
0,62.5,9.14956,22.5358,-0.00553758,-0.243725
0,62.5,23.4608,21.5641,0.0817901,0.0309397
0,62.5,8.93224,22.6187,-0.0360386,-0.259738
0,62.5,23.1911,22.0452,0.171758,0.147371
0,62.5,8.71381,22.693,-0.0272832,-0.201076
0,62.5,23.419,21.8902,0.14477,0.0768126
0,62.5,8.50335,22.7778,-0.0397509,-0.171858
0,62.5,23.02,21.8814,0.161078,0.195361
0,62.5,8.69734,22.9887,-0.0281628,-0.196252
0,62.5,22.5488,22.4867,0.103726,0.167122
0,62.5,8.48827,23.0721,-0.0373211,-0.183634
0,62.5,21.5613,23.6092,0.0944113,0.0672712
0,62.5,8.68773,23.2894,-0.016633,-0.189275
0,62.5,22.2356,23.935,-0.138008,-0.135239
0,62.5,8.48001,23.3633,-0.0629395,-0.235976
0,62.5,22.4356,24.425,-0.0716291,-0.104808
0,62.5,8.49184,23.6477,-0.107221,-0.224071
0,62.5,22.6032,24.2172,-0.176663,-0.120759
0,62.5,8.26118,23.4136,-0.0665278,-0.192893
0,62.5,23.335,24.2651,-0.0171416,-0.167015
0,62.5,8.27208,23.6937,-0.118479,-0.213199
0,62.5,23.3187,24.7236,-0.112111,-0.118799
0,62.5,8.06002,23.2235,-0.0941331,-0.137387
0,62.5,24.4344,24.2277,0.135696,-0.339025
0,62.5,7.82855,23.5356,-0.0435429,0.0600844
0,62.5,23.8806,24.2581,0.0802576,-0.326447
0,62.5,7.2755,24.2358,0.124075,-0.273105
0,62.5,25.1137,24.8864,-0.283394,-0.076875
0,62.5,7.51282,24.4204,0.155961,-0.140837
0,62.5,25.0681,24.6543,-0.261674,-0.116831
0,62.5,7.3619,24.8299,0.303934,-0.027821
0,62.5,25.6364,24.9826,-0.164337,-0.226361
0,62.5,7.56026,24.7187,0.243268,-0.0953062
0,62.5,25.2456,25.3607,-0.124407,-0.0932048
0,62.5,6.97876,25.3914,0.377547,0.207887
0,62.5,25.5289,25.4057,-0.210662,-0.316967
0,62.5,7.38611,25.1393,0.348268,0.0807502
0,62.5,25.7073,25.5612,-0.448471,-0.0291839
0,62.5,6.80681,25.7463,0.24356,0.0680683
0,62.5,25.5478,25.7745,-0.321585,0.134778
0,62.5,6.55783,25.7494,0.246028,-0.0932452
0,62.5,25.9576,25.3178,-0.200427,-0.240273
0,62.5,6.41066,25.9863,0.142053,0.00380615
0,62.5,26.501,26.0203,-0.472839,0.0154033
0,62.5,6.18404,26.0026,0.0861394,-0.0181985
0,62.5,27.3214,26.0104,-0.332555,0.0553092
0,62.5,1.98167,17.0526,-0.0404512,0.371612
0,62.5,37.6765,15.4726,0.130129,0.364269
0,62.5,2.71445,20.3027,0.0810982,0.208468
0,62.5,36.6605,16.268,0.031805,0.11734
0,62.5,2.91079,15.5443,-0.0368504,0.164612
0,62.5,36.9122,16.2511,0.0413445,0.262495
0,62.5,1.95781,19.0991,-0.14635,0.454809
0,62.5,35.41,16.1559,-0.214069,-0.00681538
0,62.5,2.53234,19.7762,0.0548959,0.227778
0,62.5,36.124,16.4677,2.46357e-05,0.0551838
0,62.5,3.51825,18.9873,-0.0736676,-0.144451
0,62.5,35.811,15.8132,-0.222813,0.200709
0,62.5,3.53646,18.3993,-0.112772,-0.0915331
0,62.5,34.9196,16.9944,-0.0568563,-0.203174
0,62.5,4.1073,18.3176,-0.10878,-0.278411
0,62.5,31.9628,18.8098,0.308242,-0.230065
0,62.5,4.72766,18.4243,-0.0596831,-0.0605986
0,62.5,30.5755,19.6026,0.338328,-0.168876
0,62.5,5.30513,18.9094,-0.140705,-0.068084
0,62.5,29.5833,19.8747,0.403925,-0.0538121
0,62.5,5.48089,19.0938,-0.223791,-0.0713135
0,62.5,28.8965,19.463,0.468508,-0.0352072
0,62.5,6.49358,19.8676,-0.117023,-0.0716396
0,62.5,29.1439,19.414,0.493997,-0.161282
0,62.5,6.89861,20.2536,-0.12743,-0.00303911
0,62.5,28.5288,19.5124,0.4011,-0.108748
0,62.5,7.16923,20.3663,-0.208051,-0.032181
0,62.5,28.0707,19.8759,0.359063,-0.0851308
0,62.5,7.45213,20.503,-0.108883,-0.373849
0,62.5,27.846,19.8639,0.375337,-0.163923
0,62.5,7.74622,20.8367,-0.222953,-0.151215
0,62.5,27.2445,20.1277,0.212149,-0.155193
0,62.5,8.20449,21.4449,-0.168499,-0.0398881
0,62.5,26.8096,20.3892,0.244655,-0.104522
0,62.5,8.21003,21.1825,-0.302315,-0.0304392
0,62.5,27.3373,19.8961,0.341965,-0.192458
0,62.5,8.43917,21.3742,-0.162167,-0.169898
0,62.5,26.1719,20.7438,0.109546,-0.210551
0,62.5,8.83788,21.5277,-0.149875,-0.249558
0,62.5,26.4482,20.646,0.124864,-0.0766697
0,62.5,9.03384,21.7445,-0.0997482,-0.23493
0,62.5,25.691,20.9419,0.117229,-0.184444
0,62.5,9.2693,21.6762,-0.115892,-0.248934
0,62.5,25.1327,21.1914,0.195725,-0.1125
0,62.5,8.99109,22.0316,-0.0516127,-0.241353
0,62.5,24.3814,21.4616,0.201758,-0.0154923
0,62.5,9.45321,21.8883,-0.0710911,-0.259071
0,62.5,24.5784,21.2062,0.208762,-0.0194964
0,62.5,9.2179,21.9521,-0.0586255,-0.243255
0,62.5,24.0718,21.5137,0.133837,-0.0401402
0,62.5,9.89241,22.0359,-0.0881749,-0.291881
0,62.5,24.2402,21.2933,0.183826,-0.00687628
0,62.5,9.41041,22.1637,-0.00306378,-0.250323
0,62.5,23.6386,21.7213,0.0928183,-0.00498742
0,62.5,9.36666,22.4473,0.00248406,-0.249125
0,62.5,23.1723,22.3234,0.312765,0.161596
0,62.5,8.91291,22.9086,-0.0193092,-0.252507
0,62.5,23.4132,22.1528,0.203159,0.0824903
0,62.5,9.59715,22.3693,0.0083015,-0.247251
0,62.5,22.9673,22.1848,0.247603,0.288588
0,62.5,9.12676,22.8288,-0.0375683,-0.24444
0,62.5,22.7869,22.3666,0.115432,0.199306
0,62.5,9.34328,22.7419,-0.032912,-0.26126
0,62.5,22.2179,23.182,0.219098,0.015296
0,62.5,8.89976,23.1999,-0.0192571,-0.281199
0,62.5,22.0598,22.9941,0.151388,0.0938218
0,62.5,9.11119,23.1275,0.00863363,-0.210855
0,62.5,21.8822,23.6187,0.00871877,-0.0831318
0,62.5,8.69903,23.5823,-0.111187,-0.21469
0,62.5,22.518,23.9632,-0.162758,-0.133318
0,62.5,8.90944,23.486,-0.0627273,-0.283367
0,62.5,23.0788,24.2617,-0.0244172,-0.11648
0,62.5,8.51777,23.9257,0.0209488,-0.242458
0,62.5,22.8433,24.2147,-0.160328,0.0719438
0,62.5,8.05888,23.788,-0.116267,-0.136307
0,62.5,23.2303,24.0256,-0.0581754,-0.128166
0,62.5,8.04745,23.5102,-0.101256,-0.184431
0,62.5,23.7533,24.4811,-0.120906,-0.274938
0,62.5,7.84471,23.8317,-0.0267876,0.135921
0,62.5,24.6844,24.439,-0.33243,-0.210512
0,62.5,7.48387,24.1383,0.0661981,-0.14771
0,62.5,24.7932,24.6308,-0.292378,-0.213207
0,62.5,7.67691,23.9875,0.0534942,0.0937031
0,62.5,25.3798,24.9135,-0.306208,-0.160725
0,62.5,7.77294,24.8921,0.267286,-0.0258521
0,62.5,25.5958,24.7208,-0.238697,-0.144746
0,62.5,7.74555,24.5845,0.210954,-0.00168968
0,62.5,25.5369,24.2789,-0.168213,-0.11864
0,62.5,7.76459,25.1872,0.226967,0.0184291
0,62.5,25.8787,25.0387,-0.21899,-0.193549
0,62.5,7.56828,25.0236,0.295399,-0.0605201
0,62.5,25.9532,24.5784,-0.152149,-0.21755
0,62.5,7.414,25.3984,0.39849,-0.0404562
0,62.5,25.7324,25.2553,-0.214938,-0.184115
0,62.5,7.63008,25.3753,0.492892,0.0632152
0,62.5,26.2309,25.3332,-0.164603,0.00570783
0,62.5,7.01929,25.6896,0.205898,0.136167
0,62.5,26.7853,26.0194,-0.464578,0.0248208
0,62.5,6.65155,26.0145,0.107687,-0.0399712
0,62.5,27.5913,26.0139,-0.220421,0.0189001
0,62.5,1.47449,17.0584,-0.0427691,0.700165
0,62.5,37.4208,16.679,0.178657,0.173868
0,62.5,1.75979,18.3007,-0.0841164,0.558791
0,62.5,37.7275,15.1772,0.224551,0.544416
0,62.5,2.85901,16.0749,-0.0784444,0.087244
0,62.5,34.4641,17.4293,0.109402,-0.270072
0,62.5,3.35891,18.198,-0.0385231,-0.119615
0,62.5,37.0547,16.0822,0.0968241,0.201221
0,62.5,3.53119,18.657,-0.174978,-0.0908393
0,62.5,33.666,18.2429,0.144499,-0.255513
0,62.5,4.12347,18.0389,0.000182071,-0.23538
0,62.5,34.6808,17.329,0.0777399,-0.242392
0,62.5,3.90032,18.1054,-0.0431466,-0.229366
0,62.5,30.8885,19.3322,0.315208,-0.168739
0,62.5,4.33366,18.1834,-0.010257,-0.163717
0,62.5,34.2431,17.5533,0.120824,-0.373858
0,62.5,4.5471,18.0019,-0.0784251,-0.161166
0,62.5,33.4418,18.3746,0.229087,-0.318968
0,62.5,5.46079,18.7557,-0.215637,-0.190965
0,62.5,31.3189,19.1167,0.285228,-0.219942
0,62.5,5.90636,19.2548,-0.304468,-0.224691
0,62.5,29.5493,20.1231,0.156674,-0.0232175
0,62.5,6.32605,19.6215,-0.147608,-0.15358
0,62.5,29.1299,19.6636,0.404271,-0.16675
0,62.5,6.71707,19.7769,-0.175685,-0.119565
0,62.5,28.7016,19.6492,0.381425,-0.0811496
0,62.5,6.91643,19.985,-0.196409,-0.110282
0,62.5,28.4433,19.8006,0.358424,-0.13449
0,62.5,7.6771,20.5768,-0.115733,-0.185189
0,62.5,27.7838,20.1195,0.209346,-0.151371
0,62.5,7.93062,20.608,-0.153093,-0.159176
0,62.5,27.3377,20.3716,0.216956,-0.121024
0,62.5,7.98588,20.8755,-0.201332,-0.149319
0,62.5,26.6928,20.6202,0.115894,-0.0664701
0,62.5,8.23622,20.9106,-0.243395,-0.0739758
0,62.5,26.0276,21.1837,0.147174,-0.181686
0,62.5,8.65341,21.2877,-0.165631,-0.185226
0,62.5,26.2485,20.9618,0.0578336,-0.205532
0,62.5,9.07408,21.4718,-0.164575,-0.254847
0,62.5,25.9539,20.9745,0.121926,-0.20421
0,62.5,9.32447,21.4134,-0.190461,-0.274228
0,62.5,25.2375,21.3813,0.210493,-0.118936
0,62.5,9.78316,21.5855,-0.195803,-0.366543
0,62.5,25.4653,21.1614,0.216037,-0.156048
0,62.5,9.70472,21.827,-0.12315,-0.294085
0,62.5,24.9378,21.4108,0.267408,-0.0751301
0,62.5,10.0388,21.5508,-0.175713,-0.426002
0,62.5,24.4819,21.681,0.223754,-0.0694063
0,62.5,9.97121,21.801,-0.219257,-0.414387
0,62.5,23.9887,21.9236,0.196308,-0.139241
0,62.5,10.0953,22.2253,-0.027717,-0.282456
0,62.5,24.2028,21.6945,0.154649,-0.0839095
0,62.5,9.64364,22.0906,-0.0366284,-0.25002
0,62.5,23.8058,22.1216,0.320953,-0.129888
0,62.5,9.7924,22.565,-0.0294645,-0.306939
0,62.5,23.8943,21.7303,0.0800457,-0.0818161
0,62.5,9.83382,22.2934,0.0235693,-0.280901
0,62.5,22.9088,22.8016,0.474972,-0.0126203
0,62.5,9.74561,22.8442,-0.0284364,-0.284611
0,62.5,22.4802,22.7774,0.256797,0.128454
0,62.5,9.55801,22.6484,-0.0302412,-0.234257
0,62.5,22.7288,22.6437,0.269877,0.0757226
0,62.5,9.74209,23.1416,-0.0490819,-0.248602
0,62.5,22.3108,22.5798,0.140563,0.150563
0,62.5,9.53368,22.9515,-0.0110832,-0.226971
0,62.5,21.7479,23.4324,0.0973058,-0.0585994
0,62.5,9.53976,23.2464,-0.0287167,-0.210371
0,62.5,22.3422,23.495,0.0945802,-0.188461
0,62.5,9.32318,23.0376,-0.0241293,-0.271445
0,62.5,21.9607,23.8685,-0.0771353,-0.110101
0,62.5,9.11855,23.4186,-0.0397865,-0.214153
0,62.5,22.4108,23.7381,-0.0622415,-0.164938
0,62.5,8.73182,23.8786,-0.000930434,-0.227057
0,62.5,22.7404,23.9439,-0.141336,0.00975266
0,62.5,8.30286,23.9736,-0.00949994,-0.295896
0,62.5,22.9827,23.9899,-0.174851,0.0909421
0,62.5,8.09093,24.0611,0.0615225,-0.112446
0,62.5,23.4901,24.0363,0.0134564,-0.100877
0,62.5,8.34674,24.2489,0.0482686,-0.295284
0,62.5,24.3168,24.019,0.162938,-0.360516
0,62.5,7.89213,24.1464,0.183984,0.115055
0,62.5,24.1604,24.2542,0.0900288,-0.391934
0,62.5,8.1323,24.3381,0.185899,-0.0397994
0,62.5,25.0117,24.4375,-0.285905,-0.059437
0,62.5,7.71238,24.2926,0.143842,0.0246049
0,62.5,25.3366,24.6715,-0.254247,-0.145865
0,62.5,7.95832,24.7629,0.303905,0.0225583
0,62.5,25.6219,24.4987,-0.176489,-0.119729
0,62.5,7.97835,25.0788,0.24189,-0.0452901
0,62.5,25.8308,24.3702,-0.191669,-0.222428
0,62.5,8.25351,25.163,0.325384,-0.00102272
0,62.5,26.1258,25.1056,-0.160005,-0.0809781
0,62.5,7.85754,25.4886,0.584555,0.130277
0,62.5,25.8122,25.7992,-0.294658,-0.0956396
0,62.5,7.19593,25.5051,0.404193,0.238933
0,62.5,26.0808,25.7944,-0.417824,-0.137349
0,62.5,7.11759,25.9976,0.249994,0.057198
0,62.5,26.4701,25.5661,-0.55731,0.0544378
0,62.5,6.89337,25.9884,0.149525,0.116972
0,62.5,27.8438,26.0016,-0.219169,-0.000662079
0,62.5,1.62891,18.048,0.0727755,0.571929
0,62.5,37.8565,15.1333,0.281055,0.590133
0,62.5,2.70681,19.5546,-0.0574964,0.0499793
0,62.5,31.5672,17.8773,0.391608,-0.280688
0,62.5,1.63867,16.7917,-0.0381453,0.61603
0,62.5,37.8598,21.1931,0.00387889,0.446335
0,62.5,3.66012,18.1956,-0.0816874,-0.137619
0,62.5,35.8769,16.3067,-0.185705,0.155446
0,62.5,3.89131,17.8153,-0.0477444,-0.131493
0,62.5,34.8984,17.2893,0.0563185,-0.271598
0,62.5,4.54414,18.2939,0.000109888,-0.149669
0,62.5,33.0793,18.7767,0.399391,-0.474912
0,62.5,3.8736,17.5638,-0.0506115,-0.143946
0,62.5,34.0392,17.8566,0.201748,-0.286434
0,62.5,4.96797,18.346,-0.0881023,-0.190051
0,62.5,31.574,19.0615,0.300265,-0.22213
0,62.5,5.17937,18.5597,-0.187933,-0.134227
0,62.5,29.2912,20.1235,0.222718,-0.129178
0,62.5,5.6953,19.0382,-0.230036,-0.227983
0,62.5,32.8814,18.6201,0.320142,-0.390646
0,62.5,6.14518,19.192,-0.374844,-0.345689
0,62.5,29.0412,20.2149,0.287056,-0.0852275
0,62.5,6.36266,19.3434,-0.294049,-0.232949
0,62.5,30.1709,19.8261,0.315008,-0.0387125
0,62.5,6.55192,19.5685,-0.223692,-0.155796
0,62.5,28.8591,20.0388,0.355696,-0.0747371
0,62.5,6.9089,19.6702,-0.213031,-0.132143
0,62.5,28.6597,19.9265,0.362933,-0.120074
0,62.5,7.14118,20.1193,-0.244124,-0.0768394
0,62.5,28.1724,20.0508,0.294488,-0.0674631
0,62.5,7.40094,20.2626,-0.267269,-0.308592
0,62.5,27.587,20.3543,0.190993,-0.164633
0,62.5,8.17275,20.6611,-0.178396,-0.165497
0,62.5,27.5097,20.1242,0.154712,-0.171993
0,62.5,8.43941,21.0948,-0.295582,-0.108715
0,62.5,27.0737,20.3525,0.245371,-0.118111
0,62.5,8.6639,21.0067,-0.35008,-0.178862
0,62.5,26.3053,21.1864,0.119123,-0.185488
0,62.5,9.51685,21.6279,-0.146283,-0.286114
0,62.5,25.4973,21.3977,0.203394,-0.177854
0,62.5,9.58503,21.3817,-0.215366,-0.332919
0,62.5,25.7199,21.1798,0.203389,-0.180711
0,62.5,9.83745,21.3326,-0.199155,-0.339587
0,62.5,25.0532,21.6137,0.280144,-0.0456154
0,62.5,9.87886,21.0701,-0.26703,-0.310967
0,62.5,24.7663,21.6319,0.287532,-0.0900516
0,62.5,10.2255,21.7509,-0.227958,-0.441689
0,62.5,24.6435,21.4314,0.227145,-0.0379912
0,62.5,10.1742,22.0078,-0.251629,-0.431505
0,62.5,24.2739,21.9116,0.214445,-0.103321
0,62.5,10.3026,22.3947,-0.0401147,-0.203734
0,62.5,23.5736,22.2985,0.364535,-0.0792209
0,62.5,10.032,22.4756,0.0180693,-0.268318
0,62.5,23.347,22.4647,0.465708,0.0879324
0,62.5,10.2355,22.6427,-0.0340687,-0.193806
0,62.5,22.9812,22.5078,0.286369,0.0950799
0,62.5,9.98776,22.7476,-0.0609358,-0.284607
0,62.5,22.6778,22.93,0.425281,-0.0809936
0,62.5,10.489,22.6221,-0.0313379,-0.185142
0,62.5,22.9509,23.0482,0.408589,-0.0147158
0,62.5,9.94786,23.0118,-0.0805915,-0.209961
0,62.5,22.6482,23.1563,0.392778,-0.0778213
0,62.5,9.76391,23.4435,-0.117841,-0.165668
0,62.5,22.4475,23.2972,0.382745,-0.0646218
0,62.5,9.56052,23.5351,-0.0582478,-0.148414
0,62.5,22.3949,23.0134,0.323061,0.110936
0,62.5,9.34174,23.6086,-0.0582154,-0.252951
0,62.5,22.0941,23.4299,0.0979468,-0.121027
0,62.5,9.32919,23.3254,-0.0291663,-0.257797
0,62.5,22.1422,23.6833,-0.00757287,-0.156568
0,62.5,9.14528,23.7149,-0.0214388,-0.193159
0,62.5,22.8514,23.7207,-0.0230055,0.0542929
0,62.5,8.92839,23.7657,-0.0563974,-0.35366
0,62.5,23.6476,23.8092,0.0721771,-0.097188
0,62.5,8.98079,24.0447,-0.0804042,-0.25353
0,62.5,24.04,24.035,0.138797,-0.36471
0,62.5,8.56289,24.2032,0.0484817,-0.260644
0,62.5,24.0906,23.5984,0.204473,-0.251548
0,62.5,8.77991,24.157,0.0423935,-0.152507
0,62.5,24.9631,24.2332,0.00455689,-0.156101
0,62.5,8.35379,24.5262,0.208332,-0.202447
0,62.5,25.4677,24.0433,-0.0139197,-0.0800948
0,62.5,8.37231,24.811,0.217742,-0.169941
0,62.5,25.3191,24.4521,-0.201186,-0.112428
0,62.5,7.9371,24.4514,0.198297,0.0538036
0,62.5,25.2481,24.2415,-0.156223,-0.0952275
0,62.5,8.14857,24.633,0.248182,-0.0202131
0,62.5,25.7388,24.1152,0.0114809,-0.0839282
0,62.5,8.17213,24.9355,0.308084,0.0335725
0,62.5,25.8371,24.7718,-0.182441,-0.264043
0,62.5,8.51155,25.0209,0.251332,-0.185104
0,62.5,26.3434,24.8988,-0.277314,-0.0626911
0,62.5,8.23016,25.4385,0.401791,-0.0329132
0,62.5,26.2074,25.5638,-0.576909,-0.0262792
0,62.5,8.02463,25.333,0.318478,-0.108942
0,62.5,27.0077,25.5582,-0.468663,0.0538506
0,62.5,7.45442,25.6634,0.242567,-0.0280844
0,62.5,26.8957,25.7937,-0.452766,0.0365704
0,62.5,7.24898,25.7786,0.269417,0.211402
0,62.5,28.3548,26.0043,-0.174687,-0.0247079
0,62.5,2.86186,19.3491,-0.120194,0.00452279
0,62.5,27.5561,18.9049,0.367796,-0.0746825
0,62.5,1.99563,18.3779,-0.110708,0.399144
0,62.5,37.2598,21.8233,-0.0747086,0.157625
0,62.5,1.80094,17.2672,-0.0364913,0.504333
0,62.5,37.2235,16.4444,0.0987024,0.145779
0,62.5,3.71612,17.1422,-0.087061,-0.0701224
0,62.5,36.0106,16.6676,0.0630816,0.0812986
0,62.5,3.68248,17.4024,-0.0176446,-0.099245
0,62.5,35.1161,17.1759,0.0876202,-0.149832
0,62.5,4.96607,18.0779,-0.0619786,-0.170986
0,62.5,35.3968,17.0492,-0.00977688,-0.0312937
0,62.5,4.35258,17.8903,-0.0461531,-0.233351
0,62.5,33.3094,18.6265,0.331272,-0.362246
0,62.5,5.69135,18.7848,-0.198767,-0.19304
0,62.5,34.0692,18.1098,0.108231,-0.199647
0,62.5,5.41156,18.5099,-0.163414,-0.180897
0,62.5,31.1032,19.224,0.295496,-0.1975
0,62.5,5.89309,18.6773,-0.186955,-0.293829
0,62.5,32.6582,18.7659,0.345667,-0.351667
0,62.5,5.93109,18.9919,-0.250423,-0.3143
0,62.5,30.4439,19.8036,0.318713,-0.148234
0,62.5,6.31899,19.0419,-0.257064,-0.202214
0,62.5,29.7744,20.1466,0.194125,-0.0852897
0,62.5,6.57295,19.2693,-0.359001,-0.272951
0,62.5,29.1047,19.9456,0.382107,-0.161188
0,62.5,7.11659,19.8304,-0.201955,-0.0988046
0,62.5,28.6324,20.2163,0.13311,-0.187222
0,62.5,7.72755,20.3404,-0.271802,-0.241317
0,62.5,28.417,20.0453,0.284823,-0.152786
0,62.5,8.46297,20.8086,-0.318621,-0.195585
0,62.5,27.9293,20.2403,0.150665,-0.144042
0,62.5,8.71452,20.7506,-0.372765,-0.22746
0,62.5,27.7491,20.5003,0.152201,-0.124813
0,62.5,8.88394,21.2583,-0.157332,-0.270195
0,62.5,27.2904,20.5946,0.0381736,-0.102512
0,62.5,9.1353,21.2127,-0.1956,-0.288199
0,62.5,26.4794,20.8791,0.109974,-0.0729147
0,62.5,9.39502,21.1679,-0.255411,-0.329653
0,62.5,25.8273,21.3768,0.224605,-0.181942
0,62.5,9.64193,21.124,-0.275567,-0.32443
0,62.5,25.6399,21.5671,0.252878,-0.212698
0,62.5,9.61813,20.8625,-0.42028,-0.299787
0,62.5,25.3074,21.6221,0.268555,-0.138287
0,62.5,10.088,21.3039,-0.178149,-0.420209
0,62.5,24.8437,21.8456,0.24672,-0.100872
0,62.5,10.4123,22.2037,-0.325467,-0.481076
0,62.5,24.5667,21.8849,0.235271,-0.0966488
0,62.5,10.3055,21.4957,-0.1814,-0.431421
0,62.5,24.3935,22.1132,0.32947,-0.113073
0,62.5,10.6808,22.2021,-0.295264,-0.377476
0,62.5,24.1011,22.1327,0.327118,-0.141967
0,62.5,10.6082,22.4285,-0.293056,-0.400661
0,62.5,23.8397,22.3519,0.301479,-0.091544
0,62.5,10.8198,22.594,-0.368028,-0.100106
0,62.5,23.1513,22.6613,0.453271,-0.011166
0,62.5,10.4206,21.9606,-0.218975,-0.436317
0,62.5,23.4692,22.9322,0.465843,0.104601
0,62.5,10.6977,22.7977,-0.175752,0.00776516
0,62.5,23.1624,22.918,0.427903,0.0429933
0,62.5,10.2036,22.8965,-0.198268,-0.128668
0,62.5,23.2724,23.1182,0.372459,0.0542393
0,62.5,9.8494,23.7078,-0.255692,0.000884434
0,62.5,22.8936,23.2679,0.268067,-0.000594583
0,62.5,9.40738,23.8849,-0.14019,-0.11264
0,62.5,22.6948,23.4282,0.268744,0.0363405
0,62.5,9.61354,23.7924,-0.216248,-0.0299398
0,62.5,22.6219,23.6295,0.00732778,-0.041921
0,62.5,9.19741,23.9844,-0.142178,-0.156123
0,62.5,23.1179,23.7654,-0.0590724,0.0820345
0,62.5,9.42755,24.1757,-0.143729,-0.054785
0,62.5,23.6033,24.2659,0.0332776,-0.195288
0,62.5,9.20532,24.2585,-0.0184069,-0.0631716
0,62.5,23.7606,24.0394,0.0817243,-0.215808
0,62.5,9.24061,24.5426,0.149191,0.0635302
0,62.5,24.2023,23.808,0.195744,-0.34306
0,62.5,8.9986,24.34,0.093785,-0.144647
0,62.5,24.6949,24.2199,0.12156,-0.262283
0,62.5,9.02634,24.6245,0.236883,-0.0454891
0,62.5,25.1848,24.0203,0.0391969,-0.189148
0,62.5,8.79327,24.4448,0.189738,-0.122942
0,62.5,25.9267,23.9159,0.0359492,-0.120198
0,62.5,8.57803,24.4816,0.141874,-0.298594
0,62.5,25.6736,23.8627,0.0625362,-0.0713538
0,62.5,8.59495,24.7475,0.184114,-0.263462
0,62.5,26.91,24.9691,-0.414906,-0.0667177
0,62.5,8.77243,24.9829,0.189754,-0.166298
0,62.5,26.2364,24.656,-0.241201,-0.117004
0,62.5,8.74722,25.215,0.36887,-0.16734
0,62.5,25.9913,24.1803,0.06328,-0.172321
0,62.5,8.47739,25.2525,0.403126,-0.167964
0,62.5,26.3987,25.1355,-0.229088,0.0292283
0,62.5,8.46441,25.5075,0.406117,-0.17012
0,62.5,26.5238,25.3467,-0.200071,0.0818724
0,62.5,7.67475,25.6731,0.363707,-0.149706
0,62.5,27.1594,25.7777,-0.462105,0.0959898
0,62.5,7.9133,25.7441,0.285563,0.279851
0,62.5,28.1008,26.0121,-0.19478,0.0129634
0,62.5,7.37439,26.0143,0.373965,0.116321
0,62.5,28.8842,26.0147,-0.157502,-0.029376
0,62.5,3.05989,19.1679,-0.10155,0.0241783
0,62.5,38.5302,20.9576,-0.043802,0.495971
0,62.5,3.0306,20.0035,-0.11463,-0.00886429
0,62.5,35.9273,15.7181,-0.212681,0.213456
0,62.5,4.11988,17.7733,-0.0619206,-0.215936
0,62.5,36.0476,16.1764,-0.0522355,0.198704
0,62.5,2.6207,19.2785,-0.119111,0.115359
0,62.5,37.5804,17.2386,-0.027837,0.185531
0,62.5,5.19832,18.3018,-0.0826631,-0.162771
0,62.5,35.8001,17.0542,0.0285628,-0.158075
0,62.5,3.42532,17.6334,-0.0581839,-0.13708
0,62.5,34.5658,17.6539,0.0815449,-0.25409
0,62.5,5.49275,18.2658,-0.14387,-0.198466
0,62.5,33.8613,18.3184,0.159385,-0.199601
0,62.5,6.10803,18.8593,-0.20926,-0.316988
0,62.5,32.8463,18.9153,0.400483,-0.429432
0,62.5,6.53546,18.9851,-0.27624,-0.368996
0,62.5,32.5013,18.9658,0.366989,-0.375142
0,62.5,6.99568,19.4251,-0.387835,-0.171212
0,62.5,31.2631,19.4273,0.273915,-0.184993
0,62.5,6.75176,19.4308,-0.369057,-0.197836
0,62.5,30.8048,19.6193,0.343369,-0.17322
0,62.5,7.19783,19.597,-0.317102,-0.175626
0,62.5,29.4057,20.3571,0.179313,-0.0219604
0,62.5,7.32305,19.9583,-0.227735,-0.176063
0,62.5,28.8133,20.3404,0.191766,-0.221245
0,62.5,7.57287,20.1343,-0.160004,-0.309558
0,62.5,29.1726,20.4192,0.240935,-0.019702
0,62.5,7.98208,20.3702,-0.290452,-0.197571
0,62.5,28.2237,20.5635,0.190975,-0.093136
0,62.5,8.23263,20.4213,-0.297596,-0.24422
0,62.5,28.4104,20.3067,0.155339,-0.0776121
0,62.5,8.90183,21.0033,-0.363488,-0.291224
0,62.5,28.1611,20.3014,0.166394,-0.0977634
0,62.5,9.15373,20.9661,-0.422647,-0.323356
0,62.5,27.1114,20.7988,0.159247,-0.0430585
0,62.5,9.21144,20.6909,-0.401629,-0.336952
0,62.5,27.0024,20.5792,0.123656,-0.101443
0,62.5,9.39095,20.9108,-0.417313,-0.319612
0,62.5,26.1163,21.4073,0.218584,-0.167225
0,62.5,9.84682,20.8058,-0.395876,-0.27934
0,62.5,25.925,21.6055,0.279059,-0.186346
0,62.5,10.1149,21.0501,-0.277131,-0.443183
0,62.5,25.7334,21.8016,0.29116,-0.23704
0,62.5,10.4769,21.6984,-0.232993,-0.355481
0,62.5,25.4631,21.7813,0.297832,-0.180933
0,62.5,10.9016,22.3641,-0.435887,-0.148671
0,62.5,25.1074,21.8531,0.301433,-0.0777481
0,62.5,11.1063,22.5336,-0.548291,0.0770264
0,62.5,24.676,22.0968,0.321901,-0.123837
0,62.5,11.2685,22.7556,-0.504143,-0.0214748
0,62.5,24.1224,22.3477,0.262336,-0.137106
0,62.5,11.4951,22.7031,-0.426543,0.0683923
0,62.5,23.9172,22.5635,0.310561,-0.0934673
0,62.5,11.4167,22.9991,-0.408153,-0.0327243
0,62.5,23.6137,22.5416,0.356665,-0.0193512
0,62.5,11.0079,22.7729,-0.467434,0.161199
0,62.5,23.4006,22.7166,0.403455,0.12868
0,62.5,10.8948,22.9952,-0.202859,0.304879
0,62.5,23.5722,23.1411,0.391213,0.0841398
0,62.5,10.4485,22.8757,-0.246822,-0.208838
0,62.5,22.9785,23.5217,0.13485,0.0752257
0,62.5,9.95692,23.3086,-0.125958,-0.0778543
0,62.5,23.5304,23.5824,0.0912909,-0.0380242
0,62.5,9.8371,23.9592,-0.208432,0.0746019
0,62.5,23.255,23.5564,0.0478421,0.0699943
0,62.5,10.0831,23.9088,-0.257502,-0.00499538
0,62.5,23.1451,23.3195,0.202908,0.0214645
0,62.5,9.62387,24.0841,-0.161799,0.0430644
0,62.5,23.8097,23.5908,0.117617,-0.134504
0,62.5,10.0592,24.1559,-0.10384,0.0305258
0,62.5,23.3774,23.799,0.0412858,-0.0452753
0,62.5,9.83784,24.2451,-0.0832007,0.0429365
0,62.5,23.9855,23.3812,0.265312,-0.129908
0,62.5,9.66937,24.4006,-0.0725184,0.0501483
0,62.5,23.9197,23.8179,0.123675,-0.257143
0,62.5,9.44633,24.445,0.0300459,0.0608283
0,62.5,24.6203,23.9912,0.138692,-0.314648
0,62.5,9.47461,24.7283,0.229238,0.135891
0,62.5,25.3929,23.8191,0.142452,-0.12014
0,62.5,9.24397,24.8163,0.272953,0.115747
0,62.5,25.2979,23.5986,0.414208,-0.146528
0,62.5,9.30374,25.0595,0.366767,0.0298945
0,62.5,26.1723,23.9654,0.0576217,-0.160416
0,62.5,8.8305,24.7339,0.160132,-0.175225
0,62.5,26.6143,24.9416,-0.374902,-0.117729
0,62.5,9.03612,24.931,0.179192,-0.11009
0,62.5,26.0865,24.8524,-0.244157,-0.102446
0,62.5,8.71127,25.4632,0.411135,-0.117729
0,62.5,26.6984,25.1596,-0.319978,-0.0996443
0,62.5,8.95231,25.4133,0.360379,-0.176455
0,62.5,26.7322,25.5747,-0.482442,0.0233805
0,62.5,8.34058,25.7402,0.261746,-0.133318
0,62.5,26.8305,25.359,-0.355687,0.00993813
0,62.5,8.12076,25.6667,0.285101,-0.0768319
0,62.5,27.4376,25.7944,-0.405458,0.118489
0,62.5,8.01581,25.9816,0.366984,0.0508342
0,62.5,28.6166,26.0162,-0.163498,-0.0192118
0,62.5,7.57874,25.9251,0.307499,-0.251093
0,62.5,29.1627,26.0236,-0.160194,-0.0244812
0,62.5,2.17479,18.1573,-0.120767,0.204906
0,62.5,36.1616,15.6403,-0.1729,0.263332
0,62.5,1.30964,15.5878,-0.0417184,0.498553
0,62.5,38.5133,20.1535,0.127184,0.467366
0,62.5,4.65127,16.3858,0.126999,-0.135787
0,62.5,36.5054,16.5352,0.000815727,0.147155
0,62.5,1.92809,18.1067,-0.0589518,0.397647
0,62.5,37.5206,15.3364,0.0555186,0.444299
0,62.5,3.4441,17.9842,-0.120855,-0.143133
0,62.5,37.8817,15.6363,0.0323945,0.406614
0,62.5,4.31014,17.6089,-0.00837808,-0.219869
0,62.5,36.2401,16.9766,0.112885,0.191509
0,62.5,4.92212,17.7779,-0.0854351,-0.238198
0,62.5,37.7032,16.9815,0.083346,0.453508
0,62.5,5.51852,17.9783,-0.132756,-0.2112
0,62.5,35.2211,17.396,0.0710302,-0.130893
0,62.5,5.65729,18.5046,-0.184839,-0.215351
0,62.5,33.1439,18.9874,0.177178,-0.30896
0,62.5,5.87566,18.4069,-0.157729,-0.270993
0,62.5,31.0445,19.5421,0.327994,-0.147209
0,62.5,6.33629,18.762,-0.233751,-0.276225
0,62.5,29.6203,20.432,0.192325,-0.0539201
0,62.5,7.41777,19.6368,-0.290356,-0.264939
0,62.5,28.9582,20.5487,0.224636,-0.188184
0,62.5,7.52757,19.8637,-0.262944,-0.308803
0,62.5,30.0835,20.0598,0.302035,-0.0686759
0,62.5,7.83222,20.106,-0.199715,-0.266734
0,62.5,28.6947,20.5776,0.268917,-0.249871
0,62.5,8.0846,20.1402,-0.242882,-0.21182
0,62.5,29.2691,20.6562,0.225028,0.0439548
0,62.5,8.4402,20.5772,-0.299157,-0.254576
0,62.5,28.4744,20.5408,0.231344,-0.132059
0,62.5,8.96846,20.7512,-0.396209,-0.342218
0,62.5,27.9818,20.5235,0.19156,-0.164613
0,62.5,8.97503,20.5018,-0.372905,-0.372316
0,62.5,27.5434,20.6514,0.0955485,-0.191831
0,62.5,9.44208,20.6229,-0.403393,-0.334085
0,62.5,26.943,21.0313,0.115791,-0.0994992
0,62.5,10.3498,21.0078,-0.292306,-0.41689
0,62.5,26.8357,20.7971,0.154191,-0.110381
0,62.5,10.3477,21.2624,-0.212527,-0.424984
0,62.5,26.5394,21.2097,0.100842,-0.146918
0,62.5,10.6659,21.9585,-0.167341,-0.318518
0,62.5,26.3807,21.4405,0.202659,-0.173467
0,62.5,11.1442,22.2644,-0.351881,0.085991
0,62.5,25.5687,22.0289,0.379005,-0.22955
0,62.5,11.3446,22.4699,-0.481945,0.0892569
0,62.5,25.2956,21.9739,0.342503,-0.137789
0,62.5,11.5948,22.4425,-0.484752,0.0502597
0,62.5,24.9355,22.0753,0.363944,-0.133805
0,62.5,11.742,22.6775,-0.44017,0.019921
0,62.5,24.6899,22.3209,0.242632,-0.137002
0,62.5,11.6364,22.941,-0.340445,0.0289485
0,62.5,24.4046,22.3304,0.261525,-0.102634
0,62.5,11.2863,23.2389,-0.242298,0.130846
0,62.5,24.2159,22.5587,0.258266,-0.122736
0,62.5,11.0232,23.2319,-0.10828,0.349209
0,62.5,24.0039,22.7709,0.3306,-0.0883216
0,62.5,11.1618,23.0007,-0.319323,0.106052
0,62.5,23.6997,22.7523,0.36199,-0.0184587
0,62.5,10.4033,23.1333,-0.282373,-0.112462
0,62.5,23.7785,22.9633,0.422928,-0.0314592
0,62.5,10.6598,23.058,-0.322011,-0.0926483
0,62.5,23.421,23.3468,0.139913,0.0487997
0,62.5,10.1635,23.1577,-0.184748,-0.0179757
0,62.5,24.0818,22.9806,0.403388,-0.107021
0,62.5,10.217,23.4044,-0.279345,0.0924998
0,62.5,23.6933,23.3698,0.203089,-0.0382455
0,62.5,10.0322,23.5762,-0.251073,0.108333
0,62.5,24.1837,23.1805,0.39641,-0.129845
0,62.5,10.2295,23.742,-0.151717,0.0328833
0,62.5,24.2793,23.3935,0.360747,-0.211292
0,62.5,10.2979,24.1857,-0.132034,-0.00686854
0,62.5,24.4798,23.1862,0.459646,-0.185597
0,62.5,10.1366,24.4155,-0.0721897,0.0585275
0,62.5,24.9037,24.0019,0.089338,-0.247213
0,62.5,9.93038,24.5042,-0.0788036,0.0843232
0,62.5,25.1058,23.8004,0.149371,-0.217132
0,62.5,9.93973,24.7402,0.224831,0.0932028
0,62.5,24.3909,23.5923,0.31634,-0.323541
0,62.5,9.68999,24.6629,0.138778,0.138897
0,62.5,25.6109,23.6398,0.369488,-0.104084
0,62.5,9.77195,24.9308,0.367018,0.169655
0,62.5,26.2554,24.2096,0.132768,-0.215739
0,62.5,9.53606,24.9736,0.426506,0.149791
0,62.5,26.8103,24.7551,-0.4286,-0.131818
0,62.5,9.49706,25.2622,0.440649,0.0453218
0,62.5,27.2968,25.5664,-0.494759,0.100584
0,62.5,9.2334,25.2919,0.386667,-0.0219338
0,62.5,27.2068,24.9673,-0.516737,-0.0604818
0,62.5,9.01326,25.1633,0.374205,-0.152147
0,62.5,27.0117,25.1735,-0.384098,0.00462493
0,62.5,8.83242,25.688,0.240494,-0.0735495
0,62.5,27.5803,25.5784,-0.578743,0.0130478
0,62.5,8.59716,25.737,0.234583,-0.106822
0,62.5,27.7196,25.7697,-0.442215,-0.00690146
0,62.5,8.46646,25.9984,0.325517,-0.0755191
0,62.5,27.9764,25.7665,-0.436055,-0.000667937
0,62.5,7.77669,26.0064,0.184692,0.153177
0,62.5,29.638,25.8371,-0.197931,-0.140718
0,62.5,8.47357,17.6325,-0.407688,-0.462049
0,62.5,37.5043,15.6913,0.0134248,0.381762
0,62.5,3.30751,18.4907,-0.114806,-0.0721793
0,62.5,36.2782,16.6894,0.0146499,0.110124
0,62.5,1.82654,18.5786,-0.112146,0.452024
0,62.5,35.4241,17.3528,0.145939,-0.0330782
0,62.5,1.67311,20.844,0.011622,0.552964
0,62.5,34.3067,17.7764,0.130737,-0.288762
0,62.5,3.25678,17.8526,-0.121701,-0.102988
0,62.5,36.7662,16.497,-0.069639,0.157009
0,62.5,3.25168,19.337,-0.0894101,-0.0700338
0,62.5,36.0292,16.9158,0.110987,0.0486233
0,62.5,3.46792,17.3531,-0.0805117,-0.0754978
0,62.5,36.3403,16.3888,0.014708,0.103286
0,62.5,5.13994,17.8983,-0.0787857,-0.21181
0,62.5,33.5744,18.5706,0.252261,-0.205936
0,62.5,6.11852,18.5851,-0.181633,-0.334261
0,62.5,32.0469,19.0597,0.328781,-0.285635
0,62.5,6.75924,19.0824,-0.324903,-0.210727
0,62.5,31.4879,19.32,0.259226,-0.204225
0,62.5,7.65261,19.578,-0.306523,-0.346562
0,62.5,30.3609,20.0268,0.364734,-0.103775
0,62.5,8.01071,19.8872,-0.288372,-0.285293
0,62.5,29.4916,20.6628,0.227925,-0.0319952
0,62.5,7.76246,19.8549,-0.27938,-0.286841
0,62.5,28.5167,20.8146,0.370083,-0.150544
0,62.5,8.32448,20.1813,-0.265687,-0.26857
0,62.5,28.0703,20.9621,0.297398,-0.3384
0,62.5,8.72251,20.5145,-0.335352,-0.268065
0,62.5,28.2704,20.7934,0.343692,-0.177094
0,62.5,8.76588,20.2527,-0.34742,-0.314404
0,62.5,27.9565,20.7622,0.111632,-0.197277
0,62.5,9.22575,20.4304,-0.403447,-0.355978
0,62.5,27.7251,20.8086,0.103082,-0.15486
0,62.5,9.66937,20.5802,-0.404642,-0.29029
0,62.5,27.3852,20.8416,0.197202,-0.125059
0,62.5,10.6011,21.2614,-0.202372,-0.244126
0,62.5,26.7929,21.2517,0.175709,-0.119226
0,62.5,10.5954,21.4887,-0.193074,-0.28095
0,62.5,26.6695,20.9933,0.137192,-0.116152
0,62.5,10.924,22.0986,-0.156088,-0.131051
0,62.5,26.3065,21.8687,0.386368,-0.202475
0,62.5,11.4042,22.2213,-0.379022,0.0599345
0,62.5,26.486,21.6744,0.341456,-0.198896
0,62.5,11.6883,22.2144,-0.451916,-0.01341
0,62.5,26.1983,21.6439,0.292468,-0.170865
0,62.5,11.8606,22.4464,-0.511198,-0.0496261
0,62.5,25.812,22.0418,0.397427,-0.225183
0,62.5,12.0074,22.6707,-0.480949,-0.0403741
0,62.5,25.4261,22.2294,0.394547,-0.209619
0,62.5,11.886,22.908,-0.379905,0.0437278
0,62.5,25.1569,22.1924,0.41175,-0.0771246
0,62.5,12.1514,22.8967,-0.422815,-0.111145
0,62.5,24.9556,22.3347,0.314008,-0.226035
0,62.5,11.7688,23.1778,-0.20925,0.0682401
0,62.5,24.7809,22.5467,0.297171,-0.186901
0,62.5,10.9276,23.5189,-0.136387,-0.0108145
0,62.5,24.5017,22.5432,0.270782,-0.103721
0,62.5,11.1657,23.47,0.0325096,0.38264
0,62.5,24.5815,22.7602,0.35115,-0.143527
0,62.5,10.7957,23.2896,-0.259562,-0.0347678
0,62.5,24.2952,22.769,0.346105,-0.139763
0,62.5,10.6715,23.5446,-0.188622,-0.108426
0,62.5,23.8737,23.1732,0.391451,-0.071695
0,62.5,10.5386,23.3207,-0.279001,-0.111575
0,62.5,24.6798,22.975,0.386472,-0.170989
0,62.5,10.5188,23.7709,-0.134505,-0.105759
0,62.5,24.3871,22.9777,0.377042,-0.144159
0,62.5,10.398,23.5385,-0.20341,-0.0894514
0,62.5,24.8123,23.7887,0.21516,-0.313911
0,62.5,10.3752,23.9677,-0.20356,-0.0658092
0,62.5,24.4923,23.8064,0.207193,-0.340938
0,62.5,10.5646,24.2093,-0.141351,-0.134571
0,62.5,25.4882,23.4317,0.453804,-0.146817
0,62.5,10.7007,24.4407,-0.0220021,-0.152799
0,62.5,25.0048,23.5841,0.442956,-0.289865
0,62.5,10.4221,24.4245,-0.0371607,-0.0517425
0,62.5,26.2424,23.7497,0.195459,-0.118688
0,62.5,10.2668,24.6195,0.00386948,-0.0350846
0,62.5,25.9347,23.6854,0.253618,-0.107818
0,62.5,10.1752,24.8286,0.245413,0.0755458
0,62.5,26.1419,24.417,-0.187044,-0.24294
0,62.5,10.3114,25.0618,0.472186,-0.0825095
0,62.5,26.5262,24.7078,-0.381017,-0.203182
0,62.5,10.0174,25.0207,0.358802,0.127936
0,62.5,26.4199,24.4811,-0.347815,-0.272634
0,62.5,9.95392,25.2461,0.544815,0.162718
0,62.5,27.157,25.3572,-0.418193,0.0498657
0,62.5,9.72179,25.186,0.501459,0.228367
0,62.5,27.7445,25.3751,-0.579304,0.0112819
0,62.5,9.66855,25.4709,0.368867,0.137912
0,62.5,28.1492,25.5287,-0.535791,0.0327615
0,62.5,9.41901,25.5127,0.337935,0.00908707
0,62.5,28.1169,25.2902,-0.491331,0.0648275
0,62.5,9.15559,25.5342,0.303409,-0.0634362
0,62.5,27.8992,25.5305,-0.578504,0.0184176
0,62.5,9.04208,25.7628,0.231387,-0.115137
0,62.5,28.2348,25.771,-0.405133,0.0155137
0,62.5,8.23143,25.9789,0.378122,-0.0616128
0,62.5,29.782,26.0156,-0.298534,-0.00944735
0,62.5,1.21986,19.7653,-0.052738,0.664068
0,62.5,37.3339,15.5231,0.0387779,0.352507
0,62.5,3.33186,18.7986,-0.153022,-0.0732263
0,62.5,37.6459,16.7332,0.13595,0.3705
0,62.5,2.3665,17.8719,0.0053845,0.201273
0,62.5,33.8059,18.5835,0.205866,-0.181978
0,62.5,3.18954,17.5972,-0.0941556,-0.0950928
0,62.5,34.2995,18.0228,0.0814489,-0.232014
0,62.5,3.35235,17.1151,-0.0668111,-0.118738
0,62.5,32.3471,19.2062,0.296554,-0.334227
0,62.5,4.87469,17.501,-0.0721333,-0.125071
0,62.5,32.8719,19.1367,0.24472,-0.360695
0,62.5,4.71545,17.8103,-0.049503,-0.102122
0,62.5,31.6893,19.3945,0.252323,-0.252581
0,62.5,5.70904,18.1979,-0.159056,-0.223749
0,62.5,32.2545,18.9614,0.362571,-0.295878
0,62.5,7.25615,19.3419,-0.367362,-0.133146
0,62.5,30.9537,19.8218,0.290676,-0.115616
0,62.5,6.61066,18.7384,-0.245879,-0.405323
0,62.5,31.7885,19.0619,0.299652,-0.180929
0,62.5,7.89119,19.629,-0.316941,-0.285163
0,62.5,29.8543,20.3841,0.181437,-0.0790997
0,62.5,7.49083,19.3593,-0.328563,-0.290186
0,62.5,30.6921,19.8847,0.306168,-0.178011
0,62.5,8.2794,19.9162,-0.338697,-0.296864
0,62.5,29.0494,20.7735,0.194919,-0.103501
0,62.5,8.52556,20.3412,-0.299753,-0.28568
0,62.5,28.7841,20.8101,0.264294,-0.180727
0,62.5,9.00634,20.2518,-0.378608,-0.410563
0,62.5,28.3138,21.0504,0.304696,-0.187637
0,62.5,9.25445,20.16,-0.373925,-0.367584
0,62.5,27.9308,21.1636,0.379986,-0.306974
0,62.5,10.0759,20.7829,-0.40015,-0.424549
0,62.5,27.7297,21.0338,0.276665,-0.16129
0,62.5,10.8799,21.5457,-0.181997,-0.253664
0,62.5,27.4875,21.0515,0.204245,-0.143959
0,62.5,10.7425,21.7386,-0.200923,-0.283441
0,62.5,27.192,21.0401,0.19776,-0.0850473
0,62.5,11.2016,22.0235,-0.271041,0.016532
0,62.5,27.0262,21.2956,0.233412,-0.156344
0,62.5,11.5144,22.0084,-0.40815,-0.0366271
0,62.5,26.6458,21.4681,0.252207,-0.19205
0,62.5,11.7662,21.9557,-0.453658,-0.0956869
0,62.5,26.4522,22.0353,0.394684,-0.200497
0,62.5,11.9423,22.2009,-0.500994,-0.150561
0,62.5,26.1139,22.0523,0.396432,-0.232552
0,62.5,12.1954,22.191,-0.53699,-0.208382
0,62.5,26.0074,21.8401,0.318567,-0.202766
0,62.5,12.127,22.426,-0.597079,-0.146711
0,62.5,25.9202,22.2575,0.42503,-0.223934
0,62.5,12.3851,22.4372,-0.613218,-0.283185
0,62.5,25.6703,22.3095,0.4222,-0.25823
0,62.5,12.2698,22.6625,-0.496771,-0.188899
0,62.5,25.262,22.4362,0.475705,-0.129672
0,62.5,12.5592,22.6484,-0.616061,-0.287943
0,62.5,25.0621,22.5736,0.29979,-0.307504
0,62.5,12.0142,23.131,-0.245383,0.0173587
0,62.5,24.8697,22.7721,0.374622,-0.230682
0,62.5,12.3058,23.0924,-0.43501,-0.065655
0,62.5,25.2222,22.7329,0.303127,-0.262372
0,62.5,11.4341,23.4718,-0.0749761,-0.00269477
0,62.5,24.997,22.9465,0.365697,-0.223892
0,62.5,11.547,23.2449,-0.25894,-0.139818
0,62.5,24.7818,23.1715,0.547915,-0.241805
0,62.5,10.7948,23.7695,-0.0751081,-0.161465
0,62.5,24.5853,23.3879,0.489407,-0.28461
0,62.5,11.0601,23.745,0.0421673,0.0164794
0,62.5,24.6841,23.5993,0.361601,-0.30008
0,62.5,11.1106,24.1907,-0.226031,-0.00865014
0,62.5,25.182,23.383,0.601365,-0.226042
0,62.5,10.9454,23.985,-0.189893,-0.148202
0,62.5,25.8068,23.49,0.325615,-0.200803
0,62.5,10.6619,23.9902,-0.201215,-0.178833
0,62.5,26.1298,23.5364,0.163638,-0.178189
0,62.5,10.8358,24.211,-0.168965,-0.147168
0,62.5,26.4424,24.0077,0.10366,-0.183527
0,62.5,10.8379,24.6571,0.0837075,-0.152967
0,62.5,26.4253,23.551,0.0927033,-0.14052
0,62.5,10.976,24.4281,-0.0294835,-0.073423
0,62.5,26.5128,24.2681,0.148777,-0.217421
0,62.5,10.5542,24.6513,0.0670304,-0.129391
0,62.5,26.7711,24.302,0.0728483,-0.21848
0,62.5,10.7269,24.8795,0.340418,-0.149875
0,62.5,27.1052,24.763,-0.521084,-0.139151
0,62.5,10.6054,25.0943,0.502427,-0.150106
0,62.5,27.3352,25.1525,-0.45597,-0.0793203
0,62.5,10.4524,24.8629,0.32387,-0.116204
0,62.5,27.4538,25.3571,-0.553846,-0.015572
0,62.5,10.2128,25.2642,0.630158,-0.0636928
0,62.5,28.3659,25.3038,-0.458256,0.00302059
0,62.5,10.4889,25.2944,0.688211,-0.122803
0,62.5,27.9153,25.1798,-0.511623,0.0645912
0,62.5,9.89354,25.4946,0.433253,0.131808
0,62.5,28.412,25.5454,-0.527192,-0.00412658
0,62.5,9.30496,25.7603,0.240137,-0.0352244
0,62.5,28.682,25.5588,-0.479096,0.0122789
0,62.5,9.5561,25.7348,0.261061,0.0601739
0,62.5,29.4671,26.0319,-0.176555,-0.0278123
0,62.5,8.69939,25.9755,0.27944,-0.0738768
0,62.5,30.0205,25.9799,-0.308049,-0.0710893
0,62.5,2.34078,18.6591,-0.0775272,0.311145
0,62.5,36.9572,16.7435,0.0905997,0.0429708
0,62.5,3.23265,17.3264,-0.0873988,-0.0876069
0,62.5,38.2788,20.3665,-0.0803141,0.349089
0,62.5,3.46123,19.2392,-0.0755977,-0.0980494
0,62.5,36.0019,17.2114,0.0611381,-0.0562956
0,62.5,3.07743,16.6873,-0.107081,0.102727
0,62.5,35.6001,17.1961,0.0493614,-0.0787876
0,62.5,3.55707,16.9907,-0.014145,-0.107753
0,62.5,32.6301,19.158,0.316775,-0.331536
0,62.5,3.93678,17.2705,-0.0243767,-0.14486
0,62.5,31.9063,19.2901,0.305869,-0.22185
0,62.5,6.03866,18.2478,-0.210072,-0.393815
0,62.5,31.4328,19.6184,0.191876,-0.136782
0,62.5,5.29071,18.089,-0.140464,-0.230387
0,62.5,31.2097,19.7352,0.248511,-0.0663838
0,62.5,6.94939,19.1891,-0.304258,-0.201211
0,62.5,30.6122,20.1087,0.234033,-0.120192
0,62.5,7.76794,19.3456,-0.33053,-0.327937
0,62.5,29.9948,20.6041,0.201737,-0.104074
0,62.5,8.1686,19.6832,-0.329266,-0.346959
0,62.5,30.0769,20.2863,0.179364,-0.0777192
0,62.5,8.77436,19.994,-0.358706,-0.342575
0,62.5,29.3837,20.9164,0.253508,0.00872329
0,62.5,8.54756,20.0575,-0.320854,-0.354054
0,62.5,29.7592,20.6682,0.207137,-0.0340174
0,62.5,9.02891,19.9963,-0.360127,-0.429084
0,62.5,29.151,20.9877,0.243266,-0.0720896
0,62.5,9.91285,20.5323,-0.394793,-0.298627
0,62.5,28.5895,21.0384,0.321034,-0.119492
0,62.5,10.5848,21.0051,-0.265951,-0.210411
0,62.5,28.4159,21.2708,0.403913,-0.191606
0,62.5,11.1074,21.6794,-0.28751,-0.141259
0,62.5,28.1477,21.2684,0.378084,-0.285155
0,62.5,10.9736,21.8733,-0.254875,-0.144102
0,62.5,27.7887,21.3653,0.426608,-0.244035
0,62.5,11.3233,21.8233,-0.379242,-0.0551953
0,62.5,27.5562,21.2817,0.391249,-0.195028
0,62.5,11.5745,21.7432,-0.373738,-0.0625176
0,62.5,27.2796,21.2651,0.271819,-0.135001
0,62.5,12.0061,21.9519,-0.47287,-0.204949
0,62.5,27.0945,21.5298,0.290376,-0.190475
0,62.5,12.0436,21.6724,-0.411307,-0.211694
0,62.5,26.854,21.5605,0.29877,-0.141624
0,62.5,12.23,21.8882,-0.448404,-0.139355
0,62.5,26.6628,21.8137,0.352955,-0.190613
0,62.5,12.4024,22.1023,-0.451517,-0.132334
0,62.5,26.2269,22.2433,0.426059,-0.238803
0,62.5,12.6862,22.0919,-0.457641,-0.166284
0,62.5,26.0371,22.4646,0.441209,-0.224114
0,62.5,12.5685,22.3107,-0.427501,-0.140077
0,62.5,26.1271,22.6725,0.330433,-0.177142
0,62.5,12.8613,22.309,-0.471878,-0.185037
0,62.5,25.7923,22.5322,0.456768,-0.243363
0,62.5,13.16,22.3558,-0.494311,-0.244523
0,62.5,25.4689,22.7344,0.31131,-0.18355
0,62.5,12.7487,22.5193,-0.486314,-0.134177
0,62.5,25.5005,22.5019,0.491563,-0.201969
0,62.5,13.0384,22.5399,-0.533574,-0.183459
0,62.5,25.2567,22.9725,0.366631,-0.271898
0,62.5,12.444,22.8599,-0.487967,-0.186861
0,62.5,24.8726,23.3958,0.526299,-0.2431
0,62.5,12.7092,22.9004,-0.633578,-0.173985
0,62.5,25.0484,23.179,0.561491,-0.192443
0,62.5,11.9437,23.401,-0.340399,0.0872039
0,62.5,25.6164,23.2326,0.506506,-0.145926
0,62.5,12.2042,23.3064,-0.330961,0.124994
0,62.5,25.8734,23.2771,0.535036,-0.191424
0,62.5,11.3123,23.6936,0.198515,0.309968
0,62.5,26.4234,23.3387,0.43077,-0.206186
0,62.5,11.6086,23.6751,-0.163671,0.210498
0,62.5,26.1355,23.3195,0.536719,-0.207971
0,62.5,11.2202,23.9495,-0.125924,0.137791
0,62.5,26.6974,23.4949,0.154246,-0.22867
0,62.5,11.486,23.8895,0.0156883,0.464016
0,62.5,26.5137,23.7855,0.208458,-0.194221
0,62.5,11.2448,24.4071,0.0208218,0.00248106
0,62.5,26.6836,24.0491,0.139307,-0.286782
0,62.5,11.3791,24.1515,-0.163029,0.247735
0,62.5,26.7065,24.5199,-0.407537,-0.188713
0,62.5,11.375,24.6336,0.180615,-0.0663901
0,62.5,27.4,24.7594,-0.542519,-0.038624
0,62.5,11.6246,24.6317,0.26677,0.175772
0,62.5,27.629,25.1497,-0.504659,-0.0400141
0,62.5,10.9986,24.8796,0.332906,-0.12159
0,62.5,27.8293,24.9517,-0.483456,0.0500504
0,62.5,11.112,24.647,0.116355,-0.0834992
0,62.5,27.5294,24.9441,-0.48373,-0.0792455
0,62.5,10.7698,25.3207,0.678051,-0.0990856
0,62.5,28.6235,25.3274,-0.474392,0.00225645
0,62.5,10.8888,25.1055,0.480345,-0.119898
0,62.5,29.1524,25.3692,-0.492087,0.135062
0,62.5,10.1415,25.5021,0.503426,-0.0927546
0,62.5,28.4984,25.7769,-0.37532,-0.0306202
0,62.5,9.78817,25.7499,0.316937,0.0781425
0,62.5,28.7673,25.7904,-0.330095,-0.00319586
0,62.5,10.0305,25.7467,0.389143,-0.0523721
0,62.5,29.0426,25.7994,-0.252331,-0.00737793
0,62.5,8.91982,25.9971,0.247902,-0.0698977
0,62.5,30.2527,25.9977,-0.338575,0.0525464
0,62.5,1.99204,17.7123,0.0252567,0.295392
0,62.5,38.5199,15.876,0.0543662,0.857729
0,62.5,3.096,18.0292,-0.0924527,-0.0374193
0,62.5,38.0804,16.3211,0.13307,0.628284
0,62.5,3.13367,16.9664,-0.0676634,0.0191456
0,62.5,35.7971,17.3654,0.106994,-0.13047
0,62.5,3.33476,16.8228,-0.0131571,-0.0371183
0,62.5,36.4667,16.8381,0.0345753,0.0964969
0,62.5,4.08921,17.471,-0.0241647,-0.168943
0,62.5,35.0077,17.5307,0.0882616,-0.227794
0,62.5,5.35972,17.7708,-0.0658714,-0.206248
0,62.5,32.9889,19.3285,0.0946085,-0.178711
0,62.5,6.24332,18.3949,-0.258548,-0.429715
0,62.5,32.1456,19.3294,0.299157,-0.303004
0,62.5,7.2097,19.1157,-0.270294,-0.189858
0,62.5,31.1398,20.0075,0.21547,-0.0249473
0,62.5,7.53306,19.1319,-0.363615,-0.292218
0,62.5,30.8847,20.0764,0.199306,-0.109232
0,62.5,8.47727,19.804,-0.383098,-0.354794
0,62.5,30.3533,20.2677,0.107214,-0.0516277
0,62.5,9.00223,19.7556,-0.446549,-0.418622
0,62.5,29.9109,20.8853,0.231944,-0.0618957
0,62.5,9.45765,20.3437,-0.403453,-0.346925
0,62.5,29.6381,20.9036,0.244715,-0.0311169
0,62.5,9.26452,19.8898,-0.395201,-0.378374
0,62.5,29.525,21.1392,0.29277,0.0219024
0,62.5,10.2979,20.7442,-0.354191,-0.39205
0,62.5,29.2656,21.2027,0.315763,-0.0494187
0,62.5,10.864,21.3164,-0.161725,-0.233342
0,62.5,28.8711,21.0277,0.282127,-0.118744
0,62.5,10.8314,21.0702,-0.237438,-0.19643
0,62.5,28.6983,21.2544,0.4042,-0.110484
0,62.5,11.1424,21.4292,-0.13997,-0.153979
0,62.5,28.5254,21.4859,0.399594,-0.137227
0,62.5,11.3689,21.5619,-0.262429,-0.0772039
0,62.5,28.2348,21.4975,0.449237,-0.251664
0,62.5,11.8116,21.6947,-0.392851,-0.15846
0,62.5,27.9754,21.5026,0.456389,-0.280884
0,62.5,11.6002,21.4701,-0.281905,-0.115761
0,62.5,27.6351,21.5692,0.427518,-0.245605
0,62.5,11.8362,21.4281,-0.302218,-0.192661
0,62.5,27.3855,21.4797,0.389933,-0.225681
0,62.5,12.3138,21.656,-0.412453,-0.131108
0,62.5,27.2557,21.6955,0.37492,-0.255803
0,62.5,12.5075,21.8752,-0.45961,-0.130466
0,62.5,26.9075,21.7943,0.381346,-0.159905
0,62.5,12.7976,21.8896,-0.460479,-0.20779
0,62.5,26.7148,22.0457,0.402883,-0.181838
0,62.5,12.9836,22.118,-0.470316,-0.21669
0,62.5,26.5109,22.2612,0.446731,-0.183117
0,62.5,13.2663,22.1471,-0.428783,-0.164262
0,62.5,26.3254,22.4537,0.402391,-0.241962
0,62.5,13.4491,22.3742,-0.388882,-0.191423
0,62.5,26.6071,22.5097,0.419816,-0.18992
0,62.5,13.6455,22.592,-0.443673,-0.11544
0,62.5,26.4072,22.6874,0.349015,-0.265001
0,62.5,14.0132,22.5314,-0.573476,-0.20544
0,62.5,25.7278,22.7419,0.297231,-0.246064
0,62.5,14.2649,22.458,-0.536445,-0.0986389
0,62.5,25.3502,23.1973,0.540847,-0.289602
0,62.5,13.3501,22.5824,-0.548682,-0.332789
0,62.5,25.5228,22.9763,0.428759,-0.200639
0,62.5,13.8939,22.7327,-0.314931,-0.104288
0,62.5,25.7645,23.0154,0.410733,-0.175146
0,62.5,12.8793,22.7449,-0.586121,-0.148506
0,62.5,25.9593,22.8371,0.273417,-0.244421
0,62.5,13.1704,22.759,-0.564756,-0.246876
0,62.5,26.0353,23.0774,0.398987,-0.227688
0,62.5,12.5474,23.1119,-0.587365,-0.0573283
0,62.5,26.3125,23.1189,0.381201,-0.275965
0,62.5,12.8105,23.1429,-0.606822,-0.246546
0,62.5,26.7163,23.264,0.281206,-0.243301
0,62.5,11.7234,23.4658,-0.32138,0.0786666
0,62.5,26.7467,23.7143,0.176993,-0.265929
0,62.5,12.3851,23.4539,-0.131923,-0.231057
0,62.5,26.9581,24.1407,0.0619886,-0.17901
0,62.5,11.7855,23.8764,-0.115327,0.165017
0,62.5,26.8811,23.9007,0.184476,-0.237379
0,62.5,11.9085,23.6949,-0.251675,0.0800826
0,62.5,27.0841,24.3527,0.00151199,-0.0701499
0,62.5,11.6243,24.0961,0.00635617,0.416101
0,62.5,27.2759,24.5534,-0.413162,-0.0796676
0,62.5,11.8699,24.1407,0.0295698,0.0974067
0,62.5,27.5744,24.5585,-0.390628,0.0464295
0,62.5,11.4992,24.3787,0.148733,0.162933
0,62.5,27.7261,24.7455,-0.398323,0.0106914
0,62.5,11.5248,24.8767,0.351612,0.0150183
0,62.5,28.1241,25.0117,-0.463871,0.11623
0,62.5,11.044,25.3313,0.641597,-0.0910448
0,62.5,28.887,25.3334,-0.512069,0.0391754
0,62.5,11.1618,25.105,0.459138,-0.139551
0,62.5,28.9507,25.5692,-0.441949,0.0405265
0,62.5,10.6505,25.5377,0.550223,-0.134968
0,62.5,29.2252,25.5999,-0.314327,0.0288056
0,62.5,10.391,25.5172,0.532224,-0.163418
0,62.5,29.4321,25.3955,-0.38392,-0.0503056
0,62.5,10.2743,25.7568,0.364701,-0.14019
0,62.5,29.3281,25.8307,-0.181921,-0.0186858
0,62.5,9.17095,26.0099,0.184472,-0.0356412
0,62.5,30.4864,25.983,-0.320095,-0.0762412
0,62.5,2.99081,17.4217,-0.0699869,-0.0225258
0,62.5,36.3942,17.1513,0.13919,0.173422
0,62.5,3.02888,19.7396,-0.110207,-0.0256052
0,62.5,37.2547,16.1894,0.111633,0.21007
0,62.5,2.99737,17.167,-0.126205,-0.0185096
0,62.5,36.1705,17.3089,0.0811393,0.0262508
0,62.5,2.98611,17.7362,-0.129873,-0.032971
0,62.5,35.4346,17.6546,0.0467903,-0.103255
0,62.5,4.54174,17.6573,-0.0220319,-0.165552
0,62.5,35.2108,17.6962,0.0566964,-0.11883
0,62.5,5.86966,18.025,-0.220269,-0.342974
0,62.5,34.0173,18.6384,0.152254,-0.078914
0,62.5,6.82971,18.8199,-0.303978,-0.210561
0,62.5,33.4646,19.0532,0.0439383,-0.192221
0,62.5,7.04511,18.9245,-0.304055,-0.169952
0,62.5,32.0986,19.6273,0.194921,-0.241449
0,62.5,8.02681,19.428,-0.359791,-0.330132
0,62.5,31.3826,19.9184,0.186794,-0.0546096
0,62.5,8.29431,19.4992,-0.367751,-0.383556
0,62.5,30.7976,20.3227,0.175218,-0.0784061
0,62.5,8.73917,19.7505,-0.401948,-0.37357
0,62.5,30.2237,20.4914,0.238107,-0.00742624
0,62.5,8.80141,19.513,-0.442778,-0.435657
0,62.5,30.1539,20.8033,0.223037,-0.113602
0,62.5,10.1404,20.4912,-0.366497,-0.389987
0,62.5,29.8107,21.1119,0.250633,-0.00973726
0,62.5,10.5408,20.7404,-0.318545,-0.204349
0,62.5,29.4034,21.3951,0.269819,0.0215212
0,62.5,10.7898,20.8113,-0.311808,-0.198018
0,62.5,29.1046,21.4403,0.323787,-0.0455685
0,62.5,11.0954,21.1848,-0.175659,-0.141375
0,62.5,28.9874,21.2328,0.340008,-0.092437
0,62.5,11.3659,21.2889,-0.160332,-0.151478
0,62.5,28.8141,21.4569,0.378156,-0.0647134
0,62.5,11.3033,21.0349,-0.25106,-0.168703
0,62.5,28.3603,21.7041,0.351513,-0.163298
0,62.5,11.5917,21.2127,-0.217873,-0.172655
0,62.5,27.8838,21.9594,0.442417,-0.245085
0,62.5,12.1152,21.4415,-0.341823,-0.195555
0,62.5,28.0664,21.733,0.413955,-0.272038
0,62.5,12.407,21.4401,-0.388139,-0.147786
0,62.5,27.8024,21.7333,0.429859,-0.261697
0,62.5,12.5976,21.6629,-0.427923,-0.168504
0,62.5,27.4991,21.7763,0.389397,-0.264312
0,62.5,12.8803,21.6766,-0.424953,-0.206824
0,62.5,27.3401,21.9907,0.453428,-0.258327
0,62.5,13.0855,21.9091,-0.47349,-0.187172
0,62.5,27.1082,21.9005,0.432173,-0.230454
0,62.5,13.5696,22.1856,-0.408105,-0.246921
0,62.5,27.1569,22.2076,0.437924,-0.290117
0,62.5,13.8203,22.1612,-0.407279,-0.153769
0,62.5,26.9486,22.105,0.393682,-0.205434
0,62.5,13.7561,22.4173,-0.505829,-0.164873
0,62.5,26.7716,22.3128,0.425363,-0.16698
0,62.5,14.0265,22.2881,-0.408895,-0.222329
0,62.5,26.7645,22.6676,0.485863,-0.243467
0,62.5,14.5506,22.1107,-0.311548,0.0464054
0,62.5,26.551,22.8646,0.38598,-0.332466
0,62.5,14.6681,22.7767,-0.244847,0.0200565
0,62.5,26.2515,22.9004,0.340258,-0.257726
0,62.5,14.7721,22.3011,-0.384239,-0.0158778
0,62.5,26.8074,22.9138,0.343142,-0.207204
0,62.5,14.9757,22.4866,-0.312179,-0.0208598
0,62.5,26.5809,23.096,0.310792,-0.328003
0,62.5,14.5167,22.3686,-0.415521,-0.00319195
0,62.5,26.9781,23.0332,0.380483,-0.2686
0,62.5,14.6983,22.5528,-0.248482,-0.0289454
0,62.5,26.9648,23.2702,0.229038,-0.28111
0,62.5,14.1668,22.7464,-0.162735,-0.35011
0,62.5,27.2203,23.2827,0.194164,-0.206687
0,62.5,13.4623,22.7998,-0.692713,-0.242622
0,62.5,26.9786,23.502,0.200716,-0.260172
0,62.5,13.0085,22.9695,-0.538231,-0.219462
0,62.5,27.4213,23.9339,-0.0473246,-0.0871134
0,62.5,12.4142,23.6955,-0.225679,-0.262627
0,62.5,27.1495,23.9162,0.111687,-0.177072
0,62.5,12.5945,23.347,-0.029999,-0.0359771
0,62.5,27.383,24.3446,0.0287149,-0.0485951
0,62.5,12.1267,23.5753,-0.242574,0.00864756
0,62.5,27.2416,24.1367,-0.00153054,-0.0563966
0,62.5,12.0493,23.994,-0.0660811,0.0179066
0,62.5,27.6816,24.3669,-0.131067,0.0684052
0,62.5,11.9859,24.3856,0.248899,0.00817718
0,62.5,26.9766,24.5495,-0.469479,-0.179825
0,62.5,11.7297,24.3645,0.236166,0.301394
0,62.5,28.048,24.7863,-0.38878,0.114224
0,62.5,11.7762,24.8837,0.44347,0.0964106
0,62.5,28.3596,25.0579,-0.430064,0.0238339
0,62.5,11.2663,24.8722,0.338534,-0.125627
0,62.5,29.1055,25.1255,-0.520134,0.0874858
0,62.5,11.4462,25.5842,0.507429,-0.00401594
0,62.5,28.8562,25.0916,-0.428935,-0.0327525
0,62.5,11.183,25.5668,0.535728,-0.0663582
0,62.5,29.6492,25.318,-0.380495,-0.208376
0,62.5,10.9167,25.5559,0.553099,-0.0594328
0,62.5,29.8931,25.3737,-0.321804,-0.267708
0,62.5,10.5257,25.7667,0.286381,-0.149179
0,62.5,29.4986,25.6294,-0.259706,-0.0994906
0,62.5,9.41723,25.9931,0.175892,-0.00948103
0,62.5,30.7225,25.9922,-0.280481,0.00546933
0,62.5,2.42787,17.62,-0.00643766,0.181734
0,62.5,37.3064,17.1186,0.0362585,0.18383
0,62.5,2.14464,18.8782,0.0315913,0.458999
0,62.5,37.2104,15.203,0.0324818,0.501169
0,62.5,2.72574,16.3571,-0.0319467,0.0721916
0,62.5,37.5283,17.5285,0.032658,0.246039
0,62.5,2.98237,16.2677,-0.0861156,0.100285
0,62.5,36.6094,17.0742,0.133333,0.0265876
0,62.5,3.32093,16.5767,-0.0504801,-0.0480084
0,62.5,35.6331,17.5374,0.177185,-0.013883
0,62.5,6.44831,18.5459,-0.337457,-0.36036
0,62.5,34.784,17.5938,0.0781211,-0.250417
0,62.5,8.06029,19.1998,-0.472244,-0.384609
0,62.5,33.6614,18.8137,0.136165,-0.155371
0,62.5,7.80323,19.1222,-0.441933,-0.402506
0,62.5,32.5646,19.3909,0.0983642,-0.346306
0,62.5,8.31694,19.2542,-0.473138,-0.410336
0,62.5,31.8906,19.5638,0.180688,-0.230458
0,62.5,8.53191,19.5699,-0.361286,-0.374221
0,62.5,31.6403,19.6724,0.175346,-0.233048
0,62.5,8.56747,19.3202,-0.471328,-0.435196
0,62.5,31.303,20.2028,0.202417,-0.0207119
0,62.5,9.6922,20.3215,-0.392085,-0.292812
0,62.5,30.5549,20.3758,0.165828,-0.152456
0,62.5,9.06612,19.5281,-0.46322,-0.467216
0,62.5,30.6072,20.6163,0.269167,-0.150193
0,62.5,9.94369,20.2716,-0.350623,-0.302762
0,62.5,30.3807,20.6572,0.315099,-0.0558516
0,62.5,10.6715,20.5423,-0.273443,-0.170178
0,62.5,29.9862,21.2751,0.19873,0.0390603
0,62.5,11.0486,20.9254,-0.289884,-0.144396
0,62.5,29.2287,21.6317,0.295663,0.000149016
0,62.5,11.736,21.0431,-0.302451,-0.272203
0,62.5,28.9348,21.6644,0.349468,-0.042821
0,62.5,11.9231,21.2248,-0.337151,-0.23535
0,62.5,28.7508,21.8994,0.263686,-0.0754465
0,62.5,12.2122,21.2289,-0.352911,-0.212195
0,62.5,28.6484,21.688,0.340751,-0.0944056
0,62.5,12.4944,21.2239,-0.362703,-0.158011
0,62.5,28.1859,21.9326,0.299713,-0.146864
0,62.5,12.6939,21.4476,-0.417499,-0.176262
0,62.5,28.0016,22.1564,0.309636,-0.0932647
0,62.5,13.1639,21.7004,-0.462476,-0.206762
0,62.5,27.707,22.1987,0.393098,-0.247921
0,62.5,13.3727,21.9521,-0.50818,-0.179782
0,62.5,27.6185,21.9809,0.473152,-0.287199
0,62.5,13.6409,21.9449,-0.462486,-0.20879
0,62.5,27.5278,22.419,0.377293,-0.205591
0,62.5,14.0976,22.0412,-0.34294,-0.21205
0,62.5,27.4188,22.2148,0.465926,-0.256102
0,62.5,14.2997,22.2076,-0.382675,-0.0656484
0,62.5,27.3405,22.632,0.309924,-0.168882
0,62.5,14.6108,21.8594,-0.21828,0.00935161
0,62.5,27.2237,22.4474,0.467125,-0.285874
0,62.5,14.8083,22.0513,-0.24611,-0.0127876
0,62.5,26.9668,22.4272,0.488779,-0.247029
0,62.5,15.0264,22.2338,-0.341995,-0.0159889
0,62.5,27.1504,22.8363,0.396188,-0.175199
0,62.5,15.2347,22.4252,-0.312585,-0.0212313
0,62.5,27.0083,22.6645,0.433079,-0.233736
0,62.5,14.411,22.8827,-0.31678,-0.103531
0,62.5,27.5364,23.0835,0.328905,-0.105301
0,62.5,14.686,23.0212,-0.302667,-0.0440568
0,62.5,27.2657,23.0565,0.420219,-0.161636
0,62.5,14.1637,22.983,-0.290212,-0.271286
0,62.5,27.3476,23.6973,0.0591885,-0.188931
0,62.5,13.9286,23.0039,-0.409933,-0.55402
0,62.5,27.0696,23.6846,0.132396,-0.279259
0,62.5,13.5108,23.0736,-0.520416,-0.176494
0,62.5,28.2343,23.9165,0.0125627,0.0287977
0,62.5,14.4202,22.6397,-0.185511,-0.162971
0,62.5,27.5431,24.1501,-0.0204155,-0.0994882
0,62.5,13.2718,22.9937,-0.591453,-0.147324
0,62.5,28.1119,24.1485,-0.241447,-0.0188429
0,62.5,13.0711,23.2155,-0.589097,-0.196152
0,62.5,27.8311,24.1448,-0.170447,-0.0482239
0,62.5,12.8437,23.395,-0.0637356,-0.104055
0,62.5,27.9145,24.5843,-0.339048,0.0882874
0,62.5,12.1838,23.8114,-0.176286,-0.0636822
0,62.5,27.9547,24.3689,-0.239205,0.0260927
0,62.5,12.302,24.0697,0.028128,-0.155184
0,62.5,28.6114,24.8394,-0.253645,0.036347
0,62.5,12.1774,24.2711,0.176286,-0.0904836
0,62.5,28.3474,24.8082,-0.379454,0.0909522
0,62.5,11.8607,24.6229,0.361123,0.138495
0,62.5,28.8727,24.843,-0.17744,-0.0596983
0,62.5,12.1177,24.6143,0.376105,-0.100081
0,62.5,28.6085,25.0834,-0.406401,-0.0240908
0,62.5,11.6834,25.128,0.47031,0.0288975
0,62.5,29.5855,25.0513,-0.442294,0.0159478
0,62.5,11.3099,25.3393,0.58887,-0.0834409
0,62.5,29.355,25.1619,-0.557701,0.056687
0,62.5,11.3277,25.8037,0.161045,-0.0310522
0,62.5,30.0829,25.4888,-0.439281,-0.0826599
0,62.5,11.0536,25.7905,0.194844,-0.0646706
0,62.5,29.9187,25.738,-0.369179,-0.0897828
0,62.5,10.7852,25.7797,0.224311,-0.0929672
0,62.5,29.7495,25.5851,-0.308683,-0.265346
0,62.5,9.65568,26.0042,0.220811,0.0313445
0,62.5,30.9521,25.9823,-0.290743,-0.0325562
0,62.5,2.67858,18.2396,-0.203224,0.218317
0,62.5,36.8235,16.9587,0.132279,0.08226
0,62.5,3.01297,18.8896,-0.0259303,0.00287653
0,62.5,38.2729,20.101,-0.0888237,0.34181
0,62.5,3.79796,16.8384,0.00893275,-0.0606088
0,62.5,38.5129,17.0409,0.0634902,0.72199
0,62.5,2.7931,17.5517,-0.0879876,0.0893489
0,62.5,37.0137,16.4984,0.0482409,0.134317
0,62.5,5.68898,17.8405,-0.175832,-0.311715
0,62.5,36.8012,17.2483,0.148946,0.0358443
0,62.5,6.32674,18.1459,-0.205619,-0.482249
0,62.5,34.9877,17.8138,0.0380899,-0.207544
0,62.5,4.66293,17.4503,-0.0388218,-0.179177
0,62.5,34.3322,18.2876,0.079315,-0.203464
0,62.5,5.12342,17.6086,-0.0366108,-0.232129
0,62.5,33.2175,19.1918,0.0449551,-0.20835
0,62.5,7.35901,18.9367,-0.361087,-0.312611
0,62.5,31.8366,19.8317,0.196807,-0.223666
0,62.5,5.95382,17.7642,-0.200363,-0.339471
0,62.5,32.3255,19.4941,0.16042,-0.179003
0,62.5,8.83997,19.2826,-0.461814,-0.438957
0,62.5,31.5216,20.2317,0.245842,-0.218412
0,62.5,8.08435,18.9618,-0.454606,-0.397805
0,62.5,31.5953,19.9514,0.225317,-0.230018
0,62.5,9.48578,20.067,-0.370099,-0.34514
0,62.5,31.0596,20.2838,0.156542,-0.0603415
0,62.5,10.3829,20.4904,-0.292255,-0.266872
0,62.5,30.8796,20.5428,0.255562,-0.0726369
0,62.5,11.4904,20.9249,-0.298033,-0.187375
0,62.5,30.3874,20.9184,0.121156,-0.0275279
0,62.5,12.0526,21.0056,-0.300793,-0.212089
0,62.5,30.1285,21.061,0.161172,-0.0471326
0,62.5,11.8589,20.8374,-0.250721,-0.256626
0,62.5,29.6806,21.336,0.255533,0.0401441
0,62.5,12.3255,21.004,-0.294098,-0.186729
0,62.5,29.0362,21.8669,0.268193,0.00108722
0,62.5,12.7788,21.236,-0.349097,-0.181652
0,62.5,28.8574,22.104,0.22115,-0.0441426
0,62.5,12.9794,21.4657,-0.411971,-0.216693
0,62.5,28.5692,22.1264,0.225918,-0.0974046
0,62.5,13.2637,21.4837,-0.42861,-0.210243
0,62.5,28.4656,21.9148,0.27461,-0.139202
0,62.5,13.4328,21.7267,-0.480291,-0.168432
0,62.5,28.2825,22.1465,0.259191,-0.128855
0,62.5,13.891,21.8929,-0.460292,-0.0930774
0,62.5,28.0978,22.3729,0.272035,-0.0701049
0,62.5,14.1211,21.7748,-0.330412,-0.0453438
0,62.5,27.8261,22.3925,0.283258,-0.130835
0,62.5,14.3461,21.9423,-0.234425,0.0125071
0,62.5,27.9008,22.6156,0.25827,-0.112162
0,62.5,15.0678,21.9823,-0.177854,0.0376691
0,62.5,27.628,22.6246,0.273898,-0.136956
0,62.5,15.3273,21.9337,-0.139983,0.0577379
0,62.5,27.7076,22.848,0.369092,-0.124551
0,62.5,15.2861,22.177,-0.263562,0.0359602
0,62.5,27.4365,22.8538,0.396281,-0.174398
0,62.5,15.5507,22.1228,-0.234355,0.0789941
0,62.5,27.6507,23.4794,0.280204,-0.107108
0,62.5,15.2509,22.6564,-0.316762,-0.0128736
0,62.5,27.3084,23.4865,0.254769,-0.248927
0,62.5,15.4976,22.3667,-0.283967,0.0604788
0,62.5,27.6972,23.9332,-0.0147931,-0.137631
0,62.5,14.9277,22.9412,-0.218279,-0.00559295
0,62.5,27.6061,23.7004,-0.00665155,-0.11341
0,62.5,14.9519,22.7081,-0.250898,-0.000844849
0,62.5,28.3804,24.1508,-0.271671,0.0533025
0,62.5,14.4647,23.1253,-0.374737,-0.0941755
0,62.5,28.4907,23.9151,0.0375225,0.0281282
0,62.5,14.2415,23.2292,-0.502201,-0.250016
0,62.5,28.4908,24.3772,-0.371875,0.137376
0,62.5,13.995,23.2624,-0.50762,-0.463345
0,62.5,28.2248,24.3794,-0.29467,0.0593008
0,62.5,13.6988,22.8727,-0.720111,-0.346736
0,62.5,28.7601,24.3763,-0.404579,0.117879
0,62.5,13.3184,23.2588,-0.527455,-0.226684
0,62.5,28.2208,24.6009,-0.406502,0.0961584
0,62.5,13.7382,23.1715,-0.378007,-0.445202
0,62.5,28.7818,24.6135,-0.300989,0.0495244
0,62.5,12.8978,23.651,-0.131241,-0.114677
0,62.5,28.5146,24.6071,-0.392013,0.165663
0,62.5,12.6518,23.6095,-0.148411,-0.0155525
0,62.5,29.0505,24.6272,-0.198409,-0.0510102
0,62.5,12.4977,23.9177,-0.11732,-0.276
0,62.5,29.1242,24.8787,-0.255972,0.0308064
0,62.5,12.4304,24.32,0.194434,-0.187389
0,62.5,29.5583,24.7313,-0.382562,-0.0593812
0,62.5,12.3326,24.539,0.372207,-0.122055
0,62.5,29.3738,24.9045,-0.337463,0.0512165
0,62.5,11.9355,25.1232,0.510171,-0.00689864
0,62.5,30.0588,25.1572,-0.285095,-0.184346
0,62.5,12.0184,24.8625,0.496383,-0.039848
0,62.5,29.8143,25.0995,-0.321093,-0.256875
0,62.5,11.5704,25.3592,0.587839,0.0320147
0,62.5,30.3232,25.4778,-0.395956,-0.0134718
0,62.5,11.4264,25.1102,0.454356,-0.0383816
0,62.5,30.4087,25.7322,-0.411342,0.00696932
0,62.5,10.6469,26.0096,0.120662,-0.0510629
0,62.5,30.163,25.7315,-0.389919,-0.0621612
0,62.5,9.90023,26.0007,0.276434,-0.0136026
0,62.5,31.1892,25.9928,-0.253428,0.0117257
0,62.5,2.33173,17.3673,0.0154931,0.0927442
0,62.5,36.3782,17.4385,0.0587796,0.161527
0,62.5,3.25589,19.0357,-0.0294049,-0.05431
0,62.5,38.5161,18.7814,-0.0707538,0.796131
0,62.5,4.19419,17.2168,0.0275236,-0.165341
0,62.5,38.4421,15.2968,0.235638,0.596992
0,62.5,4.77865,17.1744,0.0697173,-0.120165
0,62.5,38.0475,19.6196,-0.276629,0.459063
0,62.5,2.66905,15.9548,-0.0421751,0.0520022
0,62.5,37.0142,17.1865,0.151017,0.15624
0,62.5,4.54418,17.2052,0.0309431,-0.23921
0,62.5,37.4561,16.3911,0.151877,0.25618
0,62.5,3.57392,16.7147,-0.00417216,-0.0672562
0,62.5,36.1652,17.6041,0.0549066,-0.0367907
0,62.5,5.47056,17.591,-0.146775,-0.334243
0,62.5,33.4287,19.3217,0.0449376,-0.164504
0,62.5,6.69152,18.4544,-0.323643,-0.37391
0,62.5,32.4855,19.6805,0.252463,-0.236627
0,62.5,7.61776,18.8917,-0.385441,-0.38441
0,62.5,32.2345,19.8077,0.195852,-0.221265
0,62.5,8.3504,19.0296,-0.490168,-0.436542
0,62.5,31.7668,20.1275,0.225784,-0.198131
0,62.5,9.11316,19.2897,-0.455461,-0.484958
0,62.5,31.1797,20.4813,0.253869,-0.0799599
0,62.5,9.73303,20.0701,-0.353918,-0.268976
0,62.5,31.4296,20.4858,0.269154,-0.144538
0,62.5,11.217,20.7523,-0.328654,-0.150343
0,62.5,30.7346,20.7983,0.213231,-0.0697315
0,62.5,10.2013,20.2309,-0.258556,-0.311353
0,62.5,30.3093,21.4689,0.332817,-0.0423048
0,62.5,11.5939,20.7284,-0.288901,-0.201955
0,62.5,30.288,21.2132,0.154546,-0.0274922
0,62.5,12.126,20.7712,-0.273258,-0.210689
0,62.5,30.0586,21.4832,0.326296,0.023127
0,62.5,12.6127,21.0098,-0.31344,-0.146302
0,62.5,29.7877,21.5314,0.288962,0.0488838
0,62.5,13.0658,21.2557,-0.312498,-0.197095
0,62.5,29.3166,21.8427,0.247645,0.011691
0,62.5,13.5424,21.5019,-0.460228,-0.150076
0,62.5,29.1416,22.0776,0.250144,0.000461029
0,62.5,13.7069,21.6961,-0.456793,-0.189395
0,62.5,28.6605,22.3355,0.178686,-0.079094
0,62.5,13.9174,21.5945,-0.363255,0.0152137
0,62.5,28.3808,22.3582,0.212403,-0.0824454
0,62.5,14.3915,21.6979,-0.248698,0.0263327
0,62.5,28.1773,22.5912,0.241906,-0.0310858
0,62.5,14.8709,21.7959,-0.179334,0.0377481
0,62.5,27.9836,22.8325,0.311828,-0.074847
0,62.5,15.1334,21.7319,-0.118175,0.0721671
0,62.5,27.8014,23.072,0.285719,-0.0753779
0,62.5,15.397,21.6836,-0.0920631,0.067059
0,62.5,27.8243,23.2897,0.304485,-0.071282
0,62.5,15.5906,21.8778,-0.10443,0.0971257
0,62.5,27.5075,23.3061,0.265593,-0.111629
0,62.5,15.8133,22.055,-0.178149,0.10382
0,62.5,27.9659,23.4755,0.248796,-0.0372159
0,62.5,16.0132,22.1975,-0.160948,0.0987581
0,62.5,28.3979,23.6729,0.11253,0.0649121
0,62.5,15.7583,22.3118,-0.233967,0.0347709
0,62.5,27.973,23.9242,-0.0284478,-0.0618243
0,62.5,16.0276,22.4431,-0.157711,0.0371232
0,62.5,28.6538,23.6655,0.148266,0.0683293
0,62.5,16.2433,22.5446,-0.125592,0.074003
0,62.5,28.7382,23.9182,0.0200012,0.102318
0,62.5,15.5107,22.6048,-0.297488,0.0108234
0,62.5,28.9021,23.6498,0.100641,0.0444014
0,62.5,15.769,22.5462,-0.205747,-0.0360848
0,62.5,28.6516,24.1538,-0.358507,0.0826212
0,62.5,14.6696,23.308,-0.451553,-0.0753154
0,62.5,28.9792,23.9006,0.00234815,0.0809722
0,62.5,14.898,23.2052,-0.371039,-0.0688799
0,62.5,28.9291,24.1512,-0.372227,0.109177
0,62.5,13.8248,23.4355,-0.358622,-0.411116
0,62.5,29.1811,24.1343,-0.30654,-0.00333423
0,62.5,14.1692,23.4777,-0.413548,-0.271563
0,62.5,29.0192,24.3848,-0.355972,0.0120842
0,62.5,13.5585,23.3595,-0.367587,-0.364584
0,62.5,29.2698,24.3797,-0.298553,-0.136242
0,62.5,13.636,23.6093,-0.0896021,-0.302249
0,62.5,29.2942,24.6516,-0.279809,-0.0539545
0,62.5,13.1002,23.4635,-0.091478,-0.0916095
0,62.5,29.4972,24.4741,-0.329343,-0.0761685
0,62.5,12.9968,23.9049,0.0443022,-0.16519
0,62.5,29.761,24.8241,-0.398638,-0.0737744
0,62.5,12.7372,23.8642,-0.0504414,-0.0851803
0,62.5,29.9922,24.8807,-0.296079,-0.170273
0,62.5,12.5901,24.5562,0.358623,-0.215343
0,62.5,30.2626,25.226,-0.337873,0.00659516
0,62.5,12.2718,24.84,0.480519,-0.130066
0,62.5,30.493,25.1969,-0.294605,0.102082
0,62.5,11.8293,25.3711,0.568383,0.00786962
0,62.5,30.5569,25.4762,-0.384036,0.0806409
0,62.5,12.1815,25.0938,0.495681,-0.0846513
0,62.5,30.8023,25.5151,-0.331015,0.151459
0,62.5,11.711,25.6029,0.499986,0.0473553
0,62.5,30.916,25.7357,-0.22013,0.026724
0,62.5,11.6113,25.8214,0.133287,0.0147429
0,62.5,30.6503,25.737,-0.329195,0.0586835
0,62.5,10.1436,26.004,0.256157,-0.0337719
0,62.5,31.652,25.9929,-0.221932,-0.0242943
0,62.5,4.10686,16.1027,0.158689,-0.114947
0,62.5,37.7943,19.7794,-0.123631,0.328271
0,62.5,1.20219,15.4148,0.0449565,0.270764
0,62.5,36.87,20.8294,0.0257554,0.170233
0,62.5,1.82635,17.894,0.0739156,0.363565
0,62.5,37.6155,17.8804,0.102164,0.487042
0,62.5,2.643,17.7385,-0.0134382,0.193583
0,62.5,38.1824,16.8834,-0.0378929,0.882127
0,62.5,2.18142,17.1672,-0.000779088,0.229121
0,62.5,34.5373,17.9114,0.0654817,-0.193458
0,62.5,2.89589,16.8943,-0.121891,0.0701081
0,62.5,35.025,18.0726,0.0708656,-0.202232
0,62.5,2.77174,17.2154,-0.151147,0.156243
0,62.5,34.264,18.5687,0.153214,-0.152445
0,62.5,4.50133,16.967,0.079069,-0.128512
0,62.5,33.8673,18.9239,0.0199034,-0.060293
0,62.5,5.95727,17.504,-0.111728,-0.37153
0,62.5,33.1872,19.4809,0.155893,-0.20996
0,62.5,7.85057,18.8651,-0.405285,-0.444097
0,62.5,32.7674,19.468,0.118229,-0.34121
0,62.5,8.94037,19.0588,-0.476963,-0.437222
0,62.5,32.1956,20.1037,0.210189,-0.206004
0,62.5,9.2927,19.648,-0.524647,-0.387386
0,62.5,32.0119,19.9571,0.206264,-0.226916
0,62.5,7.58347,18.636,-0.391987,-0.378631
0,62.5,31.9532,20.2537,0.232153,-0.197328
0,62.5,10.4763,20.2874,-0.244147,-0.213634
0,62.5,31.7025,20.4109,0.22639,-0.188596
0,62.5,9.52212,19.8178,-0.421425,-0.345279
0,62.5,31.0353,20.7016,0.246319,-0.0701946
0,62.5,10.9644,20.6517,-0.278662,-0.154295
0,62.5,31.322,20.7157,0.277135,-0.119283
0,62.5,11.8183,20.5959,-0.377531,-0.25387
0,62.5,30.5634,21.0062,0.238043,-0.169708
0,62.5,12.3982,20.7861,-0.266137,-0.167973
0,62.5,29.8628,21.745,0.275418,0.0315772
0,62.5,12.8981,21.0258,-0.312736,-0.157712
0,62.5,29.595,21.8063,0.258145,0.039113
0,62.5,13.3541,21.2734,-0.31418,-0.195642
0,62.5,29.5133,21.5962,0.299203,0.0350372
0,62.5,13.662,21.3196,-0.315721,-0.0995128
0,62.5,29.2242,22.2868,0.220387,-0.0145729
0,62.5,14.183,21.5322,-0.27046,0.0270679
0,62.5,28.9425,22.3153,0.191557,-0.0561577
0,62.5,14.9407,21.5483,-0.177801,0.114946
0,62.5,28.4565,22.5743,0.194886,-0.053859
0,62.5,15.2242,21.4837,-0.151707,0.106558
0,62.5,28.5382,22.788,0.207517,-0.0224747
0,62.5,15.6823,21.652,-0.0914887,0.108471
0,62.5,28.2578,22.8064,0.265211,0.000751069
0,62.5,15.8858,21.8402,-0.118958,0.111747
0,62.5,28.0731,23.0521,0.264801,-0.026598
0,62.5,16.123,21.8088,-0.124778,0.127139
0,62.5,28.1306,23.2628,0.314614,-0.0380519
0,62.5,16.1925,22.0339,-0.139155,0.117744
0,62.5,27.8661,23.6968,0.0233676,-0.0850905
0,62.5,16.2779,22.2674,-0.13795,0.110063
0,62.5,28.134,23.6814,0.0741431,0.056663
0,62.5,16.5377,22.1485,-0.122586,0.143644
0,62.5,28.5455,23.4366,0.15097,0.100429
0,62.5,17.0914,22.0331,-0.100898,0.252896
0,62.5,29.0892,23.3921,0.134706,-0.034091
0,62.5,16.4786,22.3992,-0.114678,0.138361
0,62.5,28.8171,23.4214,0.159319,0.0233957
0,62.5,16.7639,22.3047,-0.109563,0.160945
0,62.5,29.3591,23.3852,0.097269,-0.0486212
0,62.5,15.9942,22.6984,-0.159852,0.00149055
0,62.5,29.149,23.6225,0.0388621,0.0107925
0,62.5,15.7465,22.7993,-0.274567,-0.122865
0,62.5,29.3964,23.6332,-0.0218388,0.00152713
0,62.5,15.4942,22.8448,-0.324436,-0.0145087
0,62.5,29.2177,23.8785,-0.00847795,0.0438852
0,62.5,15.1921,22.8722,-0.216808,0.0430575
0,62.5,29.4441,23.9158,-0.0329296,0.0104102
0,62.5,14.7995,23.503,-0.226335,-0.185505
0,62.5,29.4358,24.1777,-0.223506,-0.0414809
0,62.5,14.4395,23.4097,-0.489227,-0.162113
0,62.5,29.6601,24.237,-0.212369,0.00158843
0,62.5,15.0648,23.3828,-0.245173,-0.132001
0,62.5,29.7377,24.5028,-0.301373,0.00319795
0,62.5,13.9642,23.6301,-0.155643,-0.357464
0,62.5,29.9409,24.6041,-0.282907,-0.0368511
0,62.5,13.3561,23.5206,-0.0795986,-0.194445
0,62.5,30.2247,24.9319,-0.250083,-0.0418154
0,62.5,12.8526,24.1113,0.12335,-0.159695
0,62.5,30.4389,24.9255,-0.260028,0.136096
0,62.5,12.4994,24.7859,0.441616,-0.15293
0,62.5,30.7173,25.25,-0.233026,0.209773
0,62.5,12.6053,24.1444,0.0391888,-0.290234
0,62.5,30.9694,25.2883,-0.176086,0.3359
0,62.5,12.8776,24.5944,0.269975,-0.238868
0,62.5,31.0777,25.5045,-0.136083,0.185648
0,62.5,12.086,25.3538,0.54139,-0.0173392
0,62.5,31.1752,25.7409,-0.10544,0.0826452
0,62.5,12.1944,25.8087,0.191744,0.0264591
0,62.5,31.4374,25.7286,-0.146936,-0.0070809
0,62.5,11.9053,25.8243,0.166958,0.0486896
0,62.5,31.4191,25.9842,-0.232357,0.0605044
0,62.5,10.3923,26.0059,0.192924,-0.0329972
0,62.5,32.1314,26.0002,-0.143499,0.064334
0,62.5,1.90077,20.1739,0.0424331,0.430684
0,62.5,37.2247,16.7458,0.108008,0.185666
0,62.5,2.66642,16.9763,-0.0668116,-0.00144386
0,62.5,37.4687,16.9762,-0.00932066,0.138648
0,62.5,2.72598,16.7047,-0.143872,-0.0432288
0,62.5,37.2103,17.7037,0.165751,0.0293777
0,62.5,2.48006,16.7741,-0.109975,0.00283641
0,62.5,36.9997,17.5885,0.0059566,0.16447
0,62.5,2.91376,16.539,-0.0225102,0.131924
0,62.5,35.9354,17.5649,-0.028405,-0.0385827
0,62.5,4.26434,17.0017,0.0799021,-0.218737
0,62.5,35.4641,18.0351,0.0378365,-0.0856758
0,62.5,4.53225,16.6005,0.177364,-0.168124
0,62.5,34.7714,17.8899,0.0416458,-0.227812
0,62.5,5.73375,17.5937,-0.126561,-0.327077
0,62.5,33.6934,19.1093,0.020835,-0.102806
0,62.5,6.20578,17.7605,-0.226458,-0.448766
0,62.5,32.9587,19.618,0.106309,-0.20328
0,62.5,7.10473,18.692,-0.394331,-0.258862
0,62.5,32.4351,19.9432,0.201095,-0.249135
0,62.5,7.3448,18.6963,-0.379241,-0.319286
0,62.5,32.6961,19.7374,0.21309,-0.246642
0,62.5,7.98983,18.6727,-0.391316,-0.45494
0,62.5,32.3813,20.2356,0.246342,-0.2292
0,62.5,10.7635,20.353,-0.328876,-0.220466
0,62.5,32.1348,20.3941,0.275577,-0.218731
0,62.5,9.34259,19.379,-0.495017,-0.377641
0,62.5,31.8907,20.5464,0.262833,-0.216906
0,62.5,11.3567,20.6051,-0.30796,-0.163098
0,62.5,31.6438,20.8883,0.293219,-0.156847
0,62.5,11.0126,20.4428,-0.375723,-0.191059
0,62.5,31.6116,20.66,0.277684,-0.154751
0,62.5,12.0498,20.5323,-0.407554,-0.195499
0,62.5,31.4035,20.9409,0.305458,-0.12916
0,62.5,13.1809,21.0454,-0.288087,-0.189169
0,62.5,31.1412,20.9266,0.341258,-0.0845502
0,62.5,13.4706,21.0781,-0.303331,-0.155188
0,62.5,30.5104,21.2903,0.231873,-0.239305
0,62.5,13.9031,21.3674,-0.368381,0.0360469
0,62.5,30.1321,21.7135,0.282212,0.000390053
0,62.5,14.459,21.4532,-0.275391,0.0499217
0,62.5,29.4261,22.0503,0.271529,0.00204186
0,62.5,14.6659,21.6094,-0.250848,0.060723
0,62.5,29.5068,22.2587,0.234219,-0.0274375
0,62.5,15.0272,21.3136,-0.100651,0.128264
0,62.5,29.0221,22.5272,0.160544,-0.053719
0,62.5,15.5126,21.4561,-0.134021,0.114303
0,62.5,28.7376,22.5515,0.156478,-0.0609197
0,62.5,15.795,21.3968,-0.115083,0.158676
0,62.5,28.6308,22.9977,0.236829,-0.00300422
0,62.5,15.9413,21.5834,-0.0681894,0.109603
0,62.5,28.4319,23.228,0.257874,0.0548899
0,62.5,16.4277,21.9408,-0.119116,0.158458
0,62.5,28.3473,23.0236,0.278238,0.0275388
0,62.5,16.3322,21.6912,-0.0732502,0.182017
0,62.5,28.2653,23.4533,0.169921,0.0708398
0,62.5,16.6433,21.8395,-0.0668978,0.222198
0,62.5,28.7213,23.2052,0.18492,0.0398962
0,62.5,17.0121,22.2552,-0.104913,0.244808
0,62.5,29.0012,23.1776,0.141393,-0.0208558
0,62.5,16.6968,22.5364,-0.144573,0.138626
0,62.5,29.2865,23.1599,0.147936,-0.0550654
0,62.5,16.2224,22.8156,-0.239039,0.0774071
0,62.5,29.6109,23.4078,0.0407575,0.00150849
0,62.5,16.4611,22.6798,-0.180769,0.140847
0,62.5,29.8483,23.7079,-0.0857635,0.0177644
0,62.5,16.6415,22.8222,-0.0830107,0.0803126
0,62.5,29.6253,23.6756,-0.0414733,0.0171639
0,62.5,15.9869,22.9609,-0.341705,-0.030405
0,62.5,30.1042,24.089,-0.149645,0.196272
0,62.5,16.1528,23.1278,-0.0645001,-0.163007
0,62.5,29.6691,23.9613,-0.0488082,0.0427465
0,62.5,15.7335,23.0433,-0.391392,-0.140722
0,62.5,29.8869,24.0029,-0.0493587,-0.00724713
0,62.5,15.6032,23.2403,-0.118482,0.0773896
0,62.5,29.8943,24.2817,-0.267861,0.0422178
0,62.5,15.4111,23.0533,-0.234864,0.081848
0,62.5,30.1087,24.3751,-0.184829,0.0481886
0,62.5,14.5267,23.6189,-0.0924127,-0.188766
0,62.5,30.1685,24.6512,-0.211457,-0.0369874
0,62.5,14.263,23.6881,0.0106052,-0.287683
0,62.5,30.3892,24.6384,-0.214287,0.0588885
0,62.5,13.4356,23.7701,0.00363085,-0.216622
0,62.5,30.6713,24.9746,-0.194762,0.29473
0,62.5,12.7373,24.363,0.173249,-0.300403
0,62.5,30.6142,24.6985,-0.259728,0.315226
0,62.5,12.9962,24.3648,0.222621,-0.16368
0,62.5,30.9087,25.0301,-0.185791,0.315902
0,62.5,12.9238,25.047,0.431161,-0.0583264
0,62.5,31.5804,25.502,-0.175366,-0.0343367
0,62.5,12.7523,24.8022,0.41846,-0.151566
0,62.5,31.3163,25.5009,-0.104257,-0.025351
0,62.5,12.4313,25.0672,0.470156,-0.094326
0,62.5,31.6897,25.7424,-0.188826,0.0834098
0,62.5,11.9783,25.5988,0.472772,0.0390167
0,62.5,31.84,25.5333,-0.196512,0.125442
0,62.5,11.4641,26.0225,0.0560847,0.00672811
0,62.5,31.8882,25.9967,-0.179309,0.0905291
0,62.5,10.9097,26.014,0.0830047,-0.016375
0,62.5,31.9649,25.7547,-0.145965,0.0927192
0,62.5,1.90907,18.8235,-0.0115541,0.461475
0,62.5,38.2758,19.847,-0.142597,0.354898
0,62.5,2.7956,20.0328,-0.110259,0.166515
0,62.5,37.1363,17.3919,0.00942068,0.187778
0,62.5,3.13654,18.2917,-0.0632283,-0.118719
0,62.5,37.0242,17.8761,0.128726,0.0100114
0,62.5,2.76014,15.4663,-0.0625332,0.242291
0,62.5,36.5864,17.3878,0.0702695,-0.0246718
0,62.5,4.09158,16.8065,0.013741,-0.131541
0,62.5,35.8379,17.7648,0.0821779,0.0229963
0,62.5,4.34218,16.728,0.14479,-0.13747
0,62.5,34.7717,18.1545,0.101669,-0.216651
0,62.5,5.37287,17.234,-0.0659784,-0.400185
0,62.5,35.264,17.94,0.0754157,-0.12326
0,62.5,5.24357,17.4299,-0.069363,-0.280644
0,62.5,34.5435,18.1879,0.0876471,-0.191687
0,62.5,7.16101,18.432,-0.385704,-0.316757
0,62.5,34.3304,18.8034,0.00406697,-0.0761347
0,62.5,6.52315,18.2642,-0.302413,-0.372764
0,62.5,34.0849,18.8842,0.00830391,-0.0960137
0,62.5,7.39575,18.4303,-0.427286,-0.372603
0,62.5,33.8792,19.2545,0.043609,-0.101442
0,62.5,8.63037,19.0979,-0.505577,-0.423013
0,62.5,33.6328,19.3935,0.0548288,-0.108773
0,62.5,9.20423,19.059,-0.488675,-0.484431
0,62.5,33.0994,19.799,0.246261,-0.281875
0,62.5,10.0069,20.0294,-0.286574,-0.244626
0,62.5,32.6248,20.0538,0.227346,-0.255879
0,62.5,11.2323,20.3828,-0.323831,-0.119691
0,62.5,31.8815,20.7918,0.280339,-0.214255
0,62.5,11.5814,20.4588,-0.397444,-0.226718
0,62.5,31.474,21.198,0.302899,-0.115751
0,62.5,12.6732,20.7922,-0.246829,-0.15183
0,62.5,31.2321,21.1724,0.294864,-0.0572033
0,62.5,13.2418,20.8356,-0.312554,-0.18105
0,62.5,31.1098,21.4418,0.257785,-0.0820546
0,62.5,13.7363,21.0905,-0.261209,-0.0407685
0,62.5,30.9934,21.2005,0.273384,-0.129928
0,62.5,14.4267,21.2315,-0.277186,0.0998052
0,62.5,30.8876,20.9596,0.310471,-0.134447
0,62.5,14.7421,21.3728,-0.159087,0.12318
0,62.5,30.4151,21.6901,0.315061,-0.0517154
0,62.5,15.312,21.2555,-0.0609878,0.10331
0,62.5,29.7103,22.0093,0.307433,0.0089824
0,62.5,15.5841,21.2258,-0.0309006,0.120765
0,62.5,29.7804,22.2248,0.259474,0.00384949
0,62.5,16.1269,21.2598,0.00658012,0.193513
0,62.5,29.5815,22.4777,0.165325,-0.0270952
0,62.5,16.158,21.4903,-0.0434574,0.157231
0,62.5,29.3058,22.4997,0.1652,-0.0139371
0,62.5,16.3741,21.3588,0.00298987,0.188338
0,62.5,28.8224,22.7588,0.16244,-0.0491845
0,62.5,16.5271,21.5825,-0.0549128,0.210392
0,62.5,29.3931,22.7136,0.166146,-0.0147678
0,62.5,16.7847,22.0592,-0.0863155,0.209086
0,62.5,28.9148,22.9674,0.180476,-0.0373582
0,62.5,17.3116,22.1675,-0.0679574,0.124048
0,62.5,29.1116,22.7343,0.156652,-0.0442202
0,62.5,17.4319,21.9625,-0.0371658,0.109612
0,62.5,29.1974,22.9473,0.17283,-0.0489922
0,62.5,17.0185,22.4904,-0.00469222,0.174449
0,62.5,29.5612,23.1579,0.15422,-0.0389172
0,62.5,17.2686,22.6336,-0.147261,0.149046
0,62.5,29.8453,23.4326,0.00702279,-0.0407383
0,62.5,16.8883,22.6822,-0.132294,0.107909
0,62.5,30.2831,23.7941,-0.0699442,-0.0588088
0,62.5,16.8669,22.9587,-0.189964,0.198569
0,62.5,30.0661,23.7893,-0.0475296,0.118834
0,62.5,16.3873,22.9725,-0.051692,0.0215741
0,62.5,30.505,23.8312,-0.0194329,0.117714
0,62.5,16.3867,23.2383,-0.183507,0.111286
0,62.5,30.3193,24.0728,-0.12182,-0.149298
0,62.5,15.9016,23.2338,-0.193195,-0.192669
0,62.5,30.5354,24.1354,-0.239491,0.229946
0,62.5,15.1476,23.1197,-0.270675,0.0220783
0,62.5,30.3266,24.3586,-0.188869,-0.0364757
0,62.5,15.0338,23.6238,-0.317737,-0.0889618
0,62.5,30.7629,24.2069,-0.248505,0.23296
0,62.5,14.766,23.7404,-0.190496,-0.0811836
0,62.5,30.5536,24.4125,-0.205107,0.23849
0,62.5,13.7383,23.8196,0.00132443,-0.282945
0,62.5,30.9565,24.0332,-0.370699,-0.189063
0,62.5,14.0092,23.8536,-0.020004,-0.372307
0,62.5,30.7847,24.4847,-0.231908,0.287139
0,62.5,13.1436,24.6076,0.248607,-0.104663
0,62.5,30.8537,24.7564,-0.246324,0.263815
0,62.5,13.1689,23.7117,-0.0651363,-0.114829
0,62.5,31.1659,25.1671,-0.349946,-0.116735
0,62.5,13.1183,24.1585,0.154811,-0.179389
0,62.5,31.374,25.2612,-0.415096,-0.0648013
0,62.5,13.0294,24.8307,0.30163,-0.122876
0,62.5,31.6006,25.2433,-0.399175,-0.0104979
0,62.5,12.834,25.2806,0.41168,-0.0830747
0,62.5,31.8368,25.2843,-0.323228,0.125308
0,62.5,12.3365,25.323,0.484013,-0.0665189
0,62.5,32.109,25.5324,-0.197114,0.0318438
0,62.5,12.0663,26.0234,0.119073,0.0303264
0,62.5,32.0614,25.2801,-0.360009,0.0604663
0,62.5,11.1806,26.0172,0.0549804,-0.0211598
0,62.5,32.2275,25.7581,-0.202759,0.0910395
0,62.5,2.45915,19.5127,-0.0195914,0.272156
0,62.5,37.8885,16.6899,0.127136,0.627274
0,62.5,1.73668,17.0118,-0.13865,0.617239
0,62.5,38.0461,16.5586,0.197996,0.725042
0,62.5,2.59814,18.9948,-0.019137,0.138325
0,62.5,37.4022,18.0369,0.0630293,0.237211
0,62.5,2.11343,15.4558,-0.239113,0.236618
0,62.5,36.9656,18.3288,0.0804745,-0.00590981
0,62.5,5.13858,17.1055,-0.00048216,-0.262337
0,62.5,36.7949,17.5226,0.0215032,0.0125871
0,62.5,4.99641,17.2993,0.00102969,-0.155501
0,62.5,36.14,17.8435,-0.0188539,-0.0370935
0,62.5,5.58722,17.3683,-0.0874515,-0.281857
0,62.5,35.4493,18.3173,-0.0747476,-0.00646411
0,62.5,6.88865,18.5586,-0.324883,-0.296905
0,62.5,34.5075,18.491,0.114792,-0.212264
0,62.5,8.24174,18.771,-0.460764,-0.458641
0,62.5,34.3061,19.3295,0.027368,-0.155454
0,62.5,6.95342,18.0173,-0.247159,-0.379422
0,62.5,34.0878,19.1595,0.0337493,-0.104936
0,62.5,9.77845,19.8344,-0.40608,-0.243037
0,62.5,33.5785,19.6912,0.151208,-0.0978211
0,62.5,8.5239,18.8552,-0.503681,-0.455842
0,62.5,33.3694,19.6021,0.15882,-0.150245
0,62.5,10.3125,20.0355,-0.283654,-0.2846
0,62.5,33.0422,20.064,0.286144,-0.283319
0,62.5,11.4377,20.2612,-0.404199,-0.234284
0,62.5,32.8463,19.9102,0.230126,-0.191009
0,62.5,11.7895,20.3224,-0.460958,-0.298069
0,62.5,32.3395,20.5216,0.295995,-0.215741
0,62.5,12.2997,20.5464,-0.381041,-0.171624
0,62.5,32.1202,20.6699,0.278903,-0.21072
0,62.5,12.9498,20.8098,-0.300114,-0.168074
0,62.5,31.7066,21.1408,0.29932,-0.130974
0,62.5,13.516,20.8528,-0.272902,-0.109111
0,62.5,31.6553,21.4136,0.301884,-0.123531
0,62.5,14.1662,21.2994,-0.378128,0.0827458
0,62.5,31.3638,21.4313,0.269983,-0.12719
0,62.5,14.6764,21.1564,-0.217989,0.191078
0,62.5,30.7122,21.7471,0.248823,-0.209829
0,62.5,14.479,20.9623,-0.191915,0.177227
0,62.5,30.834,21.4268,0.283941,-0.134829
0,62.5,15.2058,21.0463,-0.102367,0.17598
0,62.5,30.7375,21.1877,0.273142,-0.152127
0,62.5,15.8744,21.1827,0.038081,0.190792
0,62.5,29.9797,21.9557,0.310376,0.0255089
0,62.5,16.0815,21.0299,-0.0498865,0.160417
0,62.5,30.0411,22.1773,0.252224,0.0547993
0,62.5,16.4708,21.1495,0.00189578,0.17608
0,62.5,29.8485,22.4529,0.183872,0.0100805
0,62.5,17.0655,21.6211,-0.0887654,0.228525
0,62.5,29.6682,22.6988,0.170436,-0.055032
0,62.5,16.9205,21.8464,-0.0202681,0.206293
0,62.5,29.9336,22.687,0.219434,-0.000316297
0,62.5,17.5341,21.7449,0.0288167,0.116031
0,62.5,29.748,22.9257,0.209148,-0.0957725
0,62.5,17.2188,21.8188,-0.0685436,0.246028
0,62.5,30.0032,22.9421,0.205901,0.0541227
0,62.5,17.2712,22.4068,0.0218721,0.11947
0,62.5,29.4777,22.9331,0.198395,-0.0264809
0,62.5,17.5516,22.2529,-0.0601972,0.0686304
0,62.5,29.8136,23.1698,0.102826,-0.0800916
0,62.5,17.5352,22.4965,-0.0801611,0.159833
0,62.5,30.0673,23.5059,-0.0807289,0.17076
0,62.5,17.8956,22.1469,-0.0781069,0.0427098
0,62.5,30.2862,23.5164,-0.0338168,-0.0734824
0,62.5,17.7832,22.3685,-0.137173,0.0903373
0,62.5,30.5092,23.5459,-0.0952206,0.134165
0,62.5,16.8506,23.2131,-0.344928,0.268969
0,62.5,30.4966,23.2578,0.0602306,0.0313255
0,62.5,16.6182,23.347,-0.329487,0.267682
0,62.5,30.7209,23.6278,-0.0431431,0.111611
0,62.5,16.6185,23.0788,-0.159395,0.17062
0,62.5,30.9536,23.5138,-0.016334,-0.289075
0,62.5,15.3366,23.3001,-0.147168,0.00543548
0,62.5,30.7117,23.9226,-0.118196,0.185206
0,62.5,16.1316,23.384,-0.293117,-0.20276
0,62.5,31.1733,23.8359,-0.156905,-0.0684424
0,62.5,14.5978,24.1053,-0.102927,-0.037224
0,62.5,30.9297,23.776,-0.0849613,-0.250847
0,62.5,14.5255,23.8642,-0.0515352,-0.0861403
0,62.5,30.9879,24.3164,-0.284433,-0.157203
0,62.5,13.8253,24.0586,0.0744266,-0.259993
0,62.5,31.0946,24.8786,-0.327141,-0.138366
0,62.5,14.2814,23.9238,-0.0754485,-0.30965
0,62.5,31.2627,24.6765,-0.358179,-0.190014
0,62.5,13.2687,23.9618,0.0926796,-0.178466
0,62.5,31.033,24.5876,-0.371552,-0.133177
0,62.5,13.2724,24.4027,0.185111,-0.179185
0,62.5,31.5435,24.9711,-0.329768,0.0714854
0,62.5,13.2946,24.8576,0.268906,-0.0631421
0,62.5,31.3287,24.9616,-0.341792,-0.151497
0,62.5,13.0941,25.2915,0.388938,-0.0266848
0,62.5,31.9939,24.9769,-0.29781,-0.0329061
0,62.5,12.668,25.0368,0.439653,-0.138215
0,62.5,32.1507,24.768,-0.397661,-0.0459627
0,62.5,12.4988,25.5513,0.427181,-0.0563851
0,62.5,32.3018,25.3231,-0.287205,0.0436503
0,62.5,11.7644,26.0254,0.0750546,0.00602323
0,62.5,32.3767,26.0032,-0.0894922,-0.0273163
0,62.5,2.81869,19.0679,-0.00614966,0.0197754
0,62.5,37.9663,16.9221,0.027821,0.682703
0,62.5,2.39967,19.2422,-0.0909695,0.261375
0,62.5,38.5226,15.4893,0.077765,0.813988
0,62.5,3.96133,17.0115,0.0328829,-0.0914042
0,62.5,38.528,17.9153,0.152485,0.610458
0,62.5,2.50803,18.4291,-0.230777,0.22143
0,62.5,37.0317,18.5702,-0.0211722,3.86678e-05
0,62.5,6.18402,17.4934,-0.134148,-0.431148
0,62.5,37.3533,17.3797,0.0801132,0.219851
0,62.5,5.82526,17.2773,-0.0557294,-0.374562
0,62.5,36.7785,17.8601,0.0511971,-0.00186963
0,62.5,7.77523,18.5344,-0.394578,-0.416083
0,62.5,36.8803,18.1084,0.0945559,-0.045873
0,62.5,6.73416,18.1565,-0.273371,-0.376992
0,62.5,36.3916,17.7215,0.0297489,0.109879
0,62.5,7.16835,18.1586,-0.320663,-0.40384
0,62.5,34.7237,18.4312,0.121396,-0.236028
0,62.5,8.135,18.4836,-0.432927,-0.525134
0,62.5,33.8072,19.5462,0.0944874,-0.150442
0,62.5,10.0585,19.8103,-0.463695,-0.290186
0,62.5,33.2486,20.1479,0.256357,-0.0954947
0,62.5,10.6006,20.0935,-0.335144,-0.292311
0,62.5,33.3161,19.8624,0.218949,-0.0963745
0,62.5,12.0192,20.2698,-0.505373,-0.200579
0,62.5,32.8027,20.2079,0.259211,-0.240783
0,62.5,12.5435,20.323,-0.563923,-0.144559
0,62.5,32.5733,20.3561,0.266669,-0.230597
0,62.5,12.5581,20.5563,-0.357788,-0.125886
0,62.5,32.3579,20.811,0.286955,-0.214946
0,62.5,12.8194,20.5682,-0.367566,-0.212023
0,62.5,31.925,21.0442,0.272309,-0.211027
0,62.5,13.9843,21.1155,-0.26587,0.0326947
0,62.5,32.1456,20.9312,0.28092,-0.203974
0,62.5,14.2356,21.0367,-0.229587,0.107411
0,62.5,31.9004,21.3357,0.291582,-0.159988
0,62.5,14.2509,20.7605,-0.21756,0.12482
0,62.5,31.5258,21.6274,0.298159,-0.135895
0,62.5,14.9409,21.1036,-0.159104,0.186833
0,62.5,31.2415,21.6633,0.278502,-0.103521
0,62.5,15.4757,21.0035,-0.0971475,0.141821
0,62.5,30.9533,21.6461,0.244743,-0.0754529
0,62.5,15.2986,20.8049,-0.184419,0.14488
0,62.5,30.6099,21.5258,0.243591,-0.233921
0,62.5,15.7349,20.9736,-0.0560816,0.248739
0,62.5,30.5213,21.9233,0.271297,-0.0626419
0,62.5,16.6608,21.3607,-0.0363673,0.208477
0,62.5,30.2579,21.9176,0.277848,-0.011234
0,62.5,16.7846,21.6204,-0.0913743,0.246481
0,62.5,30.294,22.156,0.248969,-0.00984855
0,62.5,16.9202,21.4038,-0.0891563,0.231038
0,62.5,30.0953,22.4203,0.191826,0.0636294
0,62.5,17.3363,21.5854,-0.0659816,0.277601
0,62.5,30.7902,22.2415,0.188177,-0.115002
0,62.5,17.717,21.5678,-0.01388,0.0496521
0,62.5,30.1691,22.6839,0.192266,0.104819
0,62.5,17.7855,21.8242,-0.00866082,0.0397517
0,62.5,30.3315,22.4171,0.160286,0.0016921
0,62.5,17.6867,22.0386,-0.0650074,0.0773601
0,62.5,30.229,22.9581,0.166043,0.0939557
0,62.5,18.345,21.8664,-0.0973805,0.127272
0,62.5,30.3993,22.6863,0.168671,-0.0281568
0,62.5,18.3717,22.0898,-0.00448895,0.0865471
0,62.5,30.0534,23.2158,0.0543655,0.128737
0,62.5,17.5443,22.7313,-0.32211,0.208578
0,62.5,30.4541,22.9724,0.188519,-0.0167259
0,62.5,16.7769,23.5144,-0.0519703,0.158131
0,62.5,30.2686,23.2402,0.0506661,0.0075815
0,62.5,16.7725,23.7771,-0.0670733,0.155902
0,62.5,30.6708,23.0468,0.0851746,0.174387
0,62.5,16.539,23.6581,-0.0505912,0.0653003
0,62.5,30.71,23.3418,-0.0256478,0.222918
0,62.5,16.1245,23.6227,-0.263499,-0.119848
0,62.5,31.1882,23.5755,-0.0722944,-0.071342
0,62.5,16.3745,23.4905,-0.351983,0.156401
0,62.5,31.3973,23.8338,-0.144606,-0.0405723
0,62.5,15.861,23.4693,-0.273249,-0.17466
0,62.5,31.4054,24.1181,-0.322741,0.0522751
0,62.5,15.0202,23.874,-0.196004,-0.0446049
0,62.5,31.1869,24.109,-0.329972,-0.166026
0,62.5,14.8082,23.9945,-0.115749,-0.0132494
0,62.5,31.4383,24.4049,-0.274438,0.0628281
0,62.5,14.5305,24.3831,0.102643,-0.226461
0,62.5,31.2217,24.3883,-0.305692,-0.167617
0,62.5,14.3671,24.1697,-0.138131,-0.207758
0,62.5,31.6732,24.486,-0.252148,0.248719
0,62.5,13.5506,24.003,0.0995783,-0.245279
0,62.5,31.481,24.6869,-0.322942,0.0723845
0,62.5,13.3995,24.2018,0.170437,-0.178591
0,62.5,31.7178,24.7538,-0.26862,0.209694
0,62.5,13.0089,25.5206,0.30946,-0.00534951
0,62.5,31.7831,25.0186,-0.23835,0.165449
0,62.5,13.2469,25.7607,0.253824,0.0235565
0,62.5,32.2155,25.056,-0.360745,0.0793046
0,62.5,12.755,25.5313,0.366043,-0.0105325
0,62.5,32.5504,25.3126,-0.262117,0.0342823
0,62.5,12.587,25.3015,0.467064,-0.105515
0,62.5,32.3922,25.5572,-0.250522,0.0394805
0,62.5,12.3513,26.0167,0.129015,-0.0183678
0,62.5,32.6262,26.0028,-0.127347,0.0920342
0,62.5,1.83016,16.5747,-0.00839334,0.551926
0,62.5,37.4361,22.0342,-0.0219708,0.117365
0,62.5,1.5505,17.2708,-0.0461661,0.695219
0,62.5,37.746,18.1011,-0.0571266,0.560707
0,62.5,4.29911,16.2146,0.121923,-0.0812688
0,62.5,37.7999,20.3215,-0.0299174,0.35365
0,62.5,2.60796,17.9847,-0.133428,0.234768
0,62.5,38.5317,16.5028,0.0844505,0.719206
0,62.5,4.88992,16.9817,0.0017094,-0.242142
0,62.5,38.0922,17.448,-0.0206025,0.670287
0,62.5,6.42487,17.9172,-0.220245,-0.495199
0,62.5,37.404,17.7608,0.0988971,0.316128
0,62.5,6.95169,18.2981,-0.324524,-0.343308
0,62.5,37.2071,18.2919,0.0270826,0.0524562
0,62.5,8.78946,18.8835,-0.503504,-0.412297
0,62.5,36.6273,17.7044,0.0557542,0.0145889
0,62.5,9.53113,19.5556,-0.488924,-0.292441
0,62.5,36.0591,18.044,-0.0163395,-0.0411161
0,62.5,9.7737,19.5996,-0.470013,-0.265781
0,62.5,34.3148,19.0549,0.0632642,-0.131386
0,62.5,10.867,20.1359,-0.405311,-0.280045
0,62.5,34.0641,19.4396,0.089557,-0.108786
0,62.5,10.3011,19.7924,-0.536667,-0.375481
0,62.5,33.0071,20.3415,0.270081,-0.266709
0,62.5,12.2629,20.2991,-0.504921,-0.160286
0,62.5,32.774,20.4948,0.295218,-0.240392
0,62.5,13.7825,20.8496,-0.213995,0.0205986
0,62.5,32.5517,20.6457,0.299205,-0.222387
0,62.5,13.0901,20.6076,-0.387115,-0.18321
0,62.5,32.5545,20.9758,0.271873,-0.233614
0,62.5,14.0358,20.8551,-0.19888,0.054957
0,62.5,32.3538,21.1133,0.277891,-0.182696
0,62.5,13.8814,20.6172,-0.313202,0.0469808
0,62.5,32.3285,21.3966,0.285139,-0.176537
0,62.5,13.6237,20.6133,-0.331579,0.0203556
0,62.5,32.1309,21.2179,0.266046,-0.210435
0,62.5,14.7383,20.9039,-0.154671,0.236842
0,62.5,31.8209,21.6035,0.309995,-0.129923
0,62.5,14.5099,20.7219,-0.18387,0.211201
0,62.5,31.5276,21.8508,0.326984,-0.155166
0,62.5,15.0082,20.861,-0.137918,0.2218
0,62.5,31.2421,21.8867,0.238717,-0.132581
0,62.5,15.5626,20.7523,-0.201731,0.209704
0,62.5,30.9808,21.8839,0.230506,-0.059408
0,62.5,16.3179,20.9796,-0.0488712,0.201947
0,62.5,31.4002,22.0821,0.288834,-0.205661
0,62.5,15.8849,20.8132,-0.154695,0.207463
0,62.5,30.7672,22.0106,0.170364,-0.150059
0,62.5,16.7553,21.1387,0.0135488,0.190358
0,62.5,31.0887,22.1072,0.224729,-0.0957204
0,62.5,16.6492,20.9338,-0.0703183,0.241979
0,62.5,30.5331,22.1826,0.21573,0.00237043
0,62.5,17.1934,21.3744,-0.0991075,0.27188
0,62.5,31.034,22.3168,0.151981,-0.0872324
0,62.5,18.0193,21.7937,-0.0498594,0.0995168
0,62.5,30.7917,22.499,0.159319,-0.122023
0,62.5,17.5135,21.4168,-0.14985,0.206129
0,62.5,31.1131,22.8126,0.174666,-0.103044
0,62.5,18.2441,21.6542,-0.0600093,0.0758436
0,62.5,30.5675,22.4454,0.16979,0.00895452
0,62.5,18.0979,22.0092,-0.0348663,0.117127
0,62.5,30.844,22.7647,0.0936165,-0.167281
0,62.5,18.1405,22.2622,-0.154856,0.0981628
0,62.5,30.6161,22.7455,0.134227,0.0461337
0,62.5,18.5993,22.1998,0.0570871,0.0445078
0,62.5,31.1544,23.0546,0.0860005,-0.106319
0,62.5,17.0973,22.8266,-0.236712,0.177437
0,62.5,30.8976,23.0119,0.0533272,-0.241737
0,62.5,16.5503,23.9238,-0.107714,0.0352763
0,62.5,31.1823,23.3123,-0.0645338,-0.116282
0,62.5,16.0449,23.8621,-0.141057,-0.116186
0,62.5,30.9323,23.262,-0.0762993,-0.289455
0,62.5,15.8445,23.6934,-0.197007,-0.170652
0,62.5,31.4199,23.5598,-0.107275,-0.100443
0,62.5,15.5214,23.6798,-0.344962,0.0704996
0,62.5,31.6369,23.6631,-0.180999,0.091655
0,62.5,15.6053,23.4677,-0.325216,0.0922163
0,62.5,31.6157,23.9416,-0.296804,0.152667
0,62.5,14.7716,24.3239,0.154652,-0.106982
0,62.5,31.6359,24.2157,-0.342277,0.192497
0,62.5,14.0907,24.0994,-0.0199967,-0.304392
0,62.5,32.0591,24.1992,-0.383039,-0.219367
0,62.5,13.9563,24.3114,0.141451,-0.216366
0,62.5,31.8385,23.8058,-0.213788,-0.197912
0,62.5,13.8304,24.4923,0.103235,-0.265428
0,62.5,31.8801,24.3865,-0.405493,-0.297099
0,62.5,13.6707,24.2485,0.139722,-0.232716
0,62.5,31.842,24.092,-0.385995,-0.254495
0,62.5,13.5739,24.8944,0.223922,-0.133015
0,62.5,31.9262,24.68,-0.358311,-0.146537
0,62.5,13.4165,24.6505,0.183088,-0.130836
0,62.5,32.4422,25.0546,-0.351974,0.103587
0,62.5,13.1964,25.0754,0.39696,-0.0446885
0,62.5,32.7552,25.7447,-0.199009,0.0533137
0,62.5,13.2736,25.5269,0.266047,0.0104071
0,62.5,32.5049,25.7685,-0.146383,-0.0065592
0,62.5,12.8775,26.0061,0.0934008,-0.0103013
0,62.5,32.8708,25.9978,-0.0945184,-0.0580317
0,62.5,12.6198,26.0101,0.0834752,-0.00675688
0,62.5,33.1012,25.9946,-0.0978117,0.0616662
0,62.5,2.89586,18.1943,-0.159482,0.0541578
0,62.5,38.5209,18.224,-0.290532,0.607893
0,62.5,3.57799,20.3197,-0.0211515,-0.236033
0,62.5,38.0554,18.5771,-0.00987868,0.572999
0,62.5,5.35789,16.9603,0.017056,-0.374072
0,62.5,37.8848,20.8902,-0.00657407,0.414961
0,62.5,2.60029,17.4066,-0.138796,0.110689
0,62.5,37.5091,18.7343,0.0774776,0.400043
0,62.5,6.64301,17.9356,-0.241656,-0.349973
0,62.5,37.2407,18.6479,0.0466515,0.0667852
0,62.5,7.41478,18.1753,-0.390101,-0.415905
0,62.5,36.623,18.0773,0.111035,-0.0304387
0,62.5,9.44562,19.14,-0.501185,-0.404479
0,62.5,36.281,18.1459,-0.0454992,-0.0216336
0,62.5,9.61851,19.302,-0.574181,-0.269239
0,62.5,35.5994,17.8378,0.047406,-0.0606474
0,62.5,10.0292,19.5699,-0.508775,-0.349633
0,62.5,35.822,18.0059,-0.0692604,0.0633486
0,62.5,10.5466,19.8659,-0.54261,-0.349193
0,62.5,34.5528,18.7548,-0.0128976,-0.201913
0,62.5,11.0961,20.1551,-0.422555,-0.0974312
0,62.5,34.2357,19.6069,0.0240272,-0.0577096
0,62.5,11.6313,20.1185,-0.409762,-0.301534
0,62.5,33.4902,20.0051,0.251779,-0.101809
0,62.5,11.8544,20.0264,-0.44497,-0.369593
0,62.5,33.1925,20.4613,0.236004,-0.118267
0,62.5,11.2888,20.031,-0.455002,-0.166193
0,62.5,32.7376,20.8017,0.32007,-0.219817
0,62.5,12.3641,20.0949,-0.474216,-0.199944
0,62.5,32.7528,21.1302,0.252259,-0.250957
0,62.5,12.0859,20.0189,-0.442818,-0.154189
0,62.5,32.5585,21.2858,0.252731,-0.188379
0,62.5,12.8337,20.3428,-0.581746,-0.223244
0,62.5,32.4999,21.8445,0.384057,-0.116869
0,62.5,13.6349,20.365,-0.419295,0.0524058
0,62.5,32.5432,21.5607,0.269877,-0.126059
0,62.5,14.7809,20.6683,-0.156057,0.244454
0,62.5,32.3083,21.6674,0.319139,-0.161226
0,62.5,15.0919,20.6439,-0.20858,0.17202
0,62.5,32.0897,21.4967,0.296501,-0.199337
0,62.5,15.3787,20.5563,-0.261938,0.132881
0,62.5,31.7893,21.8359,0.345652,-0.141266
0,62.5,15.7125,20.5824,-0.306941,0.249193
0,62.5,31.6697,22.0719,0.308565,-0.147101
0,62.5,16.1327,20.7621,-0.131521,0.178769
0,62.5,31.8753,22.2003,0.349596,-0.259298
0,62.5,16.435,20.7689,-0.13418,0.216278
0,62.5,31.589,22.3143,0.264444,-0.169
0,62.5,16.2714,20.5683,-0.192268,0.215942
0,62.5,31.8241,22.447,0.355924,-0.309202
0,62.5,17.0077,21.1677,-0.0214387,0.21244
0,62.5,31.3165,22.2932,0.203288,-0.224025
0,62.5,17.8204,21.3286,-0.0575813,0.155208
0,62.5,31.5509,22.5396,0.211242,-0.259771
0,62.5,17.3115,21.1843,-0.105417,0.250163
0,62.5,31.0389,22.5752,0.185104,-0.059411
0,62.5,17.9739,21.5454,0.0375909,0.0598438
0,62.5,31.2795,22.5227,0.159505,-0.249396
0,62.5,18.1042,21.3502,0.0168625,0.0723348
0,62.5,31.6017,22.8054,0.0794546,-0.171677
0,62.5,18.5809,21.7743,-0.115249,0.084707
0,62.5,31.8172,22.9552,-0.106865,-0.295119
0,62.5,18.8972,22.0884,-0.0181496,0.0261679
0,62.5,31.3623,22.7553,0.147587,-0.267101
0,62.5,19.1606,22.1937,-0.117119,0.22892
0,62.5,31.8127,22.6702,0.0799135,-0.332286
0,62.5,17.0308,23.369,-0.112815,0.120451
0,62.5,31.3886,23.0117,0.0578651,-0.223839
0,62.5,16.3156,23.7895,-0.13688,-0.0517761
0,62.5,31.8467,23.229,-0.168888,-0.249058
0,62.5,16.1133,24.197,-0.0829802,-0.0431736
0,62.5,31.6127,23.0969,-0.0586445,-0.0011751
0,62.5,15.6753,23.8694,-0.0219995,-0.0910704
0,62.5,31.6383,23.3801,-0.139445,0.0535311
0,62.5,15.8797,24.0262,-0.0480739,-0.0558343
0,62.5,31.4093,23.2867,-0.0864947,-0.143369
0,62.5,15.264,23.7781,-0.301329,-0.0078629
0,62.5,31.8553,23.5088,-0.172713,-0.218397
0,62.5,15.3037,23.5286,-0.350757,-0.0141509
0,62.5,32.05,23.9085,-0.251038,-0.222837
0,62.5,14.2125,24.3547,0.0518414,-0.16578
0,62.5,32.104,24.4857,-0.471999,-0.100192
0,62.5,14.3395,24.8187,0.155117,-0.17349
0,62.5,32.3381,24.526,-0.450942,0.0559981
0,62.5,13.5498,24.4544,0.128966,-0.193197
0,62.5,32.6267,24.8484,-0.434753,0.0483222
0,62.5,13.698,24.6959,0.137222,-0.192098
0,62.5,32.381,24.7898,-0.435053,0.0928734
0,62.5,13.4681,25.1014,0.384101,-0.0412511
0,62.5,32.8956,25.4544,-0.226238,0.120061
0,62.5,13.8622,24.9301,0.188394,-0.225587
0,62.5,32.6717,25.5058,-0.265064,0.0285116
0,62.5,13.6545,25.3393,0.337913,-0.0629862
0,62.5,33.224,25.7487,-0.136436,0.0271145
0,62.5,13.3738,25.3158,0.343217,-0.0338405
0,62.5,32.9842,25.7253,-0.1399,0.0572933
0,62.5,12.9941,25.7641,0.228537,0.00705949
0,62.5,33.3447,26.0039,-0.0714806,-0.040153
0,62.5,12.4718,25.7888,0.204057,-0.0368956
0,62.5,33.5973,26.0001,-0.0557129,0.0642034
0,62.5,2.81346,18.7805,-0.0227996,-0.0121141
0,62.5,38.5217,19.0625,0.248873,0.810689
0,62.5,2.422,18.1487,-0.153531,0.296944
0,62.5,38.5291,16.1963,0.0837702,0.682807
0,62.5,2.29358,16.5806,-0.138638,0.141963
0,62.5,38.5212,18.4946,0.197375,0.701084
0,62.5,3.03524,19.4894,-0.0896235,0.0123881
0,62.5,37.8768,17.1741,-0.165785,0.743088
0,62.5,4.66295,16.815,0.149643,-0.205111
0,62.5,37.5178,18.2362,0.00597043,0.47198
0,62.5,5.96857,17.1454,-0.0150334,-0.403663
0,62.5,36.6781,18.3243,0.0965106,-0.0503944
0,62.5,7.92422,18.3309,-0.422662,-0.460884
0,62.5,36.8423,18.8028,0.0366233,0.0603371
0,62.5,7.12712,17.8171,-0.276207,-0.495722
0,62.5,36.428,18.3182,0.0832928,-0.115889
0,62.5,9.84858,19.3509,-0.559964,-0.310036
0,62.5,36.0733,18.333,-0.0804868,-0.0979276
0,62.5,7.76128,18.1101,-0.449952,-0.431836
0,62.5,35.222,18.2186,0.024398,-0.0651471
0,62.5,10.2643,19.5065,-0.535223,-0.395238
0,62.5,34.5293,19.1276,0.0821047,-0.144138
0,62.5,9.11916,18.8253,-0.48218,-0.484952
0,62.5,33.413,20.3113,0.251105,-0.0686563
0,62.5,10.0925,19.3002,-0.533629,-0.35438
0,62.5,33.7194,19.8636,0.199622,-0.118214
0,62.5,11.4809,19.909,-0.470996,-0.219938
0,62.5,33.3845,20.6115,0.291861,-0.114236
0,62.5,13.3685,20.6177,-0.367422,-0.126879
0,62.5,32.9589,20.6401,0.29619,-0.229999
0,62.5,14.3406,20.5036,-0.292038,0.179115
0,62.5,32.933,20.9371,0.315602,-0.205041
0,62.5,14.1015,20.5304,-0.290214,0.106694
0,62.5,32.7749,21.4305,0.217364,-0.204558
0,62.5,13.1159,20.3828,-0.536874,-0.179035
0,62.5,32.7371,21.7186,0.310408,-0.151056
0,62.5,14.589,20.4662,-0.264382,0.288224
0,62.5,32.6987,22.0023,0.392549,-0.0987835
0,62.5,14.1093,20.2608,-0.270119,0.163097
0,62.5,32.2593,21.9331,0.412752,-0.159323
0,62.5,15.1326,20.4119,-0.369761,0.161452
0,62.5,32.0539,21.7475,0.347831,-0.183908
0,62.5,14.8662,20.4557,-0.285299,0.193173
0,62.5,31.9972,21.9966,0.407353,-0.207885
0,62.5,15.9551,20.5544,-0.233399,0.265277
0,62.5,32.4584,22.1215,0.424394,-0.10584
0,62.5,16.8634,20.8077,-0.0423677,0.226159
0,62.5,32.1942,22.1815,0.433779,-0.197779
0,62.5,17.0522,20.9555,-0.0187746,0.206503
0,62.5,32.65,22.5335,0.0854188,0.0537059
0,62.5,17.5842,21.2009,-0.159183,0.189226
0,62.5,32.4107,22.5993,0.0363272,-0.0343759
0,62.5,18.3407,21.2394,0.0305328,0.119282
0,62.5,32.5009,22.8423,-0.0304597,-0.0116762
0,62.5,18.9209,21.1932,-0.0509826,0.0491364
0,62.5,32.3847,22.3659,0.360905,-0.0900029
0,62.5,18.6131,21.3281,0.0142592,0.0419004
0,62.5,32.2719,22.8672,0.00412063,-0.0252954
0,62.5,18.6284,21.5585,-0.0264087,0.0471479
0,62.5,32.0787,22.3899,0.385042,-0.253572
0,62.5,18.669,21.9699,-0.0339679,-0.00726228
0,62.5,32.1589,22.5934,0.0959341,-0.129655
0,62.5,19.1283,22.4438,-0.0177669,0.170998
0,62.5,32.0295,22.7922,0.0249158,-0.201386
0,62.5,17.7913,22.6283,-0.278207,0.150085
0,62.5,32.4938,23.2117,-0.121725,-0.0131526
0,62.5,16.7268,24.105,-0.0673867,0.0583339
0,62.5,32.0597,23.0611,-0.148474,-0.237754
0,62.5,18.0153,22.4685,-0.216688,0.0678164
0,62.5,32.2818,23.4189,-0.201223,-0.072832
0,62.5,16.2619,24.0315,-0.139634,-0.0874812
0,62.5,32.0769,23.3275,-0.185209,-0.25164
0,62.5,15.6608,24.4049,-0.0378907,0.0140125
0,62.5,32.2668,23.7083,-0.222392,-0.0646433
0,62.5,15.8806,24.5516,-0.0661619,0.00566049
0,62.5,32.0582,23.6195,-0.195069,-0.243993
0,62.5,15.8764,24.276,-0.0771502,-0.0202877
0,62.5,32.4778,23.8108,-0.243789,-0.0186142
0,62.5,15.6283,24.1351,-0.0317729,-0.0562713
0,62.5,32.2646,23.9975,-0.308448,-0.0465584
0,62.5,15.4252,23.9637,0.000785804,-0.0518422
0,62.5,32.2934,24.2644,-0.46653,0.0536513
0,62.5,14.9779,24.1897,0.078742,-0.131556
0,62.5,32.5883,24.5965,-0.439339,0.0713159
0,62.5,14.7403,24.5788,0.0984597,-0.135183
0,62.5,32.695,25.108,-0.273464,-0.00972078
0,62.5,14.1516,24.5794,0.213795,-0.124766
0,62.5,33.117,25.2157,-0.325239,-0.0488312
0,62.5,13.9826,24.7146,0.0859222,-0.309545
0,62.5,33.341,25.239,-0.338912,0.132919
0,62.5,13.752,25.1272,0.313726,-0.132472
0,62.5,33.1314,25.4876,-0.245796,-0.00383208
0,62.5,13.8445,25.5599,0.234199,-0.102336
0,62.5,33.366,25.5218,-0.239479,0.120422
0,62.5,14.0497,25.1448,0.212973,-0.213577
0,62.5,33.483,25.7737,-0.0660327,0.0633578
0,62.5,13.3824,26.0079,0.113142,0.0112914
0,62.5,33.636,25.6027,-0.151229,-0.0353627
0,62.5,12.2422,25.5762,0.447746,-0.000218511
0,62.5,33.8244,25.9846,0.0343483,0.0471849
0,62.5,2.27684,18.3957,-0.295253,0.32
0,62.5,37.6765,20.9953,-0.0756681,0.436088
0,62.5,5.39088,16.6604,0.18961,-0.371866
0,62.5,37.8119,16.3269,0.198222,0.575669
0,62.5,1.95485,16.3059,-0.156632,0.38538
0,62.5,38.2951,16.6993,0.0110875,0.85842
0,62.5,2.34054,16.9654,-0.0628577,0.0815151
0,62.5,38.3127,17.114,0.00355439,0.780895
0,62.5,3.17686,16.3938,-0.0695035,0.0560554
0,62.5,38.1705,15.9937,-0.0629532,0.863825
0,62.5,3.79097,16.5849,0.047644,-0.0669408
0,62.5,37.8717,17.8804,0.043182,0.649762
0,62.5,4.26533,16.4756,0.179231,-0.099063
0,62.5,36.4809,18.5653,0.0413054,-0.133248
0,62.5,5.12903,16.8488,0.103798,-0.223986
0,62.5,36.4328,17.9538,-0.000110713,0.0435441
0,62.5,6.66051,17.6549,-0.189888,-0.402455
0,62.5,35.2443,18.4833,-0.00547816,0.01568
0,62.5,9.39246,18.8576,-0.451009,-0.405282
0,62.5,35.02,18.5666,0.00582338,-0.0670555
0,62.5,11.0646,19.8636,-0.499968,-0.102135
0,62.5,34.9656,18.3277,0.118074,-0.174969
0,62.5,10.8258,19.8921,-0.535451,-0.33008
0,62.5,34.4807,19.4802,-0.0600518,-0.0513098
0,62.5,12.6537,20.1244,-0.543416,-0.17116
0,62.5,33.9658,19.7124,0.117912,-0.0989904
0,62.5,11.7126,19.7983,-0.523072,-0.309036
0,62.5,33.645,20.1828,0.217491,-0.0512798
0,62.5,12.1739,19.8184,-0.454574,-0.211856
0,62.5,33.6054,20.4707,0.312027,-0.0427721
0,62.5,11.6412,19.4897,-0.456685,-0.165214
0,62.5,33.1567,20.7562,0.31597,-0.12973
0,62.5,12.4458,19.8872,-0.46072,-0.208166
0,62.5,33.1417,21.0456,0.326546,-0.131141
0,62.5,13.3824,20.3783,-0.484491,-0.0834881
0,62.5,32.9661,21.249,0.23739,-0.233598
0,62.5,13.8695,20.3509,-0.38283,0.100719
0,62.5,33.1592,21.3805,0.265224,-0.228805
0,62.5,13.6741,20.0948,-0.3183,0.0864583
0,62.5,32.9712,21.5693,0.230895,-0.265053
0,62.5,14.336,20.2419,-0.224234,0.177138
0,62.5,32.9348,21.8555,0.349917,-0.227733
0,62.5,15.7405,20.3319,-0.29577,0.300526
0,62.5,32.6539,22.2849,0.30932,-0.00499934
0,62.5,16.6522,20.6564,-0.124829,0.249958
0,62.5,33.1701,21.7013,0.297436,-0.31217
0,62.5,16.4936,20.4487,-0.167879,0.264389
0,62.5,32.8947,22.1387,0.313311,-0.1823
0,62.5,17.3381,20.961,-0.0994879,0.168389
0,62.5,33.1392,21.9854,0.347111,-0.310695
0,62.5,17.833,21.082,-0.116969,0.229518
0,62.5,33.1333,22.2401,0.170236,-0.248088
0,62.5,18.3742,21.0119,-0.0543023,0.128229
0,62.5,33.3769,22.1318,0.145589,-0.225162
0,62.5,18.897,21.3955,-0.00953202,0.0607365
0,62.5,32.8885,22.3969,0.133528,-0.0796841
0,62.5,18.3657,21.4838,0.0105567,0.110283
0,62.5,33.182,22.464,-0.0986968,-0.12817
0,62.5,19.1711,21.9564,-0.00843615,0.185524
0,62.5,32.6524,23.0127,-0.0725038,0.0545031
0,62.5,19.7307,22.0984,0.0375669,-0.101387
0,62.5,32.7521,22.7489,0.000926072,0.0794669
0,62.5,18.8896,22.3137,-0.108509,0.0799207
0,62.5,32.2982,23.1216,-0.120227,-0.025469
0,62.5,19.1056,22.6779,0.0543241,0.219901
0,62.5,32.8892,23.4679,-0.0882498,-0.038305
0,62.5,18.3572,22.3579,-0.0791018,-0.0576386
0,62.5,32.6905,23.3491,-0.18061,0.0741626
0,62.5,17.0067,23.6137,-0.0498415,0.142589
0,62.5,33.1309,23.8296,-0.25639,0.0644991
0,62.5,17.3362,22.8887,-0.302876,0.228994
0,62.5,32.4871,23.5169,-0.227574,0.00471334
0,62.5,16.3305,24.384,-0.0862035,-0.0124577
0,62.5,33.1064,23.5443,-0.121525,0.0310748
0,62.5,16.4711,24.1685,-0.128442,-0.0175065
0,62.5,32.687,23.6566,-0.171492,-0.0422349
0,62.5,15.2501,24.601,0.0160083,-0.012987
0,62.5,32.7118,23.941,-0.365525,-0.0494269
0,62.5,15.4638,24.5131,0.0262249,0.0678958
0,62.5,32.5035,24.0796,-0.426834,0.0398578
0,62.5,15.1917,24.0695,0.0583775,-0.0730421
0,62.5,32.5423,24.3394,-0.480645,0.0582493
0,62.5,15.4095,24.2409,0.0242935,0.0101051
0,62.5,32.8543,24.8486,-0.412681,-0.0878319
0,62.5,14.4117,24.5732,0.191265,-0.231109
0,62.5,32.884,25.2034,-0.361981,0.130374
0,62.5,14.9769,24.4876,0.101197,-0.0408288
0,62.5,33.2713,24.9478,-0.439601,0.0598724
0,62.5,14.1493,24.9309,0.10906,-0.267621
0,62.5,33.4974,25.0224,-0.445905,0.0590638
0,62.5,13.9417,25.3496,0.299681,-0.128165
0,62.5,33.5547,25.3381,-0.296407,0.072081
0,62.5,14.3501,25.1276,0.115831,-0.195782
0,62.5,33.711,25.1094,-0.425139,0.0829412
0,62.5,14.038,25.7839,0.161182,-0.078792
0,62.5,33.7913,25.3929,-0.195191,-0.020513
0,62.5,13.9002,26.0126,0.0755137,-0.0203265
0,62.5,33.8232,25.7505,-0.220481,0.101753
0,62.5,12.7371,25.7717,0.218036,0.0119593
0,62.5,34.0657,26.0086,0.0543175,-0.0153126
0,62.5,3.12568,18.6678,-0.160711,-0.107368
0,62.5,37.0106,19.3104,-0.10893,0.117369
0,62.5,2.97479,18.4868,-0.107362,-0.12423
0,62.5,38.3263,16.1696,-0.0279971,0.821918
0,62.5,2.55556,16.197,-0.10617,0.0835175
0,62.5,37.376,18.4452,-0.0666982,0.348528
0,62.5,2.50187,17.1667,-0.0147514,-0.0348623
0,62.5,37.1717,18.0502,0.124216,0.0142996
0,62.5,4.8757,16.7253,0.171149,-0.214825
0,62.5,37.0434,18.8631,0.0440558,0.0175311
0,62.5,5.51074,16.7372,0.156549,-0.396203
0,62.5,36.834,19.1278,-0.017382,-0.10091
0,62.5,6.42379,17.6437,-0.173208,-0.479707
0,62.5,36.7744,18.5366,0.0508193,-0.0256071
0,62.5,8.39844,18.6018,-0.465782,-0.478619
0,62.5,36.2299,18.5116,-0.00645194,-0.168291
0,62.5,6.19202,17.2375,-0.0991619,-0.404134
0,62.5,36.2528,18.7657,0.0333176,-0.209946
0,62.5,7.62979,18.3162,-0.420945,-0.369666
0,62.5,36.0129,18.661,0.010838,-0.108852
0,62.5,9.63813,18.9751,-0.474896,-0.284273
0,62.5,35.6787,18.189,-0.0493217,0.0374136
0,62.5,10.48,19.5887,-0.510614,-0.316716
0,62.5,34.7917,18.6765,0.0224387,-0.157375
0,62.5,11.2468,19.7213,-0.560045,-0.130944
0,62.5,34.6942,18.9493,0.00106621,-0.219063
0,62.5,12.9418,20.1348,-0.495193,-0.191069
0,62.5,34.0967,19.8928,0.0373685,-0.00822806
0,62.5,12.0686,19.5577,-0.450711,-0.261088
0,62.5,33.8733,20.0334,0.131835,0.0257001
0,62.5,11.9016,19.7226,-0.38972,-0.202543
0,62.5,33.8433,20.3252,0.250747,0.0368261
0,62.5,12.7655,19.9158,-0.454389,-0.145445
0,62.5,33.3616,20.8988,0.31848,-0.12237
0,62.5,13.1918,20.1515,-0.44396,-0.0924518
0,62.5,33.773,21.162,0.369141,-0.10138
0,62.5,15.4884,20.3735,-0.361761,0.166249
0,62.5,33.56,21.0459,0.35334,-0.121364
0,62.5,13.4447,20.1283,-0.383436,0.043516
0,62.5,33.5366,21.3303,0.423395,-0.165242
0,62.5,14.6239,20.2403,-0.284166,0.258856
0,62.5,33.3373,21.1942,0.353147,-0.122702
0,62.5,13.9209,20.0869,-0.271714,0.211303
0,62.5,33.3562,21.5232,0.334497,-0.240378
0,62.5,16.1009,20.3706,-0.322345,0.256792
0,62.5,33.7898,21.7013,0.336588,0.0666141
0,62.5,14.8981,20.2152,-0.393985,0.118457
0,62.5,33.3635,21.8558,0.354952,-0.360088
0,62.5,17.5851,20.9438,-0.0985543,0.235405
0,62.5,33.4469,22.349,-0.144968,0.00786715
0,62.5,18.08,21.1124,-0.0471203,0.114634
0,62.5,33.5921,21.9187,0.219548,-0.122221
0,62.5,18.876,21.6478,-0.108241,0.0864629
0,62.5,33.3584,22.618,-0.16021,-0.026818
0,62.5,19.4098,21.5023,-0.101701,0.08667
0,62.5,32.9706,22.6204,-0.0768945,-0.00672182
0,62.5,18.9437,21.8458,0.0165835,0.059639
0,62.5,33.5904,22.5772,-0.144075,0.0144984
0,62.5,19.1287,21.5835,-0.0904102,0.0873514
0,62.5,32.9426,22.9135,-0.066107,0.134547
0,62.5,19.4194,22.1115,-0.0906615,0.18913
0,62.5,33.4117,22.8848,-0.118741,-0.0601171
0,62.5,19.65,22.3035,0.00592688,-0.158497
0,62.5,32.8577,23.1435,-0.103573,0.119576
0,62.5,19.3756,22.5985,0.012316,0.170319
0,62.5,33.1596,22.7924,-0.15174,-0.0367997
0,62.5,19.3875,22.3549,-0.0139401,0.186916
0,62.5,33.0666,23.2486,-0.0284591,0.013181
0,62.5,18.3985,22.5868,-0.194683,-0.071402
0,62.5,33.2936,23.334,-0.0765349,0.03057
0,62.5,18.6053,23.1546,-0.1331,-0.108869
0,62.5,33.1593,24.111,-0.365554,0.0665184
0,62.5,17.9533,22.8111,-0.117301,-0.0243911
0,62.5,32.9692,24.3362,-0.459775,-0.113284
0,62.5,17.1003,23.089,-0.308822,0.234415
0,62.5,32.9084,23.7559,-0.222406,-0.0350015
0,62.5,16.214,24.695,0.0245698,-0.0524688
0,62.5,32.9339,24.0435,-0.366489,-0.067729
0,62.5,16.9257,23.952,-0.00859087,0.155236
0,62.5,32.7509,24.2287,-0.491765,-0.108423
0,62.5,15.0401,24.7359,0.0390944,0.0107691
0,62.5,33.0437,24.9527,-0.505254,0.0358671
0,62.5,16.4464,24.6317,0.0296589,-0.0832354
0,62.5,32.8017,24.5272,-0.497045,-0.142859
0,62.5,15.1889,24.3468,0.0542235,-0.0536328
0,62.5,33.2247,24.6766,-0.508736,0.134912
0,62.5,15.2642,24.883,0.0198227,0.0199523
0,62.5,33.6794,24.8094,-0.399788,0.137501
0,62.5,14.2304,25.351,0.217766,-0.147138
0,62.5,33.452,24.7368,-0.441951,0.0671133
0,62.5,14.8347,24.8382,0.0384686,-0.0543813
0,62.5,33.9294,25.1128,-0.357267,-0.00413952
0,62.5,14.5899,24.7732,0.0936568,-0.150534
0,62.5,34.1727,25.111,-0.363165,-0.167538
0,62.5,14.4198,25.5657,0.208183,-0.117213
0,62.5,34.0161,25.3709,-0.168319,-0.0769141
0,62.5,13.503,25.7709,0.243881,-0.0152083
0,62.5,33.9941,25.6153,-0.289012,-0.0776077
0,62.5,13.1304,26.0061,0.0940789,-0.0105408
0,62.5,34.1649,25.8069,-0.249742,-0.16076
0,62.5,3.40214,15.8099,0.0547548,0.190405
0,62.5,38.2627,18.2781,0.0715399,0.724014
0,62.5,1.93167,16.7898,-0.0978109,0.649377
0,62.5,37.9845,17.6239,0.0405452,0.747122
0,62.5,1.52353,15.3584,-0.35177,0.590329
0,62.5,36.6668,19.0433,-0.117003,-0.0658268
0,62.5,2.76034,18.5099,-0.168416,0.135114
0,62.5,36.6022,18.756,0.0346702,-0.103817
0,62.5,3.39681,16.2584,-0.0103061,0.0729002
0,62.5,37.1181,19.0953,-0.142125,0.154441
0,62.5,6.86927,17.7822,-0.271965,-0.364794
0,62.5,36.9881,19.596,-0.114536,0.104333
0,62.5,3.05626,15.9136,0.00661082,0.204741
0,62.5,36.0212,18.9214,0.0115886,-0.14687
0,62.5,8.03648,18.1306,-0.490883,-0.520842
0,62.5,36.4139,18.9287,-0.0130312,-0.185101
0,62.5,8.67016,18.6424,-0.496122,-0.450778
0,62.5,35.8773,18.3395,-0.107998,0.0905995
0,62.5,10.3039,19.1948,-0.495146,-0.392518
0,62.5,35.8047,18.6326,-0.0600421,0.046693
0,62.5,9.84305,19.0889,-0.500562,-0.256132
0,62.5,34.9839,18.8437,0.0100203,-0.054953
0,62.5,10.7294,19.6606,-0.499775,-0.328704
0,62.5,35.2137,18.7893,-0.0241909,0.0666992
0,62.5,10.9733,19.6114,-0.475312,-0.197018
0,62.5,34.3599,19.8073,0.0284667,-0.0214741
0,62.5,11.4738,19.6478,-0.55958,-0.228692
0,62.5,34.0668,20.1917,0.181808,0.0332196
0,62.5,10.9646,19.3555,-0.476631,-0.203212
0,62.5,33.5892,20.7569,0.323596,-0.103667
0,62.5,11.8385,19.419,-0.441742,-0.207152
0,62.5,33.7934,20.884,0.357548,-0.0666264
0,62.5,12.3165,19.6182,-0.447389,-0.153031
0,62.5,33.9703,21.3209,0.371448,-0.0484491
0,62.5,13.2292,19.8979,-0.37707,-0.0335557
0,62.5,34.1923,21.1581,0.305414,0.0726506
0,62.5,13.7656,19.8516,-0.238263,0.202482
0,62.5,33.9987,21.5974,0.301679,0.0697249
0,62.5,12.9981,19.8641,-0.392702,-0.0975642
0,62.5,34.2014,21.4269,0.298828,0.151637
0,62.5,14.3862,20.0276,-0.194932,0.196481
0,62.5,33.746,21.4393,0.460732,-0.0604191
0,62.5,15.6138,20.1219,-0.256177,0.229176
0,62.5,33.5481,21.6484,0.420815,-0.286305
0,62.5,17.2193,20.7558,-0.00874343,0.146859
0,62.5,34.0701,21.8957,0.100521,0.181303
0,62.5,17.0021,20.6103,-0.112732,0.257756
0,62.5,33.8508,21.9493,0.0975334,0.179478
0,62.5,18.7307,20.9153,0.0326751,0.0540602
0,62.5,33.9235,22.1895,-0.0507529,0.193563
0,62.5,18.1334,20.8768,-0.122483,0.144522
0,62.5,33.6439,22.1625,-0.0796037,0.049796
0,62.5,18.6396,21.1093,-0.00923718,0.0277201
0,62.5,33.8293,22.6639,-0.166731,0.135429
0,62.5,19.9994,21.7781,0.020054,0.0075309
0,62.5,33.749,22.3859,-0.131026,0.0752414
0,62.5,19.4976,21.9044,-0.149106,0.150175
0,62.5,33.639,22.8521,-0.115515,0.0527818
0,62.5,19.7653,21.8674,-0.126237,-0.110192
0,62.5,33.4542,23.1389,-0.0998632,-0.016147
0,62.5,19.2857,21.7522,-0.115047,0.102321
0,62.5,33.7427,23.3982,-0.194654,0.13045
0,62.5,20.0088,22.0417,-0.00559655,-0.103281
0,62.5,33.5239,23.4223,-0.172038,0.0922013
0,62.5,19.6297,22.5489,0.0606285,-0.173416
0,62.5,33.9732,23.4833,-0.219583,0.198821
0,62.5,19.8783,22.472,0.0842679,-0.145983
0,62.5,33.33,23.6183,-0.17217,0.0985283
0,62.5,18.3663,23.3189,0.0589217,-0.0824633
0,62.5,33.783,23.6811,-0.258777,0.151611
0,62.5,19.3223,22.8418,0.123299,0.211311
0,62.5,33.1976,23.044,-0.0524269,-0.0320293
0,62.5,19.0776,22.9412,-0.011568,0.109916
0,62.5,33.3566,23.8952,-0.281642,0.128161
0,62.5,17.3012,23.1982,-0.123909,0.0200261
0,62.5,33.1909,24.3946,-0.463202,0.115947
0,62.5,16.5479,24.8543,0.141699,-0.13592
0,62.5,33.3822,24.1732,-0.398569,0.153023
0,62.5,16.286,24.9239,0.14282,-0.101991
0,62.5,33.0047,24.6419,-0.494154,-0.0959243
0,62.5,17.415,25.3205,0.091555,0.037473
0,62.5,33.4123,24.4543,-0.46305,0.129185
0,62.5,16.1108,24.4622,-0.0798056,-0.0350872
0,62.5,33.8553,24.5479,-0.389573,0.140752
0,62.5,15.4892,24.787,0.00945527,0.0654964
0,62.5,33.6406,24.5207,-0.415184,0.163816
0,62.5,15.7865,24.9727,0.0817781,0.0562915
0,62.5,34.0537,24.3245,-0.344203,0.0321403
0,62.5,14.783,25.08,0.0889879,-0.0270722
0,62.5,33.8892,24.8405,-0.369089,0.0947822
0,62.5,14.7394,25.3115,0.150618,0.02868
0,62.5,34.1252,24.8593,-0.316722,-0.130689
0,62.5,14.5862,25.7974,0.0672029,0.00554834
0,62.5,34.4594,25.1869,-0.195023,-0.117125
0,62.5,14.5041,25.3428,0.160634,-0.140976
0,62.5,34.2684,25.3415,-0.171267,-0.225695
0,62.5,14.1649,26.0118,0.0489216,-0.0393955
0,62.5,34.5141,25.4757,-0.31882,0.0770712
0,62.5,13.6395,26.0107,0.114216,-0.0287769
0,62.5,34.2768,25.5848,-0.317614,-0.207909
0,62.5,6.03692,16.8521,0.00848333,-0.442599
0,62.5,38.034,20.1227,-0.113286,0.550096
0,62.5,2.79673,19.7668,-0.0662377,0.139723
0,62.5,37.763,18.3439,0.0619709,0.509459
0,62.5,1.77322,16.1748,-0.0969347,0.383933
0,62.5,37.7222,20.6425,0.0687825,0.412139
0,62.5,2.78405,15.7331,0.0157418,0.199128
0,62.5,37.5975,18.9778,-0.137134,0.396942
0,62.5,6.40933,17.3576,-0.0506776,-0.456623
0,62.5,37.6255,18.5407,-0.0137202,0.473921
0,62.5,5.6896,16.9086,-0.00101474,-0.289829
0,62.5,37.3506,19.1468,-0.103457,0.216649
0,62.5,7.58499,17.9602,-0.361451,-0.440769
0,62.5,36.3104,19.4026,-0.0543556,-0.161581
0,62.5,8.95342,18.6732,-0.53376,-0.410612
0,62.5,36.4345,19.1821,-0.10928,-0.169674
0,62.5,8.28943,18.3234,-0.443506,-0.509024
0,62.5,36.1873,19.0816,-0.102695,-0.148787
0,62.5,10.4974,19.3195,-0.532436,-0.302305
0,62.5,35.8805,19.1785,-0.0809435,-0.00301567
0,62.5,10.0644,19.0249,-0.481974,-0.329444
0,62.5,35.6365,18.4721,-0.109283,0.0661608
0,62.5,10.7214,19.1383,-0.476096,-0.255208
0,62.5,34.881,19.0846,-0.0359311,-0.107559
0,62.5,11.2012,19.465,-0.502973,-0.150749
0,62.5,34.6646,19.3106,-0.0735689,-0.0679603
0,62.5,12.0675,19.2887,-0.391684,-0.230265
0,62.5,34.2952,20.0555,0.0758117,-0.0403824
0,62.5,12.5991,19.7242,-0.372609,-0.147307
0,62.5,33.8169,20.5985,0.361956,0.00567105
0,62.5,11.5603,19.1853,-0.442294,-0.119786
0,62.5,34.0575,20.4737,0.356376,0.0250281
0,62.5,14.655,20.018,-0.267118,0.163291
0,62.5,34.0241,20.7434,0.423264,-0.00823349
0,62.5,13.6183,19.6599,-0.388955,0.181796
0,62.5,34.2806,20.6043,0.392734,0.0439189
0,62.5,14.1139,19.946,-0.140248,0.263442
0,62.5,34.0036,21.0232,0.383991,-0.087336
0,62.5,15.9301,20.1881,-0.377101,0.233359
0,62.5,34.2387,20.8596,0.447472,0.0301533
0,62.5,15.2514,20.2254,-0.387229,0.124711
0,62.5,34.4181,20.9955,0.302464,0.191133
0,62.5,16.3072,20.255,-0.325485,0.307067
0,62.5,34.2238,21.7022,0.193805,0.257103
0,62.5,17.8694,20.844,-0.115036,0.250716
0,62.5,34.3018,21.9835,-0.00468162,0.340925
0,62.5,17.5995,20.7272,-0.0820344,0.191597
0,62.5,34.1557,22.1962,-0.053006,0.285928
0,62.5,19.2262,21.1287,-0.072109,0.034572
0,62.5,34.2405,22.4563,-0.126673,0.328444
0,62.5,19.0747,20.7793,-0.0140117,-0.00871587
0,62.5,34.0023,22.4515,-0.13671,0.217895
0,62.5,19.0052,20.9709,-0.0225562,0.0233903
0,62.5,34.303,22.7342,-0.118848,0.274799
0,62.5,19.8287,21.5831,-0.0503854,0.012944
0,62.5,33.8733,22.9362,-0.117509,0.16567
0,62.5,19.1857,21.3486,-0.0368517,0.0619513
0,62.5,34.3468,23.0124,-0.113356,0.278567
0,62.5,19.4771,21.2667,-0.0815618,0.0596566
0,62.5,34.0705,22.7112,-0.155237,0.237665
0,62.5,19.971,22.2672,0.0847315,-0.0966817
0,62.5,34.5747,23.06,-0.121021,0.316107
0,62.5,20.3522,22.0862,0.120504,0.0180057
0,62.5,33.6813,23.1268,-0.137051,0.0961859
0,62.5,19.584,22.8058,0.167757,-0.217771
0,62.5,34.1158,22.9752,-0.108707,0.24113
0,62.5,20.5537,22.229,0.132973,0.0147615
0,62.5,33.9237,23.2013,-0.148951,0.176347
0,62.5,18.1525,22.6459,-0.14826,-0.0214459
0,62.5,34.0068,23.7648,-0.266378,0.190191
0,62.5,18.6309,22.4275,-0.0765845,0.0596711
0,62.5,33.562,23.6974,-0.23475,0.161877
0,62.5,16.5893,24.3975,-0.0282116,-0.0972682
0,62.5,33.8092,23.9655,-0.31924,0.166155
0,62.5,16.7658,25.067,0.158442,-0.152964
0,62.5,33.5883,23.97,-0.322474,0.206582
0,62.5,16.9653,25.2236,0.146977,-0.0842354
0,62.5,34.0289,24.0479,-0.30549,0.126164
0,62.5,16.494,25.0953,0.143506,-0.126153
0,62.5,33.8312,24.2556,-0.382239,0.159225
0,62.5,15.7016,24.717,0.0108562,0.0936946
0,62.5,34.2543,24.0821,-0.241829,0.181811
0,62.5,16.2528,25.1858,0.123859,-0.11348
0,62.5,33.6134,24.2429,-0.385898,0.185395
0,62.5,16.0388,25.0248,0.118091,-0.0931228
0,62.5,34.2813,24.3646,-0.2757,0.138241
0,62.5,15.5602,25.0385,0.0856614,0.0549011
0,62.5,34.5057,24.4263,-0.22113,0.136692
0,62.5,15.0594,25.0283,0.0345618,0.00359748
0,62.5,34.0786,24.5957,-0.357374,-0.0507339
0,62.5,15.964,25.258,0.14225,-0.0758214
0,62.5,34.3136,24.6427,-0.2527,0.068771
0,62.5,15.3955,25.8143,0.155475,0.00557856
0,62.5,34.3655,24.9273,-0.256709,0.0252197
0,62.5,14.5459,25.0307,0.136147,-0.0898921
0,62.5,34.688,25.2553,-0.290294,0.0350298
0,62.5,14.135,25.5664,0.22977,-0.0986931
0,62.5,34.7469,25.508,-0.236258,-0.0700887
0,62.5,13.5554,25.5456,0.229492,-0.0618567
0,62.5,34.3407,26.0158,-0.0787696,-0.0543495
0,62.5,1.25084,18.2322,0.0123423,0.555186
0,62.5,38.0235,19.8695,-0.0866132,0.521076
0,62.5,2.02982,17.3709,0.0653152,0.349237
0,62.5,38.3406,17.4393,-0.0202045,0.724673
0,62.5,1.79745,15.0528,0.0141775,0.273606
0,62.5,38.1337,17.8711,0.026925,0.696568
0,62.5,4.4595,16.2868,0.173954,-0.154896
0,62.5,37.1986,19.4652,-0.118988,0.295718
0,62.5,7.56752,17.3626,-0.368031,-0.526109
0,62.5,37.3983,19.6638,0.00265124,0.402303
0,62.5,7.9296,17.8855,-0.479166,-0.54096
0,62.5,37.6126,19.2334,-0.139237,0.445318
0,62.5,6.89871,17.4937,-0.233619,-0.411066
0,62.5,36.7789,19.4323,-0.0621487,-0.0747951
0,62.5,9.31644,18.6299,-0.470491,-0.396673
0,62.5,36.0933,19.3096,-0.0712211,-0.100009
0,62.5,8.54936,18.4023,-0.434905,-0.461469
0,62.5,35.5993,18.796,-0.0421428,0.0760354
0,62.5,10.2894,18.9216,-0.464628,-0.360072
0,62.5,35.7823,18.9543,0.01686,0.00915948
0,62.5,9.61137,18.7129,-0.448352,-0.331007
0,62.5,35.1357,19.0827,0.00213315,0.0232602
0,62.5,10.9487,19.0883,-0.456377,-0.221186
0,62.5,34.5165,20.1067,0.0779674,-0.0434805
0,62.5,10.7252,19.4083,-0.495661,-0.318207
0,62.5,34.5744,19.7217,0.00833491,-0.0332023
0,62.5,10.6658,18.8117,-0.467942,-0.294017
0,62.5,34.511,20.3793,0.240746,-0.011436
0,62.5,10.1015,18.7424,-0.535871,-0.313018
0,62.5,34.7702,19.5506,-0.0678203,-0.12995
0,62.5,11.7907,19.1646,-0.393603,-0.152522
0,62.5,34.8331,20.7034,0.204025,0.016852
0,62.5,12.2974,19.3376,-0.407029,-0.175692
0,62.5,34.2794,20.3324,0.256122,0.0218304
0,62.5,13.4807,19.8604,-0.352102,0.098963
0,62.5,34.4294,21.2669,0.232789,0.234983
0,62.5,14.2963,19.8005,-0.358962,0.097363
0,62.5,34.5017,20.6579,0.415671,0.00208842
0,62.5,15.0187,20.0562,-0.189733,0.206048
0,62.5,34.6951,21.6819,0.00890186,0.138539
0,62.5,16.5916,20.2428,-0.278948,0.304892
0,62.5,34.6237,20.857,0.253686,0.052109
0,62.5,16.3723,20.0512,-0.195369,0.316775
0,62.5,34.4413,21.5283,0.171432,0.33983
0,62.5,16.8024,20.4534,-0.16387,0.333821
0,62.5,34.478,21.7871,0.122796,0.420279
0,62.5,18.1415,20.6637,0.0732631,0.184036
0,62.5,34.4069,22.2272,-0.0648962,0.360858
0,62.5,18.4448,20.8086,-0.0400788,0.159851
0,62.5,34.5344,22.7825,-0.117054,0.280105
0,62.5,17.8444,20.61,0.0230859,0.245442
0,62.5,34.4714,22.508,-0.0805857,0.273165
0,62.5,17.1797,20.4398,-0.0854534,0.241659
0,62.5,34.9841,22.8832,-0.133684,0.359859
0,62.5,18.4788,20.6043,0.0370349,0.154054
0,62.5,34.7626,22.8288,-0.125688,0.303312
0,62.5,19.3461,20.9311,-0.0140332,0.0685725
0,62.5,35.0506,23.463,-0.108189,0.286793
0,62.5,18.7597,20.7046,0.0111644,0.0360452
0,62.5,34.7993,23.1159,-0.137248,0.337163
0,62.5,20.2235,21.896,0.0609012,0.0333259
0,62.5,34.8352,23.3964,-0.14823,0.329573
0,62.5,19.823,21.1927,-0.0666326,0.0909591
0,62.5,34.609,23.3424,-0.162785,0.318514
0,62.5,19.2622,23.1105,0.15593,0.0566431
0,62.5,34.6447,23.623,-0.165594,0.303262
0,62.5,19.5802,21.663,-0.139624,0.123432
0,62.5,34.3859,23.291,-0.166785,0.301235
0,62.5,19.8367,22.7392,0.158836,-0.181203
0,62.5,34.4221,23.5784,-0.192602,0.297674
0,62.5,16.8133,24.8343,0.122572,-0.154355
0,62.5,34.1574,23.2445,-0.156698,0.258719
0,62.5,18.3551,25.5529,0.0306856,-0.0570276
0,62.5,34.2306,23.8029,-0.220451,0.22687
0,62.5,17.1528,25.3799,0.121651,-0.00165345
0,62.5,34.1986,23.5203,-0.208427,0.259948
0,62.5,17.2918,25.578,0.0562334,0.0478425
0,62.5,34.4525,23.8622,-0.194307,0.257161
0,62.5,18.0807,25.5288,0.0391064,-0.0142073
0,62.5,34.4751,24.1471,-0.222814,0.219764
0,62.5,15.978,24.7852,0.0365626,-0.0433002
0,62.5,34.675,23.9082,-0.149348,0.252162
0,62.5,16.6623,25.2972,0.162477,-0.170281
0,62.5,34.701,24.1868,-0.172864,0.196055
0,62.5,15.7288,25.2455,0.123417,0.0525304
0,62.5,34.7346,24.465,-0.169828,0.140833
0,62.5,15.9024,25.5074,0.183068,-0.0380029
0,62.5,34.9757,24.5334,-0.0629254,0.119508
0,62.5,15.0151,25.2509,0.0680362,0.0317361
0,62.5,34.5363,24.7061,-0.220221,0.0839959
0,62.5,15.3269,25.1223,0.072933,0.00979938
0,62.5,34.7751,24.7272,-0.112748,0.0461051
0,62.5,14.9432,25.4965,0.141965,0.0755141
0,62.5,34.6075,24.9713,-0.139183,-0.0579768
0,62.5,15.1622,25.5845,0.171798,0.0354547
0,62.5,34.9397,25.2425,-0.287229,0.114319
0,62.5,14.7012,25.574,0.145088,0.0333204
0,62.5,34.9972,25.4825,-0.15803,0.132497
0,62.5,13.7672,25.7765,0.210069,-0.0800803
0,62.5,34.4502,25.7595,-0.369136,0.0495941
0,62.5,1.58914,15.1192,-0.085214,0.270424
0,62.5,38.2987,16.4358,0.190697,0.833726
0,62.5,2.34208,16.3093,-0.120036,0.136081
0,62.5,38.0674,19.3647,-0.157995,0.47926
0,62.5,1.81726,15.8464,-0.0431908,0.3226
0,62.5,37.3212,18.8978,-0.121953,0.246635
0,62.5,2.09081,15.2065,-0.26342,0.149619
0,62.5,38.0025,18.3315,0.00854649,0.70892
0,62.5,6.21769,16.9723,-0.0263932,-0.428275
0,62.5,37.8425,18.6578,-0.104247,0.604659
0,62.5,8.26795,18.0783,-0.524594,-0.521371
0,62.5,38.2956,18.7911,-0.00450286,0.646502
0,62.5,8.82851,18.443,-0.453853,-0.474592
0,62.5,37.1649,20.145,0.0206986,0.240169
0,62.5,8.53329,18.162,-0.534095,-0.489969
0,62.5,36.3932,19.6336,0.0679143,-0.180449
0,62.5,5.89288,16.8381,0.000385677,-0.383728
0,62.5,35.9609,19.5232,0.0972468,0.01937
0,62.5,9.86119,18.8054,-0.506567,-0.279108
0,62.5,35.3801,18.9689,0.0026789,0.10504
0,62.5,9.11086,18.4706,-0.48487,-0.413104
0,62.5,35.422,18.6474,-0.0353625,0.0604375
0,62.5,7.3148,17.9286,-0.317945,-0.456074
0,62.5,34.9254,19.325,-0.0368091,-0.124292
0,62.5,10.2133,18.5353,-0.497652,-0.278858
0,62.5,34.6829,19.929,0.0646318,-0.0590439
0,62.5,11.4069,19.3544,-0.456834,-0.165646
0,62.5,34.7468,20.206,0.115458,-0.129582
0,62.5,9.36975,18.3993,-0.461919,-0.390401
0,62.5,34.6509,21.139,0.257861,0.0593668
0,62.5,13.9841,19.736,-0.324445,0.292148
0,62.5,34.86,20.9752,0.251829,0.0806089
0,62.5,11.1859,19.1884,-0.481254,-0.157208
0,62.5,34.6639,21.4126,0.10789,0.0396984
0,62.5,12.8194,19.6114,-0.315938,-0.107715
0,62.5,35.078,20.8114,0.120686,0.0149127
0,62.5,16.0342,20.029,-0.137223,0.337849
0,62.5,34.8833,21.2423,0.255243,0.0723951
0,62.5,15.3792,20.055,-0.175795,0.203027
0,62.5,34.905,21.5042,-0.0125228,0.102518
0,62.5,16.944,20.2848,-0.166429,0.351775
0,62.5,34.804,22.0302,0.0655436,0.22093
0,62.5,14.7584,19.837,-0.230268,0.150632
0,62.5,34.5815,22.0061,0.0230127,0.386204
0,62.5,17.3849,20.5885,-0.0138654,0.180432
0,62.5,34.8895,21.7966,-0.0776005,0.181171
0,62.5,14.1744,19.5471,-0.443668,0.13603
0,62.5,34.7112,22.5497,-0.108058,0.285365
0,62.5,16.7673,20.107,-0.198356,0.387878
0,62.5,34.9345,22.5885,-0.112309,0.339083
0,62.5,15.668,19.9086,-0.107223,0.207924
0,62.5,34.6398,22.281,0.00210606,0.261523
0,62.5,19.2019,20.6069,0.189918,0.0697304
0,62.5,35.1578,22.6614,-0.127714,0.351719
0,62.5,18.2793,20.4653,0.0476329,0.175124
0,62.5,35.0238,23.1656,-0.113973,0.339251
0,62.5,20.0331,21.3221,-0.0790595,0.0293389
0,62.5,35.2115,22.9394,-0.100251,0.294786
0,62.5,19.4432,20.7376,0.0906036,0.105411
0,62.5,35.2689,23.5384,-0.0856995,0.244009
0,62.5,19.5625,21.058,-0.0413189,0.0769564
0,62.5,35.2354,23.2442,-0.0877781,0.271411
0,62.5,20.5091,21.8109,0.0352817,-0.00674624
0,62.5,35.0835,23.7562,-0.11608,0.259077
0,62.5,19.7006,21.3972,-0.127519,0.109934
0,62.5,35.4543,23.3151,-0.060437,0.239285
0,62.5,20.2195,22.2732,0.0752941,-0.0675069
0,62.5,35.5248,23.8959,-0.074654,0.139271
0,62.5,18.6738,23.3631,0.103901,-0.116936
0,62.5,35.4882,23.6032,-0.0418114,0.187836
0,62.5,20.2811,22.8145,0.0824337,-0.13372
0,62.5,35.304,23.8302,-0.0882254,0.191828
0,62.5,17.1337,23.8041,-0.0657788,0.152208
0,62.5,35.5743,24.1892,-0.0607052,-0.00130753
0,62.5,18.9344,23.4274,-0.00983142,-0.0381989
0,62.5,34.8651,23.689,-0.134741,0.296529
0,62.5,17.9284,25.291,0.0825084,0.0308492
0,62.5,35.3487,24.1164,-0.0919573,0.172348
0,62.5,17.2586,25.1272,0.121028,-0.00497215
0,62.5,35.1201,24.0458,-0.102355,0.216518
0,62.5,17.6709,25.2963,0.0654469,0.0787558
0,62.5,35.1628,24.3181,-0.0842982,0.175827
0,62.5,19.163,25.1469,0.103544,-0.0571825
0,62.5,34.8971,23.9781,-0.123868,0.265694
0,62.5,16.1713,25.4208,0.148307,-0.114248
0,62.5,34.9267,24.2645,-0.13993,0.231428
0,62.5,16.4343,25.3884,0.159656,-0.152514
0,62.5,35.2512,24.8133,-0.0935332,0.115023
0,62.5,15.5132,25.3374,0.0747244,0.00491534
0,62.5,35.0064,24.8042,-0.113852,0.0777598
0,62.5,16.118,25.6694,0.168376,-0.0619483
0,62.5,35.2074,25.3459,-0.280106,-0.00997316
0,62.5,15.2501,25.3506,0.0689122,-0.00357974
0,62.5,34.8425,25.0077,-0.150535,0.0645401
0,62.5,16.577,25.8085,0.0141904,-0.126925
0,62.5,34.6914,25.7443,-0.470754,-0.109732
0,62.5,15.1153,25.8188,0.128066,0.0254963
0,62.5,34.8304,26.0076,-0.118885,-0.0614285
0,62.5,14.4293,26.0167,-0.000618839,-0.0163866
0,62.5,34.5833,25.9913,-0.0540182,0.0812428
0,62.5,3.74345,16.3096,0.0970368,0.0284756
0,62.5,38.5151,16.7809,-0.0216853,0.862085
0,62.5,1.37886,15.0223,0.0721462,0.0968869
0,62.5,37.8329,19.2111,-0.128536,0.317204
0,62.5,5.01266,16.4945,0.166203,-0.277349
0,62.5,34.2078,16.7098,-0.315704,-0.26305
0,62.5,3.55773,16.4379,0.0417002,0.028073
0,62.5,36.7973,21.2427,-0.186674,0.20021
0,62.5,3.6731,15.8439,0.122971,0.137811
0,62.5,37.627,19.56,-0.222083,0.316548
0,62.5,4.82833,16.4358,0.21348,-0.198799
0,62.5,37.8247,19.4878,-0.181496,0.361725
0,62.5,7.49235,17.7248,-0.293149,-0.488403
0,62.5,37.348,19.9797,-0.00882283,0.316079
0,62.5,6.62502,17.4072,-0.0953935,-0.460912
0,62.5,37.7966,18.9002,0.0645514,0.667367
0,62.5,8.07774,17.5572,-0.376558,-0.529319
0,62.5,36.5873,19.3713,-0.0437591,-0.186691
0,62.5,8.41336,17.8861,-0.445973,-0.505393
0,62.5,37.0175,19.9344,0.0844287,0.172769
0,62.5,8.80111,18.2193,-0.531031,-0.471943
0,62.5,36.6171,19.669,0.0343427,-0.126003
0,62.5,9.0909,18.2379,-0.499279,-0.391162
0,62.5,35.5733,19.0986,0.0135382,0.0952924
0,62.5,10.052,18.3708,-0.438257,-0.317851
0,62.5,35.7437,19.371,0.0267339,0.116318
0,62.5,10.5289,19.0178,-0.460368,-0.276384
0,62.5,34.9214,19.9608,0.0965915,-0.076714
0,62.5,10.9068,18.8477,-0.501336,-0.222035
0,62.5,35.0979,19.4488,-0.116,0.0336234
0,62.5,13.3156,19.6518,-0.35075,0.003237
0,62.5,34.717,20.4924,0.335075,-0.132672
0,62.5,13.0604,19.6151,-0.328536,-0.0685537
0,62.5,35.0355,20.5489,0.155626,-0.0741062
0,62.5,12.5129,19.4714,-0.411207,-0.0797787
0,62.5,34.9375,20.3193,0.224654,-0.121122
0,62.5,11.5901,18.9312,-0.49102,-0.0932498
0,62.5,35.3236,20.8841,0.0472102,0.0757694
0,62.5,11.3306,19.0135,-0.462472,-0.124554
0,62.5,35.1038,21.068,0.2391,0.109346
0,62.5,11.984,19.0194,-0.425432,-0.203198
0,62.5,35.1265,21.5844,-0.0917229,0.118187
0,62.5,14.5185,19.7284,-0.304565,0.268608
0,62.5,35.1337,21.3217,0.183653,0.129277
0,62.5,13.8679,19.5337,-0.312753,0.262335
0,62.5,35.0496,22.092,-0.0313169,0.239579
0,62.5,16.4248,19.8245,-0.0698793,0.231612
0,62.5,34.8763,22.3008,-0.0299903,0.292725
0,62.5,17.405,20.2891,0.0197184,0.205311
0,62.5,35.2888,22.1803,-0.0965242,0.265801
0,62.5,15.0246,19.8455,-0.326821,0.147602
0,62.5,35.1061,22.3684,-0.110097,0.32996
0,62.5,17.6037,20.4576,0.0301772,0.249304
0,62.5,35.6425,23.0884,-0.079368,0.206565
0,62.5,17.9815,20.4459,0.0156086,0.268535
0,62.5,35.3948,22.7204,-0.0788424,0.274836
0,62.5,19.7808,20.9499,0.00917517,0.0903799
0,62.5,35.8665,23.1474,-0.0581003,0.122961
0,62.5,20.0684,21.0611,-0.0304619,0.0338488
0,62.5,35.4205,23.025,-0.0821847,0.242957
0,62.5,20.0957,21.5283,-0.0585866,0.0451865
0,62.5,36.1793,23.7466,0.19183,-0.172261
0,62.5,20.8491,22.1404,0.0971766,-0.0183717
0,62.5,35.8929,23.4362,0.0216647,0.0430673
0,62.5,20.309,21.6573,-0.0170171,0.0353375
0,62.5,36.6812,23.6289,-0.0493811,0.0987934
0,62.5,20.6343,21.9846,0.0719149,-0.0195618
0,62.5,35.7055,23.6684,-0.00237401,0.14924
0,62.5,19.7875,23.2252,0.0918157,-0.0850873
0,62.5,35.9306,23.7105,0.109311,-0.082993
0,62.5,20.7792,22.3716,0.16116,0.00251249
0,62.5,35.7458,23.9575,0.0458826,-0.0480257
0,62.5,18.6144,22.7089,-0.0188826,-0.161947
0,62.5,35.8172,24.2126,-0.0117949,-0.188304
0,62.5,20.0498,22.9085,0.123831,-0.129656
0,62.5,35.6811,24.4477,-0.102053,-0.140099
0,62.5,18.4839,25.3445,0.0978752,-0.0602043
0,62.5,35.7303,24.7845,-0.0307511,0.199732
0,62.5,19.2631,24.9158,0.105845,-0.133759
0,62.5,35.4131,24.4008,-0.0627998,0.148841
0,62.5,18.2021,25.3165,0.0910736,-0.0263282
0,62.5,35.5114,24.6286,0.0463597,0.0649352
0,62.5,18.9201,25.5764,0.010977,-0.021707
0,62.5,35.2214,24.5755,-0.0137365,0.159126
0,62.5,18.2235,25.7683,0.0474242,-0.0284842
0,62.5,35.477,24.88,-0.0479823,0.00194533
0,62.5,16.8609,25.4584,0.128718,-0.105949
0,62.5,35.3338,25.1141,-0.165269,-0.0738221
0,62.5,16.6551,25.5841,0.102504,-0.143703
0,62.5,35.1133,25.0592,-0.242497,0.117216
0,62.5,16.2748,25.8659,0.0895358,-0.0385564
0,62.5,35.3851,25.4932,-0.368944,0.00830208
0,62.5,15.6601,25.7942,0.158324,-0.0273034
0,62.5,34.9405,25.7642,-0.461277,0.0161744
0,62.5,15.4249,25.5802,0.16034,-0.00460878
0,62.5,35.0744,25.9878,-0.127116,0.0443671
0,62.5,15.5598,26.0246,0.143723,0.00600801
0,62.5,35.5483,26.0084,-0.24636,-0.00579629
0,62.5,14.3131,25.7824,0.122884,-0.0967213
0,62.5,35.297,25.9965,-0.168574,-0.0473288
0,62.5,1.98106,15.9913,-0.0825357,0.499661
0,62.5,36.114,15.8964,-0.152128,0.211749
0,62.5,2.07896,15.6968,-0.273787,0.228136
0,62.5,35.9457,19.8249,0.111091,0.00929527
0,62.5,2.54318,16.5077,-0.108616,-0.0141969
0,62.5,37.5316,21.5041,-0.0319677,0.172504
0,62.5,3.95387,16.0386,0.126263,0.0510149
0,62.5,35.8614,20.2191,0.164183,0.0523619
0,62.5,7.09656,17.5723,-0.297458,-0.524087
0,62.5,37.5945,20.4167,0.00846735,0.544466
0,62.5,6.40824,17.0297,-0.0286808,-0.412171
0,62.5,38.0382,18.1025,0.0232949,0.697613
0,62.5,8.67041,17.9646,-0.454148,-0.456204
0,62.5,37.5705,19.8594,0.0224539,0.517808
0,62.5,8.95418,18.025,-0.445649,-0.438393
0,62.5,37.1904,19.7702,0.017785,0.212046
0,62.5,9.6148,18.4836,-0.467109,-0.327219
0,62.5,37.3584,20.2817,-0.0187279,0.487645
0,62.5,9.99602,18.0778,-0.437015,-0.275188
0,62.5,36.6542,19.9826,0.0750299,-0.0765488
0,62.5,10.4265,18.7177,-0.453572,-0.293519
0,62.5,36.1539,19.6583,0.11123,-0.0396548
0,62.5,10.4362,18.4514,-0.483412,-0.264716
0,62.5,35.3398,19.5222,-0.0767402,0.0512983
0,62.5,10.38,18.1692,-0.470821,-0.230303
0,62.5,35.1521,19.7086,-0.0343119,0.071155
0,62.5,10.5713,18.2166,-0.405756,-0.191861
0,62.5,35.2797,19.2453,-0.0390578,0.10433
0,62.5,10.6667,18.5614,-0.419911,-0.30695
0,62.5,35.3632,20.1379,0.178996,0.0725976
0,62.5,10.2067,18.1601,-0.425005,-0.342823
0,62.5,34.9118,19.715,-0.036946,-0.0894143
0,62.5,11.1431,18.8645,-0.469664,-0.142403
0,62.5,35.0925,20.0924,0.146042,-0.0252932
0,62.5,11.4499,18.7551,-0.483298,-0.143811
0,62.5,35.2057,20.3372,0.248931,0.020391
0,62.5,12.7758,19.1125,-0.374372,-0.0106941
0,62.5,35.3563,21.1484,0.239802,0.122227
0,62.5,13.0208,19.3422,-0.444326,-0.138168
0,62.5,35.3729,21.4116,0.0848894,0.150363
0,62.5,12.5542,19.237,-0.503309,-0.113346
0,62.5,35.1239,21.8474,-0.0860946,0.150509
0,62.5,15.2996,19.8409,-0.281618,0.233657
0,62.5,35.6051,22.8025,-0.0804163,0.197597
0,62.5,13.3785,19.1476,-0.261013,0.202074
0,62.5,35.8318,22.8682,-0.0892199,0.158295
0,62.5,14.8664,19.5892,-0.277457,0.0446377
0,62.5,36.088,23.2248,0.02556,-0.0272601
0,62.5,16.8918,19.9001,-0.0809452,0.488111
0,62.5,35.6756,23.3753,-0.0295052,0.1967
0,62.5,15.8405,19.7966,-0.114597,0.246383
0,62.5,36.3296,23.2989,0.109738,-0.0656888
0,62.5,17.9442,20.2116,0.00913559,0.312574
0,62.5,36.1307,23.4928,0.103613,-0.10669
0,62.5,19.6896,20.7324,0.0583237,0.0846206
0,62.5,36.5695,23.3979,0.214491,-0.114802
0,62.5,19.5324,20.5041,0.201237,0.0757874
0,62.5,36.3787,23.567,0.207165,-0.142626
0,62.5,17.2686,19.9306,-0.0696563,0.414903
0,62.5,36.7557,23.2363,0.171451,-0.0924811
0,62.5,20.015,20.8236,0.0642426,0.118535
0,62.5,36.4876,23.7926,-0.074843,0.070634
0,62.5,18.8949,20.5339,0.160172,0.100808
0,62.5,36.8568,23.7809,-0.0919205,0.149727
0,62.5,20.292,21.2053,-0.0721784,0.0699257
0,62.5,36.6398,23.9665,-0.153029,0.127082
0,62.5,20.5014,22.4537,0.210082,0.00835599
0,62.5,36.1178,24.1523,-0.17021,0.107783
0,62.5,20.075,22.6334,0.134063,-0.185749
0,62.5,36.4282,24.1535,-0.118769,0.0396568
0,62.5,20.8423,21.4303,0.127151,0.0531169
0,62.5,36.2927,23.9572,-0.147248,0.0705329
0,62.5,19.7553,23.4724,0.00283486,-0.124702
0,62.5,36.2732,24.3567,-0.157246,0.0309465
0,62.5,18.9844,23.2183,0.0837084,-0.0325118
0,62.5,35.9864,23.9635,0.121776,-0.175909
0,62.5,19.4377,25.1264,0.0200144,-0.082713
0,62.5,35.9859,24.3763,-0.18589,0.10423
0,62.5,18.6017,25.1325,0.158572,-0.0526488
0,62.5,35.8741,24.6057,-0.25033,0.0119093
0,62.5,18.639,25.5652,0.0190234,-0.0354092
0,62.5,35.9058,24.9948,-0.0739908,0.218685
0,62.5,19.9572,25.048,-0.04112,-0.120282
0,62.5,35.6514,25.047,-0.128881,0.154818
0,62.5,17.5553,25.5411,0.0554727,0.0863003
0,62.5,36.0504,24.8165,-0.217841,0.00298418
0,62.5,17.8174,25.5265,0.0487759,0.0594225
0,62.5,35.8072,25.2477,-0.273685,0.197238
0,62.5,15.6835,25.5492,0.171041,-0.0194174
0,62.5,35.5137,25.2709,-0.309111,0.0388829
0,62.5,16.3858,25.6231,0.113618,-0.142458
0,62.5,35.6693,25.4687,-0.336621,0.0872552
0,62.5,15.92,25.7932,0.158288,-0.0409617
0,62.5,35.1545,25.6698,-0.359735,0.220265
0,62.5,16.8528,25.802,-0.0408115,-0.0830534
0,62.5,35.3688,25.7604,-0.228043,-0.131481
0,62.5,14.9615,26.0133,0.0741524,0.0162025
0,62.5,35.97,26.0147,-0.221955,-0.0104087
0,62.5,14.7059,26.0101,0.0310325,0.0258484
0,62.5,35.7542,25.9474,-0.218645,0.0315233
0,62.5,2.08693,16.5131,-0.136876,0.235261
0,62.5,38.528,21.5469,-0.0646795,0.408026
0,62.5,2.15885,16.8153,-0.0852473,0.231664
0,62.5,37.5659,20.1336,-0.112902,0.533314
0,62.5,7.36485,17.5565,-0.386109,-0.420092
0,62.5,37.7925,20.0539,-0.0695612,0.432333
0,62.5,6.93006,17.2388,-0.0181046,-0.479178
0,62.5,37.2873,20.8214,-0.0206725,0.351754
0,62.5,7.7551,17.7443,-0.392929,-0.570065
0,62.5,36.9845,20.3256,-0.00703397,0.147156
0,62.5,9.29189,18.1317,-0.482547,-0.38117
0,62.5,38.0322,19.0964,0.124625,0.544122
0,62.5,9.0765,17.8095,-0.446595,-0.412989
0,62.5,36.8213,19.766,0.0266428,0.0601367
0,62.5,7.92983,17.5231,-0.40639,-0.520623
0,62.5,37.3821,20.5534,0.00502135,0.461201
0,62.5,9.55723,18.2109,-0.483085,-0.335172
0,62.5,35.7412,19.6424,0.0578451,0.0767459
0,62.5,9.23311,17.8623,-0.427464,-0.37577
0,62.5,35.5195,19.3361,-0.0207984,0.0677472
0,62.5,9.80516,18.2984,-0.465663,-0.306657
0,62.5,35.522,19.6603,0.0141698,-0.00769116
0,62.5,9.83802,18.0242,-0.471057,-0.275299
0,62.5,36.4399,19.9098,0.0773848,-0.130451
0,62.5,11.1024,18.3944,-0.391659,-0.197156
0,62.5,35.4537,20.4069,0.214961,0.155582
0,62.5,10.7373,18.3017,-0.411915,-0.264447
0,62.5,35.5587,20.9702,0.0805869,0.129721
0,62.5,12.2188,19.0675,-0.378545,-0.210243
0,62.5,35.2627,19.8912,0.10928,0.0377627
0,62.5,12.5361,18.8099,-0.29817,-0.128423
0,62.5,35.5982,21.2411,0.178943,0.190381
0,62.5,11.8203,18.852,-0.510774,-0.13438
0,62.5,35.5834,22.0229,-0.0711612,0.218232
0,62.5,12.7981,19.3798,-0.47128,-0.0728524
0,62.5,35.512,20.6894,0.113322,0.13911
0,62.5,12.8686,18.9192,-0.357177,0.0089364
0,62.5,35.283,20.6106,0.11088,0.0525961
0,62.5,17.8332,19.9688,-0.086787,0.32841
0,62.5,35.3612,21.6652,-0.152826,0.146322
0,62.5,14.2933,19.4262,-0.298213,0.282499
0,62.5,35.3413,22.4581,-0.157766,0.318146
0,62.5,16.6313,19.8808,-0.195613,0.392714
0,62.5,36.0322,22.662,-0.148693,0.0757673
0,62.5,15.0687,19.596,-0.328859,0.202545
0,62.5,35.5962,22.503,-0.147292,0.136729
0,62.5,13.543,19.4401,-0.392473,0.25399
0,62.5,36.2838,23.0305,-0.00693268,-0.00766767
0,62.5,19.131,20.1381,-0.0123006,0.0264367
0,62.5,36.5255,23.1171,0.0634639,-0.0515462
0,62.5,17.6678,19.978,-0.00659072,0.286157
0,62.5,36.7157,22.9341,-0.0372076,-0.0452328
0,62.5,17.1623,20.1777,-0.110391,0.369743
0,62.5,36.4841,22.8442,-0.0620985,-0.038636
0,62.5,20.5533,20.8384,0.307784,0.231093
0,62.5,36.8767,23.47,-0.013772,0.129983
0,62.5,16.2142,19.819,-0.100805,0.388546
0,62.5,37.0868,23.6162,-0.0844769,0.160373
0,62.5,15.3521,19.6312,-0.234064,0.268844
0,62.5,37.3002,23.3297,-0.0482109,0.420596
0,62.5,20.5565,21.0873,0.0310936,0.189193
0,62.5,37.5024,23.7464,-0.0921752,0.365568
0,62.5,17.0895,19.9193,-0.176186,0.373047
0,62.5,37.0895,23.875,-0.150692,0.208931
0,62.5,20.7971,23.7287,0.0397364,0.101477
0,62.5,36.8698,24.0462,-0.202318,0.162445
0,62.5,17.6887,20.2534,-0.0078149,0.251423
0,62.5,37.1243,24.1398,-0.142068,0.167905
0,62.5,20.7935,21.6815,0.0329807,-0.0642369
0,62.5,36.6409,24.2374,-0.190832,0.218634
0,62.5,20.314,20.9536,0.131804,0.11725
0,62.5,36.7006,24.4787,-0.202069,0.181501
0,62.5,20.5837,21.5631,-0.00965265,0.00610988
0,62.5,36.4575,24.4891,-0.256878,0.123983
0,62.5,20.5188,22.9946,0.0899249,0.0187279
0,62.5,36.3227,24.7531,-0.185931,0.107761
0,62.5,19.518,23.0464,0.253308,-0.107669
0,62.5,36.6975,24.9957,-0.180851,0.0470845
0,62.5,19.7899,22.9935,0.136555,-0.149229
0,62.5,36.1529,24.5819,-0.184004,0.0624866
0,62.5,19.9302,24.6114,0.0385602,-0.188152
0,62.5,36.4617,24.9879,-0.185614,0.180064
0,62.5,19.379,24.6829,0.128388,-0.123471
0,62.5,36.2211,25.0151,-0.219313,0.0233877
0,62.5,18.7676,25.3499,0.0844512,-0.0222345
0,62.5,36.0718,25.2074,-0.174914,0.125375
0,62.5,19.703,25.0982,-0.030341,-0.0617822
0,62.5,35.9493,25.4543,-0.219881,0.0997562
0,62.5,18.4957,25.7788,-0.0027918,-0.0393756
0,62.5,35.8409,25.6979,-0.188026,0.027309
0,62.5,19.2128,25.5742,-0.00968969,-0.00894469
0,62.5,36.0665,25.7049,-0.17152,0.0496037
0,62.5,17.0233,25.6356,0.0498318,-0.026717
0,62.5,35.5941,25.7008,-0.193336,0.0580596
0,62.5,16.7451,26.0136,-0.0412842,-0.0238508
0,62.5,36.3086,25.6645,-0.207423,0.0122652
0,62.5,15.8426,26.0108,0.113691,-0.0256414
0,62.5,36.3804,26.0111,-0.164806,-0.00635483
0,62.5,14.8654,25.766,0.104901,0.0607225
0,62.5,36.1819,25.9336,-0.188958,0.0682557
0,62.5,3.31155,15.6559,-0.070483,0.314451
0,62.5,38.289,19.5809,-0.171794,0.459267
0,62.5,4.04209,16.5733,0.139191,-0.108441
0,62.5,37.1203,21.3248,-0.182074,0.258088
0,62.5,5.1659,16.5989,0.236013,-0.290085
0,62.5,37.1838,21.054,-0.181779,0.244283
0,62.5,6.75874,17.1695,-0.0391738,-0.481108
0,62.5,36.9671,21.0762,-0.161279,0.245839
0,62.5,8.85427,17.7511,-0.429969,-0.428044
0,62.5,37.0788,20.7265,-0.0261337,0.18132
0,62.5,3.73712,16.0724,0.0281749,0.0321414
0,62.5,36.723,20.3522,0.0226662,0.0449682
0,62.5,9.45165,17.9244,-0.445751,-0.354351
0,62.5,35.6123,20.1541,0.130371,0.0241102
0,62.5,10.9597,18.3287,-0.39644,-0.19545
0,62.5,35.7624,19.9422,0.117574,0.0473174
0,62.5,11.7277,18.5925,-0.453717,-0.0998199
0,62.5,35.7436,20.6776,0.081135,0.0066752
0,62.5,11.9514,18.6312,-0.450138,-0.0888881
0,62.5,35.511,19.8975,0.096098,0.00329586
0,62.5,14.6764,19.5214,-0.285997,0.245786
0,62.5,35.8209,21.9516,-0.056867,0.0815083
0,62.5,13.5299,19.1956,-0.269881,0.186923
0,62.5,35.6838,20.4157,0.189696,0.027008
0,62.5,13.927,19.3019,-0.386005,0.230824
0,62.5,36.3307,22.0021,-0.2691,0.131607
0,62.5,20.6899,19.9873,0.287053,0.236998
0,62.5,35.5762,21.761,-0.279204,0.317062
0,62.5,19.3647,19.972,0.174648,0.221668
0,62.5,35.7874,22.2144,-0.127583,0.0733839
0,62.5,19.2715,23.7921,0.0952678,-0.0388971
0,62.5,36.8095,22.11,-0.199739,0.0787637
0,62.5,19.223,19.966,0.193956,0.295242
0,62.5,35.9284,22.3644,-0.201636,0.139061
0,62.5,17.8302,23.1293,-0.0365731,0.014668
0,62.5,35.5346,22.2695,-0.167793,0.213673
0,62.5,19.6723,24.4155,-0.0289135,-0.153665
0,62.5,35.3439,21.9443,-0.176069,0.252779
0,62.5,17.7185,22.9101,-0.132881,0.064123
0,62.5,35.7994,22.5881,-0.160023,0.151907
0,62.5,19.7956,23.9383,0.082552,-0.185862
0,62.5,36.3948,22.2485,-0.269295,0.163003
0,62.5,19.5225,23.7313,0.137647,-0.147906
0,62.5,36.6239,22.3172,-0.175132,0.0515344
0,62.5,18.1455,24.4059,0.0942962,0.0842921
0,62.5,36.0618,22.9365,-0.0613416,0.0445283
0,62.5,19.5263,23.279,0.0394626,-0.0778589
0,62.5,36.6212,22.627,0.0727764,0.0472039
0,62.5,20.2858,23.8024,0.114003,-0.113711
0,62.5,36.4161,22.5191,-0.00692897,0.10665
0,62.5,18.4227,20.0381,0.088681,0.012663
0,62.5,36.9253,23.069,0.100736,-0.116764
0,62.5,21.0559,22.7511,0.0857564,0.0604216
0,62.5,37.0493,22.8366,0.107509,0.0855783
0,62.5,20.6229,21.2979,0.0323706,0.117841
0,62.5,37.0577,23.3269,-0.092169,0.0500673
0,62.5,17.9927,23.8884,-0.0267584,-0.105877
0,62.5,37.4754,23.1578,-0.109585,0.330763
0,62.5,18.8215,19.9793,-0.0975879,0.242429
0,62.5,37.526,23.4508,-0.00113291,0.367794
0,62.5,20.2194,24.5784,0.0310817,-0.193708
0,62.5,37.7908,23.8623,-0.0911895,0.337105
0,62.5,19.0627,24.1525,-0.0598026,-0.219255
0,62.5,37.3193,23.9107,-0.139827,0.321289
0,62.5,18.8241,23.0455,-0.0728239,0.0251521
0,62.5,37.8153,24.1213,-0.0303707,0.253892
0,62.5,18.6453,20.4252,0.0620307,0.141839
0,62.5,37.8335,24.3856,-0.0658598,0.239712
0,62.5,18.1414,23.471,0.0772804,-0.10021
0,62.5,37.3667,24.1723,-0.107667,0.325973
0,62.5,17.6382,23.6895,-0.0529824,-0.0850525
0,62.5,36.9029,24.2931,-0.188802,0.115356
0,62.5,20.366,21.4105,-0.0561207,0.0381643
0,62.5,36.5633,24.7259,-0.203647,0.134621
0,62.5,20.4768,22.7019,0.166583,0.0167249
0,62.5,36.8074,24.7462,-0.168898,0.070331
0,62.5,19.4772,23.5054,-0.0244847,-0.0734708
0,62.5,36.7535,25.4812,-0.144994,0.192196
0,62.5,21.2132,20.4229,0.378339,0.129748
0,62.5,36.9927,25.4844,-0.185714,0.0552232
0,62.5,20.4648,24.5307,0.0755668,0.0835394
0,62.5,36.6062,25.2521,-0.107598,0.130827
0,62.5,20.9265,24.4139,0.0830567,0.216713
0,62.5,36.3585,25.2488,-0.144709,0.047579
0,62.5,19.6049,25.3405,-0.0371251,-0.0238642
0,62.5,36.7499,25.7251,-0.174577,0.206371
0,62.5,18.8796,26.0098,0.0123156,0.0506552
0,62.5,36.2022,25.4354,-0.165341,0.0290795
0,62.5,19.3631,25.7797,-0.057776,0.0199293
0,62.5,36.4976,25.4866,-0.127532,0.0565396
0,62.5,17.7065,25.7686,0.0384172,0.0625805
0,62.5,36.5192,25.7613,-0.218458,0.0354225
0,62.5,18.6159,26.0089,0.0303535,-0.0878777
0,62.5,36.6311,25.999,-0.155202,0.0647226
0,62.5,17.4446,25.7823,-0.00724607,0.0739815
0,62.5,37.1102,25.9958,-0.0665362,0.0249456
0,62.5,17.3323,26.0205,-0.0659332,0.0288847
0,62.5,36.8656,26.0019,-0.0768902,0.0294749
0,62.5,15.2671,26.0297,0.12861,-0.0121233
0,62.5,37.3319,25.9927,-0.0665977,-0.00232749
0,62.5,3.19792,16.0747,-0.0186213,0.155822
0,62.5,37.7515,21.6735,-0.0476959,0.328189
0,62.5,12.4548,19.0219,-0.306495,-0.178833
0,62.5,37.6312,21.2747,-0.142133,0.230918
0,62.5,2.27416,15.1819,-0.303031,0.433883
0,62.5,36.4807,21.1079,0.032874,0.192588
0,62.5,11.3765,18.463,-0.479553,-0.138414
0,62.5,36.7823,15.9965,0.0427768,0.261533
0,62.5,8.68999,17.7038,-0.438582,-0.46721
0,62.5,36.8459,20.1053,0.0499461,0.0731638
0,62.5,11.5728,18.516,-0.469913,-0.0883058
0,62.5,36.0454,20.0945,0.125915,-0.0142884
0,62.5,13.0077,18.9805,-0.282883,0.0354353
0,62.5,35.6183,21.4907,-0.00485214,0.209861
0,62.5,18.2192,20.2577,0.111987,0.151357
0,62.5,36.0017,20.7176,0.0890237,0.0233445
0,62.5,19.0408,20.3575,0.211369,0.115942
0,62.5,35.8817,21.4437,0.0461328,0.132432
0,62.5,18.7096,19.9763,-0.0806841,0.288874
0,62.5,36.0759,21.2721,-0.0223422,-0.0519951
0,62.5,20.2105,24.0607,0.187274,-0.0617823
0,62.5,36.0428,21.9966,-0.0664672,-0.0177635
0,62.5,19.1846,24.3539,0.0571895,-0.234953
0,62.5,36.1377,22.205,-0.296907,0.189278
0,62.5,20.463,24.0038,0.129205,0.0355968
0,62.5,37.2242,22.1155,0.00684432,0.217783
0,62.5,17.6406,24.329,0.174958,0.0199332
0,62.5,37.0053,22.2504,-0.145714,0.0160051
0,62.5,17.8904,24.3953,0.110055,-0.0050647
0,62.5,36.5842,21.7953,-0.211849,0.179523
0,62.5,17.5378,24.0897,0.139929,-0.00352764
0,62.5,37.4781,22.3901,-0.0198715,0.389377
0,62.5,17.8203,24.1378,0.0765138,-0.0861126
0,62.5,37.2646,22.3636,-0.0655319,0.0828033
0,62.5,19.0247,23.8942,-0.0203616,-0.105184
0,62.5,36.5912,22.0371,-0.289255,0.161787
0,62.5,18.0762,23.0123,-0.0824873,-0.0732149
0,62.5,37.0538,22.5169,-0.0840324,0.00916633
0,62.5,18.177,23.7034,-0.0679311,-0.0815932
0,62.5,36.1816,22.4588,-0.0886954,0.11394
0,62.5,18.0413,23.2642,0.0442235,-0.0640702
0,62.5,36.8183,22.442,-0.0847268,0.0162258
0,62.5,18.8508,22.8066,-0.0335257,0.058604
0,62.5,37.6189,22.1971,-0.200703,0.414232
0,62.5,18.549,24.6985,0.191905,-0.00221049
0,62.5,37.2405,22.6638,0.00394032,-0.0480235
0,62.5,14.4898,19.4654,-0.359782,0.271727
0,62.5,36.2643,22.7427,-0.110402,0.0186931
0,62.5,20.0614,23.6109,0.159241,-0.0928664
0,62.5,36.8529,22.7198,0.0904123,0.0468387
0,62.5,16.8342,24.3257,0.0619863,-0.0453385
0,62.5,37.1757,23.0879,0.155294,0.313035
0,62.5,18.3124,23.1039,-0.0713825,-0.122444
0,62.5,37.3319,22.9112,-0.14854,0.0484087
0,62.5,1.45293,15.7279,-0.0693316,0.731105
0,62.5,37.3015,23.5991,-0.0914197,0.366063
0,62.5,17.859,24.8361,0.0915458,0.0811368
0,62.5,37.5754,22.9233,-0.150023,0.425066
0,62.5,18.709,24.9234,0.185311,-0.048631
0,62.5,37.7179,23.6231,-0.0671761,0.3582
0,62.5,17.2896,24.6391,0.116195,-0.0362158
0,62.5,38.0065,23.6927,-0.032258,0.272955
0,62.5,18.5761,24.2434,0.014107,-0.0027854
0,62.5,38.034,23.9566,0.0168562,0.137288
0,62.5,18.9971,24.9126,0.159545,-0.0689071
0,62.5,38.0554,24.2308,-0.0531674,0.124118
0,62.5,18.839,24.7139,0.188944,-0.0904944
0,62.5,38.058,24.5159,-0.0651133,0.126477
0,62.5,2.21819,15.9093,-0.167307,0.0812607
0,62.5,37.5941,24.2721,-0.0631475,0.285811
0,62.5,18.9716,23.6695,-0.0947754,0.00864714
0,62.5,37.1587,24.3957,-0.123474,0.140586
0,62.5,17.8362,23.4304,-0.0443366,-0.0813236
0,62.5,36.9598,24.5528,-0.147049,0.0508844
0,62.5,20.6322,23.4955,0.0501326,0.0293697
0,62.5,37.1287,24.7174,-0.2219,0.14578
0,62.5,19.2962,20.3917,0.185109,0.0408686
0,62.5,36.8553,25.2206,-0.173527,0.0812404
0,62.5,19.7103,20.3561,0.237178,0.146345
0,62.5,37.3764,24.4532,-0.115661,0.283981
0,62.5,20.8086,24.1739,0.0697499,0.223302
0,62.5,36.9451,24.9518,-0.18166,0.109912
0,62.5,19.8684,25.3131,-0.055021,-0.0965703
0,62.5,37.0841,25.2327,-0.17153,0.116676
0,62.5,21.5124,22.4504,0.0873828,0.135275
0,62.5,37.2538,25.4372,-0.119112,0.0907484
0,62.5,19.5024,25.5753,-0.045816,0.025804
0,62.5,37.2037,25.682,-0.112787,0.0554006
0,62.5,17.8524,26.0034,0.0414262,0.0607133
0,62.5,36.9883,25.756,-0.111013,0.0287549
0,62.5,18.7754,25.7868,0.00785928,-0.0245441
0,62.5,37.5746,25.2868,-0.065471,0.0667092
0,62.5,17.9637,25.7599,0.0539088,0.0437207
0,62.5,37.4956,25.5141,-0.0728211,0.040407
0,62.5,17.5985,26.0101,-0.00780992,0.00346501
0,62.5,37.7689,25.4845,-0.0398429,0.0442465
0,62.5,17.1699,25.8345,-0.0562236,0.0166578
0,62.5,37.4285,25.7606,-0.0822712,-0.00404612
0,62.5,16.1129,26.0294,0.0882628,-0.00980705
0,62.5,37.5817,26.0067,-0.0727759,-0.000998397
0,62.5,8.14263,17.8187,-0.450177,-0.490865
0,62.5,36.3253,21.337,-0.0020244,-0.0040448
0,62.5,9.62516,17.9683,-0.448527,-0.326798
0,62.5,33.8356,17.1551,-0.114855,-0.349664
0,62.5,11.2057,18.6312,-0.480787,-0.123032
0,62.5,37.2797,21.5457,-0.111517,0.310029
0,62.5,12.1372,18.7516,-0.379729,-0.0974127
0,62.5,36.2482,21.0558,0.0388166,0.0340994
0,62.5,13.7706,19.2776,-0.315691,0.163819
0,62.5,36.6367,20.6952,0.0315225,-0.0407442
0,62.5,19.7292,24.1872,0.0882885,-0.163443
0,62.5,35.7863,20.9308,0.0211701,0.0281301
0,62.5,18.6822,24.4952,0.150672,-0.0558974
0,62.5,36.8357,21.8106,-0.128486,0.316742
0,62.5,17.7204,24.6085,0.174566,0.059343
0,62.5,36.1468,21.5273,-0.0708859,-0.00355493
0,62.5,17.4369,23.8769,0.0363433,0.00679506
0,62.5,36.0245,20.9895,0.0201379,-0.0859273
0,62.5,18.5337,22.9212,-0.00357222,-0.177613
0,62.5,36.0514,21.7435,-0.230562,-0.0687192
0,62.5,17.5396,23.4763,-0.207256,0.0262019
0,62.5,36.6878,20.9974,-0.0351547,0.079935
0,62.5,18.0609,24.1528,0.0119061,0.0322485
0,62.5,37.4929,21.7548,-0.0492298,0.129041
0,62.5,18.4475,23.7721,-0.141861,-0.0230536
0,62.5,35.8094,21.6781,-0.289116,0.136095
0,62.5,17.9021,23.6413,-0.0360737,-0.162786
0,62.5,35.8283,21.1932,0.0954503,0.0754208
0,62.5,17.167,24.4027,0.146304,-0.0268193
0,62.5,36.4327,21.5674,-0.185327,0.158954
0,62.5,16.0156,19.7718,-0.133919,0.338423
0,62.5,37.8778,22.1213,-0.219932,0.373655
0,62.5,6.5732,17.0912,0.00272569,-0.476848
0,62.5,38.2956,21.9227,-0.0828808,0.423492
0,62.5,26.4505,19.2159,0.199064,0.0805314
0,62.5,38.5156,21.8428,0.0366263,0.361857
0,62.5,3.45207,16.0414,0.0278278,0.124984
0,62.5,37.938,21.8611,-0.165731,0.385366
0,62.5,2.15174,17.9077,0.00266277,0.193133
0,62.5,37.6829,21.9331,-0.156597,0.3431
0,62.5,1.64421,16.4704,0.0171114,0.572898
0,62.5,38.0024,22.5471,0.158709,0.26326
0,62.5,2.09385,18.613,-0.157677,0.461478
0,62.5,37.8174,22.3634,0.0142028,0.292789
0,62.5,1.24861,17.9863,0.0766647,0.609229
0,62.5,38.1256,22.054,-0.141232,0.330756
0,62.5,1.45265,20.1525,-0.142955,0.689114
0,62.5,37.7781,22.7942,-0.144481,0.296183
0,62.5,37.9112,16.1253,0.142134,0.570601
0,62.5,37.4751,22.6525,0.062571,0.347216
0,62.5,1.86226,15.2702,-0.19729,0.282247
0,62.5,38.02,22.7824,-0.153737,0.214505
0,62.5,3.10189,15.6955,-0.0277918,0.128991
0,62.5,38.0361,23.0282,-0.0447406,0.184095
0,62.5,3.62468,17.6821,-0.0725361,-0.102243
0,62.5,37.6947,22.569,0.104024,0.258704
0,62.5,1.23774,20.8946,-0.0142505,0.457523
0,62.5,37.7897,23.0699,-0.0946219,0.244048
0,62.5,1.44251,20.7235,0.0921609,0.667059
0,62.5,38.0105,23.274,-0.266555,0.207298
0,62.5,4.45819,20.0046,-0.0401342,0.0306292
0,62.5,37.7001,23.2821,-0.118367,0.321352
0,62.5,2.95023,20.2836,0.0910763,0.0377184
0,62.5,37.9023,23.4661,-0.0366726,0.345467
0,62.5,1.83114,17.5287,0.0650761,0.351108
0,62.5,38.2546,23.7991,0.0750267,0.078801
0,62.5,1.24014,21.7089,0.0085543,0.337896
0,62.5,38.2597,24.0734,-0.0146341,0.105314
0,62.5,3.9804,20.4534,-0.0793624,-0.131058
0,62.5,38.2653,24.3631,-0.0521622,0.0757125
0,62.5,18.0722,19.9875,-0.0600177,0.29271
0,62.5,37.6166,24.5368,-0.089397,0.25619
0,62.5,2.14059,21.2331,0.0570225,0.410352
0,62.5,37.5755,24.002,-0.104912,0.348446
0,62.5,1.28675,15.1057,0.091047,0.415911
0,62.5,37.6083,24.7846,-0.134883,0.187803
0,62.5,8.31522,17.6026,-0.447513,-0.506325
0,62.5,37.3522,24.7,-0.201791,0.205794
0,62.5,1.45547,21.006,0.0562527,0.686599
0,62.5,37.856,24.9189,-0.0355723,0.150342
0,62.5,36.2282,20.7735,0.171174,0.0936192
0,62.5,37.4234,24.9588,-0.171779,0.15774
0,62.5,7.1511,17.2652,-0.0799771,-0.547003
0,62.5,37.1756,24.9732,-0.170914,0.153265
0,62.5,20.4864,25.0436,-0.205457,0.017286
0,62.5,37.6628,25.0583,-0.11166,0.0826549
0,62.5,17.5063,23.0574,-0.0738226,0.109557
0,62.5,37.3446,25.1993,-0.126467,0.156293
0,62.5,17.7406,23.8979,0.0249291,-0.126526
0,62.5,38.0485,25.1053,-0.0214166,0.100146
0,62.5,19.7821,25.5523,-0.098679,-0.0391955
0,62.5,37.8559,25.2429,-0.0625714,0.0612598
0,62.5,19.0674,25.7818,-0.0469816,0.00514248
0,62.5,38.0264,25.4309,-0.0173455,0.0348743
0,62.5,19.9398,25.7737,-0.109014,0.0237037
0,62.5,37.9214,25.7018,-0.047364,0.00444111
0,62.5,17.021,26.0263,-0.121317,-0.0283326
0,62.5,37.6732,25.7283,-0.0540685,0.0342598
0,62.5,16.4489,26.0312,0.056364,-0.0425746
0,62.5,37.8076,25.9697,-0.0676168,-0.000226885
0,62.5,19.8785,20.595,0.191207,0.153134
0,62.5,34.728,16.473,-0.268682,-0.169567
0,62.5,10.9133,18.5921,-0.438728,-0.220018
0,62.5,35.5951,16.1061,-0.188678,0.119627
0,62.5,12.2995,18.786,-0.409414,-0.105708
0,62.5,37.83,21.4626,-0.0936647,0.346426
0,62.5,15.5414,19.6878,-0.242588,0.355544
0,62.5,36.2902,20.5361,0.0970507,0.0992917
0,62.5,19.458,24.2113,0.0919713,-0.15022
0,62.5,38.1147,15.612,0.0909415,0.6674
0,62.5,17.0672,24.7549,0.113773,-0.0789605
0,62.5,37.0617,21.6691,-0.184891,0.216485
0,62.5,18.002,24.6288,0.104531,0.0549717
0,62.5,36.5898,21.3552,-0.0614091,0.331191
0,62.5,18.5211,24.0031,-0.138251,-0.00951057
0,62.5,38.0902,21.1828,-0.0423624,0.498257
0,62.5,18.318,24.2027,-0.00320794,0.0594524
0,62.5,38.3164,20.791,0.0809681,0.625944
0,62.5,20.0167,23.3917,0.05712,-0.0706647
0,62.5,38.5243,22.1152,-0.0641398,0.239711
0,62.5,13.2727,19.4182,-0.486338,-0.038177
0,62.5,36.3041,21.778,-0.204128,0.10184
0,62.5,18.2588,19.9721,-0.01246,0.241977
0,62.5,38.1848,20.606,0.159496,0.49271
0,62.5,7.69919,17.4853,-0.39398,-0.668596
0,62.5,38.0714,21.4447,-0.0841691,0.513428
0,62.5,1.32441,17.5043,0.0012765,0.658845
0,62.5,37.0203,21.954,0.00893072,0.201226
0,62.5,2.1928,20.7777,0.151747,0.42874
0,62.5,38.3084,21.3758,-0.0723796,0.486707
0,62.5,1.4291,21.3185,0.0626958,0.516431
0,62.5,38.0769,21.6893,-0.0486369,0.483108
0,62.5,2.40671,15.2748,-0.243988,0.412715
0,62.5,38.3098,21.6538,-0.0442683,0.468786
0,62.5,1.57429,16.1764,-0.134501,0.665971
0,62.5,38.102,20.9215,-0.0581698,0.476293
0,62.5,3.66007,20.8146,-0.00251176,-0.0950691
0,62.5,38.5091,22.4176,0.0660014,0.247217
0,62.5,2.84826,20.5561,0.10703,0.0824969
0,62.5,38.4907,22.6668,-0.0722846,0.279642
0,62.5,2.16822,16.1917,-0.0827896,0.165599
0,62.5,38.5026,22.9251,0.058676,0.193082
0,62.5,1.24337,21.4588,0.0222687,0.401296
0,62.5,38.3329,22.2478,-0.0168119,0.319096
0,62.5,1.85599,20.443,0.113306,0.42847
0,62.5,38.5037,23.1796,-0.056185,0.248698
0,62.5,3.34963,20.4075,0.0295239,-0.125111
0,62.5,38.2625,22.5342,0.0682444,0.353367
0,62.5,4.33121,19.7557,-0.14193,-0.0794359
0,62.5,38.4912,23.4314,-0.0505205,0.105183
0,62.5,3.41933,20.1054,-0.0116917,-0.202942
0,62.5,38.0947,22.3184,0.0202932,0.226127
0,62.5,1.25171,18.4798,0.060847,0.577713
0,62.5,38.2679,22.7957,-0.0735171,0.398784
0,62.5,37.1578,20.4879,-0.0188303,0.192693
0,62.5,38.2752,23.0639,-0.0390059,0.29019
0,62.5,2.08947,21.0082,0.13712,0.377358
0,62.5,38.4945,23.905,0.00916211,0.180903
0,62.5,3.6783,17.9348,-0.0875557,-0.111775
0,62.5,38.4944,23.6614,0.055105,0.118818
0,62.5,1.67795,15.4786,-0.457139,0.492375
0,62.5,38.2538,23.3278,-0.216968,0.174098
0,62.5,6.12013,17.9997,-0.194526,-0.39527
0,62.5,38.2156,23.5535,-0.00528551,0.137304
0,62.5,4.37976,17.3682,-0.05936,-0.218108
0,62.5,38.4951,24.149,-0.0160845,0.190807
0,62.5,36.3216,15.5636,-0.160251,0.248402
0,62.5,38.4968,24.3938,-0.0333159,0.168938
0,62.5,4.76695,18.123,-0.0496669,-0.14467
0,62.5,38.4942,24.6409,-0.0168523,0.147013
0,62.5,2.22979,19.4926,0.0358296,0.403034
0,62.5,38.5007,24.8844,-0.0236689,0.110788
0,62.5,2.50274,15.71,-0.145976,0.126177
0,62.5,37.8506,24.6608,-0.0635177,0.222516
0,62.5,5.60125,17.1027,-0.0434092,-0.267882
0,62.5,38.2657,24.6563,-0.0350515,0.0509428
0,62.5,2.8609,17.9233,-0.0813708,0.109423
0,62.5,38.0835,24.8156,-0.0157983,0.0891828
0,62.5,38.0249,20.3811,0.00600148,0.590002
0,62.5,38.4955,25.1362,-0.0219647,0.0765155
0,62.5,31.6834,17.5983,0.282805,-0.356754
0,62.5,38.4914,25.3716,-0.00646217,0.0579965
0,62.5,2.58414,18.7075,-0.124782,0.219118
0,62.5,38.276,24.9709,-0.040924,0.0684439
0,62.5,36.9322,21.4611,-0.163753,0.237274
0,62.5,38.5193,25.6188,0.00408708,0.0380529
0,62.5,35.7682,16.8209,0.00141529,-0.071383
0,62.5,38.243,25.2474,-0.0123719,0.0877626
0,62.5,21.2682,22.483,0.0999251,0.0767594
0,62.5,38.2537,25.5014,-0.0134222,0.0808671
0,62.5,19.3945,26.0059,0.0241018,0.0127978
0,62.5,38.3853,25.791,-0.0132677,0.0389948
0,62.5,20.3871,26.0268,0.0531577,0.0178119
0,62.5,38.2618,26.0067,-0.0514575,0.0257246
0,62.5,19.649,26.0005,0.0194608,0.0298585
0,62.5,38.1395,25.7255,-0.0387284,0.0469057
0,62.5,19.138,26.004,0.016061,-0.0126443
0,62.5,38.0266,25.9915,-0.0634469,-0.00434541
0,62.5,18.1032,26.0049,0.0641222,-0.0490991
0,62.5,38.5322,25.9984,-0.0296886,-0.008449
1,62.5,0.75,0.75,0,0
1,62.5,0.75,1,0,0
1,62.5,1.25,26.25,0,0
1,62.5,1.25,26.5,0,0
1,62.5,1,0.75,0,0
1,62.5,1,1,0,0
1,62.5,1.5,26.25,0,0
1,62.5,1.5,26.5,0,0
1,62.5,1.25,0.75,0,0
1,62.5,1.25,1,0,0
1,62.5,1.75,26.25,0,0
1,62.5,1.75,26.5,0,0
1,62.5,1.5,0.75,0,0
1,62.5,1.5,1,0,0
1,62.5,2,26.25,0,0
1,62.5,2,26.5,0,0
1,62.5,1.75,0.75,0,0
1,62.5,1.75,1,0,0
1,62.5,2.25,26.25,0,0
1,62.5,2.25,26.5,0,0
1,62.5,2,0.75,0,0
1,62.5,2,1,0,0
1,62.5,2.5,26.25,0,0
1,62.5,2.5,26.5,0,0
1,62.5,2.25,0.75,0,0
1,62.5,2.25,1,0,0
1,62.5,2.75,26.25,0,0
1,62.5,2.75,26.5,0,0
1,62.5,2.5,0.75,0,0
1,62.5,2.5,1,0,0
1,62.5,3,26.25,0,0
1,62.5,3,26.5,0,0
1,62.5,2.75,0.75,0,0
1,62.5,2.75,1,0,0
1,62.5,3.25,26.25,0,0
1,62.5,3.25,26.5,0,0
1,62.5,3,0.75,0,0
1,62.5,3,1,0,0
1,62.5,3.5,26.25,0,0
1,62.5,3.5,26.5,0,0
1,62.5,3.25,0.75,0,0
1,62.5,3.25,1,0,0
1,62.5,3.75,26.25,0,0
1,62.5,3.75,26.5,0,0
1,62.5,3.5,0.75,0,0
1,62.5,3.5,1,0,0
1,62.5,4,26.25,0,0
1,62.5,4,26.5,0,0
1,62.5,3.75,0.75,0,0
1,62.5,3.75,1,0,0
1,62.5,4.25,26.25,0,0
1,62.5,4.25,26.5,0,0
1,62.5,4,0.75,0,0
1,62.5,4,1,0,0
1,62.5,4.5,26.25,0,0
1,62.5,4.5,26.5,0,0
1,62.5,4.25,0.75,0,0
1,62.5,4.25,1,0,0
1,62.5,4.75,26.25,0,0
1,62.5,4.75,26.5,0,0
1,62.5,4.5,0.75,0,0
1,62.5,4.5,1,0,0
1,62.5,5,26.25,0,0
1,62.5,5,26.5,0,0
1,62.5,4.75,0.75,0,0
1,62.5,4.75,1,0,0
1,62.5,5.25,26.25,0,0
1,62.5,5.25,26.5,0,0
1,62.5,5,0.75,0,0
1,62.5,5,1,0,0
1,62.5,5.5,26.25,0,0
1,62.5,5.5,26.5,0,0
1,62.5,5.25,0.75,0,0
1,62.5,5.25,1,0,0
1,62.5,5.75,26.25,0,0
1,62.5,5.75,26.5,0,0
1,62.5,5.5,0.75,0,0
1,62.5,5.5,1,0,0
1,62.5,6,26.25,0,0
1,62.5,6,26.5,0,0
1,62.5,5.75,0.75,0,0
1,62.5,5.75,1,0,0
1,62.5,6.25,26.25,0,0
1,62.5,6.25,26.5,0,0
1,62.5,6,0.75,0,0
1,62.5,6,1,0,0
1,62.5,6.5,26.25,0,0
1,62.5,6.5,26.5,0,0
1,62.5,6.25,0.75,0,0
1,62.5,6.25,1,0,0
1,62.5,6.75,26.25,0,0
1,62.5,6.75,26.5,0,0
1,62.5,6.5,0.75,0,0
1,62.5,6.5,1,0,0
1,62.5,7,26.25,0,0
1,62.5,7,26.5,0,0
1,62.5,6.75,0.75,0,0
1,62.5,6.75,1,0,0
1,62.5,7.25,26.25,0,0
1,62.5,7.25,26.5,0,0
1,62.5,7,0.75,0,0
1,62.5,7,1,0,0
1,62.5,7.5,26.25,0,0
1,62.5,7.5,26.5,0,0
1,62.5,7.25,0.75,0,0
1,62.5,7.25,1,0,0
1,62.5,7.75,26.25,0,0
1,62.5,7.75,26.5,0,0
1,62.5,7.5,0.75,0,0
1,62.5,7.5,1,0,0
1,62.5,8,26.25,0,0
1,62.5,8,26.5,0,0
1,62.5,7.75,0.75,0,0
1,62.5,7.75,1,0,0
1,62.5,8.25,26.25,0,0
1,62.5,8.25,26.5,0,0
1,62.5,8,0.75,0,0
1,62.5,8,1,0,0
1,62.5,8.5,26.25,0,0
1,62.5,8.5,26.5,0,0
1,62.5,8.25,0.75,0,0
1,62.5,8.25,1,0,0
1,62.5,8.75,26.25,0,0
1,62.5,8.75,26.5,0,0
1,62.5,8.5,0.75,0,0
1,62.5,8.5,1,0,0
1,62.5,9,26.25,0,0
1,62.5,9,26.5,0,0
1,62.5,8.75,0.75,0,0
1,62.5,8.75,1,0,0
1,62.5,9.25,26.25,0,0
1,62.5,9.25,26.5,0,0
1,62.5,9,0.75,0,0
1,62.5,9,1,0,0
1,62.5,9.5,26.25,0,0
1,62.5,9.5,26.5,0,0
1,62.5,9.25,0.75,0,0
1,62.5,9.25,1,0,0
1,62.5,9.75,26.25,0,0
1,62.5,9.75,26.5,0,0
1,62.5,9.5,0.75,0,0
1,62.5,9.5,1,0,0
1,62.5,10,26.25,0,0
1,62.5,10,26.5,0,0
1,62.5,9.75,0.75,0,0
1,62.5,9.75,1,0,0
1,62.5,10.25,26.25,0,0
1,62.5,10.25,26.5,0,0
1,62.5,10,0.75,0,0
1,62.5,10,1,0,0
1,62.5,10.5,26.25,0,0
1,62.5,10.5,26.5,0,0
1,62.5,10.25,0.75,0,0
1,62.5,10.25,1,0,0
1,62.5,10.75,26.25,0,0
1,62.5,10.75,26.5,0,0
1,62.5,10.5,0.75,0,0
1,62.5,10.5,1,0,0
1,62.5,11,26.25,0,0
1,62.5,11,26.5,0,0
1,62.5,10.75,0.75,0,0
1,62.5,10.75,1,0,0
1,62.5,11.25,26.25,0,0
1,62.5,11.25,26.5,0,0
1,62.5,11,0.75,0,0
1,62.5,11,1,0,0
1,62.5,11.5,26.25,0,0
1,62.5,11.5,26.5,0,0
1,62.5,11.25,0.75,0,0
1,62.5,11.25,1,0,0
1,62.5,11.75,26.25,0,0
1,62.5,11.75,26.5,0,0
1,62.5,11.5,0.75,0,0
1,62.5,11.5,1,0,0
1,62.5,12,26.25,0,0
1,62.5,12,26.5,0,0
1,62.5,11.75,0.75,0,0
1,62.5,11.75,1,0,0
1,62.5,12.25,26.25,0,0
1,62.5,12.25,26.5,0,0
1,62.5,12,0.75,0,0
1,62.5,12,1,0,0
1,62.5,12.5,26.25,0,0
1,62.5,12.5,26.5,0,0
1,62.5,12.25,0.75,0,0
1,62.5,12.25,1,0,0
1,62.5,12.75,26.25,0,0
1,62.5,12.75,26.5,0,0
1,62.5,12.5,0.75,0,0
1,62.5,12.5,1,0,0
1,62.5,13,26.25,0,0
1,62.5,13,26.5,0,0
1,62.5,12.75,0.75,0,0
1,62.5,12.75,1,0,0
1,62.5,13.25,26.25,0,0
1,62.5,13.25,26.5,0,0
1,62.5,13,0.75,0,0
1,62.5,13,1,0,0
1,62.5,13.5,26.25,0,0
1,62.5,13.5,26.5,0,0
1,62.5,13.25,0.75,0,0
1,62.5,13.25,1,0,0
1,62.5,13.75,26.25,0,0
1,62.5,13.75,26.5,0,0
1,62.5,13.5,0.75,0,0
1,62.5,13.5,1,0,0
1,62.5,14,26.25,0,0
1,62.5,14,26.5,0,0
1,62.5,13.75,0.75,0,0
1,62.5,13.75,1,0,0
1,62.5,14.25,26.25,0,0
1,62.5,14.25,26.5,0,0
1,62.5,14,0.75,0,0
1,62.5,14,1,0,0
1,62.5,14.5,26.25,0,0
1,62.5,14.5,26.5,0,0
1,62.5,14.25,0.75,0,0
1,62.5,14.25,1,0,0
1,62.5,14.75,26.25,0,0
1,62.5,14.75,26.5,0,0
1,62.5,14.5,0.75,0,0
1,62.5,14.5,1,0,0
1,62.5,15,26.25,0,0
1,62.5,15,26.5,0,0
1,62.5,14.75,0.75,0,0
1,62.5,14.75,1,0,0
1,62.5,15.25,26.25,0,0
1,62.5,15.25,26.5,0,0
1,62.5,15,0.75,0,0
1,62.5,15,1,0,0
1,62.5,15.5,26.25,0,0
1,62.5,15.5,26.5,0,0
1,62.5,15.25,0.75,0,0
1,62.5,15.25,1,0,0
1,62.5,15.75,26.25,0,0
1,62.5,15.75,26.5,0,0
1,62.5,15.5,0.75,0,0
1,62.5,15.5,1,0,0
1,62.5,16,26.25,0,0
1,62.5,16,26.5,0,0
1,62.5,15.75,0.75,0,0
1,62.5,15.75,1,0,0
1,62.5,16.25,26.25,0,0
1,62.5,16.25,26.5,0,0
1,62.5,16,0.75,0,0
1,62.5,16,1,0,0
1,62.5,16.5,26.25,0,0
1,62.5,16.5,26.5,0,0
1,62.5,16.25,0.75,0,0
1,62.5,16.25,1,0,0
1,62.5,16.75,26.25,0,0
1,62.5,16.75,26.5,0,0
1,62.5,16.5,0.75,0,0
1,62.5,16.5,1,0,0
1,62.5,17,26.25,0,0
1,62.5,17,26.5,0,0
1,62.5,16.75,0.75,0,0
1,62.5,16.75,1,0,0
1,62.5,17.25,26.25,0,0
1,62.5,17.25,26.5,0,0
1,62.5,17,0.75,0,0
1,62.5,17,1,0,0
1,62.5,17.5,26.25,0,0
1,62.5,17.5,26.5,0,0
1,62.5,17.25,0.75,0,0
1,62.5,17.25,1,0,0
1,62.5,17.75,26.25,0,0
1,62.5,17.75,26.5,0,0
1,62.5,17.5,0.75,0,0
1,62.5,17.5,1,0,0
1,62.5,18,26.25,0,0
1,62.5,18,26.5,0,0
1,62.5,17.75,0.75,0,0
1,62.5,17.75,1,0,0
1,62.5,18.25,26.25,0,0
1,62.5,18.25,26.5,0,0
1,62.5,18,0.75,0,0
1,62.5,18,1,0,0
1,62.5,18.5,26.25,0,0
1,62.5,18.5,26.5,0,0
1,62.5,18.25,0.75,0,0
1,62.5,18.25,1,0,0
1,62.5,18.75,26.25,0,0
1,62.5,18.75,26.5,0,0
1,62.5,18.5,0.75,0,0
1,62.5,18.5,1,0,0
1,62.5,19,26.25,0,0
1,62.5,19,26.5,0,0
1,62.5,18.75,0.75,0,0
1,62.5,18.75,1,0,0
1,62.5,19.25,26.25,0,0
1,62.5,19.25,26.5,0,0
1,62.5,19,0.75,0,0
1,62.5,19,1,0,0
1,62.5,19.5,26.25,0,0
1,62.5,19.5,26.5,0,0
1,62.5,19.25,0.75,0,0
1,62.5,19.25,1,0,0
1,62.5,19.75,26.25,0,0
1,62.5,19.75,26.5,0,0
1,62.5,19.5,0.75,0,0
1,62.5,19.5,1,0,0
1,62.5,20,26.25,0,0
1,62.5,20,26.5,0,0
1,62.5,19.75,0.75,0,0
1,62.5,19.75,1,0,0
1,62.5,20.25,26.25,0,0
1,62.5,20.25,26.5,0,0
1,62.5,20,0.75,0,0
1,62.5,20,1,0,0
1,62.5,20.5,26.25,0,0
1,62.5,20.5,26.5,0,0
1,62.5,20.25,0.75,0,0
1,62.5,20.25,1,0,0
1,62.5,20.75,26.25,0,0
1,62.5,20.75,26.5,0,0
1,62.5,20.5,0.75,0,0
1,62.5,20.5,1,0,0
1,62.5,21,26.25,0,0
1,62.5,21,26.5,0,0
1,62.5,20.75,0.75,0,0
1,62.5,20.75,1,0,0
1,62.5,21.25,26.25,0,0
1,62.5,21.25,26.5,0,0
1,62.5,21,0.75,0,0
1,62.5,21,1,0,0
1,62.5,21.5,26.25,0,0
1,62.5,21.5,26.5,0,0
1,62.5,21.25,0.75,0,0
1,62.5,21.25,1,0,0
1,62.5,21.75,26.25,0,0
1,62.5,21.75,26.5,0,0
1,62.5,21.5,0.75,0,0
1,62.5,21.5,1,0,0
1,62.5,22,26.25,0,0
1,62.5,22,26.5,0,0
1,62.5,21.75,0.75,0,0
1,62.5,21.75,1,0,0
1,62.5,22.25,26.25,0,0
1,62.5,22.25,26.5,0,0
1,62.5,22,0.75,0,0
1,62.5,22,1,0,0
1,62.5,22.5,26.25,0,0
1,62.5,22.5,26.5,0,0
1,62.5,22.25,0.75,0,0
1,62.5,22.25,1,0,0
1,62.5,22.75,26.25,0,0
1,62.5,22.75,26.5,0,0
1,62.5,22.5,0.75,0,0
1,62.5,22.5,1,0,0
1,62.5,23,26.25,0,0
1,62.5,23,26.5,0,0
1,62.5,22.75,0.75,0,0
1,62.5,22.75,1,0,0
1,62.5,23.25,26.25,0,0
1,62.5,23.25,26.5,0,0
1,62.5,23,0.75,0,0
1,62.5,23,1,0,0
1,62.5,23.5,26.25,0,0
1,62.5,23.5,26.5,0,0
1,62.5,23.25,0.75,0,0
1,62.5,23.25,1,0,0
1,62.5,23.75,26.25,0,0
1,62.5,23.75,26.5,0,0
1,62.5,23.5,0.75,0,0
1,62.5,23.5,1,0,0
1,62.5,24,26.25,0,0
1,62.5,24,26.5,0,0
1,62.5,23.75,0.75,0,0
1,62.5,23.75,1,0,0
1,62.5,24.25,26.25,0,0
1,62.5,24.25,26.5,0,0
1,62.5,24,0.75,0,0
1,62.5,24,1,0,0
1,62.5,24.5,26.25,0,0
1,62.5,24.5,26.5,0,0
1,62.5,24.25,0.75,0,0
1,62.5,24.25,1,0,0
1,62.5,24.75,26.25,0,0
1,62.5,24.75,26.5,0,0
1,62.5,24.5,0.75,0,0
1,62.5,24.5,1,0,0
1,62.5,25,26.25,0,0
1,62.5,25,26.5,0,0
1,62.5,24.75,0.75,0,0
1,62.5,24.75,1,0,0
1,62.5,25.25,26.25,0,0
1,62.5,25.25,26.5,0,0
1,62.5,25,0.75,0,0
1,62.5,25,1,0,0
1,62.5,25.5,26.25,0,0
1,62.5,25.5,26.5,0,0
1,62.5,25.25,0.75,0,0
1,62.5,25.25,1,0,0
1,62.5,25.75,26.25,0,0
1,62.5,25.75,26.5,0,0
1,62.5,25.5,0.75,0,0
1,62.5,25.5,1,0,0
1,62.5,26,26.25,0,0
1,62.5,26,26.5,0,0
1,62.5,25.75,0.75,0,0
1,62.5,25.75,1,0,0
1,62.5,26.25,26.25,0,0
1,62.5,26.25,26.5,0,0
1,62.5,26,0.75,0,0
1,62.5,26,1,0,0
1,62.5,26.5,26.25,0,0
1,62.5,26.5,26.5,0,0
1,62.5,26.25,0.75,0,0
1,62.5,26.25,1,0,0
1,62.5,26.75,26.25,0,0
1,62.5,26.75,26.5,0,0
1,62.5,26.5,0.75,0,0
1,62.5,26.5,1,0,0
1,62.5,27,26.25,0,0
1,62.5,27,26.5,0,0
1,62.5,26.75,0.75,0,0
1,62.5,26.75,1,0,0
1,62.5,27.25,26.25,0,0
1,62.5,27.25,26.5,0,0
1,62.5,27,0.75,0,0
1,62.5,27,1,0,0
1,62.5,27.5,26.25,0,0
1,62.5,27.5,26.5,0,0
1,62.5,27.25,0.75,0,0
1,62.5,27.25,1,0,0
1,62.5,27.75,26.25,0,0
1,62.5,27.75,26.5,0,0
1,62.5,27.5,0.75,0,0
1,62.5,27.5,1,0,0
1,62.5,28,26.25,0,0
1,62.5,28,26.5,0,0
1,62.5,27.75,0.75,0,0
1,62.5,27.75,1,0,0
1,62.5,28.25,26.25,0,0
1,62.5,28.25,26.5,0,0
1,62.5,28,0.75,0,0
1,62.5,28,1,0,0
1,62.5,28.5,26.25,0,0
1,62.5,28.5,26.5,0,0
1,62.5,28.25,0.75,0,0
1,62.5,28.25,1,0,0
1,62.5,28.75,26.25,0,0
1,62.5,28.75,26.5,0,0
1,62.5,28.5,0.75,0,0
1,62.5,28.5,1,0,0
1,62.5,29,26.25,0,0
1,62.5,29,26.5,0,0
1,62.5,28.75,0.75,0,0
1,62.5,28.75,1,0,0
1,62.5,29.25,26.25,0,0
1,62.5,29.25,26.5,0,0
1,62.5,29,0.75,0,0
1,62.5,29,1,0,0
1,62.5,29.5,26.25,0,0
1,62.5,29.5,26.5,0,0
1,62.5,29.25,0.75,0,0
1,62.5,29.25,1,0,0
1,62.5,29.75,26.25,0,0
1,62.5,29.75,26.5,0,0
1,62.5,29.5,0.75,0,0
1,62.5,29.5,1,0,0
1,62.5,30,26.25,0,0
1,62.5,30,26.5,0,0
1,62.5,29.75,0.75,0,0
1,62.5,29.75,1,0,0
1,62.5,30.25,26.25,0,0
1,62.5,30.25,26.5,0,0
1,62.5,30,0.75,0,0
1,62.5,30,1,0,0
1,62.5,30.5,26.25,0,0
1,62.5,30.5,26.5,0,0
1,62.5,30.25,0.75,0,0
1,62.5,30.25,1,0,0
1,62.5,30.75,26.25,0,0
1,62.5,30.75,26.5,0,0
1,62.5,30.5,0.75,0,0
1,62.5,30.5,1,0,0
1,62.5,31,26.25,0,0
1,62.5,31,26.5,0,0
1,62.5,30.75,0.75,0,0
1,62.5,30.75,1,0,0
1,62.5,31.25,26.25,0,0
1,62.5,31.25,26.5,0,0
1,62.5,31,0.75,0,0
1,62.5,31,1,0,0
1,62.5,31.5,26.25,0,0
1,62.5,31.5,26.5,0,0
1,62.5,31.25,0.75,0,0
1,62.5,31.25,1,0,0
1,62.5,31.75,26.25,0,0
1,62.5,31.75,26.5,0,0
1,62.5,31.5,0.75,0,0
1,62.5,31.5,1,0,0
1,62.5,32,26.25,0,0
1,62.5,32,26.5,0,0
1,62.5,31.75,0.75,0,0
1,62.5,31.75,1,0,0
1,62.5,32.25,26.25,0,0
1,62.5,32.25,26.5,0,0
1,62.5,32,0.75,0,0
1,62.5,32,1,0,0
1,62.5,32.5,26.25,0,0
1,62.5,32.5,26.5,0,0
1,62.5,32.25,0.75,0,0
1,62.5,32.25,1,0,0
1,62.5,32.75,26.25,0,0
1,62.5,32.75,26.5,0,0
1,62.5,32.5,0.75,0,0
1,62.5,32.5,1,0,0
1,62.5,33,26.25,0,0
1,62.5,33,26.5,0,0
1,62.5,32.75,0.75,0,0
1,62.5,32.75,1,0,0
1,62.5,33.25,26.25,0,0
1,62.5,33.25,26.5,0,0
1,62.5,33,0.75,0,0
1,62.5,33,1,0,0
1,62.5,33.5,26.25,0,0
1,62.5,33.5,26.5,0,0
1,62.5,33.25,0.75,0,0
1,62.5,33.25,1,0,0
1,62.5,33.75,26.25,0,0
1,62.5,33.75,26.5,0,0
1,62.5,33.5,0.75,0,0
1,62.5,33.5,1,0,0
1,62.5,34,26.25,0,0
1,62.5,34,26.5,0,0
1,62.5,33.75,0.75,0,0
1,62.5,33.75,1,0,0
1,62.5,34.25,26.25,0,0
1,62.5,34.25,26.5,0,0
1,62.5,34,0.75,0,0
1,62.5,34,1,0,0
1,62.5,34.5,26.25,0,0
1,62.5,34.5,26.5,0,0
1,62.5,34.25,0.75,0,0
1,62.5,34.25,1,0,0
1,62.5,34.75,26.25,0,0
1,62.5,34.75,26.5,0,0
1,62.5,34.5,0.75,0,0
1,62.5,34.5,1,0,0
1,62.5,35,26.25,0,0
1,62.5,35,26.5,0,0
1,62.5,34.75,0.75,0,0
1,62.5,34.75,1,0,0
1,62.5,35.25,26.25,0,0
1,62.5,35.25,26.5,0,0
1,62.5,35,0.75,0,0
1,62.5,35,1,0,0
1,62.5,35.5,26.25,0,0
1,62.5,35.5,26.5,0,0
1,62.5,35.25,0.75,0,0
1,62.5,35.25,1,0,0
1,62.5,35.75,26.25,0,0
1,62.5,35.75,26.5,0,0
1,62.5,35.5,0.75,0,0
1,62.5,35.5,1,0,0
1,62.5,36,26.25,0,0
1,62.5,36,26.5,0,0
1,62.5,35.75,0.75,0,0
1,62.5,35.75,1,0,0
1,62.5,36.25,26.25,0,0
1,62.5,36.25,26.5,0,0
1,62.5,36,0.75,0,0
1,62.5,36,1,0,0
1,62.5,36.5,26.25,0,0
1,62.5,36.5,26.5,0,0
1,62.5,36.25,0.75,0,0
1,62.5,36.25,1,0,0
1,62.5,36.75,26.25,0,0
1,62.5,36.75,26.5,0,0
1,62.5,36.5,0.75,0,0
1,62.5,36.5,1,0,0
1,62.5,37,26.25,0,0
1,62.5,37,26.5,0,0
1,62.5,36.75,0.75,0,0
1,62.5,36.75,1,0,0
1,62.5,37.25,26.25,0,0
1,62.5,37.25,26.5,0,0
1,62.5,37,0.75,0,0
1,62.5,37,1,0,0
1,62.5,37.5,26.25,0,0
1,62.5,37.5,26.5,0,0
1,62.5,37.25,0.75,0,0
1,62.5,37.25,1,0,0
1,62.5,37.75,26.25,0,0
1,62.5,37.75,26.5,0,0
1,62.5,37.5,0.75,0,0
1,62.5,37.5,1,0,0
1,62.5,38,26.25,0,0
1,62.5,38,26.5,0,0
1,62.5,37.75,0.75,0,0
1,62.5,37.75,1,0,0
1,62.5,38.25,26.25,0,0
1,62.5,38.25,26.5,0,0
1,62.5,38,0.75,0,0
1,62.5,38,1,0,0
1,62.5,38.5,26.25,0,0
1,62.5,38.5,26.5,0,0
1,62.5,38.25,0.75,0,0
1,62.5,38.25,1,0,0
1,62.5,38.75,26.25,0,0
1,62.5,38.75,26.5,0,0
1,62.5,38.5,0.75,0,0
1,62.5,38.5,1,0,0
1,62.5,39,26.25,0,0
1,62.5,39,26.5,0,0
1,62.5,38.75,0.75,0,0
1,62.5,39,0.75,0,0
1,62.5,0.75,1.25,0,0
1,62.5,1,1.25,0,0
1,62.5,38.75,1,0,0
1,62.5,39,1,0,0
1,62.5,0.75,1.5,0,0
1,62.5,1,1.5,0,0
1,62.5,38.75,1.25,0,0
1,62.5,39,1.25,0,0
1,62.5,0.75,1.75,0,0
1,62.5,1,1.75,0,0
1,62.5,38.75,1.5,0,0
1,62.5,39,1.5,0,0
1,62.5,0.75,2,0,0
1,62.5,1,2,0,0
1,62.5,38.75,1.75,0,0
1,62.5,39,1.75,0,0
1,62.5,0.75,2.25,0,0
1,62.5,1,2.25,0,0
1,62.5,38.75,2,0,0
1,62.5,39,2,0,0
1,62.5,0.75,2.5,0,0
1,62.5,1,2.5,0,0
1,62.5,38.75,2.25,0,0
1,62.5,39,2.25,0,0
1,62.5,0.75,2.75,0,0
1,62.5,1,2.75,0,0
1,62.5,38.75,2.5,0,0
1,62.5,39,2.5,0,0
1,62.5,0.75,3,0,0
1,62.5,1,3,0,0
1,62.5,38.75,2.75,0,0
1,62.5,39,2.75,0,0
1,62.5,0.75,3.25,0,0
1,62.5,1,3.25,0,0
1,62.5,38.75,3,0,0
1,62.5,39,3,0,0
1,62.5,0.75,3.5,0,0
1,62.5,1,3.5,0,0
1,62.5,38.75,3.25,0,0
1,62.5,39,3.25,0,0
1,62.5,0.75,3.75,0,0
1,62.5,1,3.75,0,0
1,62.5,38.75,3.5,0,0
1,62.5,39,3.5,0,0
1,62.5,0.75,4,0,0
1,62.5,1,4,0,0
1,62.5,38.75,3.75,0,0
1,62.5,39,3.75,0,0
1,62.5,0.75,4.25,0,0
1,62.5,1,4.25,0,0
1,62.5,38.75,4,0,0
1,62.5,39,4,0,0
1,62.5,0.75,4.5,0,0
1,62.5,1,4.5,0,0
1,62.5,38.75,4.25,0,0
1,62.5,39,4.25,0,0
1,62.5,0.75,4.75,0,0
1,62.5,1,4.75,0,0
1,62.5,38.75,4.5,0,0
1,62.5,39,4.5,0,0
1,62.5,0.75,5,0,0
1,62.5,1,5,0,0
1,62.5,38.75,4.75,0,0
1,62.5,39,4.75,0,0
1,62.5,0.75,5.25,0,0
1,62.5,1,5.25,0,0
1,62.5,38.75,5,0,0
1,62.5,39,5,0,0
1,62.5,0.75,5.5,0,0
1,62.5,1,5.5,0,0
1,62.5,38.75,5.25,0,0
1,62.5,39,5.25,0,0
1,62.5,0.75,5.75,0,0
1,62.5,1,5.75,0,0
1,62.5,38.75,5.5,0,0
1,62.5,39,5.5,0,0
1,62.5,0.75,6,0,0
1,62.5,1,6,0,0
1,62.5,38.75,5.75,0,0
1,62.5,39,5.75,0,0
1,62.5,0.75,6.25,0,0
1,62.5,1,6.25,0,0
1,62.5,38.75,6,0,0
1,62.5,39,6,0,0
1,62.5,0.75,6.5,0,0
1,62.5,1,6.5,0,0
1,62.5,38.75,6.25,0,0
1,62.5,39,6.25,0,0
1,62.5,0.75,6.75,0,0
1,62.5,1,6.75,0,0
1,62.5,38.75,6.5,0,0
1,62.5,39,6.5,0,0
1,62.5,0.75,7,0,0
1,62.5,1,7,0,0
1,62.5,38.75,6.75,0,0
1,62.5,39,6.75,0,0
1,62.5,0.75,7.25,0,0
1,62.5,1,7.25,0,0
1,62.5,38.75,7,0,0
1,62.5,39,7,0,0
1,62.5,0.75,7.5,0,0
1,62.5,1,7.5,0,0
1,62.5,38.75,7.25,0,0
1,62.5,39,7.25,0,0
1,62.5,0.75,7.75,0,0
1,62.5,1,7.75,0,0
1,62.5,38.75,7.5,0,0
1,62.5,39,7.5,0,0
1,62.5,0.75,8,0,0
1,62.5,1,8,0,0
1,62.5,38.75,7.75,0,0
1,62.5,39,7.75,0,0
1,62.5,0.75,8.25,0,0
1,62.5,1,8.25,0,0
1,62.5,38.75,8,0,0
1,62.5,39,8,0,0
1,62.5,0.75,8.5,0,0
1,62.5,1,8.5,0,0
1,62.5,38.75,8.25,0,0
1,62.5,39,8.25,0,0
1,62.5,0.75,8.75,0,0
1,62.5,1,8.75,0,0
1,62.5,38.75,8.5,0,0
1,62.5,39,8.5,0,0
1,62.5,0.75,9,0,0
1,62.5,1,9,0,0
1,62.5,38.75,8.75,0,0
1,62.5,39,8.75,0,0
1,62.5,0.75,9.25,0,0
1,62.5,1,9.25,0,0
1,62.5,38.75,9,0,0
1,62.5,39,9,0,0
1,62.5,0.75,9.5,0,0
1,62.5,1,9.5,0,0
1,62.5,38.75,9.25,0,0
1,62.5,39,9.25,0,0
1,62.5,0.75,9.75,0,0
1,62.5,1,9.75,0,0
1,62.5,38.75,9.5,0,0
1,62.5,39,9.5,0,0
1,62.5,0.75,10,0,0
1,62.5,1,10,0,0
1,62.5,38.75,9.75,0,0
1,62.5,39,9.75,0,0
1,62.5,0.75,10.25,0,0
1,62.5,1,10.25,0,0
1,62.5,38.75,10,0,0
1,62.5,39,10,0,0
1,62.5,0.75,10.5,0,0
1,62.5,1,10.5,0,0
1,62.5,38.75,10.25,0,0
1,62.5,39,10.25,0,0
1,62.5,0.75,10.75,0,0
1,62.5,1,10.75,0,0
1,62.5,38.75,10.5,0,0
1,62.5,39,10.5,0,0
1,62.5,0.75,11,0,0
1,62.5,1,11,0,0
1,62.5,38.75,10.75,0,0
1,62.5,39,10.75,0,0
1,62.5,0.75,11.25,0,0
1,62.5,1,11.25,0,0
1,62.5,38.75,11,0,0
1,62.5,39,11,0,0
1,62.5,0.75,11.5,0,0
1,62.5,1,11.5,0,0
1,62.5,38.75,11.25,0,0
1,62.5,39,11.25,0,0
1,62.5,0.75,11.75,0,0
1,62.5,1,11.75,0,0
1,62.5,38.75,11.5,0,0
1,62.5,39,11.5,0,0
1,62.5,0.75,12,0,0
1,62.5,1,12,0,0
1,62.5,38.75,11.75,0,0
1,62.5,39,11.75,0,0
1,62.5,0.75,12.25,0,0
1,62.5,1,12.25,0,0
1,62.5,38.75,12,0,0
1,62.5,39,12,0,0
1,62.5,0.75,12.5,0,0
1,62.5,1,12.5,0,0
1,62.5,38.75,12.25,0,0
1,62.5,39,12.25,0,0
1,62.5,0.75,12.75,0,0
1,62.5,1,12.75,0,0
1,62.5,38.75,12.5,0,0
1,62.5,39,12.5,0,0
1,62.5,0.75,13,0,0
1,62.5,1,13,0,0
1,62.5,38.75,12.75,0,0
1,62.5,39,12.75,0,0
1,62.5,0.75,13.25,0,0
1,62.5,1,13.25,0,0
1,62.5,38.75,13,0,0
1,62.5,39,13,0,0
1,62.5,0.75,13.5,0,0
1,62.5,1,13.5,0,0
1,62.5,38.75,13.25,0,0
1,62.5,39,13.25,0,0
1,62.5,0.75,13.75,0,0
1,62.5,1,13.75,0,0
1,62.5,38.75,13.5,0,0
1,62.5,39,13.5,0,0
1,62.5,0.75,14,0,0
1,62.5,1,14,0,0
1,62.5,38.75,13.75,0,0
1,62.5,39,13.75,0,0
1,62.5,0.75,14.25,0,0
1,62.5,1,14.25,0,0
1,62.5,38.75,14,0,0
1,62.5,39,14,0,0
1,62.5,0.75,14.5,0,0
1,62.5,1,14.5,0,0
1,62.5,38.75,14.25,0,0
1,62.5,39,14.25,0,0
1,62.5,0.75,14.75,0,0
1,62.5,1,14.75,0,0
1,62.5,38.75,14.5,0,0
1,62.5,39,14.5,0,0
1,62.5,0.75,15,0,0
1,62.5,1,15,0,0
1,62.5,38.75,14.75,0,0
1,62.5,39,14.75,0,0
1,62.5,0.75,15.25,0,0
1,62.5,1,15.25,0,0
1,62.5,38.75,15,0,0
1,62.5,39,15,0,0
1,62.5,0.75,15.5,0,0
1,62.5,1,15.5,0,0
1,62.5,38.75,15.25,0,0
1,62.5,39,15.25,0,0
1,62.5,0.75,15.75,0,0
1,62.5,1,15.75,0,0
1,62.5,38.75,15.5,0,0
1,62.5,39,15.5,0,0
1,62.5,0.75,16,0,0
1,62.5,1,16,0,0
1,62.5,38.75,15.75,0,0
1,62.5,39,15.75,0,0
1,62.5,0.75,16.25,0,0
1,62.5,1,16.25,0,0
1,62.5,38.75,16,0,0
1,62.5,39,16,0,0
1,62.5,0.75,16.5,0,0
1,62.5,1,16.5,0,0
1,62.5,38.75,16.25,0,0
1,62.5,39,16.25,0,0
1,62.5,0.75,16.75,0,0
1,62.5,1,16.75,0,0
1,62.5,38.75,16.5,0,0
1,62.5,39,16.5,0,0
1,62.5,0.75,17,0,0
1,62.5,1,17,0,0
1,62.5,38.75,16.75,0,0
1,62.5,39,16.75,0,0
1,62.5,0.75,17.25,0,0
1,62.5,1,17.25,0,0
1,62.5,38.75,17,0,0
1,62.5,39,17,0,0
1,62.5,0.75,17.5,0,0
1,62.5,1,17.5,0,0
1,62.5,38.75,17.25,0,0
1,62.5,39,17.25,0,0
1,62.5,0.75,17.75,0,0
1,62.5,1,17.75,0,0
1,62.5,38.75,17.5,0,0
1,62.5,39,17.5,0,0
1,62.5,0.75,18,0,0
1,62.5,1,18,0,0
1,62.5,38.75,17.75,0,0
1,62.5,39,17.75,0,0
1,62.5,0.75,18.25,0,0
1,62.5,1,18.25,0,0
1,62.5,38.75,18,0,0
1,62.5,39,18,0,0
1,62.5,0.75,18.5,0,0
1,62.5,1,18.5,0,0
1,62.5,38.75,18.25,0,0
1,62.5,39,18.25,0,0
1,62.5,0.75,18.75,0,0
1,62.5,1,18.75,0,0
1,62.5,38.75,18.5,0,0
1,62.5,39,18.5,0,0
1,62.5,0.75,19,0,0
1,62.5,1,19,0,0
1,62.5,38.75,18.75,0,0
1,62.5,39,18.75,0,0
1,62.5,0.75,19.25,0,0
1,62.5,1,19.25,0,0
1,62.5,38.75,19,0,0
1,62.5,39,19,0,0
1,62.5,0.75,19.5,0,0
1,62.5,1,19.5,0,0
1,62.5,38.75,19.25,0,0
1,62.5,39,19.25,0,0
1,62.5,0.75,19.75,0,0
1,62.5,1,19.75,0,0
1,62.5,38.75,19.5,0,0
1,62.5,39,19.5,0,0
1,62.5,0.75,20,0,0
1,62.5,1,20,0,0
1,62.5,38.75,19.75,0,0
1,62.5,39,19.75,0,0
1,62.5,0.75,20.25,0,0
1,62.5,1,20.25,0,0
1,62.5,38.75,20,0,0
1,62.5,39,20,0,0
1,62.5,0.75,20.5,0,0
1,62.5,1,20.5,0,0
1,62.5,38.75,20.25,0,0
1,62.5,39,20.25,0,0
1,62.5,0.75,20.75,0,0
1,62.5,1,20.75,0,0
1,62.5,38.75,20.5,0,0
1,62.5,39,20.5,0,0
1,62.5,0.75,21,0,0
1,62.5,1,21,0,0
1,62.5,38.75,20.75,0,0
1,62.5,39,20.75,0,0
1,62.5,0.75,21.25,0,0
1,62.5,1,21.25,0,0
1,62.5,38.75,21,0,0
1,62.5,39,21,0,0
1,62.5,0.75,21.5,0,0
1,62.5,1,21.5,0,0
1,62.5,38.75,21.25,0,0
1,62.5,39,21.25,0,0
1,62.5,0.75,21.75,0,0
1,62.5,1,21.75,0,0
1,62.5,38.75,21.5,0,0
1,62.5,39,21.5,0,0
1,62.5,0.75,22,0,0
1,62.5,1,22,0,0
1,62.5,38.75,21.75,0,0
1,62.5,39,21.75,0,0
1,62.5,0.75,22.25,0,0
1,62.5,1,22.25,0,0
1,62.5,38.75,22,0,0
1,62.5,39,22,0,0
1,62.5,0.75,22.5,0,0
1,62.5,1,22.5,0,0
1,62.5,38.75,22.25,0,0
1,62.5,39,22.25,0,0
1,62.5,0.75,22.75,0,0
1,62.5,1,22.75,0,0
1,62.5,38.75,22.5,0,0
1,62.5,39,22.5,0,0
1,62.5,0.75,23,0,0
1,62.5,1,23,0,0
1,62.5,38.75,22.75,0,0
1,62.5,39,22.75,0,0
1,62.5,0.75,23.25,0,0
1,62.5,1,23.25,0,0
1,62.5,38.75,23,0,0
1,62.5,39,23,0,0
1,62.5,0.75,23.5,0,0
1,62.5,1,23.5,0,0
1,62.5,38.75,23.25,0,0
1,62.5,39,23.25,0,0
1,62.5,0.75,23.75,0,0
1,62.5,1,23.75,0,0
1,62.5,38.75,23.5,0,0
1,62.5,39,23.5,0,0
1,62.5,0.75,24,0,0
1,62.5,1,24,0,0
1,62.5,38.75,23.75,0,0
1,62.5,39,23.75,0,0
1,62.5,0.75,24.25,0,0
1,62.5,1,24.25,0,0
1,62.5,38.75,24,0,0
1,62.5,39,24,0,0
1,62.5,0.75,24.5,0,0
1,62.5,1,24.5,0,0
1,62.5,38.75,24.25,0,0
1,62.5,39,24.25,0,0
1,62.5,0.75,24.75,0,0
1,62.5,1,24.75,0,0
1,62.5,38.75,24.5,0,0
1,62.5,39,24.5,0,0
1,62.5,0.75,25,0,0
1,62.5,1,25,0,0
1,62.5,38.75,24.75,0,0
1,62.5,39,24.75,0,0
1,62.5,0.75,25.25,0,0
1,62.5,1,25.25,0,0
1,62.5,38.75,25,0,0
1,62.5,39,25,0,0
1,62.5,0.75,25.5,0,0
1,62.5,1,25.5,0,0
1,62.5,38.75,25.25,0,0
1,62.5,39,25.25,0,0
1,62.5,0.75,25.75,0,0
1,62.5,1,25.75,0,0
1,62.5,38.75,25.5,0,0
1,62.5,39,25.5,0,0
1,62.5,0.75,26,0,0
1,62.5,1,26,0,0
1,62.5,38.75,25.75,0,0
1,62.5,39,25.75,0,0
1,62.5,0.75,26.25,0,0
1,62.5,1,26.25,0,0
1,62.5,38.75,26,0,0
1,62.5,39,26,0,0
1,62.5,0.75,26.5,0,0
1,62.5,1,26.5,0,0
