6016 2 0.25 5000 0.25 0 2 0 0.001 0 9.81 40 27
0,62.5,3.32613,22.5719,0.364436,0.796549
0,62.5,26.4653,17.8326,-2.62098,-0.587998
0,62.5,3.18284,22.2592,0.498741,0.797782
0,62.5,26.0058,17.4439,-2.96943,-1.70338
0,62.5,2.89388,22.1862,0.33562,0.632199
0,62.5,21.2325,16.922,-0.121638,-2.30637
0,62.5,1.24267,21.2275,0.0884982,0.137613
0,62.5,21.2989,17.1945,-0.406451,-2.25832
0,62.5,1.20917,21.6489,-0.199564,0.531502
0,62.5,19.4496,17.0869,0.247473,-2.21924
0,62.5,3.60939,21.8996,0.700493,1.02807
0,62.5,20.3372,21.2514,-0.274499,-0.59631
0,62.5,3.19712,22.0167,0.393965,1.12416
0,62.5,18.717,21.2815,0.250227,-1.15543
0,62.5,3.06328,22.4507,0.315014,0.668945
0,62.5,20.1905,23.3579,-0.287929,-0.184934
0,62.5,11.0439,17.4743,4.02679,-0.606847
0,62.5,18.2827,23.2348,0.241865,0.0625454
0,62.5,1.5085,22.5557,0.0108035,0.345692
0,62.5,20.4525,16.9254,0.160508,-2.18032
0,62.5,3.43554,22.1184,0.992358,1.04691
0,62.5,23.6094,16.7013,-1.30708,-3.12019
0,62.5,2.28847,22.6746,0.18595,0.544538
0,62.5,27.9492,17.4864,-2.19932,-0.644191
0,62.5,2.34303,22.2698,0.0420702,0.383251
0,62.5,28.4838,17.8839,-2.36819,-0.145547
0,62.5,1.80821,22.2039,0.162221,0.370218
0,62.5,38.1798,20.0084,-0.604296,1.84959
0,62.5,1.6635,22.4002,0.0880102,0.429479
0,62.5,35.1914,21.8552,-0.748595,1.45523
0,62.5,1.64606,22.7654,0.19885,0.19976
0,62.5,34.5213,21.8351,-1.00175,0.877092
0,62.5,1.85687,22.6297,0.257924,0.31938
0,62.5,34.7957,21.7822,-0.973691,1.12383
0,62.5,1.28089,22.4597,0.0816426,-0.159174
0,62.5,34.6482,21.575,-1.07148,1.22629
0,62.5,1.48496,22.8861,0.116998,0.171462
0,62.5,37.9554,21.2761,-0.250879,1.08989
0,62.5,1.77276,23.0766,-0.0693197,0.454749
0,62.5,38.5034,21.5669,0.214036,0.587867
0,62.5,1.25361,22.6836,-0.0521529,0.0124197
0,62.5,1.46676,20.7453,-0.287359,0.00371548
0,62.5,1.97318,23.2539,0.397216,0.11508
0,62.5,37.6887,19.6699,-1.70917,2.06859
0,62.5,1.24058,22.9281,0.0987498,-0.114386
0,62.5,35.6682,22.1108,-1.07259,1.39563
0,62.5,1.55807,23.1529,-0.233216,0.175164
0,62.5,36.9446,20.4466,-1.09999,1.68379
0,62.5,1.32229,23.1539,-0.266885,0.00391037
0,62.5,38.1951,21.0583,-0.246731,1.04139
0,62.5,2.12394,23.0836,0.251742,0.193855
0,62.5,36.6681,22.4624,-0.480583,0.765999
0,62.5,2.03196,23.4968,0.337911,0.101732
0,62.5,36.0664,22.4739,-0.525476,1.16389
0,62.5,1.25337,23.3583,0.0485846,0.211071
0,62.5,8.6325,18.4213,2.52263,2.81014
0,62.5,1.50893,23.4442,0.129407,-0.0222468
0,62.5,38.2411,20.6121,0.0617148,1.12654
0,62.5,1.27761,23.5952,0.0997282,0.145904
0,62.5,34.768,20.022,-0.91599,1.73039
0,62.5,1.81661,23.8206,0.170119,-0.0606574
0,62.5,36.8984,22.3869,-0.320541,1.00068
0,62.5,1.26115,23.8201,-0.0531724,0.0847908
0,62.5,29.575,20.094,-1.72581,0.0850626
0,62.5,1.28688,24.0386,0.172713,0.0250929
0,62.5,29.9981,19.7637,-1.76986,0.157837
0,62.5,1.27503,24.2544,-0.161687,0.0680328
0,62.5,6.758,19.468,1.04369,0.0873809
0,62.5,1.27733,24.4682,0.214761,0.0160234
0,62.5,38.5115,20.5635,-0.066522,1.10101
0,62.5,1.53162,24.5812,0.22109,-0.105686
0,62.5,38.1554,20.4577,-0.415158,1.48826
0,62.5,1.78551,24.7095,0.0118699,0.0615556
0,62.5,38.5189,21.0604,-0.282412,0.99752
0,62.5,1.25453,24.6977,-0.0439439,0.0509459
0,62.5,31.1568,19.3499,-1.18386,0.503729
0,62.5,1.27121,24.9254,0.164251,0.119536
0,62.5,32.6551,19.4495,-1.86822,0.311988
0,62.5,1.52465,25.054,0.0518206,0.117307
0,62.5,1.74614,19.6926,0.250163,1.20924
0,62.5,1.24746,25.1572,-0.0479751,0.137221
0,62.5,23.6533,16.1476,-1.3041,-3.33589
0,62.5,1.81358,25.1869,0.294426,0.197968
0,62.5,32.8029,19.3111,-1.6965,0.353366
0,62.5,1.28171,25.38,0.160979,0.133545
0,62.5,2.19915,22.4555,0.243849,0.491893
0,62.5,1.54237,25.2764,0.205451,0.138056
0,62.5,6.18691,19.2225,0.467343,1.32015
0,62.5,1.23703,25.5994,-0.147047,0.0795469
0,62.5,19.4471,23.7698,-0.0434243,-0.377835
0,62.5,1.3135,25.8182,0.240635,-0.0214488
0,62.5,20.084,25.9952,-0.180328,-0.0393975
0,62.5,1.27085,26.0139,-0.266833,-0.0856885
0,62.5,18.8742,26.0027,0.00848376,-0.00927644
0,62.5,1.71691,25.8671,0.108106,0.178123
0,62.5,20.3274,26.0017,-0.340896,0.0860553
0,62.5,1.89144,26.0226,0.109887,-0.153113
0,62.5,20.4215,25.735,-0.441947,0.0201779
0,62.5,1.55389,26.0424,-0.266392,0.122394
0,62.5,20.7964,25.9947,-0.540643,0.118236
0,62.5,2.50668,22.4702,0.181291,0.531693
0,62.5,26.9134,17.8423,-2.00963,1.00275
0,62.5,1.83651,21.6191,-0.0557584,0.298408
0,62.5,27.1055,17.8867,-1.44734,0.479515
0,62.5,1.23821,20.658,-0.0311813,-0.161217
0,62.5,25.9654,16.8063,-4.39651,-4.97374
0,62.5,1.2201,20.9375,-0.0501068,0.105885
0,62.5,22.5445,16.5354,-0.997266,-3.03893
0,62.5,1.48018,21.6162,-0.162022,0.0782836
0,62.5,21.4002,16.8966,-0.272671,-2.38167
0,62.5,2.94475,21.9881,0.324568,0.61122
0,62.5,18.2182,16.7386,0.632527,-2.2656
0,62.5,3.68562,22.3354,0.570607,1.0933
0,62.5,20.3512,19.298,0.0490029,-1.44685
0,62.5,2.22198,21.6671,0.0069642,0.464939
0,62.5,19.7354,16.8405,0.238399,-2.1195
0,62.5,3.91506,22.4187,0.582962,0.701404
0,62.5,18.0485,23.1982,0.257338,0.046785
0,62.5,3.72026,22.0979,0.757631,1.0111
0,62.5,20.4949,21.4375,-0.270746,-0.60224
0,62.5,4.14195,22.5354,0.475716,0.831011
0,62.5,19.0695,24.439,-0.00822103,0.0230382
0,62.5,2.53528,22.7143,0.263395,0.422284
0,62.5,18.2155,22.9692,0.143342,0.01733
0,62.5,3.42414,22.3611,0.391689,0.902993
0,62.5,18.8227,24.4282,-0.0284408,0.109816
0,62.5,3.08081,22.674,0.0416528,0.548922
0,62.5,20.3418,22.1871,-0.410232,-0.462606
0,62.5,3.62873,22.5709,0.421907,1.00993
0,62.5,19.9029,16.8455,0.17098,-2.15225
0,62.5,2.77111,22.6123,0.241849,0.641726
0,62.5,21.0136,16.9545,-0.163736,-2.19214
0,62.5,2.57216,22.9378,0.390482,0.566183
0,62.5,23.9201,16.8186,-1.33412,-3.01357
0,62.5,1.89845,22.8955,0.0265123,0.503594
0,62.5,22.2073,16.6724,-0.805505,-2.51776
0,62.5,2.10166,22.7885,-0.102476,0.311045
0,62.5,31.2817,18.9168,-1.31725,0.765506
0,62.5,2.68275,23.1338,0.333399,0.723669
0,62.5,32.9499,19.346,-1.70397,0.494883
0,62.5,2.78787,23.3493,0.51509,0.865547
0,62.5,36.2267,19.64,-0.620424,1.63238
0,62.5,2.42679,23.1997,0.24815,0.246791
0,62.5,35.6772,19.692,-0.79756,1.7322
0,62.5,2.31961,22.9665,0.25598,0.142106
0,62.5,35.0029,21.6746,-0.79172,1.3703
0,62.5,2.24064,23.3461,0.47767,0.256305
0,62.5,38.4812,19.2416,-0.853345,1.84515
0,62.5,2.54359,23.4256,0.575501,0.357779
0,62.5,16.176,16.8241,1.12947,-2.48094
0,62.5,1.73053,23.3571,0.24593,-0.0435538
0,62.5,38.2611,21.513,-0.070481,0.642166
0,62.5,1.79174,23.5936,0.201354,-0.0629799
0,62.5,36.0112,19.4088,-0.761344,2.31172
0,62.5,2.32337,23.582,0.527026,0.147651
0,62.5,36.7597,22.1435,-0.3336,1.02753
0,62.5,2.08677,23.7257,0.145493,0.0405293
0,62.5,33.5733,19.3774,-1.52024,1.80687
0,62.5,1.53743,23.6886,0.162489,-0.0846674
0,62.5,34.2564,21.8188,-1.15086,0.937285
0,62.5,2.35677,23.8191,0.0729222,0.0361767
0,62.5,37.8319,22.2339,-0.340153,0.436784
0,62.5,1.56039,24.1392,-0.04359,-0.0945046
0,62.5,37.8388,20.4838,-0.102063,1.21686
0,62.5,1.55156,23.9145,0.0534897,-0.176903
0,62.5,37.637,21.1967,-0.341108,1.06678
0,62.5,1.56668,24.3629,0.0993818,-0.0915495
0,62.5,34.754,19.5604,-1.11376,1.93886
0,62.5,1.83676,24.503,0.400652,0.0413416
0,62.5,38.2579,21.9975,0.141676,0.211399
0,62.5,2.14225,24.6331,0.00124037,0.295298
0,62.5,23.3653,16.3108,-1.21961,-3.53429
0,62.5,2.37596,24.5239,-0.169872,-0.150055
0,62.5,36.1533,19.4697,-0.557404,2.07977
0,62.5,1.52732,24.8165,-0.0186224,-0.0972457
0,62.5,35.4054,22.0915,-0.972589,1.28267
0,62.5,2.02306,24.8269,-0.0870982,0.224709
0,62.5,34.132,19.5894,-1.10788,1.79653
0,62.5,1.7795,24.9589,-0.217186,0.14077
0,62.5,36.8171,21.2208,-0.583783,1.39103
0,62.5,2.05436,25.0765,0.115313,0.0944874
0,62.5,2.06068,22.2012,0.274493,0.237851
0,62.5,2.31043,25.1113,0.119201,-0.233435
0,62.5,27.4109,17.3724,-2.07265,-1.28113
0,62.5,2.08953,25.3186,0.0438602,0.142115
0,62.5,20.3428,24.0791,-0.220981,-0.0866708
0,62.5,2.36457,25.3446,0.0291784,-0.107381
0,62.5,18.8243,16.9847,0.507772,-2.20643
0,62.5,1.82101,25.4155,0.0581501,0.32586
0,62.5,19.3851,22.1509,-0.139121,-0.730657
0,62.5,1.54566,25.4996,0.0125051,0.0939299
0,62.5,20.5206,25.4529,-0.396057,0.133522
0,62.5,1.53931,25.715,0.207391,0.0931858
0,62.5,19.9417,25.7448,-0.155771,-0.0398064
0,62.5,2.02018,25.7777,0.443262,0.0455729
0,62.5,20.2897,25.487,-0.306971,-0.106245
0,62.5,2.27167,25.7441,0.613113,0.102349
0,62.5,21.6907,25.9726,-0.225398,0.379752
0,62.5,2.14993,26.0056,0.230106,0.1476
0,62.5,22.1396,25.984,0.238573,0.634013
0,62.5,2.38085,21.9017,0.499035,0.623572
0,62.5,25.9482,17.6263,-2.48212,-1.86862
0,62.5,1.52428,19.9221,0.596993,0.547733
0,62.5,28.2649,17.7233,-2.17846,-0.104084
0,62.5,1.68068,20.6859,-0.166378,0.289187
0,62.5,27.5791,17.4472,-2.08743,-1.20588
0,62.5,2.04162,21.7958,0.0912153,0.43002
0,62.5,25.803,17.2498,-2.2986,-1.62196
0,62.5,1.55087,21.2195,-0.164652,0.257829
0,62.5,27.61,17.7493,-1.99093,-0.74888
0,62.5,1.99501,21.4655,0.281494,0.34047
0,62.5,26.1126,17.2061,-3.42208,-2.2305
0,62.5,4.11718,21.9189,1.07483,0.887484
0,62.5,23.9335,17.4251,-1.36377,-2.69051
0,62.5,4.38129,22.3787,0.783703,0.847826
0,62.5,22.021,16.7373,-0.774311,-2.43404
0,62.5,4.14577,22.2702,0.826151,0.789748
0,62.5,19.757,17.5426,0.202501,-1.80939
0,62.5,3.86887,22.6663,0.47987,0.772221
0,62.5,20.8217,16.8961,0.0633093,-2.18157
0,62.5,4.58992,22.5033,1.12975,0.629565
0,62.5,20.1014,16.9026,0.157856,-2.03293
0,62.5,3.51267,22.7725,0.146933,0.888093
0,62.5,20.2307,18.9878,0.00883563,-1.48209
0,62.5,2.86504,22.8206,0.0624419,0.864274
0,62.5,18.0919,24.5741,0.12724,-0.172784
0,62.5,3.25456,22.8383,0.0599311,0.529617
0,62.5,19.0418,23.9479,0.0392317,-0.239613
0,62.5,4.08023,22.7907,0.959925,0.500978
0,62.5,20.2698,18.6678,0.17727,-1.66488
0,62.5,2.92,23.0122,0.315214,0.772704
0,62.5,18.9638,24.6863,-0.00728187,0.0971138
0,62.5,3.18951,23.044,0.306969,0.602143
0,62.5,18.3111,22.3136,0.480271,-0.839776
0,62.5,4.57153,23.0212,1.31839,0.290784
0,62.5,18.1452,23.7377,0.254179,-0.00742725
0,62.5,3.77242,22.8856,0.569694,0.589127
0,62.5,18.4257,22.5365,0.0590338,-0.394567
0,62.5,4.84747,23.1176,1.07915,0.697827
0,62.5,18.3716,24.4759,-0.0943142,0.387839
0,62.5,3.51976,23.0029,0.443792,0.663294
0,62.5,18.5059,24.698,-0.188305,0.41484
0,62.5,3.02199,23.2409,0.292726,0.745859
0,62.5,19.1006,20.8706,0.391207,-0.90352
0,62.5,3.13504,23.4311,0.582745,0.623927
0,62.5,18.7306,24.6943,-0.0690798,0.0142474
0,62.5,3.63266,23.2124,0.410636,0.492025
0,62.5,23.6408,16.3709,-1.58102,-2.9745
0,62.5,3.38553,23.4371,0.610394,0.455624
0,62.5,20.0718,23.5957,-0.139077,-0.146947
0,62.5,2.86267,23.5622,0.691453,0.926259
0,62.5,19.577,17.617,0.160613,-1.75287
0,62.5,2.83874,23.7891,0.209564,0.827026
0,62.5,20.1016,18.424,0.164979,-1.69087
0,62.5,3.34795,23.7604,0.921013,0.353522
0,62.5,34.6707,19.315,-1.20085,2.03675
0,62.5,2.59276,23.6532,0.506599,0.387394
0,62.5,18.9853,23.2007,-0.0622609,-0.332021
0,62.5,2.10108,23.9543,0.0965312,0.0499624
0,62.5,18.3846,23.7569,0.35945,-0.214418
0,62.5,2.1117,24.1826,-0.275248,0.0849504
0,62.5,18.8979,24.1785,0.202455,0.0515836
0,62.5,2.62628,24.1721,0.499843,0.14078
0,62.5,20.5079,20.0195,-0.187473,-1.08226
0,62.5,1.82936,24.2687,-0.183077,0.0267239
0,62.5,18.6011,24.4125,-0.102421,0.364403
0,62.5,2.08543,24.4138,0.176767,-0.00847859
0,62.5,19.3953,23.0005,-0.219497,-0.535355
0,62.5,2.63219,24.4122,0.0112183,0.154701
0,62.5,30.796,19.0012,-1.45176,0.662425
0,62.5,2.95732,24.5092,0.19076,0.163517
0,62.5,20.1378,17.5878,0.127424,-1.9618
0,62.5,2.82373,24.8334,0.57137,0.12122
0,62.5,18.0604,24.0584,0.337061,-0.156195
0,62.5,2.47948,24.7275,0.173338,-0.22223
0,62.5,18.4365,22.0622,0.184815,-1.12818
0,62.5,2.85422,25.0664,0.254155,0.241905
0,62.5,20.1308,21.3683,-0.152942,-0.482635
0,62.5,2.27919,24.8793,0.229487,-0.138657
0,62.5,19.7171,23.2949,-0.247188,-0.486118
0,62.5,2.57432,24.9411,0.519107,-0.380446
0,62.5,19.9548,24.3057,-0.152717,-0.228243
0,62.5,2.58546,25.1628,-0.0718148,-0.294909
0,62.5,19.461,25.2121,-0.09443,-0.0294406
0,62.5,2.67523,25.3687,0.161771,-0.372729
0,62.5,19.8852,18.1723,0.133963,-1.6918
0,62.5,2.72081,25.5872,0.369307,-0.301096
0,62.5,20.7921,25.1943,-0.342307,0.121349
0,62.5,2.98401,25.5186,0.451771,0.273449
0,62.5,21.0267,25.9832,-0.534718,-0.137291
0,62.5,2.12343,25.5315,0.408575,0.112603
0,62.5,20.7549,25.4775,-0.31222,0.0142869
0,62.5,2.43301,25.5503,0.409781,-0.1265
0,62.5,20.6498,25.7286,-0.387359,0.00569977
0,62.5,1.83638,25.6272,0.369378,0.242034
0,62.5,21.2448,25.9741,-0.454934,0.295668
0,62.5,2.5354,25.7872,0.563493,-0.0724039
0,62.5,21.3353,25.7118,-0.298709,0.0302564
0,62.5,2.39269,25.9992,0.325758,-0.0616834
0,62.5,22.3696,25.9969,0.449953,-0.289275
0,62.5,5.61889,19.3305,0.364484,0.769721
0,62.5,25.1917,17.2607,-2.04132,-2.50412
0,62.5,1.58913,20.4399,0.293319,0.245664
0,62.5,28.6865,18.2765,-2.26406,-0.0900072
0,62.5,2.01901,19.7956,1.07173,1.13343
0,62.5,26.6005,17.5039,-2.85376,0.719947
0,62.5,1.80503,21.2558,0.0190888,0.271171
0,62.5,28.1159,17.6015,-2.18704,-0.422835
0,62.5,2.67985,21.8034,0.286471,0.770398
0,62.5,27.8372,17.7643,-2.02095,-0.633814
0,62.5,1.44425,21.0162,-0.0336573,0.146492
0,62.5,27.7932,17.4584,-2.20841,-0.628631
0,62.5,4.55906,22.1757,1.06415,0.874552
0,62.5,27.3209,17.9155,-1.57167,-0.52586
0,62.5,3.36247,21.8428,0.374652,1.41846
0,62.5,26.208,17.8541,-2.67381,-1.50187
0,62.5,4.75889,22.3283,1.21555,0.725651
0,62.5,25.8971,16.9311,-2.94056,-4.19497
0,62.5,5.33778,22.2858,1.61327,0.463723
0,62.5,24.0744,16.1779,-1.47429,-3.45805
0,62.5,4.96855,22.4341,1.28061,0.654184
0,62.5,23.3001,15.945,-1.27299,-3.39689
0,62.5,5.22575,22.4916,1.23388,0.449228
0,62.5,21.659,16.841,-0.636672,-2.2189
0,62.5,4.35272,22.6559,1.05045,0.439304
0,62.5,20.3482,17.1618,0.0278099,-2.11722
0,62.5,4.67619,22.7033,1.13906,0.569421
0,62.5,19.5455,16.8735,0.12448,-2.08209
0,62.5,4.43395,22.8555,0.979298,0.432595
0,62.5,20.3805,17.7462,0.0183792,-1.9814
0,62.5,4.16379,22.9776,0.812305,0.38843
0,62.5,19.7762,17.1567,-0.0242079,-1.97373
0,62.5,4.82251,22.8831,1.42191,0.618404
0,62.5,19.6242,17.2824,0.191098,-1.79029
0,62.5,5.12234,22.8061,1.50364,0.370002
0,62.5,20.3092,21.9274,-0.146776,-0.636765
0,62.5,5.37122,22.9099,1.2386,0.499268
0,62.5,20.065,18.0956,0.0838289,-1.78138
0,62.5,5.10144,23.0319,1.03476,0.369718
0,62.5,20.294,21.0169,-0.0268925,-0.63029
0,62.5,3.87747,23.0686,0.584324,0.392379
0,62.5,19.9713,17.7445,0.116834,-1.91445
0,62.5,3.35975,23.2082,0.213864,0.513604
0,62.5,19.8536,23.0332,-0.315233,-0.219421
0,62.5,4.01762,23.2353,1.03668,0.0677596
0,62.5,19.9789,22.5472,-0.666243,-0.261784
0,62.5,4.03523,23.4531,0.68775,0.112525
0,62.5,20.0783,23.1023,-0.348242,-0.170481
0,62.5,3.74957,23.3819,0.861944,0.0467402
0,62.5,19.5593,24.0335,-0.0806686,-0.318482
0,62.5,3.54742,23.5708,0.809943,0.183054
0,62.5,20.6869,17.0305,-0.0409173,-2.12296
0,62.5,3.12516,23.6599,0.65285,0.661663
0,62.5,20.2566,21.5892,-0.276511,-0.444383
0,62.5,3.1015,23.896,0.880114,0.388938
0,62.5,19.9303,17.3987,0.135802,-1.96346
0,62.5,2.60881,23.9119,-0.0574706,0.51061
0,62.5,20.5868,21.1794,-0.19617,-0.603539
0,62.5,1.83693,24.0436,-0.00869563,-0.0799653
0,62.5,19.3388,23.5092,-0.0631413,-0.366263
0,62.5,2.37241,24.0601,0.0239134,0.187418
0,62.5,19.4574,24.715,-0.0439127,-0.192396
0,62.5,3.10939,24.1281,0.679609,0.295352
0,62.5,20.329,19.8526,0.10103,-1.22892
0,62.5,2.87806,24.2949,0.264734,0.268327
0,62.5,20.4505,19.6234,0.00631036,-1.43341
0,62.5,2.36434,24.2949,0.146431,-0.17584
0,62.5,20.1756,17.3242,0.0124717,-2.10994
0,62.5,3.18372,24.3422,0.430812,0.222134
0,62.5,20.0716,20.6508,-0.0467861,-0.661964
0,62.5,2.72447,24.6223,0.209955,0.0390945
0,62.5,19.3059,22.7207,-0.203087,-0.551488
0,62.5,3.36026,24.7804,0.20489,0.240498
0,62.5,20.2387,19.5269,0.0657945,-1.34514
0,62.5,3.09444,24.9419,0.420508,0.256728
0,62.5,21.459,17.4796,-0.483261,-2.33452
0,62.5,3.16134,25.1732,0.407901,0.126324
0,62.5,18.4364,24.1771,0.179864,0.208288
0,62.5,2.92535,25.2854,0.322304,0.213103
0,62.5,20.1917,17.8869,0.00388869,-1.93421
0,62.5,3.46477,25.2372,0.435896,0.229756
0,62.5,19.8204,24.0657,-0.143855,-0.262434
0,62.5,3.73667,25.2155,0.555734,-0.0232968
0,62.5,20.6513,23.3495,-0.409543,-0.227263
0,62.5,3.2167,25.3975,0.221156,0.189287
0,62.5,19.705,25.2277,-0.176831,-0.137898
0,62.5,3.83217,25.403,0.836223,-0.382053
0,62.5,20.8881,25.7273,-0.477197,-0.0538086
0,62.5,3.49309,25.4498,0.272882,0.115131
0,62.5,20.9703,25.4144,-0.236152,0.2079
0,62.5,3.28544,25.6383,0.384876,0.390148
0,62.5,21.1022,25.6949,-0.304864,0.1581
0,62.5,3.07836,25.7364,0.704396,0.503906
0,62.5,21.1999,25.4445,-0.234035,0.199741
0,62.5,2.81741,25.7989,0.557907,-0.247525
0,62.5,21.4271,25.4326,-0.197874,0.080676
0,62.5,2.93076,26.0065,0.20964,-0.102806
0,62.5,21.4683,25.9897,-0.375858,-0.277147
0,62.5,2.65177,26.0233,0.348224,-0.0500518
0,62.5,22.8417,25.9907,0.412669,-0.0239451
0,62.5,1.9039,19.5066,1.02259,2.27949
0,62.5,29.2797,17.8756,-2.5336,0.50966
0,62.5,2.20289,20.8305,-0.0409849,0.708838
0,62.5,24.6243,16.8069,-1.7352,-2.87719
0,62.5,1.29886,19.7043,-0.035733,0.50329
0,62.5,28.7594,18.0717,-2.35642,-0.288211
0,62.5,2.28293,21.4377,0.168545,0.488307
0,62.5,28.215,18.0454,-2.2876,-0.1603
0,62.5,2.08196,21.2494,-0.0726229,0.328708
0,62.5,27.7885,18.035,-2.26256,-0.646041
0,62.5,3.91133,21.8563,0.72033,1.23735
0,62.5,25.8139,17.9534,-2.11382,-1.85314
0,62.5,2.94007,21.7563,0.429478,0.677491
0,62.5,26.9387,18.1205,-2.2561,-0.249918
0,62.5,4.83516,22.0928,1.22149,0.789629
0,62.5,27.3927,17.6742,-1.83426,-1.15742
0,62.5,3.95826,22.1343,0.931169,0.797037
0,62.5,25.1489,16.9633,-2.14106,-2.64667
0,62.5,5.8113,22.1926,1.57883,0.587449
0,62.5,26.6782,17.9925,-2.62248,-0.559857
0,62.5,5.09111,22.2177,1.4102,0.656562
0,62.5,25.6435,17.3366,-2.22932,-2.27461
0,62.5,5.54515,22.0747,1.54777,0.344528
0,62.5,27.2443,17.2684,-1.63223,-1.93527
0,62.5,5.58783,22.3287,1.5656,0.358406
0,62.5,26.3376,17.6671,-2.51256,-1.55958
0,62.5,5.58988,22.5389,1.429,0.445627
0,62.5,25.7678,17.6735,-2.62484,-1.97925
0,62.5,5.85175,22.5921,1.15631,0.574777
0,62.5,25.6568,16.9175,-2.17033,-3.44368
0,62.5,4.94225,22.6536,1.16938,0.685148
0,62.5,24.005,17.06,-1.22705,-3.0299
0,62.5,5.3545,22.6627,1.47981,0.29364
0,62.5,24.4094,16.3492,-1.60142,-3.20001
0,62.5,5.62282,22.7756,1.15707,0.615406
0,62.5,23.8008,16.6013,-1.25343,-3.77144
0,62.5,5.94403,22.8056,1.31437,0.50844
0,62.5,23.1653,16.1795,-1.13073,-3.36058
0,62.5,5.72093,22.9707,1.3613,0.486106
0,62.5,21.533,17.1039,-0.383966,-2.2345
0,62.5,5.47737,23.1046,1.2237,0.512864
0,62.5,21.8318,16.7711,-0.88518,-2.29183
0,62.5,4.30778,23.1461,1.25899,0.127838
0,62.5,22.9803,16.164,-1.11623,-3.28895
0,62.5,4.59602,23.2502,0.91789,0.331679
0,62.5,20.0117,17.1291,-0.0834509,-1.97519
0,62.5,4.31097,23.3608,0.719963,0.135368
0,62.5,22.8136,16.2244,-1.19691,-3.12375
0,62.5,4.35943,23.5659,0.757633,0.0906122
0,62.5,20.3186,20.2042,-0.234424,-1.02444
0,62.5,3.81555,23.6159,0.728437,0.166035
0,62.5,22.2412,17.0214,-0.762194,-2.51476
0,62.5,4.09978,23.6747,0.747668,0.0507935
0,62.5,20.2886,20.7325,-0.0759705,-0.601286
0,62.5,3.58983,23.8262,0.858048,0.301449
0,62.5,21.7948,17.0741,-0.482328,-2.38554
0,62.5,3.86506,23.8444,0.82297,0.134784
0,62.5,23.4093,16.5716,-1.48311,-3.12782
0,62.5,2.85084,24.0416,0.627425,0.276667
0,62.5,22.3678,16.5773,-0.956866,-2.57273
0,62.5,3.37194,24.0119,0.949685,0.370723
0,62.5,22.622,16.8083,-0.807766,-2.75455
0,62.5,3.65739,24.0522,0.868536,0.397047
0,62.5,22.0234,17.0085,-0.731258,-2.26814
0,62.5,3.42274,24.2287,0.708354,0.368932
0,62.5,21.0381,17.1939,-0.21243,-1.97078
0,62.5,3.51424,24.4739,0.47242,0.396286
0,62.5,20.3839,17.492,0.0219243,-1.99974
0,62.5,3.2793,24.5505,0.39908,0.117066
0,62.5,19.8608,22.3405,-0.105714,-0.795882
0,62.5,3.06959,24.7146,0.354939,0.101251
0,62.5,19.4286,22.4768,-0.0402793,-0.658165
0,62.5,3.59489,24.7225,0.359597,0.542473
0,62.5,19.9891,21.5938,-0.179576,-0.455592
0,62.5,3.82288,24.8449,0.856149,0.036548
0,62.5,20.7907,19.2734,-0.119376,-1.57988
0,62.5,3.37201,25.0077,0.63724,0.263782
0,62.5,20.4301,23.369,-0.316073,-0.174597
0,62.5,4.14366,24.8529,0.698754,-0.0335025
0,62.5,20.8013,19.6101,-0.269934,-1.36851
0,62.5,3.62887,24.9981,0.652914,0.0494975
0,62.5,20.4655,23.8467,-0.197495,-0.06277
0,62.5,3.9517,25.0471,0.819312,0.0794624
0,62.5,20.2135,24.3154,-0.216033,-0.136699
0,62.5,4.06619,25.2337,1.00151,-0.207259
0,62.5,20.1023,24.5568,-0.159806,-0.168147
0,62.5,3.95918,25.6136,0.675144,0.0148213
0,62.5,20.7376,24.328,-0.174844,0.140007
0,62.5,3.77908,25.8269,0.656094,-0.0645141
0,62.5,21.0418,25.157,-0.331187,0.127306
0,62.5,3.67105,25.606,0.859655,-0.481265
0,62.5,20.3709,25.0426,-0.378255,0.0355263
0,62.5,4.08582,25.8123,0.669219,-0.0122869
0,62.5,21.5565,25.707,-0.221984,0.00557452
0,62.5,3.48016,25.7679,0.951372,-0.250421
0,62.5,21.9129,25.9913,-0.0960833,-0.317673
0,62.5,3.16823,25.9812,0.595256,0.721
0,62.5,22.606,25.9932,0.407997,0.0510369
0,62.5,3.38281,25.9835,0.669137,-0.236853
0,62.5,22.9498,25.6982,-0.169248,-0.14824
0,62.5,3.46525,21.6061,0.205841,1.43544
0,62.5,31.0087,18.8291,-1.07228,0.597278
0,62.5,1.69106,21.8004,-0.073359,0.118968
0,62.5,28.4627,17.5611,-2.44617,-0.186024
0,62.5,13.8096,17.6321,2.04624,-1.65419
0,62.5,29.0805,17.7872,-2.14973,0.00722893
0,62.5,2.21628,21.0462,0.116375,0.84129
0,62.5,28.5929,17.5954,-2.32625,-0.230327
0,62.5,1.89199,20.5455,-0.155324,0.278331
0,62.5,28.438,18.1067,-2.17848,-0.141348
0,62.5,3.16798,21.6941,0.517811,1.09254
0,62.5,28.0295,17.8896,-2.18216,-0.494419
0,62.5,5.31273,22.0236,1.34205,0.715276
0,62.5,27.1282,18.2356,-2.11454,-0.166587
0,62.5,2.48276,21.6533,0.108237,0.821408
0,62.5,26.3145,18.1321,-2.75488,-1.26397
0,62.5,4.33496,22.0988,1.07921,0.943015
0,62.5,24.9327,16.8419,-1.90334,-2.80911
0,62.5,5.63625,21.7727,1.45219,0.608801
0,62.5,24.2024,16.2142,-1.6245,-3.4521
0,62.5,5.77405,21.9521,1.6918,0.524868
0,62.5,23.8712,16.2889,-1.63315,-3.40695
0,62.5,6.12829,22.1928,1.50518,0.60398
0,62.5,23.7978,17.1886,-1.198,-3.02655
0,62.5,5.92111,22.3851,1.64287,0.576094
0,62.5,24.2222,16.5457,-1.35045,-3.28618
0,62.5,6.43686,22.1821,1.4624,0.599038
0,62.5,26.0249,17.9328,-2.52092,-1.62599
0,62.5,6.21658,22.3992,1.54374,0.674376
0,62.5,25.119,16.6433,-1.63308,-3.05735
0,62.5,6.70798,22.2014,1.62369,0.611573
0,62.5,25.3295,16.9165,-2.36004,-3.00354
0,62.5,6.14536,22.6122,1.20571,0.571635
0,62.5,25.5291,16.8434,-2.52825,-3.60354
0,62.5,6.43597,22.637,1.38227,0.521126
0,62.5,25.4492,17.1809,-2.59817,-2.68275
0,62.5,6.23003,22.8304,1.43499,0.480335
0,62.5,24.894,16.5911,-1.51072,-2.79406
0,62.5,6.00703,23.0309,1.37425,0.437521
0,62.5,23.4966,17.0356,-1.24484,-2.99988
0,62.5,5.24261,23.217,1.17931,0.237847
0,62.5,23.6306,17.3288,-1.15366,-3.22985
0,62.5,4.95286,23.3056,1.13611,0.520115
0,62.5,22.9497,16.4725,-1.01124,-3.32023
0,62.5,5.20911,23.4312,0.879399,0.234821
0,62.5,24.0327,16.5015,-1.51838,-3.17456
0,62.5,4.64133,23.4447,0.839664,0.334726
0,62.5,22.7098,16.3922,-1.20238,-3.01812
0,62.5,4.89882,23.5215,0.659202,0.579707
0,62.5,20.8153,17.2718,-0.171095,-2.13529
0,62.5,4.62573,23.6758,0.565944,0.356263
0,62.5,21.6448,17.3282,-0.59017,-2.33693
0,62.5,4.86296,23.7735,0.800736,0.336676
0,62.5,20.5368,19.1853,-0.0496772,-1.68245
0,62.5,4.35745,23.7976,0.602042,0.211798
0,62.5,20.475,20.6025,-0.174962,-0.856761
0,62.5,4.36671,24.0495,0.947529,0.235676
0,62.5,21.4491,17.7104,-0.424442,-2.17327
0,62.5,4.11646,23.9226,0.738109,0.185354
0,62.5,20.555,17.2748,-0.0860221,-1.97917
0,62.5,4.17023,24.1931,0.593951,-0.0205453
0,62.5,20.9196,17.478,-0.145859,-2.05476
0,62.5,3.91753,24.0966,0.653659,0.361889
0,62.5,20.633,19.801,-0.213886,-1.2864
0,62.5,3.68944,24.2939,0.696854,0.5187
0,62.5,20.5272,20.3451,-0.33077,-0.930622
0,62.5,4.39068,24.3496,0.69781,-0.109318
0,62.5,20.3681,18.0708,-0.0166432,-1.90964
0,62.5,3.78201,24.55,0.376059,0.434264
0,62.5,20.5729,18.7197,-0.0787928,-1.69739
0,62.5,4.16954,24.4683,0.893001,0.181105
0,62.5,19.6877,24.2806,-0.128731,-0.300888
0,62.5,4.00239,24.6542,0.711696,-0.0744483
0,62.5,20.8386,19.9296,-0.322241,-1.20621
0,62.5,4.55342,24.5227,0.692997,-0.19211
0,62.5,19.1075,22.6436,-0.0689839,-0.719905
0,62.5,4.32316,24.6665,0.956418,0.174421
0,62.5,19.9759,24.7859,-0.210593,-0.241812
0,62.5,4.76698,24.6197,0.967409,-0.307801
0,62.5,20.6404,22.8128,-0.519313,-0.288613
0,62.5,4.50555,24.7991,1.10558,-0.185439
0,62.5,20.354,24.5573,-0.202341,-0.050781
0,62.5,4.35919,25.2287,0.643438,-0.0174403
0,62.5,20.8625,24.0965,-0.310472,0.138003
0,62.5,4.27775,25.0204,1.08458,-0.322334
0,62.5,21.2676,25.1735,-0.257945,0.158712
0,62.5,4.14934,25.4424,0.680333,0.0743663
0,62.5,21.506,25.1724,-0.239486,-0.0507959
0,62.5,4.44625,25.4409,0.638857,-0.0128375
0,62.5,22.1255,25.4534,-0.285298,0.25197
0,62.5,4.28303,25.6458,0.734373,0.0316587
0,62.5,21.6567,25.4498,-0.195615,-0.0905723
0,62.5,4.57147,25.6629,0.625004,0.176008
0,62.5,22.246,25.724,-0.267431,0.262829
0,62.5,4.40012,25.8667,0.718147,0.200479
0,62.5,21.7922,25.7099,-0.346182,0.0352286
0,62.5,3.63841,26.0212,0.468044,-0.150562
0,62.5,23.0669,25.9949,0.273461,-0.110149
0,62.5,3.93153,26.0196,0.518143,-0.0135148
0,62.5,23.1669,25.757,-0.244584,-0.347306
0,62.5,1.6919,20.9534,-0.152389,0.126286
0,62.5,35.2396,19.6557,-0.9315,1.78148
0,62.5,3.23376,20.542,0.565248,2.09753
0,62.5,33.42,19.7607,-1.63503,1.3239
0,62.5,2.18971,20.0916,0.259001,0.866268
0,62.5,29.0156,18.5403,-2.13647,0.0246594
0,62.5,1.18158,19.5403,0.741441,0.962986
0,62.5,28.9056,17.9096,-2.29246,-0.10956
0,62.5,2.50835,21.0232,0.210419,0.951625
0,62.5,28.602,18.4941,-2.18712,-0.00312958
0,62.5,1.91082,21.0308,-0.180644,0.377961
0,62.5,28.6973,17.7882,-2.41871,-0.250165
0,62.5,1.94078,20.7928,-0.0901764,0.460743
0,62.5,28.0167,18.1767,-1.96575,-0.27094
0,62.5,5.05506,21.9731,1.23274,0.754619
0,62.5,28.3782,18.3324,-2.00409,-0.104727
0,62.5,6.01537,21.7662,1.60755,0.549248
0,62.5,27.5582,18.0055,-1.85549,-0.502777
0,62.5,5.39715,21.7933,1.393,0.692024
0,62.5,26.0677,18.2206,-2.45112,-1.17982
0,62.5,6.03878,21.9852,1.55609,0.53616
0,62.5,26.5304,18.1425,-2.41371,-0.749986
0,62.5,6.62279,21.9707,1.35751,0.697466
0,62.5,25.5428,17.5776,-2.50481,-2.08337
0,62.5,6.32436,21.9846,1.47105,0.597288
0,62.5,24.9728,17.1792,-2.11139,-2.51074
0,62.5,6.93184,22.2658,1.80902,0.186429
0,62.5,24.1287,17.2722,-1.61701,-2.52565
0,62.5,6.48609,22.4138,1.51937,0.567239
0,62.5,23.3055,17.167,-1.05494,-2.69486
0,62.5,7.33628,22.543,1.80132,0.242846
0,62.5,23.1615,16.9485,-1.11016,-2.83061
0,62.5,7.1343,22.4021,1.67353,0.354342
0,62.5,23.0548,16.7211,-0.921081,-2.88302
0,62.5,6.73888,22.4634,1.66054,0.380703
0,62.5,22.8129,16.708,-0.773397,-3.02511
0,62.5,6.48263,22.8845,1.56829,0.442551
0,62.5,23.3386,16.8291,-1.05254,-3.17093
0,62.5,6.69549,22.7055,1.36843,0.286439
0,62.5,22.6655,17.0947,-0.693261,-2.64225
0,62.5,6.25438,23.0858,1.38421,0.381445
0,62.5,23.4814,16.0658,-1.24066,-3.45756
0,62.5,6.69957,22.9867,1.89805,0.221264
0,62.5,22.4074,16.8853,-0.848225,-2.75185
0,62.5,5.77059,23.2035,1.16353,0.471502
0,62.5,23.1971,16.5068,-1.29571,-3.34683
0,62.5,6.02301,23.2803,1.17465,0.390647
0,62.5,21.22,17.416,-0.460271,-2.08056
0,62.5,5.54418,23.3317,1.17123,0.474321
0,62.5,21.1176,17.6194,-0.20627,-1.99135
0,62.5,5.80604,23.454,1.27794,0.45466
0,62.5,20.5944,17.8183,0.0201905,-1.88113
0,62.5,5.44495,23.5332,0.863917,0.237639
0,62.5,22.0972,17.2968,-0.673591,-2.33338
0,62.5,5.66429,23.6487,1.02121,0.176363
0,62.5,20.4294,18.9193,-0.0803597,-1.61434
0,62.5,5.11814,23.6584,0.883058,0.193664
0,62.5,20.6074,18.0777,-0.0904514,-1.89132
0,62.5,5.33669,23.7635,0.926016,0.275043
0,62.5,20.3294,23.1052,-0.428692,-0.1765
0,62.5,4.58394,24.1891,1.11713,0.237185
0,62.5,20.8852,18.9111,-0.208309,-1.86836
0,62.5,4.60732,23.9177,0.794611,0.282701
0,62.5,20.579,18.3261,-0.0252683,-1.93424
0,62.5,3.94779,24.3455,0.766884,0.418327
0,62.5,20.6875,18.982,-0.109359,-1.66824
0,62.5,4.82143,24.0434,1.11207,0.22527
0,62.5,20.2798,18.2789,0.0766196,-1.8181
0,62.5,4.76304,24.3364,1.25272,0.1523
0,62.5,20.226,22.8692,-0.335382,-0.25382
0,62.5,5.01192,24.1876,1.16064,0.230495
0,62.5,20.9317,20.1749,-0.325961,-1.31783
0,62.5,4.98427,24.4391,1.40916,0.263265
0,62.5,20.5845,22.218,-0.522032,-0.36938
0,62.5,5.06175,24.6514,0.851644,0.477365
0,62.5,20.6915,20.787,-0.204476,-1.171
0,62.5,4.56396,25.008,0.855151,0.217037
0,62.5,20.7904,22.2762,-0.580747,-0.456741
0,62.5,4.80309,24.8365,0.59457,-0.175591
0,62.5,20.6413,22.5278,-0.614899,-0.40127
0,62.5,4.84537,25.0722,0.807854,-0.094298
0,62.5,20.9815,23.8237,-0.403714,-0.0754261
0,62.5,5.06209,24.8957,0.61376,0.355902
0,62.5,20.5496,25.2159,-0.456657,0.119008
0,62.5,4.64104,25.2346,0.766082,0.038226
0,62.5,21.1241,24.8802,-0.262028,0.256635
0,62.5,5.1302,25.1316,0.898194,0.291981
0,62.5,21.456,24.6755,-0.24936,0.0164779
0,62.5,5.37833,25.2321,1.33275,-0.103783
0,62.5,21.5987,24.9232,-0.234442,-0.0782072
0,62.5,4.93517,25.3082,0.46476,0.0108259
0,62.5,22.0153,25.7121,-0.155913,0.390217
0,62.5,4.73332,25.4648,0.539869,0.194625
0,62.5,22.479,25.7328,-0.0725795,-0.0764418
0,62.5,4.73507,25.8168,1.04211,-0.271865
0,62.5,22.3598,25.466,-0.284656,0.148607
0,62.5,4.21993,26.0269,0.578121,0.0259107
0,62.5,22.5948,25.485,-0.136362,0.0869352
0,62.5,4.56581,26.0306,0.886833,-0.204426
0,62.5,23.3186,26.0075,-0.0529654,-0.112611
0,62.5,4.04092,21.6247,0.582415,1.3728
0,62.5,30.421,18.8024,-1.53565,0.874931
0,62.5,2.79747,19.5303,0.363443,0.709435
0,62.5,34.2554,19.3654,-1.32411,2.01744
0,62.5,2.58368,21.4452,0.246603,0.982706
0,62.5,29.4418,18.1749,-2.33364,0.680532
0,62.5,4.37388,21.8632,1.09015,0.954073
0,62.5,29.1484,18.2905,-2.28184,0.367178
0,62.5,2.34474,19.7632,1.54947,1.01471
0,62.5,28.8091,18.6292,-2.16977,-0.0601517
0,62.5,2.81554,21.552,0.302809,0.773896
0,62.5,28.1715,18.3882,-2.19562,-0.250057
0,62.5,6.32947,21.7702,1.66304,0.520319
0,62.5,27.7346,18.2789,-2.07835,-0.369638
0,62.5,6.95208,21.715,1.46738,0.594172
0,62.5,27.3473,18.1683,-2.17768,-0.313068
0,62.5,6.61079,21.7496,1.57164,0.534471
0,62.5,28.4405,18.6375,-2.13428,-0.0582028
0,62.5,6.873,21.9408,1.28854,0.597417
0,62.5,25.982,18.5686,-2.41645,-1.28196
0,62.5,7.34788,21.9356,1.71527,0.488881
0,62.5,26.2888,18.3575,-2.28171,-1.22862
0,62.5,7.264,22.1872,1.69314,0.393876
0,62.5,26.8752,18.3377,-2.42483,0.136133
0,62.5,7.55993,22.0715,1.9064,0.29861
0,62.5,25.8877,18.2742,-2.46654,-1.6693
0,62.5,7.47198,22.3049,1.83337,0.234961
0,62.5,24.589,16.3171,-1.41945,-3.00223
0,62.5,7.58989,22.5507,1.84027,0.144202
0,62.5,25.2549,17.6886,-1.83419,-2.0693
0,62.5,7.17562,22.737,1.60511,0.205278
0,62.5,24.0886,17.6118,-1.56208,-2.36879
0,62.5,7.15167,22.981,1.72615,0.13217
0,62.5,24.3591,16.8627,-1.48505,-3.02454
0,62.5,6.96322,22.5769,1.62365,0.234673
0,62.5,23.4493,17.4243,-1.11783,-2.9267
0,62.5,6.93608,23.1038,1.86651,0.26535
0,62.5,22.9467,17.186,-0.876052,-2.59394
0,62.5,6.91728,22.8297,1.55729,0.157477
0,62.5,22.8795,16.9777,-0.672826,-3.12911
0,62.5,6.70827,23.25,1.82325,0.217035
0,62.5,22.3362,17.6426,-0.645829,-2.26287
0,62.5,7.36457,23.0624,1.97907,-0.218
0,62.5,22.2969,17.3474,-0.706199,-2.34135
0,62.5,6.4701,23.1675,1.75824,0.0663635
0,62.5,22.5195,17.4931,-0.798177,-2.46798
0,62.5,6.76781,23.4661,1.46676,0.279536
0,62.5,21.8869,17.3248,-0.688082,-2.29446
0,62.5,6.25085,23.3626,1.48765,-0.00178753
0,62.5,22.4652,17.1783,-0.641719,-2.5287
0,62.5,6.48815,23.435,1.46109,-0.0207634
0,62.5,21.7066,17.589,-0.631598,-2.06106
0,62.5,6.02899,23.558,1.45072,0.305773
0,62.5,20.7937,17.7034,-0.121717,-2.01032
0,62.5,6.25666,23.6234,1.48747,0.113478
0,62.5,21.9339,17.6068,-0.570313,-2.17342
0,62.5,5.87264,23.7755,1.15579,0.224445
0,62.5,20.8292,18.0256,-0.143026,-1.95697
0,62.5,5.75493,23.9986,1.23418,0.148471
0,62.5,20.426,18.508,0.051726,-1.87613
0,62.5,5.54364,23.8778,1.1591,0.0970133
0,62.5,20.9781,18.2244,-0.188208,-1.97533
0,62.5,5.86283,24.1754,1.29991,0.254305
0,62.5,20.6126,19.445,-0.0862852,-1.6187
0,62.5,5.06966,23.9214,1.07544,0.23265
0,62.5,20.7627,18.6181,-0.226281,-1.75929
0,62.5,5.50054,24.1398,1.28546,0.0749417
0,62.5,20.7291,21.4487,-0.199261,-1.00479
0,62.5,5.2811,24.0269,1.13271,0.218647
0,62.5,21.0129,19.7888,-0.443934,-1.49472
0,62.5,5.58637,24.3302,1.13509,0.182104
0,62.5,20.9237,20.4192,-0.132418,-1.33138
0,62.5,5.24597,24.282,1.35483,0.160046
0,62.5,20.7941,21.9655,-0.453316,-0.644509
0,62.5,5.82664,24.4196,1.04996,0.272043
0,62.5,20.7067,21.7221,-0.308624,-0.754252
0,62.5,5.30218,24.4812,1.00769,0.280719
0,62.5,20.4772,24.7877,-0.307933,0.106015
0,62.5,5.54929,24.5602,1.01914,0.123196
0,62.5,20.6065,24.0873,-0.273984,0.0772282
0,62.5,5.30059,24.7332,0.927153,0.202508
0,62.5,20.8939,24.935,-0.317397,0.174157
0,62.5,5.83462,24.6493,1.09787,0.236154
0,62.5,20.6439,24.9648,-0.388123,0.226163
0,62.5,5.56559,24.7899,0.935839,0.110436
0,62.5,21.7414,25.1866,-0.188372,-0.0328405
0,62.5,5.33925,24.9761,0.677929,0.000237851
0,62.5,21.35,24.9195,-0.230409,0.119577
0,62.5,5.48354,25.4165,1.19695,0.0527092
0,62.5,22.3423,24.9372,-0.529187,0.0225404
0,62.5,4.93511,25.5932,1.06756,-0.487738
0,62.5,21.8909,25.4396,-0.167163,0.243534
0,62.5,5.16531,25.4056,1.06094,-0.506142
0,62.5,22.2363,25.1965,-0.449931,0.151268
0,62.5,5.01882,25.7938,0.820465,-0.235344
0,62.5,21.9916,25.1917,-0.385532,0.057941
0,62.5,4.85713,26.0182,0.630728,-0.057697
0,62.5,22.7208,25.7387,-0.0329826,0.0573718
0,62.5,5.13323,26.0258,0.546388,-0.183043
0,62.5,23.834,26.0007,-0.374639,0.15965
0,62.5,2.9341,21.3661,0.767844,0.953555
0,62.5,37.662,20.3456,-0.916584,1.81602
0,62.5,6.72322,21.3427,1.40384,0.630641
0,62.5,38.2515,20.8507,0.0705759,1.20036
0,62.5,5.3254,21.5485,1.42737,0.732744
0,62.5,29.7266,18.1201,-2.24038,0.951721
0,62.5,7.00624,21.3773,1.44118,0.522606
0,62.5,29.9988,18.6225,-1.67792,0.572795
0,62.5,6.48273,21.5449,1.44501,0.539039
0,62.5,28.9309,18.3023,-2.4,-0.0253372
0,62.5,5.85197,21.6035,1.39009,0.650678
0,62.5,27.9369,18.4369,-2.079,-0.381859
0,62.5,6.78208,21.5618,1.48494,0.56752
0,62.5,28.7311,18.8402,-1.97344,0.0767811
0,62.5,7.19268,21.7749,1.48383,0.440921
0,62.5,26.1991,18.5776,-2.34071,-1.14031
0,62.5,7.06924,22.0414,1.74747,0.236931
0,62.5,27.1176,18.5514,-2.26983,-0.72176
0,62.5,7.51777,21.7435,1.367,0.51533
0,62.5,25.762,18.4615,-2.23587,-1.46443
0,62.5,7.71619,21.866,1.70484,0.200784
0,62.5,26.5137,18.514,-2.64197,-0.788353
0,62.5,7.84059,22.0769,1.91792,0.207978
0,62.5,24.7614,17.0138,-2.00562,-2.72407
0,62.5,8.16601,21.5378,1.4503,0.178483
0,62.5,25.6423,18.0558,-2.56265,-1.82751
0,62.5,7.72855,22.3067,1.8461,0.237343
0,62.5,24.7282,16.5409,-1.55132,-2.97009
0,62.5,7.99141,21.8392,1.67057,0.135642
0,62.5,25.3326,17.4167,-2.06376,-2.23415
0,62.5,7.87786,22.4977,1.83182,0.162505
0,62.5,23.9277,17.7961,-1.3513,-2.33604
0,62.5,8.01185,22.2573,1.85566,0.164533
0,62.5,24.3,17.1277,-1.61057,-2.71497
0,62.5,7.43048,22.7875,1.7448,0.0673915
0,62.5,23.1348,17.3074,-1.044,-2.57358
0,62.5,8.17563,22.4282,1.88484,0.160668
0,62.5,22.8782,17.4974,-0.88888,-2.58253
0,62.5,7.03981,23.3032,1.86119,0.282442
0,62.5,22.715,17.364,-0.864887,-2.94078
0,62.5,7.73663,22.7305,1.94475,0.162191
0,62.5,22.66,17.7097,-0.74279,-2.61718
0,62.5,7.93055,22.89,2.10235,0.0827807
0,62.5,22.495,17.8749,-0.667611,-2.13673
0,62.5,7.60868,22.9474,2.05952,0.0660514
0,62.5,22.5146,18.1311,-0.95139,-2.28686
0,62.5,7.82624,23.1085,2.04484,0.125006
0,62.5,22.2673,17.9427,-0.731676,-2.0877
0,62.5,7.27329,23.2944,1.97289,-0.21236
0,62.5,22.0664,17.9478,-0.647669,-2.0938
0,62.5,7.57232,23.212,2.04595,0.0284735
0,62.5,22.1266,17.6356,-0.618293,-2.32764
0,62.5,6.53349,23.667,1.08479,0.239015
0,62.5,21.8526,17.8887,-0.506252,-2.30545
0,62.5,7.00459,23.5425,1.78211,0.11204
0,62.5,21.2481,17.8362,-0.254594,-2.01403
0,62.5,6.0824,23.8585,1.25171,0.0521612
0,62.5,21.6349,17.8664,-0.523994,-2.13805
0,62.5,6.3375,23.8605,1.28172,0.370298
0,62.5,20.9928,17.8602,-0.0687215,-1.96129
0,62.5,6.10636,24.0894,1.18356,0.0818679
0,62.5,20.7923,18.3714,-0.0435516,-1.81229
0,62.5,6.54476,23.9565,1.48461,0.226594
0,62.5,21.1755,18.0801,-0.188068,-1.87455
0,62.5,6.33002,24.1524,1.34021,0.125979
0,62.5,21.123,18.8646,-0.258613,-1.79373
0,62.5,7.01355,23.7874,1.53002,-0.187659
0,62.5,20.9763,19.1572,-0.270229,-1.80285
0,62.5,6.78496,23.9782,1.45898,-0.244314
0,62.5,20.9883,19.4804,-0.351996,-1.54184
0,62.5,7.29446,23.7827,1.59553,-0.058402
0,62.5,20.8964,21.2912,-0.257978,-1.11357
0,62.5,6.8133,24.2112,1.25786,-0.146387
0,62.5,20.8329,23.6086,-0.36202,-0.0530945
0,62.5,7.0617,24.0097,1.36806,-0.0936195
0,62.5,20.728,23.8569,-0.293099,0.0834801
0,62.5,6.55711,24.2253,1.36484,0.244403
0,62.5,20.9845,24.6233,-0.321837,0.287613
0,62.5,6.57659,24.4606,1.41222,0.170995
0,62.5,20.6149,24.5455,-0.274207,0.0227486
0,62.5,6.08249,24.3512,1.08633,0.142287
0,62.5,21.7044,24.6795,-0.310531,-0.338378
0,62.5,6.08827,24.6084,1.1497,-0.0230585
0,62.5,21.3485,24.4149,-0.438857,0.124
0,62.5,5.81743,24.873,0.816913,0.184341
0,62.5,22.5587,24.9427,-0.646938,-0.0496858
0,62.5,5.59051,25.0429,0.771352,0.067452
0,62.5,22.0978,24.9501,-0.440462,0.0245803
0,62.5,5.97498,25.0309,1.18938,-0.0677174
0,62.5,22.6065,24.6936,-0.936365,-0.196828
0,62.5,5.72433,25.2039,1.36997,-0.191824
0,62.5,22.4696,25.2117,-0.53715,0.160694
0,62.5,5.75342,25.4316,0.999097,-0.0445693
0,62.5,22.7953,24.9847,-0.671787,-0.121409
0,62.5,5.52022,25.6412,0.60168,0.027064
0,62.5,22.7001,25.2235,-0.602978,-0.0821199
0,62.5,5.23887,25.608,0.73143,-0.324244
0,62.5,23.0762,25.4226,-0.358665,-0.224412
0,62.5,5.30805,25.834,0.680685,-0.233122
0,62.5,24.3164,26.0063,-0.102843,-0.012918
0,62.5,4.96283,21.5698,1.41901,0.984045
0,62.5,35.0479,19.3455,-0.894031,1.90816
0,62.5,5.5939,21.5274,1.52594,0.62427
0,62.5,35.904,19.7523,-0.502638,1.76899
0,62.5,5.8672,21.3837,1.63616,0.669781
0,62.5,30.5443,18.5485,-1.41325,1.07881
0,62.5,5.15563,21.3851,1.50811,0.858697
0,62.5,29.5764,18.409,-2.09048,0.686514
0,62.5,6.41962,21.3375,1.3932,0.522117
0,62.5,28.2091,18.6558,-2.19432,-0.309156
0,62.5,7.38059,21.3059,1.5558,0.330492
0,62.5,29.365,18.4559,-2.25784,0.338011
0,62.5,7.16455,21.5285,1.46608,0.432253
0,62.5,27.5261,18.3358,-1.88755,-0.463373
0,62.5,7.68165,21.3098,1.45659,0.379409
0,62.5,26.4356,18.7309,-2.46794,-0.544058
0,62.5,7.41468,21.5367,1.35035,0.458276
0,62.5,26.6639,18.3732,-2.5243,-0.720229
0,62.5,7.54661,21.1128,1.6037,0.385202
0,62.5,25.5521,18.25,-2.31362,-1.91428
0,62.5,7.68773,21.5274,1.30394,0.426065
0,62.5,26.1631,18.8303,-2.22232,-1.09186
0,62.5,7.89595,21.636,1.3883,0.236166
0,62.5,25.4876,17.7917,-2.19386,-1.95001
0,62.5,7.98049,21.3875,1.43678,0.326559
0,62.5,24.7177,17.2984,-1.83124,-2.38103
0,62.5,8.25086,21.7523,1.56592,0.150921
0,62.5,24.5342,17.0963,-1.845,-2.81754
0,62.5,8.70025,21.7224,1.72636,-0.0123419
0,62.5,24.2999,17.5027,-1.67064,-2.66546
0,62.5,8.14255,22.0262,1.72073,0.120573
0,62.5,24.4711,16.6276,-1.64599,-3.13417
0,62.5,8.40763,21.9183,1.63957,0.178645
0,62.5,23.7614,17.5889,-1.31634,-2.65032
0,62.5,8.31162,22.1859,1.80328,0.141927
0,62.5,23.2651,17.5332,-1.09562,-2.40003
0,62.5,8.53432,22.232,1.88779,-0.155529
0,62.5,23.1857,17.8431,-1.05582,-2.17812
0,62.5,8.04782,22.665,2.03079,0.143301
0,62.5,23.0504,17.6273,-0.988052,-2.29354
0,62.5,8.2703,22.7372,2.13394,-0.108354
0,62.5,23.0153,18.0114,-1.06511,-1.94938
0,62.5,8.42142,22.9255,2.04664,0.0101367
0,62.5,22.8449,17.8259,-0.925143,-2.46886
0,62.5,8.14968,22.9862,2.14505,0.018164
0,62.5,22.8665,18.2727,-0.972269,-2.1221
0,62.5,8.31143,23.1784,2.05371,0.152826
0,62.5,22.7428,18.0547,-0.860582,-2.46622
0,62.5,8.0446,23.229,2.05785,0.0311797
0,62.5,22.6427,18.3725,-0.865373,-2.23877
0,62.5,7.96501,23.5084,2.10798,0.1712
0,62.5,22.3025,18.2256,-0.884061,-1.92862
0,62.5,7.7803,23.3591,2.04451,0.0947954
0,62.5,21.7285,18.3931,-0.507029,-1.7841
0,62.5,7.85128,23.7481,1.99943,0.0217247
0,62.5,21.4339,18.0478,-0.286084,-1.94224
0,62.5,7.47903,23.4491,1.87167,-0.0591445
0,62.5,21.2676,18.6175,-0.332558,-1.84714
0,62.5,7.65671,23.5969,2.01723,-0.0207274
0,62.5,21.8764,18.162,-0.651808,-2.07625
0,62.5,6.76212,23.7263,1.28041,-0.116694
0,62.5,21.1149,18.4256,-0.296425,-1.89917
0,62.5,7.67218,23.976,1.51127,-0.360027
0,62.5,21.3336,18.2878,-0.311191,-1.89003
0,62.5,7.25986,23.5624,1.89483,-0.164929
0,62.5,21.17,19.3033,-0.360639,-1.53578
0,62.5,7.5349,23.802,1.58184,-0.322361
0,62.5,20.9899,18.6376,-0.216516,-1.78764
0,62.5,7.31722,24.0233,1.24619,-0.10936
0,62.5,20.9307,21.6052,-0.416769,-0.82525
0,62.5,7.25622,24.6049,1.08444,-0.262517
0,62.5,20.4275,22.4475,-0.605067,-0.336037
0,62.5,7.24165,24.3677,1.51852,-0.460452
0,62.5,20.9557,24.3881,-0.216667,0.30784
0,62.5,7.00018,24.5954,1.32221,-0.119987
0,62.5,20.8562,22.5916,-0.647144,-0.314812
0,62.5,7.07933,24.2471,1.23411,-0.0624585
0,62.5,20.7679,24.7086,-0.411411,0.21288
0,62.5,6.3745,24.6552,1.12244,-0.225844
0,62.5,21.2138,24.6303,-0.274412,0.179068
0,62.5,6.85619,24.4404,1.39478,-0.234829
0,62.5,21.5966,24.4292,-0.34874,-0.223171
0,62.5,6.7886,24.8487,1.27973,-0.0825979
0,62.5,21.8439,24.9449,-0.36401,-0.184206
0,62.5,6.31213,24.4182,1.23305,-0.111427
0,62.5,21.9492,24.7065,-0.401916,-0.232025
0,62.5,6.14404,24.8191,1.00414,0.0150103
0,62.5,22.3979,24.5952,-0.732439,-0.352857
0,62.5,6.46335,24.8574,0.967268,-0.248109
0,62.5,22.695,24.4427,-0.525043,-0.0886231
0,62.5,6.2471,25.0338,1.05987,-0.0514968
0,62.5,22.211,24.702,-0.533254,-0.023235
0,62.5,5.99443,25.2558,1.09529,0.115066
0,62.5,22.837,25.4642,-0.256931,-0.210638
0,62.5,5.85187,25.6132,0.772867,-0.107245
0,62.5,23.1736,25.1086,-0.764832,-0.216213
0,62.5,5.63816,25.8183,0.755041,0.0244798
0,62.5,23.5776,26.0092,-0.23908,-0.0412198
0,62.5,5.43371,26.0235,0.402376,0.00257244
0,62.5,24.167,25.7618,-0.535344,0.119947
0,62.5,3.36851,21.0739,1.01639,1.24225
0,62.5,33.2388,19.3509,-1.67219,1.02976
0,62.5,4.73815,21.4956,1.31978,1.187
0,62.5,38.5101,20.3394,-0.131317,1.12473
0,62.5,3.1726,21.4802,0.600746,0.991493
0,62.5,30.225,18.5622,-1.50395,0.718881
0,62.5,6.62512,21.138,1.46269,0.581711
0,62.5,29.9902,18.2027,-2.07586,1.22662
0,62.5,6.33466,21.1255,1.50945,0.548106
0,62.5,29.7514,18.6709,-1.95239,0.483692
0,62.5,6.93475,21.1512,1.49632,0.494577
0,62.5,27.7761,18.5936,-2.24343,-0.278031
0,62.5,7.40145,20.9333,1.42329,0.39062
0,62.5,29.0218,18.8308,-2.07622,0.113612
0,62.5,7.20375,21.1755,1.42129,0.552878
0,62.5,27.2952,18.4691,-2.18463,-0.63
0,62.5,7.76528,20.9684,1.69401,0.514781
0,62.5,26.9107,18.6214,-2.46959,-0.754932
0,62.5,7.90036,21.162,1.59094,0.377196
0,62.5,25.361,17.9815,-2.07448,-1.91877
0,62.5,8.19469,21.2337,1.84072,0.498635
0,62.5,25.7234,18.7351,-2.24073,-1.65568
0,62.5,8.12147,21.0132,1.85049,0.729485
0,62.5,24.6127,17.9251,-1.98827,-2.54893
0,62.5,8.39265,21.419,1.67164,0.307383
0,62.5,24.9091,17.4231,-1.84928,-2.55101
0,62.5,8.49742,21.6304,1.54355,0.220629
0,62.5,24.8202,17.7168,-1.81647,-2.30383
0,62.5,8.90505,21.8567,1.70308,0.0505668
0,62.5,25.0793,17.5881,-1.80861,-2.36184
0,62.5,8.80016,22.1323,1.86103,-0.137426
0,62.5,24.2539,17.8328,-1.74648,-2.43803
0,62.5,8.94441,22.2915,1.82475,-0.0456528
0,62.5,24.6477,17.5752,-1.73406,-2.58273
0,62.5,8.62635,21.9746,1.76561,-0.0532987
0,62.5,24.4607,17.3663,-1.7928,-2.69993
0,62.5,8.66772,22.4215,1.95424,-0.118614
0,62.5,24.0952,17.9926,-1.53326,-1.99255
0,62.5,8.39553,22.487,2.07125,-0.114521
0,62.5,23.5731,17.7021,-1.17364,-3.00766
0,62.5,8.8458,22.5557,1.94982,-0.0687434
0,62.5,23.3023,18.1171,-1.08129,-2.51559
0,62.5,8.9947,22.7396,1.94698,0.0661011
0,62.5,23.3994,17.8196,-1.14393,-2.70285
0,62.5,8.54532,22.6765,2.03351,-0.0356501
0,62.5,22.7903,18.5728,-0.958713,-2.14279
0,62.5,8.49291,23.3276,2.03049,0.0861879
0,62.5,23.1126,18.2509,-0.983173,-1.87397
0,62.5,8.20463,23.4279,1.98949,0.111174
0,62.5,22.4381,18.4684,-0.751872,-2.12111
0,62.5,8.60384,23.0696,2.05095,-0.0121179
0,62.5,22.0933,18.2675,-0.874328,-1.93223
0,62.5,8.11855,23.7135,1.97936,0.307071
0,62.5,21.6363,18.1536,-0.390322,-1.92511
0,62.5,8.37355,23.5912,1.9734,0.150525
0,62.5,21.4887,18.4477,-0.421781,-1.79898
0,62.5,7.95807,23.9584,1.67032,0.221418
0,62.5,21.4058,19.2595,-0.482687,-1.51641
0,62.5,8.05394,24.1455,1.43295,0.230881
0,62.5,21.2548,19.0378,-0.442349,-1.58886
0,62.5,7.74411,24.188,1.36733,-0.20967
0,62.5,21.1423,20.1047,-0.253791,-1.65616
0,62.5,7.83119,24.3765,1.09499,-0.064937
0,62.5,21.2348,19.8556,-0.372336,-1.62251
0,62.5,7.46,24.1746,1.61578,-0.413981
0,62.5,20.9996,20.9934,-0.229272,-1.12916
0,62.5,7.61025,24.5808,1.25986,-0.0943226
0,62.5,20.9089,20.7251,-0.188188,-1.24851
0,62.5,7.50683,24.4015,1.13661,-0.146002
0,62.5,21.0155,21.8304,-0.477765,-0.722244
0,62.5,8.11079,24.366,1.27241,0.29823
0,62.5,20.7795,21.0613,-0.276746,-1.13033
0,62.5,7.66642,24.8097,0.991838,-0.03535
0,62.5,20.7621,23.0978,-0.507239,-0.233471
0,62.5,7.94269,24.8114,1.16697,-0.232681
0,62.5,20.5858,23.6178,-0.250553,-0.125894
0,62.5,7.05995,24.8194,1.30277,-0.0880311
0,62.5,21.0928,24.0581,-0.427703,0.0104777
0,62.5,8.03694,25.0113,1.3273,-0.200363
0,62.5,21.1622,24.2887,-0.337729,0.0335516
0,62.5,7.39664,24.7632,1.16791,-0.266467
0,62.5,21.2487,23.7919,-0.466201,0.146986
0,62.5,7.11352,25.0216,0.874336,0.141189
0,62.5,21.4887,24.1804,-0.372417,-0.00178685
0,62.5,6.8269,25.0728,0.96057,0.0526724
0,62.5,22.0873,24.4737,-0.416816,-0.23939
0,62.5,6.68559,24.6684,1.41525,0.0300442
0,62.5,21.845,24.4439,-0.33546,-0.374454
0,62.5,6.5529,25.0571,1.10079,-0.432601
0,62.5,22.8355,24.7115,-0.987489,-0.0633021
0,62.5,6.31311,25.2408,1.16824,-0.047267
0,62.5,22.9577,25.2029,-0.649718,-0.205928
0,62.5,6.10172,25.4394,1.10018,0.0570574
0,62.5,23.2816,25.5328,-0.317427,-0.265432
0,62.5,6.15067,25.6616,0.728528,0.162408
0,62.5,23.3427,25.2913,-0.68703,-0.337386
0,62.5,5.94416,25.8188,0.667457,-0.0452132
0,62.5,24.0653,25.9989,-0.172211,0.223679
0,62.5,5.72155,26.0235,0.401963,0.0134281
0,62.5,24.7901,25.9749,0.137129,0.110619
0,62.5,5.49219,21.3212,1.48169,0.648387
0,62.5,34.0194,19.3715,-1.36808,1.95982
0,62.5,4.70635,21.2587,1.3744,1.22072
0,62.5,30.4327,18.4856,-1.54104,0.96538
0,62.5,2.40121,21.2356,0.362762,0.768561
0,62.5,29.8101,18.3961,-1.9606,0.81745
0,62.5,5.31435,21.1794,1.48385,0.758398
0,62.5,30.1869,18.8595,-1.56726,0.528533
0,62.5,4.15427,21.4043,0.812892,1.40946
0,62.5,29.2445,18.6482,-2.17787,0.496764
0,62.5,5.72799,21.206,1.50449,0.712737
0,62.5,29.2643,18.881,-2.01255,0.399813
0,62.5,6.05529,21.1551,1.50179,0.570887
0,62.5,28.7273,19.1012,-2.1064,-0.0341713
0,62.5,7.14955,20.9429,1.5934,0.463938
0,62.5,27.1941,18.851,-2.21737,-0.456918
0,62.5,7.34155,20.7026,1.35947,0.448484
0,62.5,28.5002,18.8857,-2.19006,0.0119881
0,62.5,7.95628,20.813,1.57001,0.492856
0,62.5,28.0224,18.7487,-2.23567,-0.297795
0,62.5,8.40754,20.9579,1.77156,0.264838
0,62.5,26.3801,18.9842,-2.14019,-0.546258
0,62.5,8.70604,21.1687,1.89252,0.262937
0,62.5,25.1538,18.0281,-1.93992,-2.20711
0,62.5,8.45224,21.1768,1.96512,0.119595
0,62.5,24.7933,18.037,-1.88992,-2.30225
0,62.5,8.66928,21.407,1.54665,0.262785
0,62.5,23.8418,18.4169,-1.42223,-1.98788
0,62.5,8.94585,21.2816,1.82516,0.256161
0,62.5,24.3949,18.0509,-1.83161,-2.52604
0,62.5,8.8776,21.5292,1.7536,0.126932
0,62.5,24.0665,18.2829,-1.63256,-2.02161
0,62.5,9.07705,21.6698,1.73241,0.213539
0,62.5,24.4653,17.7187,-1.66047,-2.63739
0,62.5,9.06763,22.0019,1.8381,0.0770311
0,62.5,23.6525,18.2846,-1.40871,-2.17537
0,62.5,9.30446,21.954,1.69847,0.140284
0,62.5,23.2279,18.5548,-0.835454,-2.17344
0,62.5,9.1137,22.477,1.83591,0.0158855
0,62.5,23.8776,18.1095,-1.50256,-2.13478
0,62.5,9.19934,22.2168,1.78755,0.0929074
0,62.5,23.3871,18.3693,-1.05701,-2.55952
0,62.5,9.41166,22.2876,1.88284,-0.058736
0,62.5,23.7193,17.9312,-1.27312,-2.49609
0,62.5,8.72157,22.8169,2.04936,0.0281217
0,62.5,23.0183,18.5117,-0.904282,-2.08744
0,62.5,9.30671,22.5686,1.95669,-0.168125
0,62.5,23.5314,18.0844,-1.03418,-2.72484
0,62.5,8.75444,23.2554,2.02211,0.10926
0,62.5,22.7022,18.9488,-0.830138,-1.94641
0,62.5,8.87846,22.9959,2.02708,0.0554386
0,62.5,21.962,18.4714,-0.686509,-1.77296
0,62.5,8.63409,23.5235,1.92413,0.11347
0,62.5,21.6411,19.2958,-0.509844,-1.65239
0,62.5,8.79996,23.6567,1.94044,0.088174
0,62.5,21.6249,18.6602,-0.590539,-1.74083
0,62.5,8.25819,23.8927,1.74831,0.394969
0,62.5,21.2105,19.5889,-0.390735,-1.57945
0,62.5,8.49142,23.7927,1.70773,0.156232
0,62.5,21.4238,18.7848,-0.487862,-1.64719
0,62.5,8.32224,24.1081,1.67672,0.332892
0,62.5,21.1421,20.7747,-0.222752,-1.21637
0,62.5,8.95088,23.8387,1.99543,0.0754766
0,62.5,21.1302,20.5154,-0.0648791,-1.26556
0,62.5,8.67132,23.9134,1.96008,0.0108638
0,62.5,21.245,21.0361,-0.327397,-1.17923
0,62.5,8.83575,24.0961,1.87216,0.116296
0,62.5,20.9923,22.1089,-0.609798,-0.498727
0,62.5,8.55319,24.135,1.91967,-0.13285
0,62.5,21.1069,22.7902,-0.608468,-0.281129
0,62.5,7.89633,24.5934,1.31317,-0.0803854
0,62.5,21.1236,21.2666,-0.252848,-0.976035
0,62.5,8.17806,24.5882,1.59674,0.0372832
0,62.5,20.8825,22.8422,-0.560146,-0.282647
0,62.5,8.78874,24.5468,1.38487,0.152364
0,62.5,21.1051,23.5934,-0.3527,-0.108283
0,62.5,8.47889,24.571,1.41056,0.049137
0,62.5,21.7451,24.1919,-0.349416,-0.423495
0,62.5,8.52317,24.7787,1.30817,0.0512814
0,62.5,20.8872,23.3632,-0.474411,-0.0846774
0,62.5,8.12401,25.2263,0.896605,0.108725
0,62.5,22.8489,24.0367,-0.741067,0.0995499
0,62.5,8.2384,24.7949,1.29834,0.198463
0,62.5,21.3421,24.0295,-0.37424,0.0707546
0,62.5,7.3782,24.9854,0.614998,-0.192468
0,62.5,22.8887,24.3532,-0.585915,-0.0478289
0,62.5,6.90461,25.2714,1.03862,-0.0161498
0,62.5,22.4617,24.3546,-0.52359,-0.332997
0,62.5,7.19138,25.2356,1.34211,0.232021
0,62.5,23.5374,25.5481,-0.531066,-0.0195622
0,62.5,6.59157,25.283,0.707328,-0.149053
0,62.5,23.0267,24.8966,-0.741429,-0.226219
0,62.5,6.37738,25.4651,0.973019,0.154607
0,62.5,23.2281,24.7921,-0.819777,-0.18321
0,62.5,6.52702,25.6471,1.00329,0.0819533
0,62.5,23.431,25.781,-0.360333,-0.0828991
0,62.5,6.33264,25.7957,0.916044,-0.042626
0,62.5,24.5629,25.9954,-0.0546645,-0.0725945
0,62.5,6.01845,26.019,0.678456,-0.0107425
0,62.5,25.1172,25.8051,-0.266956,-0.331799
0,62.5,2.14531,20.5819,-0.393972,0.735569
0,62.5,36.9412,19.9458,-1.41643,1.38789
0,62.5,4.95769,21.2672,1.43659,1.15803
0,62.5,36.7036,19.7757,-0.364549,0.41554
0,62.5,5.13791,21.0347,1.19886,0.998214
0,62.5,33.8089,19.4132,-1.465,1.69909
0,62.5,5.59162,21.0182,1.46947,0.659761
0,62.5,30.9786,19.1766,-1.41527,0.615845
0,62.5,4.51391,19.5158,0.893903,1.65695
0,62.5,30.6038,19.1252,-1.40834,0.603872
0,62.5,5.89552,20.9937,1.48298,0.695821
0,62.5,29.5397,18.7009,-2.06007,0.246405
0,62.5,6.52341,20.9244,1.53651,0.602478
0,62.5,29.1786,19.1501,-2.07858,0.246878
0,62.5,6.83187,20.9465,1.50693,0.654933
0,62.5,28.9593,19.0569,-1.97294,0.04416
0,62.5,7.03192,20.7497,1.38964,0.568932
0,62.5,28.2744,18.9335,-2.21207,-0.198637
0,62.5,8.70939,20.9252,1.73777,0.13972
0,62.5,26.6218,18.9237,-2.12265,-0.662846
0,62.5,8.22719,20.7842,1.27377,0.617188
0,62.5,25.5269,18.5341,-2.32354,-1.68065
0,62.5,8.94594,21.0118,1.73107,0.239419
0,62.5,25.9319,18.8417,-2.03534,-1.46212
0,62.5,8.96063,20.7562,1.66342,-0.0797136
0,62.5,24.4216,18.5099,-1.6322,-2.07839
0,62.5,9.17166,21.1286,1.63698,0.252945
0,62.5,24.9953,17.8665,-1.90699,-2.61284
0,62.5,9.15647,21.4089,1.85841,0.380593
0,62.5,24.74,18.3268,-2.01982,-2.48375
0,62.5,9.29744,21.7121,1.84469,0.137386
0,62.5,24.5319,18.243,-1.89589,-2.41105
0,62.5,9.55549,21.7907,1.68579,0.155353
0,62.5,24.2715,18.2781,-1.6431,-1.99242
0,62.5,9.78553,21.8625,1.76517,0.0341373
0,62.5,23.7306,18.6723,-1.29385,-1.81295
0,62.5,9.52616,22.0485,1.7685,0.0360063
0,62.5,23.3681,18.7676,-0.991749,-2.18014
0,62.5,9.71426,22.1628,1.90137,-0.0788973
0,62.5,23.5421,18.5445,-1.14011,-2.14357
0,62.5,9.70684,22.6163,1.92963,-0.0354236
0,62.5,23.1321,18.8416,-0.90984,-2.02455
0,62.5,9.60059,22.9035,1.96336,-0.101253
0,62.5,22.5836,18.7254,-0.836286,-1.93164
0,62.5,9.56332,22.4452,1.93764,-0.0934995
0,62.5,22.0981,18.7261,-0.616779,-1.82419
0,62.5,9.44867,22.7464,1.95585,-0.076632
0,62.5,22.9012,18.7986,-0.922517,-2.17385
0,62.5,9.18559,22.8384,2.06727,-0.0922638
0,62.5,21.9502,18.9722,-0.559197,-1.73839
0,62.5,9.30967,23.0266,1.977,-0.016976
0,62.5,22.2371,18.5434,-0.658552,-1.92173
0,62.5,9.05288,23.1224,2.03649,0.0354047
0,62.5,21.851,18.7006,-0.587142,-1.7299
0,62.5,9.19862,23.303,2.06245,0.0774633
0,62.5,21.5189,19.0165,-0.516872,-1.58552
0,62.5,8.92963,23.3883,2.04608,0.0432294
0,62.5,21.6742,19.5459,-0.317845,-1.66128
0,62.5,9.23221,23.7216,1.99772,0.024985
0,62.5,21.3958,20.0485,-0.285726,-1.71646
0,62.5,9.06706,23.5719,1.96686,0.0756903
0,62.5,21.3738,21.2869,-0.343211,-1.05803
0,62.5,9.48606,23.6458,1.96723,0.13388
0,62.5,21.1532,21.5163,-0.4448,-0.881926
0,62.5,9.10229,24.0056,1.79787,0.290236
0,62.5,21.2656,21.7436,-0.555536,-0.84028
0,62.5,8.91879,24.3029,1.54565,0.361598
0,62.5,21.006,22.3968,-0.651503,-0.353191
0,62.5,8.37035,24.3617,1.48012,-0.0782867
0,62.5,21.3511,23.3575,-0.472997,-0.345248
0,62.5,9.17427,24.2357,1.62594,0.279596
0,62.5,20.9982,23.0932,-0.569036,-0.14524
0,62.5,8.64851,24.3604,1.50255,0.0410586
0,62.5,21.4061,23.5915,-0.741606,-0.29145
0,62.5,9.07914,24.4952,1.43524,0.360281
0,62.5,21.1251,23.3491,-0.53343,-0.132267
0,62.5,8.81121,24.7568,1.06649,0.295829
0,62.5,22.2354,24.2947,-0.617658,-0.337542
0,62.5,9.33979,24.4594,1.4424,-0.0565343
0,62.5,21.989,24.1959,-0.4906,-0.511708
0,62.5,8.33406,25.002,1.34636,0.172742
0,62.5,23.0611,24.2034,-0.721528,-0.266289
0,62.5,8.41913,25.1991,1.07534,0.195952
0,62.5,22.6628,24.157,-0.809835,-0.081633
0,62.5,7.81489,25.4221,0.80855,0.100478
0,62.5,23.5969,24.9289,-0.906084,-0.113753
0,62.5,7.71408,25.0233,1.34245,-0.149622
0,62.5,23.028,24.5813,-0.834906,0.00941104
0,62.5,7.01874,25.4732,1.00043,-0.0722537
0,62.5,23.7725,25.204,-0.96536,-0.0721286
0,62.5,7.30353,25.4225,1.27222,-0.02828
0,62.5,23.5747,25.2731,-0.769359,-0.0027743
0,62.5,6.71242,25.4757,0.946948,-0.261728
0,62.5,23.4053,25.024,-0.814919,-0.275781
0,62.5,6.86454,25.6712,0.672424,-0.192275
0,62.5,23.6978,25.7719,-0.363844,-0.0398872
0,62.5,6.67986,25.8411,0.881824,0.16188
0,62.5,24.5198,25.55,-0.426891,-0.128472
0,62.5,6.27634,26.0076,0.619468,-0.0357906
0,62.5,25.3618,25.7724,-0.047462,-0.0541013
0,62.5,1.16401,18.2748,-0.000735128,1.25591
0,62.5,36.4327,20.3157,-0.858349,1.69668
0,62.5,1.57704,19.7313,0.166441,0.480575
0,62.5,32.3833,19.3716,-1.43746,-0.0501458
0,62.5,1.90289,19.9464,0.868103,0.779486
0,62.5,29.9416,18.8751,-1.70394,0.311044
0,62.5,2.99937,21.1285,0.509139,1.01708
0,62.5,31.22,19.1105,-1.22717,0.623667
0,62.5,4.40596,21.2517,1.20965,1.48521
0,62.5,29.4082,19.0995,-1.92802,0.312692
0,62.5,6.2039,20.9205,1.45421,0.55915
0,62.5,28.4989,19.1618,-2.21674,-0.260219
0,62.5,6.7339,20.743,1.47364,0.526596
0,62.5,27.3907,18.7599,-2.14023,-0.46898
0,62.5,7.88434,20.6039,1.1823,0.595266
0,62.5,27.8096,18.8648,-2.00109,-0.353727
0,62.5,7.62587,20.7737,1.39482,0.652319
0,62.5,26.3863,19.3279,-1.94893,-0.661194
0,62.5,8.54753,20.7542,1.58988,0.21219
0,62.5,27.5542,18.5974,-2.07247,-0.291913
0,62.5,9.18958,20.8528,1.64955,0.138611
0,62.5,25.7476,19.0288,-2.09064,-1.37074
0,62.5,9.39077,21.2108,1.74895,0.244967
0,62.5,26.8252,19.0393,-2.14677,-0.590196
0,62.5,9.40703,20.939,1.58788,0.139038
0,62.5,26.7334,18.7056,-2.58462,-0.711949
0,62.5,9.38333,21.4748,1.93498,0.179701
0,62.5,25.3366,18.2736,-2.33874,-2.12008
0,62.5,9.61395,21.2998,1.76307,0.198286
0,62.5,24.2321,18.603,-1.69112,-1.83935
0,62.5,9.62144,21.5715,2.10258,0.275052
0,62.5,23.7142,19.0617,-1.38615,-1.41944
0,62.5,9.95223,22.0385,1.81339,0.0300555
0,62.5,23.8768,18.849,-1.4716,-1.48868
0,62.5,9.83121,22.3498,1.83696,-0.0558026
0,62.5,24.0145,18.5749,-1.49611,-1.77642
0,62.5,9.86577,22.7699,1.98791,-0.0610024
0,62.5,23.4642,19.1501,-1.04624,-1.92346
0,62.5,10.1485,22.6598,1.96338,-0.0665177
0,62.5,23.5548,18.8836,-1.04918,-1.96206
0,62.5,10.2626,22.3799,1.9148,-0.0399239
0,62.5,23.1193,19.257,-0.919214,-2.02328
0,62.5,10.4284,22.5441,1.98599,-0.125985
0,62.5,23.253,19.0438,-1.05738,-2.12807
0,62.5,10.0151,22.9258,1.97791,-0.0562401
0,62.5,22.9475,19.0626,-0.905858,-2.17958
0,62.5,10.3127,22.8059,1.96082,-0.142839
0,62.5,22.3986,18.7969,-0.762712,-1.92457
0,62.5,9.48078,23.1645,2.10244,-0.0572055
0,62.5,22.4005,19.0893,-0.648194,-1.64741
0,62.5,9.75468,23.0652,2.01202,-0.0573426
0,62.5,22.2084,18.9665,-0.52815,-1.74024
0,62.5,9.35612,23.4528,2.03926,0.0360031
0,62.5,22.1015,19.218,-0.502108,-1.66203
0,62.5,10.176,23.068,2.02868,-0.146443
0,62.5,21.7264,18.9595,-0.558092,-1.749
0,62.5,9.60704,23.3481,2.00293,-0.0182359
0,62.5,21.8506,19.2291,-0.488607,-1.82979
0,62.5,10.4666,22.9668,2.11483,-0.212675
0,62.5,21.4296,19.5317,-0.343128,-1.49273
0,62.5,9.89876,23.2207,2.00682,-0.0105901
0,62.5,21.2571,20.3181,-0.47189,-1.59937
0,62.5,9.77733,23.4766,2.08591,-0.113961
0,62.5,21.4697,21.932,-0.630815,-0.607662
0,62.5,9.34335,23.9313,1.7917,0.100689
0,62.5,21.2255,21.999,-0.652118,-0.714675
0,62.5,10.0921,23.3336,2.21396,-0.280592
0,62.5,21.2164,23.0618,-0.641122,-0.271436
0,62.5,9.68554,23.7293,2.10667,-0.0759378
0,62.5,21.1815,22.5688,-0.690984,-0.355015
0,62.5,9.98899,23.5753,2.19265,-0.300588
0,62.5,21.5215,23.8173,-0.5895,-0.287443
0,62.5,9.56291,23.9632,1.87957,-0.127432
0,62.5,21.8392,23.726,-0.746973,-0.647243
0,62.5,9.78872,24.0385,1.94462,-0.321359
0,62.5,21.6909,23.9575,-0.614139,-0.373108
0,62.5,9.4097,24.2058,1.77109,-0.125535
0,62.5,21.9596,23.9403,-0.716582,-0.673888
0,62.5,9.63215,24.2668,1.77459,-0.246483
0,62.5,22.1917,24.0261,-0.76782,-0.532046
0,62.5,8.63728,24.9789,1.24449,0.318927
0,62.5,22.5189,23.849,-0.748959,-0.139648
0,62.5,8.94424,24.9422,1.18557,0.291866
0,62.5,23.2117,24.4842,-0.925164,-0.115694
0,62.5,8.17378,25.424,1.26895,0.112328
0,62.5,23.432,24.7213,-0.749695,-0.143758
0,62.5,7.84723,25.2071,1.5092,-0.0669186
0,62.5,24.0464,24.9339,-0.967038,0.182685
0,62.5,7.50056,25.1589,1.28357,-0.661713
0,62.5,23.8176,24.9486,-0.918861,0.0823699
0,62.5,7.58164,25.6009,0.779012,-0.239382
0,62.5,24.0053,25.4657,-0.661296,0.14226
0,62.5,7.5511,25.3832,1.23085,-0.605177
0,62.5,23.9332,25.7212,-0.525354,0.199599
0,62.5,7.20296,25.6494,0.78551,0.0479098
0,62.5,23.7647,25.4967,-0.597202,-0.00582347
0,62.5,7.02017,25.854,0.730584,-0.101513
0,62.5,25.0136,26.0136,0.146023,-0.0823343
0,62.5,6.54507,26.0242,0.672008,0.0647612
0,62.5,25.8069,26.0025,0.0531409,-0.040028
0,62.5,4.85689,21.7948,1.16583,0.875655
0,62.5,34.4665,19.3961,-1.29852,1.79734
0,62.5,1.95289,20.334,0.206875,0.356713
0,62.5,37.1383,19.7353,-1.6017,0.711205
0,62.5,3.6455,19.9882,0.878086,1.79099
0,62.5,29.5636,18.9261,-1.82284,0.378433
0,62.5,4.90199,21.018,1.16633,1.15488
0,62.5,30.1279,19.1178,-1.76992,0.295187
0,62.5,5.4103,20.9095,1.29384,0.973205
0,62.5,29.0143,19.3621,-1.94129,0.0860247
0,62.5,6.40086,20.7374,1.48522,0.585061
0,62.5,28.0545,19.026,-2.25691,-0.210913
0,62.5,7.29691,20.4989,1.21568,0.376818
0,62.5,27.5963,18.9115,-2.21928,-0.593423
0,62.5,7.61224,20.5555,1.19502,0.566077
0,62.5,27.0001,18.9072,-2.27756,-0.649214
0,62.5,8.22933,20.5721,1.34779,0.554061
0,62.5,26.1824,19.1062,-2.25375,-0.988835
0,62.5,8.50333,20.5301,1.27406,0.280722
0,62.5,25.3327,18.6088,-2.07808,-1.94767
0,62.5,8.78189,20.6214,1.50633,0.126046
0,62.5,25.1422,18.3705,-2.14105,-2.02226
0,62.5,9.24743,20.5999,1.73227,0.147585
0,62.5,25.0971,18.6413,-2.18168,-1.99987
0,62.5,9.81762,21.1317,1.69741,0.167984
0,62.5,24.8952,18.5184,-2.10172,-2.31232
0,62.5,9.82854,21.4366,1.96986,0.265571
0,62.5,24.9691,18.2135,-2.04177,-2.42532
0,62.5,9.91976,21.6726,2.07051,0.29999
0,62.5,24.791,18.777,-1.79832,-2.05365
0,62.5,10.1094,21.8432,2.07376,0.284063
0,62.5,24.6301,18.5804,-1.87736,-2.09703
0,62.5,9.99543,22.5015,1.93362,-0.0724511
0,62.5,24.5215,18.8364,-1.54589,-1.9678
0,62.5,10.0946,22.2226,1.81327,0.000203408
0,62.5,24.0899,18.858,-1.53661,-1.70009
0,62.5,10.4604,22.22,1.98526,-0.0269121
0,62.5,23.6056,19.3483,-1.33199,-1.34099
0,62.5,10.7334,22.1449,2.13626,-0.11357
0,62.5,23.3312,19.3813,-0.96697,-2.00183
0,62.5,10.6427,22.3968,1.99048,-0.116902
0,62.5,23.1908,19.6123,-1.00454,-1.96886
0,62.5,10.9084,22.3141,2.05372,-0.119365
0,62.5,22.9896,19.4786,-0.823905,-1.91603
0,62.5,10.8217,22.5744,1.97946,-0.209808
0,62.5,22.8259,19.6783,-0.800514,-1.66696
0,62.5,10.9677,22.7591,2.05643,-0.14823
0,62.5,22.5977,19.1591,-0.689171,-1.84581
0,62.5,10.5968,22.7027,2.04222,-0.208231
0,62.5,22.8331,19.276,-0.656001,-1.94572
0,62.5,11.2289,22.6779,2.08193,-0.121292
0,62.5,22.2537,19.3695,-0.70144,-1.42323
0,62.5,10.7376,22.8966,2.1108,-0.190491
0,62.5,21.9318,19.9369,-0.668315,-1.27396
0,62.5,11.1322,22.9412,2.08372,-0.229543
0,62.5,21.9508,19.4666,-0.600852,-1.74277
0,62.5,10.8994,23.0621,2.13233,-0.17092
0,62.5,21.6533,19.9269,-0.380989,-1.2816
0,62.5,10.6224,23.154,2.18498,-0.246262
0,62.5,21.8297,19.7157,-0.484501,-1.39812
0,62.5,10.3513,23.2196,2.24179,-0.308929
0,62.5,21.4927,19.7769,-0.253402,-1.66515
0,62.5,10.7492,23.3361,2.15408,-0.143022
0,62.5,21.3853,20.754,-0.13205,-1.33704
0,62.5,10.469,23.4231,2.16965,-0.230984
0,62.5,21.2205,22.2628,-0.727184,-0.608715
0,62.5,10.6304,23.5949,2.18133,-0.211993
0,62.5,21.35,22.8291,-0.588316,-0.389628
0,62.5,10.2529,23.5294,2.20518,-0.267814
0,62.5,21.6631,23.569,-0.810203,-0.495413
0,62.5,10.4364,23.7531,2.1665,-0.184431
0,62.5,21.6016,23.3285,-0.473517,-0.550265
0,62.5,10.1902,23.7744,2.17683,-0.238221
0,62.5,22.2794,23.7975,-0.833767,-0.497163
0,62.5,10.3217,23.9981,1.9111,-0.247736
0,62.5,22.441,24.0838,-0.849102,-0.281696
0,62.5,9.91599,23.8174,2.12757,-0.30795
0,62.5,23.0606,23.9215,-0.745213,-0.320741
0,62.5,9.89716,24.2699,1.76789,-0.309776
0,62.5,22.9234,23.668,-0.830782,-0.164165
0,62.5,9.1029,24.7078,1.1793,0.350556
0,62.5,23.8278,24.6884,-1.0575,0.0744547
0,62.5,9.2357,24.8916,1.29934,0.150258
0,62.5,23.6474,24.6001,-0.878905,-0.261335
0,62.5,8.72254,25.1736,1.21879,0.255171
0,62.5,24.3789,24.7125,-1.0563,0.126278
0,62.5,9.02703,25.1406,1.26352,0.217713
0,62.5,24.0038,25.2327,-0.91981,0.250043
0,62.5,7.96076,25.5757,0.983271,-0.0169445
0,62.5,24.2136,25.1304,-0.940053,0.204467
0,62.5,8.51097,25.3885,1.30937,0.0868967
0,62.5,24.2397,25.5265,-0.543538,0.242733
0,62.5,7.63855,25.8042,0.634423,-0.135083
0,62.5,24.426,25.7651,-0.347501,-0.0136684
0,62.5,7.3663,25.7753,0.851283,-0.189308
0,62.5,24.3398,25.3211,-0.770584,0.0920204
0,62.5,7.18404,26.0088,0.747287,0.0440175
0,62.5,25.3043,26.0273,0.0407515,-0.158636
0,62.5,6.85458,26.0311,0.964781,-0.0599844
0,62.5,26.0309,25.989,-0.190521,-0.0966443
0,62.5,3.09738,19.8525,0.231818,2.26614
0,62.5,35.7986,19.4594,-0.855628,2.15755
0,62.5,3.47213,21.4021,0.709977,1.39557
0,62.5,33.1595,19.5307,-1.91383,0.715715
0,62.5,7.497,18.8744,0.976295,2.36594
0,62.5,33.8341,19.6365,-1.38265,1.75898
0,62.5,2.77302,21.0063,0.0844233,1.29277
0,62.5,30.6588,18.7936,-1.18348,0.589362
0,62.5,3.22628,21.2553,0.834957,0.909859
0,62.5,32.0742,19.3534,-1.11491,0.246837
0,62.5,5.19235,20.7718,1.28567,1.02333
0,62.5,31.5092,18.9979,-1.02969,0.778011
0,62.5,5.8117,20.7929,1.45885,0.747762
0,62.5,30.3703,19.0591,-1.49229,0.591442
0,62.5,7.02348,20.5415,1.52554,0.538815
0,62.5,28.2753,19.2089,-2.13971,-0.282292
0,62.5,8.01136,20.4342,1.46166,0.697276
0,62.5,27.2137,19.1456,-2.41854,-0.786329
0,62.5,8.82509,20.383,1.66455,0.221324
0,62.5,26.5514,19.2168,-2.04375,-0.631641
0,62.5,9.05322,20.4852,1.75275,0.21738
0,62.5,25.2827,18.8867,-2.02542,-1.98443
0,62.5,9.63075,21.0069,1.72102,0.0919936
0,62.5,25.5097,18.8406,-2.1305,-1.52996
0,62.5,10.0303,21.2123,1.79279,0.308963
0,62.5,25.0057,18.8749,-1.80731,-2.0066
0,62.5,10.275,21.2078,1.93021,-0.0441754
0,62.5,24.8948,19.136,-1.73268,-1.76648
0,62.5,10.0832,21.457,2.04963,0.194464
0,62.5,24.6904,19.0183,-1.50846,-1.85708
0,62.5,10.2404,21.6189,2.0867,0.213011
0,62.5,24.3501,19.1467,-1.41508,-1.87059
0,62.5,10.2766,22.0445,1.98765,0.198188
0,62.5,24.1128,19.1288,-1.45323,-1.63858
0,62.5,10.5563,21.9756,2.11083,-0.0450747
0,62.5,24.3266,18.8788,-1.62447,-1.77089
0,62.5,10.8435,21.8903,2.08553,-0.0967693
0,62.5,23.8222,19.4255,-1.26744,-1.23661
0,62.5,11.0117,22.0487,2.11299,-0.0372219
0,62.5,23.9001,19.188,-1.45272,-1.26771
0,62.5,11.1718,22.2173,2.03037,-0.0552135
0,62.5,23.4615,19.5903,-1.2879,-1.58349
0,62.5,11.4152,22.0968,2.04265,-0.133507
0,62.5,23.0261,19.8115,-0.910048,-1.78856
0,62.5,11.0858,22.4859,2.07948,-0.0953605
0,62.5,22.5408,19.7216,-0.642187,-1.7534
0,62.5,11.5746,22.2588,2.03498,-0.222053
0,62.5,22.6824,19.4769,-0.617934,-1.86105
0,62.5,11.3392,22.3946,2.15444,-0.0675858
0,62.5,22.3228,19.6664,-0.686056,-1.52355
0,62.5,11.9689,22.3154,1.99969,-0.357105
0,62.5,22.4644,19.4129,-0.641204,-1.61514
0,62.5,11.4819,22.5823,2.12096,-0.124941
0,62.5,22.0969,19.6297,-0.745783,-1.40675
0,62.5,11.3986,22.8577,2.14439,-0.214905
0,62.5,21.6617,20.4417,-0.310043,-1.33272
0,62.5,11.014,23.2698,2.13512,-0.130548
0,62.5,21.7621,20.1528,-0.535334,-1.1483
0,62.5,11.6437,22.7636,2.2594,-0.205782
0,62.5,21.5289,20.248,-0.601509,-1.28296
0,62.5,11.2484,23.1395,2.0741,-0.241614
0,62.5,21.4167,20.5167,-0.238738,-1.40327
0,62.5,11.5106,23.062,2.07124,-0.22623
0,62.5,21.5844,21.7411,-0.767894,-0.819486
0,62.5,10.8984,23.5282,2.20141,-0.158498
0,62.5,21.4114,21.5336,-0.426545,-0.95405
0,62.5,11.1693,23.4442,2.18201,-0.178626
0,62.5,21.3984,22.4923,-0.772445,-0.662952
0,62.5,10.7283,23.8132,2.02441,-0.13188
0,62.5,21.4457,23.1046,-0.654913,-0.364106
0,62.5,10.9943,23.7298,1.98302,-0.0750763
0,62.5,22.0788,23.6745,-0.759018,-0.737022
0,62.5,10.5722,24.0034,1.98035,-0.125624
0,62.5,21.8816,23.4327,-0.816191,-0.779535
0,62.5,10.162,24.2477,1.7134,-0.165615
0,62.5,22.1112,23.4221,-0.850162,-0.691343
0,62.5,10.0588,24.0257,1.94366,-0.259838
0,62.5,22.7386,23.8116,-0.629379,0.179355
0,62.5,9.93801,24.4856,1.31218,-0.209652
0,62.5,23.2761,24.2046,-0.767482,-0.0315098
0,62.5,9.41053,24.6648,1.20341,-0.0351578
0,62.5,23.4338,24.4424,-0.979958,-0.0409699
0,62.5,9.63109,24.4925,1.30063,-0.288557
0,62.5,24.1277,24.7283,-1.21033,0.0781707
0,62.5,9.32488,25.094,1.26323,0.0520574
0,62.5,24.2408,24.471,-0.986142,0.187767
0,62.5,9.52105,24.8686,1.3433,-0.11055
0,62.5,24.2256,24.0819,-1.10719,-0.235987
0,62.5,9.15439,25.3228,1.41511,0.226689
0,62.5,24.6413,24.814,-0.945102,-0.303299
0,62.5,8.84245,25.3533,1.37124,0.233176
0,62.5,24.3931,24.3036,-1.14007,-0.254356
0,62.5,8.32435,25.5884,1.05446,-0.0139941
0,62.5,24.3626,24.9467,-1.0671,0.086381
0,62.5,8.63958,25.5675,1.23101,0.247092
0,62.5,24.5811,25.2995,-0.713747,-0.137246
0,62.5,7.90139,25.7885,0.590587,-0.0995681
0,62.5,25.5605,26.0076,-0.120288,0.0854724
0,62.5,7.43291,26.0252,0.700149,-0.034954
0,62.5,26.2695,25.9997,-0.432358,-0.0528322
0,62.5,1.83428,20.1321,0.372273,0.595949
0,62.5,35.5654,19.9673,-0.80865,1.57539
0,62.5,2.45434,20.7928,-0.183584,0.999095
0,62.5,35.4363,19.3535,-0.902213,1.88319
0,62.5,7.29169,19.4075,0.412265,0.00631405
0,62.5,29.9604,19.2791,-1.76098,0.193555
0,62.5,5.84192,20.5526,1.30283,0.784956
0,62.5,34.4301,19.6168,-1.13581,1.87147
0,62.5,5.58245,20.7091,1.27113,0.957452
0,62.5,29.4744,19.3519,-2.01302,0.247326
0,62.5,7.34694,20.2957,1.45629,0.359564
0,62.5,30.2491,19.3395,-1.63823,0.316125
0,62.5,6.69572,20.5423,1.46161,0.602479
0,62.5,27.4213,19.0796,-2.27612,-0.498421
0,62.5,7.64082,20.3515,1.3408,0.570604
0,62.5,29.7952,19.0311,-1.96176,0.225835
0,62.5,8.2955,20.3403,1.46727,0.48984
0,62.5,29.2414,19.4285,-1.95709,0.314239
0,62.5,9.30741,20.313,1.8185,0.0534727
0,62.5,27.8487,19.1353,-2.30762,-0.290019
0,62.5,9.46977,20.6818,1.7664,0.080852
0,62.5,26.7688,19.294,-2.19863,-0.544394
0,62.5,9.70122,20.748,1.72516,0.0243351
0,62.5,25.9571,19.1427,-2.22133,-1.20333
0,62.5,9.90359,20.8439,1.79212,0.0420658
0,62.5,25.4987,19.1017,-1.98383,-1.62171
0,62.5,10.0962,20.9548,1.83721,0.120699
0,62.5,25.1501,19.0859,-1.78605,-1.68485
0,62.5,10.398,21.3916,1.86692,0.000704716
0,62.5,25.0257,19.3525,-1.75876,-1.74083
0,62.5,10.5419,21.5649,1.96407,0.0558961
0,62.5,24.7591,19.3669,-1.50571,-1.53516
0,62.5,10.3891,21.8082,2.08724,0.173877
0,62.5,24.1583,19.3798,-1.53495,-1.72616
0,62.5,10.6908,21.725,1.99683,-0.0554437
0,62.5,23.8443,19.798,-1.47321,-1.1398
0,62.5,11.1068,21.7675,2.06405,-0.114287
0,62.5,24.0029,19.5655,-1.26771,-1.24588
0,62.5,11.269,21.9229,2.03135,-0.113085
0,62.5,23.6774,19.663,-1.23103,-1.41213
0,62.5,11.5328,21.8127,2.02794,-0.169868
0,62.5,23.1555,20.0365,-1.10944,-1.58249
0,62.5,11.9404,21.8608,2.11626,-0.235554
0,62.5,23.3172,19.831,-1.2238,-1.6822
0,62.5,11.833,22.1445,2.05005,-0.280267
0,62.5,22.8901,20.039,-0.895307,-1.60013
0,62.5,12.2082,21.7638,2.17855,-0.104423
0,62.5,22.5468,20.1227,-0.862451,-1.47657
0,62.5,12.1014,22.0289,2.17141,-0.22876
0,62.5,22.1917,20.1677,-0.59139,-1.44513
0,62.5,12.1149,22.4905,2.06913,-0.41513
0,62.5,22.3838,19.9563,-0.572048,-1.63846
0,62.5,11.7078,22.4421,2.00592,-0.241419
0,62.5,21.9611,20.2361,-0.445479,-1.19173
0,62.5,11.9711,22.8069,1.95625,-0.320617
0,62.5,22.1512,19.9073,-0.643069,-1.43751
0,62.5,11.8617,22.6062,2.05285,-0.34745
0,62.5,21.7239,20.9795,-0.430998,-0.859425
0,62.5,11.9233,23.1463,2.14558,-0.211127
0,62.5,21.612,21.2393,-0.409309,-0.91204
0,62.5,11.7629,22.9688,2.12986,-0.157872
0,62.5,21.624,20.7368,-0.213647,-1.08368
0,62.5,12.0216,23.3671,1.97403,-0.105576
0,62.5,21.4784,21.0047,-0.370347,-1.17234
0,62.5,11.6781,23.2448,2.15081,-0.256263
0,62.5,21.4461,22.2117,-0.628921,-0.513216
0,62.5,11.7631,23.4529,1.95108,-0.260735
0,62.5,21.6236,22.4155,-0.524853,-0.602633
0,62.5,11.4073,23.3212,2.09762,-0.276763
0,62.5,21.5402,22.7114,-0.786108,-0.737065
0,62.5,11.2536,23.6605,1.99845,-0.109237
0,62.5,21.6297,22.9644,-0.752025,-0.698239
0,62.5,10.8881,23.9939,2.10035,-0.0927856
0,62.5,21.7845,23.1783,-0.623994,-0.899915
0,62.5,10.4251,24.2417,1.71932,-0.255786
0,62.5,22.0142,23.1566,-0.515019,-0.673009
0,62.5,10.2304,24.4692,1.37296,-0.212682
0,62.5,22.341,23.5413,-0.763139,-0.352382
0,62.5,10.5297,24.446,1.59057,-0.307719
0,62.5,22.9577,23.3335,-0.841653,-0.384066
0,62.5,10.0341,24.689,1.37189,-0.328221
0,62.5,23.1272,23.6181,-0.819214,-0.250917
0,62.5,10.3228,24.6702,1.38504,-0.330865
0,62.5,23.6259,24.3056,-1.00195,-0.19264
0,62.5,9.73544,24.6868,1.18773,-0.309824
0,62.5,23.9933,24.509,-1.08366,0.00725871
0,62.5,9.61429,25.0825,1.33217,-0.254201
0,62.5,24.0718,24.2474,-0.894754,0.126378
0,62.5,9.43519,25.301,1.26832,-0.0418378
0,62.5,24.4635,24.0366,-1.00511,-0.125208
0,62.5,9.70851,25.3075,1.36657,-0.254273
0,62.5,24.5682,25.0551,-0.890189,-0.168672
0,62.5,8.93373,25.5541,1.14042,0.169958
0,62.5,24.7019,25.7345,-0.422117,0.113577
0,62.5,8.16354,25.7819,0.684948,-0.0535219
0,62.5,24.9144,25.6618,-0.463711,-0.105526
0,62.5,8.00166,26.0188,0.62444,-0.295457
0,62.5,25.1549,25.5501,-0.395531,-0.175407
0,62.5,7.72261,26.0254,0.536281,0.130017
0,62.5,26.4982,25.9757,-0.598808,-0.138273
0,62.5,2.36637,20.5325,-0.136547,1.51438
0,62.5,35.6129,19.3745,-0.832818,2.27958
0,62.5,3.59096,21.0111,1.08749,1.41917
0,62.5,26.8082,17.6667,-2.25207,1.49614
0,62.5,2.62817,19.8877,0.833945,1.42405
0,62.5,37.5224,22.3211,-0.275574,0.904429
0,62.5,6.08932,20.7324,1.37283,0.71132
0,62.5,31.5132,19.2288,-1.02634,0.561921
0,62.5,6.9522,20.3469,1.25775,0.51967
0,62.5,30.513,19.3222,-1.32727,0.52233
0,62.5,7.87454,20.2422,1.26229,0.825765
0,62.5,29.2249,19.6898,-1.82579,0.311214
0,62.5,7.55984,20.1359,1.31663,0.59962
0,62.5,29.6913,19.2335,-1.81054,0.239754
0,62.5,8.57926,20.3118,1.66545,0.233075
0,62.5,28.076,19.3256,-2.16118,-0.212198
0,62.5,9.08684,20.2214,1.62527,0.0932058
0,62.5,26.5206,19.5735,-2.05598,-0.646045
0,62.5,9.50993,20.4265,1.90324,0.105959
0,62.5,28.7949,19.355,-2.03562,-0.199726
0,62.5,9.74704,20.4926,1.81186,0.0519928
0,62.5,26.2788,19.5896,-2.23309,-0.786108
0,62.5,10.016,20.2519,1.88019,-0.206151
0,62.5,27.0262,19.2415,-2.28671,-0.62361
0,62.5,9.97041,20.5544,1.97143,0.0903717
0,62.5,25.8807,19.4078,-1.96212,-1.25324
0,62.5,10.1577,20.6892,1.75929,0.0881362
0,62.5,25.6741,19.284,-2.10602,-1.35273
0,62.5,10.3408,20.9479,1.92685,-0.175218
0,62.5,25.3279,19.2552,-1.84667,-1.58164
0,62.5,10.5344,21.0972,1.93543,-0.112987
0,62.5,24.9052,19.5754,-1.58294,-1.37431
0,62.5,10.813,21.4402,1.97642,-0.0634115
0,62.5,24.5545,19.2194,-1.40423,-1.73569
0,62.5,10.9576,21.6059,2.01397,-0.108841
0,62.5,24.39,19.444,-1.54167,-1.92789
0,62.5,11.2306,21.4856,2.00036,-0.147111
0,62.5,24.0632,19.8735,-1.32984,-1.41793
0,62.5,11.683,21.9748,2.00317,-0.214516
0,62.5,23.3648,20.1468,-1.14235,-1.6023
0,62.5,11.7963,21.6857,2.11376,-0.242546
0,62.5,23.53,19.9131,-1.26512,-1.51296
0,62.5,12.0578,21.5863,2.1624,-0.118303
0,62.5,23.0266,20.2705,-0.912321,-1.5206
0,62.5,12.2979,21.4531,2.11528,-0.374425
0,62.5,22.755,20.2642,-0.925129,-1.5181
0,62.5,12.3656,21.9423,2.15012,-0.172417
0,62.5,22.6937,19.9084,-0.764857,-1.56188
0,62.5,12.2316,22.2129,2.08775,-0.240618
0,62.5,22.3626,20.3086,-0.777891,-1.30916
0,62.5,12.3885,22.386,2.09055,-0.251843
0,62.5,22.0339,20.4572,-0.432331,-1.21133
0,62.5,12.2281,22.6715,1.92041,-0.393263
0,62.5,21.9095,20.8206,-0.472279,-1.06173
0,62.5,12.3782,22.8512,1.97529,-0.554604
0,62.5,21.8371,20.579,-0.413737,-1.14713
0,62.5,12.1308,22.9622,2.02848,-0.445425
0,62.5,21.8595,21.2233,-0.368724,-0.661294
0,62.5,12.4968,22.5823,2.00678,-0.306119
0,62.5,22.0502,21.7406,-0.599812,-0.930718
0,62.5,12.2101,23.185,1.86882,-0.352043
0,62.5,21.9046,21.4787,-0.350771,-0.705261
0,62.5,12.1966,23.5426,2.00082,-0.154479
0,62.5,21.8177,21.7445,-0.727043,-0.697566
0,62.5,11.9453,23.6255,1.97758,-0.235366
0,62.5,21.6608,21.4848,-0.403254,-0.859589
0,62.5,11.6581,23.7008,1.93506,-0.305942
0,62.5,21.6658,22.0947,-0.622249,-0.729482
0,62.5,11.4932,23.5298,1.86894,-0.222609
0,62.5,21.7741,22.651,-0.620863,-0.705772
0,62.5,11.4145,23.83,2.08136,-0.193711
0,62.5,21.8549,22.8879,-0.716617,-0.775461
0,62.5,11.1457,23.9259,2.00336,-0.0722507
0,62.5,22.2555,23.2027,-0.435706,-0.395727
0,62.5,11.2472,24.1246,1.84066,-0.0389635
0,62.5,22.7692,23.4625,-0.759648,0.014463
0,62.5,10.7013,24.2099,1.82441,-0.19618
0,62.5,22.8321,23.0586,-0.827643,-0.572203
0,62.5,10.9756,24.2133,1.88361,-0.0427352
0,62.5,23.4648,24.0912,-0.852767,-0.193424
0,62.5,10.6046,24.6588,1.39201,-0.244489
0,62.5,23.6835,24.0045,-0.802699,-0.153576
0,62.5,10.3992,24.8831,1.28492,-0.329766
0,62.5,23.8304,24.3184,-0.973796,-0.0770199
0,62.5,9.81862,24.9004,1.39129,-0.412571
0,62.5,23.8909,24.0415,-0.829773,0.00142887
0,62.5,10.1087,24.9009,1.38125,-0.185652
0,62.5,24.0535,23.8782,-1.01419,-0.286127
0,62.5,9.90839,25.1153,1.23351,-0.413189
0,62.5,24.5365,24.5384,-1.21222,-0.175837
0,62.5,10.1998,25.1058,1.35988,-0.198942
0,62.5,24.8495,24.8175,-0.772333,0.193551
0,62.5,9.4972,25.5229,1.57605,-0.173867
0,62.5,24.7856,25.4452,-0.548779,-0.105369
0,62.5,9.21179,25.5406,1.36839,0.196199
0,62.5,25.6234,25.4756,-0.42165,0.161091
0,62.5,8.46179,25.7836,0.832491,0.0125829
0,62.5,25.5986,25.7552,-0.0534676,0.131612
0,62.5,8.26423,26.0016,0.405097,0.201321
0,62.5,26.9451,25.9867,-0.669839,0.142812
0,62.5,4.14351,20.9246,0.982013,1.53221
0,62.5,24.149,16.8266,-1.42866,-3.01049
0,62.5,3.08117,20.2544,1.0568,2.58245
0,62.5,36.5977,22.8984,-0.544346,0.781353
0,62.5,2.48889,20.3593,0.0930302,1.42258
0,62.5,34.6332,19.7681,-1.0037,1.89973
0,62.5,7.56707,19.9361,1.10612,0.48266
0,62.5,31.8117,19.4566,-1.02984,0.15715
0,62.5,7.1473,20.1808,1.1589,0.700726
0,62.5,30.7696,19.5255,-1.22138,0.640634
0,62.5,8.83668,20.1387,1.45793,0.205317
0,62.5,30.831,19.3434,-1.23438,0.601457
0,62.5,8.17044,20.1554,1.06354,0.632274
0,62.5,29.471,19.6039,-1.99723,0.126197
0,62.5,9.55877,20.1591,1.72419,-0.0168892
0,62.5,29.9839,19.51,-1.7767,0.0952504
0,62.5,9.3607,20.0461,1.69929,0.184747
0,62.5,27.6327,19.2111,-2.28954,-0.517249
0,62.5,9.824,19.9888,1.78456,0.179536
0,62.5,28.5596,19.4154,-2.03439,-0.201392
0,62.5,9.78685,20.2467,1.87912,0.0202486
0,62.5,27.2326,19.4822,-2.05981,-0.623181
0,62.5,10.238,20.1215,1.89871,-0.0417133
0,62.5,26.9784,19.4873,-1.8966,-0.474201
0,62.5,10.191,20.4076,1.85491,-0.0815401
0,62.5,26.1283,19.3678,-2.03057,-0.872928
0,62.5,10.4019,20.7054,1.83884,-0.322886
0,62.5,26.0269,19.6287,-2.13652,-1.09825
0,62.5,10.6602,21.2818,1.89099,-0.0646523
0,62.5,25.4652,19.4717,-2.03696,-1.26537
0,62.5,11.0857,21.3254,1.94701,-0.167785
0,62.5,25.2217,19.4965,-1.88417,-1.46437
0,62.5,11.3489,21.1874,1.9481,-0.318971
0,62.5,25.1271,19.7321,-1.72441,-1.30296
0,62.5,11.3798,21.6444,1.99328,-0.136486
0,62.5,24.7404,19.7541,-1.57809,-1.54929
0,62.5,11.6332,21.5257,2.03081,-0.213859
0,62.5,24.2325,19.6666,-1.38642,-1.6702
0,62.5,11.8996,21.4113,2.10538,-0.144456
0,62.5,23.6894,20.0478,-1.44118,-1.25014
0,62.5,12.1409,21.2866,2.01699,-0.343202
0,62.5,23.5078,20.3018,-1.34864,-1.29318
0,62.5,12.4207,21.1865,2.24254,-0.304476
0,62.5,23.2188,20.39,-1.03956,-1.42551
0,62.5,12.4409,21.6293,2.01264,-0.379304
0,62.5,22.8841,20.4911,-0.931717,-1.5939
0,62.5,12.5038,22.1237,2.09253,-0.166878
0,62.5,22.5762,20.4289,-0.821204,-1.38379
0,62.5,12.5973,21.7876,2.05,-0.517365
0,62.5,22.443,20.6581,-0.510105,-1.03308
0,62.5,12.8694,22.1363,1.91616,-0.613963
0,62.5,22.2425,20.5405,-0.478796,-1.15128
0,62.5,12.6503,22.31,2.10343,-0.199354
0,62.5,22.1389,20.7753,-0.487808,-1.2164
0,62.5,12.9756,22.33,1.69121,-0.515418
0,62.5,22.02,21.06,-0.653344,-1.03592
0,62.5,12.724,21.9696,1.88115,-0.492772
0,62.5,22.2595,21.6497,-0.483697,-0.596367
0,62.5,12.7693,22.506,1.97451,-0.199273
0,62.5,22.1101,21.4112,-0.321381,-0.930713
0,62.5,12.4629,23.051,1.63709,-0.309746
0,62.5,22.12,21.9852,-0.489193,-0.824777
0,62.5,12.3215,23.7182,1.88927,-0.118131
0,62.5,21.8571,21.9922,-0.526933,-0.815295
0,62.5,11.7476,23.9043,1.70594,-0.176767
0,62.5,21.8261,22.311,-0.60005,-0.77563
0,62.5,12.0057,23.8397,1.74783,-0.234911
0,62.5,21.963,22.5477,-0.531195,-0.571795
0,62.5,11.5064,24.0341,1.87972,-0.0986547
0,62.5,22.0794,22.9061,-0.58295,-0.470339
0,62.5,11.6638,24.2145,1.87267,-0.148312
0,62.5,22.5682,23.5828,-0.710439,0.172888
0,62.5,11.4036,24.3078,1.88353,-0.0565157
0,62.5,22.4577,23.3142,-0.546071,-0.0375795
0,62.5,11.4102,24.5444,1.42587,0.0217344
0,62.5,23.0436,23.0404,-0.738027,-0.215211
0,62.5,11.1362,24.3823,1.87912,-0.0847114
0,62.5,23.2644,23.8932,-0.85907,-0.079503
0,62.5,11.1571,24.6076,1.40509,0.0320309
0,62.5,23.4706,23.7987,-0.808944,-0.15783
0,62.5,10.8127,24.4266,1.57153,-0.1274
0,62.5,24.1266,23.6012,-0.879017,-0.335341
0,62.5,10.8949,24.6236,1.39292,-0.146993
0,62.5,23.8945,23.685,-0.887696,-0.364091
0,62.5,10.6982,24.8618,1.36062,-0.205452
0,62.5,25.0856,24.8007,-0.794807,-0.0214766
0,62.5,10.4857,25.0852,1.17748,-0.292585
0,62.5,24.6353,24.2731,-1.00118,0.0367132
0,62.5,10.2823,25.3197,1.3883,-0.111722
0,62.5,24.2982,23.8095,-0.996902,-0.257717
0,62.5,9.99794,25.3278,1.29128,-0.332689
0,62.5,24.7997,25.1324,-0.895817,-0.225621
0,62.5,9.78041,25.5297,1.54325,-0.286387
0,62.5,24.9833,25.3404,-0.614657,-0.105271
0,62.5,8.75555,25.7674,1.18594,0.0911598
0,62.5,25.8222,25.7173,0.0579652,0.115251
0,62.5,9.05164,25.7612,1.44091,0.0427104
0,62.5,26.7158,25.9877,-0.770866,0.227482
0,62.5,8.52292,26.0041,0.499539,-0.375522
0,62.5,27.3846,25.9914,-0.509749,0.362916
0,62.5,4.45683,20.7625,1.30626,1.50511
0,62.5,38.5023,21.3134,0.0537206,0.746287
0,62.5,3.88697,21.2748,1.03482,1.32666
0,62.5,31.7517,19.0235,-0.863351,0.175873
0,62.5,7.90558,20.0465,1.40075,0.599486
0,62.5,31.8167,19.2445,-0.882943,0.092718
0,62.5,3.89823,20.8258,1.04312,1.49245
0,62.5,36.2558,20.0738,-0.708406,1.79754
0,62.5,9.10886,19.9831,1.58938,0.27034
0,62.5,31.8777,19.6546,-1.02146,0.28117
0,62.5,6.39465,20.2909,1.38385,0.691432
0,62.5,30.4968,19.5602,-1.61052,0.278777
0,62.5,9.38483,19.791,1.51855,0.151583
0,62.5,29.7253,19.4852,-1.91231,0.120066
0,62.5,10.061,19.9507,1.78162,0.130831
0,62.5,29.0045,19.6433,-1.98215,0.00726838
0,62.5,10.4571,20.2165,1.90503,-0.420154
0,62.5,28.7705,19.6219,-1.9774,-0.114427
0,62.5,10.6922,20.3266,1.90535,-0.29997
0,62.5,27.8803,19.4192,-2.12859,-0.205625
0,62.5,10.4289,20.461,1.96583,-0.22841
0,62.5,27.4012,19.3814,-2.29506,-0.741345
0,62.5,10.6718,20.5724,1.9019,-0.276489
0,62.5,26.7223,19.5457,-1.95971,-0.478079
0,62.5,10.6204,20.8304,1.9588,-0.253081
0,62.5,26.2264,19.8452,-1.93893,-0.640641
0,62.5,10.7939,20.9888,1.93012,-0.167351
0,62.5,26.4585,19.8404,-1.91846,-0.702726
0,62.5,10.9291,21.1628,1.92543,-0.101711
0,62.5,25.8433,19.7624,-2.08327,-1.02898
0,62.5,11.1804,21.0393,1.93205,-0.193969
0,62.5,25.6745,19.569,-1.99601,-1.38487
0,62.5,11.4923,21.3475,2.01291,-0.20888
0,62.5,25.3825,19.7468,-1.91206,-1.19108
0,62.5,11.7432,21.2428,2.04952,-0.135332
0,62.5,24.9649,19.8918,-1.6499,-1.24925
0,62.5,11.9871,21.1131,1.97769,-0.233383
0,62.5,24.5879,19.5564,-1.62341,-1.63204
0,62.5,12.2596,21.0219,2.13008,-0.2434
0,62.5,23.9159,20.1016,-1.31967,-1.35979
0,62.5,12.6762,21.0758,2.259,-0.39113
0,62.5,23.7398,20.326,-1.26492,-1.466
0,62.5,12.573,21.3581,2.25362,-0.354018
0,62.5,23.5749,20.5717,-1.22021,-1.48565
0,62.5,12.8755,21.6985,2.14145,-0.35878
0,62.5,23.3413,20.5735,-1.31391,-1.16965
0,62.5,13.1501,22.0661,1.95669,-0.386165
0,62.5,23.0579,20.6384,-1.14523,-1.37609
0,62.5,13.2765,22.2473,1.89278,-0.459081
0,62.5,22.7035,20.6659,-0.812559,-1.35691
0,62.5,13.4075,22.4429,1.85103,-0.477751
0,62.5,22.5547,20.8885,-0.653748,-0.969441
0,62.5,13.6593,22.3462,1.82893,-0.63598
0,62.5,22.4738,21.1363,-0.629877,-0.997405
0,62.5,13.5121,22.6445,1.67122,-0.463148
0,62.5,22.2967,20.9258,-0.610595,-1.09881
0,62.5,13.1253,22.4914,1.82621,-0.711744
0,62.5,22.2173,21.1871,-0.657016,-1.17698
0,62.5,12.915,22.6867,2.01604,-0.305395
0,62.5,22.3183,22.1376,-0.597528,-0.374815
0,62.5,12.6471,22.7655,1.98097,-0.261009
0,62.5,22.1801,22.4252,-0.809081,-0.524882
0,62.5,12.3787,23.3364,1.8458,-0.287367
0,62.5,22.4013,22.7173,-0.60217,-0.308566
0,62.5,12.194,23.946,1.70286,-0.280239
0,62.5,22.1725,22.6925,-0.539315,-0.336889
0,62.5,12.477,23.9177,1.87196,-0.267575
0,62.5,22.0369,22.2162,-0.610175,-0.834535
0,62.5,11.8828,24.1071,1.8852,-0.298244
0,62.5,22.5541,22.9839,-0.465472,-0.145591
0,62.5,12.3283,24.1527,1.74984,-0.388679
0,62.5,22.3335,22.9739,-0.39604,-0.306774
0,62.5,12.0761,24.2149,1.78579,-0.119443
0,62.5,22.7037,22.8028,-0.747848,-0.648118
0,62.5,11.8969,24.4143,1.62646,-0.239286
0,62.5,22.664,23.2259,-0.533593,0.0140157
0,62.5,11.6608,24.4608,1.62317,-0.0839701
0,62.5,23.1634,23.3189,-0.861202,-0.117
0,62.5,11.4812,24.771,1.37923,-0.0235049
0,62.5,23.689,23.7359,-0.839562,-0.155078
0,62.5,11.2327,24.8387,1.353,-0.0343213
0,62.5,23.7532,23.43,-0.80481,-0.314491
0,62.5,11.0419,25.0743,1.37775,-0.0267602
0,62.5,24.3661,23.542,-0.942365,-0.378897
0,62.5,10.9673,24.8515,1.27255,-0.051189
0,62.5,24.9845,24.5326,-1.02206,-0.0182648
0,62.5,10.7607,25.0826,1.31227,-0.140382
0,62.5,24.764,24.5372,-1.00781,0.193738
0,62.5,10.0652,25.5431,1.42319,-0.41046
0,62.5,25.0014,25.0539,-0.571749,0.150981
0,62.5,10.3558,25.5241,1.55869,-0.213175
0,62.5,25.4056,25.512,-0.328844,0.0595763
0,62.5,9.60815,25.74,1.43191,-0.0425913
0,62.5,25.2266,25.3025,-0.525256,-0.0910974
0,62.5,9.33693,25.745,1.70124,-0.158215
0,62.5,26.041,25.7214,0.0153538,-0.337505
0,62.5,9.26299,25.9843,0.534243,-0.0324787
0,62.5,27.1659,25.9763,-0.752114,0.391422
0,62.5,8.77664,25.994,0.464257,0.314706
0,62.5,27.6052,25.9716,-0.51657,0.0846596
0,62.5,3.58342,20.3384,0.727881,1.36004
0,62.5,32.2075,19.1329,-0.971124,-0.153527
0,62.5,2.2348,19.6168,1.33394,0.674614
0,62.5,38.5029,20.8244,0.0930639,1.13629
0,62.5,9.78161,18.0719,-0.886829,-1.59368
0,62.5,32.9075,19.629,-1.63369,0.511586
0,62.5,2.89591,20.4043,0.333,1.77484
0,62.5,35.2332,19.3604,-0.934203,1.93326
0,62.5,6.15102,20.5217,1.44215,0.770546
0,62.5,36.5636,19.7365,-0.768111,0.777112
0,62.5,8.2256,19.9548,1.49678,0.514941
0,62.5,32.5617,19.6614,-1.51923,0.343539
0,62.5,8.7874,19.944,1.59733,0.231105
0,62.5,36.721,20.2562,-1.05843,1.56747
0,62.5,9.36857,19.5716,2.12106,0.0707637
0,62.5,31.0006,19.6676,-1.17338,0.460751
0,62.5,9.61739,19.878,1.7469,0.201246
0,62.5,29.5235,19.8415,-1.81632,0.169834
0,62.5,9.90617,19.7295,1.89398,-0.0336672
0,62.5,27.6443,19.464,-2.06328,-0.462288
0,62.5,10.3949,19.9072,2.0309,-0.0738048
0,62.5,26.8661,19.7682,-1.88069,-0.505834
0,62.5,10.9364,20.4351,1.99983,-0.265717
0,62.5,26.4221,20.1146,-2.00457,-0.771599
0,62.5,10.8785,20.7022,1.9328,-0.307683
0,62.5,27.101,19.7223,-1.89637,-0.526418
0,62.5,11.045,20.8531,1.90196,-0.282496
0,62.5,26.1945,20.1316,-2.16324,-0.754679
0,62.5,11.2794,20.7415,1.93957,-0.336624
0,62.5,26.676,19.8853,-1.91754,-0.470141
0,62.5,11.4479,20.9193,2.02813,-0.258487
0,62.5,26.0119,19.9515,-1.99445,-0.951875
0,62.5,11.6222,21.0434,1.98019,-0.256831
0,62.5,25.5884,19.8281,-1.90515,-1.13583
0,62.5,12.1112,20.8415,1.94241,-0.3673
0,62.5,25.2702,19.9721,-1.84159,-1.05645
0,62.5,12.5113,20.9027,2.08598,-0.280626
0,62.5,24.5981,19.9502,-1.58785,-1.48415
0,62.5,12.8324,21.2384,2.23016,-0.345739
0,62.5,24.4309,19.7784,-1.47065,-1.59352
0,62.5,12.7257,21.5221,2.26212,-0.379787
0,62.5,24.1062,20.2259,-1.27389,-1.48036
0,62.5,13.0117,21.8781,2.06582,-0.375107
0,62.5,23.9409,20.4318,-1.24318,-1.47606
0,62.5,13.4088,21.9658,2.03501,-0.46431
0,62.5,23.4233,20.836,-1.2842,-1.44051
0,62.5,13.5349,22.1561,1.92543,-0.569098
0,62.5,23.181,20.829,-1.30064,-1.18353
0,62.5,13.7486,21.979,1.84,-0.769659
0,62.5,22.87,20.8394,-0.982281,-1.30624
0,62.5,13.8714,22.1823,1.69999,-0.750408
0,62.5,22.8686,21.287,-0.794901,-0.8568
0,62.5,13.7552,22.5662,1.6242,-0.547141
0,62.5,22.7331,21.0666,-0.75476,-0.954056
0,62.5,13.6185,22.8733,1.50968,-0.352683
0,62.5,22.6155,21.3461,-0.779235,-0.906911
0,62.5,13.3548,22.8812,1.62554,-0.602393
0,62.5,22.5139,21.6351,-0.68856,-0.854735
0,62.5,13.2216,22.6938,1.62618,-0.682147
0,62.5,22.3748,21.4064,-0.732241,-0.947385
0,62.5,12.7597,22.9533,1.83501,-0.333961
0,62.5,22.3708,21.8777,-0.595754,-0.46837
0,62.5,13.0319,22.8866,1.88579,-0.304486
0,62.5,22.3935,22.3781,-0.710285,-0.395034
0,62.5,12.6328,23.1963,1.7213,-0.492792
0,62.5,22.5635,22.0367,-0.579276,-0.597232
0,62.5,12.7495,23.3891,1.7809,-0.5504
0,62.5,22.5665,22.5709,-0.634092,-0.575787
0,62.5,12.5129,23.5165,1.86484,-0.361237
0,62.5,22.7934,22.4957,-0.550102,-0.562037
0,62.5,12.6327,23.7177,1.82589,-0.338678
0,62.5,22.92,22.7547,-0.660025,-0.434245
0,62.5,12.6003,24.1399,1.75166,-0.247116
0,62.5,22.9985,22.4407,-0.751226,-0.693135
0,62.5,12.4002,24.3709,1.60578,-0.360849
0,62.5,23.3339,23.5614,-0.785363,-0.141809
0,62.5,12.1507,24.4581,1.63979,-0.15008
0,62.5,23.5393,23.4828,-0.807928,-0.279563
0,62.5,11.9819,24.668,1.4693,-0.216176
0,62.5,23.1258,22.7255,-0.733088,-0.329667
0,62.5,11.7309,24.6938,1.42812,-0.197251
0,62.5,23.9709,23.3829,-0.879881,-0.551216
0,62.5,11.5996,24.9754,1.57833,-0.0611466
0,62.5,24.5365,23.7633,-1.00332,-0.282198
0,62.5,11.3317,25.0519,1.54264,-0.108038
0,62.5,25.0872,24.2739,-0.915751,-0.00924603
0,62.5,11.1811,25.2678,1.72224,-0.18235
0,62.5,25.8545,25.4419,-0.425205,0.155947
0,62.5,10.8776,25.2896,1.51717,-0.27634
0,62.5,25.3579,24.8456,-0.683269,-0.332697
0,62.5,10.5697,25.3026,1.31456,-0.332665
0,62.5,25.2475,25.0498,-0.521907,-0.159379
0,62.5,10.1415,25.7617,0.721929,-0.0723102
0,62.5,26.0859,25.4589,-0.340723,-0.17025
0,62.5,9.87616,25.7576,1.33128,-0.175591
0,62.5,26.2759,25.7411,-0.0315893,-0.0593522
0,62.5,9.73201,25.9825,0.566193,-0.103935
0,62.5,26.512,25.7022,-0.160603,-0.333792
0,62.5,9.01978,25.9933,0.571243,-0.221907
0,62.5,28.043,25.9819,-0.39479,0.159296
0,62.5,12.2231,17.7311,2.4682,-2.7595
0,62.5,35.462,19.6572,-0.635967,1.72197
0,62.5,5.56633,20.4677,1.22867,1.05263
0,62.5,32.8171,19.7984,-1.41865,0.595584
0,62.5,2.65951,20.7187,0.290438,1.25245
0,62.5,31.1881,19.5471,-0.998064,0.564137
0,62.5,1.61276,22.0194,0.135467,0.283344
0,62.5,30.2384,19.5702,-1.82654,0.148513
0,62.5,5.92863,20.3563,1.23395,0.723769
0,62.5,33.6941,19.7964,-1.46738,1.49627
0,62.5,4.62864,21.044,1.12804,1.49089
0,62.5,32.1143,19.733,-1.22711,0.394593
0,62.5,6.91009,20.0896,1.24291,0.428315
0,62.5,32.2235,19.5343,-1.15108,0.116061
0,62.5,9.10927,19.7689,2.14433,0.11687
0,62.5,29.7462,19.7252,-1.76798,0.0945734
0,62.5,10.2111,19.752,1.92977,0.0735085
0,62.5,28.3354,19.4881,-2.04856,-0.251038
0,62.5,10.6201,20.0214,2.10564,-0.251215
0,62.5,27.9435,19.6748,-1.97761,-0.252776
0,62.5,11.1016,20.2431,2.10069,-0.36073
0,62.5,27.3279,19.7854,-1.85863,-0.524312
0,62.5,11.3916,20.4952,2.01949,-0.229083
0,62.5,26.8662,20.0982,-2.06408,-0.546762
0,62.5,11.1366,20.5452,2.03861,-0.361575
0,62.5,26.1316,20.3868,-1.9269,-0.701904
0,62.5,11.5649,20.688,2.07775,-0.27454
0,62.5,25.8833,20.4629,-2.07156,-0.795882
0,62.5,11.8457,20.9266,1.87082,-0.454611
0,62.5,25.9226,20.2116,-2.03385,-0.766579
0,62.5,12.0572,20.6265,2.23412,-0.448211
0,62.5,25.7521,20.0451,-1.89549,-0.935296
0,62.5,12.3617,20.7287,1.94352,-0.313636
0,62.5,25.5167,20.089,-1.88293,-1.16659
0,62.5,12.7152,20.7404,1.9542,-0.588
0,62.5,25.1048,20.1329,-1.78193,-1.02571
0,62.5,13.044,21.0668,1.9909,-0.636386
0,62.5,24.4395,20.1358,-1.36897,-1.52259
0,62.5,12.9806,21.4189,2.20769,-0.379566
0,62.5,24.2543,19.997,-1.35787,-1.59607
0,62.5,13.2654,21.7851,2.10063,-0.397629
0,62.5,24.0141,20.7455,-1.21102,-1.4691
0,62.5,13.6171,21.7894,1.88282,-0.76617
0,62.5,24.1635,20.5477,-1.28906,-1.448
0,62.5,13.8916,21.7255,1.95424,-0.744297
0,62.5,23.7867,20.642,-1.21392,-1.50303
0,62.5,14.0123,21.9261,1.78575,-0.619223
0,62.5,23.4752,21.0973,-1.20889,-1.59136
0,62.5,14.1103,22.183,1.65366,-0.378326
0,62.5,23.2307,21.0934,-1.17883,-1.18842
0,62.5,13.9616,22.4261,1.52401,-0.630978
0,62.5,22.9988,21.0418,-1.10052,-1.07557
0,62.5,14.1922,22.4703,1.48116,-0.359918
0,62.5,23.069,21.361,-0.856591,-0.958302
0,62.5,13.8455,22.7983,1.43836,-0.53098
0,62.5,22.9524,21.6576,-0.778901,-0.87551
0,62.5,13.2913,23.3139,1.7094,-0.263108
0,62.5,22.764,21.546,-0.731298,-0.936019
0,62.5,13.4605,23.1081,1.55102,-0.482008
0,62.5,22.8712,21.9404,-0.776577,-0.963337
0,62.5,13.1802,23.0877,1.83605,-0.372985
0,62.5,22.6745,21.8165,-0.829108,-0.906489
0,62.5,13.0336,23.345,1.7536,-0.348446
0,62.5,22.6204,22.2754,-0.67883,-0.558037
0,62.5,12.92,23.1362,1.7968,-0.341706
0,62.5,23.0681,22.15,-0.946267,-0.885195
0,62.5,12.9811,23.7803,1.65445,-0.357768
0,62.5,22.8346,22.1898,-0.760037,-0.841409
0,62.5,12.8666,23.5823,1.68264,-0.446762
0,62.5,23.3725,23.246,-0.784515,-0.201446
0,62.5,12.7629,23.9228,1.79468,-0.27528
0,62.5,23.2511,22.9935,-0.770785,-0.189137
0,62.5,12.8738,24.1414,1.71161,-0.263268
0,62.5,23.8042,23.1387,-0.841053,-0.528046
0,62.5,12.9484,24.3753,1.42362,-0.113161
0,62.5,23.5848,23.1846,-0.847508,-0.306692
0,62.5,12.6857,24.3614,1.53809,-0.243607
0,62.5,24.4633,23.2869,-1.11081,-0.597433
0,62.5,12.4932,24.5798,1.46082,-0.302018
0,62.5,24.2065,23.3223,-1.01161,-0.549746
0,62.5,12.2495,24.6826,1.50124,-0.177315
0,62.5,24.6955,24.0026,-1.03309,0.00157225
0,62.5,12.1017,24.9138,1.44608,-0.187882
0,62.5,24.8632,24.2584,-0.975607,0.0836907
0,62.5,11.8507,24.9143,1.49546,-0.176605
0,62.5,24.9263,23.984,-1.1595,-0.0823083
0,62.5,11.724,25.19,1.56655,-0.0431522
0,62.5,25.4573,25.2154,-0.524061,-0.047761
0,62.5,11.4752,25.242,1.64387,-0.0171108
0,62.5,25.9225,25.186,-0.552024,-0.054335
0,62.5,11.1762,25.4944,1.25643,-0.115509
0,62.5,26.4214,25.2615,-0.775533,-0.18802
0,62.5,10.9217,25.5014,1.22691,-0.0711827
0,62.5,26.1629,25.2166,-0.621089,-0.152739
0,62.5,10.6486,25.4992,1.57061,-0.418697
0,62.5,26.3269,25.4865,-0.308251,-0.122859
0,62.5,10.4037,25.7474,0.669091,-0.144356
0,62.5,26.7495,25.7192,-0.351275,0.303895
0,62.5,9.49583,25.9917,0.557205,0.101111
0,62.5,28.2849,26.0077,-0.493467,-0.32109
0,62.5,1.23159,20.2605,0.147358,-0.0993551
0,62.5,35.0218,19.6052,-0.838565,1.77202
0,62.5,5.33949,20.592,1.21603,0.988467
0,62.5,36.0395,19.8775,-0.657972,1.87998
0,62.5,3.84465,20.098,0.944521,2.00224
0,62.5,29.7983,19.9849,-1.61609,0.0193977
0,62.5,6.15717,20.2531,1.33857,0.981767
0,62.5,30.2585,19.8191,-1.72229,0.0994847
0,62.5,6.6258,20.1038,1.41087,0.666883
0,62.5,28.8347,19.878,-1.98372,-0.171077
0,62.5,8.87434,19.7131,2.02066,0.238424
0,62.5,29.296,19.9417,-1.79271,0.308098
0,62.5,8.53224,19.902,1.72971,0.380432
0,62.5,28.1429,19.8874,-1.93706,-0.322665
0,62.5,9.67891,19.6397,1.96976,0.3592
0,62.5,28.5385,19.6887,-1.94518,-0.244406
0,62.5,10.8548,20.1447,2.09219,-0.231852
0,62.5,27.7356,19.7472,-1.99468,-0.366711
0,62.5,10.5603,19.7144,2.24552,-0.0498608
0,62.5,28.1699,19.6152,-1.98451,-0.248065
0,62.5,11.341,20.2666,2.26914,-0.38934
0,62.5,27.0513,19.9907,-1.9218,-0.554128
0,62.5,11.0269,19.9797,2.16008,-0.225324
0,62.5,27.5071,19.6736,-1.95715,-0.561515
0,62.5,11.6507,20.4299,1.89269,-0.561392
0,62.5,26.633,20.1626,-2.05795,-0.456075
0,62.5,11.7875,20.7093,2.10614,-0.427018
0,62.5,26.3652,20.3929,-1.95102,-0.771607
0,62.5,12.2917,20.4917,2.06906,-0.401595
0,62.5,25.7408,20.6458,-1.87281,-0.690864
0,62.5,12.5606,20.5516,2.0952,-0.507723
0,62.5,25.5089,20.4885,-1.87197,-0.724629
0,62.5,12.8827,20.9013,2.02602,-0.64722
0,62.5,25.6584,20.3265,-2.03208,-0.950919
0,62.5,13.1867,21.2477,1.98665,-0.607948
0,62.5,25.3537,20.255,-1.70078,-1.03441
0,62.5,13.1314,21.5942,2.15872,-0.353634
0,62.5,24.8313,20.092,-1.66099,-1.29562
0,62.5,13.4727,21.6099,1.92847,-0.665039
0,62.5,24.6696,20.2615,-1.51127,-1.25217
0,62.5,13.745,21.5334,1.96968,-0.689057
0,62.5,24.3126,20.3523,-1.34,-1.40601
0,62.5,14.1065,21.5714,1.74766,-0.886151
0,62.5,24.2049,20.889,-1.46803,-1.18413
0,62.5,14.225,21.7977,1.64817,-0.808281
0,62.5,23.8783,20.9562,-1.26684,-1.45937
0,62.5,14.4594,21.8201,1.66084,-0.457858
0,62.5,23.6469,20.8725,-1.1945,-1.57644
0,62.5,14.3024,22.0541,1.46714,-0.790573
0,62.5,23.7226,21.1603,-1.27876,-1.5436
0,62.5,14.5427,22.106,1.53969,-0.45621
0,62.5,23.5713,21.3614,-1.15685,-1.49668
0,62.5,14.3754,22.3211,1.3891,-0.753882
0,62.5,23.3114,21.33,-1.04122,-1.30252
0,62.5,14.6236,22.3688,1.4465,-0.566351
0,62.5,23.183,21.5875,-0.813915,-1.02784
0,62.5,14.0551,22.693,1.40789,-0.463801
0,62.5,23.1057,21.8673,-0.775568,-0.977091
0,62.5,14.2814,22.7641,1.39856,-0.361109
0,62.5,23.3428,21.823,-0.839637,-1.03608
0,62.5,13.7115,23.1268,1.50359,-0.37881
0,62.5,23.2875,22.1022,-1.10585,-0.818615
0,62.5,13.9286,23.0395,1.44392,-0.588082
0,62.5,23.2126,22.4096,-0.886005,-0.589482
0,62.5,13.1579,23.5549,1.62305,-0.238659
0,62.5,23.3315,22.6685,-0.905067,-0.506184
0,62.5,13.4155,23.5595,1.66142,-0.253015
0,62.5,23.4594,22.9285,-0.86382,-0.366036
0,62.5,13.3676,24.0255,1.53092,-0.248689
0,62.5,23.6734,22.8802,-0.980636,-0.480252
0,62.5,13.2677,23.7826,1.62776,-0.283186
0,62.5,24.0381,23.1081,-1.02584,-0.770694
0,62.5,13.0898,23.9891,1.63803,-0.345834
0,62.5,24.3032,23.0748,-1.28843,-0.65305
0,62.5,13.1658,24.2175,1.41206,-0.220835
0,62.5,24.6193,23.5099,-1.121,-0.437505
0,62.5,13.0044,24.6256,1.2805,-0.08509
0,62.5,24.5681,23.0399,-1.22429,-0.597686
0,62.5,13.2188,24.4622,1.21355,-0.183013
0,62.5,24.783,23.7358,-1.14789,-0.318618
0,62.5,12.7613,24.5988,1.3768,-0.127745
0,62.5,25.0343,23.7311,-1.29541,-0.393208
0,62.5,12.8087,24.864,1.25801,-0.0334972
0,62.5,25.2148,24.5848,-0.936198,-0.035165
0,62.5,12.3394,24.9177,1.42584,-0.0393164
0,62.5,25.5637,24.9451,-0.849637,0.249982
0,62.5,12.5645,24.8097,1.3139,-0.207485
0,62.5,25.6759,25.2021,-0.410042,0.265293
0,62.5,11.9626,25.1592,1.56238,-0.0751789
0,62.5,26.2768,24.9909,-0.750734,-0.262956
0,62.5,12.1838,25.2,1.3994,0.0385468
0,62.5,26.0369,24.9473,-0.909656,-0.145407
0,62.5,11.4218,25.485,1.15204,0.0368128
0,62.5,26.6024,25.4651,-0.30185,-0.109621
0,62.5,10.6449,25.7387,0.346056,-0.133483
0,62.5,26.8769,25.4908,-0.264011,0.215916
0,62.5,10.8824,25.7529,0.393857,-0.16914
0,62.5,27.8274,25.9962,-0.509983,-0.102701
0,62.5,9.97476,26.0096,0.480009,0.161455
0,62.5,28.5147,25.9796,-0.359501,0.0443552
0,62.5,3.51408,20.5721,0.887102,1.38204
0,62.5,34.3593,19.8585,-1.12814,1.81486
0,62.5,6.3377,20.0393,1.15959,0.705673
0,62.5,37.9714,21.9868,-0.192411,0.475223
0,62.5,4.96289,20.7518,1.33335,1.26149
0,62.5,32.4061,19.7657,-1.46083,0.260817
0,62.5,6.92275,19.8898,1.30547,0.490406
0,62.5,31.5578,19.6084,-0.77582,0.390468
0,62.5,7.28732,19.9798,1.07129,0.516941
0,62.5,29.0596,19.9445,-1.91686,-0.0410515
0,62.5,7.80762,19.8254,1.26399,0.688974
0,62.5,28.3758,19.8431,-1.96331,-0.269301
0,62.5,10.0859,19.5371,1.9686,-0.00660848
0,62.5,27.9417,19.9845,-1.87039,-0.178393
0,62.5,9.12892,19.5039,1.76317,0.167245
0,62.5,27.7059,19.9971,-1.99222,-0.403512
0,62.5,10.7747,19.84,2.305,-0.257557
0,62.5,27.4851,20.0077,-1.9637,-0.442162
0,62.5,11.2954,20.0279,2.15397,-0.251715
0,62.5,27.2199,20.3208,-1.89128,-0.390065
0,62.5,11.6049,20.2041,2.28838,-0.379711
0,62.5,27.2674,20.0639,-1.95654,-0.471899
0,62.5,12.1432,20.3182,2.03779,-0.727405
0,62.5,26.7895,20.3938,-1.9084,-0.52275
0,62.5,11.8957,20.449,1.99081,-0.533047
0,62.5,27.0086,20.3318,-1.90677,-0.634673
0,62.5,12.485,20.3102,2.03723,-0.595802
0,62.5,26.5727,20.4574,-1.98604,-0.435895
0,62.5,12.8217,20.4872,2.15332,-0.63225
0,62.5,26.09,20.6529,-1.89466,-0.789328
0,62.5,13.1632,20.807,2.11966,-0.588029
0,62.5,25.9305,20.8324,-1.84071,-0.701128
0,62.5,13.4617,21.1669,2.03571,-0.60332
0,62.5,25.5647,20.7886,-1.85843,-0.879784
0,62.5,13.341,21.4221,1.95835,-0.659048
0,62.5,25.3292,20.6611,-1.91119,-0.821581
0,62.5,13.6148,21.3464,2.052,-0.633388
0,62.5,25.2039,20.4348,-1.73701,-0.951096
0,62.5,13.9639,21.3846,1.81894,-0.921917
0,62.5,24.9544,20.3322,-1.68021,-1.0815
0,62.5,14.3503,21.5413,1.64831,-0.616136
0,62.5,24.7843,20.5112,-1.6525,-1.1085
0,62.5,14.4451,21.1947,1.63591,-1.02259
0,62.5,24.5314,20.4707,-1.50463,-1.22837
0,62.5,14.5472,21.4343,1.40163,-0.882632
0,62.5,24.3718,20.6808,-1.5175,-1.2562
0,62.5,14.6415,21.6948,1.43494,-0.815071
0,62.5,24.0482,21.1202,-1.50077,-1.13572
0,62.5,14.871,21.7523,1.43675,-0.545699
0,62.5,23.8839,21.3408,-1.52979,-1.23805
0,62.5,14.721,21.9746,1.46105,-0.699352
0,62.5,23.9847,21.5932,-1.52255,-1.0769
0,62.5,14.9516,22.0444,1.44397,-0.535154
0,62.5,23.729,21.5562,-1.4791,-1.17433
0,62.5,15.1593,21.9717,1.36978,-0.764555
0,62.5,23.6008,21.787,-1.27801,-0.929413
0,62.5,14.823,22.2643,1.45655,-0.602706
0,62.5,23.4395,21.5815,-1.03064,-1.27005
0,62.5,15.0494,22.3318,1.49868,-0.606834
0,62.5,23.5097,22.0472,-1.20693,-0.725613
0,62.5,14.4531,22.5837,1.26177,-0.717137
0,62.5,23.5449,22.619,-1.02758,-0.589642
0,62.5,14.6992,22.6265,1.30882,-0.700915
0,62.5,23.4243,22.3519,-1.10613,-0.760197
0,62.5,14.1485,22.9811,1.42588,-0.39184
0,62.5,23.7642,22.5961,-1.15806,-0.681052
0,62.5,14.3787,23.0493,1.38297,-0.429341
0,62.5,23.9014,22.8668,-1.07034,-0.785378
0,62.5,13.5652,23.354,1.54059,-0.373824
0,62.5,24.417,22.8274,-1.3046,-0.580228
0,62.5,13.8156,23.3836,1.52025,-0.305025
0,62.5,24.1524,22.8622,-1.12099,-1.0088
0,62.5,13.5247,23.8102,1.61014,-0.235532
0,62.5,24.6783,22.7983,-1.18394,-0.598082
0,62.5,13.6851,23.6051,1.51213,-0.34649
0,62.5,24.7222,23.2642,-1.19318,-0.633195
0,62.5,13.4261,24.2784,1.25084,-0.222431
0,62.5,24.8793,23.4945,-1.16092,-0.458099
0,62.5,13.6201,24.0639,1.4763,-0.190833
0,62.5,25.1533,24.0093,-1.2619,-0.212666
0,62.5,13.4505,24.5547,1.08736,-0.234251
0,62.5,25.4656,24.6122,-0.749869,-0.309117
0,62.5,13.668,24.6021,1.08878,-0.224252
0,62.5,25.7915,24.9347,-0.821855,-0.055745
0,62.5,13.0276,24.8994,1.26429,-0.12055
0,62.5,25.9193,24.6843,-0.899291,-0.191867
0,62.5,13.2379,24.7309,1.25739,-0.0926665
0,62.5,25.6852,24.6753,-0.912014,0.275068
0,62.5,12.408,25.1612,1.3909,0.00915295
0,62.5,26.5314,25.0544,-0.886709,-0.217957
0,62.5,12.6377,25.064,1.27739,-0.133701
0,62.5,27.0194,25.3148,-0.589678,0.135418
0,62.5,11.6595,25.4621,1.32016,0.0996323
0,62.5,26.9889,25.7195,-0.455208,0.0446146
0,62.5,11.1198,25.7501,0.437816,0.00910473
0,62.5,27.2157,25.695,-0.449224,0.398574
0,62.5,11.3592,25.7454,0.473439,-0.0651823
0,62.5,27.4413,25.7117,-0.667562,0.291072
0,62.5,10.2238,25.9945,0.562896,-0.0150558
0,62.5,28.747,26.0026,-0.470366,-0.262856
0,62.5,3.00539,20.0423,0.46872,2.41
0,62.5,37.8197,19.272,-1.48936,3.78257
0,62.5,5.64595,20.2658,1.25222,1.04707
0,62.5,37.1674,20.0851,-1.45656,1.26122
0,62.5,6.59546,19.8986,1.34287,0.425631
0,62.5,32.2262,19.9598,-1.41254,0.512257
0,62.5,7.2061,19.8186,0.86218,0.608412
0,62.5,33.1841,19.7769,-1.52537,0.899774
0,62.5,8.03838,19.7894,1.23106,0.948303
0,62.5,30.8066,19.7881,-1.49657,0.423684
0,62.5,9.3681,19.3007,2.04446,0.309512
0,62.5,29.3509,20.194,-1.70305,0.163432
0,62.5,10.3833,19.5517,2.16642,0.20716
0,62.5,28.6184,19.9593,-1.89097,-0.232972
0,62.5,11.0158,19.7319,2.28448,-0.300338
0,62.5,27.9116,20.2621,-1.83338,-0.340638
0,62.5,11.2628,19.7896,2.23097,-0.339005
0,62.5,27.6702,20.2641,-1.81127,-0.35898
0,62.5,11.8905,20.2072,2.24208,-0.408377
0,62.5,27.4561,20.3132,-1.92695,-0.563144
0,62.5,12.4271,20.1044,2.23131,-0.60361
0,62.5,27.1751,20.6039,-1.92943,-0.578584
0,62.5,12.7419,20.2689,2.11799,-0.63662
0,62.5,26.9593,20.6322,-1.91838,-0.707175
0,62.5,12.6961,20.036,2.05349,-0.781287
0,62.5,26.747,20.6972,-1.91232,-0.580504
0,62.5,13.0006,20.6462,2.14953,-0.500985
0,62.5,26.5349,20.7478,-1.94214,-0.608582
0,62.5,13.315,20.9856,2.05681,-0.534438
0,62.5,26.3183,20.6634,-1.94431,-0.752293
0,62.5,13.5329,20.8311,1.85171,-0.786835
0,62.5,26.1959,20.9153,-1.90836,-0.690352
0,62.5,13.6799,21.0166,1.81015,-0.81471
0,62.5,26.0408,21.0972,-1.82153,-0.691369
0,62.5,13.8388,21.1881,1.86158,-0.891035
0,62.5,25.7627,20.9879,-1.824,-0.725858
0,62.5,14.2253,21.3032,1.75932,-0.923048
0,62.5,25.3983,20.9506,-1.86011,-0.773132
0,62.5,14.0912,21.106,1.87776,-0.878431
0,62.5,25.1562,20.8397,-1.93501,-0.720501
0,62.5,14.3243,20.9853,1.80598,-1.10326
0,62.5,25.033,20.608,-1.60686,-1.0366
0,62.5,14.6818,21.1563,1.56085,-0.684692
0,62.5,24.8674,20.7981,-1.70621,-1.00854
0,62.5,14.7808,21.449,1.40591,-0.482374
0,62.5,24.6238,20.7278,-1.63121,-1.07157
0,62.5,14.992,21.45,1.35407,-0.72236
0,62.5,24.4553,20.9353,-1.6096,-1.10171
0,62.5,15.0818,21.7118,1.39058,-0.812797
0,62.5,24.294,21.1476,-1.49122,-1.09336
0,62.5,15.2562,21.5266,1.33069,-0.853019
0,62.5,24.1356,21.3738,-1.52924,-1.08562
0,62.5,15.3431,21.8055,1.25275,-0.891387
0,62.5,24.2388,21.6419,-1.5623,-1.11678
0,62.5,15.4394,22.0716,1.30286,-1.002
0,62.5,24.0963,21.8588,-1.59048,-1.05449
0,62.5,15.6625,22.1734,1.35412,-0.998086
0,62.5,23.8455,21.8135,-1.44329,-0.963156
0,62.5,15.8358,21.9912,1.25395,-1.03911
0,62.5,23.6387,22.3234,-1.11602,-0.692237
0,62.5,15.2543,22.216,1.40846,-0.80641
0,62.5,23.7381,22.0578,-1.26773,-0.783906
0,62.5,15.5433,22.3756,1.26404,-1.08588
0,62.5,23.8671,22.3374,-1.21378,-0.768858
0,62.5,14.9109,22.552,1.38482,-0.682669
0,62.5,23.9739,22.0872,-1.3479,-0.94393
0,62.5,15.1335,22.6167,1.40597,-0.65765
0,62.5,23.9982,22.6162,-1.13316,-0.913556
0,62.5,14.5362,22.8472,1.2053,-0.740579
0,62.5,24.2494,22.6189,-1.1124,-1.0555
0,62.5,14.7863,22.8828,1.29685,-0.737833
0,62.5,24.5238,22.5814,-1.3468,-0.49373
0,62.5,14.0228,23.28,1.34729,-0.569498
0,62.5,24.8337,23.0311,-1.25502,-0.802095
0,62.5,14.4913,23.3254,1.39788,-0.46315
0,62.5,25.1398,23.5023,-1.24844,-0.502248
0,62.5,13.9337,23.6479,1.45428,-0.276251
0,62.5,24.9855,23.2571,-1.34378,-0.614595
0,62.5,14.122,23.5255,1.32538,-0.45655
0,62.5,25.2803,23.7798,-1.37974,-0.480757
0,62.5,13.7889,23.8628,1.50389,-0.236765
0,62.5,25.3096,24.3478,-0.825965,0.024669
0,62.5,14.0255,23.929,1.43986,-0.163607
0,62.5,25.5626,24.3793,-0.688977,-0.324182
0,62.5,13.6593,24.3247,1.1941,-0.209166
0,62.5,25.796,24.4181,-1.02264,-0.0159996
0,62.5,13.4574,24.8417,1.18173,-0.173557
0,62.5,26.1722,24.7154,-0.861119,0.0713029
0,62.5,12.8045,25.2018,1.20342,0.058494
0,62.5,26.7194,25.2606,-0.910683,0.185864
0,62.5,13.0367,25.146,1.06723,-0.0947
0,62.5,27.21,25.4573,-0.676995,0.16161
0,62.5,12.1084,25.4667,1.25673,0.119273
0,62.5,27.4731,25.4471,-0.820469,0.190627
0,62.5,11.8912,25.4283,1.29665,-0.00890333
0,62.5,27.6864,25.4148,-0.813831,0.0666211
0,62.5,11.5922,25.7387,0.733412,0.0839517
0,62.5,27.6698,25.7057,-0.663914,-0.151346
0,62.5,10.4666,26.0025,0.398647,0.0785034
0,62.5,28.9798,25.977,-0.405755,0.177584
0,62.5,5.85013,20.1054,0.850333,0.954836
0,62.5,33.0758,19.954,-1.66805,0.77701
0,62.5,4.13825,21.1736,1.20717,1.49236
0,62.5,34.8969,19.8176,-0.751177,1.72713
0,62.5,6.06185,20.0054,1.12799,1.11397
0,62.5,32.6801,19.9676,-1.45118,0.274435
0,62.5,5.37864,20.2239,1.11669,1.07411
0,62.5,31.6655,19.8285,-0.999132,0.466076
0,62.5,8.36808,19.7332,1.44128,0.603582
0,62.5,31.3504,19.7452,-0.892453,0.324525
0,62.5,9.87298,19.4354,1.86191,0.174942
0,62.5,30.0455,20.0045,-1.58036,0.151974
0,62.5,10.8457,19.5677,2.31205,-0.107209
0,62.5,29.8006,20.2539,-1.61769,-0.0738906
0,62.5,11.0883,19.3935,2.53543,-0.209757
0,62.5,28.8568,20.1555,-1.95449,-0.171203
0,62.5,11.5506,19.9796,1.99781,-0.639377
0,62.5,28.1365,20.1905,-1.73852,-0.252486
0,62.5,11.8241,19.9896,2.30444,-0.479449
0,62.5,27.8671,20.5,-1.91127,-0.416233
0,62.5,12.1613,20.0942,2.17627,-0.644227
0,62.5,27.4007,20.5801,-1.89092,-0.5657
0,62.5,12.3437,19.8715,2.19309,-0.722405
0,62.5,27.3125,20.8654,-1.97518,-0.577767
0,62.5,13.2176,20.4817,1.98457,-0.803056
0,62.5,27.0861,20.8943,-1.95458,-0.681436
0,62.5,13.3829,20.6502,1.96764,-0.83562
0,62.5,26.8679,20.9509,-1.95638,-0.727458
0,62.5,13.5865,20.5086,2.01484,-0.785485
0,62.5,26.6743,21.0327,-1.86767,-0.538671
0,62.5,13.7573,20.7131,1.83383,-0.784346
0,62.5,26.4323,20.9806,-1.8892,-0.695601
0,62.5,13.9216,20.9072,1.85646,-0.802431
0,62.5,26.3107,21.1942,-1.79603,-0.706929
0,62.5,13.997,20.6257,1.81386,-0.879891
0,62.5,25.86,21.2515,-1.78841,-0.705287
0,62.5,14.1567,20.8156,1.7505,-0.960654
0,62.5,25.4193,21.3006,-1.80152,-0.800203
0,62.5,14.5711,20.8979,1.7079,-0.879669
0,62.5,25.591,21.138,-1.80209,-0.753656
0,62.5,14.7957,20.8856,1.60094,-0.72237
0,62.5,25.2298,21.1225,-1.79109,-0.803708
0,62.5,14.8944,21.1715,1.49488,-0.621883
0,62.5,24.9839,21.0291,-1.91245,-0.802232
0,62.5,15.0623,20.9949,1.36962,-0.90069
0,62.5,24.8084,21.2376,-1.83599,-0.710609
0,62.5,15.1601,21.2617,1.31783,-0.860035
0,62.5,24.7093,21.0004,-1.63345,-1.04953
0,62.5,15.5014,21.6121,1.37868,-0.852154
0,62.5,24.6389,21.4526,-1.70838,-0.728496
0,62.5,15.6755,21.4521,1.10476,-1.11684
0,62.5,24.5428,21.2068,-1.56128,-1.02183
0,62.5,15.5949,21.8716,1.37228,-0.992053
0,62.5,24.3839,21.4189,-1.5975,-1.02196
0,62.5,15.7869,21.7169,1.33026,-1.14077
0,62.5,24.3429,21.9075,-1.57696,-0.860228
0,62.5,16.1396,21.3545,1.18666,-1.12169
0,62.5,24.2114,22.1347,-1.39221,-0.955829
0,62.5,16.3802,22.2252,0.959297,-1.02378
0,62.5,24.1008,22.3718,-1.21408,-0.898793
0,62.5,16.1341,21.6109,1.00359,-1.10251
0,62.5,24.4699,22.1547,-1.33509,-0.998569
0,62.5,16.3012,21.9682,0.969254,-1.22531
0,62.5,24.3566,22.3848,-1.1424,-0.99912
0,62.5,16.0197,21.8184,1.26581,-0.987734
0,62.5,24.6403,22.3365,-1.46805,-0.369734
0,62.5,16.103,22.0702,1.2013,-0.821451
0,62.5,24.7837,22.5596,-1.24291,-0.658624
0,62.5,15.8023,22.4431,1.34151,-0.860751
0,62.5,25.0543,22.589,-1.25643,-0.989989
0,62.5,15.3266,22.4558,1.39766,-0.745159
0,62.5,24.9437,22.804,-1.20147,-0.891452
0,62.5,15.0032,22.8453,1.34315,-0.705828
0,62.5,25.4819,23.324,-1.2913,-0.647757
0,62.5,14.5975,23.5985,1.26251,-0.565965
0,62.5,25.2373,23.2678,-1.33079,-0.543365
0,62.5,14.6352,23.1075,1.26978,-0.725122
0,62.5,25.5014,23.8636,-1.52988,-0.643702
0,62.5,14.2548,23.271,1.36852,-0.299619
0,62.5,25.3877,23.5541,-1.23896,-0.607412
0,62.5,14.2155,23.7809,1.30947,-0.390432
0,62.5,25.6065,24.13,-1.50118,-0.615229
0,62.5,14.094,24.2291,1.29709,-0.0735469
0,62.5,25.3677,24.1026,-1.39501,-0.159468
0,62.5,13.87,24.1369,1.35634,-0.194529
0,62.5,26.039,24.4579,-0.906387,-0.174167
0,62.5,13.6713,24.8842,1.14101,-0.127535
0,62.5,26.4246,24.787,-0.748383,-0.274421
0,62.5,13.2717,25.0124,1.14618,-0.0582962
0,62.5,27.1133,25.073,-1.16062,-0.123454
0,62.5,12.7477,25.4988,1.24968,-0.0132538
0,62.5,26.867,25.0792,-1.01286,0.2502
0,62.5,12.5664,25.3687,1.28627,0.0342299
0,62.5,27.9216,25.4332,-0.7333,0.188902
0,62.5,12.3442,25.4514,1.23213,0.0694327
0,62.5,28.1574,25.4703,-0.691028,-0.0379863
0,62.5,11.8181,25.7062,0.79461,0.0396731
0,62.5,27.881,25.6896,-0.571398,0.31169
0,62.5,10.7056,26.0015,0.452395,-0.0583398
0,62.5,29.2144,26.0063,-0.623961,-0.474475
0,62.5,4.50803,20.0377,1.00936,1.54119
0,62.5,35.2675,20.1711,-0.836195,1.72041
0,62.5,3.02625,20.6306,0.37884,1.58644
0,62.5,34.8362,19.2937,-0.970922,2.24756
0,62.5,6.82761,19.6891,0.568238,0.341481
0,62.5,36.0161,20.1461,-0.717922,1.76458
0,62.5,7.3848,19.5762,0.333237,0.520545
0,62.5,33.5197,19.9975,-1.7169,1.32738
0,62.5,7.571,19.7043,0.384814,0.793491
0,62.5,31.9206,19.9197,-1.25719,0.386142
0,62.5,10.6569,19.4575,2.18458,0.0796357
0,62.5,30.5356,19.7792,-1.61539,0.0796695
0,62.5,11.775,19.7538,2.17385,-0.473592
0,62.5,30.0393,20.2448,-1.62798,0.149717
0,62.5,11.5243,19.7412,2.49634,-0.26889
0,62.5,29.1106,20.2043,-1.782,-0.0681689
0,62.5,12.0381,19.6509,2.28004,-0.640839
0,62.5,28.5698,20.1957,-1.76269,-0.118817
0,62.5,12.0606,19.881,2.17571,-0.673263
0,62.5,28.3504,20.1078,-1.77641,-0.262272
0,62.5,12.3035,19.6454,2.30892,-0.605938
0,62.5,28.1402,20.4741,-1.83811,-0.348485
0,62.5,13.0464,20.3315,2.00084,-0.77656
0,62.5,27.6346,20.5519,-1.93557,-0.499152
0,62.5,12.5964,19.8254,2.22222,-0.826931
0,62.5,27.7959,20.7804,-2.00786,-0.537608
0,62.5,13.2557,20.1379,2.10647,-0.791388
0,62.5,27.549,20.8222,-1.95648,-0.518101
0,62.5,13.6654,20.2397,2.05162,-0.890251
0,62.5,27.2235,21.1401,-1.90298,-0.641757
0,62.5,13.8256,20.4384,1.94115,-0.859088
0,62.5,26.8158,21.3145,-1.78934,-0.678285
0,62.5,14.2423,20.5195,1.77353,-0.977097
0,62.5,26.5727,21.2607,-1.83574,-0.657024
0,62.5,14.4069,20.697,1.79232,-1.05427
0,62.5,26.3869,21.4574,-1.75898,-0.654658
0,62.5,14.6566,20.6343,1.66192,-0.934359
0,62.5,26.1315,21.3565,-1.69362,-0.688793
0,62.5,14.858,20.501,1.50652,-0.988866
0,62.5,25.6808,21.4077,-1.74029,-0.739167
0,62.5,14.9794,20.7343,1.4395,-0.968167
0,62.5,25.4992,21.5682,-1.68565,-0.80997
0,62.5,15.3058,21.0592,1.29786,-0.939042
0,62.5,25.2432,21.4707,-1.76856,-0.758902
0,62.5,15.412,21.3352,1.26781,-0.877796
0,62.5,25.0603,21.3,-1.73482,-0.861778
0,62.5,15.5655,21.1537,1.15803,-1.06607
0,62.5,25.0726,21.66,-1.76568,-0.681161
0,62.5,15.7935,21.2258,1.22952,-1.19429
0,62.5,24.8955,21.4969,-1.6324,-0.780731
0,62.5,15.913,21.4928,1.10155,-1.26028
0,62.5,24.9145,21.8708,-1.70566,-0.530405
0,62.5,16.1664,20.9806,1.1444,-1.27615
0,62.5,24.7414,21.7068,-1.54722,-0.801358
0,62.5,16.3367,21.2657,1.05868,-1.36479
0,62.5,24.4851,21.6778,-1.63725,-0.790968
0,62.5,16.4333,21.4968,0.980375,-1.26354
0,62.5,24.7705,22.0979,-1.62078,-0.424091
0,62.5,16.3415,21.7291,1.12264,-1.22258
0,62.5,24.6008,21.929,-1.47146,-0.827227
0,62.5,16.1816,22.3555,1.1052,-0.795858
0,62.5,25.1761,22.3881,-1.28428,-0.946914
0,62.5,16.4335,22.4857,1.18104,-1.04096
0,62.5,24.9017,22.3357,-1.35522,-0.754689
0,62.5,16.0616,22.537,1.17029,-0.68438
0,62.5,25.3562,23.0367,-1.39602,-0.514059
0,62.5,15.8681,22.7171,1.11646,-0.725761
0,62.5,25.1048,23.0193,-1.40591,-0.579351
0,62.5,15.3947,22.7076,1.40476,-0.678349
0,62.5,25.8691,23.6523,-1.19123,-0.439223
0,62.5,15.9337,22.251,1.16355,-0.91496
0,62.5,25.6209,23.6309,-1.23466,-0.501649
0,62.5,15.2301,22.9004,1.38136,-0.666177
0,62.5,25.9856,23.9177,-1.50846,-0.318221
0,62.5,15.1095,23.1434,1.35332,-0.624914
0,62.5,25.746,23.8904,-1.49316,-0.456917
0,62.5,14.8876,23.1387,1.33757,-0.808845
0,62.5,26.0707,24.21,-1.64966,-0.407596
0,62.5,14.3669,23.558,1.29919,-0.331851
0,62.5,25.8435,24.1623,-1.55056,-0.203522
0,62.5,14.4508,23.8428,1.24985,-0.283978
0,62.5,26.5801,24.6315,-0.897016,-0.195026
0,62.5,14.2642,24.053,1.29103,-0.234302
0,62.5,26.3001,24.5163,-1.15779,-0.225735
0,62.5,13.8861,24.4145,1.14038,-0.193232
0,62.5,26.8554,24.7255,-1.16711,-0.194848
0,62.5,14.1042,24.5059,1.13527,-0.0358037
0,62.5,26.7049,24.8979,-0.702113,0.133194
0,62.5,13.4369,25.1744,1.1022,-0.263924
0,62.5,27.5343,25.136,-0.97627,0.239113
0,62.5,12.9688,25.416,1.27001,0.121504
0,62.5,27.3241,25.231,-0.965515,0.0305375
0,62.5,12.4931,25.6772,0.984399,0.0789605
0,62.5,28.3926,25.473,-0.522416,0.117844
0,62.5,12.273,25.723,0.864051,0.074663
0,62.5,28.3373,25.7368,-0.375047,0.0311702
0,62.5,12.0383,25.7302,0.885315,0.166853
0,62.5,28.1069,25.7327,-0.538538,-0.19027
0,62.5,10.9516,26.0072,0.29558,-0.125494
0,62.5,29.4521,25.9839,-0.388334,0.448866
0,62.5,4.67092,20.3485,0.856258,1.47204
0,62.5,33.9045,19.9533,-1.37756,1.34862
0,62.5,4.43899,20.5283,1.08756,1.72721
0,62.5,37.9995,21.7537,-0.0340767,0.740291
0,62.5,7.90111,19.5426,0.795997,1.31479
0,62.5,38.1191,19.6078,-0.470704,2.18847
0,62.5,5.57129,20.0203,0.908598,1.05057
0,62.5,34.0996,19.8103,-1.21039,1.72291
0,62.5,9.59069,19.4231,1.92363,0.258891
0,62.5,34.1505,20.0581,-1.22909,1.48917
0,62.5,10.5011,19.2823,1.93653,0.152064
0,62.5,31.2052,19.9044,-1.26173,0.269298
0,62.5,8.68039,19.6346,1.71703,0.727793
0,62.5,30.3455,20.0232,-1.54707,0.172328
0,62.5,9.18939,19.1812,2.02373,0.309893
0,62.5,29.5898,20.3732,-1.61151,0.066156
0,62.5,11.246,19.5446,2.37462,-0.316136
0,62.5,28.581,20.4397,-1.822,-0.206393
0,62.5,10.0891,19.1992,1.81153,0.365026
0,62.5,28.8358,20.3664,-1.71905,-0.108193
0,62.5,12.5596,19.5793,2.11341,-0.933166
0,62.5,28.2685,20.7547,-1.95071,-0.200324
0,62.5,12.013,19.4199,2.32255,-0.667783
0,62.5,28.3368,20.4052,-1.83902,-0.202731
0,62.5,12.9758,20.1094,2.1009,-0.938973
0,62.5,28.0372,20.7099,-1.88831,-0.431577
0,62.5,13.412,20.3121,2.01621,-0.812358
0,62.5,27.9894,20.9735,-2.00724,-0.547999
0,62.5,14.072,20.3385,1.89925,-0.933793
0,62.5,27.7176,21.0309,-2.02415,-0.569445
0,62.5,14.5059,20.4374,1.75522,-1.11113
0,62.5,27.463,21.0928,-1.95737,-0.596524
0,62.5,14.331,20.262,1.80726,-0.985438
0,62.5,26.9972,21.1964,-1.80436,-0.756416
0,62.5,14.7255,20.2901,1.69977,-1.08487
0,62.5,26.6384,21.5156,-1.73362,-0.684297
0,62.5,15.1024,20.4866,1.48931,-0.950521
0,62.5,26.4393,21.7097,-1.67565,-0.635008
0,62.5,15.218,20.7718,1.43422,-0.869015
0,62.5,26.1847,21.634,-1.69601,-0.581624
0,62.5,15.3745,20.5952,1.29488,-1.08864
0,62.5,25.9463,21.5184,-1.6429,-0.684123
0,62.5,15.4665,20.8752,1.35749,-1.03252
0,62.5,25.7647,21.6771,-1.55606,-0.733078
0,62.5,15.7074,20.9356,1.32381,-1.0405
0,62.5,25.5938,21.8404,-1.50244,-0.787484
0,62.5,15.9165,20.8838,1.27433,-1.28564
0,62.5,25.3265,21.7382,-1.6268,-0.861632
0,62.5,16.0029,21.1485,1.22267,-1.19669
0,62.5,25.4386,22.0112,-1.43152,-0.85516
0,62.5,16.3976,20.9979,1.11616,-1.47192
0,62.5,25.1687,21.9239,-1.59525,-0.864924
0,62.5,16.5739,20.8063,1.13297,-1.53795
0,62.5,25.3013,22.1943,-1.3337,-0.935587
0,62.5,16.5742,21.165,0.992744,-1.39114
0,62.5,25.0291,22.1245,-1.46057,-0.835506
0,62.5,16.7626,20.8916,1.02475,-1.36483
0,62.5,25.4808,22.8161,-1.48325,-0.494654
0,62.5,16.5776,21.7732,1.04212,-1.26983
0,62.5,25.2284,22.7855,-1.45664,-0.550817
0,62.5,16.6399,21.4376,0.899016,-1.39858
0,62.5,25.7189,23.3928,-1.33458,-0.516073
0,62.5,16.6342,22.3196,1.02788,-1.19624
0,62.5,25.6031,23.1077,-1.33427,-0.599832
0,62.5,16.5539,22.0374,0.788417,-1.15569
0,62.5,26.3661,23.7736,-1.35526,-0.334734
0,62.5,16.3223,22.689,1.11932,-0.945107
0,62.5,26.1196,23.69,-1.28901,-0.357784
0,62.5,16.1209,22.7947,1.16813,-0.696468
0,62.5,26.4539,24.0565,-1.50544,-0.218272
0,62.5,15.812,22.9372,1.33311,-0.649619
0,62.5,26.2148,23.9725,-1.49369,-0.357889
0,62.5,15.629,22.6333,1.29739,-1.03027
0,62.5,26.6714,24.1754,-1.48374,-0.22754
0,62.5,15.3699,23.0987,1.42399,-0.7267
0,62.5,26.3024,24.2635,-1.49601,-0.226368
0,62.5,15.5585,22.8931,1.3988,-0.878207
0,62.5,26.7755,24.4664,-1.19827,-0.300037
0,62.5,14.9717,23.421,1.28886,-0.747483
0,62.5,26.526,24.3799,-1.43188,-0.278832
0,62.5,14.7399,23.3639,1.31698,-0.791997
0,62.5,27.0366,24.5502,-1.18375,-0.121636
0,62.5,14.6782,23.8736,1.22588,-0.561601
0,62.5,27.0694,24.8394,-1.12108,-0.0596193
0,62.5,14.4939,24.1279,1.19044,-0.249987
0,62.5,27.5461,24.8492,-1.08494,0.225364
0,62.5,14.3335,24.342,1.12965,-0.171251
0,62.5,27.3383,24.9388,-1.07238,0.258823
0,62.5,13.6577,25.143,1.1557,-0.304907
0,62.5,28.0072,25.1898,-0.855959,0.0995539
0,62.5,13.8882,24.6961,1.01162,-0.318265
0,62.5,27.7613,25.1616,-0.822308,0.244855
0,62.5,13.3822,25.478,0.972458,-0.228198
0,62.5,28.6498,25.4785,-0.503374,-0.272252
0,62.5,13.2168,25.3179,0.995717,-0.0992254
0,62.5,28.8125,25.7378,-0.393372,0.0190352
0,62.5,11.9083,25.9864,0.579567,-0.0826063
0,62.5,28.5736,25.7205,-0.316517,-0.188303
0,62.5,11.1994,26.0025,0.39893,0.0949576
0,62.5,29.6997,26.0072,-0.823457,-0.365268
0,62.5,4.28522,19.929,1.05067,1.91301
0,62.5,33.3095,20.0946,-1.71145,1.1195
0,62.5,4.70933,20.8147,1.26926,1.40506
0,62.5,38.472,19.0426,-0.193269,1.79903
0,62.5,8.18152,19.5812,1.62497,0.589152
0,62.5,37.3546,19.7153,-1.97845,1.69987
0,62.5,8.95871,19.4074,2.06042,0.420604
0,62.5,37.7815,21.6146,-0.11257,0.899216
0,62.5,6.52742,19.6782,1.18201,0.964331
0,62.5,34.5055,20.0244,-1.05731,1.74762
0,62.5,8.73988,19.3573,1.51768,0.916369
0,62.5,35.3287,19.9106,-0.758768,1.72675
0,62.5,7.70492,19.4943,0.811038,1.34732
0,62.5,32.9813,20.1426,-1.55119,0.7689
0,62.5,9.58626,19.1593,2.02391,0.0831989
0,62.5,30.0521,20.4924,-1.52524,0.1502
0,62.5,10.9022,19.2843,2.05124,-0.192807
0,62.5,29.1318,20.4499,-1.78468,-0.0785377
0,62.5,11.4919,19.5013,2.21377,-0.55558
0,62.5,28.9613,20.5989,-1.82151,-0.102383
0,62.5,12.2904,19.4086,2.46356,-0.809718
0,62.5,28.4682,20.6738,-1.95136,-0.274334
0,62.5,12.8051,19.6235,2.16147,-0.996298
0,62.5,28.2158,21.0285,-2.05529,-0.3209
0,62.5,13.1512,19.9086,2.13086,-0.875201
0,62.5,28.4513,20.9672,-2.00042,-0.248489
0,62.5,13.9095,20.1463,1.9833,-0.916615
0,62.5,27.9609,21.2135,-1.99929,-0.486173
0,62.5,13.5098,20.0448,2.10134,-0.856337
0,62.5,27.6753,21.5276,-2.00247,-0.44107
0,62.5,14.1604,20.0764,1.95192,-1.05907
0,62.5,27.7064,21.2719,-1.96626,-0.537348
0,62.5,14.5514,20.1197,1.74322,-1.13631
0,62.5,27.4592,21.3473,-1.86458,-0.527868
0,62.5,14.9898,20.2409,1.55189,-1.02641
0,62.5,27.2272,21.4098,-1.8351,-0.556605
0,62.5,15.2867,20.3395,1.35282,-1.13404
0,62.5,26.8531,21.6446,-1.77412,-0.604684
0,62.5,15.5344,20.3694,1.34044,-0.989294
0,62.5,26.676,21.8116,-1.68579,-0.517026
0,62.5,15.6132,20.6577,1.27131,-1.04253
0,62.5,26.2581,21.8903,-1.62584,-0.636745
0,62.5,15.8275,20.6123,1.27327,-1.10924
0,62.5,25.9948,21.8079,-1.65483,-0.555809
0,62.5,16.071,20.6808,1.32867,-1.34186
0,62.5,25.8166,21.9828,-1.63906,-0.466221
0,62.5,16.2994,20.7436,1.286,-1.3983
0,62.5,25.656,22.1638,-1.59692,-0.455821
0,62.5,16.4684,20.5542,1.12748,-1.62054
0,62.5,25.5073,22.3562,-1.53997,-0.464892
0,62.5,16.6095,20.3185,1.21333,-1.58656
0,62.5,25.6242,22.6105,-1.53251,-0.514343
0,62.5,16.7134,20.5559,1.09527,-1.47177
0,62.5,25.3656,22.5639,-1.49804,-0.464146
0,62.5,16.9163,20.6479,1.04513,-1.46102
0,62.5,25.7309,22.9012,-1.39622,-0.642923
0,62.5,17.0016,20.9154,0.952297,-1.33404
0,62.5,26.2321,23.4777,-1.41084,-0.383523
0,62.5,16.7879,21.1599,0.978242,-1.39969
0,62.5,25.9708,23.4199,-1.38758,-0.516573
0,62.5,17.0231,21.1894,0.971695,-1.31438
0,62.5,26.3833,23.2897,-1.28173,-0.314034
0,62.5,17.2379,20.9628,0.908195,-1.0912
0,62.5,26.4815,23.5706,-1.40883,-0.37312
0,62.5,16.772,21.6823,0.886234,-1.50141
0,62.5,26.6412,23.3977,-1.29026,-0.254367
0,62.5,16.8819,21.4319,0.940984,-1.50162
0,62.5,26.6161,23.8745,-1.37968,-0.201917
0,62.5,16.4916,22.8556,0.779862,-0.72065
0,62.5,26.7338,23.6779,-1.41841,-0.278136
0,62.5,16.6465,22.6106,0.944009,-1.00774
0,62.5,26.8491,23.9992,-1.46996,-0.266502
0,62.5,15.8942,23.1937,1.11219,-0.319243
0,62.5,27.0986,24.112,-1.34912,-0.233096
0,62.5,16.0822,23.0311,0.962107,-0.710103
0,62.5,26.9131,24.2739,-1.28359,-0.246577
0,62.5,15.6345,23.1365,1.26286,-0.7458
0,62.5,27.181,24.375,-1.37598,-0.178051
0,62.5,15.715,23.3863,0.868438,-0.531979
0,62.5,27.2722,24.6831,-1.18628,0.169251
0,62.5,15.1978,23.3857,1.34355,-0.624404
0,62.5,27.4281,24.54,-1.49713,0.109315
0,62.5,15.0692,23.6964,1.15923,-0.609902
0,62.5,27.7888,24.9192,-1.29425,0.125927
0,62.5,14.8333,23.6508,1.17891,-0.737087
0,62.5,28.0651,24.9653,-1.20978,0.0724852
0,62.5,14.5615,24.3963,1.14297,-0.32798
0,62.5,28.2541,25.2246,-0.782517,0.143262
0,62.5,14.0922,24.803,1.13143,-0.178201
0,62.5,28.518,25.2407,-0.811338,-0.0773769
0,62.5,13.6056,25.4194,0.919184,-0.27432
0,62.5,28.9081,25.4972,-0.524788,0.0149309
0,62.5,13.8927,24.9833,1.24769,-0.370424
0,62.5,29.1811,25.5013,-0.520268,-0.231477
0,62.5,13.1192,25.6081,1.09718,0.216701
0,62.5,29.311,25.7471,-0.546179,0.0520044
0,62.5,12.7125,25.7465,0.771747,-0.000754493
0,62.5,29.0623,25.7318,-0.30354,-0.253245
0,62.5,11.4422,26.002,0.427556,-0.200248
0,62.5,30.2215,25.9937,-0.1575,0.0420718
0,62.5,9.0699,18.4354,2.55061,-0.335872
0,62.5,37.2252,21.7548,-0.209277,1.08534
0,62.5,2.05746,19.5029,1.20361,1.54005
0,62.5,35.8184,22.2829,-0.586558,1.0782
0,62.5,2.71203,20.5018,0.0301081,1.34052
0,62.5,36.1483,20.3633,-0.587943,1.7148
0,62.5,4.78334,20.1162,1.05853,1.42532
0,62.5,37.5643,20.1031,-1.33198,2.07694
0,62.5,3.89421,19.8456,0.677419,2.18679
0,62.5,30.6284,19.9961,-1.52842,0.165669
0,62.5,6.30919,19.8148,0.850031,1.01613
0,62.5,31.5066,19.9896,-1.26292,0.409624
0,62.5,5.80503,19.8569,0.901929,0.916465
0,62.5,30.5604,20.2227,-1.56384,0.0725458
0,62.5,9.00958,19.1105,1.70407,0.711216
0,62.5,30.2912,20.2535,-1.56573,0.0998269
0,62.5,10.2621,18.9816,1.73252,0.254481
0,62.5,29.8198,20.5362,-1.61537,-0.0791484
0,62.5,11.7698,19.5137,2.6202,-0.495672
0,62.5,29.3652,20.4628,-1.70998,0.111173
0,62.5,12.7682,19.356,2.07248,-1.12863
0,62.5,29.1562,20.7819,-1.77854,-0.187965
0,62.5,12.8947,19.8601,2.10441,-0.926948
0,62.5,28.7268,20.6566,-1.87974,-0.220688
0,62.5,11.9064,19.1896,2.29982,-0.803478
0,62.5,28.9343,20.8826,-1.96829,-0.197998
0,62.5,13.3822,19.8384,2.16941,-0.840413
0,62.5,28.6861,20.8995,-1.98172,-0.284904
0,62.5,13.0565,19.6438,2.12323,-0.926001
0,62.5,28.1898,21.3153,-2.01035,-0.371661
0,62.5,13.7512,19.9493,2.05464,-1.01387
0,62.5,28.4027,21.2359,-1.98271,-0.322279
0,62.5,14.392,19.9504,1.84509,-1.19491
0,62.5,27.9286,21.4658,-2.16529,-0.485114
0,62.5,14.8241,20.047,1.77016,-1.15593
0,62.5,27.424,21.6151,-1.97834,-0.39072
0,62.5,15.192,20.1003,1.46039,-1.22333
0,62.5,27.215,21.7178,-1.99853,-0.543874
0,62.5,15.4455,20.0922,1.4298,-1.03184
0,62.5,27.0236,21.4984,-1.8559,-0.747426
0,62.5,15.7413,20.3501,1.36935,-1.13671
0,62.5,26.8464,21.9978,-2.00112,-0.261744
0,62.5,16.0059,20.4086,1.14382,-1.26034
0,62.5,26.5113,21.9939,-1.61417,-0.506908
0,62.5,16.3833,20.2434,1.22894,-1.49638
0,62.5,26.085,22.0632,-1.59942,-0.596568
0,62.5,16.5907,20.041,1.12963,-1.67038
0,62.5,26.1846,22.3449,-1.54283,-0.561613
0,62.5,16.8172,19.9937,1.02346,-1.66547
0,62.5,25.925,22.2392,-1.58121,-0.60428
0,62.5,16.8384,20.2559,1.14382,-1.52533
0,62.5,25.772,22.4208,-1.57882,-0.528585
0,62.5,17.0597,20.1254,1.00104,-1.52927
0,62.5,25.8777,22.7095,-1.45477,-0.5491
0,62.5,17.0151,20.4172,1.05667,-1.40503
0,62.5,25.8528,23.168,-1.39244,-0.503048
0,62.5,17.1608,20.7009,0.925962,-1.19856
0,62.5,26.1177,23.2152,-1.34229,-0.416606
0,62.5,17.3498,20.5963,0.763287,-1.40497
0,62.5,26.2565,23.0166,-1.41091,-0.339305
0,62.5,17.7348,20.2161,0.665769,-1.48928
0,62.5,26.7701,23.2217,-1.42035,-0.410153
0,62.5,17.436,20.9533,0.771721,-1.23371
0,62.5,26.5165,23.1023,-1.41515,-0.277905
0,62.5,17.5433,20.7038,0.672545,-1.24197
0,62.5,27.0252,23.3469,-1.53627,-0.414327
0,62.5,17.2185,21.2629,0.845793,-1.03902
0,62.5,26.9051,23.5277,-1.39864,-0.350202
0,62.5,17.0684,21.5382,0.741017,-1.12323
0,62.5,27.157,23.6691,-1.34158,-0.22596
0,62.5,16.9572,21.8225,0.802905,-1.24563
0,62.5,26.9797,23.8127,-1.39628,-0.285042
0,62.5,16.7691,22.024,0.78698,-1.39338
0,62.5,27.238,23.9473,-1.38649,-0.254123
0,62.5,16.5365,23.1334,0.924713,-0.767248
0,62.5,27.3687,24.2488,-1.36018,-0.151344
0,62.5,16.3165,23.0427,0.908942,-0.635574
0,62.5,27.605,24.3687,-1.50445,-0.00174978
0,62.5,16.7194,22.8852,0.785173,-1.11628
0,62.5,27.6683,24.6499,-1.52733,-0.0489166
0,62.5,15.9345,23.4733,0.943407,-0.450484
0,62.5,27.9329,24.7273,-1.43314,0.147938
0,62.5,15.4326,23.3328,1.27762,-0.592806
0,62.5,28.3539,25.0093,-1.2525,0.0173744
0,62.5,14.9308,23.9222,1.1618,-0.64462
0,62.5,28.6367,25.0283,-1.13109,-0.0875947
0,62.5,14.3167,24.6049,1.189,-0.159001
0,62.5,28.7921,25.2621,-0.768621,-0.0981757
0,62.5,14.7294,24.1264,1.13107,-0.598088
0,62.5,29.0713,25.2807,-0.9376,-0.171948
0,62.5,14.721,24.5517,1.09671,-0.27668
0,62.5,29.4434,25.5184,-0.561675,0.0906177
0,62.5,14.0387,25.1518,0.916059,-0.00218573
0,62.5,29.5732,25.7559,-0.475768,-0.100818
0,62.5,13.3205,25.7386,1.04882,-0.0130921
0,62.5,29.8447,25.7868,-0.393511,0.26819
0,62.5,12.9546,25.7509,0.915057,0.00821419
0,62.5,29.96,26.0102,-0.292539,0.306855
0,62.5,11.6831,25.9956,0.532111,0.110303
0,62.5,30.7254,25.9965,-0.452139,-0.684328
0,62.5,2.22412,22.0296,0.214454,0.238303
0,62.5,35.0998,19.9574,-0.870241,1.71514
0,62.5,5.74509,19.6345,0.729636,0.99393
0,62.5,35.7793,20.0122,-0.796695,1.70373
0,62.5,6.06301,19.756,0.887884,1.12537
0,62.5,35.3807,20.4368,-0.885869,1.53104
0,62.5,5.53228,19.769,0.807205,0.918873
0,62.5,34.7054,20.2532,-0.947715,1.5507
0,62.5,7.08499,19.6198,0.603401,0.325653
0,62.5,32.7703,20.2168,-1.51835,0.530343
0,62.5,8.70582,19.156,1.55149,0.859678
0,62.5,32.0177,20.1436,-1.37619,0.441176
0,62.5,9.08824,18.8346,2.39765,0.310747
0,62.5,30.9851,19.9732,-1.20934,0.225602
0,62.5,9.83936,19.2071,1.94735,0.139285
0,62.5,30.3296,20.4788,-1.44964,0.122643
0,62.5,10.4866,19.0569,2.18693,0.258789
0,62.5,29.6051,20.6471,-1.63323,0.0241734
0,62.5,11.3857,19.2659,2.50738,-0.323531
0,62.5,29.3621,20.7171,-1.69886,0.0289483
0,62.5,11.6612,19.2996,2.43928,-0.411438
0,62.5,29.5778,20.913,-1.73477,-0.0166449
0,62.5,12.1743,19.2001,2.2568,-0.623821
0,62.5,29.3594,21.0074,-1.8134,-0.0528538
0,62.5,13.6083,19.7349,2.09372,-1.06894
0,62.5,29.1395,21.0705,-1.88525,-0.253082
0,62.5,12.9959,19.3791,2.06817,-1.06511
0,62.5,28.9028,21.1416,-1.92817,-0.254988
0,62.5,14.0022,19.8799,1.99917,-1.02148
0,62.5,28.8682,21.3897,-1.97841,-0.214794
0,62.5,13.8404,19.6782,2.04903,-1.04685
0,62.5,28.6589,21.1553,-1.89762,-0.326428
0,62.5,14.655,19.8514,1.79022,-1.05421
0,62.5,28.5917,21.4039,-2.01521,-0.248657
0,62.5,15.3225,19.8388,1.50943,-1.21354
0,62.5,28.2181,21.545,-2.04436,-0.355876
0,62.5,15.6504,20.0586,1.41468,-1.06475
0,62.5,27.6876,21.7565,-1.88632,-0.402963
0,62.5,15.9052,20.1533,1.33114,-1.34473
0,62.5,27.4676,21.8774,-1.91677,-0.475385
0,62.5,16.1471,20.1625,1.27543,-1.36174
0,62.5,27.033,21.8434,-2.00351,-0.458378
0,62.5,16.2365,20.4499,1.14967,-1.41867
0,62.5,27.0797,22.1267,-1.88038,-0.434288
0,62.5,16.5543,19.7752,1.09563,-1.7363
0,62.5,26.6775,22.1803,-1.92925,-0.139496
0,62.5,16.7875,19.7201,1.00606,-1.7407
0,62.5,26.3457,22.1694,-1.56909,-0.48247
0,62.5,17.0064,19.5384,0.94136,-1.75629
0,62.5,26.3228,22.5606,-1.82927,-0.194329
0,62.5,17.0134,19.8275,0.923769,-1.57028
0,62.5,26.1544,22.7587,-1.68214,-0.30344
0,62.5,17.2321,20.3617,1.00182,-1.50318
0,62.5,26.0297,22.5256,-1.53276,-0.568513
0,62.5,17.2299,19.9728,0.898592,-1.57535
0,62.5,25.9933,22.9596,-1.48494,-0.410556
0,62.5,17.3854,20.1862,0.939505,-1.53166
0,62.5,26.4126,22.8243,-1.57327,-0.208018
0,62.5,17.7355,20.5035,0.639107,-1.31183
0,62.5,26.669,22.9276,-1.52985,-0.343461
0,62.5,17.6214,21.098,0.841331,-1.10933
0,62.5,26.923,23.0555,-1.48365,-0.450332
0,62.5,17.2949,21.5335,0.853716,-1.4365
0,62.5,27.2736,23.4841,-1.49094,-0.423603
0,62.5,17.4383,21.2754,1.00035,-1.26964
0,62.5,27.671,23.9083,-1.35584,-0.232134
0,62.5,17.629,21.3933,0.719391,-0.939544
0,62.5,27.4141,23.787,-1.4318,-0.309489
0,62.5,17.1782,21.8017,0.813633,-1.37139
0,62.5,28.0032,24.2725,-1.57189,-0.071498
0,62.5,17.3464,21.9366,0.685733,-0.985621
0,62.5,27.4923,24.061,-1.31124,-0.160619
0,62.5,17.0007,22.0826,0.847975,-1.37009
0,62.5,27.7486,24.1818,-1.51156,-0.0130294
0,62.5,17.0511,22.4207,0.840348,-1.12297
0,62.5,27.8464,24.4663,-1.49504,0.133481
0,62.5,16.8428,22.3108,0.879172,-1.37489
0,62.5,28.1016,24.5313,-1.56397,-0.000925356
0,62.5,16.3631,23.3412,0.927352,-0.682975
0,62.5,28.2111,24.7773,-1.42268,0.0642501
0,62.5,16.1483,23.2959,0.934437,-0.559967
0,62.5,28.4868,24.8022,-1.4407,-0.0486175
0,62.5,15.5266,23.5655,1.0794,-0.369003
0,62.5,28.926,25.0584,-1.09662,-0.245418
0,62.5,14.8497,24.314,0.878862,-0.34514
0,62.5,28.7668,24.8271,-1.43882,-0.0888338
0,62.5,15.0466,24.1194,0.880231,-0.39519
0,62.5,29.2164,25.0795,-1.11948,-0.176002
0,62.5,14.4956,25.0046,1.06341,-0.104951
0,62.5,29.9917,25.5827,-0.623783,0.169856
0,62.5,14.5083,24.7125,1.12639,-0.204137
0,62.5,29.719,25.5488,-0.639274,0.0203116
0,62.5,14.2531,25.1606,0.946139,-0.287547
0,62.5,30.1446,25.7873,-0.696549,0.165139
0,62.5,13.5477,25.7247,0.848861,-0.307252
0,62.5,30.2887,25.6033,-0.70076,0.0652881
0,62.5,12.5834,25.9832,0.852752,0.236387
0,62.5,30.4619,25.9923,-0.141264,0.209247
0,62.5,12.1403,25.9996,0.733442,0.1443
0,62.5,30.5229,25.789,-0.322914,-0.049489
0,62.5,2.90411,20.8115,0.165736,1.27954
0,62.5,38.025,21.4782,-0.20631,0.845772
0,62.5,3.6269,21.2545,0.897214,1.56733
0,62.5,34.9872,20.1782,-0.889232,1.72338
0,62.5,5.20907,20.4007,1.24673,1.03044
0,62.5,35.113,20.388,-0.96289,1.69184
0,62.5,7.42958,19.202,-0.767312,1.67844
0,62.5,33.7494,20.1165,-1.54541,1.19242
0,62.5,8.33762,19.3424,1.31909,0.942415
0,62.5,32.4857,20.0504,-1.43617,0.305376
0,62.5,8.823,18.9574,2.21603,1.10526
0,62.5,31.32,20.1421,-1.42629,0.220262
0,62.5,9.77507,18.949,1.8193,0.343515
0,62.5,31.7497,20.112,-1.32847,0.432631
0,62.5,9.46643,18.9699,2.12705,0.283118
0,62.5,30.8425,20.1504,-1.47447,0.0931331
0,62.5,11.6039,19.066,2.36217,-0.563338
0,62.5,30.8665,20.3891,-1.60304,0.114201
0,62.5,10.738,19.1237,2.2189,0.389133
0,62.5,30.6122,20.4451,-1.5129,0.0955983
0,62.5,11.8888,18.9835,2.72044,-0.646539
0,62.5,30.5766,20.6582,-1.53908,0.158158
0,62.5,12.5313,19.328,2.2889,-0.932422
0,62.5,30.2798,20.6982,-1.5547,0.0948821
0,62.5,12.9144,19.1038,2.38868,-1.08927
0,62.5,29.8097,20.836,-1.6541,-0.0336183
0,62.5,13.283,19.6034,2.05493,-0.963309
0,62.5,29.574,21.1889,-1.69227,0.0187489
0,62.5,14.0789,19.5898,1.93745,-1.25544
0,62.5,29.1248,21.3462,-1.93746,-0.211329
0,62.5,14.2415,19.7695,1.87783,-1.20542
0,62.5,28.7714,21.6075,-2.02887,-0.230845
0,62.5,15.0452,19.9127,1.58952,-1.30129
0,62.5,28.4634,21.5882,-2.13159,-0.221529
0,62.5,15.5442,19.7921,1.54639,-0.993447
0,62.5,28.5228,21.8137,-1.7559,-0.233506
0,62.5,15.8439,19.9004,1.37677,-1.44194
0,62.5,28.2391,21.7868,-1.76419,-0.194884
0,62.5,16.2922,19.7153,1.31111,-1.5627
0,62.5,27.9785,21.6824,-1.84612,-0.441099
0,62.5,16.3556,19.9693,1.18473,-1.51968
0,62.5,27.6992,22.0384,-1.78345,-0.471005
0,62.5,16.745,19.4748,1.08613,-1.85963
0,62.5,27.2797,22.005,-1.98574,-0.495446
0,62.5,16.9419,19.2912,1.0317,-1.84298
0,62.5,27.3091,22.2931,-1.79931,-0.513523
0,62.5,17.2363,19.3964,0.826723,-1.70089
0,62.5,27.1452,22.4428,-1.69504,-0.439424
0,62.5,17.2184,19.6683,0.841443,-1.60162
0,62.5,26.9139,22.294,-1.8027,-0.302098
0,62.5,17.455,19.5288,0.787452,-1.72328
0,62.5,26.4978,22.3672,-1.90703,-0.0850147
0,62.5,17.4253,19.8185,0.817153,-1.69926
0,62.5,26.9791,22.5989,-1.71224,-0.413653
0,62.5,17.5353,20.3868,0.815165,-1.39682
0,62.5,26.5724,22.6392,-1.68902,-0.208563
0,62.5,17.9449,20.3639,0.558194,-1.50883
0,62.5,26.7404,22.4597,-1.76155,-0.223454
0,62.5,17.9605,20.0724,0.599631,-1.46708
0,62.5,26.8203,22.7594,-1.57561,-0.389113
0,62.5,17.7271,20.8398,0.562377,-1.22945
0,62.5,27.1865,23.1931,-1.54001,-0.441502
0,62.5,17.8706,21.062,0.716904,-1.31756
0,62.5,27.5384,23.6072,-1.43998,-0.318944
0,62.5,17.8548,21.3135,0.685595,-1.23506
0,62.5,28.1759,24.0705,-1.46506,-0.128305
0,62.5,17.7028,21.6266,0.598101,-1.0039
0,62.5,27.9232,24.0091,-1.4593,-0.0203796
0,62.5,17.4674,21.6607,0.550791,-0.898803
0,62.5,28.4279,24.1006,-1.3605,-0.118433
0,62.5,17.4228,22.1925,0.905772,-1.10515
0,62.5,28.2634,24.3221,-1.58334,-0.0793161
0,62.5,17.1909,22.1804,0.723191,-1.19005
0,62.5,28.5248,24.3506,-1.56603,-0.0821607
0,62.5,16.859,22.6118,0.863164,-1.28413
0,62.5,28.3645,24.5651,-1.61985,-0.147374
0,62.5,16.7417,23.2132,0.902058,-1.05584
0,62.5,28.783,24.3736,-1.52246,-0.0784236
0,62.5,16.5732,23.4485,0.891539,-0.829144
0,62.5,28.6349,24.5913,-1.64199,-0.0590748
0,62.5,15.7328,23.6894,1.10821,-0.551504
0,62.5,29.0415,24.4077,-1.47202,-0.0378499
0,62.5,15.9458,23.7573,1.04749,-0.471892
0,62.5,28.9045,24.6196,-1.56295,-0.165927
0,62.5,15.0272,24.4628,0.951015,-0.399928
0,62.5,29.0497,24.8546,-1.38851,-0.260132
0,62.5,15.2906,23.6335,1.08986,-0.571892
0,62.5,29.3667,25.2895,-1.10187,-0.0487281
0,62.5,15.22,23.9196,0.890054,-0.384372
0,62.5,29.6583,25.3236,-1.23205,0.0831893
0,62.5,14.7107,24.8387,1.00489,-0.136863
0,62.5,29.9561,25.3583,-1.2621,0.0743078
0,62.5,14.4416,25.3107,0.876243,-0.0981899
0,62.5,30.2386,25.3849,-1.23714,0.0908023
0,62.5,13.8389,25.3096,1.03649,-0.208648
0,62.5,30.8409,25.8211,-0.0570907,-0.268261
0,62.5,13.0665,25.9803,0.826998,0.128144
0,62.5,30.5295,25.564,-1.01585,-0.0353823
0,62.5,12.3708,25.9796,0.785151,-0.0164517
0,62.5,31.0216,26.0367,-0.490163,0.892213
0,62.5,3.31007,20.7793,0.837921,1.85771
0,62.5,36.4625,20.0764,-0.565571,1.56663
0,62.5,2.58299,20.1671,0.235104,1.32631
0,62.5,37.0317,20.2402,-1.41844,1.42183
0,62.5,3.57777,20.7851,0.774431,1.30277
0,62.5,36.0488,20.5362,-0.673079,1.74914
0,62.5,5.21804,19.4243,0.806182,1.05881
0,62.5,35.4177,20.6343,-0.859623,1.61965
0,62.5,9.66653,18.7371,1.83464,-0.115423
0,62.5,34.3531,20.2155,-1.03023,1.48778
0,62.5,9.30357,18.8728,1.93595,0.218538
0,62.5,33.5109,20.2689,-0.975746,1.07274
0,62.5,10.0104,18.9501,1.67131,0.202098
0,62.5,32.5604,20.3332,-1.39649,0.429396
0,62.5,11.2297,19.1437,2.371,-0.0498438
0,62.5,31.1053,20.2404,-1.48609,0.159476
0,62.5,12.427,19.0977,2.26592,-1.0467
0,62.5,31.3419,20.6478,-1.43044,0.12882
0,62.5,11.5149,18.8948,2.66557,-0.494706
0,62.5,30.904,20.6209,-1.52656,0.14536
0,62.5,13.2246,19.3444,2.09336,-0.993575
0,62.5,30.5124,20.8811,-1.53471,0.115272
0,62.5,12.6797,19.0705,2.22135,-1.02749
0,62.5,30.0232,20.7447,-1.58118,-0.00285856
0,62.5,13.4991,19.496,1.94912,-1.11523
0,62.5,30.0284,21.0267,-1.70402,-0.00774778
0,62.5,14.3335,19.5036,1.9994,-1.17078
0,62.5,29.8024,21.1128,-1.70699,0.0854783
0,62.5,14.509,19.6719,1.87971,-1.19015
0,62.5,29.5372,21.467,-1.82543,-0.0855731
0,62.5,14.8774,19.7442,1.6667,-1.33289
0,62.5,29.3488,21.2933,-1.86258,-0.112736
0,62.5,15.1646,19.6563,1.63066,-1.37501
0,62.5,29.0574,21.5943,-1.96511,-0.267742
0,62.5,15.7254,19.6556,1.41006,-1.43211
0,62.5,29.06,21.833,-1.79499,-0.194569
0,62.5,16.099,19.9071,1.25593,-1.43466
0,62.5,28.7886,21.8287,-1.76872,-0.214564
0,62.5,16.4863,19.5326,1.20244,-1.85642
0,62.5,28.2625,22.2418,-1.84505,-0.138674
0,62.5,16.3492,19.3314,1.20387,-1.7938
0,62.5,28.1407,21.9998,-1.73292,-0.332155
0,62.5,16.8066,19.0956,1.16066,-1.98526
0,62.5,27.9039,21.9095,-1.78265,-0.452743
0,62.5,17.1592,19.1727,0.962401,-1.80236
0,62.5,27.5142,22.1724,-1.85563,-0.533943
0,62.5,17.3844,19.0611,0.882934,-1.81126
0,62.5,27.5592,22.4389,-1.77293,-0.493095
0,62.5,17.4937,19.2716,0.774332,-1.73169
0,62.5,27.3943,22.5901,-1.63272,-0.47577
0,62.5,17.8559,19.5756,0.672449,-1.68987
0,62.5,27.2266,22.7374,-1.62091,-0.516235
0,62.5,17.5688,20.027,0.813546,-1.67387
0,62.5,27.487,22.8726,-1.67792,-0.463992
0,62.5,18.0089,19.773,0.65881,-1.59573
0,62.5,27.3328,23.0318,-1.57881,-0.460736
0,62.5,17.783,19.9078,0.787664,-1.58826
0,62.5,27.5853,23.1659,-1.58379,-0.432137
0,62.5,17.9175,20.688,0.53509,-1.40323
0,62.5,27.0726,22.8983,-1.5586,-0.447132
0,62.5,18.1166,20.5654,0.468208,-1.44254
0,62.5,27.4416,23.3337,-1.53936,-0.426715
0,62.5,18.0566,20.9009,0.591575,-1.39702
0,62.5,27.7959,23.7171,-1.46981,-0.271474
0,62.5,18.3041,20.423,0.503697,-1.37983
0,62.5,28.0549,23.8025,-1.36673,-0.18173
0,62.5,18.2771,20.7639,0.449959,-1.40659
0,62.5,28.3076,23.8424,-1.41744,0.00536664
0,62.5,17.8787,21.7612,0.427573,-0.743001
0,62.5,28.2466,23.5995,-1.64688,-0.119628
0,62.5,17.7651,22.0118,0.63835,-0.703217
0,62.5,28.5584,23.8639,-1.171,-0.0163893
0,62.5,17.5756,21.905,0.696853,-1.06837
0,62.5,28.8075,23.8769,-1.24631,-0.0570399
0,62.5,16.9159,22.9504,0.74077,-1.28862
0,62.5,28.6768,24.1209,-1.31187,-0.0855727
0,62.5,17.2763,22.4585,0.920824,-1.42161
0,62.5,29.166,24.1952,-1.23897,-0.041066
0,62.5,16.4023,23.9099,0.885428,-0.637132
0,62.5,28.9208,24.1427,-1.26267,0.0341457
0,62.5,16.3753,23.647,0.998445,-0.701941
0,62.5,29.1808,24.6514,-1.48616,-0.0892168
0,62.5,15.9041,24.0285,0.810653,-0.550763
0,62.5,29.5229,25.1023,-1.20445,-0.0810892
0,62.5,16.1551,23.5676,0.966495,-0.616249
0,62.5,29.624,24.8941,-1.23099,0.0167442
0,62.5,15.4608,23.8394,0.8299,-0.391388
0,62.5,29.3373,24.8806,-1.28786,-0.0295106
0,62.5,15.2203,24.2759,0.866737,-0.421273
0,62.5,30.0974,25.16,-1.22879,0.00865859
0,62.5,14.9384,24.6902,0.952084,-0.29261
0,62.5,29.8125,25.1361,-1.16921,0.0858353
0,62.5,14.6671,25.1472,0.861524,0.162534
0,62.5,30.5791,25.3374,-0.899638,-0.461481
0,62.5,14.281,24.9008,1.10532,-0.133466
0,62.5,30.6846,25.1204,-1.11083,-0.228642
0,62.5,14.0144,25.467,0.911188,0.136348
0,62.5,30.7949,25.5924,-1.20348,-0.320653
0,62.5,12.8253,26.0084,0.836502,-0.251424
0,62.5,31.3037,26.0011,-0.164016,-0.647559
0,62.5,4.209,20.6845,0.996475,1.79501
0,62.5,37.3802,20.2715,-1.21384,1.7861
0,62.5,3.1474,20.935,0.415615,1.41844
0,62.5,37.5856,19.57,-2.12868,2.94705
0,62.5,8.0753,19.3495,0.925115,1.07762
0,62.5,38.439,19.8169,0.0909923,1.37242
0,62.5,4.03731,20.2606,1.22266,1.89479
0,62.5,35.6664,20.7508,-0.963773,1.62505
0,62.5,10.594,18.8271,2.17536,0.60927
0,62.5,35.5169,20.1999,-0.690962,1.59065
0,62.5,10.2782,18.7693,2.02597,0.693007
0,62.5,34.8456,20.4402,-0.973606,1.59643
0,62.5,12.1975,18.9575,2.63436,-0.79808
0,62.5,35.0984,20.6201,-0.998751,1.60472
0,62.5,11.0218,19.032,2.35983,0.155546
0,62.5,33.8282,20.3305,-1.03628,1.19067
0,62.5,11.7843,18.7755,2.49551,-0.842216
0,62.5,31.5965,20.2793,-1.51168,0.294461
0,62.5,12.4575,18.8507,2.48221,-1.14587
0,62.5,30.7967,20.8202,-1.50643,0.169551
0,62.5,13.4369,19.2303,2.0878,-1.2131
0,62.5,30.534,21.1148,-1.57917,0.102105
0,62.5,13.7145,19.4314,1.95244,-1.14459
0,62.5,30.2558,20.9423,-1.642,0.0837814
0,62.5,14.7418,19.5287,1.71216,-1.29383
0,62.5,30.0379,21.2899,-1.63557,-0.019872
0,62.5,15.2141,19.376,1.69394,-1.36975
0,62.5,29.7892,21.3755,-1.68133,0.047029
0,62.5,14.9861,19.4819,1.69222,-1.42078
0,62.5,29.7882,21.612,-1.76033,0.00923743
0,62.5,15.4037,19.5485,1.63994,-1.10628
0,62.5,29.2977,21.587,-1.93233,-0.126904
0,62.5,15.9901,19.6766,1.44212,-1.52768
0,62.5,29.5291,21.7123,-1.85466,-0.109544
0,62.5,16.1671,19.5025,1.34916,-1.56962
0,62.5,29.3071,21.8574,-1.79645,-0.135398
0,62.5,16.1963,19.1001,1.19502,-1.69767
0,62.5,28.9525,22.0567,-1.76528,-0.100359
0,62.5,16.617,19.2687,1.22886,-1.90438
0,62.5,28.6796,22.0551,-1.7755,-0.149528
0,62.5,17.0444,18.9447,1.03256,-1.92315
0,62.5,28.4095,22.0238,-1.77651,-0.130688
0,62.5,16.8662,18.8123,1.07828,-1.99527
0,62.5,27.9691,22.1893,-1.8785,-0.477499
0,62.5,17.2579,18.8455,0.988934,-1.96239
0,62.5,28.096,22.4104,-1.93829,-0.370091
0,62.5,17.6985,19.3877,0.692331,-1.69408
0,62.5,27.78,22.3072,-1.82388,-0.420203
0,62.5,17.6418,19.6976,0.774065,-1.68543
0,62.5,27.8117,22.5503,-1.69787,-0.385588
0,62.5,17.9846,19.3301,0.611066,-1.73764
0,62.5,27.6572,22.7281,-1.61868,-0.448954
0,62.5,18.1312,19.5253,0.521971,-1.69104
0,62.5,28.3057,22.6786,-1.64568,-0.198453
0,62.5,18.3726,19.3413,0.414716,-1.52531
0,62.5,27.7477,23.0116,-1.61923,-0.500303
0,62.5,18.1897,19.8947,0.50729,-1.43234
0,62.5,27.9083,22.8422,-1.61053,-0.378184
0,62.5,18.1484,20.2183,0.653803,-1.44672
0,62.5,27.859,23.2789,-1.55976,-0.426112
0,62.5,18.45,19.8384,0.479758,-1.54836
0,62.5,28.0215,23.1018,-1.62866,-0.346956
0,62.5,18.5044,20.2823,0.474993,-1.38725
0,62.5,27.7112,23.4476,-1.48227,-0.348051
0,62.5,18.0964,21.2032,0.586161,-1.10612
0,62.5,28.1281,23.3573,-1.59768,-0.3515
0,62.5,17.8735,22.2975,0.698348,-0.409728
0,62.5,27.9764,23.5499,-1.57053,-0.242477
0,62.5,18.0057,22.5465,0.457904,-0.551837
0,62.5,28.4009,23.395,-1.69952,-0.0814407
0,62.5,17.7521,22.5281,0.612008,-0.322723
0,62.5,28.5219,23.6256,-1.74889,-0.0289383
0,62.5,17.5486,22.7351,0.396337,-0.517867
0,62.5,29.0505,23.9105,-1.14816,0.14304
0,62.5,17.6367,22.242,0.807763,-0.77413
0,62.5,29.4405,24.2454,-1.29943,0.225444
0,62.5,17.5082,22.4805,0.860179,-0.842983
0,62.5,29.6033,24.4701,-1.37455,0.167226
0,62.5,16.8119,23.481,0.751973,-0.983858
0,62.5,29.3127,24.4423,-1.4077,-0.00230034
0,62.5,16.6105,23.7045,0.918541,-0.779306
0,62.5,29.7478,24.6767,-1.32278,0.0357041
0,62.5,16.2989,24.2539,0.685458,-0.744969
0,62.5,29.461,24.6732,-1.39347,0.0802217
0,62.5,16.168,23.8527,1.10825,-0.661963
0,62.5,30.008,24.6994,-1.33269,0.0145606
0,62.5,15.6753,23.946,0.835072,-0.606375
0,62.5,29.8909,24.9188,-1.29221,0.183637
0,62.5,15.3933,24.0999,0.883847,-0.369431
0,62.5,30.1652,24.9379,-1.27343,-0.00626487
0,62.5,14.6049,25.4509,0.714878,0.195748
0,62.5,30.3779,25.19,-1.32194,0.152309
0,62.5,14.5636,25.7429,0.574829,0.210269
0,62.5,30.8421,25.3538,-1.09065,0.123038
0,62.5,14.3838,25.6428,0.631969,-0.065518
0,62.5,31.0385,25.6118,-0.606612,0.201829
0,62.5,14.2214,25.4462,0.85617,-0.299205
0,62.5,31.1596,25.8219,-0.845989,0.0635037
0,62.5,13.2803,25.9792,0.774537,-0.0373014
0,62.5,31.5678,26.0019,-0.542413,0.774354
0,62.5,3.21341,19.7029,0.232168,2.20691
0,62.5,36.877,23.0103,-0.621196,0.720201
0,62.5,2.20027,20.2868,0.654598,1.0782
0,62.5,36.6903,20.4999,-0.985528,1.80997
0,62.5,9.24556,18.2794,2.728,-0.833588
0,62.5,37.3633,22.1362,-0.357572,1.09272
0,62.5,4.43599,20.2486,1.06668,1.52187
0,62.5,37.9838,19.4781,-1.02858,3.34732
0,62.5,9.47822,18.617,1.87913,-0.0490127
0,62.5,37.5234,20.5462,-0.766455,1.60477
0,62.5,10.8448,18.8917,3.09304,0.290695
0,62.5,35.8225,20.278,-0.804562,1.96274
0,62.5,11.2847,18.8817,2.83099,-0.0344861
0,62.5,35.8227,20.5996,-0.726695,1.6915
0,62.5,12.7187,18.8357,2.39166,-1.04745
0,62.5,34.0676,20.2754,-1.16674,1.47846
0,62.5,13.1519,19.0913,2.08401,-1.12017
0,62.5,33.2334,20.3166,-1.26328,0.942051
0,62.5,13.3645,18.9732,2.15856,-1.24742
0,62.5,31.134,20.4826,-1.62795,0.139608
0,62.5,13.9425,19.3816,1.93529,-1.18107
0,62.5,31.1139,20.7741,-1.40037,0.0302625
0,62.5,13.6513,19.1612,1.98199,-1.22719
0,62.5,30.2818,21.1904,-1.56366,0.0219911
0,62.5,14.9018,19.2477,1.76052,-1.43192
0,62.5,30.334,21.4082,-1.60481,0.018477
0,62.5,15.8509,19.4353,1.36887,-1.5491
0,62.5,30.0557,21.5172,-1.69951,0.00848369
0,62.5,15.5844,19.4125,1.47701,-1.40438
0,62.5,30.0398,21.7627,-1.9015,-0.0598502
0,62.5,16.0373,19.2845,1.26683,-1.54307
0,62.5,29.8014,21.852,-1.84635,0.0726644
0,62.5,16.0915,18.8566,1.18126,-1.69896
0,62.5,29.7735,22.1126,-1.95364,0.103004
0,62.5,15.9095,19.0549,1.2514,-1.68348
0,62.5,29.559,21.9658,-1.85887,-0.15633
0,62.5,16.4495,19.0822,1.18706,-1.78863
0,62.5,29.2251,22.0822,-1.75468,-0.0990593
0,62.5,16.3277,18.8421,1.17129,-1.69308
0,62.5,29.0739,22.2893,-1.76248,-0.161826
0,62.5,16.6352,18.9175,1.10978,-1.92601
0,62.5,28.8127,22.2885,-1.83684,-0.187201
0,62.5,17.1444,18.6144,0.945844,-1.89674
0,62.5,28.5377,22.2665,-1.81555,-0.162232
0,62.5,17.6368,19.0068,0.748676,-1.84938
0,62.5,28.9543,22.5236,-1.76685,-0.151138
0,62.5,17.5274,18.786,0.857462,-1.91604
0,62.5,28.3951,22.47,-1.88252,-0.171363
0,62.5,17.8152,19.1508,0.64843,-1.79904
0,62.5,28.6788,22.5012,-1.79385,-0.149643
0,62.5,17.8064,18.8001,0.595908,-1.94214
0,62.5,28.0499,22.6321,-1.65973,-0.334342
0,62.5,18.1876,19.1946,0.544349,-1.79806
0,62.5,28.5691,22.7167,-1.69162,-0.148875
0,62.5,18.3255,19.6229,0.447193,-1.46942
0,62.5,28.4253,22.9346,-1.59724,-0.167362
0,62.5,18.4551,19.0861,0.490333,-1.48203
0,62.5,28.8181,23.2069,-1.64722,-0.0150952
0,62.5,18.5585,19.5143,0.39374,-1.47023
0,62.5,28.1683,22.898,-1.57869,-0.276319
0,62.5,18.3551,20.0811,0.591941,-1.49502
0,62.5,28.5519,23.1767,-1.61887,-0.0744581
0,62.5,18.487,20.5942,0.489008,-1.29243
0,62.5,28.2862,23.1526,-1.60074,-0.222092
0,62.5,18.7104,20.3779,0.321229,-1.1171
0,62.5,28.9617,23.4474,-1.57995,0.0281883
0,62.5,17.9857,21.5082,0.347699,-1.07224
0,62.5,28.6758,23.4189,-1.7101,-0.0494346
0,62.5,17.8037,22.7756,0.413558,-0.262521
0,62.5,29.0856,23.6737,-1.65031,-0.0316259
0,62.5,17.46,23.2443,0.133689,-0.329413
0,62.5,28.8015,23.6406,-1.70332,-0.0427276
0,62.5,17.3941,22.9718,0.341472,-0.517948
0,62.5,29.2934,23.9836,-1.15239,-0.0666445
0,62.5,17.2949,22.7178,0.795965,-1.19853
0,62.5,29.5434,24.0299,-1.17376,0.110231
0,62.5,17.0665,22.7137,0.951345,-1.20261
0,62.5,29.7273,24.2566,-1.36178,0.0592999
0,62.5,16.5233,24.0888,0.807487,-0.579102
0,62.5,29.8978,24.4477,-1.20386,0.167597
0,62.5,16.1399,24.0973,0.684519,-0.622782
0,62.5,30.4567,24.5612,-1.11093,0.193263
0,62.5,15.8745,24.2654,0.865855,-0.527866
0,62.5,30.0138,24.2324,-1.3315,0.112425
0,62.5,15.655,24.4426,0.859327,-0.510126
0,62.5,30.2796,24.7264,-1.23955,0.0875666
0,62.5,15.6222,24.1902,0.916196,-0.665624
0,62.5,30.1572,24.4873,-1.26915,0.0209473
0,62.5,15.1453,24.8257,0.713916,-0.428427
0,62.5,30.4298,24.9697,-1.21999,0.105248
0,62.5,15.2449,24.5762,0.947445,-0.461661
0,62.5,31.141,25.3915,-1.11616,-0.0168306
0,62.5,14.9088,24.9672,0.697836,0.0266641
0,62.5,31.8303,25.7783,-1.04362,-0.123363
0,62.5,14.8129,25.5159,0.631078,0.198354
0,62.5,31.4888,25.7855,-0.758618,0.119762
0,62.5,13.9193,26.0224,0.23035,0.13851
0,62.5,31.8098,25.9943,-0.325585,-0.225928
0,62.5,13.5217,26.019,0.669336,0.249045
0,62.5,32.0743,26.0207,-0.534208,-0.0657314
0,62.5,4.94939,20.2883,1.04999,1.38022
0,62.5,38.4427,19.6037,-0.0359678,1.28757
0,62.5,4.58422,21.6892,1.05996,1.03333
0,62.5,37.8892,21.0648,-0.303239,1.04775
0,62.5,9.95652,18.6991,1.63111,0.234871
0,62.5,37.6592,22.0922,-0.474983,0.742889
0,62.5,5.32989,19.9527,0.930089,1.09127
0,62.5,36.6206,20.6905,-0.830953,1.70688
0,62.5,11.1108,18.7365,2.70552,-0.0057707
0,62.5,36.0496,20.8159,-0.842023,1.68843
0,62.5,12.0846,18.7759,2.47157,-0.835919
0,62.5,34.5035,20.3883,-0.988127,1.53068
0,62.5,13.0134,18.866,2.08576,-1.13391
0,62.5,33.697,20.5144,-1.14664,1.12554
0,62.5,13.2517,18.7551,2.0745,-1.27916
0,62.5,32.2788,20.1952,-1.35272,0.446186
0,62.5,13.5841,18.8949,2.06109,-1.22587
0,62.5,33.0187,20.4096,-1.26448,0.678521
0,62.5,13.8779,19.1263,2.02327,-1.30053
0,62.5,31.3823,20.3869,-1.57624,0.287667
0,62.5,14.1737,19.296,1.94905,-1.19167
0,62.5,31.6175,20.8381,-1.33415,0.245419
0,62.5,14.5746,19.3807,1.86033,-1.42169
0,62.5,30.7959,21.0427,-1.56944,0.124368
0,62.5,14.7153,19.1512,1.78438,-1.41262
0,62.5,30.6256,21.3166,-1.55548,0.107431
0,62.5,14.3916,19.2195,1.87132,-1.35327
0,62.5,30.2923,21.6491,-1.79721,-0.000426065
0,62.5,15.124,19.1262,1.70645,-1.52718
0,62.5,30.2544,21.9156,-2.02359,0.0873197
0,62.5,14.9596,18.9475,1.56925,-1.4799
0,62.5,30.0167,22.0371,-2.01915,0.0416062
0,62.5,15.3962,19.2113,1.59494,-1.30691
0,62.5,30.019,22.509,-1.73825,0.0976329
0,62.5,15.9951,18.6186,1.28939,-1.88222
0,62.5,30.0939,22.2512,-1.84732,-0.0945004
0,62.5,16.4999,18.6876,0.98289,-1.85647
0,62.5,29.8322,22.3403,-1.73597,0.139679
0,62.5,16.7089,18.6026,0.997127,-1.91289
0,62.5,29.4722,22.1782,-1.84312,-0.0450605
0,62.5,16.9599,18.5423,1.03194,-2.02837
0,62.5,29.3173,22.3688,-1.71734,-0.0323801
0,62.5,17.2614,18.3213,0.921304,-1.8906
0,62.5,29.206,22.5783,-1.80462,-0.0573343
0,62.5,17.3835,18.5875,0.92174,-1.97697
0,62.5,29.3659,22.8226,-1.69609,0.00676652
0,62.5,17.6802,18.5682,0.820523,-2.11848
0,62.5,29.0947,22.7912,-1.70452,-0.139475
0,62.5,17.506,18.3605,0.842578,-2.12454
0,62.5,29.4916,23.0619,-1.77483,0.00933415
0,62.5,17.999,18.9901,0.586748,-1.83877
0,62.5,28.8355,22.7383,-1.68492,-0.21563
0,62.5,18.5835,18.8932,0.496196,-1.51362
0,62.5,29.2283,23.0402,-1.73115,-0.00956905
0,62.5,18.2404,18.9385,0.568517,-1.73088
0,62.5,28.6925,22.9605,-1.67374,-0.0612536
0,62.5,18.6426,19.2672,0.43338,-1.37981
0,62.5,28.9531,22.9988,-1.76901,-0.0408904
0,62.5,18.7911,19.085,0.393284,-1.44825
0,62.5,29.3698,23.2838,-1.62134,0.0138109
0,62.5,18.6734,19.7605,0.510273,-1.4152
0,62.5,29.8452,23.4697,-1.54929,0.101093
0,62.5,18.8364,20.1017,0.372927,-1.10174
0,62.5,29.0941,23.2434,-1.68805,-0.00296628
0,62.5,19.0637,20.1964,0.30436,-1.07192
0,62.5,29.6104,23.3827,-1.5151,-0.115524
0,62.5,18.0001,22.0277,0.516362,-0.6754
0,62.5,29.2494,23.4844,-1.51469,0.0909892
0,62.5,17.632,22.9894,0.291393,-0.430559
0,62.5,29.8205,23.6965,-1.25208,0.0570669
0,62.5,17.5598,23.5138,0.426834,-0.384344
0,62.5,29.5101,23.5865,-1.32673,0.00447366
0,62.5,17.2307,23.2292,0.224464,-0.589436
0,62.5,29.6326,23.8117,-1.42252,0.0226387
0,62.5,17.3266,23.5042,0.311115,-0.5331
0,62.5,29.3391,23.7514,-1.50204,-0.101227
0,62.5,16.9664,23.2153,0.750175,-1.21729
0,62.5,29.8155,24.0306,-1.31901,0.0365395
0,62.5,17.1548,22.9805,0.71041,-1.14736
0,62.5,30.2891,24.2985,-1.05626,0.220897
0,62.5,16.0858,24.3923,0.774825,-0.451852
0,62.5,30.5769,24.7877,-1.24984,0.128492
0,62.5,15.9017,24.8098,0.656226,-0.321984
0,62.5,30.791,24.9341,-0.848998,-0.0514764
0,62.5,15.4308,24.4078,0.991372,-0.47593
0,62.5,31.2671,25.1892,-0.990649,0.321306
0,62.5,15.43,24.7232,0.804244,-0.403999
0,62.5,30.9891,25.1803,-0.885691,0.0463727
0,62.5,15.1116,25.0993,0.852686,-0.468247
0,62.5,31.6487,25.606,-1.1566,-0.0896979
0,62.5,15.3508,24.961,0.760472,-0.399389
0,62.5,31.3205,25.6139,-0.699828,0.0810165
0,62.5,15.0509,25.3958,0.716186,-0.165463
0,62.5,32.149,25.8077,-1.08357,-0.218363
0,62.5,14.866,25.2408,0.865884,0.0432231
0,62.5,31.9775,25.6032,-0.650849,0.0846978
0,62.5,14.1793,25.749,0.727991,-0.0862532
0,62.5,32.3484,26.011,-0.665876,-0.0413011
0,62.5,13.7254,25.9145,0.418456,-0.40802
0,62.5,32.6474,26.0357,-0.764345,-0.165927
0,62.5,4.04303,20.5445,0.932613,1.75432
0,62.5,38.4963,20.0049,-0.362742,1.13985
0,62.5,4.1103,20.0117,1.17549,1.94591
0,62.5,37.9983,19.25,-1.01723,3.03312
0,62.5,5.35935,19.6297,0.686304,1.18753
0,62.5,38.341,20.1985,-0.460264,1.60493
0,62.5,4.36914,21.002,1.15785,1.43131
0,62.5,37.2556,20.4451,-1.25381,1.76317
0,62.5,9.27975,18.5667,2.26191,-0.221493
0,62.5,36.3815,20.5219,-0.729599,1.7903
0,62.5,10.5354,18.6426,2.35786,0.448578
0,62.5,34.8037,20.6522,-1.02869,1.53524
0,62.5,12.3504,18.6422,2.45129,-1.00467
0,62.5,35.452,20.8752,-0.884404,1.57645
0,62.5,11.7069,18.5861,2.63981,-1.07085
0,62.5,34.2093,20.4694,-0.916117,1.33755
0,62.5,13.5027,18.6441,2.04653,-1.3706
0,62.5,33.4446,20.5012,-1.06691,0.914063
0,62.5,12.2464,18.4471,2.80147,-1.20021
0,62.5,32.0178,20.3769,-1.51471,0.374669
0,62.5,13.8119,18.8645,2.12606,-1.25534
0,62.5,31.5883,20.5893,-1.35855,0.270303
0,62.5,12.912,18.6578,2.35601,-1.24007
0,62.5,30.9079,21.243,-1.48873,0.0475969
0,62.5,13.7336,18.6029,2.08899,-1.45688
0,62.5,31.0715,20.9917,-1.49421,0.0517606
0,62.5,14.5254,18.9957,1.78108,-1.50659
0,62.5,30.8303,21.4834,-1.63951,0.0787067
0,62.5,15.7182,19.2019,1.3996,-1.66076
0,62.5,30.5522,21.5507,-1.78133,0.0485537
0,62.5,16.3978,18.4197,1.05092,-1.94811
0,62.5,30.5005,21.8156,-2.00167,0.0515688
0,62.5,16.2201,18.5668,1.18261,-1.72088
0,62.5,30.3493,22.1209,-1.85405,-0.0547727
0,62.5,15.5501,19.0266,1.50303,-1.67002
0,62.5,30.3046,22.381,-1.98631,0.022466
0,62.5,16.6198,18.3515,1.02727,-1.89718
0,62.5,30.2458,22.6276,-1.64125,0.08679
0,62.5,16.3985,18.1411,1.30721,-2.09069
0,62.5,29.7632,22.6235,-1.81716,0.0667473
0,62.5,17.0775,18.2329,0.953312,-1.98472
0,62.5,29.599,22.3972,-1.76705,-0.0414732
0,62.5,16.8469,18.315,0.894235,-1.90029
0,62.5,29.4901,22.6151,-1.72711,-0.013925
0,62.5,17.3673,18.0891,0.697151,-2.11597
0,62.5,29.9817,22.7553,-1.62272,-0.02965
0,62.5,17.8915,18.5043,0.740863,-2.02314
0,62.5,29.6405,22.8415,-1.6314,0.0103853
0,62.5,18.0413,18.7268,0.573039,-1.75949
0,62.5,30.428,23.0933,-1.33216,0.0284615
0,62.5,18.355,18.7284,0.608043,-1.699
0,62.5,30.1067,23.0621,-1.50296,0.140086
0,62.5,18.8171,18.8158,0.503972,-1.45302
0,62.5,30.4958,23.3665,-1.41757,0.161056
0,62.5,19.0491,18.7519,0.448179,-1.44717
0,62.5,29.8597,22.959,-1.49125,-0.0674756
0,62.5,19.0315,19.0282,0.38794,-1.34953
0,62.5,30.2634,23.2742,-1.30976,-0.0250197
0,62.5,18.8081,19.5232,0.433313,-1.26477
0,62.5,29.7131,23.1602,-1.57152,-0.122318
0,62.5,18.6392,20.0449,0.440498,-1.40519
0,62.5,29.9566,23.2497,-1.58918,0.0620379
0,62.5,19.3004,20.6358,0.253047,-0.866606
0,62.5,30.1209,23.4652,-1.50705,-0.126446
0,62.5,18.2741,21.0337,0.410962,-1.31285
0,62.5,30.6058,23.6122,-1.43185,0.257897
0,62.5,17.8693,23.0649,0.441784,-0.379037
0,62.5,30.081,23.6996,-1.01617,-0.107736
0,62.5,18.4995,20.8665,0.440835,-1.23736
0,62.5,30.3194,23.8248,-1.20024,0.293397
0,62.5,17.6907,23.2612,0.147024,-0.681789
0,62.5,30.0142,23.9314,-1.33572,-0.0468646
0,62.5,17.2457,23.9179,0.474203,-0.466693
0,62.5,30.4814,24.0687,-1.374,0.480265
0,62.5,17.431,24.0685,0.127484,-0.337405
0,62.5,30.2228,24.0661,-1.56229,0.150184
0,62.5,17.4477,23.7573,0.491278,-0.541556
0,62.5,30.7,24.1774,-1.06786,-0.0108878
0,62.5,17.1541,23.6963,0.551864,-0.479577
0,62.5,30.5417,24.3626,-1.08554,0.128946
0,62.5,17.0756,23.4451,0.293191,-0.544618
0,62.5,30.7646,24.6372,-1.06304,0.233822
0,62.5,16.728,23.9099,0.694216,-0.624465
0,62.5,31.0421,24.9375,-0.780004,0.138044
0,62.5,16.3305,24.5364,0.523519,-0.682387
0,62.5,31.4345,25.4077,-0.825606,-0.139205
0,62.5,15.883,24.5492,0.776647,-0.46876
0,62.5,31.8257,25.1839,-0.768967,0.0127112
0,62.5,15.6538,24.7109,0.829266,-0.419256
0,62.5,32.1155,25.1893,-0.863256,-0.0456863
0,62.5,15.2662,25.2815,0.672876,-0.305947
0,62.5,31.7062,25.3949,-0.653654,0.148468
0,62.5,15.2563,25.6021,0.686011,-0.346632
0,62.5,31.9977,25.391,-0.835939,-0.0553162
0,62.5,15.4951,25.1343,0.734375,-0.140287
0,62.5,32.4717,25.8269,-0.776035,-0.0129557
0,62.5,14.3947,26.002,0.131889,-0.0885784
0,62.5,32.7856,25.841,-0.655675,-0.0697216
0,62.5,13.7647,25.6079,0.962214,-0.348262
0,62.5,32.9623,26.0203,-0.631618,0.180226
0,62.5,3.78717,20.3695,0.837259,1.57498
0,62.5,37.2068,22.3356,-0.297007,1.03465
0,62.5,10.2737,17.8991,-0.598305,3.79547
0,62.5,36.3518,19.8089,-0.524365,1.9922
0,62.5,3.66522,19.5845,0.755633,1.93797
0,62.5,37.6421,19.8807,-1.35466,2.15546
0,62.5,4.80943,19.9075,0.983208,1.36687
0,62.5,37.8559,20.1571,-0.998899,1.67059
0,62.5,7.6118,19.2925,-0.16485,1.45028
0,62.5,37.3598,19.9551,-1.7315,1.50542
0,62.5,8.44372,19.1594,1.76169,1.18212
0,62.5,37.0291,20.6524,-0.689757,1.69784
0,62.5,8.95494,18.6707,2.46305,0.65032
0,62.5,34.5244,20.607,-1.03718,1.58173
0,62.5,9.84016,18.5306,1.44803,-0.586827
0,62.5,33.9881,20.5719,-1.10383,1.13885
0,62.5,11.2844,18.5646,2.76868,0.0762988
0,62.5,32.356,20.4311,-1.41086,0.459697
0,62.5,13.1722,18.5513,2.27082,-1.2654
0,62.5,32.1608,20.5621,-1.53728,0.291523
0,62.5,14.2881,18.941,1.888,-1.52952
0,62.5,31.8018,20.4234,-1.5626,0.403107
0,62.5,14.0936,19.0439,2.04884,-1.29126
0,62.5,31.9012,20.9408,-1.46233,0.396829
0,62.5,15.2943,18.9505,1.61496,-1.48986
0,62.5,31.3658,20.8952,-1.40132,0.0331325
0,62.5,14.7431,18.8625,1.6835,-1.64273
0,62.5,31.2014,21.1734,-1.45465,-0.0433017
0,62.5,15.1267,18.7478,1.52439,-1.48257
0,62.5,31.0988,21.4119,-1.5402,0.0185089
0,62.5,15.0688,18.4217,1.50037,-1.62739
0,62.5,30.7536,21.7274,-1.90283,0.0104447
0,62.5,15.3667,18.6977,1.38351,-1.60616
0,62.5,30.8878,21.9148,-1.94098,0.0652275
0,62.5,15.8102,18.8417,1.52141,-1.8633
0,62.5,30.6127,22.0125,-1.88096,0.0340989
0,62.5,16.149,18.3078,1.39455,-2.01013
0,62.5,30.8104,22.1702,-1.95195,0.136111
0,62.5,16.209,18.0474,1.28055,-2.09026
0,62.5,30.5557,22.2704,-1.97683,0.0799713
0,62.5,16.6202,18.0686,1.23057,-2.06354
0,62.5,30.4988,22.5577,-1.70129,-0.099292
0,62.5,17.2483,17.8531,0.887359,-2.21039
0,62.5,30.2343,22.8767,-1.56275,0.176474
0,62.5,17.6855,18.2367,0.771809,-2.18828
0,62.5,30.7269,22.4515,-1.63145,0.0352327
0,62.5,17.5513,17.9819,0.593242,-2.20562
0,62.5,30.4757,22.8222,-1.66878,-0.0880307
0,62.5,18.1872,18.5335,0.564697,-1.72051
0,62.5,30.7078,22.7388,-1.66988,0.000882727
0,62.5,18.3836,18.4017,0.568581,-1.60233
0,62.5,30.8829,22.8911,-1.65164,0.0988649
0,62.5,18.6229,18.3702,0.506329,-1.79192
0,62.5,31.1419,22.7176,-1.61457,0.138148
0,62.5,19.1497,19.2781,0.348231,-1.22129
0,62.5,30.6474,23.0418,-1.46135,0.0888961
0,62.5,18.926,19.3176,0.320206,-1.34559
0,62.5,31.1167,22.9652,-1.70165,0.19607
0,62.5,19.1064,19.9481,0.349717,-1.09506
0,62.5,30.8528,23.5413,-1.37216,0.0661069
0,62.5,19.2706,20.2711,0.371155,-1.16192
0,62.5,30.7198,23.3186,-1.45863,0.133566
0,62.5,18.9214,20.4162,0.367987,-1.05764
0,62.5,30.3566,23.5936,-1.40873,0.168703
0,62.5,19.3035,20.9594,0.295502,-0.868235
0,62.5,31.0595,23.7569,-1.59492,0.288083
0,62.5,18.7047,20.6527,0.498682,-1.10232
0,62.5,30.8272,23.8042,-1.52403,0.101851
0,62.5,18.1053,22.2727,0.593138,-0.661249
0,62.5,31.4042,24.1386,-1.29265,0.0589396
0,62.5,18.2051,21.4624,0.454632,-0.929958
0,62.5,30.5793,23.8586,-1.35765,0.261326
0,62.5,17.758,23.6464,0.303887,-0.197913
0,62.5,31.2587,23.9167,-1.31999,-0.0518932
0,62.5,17.8672,23.4152,0.023101,-0.435944
0,62.5,30.8711,24.0352,-1.11865,0.145918
0,62.5,16.9361,24.3227,0.285848,-0.337846
0,62.5,31.0063,24.3153,-1.13182,0.349846
0,62.5,17.1017,24.1443,0.277195,-0.391148
0,62.5,30.8142,24.4295,-1.16096,0.0922197
0,62.5,16.9066,23.6939,0.588412,-0.605859
0,62.5,31.006,24.7076,-1.07949,0.109819
0,62.5,16.9701,23.9497,0.58579,-0.578868
0,62.5,31.2864,24.9506,-0.750035,0.000504427
0,62.5,16.126,24.6603,0.583259,-0.313134
0,62.5,31.5372,25.177,-0.803326,0.00134946
0,62.5,16.5258,24.3522,0.533963,-0.549365
0,62.5,31.8439,24.9716,-0.870881,-0.0609235
0,62.5,15.6667,24.9526,0.519985,-0.326282
0,62.5,32.2991,25.4067,-0.925185,0.000238375
0,62.5,15.4495,25.4216,0.658944,-0.207702
0,62.5,32.2695,25.6139,-0.65154,-0.00427667
0,62.5,15.9113,25.0786,0.48442,-0.354353
0,62.5,32.6255,25.427,-0.940837,-0.112731
0,62.5,15.4214,25.7294,0.255349,0.208488
0,62.5,32.562,25.625,-0.641768,-0.0748409
0,62.5,14.8818,26.0247,0.299838,0.0857681
0,62.5,33.1027,25.8438,-0.448108,0.225522
0,62.5,13.9514,25.74,0.660918,0.151181
0,62.5,33.2893,26.0408,-0.705357,-0.241061
0,62.5,4.98185,20.5152,1.17951,1.18812
0,62.5,36.0223,21.1604,-0.881476,1.68785
0,62.5,4.70995,20.5692,1.27981,1.43249
0,62.5,37.9143,19.9558,-0.854045,1.90433
0,62.5,6.32425,19.5138,0.778182,1.15441
0,62.5,36.2737,20.7319,-0.818749,1.86153
0,62.5,5.05706,19.8903,0.913881,1.28736
0,62.5,35.6572,20.4159,-0.905958,1.70005
0,62.5,9.59572,18.3897,1.3024,-0.323311
0,62.5,35.8574,20.9372,-0.881724,1.67801
0,62.5,10.3277,18.2367,0.429374,1.29254
0,62.5,35.6806,21.0699,-0.906309,1.39369
0,62.5,10.8824,18.6425,2.28581,0.516588
0,62.5,35.1696,20.8148,-0.879112,1.48063
0,62.5,12.6217,18.6029,2.45314,-1.21207
0,62.5,33.947,20.7778,-1.29371,1.08031
0,62.5,10.7558,18.4725,2.51234,0.541032
0,62.5,34.2807,20.6949,-1.13626,1.39173
0,62.5,12.0111,18.5656,2.50916,-0.55639
0,62.5,33.6588,20.7397,-1.25334,1.09498
0,62.5,13.4149,18.4378,1.98286,-1.43155
0,62.5,32.7694,20.4922,-1.29091,0.460014
0,62.5,14.0201,18.7679,2.04962,-1.28287
0,62.5,31.8253,20.6772,-1.41407,0.392092
0,62.5,14.4767,18.727,1.85047,-1.56603
0,62.5,32.0673,20.7631,-1.35739,0.434788
0,62.5,15.5897,18.7833,1.46962,-1.646
0,62.5,31.7296,21.0813,-1.46968,0.404862
0,62.5,15.2878,18.4615,1.44438,-1.71881
0,62.5,31.4669,21.1014,-1.47785,0.152402
0,62.5,14.9182,18.6478,1.6263,-1.63148
0,62.5,31.3948,21.3429,-1.50853,0.138878
0,62.5,15.5631,18.48,1.20802,-1.76473
0,62.5,31.0298,21.6685,-1.88662,0.0343455
0,62.5,15.7706,18.5504,1.20951,-1.88366
0,62.5,31.399,21.9902,-1.83847,0.0393106
0,62.5,17.068,17.9683,0.945363,-1.99818
0,62.5,31.1912,21.8367,-1.84634,-0.0873398
0,62.5,15.9199,18.332,1.44774,-1.68423
0,62.5,31.2662,22.2068,-1.86639,-0.0224269
0,62.5,16.8405,18.0434,1.06579,-2.03137
0,62.5,31.0783,22.0686,-1.94356,-0.0712009
0,62.5,16.4907,17.8294,1.13099,-2.11522
0,62.5,30.982,22.3367,-1.68094,0.0694722
0,62.5,17.4369,17.724,0.828982,-2.337
0,62.5,31.6496,22.5636,-1.60196,0.0423074
0,62.5,16.9303,17.7316,1.05242,-2.17193
0,62.5,30.9325,22.5956,-1.62775,0.151676
0,62.5,18.1362,18.2773,0.708983,-1.90723
0,62.5,31.3701,22.8932,-1.78314,0.276479
0,62.5,18.5656,18.6278,0.604053,-1.64089
0,62.5,31.3947,22.6383,-1.5719,0.190103
0,62.5,19.0377,19.6233,0.392687,-1.16122
0,62.5,31.3806,23.1374,-1.61577,0.318986
0,62.5,19.3608,19.2151,0.34033,-1.19141
0,62.5,30.8797,23.1533,-1.45546,0.287857
0,62.5,18.8966,19.8296,0.444518,-1.16727
0,62.5,31.6379,23.0778,-1.75803,0.205514
0,62.5,19.2316,19.5305,0.389262,-1.24982
0,62.5,31.1297,23.2139,-1.57161,0.286812
0,62.5,19.3852,20.0436,0.308706,-1.31009
0,62.5,31.5824,23.3222,-1.4475,0.385524
0,62.5,19.4457,20.4163,0.0869465,-0.934291
0,62.5,31.041,23.4346,-1.24448,0.421022
0,62.5,19.4874,20.7696,0.31129,-1.01629
0,62.5,31.3313,23.3949,-1.42661,0.270203
0,62.5,19.1161,20.5401,0.368774,-1.14896
0,62.5,31.242,23.622,-1.24347,0.451593
0,62.5,18.7464,20.9358,0.467259,-1.13106
0,62.5,31.4708,23.8168,-1.12046,0.517075
0,62.5,19.0332,21.874,-0.138118,-0.79348
0,62.5,31.5821,24.3498,-1.17077,0.1232
0,62.5,18.367,21.2828,0.310055,-1.20521
0,62.5,31.4493,24.5368,-0.949059,0.122102
0,62.5,18.1193,21.762,0.271426,-1.20739
0,62.5,31.101,24.0892,-1.1467,0.321489
0,62.5,17.6367,24.1721,0.0451868,-0.080592
0,62.5,31.2678,24.3274,-1.13067,0.0353096
0,62.5,18.0262,22.8449,0.411016,-0.412634
0,62.5,31.1492,24.5475,-1.03684,0.112245
0,62.5,16.7187,24.4649,0.389389,-0.275946
0,62.5,31.5584,24.9561,-0.918145,0.206181
0,62.5,17.8375,24.0495,0.152553,0.107708
0,62.5,31.3399,24.732,-0.999305,0.139405
0,62.5,16.7672,24.165,0.584118,-0.462871
0,62.5,31.9813,24.8073,-0.89005,0.0877495
0,62.5,16.9184,24.6186,0.306,-0.317385
0,62.5,32.4223,25.2276,-0.748853,0.0450574
0,62.5,15.7259,25.2305,0.723914,-0.179514
0,62.5,32.1812,24.9974,-0.832585,-0.0582143
0,62.5,16.526,24.6712,0.389761,-0.506142
0,62.5,32.7496,25.2526,-0.715907,0.0799001
0,62.5,16.3286,24.8467,0.487431,-0.55521
0,62.5,32.9652,25.4602,-0.516327,0.247185
0,62.5,15.9426,25.3807,0.451358,-0.0998591
0,62.5,32.8544,25.6364,-0.69259,0.115636
0,62.5,14.8098,25.7757,0.539752,0.17943
0,62.5,33.4341,25.8584,-0.484382,-0.0914663
0,62.5,14.1715,25.9897,0.117583,-0.042593
0,62.5,33.6187,26.0276,-0.404156,0.240086
0,62.5,8.04673,18.6176,0.703914,1.95562
0,62.5,37.8937,20.6662,-0.00676406,1.12104
0,62.5,3.5805,19.7499,0.0850128,2.26677
0,62.5,37.2781,20.6831,-0.729463,1.57533
0,62.5,3.45159,19.3363,0.348291,2.65958
0,62.5,35.3903,21.0845,-1.02698,1.51211
0,62.5,4.23762,20.3513,1.00085,1.89599
0,62.5,34.88,20.8675,-0.986415,1.47104
0,62.5,7.9728,19.1844,0.706585,1.19244
0,62.5,36.2195,21.0049,-0.821796,1.80523
0,62.5,11.4645,18.6173,2.52862,-0.498957
0,62.5,35.8651,21.3005,-0.856949,1.52636
0,62.5,9.81708,17.83,-3.89719,-1.47316
0,62.5,34.2262,20.8962,-1.20504,1.25331
0,62.5,12.3272,18.1847,2.43372,-1.74803
0,62.5,34.5824,20.8284,-1.03945,1.49552
0,62.5,12.8421,18.4267,2.11638,-1.20307
0,62.5,33.2528,20.6219,-1.15866,0.891682
0,62.5,13.951,18.5099,1.94864,-1.33478
0,62.5,33.4266,20.8266,-1.26632,0.863747
0,62.5,13.6972,18.3423,1.966,-1.41016
0,62.5,32.3848,20.7481,-1.45295,0.383731
0,62.5,14.2248,18.6702,2.01825,-1.58913
0,62.5,32.5589,20.6405,-1.31973,0.476879
0,62.5,14.3969,18.4669,1.88671,-1.64916
0,62.5,32.0964,21.1425,-1.45256,0.333764
0,62.5,14.6691,18.6015,1.75967,-1.7652
0,62.5,31.6765,21.3179,-1.50941,0.325256
0,62.5,14.5909,18.3076,1.7256,-1.85485
0,62.5,31.2935,21.5732,-1.6855,0.0811052
0,62.5,15.232,18.1827,1.39599,-1.73763
0,62.5,31.4674,21.7572,-1.70212,0.204796
0,62.5,15.479,18.2601,1.30247,-1.91592
0,62.5,31.5781,22.1796,-1.77686,0.253744
0,62.5,15.9549,18.0696,1.32713,-1.80765
0,62.5,31.8427,22.1596,-1.69869,0.231304
0,62.5,16.344,17.7164,1.33388,-2.36544
0,62.5,31.7902,22.3941,-1.4548,0.198468
0,62.5,15.7188,18.1969,1.33105,-1.64419
0,62.5,32.052,22.3556,-1.61515,0.399367
0,62.5,16.721,17.7734,1.12618,-2.28006
0,62.5,31.4595,22.3802,-1.77011,0.0859733
0,62.5,17.2688,17.479,0.866911,-2.41764
0,62.5,31.195,22.4603,-1.65202,0.0595391
0,62.5,17.9167,18.2585,0.722095,-2.09997
0,62.5,32.0188,22.587,-1.48814,0.415397
0,62.5,17.8058,17.9903,0.668323,-2.09917
0,62.5,31.8453,22.7505,-1.84004,0.239617
0,62.5,18.7871,18.2078,0.434997,-1.78764
0,62.5,32.0776,22.8544,-1.77929,0.238947
0,62.5,18.4505,18.1428,0.544581,-1.71605
0,62.5,31.6097,22.8279,-1.81731,0.123528
0,62.5,18.82,18.5601,0.490127,-1.58913
0,62.5,32.0603,23.1866,-1.82457,0.198926
0,62.5,19.7043,19.5579,0.483346,-1.38059
0,62.5,31.8731,23.024,-1.84582,0.162969
0,62.5,19.5167,19.76,0.373751,-1.34451
0,62.5,31.8416,23.2966,-1.6999,0.334791
0,62.5,19.6863,19.9112,0.138607,-1.13921
0,62.5,31.7613,23.5454,-1.42808,0.404837
0,62.5,19.2851,19.8052,0.338189,-1.22932
0,62.5,31.9204,23.7732,-1.12352,0.395475
0,62.5,19.5776,20.1516,0.150485,-1.05077
0,62.5,31.7111,23.8466,-1.1648,0.263737
0,62.5,19.5614,21.0197,0.0466972,-0.973133
0,62.5,32.163,23.7837,-1.09979,0.179891
0,62.5,19.7028,20.7087,0.191994,-1.27783
0,62.5,31.6273,24.0834,-1.05555,0.348854
0,62.5,18.8698,22.1135,0.133876,-0.560384
0,62.5,32.0754,24.029,-0.990562,0.202577
0,62.5,19.3895,21.2244,0.192259,-0.774382
0,62.5,31.5257,23.5893,-1.47721,0.291185
0,62.5,19.2382,21.4308,0.0716888,-0.784844
0,62.5,31.8285,24.3406,-1.08735,0.158028
0,62.5,18.2369,21.9898,0.204718,-1.10747
0,62.5,31.7674,24.5803,-0.952073,0.132592
0,62.5,17.7762,24.3974,0.12082,0.0177129
0,62.5,32.036,24.5925,-0.81048,-0.0412001
0,62.5,17.6401,24.639,0.0627775,-0.204302
0,62.5,31.6463,24.7504,-0.938525,-0.0540892
0,62.5,18.4002,24.9539,-0.282469,0.396719
0,62.5,32.2912,24.8119,-0.823501,0.0461364
0,62.5,17.6422,23.8782,0.257291,-0.0777273
0,62.5,32.5082,25.0415,-0.844047,-0.00418086
0,62.5,17.1472,24.4756,0.195232,-0.245094
0,62.5,32.55,24.8204,-0.939435,-0.0135028
0,62.5,17.3528,24.6064,0.154829,-0.181218
0,62.5,32.6795,24.6598,-0.771707,0.0977717
0,62.5,16.5123,24.984,0.293078,-0.387891
0,62.5,32.7852,25.0341,-0.861911,0.119889
0,62.5,16.3539,25.1779,0.282982,-0.434933
0,62.5,33.032,25.2498,-0.755319,0.150808
0,62.5,15.8841,25.6279,0.253761,0.0773487
0,62.5,33.2719,25.4459,-0.710037,0.00108663
0,62.5,16.1401,25.2225,0.333619,-0.24524
0,62.5,33.181,25.6551,-0.545276,-0.00422581
0,62.5,15.2754,25.9859,0.164183,0.227484
0,62.5,33.4719,25.6504,-0.554784,0.109701
0,62.5,14.6239,25.9907,0.176093,0.177512
0,62.5,33.7557,25.8463,-0.513734,0.0353936
0,62.5,10.6249,17.8976,3.47158,5.71864
0,62.5,37.7362,21.8581,-0.157791,0.893123
0,62.5,3.86211,21.0371,0.87561,1.44119
0,62.5,37.0824,20.9439,-0.540068,1.51555
0,62.5,3.33446,19.5546,0.472131,2.02196
0,62.5,37.0199,22.1616,-0.293322,0.95743
0,62.5,7.00303,19.3953,0.563587,0.327913
0,62.5,36.7577,21.0071,-0.640818,1.56866
0,62.5,11.0578,18.4165,2.79344,0.341818
0,62.5,36.8567,20.8133,-0.680542,1.64542
0,62.5,10.4309,18.4363,2.18478,1.4436
0,62.5,36.4959,21.1059,-0.658821,1.6969
0,62.5,11.9928,18.3363,3.41023,-0.810458
0,62.5,34.7749,21.0709,-1.09369,1.48318
0,62.5,13.0618,18.3366,2.02824,-1.36758
0,62.5,35.0984,21.0307,-1.11204,1.47222
0,62.5,12.521,18.3918,2.2673,-1.26808
0,62.5,34.4791,21.02,-1.16134,1.44441
0,62.5,14.1697,18.3915,1.86665,-1.6021
0,62.5,33.9755,20.994,-1.27534,0.914957
0,62.5,13.9374,18.2487,1.92772,-1.44812
0,62.5,33.0077,20.6509,-1.13766,0.692876
0,62.5,14.4805,17.9518,1.68019,-1.99851
0,62.5,32.4799,20.985,-1.3642,0.355739
0,62.5,14.816,18.3808,1.72152,-1.85845
0,62.5,32.2337,20.9667,-1.36328,0.399278
0,62.5,15.4182,17.987,1.34632,-1.85625
0,62.5,31.9427,21.2977,-1.55721,0.321456
0,62.5,15.6553,17.9681,1.47077,-1.72952
0,62.5,31.5863,21.5353,-1.65598,0.355373
0,62.5,15.1327,17.9491,1.36743,-1.96849
0,62.5,31.8822,21.5269,-1.55736,0.351233
0,62.5,16.8401,17.4287,0.988884,-2.26142
0,62.5,31.7642,21.7407,-1.53094,0.459238
0,62.5,16.4839,17.3887,1.06142,-2.43179
0,62.5,32.0382,21.7761,-1.52921,0.287615
0,62.5,16.652,17.5155,1.07305,-2.16195
0,62.5,31.6834,21.9454,-1.72002,0.329605
0,62.5,17.379,17.207,0.798251,-2.25086
0,62.5,31.9975,21.9826,-1.45814,0.379212
0,62.5,17.0995,17.5826,0.935649,-2.13417
0,62.5,32.1881,22.166,-1.69399,0.403413
0,62.5,17.5099,17.4865,0.817001,-2.12066
0,62.5,32.2791,22.5213,-1.55543,0.362586
0,62.5,18.2125,18.0565,0.650558,-1.85122
0,62.5,32.5638,22.7268,-1.57084,0.390254
0,62.5,17.9884,17.9075,0.712721,-2.09463
0,62.5,32.3089,22.7449,-1.54175,0.379754
0,62.5,19.1941,18.566,0.32899,-1.55452
0,62.5,32.503,22.9702,-1.73045,0.301049
0,62.5,18.7987,17.9725,0.426857,-1.87452
0,62.5,32.2565,23.0216,-1.79253,0.202055
0,62.5,18.981,18.4091,0.359606,-1.64187
0,62.5,32.6491,23.2086,-1.72751,0.166419
0,62.5,19.6011,19.2853,0.389393,-1.27302
0,62.5,32.1956,23.3951,-1.70874,0.168804
0,62.5,19.2438,18.9444,0.384566,-1.29494
0,62.5,32.7735,23.4271,-1.54755,-0.115733
0,62.5,19.3814,18.7258,0.282193,-1.37547
0,62.5,32.3925,23.2299,-1.79513,0.232136
0,62.5,19.6549,20.4539,0.15615,-1.20832
0,62.5,32.9205,23.6366,-1.49825,-0.190259
0,62.5,19.906,19.9982,0.0812052,-1.09527
0,62.5,32.0088,23.5238,-1.48621,0.272092
0,62.5,19.4761,21.5365,0.00751184,-0.851178
0,62.5,32.4981,23.4541,-1.4998,0.0611923
0,62.5,19.8072,20.2303,0.167151,-1.08029
0,62.5,32.3219,23.6243,-1.44086,0.111054
0,62.5,18.5582,21.1212,0.352393,-1.27298
0,62.5,32.3338,24.0104,-1.03386,0.151614
0,62.5,18.9263,20.7289,0.483854,-1.04972
0,62.5,31.8769,24.0993,-1.08409,0.137227
0,62.5,17.9371,23.7942,0.0509893,0.116841
0,62.5,32.2623,24.2514,-0.867911,0.206295
0,62.5,17.8753,24.6637,0.129415,-0.0851655
0,62.5,32.0778,24.3526,-1.08582,0.0266185
0,62.5,17.9706,24.8824,-0.262421,-0.0416674
0,62.5,32.5238,24.2344,-0.970087,0.14033
0,62.5,17.585,24.8639,0.226777,-0.20271
0,62.5,32.4669,24.4693,-0.717444,0.168949
0,62.5,17.3046,24.29,0.0671795,-0.259311
0,62.5,32.7406,24.4324,-0.885882,0.0964929
0,62.5,17.4459,25.0897,0.0699064,-0.24821
0,62.5,32.2931,24.5815,-1.04074,-0.141423
0,62.5,17.332,24.8481,0.26092,-0.170648
0,62.5,32.9578,24.6418,-0.740043,0.103984
0,62.5,17.099,24.7597,0.244343,-0.255592
0,62.5,33.1879,24.8486,-0.804018,0.0106628
0,62.5,16.7291,24.7713,0.303414,-0.31548
0,62.5,32.8954,24.8612,-0.728356,0.159446
0,62.5,17.1777,25.0646,0.156307,-0.329317
0,62.5,33.1169,25.0607,-0.777674,0.0359507
0,62.5,16.5385,25.7408,0.0132957,-0.222239
0,62.5,33.3507,25.2588,-0.789306,-0.0525432
0,62.5,16.1224,24.9455,0.590881,-0.224698
0,62.5,33.6036,25.4761,-0.453325,0.098594
0,62.5,15.6673,25.4751,0.531932,-0.0836176
0,62.5,33.7976,25.6435,-0.66625,-0.144945
0,62.5,15.0357,25.6665,0.616393,-0.189321
0,62.5,33.9497,26.0343,-0.765114,-0.255436
0,62.5,1.40892,20.1203,0.436703,-0.0927152
0,62.5,37.5078,21.6751,-0.0438146,1.07804
0,62.5,3.36812,19.921,0.494432,1.7393
0,62.5,38.0729,20.2494,-0.626694,1.4662
0,62.5,4.87916,19.4938,0.956561,1.24922
0,62.5,37.5856,20.7535,-0.36722,1.30409
0,62.5,9.38107,18.2305,1.38848,-0.793478
0,62.5,36.2851,21.2561,-0.717241,1.76974
0,62.5,11.3092,17.4819,5.08512,-1.03354
0,62.5,36.5834,21.3329,-0.62033,1.64982
0,62.5,12.1458,18.117,2.72459,-1.83524
0,62.5,36.9671,21.4006,-0.377344,1.28382
0,62.5,11.5162,18.2923,2.97358,-0.788722
0,62.5,35.5814,21.2806,-0.932417,1.38893
0,62.5,13.3222,18.2186,2.11941,-1.30818
0,62.5,34.2761,21.1469,-1.2039,1.24651
0,62.5,12.6974,18.2359,2.01975,-1.0998
0,62.5,33.1736,20.8801,-1.30527,0.728669
0,62.5,14.155,18.1061,1.90696,-1.66388
0,62.5,33.6762,20.9657,-1.26568,1.04787
0,62.5,13.5711,18.1791,2.27579,-1.70727
0,62.5,32.7315,20.9659,-1.38891,0.45346
0,62.5,14.7032,18.0875,1.56083,-1.91224
0,62.5,32.45,21.5652,-1.57491,0.296496
0,62.5,14.3708,18.1815,1.70343,-1.72623
0,62.5,32.2606,21.3523,-1.41183,0.304306
0,62.5,14.6093,17.7629,1.59386,-2.11295
0,62.5,32.321,21.7497,-1.62304,0.334394
0,62.5,14.0354,17.8609,1.82277,-1.90838
0,62.5,32.4335,21.2239,-1.4422,0.371557
0,62.5,15.3387,17.773,1.29557,-1.85782
0,62.5,32.7988,22.1071,-1.72187,0.412925
0,62.5,15.6704,17.7135,1.25028,-1.83835
0,62.5,32.14,21.5461,-1.66458,0.216216
0,62.5,16.12,17.8095,1.30707,-1.99395
0,62.5,32.4005,22.315,-1.695,0.31724
0,62.5,16.8131,17.1109,0.950988,-2.23434
0,62.5,32.3098,21.9719,-1.43627,0.326248
0,62.5,17.0132,17.2935,0.93791,-2.24322
0,62.5,33.1245,22.7655,-1.5086,0.226086
0,62.5,17.6166,17.2692,0.636713,-2.41782
0,62.5,32.5356,22.1265,-1.65271,0.235482
0,62.5,17.5984,16.9746,0.678159,-2.28055
0,62.5,32.578,22.5037,-1.71167,0.322371
0,62.5,17.6891,17.7348,0.8182,-2.02835
0,62.5,32.8283,22.7367,-1.62204,0.199568
0,62.5,18.2391,17.8292,0.584218,-1.94899
0,62.5,32.7561,22.9699,-1.59658,0.163434
0,62.5,18.5455,17.9672,0.423864,-1.93043
0,62.5,33.0541,23.4118,-1.57427,-0.0612675
0,62.5,18.1858,17.5073,0.520286,-1.98134
0,62.5,32.9164,23.1972,-1.58267,-0.0638834
0,62.5,17.7979,17.5395,0.646018,-2.41378
0,62.5,33.4929,23.6316,-1.41734,0.112231
0,62.5,18.3844,17.6662,0.479439,-2.08873
0,62.5,33.2078,23.6209,-1.49933,-0.00251154
0,62.5,19.0369,18.1581,0.309378,-1.80414
0,62.5,33.8647,24.0359,-0.984624,0.199641
0,62.5,18.6068,17.7246,0.474474,-1.94825
0,62.5,33.3657,23.8365,-1.36423,-0.0868517
0,62.5,19.8753,19.7081,0.191104,-1.11509
0,62.5,33.5572,24.0534,-1.13656,-0.0863564
0,62.5,19.4556,18.4634,0.15592,-1.55147
0,62.5,33.0791,23.8401,-1.36895,-0.101207
0,62.5,19.2429,21.6853,-0.0225843,-0.829946
0,62.5,33.2654,24.0511,-1.22863,-0.0610991
0,62.5,19.4606,19.4999,0.432676,-1.27393
0,62.5,32.6454,23.6614,-1.39033,0.0266181
0,62.5,19.6103,21.3289,0.122381,-0.914051
0,62.5,32.7974,23.8701,-1.2913,-0.00697026
0,62.5,17.9768,24.328,0.124252,-0.212618
0,62.5,32.4807,23.8393,-1.19044,0.134029
0,62.5,18.9949,25.2116,-0.0820526,0.0162031
0,62.5,32.8492,24.2435,-0.995371,-0.0155482
0,62.5,18.1578,24.995,-0.418478,0.283904
0,62.5,32.6492,24.0504,-1.04936,-0.0034974
0,62.5,18.3053,25.2279,-0.247677,0.295824
0,62.5,32.9848,24.0655,-1.1014,-0.0694978
0,62.5,18.7642,25.2266,-0.107346,0.0799758
0,62.5,33.0544,24.4421,-0.910347,-0.0839405
0,62.5,17.5143,24.4157,0.0325396,-0.264453
0,62.5,33.1843,24.2702,-0.952388,-0.0155755
0,62.5,17.7677,24.9971,-0.133982,0.261944
0,62.5,33.2573,24.6398,-0.843747,-0.112411
0,62.5,16.9608,24.9703,0.163235,-0.380506
0,62.5,33.4851,24.8316,-0.765744,-0.11321
0,62.5,17.3139,25.3094,-0.19708,-0.27829
0,62.5,33.8178,24.8587,-0.691237,0.152365
0,62.5,16.5713,25.2786,0.14354,-0.394371
0,62.5,33.4118,25.0423,-0.74727,-0.0589608
0,62.5,16.7468,25.0282,0.22973,-0.338144
0,62.5,33.6972,25.0385,-0.850301,-0.0168634
0,62.5,16.4063,25.4717,0.20514,-0.326127
0,62.5,33.6344,25.263,-0.866814,0.0330047
0,62.5,16.6691,25.5222,-0.032776,-0.333201
0,62.5,33.9592,25.4826,-0.489001,0.0237438
0,62.5,16.1727,25.484,0.295796,-0.219716
0,62.5,34.1517,25.6339,-0.566409,0.131923
0,62.5,15.0922,25.9168,0.328141,-0.293414
0,62.5,34.0588,25.8356,-0.565565,-0.024407
0,62.5,4.3753,19.4729,0.611155,2.06901
0,62.5,38.0884,19.7948,-0.895,2.32232
0,62.5,6.05761,19.3092,0.185578,1.10352
0,62.5,37.6928,21.4043,-0.184283,0.962597
0,62.5,3.83677,19.483,0.31562,2.38018
0,62.5,36.4798,20.8795,-0.851158,1.90299
0,62.5,5.78431,19.4139,0.601776,0.88411
0,62.5,37.3369,20.91,-0.511851,1.36487
0,62.5,10.733,18.1892,4.32991,0.68742
0,62.5,37.409,21.1203,-0.516858,1.2943
0,62.5,12.5138,18.0525,2.42643,-1.68459
0,62.5,37.9741,20.8509,-0.0133473,1.33212
0,62.5,13.0458,18.1144,1.97269,-1.35919
0,62.5,35.9484,21.5422,-0.871096,1.68647
0,62.5,12.8061,18.0168,2.12431,-1.21148
0,62.5,34.6283,21.2561,-1.00641,1.46526
0,62.5,10.518,18.1774,2.50819,3.31483
0,62.5,34.0331,21.2203,-1.36394,1.01143
0,62.5,13.8575,18.0247,2.12985,-1.60394
0,62.5,33.0049,21.0016,-1.61523,0.369788
0,62.5,13.2455,17.9772,2.01706,-1.13461
0,62.5,32.7925,20.7614,-1.38739,0.419938
0,62.5,11.7233,18.3463,3.24372,-0.473506
0,62.5,32.6967,21.2036,-1.33067,0.464256
0,62.5,14.0483,17.6127,1.82176,-2.03256
0,62.5,32.6389,21.4371,-1.44101,0.578347
0,62.5,14.9736,18.1707,1.52884,-1.93608
0,62.5,32.6879,21.7118,-1.32188,0.303754
0,62.5,13.46,17.9191,1.88335,-1.30769
0,62.5,32.7342,22.3383,-1.79202,0.421549
0,62.5,16.6189,17.1408,0.901808,-2.17904
0,62.5,33.0103,22.3226,-1.72116,0.366523
0,62.5,14.8616,17.9273,1.42402,-1.88416
0,62.5,32.9101,22.5424,-1.66505,0.275348
0,62.5,15.8874,17.823,1.35346,-1.8316
0,62.5,33.2853,22.3489,-1.50326,0.49819
0,62.5,17.4063,16.9183,0.746922,-2.5466
0,62.5,33.1991,22.5577,-1.55986,0.347757
0,62.5,17.1802,17.1497,0.820615,-2.3974
0,62.5,33.424,22.7792,-1.40385,0.433843
0,62.5,17.8219,17.2401,0.662237,-2.31476
0,62.5,33.3176,22.9846,-1.43082,0.319122
0,62.5,16.9424,16.9308,0.844803,-2.34276
0,62.5,33.0225,22.9659,-1.52238,-0.0417269
0,62.5,17.9843,17.6516,0.52812,-2.13448
0,62.5,33.6213,22.9898,-1.27366,0.485472
0,62.5,16.7068,16.7759,1.02946,-2.30978
0,62.5,33.3363,23.4032,-1.46505,0.076648
0,62.5,17.7733,16.8637,0.777135,-2.28243
0,62.5,33.6117,23.4193,-1.33791,0.262361
0,62.5,17.2794,16.6831,0.841041,-2.51731
0,62.5,33.1929,23.1854,-1.51888,0.0859308
0,62.5,18.8282,17.6873,0.461101,-1.9099
0,62.5,33.785,23.6412,-1.16216,0.281694
0,62.5,18.4925,17.4105,0.465043,-2.10726
0,62.5,33.6606,23.8487,-1.23687,0.0765523
0,62.5,19.6198,18.7667,0.193019,-1.5271
0,62.5,33.9656,23.8185,-1.08788,0.319266
0,62.5,19.0263,17.8729,0.325304,-1.92131
0,62.5,34.067,24.2501,-0.761726,0.251531
0,62.5,19.2555,18.3078,0.270744,-1.69379
0,62.5,34.1516,24.0444,-0.894431,0.355446
0,62.5,20.0066,19.4642,0.12047,-1.22796
0,62.5,33.7722,24.2413,-0.912119,0.00501437
0,62.5,19.4923,18.998,0.342192,-1.24963
0,62.5,34.4573,24.0136,-0.81637,0.465437
0,62.5,19.905,20.496,0.213697,-1.06396
0,62.5,34.3,24.4452,-0.620758,0.409801
0,62.5,19.0967,22.1446,0.172006,-0.842237
0,62.5,34.3733,24.2315,-0.70491,0.411124
0,62.5,19.7646,21.0835,0.0464307,-1.01306
0,62.5,34.0004,24.4594,-0.722514,0.146345
0,62.5,18.1982,22.6239,0.414472,-0.335619
0,62.5,34.5147,24.6297,-0.606848,0.375575
0,62.5,19.2335,22.3712,0.0284471,-0.631459
0,62.5,33.4691,24.2635,-0.972132,-0.0906944
0,62.5,18.6289,24.9707,-0.122263,0.0650861
0,62.5,34.2277,24.6584,-0.815673,0.241618
0,62.5,18.2487,24.732,-0.253745,0.375543
0,62.5,33.7027,24.4498,-0.774134,-0.0400926
0,62.5,18.5306,25.2346,-0.142738,0.0669276
0,62.5,33.9177,24.6573,-0.761463,0.0794745
0,62.5,19.577,24.9706,-0.193184,-0.154027
0,62.5,33.402,24.4771,-0.723461,0.00635649
0,62.5,17.6047,25.2562,-0.447846,0.287564
0,62.5,33.6134,24.6576,-0.695727,-0.0220508
0,62.5,17.85,25.2196,-0.410103,0.212268
0,62.5,34.2995,25.0839,-0.905644,0.184871
0,62.5,17.0473,25.2758,-0.0329058,-0.37436
0,62.5,34.0116,25.064,-0.815212,0.252333
0,62.5,17.4585,25.5112,-0.57381,0.113257
0,62.5,34.3273,25.4699,-0.637761,0.127719
0,62.5,16.8211,25.2785,0.100844,-0.345139
0,62.5,33.8902,25.2679,-0.914964,0.0727517
0,62.5,17.5531,25.7501,-0.519896,0.121042
0,62.5,34.3615,25.8166,-0.640071,0.274991
0,62.5,16.3052,25.7251,0.12667,-0.180517
0,62.5,34.5517,26.0312,-0.701118,-0.302819
0,62.5,15.5061,25.9939,0.320449,-0.0750688
0,62.5,34.2608,26.0208,-0.583674,0.359893
0,62.5,8.32946,18.9903,0.986558,1.06807
0,62.5,38.4323,19.427,0.0881997,1.16894
0,62.5,3.33367,19.3066,0.0774313,1.79344
0,62.5,37.4303,21.4729,-0.0960646,1.02998
0,62.5,10.0217,18.0492,-0.231501,0.258702
0,62.5,29.5117,17.9865,-2.41501,0.786581
0,62.5,8.09438,19.0033,0.8278,1.61325
0,62.5,36.083,22.2359,-0.889385,1.13364
0,62.5,8.4125,18.7264,1.52833,1.36931
0,62.5,36.8997,21.7204,-0.111182,1.02707
0,62.5,9.69307,18.215,0.0136999,-0.418202
0,62.5,37.1323,21.5632,-0.133744,1.1186
0,62.5,11.5944,18.0694,3.63006,-0.855566
0,62.5,36.4701,21.5303,-0.79183,1.55115
0,62.5,11.2842,18.2514,3.24201,-0.418803
0,62.5,37.0913,21.1517,-0.583793,1.45932
0,62.5,11.8095,17.5812,3.91479,-2.02604
0,62.5,35.2346,21.2618,-1.08913,1.43351
0,62.5,12.392,17.7905,2.3597,-2.25349
0,62.5,35.6852,21.5115,-0.85757,1.29863
0,62.5,12.9294,17.8357,1.75411,-1.37954
0,62.5,34.9627,21.2432,-1.14028,1.38389
0,62.5,13.1275,17.7379,1.91973,-1.26093
0,62.5,33.4038,21.0703,-1.37104,0.863211
0,62.5,14.1971,17.4433,1.85289,-2.31221
0,62.5,33.7426,21.182,-1.27567,1.09038
0,62.5,14.2632,17.845,1.73228,-1.91639
0,62.5,32.9588,21.6861,-1.13678,0.512741
0,62.5,14.8156,17.6624,1.48654,-2.04903
0,62.5,32.9615,21.2222,-1.3764,0.586699
0,62.5,16.2872,17.4535,1.17703,-2.27978
0,62.5,32.5917,21.8909,-1.55588,0.166404
0,62.5,16.0634,17.5504,1.18165,-1.88758
0,62.5,33.1027,22.1127,-1.6393,0.552321
0,62.5,15.8323,17.5064,1.11915,-1.83981
0,62.5,32.9154,21.9164,-1.60142,0.527078
0,62.5,15.2531,17.5219,1.2565,-1.86567
0,62.5,33.7262,22.5086,-1.2756,0.714036
0,62.5,15.059,17.7049,1.44444,-1.9167
0,62.5,33.4895,22.5752,-1.47478,0.567382
0,62.5,15.5032,17.5716,1.22022,-1.93284
0,62.5,33.9027,23.0463,-1.1599,0.456366
0,62.5,16.8933,16.6514,0.970057,-2.53259
0,62.5,33.719,22.7926,-1.22729,0.632074
0,62.5,16.522,16.7838,0.992746,-2.3274
0,62.5,33.7758,23.2238,-1.18668,0.498246
0,62.5,17.6638,16.6222,0.88431,-2.34255
0,62.5,33.4843,23.1937,-1.33005,0.355626
0,62.5,17.9665,17.0298,0.609841,-2.30047
0,62.5,34.1327,23.3541,-0.952065,0.683711
0,62.5,17.1496,16.8705,0.778409,-2.2613
0,62.5,33.9067,23.4354,-1.22184,0.444003
0,62.5,18.0297,17.3318,0.699349,-2.17554
0,62.5,34.3863,23.6251,-0.851234,0.612063
0,62.5,18.2984,17.2699,0.552972,-2.09968
0,62.5,34.1079,23.6122,-1.06335,0.441056
0,62.5,19.2486,18.0146,0.34178,-1.85356
0,62.5,34.7834,23.8977,-0.831103,0.342214
0,62.5,19.4576,18.1623,0.17487,-1.65157
0,62.5,34.2472,23.8318,-1.03569,0.423079
0,62.5,19.7367,19.0446,0.256568,-1.59187
0,62.5,35.1202,24.2996,-0.637197,0.334551
0,62.5,20.1409,20.0293,-0.00140217,-1.1931
0,62.5,34.9174,24.1054,-0.74144,0.414449
0,62.5,19.8414,19.3086,0.377664,-1.65493
0,62.5,35.8553,24.4352,-0.464689,0.310074
0,62.5,20.1018,19.7574,0.156483,-1.21272
0,62.5,34.6607,24.1539,-0.713174,0.441149
0,62.5,19.8484,21.8419,-0.213653,-0.676471
0,62.5,34.8532,24.3539,-0.740195,0.452434
0,62.5,20.0536,20.2878,0.165488,-1.00332
0,62.5,34.5921,24.399,-0.64663,0.408842
0,62.5,18.9209,21.0778,0.331289,-0.952515
0,62.5,34.7942,24.594,-0.591649,0.488133
0,62.5,19.8258,21.3966,0.0304697,-0.854956
0,62.5,34.6909,24.8234,-0.587657,0.406794
0,62.5,19.0925,24.9454,-0.0362142,0.062992
0,62.5,34.8709,24.9957,-0.703104,0.365365
0,62.5,19.7185,24.7523,-0.173887,-0.255829
0,62.5,34.4105,24.8596,-0.849407,0.172459
0,62.5,18.8593,24.9527,-0.0762319,0.0658873
0,62.5,34.5827,25.0588,-0.946789,0.0186006
0,62.5,19.3348,25.4757,-0.00557678,0.014008
0,62.5,34.1235,24.8652,-0.843182,0.261536
0,62.5,18.8739,25.4849,-0.0843621,-0.00205996
0,62.5,34.7837,25.233,-1.04842,0.0926721
0,62.5,18.0657,25.2463,-0.311463,0.168675
0,62.5,34.4861,25.2799,-0.826122,0.136093
0,62.5,17.934,25.5074,-0.425029,-0.000262047
0,62.5,34.1727,25.29,-0.74101,0.267069
0,62.5,17.3059,25.7515,-0.549449,0.00824731
0,62.5,34.6681,25.461,-0.80369,0.0710932
0,62.5,16.7913,25.7656,-0.190453,-0.201976
0,62.5,34.5181,25.6456,-0.709924,0.198854
0,62.5,16.9248,25.5264,-0.156594,-0.290265
0,62.5,34.6856,25.8399,-0.672776,-0.077047
0,62.5,16.417,25.991,0.126479,-0.174843
0,62.5,35.2151,26.0254,-0.865387,-0.072897
0,62.5,15.6551,25.732,0.201748,-0.0652655
0,62.5,34.863,26.03,-0.5755,0.442119
0,62.5,4.30837,19.683,0.644575,1.70221
0,62.5,32.0434,19.0656,-0.684514,0.0581092
0,62.5,4.76093,19.6423,0.807577,1.37077
0,62.5,34.1787,21.4279,-1.29689,0.961728
0,62.5,6.05305,19.5462,0.340987,1.117
0,62.5,36.8953,22.7889,-0.408938,0.762963
0,62.5,8.86752,18.3593,2.74613,2.02917
0,62.5,34.0719,21.6244,-1.13165,0.923618
0,62.5,11.4206,17.8321,4.26449,-0.405039
0,62.5,36.5855,21.7607,-0.340501,1.22111
0,62.5,10.9356,18.267,3.37391,0.402179
0,62.5,37.6571,20.9395,-0.25217,1.20604
0,62.5,12.6227,17.8146,2.1957,-1.36519
0,62.5,36.7447,21.5441,-0.545445,1.28396
0,62.5,12.9889,17.5171,1.73752,-1.47046
0,62.5,36.1719,21.4372,-0.8879,1.53499
0,62.5,13.6818,17.8993,2.04184,-1.719
0,62.5,36.2719,21.6691,-0.669726,1.51553
0,62.5,14.1204,17.1791,1.79371,-1.99908
0,62.5,35.112,21.4851,-1.00735,1.26457
0,62.5,14.3769,17.6169,1.50757,-1.94351
0,62.5,34.4304,21.3599,-1.10032,1.14978
0,62.5,14.5389,17.4678,1.34327,-2.1474
0,62.5,33.4192,21.4711,-1.37772,0.764291
0,62.5,14.346,16.8841,1.9291,-2.68588
0,62.5,33.1464,21.4277,-1.29587,0.701319
0,62.5,14.5217,16.876,1.76615,-2.59742
0,62.5,33.241,21.207,-1.55716,0.637799
0,62.5,14.7595,17.4044,1.53795,-1.99785
0,62.5,33.4815,21.9103,-1.32966,0.926208
0,62.5,14.3428,17.252,1.88708,-2.15536
0,62.5,32.888,21.4693,-1.42187,0.422945
0,62.5,15.0137,17.4455,1.26872,-1.98426
0,62.5,33.1942,21.8663,-1.41581,0.74555
0,62.5,15.1804,17.2581,1.43563,-1.88834
0,62.5,33.3588,22.097,-1.39153,0.900753
0,62.5,15.8038,16.9855,1.33578,-2.25744
0,62.5,33.9219,22.6881,-1.17023,0.670977
0,62.5,16.0195,17.0106,1.35253,-2.07099
0,62.5,34.0721,22.8871,-1.02064,0.631676
0,62.5,15.7979,17.278,1.36396,-2.03149
0,62.5,34.1507,23.1426,-1.22727,0.682901
0,62.5,17.1872,16.3861,0.950248,-2.5629
0,62.5,34.3893,23.4134,-0.941498,0.634118
0,62.5,16.3243,16.7198,1.02037,-2.73744
0,62.5,34.7245,23.6097,-0.643941,0.533567
0,62.5,17.0251,16.5067,0.832724,-2.54756
0,62.5,35.027,23.8308,-0.741476,0.637306
0,62.5,17.8653,16.555,0.858554,-2.4046
0,62.5,34.5672,23.7996,-0.895212,0.549364
0,62.5,17.4572,16.5739,0.777435,-2.38248
0,62.5,35.3849,23.9148,-0.552719,0.671159
0,62.5,18.426,17.0462,0.610655,-2.26221
0,62.5,35.1718,24.0356,-0.72184,0.602695
0,62.5,19.1824,17.7031,0.295462,-2.01091
0,62.5,35.5863,24.1158,-0.319172,0.611607
0,62.5,18.9728,17.5124,0.403649,-2.12449
0,62.5,35.3671,24.2059,-0.417685,0.369011
0,62.5,18.091,16.3734,0.920424,-2.40898
0,62.5,35.8391,24.1809,-0.459101,0.411211
0,62.5,19.412,17.8299,0.148485,-1.88873
0,62.5,35.6188,24.3841,-0.516957,0.573169
0,62.5,18.6891,17.4163,0.451194,-1.89439
0,62.5,36.094,24.3025,-0.379795,0.327324
0,62.5,19.6819,18.5037,0.129185,-1.66972
0,62.5,36.1515,24.5264,-0.593522,0.305349
0,62.5,20.2481,20.4461,-0.0277338,-0.688768
0,62.5,35.3644,24.4583,-0.614997,0.268567
0,62.5,19.8753,20.8408,-0.0216531,-0.942595
0,62.5,35.8973,24.6614,-0.561843,0.275598
0,62.5,20.0719,18.762,0.161124,-1.67646
0,62.5,35.5817,24.6184,-0.816369,0.421294
0,62.5,19.8487,22.0958,-0.110494,-0.795854
0,62.5,35.7161,24.821,-0.554139,0.271929
0,62.5,19.2779,21.9426,-0.0398576,-0.98061
0,62.5,35.0798,24.5292,-0.696257,0.256577
0,62.5,19.8333,25.0068,-0.282473,-0.277091
0,62.5,35.2953,24.6882,-1.00386,0.293718
0,62.5,19.2076,24.6909,-0.0219593,-0.0703634
0,62.5,34.9909,24.7577,-0.594948,0.49538
0,62.5,19.2259,25.2095,-0.0370747,0.0166571
0,62.5,35.1592,24.9249,-0.697287,0.600285
0,62.5,20.2287,24.8052,-0.263453,-0.0718052
0,62.5,35.0553,25.1663,-0.69072,0.570635
0,62.5,18.4035,25.4987,-0.206303,0.112152
0,62.5,35.3328,25.1119,-0.677739,0.280044
0,62.5,18.6391,25.4956,-0.145259,0.102874
0,62.5,35.1953,25.3667,-0.580545,0.390267
0,62.5,17.1817,25.5253,-0.314484,-0.244777
0,62.5,34.9443,25.431,-0.845536,0.0387554
0,62.5,17.7038,25.4877,-0.478077,0.248961
0,62.5,35.1185,25.6415,-0.982935,-0.0707453
0,62.5,17.0498,25.7601,-0.36048,-0.177784
0,62.5,34.8457,25.6617,-0.790702,0.0504988
0,62.5,17.7905,25.7544,-0.470377,0.0564319
0,62.5,35.0224,25.8666,-0.79434,0.129
0,62.5,15.9465,25.9845,0.307784,-0.0852699
0,62.5,35.7161,25.9156,-0.665822,0.250898
0,62.5,15.7399,25.9661,0.331628,-0.00182028
0,62.5,35.5111,26.0275,-0.880728,-0.268507
0,62.5,4.56706,19.8047,1.00919,1.43948
0,62.5,38.5022,21.8211,0.179527,0.307676
0,62.5,4.01968,19.6896,0.816859,2.31006
0,62.5,36.8791,21.9203,-0.279137,0.973101
0,62.5,11.3189,17.6891,5.16698,0.0253814
0,62.5,37.1625,21.9696,-0.320846,0.999061
0,62.5,11.2494,18.0733,3.97386,0.365916
0,62.5,36.5692,21.9551,-0.421121,1.20494
0,62.5,11.8928,18.1089,3.25226,-0.817708
0,62.5,35.8131,21.9184,-1.06854,1.40774
0,62.5,13.3639,17.6327,1.89549,-1.24541
0,62.5,37.2692,21.3236,-0.33432,1.1775
0,62.5,13.1748,17.4356,1.94246,-1.14524
0,62.5,35.4043,21.4583,-0.880501,1.23605
0,62.5,11.6386,17.7434,4.90084,-2.20814
0,62.5,36.2771,21.8923,-0.518623,1.49237
0,62.5,13.5881,17.636,2.10007,-1.62224
0,62.5,33.7269,21.5633,-1.38862,0.848222
0,62.5,13.3802,17.3712,1.90679,-1.0862
0,62.5,33.5438,21.2962,-1.36121,0.743234
0,62.5,13.8632,17.3936,1.84202,-1.87178
0,62.5,33.5438,21.6991,-1.48838,0.749436
0,62.5,14.0164,17.0524,1.91466,-1.87722
0,62.5,34.8258,21.4406,-0.987616,1.44588
0,62.5,14.9539,16.8239,1.27728,-1.93302
0,62.5,33.6839,22.1525,-1.29069,0.81254
0,62.5,14.5408,17.1688,1.60194,-2.27991
0,62.5,34.1693,22.359,-1.22977,0.649138
0,62.5,15.5605,17.3349,1.36143,-1.91838
0,62.5,33.2454,21.6583,-1.30844,0.759677
0,62.5,15.8926,16.7329,1.26776,-2.13527
0,62.5,34.1431,22.5763,-1.06511,0.748707
0,62.5,15.3729,17.2144,1.52324,-2.01742
0,62.5,34.5666,22.8347,-1.08103,0.80707
0,62.5,16.048,17.2901,1.04995,-1.86241
0,62.5,33.9057,22.3717,-1.20837,0.880156
0,62.5,16.0502,16.5148,1.0824,-2.58281
0,62.5,33.5372,22.3121,-1.35048,0.795415
0,62.5,18.4257,16.7835,0.478757,-2.22909
0,62.5,34.3035,22.7474,-0.916864,0.578151
0,62.5,16.8122,16.303,0.821709,-2.59268
0,62.5,34.4686,23.1982,-1.1131,0.565511
0,62.5,17.7518,16.1569,0.904184,-2.45274
0,62.5,35.0647,23.4078,-0.465296,0.63315
0,62.5,17.1821,15.8902,0.800445,-2.31102
0,62.5,34.6676,23.4041,-0.908383,0.531077
0,62.5,16.4267,17.0624,0.900402,-2.66175
0,62.5,35.2574,23.7047,-0.749052,0.72949
0,62.5,19.1723,16.9436,0.331843,-2.20727
0,62.5,35.571,23.7691,-0.6647,0.780253
0,62.5,18.2535,16.4375,0.87489,-2.41008
0,62.5,35.9588,23.8138,-0.42831,0.336513
0,62.5,18.0177,16.7511,0.659545,-2.39463
0,62.5,35.7443,23.9347,-0.317867,0.460688
0,62.5,19.8097,17.8762,0.170959,-1.63412
0,62.5,36.0535,24.0494,-0.321067,0.334935
0,62.5,17.6066,16.1116,0.799365,-2.37652
0,62.5,36.2982,24.1202,-0.228384,0.418654
0,62.5,17.2697,15.9687,0.927324,-2.44986
0,62.5,36.789,24.1815,0.094086,0.565783
0,62.5,19.6769,18.242,0.0749657,-1.65375
0,62.5,37.0614,24.2598,0.101163,0.401007
0,62.5,17.9024,16.3082,0.801612,-2.35604
0,62.5,36.5362,24.2291,0.0269117,0.444778
0,62.5,20.5562,21.9544,-0.28489,-0.461726
0,62.5,36.3752,24.3896,-0.501547,0.0786249
0,62.5,18.1777,17.0413,0.647219,-2.10922
0,62.5,36.5695,24.5521,-0.584688,0.241839
0,62.5,20.1284,19.2168,0.111746,-1.37241
0,62.5,36.3514,24.6894,-0.580999,0.0473134
0,62.5,19.6232,17.9451,0.229757,-1.82278
0,62.5,36.3898,24.9246,-0.468652,0.159334
0,62.5,19.9592,19.036,0.221076,-1.7259
0,62.5,36.0958,24.7893,-0.522127,0.231282
0,62.5,19.9822,21.1884,-0.0286249,-0.771743
0,62.5,35.8839,25.0029,-0.634618,0.130648
0,62.5,19.5013,21.7904,0.0149853,-0.796884
0,62.5,36.2928,25.2235,-0.336189,0.00390901
0,62.5,19.7172,21.6437,-0.100596,-0.891255
0,62.5,35.4411,24.8713,-0.692553,0.0395335
0,62.5,20.0816,24.0778,-0.193329,-0.19514
0,62.5,35.9958,25.2385,-0.408766,0.0648658
0,62.5,19.8474,24.5325,-0.110238,-0.256546
0,62.5,35.6121,25.0616,-0.926212,0.18656
0,62.5,19.3293,24.9513,-0.0692651,-0.060159
0,62.5,35.4646,25.3061,-0.541167,0.222454
0,62.5,20.0979,25.038,-0.384747,-0.239281
0,62.5,35.357,25.5583,-0.544913,0.381479
0,62.5,19.1042,25.4772,-0.0108624,-0.0157434
0,62.5,35.5653,25.7181,-0.321494,0.01796
0,62.5,19.5662,25.4755,-0.0390577,-0.0511164
0,62.5,35.852,25.6869,-0.55757,-0.0543529
0,62.5,18.1711,25.4982,-0.316987,0.221852
0,62.5,35.3315,25.8248,-0.841345,-0.255178
0,62.5,17.3947,25.9995,-0.424267,0.0454053
0,62.5,36.0666,25.8406,-0.469529,-0.10046
0,62.5,16.6553,26.0049,-0.0436444,-0.00856969
0,62.5,36.2377,26.0334,-0.48092,0.0856713
0,62.5,16.0624,25.7469,0.261771,-0.126435
0,62.5,35.917,26.0255,-0.479289,-0.129085
0,62.5,7.88744,18.8717,0.977572,1.55504
0,62.5,38.2589,21.2585,-0.168751,1.11173
0,62.5,8.7227,18.6535,2.1709,2.06759
0,62.5,36.3963,22.584,-0.27924,0.878174
0,62.5,10.0528,18.3599,1.59867,0.677982
0,62.5,36.546,22.2473,-0.457643,0.934571
0,62.5,11.0457,17.9248,3.95925,0.0695513
0,62.5,36.3325,22.1111,-0.667673,1.26379
0,62.5,12.7906,17.552,2.0181,-1.37532
0,62.5,36.0311,22.0197,-0.88248,1.13159
0,62.5,8.60209,18.8418,1.54126,1.57281
0,62.5,35.3469,21.6631,-0.975438,1.17903
0,62.5,13.5704,17.3387,1.95404,-1.48101
0,62.5,33.9028,21.7744,-1.38467,0.799782
0,62.5,14.6814,16.9588,1.47585,-2.1979
0,62.5,33.866,21.413,-1.28568,1.04487
0,62.5,15.2721,16.9034,1.27453,-1.6696
0,62.5,34.0983,21.9734,-1.49173,0.752653
0,62.5,15.4532,16.8755,1.40199,-2.23445
0,62.5,33.751,21.9271,-1.41729,0.731682
0,62.5,17.0353,16.121,0.654876,-2.61714
0,62.5,34.7723,22.6897,-1.05052,0.935479
0,62.5,16.3701,16.3694,0.954198,-2.51356
0,62.5,33.9445,22.1491,-1.37155,0.789122
0,62.5,16.6339,16.4597,1.06496,-2.26459
0,62.5,35.564,23.1123,-0.458745,0.595774
0,62.5,20.3104,16.8758,0.0696966,-2.12731
0,62.5,34.5013,22.583,-0.845282,0.67351
0,62.5,19.2039,16.6374,0.26487,-2.37635
0,62.5,34.8566,22.9307,-1.05216,0.818652
0,62.5,19.6331,23.0282,-0.335013,-0.581016
0,62.5,36.1246,23.1415,-0.486202,1.04844
0,62.5,19.3435,16.7644,0.205453,-2.29587
0,62.5,35.0482,23.1293,-0.793269,0.897605
0,62.5,18.5425,21.7806,0.401891,-0.971043
0,62.5,34.6724,23.0729,-0.962191,0.893395
0,62.5,19.9439,23.831,-0.132331,-0.272651
0,62.5,34.351,22.9906,-1.20183,0.63517
0,62.5,18.5108,21.4844,0.227024,-1.18389
0,62.5,34.8492,23.2673,-0.835429,0.819001
0,62.5,19.7705,22.7443,-0.302465,-0.386953
0,62.5,35.5429,23.3273,-0.584576,0.656552
0,62.5,19.6684,22.505,-0.0804491,-0.719491
0,62.5,35.8423,23.3864,-0.610621,0.579603
0,62.5,18.9646,23.6581,-0.00519652,-0.318705
0,62.5,34.9682,23.6057,-0.745462,0.472883
0,62.5,19.6167,21.9872,-0.237291,-0.61796
0,62.5,35.8653,23.6085,-0.869011,0.541985
0,62.5,20.1431,22.3354,-0.351942,-0.19822
0,62.5,35.6047,23.5549,-0.791045,0.663363
0,62.5,18.6535,16.787,0.396863,-2.21765
0,62.5,36.2141,23.8256,-0.374458,0.789747
0,62.5,20.511,20.9199,-0.0521916,-0.672355
0,62.5,36.4171,23.6677,-0.418079,0.592269
0,62.5,19.9164,18.4831,0.22667,-1.69185
0,62.5,36.4463,23.934,-0.00696618,0.583173
0,62.5,18.7624,23.0761,-0.0376469,-0.190109
0,62.5,37.0289,24.0224,0.0227176,0.30224
0,62.5,19.0343,16.637,0.282439,-2.41721
0,62.5,37.3007,24.0849,-0.0443183,0.366549
0,62.5,20.1996,23.8436,-0.126164,-0.123762
0,62.5,37.3493,24.3041,-0.0286515,0.473646
0,62.5,19.5839,23.5389,-0.127365,-0.403884
0,62.5,36.78,24.4109,-0.37509,0.481858
0,62.5,19.0097,21.5894,-0.0217395,-0.779943
0,62.5,37.58,24.3885,0.107905,0.453781
0,62.5,18.8664,17.247,0.377482,-2.08132
0,62.5,37.8061,24.5963,-0.213743,0.152013
0,62.5,18.991,22.4102,0.0321706,-0.787122
0,62.5,37.0728,24.4699,-0.451001,0.365692
0,62.5,18.649,22.6158,-0.0128217,-0.641446
0,62.5,36.6105,24.8063,-0.616124,0.276893
0,62.5,19.8505,18.7655,0.122919,-1.75689
0,62.5,36.1373,25.0169,-0.444458,0.142181
0,62.5,20.077,20.9595,-0.0886375,-0.651849
0,62.5,36.5168,25.1392,-0.314064,0.212091
0,62.5,19.598,22.2514,-0.112545,-0.69394
0,62.5,36.5141,25.4074,-0.446694,0.229783
0,62.5,20.626,17.513,-0.0120475,-1.98013
0,62.5,36.7659,25.5868,-0.29368,0.0752292
0,62.5,20.3271,23.615,-0.140698,-0.126599
0,62.5,36.1962,25.4284,-0.409126,0.0163248
0,62.5,20.5379,23.0599,-0.457308,-0.302709
0,62.5,35.7478,25.2623,-0.447178,-0.0588601
0,62.5,19.9636,25.253,-0.353932,-0.179331
0,62.5,36.4616,25.6099,-0.448328,0.239314
0,62.5,19.1171,25.9987,0.0243143,-0.0620126
0,62.5,35.6415,25.4873,-0.412851,-0.060584
0,62.5,19.7032,25.7444,-0.0525078,-0.0223742
0,62.5,35.9264,25.4889,-0.376286,0.0167892
0,62.5,18.5182,25.7544,-0.176539,0.0357426
0,62.5,36.1902,25.6514,-0.378605,0.0960391
0,62.5,18.9975,25.7438,-0.00136278,-0.0694545
0,62.5,36.3881,25.8483,-0.386603,0.179924
0,62.5,18.2761,25.7551,-0.29114,0.0985793
0,62.5,36.8381,26.0221,-0.123902,-0.0974797
0,62.5,17.8847,26.0056,-0.294571,0.0612089
0,62.5,36.5591,26.0254,-0.256288,0.110638
0,62.5,16.1862,25.9998,0.241576,0.0243841
0,62.5,37.118,26.0259,-0.154489,-0.00653557
0,62.5,7.72679,19.0778,0.664766,1.8947
0,62.5,37.179,22.7666,-0.368117,1.05857
0,62.5,15.6079,17.0468,1.437,-2.01519
0,62.5,37.0076,22.5779,-0.305358,0.935333
0,62.5,6.28354,18.9023,-0.723861,2.58362
0,62.5,35.5391,22.3401,-0.857003,1.27259
0,62.5,15.0699,16.7744,1.31287,-1.76354
0,62.5,33.4962,19.5576,-1.71089,1.38531
0,62.5,12.6181,17.5654,2.06019,-1.80099
0,62.5,35.6701,21.7257,-1.01519,1.30427
0,62.5,15.4174,16.6033,1.2526,-1.84224
0,62.5,34.3956,21.6106,-1.27812,0.945243
0,62.5,16.1778,16.437,1.00512,-2.52221
0,62.5,34.4358,22.3852,-1.27237,0.681703
0,62.5,18.6292,17.1211,0.594876,-2.1048
0,62.5,34.4903,22.0663,-1.21579,0.824211
0,62.5,19.0727,17.093,0.393351,-2.20955
0,62.5,34.7831,22.4656,-0.939056,0.877848
0,62.5,18.8726,16.7263,0.352627,-2.24311
0,62.5,35.0756,22.4093,-0.957795,1.22081
0,62.5,19.9991,22.8035,-0.277757,-0.217845
0,62.5,35.0955,22.8678,-0.927607,1.1017
0,62.5,19.6941,23.8103,-0.0737678,-0.291261
0,62.5,35.3083,23.0124,-0.645446,0.799848
0,62.5,20.2307,22.5844,-0.607123,-0.227286
0,62.5,36.6445,23.1335,-0.703661,0.734972
0,62.5,18.5345,23.5213,0.265173,-0.143804
0,62.5,36.4018,23.2652,-0.598579,0.951683
0,62.5,18.7277,23.6461,0.105371,0.0976939
0,62.5,36.0626,22.9236,-0.706958,1.02373
0,62.5,18.473,23.0854,0.119002,-0.442926
0,62.5,37.0191,23.2011,-0.533123,0.711921
0,62.5,18.6079,23.2869,-0.0484797,-0.152588
0,62.5,36.7541,23.3274,-0.318497,0.556546
0,62.5,19.4799,23.278,-0.18589,-0.481892
0,62.5,35.8636,23.18,-0.571561,0.75526
0,62.5,18.7295,21.5535,0.19684,-1.12444
0,62.5,36.4751,23.4601,-0.0103348,0.774589
0,62.5,18.947,22.9083,-0.145454,-0.452891
0,62.5,35.2825,23.2575,-0.52762,0.710116
0,62.5,18.6707,22.0053,0.184894,-0.510521
0,62.5,36.1444,23.379,-0.622284,0.978871
0,62.5,19.1395,21.1827,0.252293,-0.859721
0,62.5,37.0594,23.4094,0.0939353,0.560408
0,62.5,19.1453,24.2015,0.0708919,-0.111427
0,62.5,36.7695,23.5332,0.104279,0.594619
0,62.5,16.8307,16.0909,0.713329,-2.686
0,62.5,35.3251,23.5075,-0.575631,0.753061
0,62.5,20.0859,22.0899,-0.0587601,-0.365302
0,62.5,36.1486,23.573,-0.432941,0.779267
0,62.5,18.0735,23.488,-0.0725109,0.167878
0,62.5,36.6776,23.7338,-0.500155,0.425776
0,62.5,18.8189,21.7869,-0.03166,-0.818058
0,62.5,36.9349,23.8235,-0.386971,0.520862
0,62.5,2.58382,19.6312,0.0373383,0.893608
0,62.5,36.69,23.9751,-0.0136823,0.607219
0,62.5,18.6615,24.1361,0.181838,0.314824
0,62.5,37.2429,23.8454,-0.0782257,0.399029
0,62.5,19.3239,24.4578,-0.0358354,-0.131807
0,62.5,37.6375,24.1387,-0.41351,0.350925
0,62.5,18.28,23.9967,0.353146,-0.180675
0,62.5,38.0383,24.1734,0.0853571,0.276825
0,62.5,19.2002,23.7361,-0.0110028,-0.300515
0,62.5,37.8241,24.3199,0.020758,0.0958813
0,62.5,19.5853,24.4991,-0.0669915,-0.237832
0,62.5,38.0358,24.4528,-0.220739,0.429877
0,62.5,19.4179,24.2401,-0.0585641,-0.244307
0,62.5,38.0367,24.7216,-0.294802,0.342788
0,62.5,5.47245,19.3893,0.495061,0.841761
0,62.5,37.3444,24.5452,-0.458657,0.157452
0,62.5,19.5401,22.7613,-0.214922,-0.701955
0,62.5,36.8297,24.6394,-0.682331,0.414895
0,62.5,18.7704,22.3624,0.0429037,-0.524429
0,62.5,36.7328,25.0409,-0.389649,0.183331
0,62.5,20.4594,21.6966,-0.129333,-0.627031
0,62.5,36.9025,24.8683,-0.422421,0.307097
0,62.5,19.1393,17.3704,0.370536,-2.22286
0,62.5,36.7496,25.3288,-0.404457,0.349254
0,62.5,19.3567,17.2799,0.384661,-2.03609
0,62.5,37.1491,24.9517,-0.624225,0.406348
0,62.5,20.4309,22.7512,-0.45144,-0.406206
0,62.5,36.9537,25.159,-0.498424,0.453428
0,62.5,20.2432,25.2513,-0.460755,-0.0796916
0,62.5,36.9751,25.434,-0.112669,0.372543
0,62.5,20.6913,20.169,-0.352713,-1.04745
0,62.5,37.1043,25.6408,0.0844479,0.230898
0,62.5,19.8027,25.4865,-0.139284,-0.117562
0,62.5,36.9434,25.8045,-0.312264,-0.0596793
0,62.5,18.3825,26.0052,-0.160663,0.0333929
0,62.5,36.6699,25.7947,-0.352789,0.128752
0,62.5,19.233,25.7418,0.0100065,-0.00450829
0,62.5,37.5063,25.4129,-0.149231,-0.179279
0,62.5,18.7601,25.7486,-0.0596815,0.0454244
0,62.5,37.4113,25.648,0.421471,0.0437021
0,62.5,18.1344,26.0073,-0.310091,-0.0382458
0,62.5,37.7053,25.5915,0.00762455,-0.307514
0,62.5,18.0344,25.7596,-0.423852,0.00848633
0,62.5,37.2634,25.8479,-0.136869,-0.0866101
0,62.5,16.9047,26.0033,-0.241388,-0.0848922
0,62.5,37.4365,26.0327,-0.31823,-0.0863203
0,62.5,12.0902,17.8303,3.04754,-2.2275
0,62.5,35.5555,22.6203,-0.946191,1.02863
0,62.5,13.75,17.2345,1.80318,-1.39434
0,62.5,29.1583,18.0707,-2.55254,0.0873711
0,62.5,15.0094,17.0653,1.58502,-1.82524
0,62.5,36.6602,22.6785,-0.416732,0.78752
0,62.5,15.6172,16.6084,1.21051,-2.06316
0,62.5,35.2205,22.2024,-1.12691,1.1911
0,62.5,16.5325,16.296,1.17436,-2.58661
0,62.5,35.4833,21.8717,-1.07217,1.29213
0,62.5,19.9457,23.3342,-0.256029,-0.166092
0,62.5,34.2806,22.1461,-1.27597,0.657948
0,62.5,19.2983,23.9941,-0.0570315,-0.282514
0,62.5,36.0805,22.6908,-0.176647,1.079
0,62.5,18.5612,23.8869,0.153865,0.264289
0,62.5,35.3404,22.4519,-0.874615,1.14584
0,62.5,18.3931,22.8062,0.258419,-0.162545
0,62.5,34.9147,22.2183,-0.902159,1.16551
0,62.5,18.9459,21.3584,0.208987,-0.917662
0,62.5,35.2985,22.7015,-1.03569,1.12778
0,62.5,18.5664,22.2916,0.0492366,-0.733892
0,62.5,35.7892,22.5083,-0.732828,1.11784
0,62.5,18.8259,23.3901,-0.0275124,-0.191345
0,62.5,37.1703,22.9867,-0.53711,0.891938
0,62.5,19.162,22.9685,-0.210289,-0.538151
0,62.5,35.0357,22.63,-1.08,1.24536
0,62.5,18.8646,22.6779,0.0917365,-0.543487
0,62.5,34.6541,22.2639,-1.12831,0.875996
0,62.5,18.3098,23.4728,-0.0534173,-0.054324
0,62.5,35.7761,22.9599,-0.56237,0.51835
0,62.5,17.5393,16.3327,0.959667,-2.29536
0,62.5,37.4457,22.966,-0.0879037,0.432997
0,62.5,10.9006,17.9056,4.30547,0.733425
0,62.5,37.6935,22.7763,0.162661,0.209015
0,62.5,23.6893,16.949,-1.07664,-3.41546
0,62.5,38.2506,22.6136,0.0154054,0.221779
0,62.5,8.19953,18.7234,1.35805,1.59512
0,62.5,37.6599,23.0548,-0.0774864,0.196182
0,62.5,3.42768,20.1209,0.452368,1.37728
0,62.5,37.3194,23.1919,-0.159522,0.444383
0,62.5,2.36772,20.0036,0.538982,1.82165
0,62.5,37.6034,23.277,-0.0265272,0.237525
0,62.5,3.30503,20.3179,0.796335,2.01235
0,62.5,37.3513,23.401,-0.0701882,0.367883
0,62.5,1.23363,19.9324,-0.515558,-0.146695
0,62.5,37.9053,22.9236,-0.0681497,0.546521
0,62.5,1.63999,21.4437,0.165245,0.115329
0,62.5,37.632,23.4986,0.0421259,0.218123
0,62.5,36.7321,20.0557,-1.03933,1.266
0,62.5,37.0534,23.6261,-0.141939,0.581778
0,62.5,5.03784,19.4056,0.700231,1.22948
0,62.5,37.8816,23.3668,-0.00118662,0.371525
0,62.5,7.6792,18.8381,0.967298,1.64421
0,62.5,37.9198,23.5843,0.0209292,0.370263
0,62.5,6.6852,20.3253,1.3251,0.554991
0,62.5,37.3261,23.6308,-0.0338691,0.367974
0,62.5,1.31691,21.4153,-0.0650513,0.376327
0,62.5,37.5631,23.7234,0.065566,0.132399
0,62.5,1.40537,21.8511,0.232229,0.28949
0,62.5,37.8063,23.781,-0.0276476,0.413073
0,62.5,6.18366,21.581,1.49563,0.606987
0,62.5,37.5153,23.9524,-0.118013,0.155725
0,62.5,3.82028,21.4912,0.586396,1.28846
0,62.5,37.8472,24.0047,-0.341197,0.505553
0,62.5,2.79558,20.142,0.503418,1.93343
0,62.5,38.2738,24.0503,-0.0012515,0.220178
0,62.5,1.23853,21.9815,0.118205,0.132467
0,62.5,38.2667,24.3136,-0.0913182,0.368828
0,62.5,5.1446,21.7369,1.40161,0.835386
0,62.5,38.263,24.5801,-0.12165,0.304833
0,62.5,18.4455,16.4827,0.832884,-2.55148
0,62.5,37.589,24.656,-0.407559,0.264199
0,62.5,2.7929,22.39,0.387577,0.64135
0,62.5,37.1215,24.7,-0.452494,0.235097
0,62.5,2.81851,19.3803,-1.01722,0.495136
0,62.5,37.5983,24.932,-0.67476,-0.0650581
0,62.5,11.9118,17.6017,3.68307,-2.22955
0,62.5,37.3735,24.8075,-0.683076,0.157928
0,62.5,1.26189,22.2239,0.0819483,0.0891381
0,62.5,37.8321,25.1322,-0.0985059,-0.030535
0,62.5,34.7654,22.0064,-1.15679,1.17448
0,62.5,37.3876,25.0819,-0.490385,0.249836
0,62.5,11.023,17.5452,5.5533,-0.997023
0,62.5,37.1882,25.215,-0.448265,0.298056
0,62.5,20.4688,24.3137,-0.21649,0.0363686
0,62.5,37.5991,25.2094,-0.256944,-0.129337
0,62.5,18.348,21.696,0.435673,-0.997357
0,62.5,37.2615,25.4358,0.00151748,0.281772
0,62.5,18.6283,22.8692,0.292322,-0.529057
0,62.5,38.0625,25.2518,0.194584,0.0517899
0,62.5,20.046,25.492,-0.273996,-0.1616
0,62.5,37.8231,25.3963,0.101079,-0.378047
0,62.5,19.467,25.7389,0.0155457,-0.00170401
0,62.5,38.0395,25.5118,-0.108137,0.120858
0,62.5,20.1842,25.7495,-0.300887,-0.0869169
0,62.5,37.8483,25.7781,-0.0423749,-0.484933
0,62.5,17.6388,26.0067,-0.384344,0.00192092
0,62.5,37.5813,25.8303,0.0988287,0.154266
0,62.5,17.1534,26.0032,-0.425854,-0.0176261
0,62.5,37.7429,26.0268,-0.123023,-0.0839266
0,62.5,19.3593,17.5405,0.26418,-2.01924
0,62.5,30.0691,18.3473,-1.61014,0.819014
0,62.5,14.8277,17.1843,1.23479,-2.02427
0,62.5,30.8787,18.7117,-1.17372,0.934969
0,62.5,15.7829,16.5589,1.38659,-2.30203
0,62.5,37.2959,22.5247,-0.293932,1.04379
0,62.5,17.3184,16.2192,0.870878,-2.48195
0,62.5,35.0417,21.9991,-1.09493,1.21201
0,62.5,19.8251,23.5766,-0.180961,-0.305002
0,62.5,36.969,19.6992,-1.5644,0.691784
0,62.5,18.2104,24.3019,0.187069,-0.101888
0,62.5,36.3253,22.7928,-0.504906,1.04713
0,62.5,18.8063,23.8985,0.112055,0.114066
0,62.5,35.8096,22.7465,-0.451641,0.631517
0,62.5,19.2419,23.2316,-0.129933,-0.52851
0,62.5,37.8629,22.4652,-0.0123049,0.345902
0,62.5,19.0931,23.4467,-0.0120353,-0.348451
0,62.5,38.2502,21.7665,0.0617712,0.432876
0,62.5,20.1036,21.8204,-0.20156,-0.39066
0,62.5,38.5171,22.0742,-0.166784,0.354542
0,62.5,16.2472,17.1512,1.13879,-2.23108
0,62.5,35.5017,22.8595,-0.627163,0.846426
0,62.5,18.6233,16.5026,0.485197,-2.44566
0,62.5,38.0932,22.2009,-0.0929456,0.10055
0,62.5,11.8025,17.912,3.07885,-1.08115
0,62.5,37.614,22.514,0.00614266,0.771466
0,62.5,1.63955,20.2515,-0.267836,0.211389
0,62.5,36.3638,23.026,-0.618136,0.979187
0,62.5,2.61756,22.0117,0.595954,0.835845
0,62.5,38.3611,22.263,-0.347584,0.378419
0,62.5,1.95558,22.4538,0.206564,0.244371
0,62.5,37.4553,22.7214,-0.246055,0.745093
0,62.5,6.57862,19.4075,1.52195,0.680419
0,62.5,37.9376,22.6723,0.18865,0.474543
0,62.5,2.80525,19.7837,0.719402,1.81845
0,62.5,38.1417,22.4363,-0.413147,0.16112
0,62.5,4.64205,21.9233,1.12559,0.913096
0,62.5,38.5186,22.4104,0.049563,0.0810119
0,62.5,3.71386,21.6768,0.491923,1.14672
0,62.5,38.4915,22.6611,-0.217113,0.0389402
0,62.5,5.10908,19.6937,0.869156,1.26604
0,62.5,38.4882,22.8828,0.30923,0.327633
0,62.5,1.49239,22.2167,0.232343,0.36365
0,62.5,38.1645,22.8346,0.245281,0.372027
0,62.5,1.9093,21.9726,-0.00867951,0.262319
0,62.5,38.4993,23.1217,-0.0216304,0.388723
0,62.5,4.27972,21.642,0.821692,1.03781
0,62.5,38.2427,23.0247,0.109788,0.309083
0,62.5,6.13806,21.3714,1.49057,0.609971
0,62.5,38.4458,23.3332,0.0240778,0.459102
0,62.5,4.45913,21.4577,1.10334,1.20014
0,62.5,37.9269,23.1485,-0.0453387,0.3853
0,62.5,1.34588,20.4599,-0.108443,-0.320659
0,62.5,38.1648,23.2468,0.179683,0.383592
0,62.5,36.0127,21.7558,-0.812355,1.50407
0,62.5,38.2047,23.4591,-0.0273453,0.309474
0,62.5,2.58247,22.2207,0.20204,0.771532
0,62.5,38.5111,23.5491,0.107698,0.572643
0,62.5,6.41651,20.5168,1.47843,0.598359
0,62.5,38.4022,23.745,-0.294306,0.318353
0,62.5,4.02465,19.4501,0.311152,2.33656
0,62.5,38.1593,23.6832,-0.0704965,0.40642
0,62.5,10.2516,19.3375,1.87157,0.349384
0,62.5,38.0887,23.8998,-0.342022,0.528309
0,62.5,8.49298,19.5074,1.6232,0.544168
0,62.5,38.5073,23.9306,0.000145096,0.317636
0,62.5,32.4486,19.1703,-1.59807,-0.455326
0,62.5,38.5018,24.1928,-0.0605915,0.318412
0,62.5,8.4925,20.1067,1.1272,0.529207
0,62.5,38.5014,24.4453,-0.201126,0.306517
0,62.5,2.69866,21.2323,0.48952,1.18219
0,62.5,38.5024,24.6965,0.0222646,0.263549
0,62.5,6.39263,19.2828,1.05462,1.62743
0,62.5,37.8287,24.874,-0.509615,0.198678
0,62.5,10.1741,18.5281,1.30724,0.675541
0,62.5,38.2846,24.8441,-0.0834419,0.165426
0,62.5,5.14861,20.1192,0.957658,1.21841
0,62.5,38.0669,24.9858,-0.277541,0.100058
0,62.5,37.4572,21.9088,-0.190508,0.9316
0,62.5,38.5182,24.9617,-0.210894,0.303195
0,62.5,27.1432,17.1876,-1.3989,-2.38583
0,62.5,38.5022,25.2383,0.0650413,0.23068
0,62.5,3.80592,20.6184,0.754502,1.39871
0,62.5,38.2974,25.1169,-0.0952229,0.109793
0,62.5,36.3218,22.3812,-0.660754,1.14715
0,62.5,38.512,25.4938,0.0317642,0.138287
0,62.5,31.4721,19.4146,-1.14814,0.447322
0,62.5,38.2746,25.3998,-0.00780948,0.241615
0,62.5,20.7186,20.5101,-0.11022,-1.17688
0,62.5,38.3069,25.6685,-0.0998562,0.131783
0,62.5,19.599,25.9957,0.0166835,-0.0260894
0,62.5,38.5074,25.778,-0.087019,0.210623
0,62.5,20.564,25.9888,-0.422736,-0.0137551
0,62.5,38.2434,26.0016,-0.270946,0.577207
0,62.5,19.8411,26.002,-0.0719374,0.030291
0,62.5,38.0944,25.7488,0.176519,0.231135
0,62.5,19.3582,26.0009,0.0413083,-0.00258637
0,62.5,38.008,25.9986,-0.440606,-0.168626
0,62.5,18.6299,26.0029,-0.067022,-0.0359933
0,62.5,38.4742,26.0081,-0.0586329,-0.0476099
1,62.5,0.75,0.75,0,0
1,62.5,0.75,1,0,0
1,62.5,1.25,26.25,0,0
1,62.5,1.25,26.5,0,0
1,62.5,1,0.75,0,0
1,62.5,1,1,0,0
1,62.5,1.5,26.25,0,0
1,62.5,1.5,26.5,0,0
1,62.5,1.25,0.75,0,0
1,62.5,1.25,1,0,0
1,62.5,1.75,26.25,0,0
1,62.5,1.75,26.5,0,0
1,62.5,1.5,0.75,0,0
1,62.5,1.5,1,0,0
1,62.5,2,26.25,0,0
1,62.5,2,26.5,0,0
1,62.5,1.75,0.75,0,0
1,62.5,1.75,1,0,0
1,62.5,2.25,26.25,0,0
1,62.5,2.25,26.5,0,0
1,62.5,2,0.75,0,0
1,62.5,2,1,0,0
1,62.5,2.5,26.25,0,0
1,62.5,2.5,26.5,0,0
1,62.5,2.25,0.75,0,0
1,62.5,2.25,1,0,0
1,62.5,2.75,26.25,0,0
1,62.5,2.75,26.5,0,0
1,62.5,2.5,0.75,0,0
1,62.5,2.5,1,0,0
1,62.5,3,26.25,0,0
1,62.5,3,26.5,0,0
1,62.5,2.75,0.75,0,0
1,62.5,2.75,1,0,0
1,62.5,3.25,26.25,0,0
1,62.5,3.25,26.5,0,0
1,62.5,3,0.75,0,0
1,62.5,3,1,0,0
1,62.5,3.5,26.25,0,0
1,62.5,3.5,26.5,0,0
1,62.5,3.25,0.75,0,0
1,62.5,3.25,1,0,0
1,62.5,3.75,26.25,0,0
1,62.5,3.75,26.5,0,0
1,62.5,3.5,0.75,0,0
1,62.5,3.5,1,0,0
1,62.5,4,26.25,0,0
1,62.5,4,26.5,0,0
1,62.5,3.75,0.75,0,0
1,62.5,3.75,1,0,0
1,62.5,4.25,26.25,0,0
1,62.5,4.25,26.5,0,0
1,62.5,4,0.75,0,0
1,62.5,4,1,0,0
1,62.5,4.5,26.25,0,0
1,62.5,4.5,26.5,0,0
1,62.5,4.25,0.75,0,0
1,62.5,4.25,1,0,0
1,62.5,4.75,26.25,0,0
1,62.5,4.75,26.5,0,0
1,62.5,4.5,0.75,0,0
1,62.5,4.5,1,0,0
1,62.5,5,26.25,0,0
1,62.5,5,26.5,0,0
1,62.5,4.75,0.75,0,0
1,62.5,4.75,1,0,0
1,62.5,5.25,26.25,0,0
1,62.5,5.25,26.5,0,0
1,62.5,5,0.75,0,0
1,62.5,5,1,0,0
1,62.5,5.5,26.25,0,0
1,62.5,5.5,26.5,0,0
1,62.5,5.25,0.75,0,0
1,62.5,5.25,1,0,0
1,62.5,5.75,26.25,0,0
1,62.5,5.75,26.5,0,0
1,62.5,5.5,0.75,0,0
1,62.5,5.5,1,0,0
1,62.5,6,26.25,0,0
1,62.5,6,26.5,0,0
1,62.5,5.75,0.75,0,0
1,62.5,5.75,1,0,0
1,62.5,6.25,26.25,0,0
1,62.5,6.25,26.5,0,0
1,62.5,6,0.75,0,0
1,62.5,6,1,0,0
1,62.5,6.5,26.25,0,0
1,62.5,6.5,26.5,0,0
1,62.5,6.25,0.75,0,0
1,62.5,6.25,1,0,0
1,62.5,6.75,26.25,0,0
1,62.5,6.75,26.5,0,0
1,62.5,6.5,0.75,0,0
1,62.5,6.5,1,0,0
1,62.5,7,26.25,0,0
1,62.5,7,26.5,0,0
1,62.5,6.75,0.75,0,0
1,62.5,6.75,1,0,0
1,62.5,7.25,26.25,0,0
1,62.5,7.25,26.5,0,0
1,62.5,7,0.75,0,0
1,62.5,7,1,0,0
1,62.5,7.5,26.25,0,0
1,62.5,7.5,26.5,0,0
1,62.5,7.25,0.75,0,0
1,62.5,7.25,1,0,0
1,62.5,7.75,26.25,0,0
1,62.5,7.75,26.5,0,0
1,62.5,7.5,0.75,0,0
1,62.5,7.5,1,0,0
1,62.5,8,26.25,0,0
1,62.5,8,26.5,0,0
1,62.5,7.75,0.75,0,0
1,62.5,7.75,1,0,0
1,62.5,8.25,26.25,0,0
1,62.5,8.25,26.5,0,0
1,62.5,8,0.75,0,0
1,62.5,8,1,0,0
1,62.5,8.5,26.25,0,0
1,62.5,8.5,26.5,0,0
1,62.5,8.25,0.75,0,0
1,62.5,8.25,1,0,0
1,62.5,8.75,26.25,0,0
1,62.5,8.75,26.5,0,0
1,62.5,8.5,0.75,0,0
1,62.5,8.5,1,0,0
1,62.5,9,26.25,0,0
1,62.5,9,26.5,0,0
1,62.5,8.75,0.75,0,0
1,62.5,8.75,1,0,0
1,62.5,9.25,26.25,0,0
1,62.5,9.25,26.5,0,0
1,62.5,9,0.75,0,0
1,62.5,9,1,0,0
1,62.5,9.5,26.25,0,0
1,62.5,9.5,26.5,0,0
1,62.5,9.25,0.75,0,0
1,62.5,9.25,1,0,0
1,62.5,9.75,26.25,0,0
1,62.5,9.75,26.5,0,0
1,62.5,9.5,0.75,0,0
1,62.5,9.5,1,0,0
1,62.5,10,26.25,0,0
1,62.5,10,26.5,0,0
1,62.5,9.75,0.75,0,0
1,62.5,9.75,1,0,0
1,62.5,10.25,26.25,0,0
1,62.5,10.25,26.5,0,0
1,62.5,10,0.75,0,0
1,62.5,10,1,0,0
1,62.5,10.5,26.25,0,0
1,62.5,10.5,26.5,0,0
1,62.5,10.25,0.75,0,0
1,62.5,10.25,1,0,0
1,62.5,10.75,26.25,0,0
1,62.5,10.75,26.5,0,0
1,62.5,10.5,0.75,0,0
1,62.5,10.5,1,0,0
1,62.5,11,26.25,0,0
1,62.5,11,26.5,0,0
1,62.5,10.75,0.75,0,0
1,62.5,10.75,1,0,0
1,62.5,11.25,26.25,0,0
1,62.5,11.25,26.5,0,0
1,62.5,11,0.75,0,0
1,62.5,11,1,0,0
1,62.5,11.5,26.25,0,0
1,62.5,11.5,26.5,0,0
1,62.5,11.25,0.75,0,0
1,62.5,11.25,1,0,0
1,62.5,11.75,26.25,0,0
1,62.5,11.75,26.5,0,0
1,62.5,11.5,0.75,0,0
1,62.5,11.5,1,0,0
1,62.5,12,26.25,0,0
1,62.5,12,26.5,0,0
1,62.5,11.75,0.75,0,0
1,62.5,11.75,1,0,0
1,62.5,12.25,26.25,0,0
1,62.5,12.25,26.5,0,0
1,62.5,12,0.75,0,0
1,62.5,12,1,0,0
1,62.5,12.5,26.25,0,0
1,62.5,12.5,26.5,0,0
1,62.5,12.25,0.75,0,0
1,62.5,12.25,1,0,0
1,62.5,12.75,26.25,0,0
1,62.5,12.75,26.5,0,0
1,62.5,12.5,0.75,0,0
1,62.5,12.5,1,0,0
1,62.5,13,26.25,0,0
1,62.5,13,26.5,0,0
1,62.5,12.75,0.75,0,0
1,62.5,12.75,1,0,0
1,62.5,13.25,26.25,0,0
1,62.5,13.25,26.5,0,0
1,62.5,13,0.75,0,0
1,62.5,13,1,0,0
1,62.5,13.5,26.25,0,0
1,62.5,13.5,26.5,0,0
1,62.5,13.25,0.75,0,0
1,62.5,13.25,1,0,0
1,62.5,13.75,26.25,0,0
1,62.5,13.75,26.5,0,0
1,62.5,13.5,0.75,0,0
1,62.5,13.5,1,0,0
1,62.5,14,26.25,0,0
1,62.5,14,26.5,0,0
1,62.5,13.75,0.75,0,0
1,62.5,13.75,1,0,0
1,62.5,14.25,26.25,0,0
1,62.5,14.25,26.5,0,0
1,62.5,14,0.75,0,0
1,62.5,14,1,0,0
1,62.5,14.5,26.25,0,0
1,62.5,14.5,26.5,0,0
1,62.5,14.25,0.75,0,0
1,62.5,14.25,1,0,0
1,62.5,14.75,26.25,0,0
1,62.5,14.75,26.5,0,0
1,62.5,14.5,0.75,0,0
1,62.5,14.5,1,0,0
1,62.5,15,26.25,0,0
1,62.5,15,26.5,0,0
1,62.5,14.75,0.75,0,0
1,62.5,14.75,1,0,0
1,62.5,15.25,26.25,0,0
1,62.5,15.25,26.5,0,0
1,62.5,15,0.75,0,0
1,62.5,15,1,0,0
1,62.5,15.5,26.25,0,0
1,62.5,15.5,26.5,0,0
1,62.5,15.25,0.75,0,0
1,62.5,15.25,1,0,0
1,62.5,15.75,26.25,0,0
1,62.5,15.75,26.5,0,0
1,62.5,15.5,0.75,0,0
1,62.5,15.5,1,0,0
1,62.5,16,26.25,0,0
1,62.5,16,26.5,0,0
1,62.5,15.75,0.75,0,0
1,62.5,15.75,1,0,0
1,62.5,16.25,26.25,0,0
1,62.5,16.25,26.5,0,0
1,62.5,16,0.75,0,0
1,62.5,16,1,0,0
1,62.5,16.5,26.25,0,0
1,62.5,16.5,26.5,0,0
1,62.5,16.25,0.75,0,0
1,62.5,16.25,1,0,0
1,62.5,16.75,26.25,0,0
1,62.5,16.75,26.5,0,0
1,62.5,16.5,0.75,0,0
1,62.5,16.5,1,0,0
1,62.5,17,26.25,0,0
1,62.5,17,26.5,0,0
1,62.5,16.75,0.75,0,0
1,62.5,16.75,1,0,0
1,62.5,17.25,26.25,0,0
1,62.5,17.25,26.5,0,0
1,62.5,17,0.75,0,0
1,62.5,17,1,0,0
1,62.5,17.5,26.25,0,0
1,62.5,17.5,26.5,0,0
1,62.5,17.25,0.75,0,0
1,62.5,17.25,1,0,0
1,62.5,17.75,26.25,0,0
1,62.5,17.75,26.5,0,0
1,62.5,17.5,0.75,0,0
1,62.5,17.5,1,0,0
1,62.5,18,26.25,0,0
1,62.5,18,26.5,0,0
1,62.5,17.75,0.75,0,0
1,62.5,17.75,1,0,0
1,62.5,18.25,26.25,0,0
1,62.5,18.25,26.5,0,0
1,62.5,18,0.75,0,0
1,62.5,18,1,0,0
1,62.5,18.5,26.25,0,0
1,62.5,18.5,26.5,0,0
1,62.5,18.25,0.75,0,0
1,62.5,18.25,1,0,0
1,62.5,18.75,26.25,0,0
1,62.5,18.75,26.5,0,0
1,62.5,18.5,0.75,0,0
1,62.5,18.5,1,0,0
1,62.5,19,26.25,0,0
1,62.5,19,26.5,0,0
1,62.5,18.75,0.75,0,0
1,62.5,18.75,1,0,0
1,62.5,19.25,26.25,0,0
1,62.5,19.25,26.5,0,0
1,62.5,19,0.75,0,0
1,62.5,19,1,0,0
1,62.5,19.5,26.25,0,0
1,62.5,19.5,26.5,0,0
1,62.5,19.25,0.75,0,0
1,62.5,19.25,1,0,0
1,62.5,19.75,26.25,0,0
1,62.5,19.75,26.5,0,0
1,62.5,19.5,0.75,0,0
1,62.5,19.5,1,0,0
1,62.5,20,26.25,0,0
1,62.5,20,26.5,0,0
1,62.5,19.75,0.75,0,0
1,62.5,19.75,1,0,0
1,62.5,20.25,26.25,0,0
1,62.5,20.25,26.5,0,0
1,62.5,20,0.75,0,0
1,62.5,20,1,0,0
1,62.5,20.5,26.25,0,0
1,62.5,20.5,26.5,0,0
1,62.5,20.25,0.75,0,0
1,62.5,20.25,1,0,0
1,62.5,20.75,26.25,0,0
1,62.5,20.75,26.5,0,0
1,62.5,20.5,0.75,0,0
1,62.5,20.5,1,0,0
1,62.5,21,26.25,0,0
1,62.5,21,26.5,0,0
1,62.5,20.75,0.75,0,0
1,62.5,20.75,1,0,0
1,62.5,21.25,26.25,0,0
1,62.5,21.25,26.5,0,0
1,62.5,21,0.75,0,0
1,62.5,21,1,0,0
1,62.5,21.5,26.25,0,0
1,62.5,21.5,26.5,0,0
1,62.5,21.25,0.75,0,0
1,62.5,21.25,1,0,0
1,62.5,21.75,26.25,0,0
1,62.5,21.75,26.5,0,0
1,62.5,21.5,0.75,0,0
1,62.5,21.5,1,0,0
1,62.5,22,26.25,0,0
1,62.5,22,26.5,0,0
1,62.5,21.75,0.75,0,0
1,62.5,21.75,1,0,0
1,62.5,22.25,26.25,0,0
1,62.5,22.25,26.5,0,0
1,62.5,22,0.75,0,0
1,62.5,22,1,0,0
1,62.5,22.5,26.25,0,0
1,62.5,22.5,26.5,0,0
1,62.5,22.25,0.75,0,0
1,62.5,22.25,1,0,0
1,62.5,22.75,26.25,0,0
1,62.5,22.75,26.5,0,0
1,62.5,22.5,0.75,0,0
1,62.5,22.5,1,0,0
1,62.5,23,26.25,0,0
1,62.5,23,26.5,0,0
1,62.5,22.75,0.75,0,0
1,62.5,22.75,1,0,0
1,62.5,23.25,26.25,0,0
1,62.5,23.25,26.5,0,0
1,62.5,23,0.75,0,0
1,62.5,23,1,0,0
1,62.5,23.5,26.25,0,0
1,62.5,23.5,26.5,0,0
1,62.5,23.25,0.75,0,0
1,62.5,23.25,1,0,0
1,62.5,23.75,26.25,0,0
1,62.5,23.75,26.5,0,0
1,62.5,23.5,0.75,0,0
1,62.5,23.5,1,0,0
1,62.5,24,26.25,0,0
1,62.5,24,26.5,0,0
1,62.5,23.75,0.75,0,0
1,62.5,23.75,1,0,0
1,62.5,24.25,26.25,0,0
1,62.5,24.25,26.5,0,0
1,62.5,24,0.75,0,0
1,62.5,24,1,0,0
1,62.5,24.5,26.25,0,0
1,62.5,24.5,26.5,0,0
1,62.5,24.25,0.75,0,0
1,62.5,24.25,1,0,0
1,62.5,24.75,26.25,0,0
1,62.5,24.75,26.5,0,0
1,62.5,24.5,0.75,0,0
1,62.5,24.5,1,0,0
1,62.5,25,26.25,0,0
1,62.5,25,26.5,0,0
1,62.5,24.75,0.75,0,0
1,62.5,24.75,1,0,0
1,62.5,25.25,26.25,0,0
1,62.5,25.25,26.5,0,0
1,62.5,25,0.75,0,0
1,62.5,25,1,0,0
1,62.5,25.5,26.25,0,0
1,62.5,25.5,26.5,0,0
1,62.5,25.25,0.75,0,0
1,62.5,25.25,1,0,0
1,62.5,25.75,26.25,0,0
1,62.5,25.75,26.5,0,0
1,62.5,25.5,0.75,0,0
1,62.5,25.5,1,0,0
1,62.5,26,26.25,0,0
1,62.5,26,26.5,0,0
1,62.5,25.75,0.75,0,0
1,62.5,25.75,1,0,0
1,62.5,26.25,26.25,0,0
1,62.5,26.25,26.5,0,0
1,62.5,26,0.75,0,0
1,62.5,26,1,0,0
1,62.5,26.5,26.25,0,0
1,62.5,26.5,26.5,0,0
1,62.5,26.25,0.75,0,0
1,62.5,26.25,1,0,0
1,62.5,26.75,26.25,0,0
1,62.5,26.75,26.5,0,0
1,62.5,26.5,0.75,0,0
1,62.5,26.5,1,0,0
1,62.5,27,26.25,0,0
1,62.5,27,26.5,0,0
1,62.5,26.75,0.75,0,0
1,62.5,26.75,1,0,0
1,62.5,27.25,26.25,0,0
1,62.5,27.25,26.5,0,0
1,62.5,27,0.75,0,0
1,62.5,27,1,0,0
1,62.5,27.5,26.25,0,0
1,62.5,27.5,26.5,0,0
1,62.5,27.25,0.75,0,0
1,62.5,27.25,1,0,0
1,62.5,27.75,26.25,0,0
1,62.5,27.75,26.5,0,0
1,62.5,27.5,0.75,0,0
1,62.5,27.5,1,0,0
1,62.5,28,26.25,0,0
1,62.5,28,26.5,0,0
1,62.5,27.75,0.75,0,0
1,62.5,27.75,1,0,0
1,62.5,28.25,26.25,0,0
1,62.5,28.25,26.5,0,0
1,62.5,28,0.75,0,0
1,62.5,28,1,0,0
1,62.5,28.5,26.25,0,0
1,62.5,28.5,26.5,0,0
1,62.5,28.25,0.75,0,0
1,62.5,28.25,1,0,0
1,62.5,28.75,26.25,0,0
1,62.5,28.75,26.5,0,0
1,62.5,28.5,0.75,0,0
1,62.5,28.5,1,0,0
1,62.5,29,26.25,0,0
1,62.5,29,26.5,0,0
1,62.5,28.75,0.75,0,0
1,62.5,28.75,1,0,0
1,62.5,29.25,26.25,0,0
1,62.5,29.25,26.5,0,0
1,62.5,29,0.75,0,0
1,62.5,29,1,0,0
1,62.5,29.5,26.25,0,0
1,62.5,29.5,26.5,0,0
1,62.5,29.25,0.75,0,0
1,62.5,29.25,1,0,0
1,62.5,29.75,26.25,0,0
1,62.5,29.75,26.5,0,0
1,62.5,29.5,0.75,0,0
1,62.5,29.5,1,0,0
1,62.5,30,26.25,0,0
1,62.5,30,26.5,0,0
1,62.5,29.75,0.75,0,0
1,62.5,29.75,1,0,0
1,62.5,30.25,26.25,0,0
1,62.5,30.25,26.5,0,0
1,62.5,30,0.75,0,0
1,62.5,30,1,0,0
1,62.5,30.5,26.25,0,0
1,62.5,30.5,26.5,0,0
1,62.5,30.25,0.75,0,0
1,62.5,30.25,1,0,0
1,62.5,30.75,26.25,0,0
1,62.5,30.75,26.5,0,0
1,62.5,30.5,0.75,0,0
1,62.5,30.5,1,0,0
1,62.5,31,26.25,0,0
1,62.5,31,26.5,0,0
1,62.5,30.75,0.75,0,0
1,62.5,30.75,1,0,0
1,62.5,31.25,26.25,0,0
1,62.5,31.25,26.5,0,0
1,62.5,31,0.75,0,0
1,62.5,31,1,0,0
1,62.5,31.5,26.25,0,0
1,62.5,31.5,26.5,0,0
1,62.5,31.25,0.75,0,0
1,62.5,31.25,1,0,0
1,62.5,31.75,26.25,0,0
1,62.5,31.75,26.5,0,0
1,62.5,31.5,0.75,0,0
1,62.5,31.5,1,0,0
1,62.5,32,26.25,0,0
1,62.5,32,26.5,0,0
1,62.5,31.75,0.75,0,0
1,62.5,31.75,1,0,0
1,62.5,32.25,26.25,0,0
1,62.5,32.25,26.5,0,0
1,62.5,32,0.75,0,0
1,62.5,32,1,0,0
1,62.5,32.5,26.25,0,0
1,62.5,32.5,26.5,0,0
1,62.5,32.25,0.75,0,0
1,62.5,32.25,1,0,0
1,62.5,32.75,26.25,0,0
1,62.5,32.75,26.5,0,0
1,62.5,32.5,0.75,0,0
1,62.5,32.5,1,0,0
1,62.5,33,26.25,0,0
1,62.5,33,26.5,0,0
1,62.5,32.75,0.75,0,0
1,62.5,32.75,1,0,0
1,62.5,33.25,26.25,0,0
1,62.5,33.25,26.5,0,0
1,62.5,33,0.75,0,0
1,62.5,33,1,0,0
1,62.5,33.5,26.25,0,0
1,62.5,33.5,26.5,0,0
1,62.5,33.25,0.75,0,0
1,62.5,33.25,1,0,0
1,62.5,33.75,26.25,0,0
1,62.5,33.75,26.5,0,0
1,62.5,33.5,0.75,0,0
1,62.5,33.5,1,0,0
1,62.5,34,26.25,0,0
1,62.5,34,26.5,0,0
1,62.5,33.75,0.75,0,0
1,62.5,33.75,1,0,0
1,62.5,34.25,26.25,0,0
1,62.5,34.25,26.5,0,0
1,62.5,34,0.75,0,0
1,62.5,34,1,0,0
1,62.5,34.5,26.25,0,0
1,62.5,34.5,26.5,0,0
1,62.5,34.25,0.75,0,0
1,62.5,34.25,1,0,0
1,62.5,34.75,26.25,0,0
1,62.5,34.75,26.5,0,0
1,62.5,34.5,0.75,0,0
1,62.5,34.5,1,0,0
1,62.5,35,26.25,0,0
1,62.5,35,26.5,0,0
1,62.5,34.75,0.75,0,0
1,62.5,34.75,1,0,0
1,62.5,35.25,26.25,0,0
1,62.5,35.25,26.5,0,0
1,62.5,35,0.75,0,0
1,62.5,35,1,0,0
1,62.5,35.5,26.25,0,0
1,62.5,35.5,26.5,0,0
1,62.5,35.25,0.75,0,0
1,62.5,35.25,1,0,0
1,62.5,35.75,26.25,0,0
1,62.5,35.75,26.5,0,0
1,62.5,35.5,0.75,0,0
1,62.5,35.5,1,0,0
1,62.5,36,26.25,0,0
1,62.5,36,26.5,0,0
1,62.5,35.75,0.75,0,0
1,62.5,35.75,1,0,0
1,62.5,36.25,26.25,0,0
1,62.5,36.25,26.5,0,0
1,62.5,36,0.75,0,0
1,62.5,36,1,0,0
1,62.5,36.5,26.25,0,0
1,62.5,36.5,26.5,0,0
1,62.5,36.25,0.75,0,0
1,62.5,36.25,1,0,0
1,62.5,36.75,26.25,0,0
1,62.5,36.75,26.5,0,0
1,62.5,36.5,0.75,0,0
1,62.5,36.5,1,0,0
1,62.5,37,26.25,0,0
1,62.5,37,26.5,0,0
1,62.5,36.75,0.75,0,0
1,62.5,36.75,1,0,0
1,62.5,37.25,26.25,0,0
1,62.5,37.25,26.5,0,0
1,62.5,37,0.75,0,0
1,62.5,37,1,0,0
1,62.5,37.5,26.25,0,0
1,62.5,37.5,26.5,0,0
1,62.5,37.25,0.75,0,0
1,62.5,37.25,1,0,0
1,62.5,37.75,26.25,0,0
1,62.5,37.75,26.5,0,0
1,62.5,37.5,0.75,0,0
1,62.5,37.5,1,0,0
1,62.5,38,26.25,0,0
1,62.5,38,26.5,0,0
1,62.5,37.75,0.75,0,0
1,62.5,37.75,1,0,0
1,62.5,38.25,26.25,0,0
1,62.5,38.25,26.5,0,0
1,62.5,38,0.75,0,0
1,62.5,38,1,0,0
1,62.5,38.5,26.25,0,0
1,62.5,38.5,26.5,0,0
1,62.5,38.25,0.75,0,0
1,62.5,38.25,1,0,0
1,62.5,38.75,26.25,0,0
1,62.5,38.75,26.5,0,0
1,62.5,38.5,0.75,0,0
1,62.5,38.5,1,0,0
1,62.5,39,26.25,0,0
1,62.5,39,26.5,0,0
1,62.5,38.75,0.75,0,0
1,62.5,39,0.75,0,0
1,62.5,0.75,1.25,0,0
1,62.5,1,1.25,0,0
1,62.5,38.75,1,0,0
1,62.5,39,1,0,0
1,62.5,0.75,1.5,0,0
1,62.5,1,1.5,0,0
1,62.5,38.75,1.25,0,0
1,62.5,39,1.25,0,0
1,62.5,0.75,1.75,0,0
1,62.5,1,1.75,0,0
1,62.5,38.75,1.5,0,0
1,62.5,39,1.5,0,0
1,62.5,0.75,2,0,0
1,62.5,1,2,0,0
1,62.5,38.75,1.75,0,0
1,62.5,39,1.75,0,0
1,62.5,0.75,2.25,0,0
1,62.5,1,2.25,0,0
1,62.5,38.75,2,0,0
1,62.5,39,2,0,0
1,62.5,0.75,2.5,0,0
1,62.5,1,2.5,0,0
1,62.5,38.75,2.25,0,0
1,62.5,39,2.25,0,0
1,62.5,0.75,2.75,0,0
1,62.5,1,2.75,0,0
1,62.5,38.75,2.5,0,0
1,62.5,39,2.5,0,0
1,62.5,0.75,3,0,0
1,62.5,1,3,0,0
1,62.5,38.75,2.75,0,0
1,62.5,39,2.75,0,0
1,62.5,0.75,3.25,0,0
1,62.5,1,3.25,0,0
1,62.5,38.75,3,0,0
1,62.5,39,3,0,0
1,62.5,0.75,3.5,0,0
1,62.5,1,3.5,0,0
1,62.5,38.75,3.25,0,0
1,62.5,39,3.25,0,0
1,62.5,0.75,3.75,0,0
1,62.5,1,3.75,0,0
1,62.5,38.75,3.5,0,0
1,62.5,39,3.5,0,0
1,62.5,0.75,4,0,0
1,62.5,1,4,0,0
1,62.5,38.75,3.75,0,0
1,62.5,39,3.75,0,0
1,62.5,0.75,4.25,0,0
1,62.5,1,4.25,0,0
1,62.5,38.75,4,0,0
1,62.5,39,4,0,0
1,62.5,0.75,4.5,0,0
1,62.5,1,4.5,0,0
1,62.5,38.75,4.25,0,0
1,62.5,39,4.25,0,0
1,62.5,0.75,4.75,0,0
1,62.5,1,4.75,0,0
1,62.5,38.75,4.5,0,0
1,62.5,39,4.5,0,0
1,62.5,0.75,5,0,0
1,62.5,1,5,0,0
1,62.5,38.75,4.75,0,0
1,62.5,39,4.75,0,0
1,62.5,0.75,5.25,0,0
1,62.5,1,5.25,0,0
1,62.5,38.75,5,0,0
1,62.5,39,5,0,0
1,62.5,0.75,5.5,0,0
1,62.5,1,5.5,0,0
1,62.5,38.75,5.25,0,0
1,62.5,39,5.25,0,0
1,62.5,0.75,5.75,0,0
1,62.5,1,5.75,0,0
1,62.5,38.75,5.5,0,0
1,62.5,39,5.5,0,0
1,62.5,0.75,6,0,0
1,62.5,1,6,0,0
1,62.5,38.75,5.75,0,0
1,62.5,39,5.75,0,0
1,62.5,0.75,6.25,0,0
1,62.5,1,6.25,0,0
1,62.5,38.75,6,0,0
1,62.5,39,6,0,0
1,62.5,0.75,6.5,0,0
1,62.5,1,6.5,0,0
1,62.5,38.75,6.25,0,0
1,62.5,39,6.25,0,0
1,62.5,0.75,6.75,0,0
1,62.5,1,6.75,0,0
1,62.5,38.75,6.5,0,0
1,62.5,39,6.5,0,0
1,62.5,0.75,7,0,0
1,62.5,1,7,0,0
1,62.5,38.75,6.75,0,0
1,62.5,39,6.75,0,0
1,62.5,0.75,7.25,0,0
1,62.5,1,7.25,0,0
1,62.5,38.75,7,0,0
1,62.5,39,7,0,0
1,62.5,0.75,7.5,0,0
1,62.5,1,7.5,0,0
1,62.5,38.75,7.25,0,0
1,62.5,39,7.25,0,0
1,62.5,0.75,7.75,0,0
1,62.5,1,7.75,0,0
1,62.5,38.75,7.5,0,0
1,62.5,39,7.5,0,0
1,62.5,0.75,8,0,0
1,62.5,1,8,0,0
1,62.5,38.75,7.75,0,0
1,62.5,39,7.75,0,0
1,62.5,0.75,8.25,0,0
1,62.5,1,8.25,0,0
1,62.5,38.75,8,0,0
1,62.5,39,8,0,0
1,62.5,0.75,8.5,0,0
1,62.5,1,8.5,0,0
1,62.5,38.75,8.25,0,0
1,62.5,39,8.25,0,0
1,62.5,0.75,8.75,0,0
1,62.5,1,8.75,0,0
1,62.5,38.75,8.5,0,0
1,62.5,39,8.5,0,0
1,62.5,0.75,9,0,0
1,62.5,1,9,0,0
1,62.5,38.75,8.75,0,0
1,62.5,39,8.75,0,0
1,62.5,0.75,9.25,0,0
1,62.5,1,9.25,0,0
1,62.5,38.75,9,0,0
1,62.5,39,9,0,0
1,62.5,0.75,9.5,0,0
1,62.5,1,9.5,0,0
1,62.5,38.75,9.25,0,0
1,62.5,39,9.25,0,0
1,62.5,0.75,9.75,0,0
1,62.5,1,9.75,0,0
1,62.5,38.75,9.5,0,0
1,62.5,39,9.5,0,0
1,62.5,0.75,10,0,0
1,62.5,1,10,0,0
1,62.5,38.75,9.75,0,0
1,62.5,39,9.75,0,0
1,62.5,0.75,10.25,0,0
1,62.5,1,10.25,0,0
1,62.5,38.75,10,0,0
1,62.5,39,10,0,0
1,62.5,0.75,10.5,0,0
1,62.5,1,10.5,0,0
1,62.5,38.75,10.25,0,0
1,62.5,39,10.25,0,0
1,62.5,0.75,10.75,0,0
1,62.5,1,10.75,0,0
1,62.5,38.75,10.5,0,0
1,62.5,39,10.5,0,0
1,62.5,0.75,11,0,0
1,62.5,1,11,0,0
1,62.5,38.75,10.75,0,0
1,62.5,39,10.75,0,0
1,62.5,0.75,11.25,0,0
1,62.5,1,11.25,0,0
1,62.5,38.75,11,0,0
1,62.5,39,11,0,0
1,62.5,0.75,11.5,0,0
1,62.5,1,11.5,0,0
1,62.5,38.75,11.25,0,0
1,62.5,39,11.25,0,0
1,62.5,0.75,11.75,0,0
1,62.5,1,11.75,0,0
1,62.5,38.75,11.5,0,0
1,62.5,39,11.5,0,0
1,62.5,0.75,12,0,0
1,62.5,1,12,0,0
1,62.5,38.75,11.75,0,0
1,62.5,39,11.75,0,0
1,62.5,0.75,12.25,0,0
1,62.5,1,12.25,0,0
1,62.5,38.75,12,0,0
1,62.5,39,12,0,0
1,62.5,0.75,12.5,0,0
1,62.5,1,12.5,0,0
1,62.5,38.75,12.25,0,0
1,62.5,39,12.25,0,0
1,62.5,0.75,12.75,0,0
1,62.5,1,12.75,0,0
1,62.5,38.75,12.5,0,0
1,62.5,39,12.5,0,0
1,62.5,0.75,13,0,0
1,62.5,1,13,0,0
1,62.5,38.75,12.75,0,0
1,62.5,39,12.75,0,0
1,62.5,0.75,13.25,0,0
1,62.5,1,13.25,0,0
1,62.5,38.75,13,0,0
1,62.5,39,13,0,0
1,62.5,0.75,13.5,0,0
1,62.5,1,13.5,0,0
1,62.5,38.75,13.25,0,0
1,62.5,39,13.25,0,0
1,62.5,0.75,13.75,0,0
1,62.5,1,13.75,0,0
1,62.5,38.75,13.5,0,0
1,62.5,39,13.5,0,0
1,62.5,0.75,14,0,0
1,62.5,1,14,0,0
1,62.5,38.75,13.75,0,0
1,62.5,39,13.75,0,0
1,62.5,0.75,14.25,0,0
1,62.5,1,14.25,0,0
1,62.5,38.75,14,0,0
1,62.5,39,14,0,0
1,62.5,0.75,14.5,0,0
1,62.5,1,14.5,0,0
1,62.5,38.75,14.25,0,0
1,62.5,39,14.25,0,0
1,62.5,0.75,14.75,0,0
1,62.5,1,14.75,0,0
1,62.5,38.75,14.5,0,0
1,62.5,39,14.5,0,0
1,62.5,0.75,15,0,0
1,62.5,1,15,0,0
1,62.5,38.75,14.75,0,0
1,62.5,39,14.75,0,0
1,62.5,0.75,15.25,0,0
1,62.5,1,15.25,0,0
1,62.5,38.75,15,0,0
1,62.5,39,15,0,0
1,62.5,0.75,15.5,0,0
1,62.5,1,15.5,0,0
1,62.5,38.75,15.25,0,0
1,62.5,39,15.25,0,0
1,62.5,0.75,15.75,0,0
1,62.5,1,15.75,0,0
1,62.5,38.75,15.5,0,0
1,62.5,39,15.5,0,0
1,62.5,0.75,16,0,0
1,62.5,1,16,0,0
1,62.5,38.75,15.75,0,0
1,62.5,39,15.75,0,0
1,62.5,0.75,16.25,0,0
1,62.5,1,16.25,0,0
1,62.5,38.75,16,0,0
1,62.5,39,16,0,0
1,62.5,0.75,16.5,0,0
1,62.5,1,16.5,0,0
1,62.5,38.75,16.25,0,0
1,62.5,39,16.25,0,0
1,62.5,0.75,16.75,0,0
1,62.5,1,16.75,0,0
1,62.5,38.75,16.5,0,0
1,62.5,39,16.5,0,0
1,62.5,0.75,17,0,0
1,62.5,1,17,0,0
1,62.5,38.75,16.75,0,0
1,62.5,39,16.75,0,0
1,62.5,0.75,17.25,0,0
1,62.5,1,17.25,0,0
1,62.5,38.75,17,0,0
1,62.5,39,17,0,0
1,62.5,0.75,17.5,0,0
1,62.5,1,17.5,0,0
1,62.5,38.75,17.25,0,0
1,62.5,39,17.25,0,0
1,62.5,0.75,17.75,0,0
1,62.5,1,17.75,0,0
1,62.5,38.75,17.5,0,0
1,62.5,39,17.5,0,0
1,62.5,0.75,18,0,0
1,62.5,1,18,0,0
1,62.5,38.75,17.75,0,0
1,62.5,39,17.75,0,0
1,62.5,0.75,18.25,0,0
1,62.5,1,18.25,0,0
1,62.5,38.75,18,0,0
1,62.5,39,18,0,0
1,62.5,0.75,18.5,0,0
1,62.5,1,18.5,0,0
1,62.5,38.75,18.25,0,0
1,62.5,39,18.25,0,0
1,62.5,0.75,18.75,0,0
1,62.5,1,18.75,0,0
1,62.5,38.75,18.5,0,0
1,62.5,39,18.5,0,0
1,62.5,0.75,19,0,0
1,62.5,1,19,0,0
1,62.5,38.75,18.75,0,0
1,62.5,39,18.75,0,0
1,62.5,0.75,19.25,0,0
1,62.5,1,19.25,0,0
1,62.5,38.75,19,0,0
1,62.5,39,19,0,0
1,62.5,0.75,19.5,0,0
1,62.5,1,19.5,0,0
1,62.5,38.75,19.25,0,0
1,62.5,39,19.25,0,0
1,62.5,0.75,19.75,0,0
1,62.5,1,19.75,0,0
1,62.5,38.75,19.5,0,0
1,62.5,39,19.5,0,0
1,62.5,0.75,20,0,0
1,62.5,1,20,0,0
1,62.5,38.75,19.75,0,0
1,62.5,39,19.75,0,0
1,62.5,0.75,20.25,0,0
1,62.5,1,20.25,0,0
1,62.5,38.75,20,0,0
1,62.5,39,20,0,0
1,62.5,0.75,20.5,0,0
1,62.5,1,20.5,0,0
1,62.5,38.75,20.25,0,0
1,62.5,39,20.25,0,0
1,62.5,0.75,20.75,0,0
1,62.5,1,20.75,0,0
1,62.5,38.75,20.5,0,0
1,62.5,39,20.5,0,0
1,62.5,0.75,21,0,0
1,62.5,1,21,0,0
1,62.5,38.75,20.75,0,0
1,62.5,39,20.75,0,0
1,62.5,0.75,21.25,0,0
1,62.5,1,21.25,0,0
1,62.5,38.75,21,0,0
1,62.5,39,21,0,0
1,62.5,0.75,21.5,0,0
1,62.5,1,21.5,0,0
1,62.5,38.75,21.25,0,0
1,62.5,39,21.25,0,0
1,62.5,0.75,21.75,0,0
1,62.5,1,21.75,0,0
1,62.5,38.75,21.5,0,0
1,62.5,39,21.5,0,0
1,62.5,0.75,22,0,0
1,62.5,1,22,0,0
1,62.5,38.75,21.75,0,0
1,62.5,39,21.75,0,0
1,62.5,0.75,22.25,0,0
1,62.5,1,22.25,0,0
1,62.5,38.75,22,0,0
1,62.5,39,22,0,0
1,62.5,0.75,22.5,0,0
1,62.5,1,22.5,0,0
1,62.5,38.75,22.25,0,0
1,62.5,39,22.25,0,0
1,62.5,0.75,22.75,0,0
1,62.5,1,22.75,0,0
1,62.5,38.75,22.5,0,0
1,62.5,39,22.5,0,0
1,62.5,0.75,23,0,0
1,62.5,1,23,0,0
1,62.5,38.75,22.75,0,0
1,62.5,39,22.75,0,0
1,62.5,0.75,23.25,0,0
1,62.5,1,23.25,0,0
1,62.5,38.75,23,0,0
1,62.5,39,23,0,0
1,62.5,0.75,23.5,0,0
1,62.5,1,23.5,0,0
1,62.5,38.75,23.25,0,0
1,62.5,39,23.25,0,0
1,62.5,0.75,23.75,0,0
1,62.5,1,23.75,0,0
1,62.5,38.75,23.5,0,0
1,62.5,39,23.5,0,0
1,62.5,0.75,24,0,0
1,62.5,1,24,0,0
1,62.5,38.75,23.75,0,0
1,62.5,39,23.75,0,0
1,62.5,0.75,24.25,0,0
1,62.5,1,24.25,0,0
1,62.5,38.75,24,0,0
1,62.5,39,24,0,0
1,62.5,0.75,24.5,0,0
1,62.5,1,24.5,0,0
1,62.5,38.75,24.25,0,0
1,62.5,39,24.25,0,0
1,62.5,0.75,24.75,0,0
1,62.5,1,24.75,0,0
1,62.5,38.75,24.5,0,0
1,62.5,39,24.5,0,0
1,62.5,0.75,25,0,0
1,62.5,1,25,0,0
1,62.5,38.75,24.75,0,0
1,62.5,39,24.75,0,0
1,62.5,0.75,25.25,0,0
1,62.5,1,25.25,0,0
1,62.5,38.75,25,0,0
1,62.5,39,25,0,0
1,62.5,0.75,25.5,0,0
1,62.5,1,25.5,0,0
1,62.5,38.75,25.25,0,0
1,62.5,39,25.25,0,0
1,62.5,0.75,25.75,0,0
1,62.5,1,25.75,0,0
1,62.5,38.75,25.5,0,0
1,62.5,39,25.5,0,0
1,62.5,0.75,26,0,0
1,62.5,1,26,0,0
1,62.5,38.75,25.75,0,0
1,62.5,39,25.75,0,0
1,62.5,0.75,26.25,0,0
1,62.5,1,26.25,0,0
1,62.5,38.75,26,0,0
1,62.5,39,26,0,0
1,62.5,0.75,26.5,0,0
1,62.5,1,26.5,0,0
