3314 2 0.5 5e+06 0.3 0 2 0 0.001 0 9.81 55 55
0,250,2.47573,31.4523,0.0200569,3.90429
0,250,2.76566,31.6531,0.977906,2.55686
0,250,2.61189,32.0698,0.418033,3.16959
0,250,2.61579,32.5781,-0.191883,1.98533
0,250,2.5829,33.0231,1.06919,2.63585
0,250,2.50681,33.5011,-0.911643,2.06903
0,250,2.55303,33.9729,0.441007,1.58327
0,250,2.47767,34.4293,0.622135,1.69288
0,250,2.53712,34.918,-0.522628,2.51063
0,250,2.49007,35.3743,0.194552,2.16413
0,250,2.51007,35.8541,-0.335022,2.65967
0,250,2.50926,36.3155,-0.378568,2.08533
0,250,2.49109,36.7875,-0.206859,1.98611
0,250,2.53131,37.2527,-0.0721283,1.61109
0,250,2.49273,37.7178,-0.148868,2.06098
0,250,2.53174,38.1894,-0.255114,1.81197
0,250,2.4874,38.6393,0.227374,1.51257
0,250,2.52987,39.0998,0.185753,1.83164
0,250,2.52032,39.553,0.0345652,1.29664
0,250,2.50134,39.9904,0.0983321,1.04311
0,250,2.55056,40.4528,0.0712186,0.866056
0,250,2.52545,40.8684,0.716783,1.11319
0,250,2.52477,41.3104,-0.65642,1.02979
0,250,2.5367,41.7549,0.894273,1.46258
0,250,2.57109,42.1496,-0.315264,1.34727
0,250,2.47053,42.5968,-0.815232,1.03969
0,250,2.68057,42.9673,0.745082,1.41107
0,250,2.48978,43.3797,0.475684,0.921264
0,250,2.49922,43.8479,-0.776747,1.26465
0,250,2.48229,44.3225,0.371715,1.413
0,250,2.47733,44.8103,-0.47985,1.88167
0,250,2.48113,45.2848,0.0102122,1.82049
0,250,2.86871,45.5627,1.97446,1.03365
0,250,2.4358,45.8393,1.3815,0.520454
0,250,2.6451,46.2242,0.486346,-0.119236
0,250,2.45317,46.6235,-0.7698,0.593358
0,250,2.52388,47.1164,-0.431587,1.35142
0,250,2.48678,47.5512,0.698416,1.14088
0,250,2.5232,48.0177,-0.765057,0.790781
0,250,2.51286,48.4821,1.21265,1.49603
0,250,2.48266,48.9224,-0.316346,0.815599
0,250,2.94719,49.2447,1.08512,1.29832
0,250,2.51516,49.4175,1.16992,0.368943
0,250,3.07439,49.7804,1.18604,0.129182
0,250,2.51165,49.8336,-0.437288,0.179286
0,250,2.45023,50.3078,0.566367,0.164028
0,250,2.46783,50.8079,0.196306,0.180415
0,250,2.43115,51.3231,0.051259,0.63987
0,250,2.42512,51.8435,-0.553019,1.36961
0,250,2.78024,52.0498,0.244467,-1.26752
0,250,3.28117,31.8476,0.365466,3.08511
0,250,3.05948,32.3297,0.0583813,3.38617
0,250,3.05819,32.8642,0.439646,3.83408
0,250,3.02739,33.3574,-0.291694,2.82787
0,250,3.03898,33.8347,0.124703,3.26255
0,250,3.05104,34.3257,0.0514008,1.99506
0,250,3.02638,34.7719,0.133456,2.62964
0,250,3.06238,35.2652,0.319034,3.28544
0,250,3.01282,35.7003,-0.00972454,2.72385
0,250,3.07603,36.1633,-0.0668026,2.31021
0,250,3.01757,36.5973,-0.292947,2.6707
0,250,3.07146,37.0625,-0.0106145,1.90312
0,250,3.02741,37.4919,0.0566606,1.6623
0,250,3.0624,37.9441,0.0903243,2.57696
0,250,3.0459,38.3865,0.177196,1.83867
0,250,3.06317,38.82,0.147454,2.39036
0,250,3.04765,39.2598,0.295519,2.15051
0,250,3.11658,39.6884,0.239157,2.51311
0,250,3.03746,40.1007,0.212378,2.67107
0,250,3.11531,40.5462,0.193096,2.38396
0,250,3.13227,40.9556,-0.0534284,2.35759
0,250,3.04768,41.3814,-0.163871,2.51078
0,250,3.21346,41.7563,0.155759,2.28865
0,250,3.10259,42.1765,0.200043,2.50997
0,250,3.08823,42.6037,-0.39572,2.40594
0,250,3.20661,43.0628,0.523967,3.18284
0,250,2.96565,43.5131,-0.422756,2.37697
0,250,3.32147,43.8206,1.01163,2.15963
0,250,2.97493,44.1184,-0.135755,1.29655
0,250,3.48496,44.3172,0.387075,0.99306
0,250,2.98845,44.5925,0.0970921,1.33664
0,250,2.99458,45.0528,-0.466302,0.804029
0,250,3.41304,45.4156,1.18766,-0.19148
0,250,3.17986,45.8806,1.68959,1.28833
0,250,3.08813,46.3726,-0.272821,2.04922
0,250,3.37594,46.7392,1.20974,1.61142
0,250,2.92302,46.8936,-0.907493,-0.456895
0,250,3.16945,47.3362,0.0173115,-0.303255
0,250,2.97462,47.6967,0.767472,-0.228188
0,250,2.98043,48.2297,-1.2842,0.381298
0,250,3.00904,48.7511,0.641917,1.73155
0,250,3.4485,48.7609,0.628003,0.497797
0,250,3.3844,49.3351,1.6667,0.211453
0,250,3.56882,49.786,1.40409,0.548847
0,250,3.46973,50.2779,0.493791,0.541141
0,250,2.95756,50.1982,0.669859,-0.697404
0,250,2.93193,50.663,0.0704986,-0.765067
0,250,2.90197,51.1634,-0.679359,-0.462001
0,250,2.98647,51.5812,0.214213,-0.970721
0,250,3.28875,52.0319,-0.552521,0.35808
0,250,3.67389,31.815,0.544068,3.07225
0,250,3.63362,32.3404,0.702943,3.2226
0,250,3.61665,32.7972,0.101357,2.88598
0,250,3.60454,33.2642,-0.0866104,2.71019
0,250,3.53547,33.6986,0.267578,2.71927
0,250,3.60067,34.1868,-0.14124,2.46967
0,250,3.53247,34.6222,0.499595,2.50777
0,250,3.59596,35.1082,-0.0813823,3.06361
0,250,3.55843,35.5528,0.232884,2.63077
0,250,3.60027,36.023,-0.286035,2.09738
0,250,3.60155,36.4657,0.109756,2.63647
0,250,3.59167,36.9216,-0.407682,2.10184
0,250,3.63187,37.3572,-0.0205643,1.96403
0,250,3.59309,37.79,-0.224509,2.21312
0,250,3.63721,38.2184,-0.0227546,2.13921
0,250,3.61151,38.647,0.168179,2.33513
0,250,3.62833,39.078,-0.175064,2.09568
0,250,3.64314,39.5035,0.538472,2.63767
0,250,3.65455,39.9597,-0.149104,2.41568
0,250,3.63163,40.363,0.371448,2.31605
0,250,3.70997,40.8058,0.110877,2.62087
0,250,3.66293,41.2156,0.140949,2.54325
0,250,3.7445,41.639,0.3267,2.14314
0,250,3.70791,42.081,-0.0534803,1.90999
0,250,3.60628,42.5187,-0.612493,2.40579
0,250,3.82749,42.8881,0.556065,1.04309
0,250,3.58589,43.287,0.522682,1.52481
0,250,3.79415,43.694,0.300596,2.21021
0,250,4.00615,44.1125,2.47087,1.65032
0,250,3.84565,44.5869,-0.455201,1.08188
0,250,3.45394,44.8881,0.15716,1.33756
0,250,3.85042,45.2402,1.85354,0.928156
0,250,3.83533,45.7504,-0.339896,1.2984
0,250,3.58079,46.1241,0.00440813,2.17577
0,250,3.82604,46.6311,1.5149,2.45742
0,250,4.10098,47.0657,1.56668,2.27306
0,250,3.62859,47.1996,0.368739,1.87979
0,250,3.93032,47.5833,0.845941,1.29414
0,250,3.50854,47.7794,-0.0870481,1.079
0,250,3.42412,48.2517,-1.79814,1.11203
0,250,3.9545,48.6333,0.1322,0.368644
0,250,3.80777,49.1238,1.48201,0.56487
0,250,4.06675,49.5088,1.00394,1.25051
0,250,3.98635,50.0129,1.33867,0.874208
0,250,3.95477,50.4667,-0.348717,0.658992
0,250,3.42424,50.7328,-0.29528,0.86397
0,250,3.93029,50.9357,0.333675,0.484981
0,250,3.40827,51.1869,0.311051,0.514084
0,250,3.54511,51.6517,0.122538,0.546348
0,250,3.83984,52.0699,0.329801,-1.16248
0,250,4.0931,31.9752,0.273951,3.77178
0,250,4.12781,32.5143,0.17765,3.5314
0,250,4.10415,33.0087,0.232966,3.81439
0,250,4.11415,33.5173,0.253007,3.48454
0,250,4.08908,33.9679,0.390755,3.03321
0,250,4.11511,34.4419,0.649792,2.52147
0,250,4.08951,34.8836,0.27855,3.00676
0,250,4.12748,35.3505,0.163807,3.26987
0,250,4.09616,35.8074,0.124787,2.92819
0,250,4.15001,36.2562,0.115419,3.13402
0,250,4.13231,36.7306,0.312456,2.89745
0,250,4.17477,37.1628,-0.0130896,2.41207
0,250,4.16374,37.6295,0.131147,2.79701
0,250,4.19374,38.0583,0.172036,2.7585
0,250,4.17598,38.5087,-0.201975,2.66287
0,250,4.19767,38.9378,0.124765,2.49465
0,250,4.188,39.3678,0.0137871,2.66763
0,250,4.21209,39.8039,0.555331,2.56599
0,250,4.21753,40.2279,-0.184148,2.22536
0,250,4.25128,40.6423,0.624475,2.2971
0,250,4.28024,41.0671,0.147861,2.09274
0,250,4.25387,41.4819,0.544074,1.95842
0,250,4.35602,41.8915,0.899674,2.17662
0,250,4.1797,42.2733,-0.176044,1.83363
0,250,4.33443,42.6974,0.796419,1.61899
0,250,4.27423,43.1378,-0.36693,2.18899
0,250,4.26671,43.6043,0.796703,2.85291
0,250,4.60152,43.9459,2.01335,1.97455
0,250,4.43276,44.3599,1.35605,2.92086
0,250,4.68895,44.8028,2.2062,2.93279
0,250,4.23202,44.868,1.0762,-0.0545024
0,250,4.34906,45.3481,0.33455,0.932246
0,250,4.3069,45.8245,0.0293608,1.2321
0,250,4.1027,46.3184,0.23147,1.00193
0,250,4.48277,46.6184,0.902965,0.973302
0,250,4.55718,47.1025,0.973194,1.27838
0,250,4.45625,47.5586,1.52127,2.28916
0,250,4.31687,47.9808,-0.191362,1.75702
0,250,3.91083,48.1827,-1.38185,0.435903
0,250,4.44511,48.5647,-0.493088,0.341845
0,250,4.32178,49.0575,0.847589,0.718151
0,250,4.6715,49.4181,0.729223,0.218224
0,250,4.43966,49.8526,1.79834,0.732665
0,250,4.65146,50.2508,0.479246,0.531691
0,250,4.40433,50.6292,0.280582,0.876565
0,250,4.46804,51.1035,0.528315,0.794865
0,250,4.59104,51.4796,0.154742,0.780601
0,250,3.95379,51.3652,0.154897,0.380153
0,250,4.18416,51.7845,1.26507,0.956615
0,250,4.53827,52.1113,1.6366,1.41238
0,250,4.52593,31.8305,-0.0822425,3.03175
0,250,4.61023,32.2917,0.422402,2.73353
0,250,4.62004,32.8033,0.398749,2.79038
0,250,4.612,33.2907,-0.0247956,2.94728
0,250,4.62554,33.7788,-0.0767785,2.92281
0,250,4.63977,34.2611,-0.136059,2.83831
0,250,4.64086,34.73,0.0417049,2.35703
0,250,4.65859,35.1898,0.0251889,2.19279
0,250,4.6504,35.6413,-0.365276,1.87424
0,250,4.69015,36.078,0.278301,2.23828
0,250,4.66727,36.5292,-0.40476,2.13124
0,250,4.72014,36.9681,0.26162,2.10238
0,250,4.70128,37.4208,-0.108895,2.24887
0,250,4.73925,37.8568,0.22164,2.53874
0,250,4.72919,38.3129,0.150712,2.26517
0,250,4.75019,38.7346,0.328722,2.21469
0,250,4.76195,39.1776,0.0517285,2.18069
0,250,4.77013,39.5952,0.308642,2.17608
0,250,4.78827,40.0205,-0.134527,1.95441
0,250,4.82165,40.437,0.722684,1.8508
0,250,4.85002,40.8596,0.428293,1.91427
0,250,4.85404,41.2713,0.439545,1.55473
0,250,4.91491,41.677,0.908702,1.31983
0,250,4.88596,42.0884,0.871192,1.62819
0,250,4.78972,42.5186,-0.186652,1.77858
0,250,4.98655,42.8915,0.417627,1.84069
0,250,4.71943,43.328,-0.341898,1.75671
0,250,5.10819,43.5637,0.844,0.561916
0,250,5.05031,44.0679,1.25704,1.04194
0,250,5.06169,44.5003,1.5735,1.26827
0,250,5.15393,45.0494,1.22158,1.78817
0,250,4.79744,45.3868,0.40986,2.15545
0,250,5.01966,45.7831,0.348307,1.27522
0,250,4.65149,46.1068,0.250715,1.80477
0,250,4.97474,46.4744,1.35409,1.62425
0,250,5.02502,46.9408,1.212,1.50761
0,250,5.07764,47.4112,0.737009,0.802332
0,250,4.92092,47.8163,0.750905,1.50916
0,250,5.32853,48.1604,1.33002,0.850213
0,250,4.75865,48.2684,0.587583,1.12118
0,250,5.15573,48.6073,0.427555,0.307956
0,250,4.82523,48.9395,0.38909,0.0610348
0,250,5.16324,49.3915,0.157525,0.751141
0,250,4.98732,49.8597,1.80171,0.875396
0,250,5.26518,50.2799,2.11972,0.80185
0,250,4.94803,50.6488,0.02827,-0.39156
0,250,5.02438,51.0491,0.0221842,0.201901
0,250,5.25101,51.4079,0.269391,0.674898
0,250,4.92527,51.809,1.06828,0.481593
0,250,5.27661,52.0456,1.74284,-0.916577
0,250,5.10864,32.0069,0.347744,3.78568
0,250,5.11316,32.5243,0.175418,3.49114
0,250,5.11003,33.0128,0.17358,3.49466
0,250,5.12415,33.5131,0.141495,3.40331
0,250,5.13436,33.9902,0.215024,3.48777
0,250,5.15813,34.4705,0.307127,3.2624
0,250,5.17311,34.9418,0.242223,3.12416
0,250,5.19892,35.4196,0.313565,3.43762
0,250,5.22216,35.8757,0.437334,3.28581
0,250,5.23706,36.3618,0.236227,3.01779
0,250,5.26248,36.7961,0.0705073,2.6744
0,250,5.25031,37.2604,-0.00575295,2.69592
0,250,5.30128,37.6952,0.516445,2.9248
0,250,5.26902,38.134,0.475733,2.568
0,250,5.33943,38.569,0.167134,2.39967
0,250,5.29871,38.9951,0.54271,2.65377
0,250,5.35965,39.4314,0.202749,2.57869
0,250,5.34686,39.848,0.757618,2.49049
0,250,5.38409,40.2779,0.190757,2.40562
0,250,5.41843,40.6955,0.882641,2.62032
0,250,5.43593,41.1215,0.564665,2.28294
0,250,5.47534,41.5406,1.1573,2.25128
0,250,5.51391,41.948,0.526697,2.44618
0,250,5.359,42.387,-0.471378,2.60894
0,250,5.63988,42.6854,0.994353,1.69691
0,250,5.36337,43.1408,0.677737,1.9858
0,250,5.75679,43.4123,1.92559,1.87543
0,250,5.51704,43.877,1.0266,1.25294
0,250,5.74965,44.2399,1.23837,1.49644
0,250,5.50827,44.6694,1.13203,1.37907
0,250,5.77019,45.0444,1.16886,1.18255
0,250,5.40965,45.4504,1.48437,1.15784
0,250,5.72669,45.8083,1.08758,1.38022
0,250,5.33964,46.147,0.264547,0.473278
0,250,5.59409,46.5144,1.0446,0.752919
0,250,5.49253,46.9667,1.68875,0.911469
0,250,5.78622,47.2973,0.916464,1.3915
0,250,5.48714,47.6877,0.457625,1.20393
0,250,5.84665,48.0513,0.996826,1.00159
0,250,5.70356,48.5224,0.719688,1.42664
0,250,5.4243,49.0136,0.210569,0.606034
0,250,5.71897,49.4797,0.620832,-0.27398
0,250,5.51106,49.8637,1.02492,0.545246
0,250,5.86815,50.2244,1.71846,0.859039
0,250,5.59155,50.6365,0.953242,1.17725
0,250,6.1545,50.6134,0.830859,1.07282
0,250,5.60704,51.0234,-1.04536,1.03306
0,250,5.94738,51.3343,1.18235,0.277384
0,250,5.63141,51.7072,2.2374,-0.0399861
0,250,5.88255,52.1268,1.36983,0.605292
0,250,5.53932,31.8813,-0.0584293,2.82038
0,250,5.61314,32.3529,0.194161,2.81634
0,250,5.62474,32.8541,0.117281,2.73174
0,250,5.6496,33.3258,0.0281722,2.59312
0,250,5.67522,33.7988,0.0853319,2.5445
0,250,5.67559,34.2648,-0.229572,2.59204
0,250,5.71302,34.7265,-0.0917935,2.24854
0,250,5.68389,35.1885,-0.0676697,2.47516
0,250,5.77361,35.6527,0.172829,2.80557
0,250,5.70186,36.1171,0.220452,2.91193
0,250,5.83332,36.5764,0.0484231,2.66633
0,250,5.77031,37.0256,0.881856,2.78415
0,250,5.84292,37.4795,0.199903,3.26822
0,250,5.84853,37.9285,0.825515,2.93857
0,250,5.84622,38.3668,0.0870087,2.31616
0,250,5.8986,38.8077,0.914838,2.72424
0,250,5.88447,39.2357,0.426947,2.56377
0,250,5.94454,39.6665,0.61723,1.9334
0,250,5.92421,40.084,0.254867,1.94005
0,250,6.00678,40.4941,1.09381,2.32003
0,250,5.98733,40.9162,0.586218,1.70191
0,250,6.03542,41.3364,0.723082,1.96487
0,250,6.10956,41.7339,1.20979,2.34535
0,250,5.96722,42.1894,-0.376937,2.21816
0,250,6.24408,42.5165,1.30577,1.44809
0,250,6.00923,42.9749,0.658487,1.72544
0,250,6.34345,43.3123,1.64131,1.49691
0,250,6.07037,43.7754,1.10689,1.68707
0,250,6.38539,44.0823,1.74432,1.76974
0,250,6.08731,44.5547,1.41687,1.30625
0,250,6.34529,44.9088,1.34978,1.65579
0,250,6.0269,45.4013,1.48578,1.27964
0,250,6.35115,45.7406,0.730701,1.76379
0,250,5.98005,46.1747,1.03229,1.02671
0,250,6.32222,46.5167,1.44369,2.03048
0,250,6.05251,46.8393,0.909031,0.928055
0,250,6.38977,47.2071,0.551771,1.24
0,250,6.11382,47.6285,0.883952,1.46126
0,250,6.36656,48.1129,1.32101,1.05818
0,250,6.21002,48.5551,-0.38782,1.11346
0,250,5.91624,48.9865,0.432821,2.22292
0,250,6.20791,49.3613,2.28782,1.41025
0,250,6.15351,49.8516,0.124525,1.00235
0,250,6.67271,49.7368,0.89268,1.00304
0,250,6.48708,50.2092,1.57914,0.725049
0,250,6.73954,50.613,1.00282,0.8828
0,250,6.32083,50.9924,1.10022,0.452206
0,250,6.67103,51.2555,0.677052,0.532757
0,250,6.23152,51.656,1.49093,0.225188
0,250,6.45993,52.034,0.854212,0.793559
0,250,6.1224,32.052,0.509699,3.52383
0,250,6.12192,32.5535,0.297423,3.48213
0,250,6.13623,33.0414,0.358778,3.45845
0,250,6.16668,33.5444,0.312794,3.58327
0,250,6.19614,34.0297,0.315679,3.18981
0,250,6.22272,34.5123,0.31878,3.28235
0,250,6.24074,34.9855,0.337117,3.22579
0,250,6.27286,35.4402,0.41663,3.06557
0,250,6.27874,35.9142,0.142688,2.93734
0,250,6.31534,36.3415,0.33725,2.73437
0,250,6.33461,36.8178,0.494649,2.86175
0,250,6.35034,37.2493,0.693739,3.27532
0,250,6.39692,37.7132,0.436611,2.48393
0,250,6.39323,38.1464,0.696263,2.60434
0,250,6.44207,38.5916,0.772205,2.82633
0,250,6.45662,39.0356,0.925468,2.42532
0,250,6.4935,39.46,0.384489,2.32116
0,250,6.50447,39.896,0.925901,2.71074
0,250,6.57241,40.3142,0.835677,2.63811
0,250,6.57097,40.7541,0.64819,2.27778
0,250,6.59537,41.1661,0.543063,2.8146
0,250,6.69896,41.59,1.34512,2.69636
0,250,6.56079,42.0246,0.277747,2.41884
0,250,6.83084,42.3557,1.77959,2.30147
0,250,6.61268,42.8296,1.00586,2.63669
0,250,6.93045,43.1186,1.99087,1.55553
0,250,6.68166,43.6049,1.19945,1.86001
0,250,6.9612,43.958,2.07723,2.64343
0,250,6.65193,44.4406,0.57317,2.23571
0,250,6.9517,44.7913,1.01202,3.00598
0,250,6.60396,45.2563,1.46725,3.04105
0,250,6.90492,45.6215,0.886695,2.90834
0,250,6.59824,46.0947,1.08217,2.47961
0,250,6.97356,46.3442,1.67403,1.73335
0,250,6.74094,46.8129,1.24884,2.03553
0,250,6.9003,47.2537,0.585796,2.33918
0,250,6.62998,47.6999,0.981983,1.82604
0,250,7.08731,47.8183,1.33139,1.51217
0,250,6.82009,48.2722,1.27479,1.48647
0,250,7.04469,48.6744,0.737616,1.80522
0,250,6.53775,48.8173,0.174308,0.0532424
0,250,7.13942,49.1235,1.21343,1.16946
0,250,6.6735,49.2611,1.11816,0.00612632
0,250,7.14954,49.7013,1.20174,0.557751
0,250,7.02349,50.181,0.893567,0.191209
0,250,7.39177,50.5174,1.25962,0.00373154
0,250,7.06953,50.9047,1.71146,0.182757
0,250,7.22897,51.3462,0.618113,-0.032445
0,250,6.80328,51.6956,1.65041,0.224012
0,250,7.0707,52.1094,0.200969,-1.32196
0,250,6.5546,31.9468,0.0159816,2.76297
0,250,6.63006,32.4207,0.408452,2.83672
0,250,6.64093,32.9089,0.205946,2.63058
0,250,6.68248,33.3714,0.209311,2.38218
0,250,6.69667,33.8391,0.0890729,2.34844
0,250,6.73425,34.3084,0.386896,2.74684
0,250,6.75043,34.775,0.282962,2.55033
0,250,6.79467,35.2435,0.444206,2.56492
0,250,6.81879,35.6996,0.349742,2.6261
0,250,6.855,36.1515,0.883577,2.56969
0,250,6.87451,36.609,0.577775,2.66643
0,250,6.92136,37.0476,0.712623,2.28104
0,250,6.90486,37.4926,0.10466,2.23972
0,250,6.96741,37.9264,0.688448,2.67841
0,250,6.95384,38.3683,0.760233,2.66806
0,250,7.01607,38.8063,0.394867,2.05083
0,250,7.02179,39.2386,0.911558,2.20977
0,250,7.06683,39.6858,0.777595,2.61038
0,250,7.09788,40.1104,0.694899,2.34063
0,250,7.13438,40.5586,0.73635,2.32958
0,250,7.14286,40.9671,0.824353,2.68202
0,250,7.23812,41.4093,1.10116,2.53787
0,250,7.18014,41.8291,0.634993,2.04169
0,250,7.35868,42.238,1.79574,2.57099
0,250,7.24919,42.6701,0.90617,2.57704
0,250,7.48961,43.0883,2.20222,2.53085
0,250,7.26401,43.5038,0.374831,3.31675
0,250,7.52905,43.9238,1.96523,2.56321
0,250,7.23003,44.3493,0.121625,2.5012
0,250,7.52713,44.7234,1.46702,1.83792
0,250,7.17348,45.1757,1.18055,2.26741
0,250,7.55127,45.4729,0.786493,1.29003
0,250,7.26395,45.8866,1.777,1.71901
0,250,7.50694,46.311,0.940392,2.67033
0,250,7.24402,46.7652,0.714871,2.16249
0,250,7.67131,46.9569,1.61963,1.26899
0,250,7.36506,47.3421,1.49253,1.03424
0,250,7.5803,47.7916,0.324879,1.44308
0,250,7.35802,48.2646,1.10416,1.85835
0,250,7.80573,48.3807,1.31845,0.920506
0,250,7.57466,48.8081,1.71822,1.04561
0,250,7.91927,49.1936,2.26711,0.677548
0,250,7.51503,49.4147,1.74942,0.185358
0,250,7.89725,49.8027,1.47249,0.227138
0,250,7.54846,50.0529,1.15893,-0.175585
0,250,7.9081,50.5082,0.956235,0.0636462
0,250,7.63827,50.9489,0.524269,0.609617
0,250,7.80535,51.3512,0.939708,0.682063
0,250,7.39992,51.7418,1.62721,0.808486
0,250,7.71768,52.0868,1.1972,1.7448
0,250,7.14197,32.1017,0.589327,3.43813
0,250,7.15031,32.5966,0.284229,3.37225
0,250,7.18175,33.0869,0.445629,3.36932
0,250,7.22597,33.5846,0.541857,3.31187
0,250,7.25069,34.0574,0.578967,3.07872
0,250,7.29095,34.535,0.408091,3.03107
0,250,7.30189,34.9894,0.461678,2.93369
0,250,7.34809,35.4541,0.581409,3.27086
0,250,7.37179,35.9131,0.738248,3.26004
0,250,7.41351,36.3769,0.573256,3.05371
0,250,7.44091,36.8259,0.4359,2.55419
0,250,7.4689,37.2834,0.805497,3.0425
0,250,7.5037,37.7224,0.967536,2.85172
0,250,7.53902,38.1704,0.54886,2.13124
0,250,7.54972,38.5822,0.261933,2.17375
0,250,7.59303,39.0175,1.00252,2.6566
0,250,7.60698,39.4414,0.694624,2.14555
0,250,7.6661,39.8607,0.91091,1.88264
0,250,7.66791,40.2869,0.635163,2.39174
0,250,7.74012,40.704,1.28657,2.23501
0,250,7.73984,41.1202,0.670181,2.05065
0,250,7.80719,41.5395,1.18809,2.13183
0,250,7.8135,41.947,0.878414,2.06219
0,250,7.94554,42.3718,2.21019,2.12932
0,250,7.84544,42.776,0.50154,1.75378
0,250,8.12276,43.1965,2.43667,2.00082
0,250,7.83609,43.5459,0.46279,1.08536
0,250,8.14334,43.9986,0.966916,1.43816
0,250,7.82926,44.3236,0.938868,2.15264
0,250,8.16888,44.7465,0.926516,1.67479
0,250,7.82539,45.0695,1.43398,2.26431
0,250,8.12985,45.4824,0.952707,2.26003
0,250,7.82617,45.8829,0.977489,2.06129
0,250,8.24472,46.1669,1.54044,1.36679
0,250,7.93059,46.5018,1.31777,0.436798
0,250,8.17104,46.9661,0.776505,1.53737
0,250,7.93574,47.4154,1.10915,1.74654
0,250,8.43348,47.6368,2.24013,0.741003
0,250,8.06531,47.9071,1.43474,0.0420161
0,250,8.33513,48.3099,0.942504,-0.415138
0,250,8.14138,48.7779,1.59994,0.325007
0,250,8.51898,49.1094,1.68628,0.454429
0,250,8.29375,49.5404,2.34813,1.04577
0,250,8.61629,49.9076,2.07738,0.844193
0,250,8.21869,50.1923,1.19946,0.25732
0,250,8.55143,50.5666,0.967547,0.228528
0,250,8.20231,50.9155,0.183395,0.0843781
0,250,8.40302,51.2873,1.12346,-0.194802
0,250,8.06197,51.7062,0.690179,-0.492194
0,250,8.31653,52.0607,0.863264,-1.23282
0,250,7.57899,32.0308,0.10871,2.80782
0,250,7.65293,32.4997,0.421204,2.8362
0,250,7.67005,32.9986,0.320528,2.93155
0,250,7.72372,33.4655,0.367994,2.872
0,250,7.75021,33.9542,0.586377,2.87782
0,250,7.80229,34.4316,0.548575,2.90542
0,250,7.8364,34.9083,0.716778,2.86563
0,250,7.87703,35.3707,0.598012,2.78917
0,250,7.91136,35.8343,0.563424,2.63221
0,250,7.94371,36.2811,0.423366,2.37056
0,250,7.97971,36.7372,0.715236,2.59077
0,250,8.01388,37.1858,0.864154,2.93867
0,250,8.05018,37.6407,0.666104,2.43607
0,250,8.08946,38.0791,0.648347,2.26763
0,250,8.1295,38.5226,1.06609,2.80919
0,250,8.16545,38.9663,0.896249,2.51357
0,250,8.19171,39.3956,0.543166,1.75602
0,250,8.2331,39.8205,0.91595,2.24119
0,250,8.25024,40.2544,0.978573,2.59469
0,250,8.32377,40.6789,1.27826,2.14729
0,250,8.31716,41.1019,0.863841,1.9541
0,250,8.40956,41.5235,1.33424,2.45054
0,250,8.38815,41.9434,0.996872,2.12288
0,250,8.52833,42.3675,1.73834,2.13238
0,250,8.42935,42.7802,0.723403,2.38038
0,250,8.69305,43.2238,2.22913,2.59457
0,250,8.42554,43.6344,0.955007,2.91014
0,250,8.78842,44.0361,1.3549,2.63075
0,250,8.46629,44.4078,1.69352,1.86729
0,250,8.77201,44.8302,0.854715,2.56365
0,250,8.48346,45.1837,0.951677,1.41487
0,250,8.88456,45.544,2.05779,1.38405
0,250,8.5151,45.8051,1.15787,0.607465
0,250,8.82497,46.2989,0.887039,1.17158
0,250,8.54234,46.617,1.12731,1.50887
0,250,9.01371,46.9728,2.33388,1.06793
0,250,8.59333,47.1572,1.19751,-0.196505
0,250,8.90401,47.6066,0.909372,-0.275773
0,250,8.76935,48.102,2.32233,1.32685
0,250,9.18872,48.4812,2.44162,1.13371
0,250,8.71427,48.634,0.934935,-0.165482
0,250,9.04778,48.9986,1.38512,-0.305423
0,250,8.86792,49.4884,1.89562,0.363924
0,250,9.23692,49.8676,2.15033,0.41065
0,250,8.93557,50.2511,1.89977,0.773637
0,250,9.25137,50.584,1.80589,0.37342
0,250,8.84633,50.9265,0.711711,-0.231586
0,250,9.047,51.2777,0.927538,-0.687474
0,250,8.67561,51.6536,1.63453,-0.0857542
0,250,8.88537,52.0743,0.267799,0.663282
0,250,8.16189,32.1623,0.75524,3.24188
0,250,8.18252,32.6537,0.598904,3.23738
0,250,8.22243,33.1336,0.674056,3.10607
0,250,8.26675,33.6184,0.430556,3.07925
0,250,8.29308,34.0788,0.522527,2.92529
0,250,8.34298,34.5453,0.642368,2.8944
0,250,8.37577,35.0053,0.733902,3.10495
0,250,8.42578,35.4724,0.748266,3.13283
0,250,8.46739,35.9343,0.676013,3.04048
0,250,8.50157,36.3936,0.856615,3.01687
0,250,8.54188,36.8471,0.850408,2.99259
0,250,8.57823,37.2991,0.6512,2.79294
0,250,8.61063,37.7399,0.629424,2.54077
0,250,8.65382,38.1835,0.906971,3.02991
0,250,8.69022,38.6244,0.834748,3.07224
0,250,8.73037,39.0639,0.895386,2.74624
0,250,8.77033,39.4978,1.0164,2.5498
0,250,8.81538,39.9304,1.13688,2.76748
0,250,8.83397,40.3595,0.719982,2.80002
0,250,8.90612,40.7824,1.15466,2.47606
0,250,8.89112,41.2013,0.913396,2.80991
0,250,9.01413,41.625,1.75359,2.95001
0,250,8.95676,42.0404,0.837045,2.09446
0,250,9.15316,42.4622,2.22213,2.66407
0,250,8.99042,42.848,0.87552,2.47148
0,250,9.32277,43.2788,2.32285,2.28568
0,250,9.00899,43.6305,0.913865,2.05154
0,250,9.38483,44.0544,1.22479,1.97923
0,250,9.06534,44.4323,1.7556,2.61276
0,250,9.43383,44.7924,1.40686,1.53356
0,250,9.16208,45.1572,1.80878,1.99684
0,250,9.44787,45.5922,1.68475,2.34475
0,250,9.15042,45.9829,0.776334,2.09903
0,250,9.57535,46.2722,2.21925,1.3009
0,250,9.25134,46.6079,1.46177,0.494224
0,250,9.59223,47.042,1.4364,0.967116
0,250,9.33424,47.4124,2.01493,1.26001
0,250,9.70694,47.8105,1.8672,1.37855
0,250,9.26777,47.9761,0.924083,0.036901
0,250,9.64684,48.4016,1.34556,-0.30337
0,250,9.55896,48.9258,2.53283,1.1886
0,250,9.92601,49.3279,2.42466,0.932435
0,250,9.38212,49.3924,1.00941,-0.0407312
0,250,9.76436,49.7769,1.85564,0.036907
0,250,9.60276,50.2254,1.94511,0.239802
0,250,9.91222,50.6032,1.83496,0.869705
0,250,9.52056,50.9391,1.94595,0.160696
0,250,9.60578,51.3873,0.464367,0.749117
0,250,9.24413,51.7202,0.460491,0.0629975
0,250,9.51427,52.0713,1.08489,-0.5821
0,250,8.61001,32.1357,0.336999,3.22893
0,250,8.68301,32.6001,0.583438,3.09548
0,250,8.71497,33.1189,0.668927,3.09145
0,250,8.78167,33.5963,0.641048,3.15534
0,250,8.82835,34.0976,0.83789,3.38745
0,250,8.87284,34.5782,0.525547,3.13167
0,250,8.92253,35.0603,0.53003,3.1109
0,250,8.95505,35.5222,0.514963,3.0444
0,250,9.00031,35.9932,0.814065,3.25077
0,250,9.04697,36.4516,0.918367,3.22845
0,250,9.09005,36.9157,0.841204,3.20089
0,250,9.13599,37.3681,0.857743,3.04059
0,250,9.17667,37.8189,0.994431,3.11947
0,250,9.22664,38.2615,1.02517,3.08241
0,250,9.26427,38.7028,0.86571,2.91831
0,250,9.30495,39.1335,0.903554,2.8254
0,250,9.34298,39.5722,1.0927,2.85098
0,250,9.39469,39.9998,1.29317,2.86931
0,250,9.42273,40.4326,1.13768,2.58732
0,250,9.49783,40.8505,1.4529,2.59411
0,250,9.48488,41.2721,0.789097,2.70464
0,250,9.61132,41.6858,1.83715,2.61937
0,250,9.53695,42.0978,0.741184,2.22874
0,250,9.77023,42.5017,2.71581,2.40801
0,250,9.58604,42.9043,1.08649,2.30178
0,250,9.94044,43.317,2.10615,2.16578
0,250,9.62548,43.689,1.54159,2.50646
0,250,10.0384,44.0932,1.65669,2.45565
0,250,9.72446,44.4373,2.13595,1.8785
0,250,10.0427,44.8639,1.19088,2.23419
0,250,9.76491,45.2248,1.39996,1.82287
0,250,10.1427,45.5697,2.34218,1.46065
0,250,9.84578,45.9075,1.64212,1.335
0,250,10.1909,46.336,2.02094,1.44158
0,250,9.88723,46.6837,1.75426,1.44518
0,250,10.2594,47.0427,1.77498,1.36026
0,250,9.95132,47.4024,1.71113,0.968503
0,250,10.2957,47.7623,1.2083,0.372973
0,250,10.0527,48.1965,2.42108,1.75459
0,250,10.4063,48.5653,2.24599,1.60955
0,250,10.0241,48.8103,1.54112,0.447606
0,250,10.4079,49.2057,2.20815,1.08161
0,250,10.3224,49.71,2.76624,0.769174
0,250,10.6939,50.1255,2.2634,1.40016
0,250,10.1629,50.1513,1.41225,0.269956
0,250,10.4262,50.5974,1.33177,-0.0827416
0,250,10.074,51.0377,1.20186,1.37969
0,250,10.422,51.3575,2.08649,0.137554
0,250,9.99895,51.6057,1.41212,-0.0196306
0,250,10.0172,52.0157,0.825926,0.00182637
0,250,9.17652,32.237,0.638731,3.10324
0,250,9.20653,32.7202,0.383281,3.14613
0,250,9.25276,33.1959,0.629202,3.01045
0,250,9.29492,33.6707,0.759592,2.91911
0,250,9.33576,34.1435,0.676369,3.17212
0,250,9.3931,34.6101,0.940484,3.02056
0,250,9.44862,35.0832,0.916873,3.13791
0,250,9.49856,35.5516,0.958979,3.32908
0,250,9.54546,36.0161,0.72622,3.24171
0,250,9.58761,36.4726,0.701844,3.03996
0,250,9.63214,36.9229,0.852424,2.88001
0,250,9.68528,37.3738,1.01721,3.05292
0,250,9.72956,37.8226,1.04367,3.05326
0,250,9.78317,38.2667,1.03014,3.05405
0,250,9.82509,38.7064,1.07509,2.92007
0,250,9.87571,39.1434,1.23172,2.91604
0,250,9.91626,39.5745,1.20456,2.73959
0,250,9.97065,40.0043,1.28414,2.81691
0,250,9.99265,40.4312,1.23968,2.78241
0,250,10.0794,40.8586,1.74278,2.76284
0,250,10.0704,41.2768,1.2856,2.83717
0,250,10.2022,41.7009,1.994,2.77921
0,250,10.1363,42.1077,0.907669,2.37721
0,250,10.3649,42.5275,2.84853,2.81852
0,250,10.1762,42.9227,1.1678,2.6029
0,250,10.5599,43.3285,2.73768,2.09546
0,250,10.2469,43.709,1.88704,2.16372
0,250,10.6525,44.1237,1.38721,2.28527
0,250,10.3392,44.5036,2.31289,2.50485
0,250,10.7135,44.8758,1.84607,1.78755
0,250,10.4471,45.2203,1.96992,2.03018
0,250,10.7587,45.6415,2.24105,1.94581
0,250,10.4845,45.9961,1.59447,1.65651
0,250,10.867,46.3657,2.53627,1.73096
0,250,10.5575,46.7044,1.92376,1.18748
0,250,10.9275,47.0935,1.74462,0.977857
0,250,10.6142,47.4245,2.43861,1.20423
0,250,10.9926,47.807,2.40332,1.26211
0,250,10.6409,48.1095,1.2978,0.235575
0,250,10.9707,48.4481,0.993903,-0.447869
0,250,10.7543,48.9369,2.29045,1.26111
0,250,11.1091,49.2678,2.26703,0.539867
0,250,10.8024,49.621,2.59624,1.69766
0,250,11.1692,50.0355,2.50681,1.34951
0,250,10.9573,50.549,2.44646,1.36944
0,250,11.3224,50.8897,2.82906,0.822422
0,250,10.7139,50.9855,1.41516,-0.391089
0,250,11.0971,51.3162,1.13639,0.232768
0,250,10.7546,51.6753,1.5878,0.746702
0,250,10.5192,52.0556,1.05452,-0.16701
0,250,9.64523,32.2526,0.588136,3.50689
0,250,9.72395,32.7293,0.833572,3.41356
0,250,9.76753,33.2476,0.850784,3.44587
0,250,9.84504,33.7267,0.576021,3.24617
0,250,9.89025,34.2226,0.647417,3.1627
0,250,9.93584,34.691,0.551613,3.10357
0,250,9.98517,35.1652,0.878361,3.18201
0,250,10.0337,35.6271,1.0028,3.07229
0,250,10.0883,36.0898,1.08296,3.21743
0,250,10.1437,36.5472,1.04575,3.17472
0,250,10.1926,37.0036,0.945023,3.22727
0,250,10.2478,37.4522,1.04139,3.10478
0,250,10.2935,37.896,1.13188,2.9449
0,250,10.3521,38.3355,1.22806,2.98008
0,250,10.3953,38.7772,1.28017,3.09101
0,250,10.4534,39.2128,1.34536,3.02705
0,250,10.4916,39.6471,1.30279,2.7734
0,250,10.5561,40.0739,1.4712,2.79178
0,250,10.5787,40.4969,1.29801,2.67824
0,250,10.6689,40.9182,1.77739,2.67991
0,250,10.6561,41.3363,1.11853,2.5877
0,250,10.8019,41.7527,2.28456,2.60216
0,250,10.7269,42.1583,1.06893,2.33707
0,250,10.9796,42.5711,3.01796,2.62336
0,250,10.7934,42.9596,1.36261,2.08839
0,250,11.1756,43.3844,2.71665,2.35535
0,250,10.8552,43.7452,2.04269,2.5277
0,250,11.2984,44.163,2.0498,2.08948
0,250,10.9762,44.507,2.71635,1.7491
0,250,11.3318,44.9236,1.76452,2.34595
0,250,11.0833,45.2973,2.25451,2.23698
0,250,11.4238,45.6722,2.65644,1.94093
0,250,11.1482,46.0129,1.67332,1.60791
0,250,11.5076,46.4033,2.36685,1.61592
0,250,11.2207,46.7602,2.36163,1.60577
0,250,11.6303,47.145,2.76444,1.70157
0,250,11.2785,47.4535,1.90202,0.736746
0,250,11.6225,47.8256,1.70297,0.86481
0,250,11.3916,48.2002,3.12856,1.49276
0,250,11.804,48.6026,3.04101,1.37716
0,250,11.3086,48.7587,1.19883,-0.44748
0,250,11.6636,49.0804,1.45394,-0.519704
0,250,11.4173,49.5959,1.89424,-0.0761185
0,250,11.7163,49.9729,2.0215,0.26886
0,250,11.4951,50.431,2.73335,0.399839
0,250,11.8766,50.7731,2.24058,1.11363
0,250,11.6851,51.2345,2.43209,1.04188
0,250,11.969,51.6039,2.6416,1.64571
0,250,11.3931,51.6781,1.4984,-0.805117
0,250,11.0844,52.0698,1.94529,0.614215
0,250,10.1922,32.3292,0.563124,3.08715
0,250,10.2268,32.8085,0.354673,3.06044
0,250,10.2739,33.2945,0.523248,3.21863
0,250,10.3333,33.7719,0.830707,3.20588
0,250,10.3895,34.2583,0.977863,3.61256
0,250,10.4665,34.7298,1.11673,3.3999
0,250,10.5221,35.2076,0.85826,3.34633
0,250,10.5814,35.6725,0.797419,3.37975
0,250,10.6298,36.1365,0.991532,3.25113
0,250,10.6855,36.5926,1.16858,3.17114
0,250,10.7447,37.045,1.31542,3.14161
0,250,10.8055,37.4964,1.23912,3.29444
0,250,10.8566,37.9435,1.18378,3.16231
0,250,10.9132,38.3854,1.33417,3.20027
0,250,10.9613,38.8228,1.41103,3.12587
0,250,11.0237,39.2571,1.4856,2.92882
0,250,11.0666,39.687,1.41693,2.90971
0,250,11.1383,40.1178,1.65818,3.12087
0,250,11.1644,40.5434,1.42231,2.81094
0,250,11.2582,40.9636,1.75191,2.70411
0,250,11.2542,41.3761,1.30934,2.78443
0,250,11.3959,41.796,2.34166,2.62463
0,250,11.3333,42.199,1.26006,2.55747
0,250,11.5822,42.6215,3.24136,2.86234
0,250,11.3989,43.0064,1.56033,2.26982
0,250,11.7982,43.4211,3.28686,2.52456
0,250,11.4847,43.7896,2.23094,2.26892
0,250,11.9197,44.2094,2.10216,2.1306
0,250,11.6055,44.5722,3.12668,2.43519
0,250,11.9947,44.9713,2.21499,2.09091
0,250,11.7249,45.3096,2.38372,1.90398
0,250,12.0532,45.7057,2.40608,1.77591
0,250,11.8211,46.0745,2.24845,1.99837
0,250,12.1945,46.4609,3.00518,1.89324
0,250,11.8636,46.7761,1.93797,1.24883
0,250,12.2533,47.1568,2.09042,1.28325
0,250,11.989,47.5274,2.68036,1.4925
0,250,12.3568,47.9113,2.38077,1.35925
0,250,11.9871,48.1907,2.02877,0.604719
0,250,12.372,48.5607,2.55654,0.645627
0,250,12.2066,48.9974,2.86902,1.62618
0,250,12.512,49.3919,2.40741,1.40871
0,250,11.9476,49.4535,1.52687,-0.0574655
0,250,12.2473,49.8203,1.57277,0.264578
0,250,12.0561,50.3106,2.24025,0.333103
0,250,12.4306,50.6704,2.07566,0.520464
0,250,12.2503,51.1209,2.35531,0.586738
0,250,12.4937,51.5189,1.36592,0.912591
0,250,12.1998,52.0211,2.20252,2.16074
0,250,11.6694,52.0529,1.30902,-0.214655
0,250,10.683,32.382,0.790278,3.67535
0,250,10.768,32.8693,0.88461,3.63885
0,250,10.8182,33.3734,0.93926,3.32118
0,250,10.8936,33.8478,0.67878,3.17249
0,250,10.9375,34.3316,0.644247,3.15711
0,250,10.9903,34.8005,0.784698,3.25035
0,250,11.0478,35.2705,1.22847,3.39136
0,250,11.1175,35.7365,1.41533,3.38376
0,250,11.1807,36.1999,1.23049,3.34766
0,250,11.2418,36.6568,1.1165,3.26841
0,250,11.2942,37.1108,1.24021,3.25325
0,250,11.3586,37.5596,1.47563,3.1926
0,250,11.417,38.0047,1.58624,3.20438
0,250,11.4845,38.4475,1.49788,3.24649
0,250,11.5355,38.8869,1.31515,3.06637
0,250,11.5999,39.3212,1.35701,3.02546
0,250,11.6439,39.7496,1.51076,3.02434
0,250,11.721,40.1776,1.72128,2.97829
0,250,11.7522,40.5976,1.46343,2.65513
0,250,11.8514,41.0198,2.01349,2.96147
0,250,11.8533,41.4358,1.43024,2.69119
0,250,11.9963,41.8508,2.46692,2.58131
0,250,11.9352,42.2501,1.36426,2.67051
0,250,12.1927,42.6678,3.40397,2.59104
0,250,12.0159,43.0481,1.8033,2.24405
0,250,12.4146,43.4771,3.20819,2.74063
0,250,12.1077,43.8384,2.43841,2.40401
0,250,12.5622,44.2571,2.53293,2.15403
0,250,12.2409,44.6022,3.10568,2.11514
0,250,12.6214,45.0126,2.18739,2.1554
0,250,12.3858,45.3824,3.02727,2.08123
0,250,12.7367,45.7674,2.88991,2.05557
0,250,12.4554,46.0937,1.90599,1.64447
0,250,12.8263,46.4771,2.70857,1.17643
0,250,12.5681,46.8514,2.43074,1.72958
0,250,12.9463,47.2544,2.6269,1.95083
0,250,12.6195,47.5471,2.79318,1.12442
0,250,13.0235,47.9169,2.34737,1.14583
0,250,12.7244,48.2647,2.65093,1.19049
0,250,13.0995,48.6351,3.59521,1.0839
0,250,12.7596,48.9254,2.1062,0.10909
0,250,13.054,49.3092,1.37079,0.264073
0,250,12.8421,49.7766,2.6076,1.48507
0,250,13.208,50.0702,2.37987,0.934153
0,250,12.5968,50.1833,1.74725,0.577284
0,250,12.9161,50.5548,2.19019,0.802699
0,250,12.7915,51.0842,2.28299,0.365005
0,250,13.295,51.2894,3.20924,-0.036216
0,250,12.9977,51.5978,2.63916,-1.49619
0,250,12.6747,52.024,3.69667,-1.44163
0,250,11.2092,32.4451,0.533217,3.09578
0,250,11.2546,32.927,0.493036,3.28392
0,250,11.3084,33.4234,0.655818,3.72039
0,250,11.3919,33.9076,1.18266,3.59714
0,250,11.4564,34.3953,1.25939,3.62341
0,250,11.5425,34.8672,1.15018,3.57283
0,250,11.5929,35.3416,0.99426,3.47983
0,250,11.6611,35.8047,0.983671,3.41486
0,250,11.7178,36.2666,1.28944,3.35148
0,250,11.7911,36.7234,1.46392,3.42828
0,250,11.8567,37.1761,1.42517,3.35232
0,250,11.9236,37.626,1.28358,3.29839
0,250,11.9795,38.0691,1.3142,3.19599
0,250,12.0444,38.5111,1.55491,3.23708
0,250,12.1043,38.9468,1.69121,3.07195
0,250,12.1778,39.3805,1.78513,3.19241
0,250,12.2289,39.8112,1.55725,3.13559
0,250,12.3066,40.237,1.64338,2.97058
0,250,12.3408,40.6563,1.66125,2.95754
0,250,12.4422,41.0771,2.18571,2.99027
0,250,12.4515,41.4892,1.69567,2.72193
0,250,12.5993,41.9049,2.66033,2.76791
0,250,12.5459,42.3078,1.64526,2.72563
0,250,12.8001,42.7268,3.60447,2.66105
0,250,12.6331,43.1047,1.998,2.50274
0,250,13.0389,43.5303,3.7089,2.64826
0,250,12.7335,43.8845,2.53657,2.28255
0,250,13.1857,44.3042,2.42503,2.38413
0,250,12.8819,44.6638,3.5321,2.58566
0,250,13.2942,45.0709,2.68588,1.95069
0,250,13.0195,45.3985,2.79616,1.5293
0,250,13.3643,45.7904,2.68327,1.70363
0,250,13.1521,46.1752,2.84402,2.01759
0,250,13.5275,46.5765,3.53303,2.31053
0,250,13.1873,46.8572,2.02109,1.20958
0,250,13.5755,47.2083,2.33496,0.647298
0,250,13.3337,47.6199,3.13511,1.67994
0,250,13.7072,48.0103,2.82396,1.38359
0,250,13.3929,48.3162,2.85179,1.39419
0,250,13.7588,48.7405,3.47901,1.71954
0,250,13.4751,49.043,2.76285,1.41639
0,250,13.9157,49.3405,3.12834,0.639494
0,250,13.436,49.5942,1.50358,0.0617681
0,250,13.7867,49.8814,1.41169,-0.142618
0,250,13.5085,50.3836,3.27691,0.529666
0,250,13.9248,50.6604,3.39607,-0.323581
0,250,13.2991,50.816,2.50451,-0.578359
0,250,13.7914,51.0905,2.33272,-0.0607982
0,250,13.7012,51.6045,2.82318,0.273336
0,250,13.1792,52.0511,2.45718,0.492177
0,250,11.7193,32.5236,0.999245,3.74804
0,250,11.8057,33.0105,1.08211,3.60497
0,250,11.8592,33.5039,0.867411,3.35766
0,250,11.9337,33.981,0.715079,3.43272
0,250,11.9824,34.4579,0.847094,3.46341
0,250,12.0571,34.9345,1.21369,3.68744
0,250,12.1264,35.4072,1.35679,3.51278
0,250,12.2089,35.8716,1.37649,3.47795
0,250,12.272,36.3344,1.3103,3.46765
0,250,12.3408,36.7905,1.34209,3.486
0,250,12.4046,37.2452,1.55234,3.4426
0,250,12.481,37.6933,1.73091,3.35291
0,250,12.5499,38.1383,1.70961,3.36293
0,250,12.6213,38.5797,1.55085,3.2622
0,250,12.679,39.0151,1.56812,3.18483
0,250,12.7515,39.4481,1.7863,3.1662
0,250,12.8079,39.8748,1.89419,3.05581
0,250,12.8939,40.3016,2.05153,3.11584
0,250,12.9367,40.7205,1.77079,3.03162
0,250,13.0364,41.1411,2.07508,2.96533
0,250,13.0506,41.5512,1.69868,2.74316
0,250,13.1992,41.9653,2.83595,2.99302
0,250,13.1541,42.3667,1.90352,2.74999
0,250,13.4173,42.7819,3.57821,2.78778
0,250,13.2542,43.1584,2.28295,2.5719
0,250,13.6606,43.5829,3.66109,2.55328
0,250,13.3714,43.9399,2.73524,2.27903
0,250,13.8369,44.3672,2.96055,2.40312
0,250,13.5163,44.7017,3.50726,2.09761
0,250,13.9158,45.106,2.28726,1.78388
0,250,13.7001,45.4821,3.54229,2.30537
0,250,14.0708,45.877,3.56394,2.22631
0,250,13.7588,46.1733,2.10109,1.19739
0,250,14.1158,46.5307,2.48669,0.418936
0,250,13.9515,46.9799,3.62711,2.34359
0,250,14.35,47.3973,3.7109,2.33491
0,250,13.9319,47.5779,2.21655,0.595341
0,250,14.2695,47.9778,2.11364,1.15642
0,250,14.0483,48.4147,2.88483,1.66886
0,250,14.4559,48.6868,3.08326,0.584184
0,250,14.2569,49.0876,4.37679,1.61617
0,250,14.7181,49.4689,4.6798,1.92614
0,250,14.2954,49.6787,2.65795,0.130187
0,250,14.6257,50.0256,3.00872,0.597927
0,250,14.0908,50.2079,2.86291,-1.29239
0,250,14.4809,50.5184,1.94516,0.450191
0,250,14.3655,50.9888,2.46701,0.422756
0,250,14.1767,51.4196,2.42535,0.352411
0,250,14.504,51.761,2.72449,0.227766
0,250,13.667,52.0004,2.12727,0.14516
0,250,12.2293,32.5838,0.599265,3.42707
0,250,12.2897,33.0709,0.728915,3.58984
0,250,12.3554,33.5734,1.09054,3.93467
0,250,12.4555,34.0579,1.44538,3.71152
0,250,12.5219,34.5416,1.38329,3.63512
0,250,12.6097,35.0133,1.18279,3.61778
0,250,12.6635,35.4825,1.25703,3.62667
0,250,12.7457,35.9502,1.59959,3.78646
0,250,12.8172,36.4126,1.77184,3.48467
0,250,12.9025,36.8694,1.70464,3.39168
0,250,12.9691,37.3198,1.55711,3.39843
0,250,13.0413,37.769,1.61625,3.41825
0,250,13.1083,38.2115,1.80028,3.36922
0,250,13.1865,38.6521,2.03031,3.33396
0,250,13.2574,39.0864,1.97298,3.26821
0,250,13.3348,39.519,1.88371,3.24858
0,250,13.3936,39.9455,1.8202,3.12285
0,250,13.4764,40.3688,2.07128,3.10492
0,250,13.5276,40.7887,2.08079,3.0916
0,250,13.6331,41.207,2.32939,2.93116
0,250,13.6557,41.6169,1.88216,2.93965
0,250,13.8054,42.0333,2.75158,3.06768
0,250,13.765,42.4301,1.80041,2.56825
0,250,14.0307,42.8437,3.80547,2.89115
0,250,13.8854,43.2252,2.51726,2.83644
0,250,14.2929,43.6534,3.9341,2.76796
0,250,14.0005,43.9957,2.81752,2.43832
0,250,14.4617,44.41,2.83537,2.29675
0,250,14.1748,44.7717,3.75834,2.4365
0,250,14.615,45.1859,3.23696,2.2531
0,250,14.3192,45.4862,3.2327,1.68393
0,250,14.6532,45.8914,2.44089,1.41474
0,250,14.5201,46.301,3.94104,2.3407
0,250,14.9216,46.6986,3.97499,2.82143
0,250,14.4833,46.8892,1.83203,0.989054
0,250,14.8334,47.2477,2.52095,0.36202
0,250,14.7122,47.794,3.61732,1.56765
0,250,15.182,48.1369,3.91915,1.12039
0,250,14.7004,48.2954,2.79083,0.379388
0,250,15.0873,48.6555,2.42533,0.720215
0,250,14.8421,49.061,3.06823,1.53852
0,250,15.2918,49.457,4.42909,0.288956
0,250,15.125,49.8604,3.97557,1.05193
0,250,15.525,50.1868,3.20451,0.805604
0,250,14.9936,50.3532,2.37105,0.819648
0,250,15.302,50.7232,3.90035,-0.474736
0,250,14.8625,50.9,3.12157,-0.225889
0,250,14.7862,51.3694,2.45442,-0.569267
0,250,15.171,51.7308,2.93914,-0.513039
0,250,14.1681,52.055,2.5979,0.285761
0,250,12.7522,32.6757,1.02515,3.77568
0,250,12.8368,33.1616,1.07359,3.77606
0,250,12.8946,33.649,0.854258,3.71119
0,250,12.979,34.1314,0.857161,3.8206
0,250,13.0396,34.6125,1.18562,3.82687
0,250,13.1364,35.0915,1.59439,3.81136
0,250,13.2114,35.5632,1.63159,3.68249
0,250,13.2989,36.0274,1.47233,3.64505
0,250,13.3655,36.488,1.49076,3.67455
0,250,13.4467,36.9454,1.80543,3.6698
0,250,13.5253,37.399,1.97659,3.52966
0,250,13.6104,37.846,1.93435,3.42494
0,250,13.6839,38.2899,1.78489,3.45002
0,250,13.759,38.7285,1.75561,3.3629
0,250,13.8297,39.1626,1.94937,3.32522
0,250,13.9132,39.5941,2.13242,3.27699
0,250,13.9838,40.019,2.08203,3.18473
0,250,14.0709,40.4441,2.06572,3.18259
0,250,14.1251,40.8611,1.88157,2.99252
0,250,14.2266,41.2783,2.3053,3.03421
0,250,14.2611,41.6877,2.15937,3.06664
0,250,14.4133,42.102,2.87697,2.95143
0,250,14.3861,42.4985,2.2446,2.83823
0,250,14.6525,42.9168,3.91573,3.25516
0,250,14.507,43.2888,2.71744,2.56304
0,250,14.9212,43.6988,4.02643,2.50511
0,250,14.662,44.0594,3.31879,2.48229
0,250,15.1328,44.4968,3.38493,2.47965
0,250,14.7994,44.8036,3.6864,1.79968
0,250,15.202,45.2202,2.58804,2.09391
0,250,15.0274,45.6157,4.35038,2.57882
0,250,15.4552,45.9936,4.11995,2.39535
0,250,15.0861,46.2152,2.66033,1.00096
0,250,15.3903,46.6397,2.61185,0.859009
0,250,15.3283,47.1525,3.81886,2.22393
0,250,15.7493,47.4843,3.58404,1.39079
0,250,15.1846,47.6187,2.98737,1.02149
0,250,15.6352,47.9317,3.37698,1.98127
0,250,15.5674,48.4752,3.64603,1.47809
0,250,15.922,48.8579,4.15939,0.883149
0,250,15.4207,49.0207,2.99628,-0.163767
0,250,15.8688,49.3412,3.37936,0.407219
0,250,15.7392,49.7829,3.59868,0.803795
0,250,16.1828,50.2075,3.71447,0.194485
0,250,15.8073,50.535,4.46697,0.51472
0,250,16.2229,50.781,3.96414,0.69142
0,250,15.6965,51.0504,3.64782,0.537482
0,250,15.3104,51.2883,2.44589,-0.654495
0,250,15.7694,51.6293,2.91867,-0.406634
0,250,14.8401,52.0957,2.79709,-0.405154
0,250,13.2538,32.7416,0.814508,3.82979
0,250,13.3306,33.2352,1.10452,3.88262
0,250,13.4047,33.7365,1.27285,3.85007
0,250,13.5127,34.2203,1.4898,3.93427
0,250,13.5831,34.7005,1.36253,3.90633
0,250,13.6745,35.1736,1.37016,4.04116
0,250,13.7427,35.6458,1.60694,3.91777
0,250,13.8402,36.1148,1.85895,3.77641
0,250,13.9211,36.5759,1.81725,3.59347
0,250,14.0106,37.031,1.67629,3.57795
0,250,14.0838,37.4823,1.68121,3.60268
0,250,14.1676,37.9304,1.88843,3.53972
0,250,14.2495,38.3719,1.98257,3.43543
0,250,14.337,38.8113,2.03006,3.46761
0,250,14.4155,39.2444,1.8906,3.37504
0,250,14.4954,39.6738,1.88453,3.32711
0,250,14.5697,40.0992,2.06373,3.3223
0,250,14.66,40.5216,2.27382,3.17653
0,250,14.7286,40.9382,2.19011,3.06528
0,250,14.8309,41.3543,2.35575,3.13443
0,250,14.8713,41.7627,2.03567,3.00764
0,250,15.0208,42.1749,2.9483,3.10369
0,250,15.0042,42.5689,2.33405,3.05805
0,250,15.2744,42.9839,3.88592,2.92198
0,250,15.164,43.3614,3.13754,2.81038
0,250,15.5698,43.7993,4.44726,3.31313
0,250,15.2868,44.121,3.1438,2.4475
0,250,15.7413,44.526,3.00969,2.14423
0,250,15.4866,44.8991,4.21593,2.80435
0,250,15.9551,45.3151,3.68306,2.33157
0,250,15.6243,45.5574,3.38935,1.2953
0,250,15.9701,46.0185,2.8985,1.52026
0,250,15.8614,46.4548,4.05716,2.78552
0,250,16.3012,46.8447,4.2605,2.54363
0,250,15.8066,46.9443,2.76161,1.03958
0,250,16.2041,47.3339,4.00794,1.35096
0,250,16.1628,47.8757,3.22854,0.359222
0,250,16.5458,48.2556,3.33641,1.25483
0,250,16.0357,48.3476,4.48772,1.27162
0,250,16.4098,48.7708,4.44802,1.98811
0,250,16.366,49.2614,3.75881,2.0833
0,250,16.7455,49.6207,5.1596,0.607613
0,250,16.2529,49.7817,4.15021,1.01147
0,250,16.7872,50.0568,4.48605,0.31171
0,250,16.6189,50.4933,3.99645,0.199157
0,250,17.0388,50.6918,4.02503,-0.0882734
0,250,16.6225,51.0746,4.71834,-0.00193822
0,250,16.1245,51.2976,3.77361,0.292137
0,250,16.4352,51.5999,3.29869,0.0954692
0,250,15.4996,52.0413,2.71374,-0.593651
0,250,13.7818,32.8389,0.979194,4.04154
0,250,13.866,33.3251,0.951225,4.01697
0,250,13.9321,33.814,1.10965,4.10673
0,250,14.0325,34.3044,1.26735,4.09242
0,250,14.1056,34.788,1.4902,3.99067
0,250,14.2156,35.2657,1.63173,4.00173
0,250,14.2937,35.7355,1.51091,3.87764
0,250,14.3887,36.2,1.56445,3.8877
0,250,14.4673,36.6625,1.77272,3.86201
0,250,14.564,37.1207,1.99682,3.73937
0,250,14.6522,37.5714,1.90136,3.56959
0,250,14.7414,38.0169,1.78243,3.50802
0,250,14.8232,38.459,1.8592,3.64809
0,250,14.9097,38.8988,2.00036,3.53322
0,250,14.9962,39.3303,2.09252,3.39167
0,250,15.087,39.7599,2.17597,3.43422
0,250,15.1683,40.1834,2.10851,3.34637
0,250,15.2566,40.6049,2.13631,3.21507
0,250,15.329,41.0192,2.27702,3.24927
0,250,15.4343,41.4366,2.60722,3.21628
0,250,15.489,41.8417,2.39263,2.96044
0,250,15.6355,42.2533,2.97644,3.21785
0,250,15.635,42.6492,2.56738,3.16436
0,250,15.8995,43.0633,4.07916,3.21347
0,250,15.7844,43.4319,3.16877,2.806
0,250,16.1913,43.836,4.15133,2.58326
0,250,15.9888,44.2023,3.86575,2.54716
0,250,16.4579,44.6551,4.11476,2.94429
0,250,16.0964,44.9012,3.49031,1.61656
0,250,16.5084,45.332,2.78307,2.00657
0,250,16.3405,45.7503,4.59453,2.9368
0,250,16.7881,46.1231,4.31385,2.54886
0,250,16.3986,46.3308,2.88742,1.39239
0,250,16.7728,46.734,3.8086,0.796698
0,250,16.7119,47.2514,4.1502,1.63829
0,250,17.1315,47.6439,3.98797,1.75342
0,250,16.6261,47.7259,4.42106,2.34057
0,250,17.0473,48.1211,4.54414,2.20265
0,250,16.8978,48.6064,3.77763,1.11992
0,250,17.3499,48.9476,5.07438,1.2209
0,250,16.8548,49.1148,4.38329,0.99216
0,250,17.288,49.4208,4.68383,0.559854
0,250,17.3157,49.8295,5.58584,0.732459
0,250,17.7652,50.1033,4.53196,1.3722
0,250,17.2794,50.2987,4.59486,0.314491
0,250,17.7067,50.628,3.51132,1.92578
0,250,17.4636,51.0123,4.73947,0.827158
0,250,17.053,51.2441,4.10235,0.062779
0,250,16.9291,51.7025,3.9604,-0.0999324
0,250,16.0342,52.0363,2.39645,0.620881
0,250,14.2837,32.9177,0.939444,4.10508
0,250,14.374,33.4152,1.22796,4.20554
0,250,14.4554,33.9117,1.2094,4.0954
0,250,14.568,34.3955,1.35901,4.21966
0,250,14.6451,34.8782,1.48407,4.26038
0,250,14.7489,35.3576,1.6016,4.20551
0,250,14.8322,35.8313,1.72618,4.01642
0,250,14.94,36.2975,1.73632,3.91186
0,250,15.0282,36.7569,1.64097,3.80215
0,250,15.124,37.2125,1.59895,3.72355
0,250,15.2107,37.6646,1.79231,3.76195
0,250,15.3087,38.1132,2.04414,3.70194
0,250,15.4024,38.5534,1.97805,3.57796
0,250,15.4954,38.9903,1.91213,3.50001
0,250,15.5826,39.4213,2.0285,3.64732
0,250,15.6738,39.8515,2.23222,3.63995
0,250,15.7642,40.2741,2.29238,3.33448
0,250,15.8589,40.6934,2.3917,3.3431
0,250,15.9414,41.1075,2.35929,3.33134
0,250,16.0431,41.5211,2.49097,3.24014
0,250,16.1061,41.9243,2.52867,3.13898
0,250,16.251,42.3352,3.2161,3.23859
0,250,16.2695,42.7286,2.79398,2.94929
0,250,16.5187,43.1403,3.95089,3.06761
0,250,16.4696,43.5205,3.95493,3.17609
0,250,16.8633,43.9609,5.1546,3.47907
0,250,16.5984,44.263,3.47124,2.33509
0,250,17.0492,44.6333,3.14476,1.8456
0,250,16.8353,45.0479,4.3623,3.00644
0,250,17.2981,45.4745,4.36355,2.81977
0,250,16.9166,45.6698,3.40281,1.33688
0,250,17.3093,46.1146,3.34881,1.72495
0,250,17.1936,46.5606,4.79873,2.75622
0,250,17.6426,46.9579,5.45303,2.84528
0,250,17.1899,47.1098,3.60704,1.81228
0,250,17.5966,47.4776,4.26921,1.25151
0,250,17.5452,48.0308,4.29666,1.10297
0,250,17.9634,48.351,4.59426,1.19536
0,250,17.4544,48.5235,4.80285,1.61086
0,250,17.9476,48.8274,4.46504,1.1536
0,250,17.8336,49.2513,5.46702,1.71612
0,250,18.5083,49.5872,5.79789,1.26023
0,250,17.921,49.6391,5.83233,1.32586
0,250,18.2822,50.0145,4.72281,1.68606
0,250,18.1389,50.5151,4.76317,0.753712
0,250,18.3459,50.9871,4.30084,0.133226
0,250,17.9302,51.1835,5.57742,0.934179
0,250,17.4906,51.5603,4.83225,0.283644
0,250,17.6864,52.0144,3.23302,0.77634
0,250,16.5432,52.0647,2.81301,-0.598974
0,250,14.81,33.0176,1.04728,4.30579
0,250,14.8975,33.5073,1.10256,4.33257
0,250,14.9752,34.0031,1.3239,4.35387
0,250,15.0931,34.4956,1.4304,4.39406
0,250,15.1789,34.9782,1.40682,4.17893
0,250,15.2953,35.4541,1.43326,4.10183
0,250,15.3807,35.9261,1.47367,4.04832
0,250,15.4889,36.3955,1.67549,4.09565
0,250,15.5822,36.8592,1.77993,3.91371
0,250,15.6893,37.3131,1.88216,3.83576
0,250,15.7853,37.7636,1.8862,3.85115
0,250,15.8841,38.2096,1.89589,3.76184
0,250,15.979,38.6523,2.08174,3.78928
0,250,16.0778,39.0889,2.33787,3.72367
0,250,16.177,39.5205,2.34387,3.67265
0,250,16.2731,39.947,2.25543,3.51481
0,250,16.3654,40.3679,2.37029,3.53144
0,250,16.4626,40.7876,2.6033,3.54274
0,250,16.554,41.1999,2.61714,3.28313
0,250,16.6598,41.6109,2.69751,3.25095
0,250,16.7345,42.0134,2.60958,3.32398
0,250,16.8735,42.4214,3.05816,3.34745
0,250,16.9061,42.8133,2.93204,3.03987
0,250,17.1553,43.2167,4.12267,3.21021
0,250,17.0909,43.6008,3.64896,2.94495
0,250,17.4676,43.9826,4.14793,2.27989
0,250,17.3767,44.3826,4.70144,2.93777
0,250,17.8194,44.8593,5.29886,3.69508
0,250,17.3996,45.0338,3.20924,1.33532
0,250,17.8369,45.4147,2.8629,1.61829
0,250,17.6856,45.8836,4.71127,3.03155
0,250,18.106,46.2556,4.53738,2.1885
0,250,17.7364,46.4926,3.63197,1.85742
0,250,18.1494,46.9103,4.2906,1.82198
0,250,18.1005,47.3654,5.66008,2.94714
0,250,18.5879,47.7882,6.23084,2.28878
0,250,18.0046,47.8288,4.43887,1.62338
0,250,18.4373,48.2079,5.04638,1.49932
0,250,18.4473,48.7448,4.53862,1.06168
0,250,19.0728,48.9767,4.98408,1.46156
0,250,18.4372,49.1985,4.75559,1.33775
0,250,19.0038,49.3749,4.79519,1.52503
0,250,19.12,49.8611,6.38404,1.19461
0,250,18.7418,50.1268,5.4183,0.491441
0,250,18.6405,50.5821,4.44429,0.320571
0,250,19.0119,50.9128,5.03841,0.208803
0,250,18.6901,51.2952,5.99595,-0.247791
0,250,18.0305,51.6034,4.09848,1.47704
0,250,18.5379,51.6936,4.36846,-1.24745
0,250,17.193,52.0498,2.9194,-0.377921
0,250,15.3178,33.1111,1.03956,4.43591
0,250,15.4174,33.6097,1.20955,4.46992
0,250,15.5053,34.1042,1.22545,4.33402
0,250,15.624,34.5925,1.33361,4.3895
0,250,15.7135,35.08,1.46159,4.43402
0,250,15.8331,35.5615,1.58551,4.36603
0,250,15.9302,36.0331,1.66314,4.18194
0,250,16.0449,36.4987,1.66218,4.0264
0,250,16.1423,36.9596,1.72881,3.98433
0,250,16.2509,37.4179,1.93349,4.08416
0,250,16.3546,37.8717,2.07839,3.9243
0,250,16.4622,38.315,2.19099,3.8378
0,250,16.5644,38.7559,2.22868,3.92285
0,250,16.6677,39.193,2.30291,3.85325
0,250,16.7694,39.6242,2.40368,3.74102
0,250,16.8723,40.0501,2.56743,3.70717
0,250,16.9753,40.4712,2.62627,3.70767
0,250,17.0766,40.8893,2.53549,3.47314
0,250,17.1723,41.2997,2.61875,3.42906
0,250,17.2781,41.7098,2.84083,3.43141
0,250,17.3659,42.1122,2.83138,3.24898
0,250,17.4977,42.5158,3.01241,3.11682
0,250,17.5595,42.9067,3.17149,3.15742
0,250,17.7681,43.3226,3.74833,3.40134
0,250,17.8007,43.6989,4.57427,3.2536
0,250,18.1547,44.1274,5.3974,3.47216
0,250,17.9409,44.4559,4.11595,3.25156
0,250,18.4116,44.7471,4.61762,1.20477
0,250,18.2734,45.2184,5.05128,3.11997
0,250,18.6942,45.6782,5.33805,2.71779
0,250,18.2149,45.7803,3.98796,1.46798
0,250,18.6525,46.1788,3.63434,1.34751
0,250,18.4906,46.6283,4.68027,2.20522
0,250,18.8397,46.9938,4.47458,1.48926
0,250,18.6193,47.3716,4.79478,2.33337
0,250,19.2238,47.6653,5.95554,1.24217
0,250,19.039,48.0587,5.65784,1.95613
0,250,19.3805,48.4342,5.01573,1.70518
0,250,18.8498,48.5384,4.62802,1.73806
0,250,19.5397,48.8652,4.9647,1.38659
0,250,19.8767,49.1307,5.66541,0.65593
0,250,19.4804,49.5145,5.93324,-0.0303196
0,250,19.5449,50.0865,6.46193,0.273414
0,250,19.2051,50.4333,5.09471,-0.0307382
0,250,19.8482,50.4997,5.2222,1.22857
0,250,19.5102,50.8379,4.53387,0.138276
0,250,19.8238,51.2764,5.33047,-1.06055
0,250,19.2834,51.3301,4.65895,0.770652
0,250,19.1701,51.7179,4.72223,0.929087
0,250,18.2246,52.0784,4.8607,0.320412
0,250,15.8388,33.216,1.09352,4.55794
0,250,15.9349,33.7102,1.13767,4.64996
0,250,16.0279,34.2102,1.30225,4.5749
0,250,16.1558,34.7036,1.40155,4.48341
0,250,16.2525,35.1869,1.43509,4.24627
0,250,16.3768,35.6659,1.49201,4.28965
0,250,16.4764,36.1423,1.61638,4.33815
0,250,16.5995,36.6116,1.77872,4.23088
0,250,16.7055,37.0742,1.93385,4.18811
0,250,16.8225,37.5294,1.98894,4.14362
0,250,16.9283,37.9807,2.08494,4.13644
0,250,17.0418,38.4274,2.26781,4.09543
0,250,17.1525,38.8693,2.44293,4.07252
0,250,17.2628,39.3033,2.49691,3.86961
0,250,17.3705,39.733,2.57174,3.89376
0,250,17.4783,40.1607,2.69934,3.83722
0,250,17.5856,40.5796,2.71668,3.61979
0,250,17.6931,40.9954,2.84612,3.55453
0,250,17.7986,41.4033,2.893,3.51046
0,250,17.9085,41.8116,2.86374,3.34771
0,250,18.0035,42.2088,2.87808,3.18519
0,250,18.1322,42.6109,3.21499,3.25077
0,250,18.2039,43.0037,3.18185,3.22289
0,250,18.413,43.3919,3.91904,2.72152
0,250,18.443,43.7925,4.60226,3.17601
0,250,18.7402,44.1977,4.44848,3.55986
0,250,18.8217,44.61,6.49616,3.97953
0,250,19.2044,45.0735,5.58252,3.89938
0,250,18.7485,45.2209,3.72953,2.03594
0,250,19.323,45.5111,5.16592,2.28537
0,250,19.1129,45.9895,5.28135,2.66673
0,250,19.5022,46.4094,5.96356,2.1585
0,250,19.0636,46.5591,4.48085,1.46144
0,250,19.5438,46.8844,3.72549,0.634167
0,250,19.2573,47.2366,4.23417,1.12378
0,250,19.7435,47.6082,5.05437,1.08273
0,250,19.6664,48.0738,5.04718,1.11906
0,250,20.5225,48.2922,5.88545,1.17569
0,250,19.9906,48.4745,5.14941,0.684043
0,250,20.2735,48.8044,5.35747,0.443668
0,250,20.4056,49.3284,5.99656,0.647204
0,250,19.9678,49.5981,5.68049,0.807767
0,250,20.504,49.9234,6.00936,-0.11188
0,250,20.0556,50.0423,5.9391,1.34268
0,250,20.3634,50.5354,5.87698,0.125961
0,250,20.1228,50.9502,6.07637,0.4417
0,250,20.5673,51.1498,6.1175,0.660962
0,250,20.3415,51.5746,3.91675,0.141652
0,250,19.8001,51.7107,3.25805,-0.290207
0,250,18.8481,52.067,2.50495,0.532689
0,250,16.3529,33.3225,1.13318,4.61703
0,250,16.4589,33.8227,1.22698,4.62274
0,250,16.5559,34.3179,1.27048,4.59573
0,250,16.6863,34.8118,1.38802,4.63991
0,250,16.791,35.3018,1.55172,4.55715
0,250,16.9219,35.7843,1.69063,4.46548
0,250,17.0297,36.2568,1.76737,4.30569
0,250,17.1547,36.7263,1.93661,4.3746
0,250,17.2678,37.19,2.05205,4.31977
0,250,17.3906,37.6482,2.15442,4.26976
0,250,17.5083,38.0995,2.28962,4.22836
0,250,17.627,38.5447,2.4312,4.33056
0,250,17.7422,38.9864,2.48417,4.17771
0,250,17.8597,39.4217,2.64771,4.10791
0,250,17.9765,39.8519,2.78855,4.07784
0,250,18.0918,40.2763,2.77396,3.81064
0,250,18.205,40.6946,2.84677,3.79435
0,250,18.3177,41.1102,2.92025,3.72613
0,250,18.4294,41.5204,2.94859,3.55529
0,250,18.5421,41.9248,3.02099,3.45149
0,250,18.6484,42.3232,3.08142,3.28503
0,250,18.7762,42.7241,3.29238,3.40782
0,250,18.869,43.1101,3.55874,3.10496
0,250,19.051,43.5236,4.1599,3.55703
0,250,19.1153,43.8971,4.76147,3.7666
0,250,19.4348,44.2775,5.11813,2.73594
0,250,19.3826,44.6645,6.2713,3.58503
0,250,19.7877,45.0127,5.63912,3.42755
0,250,19.8313,45.4484,7.19241,3.65718
0,250,20.1611,45.9572,5.53759,3.43936
0,250,19.5916,45.9318,4.87542,1.58108
0,250,20.0848,46.3539,4.28659,3.22837
0,250,20.0412,46.7814,6.99366,3.53697
0,250,20.5177,47.0675,6.53725,1.91298
0,250,19.9712,47.2528,4.82082,0.798209
0,250,20.3949,47.5532,4.35563,1.28648
0,250,20.1835,47.9701,4.49595,1.24066
0,250,20.9915,48.4108,5.93747,1.67071
0,250,20.7422,48.8688,5.43618,0.985366
0,250,21.1192,49.0299,6.24701,0.887144
0,250,21.2529,49.5596,5.81849,0.601119
0,250,20.7887,49.5193,6.12553,0.432357
0,250,21.0729,50.0338,6.27271,1.78142
0,250,20.7731,50.3582,5.2316,0.661022
0,250,21.3484,50.6532,5.60666,1.19071
0,250,20.9194,50.8361,6.56093,1.14298
0,250,21.3457,51.1495,5.94885,1.40308
0,250,20.9182,51.4538,4.05006,1.58323
0,250,20.636,51.9794,4.15433,2.55901
0,250,19.4861,52.0941,3.41805,0.552837
0,250,16.8701,33.436,1.24677,4.81688
0,250,16.9774,33.9345,1.36801,4.80909
0,250,17.0843,34.4376,1.38727,4.60457
0,250,17.218,34.9315,1.41782,4.59008
0,250,17.3292,35.4184,1.55609,4.53216
0,250,17.4645,35.9016,1.70672,4.59433
0,250,17.5822,36.381,1.89657,4.55593
0,250,17.7171,36.8501,1.9265,4.46762
0,250,17.8366,37.315,2.09339,4.45136
0,250,17.966,37.7723,2.30343,4.5306
0,250,18.0884,38.227,2.49175,4.50733
0,250,18.2163,38.6724,2.52109,4.32219
0,250,18.3399,39.1123,2.65264,4.32127
0,250,18.4643,39.546,2.78542,4.29035
0,250,18.5859,39.9763,2.7704,4.09322
0,250,18.7075,40.3993,2.93519,4.01679
0,250,18.8284,40.8184,2.99889,3.89253
0,250,18.9474,41.2304,3.01998,3.69246
0,250,19.0649,41.636,3.08391,3.56355
0,250,19.183,42.0397,3.18015,3.54396
0,250,19.298,42.4362,3.34579,3.40619
0,250,19.4226,42.8323,3.42788,3.42778
0,250,19.5287,43.2243,3.81134,3.52896
0,250,19.6975,43.6126,3.97199,3.52395
0,250,19.8355,44.0002,5.89896,3.40013
0,250,20.0275,44.4393,4.315,4.1113
0,250,20.2059,44.8148,6.48234,3.89918
0,250,20.5523,45.1389,6.56396,1.8225
0,250,20.3115,45.5329,5.10595,2.47944
0,250,20.7905,45.706,5.74437,2.7578
0,250,20.6537,46.2218,5.07386,2.50284
0,250,21.2224,46.581,7.04378,1.44173
0,250,20.6393,46.6664,6.72615,1.4
0,250,21.1439,47.0041,5.1986,2.44139
0,250,20.9099,47.4268,5.18551,2.56023
0,250,21.3263,47.8515,5.66101,2.23339
0,250,20.8305,47.9001,4.23486,1.7532
0,250,21.4234,48.4092,6.23634,0.802276
0,250,21.5779,48.8373,6.47062,1.54558
0,250,21.6573,49.3242,6.41953,1.59925
0,250,22.1593,49.6333,6.77153,1.51229
0,250,21.6859,49.8578,6.07692,1.19754
0,250,22.167,50.1267,7.47734,0.487557
0,250,21.5311,50.2633,5.93157,0.526471
0,250,22.0301,50.5589,6.08426,0.266608
0,250,21.8707,50.9154,5.97796,0.364055
0,250,22.3921,51.2832,7.45574,1.02354
0,250,21.8367,51.3656,6.50787,-0.666195
0,250,21.3955,51.659,5.34358,0.0852091
0,250,20.1423,52.0449,4.01178,-1.8996
0,250,17.388,33.5537,1.18873,4.84579
0,250,17.5,34.0563,1.20037,4.75873
0,250,17.6093,34.555,1.45549,4.79968
0,250,17.7503,35.0535,1.6108,4.78079
0,250,17.8712,35.5453,1.74322,4.71534
0,250,18.013,36.0305,1.84693,4.65131
0,250,18.137,36.507,2.01533,4.60244
0,250,18.2766,36.9815,2.30363,4.68398
0,250,18.4067,37.4458,2.47956,4.61257
0,250,18.5428,37.9056,2.5523,4.6173
0,250,18.6755,38.3569,2.62486,4.50811
0,250,18.808,38.804,2.80227,4.59181
0,250,18.9408,39.2463,2.89527,4.48903
0,250,19.0723,39.6798,2.87085,4.24977
0,250,19.203,40.1085,3.01741,4.26697
0,250,19.3314,40.5289,3.04472,4.02246
0,250,19.4591,40.946,3.08285,3.96111
0,250,19.5846,41.3539,3.18101,3.78886
0,250,19.709,41.7615,3.25024,3.74595
0,250,19.8324,42.1587,3.36823,3.61343
0,250,19.9527,42.5564,3.45417,3.46693
0,250,20.0832,42.9461,3.7657,3.67745
0,250,20.1985,43.3342,3.9993,3.43343
0,250,20.3682,43.7229,4.65107,3.55101
0,250,20.4579,44.1247,5.00191,4.25652
0,250,20.7041,44.4755,4.54767,3.46742
0,250,20.9373,44.8637,8.07942,3.46745
0,250,21.0769,45.3734,5.3078,4.46572
0,250,21.4281,45.6876,8.41388,2.9871
0,250,21.6309,46.1366,5.90111,3.78621
0,250,21.1134,46.1265,4.99448,1.17959
0,250,21.9247,46.4582,6.52086,2.95299
0,250,21.6448,46.8647,5.08112,1.78759
0,250,21.9552,47.2325,5.65279,1.96247
0,250,21.4562,47.4447,5.11174,1.82122
0,250,21.9323,47.744,5.05167,0.682331
0,250,21.8098,48.1499,6.31519,1.69001
0,250,22.0601,48.6837,5.46317,2.31025
0,250,22.1224,49.1469,7.23324,1.90933
0,250,22.6095,49.3345,8.69726,1.51754
0,250,23.0392,49.5802,8.37475,1.50697
0,250,22.6371,49.8791,7.50169,0.879133
0,250,23.0651,50.1316,6.72497,1.70484
0,250,22.6012,50.4172,6.57728,1.46351
0,250,23.0726,50.6406,6.93277,0.680411
0,250,22.5183,50.8837,5.98927,0.844559
0,250,23.0254,51.1037,6.86784,0.224455
0,250,22.7513,51.5555,5.35837,0.818008
0,250,22.0464,51.7536,4.31671,0.734087
0,250,21.0853,51.9823,4.87294,-0.601548
0,250,17.9038,33.6779,1.38654,4.98729
0,250,18.0228,34.179,1.53025,4.93791
0,250,18.1406,34.6849,1.48788,4.77984
0,250,18.2826,35.1826,1.58759,4.81543
0,250,18.4121,35.6758,1.81105,4.81883
0,250,18.5582,36.1628,1.97242,4.85185
0,250,18.6945,36.6446,2.21954,4.83764
0,250,18.8415,37.1167,2.30159,4.84426
0,250,18.9804,37.5859,2.50579,4.81347
0,250,19.1254,38.0459,2.61425,4.79833
0,250,19.265,38.5012,2.79798,4.72652
0,250,19.4081,38.9464,2.83195,4.64882
0,250,19.5471,39.3882,2.92033,4.50485
0,250,19.6879,39.8201,3.10236,4.49283
0,250,19.824,40.2483,3.11308,4.33738
0,250,19.9628,40.6692,3.23043,4.1252
0,250,20.095,41.0824,3.26198,4.09912
0,250,20.229,41.4912,3.34095,3.89067
0,250,20.3606,41.8939,3.50659,4.00898
0,250,20.4901,42.2895,3.56784,3.68273
0,250,20.6224,42.684,3.85844,3.85765
0,250,20.753,43.0669,3.95035,3.6546
0,250,20.8831,43.457,4.24627,3.6627
0,250,21.0308,43.8301,4.10452,3.43142
0,250,21.19,44.2016,5.17104,2.9722
0,250,21.3791,44.5787,5.24773,2.71332
0,250,21.5128,45.0099,4.97871,3.9283
0,250,21.7994,45.2693,6.47644,2.61394
0,250,21.9782,45.7059,6.31023,3.25705
0,250,22.2703,46.0807,7.11851,2.76727
0,250,22.5782,46.4169,7.18896,1.95161
0,250,22.7672,46.821,6.99541,2.83652
0,250,22.2375,46.8373,7.41695,1.90149
0,250,22.8071,47.278,7.36388,2.54539
0,250,22.366,47.4431,5.33474,0.470319
0,250,22.5472,47.9133,5.61083,1.19639
0,250,22.3039,48.2843,6.06691,0.553296
0,250,22.5819,48.7785,4.9165,2.16274
0,250,22.9805,48.995,7.61872,0.894261
0,250,23.4997,49.4389,7.82875,1.86511
0,250,24.0008,49.5857,7.45404,0.989223
0,250,23.54,49.9155,7.83979,2.35759
0,250,23.9762,50.1147,7.2685,1.62849
0,250,23.5194,50.4412,7.95215,1.50776
0,250,23.9434,50.6746,8.35867,0.938278
0,250,23.5323,51.0054,6.57368,0.732276
0,250,23.878,51.2756,5.00159,0.103987
0,250,23.2542,51.5303,4.48722,1.27163
0,250,22.8342,52.0376,5.52721,1.20934
0,250,21.6423,52.133,5.39788,0.310102
0,250,18.4237,33.8061,1.32175,5.03455
0,250,18.5425,34.3124,1.3458,4.94403
0,250,18.6679,34.8159,1.64256,5.024
0,250,18.819,35.3175,1.76744,4.97242
0,250,18.956,35.8129,1.95186,4.94936
0,250,19.1091,36.3031,2.12388,5.00053
0,250,19.2545,36.7862,2.35617,4.99704
0,250,19.41,37.265,2.52235,4.98628
0,250,19.5577,37.7317,2.71491,4.92325
0,250,19.7097,38.1946,2.9257,4.93983
0,250,19.8613,38.6483,3.01796,4.78026
0,250,20.0104,39.0963,3.14416,4.79938
0,250,20.1603,39.5359,3.27098,4.59982
0,250,20.3073,39.9692,3.26832,4.52931
0,250,20.455,40.3964,3.38347,4.41211
0,250,20.5967,40.8129,3.38664,4.15071
0,250,20.7436,41.2267,3.55721,4.17907
0,250,20.8814,41.6291,3.65358,3.98687
0,250,21.0248,42.0291,3.72319,3.97292
0,250,21.1612,42.4225,4.00854,3.97748
0,250,21.3024,42.8121,4.13008,3.83742
0,250,21.4354,43.195,4.13686,3.70302
0,250,21.5878,43.5785,4.69439,3.84295
0,250,21.7362,43.9458,4.98853,3.61279
0,250,21.8935,44.3491,5.34642,3.57706
0,250,22.0709,44.7064,5.25633,3.93588
0,250,22.3455,45.0425,6.25682,3.00394
0,250,22.4208,45.4908,6.41937,3.28651
0,250,22.7442,45.8116,6.92042,3.23577
0,250,23.0589,46.1932,8.48326,3.49898
0,250,23.2514,46.6139,7.79592,3.24327
0,250,23.7122,46.9448,8.39096,3.23498
0,250,23.2701,47.1424,7.33341,2.05946
0,250,23.4524,47.6101,6.77492,2.93744
0,250,22.9701,47.7538,5.85805,1.64659
0,250,23.4056,48.0752,5.48938,2.10754
0,250,22.8617,48.35,4.38936,2.27577
0,250,23.2753,48.5101,5.69844,1.50957
0,250,23.4682,48.9905,6.72623,1.4646
0,250,24.2698,49.2655,7.75842,1.83733
0,250,24.9646,49.8362,9.16286,2.3778
0,250,24.4418,49.8623,8.32664,0.336448
0,250,24.8083,50.3338,8.0622,0.974837
0,250,24.4002,50.4101,8.32446,-0.463372
0,250,25.0847,50.7248,9.87504,0.653889
0,250,24.3253,50.9485,7.93577,0.181339
0,250,24.7512,51.0491,7.76992,-0.41039
0,250,24.3307,51.4971,7.42536,-1.29708
0,250,23.7245,51.7076,6.90191,-0.585988
0,250,22.3311,51.999,4.89603,-0.175722
0,250,18.94,33.9428,1.52676,5.14872
0,250,19.0701,34.4449,1.65016,5.06148
0,250,19.2002,34.9576,1.67687,5.08895
0,250,19.3538,35.4605,1.87881,5.10358
0,250,19.5017,35.9598,2.10269,5.12802
0,250,19.6602,36.4508,2.25987,5.17096
0,250,19.8163,36.9377,2.49857,5.12124
0,250,19.9792,37.4144,2.69952,5.20889
0,250,20.1401,37.8888,2.92632,5.15546
0,250,20.3025,38.3499,2.92816,5.01969
0,250,20.4593,38.8076,3.16857,5.01691
0,250,20.6204,39.2546,3.31668,4.93801
0,250,20.7776,39.6976,3.43475,4.68772
0,250,20.9362,40.1268,3.533,4.61362
0,250,21.0904,40.5538,3.60964,4.47445
0,250,21.247,40.9712,3.84619,4.45954
0,250,21.3967,41.381,3.82861,4.39856
0,250,21.5521,41.7904,4.11017,4.40159
0,250,21.6988,42.1882,4.27191,4.61364
0,250,21.849,42.5853,4.20993,4.25709
0,250,21.997,42.9797,4.49821,4.53917
0,250,22.1425,43.3578,4.56577,4.18336
0,250,22.2881,43.7524,4.46002,3.94104
0,250,22.44,44.1305,4.95933,4.52415
0,250,22.6243,44.4865,5.37519,3.42822
0,250,22.831,44.8972,6.52978,3.96366
0,250,23.0041,45.2786,5.76603,3.8042
0,250,23.2255,45.6485,6.8041,3.99434
0,250,23.5602,45.9899,7.69726,3.74903
0,250,23.7012,46.3982,9.29006,4.56421
0,250,24.1378,46.8235,9.72546,4.06499
0,250,24.4882,47.2304,9.71646,3.73811
0,250,23.9164,47.3785,7.37901,2.61983
0,250,24.3772,47.6444,6.84701,3.14957
0,250,23.9228,47.9032,6.15968,1.90168
0,250,24.2724,48.2262,7.0887,3.18607
0,250,23.8496,48.4424,6.2299,1.81399
0,250,24.4276,48.823,6.9964,1.30789
0,250,23.9099,48.8766,7.51864,1.15394
0,250,24.7627,49.4265,8.22406,1.89195
0,250,25.4879,49.8167,9.15622,1.568
0,250,25.3473,50.2595,9.72143,1.08582
0,250,25.9735,50.0691,10.1212,0.657655
0,250,25.7197,50.561,10.2114,0.56953
0,250,26.1257,51.062,8.69879,1.47187
0,250,25.4406,50.9896,7.78302,0.276987
0,250,25.6527,51.3134,9.19311,0.611978
0,250,24.8785,51.4635,6.05956,0.763743
0,250,24.433,51.9097,6.6784,1.34657
0,250,23.3175,52.0355,5.87146,0.453729
0,250,19.4603,34.0816,1.49903,5.23915
0,250,19.5892,34.5942,1.65899,5.20025
0,250,19.731,35.1027,1.94473,5.27286
0,250,19.8923,35.6077,2.05323,5.21904
0,250,20.0482,36.1096,2.35149,5.27977
0,250,20.2158,36.6056,2.50779,5.27822
0,250,20.3825,37.0953,2.74363,5.30407
0,250,20.5544,37.5788,2.91001,5.295
0,250,20.7242,38.0516,3.08475,5.1784
0,250,20.8952,38.5185,3.34866,5.26534
0,250,21.0678,38.9743,3.44027,5.11677
0,250,21.2336,39.423,3.49758,5.02934
0,250,21.4048,39.8629,3.67007,4.80956
0,250,21.5692,40.2947,3.81061,4.81397
0,250,21.737,40.7199,3.89482,4.63581
0,250,21.8992,41.1375,4.02083,4.60987
0,250,22.0637,41.5486,4.30025,4.66131
0,250,22.2206,41.9519,4.20491,4.47738
0,250,22.3842,42.3512,4.46865,4.42851
0,250,22.5349,42.7371,4.50765,4.32449
0,250,22.6919,43.126,4.36696,3.84691
0,250,22.8428,43.503,4.678,4.22825
0,250,22.9935,43.8703,4.5253,3.52768
0,250,23.1652,44.2495,5.18598,3.76574
0,250,23.3104,44.6185,5.46692,3.63368
0,250,23.5218,44.9976,5.97959,3.66821
0,250,23.7146,45.3491,6.3401,3.64951
0,250,24.0145,45.6733,7.44456,2.52956
0,250,24.1497,46.1054,5.94591,3.17395
0,250,24.4054,46.4503,8.5264,3.19476
0,250,24.7563,46.7798,8.54263,3.14799
0,250,25.0317,47.1812,9.43825,3.22139
0,250,24.952,47.6141,8.25873,3.09672
0,250,25.4496,47.8323,8.36284,3.38588
0,250,24.7516,48.0415,6.3282,1.99838
0,250,25.2347,48.2109,7.4233,2.14257
0,250,24.7313,48.5302,8.29461,2.20957
0,250,25.3089,48.6827,7.74238,2.13975
0,250,24.9878,49.026,7.52758,2.56555
0,250,25.3621,49.3776,8.6437,2.04683
0,250,26.0329,49.6668,9.45688,1.06201
0,250,26.5582,50.0747,9.00059,0.762385
0,250,26.9323,50.2722,9.16792,1.2875
0,250,26.1591,50.531,9.87413,1.81128
0,250,26.5711,50.7385,9.71189,0.740133
0,250,26.529,51.2659,9.60461,0.407749
0,250,26.9967,50.8498,10.0754,0.905053
0,250,25.9619,51.629,9.38607,-0.0934898
0,250,25.2653,51.6659,7.14229,-1.24977
0,250,23.9488,52.086,6.36245,-2.53908
0,250,19.9791,34.2323,1.68264,5.39612
0,250,20.1194,34.7366,1.81546,5.39251
0,250,20.2633,35.2588,1.93799,5.43968
0,250,20.433,35.7671,2.1556,5.45325
0,250,20.5977,36.2751,2.35023,5.5015
0,250,20.7719,36.7697,2.62308,5.44401
0,250,20.9489,37.2639,2.87367,5.5001
0,250,21.131,37.7452,3.02539,5.38688
0,250,21.3144,38.225,3.27636,5.42674
0,250,21.4962,38.6882,3.37524,5.30116
0,250,21.6754,39.15,3.52289,5.2596
0,250,21.8583,39.5966,3.74379,5.2249
0,250,22.0332,40.0401,3.84623,5.00818
0,250,22.2165,40.4706,4.01429,4.96791
0,250,22.3889,40.8977,4.3144,5.06245
0,250,22.5674,41.3104,4.38085,4.79112
0,250,22.7403,41.7246,4.56877,4.98244
0,250,22.9115,42.1204,4.79682,4.81464
0,250,23.0781,42.5218,4.53675,4.61344
0,250,23.2459,42.9098,4.84554,4.83746
0,250,23.4025,43.2922,4.55484,4.17228
0,250,23.5682,43.6755,4.77285,4.32722
0,250,23.7257,44.0409,5.03255,4.20191
0,250,23.8845,44.4218,4.94396,3.86962
0,250,24.0661,44.774,5.79091,4.05034
0,250,24.2658,45.1368,6.30888,3.75898
0,250,24.5166,45.5108,7.99762,3.97704
0,250,24.7048,45.9023,7.11305,4.20933
0,250,24.9587,46.2402,7.97703,3.59667
0,250,25.24,46.621,9.22763,4.00835
0,250,25.5779,46.9707,9.08434,3.37916
0,250,25.5744,47.374,9.66474,4.18714
0,250,26.0135,47.6572,9.7302,2.72533
0,250,26.5292,47.9633,9.99904,1.976
0,250,25.9006,48.1001,9.1815,2.81267
0,250,26.3499,48.3789,9.95947,2.06599
0,250,25.7674,48.5423,8.04564,1.15509
0,250,26.2457,48.7969,7.86197,1.98317
0,250,25.668,49.0611,7.72484,1.52774
0,250,26.1262,49.2798,8.37591,0.759056
0,250,26.6742,49.6844,10.2585,0.950347
0,250,27.1845,49.7438,9.7021,1.96022
0,250,27.5114,50.0732,8.95789,1.16354
0,250,27.3877,50.5143,9.63505,1.45224
0,250,27.6244,50.9531,9.5175,0.588753
0,250,27.8618,51.3975,11.3423,0.809351
0,250,27.2064,51.2521,9.0995,0.778365
0,250,26.5357,51.6741,8.65496,0.833253
0,250,25.978,52.0484,7.01949,1.20837
0,250,24.85,52.0358,7.16657,0.985188
0,250,20.4988,34.3845,1.67678,5.56763
0,250,20.6412,34.9041,1.8661,5.54321
0,250,20.7986,35.4181,2.08372,5.61073
0,250,20.9732,35.9313,2.25177,5.643
0,250,21.1501,36.44,2.55821,5.67028
0,250,21.3337,36.9417,2.62574,5.66701
0,250,21.5219,37.4382,2.86475,5.62768
0,250,21.7123,37.9267,3.18918,5.69136
0,250,21.9086,38.4062,3.41274,5.54879
0,250,22.1029,38.8793,3.59507,5.5554
0,250,22.2969,39.3381,3.87166,5.49392
0,250,22.4859,39.791,3.94648,5.3462
0,250,22.6815,40.2314,4.23012,5.33403
0,250,22.8669,40.6633,4.3697,5.27718
0,250,23.0622,41.0884,4.43609,5.23138
0,250,23.2444,41.5034,4.80135,5.28864
0,250,23.4293,41.9103,4.59148,4.99008
0,250,23.6081,42.3105,4.76931,4.80812
0,250,23.7799,42.699,4.76535,4.60592
0,250,23.9551,43.0832,4.84378,4.48201
0,250,24.1193,43.4568,5.11364,4.29191
0,250,24.291,43.8314,5.11663,4.24622
0,250,24.4512,44.1959,5.30545,4.25375
0,250,24.6438,44.5464,5.75168,3.73678
0,250,24.7995,44.9159,5.97456,3.83434
0,250,25.036,45.251,6.66793,3.24839
0,250,25.1938,45.6379,7.15452,4.02634
0,250,25.4691,45.9554,7.78966,3.50838
0,250,25.6507,46.3396,8.54336,3.78822
0,250,26.017,46.6489,10.005,3.12641
0,250,26.1627,47.0643,8.46988,3.43026
0,250,26.4053,47.416,10.6023,3.01198
0,250,26.8988,47.7051,11.3503,3.27804
0,250,27.3177,48.0095,10.6884,3.10318
0,250,26.9488,48.3262,9.75278,2.79912
0,250,27.4879,48.559,10.5116,3.05819
0,250,26.9006,48.7194,8.37442,2.08059
0,250,27.4724,48.9413,10.5648,2.53398
0,250,26.6144,49.1283,9.34973,1.96165
0,250,27.6212,49.3556,11.0022,2.55863
0,250,27.0516,49.2828,9.89351,0.746822
0,250,27.8459,49.7289,10.0991,1.68118
0,250,28.1515,50.1608,10.6606,0.604211
0,250,27.9262,50.5351,10.8553,0.898268
0,250,28.1635,51.0012,8.58077,0.54036
0,250,28.4362,51.3941,9.88532,1.58057
0,250,27.6268,51.7395,6.99772,-0.807964
0,250,27.1275,51.643,8.63256,0.924234
0,250,28.3341,51.8281,8.46395,1.54151
0,250,25.4591,52.0452,8.24533,-3.05435
0,250,21.0187,34.5491,1.8076,5.74259
0,250,21.1716,35.0607,1.97148,5.79778
0,250,21.3323,35.5921,2.17288,5.78789
0,250,21.5203,36.1069,2.32991,5.87981
0,250,21.7014,36.6244,2.52026,5.8351
0,250,21.8973,37.1241,2.85603,5.84044
0,250,22.0949,37.6282,3.10435,5.87924
0,250,22.2995,38.1128,3.17184,5.75479
0,250,22.5051,38.6009,3.47929,5.80426
0,250,22.7132,39.0671,3.80991,5.75832
0,250,22.9178,39.5336,3.84821,5.60583
0,250,23.126,39.9816,4.27399,5.72264
0,250,23.3261,40.4265,4.34798,5.5572
0,250,23.538,40.8594,4.78476,5.68092
0,250,23.7321,41.2837,4.90439,5.575
0,250,23.9404,41.6974,4.89399,5.23385
0,250,24.1283,42.1016,5.14663,5.32313
0,250,24.3254,42.4939,5.07912,4.8003
0,250,24.5041,42.8793,5.19189,4.77
0,250,24.6889,43.252,5.11176,4.31482
0,250,24.8613,43.6246,5.23455,4.33474
0,250,25.0404,43.9752,5.52784,4.04611
0,250,25.2087,44.3443,5.56835,3.84912
0,250,25.3952,44.6862,6.09521,3.86578
0,250,25.5839,45.0456,6.77756,3.86218
0,250,25.7716,45.3853,6.75968,3.78417
0,250,26.0079,45.7455,8.1872,3.73947
0,250,26.2024,46.0811,7.74061,3.80477
0,250,26.4847,46.4356,9.45322,3.72126
0,250,26.7159,46.7997,9.32608,3.86314
0,250,26.8954,47.1677,9.72419,4.06411
0,250,27.3069,47.4147,11.5703,2.56642
0,250,27.7346,47.7338,11.3863,3.13215
0,250,27.8163,48.1933,9.76098,2.86481
0,250,28.1915,48.4885,11.5201,1.61585
0,250,28.749,48.7543,11.5881,2.59638
0,250,28.0994,48.8768,9.76385,2.09302
0,250,28.8895,49.1004,11.8263,2.2353
0,250,28.213,49.2308,11.6611,1.46176
0,250,28.8119,49.5179,11.0883,2.26842
0,250,28.3689,49.6615,11.3825,1.10084
0,250,28.6449,50.1389,10.901,1.79747
0,250,28.5179,50.6001,9.96373,1.11722
0,250,29.0726,50.4468,10.5226,1.50542
0,250,28.7804,50.9736,9.78287,1.43828
0,250,29.5403,51.3141,10.6776,-0.86772
0,250,28.9771,51.3626,8.63062,1.17217
0,250,29.1143,51.7439,9.32425,0.552556
0,250,28.6698,52.0594,10.3835,1.13297
0,250,26.5984,52.0563,8.05483,0.105806
0,250,21.5411,34.7188,1.85772,5.9584
0,250,21.6972,35.2466,2.06225,5.94074
0,250,21.8704,35.7701,2.30073,6.03163
0,250,22.0644,36.2918,2.52578,5.96542
0,250,22.2621,36.8089,2.75587,6.0453
0,250,22.4645,37.3184,2.83762,6.03017
0,250,22.6772,37.821,3.07561,6.02504
0,250,22.8901,38.3156,3.50811,6.08098
0,250,23.1138,38.8029,3.70486,6.0688
0,250,23.334,39.2805,3.95309,5.95559
0,250,23.5561,39.7465,4.28118,6.08473
0,250,23.7758,40.2043,4.47431,5.97428
0,250,23.9985,40.6484,4.88563,6.12116
0,250,24.2145,41.0837,4.84646,5.90571
0,250,24.4375,41.5045,5.28965,5.79471
0,250,24.6423,41.9158,5.34705,5.61796
0,250,24.8578,42.3116,5.5619,5.28027
0,250,25.0529,42.7016,5.65132,5.17505
0,250,25.2581,43.0799,5.94558,4.98375
0,250,25.4465,43.4522,6.12129,4.90663
0,250,25.6372,43.8201,6.10949,4.60522
0,250,25.8284,44.1763,6.30061,4.49774
0,250,26.0046,44.5368,6.49036,4.32595
0,250,26.2116,44.8752,6.92281,3.82388
0,250,26.3694,45.2552,7.41828,4.54677
0,250,26.6237,45.5509,7.99973,4.09182
0,250,26.8078,45.9515,8.83999,3.88875
0,250,27.0707,46.2419,9.41599,4.03856
0,250,27.2625,46.6462,8.98792,3.73507
0,250,27.5345,46.9229,9.45636,3.90544
0,250,27.8482,47.2486,10.7967,3.16348
0,250,28.2732,47.5408,11.52,3.105
0,250,28.3471,47.9601,11.6975,2.34965
0,250,28.6879,48.2542,11.1317,3.80445
0,250,29.1497,48.3848,12.432,2.12866
0,250,29.3885,48.8516,12.5174,3.40396
0,250,29.5324,49.2285,12.5193,3.69328
0,250,30.0435,49.5696,12.9261,2.58489
0,250,29.4057,49.6255,12.0071,2.62887
0,250,29.9024,49.9621,12.2219,3.12541
0,250,29.1175,49.9328,11.7951,2.5907
0,250,30.1144,50.3591,13.5441,2.33683
0,250,29.5591,50.2948,12.331,0.810192
0,250,29.7736,50.7919,10.7198,2.21875
0,250,29.3388,50.8395,9.84364,-0.129301
0,250,30.1027,51.2802,9.86643,0.872302
0,250,29.7626,51.6744,8.49926,-0.0124766
0,250,30.4728,51.6073,9.74567,-0.826083
0,250,29.9706,52.0499,8.27471,2.55077
0,250,27.2155,52.1044,7.41346,0.843308
0,250,22.0593,34.9,1.95225,6.19993
0,250,22.2279,35.4193,2.16082,6.23613
0,250,22.4051,35.9612,2.33888,6.1913
0,250,22.6147,36.4876,2.50262,6.26723
0,250,22.8174,37.0146,2.79447,6.20827
0,250,23.0399,37.5233,3.09853,6.24635
0,250,23.259,38.0355,3.37067,6.24696
0,250,23.4906,38.5274,3.50629,6.33256
0,250,23.7228,39.0224,3.9047,6.21568
0,250,23.9612,39.4984,4.17246,6.3164
0,250,24.1963,39.9686,4.52454,6.32184
0,250,24.4346,40.4236,4.85211,6.37515
0,250,24.671,40.8687,5.18085,6.25525
0,250,24.9109,41.2958,5.58065,6.21092
0,250,25.1391,41.7189,5.68311,5.97271
0,250,25.3754,42.1227,6.03231,5.77742
0,250,25.5901,42.5242,6.06429,5.54127
0,250,25.816,42.9077,6.35362,5.42856
0,250,26.0136,43.2918,6.17194,5.16371
0,250,26.2307,43.654,6.61183,5.05751
0,250,26.4105,44.0269,6.66272,4.92255
0,250,26.6316,44.3667,7.31718,4.76626
0,250,26.7885,44.7467,7.27505,4.98114
0,250,27.0491,45.0409,8.25725,4.43799
0,250,27.1742,45.451,8.189,4.589
0,250,27.4746,45.7087,8.79749,4.13276
0,250,27.6211,46.1275,8.95958,4.48268
0,250,27.9026,46.3911,9.14379,3.7981
0,250,28.1377,46.7722,9.66737,3.77216
0,250,28.4402,47.0734,11.0893,3.19121
0,250,28.8093,47.4818,11.9134,3.64343
0,250,29.0109,47.812,11.707,3.90449
0,250,29.4983,48.0086,12.9104,3.15013
0,250,29.6991,48.4589,11.5826,3.99086
0,250,30.0879,48.7175,12.5281,2.37919
0,250,30.0937,49.1301,12.2476,2.8571
0,250,30.7901,49.2775,14.3589,2.14875
0,250,31.1378,49.6254,12.5463,2.27675
0,250,30.5202,49.6787,12.4998,1.20061
0,250,31.306,50.0107,13.4447,2.34116
0,250,30.7129,50.0417,13.7513,0.710399
0,250,31.1427,50.4406,13.1562,1.70742
0,250,30.564,50.4669,12.7711,1.06423
0,250,30.9896,50.8322,12.1687,1.55131
0,250,30.2833,50.8863,10.4991,0.355493
0,250,31.3576,51.2021,14.1387,1.47231
0,250,30.7335,51.1964,12.4557,-0.217404
0,250,31.078,51.5786,11.2913,-0.00195251
0,250,31.0416,52.0437,8.60243,-0.0824598
0,250,27.923,52.1066,8.15286,-0.849202
0,250,22.5845,35.0899,1.99322,6.43757
0,250,22.7559,35.6303,2.13662,6.40853
0,250,22.9495,36.1644,2.37115,6.44799
0,250,23.169,36.6987,2.62846,6.48921
0,250,23.3881,37.2261,2.91161,6.47953
0,250,23.6164,37.745,3.13279,6.53787
0,250,23.8568,38.2563,3.49578,6.54723
0,250,24.0971,38.7578,3.8693,6.60033
0,250,24.3483,39.2535,4.14196,6.60269
0,250,24.6012,39.7323,4.59772,6.61048
0,250,24.8545,40.208,4.74722,6.81881
0,250,25.1155,40.666,5.37452,6.69899
0,250,25.3707,41.1104,5.63577,6.71797
0,250,25.6227,41.5489,6.06747,6.61115
0,250,25.8784,41.9665,6.41502,6.45208
0,250,26.1193,42.3819,6.76412,6.24121
0,250,26.3651,42.7735,6.9626,5.86722
0,250,26.5947,43.1611,7.21853,5.65537
0,250,26.8214,43.5294,7.35328,5.39044
0,250,27.0381,43.8947,7.40376,5.05118
0,250,27.2457,44.2507,7.56015,5.21636
0,250,27.4572,44.5887,7.85553,4.61251
0,250,27.6396,44.969,7.74278,5.26266
0,250,27.891,45.2594,9.00096,4.59279
0,250,28.0389,45.6757,8.5206,5.12751
0,250,28.3505,45.9123,9.60642,4.29585
0,250,28.4724,46.3566,9.35364,4.58635
0,250,28.8535,46.5155,10.1519,3.84555
0,250,28.9506,46.9825,9.95619,3.7807
0,250,29.3694,47.1211,11.3673,2.85422
0,250,29.5142,47.5564,10.855,2.98815
0,250,30.0098,47.665,11.5766,2.43712
0,250,30.1041,48.1574,12.4122,2.09327
0,250,30.5687,48.3694,12.5522,2.92711
0,250,30.6047,48.9076,11.8767,2.71102
0,250,31.2601,48.9974,13.906,2.49622
0,250,31.5825,49.4202,13.7278,3.53806
0,250,31.9592,49.6433,14.1925,2.06623
0,250,31.8737,50.0674,13.795,2.5316
0,250,32.4838,50.023,15.7304,1.98767
0,250,31.6721,50.4927,12.5431,2.23725
0,250,32.2436,50.4216,13.5465,0.307659
0,250,31.7106,50.894,13.5884,1.42382
0,250,32.3982,50.8337,13.1492,0.491995
0,250,31.983,51.2599,15.1299,1.27849
0,250,32.5486,51.1782,13.1591,0.354834
0,250,31.6594,51.6416,12.913,0.238092
0,250,32.264,51.658,13.5528,1.1423
0,250,32.213,52.0701,9.85673,0.848441
0,250,29.352,52.0876,10.8473,-1.02794
0,250,23.1017,35.2904,2.09771,6.64003
0,250,23.2901,35.8195,2.28983,6.60026
0,250,23.4859,36.3753,2.52907,6.71734
0,250,23.7257,36.9158,2.85685,6.67397
0,250,23.9529,37.4528,3.11094,6.73339
0,250,24.2072,37.9743,3.46488,6.79831
0,250,24.4523,38.4952,3.77947,6.82323
0,250,24.7176,38.9999,4.07094,6.90221
0,250,24.9815,39.4993,4.54121,6.92867
0,250,25.2522,39.9886,4.80485,7.07129
0,250,25.5301,40.4567,5.4494,7.07298
0,250,25.8055,40.9109,5.71676,6.97048
0,250,26.0744,41.3529,6.29276,6.84138
0,250,26.3507,41.7777,6.59081,6.72879
0,250,26.6072,42.1967,7.18342,6.61648
0,250,26.8808,42.5964,7.36322,6.28929
0,250,27.1264,42.9953,7.83605,6.34275
0,250,27.3899,43.3744,7.95988,6.07816
0,250,27.6192,43.7521,8.23494,6.04852
0,250,27.8657,44.1149,8.40011,5.70196
0,250,28.0717,44.477,8.45454,5.76078
0,250,28.3111,44.8081,8.77566,5.22854
0,250,28.4842,45.184,8.39029,5.43261
0,250,28.7637,45.4607,9.51816,4.60941
0,250,28.8902,45.876,9.13387,5.26364
0,250,29.2663,46.0554,10.4669,3.94174
0,250,29.3573,46.5314,10.1862,4.54421
0,250,29.7704,46.6877,11.173,4.02698
0,250,29.9122,47.1378,11.0075,4.28482
0,250,30.3849,47.303,12.3853,3.22179
0,250,30.5012,47.8433,12.1141,3.72944
0,250,30.9574,47.9667,12.7686,4.06816
0,250,31.0029,48.5598,13.0172,3.88386
0,250,31.486,48.4794,13.6295,3.04063
0,250,31.7391,48.9377,14.3692,3.61055
0,250,32.2155,49.0014,13.6122,2.9017
0,250,32.3915,49.4648,14.0121,2.57427
0,250,32.8218,49.7548,15.3414,2.31428
0,250,33.1485,50.1747,13.9129,2.97454
0,250,33.7506,49.9357,15.0628,1.5229
0,250,32.81,50.5032,13.2003,2.49045
0,250,34.0249,50.3629,16.1921,1.01059
0,250,33.4999,50.4935,15.7591,0.803819
0,250,33.8365,50.8393,14.4656,1.00213
0,250,33.1635,50.8201,14.6895,0.589602
0,250,33.1496,51.2354,11.6461,-0.255937
0,250,32.8061,51.6067,14.4163,2.06672
0,250,33.8265,51.2305,12.4808,1.31217
0,250,33.421,51.5431,11.1594,0.507691
0,250,30.4843,52.0026,7.39725,-1.48313
0,250,23.6307,35.5085,2.20049,6.88264
0,250,23.8223,36.0641,2.52851,6.85276
0,250,24.0414,36.6117,2.75096,6.89289
0,250,24.2921,37.165,2.99359,7.01323
0,250,24.5396,37.7031,3.44343,7.01452
0,250,24.8038,38.2383,3.68771,7.18327
0,250,25.0753,38.7601,4.13624,7.19745
0,250,25.3501,39.2664,4.49904,7.25972
0,250,25.6343,39.7728,4.80924,7.45282
0,250,25.9363,40.2491,5.58226,7.32661
0,250,26.228,40.7155,5.85702,7.39565
0,250,26.5168,41.1681,6.43057,7.32615
0,250,26.8139,41.6072,6.99662,7.34106
0,250,27.0914,42.0379,7.37763,7.13573
0,250,27.3887,42.4554,7.92115,6.97983
0,250,27.6547,42.8614,8.3225,6.70884
0,250,27.943,43.255,8.63674,6.48394
0,250,28.2013,43.639,9.01086,6.52184
0,250,28.4674,44.0078,8.96473,6.02135
0,250,28.7145,44.3657,9.06241,5.78856
0,250,28.9471,44.7114,8.80166,5.34734
0,250,29.1816,45.0459,9.16099,5.24557
0,250,29.3819,45.3919,8.86244,5.32611
0,250,29.6687,45.6857,10.4552,4.67601
0,250,29.8262,46.0873,9.76687,5.56615
0,250,30.1937,46.3084,11.4946,4.28632
0,250,30.3308,46.7483,10.9832,4.86332
0,250,30.7649,46.9092,11.9463,3.87148
0,250,30.8775,47.4064,11.9402,4.45826
0,250,31.3363,47.4833,12.4757,3.69218
0,250,31.397,48.0191,12.638,3.63075
0,250,31.925,48.0641,13.489,3.47497
0,250,32.0737,48.5145,13.9785,3.15698
0,250,32.6214,48.6187,14.2696,3.28587
0,250,32.7372,49.1176,15.09,3.26146
0,250,33.2084,49.2672,14.6589,2.59227
0,250,33.3457,49.6889,14.9446,3.12485
0,250,34.0677,49.677,16.1606,2.34869
0,250,34.4763,50.1709,15.5416,1.91845
0,250,34.9532,50.3808,16.3092,2.51715
0,250,34.4224,50.6593,14.1067,1.83487
0,250,35.1746,50.757,17.0311,0.778369
0,250,34.631,51.0297,15.0134,0.837497
0,250,35.6067,51.0617,16.6459,2.64628
0,250,35.0385,51.2476,14.0875,0.809237
0,250,35.1956,51.6366,12.7375,1.21359
0,250,34.2546,51.3339,12.079,0.379897
0,250,34.5252,51.6486,13.7953,-1.35476
0,250,33.7179,51.8633,11.6587,0.749675
0,250,31.5441,52.0265,9.26992,-1.15292
0,250,24.1434,35.7273,2.32029,7.13174
0,250,24.3609,36.274,2.50707,7.15113
0,250,24.5795,36.8476,2.847,7.22532
0,250,24.8636,37.4064,3.37609,7.19451
0,250,25.1188,37.9565,3.54773,7.43673
0,250,25.4129,38.4944,4.08628,7.44586
0,250,25.6968,39.0223,4.47195,7.53528
0,250,25.9949,39.546,4.8243,7.73407
0,250,26.3138,40.0377,5.51348,7.70037
0,250,26.628,40.5087,5.97566,7.5527
0,250,26.9335,40.9743,6.56445,7.60944
0,250,27.2498,41.4205,7.12521,7.55762
0,250,27.5472,41.8617,7.61565,7.49206
0,250,27.8603,42.2864,8.33278,7.41228
0,250,28.1545,42.7046,8.68479,7.17055
0,250,28.4596,43.1062,9.25648,6.99531
0,250,28.7487,43.5024,9.47361,6.90912
0,250,29.0442,43.8841,9.98697,6.76401
0,250,29.3199,44.2533,10.0009,6.26185
0,250,29.6001,44.6135,10.1233,6.06283
0,250,29.8458,44.9532,9.89208,5.64497
0,250,30.1035,45.2895,9.86823,5.4685
0,250,30.3188,45.6301,9.84186,5.50813
0,250,30.5909,45.935,11.0525,5.0567
0,250,30.7849,46.3091,10.6746,5.74248
0,250,31.1596,46.5285,12.2507,4.19848
0,250,31.3066,46.9735,12.2626,4.66283
0,250,31.7532,47.1038,12.9677,3.86625
0,250,31.8352,47.5991,12.2961,3.55083
0,250,32.3526,47.6615,13.4555,3.57919
0,250,32.4637,48.1535,13.905,3.74204
0,250,33.0199,48.2446,14.3114,3.20715
0,250,33.1429,48.753,14.6354,3.442
0,250,33.6379,48.8515,14.8532,3.83731
0,250,33.7851,49.2621,15.1266,2.53483
0,250,34.36,49.2712,16.1152,2.97532
0,250,34.6374,49.7598,16.9186,2.39073
0,250,35.13,49.8862,16.0434,3.31938
0,250,35.4795,50.2249,17.4829,2.0181
0,250,35.7185,50.6132,16.8205,3.44551
0,250,36.2203,50.8513,17.6701,0.337553
0,250,36.686,50.4953,18.3649,0.500545
0,250,36.3112,51.1909,17.738,0.562578
0,250,37.0068,50.9102,18.6309,1.42594
0,250,35.7416,51.4673,16.5042,1.05486
0,250,36.8776,51.2156,18.292,-0.0068703
0,250,35.2428,52.015,11.6135,1.07171
0,250,36.2585,51.6421,15.4644,1.30311
0,250,34.0897,51.9961,12.5225,-2.06252
0,250,32.7675,52.0151,10.752,1.13433
0,250,24.6828,35.9867,2.42803,7.46299
0,250,24.9045,36.5601,2.88092,7.36141
0,250,25.1579,37.1274,3.12313,7.61561
0,250,25.4545,37.7089,3.62546,7.74952
0,250,25.7396,38.2625,4.15719,7.85267
0,250,26.0484,38.8141,4.48193,8.00827
0,250,26.3569,39.353,5.02956,8.16942
0,250,26.7052,39.849,5.55145,8.07739
0,250,27.0319,40.3346,6.25762,8.10645
0,250,27.3538,40.801,6.65315,8.12022
0,250,27.683,41.2562,7.32994,8.09563
0,250,27.9989,41.7,7.95269,8.00886
0,250,28.3233,42.1327,8.43973,7.85678
0,250,28.6373,42.5545,9.0693,7.71118
0,250,28.9552,42.9678,9.40216,7.44813
0,250,29.2698,43.3686,10.1313,7.44856
0,250,29.5817,43.7625,10.247,7.1479
0,250,29.8938,44.1436,10.767,6.80276
0,250,30.1919,44.5122,10.7536,6.3366
0,250,30.4974,44.8677,11.1116,5.90129
0,250,30.759,45.2098,11.0276,5.74234
0,250,31.0431,45.5379,10.9697,5.43461
0,250,31.2706,45.854,10.8225,5.15562
0,250,31.5589,46.1671,11.9424,4.50563
0,250,31.7742,46.5045,11.4626,5.44629
0,250,32.139,46.74,13.2358,4.20573
0,250,32.3015,47.1722,12.571,4.57121
0,250,32.7643,47.293,14.2112,3.8307
0,250,32.8689,47.7761,13.6616,3.48964
0,250,33.4027,47.835,14.1739,4.11445
0,250,33.527,48.3415,15.29,3.53957
0,250,34.0374,48.3832,14.8044,3.6765
0,250,34.2007,48.8227,16.0856,3.2103
0,250,34.7387,48.893,15.6278,3.07402
0,250,34.9164,49.3542,16.6739,2.01369
0,250,35.4298,49.4519,17.0146,2.63067
0,250,35.7551,49.8614,16.8821,2.28073
0,250,36.3206,49.9762,18.2021,1.47959
0,250,36.2237,50.3539,16.577,1.18392
0,250,37.0849,50.2485,18.0337,1.65392
0,250,37.4473,50.5775,19.1051,0.537816
0,250,37.8616,50.8822,19.8627,1.25396
0,250,37.5548,51.1381,18.7447,1.33724
0,250,38.3585,50.8894,19.2826,-0.553337
0,250,37.4153,51.6328,18.6572,1.47824
0,250,38.2097,51.3297,17.961,0.264256
0,250,36.877,51.7067,14.3347,0.386597
0,250,37.7612,51.6786,16.6845,1.81766
0,250,35.7557,51.9713,12.633,-1.33189
0,250,33.2981,52.1155,12.4558,-1.30061
0,250,25.1847,36.2248,2.55176,7.6275
0,250,25.4503,36.8023,2.92507,7.8261
0,250,25.7062,37.3976,3.41801,7.85903
0,250,26.05,37.9834,4.07607,8.07537
0,250,26.3459,38.5432,4.42861,8.22679
0,250,26.6804,39.1109,4.73861,8.28454
0,250,27.0468,39.627,5.489,8.37216
0,250,27.3959,40.1129,6.2137,8.18399
0,250,27.7405,40.595,6.63728,8.29118
0,250,28.087,41.0543,7.53956,8.41363
0,250,28.4191,41.5116,8.01573,8.32999
0,250,28.764,41.9489,8.78991,8.22357
0,250,29.0914,42.3811,9.31722,7.96006
0,250,29.434,42.7988,9.77237,7.72949
0,250,29.7586,43.2123,10.3333,7.77943
0,250,30.0988,43.6089,10.5925,7.43593
0,250,30.4203,44.0099,11.0391,7.39325
0,250,30.7598,44.382,11.4731,6.93342
0,250,31.0795,44.7633,11.8398,6.7704
0,250,31.4153,45.1093,12.1226,6.31914
0,250,31.7134,45.4586,12.0723,5.98787
0,250,32.012,45.7822,11.9466,5.77581
0,250,32.2905,46.0775,12.2016,4.90528
0,250,32.5528,46.422,12.8026,5.06789
0,250,32.8179,46.7191,12.6138,5.19605
0,250,33.1796,46.9738,14.5214,4.11388
0,250,33.3512,47.3741,14.1406,4.45438
0,250,33.8519,47.4706,14.5603,3.63044
0,250,33.9305,47.9278,15.0585,2.77669
0,250,34.4815,48.0174,14.7462,3.76895
0,250,34.6352,48.4291,15.4541,2.63674
0,250,35.1916,48.5752,16.3541,3.26876
0,250,35.3465,49.0018,16.3549,3.65144
0,250,35.9057,49.0883,16.8096,3.33971
0,250,36.0543,49.5001,17.8944,1.78535
0,250,36.608,49.5094,18.7368,0.845684
0,250,36.879,49.8602,19.1195,1.94998
0,250,37.4704,49.8275,18.4057,1.26425
0,250,37.7565,50.2359,19.6168,2.47909
0,250,38.1454,50.1351,18.3809,-0.0667516
0,250,38.4883,50.4804,20.1759,0.47077
0,250,39.2851,50.8036,21.6389,0.631577
0,250,38.8043,51.1194,19.6245,0.965598
0,250,39.5953,51.0967,19.5417,1.74089
0,250,38.4003,51.7146,16.8545,0.316171
0,250,40.3822,51.1604,17.7656,1.48995
0,250,39.056,51.4076,19.0387,0.102288
0,250,39.9152,51.3043,19.3011,-0.64997
0,250,38.4501,52.0349,15.8503,1.687
0,250,34.5991,52.0686,12.3804,-0.638839
0,250,25.7531,36.5465,2.89394,8.12537
0,250,26.0256,37.1437,3.531,8.14149
0,250,26.3275,37.7446,3.89194,8.52789
0,250,26.6933,38.3676,4.58834,8.91325
0,250,27.0287,38.9465,5.09147,8.95053
0,250,27.4297,39.4665,5.71514,8.89139
0,250,27.794,39.9721,6.42946,8.85942
0,250,28.1566,40.4486,7.11535,8.8481
0,250,28.5146,40.9193,7.81026,8.96217
0,250,28.8672,41.3718,8.35896,8.90969
0,250,29.2165,41.819,9.04718,8.88694
0,250,29.5637,42.2513,9.47568,8.51289
0,250,29.9106,42.6762,10.133,8.37193
0,250,30.256,43.0909,10.5899,8.05477
0,250,30.6027,43.4945,11.1303,7.87954
0,250,30.9496,43.8909,11.6051,7.39466
0,250,31.2922,44.2747,11.9232,7.26337
0,250,31.6442,44.6484,12.4846,6.83161
0,250,31.9948,45.0184,13.1169,6.90109
0,250,32.3561,45.3726,13.5407,6.2684
0,250,32.7038,45.7224,13.5077,6.1906
0,250,33.0356,46.0461,13.2491,5.47199
0,250,33.3275,46.3409,13.3778,4.88285
0,250,33.6318,46.6656,13.6559,4.72818
0,250,33.9017,46.9411,13.9348,4.99976
0,250,34.3004,47.2086,15.8541,3.35131
0,250,34.492,47.56,14.7702,4.5667
0,250,34.9831,47.7181,16.294,3.0195
0,250,35.1265,48.1139,15.9635,3.4297
0,250,35.6239,48.2286,14.8756,2.65408
0,250,35.8374,48.642,16.7745,1.66963
0,250,36.3327,48.6402,16.9136,1.99329
0,250,36.4994,49.0564,16.6822,1.937
0,250,37.0123,49.0582,18.0517,1.54029
0,250,37.2548,49.4119,18.8818,2.20943
0,250,37.8253,49.5025,19.7603,1.92481
0,250,38.291,49.7058,19.2415,1.52707
0,250,38.7751,50.0517,20.1717,1.55061
0,250,38.9883,50.4563,19.7277,0.742267
0,250,39.4693,50.2305,20.047,0.899373
0,250,39.8062,50.582,21.201,0.0138671
0,250,40.6314,50.7581,21.008,0.813494
0,250,41.1482,51.1382,18.5985,0.125887
0,250,41.1422,51.529,18.7249,-0.80883
0,250,40.5747,51.4473,18.5236,2.82628
0,250,41.5884,51.4246,18.6486,0.0288211
0,250,39.7531,51.7729,16.3906,-0.357081
0,250,40.519,51.9663,15.2521,-2.57503
0,250,39.0484,51.8021,15.8379,0.0555514
0,250,36.2522,52.0411,13.3522,0.727495
0,250,26.229,36.8132,2.8646,8.32202
0,250,26.5931,37.4349,3.65555,8.60095
0,250,26.9115,38.0689,4.33435,8.97471
0,250,27.3231,38.681,4.87096,8.78718
0,250,27.7252,39.2229,5.47335,8.95279
0,250,28.1344,39.7449,6.14684,9.01388
0,250,28.5174,40.2378,7.15385,9.15113
0,250,28.8952,40.711,7.81446,9.18984
0,250,29.266,41.1774,8.64317,9.17934
0,250,29.6311,41.6196,9.1546,9.13267
0,250,29.9931,42.0659,9.74756,8.8724
0,250,30.3536,42.4851,10.2451,8.67405
0,250,30.7121,42.9125,10.7925,8.48119
0,250,31.0706,43.3152,11.1918,8.2947
0,250,31.4328,43.7236,11.7068,8.09063
0,250,31.7942,44.1107,12.3118,7.63347
0,250,32.1592,44.4993,12.7966,7.43149
0,250,32.527,44.8667,13.3049,7.22599
0,250,32.8972,45.2455,13.8989,6.77661
0,250,33.284,45.5956,14.7562,6.71958
0,250,33.6771,45.9555,15.2835,6.11507
0,250,34.0732,46.2791,14.9666,5.70851
0,250,34.4053,46.5952,14.7117,5.26513
0,250,34.7713,46.887,14.7214,5.20299
0,250,35.0703,47.1511,15.4089,3.75787
0,250,35.4028,47.4827,16.2592,4.60882
0,250,35.7942,47.6106,17.1666,3.14413
0,250,36.0074,48.0259,17.2223,3.37817
0,250,36.4722,48.0635,17.5793,2.98761
0,250,36.7636,48.4595,18.8465,3.60278
0,250,37.2106,48.6176,17.6881,1.92889
0,250,37.6118,48.9366,19.1976,2.48428
0,250,38.0221,49.0947,19.2771,0.982477
0,250,38.5565,49.3308,20.3988,1.71496
0,250,38.9384,49.6218,19.898,0.995638
0,250,39.413,49.793,20.0225,1.32268
0,250,39.9462,49.9801,22.1737,1.91967
0,250,40.5344,50.1981,21.3206,1.23013
0,250,40.2041,50.5217,19.7215,2.49062
0,250,41.0502,50.2756,20.6221,0.412017
0,250,41.246,50.6316,20.3309,1.04652
0,250,41.6807,50.9104,21.382,0.0460447
0,250,42.0494,51.1641,22.0717,0.332494
0,250,42.4824,51.2034,20.0658,-0.259447
0,250,43.0748,51.0869,21.801,-0.879426
0,250,42.2373,51.9247,17.2961,2.67231
0,250,41.9927,51.841,18.8091,0.381614
0,250,40.9864,52.0262,16.574,-3.26567
0,250,37.7131,52.1901,11.7187,3.84275
0,250,36.9615,52.0464,15.7329,-0.769148
0,250,26.8781,37.2407,3.70259,9.19526
0,250,27.2766,37.8744,4.82802,9.28755
0,250,27.6415,38.5461,5.10281,9.79579
0,250,28.1012,39.114,5.68036,9.65222
0,250,28.5235,39.6358,6.61407,9.83033
0,250,28.9355,40.1234,7.5402,9.81478
0,250,29.3265,40.6048,8.10785,9.94245
0,250,29.7114,41.0589,9.01528,9.77763
0,250,30.0867,41.5155,9.3641,9.75743
0,250,30.4614,41.9493,10.1606,9.4109
0,250,30.8298,42.3856,10.6015,9.20579
0,250,31.2027,42.8016,11.2447,8.79972
0,250,31.5708,43.2199,11.7422,8.57265
0,250,31.9484,43.6196,12.3613,8.39464
0,250,32.3203,44.0183,12.8488,7.98573
0,250,32.7106,44.4037,13.6015,7.75899
0,250,33.0871,44.7817,14.0445,7.37055
0,250,33.4869,45.1444,14.5166,6.73326
0,250,33.8574,45.5125,14.698,6.72653
0,250,34.2606,45.8433,15.5506,6.09703
0,250,34.6577,46.2079,16.3273,5.59841
0,250,35.1166,46.4995,17.1819,4.94673
0,250,35.523,46.8419,16.6782,5.05677
0,250,35.9499,47.1153,16.9612,4.37268
0,250,36.3311,47.4651,17.4621,4.28081
0,250,36.7462,47.6868,18.1707,2.94559
0,250,37.1072,47.9962,17.7136,3.27503
0,250,37.4975,48.1703,19.3823,2.1498
0,250,37.8316,48.4547,18.1415,2.59751
0,250,38.2648,48.5263,18.7065,2.15841
0,250,38.5724,48.8541,20.332,1.7659
0,250,39.0289,48.9642,19.7574,2.02414
0,250,39.3626,49.2919,20.0121,0.432324
0,250,39.8168,49.3776,20.0294,1.24646
0,250,40.255,49.687,19.8798,1.2692
0,250,40.8235,49.7549,21.3293,1.42683
0,250,41.3436,49.9091,21.5405,1.26065
0,250,41.7653,50.3213,19.6261,1.87024
0,250,42.0748,50.4539,20.5919,1.06186
0,250,42.599,50.3733,22.099,0.693232
0,250,42.5736,50.7953,20.288,1.44827
0,250,43.2891,50.8303,21.7861,0.636678
0,250,43.6848,51.0797,22.2976,1.03585
0,250,43.6661,51.533,19.7037,1.10944
0,250,44.2442,51.0318,21.7616,-0.539498
0,250,44.3699,51.4195,21.1586,-1.02864
0,250,44.1152,51.8022,19.3238,1.0597
0,250,43.1285,51.8749,17.7955,-0.0814081
0,250,40.121,51.8839,15.2277,-0.176927
0,250,39.398,52.008,15.8312,0.538837
0,250,27.3056,37.5966,3.31404,9.75474
0,250,27.9326,38.2615,4.91513,9.69979
0,250,28.3978,38.8501,6.04173,9.56385
0,250,28.8808,39.4512,6.75957,10.2168
0,250,29.2996,39.9182,7.78692,9.99516
0,250,29.7132,40.4191,8.32037,10.3586
0,250,30.1087,40.8633,9.12682,10.1255
0,250,30.4948,41.3252,9.63726,10.1574
0,250,30.8813,41.759,10.2997,9.85281
0,250,31.2567,42.198,10.8871,9.66358
0,250,31.6436,42.618,11.5392,9.23216
0,250,32.0195,43.037,12.1874,8.83162
0,250,32.4107,43.4431,12.736,8.55859
0,250,32.7933,43.8418,13.2821,8.28193
0,250,33.1896,44.2337,13.9659,8.0354
0,250,33.583,44.6232,14.4348,7.902
0,250,34.0008,44.9874,15.4615,7.23447
0,250,34.4096,45.3526,15.6571,6.38453
0,250,34.8392,45.6885,16.015,6.65067
0,250,35.2371,46.0327,16.2569,5.81697
0,250,35.6523,46.4044,16.861,6.05469
0,250,36.0998,46.6891,18.5557,4.5802
0,250,36.5515,47.025,18.4438,3.95037
0,250,37.0154,47.2326,18.6971,3.54977
0,250,37.4806,47.568,18.9943,3.85236
0,250,37.953,47.7655,19.3014,3.72783
0,250,38.398,48.0812,19.7607,2.89007
0,250,38.9017,48.3472,20.4452,2.96274
0,250,39.2894,48.5615,19.6021,2.46973
0,250,39.7759,48.8276,20.4446,2.40451
0,250,40.1484,48.9627,20.3272,0.854835
0,250,40.5224,49.3003,19.9719,0.643487
0,250,41.0099,49.2502,20.578,0.436729
0,250,41.4754,49.4506,20.922,0.647561
0,250,41.8916,49.7437,21.5083,0.747712
0,250,42.2971,49.8578,20.4161,-0.0515324
0,250,42.8756,49.9191,22.6886,0.576767
0,250,43.1804,50.251,19.5954,0.275473
0,250,43.575,50.3331,22.2666,0.633354
0,250,44.0008,50.6057,22.8055,0.428898
0,250,44.4794,50.6467,23.1177,-0.263651
0,250,45.0607,50.8918,21.8275,0.875998
0,250,45.181,51.028,23.1343,0.104163
0,250,46.0171,51.0661,22.1168,0.645571
0,250,45.6307,51.3781,20.8397,1.09655
0,250,46.1329,51.4333,21.5447,-0.344255
0,250,43.5153,51.9556,15.0647,-2.13422
0,250,45.3485,51.9011,15.3429,1.65277
0,250,42.8359,51.5931,17.6345,-1.46646
0,250,41.4438,52.0809,14.9295,-1.04534
0,250,28.1643,38.1389,4.94744,10.4777
0,250,28.6953,38.8672,5.56063,11.1202
0,250,29.1885,39.2191,6.72743,10.5055
0,250,29.6567,39.8228,7.58052,10.8
0,250,30.0747,40.188,8.52383,10.4281
0,250,30.4875,40.7274,8.97628,10.5968
0,250,30.8822,41.1058,9.85738,10.2809
0,250,31.2745,41.6055,10.226,10.2774
0,250,31.6635,41.9925,11.0684,9.96482
0,250,32.0501,42.4601,11.5195,9.77968
0,250,32.4425,42.8483,12.3009,9.34687
0,250,32.8346,43.2865,13.046,8.92338
0,250,33.2351,43.6693,13.7708,8.5499
0,250,33.6412,44.0745,14.4431,8.03592
0,250,34.0571,44.456,15.1675,7.96038
0,250,34.4676,44.8354,15.3509,7.58447
0,250,34.897,45.2076,16.0753,6.78675
0,250,35.3187,45.5493,16.8777,6.29424
0,250,35.7752,45.8806,17.4848,5.47142
0,250,36.233,46.2013,18.2198,5.4215
0,250,36.689,46.5482,18.0543,5.68098
0,250,37.135,46.8455,18.4592,4.08417
0,250,37.6073,47.1575,19.3975,3.74983
0,250,38.0542,47.4065,19.4728,3.11615
0,250,38.5696,47.6558,20.4505,2.27042
0,250,39.0242,47.9123,20.2745,3.29099
0,250,39.5644,48.1475,20.623,2.09305
0,250,39.9974,48.3415,20.6792,2.32006
0,250,40.5906,48.6096,20.6712,2.24956
0,250,40.9061,48.763,19.9123,0.907329
0,250,41.406,48.8483,20.2949,-0.347938
0,250,41.7051,48.9814,21.342,-0.0137125
0,250,42.1611,49.212,20.8597,0.140011
0,250,42.6004,49.36,20.4911,-0.498448
0,250,42.8963,49.3978,19.4822,-0.819261
0,250,43.3314,49.5921,21.0678,-1.03328
0,250,43.7199,49.7013,22.3423,0.367188
0,250,44.0225,49.949,22.1656,-0.0861484
0,250,44.5016,50.0903,21.2963,0.302434
0,250,44.8075,50.2772,21.6813,0.261422
0,250,45.4186,50.4501,21.489,0.431599
0,250,45.7156,50.4189,21.1887,0.0655534
0,250,46.4551,50.7517,21.5003,1.18386
0,250,46.7649,50.9694,21.4938,1.45743
0,250,47.0353,51.294,21.7505,1.4933
0,250,45.9093,51.865,17.0451,0.130209
0,250,44.4589,52.0432,17.3169,-4.55329
0,250,46.8033,51.8631,17.1064,-2.98114
0,250,46.4689,52.0965,17.8374,0.663536
0,250,44.7153,51.6919,22.8187,-3.10109
1,250,1.5,53,0,0
1,250,2,53,0,0
1,250,1.5,1.5,0,0
1,250,1.5,2,0,0
1,250,52.5,1.5,0,0
1,250,53,1.5,0,0
1,250,2.5,52.5,0,0
1,250,2.5,53,0,0
1,250,1.5,2.5,0,0
1,250,2,2.5,0,0
1,250,2,1.5,0,0
1,250,2,2,0,0
1,250,52.5,2,0,0
1,250,53,2,0,0
1,250,3,52.5,0,0
1,250,3,53,0,0
1,250,1.5,3,0,0
1,250,2,3,0,0
1,250,2.5,1.5,0,0
1,250,2.5,2,0,0
1,250,52.5,2.5,0,0
1,250,53,2.5,0,0
1,250,3.5,52.5,0,0
1,250,3.5,53,0,0
1,250,1.5,3.5,0,0
1,250,2,3.5,0,0
1,250,3,1.5,0,0
1,250,3,2,0,0
1,250,52.5,3,0,0
1,250,53,3,0,0
1,250,4,52.5,0,0
1,250,4,53,0,0
1,250,1.5,4,0,0
1,250,2,4,0,0
1,250,3.5,1.5,0,0
1,250,3.5,2,0,0
1,250,52.5,3.5,0,0
1,250,53,3.5,0,0
1,250,4.5,52.5,0,0
1,250,4.5,53,0,0
1,250,1.5,4.5,0,0
1,250,2,4.5,0,0
1,250,4,1.5,0,0
1,250,4,2,0,0
1,250,52.5,4,0,0
1,250,53,4,0,0
1,250,5,52.5,0,0
1,250,5,53,0,0
1,250,1.5,5,0,0
1,250,2,5,0,0
1,250,4.5,1.5,0,0
1,250,4.5,2,0,0
1,250,52.5,4.5,0,0
1,250,53,4.5,0,0
1,250,5.5,52.5,0,0
1,250,5.5,53,0,0
1,250,1.5,5.5,0,0
1,250,2,5.5,0,0
1,250,5,1.5,0,0
1,250,5,2,0,0
1,250,52.5,5,0,0
1,250,53,5,0,0
1,250,6,52.5,0,0
1,250,6,53,0,0
1,250,1.5,6,0,0
1,250,2,6,0,0
1,250,5.5,1.5,0,0
1,250,5.5,2,0,0
1,250,52.5,5.5,0,0
1,250,53,5.5,0,0
1,250,6.5,52.5,0,0
1,250,6.5,53,0,0
1,250,1.5,6.5,0,0
1,250,2,6.5,0,0
1,250,6,1.5,0,0
1,250,6,2,0,0
1,250,52.5,6,0,0
1,250,53,6,0,0
1,250,7,52.5,0,0
1,250,7,53,0,0
1,250,1.5,7,0,0
1,250,2,7,0,0
1,250,6.5,1.5,0,0
1,250,6.5,2,0,0
1,250,52.5,6.5,0,0
1,250,53,6.5,0,0
1,250,7.5,52.5,0,0
1,250,7.5,53,0,0
1,250,1.5,7.5,0,0
1,250,2,7.5,0,0
1,250,7,1.5,0,0
1,250,7,2,0,0
1,250,52.5,7,0,0
1,250,53,7,0,0
1,250,8,52.5,0,0
1,250,8,53,0,0
1,250,1.5,8,0,0
1,250,2,8,0,0
1,250,7.5,1.5,0,0
1,250,7.5,2,0,0
1,250,52.5,7.5,0,0
1,250,53,7.5,0,0
1,250,8.5,52.5,0,0
1,250,8.5,53,0,0
1,250,1.5,8.5,0,0
1,250,2,8.5,0,0
1,250,8,1.5,0,0
1,250,8,2,0,0
1,250,52.5,8,0,0
1,250,53,8,0,0
1,250,9,52.5,0,0
1,250,9,53,0,0
1,250,1.5,9,0,0
1,250,2,9,0,0
1,250,8.5,1.5,0,0
1,250,8.5,2,0,0
1,250,52.5,8.5,0,0
1,250,53,8.5,0,0
1,250,9.5,52.5,0,0
1,250,9.5,53,0,0
1,250,1.5,9.5,0,0
1,250,2,9.5,0,0
1,250,9,1.5,0,0
1,250,9,2,0,0
1,250,52.5,9,0,0
1,250,53,9,0,0
1,250,10,52.5,0,0
1,250,10,53,0,0
1,250,1.5,10,0,0
1,250,2,10,0,0
1,250,9.5,1.5,0,0
1,250,9.5,2,0,0
1,250,52.5,9.5,0,0
1,250,53,9.5,0,0
1,250,10.5,52.5,0,0
1,250,10.5,53,0,0
1,250,1.5,10.5,0,0
1,250,2,10.5,0,0
1,250,10,1.5,0,0
1,250,10,2,0,0
1,250,52.5,10,0,0
1,250,53,10,0,0
1,250,11,52.5,0,0
1,250,11,53,0,0
1,250,1.5,11,0,0
1,250,2,11,0,0
1,250,10.5,1.5,0,0
1,250,10.5,2,0,0
1,250,52.5,10.5,0,0
1,250,53,10.5,0,0
1,250,11.5,52.5,0,0
1,250,11.5,53,0,0
1,250,1.5,11.5,0,0
1,250,2,11.5,0,0
1,250,11,1.5,0,0
1,250,11,2,0,0
1,250,52.5,11,0,0
1,250,53,11,0,0
1,250,12,52.5,0,0
1,250,12,53,0,0
1,250,1.5,12,0,0
1,250,2,12,0,0
1,250,11.5,1.5,0,0
1,250,11.5,2,0,0
1,250,52.5,11.5,0,0
1,250,53,11.5,0,0
1,250,12.5,52.5,0,0
1,250,12.5,53,0,0
1,250,1.5,12.5,0,0
1,250,2,12.5,0,0
1,250,12,1.5,0,0
1,250,12,2,0,0
1,250,52.5,12,0,0
1,250,53,12,0,0
1,250,13,52.5,0,0
1,250,13,53,0,0
1,250,1.5,13,0,0
1,250,2,13,0,0
1,250,12.5,1.5,0,0
1,250,12.5,2,0,0
1,250,52.5,12.5,0,0
1,250,53,12.5,0,0
1,250,13.5,52.5,0,0
1,250,13.5,53,0,0
1,250,1.5,13.5,0,0
1,250,2,13.5,0,0
1,250,13,1.5,0,0
1,250,13,2,0,0
1,250,52.5,13,0,0
1,250,53,13,0,0
1,250,14,52.5,0,0
1,250,14,53,0,0
1,250,1.5,14,0,0
1,250,2,14,0,0
1,250,13.5,1.5,0,0
1,250,13.5,2,0,0
1,250,52.5,13.5,0,0
1,250,53,13.5,0,0
1,250,14.5,52.5,0,0
1,250,14.5,53,0,0
1,250,1.5,14.5,0,0
1,250,2,14.5,0,0
1,250,14,1.5,0,0
1,250,14,2,0,0
1,250,52.5,14,0,0
1,250,53,14,0,0
1,250,15,52.5,0,0
1,250,15,53,0,0
1,250,1.5,15,0,0
1,250,2,15,0,0
1,250,14.5,1.5,0,0
1,250,14.5,2,0,0
1,250,52.5,14.5,0,0
1,250,53,14.5,0,0
1,250,15.5,52.5,0,0
1,250,15.5,53,0,0
1,250,1.5,15.5,0,0
1,250,2,15.5,0,0
1,250,15,1.5,0,0
1,250,15,2,0,0
1,250,52.5,15,0,0
1,250,53,15,0,0
1,250,16,52.5,0,0
1,250,16,53,0,0
1,250,1.5,16,0,0
1,250,2,16,0,0
1,250,15.5,1.5,0,0
1,250,15.5,2,0,0
1,250,52.5,15.5,0,0
1,250,53,15.5,0,0
1,250,16.5,52.5,0,0
1,250,16.5,53,0,0
1,250,1.5,16.5,0,0
1,250,2,16.5,0,0
1,250,16,1.5,0,0
1,250,16,2,0,0
1,250,52.5,16,0,0
1,250,53,16,0,0
1,250,17,52.5,0,0
1,250,17,53,0,0
1,250,1.5,17,0,0
1,250,2,17,0,0
1,250,16.5,1.5,0,0
1,250,16.5,2,0,0
1,250,52.5,16.5,0,0
1,250,53,16.5,0,0
1,250,17.5,52.5,0,0
1,250,17.5,53,0,0
1,250,1.5,17.5,0,0
1,250,2,17.5,0,0
1,250,17,1.5,0,0
1,250,17,2,0,0
1,250,52.5,17,0,0
1,250,53,17,0,0
1,250,18,52.5,0,0
1,250,18,53,0,0
1,250,1.5,18,0,0
1,250,2,18,0,0
1,250,17.5,1.5,0,0
1,250,17.5,2,0,0
1,250,52.5,17.5,0,0
1,250,53,17.5,0,0
1,250,18.5,52.5,0,0
1,250,18.5,53,0,0
1,250,1.5,18.5,0,0
1,250,2,18.5,0,0
1,250,18,1.5,0,0
1,250,18,2,0,0
1,250,52.5,18,0,0
1,250,53,18,0,0
1,250,19,52.5,0,0
1,250,19,53,0,0
1,250,1.5,19,0,0
1,250,2,19,0,0
1,250,18.5,1.5,0,0
1,250,18.5,2,0,0
1,250,52.5,18.5,0,0
1,250,53,18.5,0,0
1,250,19.5,52.5,0,0
1,250,19.5,53,0,0
1,250,1.5,19.5,0,0
1,250,2,19.5,0,0
1,250,19,1.5,0,0
1,250,19,2,0,0
1,250,52.5,19,0,0
1,250,53,19,0,0
1,250,20,52.5,0,0
1,250,20,53,0,0
1,250,1.5,20,0,0
1,250,2,20,0,0
1,250,19.5,1.5,0,0
1,250,19.5,2,0,0
1,250,52.5,19.5,0,0
1,250,53,19.5,0,0
1,250,20.5,52.5,0,0
1,250,20.5,53,0,0
1,250,1.5,20.5,0,0
1,250,2,20.5,0,0
1,250,20,1.5,0,0
1,250,20,2,0,0
1,250,52.5,20,0,0
1,250,53,20,0,0
1,250,21,52.5,0,0
1,250,21,53,0,0
1,250,1.5,21,0,0
1,250,2,21,0,0
1,250,20.5,1.5,0,0
1,250,20.5,2,0,0
1,250,52.5,20.5,0,0
1,250,53,20.5,0,0
1,250,21.5,52.5,0,0
1,250,21.5,53,0,0
1,250,1.5,21.5,0,0
1,250,2,21.5,0,0
1,250,21,1.5,0,0
1,250,21,2,0,0
1,250,52.5,21,0,0
1,250,53,21,0,0
1,250,22,52.5,0,0
1,250,22,53,0,0
1,250,1.5,22,0,0
1,250,2,22,0,0
1,250,21.5,1.5,0,0
1,250,21.5,2,0,0
1,250,52.5,21.5,0,0
1,250,53,21.5,0,0
1,250,22.5,52.5,0,0
1,250,22.5,53,0,0
1,250,1.5,22.5,0,0
1,250,2,22.5,0,0
1,250,22,1.5,0,0
1,250,22,2,0,0
1,250,52.5,22,0,0
1,250,53,22,0,0
1,250,23,52.5,0,0
1,250,23,53,0,0
1,250,1.5,23,0,0
1,250,2,23,0,0
1,250,22.5,1.5,0,0
1,250,22.5,2,0,0
1,250,52.5,22.5,0,0
1,250,53,22.5,0,0
1,250,23.5,52.5,0,0
1,250,23.5,53,0,0
1,250,1.5,23.5,0,0
1,250,2,23.5,0,0
1,250,23,1.5,0,0
1,250,23,2,0,0
1,250,52.5,23,0,0
1,250,53,23,0,0
1,250,24,52.5,0,0
1,250,24,53,0,0
1,250,1.5,24,0,0
1,250,2,24,0,0
1,250,23.5,1.5,0,0
1,250,23.5,2,0,0
1,250,52.5,23.5,0,0
1,250,53,23.5,0,0
1,250,24.5,52.5,0,0
1,250,24.5,53,0,0
1,250,1.5,24.5,0,0
1,250,2,24.5,0,0
1,250,24,1.5,0,0
1,250,24,2,0,0
1,250,52.5,24,0,0
1,250,53,24,0,0
1,250,25,52.5,0,0
1,250,25,53,0,0
1,250,1.5,25,0,0
1,250,2,25,0,0
1,250,24.5,1.5,0,0
1,250,24.5,2,0,0
1,250,52.5,24.5,0,0
1,250,53,24.5,0,0
1,250,25.5,52.5,0,0
1,250,25.5,53,0,0
1,250,1.5,25.5,0,0
1,250,2,25.5,0,0
1,250,25,1.5,0,0
1,250,25,2,0,0
1,250,52.5,25,0,0
1,250,53,25,0,0
1,250,26,52.5,0,0
1,250,26,53,0,0
1,250,1.5,26,0,0
1,250,2,26,0,0
1,250,25.5,1.5,0,0
1,250,25.5,2,0,0
1,250,52.5,25.5,0,0
1,250,53,25.5,0,0
1,250,26.5,52.5,0,0
1,250,26.5,53,0,0
1,250,1.5,26.5,0,0
1,250,2,26.5,0,0
1,250,26,1.5,0,0
1,250,26,2,0,0
1,250,52.5,26,0,0
1,250,53,26,0,0
1,250,27,52.5,0,0
1,250,27,53,0,0
1,250,1.5,27,0,0
1,250,2,27,0,0
1,250,26.5,1.5,0,0
1,250,26.5,2,0,0
1,250,52.5,26.5,0,0
1,250,53,26.5,0,0
1,250,27.5,52.5,0,0
1,250,27.5,53,0,0
1,250,1.5,27.5,0,0
1,250,2,27.5,0,0
1,250,27,1.5,0,0
1,250,27,2,0,0
1,250,52.5,27,0,0
1,250,53,27,0,0
1,250,28,52.5,0,0
1,250,28,53,0,0
1,250,1.5,28,0,0
1,250,2,28,0,0
1,250,27.5,1.5,0,0
1,250,27.5,2,0,0
1,250,52.5,27.5,0,0
1,250,53,27.5,0,0
1,250,28.5,52.5,0,0
1,250,28.5,53,0,0
1,250,1.5,28.5,0,0
1,250,2,28.5,0,0
1,250,28,1.5,0,0
1,250,28,2,0,0
1,250,52.5,28,0,0
1,250,53,28,0,0
1,250,29,52.5,0,0
1,250,29,53,0,0
1,250,1.5,29,0,0
1,250,2,29,0,0
1,250,28.5,1.5,0,0
1,250,28.5,2,0,0
1,250,52.5,28.5,0,0
1,250,53,28.5,0,0
1,250,29.5,52.5,0,0
1,250,29.5,53,0,0
1,250,1.5,29.5,0,0
1,250,2,29.5,0,0
1,250,29,1.5,0,0
1,250,29,2,0,0
1,250,52.5,29,0,0
1,250,53,29,0,0
1,250,30,52.5,0,0
1,250,30,53,0,0
1,250,1.5,30,0,0
1,250,2,30,0,0
1,250,29.5,1.5,0,0
1,250,29.5,2,0,0
1,250,52.5,29.5,0,0
1,250,53,29.5,0,0
1,250,30.5,52.5,0,0
1,250,30.5,53,0,0
1,250,1.5,30.5,0,0
1,250,2,30.5,0,0
1,250,30,1.5,0,0
1,250,30,2,0,0
1,250,52.5,30,0,0
1,250,53,30,0,0
1,250,31,52.5,0,0
1,250,31,53,0,0
1,250,1.5,31,0,0
1,250,2,31,0,0
1,250,30.5,1.5,0,0
1,250,30.5,2,0,0
1,250,52.5,30.5,0,0
1,250,53,30.5,0,0
1,250,31.5,52.5,0,0
1,250,31.5,53,0,0
1,250,1.5,31.5,0,0
1,250,2,31.5,0,0
1,250,31,1.5,0,0
1,250,31,2,0,0
1,250,52.5,31,0,0
1,250,53,31,0,0
1,250,32,52.5,0,0
1,250,32,53,0,0
1,250,1.5,32,0,0
1,250,2,32,0,0
1,250,31.5,1.5,0,0
1,250,31.5,2,0,0
1,250,52.5,31.5,0,0
1,250,53,31.5,0,0
1,250,32.5,52.5,0,0
1,250,32.5,53,0,0
1,250,1.5,32.5,0,0
1,250,2,32.5,0,0
1,250,32,1.5,0,0
1,250,32,2,0,0
1,250,52.5,32,0,0
1,250,53,32,0,0
1,250,33,52.5,0,0
1,250,33,53,0,0
1,250,1.5,33,0,0
1,250,2,33,0,0
1,250,32.5,1.5,0,0
1,250,32.5,2,0,0
1,250,52.5,32.5,0,0
1,250,53,32.5,0,0
1,250,33.5,52.5,0,0
1,250,33.5,53,0,0
1,250,1.5,33.5,0,0
1,250,2,33.5,0,0
1,250,33,1.5,0,0
1,250,33,2,0,0
1,250,52.5,33,0,0
1,250,53,33,0,0
1,250,34,52.5,0,0
1,250,34,53,0,0
1,250,1.5,34,0,0
1,250,2,34,0,0
1,250,33.5,1.5,0,0
1,250,33.5,2,0,0
1,250,52.5,33.5,0,0
1,250,53,33.5,0,0
1,250,34.5,52.5,0,0
1,250,34.5,53,0,0
1,250,1.5,34.5,0,0
1,250,2,34.5,0,0
1,250,34,1.5,0,0
1,250,34,2,0,0
1,250,52.5,34,0,0
1,250,53,34,0,0
1,250,35,52.5,0,0
1,250,35,53,0,0
1,250,1.5,35,0,0
1,250,2,35,0,0
1,250,34.5,1.5,0,0
1,250,34.5,2,0,0
1,250,52.5,34.5,0,0
1,250,53,34.5,0,0
1,250,35.5,52.5,0,0
1,250,35.5,53,0,0
1,250,1.5,35.5,0,0
1,250,2,35.5,0,0
1,250,35,1.5,0,0
1,250,35,2,0,0
1,250,52.5,35,0,0
1,250,53,35,0,0
1,250,36,52.5,0,0
1,250,36,53,0,0
1,250,1.5,36,0,0
1,250,2,36,0,0
1,250,35.5,1.5,0,0
1,250,35.5,2,0,0
1,250,52.5,35.5,0,0
1,250,53,35.5,0,0
1,250,36.5,52.5,0,0
1,250,36.5,53,0,0
1,250,1.5,36.5,0,0
1,250,2,36.5,0,0
1,250,36,1.5,0,0
1,250,36,2,0,0
1,250,52.5,36,0,0
1,250,53,36,0,0
1,250,37,52.5,0,0
1,250,37,53,0,0
1,250,1.5,37,0,0
1,250,2,37,0,0
1,250,36.5,1.5,0,0
1,250,36.5,2,0,0
1,250,52.5,36.5,0,0
1,250,53,36.5,0,0
1,250,37.5,52.5,0,0
1,250,37.5,53,0,0
1,250,1.5,37.5,0,0
1,250,2,37.5,0,0
1,250,37,1.5,0,0
1,250,37,2,0,0
1,250,52.5,37,0,0
1,250,53,37,0,0
1,250,38,52.5,0,0
1,250,38,53,0,0
1,250,1.5,38,0,0
1,250,2,38,0,0
1,250,37.5,1.5,0,0
1,250,37.5,2,0,0
1,250,52.5,37.5,0,0
1,250,53,37.5,0,0
1,250,38.5,52.5,0,0
1,250,38.5,53,0,0
1,250,1.5,38.5,0,0
1,250,2,38.5,0,0
1,250,38,1.5,0,0
1,250,38,2,0,0
1,250,52.5,38,0,0
1,250,53,38,0,0
1,250,39,52.5,0,0
1,250,39,53,0,0
1,250,1.5,39,0,0
1,250,2,39,0,0
1,250,38.5,1.5,0,0
1,250,38.5,2,0,0
1,250,52.5,38.5,0,0
1,250,53,38.5,0,0
1,250,39.5,52.5,0,0
1,250,39.5,53,0,0
1,250,1.5,39.5,0,0
1,250,2,39.5,0,0
1,250,39,1.5,0,0
1,250,39,2,0,0
1,250,52.5,39,0,0
1,250,53,39,0,0
1,250,40,52.5,0,0
1,250,40,53,0,0
1,250,1.5,40,0,0
1,250,2,40,0,0
1,250,39.5,1.5,0,0
1,250,39.5,2,0,0
1,250,52.5,39.5,0,0
1,250,53,39.5,0,0
1,250,40.5,52.5,0,0
1,250,40.5,53,0,0
1,250,1.5,40.5,0,0
1,250,2,40.5,0,0
1,250,40,1.5,0,0
1,250,40,2,0,0
1,250,52.5,40,0,0
1,250,53,40,0,0
1,250,41,52.5,0,0
1,250,41,53,0,0
1,250,1.5,41,0,0
1,250,2,41,0,0
1,250,40.5,1.5,0,0
1,250,40.5,2,0,0
1,250,52.5,40.5,0,0
1,250,53,40.5,0,0
1,250,41.5,52.5,0,0
1,250,41.5,53,0,0
1,250,1.5,41.5,0,0
1,250,2,41.5,0,0
1,250,41,1.5,0,0
1,250,41,2,0,0
1,250,52.5,41,0,0
1,250,53,41,0,0
1,250,42,52.5,0,0
1,250,42,53,0,0
1,250,1.5,42,0,0
1,250,2,42,0,0
1,250,41.5,1.5,0,0
1,250,41.5,2,0,0
1,250,52.5,41.5,0,0
1,250,53,41.5,0,0
1,250,42.5,52.5,0,0
1,250,42.5,53,0,0
1,250,1.5,42.5,0,0
1,250,2,42.5,0,0
1,250,42,1.5,0,0
1,250,42,2,0,0
1,250,52.5,42,0,0
1,250,53,42,0,0
1,250,43,52.5,0,0
1,250,43,53,0,0
1,250,1.5,43,0,0
1,250,2,43,0,0
1,250,42.5,1.5,0,0
1,250,42.5,2,0,0
1,250,52.5,42.5,0,0
1,250,53,42.5,0,0
1,250,43.5,52.5,0,0
1,250,43.5,53,0,0
1,250,1.5,43.5,0,0
1,250,2,43.5,0,0
1,250,43,1.5,0,0
1,250,43,2,0,0
1,250,52.5,43,0,0
1,250,53,43,0,0
1,250,44,52.5,0,0
1,250,44,53,0,0
1,250,1.5,44,0,0
1,250,2,44,0,0
1,250,43.5,1.5,0,0
1,250,43.5,2,0,0
1,250,52.5,43.5,0,0
1,250,53,43.5,0,0
1,250,44.5,52.5,0,0
1,250,44.5,53,0,0
1,250,1.5,44.5,0,0
1,250,2,44.5,0,0
1,250,44,1.5,0,0
1,250,44,2,0,0
1,250,52.5,44,0,0
1,250,53,44,0,0
1,250,45,52.5,0,0
1,250,45,53,0,0
1,250,1.5,45,0,0
1,250,2,45,0,0
1,250,44.5,1.5,0,0
1,250,44.5,2,0,0
1,250,52.5,44.5,0,0
1,250,53,44.5,0,0
1,250,45.5,52.5,0,0
1,250,45.5,53,0,0
1,250,1.5,45.5,0,0
1,250,2,45.5,0,0
1,250,45,1.5,0,0
1,250,45,2,0,0
1,250,52.5,45,0,0
1,250,53,45,0,0
1,250,46,52.5,0,0
1,250,46,53,0,0
1,250,1.5,46,0,0
1,250,2,46,0,0
1,250,45.5,1.5,0,0
1,250,45.5,2,0,0
1,250,52.5,45.5,0,0
1,250,53,45.5,0,0
1,250,46.5,52.5,0,0
1,250,46.5,53,0,0
1,250,1.5,46.5,0,0
1,250,2,46.5,0,0
1,250,46,1.5,0,0
1,250,46,2,0,0
1,250,52.5,46,0,0
1,250,53,46,0,0
1,250,47,52.5,0,0
1,250,47,53,0,0
1,250,1.5,47,0,0
1,250,2,47,0,0
1,250,46.5,1.5,0,0
1,250,46.5,2,0,0
1,250,52.5,46.5,0,0
1,250,53,46.5,0,0
1,250,47.5,52.5,0,0
1,250,47.5,53,0,0
1,250,1.5,47.5,0,0
1,250,2,47.5,0,0
1,250,47,1.5,0,0
1,250,47,2,0,0
1,250,52.5,47,0,0
1,250,53,47,0,0
1,250,48,52.5,0,0
1,250,48,53,0,0
1,250,1.5,48,0,0
1,250,2,48,0,0
1,250,47.5,1.5,0,0
1,250,47.5,2,0,0
1,250,52.5,47.5,0,0
1,250,53,47.5,0,0
1,250,48.5,52.5,0,0
1,250,48.5,53,0,0
1,250,1.5,48.5,0,0
1,250,2,48.5,0,0
1,250,48,1.5,0,0
1,250,48,2,0,0
1,250,52.5,48,0,0
1,250,53,48,0,0
1,250,49,52.5,0,0
1,250,49,53,0,0
1,250,1.5,49,0,0
1,250,2,49,0,0
1,250,48.5,1.5,0,0
1,250,48.5,2,0,0
1,250,52.5,48.5,0,0
1,250,53,48.5,0,0
1,250,49.5,52.5,0,0
1,250,49.5,53,0,0
1,250,1.5,49.5,0,0
1,250,2,49.5,0,0
1,250,49,1.5,0,0
1,250,49,2,0,0
1,250,52.5,49,0,0
1,250,53,49,0,0
1,250,50,52.5,0,0
1,250,50,53,0,0
1,250,1.5,50,0,0
1,250,2,50,0,0
1,250,49.5,1.5,0,0
1,250,49.5,2,0,0
1,250,52.5,49.5,0,0
1,250,53,49.5,0,0
1,250,50.5,52.5,0,0
1,250,50.5,53,0,0
1,250,1.5,50.5,0,0
1,250,2,50.5,0,0
1,250,50,1.5,0,0
1,250,50,2,0,0
1,250,52.5,50,0,0
1,250,53,50,0,0
1,250,51,52.5,0,0
1,250,51,53,0,0
1,250,1.5,51,0,0
1,250,2,51,0,0
1,250,50.5,1.5,0,0
1,250,50.5,2,0,0
1,250,52.5,50.5,0,0
1,250,53,50.5,0,0
1,250,51.5,52.5,0,0
1,250,51.5,53,0,0
1,250,1.5,51.5,0,0
1,250,2,51.5,0,0
1,250,51,1.5,0,0
1,250,51,2,0,0
1,250,52.5,51,0,0
1,250,53,51,0,0
1,250,52,52.5,0,0
1,250,52,53,0,0
1,250,1.5,52,0,0
1,250,2,52,0,0
1,250,51.5,1.5,0,0
1,250,51.5,2,0,0
1,250,52.5,51.5,0,0
1,250,53,51.5,0,0
1,250,52.5,52.5,0,0
1,250,52.5,53,0,0
1,250,1.5,52.5,0,0
1,250,2,52.5,0,0
1,250,52,1.5,0,0
1,250,52,2,0,0
1,250,52.5,52,0,0
1,250,53,52,0,0
