3312 2 0.5 5e+06 0.3 0 2 0 0.001 0 9.81 55 55
0,250,2.61267,38.5011,-1.11907,-0.903563
0,250,4.65529,36.0947,-2.12778,-3.74985
0,250,3.29208,40.8327,0.107793,-1.85731
0,250,3.64724,34.6703,-0.429798,-5.29474
0,250,14.497,37.7507,-2.23642,-0.635145
0,250,18.5768,42.3805,-2.08513,-0.10294
0,250,11.721,52.0289,-0.14357,-0.132278
0,250,22.0257,44.0499,-2.1552,0.0987481
0,250,10.7207,38.3834,-2.98903,-1.3792
0,250,12.4813,45.9372,-1.35655,-0.965906
0,250,12.4213,51.4915,-0.342123,-0.330204
0,250,4.59944,38.7869,-0.776926,-2.20833
0,250,12.2282,52.0154,-0.0942805,0.138159
0,250,14.513,50.02,-0.762404,-0.646291
0,250,12.1597,39.5649,-2.5413,-1.4267
0,250,8.01475,37.9273,-2.72396,-2.54118
0,250,12.4535,42.2851,-2.06031,-1.39842
0,250,12.3649,40.9524,-2.14622,-1.39608
0,250,12.9867,41.0956,-2.15611,-1.29765
0,250,8.68692,46.8377,-0.963984,-0.755835
0,250,8.42882,45.3342,-0.75504,-1.02228
0,250,7.02667,41.5135,-1.32564,-1.32229
0,250,14.7963,51.9944,-0.569222,-0.43963
0,250,12.8245,39.6869,-2.40409,-1.03769
0,250,14.0276,50.2307,-0.80774,-0.520453
0,250,12.9126,42.5603,-2.09295,-1.23852
0,250,12.4443,42.8049,-1.90424,-1.26235
0,250,14.7064,51.5079,-0.103664,0.0333788
0,250,12.8616,47.1956,-1.32661,-0.725368
0,250,7.78422,51.9981,0.10454,-0.657219
0,250,12.9142,45.8602,-1.36455,-0.634146
0,250,4.57885,51.9509,0.523794,0.0238801
0,250,6.88527,43.9699,-0.853313,-0.746161
0,250,12.4069,41.7483,-2.05,-1.53025
0,250,12.696,41.4103,-2.00876,-1.22081
0,250,10.7075,51.9805,-0.00966433,-0.0839396
0,250,12.3949,46.3954,-1.82181,-1.18453
0,250,14.4009,50.5398,0.0736774,-0.811602
0,250,14.2865,49.5592,-1.09981,-0.64757
0,250,13.5744,47.3506,-1.23886,-0.335696
0,250,13.7803,52.0137,-0.351782,-0.605404
0,250,13.2304,46.2652,-1.64591,-0.573439
0,250,13.5205,50.4115,-0.791977,-0.606204
0,250,14.294,52.0228,-0.514364,-0.0314348
0,250,12.9706,49.0528,-1.25285,-0.738103
0,250,3.69429,52.0085,0.0628819,-0.133955
0,250,13.8648,49.7763,-1.02532,-0.32435
0,250,14.3533,51.084,-0.722113,-0.334567
0,250,12.4695,45.3895,-1.76135,-1.15799
0,250,13.7899,48.6486,-0.827579,-0.369571
0,250,20.2282,45.1536,-1.74996,-0.158504
0,250,12.4657,37.2417,-2.54241,-1.07029
0,250,2.98165,40.5345,-0.826872,-0.36994
0,250,4.93966,35.68,-2.03281,-4.22038
0,250,10.2403,52.025,-0.0896887,0.620756
0,250,2.49578,38.1696,0.172885,-1.39222
0,250,19.8274,41.9107,-2.01032,-0.0352536
0,250,2.73139,37.0517,-0.643282,-1.65621
0,250,23.6036,42.8805,-1.06572,0.497702
0,250,20.2367,41.7316,-1.78099,0.194483
0,250,12.9474,51.5864,-0.312818,0.137465
0,250,16.7387,40.9695,-2.19623,-0.488786
0,250,12.9077,40.1567,-2.51171,-1.22673
0,250,11.8475,44.0702,-1.64038,-1.35104
0,250,20.1115,42.9299,-1.92252,0.0348375
0,250,7.1136,42.9335,-1.09904,-0.831796
0,250,8.90423,45.1326,-0.790916,-0.853672
0,250,10.2834,48.1067,-1.01871,-0.421269
0,250,10.3199,46.8939,-1.12463,-0.984942
0,250,14.1899,51.5692,-0.150969,-0.644818
0,250,7.34895,44.3198,-1.15393,-1.08187
0,250,12.4755,39.2228,-2.38867,-1.22973
0,250,6.55922,43.4195,-1.26616,-1.43184
0,250,11.288,38.4448,-3.00164,-1.62521
0,250,7.09796,38.8073,-1.97167,-2.39976
0,250,9.69893,37.971,-2.85078,-2.00516
0,250,12.3634,44.253,-1.54975,-0.80056
0,250,8.5323,44.7688,-1.23705,-0.868851
0,250,7.71885,44.6387,-1.16424,-1.04419
0,250,7.86104,46.9078,-1.12878,-0.00951544
0,250,12.794,44.0283,-1.4344,-0.720758
0,250,13.2087,41.7524,-1.93542,-1.12632
0,250,8.04797,45.6237,-0.778253,-0.916467
0,250,7.30947,42.5217,-1.20726,-0.952086
0,250,12.8747,40.6368,-2.44753,-1.29548
0,250,7.63883,45.2448,-0.697702,-0.640452
0,250,13.4256,49.408,-1.29049,-0.37937
0,250,12.9505,43.0544,-2.06378,-1.19568
0,250,7.26351,44.8981,-0.64007,-0.832004
0,250,12.8917,43.5669,-1.9581,-1.08956
0,250,11.8213,38.5234,-2.84809,-1.5781
0,250,13.4318,42.8765,-2.24945,-1.12798
0,250,12.4603,44.8235,-1.8305,-1.08376
0,250,13.3973,43.3948,-2.04863,-1.05333
0,250,13.4087,39.9942,-2.25903,-1.10497
0,250,15.2337,51.9871,-0.150083,0.63137
0,250,13.3738,48.8453,-1.04824,-0.454755
0,250,13.2065,46.9157,-1.29825,-0.585434
0,250,13.2535,47.6235,-1.06186,-0.431534
0,250,14.7877,50.8793,-0.671606,0.231695
0,250,20.9519,42.4966,-1.8339,-0.102847
0,250,10.7841,48.9607,-1.14711,-0.675231
0,250,20.487,40.5036,-1.62781,0.246987
0,250,3.55742,36.9942,-0.514113,-3.16079
0,250,7.38869,41.2369,-1.53035,-1.47425
0,250,5.39497,36.1569,-1.88913,-3.69681
0,250,5.41328,51.8111,0.0526196,-0.661508
0,250,17.2519,39.3506,-1.94126,0.0750387
0,250,19.9632,40.227,-1.74809,0.306942
0,250,17.1621,41.3874,-2.23578,-0.298068
0,250,20.7932,41.9317,-1.65417,-0.0834173
0,250,11.3762,51.5995,0.0241676,-0.121759
0,250,20.4458,42.2436,-1.8484,-0.0798404
0,250,23.9666,43.4036,-1.19809,0.423224
0,250,10.6887,44.089,-1.56438,-1.76987
0,250,8.31451,47.7726,-0.619634,-0.483855
0,250,7.09282,39.3902,-1.64765,-1.81459
0,250,4.44437,37.9397,-0.664073,-2.96291
0,250,9.50751,47.387,-1.07895,-0.908969
0,250,9.88402,48.5195,-0.818531,-0.717782
0,250,7.95205,48.0795,-0.74281,-0.332401
0,250,7.52438,38.5894,-1.97337,-1.80158
0,250,8.79843,47.9549,-0.585692,-0.421544
0,250,8.29823,46.5907,-0.930837,-0.289742
0,250,8.7615,45.6981,-1.12725,-0.763282
0,250,8.25662,47.1757,-0.86045,-0.399475
0,250,7.89755,46.2881,-0.802799,-0.428759
0,250,7.62252,45.812,-0.66126,-0.647138
0,250,8.69608,47.4226,-0.815511,-0.602722
0,250,10.383,49.2195,-0.618231,0.212802
0,250,6.45437,44.2704,-0.874681,-1.11772
0,250,7.49633,46.5046,-0.683917,-0.379309
0,250,6.59743,42.918,-1.13845,-1.46043
0,250,8.4836,38.1048,-2.96782,-2.24035
0,250,6.57158,40.6429,-1.44184,-2.01529
0,250,6.81443,45.8293,-0.600817,-0.602032
0,250,6.1342,43.0987,-1.36696,-1.12984
0,250,13.0095,39.3143,-2.34892,-0.942474
0,250,13.8801,43.3245,-2.14198,-1.03988
0,250,6.69715,38.8243,-1.63726,-2.11478
0,250,13.2757,44.416,-1.55786,-0.728652
0,250,13.4768,41.3971,-2.28608,-1.26511
0,250,13.3961,42.3879,-2.27438,-1.08021
0,250,13.8045,43.8433,-2.24227,-0.858252
0,250,13.6691,48.008,-0.850763,-0.317048
0,250,15.4849,51.5365,-0.473604,0.0857948
0,250,12.9018,42.0234,-2.17152,-1.26922
0,250,13.8469,49.2156,-1.24027,-0.257755
0,250,13.3259,43.9119,-1.99369,-0.983933
0,250,12.8393,44.5659,-1.62352,-0.665439
0,250,35.7978,43.2546,-0.437552,0.167999
0,250,50.3046,45.2417,-0.201053,0.252292
0,250,21.5278,43.8985,-2.06478,-0.295595
0,250,10.9984,43.6901,-1.52966,-1.71314
0,250,9.22603,50.2336,-0.102311,0.22637
0,250,10.0548,41.8647,-1.91309,-1.92672
0,250,11.1836,52.0179,-0.107478,0.0670403
0,250,4.13813,51.9865,0.17509,0.305377
0,250,2.77507,35.3856,-0.0803085,-5.10394
0,250,17.8982,42.9445,-2.22649,-0.15021
0,250,23.2121,43.156,-1.47161,0.323356
0,250,10.3806,49.7429,-0.280695,-0.0306433
0,250,7.95327,38.4657,-2.29977,-2.40988
0,250,11.6709,40.9155,-2.30074,-1.54419
0,250,10.2286,41.0657,-2.02614,-1.52773
0,250,9.68368,40.4227,-1.92102,-1.77375
0,250,10.7498,50.758,0.0278511,-0.255715
0,250,11.649,47.3758,-1.27862,-1.52131
0,250,12.081,47.6051,-1.39086,-0.91788
0,250,9.94772,49.1331,-0.81783,-0.73946
0,250,9.1898,49.5076,-0.17928,-0.427102
0,250,8.12347,48.5154,-0.992557,-0.304562
0,250,9.40914,48.1993,-1.02445,-0.25857
0,250,9.22377,47.7489,-0.59286,-0.371344
0,250,10.7589,47.1479,-1.34629,-0.752157
0,250,7.21264,46.1019,-0.481085,-0.742911
0,250,8.87527,49.8168,0.168921,0.154568
0,250,5.9752,45.705,-0.417375,-0.490478
0,250,7.4236,47.5892,-0.856377,0.380348
0,250,8.17679,49.5315,0.229705,0.194464
0,250,7.4281,47.0833,-0.747804,0.272382
0,250,7.8805,47.5126,-0.792781,-0.140963
0,250,6.08493,41.8067,-0.738488,-1.45684
0,250,7.02552,43.4819,-1.70275,-0.852603
0,250,7.62587,48.6385,-0.525029,0.421153
0,250,13.4002,40.4765,-2.36386,-1.20496
0,250,8.57389,48.344,-1.02633,-0.657703
0,250,6.30867,43.8154,-0.891964,-1.02682
0,250,7.55851,37.9852,-2.63218,-2.02805
0,250,13.5412,39.6112,-2.37281,-0.910809
0,250,13.757,44.3728,-1.58485,-0.647947
0,250,13.2449,44.9806,-1.868,-0.793429
0,250,13.2833,45.6044,-1.44262,-0.983145
0,250,13.6415,46.0902,-1.70447,-1.1152
0,250,14.0436,47.8099,-0.892322,-0.61009
0,250,12.8714,45.2236,-1.77217,-0.49388
0,250,14.9181,50.321,-0.488905,-0.271833
0,250,13.6021,46.7105,-1.63627,-0.800342
0,250,15.0938,51.3062,0.0354336,-0.220025
0,250,14.2553,48.9964,-0.984581,-0.499938
0,250,3.34113,36.1394,-1.63893,-3.9909
0,250,22.7143,43.013,-1.44658,0.187959
0,250,21.5599,44.9104,-1.7066,-0.0536706
0,250,9.57673,50.0209,-0.457776,0.124923
0,250,21.2909,42.122,-1.78176,0.177064
0,250,8.54534,51.5605,0.372205,-0.103819
0,250,11.6076,50.011,-0.528226,-0.187746
0,250,11.5896,47.8894,-1.0858,-1.18425
0,250,11.6321,46.7551,-1.28267,-1.15196
0,250,8.80801,50.4535,-0.175312,0.241161
0,250,9.1199,50.8759,-0.377015,0.136418
0,250,9.94326,50.4444,-0.248726,-0.140924
0,250,8.74348,51.1382,-0.215226,-0.366527
0,250,11.8175,43.4974,-1.33976,-0.941938
0,250,9.92327,51.019,0.0461839,-0.286282
0,250,8.47624,49.9978,0.0475587,-0.273441
0,250,9.62181,49.4343,0.196863,0.26648
0,250,8.05688,50.1263,-0.273107,-0.371587
0,250,10.8384,49.5706,-0.381568,-0.802647
0,250,9.98835,49.8244,-0.26936,0.0705622
0,250,8.60829,49.3471,0.061646,-0.200267
0,250,9.10294,49.0204,-0.330225,-0.0213794
0,250,8.62853,48.8635,-0.607759,-0.612242
0,250,6.47048,44.8356,-0.626362,-0.784597
0,250,9.53619,48.8148,-0.806849,-0.382409
0,250,6.05155,44.6172,-0.554422,-0.564389
0,250,11.2007,49.3109,-0.398729,-1.25465
0,250,7.10827,49.9906,-0.273355,-0.30522
0,250,5.58484,50.1822,0.0342552,0.0425487
0,250,7.55326,50.1492,-0.0557805,0.205027
0,250,8.12508,49.0105,0.162661,-0.038588
0,250,9.07361,48.5063,-1.07659,-0.241709
0,250,6.57422,47.0217,-0.123567,-0.660478
0,250,7.21136,45.5044,-0.905314,-0.850741
0,250,7.05177,46.7751,-0.422985,-0.595488
0,250,6.54508,41.2316,-1.41958,-1.89658
0,250,6.85166,45.1342,-0.702219,-0.482658
0,250,6.35838,46.0401,-0.327496,-0.455885
0,250,12.36,38.7007,-2.68385,-1.36384
0,250,7.12552,38.2363,-2.15313,-2.36746
0,250,8.66652,37.7202,-2.98027,-2.04315
0,250,14.2202,44.3504,-1.72736,-0.805811
0,250,11.4391,38.0095,-2.86485,-1.52719
0,250,14.1296,48.3886,-0.972945,-0.69223
0,250,6.89552,44.504,-1.09846,-0.494301
0,250,14.1371,44.8979,-1.72502,-0.744195
0,250,13.6754,45.4702,-1.39126,-0.845561
0,250,13.675,44.8986,-1.72059,-0.805096
0,250,13.9694,47.2161,-1.31601,-0.530263
0,250,15.7282,52.0135,-0.247686,-0.43114
0,250,9.74019,40.9875,-1.94892,-1.57707
0,250,40.328,43.7763,-0.395771,0.372698
0,250,49.6357,45.4456,-0.141687,-0.0537847
0,250,18.4704,43.1743,-2.15138,-0.18962
0,250,2.83935,39.0617,0.277298,-1.28033
0,250,16.3598,38.5497,-2.14528,-0.237605
0,250,18.982,40.1724,-1.9348,0.0747699
0,250,9.44824,51.2875,0.20642,0.123641
0,250,10.7027,41.9629,-1.82251,-1.58798
0,250,13.2781,51.2317,-0.33602,-0.134477
0,250,4.02353,36.6203,-1.45205,-3.50321
0,250,5.40794,50.8092,0.584521,-0.421847
0,250,12.5112,47.4703,-1.30545,-0.549269
0,250,5.17351,50.294,-0.0257641,0.293909
0,250,11.6533,42.7032,-1.64822,-1.17702
0,250,6.06022,50.2504,0.0125554,-0.564346
0,250,7.28894,52.0234,0.164179,0.49889
0,250,12.4183,50.2318,-0.287299,0.147995
0,250,8.20302,51.0883,0.0171627,0.359359
0,250,5.12428,48.4819,-0.0742156,0.324507
0,250,6.44358,50.5084,-0.309477,0.52111
0,250,6.25238,49.7663,0.319923,-0.40135
0,250,11.1746,49.955,-0.639491,-1.17497
0,250,7.6668,49.1539,0.279533,0.181296
0,250,5.75299,49.7066,0.111908,-0.0396074
0,250,6.66507,51.0118,0.416234,-0.123792
0,250,7.16614,51.0677,0.400113,-0.254739
0,250,7.23537,49.518,-0.196054,0.068346
0,250,7.93362,50.5924,-0.0575627,0.256193
0,250,7.67907,51.0171,0.16241,0.39877
0,250,7.72423,49.6644,-0.285895,-0.0661986
0,250,5.51267,39.5089,-1.26344,-1.80881
0,250,6.15255,40.5057,-1.89545,-1.8121
0,250,6.91741,47.3522,-0.433682,-0.139239
0,250,8.43576,50.648,-0.755666,-0.760254
0,250,6.02818,42.5975,-0.76725,-1.40658
0,250,6.30085,42.287,-1.14515,-1.60367
0,250,7.78695,37.4572,-3.21803,-2.67348
0,250,5.8036,41.3945,-0.698095,-1.10832
0,250,13.9147,40.2996,-2.26188,-1.10335
0,250,13.923,42.8104,-2.1366,-0.896615
0,250,14.1215,45.4334,-1.22973,-0.715482
0,250,14.2756,43.8093,-2.39511,-0.964846
0,250,6.71377,39.4927,-1.44981,-1.93103
0,250,14.561,45.4031,-1.415,-0.580512
0,250,10.8814,37.9575,-2.99682,-1.49695
0,250,13.9963,46.5792,-1.82785,-0.693827
0,250,15.03,48.561,-1.00019,-0.461847
0,250,14.4387,47.6788,-0.77195,-0.847881
0,250,15.2408,50.7026,-0.762365,-0.117316
0,250,9.10889,51.5535,0.279405,-0.196962
0,250,29.8567,42.6684,-0.814146,0.324403
0,250,18.3175,40.2507,-1.81162,0.360746
0,250,18.5673,39.8596,-1.95029,0.0838522
0,250,34.5296,42.6862,-0.409696,0.268921
0,250,10.7065,47.8427,-1.0956,-0.610939
0,250,50.9911,42.564,0.243727,0.565158
0,250,7.39132,36.1393,-2.86699,-2.57614
0,250,20.8348,43.7325,-1.94775,-0.152639
0,250,9.40413,38.7815,-2.51269,-2.18929
0,250,12.7102,51.1166,-0.0802438,0.0286816
0,250,9.2838,52.0156,-0.0684554,0.254062
0,250,8.89536,38.5125,-2.57657,-2.01718
0,250,7.51834,51.5247,-0.32483,-0.0399422
0,250,12.0833,49.2415,-1.04167,-0.990149
0,250,10.8896,39.7548,-2.59383,-1.71704
0,250,11.421,43.9521,-1.82592,-1.51871
0,250,12.0418,45.0858,-1.82657,-1.43864
0,250,12.8278,50.6024,-0.144511,0.221619
0,250,11.1846,48.7183,-1.00516,-0.995643
0,250,6.53232,51.5206,0.212382,0.347221
0,250,3.67135,50.9119,0.530994,0.115478
0,250,10.3734,50.9786,0.11176,0.166488
0,250,6.89082,50.5059,-0.0305993,0.0127813
0,250,4.508,50.9378,0.211119,0.441991
0,250,5.113,49.0927,0.0484207,0.0818123
0,250,5.52794,48.8692,-0.022355,0.142009
0,250,6.65436,49.9652,-0.230225,0.670006
0,250,6.73591,48.8666,-0.266381,0.401367
0,250,5.603,42.9676,-0.909266,-1.25639
0,250,7.19531,48.4684,-0.426292,0.257874
0,250,6.9523,47.8331,-1.02172,0.127441
0,250,5.90396,38.7021,-1.54799,-2.12886
0,250,11.9279,38.0622,-2.63181,-1.40764
0,250,14.3664,47.1101,-1.52726,-0.613293
0,250,6.45614,47.5882,-0.299829,-0.346445
0,250,5.53183,45.768,-0.644349,-0.18865
0,250,5.84636,43.4676,-0.806265,-0.980287
0,250,9.76834,37.5452,-2.87445,-1.76733
0,250,6.77954,46.4089,-0.457084,-0.49289
0,250,6.75051,42.475,-0.873548,-0.9931
0,250,7.4771,48.0798,-0.742125,0.171712
0,250,6.53216,41.731,-0.746843,-1.60452
0,250,14.9061,47.9771,-0.896912,-0.9311
0,250,6.12397,41.0815,-1.2794,-1.8988
0,250,13.4934,40.9341,-2.44529,-1.38021
0,250,14.422,46.5472,-1.97487,-0.863083
0,250,15.5209,50.3341,-0.618355,-0.031616
0,250,14.0532,45.9808,-1.64576,-0.869092
0,250,14.5405,48.267,-0.771971,-1.03269
0,250,9.9837,45.8334,-0.981265,-0.510311
0,250,6.14236,35.7977,-2.68733,-3.36971
0,250,9.24153,44.0326,-1.49428,-1.39871
0,250,8.37737,36.4649,-3.15299,-2.02232
0,250,7.4049,43.8191,-1.17645,-1.1484
0,250,12.5224,49.1996,-1.08192,-0.763438
0,250,7.31301,39.8613,-1.46857,-1.7952
0,250,2.7223,51.1205,0.128066,0.0619826
0,250,9.31403,45.1843,-0.796323,-1.12002
0,250,8.22669,44.4098,-1.0611,-1.32369
0,250,6.03103,51.5517,0.264828,0.154983
0,250,11.4144,39.8196,-2.65029,-1.73428
0,250,7.95055,39.0426,-2.06266,-2.047
0,250,12.7104,52.0045,-0.384908,-0.126993
0,250,11.2354,41.219,-1.83899,-1.49479
0,250,12.0827,48.6938,-1.23726,-1.01417
0,250,11.1339,40.7126,-2.38342,-1.77449
0,250,9.85636,51.5408,0.353373,0.0789351
0,250,11.5749,50.6338,-0.437437,-0.245892
0,250,5.84578,50.7134,0.724193,-0.284678
0,250,8.00681,51.5228,0.362669,0.283453
0,250,5.32256,49.5428,0.134195,0.0625804
0,250,5.46348,47.6563,-0.623065,-0.433157
0,250,5.49062,48.2413,-0.228226,0.15945
0,250,5.82973,49.2177,-0.0440183,0.051695
0,250,6.29575,49.2482,-0.172189,-0.491315
0,250,7.16697,49.0249,-0.0357825,0.253451
0,250,5.64663,44.4151,-0.506834,-0.565809
0,250,5.91857,48.5935,-0.191265,-0.343085
0,250,6.47981,45.4671,-1.07145,-0.748076
0,250,6.44825,40.0569,-1.72661,-1.67661
0,250,6.30916,46.5715,-0.726143,-0.528585
0,250,5.68724,42.0324,-1.05982,-1.20333
0,250,6.75904,37.3448,-2.67096,-2.70156
0,250,6.69355,38.1424,-2.13771,-2.35924
0,250,14.4934,45.9917,-1.57695,-0.497049
0,250,5.87855,43.9965,-0.637562,-0.639442
0,250,15.3204,47.6791,-1.12593,-0.105308
0,250,14.1061,39.9349,-2.26394,-1.09236
0,250,13.9896,40.77,-2.26325,-1.18402
0,250,7.12672,37.6914,-2.73654,-2.67494
0,250,14.3492,43.228,-2.08644,-0.882595
0,250,6.30736,39.0762,-1.48205,-1.96375
0,250,15.6129,51.0225,-0.364245,-0.400265
0,250,15.0961,49.1474,-0.798776,-0.56169
0,250,14.8628,47.4369,-1.0793,-1.54233
0,250,14.9863,49.8215,-1.29733,-0.653955
0,250,16.1563,51.9258,-0.280187,0.0935778
0,250,14.6385,48.8135,-1.13517,-0.893159
0,250,15.9679,51.3937,-0.550697,-0.537132
0,250,11.9509,44.589,-1.9774,-1.53024
0,250,9.88204,39.0841,-2.72241,-1.75155
0,250,11.0565,41.7236,-1.79451,-1.56173
0,250,2.57271,36.7137,0.397429,-2.11891
0,250,9.8646,46.3783,-1.45108,-0.317313
0,250,10.5517,39.2128,-2.59871,-1.66493
0,250,11.8702,40.5434,-2.22794,-1.42822
0,250,8.36313,43.8637,-1.19505,-1.3917
0,250,9.31962,42.4772,-1.56586,-1.48712
0,250,5.19896,51.3502,0.178332,-0.648161
0,250,10.8474,38.8244,-2.55509,-1.47598
0,250,3.90029,51.3642,0.035869,0.107987
0,250,12.0661,49.7928,-0.610872,-0.337534
0,250,11.4868,41.9926,-1.89608,-1.03149
0,250,6.20382,51.0347,0.294348,0.73001
0,250,12.3277,50.7594,-0.369635,-0.119092
0,250,3.81934,49.022,0.0365672,0.53367
0,250,11.6205,48.9516,-1.07768,-0.594492
0,250,2.5115,52.0699,0.0578305,-0.0488232
0,250,7.01457,51.5333,-0.0644508,-0.109752
0,250,4.71382,48.7031,-0.246776,0.178386
0,250,5.0682,47.8498,-0.100072,0.188039
0,250,3.88545,47.8896,-0.326235,0.498457
0,250,3.82435,48.4649,0.274516,0.358546
0,250,5.65366,45.0403,-0.908491,-0.479621
0,250,4.70152,48.1292,0.0862077,0.0361823
0,250,6.73568,49.4206,-0.275725,0.118781
0,250,4.88776,41.4557,-0.941868,-1.0366
0,250,4.69644,42.0485,-0.902414,-1.06852
0,250,5.90582,48.0263,-0.552956,-0.215209
0,250,6.34399,38.4434,-1.98762,-2.06455
0,250,10.3021,37.8843,-2.8158,-1.68546
0,250,9.17467,37.7362,-2.85408,-1.98427
0,250,8.23099,37.3768,-2.69781,-1.98485
0,250,7.35286,37.2795,-2.8798,-2.607
0,250,5.35404,41.4624,-0.888162,-1.70914
0,250,15.372,48.2447,-0.951114,-0.226655
0,250,13.6816,42.081,-2.15258,-1.14066
0,250,14.9312,45.8713,-1.4211,-0.914048
0,250,12.8454,38.8242,-2.63987,-0.892258
0,250,13.539,39.1468,-2.38447,-1.04331
0,250,14.578,44.8101,-1.77213,-0.882592
0,250,14.8932,46.4226,-1.54398,-1.0968
0,250,14.8359,46.9357,-1.58728,-1.50698
0,250,15.9646,49.7775,-0.939079,-0.195106
0,250,15.5007,49.4001,-1.15531,0.23792
0,250,6.47686,37.6891,-2.15201,-2.23252
0,250,16.8235,51.4965,-0.448003,0.125645
0,250,14.7275,49.4038,-1.03138,-0.96895
0,250,16.3868,51.3718,-0.817839,-0.0116249
0,250,8.23457,39.6065,-2.01568,-1.72956
0,250,7.98242,42.0515,-1.33756,-1.68016
0,250,9.77521,44.9546,-1.08737,-1.65504
0,250,9.10598,46.5133,-1.15862,-0.917475
0,250,8.81022,43.6535,-1.33154,-1.41003
0,250,9.64836,45.542,-0.762194,-0.883751
0,250,11.9812,42.4314,-1.77703,-1.51428
0,250,7.40718,42.023,-1.20842,-1.04767
0,250,4.303,50.2261,0.171765,-0.0700831
0,250,12.9854,49.599,-1.26016,-0.538499
0,250,3.17006,51.2465,0.166105,-0.454741
0,250,4.19751,49.331,-0.247014,0.522354
0,250,4.94519,50.845,0.224654,0.0446591
0,250,4.69431,49.257,0.0801371,0.0726229
0,250,4.53875,49.7458,0.52327,-0.131167
0,250,3.5624,49.747,0.0676724,0.0857732
0,250,3.99917,49.7679,0.127623,0.387009
0,250,3.43909,48.1673,-0.248201,0.582601
0,250,4.31553,47.6679,0.0905263,0.605812
0,250,3.44989,46.5177,0.281487,0.610058
0,250,4.27665,48.2515,0.109727,0.294678
0,250,4.69552,46.8071,0.00628221,-0.0642852
0,250,4.26706,48.7935,0.00413439,0.564209
0,250,6.75901,48.2764,-0.370532,0.50329
0,250,6.3175,48.7047,-0.134094,-0.629548
0,250,5.89101,46.2588,-0.512633,-0.59971
0,250,6.36221,48.1026,-0.407297,-0.255668
0,250,5.34722,46.2497,-0.417519,-0.145273
0,250,5.51675,42.4717,-0.935351,-1.15026
0,250,4.70282,47.4751,-0.278613,-0.328457
0,250,5.98781,47.5308,-0.561902,0.0493068
0,250,5.17553,43.0217,-0.925193,-1.38095
0,250,8.70447,37.2237,-2.68669,-2.40951
0,250,4.76018,40.0635,-1.4845,-1.79711
0,250,5.26561,44.0818,-0.26485,-0.903274
0,250,5.41987,43.6269,-0.570548,-0.897175
0,250,14.4766,40.6099,-2.20638,-0.924054
0,250,10.0673,37.0914,-2.98331,-1.56154
0,250,6.97873,36.9049,-3.1427,-3.13442
0,250,5.71921,40.7266,-1.592,-1.56606
0,250,14.0677,39.4745,-2.38522,-1.02168
0,250,14.9873,45.3091,-1.59723,-1.0965
0,250,14.6189,40.1895,-2.14448,-0.820435
0,250,15.7746,48.0001,-0.84711,-0.214823
0,250,15.9352,49.2016,-1.10811,0.157373
0,250,15.8479,48.5704,-1.16966,-0.127567
0,250,15.4468,49.879,-1.27499,0.0553832
0,250,15.9631,50.7421,-0.386599,-0.554456
0,250,15.4955,48.8357,-0.938941,-0.200637
0,250,16.5832,51.9969,-0.450855,-0.384387
0,250,12.5033,48.0734,-1.04892,-0.753213
0,250,38.3903,42.6994,-0.562481,0.25185
0,250,45.2645,42.6131,-0.164325,0.376056
0,250,8.83688,41.6268,-1.86023,-1.7242
0,250,7.54504,39.1838,-1.79079,-1.90876
0,250,12.4423,46.8839,-1.07175,-0.830397
0,250,5.68469,51.2727,0.178596,-0.326722
0,250,5.77973,52.0361,-0.322621,-0.240779
0,250,4.6992,50.3698,-0.0580607,0.16661
0,250,2.43136,51.5277,-0.110725,-0.0249554
0,250,4.98823,49.8261,0.196215,0.219204
0,250,3.83693,50.3258,0.120965,0.228517
0,250,2.99697,49.9675,-0.122392,0.340374
0,250,2.87463,50.4834,0.0863401,0.113579
0,250,2.44241,43.4144,0.0397009,-0.240534
0,250,3.46028,47.0444,0.055563,0.658669
0,250,2.93494,48.4696,0.00466665,0.415597
0,250,5.54386,47.1615,0.129856,-0.480356
0,250,5.07429,47.1941,-0.178068,0.176796
0,250,4.93464,40.7452,-1.13223,-1.71436
0,250,3.87994,47.3248,0.391992,0.798649
0,250,5.20761,41.9428,-0.705271,-1.19468
0,250,5.70509,46.6957,0.163534,-0.144357
0,250,6.87869,36.1136,-3.12572,-3.34505
0,250,3.45151,47.6202,-0.0534494,0.39845
0,250,5.62317,40.1965,-1.6333,-1.92182
0,250,4.96984,43.494,-0.465175,-1.34997
0,250,8.73197,36.7978,-3.27707,-2.43476
0,250,5.18409,40.3258,-1.27436,-1.6595
0,250,4.74784,42.8153,-0.899821,-0.969723
0,250,6.06472,45.2058,-0.947169,-0.683094
0,250,7.33248,36.6514,-3.06163,-2.8925
0,250,4.87417,39.272,-1.02686,-2.12078
0,250,12.0304,37.6004,-2.68381,-1.30424
0,250,6.21884,39.5457,-1.57346,-2.13025
0,250,6.49302,36.7685,-2.60422,-2.70283
0,250,5.01151,42.4336,-1.13086,-1.4199
0,250,9.16819,36.6404,-2.73828,-2.06501
0,250,11.5284,37.4369,-2.66579,-1.30754
0,250,14.6395,39.7295,-2.35828,-0.880832
0,250,7.72253,36.7978,-3.16433,-2.40114
0,250,6.62571,36.2972,-3.03159,-3.53715
0,250,15.3783,45.9098,-1.64131,-0.253969
0,250,9.2672,37.2835,-3.12712,-2.04188
0,250,15.3329,46.4676,-1.48265,-0.0654329
0,250,14.674,44.2301,-1.88891,-1.12681
0,250,15.2936,47.0818,-1.45222,0.0938745
0,250,16.303,48.9747,-1.29984,-0.321153
0,250,17.0574,51.9889,-0.328564,0.34718
0,250,17.5146,52.013,-0.519667,-0.338374
0,250,10.1993,38.3412,-2.81308,-1.50868
0,250,10.5141,44.9756,-1.78929,-1.42002
0,250,8.04695,41.3531,-1.59346,-1.60894
0,250,7.98512,40.8134,-1.80718,-1.3129
0,250,11.9252,51.5637,-0.168056,0.0878725
0,250,9.96286,47.5143,-0.91511,-0.56417
0,250,8.05633,44.9873,-0.930913,-1.14469
0,250,8.73823,44.1984,-1.22103,-1.24793
0,250,8.78088,52.0068,0.0807861,-0.484418
0,250,3.32895,38.2344,-0.664672,-2.33416
0,250,2.9964,46.9293,0.134941,0.114963
0,250,2.88357,45.3655,0.167896,0.269037
0,250,3.37428,48.7219,0.497557,0.367998
0,250,3.44864,49.2906,-0.452002,0.42357
0,250,4.31338,47.0767,-0.232637,0.0207986
0,250,5.3014,45.3572,-0.508944,-0.0287319
0,250,4.96059,37.4953,-1.49075,-3.26306
0,250,12.1081,37.1213,-2.62194,-1.26241
0,250,5.204,39.7551,-1.4587,-1.97674
0,250,10.3954,36.7013,-2.84616,-1.36238
0,250,5.14773,38.9681,-0.985588,-2.43373
0,250,11.6316,36.9571,-2.67686,-1.32255
0,250,9.57046,36.9853,-2.7906,-1.75377
0,250,13.5277,38.3206,-2.60083,-0.891276
0,250,8.10584,36.8768,-3.16092,-1.87972
0,250,10.7594,37.1903,-2.79589,-1.43212
0,250,5.57886,36.8157,-2.52754,-3.65097
0,250,17.3745,40.2085,-2.09797,-0.171343
0,250,5.34921,40.9443,-1.29085,-1.12988
0,250,19.2304,42.8596,-1.93025,0.100796
0,250,11.0757,37.572,-2.82981,-1.35128
0,250,13.9944,38.5439,-2.72399,-1.06069
0,250,12.9237,38.3159,-2.58167,-0.965767
0,250,14.0341,38.9895,-2.43787,-1.02849
0,250,14.5972,41.0842,-2.10293,-1.04702
0,250,15.5126,41.3435,-1.85922,-0.576131
0,250,15.7058,40.9323,-2.06427,-0.693325
0,250,15.6264,39.8627,-2.19993,-0.712324
0,250,12.4253,38.2274,-2.64654,-1.12606
0,250,13.9191,41.6617,-2.20613,-1.19089
0,250,15.0239,44.7692,-1.91787,-0.995583
0,250,15.1198,44.254,-1.8005,-0.719918
0,250,14.087,42.4183,-2.41191,-1.06554
0,250,15.095,41.0286,-1.93042,-0.728038
0,250,13.3447,38.7363,-2.56796,-0.778223
0,250,15.6872,46.8363,-1.53586,-0.371021
0,250,14.0832,41.2238,-2.31379,-1.25949
0,250,16.2763,48.4452,-1.11077,-0.307478
0,250,16.027,50.2551,-0.634491,-0.59059
0,250,17.2563,51.4172,-0.663156,-0.222044
0,250,9.47385,46.1426,-1.13877,-1.20731
0,250,8.76373,46.2279,-1.03087,-0.7973
0,250,13.8889,50.7511,0.0534063,-0.94793
0,250,9.63177,42.9662,-1.44264,-1.53794
0,250,11.4011,43.3522,-1.18975,-1.42573
0,250,9.02925,44.585,-1.40888,-1.04707
0,250,9.74348,51.9958,-0.142946,-0.295879
0,250,11.9467,50.3751,-0.314163,-0.237054
0,250,4.78409,51.4482,-0.0251498,0.0534468
0,250,3.25315,50.7518,0.575503,-0.223074
0,250,3.00251,49.5178,-0.318277,0.128169
0,250,4.28369,42.8615,-0.626855,-0.52374
0,250,4.32564,42.3123,-0.949643,-0.635514
0,250,4.75439,38.3461,-1.88648,-2.90957
0,250,6.09026,47.0533,0.289595,0.193657
0,250,5.76289,39.1734,-1.60337,-2.10295
0,250,12.5723,37.78,-2.41924,-0.95909
0,250,15.0138,39.0761,-2.17483,-0.836743
0,250,5.66801,38.194,-1.8627,-2.25421
0,250,16.9969,39.7321,-2.16016,-0.367523
0,250,13.6675,37.4876,-2.70224,-0.750709
0,250,18.9049,43.6436,-2.06903,0.069506
0,250,10.3558,37.4858,-2.91299,-1.4083
0,250,18.0105,40.8803,-1.95465,-0.0621626
0,250,15.9543,39.4887,-2.28645,-0.66023
0,250,16.496,39.5338,-2.15389,-0.496588
0,250,15.1809,40.0834,-2.24746,-0.866103
0,250,17.0349,42.5287,-2.19578,-0.28993
0,250,14.5529,39.2535,-2.32401,-0.939735
0,250,15.9228,42.1704,-2.41447,-0.586883
0,250,16.1721,40.7996,-2.08791,-0.677283
0,250,15.4229,42.4129,-2.66085,-0.907134
0,250,16.2315,41.2711,-1.90096,-0.634733
0,250,15.6693,42.8763,-2.65621,-0.768651
0,250,15.9569,40.2623,-2.1732,-0.589864
0,250,15.9356,41.6268,-1.88292,-0.681874
0,250,15.1308,39.5943,-2.28948,-0.86415
0,250,14.5294,41.5736,-2.3466,-1.17286
0,250,14.3247,41.9906,-2.22262,-1.09209
0,250,15.8592,45.7685,-1.68882,-0.633698
0,250,14.5364,42.8127,-2.3908,-1.17118
0,250,14.7024,43.6443,-2.25266,-0.77449
0,250,16.1598,46.7935,-1.77267,-0.395802
0,250,15.7058,47.4204,-1.16971,-0.241337
0,250,16.6807,48.2138,-1.14192,-0.436282
0,250,16.8571,50.9102,-0.821918,0.513263
0,250,16.1865,47.8894,-1.01473,-0.244624
0,250,16.4843,50.319,-0.557571,-0.572647
0,250,16.3513,49.5881,-0.784427,-0.75192
0,250,16.4155,50.8556,-0.495859,-0.256356
0,250,9.29374,43.5467,-1.39161,-1.77363
0,250,10.3048,46.3027,-1.30916,-0.816749
0,250,7.86817,44.0877,-1.18872,-0.967685
0,250,9.31218,40.7336,-1.69461,-1.77589
0,250,6.29339,52.0092,-0.236168,0.627985
0,250,7.78597,42.4911,-1.01913,-1.39427
0,250,3.40396,50.2447,0.074791,-0.152647
0,250,2.51441,49.2589,-0.610394,0.0406073
0,250,2.95887,48.9923,0.186601,0.233553
0,250,3.91245,46.774,-0.31704,0.326543
0,250,3.98303,41.9887,-0.841774,-0.944098
0,250,4.6089,41.0984,-0.867325,-1.02757
0,250,5.62434,37.381,-1.66201,-2.59699
0,250,7.7294,35.9809,-2.77662,-2.4743
0,250,9.31261,36.1823,-2.85797,-1.91283
0,250,13.793,37.9601,-2.27588,-0.956541
0,250,18.283,41.8938,-2.34949,-0.0974781
0,250,19.3151,45.1909,-1.78499,-0.087394
0,250,19.0474,42.344,-2.02584,0.152169
0,250,16.3942,41.8848,-2.18269,-0.299724
0,250,17.777,41.6668,-2.41535,-0.161172
0,250,16.071,42.6072,-2.56195,-0.567872
0,250,16.2822,39.9357,-2.15751,-0.65585
0,250,16.8468,40.1452,-1.98447,-0.287474
0,250,17.533,40.7091,-1.97855,-0.199616
0,250,17.2506,44.8561,-1.91233,-0.361878
0,250,16.2369,43.0855,-2.43474,-0.690171
0,250,16.5906,43.4422,-2.46588,-0.588262
0,250,15.4219,43.2911,-2.40531,-0.754631
0,250,15.112,42.7325,-2.61261,-0.80407
0,250,16.675,42.8425,-2.39451,-0.498985
0,250,15.1693,43.7506,-2.10764,-0.758988
0,250,14.9771,42.0336,-2.22594,-1.15072
0,250,16.3954,45.2928,-1.79649,-0.269709
0,250,15.4772,41.9085,-2.08445,-0.710966
0,250,15.9862,44.742,-2.05944,-0.686932
0,250,15.6501,43.8691,-2.16999,-0.545949
0,250,14.9373,43.186,-2.46273,-0.736619
0,250,15.5421,40.4834,-2.14546,-0.751848
0,250,15.6269,44.3384,-1.84366,-0.516316
0,250,15.0296,41.5534,-2.19369,-1.02726
0,250,15.4853,44.8337,-1.84532,-0.284183
0,250,15.03,40.5775,-2.08496,-0.864294
0,250,15.4422,45.3762,-1.63087,-0.358022
0,250,16.7795,48.755,-1.25304,-0.650053
0,250,16.7512,49.2604,-0.909607,-0.805431
0,250,16.1349,47.3108,-1.35713,-0.312408
0,250,17.7098,51.5411,-0.691519,-0.371986
0,250,16.7032,49.9187,-0.95557,-0.403731
0,250,18.0215,52.0073,-0.958677,-0.145437
0,250,9.76106,43.5257,-1.31342,-1.15333
0,250,11.5241,44.6364,-1.80182,-1.51918
0,250,2.45919,42.834,0.257565,0.197891
0,250,11.6394,49.4828,-0.421411,-0.124481
0,250,3.77182,38.5594,-0.868055,-2.01853
0,250,2.49597,47.7525,0.289084,0.143294
0,250,2.94468,46.4408,0.400737,0.0335447
0,250,4.20882,45.2668,-0.195467,0.0181042
0,250,4.3211,46.4455,-0.306093,0.411036
0,250,4.7439,46.2392,-0.0927041,0.278884
0,250,5.42137,38.6596,-1.69332,-2.63222
0,250,6.18618,37.022,-2.75326,-2.74584
0,250,18.8694,40.577,-1.7299,0.0521723
0,250,17.5306,41.2119,-2.20137,-0.340987
0,250,16.7015,41.4893,-2.12819,-0.387872
0,250,24.159,42.9994,-1.33858,0.12595
0,250,17.6024,44.1793,-2.38767,-0.43913
0,250,4.14191,40.1077,-0.798629,-2.03101
0,250,16.5301,42.3412,-2.34441,-0.366094
0,250,19.8671,45.4789,-1.67538,-0.137304
0,250,16.5097,40.4653,-2.13761,-0.733691
0,250,17.1722,43.7861,-2.25685,-0.456826
0,250,16.7144,43.9236,-2.30783,-0.513535
0,250,16.2035,43.8401,-2.32791,-0.830775
0,250,17.0203,43.2343,-2.34871,-0.282038
0,250,18.5416,44.7153,-2.19566,-0.229717
0,250,17.3912,45.4652,-1.90595,-0.719666
0,250,22.2037,45.5912,-1.69949,-0.218849
0,250,16.7208,44.4244,-2.12894,-0.465262
0,250,15.9087,43.4265,-2.48224,-0.751925
0,250,16.9164,45.1382,-2.1344,-0.592448
0,250,20.1281,46.0693,-2.08858,-0.12324
0,250,16.1765,44.2887,-1.85275,-0.663869
0,250,16.7584,46.128,-1.81785,-0.532276
0,250,16.5082,44.8034,-2.06904,-0.426048
0,250,16.6654,46.659,-1.49378,-0.420836
0,250,16.3512,45.767,-1.74596,-0.188179
0,250,17.5295,48.1641,-1.38862,-0.216971
0,250,14.6819,42.3654,-2.4088,-1.1251
0,250,15.9058,45.2435,-1.69341,-0.660785
0,250,16.6172,47.1345,-1.53589,-0.51646
0,250,17.1909,48.5473,-1.19249,-0.628955
0,250,17.0857,49.6244,-1.08411,-0.658301
0,250,15.7912,46.2794,-1.66403,-0.644774
0,250,16.5783,47.6455,-1.09542,-0.619075
0,250,17.2434,49.0951,-0.938477,-0.622452
0,250,17.8425,51.0275,-0.307801,-0.0420256
0,250,18.9688,51.998,-0.698335,-0.252995
0,250,17.3449,50.9333,-0.414357,-0.249004
0,250,18.1895,51.4885,-0.508711,0.0327909
0,250,3.16665,52.0549,0.0757125,-0.152535
0,250,7.55457,40.7827,-1.95083,-1.78895
0,250,2.47801,49.739,0.512215,0.154991
0,250,2.47344,46.7984,0.475413,-0.106826
0,250,2.44811,50.7975,0.416371,0.0735141
0,250,2.49497,48.2384,-0.195879,0.200053
0,250,4.61305,45.5697,-0.344656,-0.400678
0,250,4.99751,45.8524,-0.619638,-0.165785
0,250,4.40343,41.6442,-0.904698,-0.734203
0,250,17.5863,39.7943,-1.90467,-0.0237089
0,250,5.88086,36.5774,-2.45873,-2.89173
0,250,19.5849,42.555,-1.97324,-0.0366496
0,250,18.7495,41.8563,-2.15362,0.129791
0,250,17.5207,43.5324,-2.19452,-0.423894
0,250,5.24666,44.7428,-0.685476,-0.514841
0,250,22.7632,41.1485,-1.3711,0.758556
0,250,13.1264,37.9081,-2.35023,-0.732212
0,250,19.3627,43.9441,-2.11516,0.119627
0,250,21.6502,40.6466,-1.45257,0.47897
0,250,17.1907,44.3549,-2.20544,-0.333565
0,250,23.2035,41.7436,-1.55026,0.560839
0,250,23.8782,42.535,-1.56692,0.22308
0,250,18.0481,44.4926,-2.27801,-0.321923
0,250,20.8834,45.927,-1.87772,-0.0921092
0,250,20.3717,45.7042,-1.7782,-0.0638354
0,250,22.105,40.3368,-1.62868,0.4586
0,250,17.6841,44.8075,-2.02691,-0.255889
0,250,24.3056,42.3147,-1.4583,0.236853
0,250,23.244,45.2552,-1.68202,0.257342
0,250,20.6716,46.3162,-1.97079,-0.0698184
0,250,18.742,45.1711,-1.91021,-0.338337
0,250,24.7347,43.2035,-1.46099,0.345853
0,250,22.692,45.8754,-1.9464,-0.143989
0,250,17.6276,46.5822,-1.82132,-0.266185
0,250,18.1162,45.8836,-1.73332,-0.0942649
0,250,17.7753,45.3872,-1.71605,0.0348934
0,250,16.8827,45.6299,-1.73008,-0.530406
0,250,17.1537,46.5196,-1.76297,-0.878052
0,250,17.1865,47.0053,-1.47946,-0.816563
0,250,18.5442,48.3963,-1.07712,-0.240444
0,250,17.07,47.4555,-1.39272,-0.836839
0,250,17.6744,48.6956,-1.18477,-0.211562
0,250,16.2678,46.2848,-1.69448,-0.159264
0,250,17.0583,47.9704,-1.33927,-0.816822
0,250,17.2924,50.1318,-1.61524,-0.30449
0,250,18.6055,49.5052,-1.15703,-0.0473325
0,250,16.9855,50.4418,-0.903084,0.334282
0,250,17.8584,50.0921,-1.52229,-0.246294
0,250,19.1432,51.5061,-0.541578,-0.267751
0,250,18.4941,51.9973,-0.812434,0.301364
0,250,10.0122,44.5059,-1.3923,-1.66494
0,250,2.77497,39.5523,-0.273877,-1.23287
0,250,2.46559,45.7469,0.787652,0.343841
0,250,4.10499,37.1976,-1.47516,-2.9853
0,250,4.88146,45.1398,-0.310738,-0.796221
0,250,5.9452,39.9223,-1.36054,-2.03819
0,250,4.04468,41.3564,-0.661545,-1.46185
0,250,4.44594,36.9367,-1.36587,-3.60055
0,250,13.2779,37.4423,-2.66689,-0.895272
0,250,18.4504,40.7828,-1.94269,0.174817
0,250,14.5502,38.7389,-2.43766,-0.696427
0,250,17.5112,42.4887,-2.17401,-0.26233
0,250,9.68516,36.3922,-2.75332,-1.74926
0,250,3.79766,39.2424,-0.584576,-1.48192
0,250,6.06653,36.1614,-2.47249,-3.28113
0,250,21.2689,40.1048,-1.76318,0.427755
0,250,18.1612,41.354,-2.29934,0.0527835
0,250,22.563,40.484,-1.70309,0.794106
0,250,19.7643,39.6421,-2.12725,0.256257
0,250,23.3337,41.2834,-1.67628,0.580121
0,250,15.4912,38.7718,-2.2042,-0.920278
0,250,22.9009,40.5922,-1.42968,0.793742
0,250,23.2158,40.8191,-1.43138,0.399484
0,250,24.1869,41.8181,-1.67426,0.375695
0,250,23.8031,41.496,-1.57336,0.459966
0,250,23.7287,41.9875,-1.67703,0.425161
0,250,24.4514,43.5771,-1.30616,0.330052
0,250,23.722,44.0042,-1.54578,0.0828491
0,250,24.5808,42.7316,-1.3534,0.1977
0,250,19.7343,46.2937,-1.85554,0.0865411
0,250,19.5604,45.7762,-1.84,-0.227519
0,250,18.7112,45.9269,-1.9914,-0.304166
0,250,18.1422,45.0573,-2.03985,-0.206266
0,250,19.0457,45.586,-1.88317,-0.189213
0,250,19.2182,46.1246,-1.84528,-0.36669
0,250,18.9823,46.5473,-1.76893,-0.570052
0,250,17.6752,47.1095,-1.65068,0.0039364
0,250,18.4975,46.3303,-1.89144,-0.114901
0,250,17.711,46.0308,-1.81944,-0.283814
0,250,18.0799,46.4975,-1.97036,-0.250928
0,250,17.265,45.9975,-1.74362,-0.689116
0,250,18.372,45.5079,-1.86411,-0.388758
0,250,17.9796,48.106,-1.16472,0.170411
0,250,17.5343,47.6384,-1.47849,0.00795462
0,250,18.2248,49.1192,-1.09587,-0.268756
0,250,18.3387,50.9899,-0.475657,-0.0321766
0,250,17.5648,49.674,-1.23855,-0.156915
0,250,17.7077,49.1931,-1.1658,-0.124548
0,250,18.0951,49.6099,-1.06853,-0.34755
0,250,17.6206,50.5399,-1.21981,-0.187669
0,250,11.1737,48.1721,-0.892674,-0.963072
0,250,2.52242,47.2793,-0.156467,0.0887461
0,250,5.15855,46.6666,0.143115,-0.0265464
0,250,4.17918,40.842,-0.792188,-0.917421
0,250,3.62136,41.7156,-0.746112,-1.08249
0,250,20.0706,44.6136,-1.81664,-0.184203
0,250,15.5231,39.2688,-2.24898,-0.710119
0,250,3.86589,46.2039,-0.0368278,-0.287897
0,250,6.06375,38.0317,-1.95932,-2.31855
0,250,16.0739,39.0027,-2.3913,-0.73873
0,250,3.89543,39.785,-0.361509,-1.98408
0,250,3.83472,45.6481,0.168409,0.0113366
0,250,2.87579,44.6886,-0.216107,0.685599
0,250,5.10709,38.1723,-1.6352,-2.93898
0,250,21.4983,41.5478,-1.61376,0.555321
0,250,6.41334,35.3987,-2.8316,-3.84807
0,250,24.7722,41.1551,-1.12824,0.918841
0,250,20.922,40.281,-1.97262,-0.0338166
0,250,25.0472,41.236,-0.998129,0.838715
0,250,24.2737,41.2237,-1.25477,0.471595
0,250,24.01,40.9061,-1.23452,0.75604
0,250,25.0393,43.6567,-1.31529,0.312955
0,250,25.2855,41.7356,-1.23484,0.84065
0,250,24.1957,43.9842,-1.50131,0.424615
0,250,25.0499,42.5669,-1.41016,0.414648
0,250,22.2584,46.1336,-2.07171,-0.176503
0,250,23.6281,44.9187,-1.79612,0.150482
0,250,21.3771,46.2018,-1.97942,-0.295885
0,250,21.7797,45.9396,-1.9842,-0.236028
0,250,21.1393,46.5938,-1.92585,-0.303479
0,250,19.4392,46.7055,-1.82098,-0.00175319
0,250,20.3094,46.5792,-2.06927,-0.116171
0,250,19.9908,47.3571,-1.53391,0.305723
0,250,19.9132,46.8328,-1.71953,0.171233
0,250,19.4942,47.2366,-1.58259,-0.161208
0,250,19.0489,47.1643,-1.99426,-0.674544
0,250,18.6384,46.8842,-1.9752,-0.337467
0,250,19.4324,48.2753,-1.3926,-0.557194
0,250,18.5145,47.3897,-1.79168,-0.35074
0,250,18.969,48.2172,-1.29369,-0.687359
0,250,18.4002,47.9047,-1.45074,-0.154415
0,250,18.8924,47.7002,-1.57172,-0.621687
0,250,18.1485,47.0057,-2.0628,-0.153129
0,250,19.0941,48.7553,-1.47264,-0.401204
0,250,19.5017,49.3373,-1.52746,-0.350715
0,250,19.0211,49.358,-1.14669,-0.0227493
0,250,17.9888,47.5379,-1.59931,0.122753
0,250,18.1387,48.63,-1.14369,-0.0517718
0,250,18.8488,50.987,-0.911462,-0.00564752
0,250,19.4651,52.0232,-0.896528,0.102418
0,250,11.3918,38.931,-2.35553,-1.61596
0,250,2.43259,42.2695,-0.429045,-0.393687
0,250,3.00686,47.4444,-0.165156,0.212676
0,250,2.82813,40.1336,0.227971,-1.26372
0,250,4.52293,43.3332,-0.588385,-0.235035
0,250,13.3378,48.2798,-0.933052,-0.359804
0,250,3.61369,41.1669,-0.543154,-1.34938
0,250,2.99118,47.9564,-0.00262052,0.331804
0,250,21.5738,40.1747,-1.71447,0.604904
0,250,2.46513,45.2018,-0.756814,0.716142
0,250,4.5154,44.865,-0.308224,-0.325783
0,250,19.6574,40.5491,-1.89759,0.248415
0,250,4.58438,39.6335,-0.835462,-1.83752
0,250,17.9102,40.3081,-1.99465,-0.101246
0,250,20.4806,39.9498,-1.96827,0.140617
0,250,4.41765,35.6172,-1.36325,-3.46726
0,250,19.3661,42.0125,-1.98728,0.0601839
0,250,25.5913,41.3679,-1.23375,0.73479
0,250,23.7205,40.8527,-1.45611,0.843576
0,250,24.7536,44.0591,-1.47355,0.347263
0,250,23.8174,45.3841,-1.93077,0.156843
0,250,24.1763,44.9928,-1.87485,0.225488
0,250,23.9722,44.4925,-1.69183,0.173239
0,250,23.3924,46.2066,-1.95377,0.109201
0,250,23.1739,45.6971,-1.86434,0.382303
0,250,22.9056,46.3113,-2.11108,0.0395191
0,250,22.4671,46.5767,-2.07732,-0.104366
0,250,22.708,47.0428,-2.04741,-0.0476824
0,250,22.1579,46.9612,-1.92692,-0.0794183
0,250,22.4398,47.4451,-1.91142,0.0989006
0,250,21.8779,46.4893,-2.03955,-0.215877
0,250,22.1161,47.7991,-1.9434,0.00064942
0,250,20.8319,46.9191,-1.84395,-0.271651
0,250,20.4304,47.1184,-1.60669,-0.118622
0,250,20.2625,48.0796,-1.31976,0.214585
0,250,20.4484,47.6359,-1.54726,-0.0680634
0,250,20.0432,48.8332,-1.40818,0.0934025
0,250,19.8295,47.8153,-1.34091,0.167774
0,250,20.5006,48.8098,-1.61576,0.0260507
0,250,19.3561,47.7366,-1.55155,-0.697342
0,250,19.8804,48.3801,-1.56857,0.0423392
0,250,20.8511,49.856,-1.36584,-0.169577
0,250,20.0195,49.3184,-1.63115,-0.0887587
0,250,20.1408,50.1809,-1.51348,-0.274432
0,250,19.5323,48.8522,-1.66366,-0.400007
0,250,18.386,50.0318,-1.64112,-0.291925
0,250,18.1442,50.5319,-1.27183,-0.279062
0,250,19.6106,51.53,-0.829437,0.157662
0,250,20.4971,52.031,-0.546898,0.293124
0,250,19.9752,52.0177,-0.769771,-0.116819
0,250,2.43077,40.5274,-0.192068,-0.962359
0,250,9.47723,46.7885,-1.20444,-1.03542
0,250,12.0448,45.7288,-1.4018,-1.20893
0,250,2.89306,43.0931,0.0150289,0.107983
0,250,10.6343,40.6776,-2.19929,-1.51211
0,250,12.9272,48.4634,-1.07525,-0.736686
0,250,11.2091,45.6436,-1.60663,-0.947904
0,250,8.61275,40.0063,-1.92185,-1.77221
0,250,9.98612,42.6371,-1.54974,-1.76345
0,250,3.02368,34.4732,0.931451,-6.33445
0,250,3.00019,37.9213,-0.357105,-1.73926
0,250,2.44881,44.6571,0.253869,0.57674
0,250,4.27012,45.89,0.275124,0.294932
0,250,7.99951,36.0946,-3.01897,-2.12481
0,250,29.3571,42.0483,-0.758659,0.658355
0,250,20.2396,39.8059,-1.78812,0.263067
0,250,26.3735,41.6114,-0.797559,0.494162
0,250,24.7627,42.1313,-1.49482,0.414913
0,250,24.4624,44.4715,-1.52883,0.318782
0,250,25.2584,44.1445,-1.51028,0.213257
0,250,26.1084,43.5041,-1.14749,0.53285
0,250,26.5156,44.4319,-1.36346,0.535822
0,250,24.6803,44.9562,-1.80136,0.31347
0,250,26.263,43.9959,-1.29524,0.52289
0,250,23.6776,45.8353,-1.72397,0.243567
0,250,23.6391,46.6118,-1.75294,-0.0102114
0,250,23.1016,46.7501,-1.90481,-0.0996112
0,250,23.4896,47.1032,-1.69728,-0.217152
0,250,21.8557,47.3441,-1.85735,-0.106987
0,250,24.8919,45.4034,-1.74128,0.212892
0,250,21.597,46.8421,-1.81326,-0.176223
0,250,22.795,47.7965,-1.69774,-0.28698
0,250,23.0972,47.3819,-1.94742,-0.379264
0,250,20.9342,47.4963,-1.75696,-0.165096
0,250,21.3,47.2339,-1.83267,-0.255306
0,250,21.1249,48.5288,-1.47607,-0.0371286
0,250,20.6319,48.362,-1.44348,-0.0336799
0,250,20.9193,47.9645,-1.49576,-0.0443023
0,250,21.2344,50.3284,-1.59276,-0.247093
0,250,20.5578,49.3071,-1.18223,0.0165617
0,250,21.0108,48.9717,-1.61662,-0.0869004
0,250,21.7885,50.3344,-1.32975,0.06464
0,250,19.9287,50.6061,-1.54167,-0.171154
0,250,20.6837,50.2868,-1.58874,-0.241534
0,250,19.5731,50.2895,-1.33285,0.0192814
0,250,19.7844,49.7885,-1.43851,-0.165474
0,250,18.8642,50.0156,-1.21481,-0.150529
0,250,18.6823,48.9281,-1.151,-0.236429
0,250,18.6528,50.5027,-1.58141,-0.28029
0,250,18.6728,51.4793,-0.787089,0.269357
0,250,2.45949,48.7651,0.548217,0.224434
0,250,12.032,47.0372,-0.911373,-1.06365
0,250,22.1486,41.653,-1.7097,0.413771
0,250,10.3562,39.615,-2.55615,-1.65299
0,250,12.0391,51.0739,-0.318087,-0.120326
0,250,9.77791,41.4726,-1.90284,-1.52433
0,250,13.8357,51.1926,-0.559744,-0.68518
0,250,13.5696,51.6258,-0.195846,-0.237114
0,250,7.64968,40.2334,-1.51239,-1.4321
0,250,13.2642,50.7927,0.160018,-0.188257
0,250,2.75847,41.8704,-0.533529,0.1715
0,250,2.86787,44.1758,-0.357316,0.485435
0,250,2.48291,46.2856,-0.320176,0.447222
0,250,25.9065,41.3915,-1.15265,0.681477
0,250,26.7072,41.5849,-0.975303,0.716567
0,250,25.2098,43.0801,-1.44436,0.430555
0,250,25.9027,41.8825,-0.876645,0.516607
0,250,25.5933,42.7503,-1.2841,0.493424
0,250,25.6879,43.8834,-1.37775,0.368725
0,250,26.1265,44.7269,-1.719,0.26838
0,250,27.1294,44.5171,-1.28091,0.420042
0,250,25.848,44.3315,-1.63153,0.290246
0,250,25.4797,44.6828,-1.73958,0.27641
0,250,25.7971,45.1108,-1.73891,0.304465
0,250,25.0045,44.59,-1.65234,0.315581
0,250,24.3515,45.4596,-1.81338,-0.0185542
0,250,24.6974,45.8865,-1.91301,0.0488041
0,250,25.649,45.5833,-1.74117,0.217531
0,250,24.0648,46.3905,-1.69115,0.197083
0,250,24.1651,45.9279,-1.8163,0.126438
0,250,25.6183,46.17,-1.8234,0.167493
0,250,24.1004,46.9024,-1.44978,-0.114681
0,250,21.4061,48.1213,-1.42443,-0.1527
0,250,24.5754,46.3685,-1.76026,0.0800555
0,250,21.533,47.7036,-2.03653,-0.274369
0,250,23.8917,47.3473,-1.60502,-0.244572
0,250,21.699,48.5814,-1.75997,0.0214286
0,250,22.1083,48.9538,-1.51042,0.048467
0,250,21.5418,49.0076,-1.52669,0.0119661
0,250,21.6299,49.4525,-1.12546,0.0394432
0,250,21.0761,49.4507,-1.02589,-0.00214989
0,250,23.1278,51.1335,-1.30409,-0.17322
0,250,20.4881,50.6858,-1.62858,-0.169802
0,250,21.0781,50.7469,-1.91211,-0.126902
0,250,20.3357,49.7414,-1.50181,-0.375608
0,250,20.2776,51.1051,-1.14508,0.18576
0,250,19.2796,49.8381,-1.33905,0.0664347
0,250,20.1117,51.5526,-0.663451,0.119465
0,250,19.1634,50.4805,-1.75455,-0.0394275
0,250,21.0329,52.0274,-0.311222,-0.177359
0,250,3.88862,42.6206,-0.52654,-0.484479
0,250,8.81403,40.4945,-1.74597,-1.72545
0,250,9.71629,38.4607,-2.66868,-1.83345
0,250,11.6767,46.0251,-1.43707,-1.58434
0,250,21.1508,43.0238,-1.79333,-0.22198
0,250,21.4771,42.6307,-1.61653,0.202995
0,250,11.2097,42.3327,-1.6921,-1.23056
0,250,8.77938,39.5721,-2.16327,-1.87011
0,250,8.39683,41.7494,-1.59866,-1.50973
0,250,3.15805,42.1039,-0.707831,-0.140635
0,250,6.92901,42.02,-1.01128,-1.05904
0,250,21.5209,44.3897,-1.86787,-0.100796
0,250,27.0662,41.7081,-0.817808,0.739274
0,250,27.9828,42.2768,-0.74713,0.482654
0,250,25.3079,42.1708,-1.26619,0.599034
0,250,25.506,43.4477,-1.22219,0.248329
0,250,25.9435,43.0827,-1.38157,0.440242
0,250,26.5469,43.1158,-1.50653,0.267551
0,250,28.1229,44.2349,-1.29632,0.263538
0,250,26.8859,44.8764,-1.40573,0.417367
0,250,26.1712,45.5097,-1.68985,0.125223
0,250,26.5689,45.9774,-1.973,0.0939014
0,250,27.63,45.6841,-1.54946,0.292823
0,250,27.1375,45.82,-1.72335,0.175093
0,250,25.2326,45.8128,-1.84484,0.268065
0,250,26.0707,45.9903,-1.82822,0.110492
0,250,25.2817,45.1446,-1.67643,0.322711
0,250,26.6579,46.4595,-1.87262,0.230589
0,250,26.7893,46.8951,-1.75589,0.202497
0,250,28.1917,47.3194,-1.9126,0.105411
0,250,26.1661,46.5029,-1.89144,0.28057
0,250,27.3608,46.7073,-1.74654,0.240526
0,250,24.6077,46.8461,-1.25541,0.0906207
0,250,27.2181,47.1765,-1.74858,0.327752
0,250,25.6545,46.6491,-1.75812,0.256689
0,250,23.9038,47.8082,-1.60454,-0.324078
0,250,24.4554,47.3249,-1.59036,-0.0914927
0,250,22.5627,48.1753,-1.7232,-0.192546
0,250,21.9781,48.2122,-1.57764,-0.00635171
0,250,21.4161,49.8968,-1.19267,0.0702166
0,250,23.4582,51.57,-1.14324,-0.0233381
0,250,22.7675,48.9655,-1.63164,-0.412686
0,250,21.9603,49.8632,-1.02359,0.156878
0,250,22.1715,49.3889,-1.25417,-0.177049
0,250,21.9964,51.1745,-1.43977,-0.0595937
0,250,20.8218,51.1374,-1.58726,-0.0355686
0,250,22.3358,51.5896,-0.977629,0.138574
0,250,19.7532,51.0406,-1.10216,-0.0456082
0,250,21.1902,51.5835,-0.678262,0.04623
0,250,21.5736,52.033,-0.120252,0.410577
0,250,8.41722,39.1335,-2.11956,-1.8265
0,250,10.1347,45.2312,-1.54798,-0.958237
0,250,10.1671,40.548,-2.21657,-1.54441
0,250,7.49017,43.2378,-1.28639,-0.929644
0,250,10.7438,50.1609,-0.275362,-0.236674
0,250,8.08319,40.124,-1.79031,-1.50975
0,250,4.10697,50.7722,0.625264,-0.0932755
0,250,3.68995,37.9291,-0.566989,-2.4087
0,250,5.35236,37.7769,-1.65732,-2.49736
0,250,2.88515,51.7142,0.0318309,-0.0278789
0,250,12.3815,40.4912,-2.46476,-1.62739
0,250,27.778,41.7632,-0.66734,0.689319
0,250,24.681,41.6533,-1.53304,0.53564
0,250,26.2771,42.6929,-1.31569,0.326616
0,250,25.8256,42.3623,-1.37819,0.439636
0,250,26.8519,44.0871,-1.34938,0.570862
0,250,27.204,43.7136,-1.44505,0.241649
0,250,26.3501,42.2201,-1.08533,0.468337
0,250,27.9433,43.7941,-1.36595,0.269667
0,250,27.2127,45.3005,-1.46676,0.335297
0,250,26.7194,45.5181,-1.66984,0.288553
0,250,26.4577,45.0861,-1.55811,0.0638557
0,250,28.469,45.6644,-1.31878,0.5167
0,250,27.9722,45.4035,-1.45671,0.26934
0,250,27.1356,46.294,-1.9296,0.128768
0,250,27.647,46.2011,-1.8843,0.403158
0,250,28.3743,46.8811,-1.79835,-0.0294387
0,250,28.8557,47.1799,-1.83952,0.133382
0,250,27.9713,46.5632,-1.6913,0.253236
0,250,29.579,47.4157,-1.58874,0.410223
0,250,27.7637,47.0069,-1.91289,0.316617
0,250,29.1636,47.6304,-1.79547,0.0426835
0,250,25.0949,46.3003,-1.92092,0.0607959
0,250,27.6572,47.5151,-1.88381,0.557711
0,250,25.1319,46.769,-1.45298,0.15254
0,250,23.8461,49.4572,-1.6414,-0.332
0,250,25.012,47.2356,-1.42936,0.20478
0,250,22.4946,49.8353,-1.35833,-0.0711827
0,250,23.1968,48.1794,-1.63885,-0.450943
0,250,22.3193,50.2961,-1.28303,0.139252
0,250,23.3991,47.7491,-1.67542,-0.459128
0,250,23.6708,49.8766,-1.42878,-0.130207
0,250,23.3731,50.6804,-1.43734,0.0546549
0,250,22.8225,50.7112,-1.70782,-0.155832
0,250,22.3759,48.6018,-1.67902,-0.21253
0,250,24.7368,52.023,-0.399496,-0.26897
0,250,21.4131,51.1749,-1.41617,0.0867753
0,250,20.6461,51.5801,-0.694363,0.348249
0,250,22.6524,52.0194,0.0518084,0.0228595
0,250,22.1169,52.03,-0.219609,-0.0525265
0,250,4.38105,44.353,-0.0942418,-0.151228
0,250,10.7202,46.5914,-1.20212,-1.01602
0,250,9.83336,39.5321,-2.42635,-1.8104
0,250,9.1713,40.1585,-2.12127,-1.795
0,250,9.27015,39.7504,-1.99759,-1.75773
0,250,11.6639,39.4063,-2.46144,-1.57846
0,250,2.84782,43.6572,-0.190486,0.831021
0,250,12.4468,43.3195,-1.83794,-1.01514
0,250,30.1342,42.2284,-0.575648,0.248625
0,250,31.5612,43.4547,-0.705493,0.229192
0,250,28.1211,41.7863,-0.758073,0.35493
0,250,27.4265,42.0305,-0.912274,0.338166
0,250,27.8459,42.6787,-1.094,0.426611
0,250,26.85,42.7096,-1.17322,0.54295
0,250,26.6238,43.6259,-1.31853,0.487292
0,250,32.7112,42.8766,-0.381788,0.718286
0,250,21.1418,40.788,-1.50551,0.0445824
0,250,27.6317,43.4325,-1.30375,0.288093
0,250,27.5027,44.0941,-1.38151,0.164226
0,250,27.6686,44.5221,-1.31414,0.176792
0,250,27.5151,45.0002,-1.20581,0.338624
0,250,28.0363,44.9219,-1.25803,0.193316
0,250,28.874,46.0894,-1.16883,0.319089
0,250,28.1126,45.9857,-1.71674,0.239359
0,250,30.1022,47.6782,-1.64735,0.262088
0,250,31.2423,47.6484,-1.1658,0.619723
0,250,29.3174,46.9889,-1.63452,0.385013
0,250,29.6541,47.9511,-1.8397,0.370749
0,250,29.1162,48.1087,-1.5188,0.198699
0,250,28.6175,48.0502,-1.52099,0.144446
0,250,28.6082,47.592,-1.98965,0.131516
0,250,26.1535,46.9546,-1.70753,0.245397
0,250,23.7485,48.2525,-1.69882,-0.380805
0,250,27.4501,47.9581,-2.01563,0.538222
0,250,28.1493,48.2692,-1.30077,0.21201
0,250,26.9244,48.1102,-1.83002,0.419135
0,250,24.4432,47.7719,-1.56056,-0.138139
0,250,27.0595,47.6248,-1.92867,0.370834
0,250,22.6954,49.378,-1.08324,-0.13684
0,250,23.2852,49.4433,-1.52482,-0.208285
0,250,23.3426,49.021,-1.73177,-0.367925
0,250,27.6745,48.3784,-1.33068,0.413697
0,250,22.8645,50.2676,-1.35688,-0.0073067
0,250,24.4752,50.7339,-1.22039,-0.0398076
0,250,21.6684,50.7685,-2.16488,-0.056735
0,250,23.6781,51.1289,-1.16931,-0.00126541
0,250,23.0394,49.8218,-1.37656,-0.0511261
0,250,23.6919,52.014,-0.352654,-0.380662
0,250,24.2157,52.041,-0.482326,0.14013
0,250,19.3115,50.954,-0.918398,-0.20103
0,250,7.67706,41.6291,-1.63532,-1.47618
0,250,3.35461,45.4884,0.102513,-0.0190869
0,250,12.9018,47.8684,-1.01952,-0.711141
0,250,11.1321,47.6273,-1.17356,-0.820567
0,250,9.81594,39.9812,-2.17728,-1.75025
0,250,10.4072,41.5272,-1.78937,-1.64402
0,250,8.31982,42.7713,-1.57292,-1.42181
0,250,7.88203,43.5794,-1.32079,-1.07683
0,250,22.0834,41.2447,-1.71139,0.517569
0,250,19.3693,39.5447,-2.15273,0.392438
0,250,26.794,42.1894,-1.00759,0.817684
0,250,3.6672,36.3712,-1.20506,-3.57242
0,250,27.0486,43.2491,-1.45641,0.282975
0,250,10.1662,43.907,-1.238,-1.00455
0,250,27.4243,42.9385,-1.20794,0.426408
0,250,3.81364,40.5957,-0.676139,-1.91538
0,250,27.2721,42.4688,-0.910018,0.364953
0,250,29.102,43.8438,-1.02568,0.119652
0,250,28.4029,44.593,-1.13678,0.157838
0,250,28.9538,45.5981,-1.28485,0.37893
0,250,30.0097,47.1633,-1.37568,0.265916
0,250,30.5797,47.5748,-1.54617,0.225301
0,250,28.8546,46.6744,-1.5023,0.1329
0,250,30.8166,47.9562,-1.28962,0.0417376
0,250,31.5437,48.0397,-0.782992,0.526206
0,250,33.4806,47.3163,-1.12264,0.0763251
0,250,28.6552,48.5591,-1.44365,0.306862
0,250,32.2075,47.4618,-1.14563,0.0349013
0,250,28.1764,48.7782,-1.516,0.470646
0,250,29.6264,48.3982,-1.43235,0.323858
0,250,30.2179,48.1216,-1.2472,0.0943866
0,250,28.7192,49.0126,-1.58063,0.243049
0,250,28.0421,47.8144,-1.87305,0.388197
0,250,32.4771,48.2435,-1.01594,0.318398
0,250,28.0357,49.2096,-1.36319,0.485205
0,250,32.6144,47.8121,-1.27515,0.0044127
0,250,25.5837,47.1168,-1.56343,0.358617
0,250,27.1863,48.5337,-1.35654,0.325229
0,250,24.3226,48.2339,-1.64942,-0.230942
0,250,26.5861,47.3,-1.6505,0.279109
0,250,24.2383,51.1543,-1.06643,0.00737017
0,250,27.0326,49.0292,-1.56258,0.385452
0,250,25.8147,48.387,-1.6802,0.566851
0,250,26.3469,48.2389,-1.78176,0.538236
0,250,23.5871,48.6643,-1.50193,-0.322439
0,250,26.5193,47.7811,-1.96804,0.430038
0,250,22.9834,48.5606,-1.55443,-0.391842
0,250,22.5659,51.1507,-1.25116,-0.0604053
0,250,24.5683,51.5737,-0.925933,0.218782
0,250,23.1696,52.023,-0.254228,-0.0190153
0,250,17.0822,38.82,-1.89426,-0.181879
0,250,14.8418,38.0061,-2.08433,-0.802329
0,250,10.8614,36.7677,-2.96139,-1.20559
0,250,10.3401,51.4844,0.00820635,0.129362
0,250,5.05334,36.3927,-1.81696,-3.40309
0,250,9.38548,41.8109,-2.06605,-1.59383
0,250,18.6234,41.3504,-2.17064,0.0625127
0,250,28.9123,42.0061,-0.740168,0.489911
0,250,33.7534,43.1665,-0.652954,0.338766
0,250,28.5625,42.4393,-0.966716,0.455179
0,250,23.5234,43.5209,-1.34344,0.0850464
0,250,11.6473,48.4222,-1.07325,-0.893991
0,250,20.518,44.3349,-1.7484,-0.0333684
0,250,11.3014,36.9065,-2.71696,-1.1872
0,250,34.8416,43.1986,-0.651394,0.348812
0,250,28.4113,42.8456,-1.10894,0.436426
0,250,29.6481,45.0115,-1.25464,0.22466
0,250,29.3823,45.9787,-1.03101,0.170523
0,250,28.4619,46.3357,-1.56055,0.100437
0,250,31.3785,46.9756,-1.53315,0.286446
0,250,33.5598,46.7991,-1.17337,0.258358
0,250,31.8818,46.967,-1.54347,0.576509
0,250,31.6709,47.4433,-1.48984,0.362062
0,250,32.7767,47.3154,-1.34908,-0.0583818
0,250,34.087,46.5007,-1.25049,0.354244
0,250,35.1012,46.4189,-0.892392,0.173837
0,250,33.1512,47.6612,-1.1235,-0.185884
0,250,35.7417,46.2596,-0.675647,0.143358
0,250,34.4486,47.1303,-1.01714,-0.0744702
0,250,34.7725,47.9644,-1.25717,0.149356
0,250,33.0592,48.1515,-1.55381,-0.217057
0,250,33.5322,48.4396,-1.25906,-0.0979918
0,250,32.0183,48.4157,-0.704128,0.24297
0,250,32.0107,47.8896,-1.09138,-0.0398614
0,250,29.1703,48.6066,-1.42368,0.430021
0,250,26.012,49.2912,-1.23251,0.495673
0,250,27.9,49.685,-1.51624,0.292484
0,250,26.6764,48.6125,-1.4201,0.442862
0,250,27.6228,48.8687,-1.4228,0.320741
0,250,28.486,49.4278,-1.27128,0.578919
0,250,29.3916,49.0166,-0.965339,0.0284738
0,250,24.8658,48.1684,-1.64354,0.132337
0,250,26.0586,47.4214,-1.58804,0.354381
0,250,25.9504,47.8965,-1.66401,0.428776
0,250,24.1931,48.6638,-1.57966,-0.31359
0,250,24.9811,47.6888,-1.64401,0.245535
0,250,24.2706,49.9067,-1.63955,-0.00269202
0,250,23.4218,50.2383,-1.36099,0.0818843
0,250,26.3772,52.0223,-1.15061,0.0707154
0,250,21.762,51.6022,-0.738355,-0.0758809
0,250,10.326,48.668,-0.931895,-0.235294
0,250,2.89451,41.1827,0.245582,-0.394817
0,250,10.3166,42.287,-1.85138,-1.67381
0,250,21.9067,43.5385,-1.46213,0.161599
0,250,4.83786,34.9767,-1.72165,-5.07709
0,250,31.1686,42.7871,-0.665148,0.468049
0,250,31.668,42.3554,-0.699536,0.51406
0,250,8.87769,41.0167,-1.65065,-1.90268
0,250,34.91,42.6691,-0.431492,0.339027
0,250,2.92369,45.9101,0.322003,0.307049
0,250,6.95391,40.9236,-1.59239,-1.64387
0,250,10.4672,42.8718,-1.62275,-1.56817
0,250,3.39002,46.0096,0.260084,0.21584
0,250,28.5771,43.9453,-1.14061,0.304619
0,250,30.3981,43.458,-1.1038,0.444988
0,250,30.6212,44.5652,-0.676002,0.443716
0,250,29.7692,46.7418,-1.54498,0.435858
0,250,29.3217,46.4512,-1.41024,0.317151
0,250,30.9707,47.2308,-1.33065,0.528096
0,250,32.6211,46.131,-1.52925,-0.00652855
0,250,32.3914,46.9903,-1.38651,-0.150292
0,250,33.0749,46.9508,-1.26126,0.143222
0,250,34.0055,47.0289,-1.14667,0.276774
0,250,34.7395,46.1003,-1.07951,0.166527
0,250,34.5417,46.594,-1.11305,0.00221395
0,250,34.9433,46.9045,-1.08354,0.0751786
0,250,35.9793,46.8619,-0.91361,0.0106067
0,250,34.3913,47.6829,-0.963998,-0.0749657
0,250,33.5894,47.9685,-1.32906,0.245231
0,250,32.9433,48.6113,-0.926031,0.0529523
0,250,34.7507,48.4101,-1.25463,0.175452
0,250,34.0704,48.0727,-1.21639,-0.20239
0,250,33.9125,47.5407,-1.09966,0.325229
0,250,30.1184,48.5967,-1.28342,-0.151448
0,250,31.1906,48.3345,-1.10724,0.232915
0,250,31.0817,48.8059,-1.20482,0.161664
0,250,32.4748,48.7795,-0.828363,0.486535
0,250,32.6592,49.2062,-1.13091,0.175821
0,250,31.6474,48.6561,-1.04536,-0.0623571
0,250,30.6475,48.4155,-1.04194,-0.00503246
0,250,29.0706,49.3767,-1.39782,-0.17458
0,250,26.5252,49.1319,-1.31734,0.343376
0,250,26.9215,49.533,-1.40294,0.67162
0,250,27.4461,49.3158,-1.45733,0.384712
0,250,28.9204,49.8326,-1.02244,0.154201
0,250,23.9102,50.6952,-1.28419,0.0512404
0,250,25.514,47.5753,-1.65464,0.343243
0,250,26.614,51.5173,-0.523938,-0.0914922
0,250,25.2695,52.0574,-0.70978,-0.0244915
0,250,24.0087,51.5733,-0.947751,-0.145501
0,250,20.5875,44.8393,-1.7511,-0.0823857
0,250,14.9855,38.543,-2.46745,-0.897088
0,250,12.3758,39.9956,-2.54838,-1.46699
0,250,21.0378,41.533,-1.86111,-0.163874
0,250,2.86736,42.5356,0.0169105,-0.0365085
0,250,6.78733,52.0245,0.0684524,-0.214082
0,250,10.2292,38.8233,-2.51324,-1.5039
0,250,11.9362,39.0039,-2.37553,-1.55679
0,250,6.87429,40.0851,-1.69256,-2.09674
0,250,30.9377,42.2825,-0.664851,0.537061
0,250,4.81113,36.7717,-1.77248,-3.91583
0,250,29.4918,42.9636,-0.996005,0.265168
0,250,28.5036,45.1802,-1.47746,0.537192
0,250,29.2017,45.1956,-1.33545,0.374897
0,250,31.0838,44.973,-1.12234,0.264387
0,250,29.589,45.5705,-1.12887,0.14432
0,250,30.4581,47.0434,-1.2992,0.382817
0,250,32.6277,46.5878,-1.13462,0.0410109
0,250,33.1357,46.4443,-1.22149,0.0624826
0,250,32.0768,46.474,-1.40347,0.589576
0,250,30.8641,46.7193,-1.37952,0.371889
0,250,33.6594,46.2739,-1.20059,0.241166
0,250,36.5516,46.7154,-0.950629,0.152607
0,250,35.5126,46.7105,-0.949341,0.00946678
0,250,34.865,47.4319,-1.05907,0.0685498
0,250,35.9713,48.2758,-1.28463,-0.00317168
0,250,35.309,47.6897,-1.11594,-0.106594
0,250,35.2878,48.1584,-1.50714,-0.0260017
0,250,35.4922,48.5476,-0.788758,-0.230641
0,250,35.9843,48.7711,-0.86493,0.185057
0,250,34.2425,48.481,-1.29082,-0.116286
0,250,34.43,48.9313,-0.826252,-0.137192
0,250,35.0024,48.788,-0.762182,-0.0336838
0,250,36.806,49.4139,-0.384229,0.328581
0,250,33.8405,48.7743,-0.94987,-0.046552
0,250,33.2589,48.9297,-0.696014,-0.0773302
0,250,34.5617,49.6556,-1.09485,0.201906
0,250,30.5513,48.9148,-1.22371,-0.0427757
0,250,29.8424,48.9576,-0.863913,0.339336
0,250,33.6664,49.2451,-0.461257,-0.0873348
0,250,29.893,49.4536,-1.20902,0.224044
0,250,34.8318,49.2502,-0.891163,-0.071165
0,250,32.0631,49.026,-1.36218,-0.0274713
0,250,26.4288,49.639,-1.03431,0.68986
0,250,24.8365,49.9402,-1.80554,-0.433836
0,250,25.4034,48.0642,-1.6243,0.235924
0,250,26.1105,51.5892,-0.243101,-0.671875
0,250,26.0748,51.1289,-1.69239,-0.410027
0,250,22.2511,50.7436,-1.99244,0.207582
0,250,22.9004,51.5697,-1.17498,-0.399219
0,250,2.43942,41.5837,0.264362,-0.784144
0,250,11.2128,47.1294,-1.24993,-0.938215
0,250,9.89669,46.9568,-1.19278,-0.288607
0,250,11.965,41.9212,-1.92933,-1.52979
0,250,9.72864,44.0692,-1.73056,-1.56334
0,250,10.9578,44.7897,-1.33868,-1.35428
0,250,3.26979,39.4598,0.447639,-2.36204
0,250,3.97692,34.6142,-1.23188,-4.4674
0,250,30.1821,43.033,-0.769094,0.26835
0,250,29.3087,44.5523,-1.36403,0.57109
0,250,28.0359,43.1476,-1.18918,0.31686
0,250,28.8035,43.3167,-1.03939,0.594748
0,250,30.6318,45.1606,-1.19565,0.132781
0,250,30.2355,44.8697,-1.38995,0.00995712
0,250,30.0514,45.338,-1.11064,0.167691
0,250,31.5549,46.5194,-1.51361,0.371706
0,250,29.8742,46.265,-1.27119,0.360616
0,250,31.0247,46.3125,-1.43968,0.300865
0,250,34.2424,46.0049,-1.16653,0.331128
0,250,36.689,46.1877,-0.4923,0.208731
0,250,37.153,46.0406,-0.600044,0.151214
0,250,37.0819,46.5751,-0.789949,0.400406
0,250,36.9358,47.0746,-0.941891,0.207707
0,250,35.8431,47.3578,-0.907111,-0.0708788
0,250,36.3745,47.1866,-1.0561,0.245841
0,250,37.0561,48.0002,-1.17496,0.20554
0,250,36.8748,48.8881,-0.812368,0.463153
0,250,38.4004,49.2114,-0.457983,0.038965
0,250,36.4818,48.5349,-1.13517,0.402467
0,250,37.2811,49.3152,-0.282772,0.203734
0,250,37.2141,49.8306,-0.267037,0.398795
0,250,39.5317,49.5189,-0.643529,-0.198518
0,250,37.6192,50.2057,0.0883115,0.331038
0,250,36.3463,49.622,-0.699532,-0.0813377
0,250,35.2581,49.4722,-0.969017,-0.0417955
0,250,38.2254,49.6343,-0.548194,0.0462315
0,250,34.1517,49.3077,-0.46361,0.0560912
0,250,36.3843,49.0723,-0.732205,0.311821
0,250,31.5026,49.1227,-1.3478,0.0403599
0,250,33.1069,49.4049,-0.908761,-0.392816
0,250,28.3965,49.9005,-1.14509,0.324426
0,250,30.3587,49.3066,-1.01763,0.116399
0,250,25.2797,48.5471,-1.5555,0.243733
0,250,24.7567,48.6409,-1.60217,0.129775
0,250,25.4036,49.938,-1.60277,-0.103576
0,250,26.1613,48.7625,-1.45796,0.432311
0,250,26.8677,52.009,-1.11382,0.0448292
0,250,24.0481,50.2845,-1.73063,-0.0447946
0,250,24.601,49.0846,-1.68979,-0.143744
0,250,25.8225,52.0564,-0.54865,-0.095008
0,250,22.8534,42.0672,-1.42566,0.573296
0,250,3.97453,35.7719,-1.46785,-3.76943
0,250,10.8029,51.4865,-0.0842358,-0.108046
0,250,3.3361,35.4191,-0.8731,-3.94869
0,250,10.3426,50.3708,-0.133468,0.258722
0,250,8.89224,39.0342,-2.26401,-1.86556
0,250,11.6942,45.4023,-1.57331,-1.356
0,250,8.95142,42.092,-1.60466,-1.45384
0,250,4.00456,44.7105,-0.369312,-0.273369
0,250,28.567,41.9582,-0.716262,0.466152
0,250,28.879,44.3199,-1.02379,0.312245
0,250,30.5384,45.6302,-1.19669,0.158986
0,250,30.0648,45.8508,-1.1726,0.304791
0,250,31.7591,45.1506,-1.05768,0.160471
0,250,30.5173,46.1593,-1.31967,0.380148
0,250,31.4845,46.0562,-1.31054,0.36706
0,250,32.0661,46.0414,-1.40748,0.552637
0,250,36.4583,45.7976,-0.587745,0.0829152
0,250,36.1903,46.3707,-0.633712,-0.150376
0,250,38.09,46.6342,-0.796877,0.086478
0,250,38.1382,46.1487,-0.693281,0.0385148
0,250,35.3858,47.1922,-1.05391,-0.0186742
0,250,37.4332,47.0984,-0.958045,0.2661
0,250,36.8049,47.5511,-1.17155,0.274546
0,250,37.4336,48.8467,-0.869616,0.207484
0,250,37.6376,48.4016,-1.42141,0.246467
0,250,38.5687,48.7247,-0.959432,-0.167252
0,250,38.91,49.5922,-0.498163,-0.0186436
0,250,38.6226,49.9442,-0.595029,-0.157433
0,250,39.274,49.9253,-0.495913,-0.110104
0,250,37.821,49.2198,-0.513602,0.0652226
0,250,40.0701,49.588,-0.709168,-0.119966
0,250,37.7184,49.7054,-0.443921,0.185851
0,250,39.1037,50.3752,-0.600092,-0.190668
0,250,34.044,49.8004,-1.28088,0.0929449
0,250,40.3598,50.0591,-0.835341,-0.0455673
0,250,35.4723,49.0556,-0.947353,-0.103153
0,250,36.7643,49.9816,-0.427336,0.0183031
0,250,35.374,49.907,-0.365828,-0.107529
0,250,34.8528,49.9905,-0.534316,-0.20044
0,250,33.5362,49.7318,-1.30517,-0.278573
0,250,29.4834,49.657,-1.45328,-0.0430352
0,250,25.2292,50.3751,-1.76337,0.0181557
0,250,25.0047,49.5123,-1.67806,-0.150251
0,250,25.5343,49.4482,-1.09229,0.378396
0,250,24.667,50.3593,-1.41131,-0.061783
0,250,23.9904,49.0618,-1.83732,-0.330553
0,250,25.5892,51.5961,-0.253265,0.295584
0,250,25.4843,51.1395,-1.2303,0.229119
0,250,25.0984,51.5648,-0.40103,-0.202185
0,250,19.882,44.1652,-2.03076,-0.0531329
0,250,18.4916,44.2104,-2.22355,-0.148747
0,250,10.1102,43.2095,-1.69274,-1.4686
0,250,2.99141,35.8695,-1.25069,-3.38765
0,250,2.91437,36.3919,-0.899162,-2.89879
0,250,13.2341,52.0577,-0.348177,0.208953
0,250,10.0185,36.5385,-2.94785,-1.60803
0,250,32.099,43.3471,-0.836804,0.514725
0,250,28.3912,43.5164,-1.19776,0.43876
0,250,30.9699,44.0762,-1.0519,0.0886115
0,250,31.2198,45.3993,-1.18718,0.285097
0,250,31.1253,44.5074,-0.779476,0.0112902
0,250,30.3069,46.5659,-1.44943,0.385657
0,250,31.6869,45.6292,-1.26431,0.305088
0,250,35.3517,45.9569,-0.865398,0.168077
0,250,33.2339,45.9725,-1.5343,0.264865
0,250,37.086,45.5649,-0.565506,0.229725
0,250,37.6183,45.6519,-0.47191,0.0874308
0,250,37.5492,46.6067,-0.718932,0.189529
0,250,37.6498,46.1233,-0.630202,0.167639
0,250,38.518,46.97,-0.87921,0.104789
0,250,36.534,48.0941,-1.25811,0.306852
0,250,35.8085,47.8713,-1.37656,-0.0260553
0,250,37.0764,48.4469,-1.33934,0.235323
0,250,38.0347,48.7907,-0.765308,0.0131704
0,250,38.8537,47.7241,-0.780183,0.154794
0,250,39.3971,49.0681,-0.772455,-0.084194
0,250,40.1227,48.6784,-0.64372,0.0542305
0,250,40.462,49.15,-0.523348,0.0118092
0,250,39.9257,49.0976,-0.50425,-0.176495
0,250,39.8625,50.8783,-0.128497,0.0554588
0,250,40.7251,50.5041,-0.569491,-0.0910433
0,250,42.1696,49.3106,-0.500536,0.273719
0,250,40.5996,49.5945,-0.725447,-0.0153011
0,250,41.1171,49.5538,-0.628906,0.0954161
0,250,40.9039,50.0362,-0.763205,0.0105872
0,250,35.8966,49.3045,-1.02684,0.0659288
0,250,39.8116,50.0053,-0.775291,-0.106855
0,250,35.2846,50.3796,-0.682953,-0.304664
0,250,30.9093,49.7169,-1.02357,0.289615
0,250,32.9614,49.8697,-0.864154,-0.189461
0,250,34.2869,50.2012,-0.668315,-0.0847494
0,250,29.5134,50.1333,-0.789935,0.0587419
0,250,35.8311,50.2938,-0.422292,0.264063
0,250,30.4136,49.7946,-0.95532,0.038098
0,250,25.6574,48.9089,-1.5206,0.453717
0,250,30.882,50.1912,-1.18755,0.208836
0,250,25.7648,50.7419,-1.61502,-0.141117
0,250,27.4182,52.0365,-0.853618,-0.0843227
0,250,24.4229,49.4883,-1.68096,-0.13958
0,250,9.31918,39.2611,-2.45967,-1.81967
0,250,4.06733,34.9764,-1.74379,-3.26771
0,250,10.7352,48.3896,-1.074,-0.65928
0,250,2.37225,36.1866,0.416665,-2.83673
0,250,3.65955,43.7489,-0.324353,-0.229026
0,250,32.0296,42.8482,-0.464469,0.320007
0,250,16.6352,39.1185,-2.13444,-0.342723
0,250,29.7904,44.5334,-1.26858,0.0653915
0,250,29.9254,43.8412,-1.0893,0.457188
0,250,31.6507,44.7509,-1.11315,0.256302
0,250,32.8287,45.2374,-1.02824,0.17201
0,250,30.9891,45.7981,-1.36892,0.253069
0,250,32.225,45.5851,-1.55532,0.408606
0,250,32.7406,45.7035,-1.37294,0.042417
0,250,34.4859,45.592,-0.835289,0.375116
0,250,35.9742,45.792,-0.649474,0.156551
0,250,38.0043,45.3255,-0.504144,-0.110907
0,250,38.2803,45.7069,-0.757779,-0.103037
0,250,38.6046,46.47,-0.691738,0.129569
0,250,37.3314,47.5766,-1.19242,0.322116
0,250,37.9392,47.0851,-0.932775,0.127052
0,250,36.2941,47.6854,-1.11531,0.351853
0,250,37.9001,47.5554,-1.11838,0.0752836
0,250,37.6556,47.9773,-0.941388,0.157776
0,250,38.9101,49.1358,-0.638407,-0.259188
0,250,41.093,49.108,-0.737412,0.12332
0,250,41.6374,49.4071,-0.644312,0.0739815
0,250,42.0023,49.7929,-0.762547,0.15869
0,250,42.576,49.6724,-0.538201,0.287249
0,250,42.3575,50.1324,-0.773384,0.209401
0,250,39.5614,51.2169,-0.14978,-0.144286
0,250,41.4823,49.924,-0.670468,0.060171
0,250,39.2047,50.84,-0.194541,-0.203702
0,250,38.0358,50.6284,-0.147724,0.469101
0,250,35.8634,49.778,-0.326531,0.0886942
0,250,37.1481,50.3939,-0.353716,-0.203183
0,250,38.1096,50.1542,-0.119043,0.288572
0,250,38.624,50.4229,-0.37745,0.150577
0,250,36.2591,50.6857,-0.233759,-0.000105838
0,250,33.9332,50.5092,-0.645904,-0.0139166
0,250,30.4316,50.3629,-1.26093,0.108202
0,250,30.0025,50.5389,-0.92153,0.197861
0,250,28.4759,50.3607,-0.770307,0.0424031
0,250,29.0139,50.2783,-0.692787,0.0662786
0,250,26.8877,50.042,-1.63687,0.814228
0,250,27.2969,50.7552,-0.775938,0.298883
0,250,28.3333,50.781,-0.798606,-0.0616434
0,250,27.1639,51.6018,-0.480155,0.42592
0,250,25.1535,49.0543,-1.3915,0.147449
0,250,24.8231,51.1344,-1.18805,0.306274
0,250,11.0973,39.3242,-2.53315,-1.72993
0,250,3.3182,39.8798,-1.19747,-1.68588
0,250,4.89958,44.4584,-0.147373,-1.26371
0,250,3.3098,44.1201,-0.439285,-0.346017
0,250,30.5209,43.9066,-1.21031,0.389085
0,250,19.23,43.3659,-2.06233,0.159223
0,250,33.3012,43.0505,-0.695749,0.489045
0,250,31.6937,44.3106,-0.787564,0.169449
0,250,29.5258,44.0598,-1.20281,0.276161
0,250,32.9436,44.8038,-0.980882,0.275063
0,250,33.3116,45.5156,-0.992205,0.383514
0,250,33.9031,45.3444,-0.673468,0.385319
0,250,33.8027,45.7807,-1.16695,0.232364
0,250,39.2064,44.7468,-0.103806,0.259301
0,250,37.4469,44.6639,-1.06912,0.169977
0,250,38.7126,45.9866,-0.822771,0.196609
0,250,39.3536,45.8833,-0.963799,0.0243451
0,250,39.5796,46.6596,-0.758535,0.373376
0,250,39.0451,46.791,-0.784208,0.157115
0,250,38.4388,47.416,-0.90637,0.0991036
0,250,41.0372,46.1158,-0.274892,-0.111107
0,250,40.6589,46.972,-0.840631,-0.214899
0,250,38.1983,48.3316,-1.42807,0.015311
0,250,40.7208,48.7635,-0.760032,-0.208454
0,250,41.6984,48.9506,-0.604406,0.0941076
0,250,42.6514,49.1486,-0.733914,0.187579
0,250,43.0658,49.5273,-0.645926,0.133325
0,250,43.304,50.3863,-0.546151,0.0598915
0,250,42.9539,50.0514,-0.600311,0.143908
0,250,44.4404,50.6635,-0.15802,0.225461
0,250,42.1514,50.6706,-0.757031,0.222303
0,250,42.4919,51.0551,-0.607548,-0.0231838
0,250,40.1654,50.4853,-0.613598,-0.169338
0,250,41.8187,50.3123,-0.848085,0.256552
0,250,37.5603,50.7608,-0.282784,0.128006
0,250,34.5746,50.8911,-0.437593,-0.0248937
0,250,36.7347,50.5593,-0.141946,0.105272
0,250,36.3095,50.1619,-0.41859,0.0830239
0,250,32.5066,49.6542,-1.01071,0.153608
0,250,29.9933,50.0038,-1.23906,0.0417651
0,250,41.2726,50.3895,-0.697248,0.103144
0,250,34.6989,50.4526,-0.519176,-0.173137
0,250,37.1763,50.9974,-0.0144943,0.103123
0,250,32.007,49.4642,-1.1943,-0.0475361
0,250,30.7894,50.7608,-0.959956,0.0750029
0,250,27.3615,50.2792,-1.36187,0.266214
0,250,28.3012,51.2187,-0.769558,-0.0856751
0,250,25.9384,49.825,-1.19079,0.396855
0,250,27.0634,51.1297,-0.549198,0.461894
0,250,27.9196,52.0288,-0.511388,0.325039
0,250,12.8659,46.5287,-1.65419,-0.679134
0,250,6.02964,37.4841,-2.25371,-2.72733
0,250,20.233,43.4378,-1.9753,0.0251679
0,250,17.9849,43.9437,-2.30075,-0.14765
0,250,33.0145,43.511,-0.452141,0.403398
0,250,16.9478,41.9866,-2.26562,-0.272623
0,250,28.8622,44.8628,-1.50043,0.407507
0,250,32.3107,45.1263,-1.00732,0.369768
0,250,32.2296,44.2683,-0.727834,0.33728
0,250,34.9578,45.1692,-0.619763,0.32371
0,250,35.0146,45.6352,-0.829372,0.300252
0,250,36.4992,44.8314,-0.774439,-0.00931096
0,250,36.6845,45.3488,-0.662966,0.176302
0,250,36.9627,44.4006,-0.523016,0.0379315
0,250,39.8617,45.0697,-0.473804,0.234026
0,250,37.9422,44.8799,-0.971779,-0.0593594
0,250,39.1442,46.3087,-0.654295,0.0237544
0,250,39.5654,47.1258,-0.922896,0.367013
0,250,38.2833,47.9007,-0.981358,-0.0992673
0,250,40.0761,47.3129,-0.760247,-0.044705
0,250,40.7565,46.5327,-0.600256,-0.240797
0,250,39.032,47.2618,-0.998648,0.0441388
0,250,39.4226,47.6082,-0.909542,0.330738
0,250,42.2099,48.7919,-0.679647,0.242794
0,250,44.5574,50.2548,-0.638231,0.0817828
0,250,44.9454,49.2879,-0.347494,-0.159063
0,250,45.0154,50.5739,-0.598296,-0.10397
0,250,46.6093,49.7278,-0.339077,0.163022
0,250,43.4697,50.8113,-0.632236,-0.152206
0,250,47.0357,49.9944,-0.407646,0.00324834
0,250,48.3645,50.8009,-0.357507,-0.299484
0,250,47.6061,49.9363,-0.378978,-0.0814799
0,250,44.4633,51.2825,-0.340683,-0.0881237
0,250,41.6065,50.8008,-0.761534,0.185382
0,250,45.1567,50.139,-0.594182,-0.122613
0,250,42.6684,50.495,-0.729519,-0.103362
0,250,41.076,50.8887,-0.803394,0.166056
0,250,39.6071,50.4469,-0.595668,0.0412409
0,250,37.8502,51.1708,-0.0268072,0.0794362
0,250,31.2897,50.4594,-1.06556,-0.16242
0,250,37.1162,51.501,-0.0194039,0.210496
0,250,38.4931,50.8466,0.0319545,0.346586
0,250,44.5326,52.0549,-0.0628454,-0.158444
0,250,30.4029,50.9871,-0.599506,0.304264
0,250,33.5648,50.1683,-0.494044,0.0125852
0,250,29.5004,50.6196,-1.01005,0.391721
0,250,33.5161,51.0822,-0.236329,0.0282061
0,250,29.1175,52.034,-0.258926,0.165437
0,250,30.9617,49.2884,-1.34725,0.150468
0,250,26.5829,51.0266,-0.763743,0.203882
0,250,7.35631,50.6026,0.0340989,-0.434933
0,250,19.4752,44.4775,-1.96739,0.172316
0,250,14.1792,37.6369,-2.25975,-0.560518
0,250,20.3264,43.9062,-1.93181,0.05222
0,250,29.232,42.493,-0.951747,0.569955
0,250,10.7656,41.2089,-1.77448,-1.48802
0,250,30.8531,43.1835,-0.92506,0.498839
0,250,33.075,44.0664,-0.383344,0.421233
0,250,33.421,45.0567,-0.955118,0.489786
0,250,35.592,45.4939,-0.673307,0.30617
0,250,34.3793,45.1442,-0.651534,0.259649
0,250,37.4381,45.1804,-0.665054,0.224773
0,250,37.7917,44.3165,-0.493819,0.277107
0,250,40.0148,45.8048,-0.938969,0.207217
0,250,39.6202,45.4845,-0.648977,-0.0893912
0,250,39.7561,46.2198,-0.969697,0.091631
0,250,40.2225,46.4234,-0.834257,-0.080702
0,250,40.0969,46.869,-0.891035,-0.0520942
0,250,41.209,47.4021,-0.653935,0.0226322
0,250,41.6638,46.0776,-0.385819,0.0720847
0,250,39.0664,48.5844,-0.87636,-0.0745962
0,250,43.8846,50.4969,-0.455042,0.188081
0,250,38.7637,48.201,-1.42871,0.0291631
0,250,39.8069,48.1969,-0.931187,0.0153439
0,250,44.8616,49.7458,-0.432026,-0.156666
0,250,47.4632,50.398,-0.445799,-0.105
0,250,43.9115,49.5217,-0.463863,0.21684
0,250,46.0487,49.7416,-0.314423,0.0739134
0,250,45.763,48.8243,-0.469036,0.0403275
0,250,45.5082,49.274,-0.391075,-0.0196708
0,250,43.4559,49.8812,-0.455923,0.0608488
0,250,45.4207,49.7084,-0.514158,-0.0640677
0,250,48.9392,50.0682,-0.317586,-0.252101
0,250,44.6305,48.8652,-0.50918,-0.00992676
0,250,45.7556,50.0961,-0.534932,-0.0305727
0,250,43.8983,50.0748,-0.489664,0.189063
0,250,40.4771,50.9325,-0.453315,-0.0833483
0,250,42.9429,50.8715,-0.689666,0.101901
0,250,36.7102,51.0911,0.073597,0.108279
0,250,40.8378,51.3125,-0.59079,0.138706
0,250,44.173,51.6563,-0.192115,0.0169601
0,250,48.0016,50.3415,-0.30312,-0.263782
0,250,48.7108,50.5178,-0.27372,-0.165301
0,250,39.9075,51.6664,-0.760304,-0.118986
0,250,35.7382,50.7695,-0.500326,0.00119342
0,250,28.9318,50.7391,-0.733439,0.189003
0,250,40.1977,51.304,-0.329174,0.171729
0,250,31.4945,49.598,-0.994999,-0.0853704
0,250,28.5283,52.0652,-0.415068,-0.166249
0,250,25.1335,50.7973,-1.61546,-0.000946644
0,250,8.3202,46.0347,-1.18297,-0.564206
0,250,12.0703,48.135,-1.24144,-1.05056
0,250,2.49646,41.0102,0.164552,-0.460944
0,250,10.8394,45.3779,-1.3781,-1.68535
0,250,7.03422,35.6044,-2.80706,-3.1192
0,250,4.30908,51.44,-0.222064,0.5241
0,250,32.2633,44.7074,-1.03725,0.4279
0,250,28.9511,42.8808,-1.17207,0.537612
0,250,30.2161,44.2767,-0.886458,0.580917
0,250,44.8952,42.8518,-0.147695,0.362926
0,250,38.9395,45.5653,-0.885078,0.203248
0,250,42.7274,44.5401,-0.255198,0.4079
0,250,43.5931,43.8968,-0.305231,0.360683
0,250,38.2783,44.5605,-0.627288,0.191119
0,250,41.3651,46.4883,-0.54088,0.147612
0,250,40.8093,45.6317,-0.723116,0.221739
0,250,42.3,45.8733,-0.405587,0.366538
0,250,39.9154,47.7527,-0.852833,-0.0556592
0,250,40.3899,48.3006,-1.0573,-0.209379
0,250,39.2885,48.0699,-1.066,0.314429
0,250,40.6245,47.417,-0.617229,-0.195411
0,250,40.9143,48.2889,-0.963593,0.0484444
0,250,41.2902,48.6593,-0.69829,0.235164
0,250,39.563,48.5943,-0.770647,-0.0191617
0,250,40.4333,47.8511,-0.824492,-0.275782
0,250,41.8288,48.4357,-0.731506,0.0521501
0,250,44.351,49.8407,-0.471165,0.120051
0,250,43.5107,49.2938,-0.563815,0.373502
0,250,44.407,49.3307,-0.351994,0.0629873
0,250,46.5941,49.2806,-0.471257,0.10805
0,250,43.6095,46.1866,-0.577676,0.173167
0,250,49.8384,50.0958,-0.0675294,0.233997
0,250,42.6683,47.6011,-0.548273,0.250941
0,250,44.1552,48.1122,-0.797863,0.252107
0,250,48.7466,49.2252,-0.371772,-0.151303
0,250,46.3095,48.8617,-0.591492,0.0253682
0,250,47.2361,49.5573,-0.331093,-0.0021544
0,250,43.0985,48.957,-0.660662,0.226399
0,250,46.9055,50.4425,-0.449779,0.000964837
0,250,48.5696,49.6445,-0.259253,-0.239704
0,250,46.039,49.3026,-0.430158,0.172497
0,250,34.0857,50.9205,-0.315782,-0.103565
0,250,41.9745,51.1717,-0.743287,0.1436
0,250,38.9205,51.173,-0.06935,-0.06719
0,250,32.7504,50.7259,-0.551148,-0.111119
0,250,27.8389,50.6107,-0.953777,-0.10357
0,250,27.7424,51.0826,-0.57778,0.194484
0,250,28.1579,51.6485,-0.228772,0.336049
0,250,29.6399,52.0093,-0.325414,0.181242
0,250,26.2977,50.6075,-1.32344,0.468631
0,250,10.4457,44.4758,-1.16503,-1.04672
0,250,4.7575,43.9519,-0.392603,-0.99056
0,250,13.4005,49.96,-1.26563,-0.510358
0,250,3.29508,42.814,-0.161985,-0.524858
0,250,29.8178,43.3967,-0.757096,0.253659
0,250,32.7633,44.4111,-0.993918,0.14857
0,250,36.1602,45.3119,-0.684962,0.0783466
0,250,33.9191,44.8356,-1.06791,0.452748
0,250,31.4853,43.9186,-0.901273,0.120663
0,250,41.0981,44.2848,-0.246332,0.306615
0,250,29.3086,43.4321,-0.875479,0.181608
0,250,38.566,45.2555,-0.643517,-0.184988
0,250,40.5315,44.5258,-0.310015,0.153914
0,250,40.4971,46.0282,-0.712838,0.0752122
0,250,41.7143,47.2682,-0.702542,0.242524
0,250,40.3077,45.4449,-0.696304,0.322168
0,250,40.8386,45.1568,-0.685989,0.263108
0,250,42.0373,46.3752,-0.571159,0.211843
0,250,42.8893,46.7026,-0.351577,0.0670052
0,250,42.2457,47.2588,-0.672484,0.152585
0,250,41.1918,46.9379,-0.800353,0.0627614
0,250,40.9997,47.8111,-0.885158,0.0760831
0,250,41.3383,45.6844,-0.387879,0.0443802
0,250,41.6757,47.7588,-0.717252,0.318271
0,250,42.5512,46.3236,-0.433726,0.226152
0,250,43.5567,45.7091,-0.242423,0.134582
0,250,42.8368,47.1503,-0.687725,0.171172
0,250,42.2488,48.2156,-0.799234,0.184188
0,250,43.4118,46.6912,-0.328109,0.319209
0,250,42.3256,46.8187,-0.463331,0.135935
0,250,41.4381,48.1389,-1.07526,0.277896
0,250,43.2415,47.9204,-0.600516,0.439185
0,250,43.1476,48.4441,-0.631377,0.352434
0,250,49.7404,50.6323,-0.399289,-0.0816745
0,250,47.8337,50.8045,-0.458159,-0.342916
0,250,30.7537,51.4098,-0.308278,0.135894
0,250,44.0471,50.9724,-0.591614,0.120883
0,250,49.3946,50.2739,-0.36389,-0.297621
0,250,45.5898,50.5286,-0.562926,-0.0978758
0,250,44.8053,51.6706,-0.199532,-0.135066
0,250,29.7971,51.519,-0.454462,0.200312
0,250,37.5921,51.5197,-0.0239487,0.0988261
0,250,36.1947,51.1748,-0.16276,-0.175421
0,250,32.4877,50.219,-0.596691,0.238375
0,250,33.0171,50.3235,-0.377824,-0.285554
0,250,29.2816,51.5683,-0.443973,0.276034
0,250,28.8474,51.1809,-0.851138,0.0365271
0,250,27.9145,50.1641,-1.27506,0.229642
0,250,26.3806,50.1426,-1.54763,0.723981
0,250,27.6407,51.4796,-0.186213,0.0394167
0,250,9.19013,43.0178,-1.38414,-1.36298
0,250,20.7413,45.3927,-1.88028,-0.0827417
0,250,15.534,38.2472,-2.0652,-0.590636
0,250,10.7941,42.5258,-1.8255,-1.70743
0,250,35.3003,42.7013,-0.411382,0.405213
0,250,21.7073,45.401,-1.7585,-0.0901096
0,250,10.4038,47.4819,-0.913778,-0.705985
0,250,8.54012,35.9902,-2.71723,-2.18762
0,250,33.6185,44.1791,-0.247653,0.491808
0,250,39.5599,44.247,-0.556339,0.197501
0,250,39.7734,44.6454,-0.322348,0.104527
0,250,43.6252,44.3963,0.090091,0.39702
0,250,36.3521,44.4022,-0.558549,0.013594
0,250,32.586,43.8549,-0.509164,0.349861
0,250,44.0183,43.0768,0.137186,0.397701
0,250,44.0583,45.8311,-0.30621,0.561101
0,250,40.1543,44.2817,-0.295719,0.237794
0,250,42.5225,42.7341,-0.0523776,0.430148
0,250,41.9476,45.1625,-0.481448,0.105502
0,250,43.0643,44.1731,0.142354,0.353163
0,250,44.5881,43.8549,-0.268852,0.152499
0,250,44.7303,45.8079,-0.417963,0.208838
0,250,41.7664,46.8033,-0.674029,0.284728
0,250,41.0414,44.7389,-0.336346,0.33769
0,250,41.3813,45.2195,-0.592775,0.0207572
0,250,45.7265,45.4898,-0.292921,-0.0315428
0,250,44.3976,44.9229,-0.213777,0.442941
0,250,46.7856,45.3654,-0.459535,0.168463
0,250,42.151,47.7551,-0.787897,0.133583
0,250,45.4848,48.391,-0.518467,-0.073938
0,250,42.6581,48.5895,-0.655834,0.112155
0,250,47.8397,48.8275,-0.40371,-0.18843
0,250,49.1658,49.6813,-0.223826,-0.297285
0,250,48.1605,49.2409,-0.400185,-0.0907369
0,250,51.9972,51.0339,-0.0979571,0.266611
0,250,50.312,50.211,-0.0171876,0.119232
0,250,44.8613,51.0294,-0.17492,0.211868
0,250,47.2795,50.8556,-0.460665,-0.11637
0,250,46.1475,50.5105,-0.531863,-0.0204454
0,250,50.8616,50.6098,-0.2882,0.200556
0,250,32.0684,49.95,-0.767914,-0.129884
0,250,43.7468,51.3147,-0.385349,-0.0398268
0,250,28.74,51.6437,-0.354063,0.0442518
0,250,43.5353,51.7544,-0.0729108,-0.0185879
0,250,31.868,50.3835,-0.900774,-0.415495
0,250,29.9138,51.0394,-0.674212,0.122834
0,250,30.6286,51.975,-0.274954,-0.0753443
0,250,31.2215,51.4991,-0.208398,-0.196444
0,250,26.8176,50.5249,-1.10741,0.993118
0,250,27.403,49.8035,-1.55365,0.24167
0,250,8.81386,42.5924,-1.4551,-1.30948
0,250,7.85764,42.9554,-1.49361,-1.32249
0,250,9.68222,42.2176,-1.77022,-1.61047
0,250,11.227,42.8914,-1.68433,-1.22033
0,250,2.51068,35.628,-0.00084203,-4.34618
0,250,3.5309,42.3221,-0.248721,-1.13837
0,250,21.9342,42.444,-1.55726,0.434707
0,250,33.4531,44.5534,-1.02054,0.416724
0,250,39.1475,42.9634,-0.296488,-0.174727
0,250,36.4099,42.7409,-0.33388,0.0445427
0,250,35.461,45.0667,-0.635781,0.216259
0,250,36.9894,44.9084,-0.894705,0.178061
0,250,44.5091,43.2748,-0.0260452,0.361165
0,250,36.6152,43.6209,-0.319414,-0.000837823
0,250,41.0069,43.5201,-0.122798,0.279991
0,250,39.0591,43.476,-0.230319,-0.0197012
0,250,35.9623,44.8925,-0.733113,0.160265
0,250,44.0879,44.1506,-0.111493,0.325518
0,250,41.8827,45.6191,-0.377533,0.165191
0,250,44.2475,42.6483,-0.101947,0.27146
0,250,42.5129,45.4441,-0.379441,0.237954
0,250,40.3507,44.9532,-0.423939,0.15238
0,250,43.1117,46.2267,-0.399543,0.163186
0,250,45.7738,45.0109,-0.391922,0.0659957
0,250,46.2409,45.1422,-0.260836,0.07549
0,250,49.0519,44.8288,-0.441793,0.308301
0,250,46.3346,45.602,-0.344116,0.162187
0,250,44.679,48.0594,-0.75764,0.109283
0,250,43.7161,47.7855,-0.764415,0.291127
0,250,42.7487,48.0676,-0.710299,0.205188
0,250,48.4121,48.8057,-0.503568,-0.136974
0,250,44.2532,48.5501,-0.667164,0.132005
0,250,46.0641,48.4062,-0.561362,-0.0302337
0,250,48.0019,49.702,-0.369188,-0.134338
0,250,50.4837,49.776,-0.125897,0.104098
0,250,51.9868,52.0015,-0.084948,0.0295917
0,250,50.2784,50.6524,-0.360494,0.184601
0,250,50.0873,49.4954,-0.215361,0.270787
0,250,48.3741,50.0895,-0.287804,-0.186183
0,250,49.1557,50.7329,-0.337993,-0.141384
0,250,41.831,51.6628,-0.578995,0.165565
0,250,52.0021,51.5493,-0.211607,0.0714146
0,250,48.2309,51.2551,-0.492075,-0.327571
0,250,33.3979,50.6538,-0.737753,0.108296
0,250,45.7895,51.3801,-0.285714,-0.0273012
0,250,30.2961,51.5177,-0.558494,0.189038
0,250,35.1602,50.8084,-0.337866,-0.11636
0,250,31.4588,50.0116,-0.841896,-0.0592255
0,250,29.3872,51.0811,-0.657642,0.297104
0,250,25.7987,50.295,-1.99189,0.015432
0,250,8.4466,41.1492,-1.56813,-1.83611
0,250,2.49781,34.4229,2.47008,-5.11119
0,250,10.8478,40.216,-2.32892,-1.60337
0,250,18.9606,44.2207,-2.16844,0.0860831
0,250,21.0365,44.6407,-1.67331,-0.151719
0,250,4.2174,38.7859,-0.915073,-2.65974
0,250,34.4878,43.5849,-0.504365,0.441729
0,250,34.187,44.0546,-0.399736,0.314853
0,250,34.6663,44.7501,-0.778813,0.322375
0,250,33.7586,42.6021,-0.44175,0.319476
0,250,37.3582,44.0535,-0.424869,0.180341
0,250,35.9208,43.7107,-0.476721,0.0289651
0,250,36.7665,44.0029,-0.407939,-0.0085759
0,250,38.5124,44.1467,-0.458368,0.241298
0,250,35.1952,44.6446,-0.598886,0.237997
0,250,43.6505,43.4266,-0.243062,0.181284
0,250,44.9372,43.404,0.0566035,0.157114
0,250,40.7233,42.7602,-0.198476,0.311855
0,250,42.8544,45.8436,-0.446404,0.0627745
0,250,47.056,45.7255,-0.378086,0.166056
0,250,46.3774,42.5676,-0.241335,0.14961
0,250,46.7381,44.8834,-0.324849,0.0279595
0,250,43.979,46.4989,-0.616529,0.315972
0,250,43.5371,47.0853,-0.672808,0.405571
0,250,44.3574,46.209,-0.371573,0.473509
0,250,46.5149,48.1921,-0.506045,0.358825
0,250,44.9055,48.4403,-0.517019,-0.0598933
0,250,48.1209,48.3825,-0.472436,-0.140752
0,250,47.3378,48.7474,-0.483549,0.183116
0,250,45.2083,48.8467,-0.384924,-0.173557
0,250,43.5985,48.7635,-0.586227,0.482946
0,250,47.6194,49.2874,-0.350797,-0.0635014
0,250,49.6588,49.6559,-0.203975,0.180311
0,250,51.5664,49.3734,-0.138315,0.38034
0,250,50.8815,50.1814,0.024826,0.102647
0,250,49.274,49.2027,-0.29234,-0.226689
0,250,49.7333,49.0618,-0.315049,0.140051
0,250,46.4162,50.1579,-0.443802,0.108932
0,250,49.4305,51.118,-0.423279,-0.0486577
0,250,45.4318,50.9702,-0.287887,-0.128025
0,250,32.8527,51.5901,-0.647692,-0.299725
0,250,51.2534,51.635,-0.402347,0.174284
0,250,31.1799,51.0203,-0.776022,-0.0585501
0,250,46.4541,51.2205,-0.246979,-0.102425
0,250,32.2373,50.6742,-0.64801,-0.256571
0,250,50.4732,48.3883,-0.28344,0.155401
0,250,32.6485,52.0533,-0.423944,-0.12872
0,250,36.585,51.586,-0.2741,-0.156209
0,250,32.0835,52.0118,-0.342792,0.0856118
0,250,30.1345,52.0194,-0.0472171,0.040759
0,250,12.9487,50.1476,-1.1048,-0.309053
0,250,11.6533,41.4877,-2.02804,-1.2708
0,250,10.3432,40.0819,-2.23826,-1.61041
0,250,2.44024,39.8594,-0.102527,-0.501758
0,250,18.4498,43.6988,-2.18512,-0.19511
0,250,2.7021,34.8362,-0.197071,-2.36587
0,250,20.2444,40.8223,-1.86752,0.208664
0,250,5.19001,37.0635,-1.69179,-2.91123
0,250,6.69677,35.4003,-2.7173,-3.47039
0,250,22.7105,41.5404,-1.55517,0.614487
0,250,4.28966,43.8116,-0.466439,0.00398608
0,250,34.2652,43.1375,-0.680188,0.290095
0,250,43.0719,43.7484,-0.259793,0.359463
0,250,37.4977,42.7237,-0.11865,0.179686
0,250,43.9857,44.7171,-0.022068,0.556574
0,250,41.9048,43.9027,-0.0145034,0.292997
0,250,39.5802,42.8496,-0.168898,0.378688
0,250,42.881,45.0819,-0.300953,0.26704
0,250,45.2362,45.8804,-0.236327,0.133652
0,250,47.0085,43.0241,-0.0467816,0.0705339
0,250,43.2349,47.4418,-0.800124,0.273902
0,250,43.9629,47.3865,-0.554298,0.48069
0,250,43.5436,45.0677,-0.294187,0.22081
0,250,46.3407,46.0428,-0.476027,0.0925176
0,250,44.8688,46.3004,-0.054601,-0.0892
0,250,44.3761,47.6293,-0.561581,0.129069
0,250,51.3864,47.7901,0.00897383,0.296285
0,250,43.6792,48.3019,-0.633728,0.51692
0,250,50.6158,47.8621,-0.161705,0.208038
0,250,48.6607,48.3314,-0.469478,-0.160094
0,250,48.9627,48.76,-0.479077,-0.326337
0,250,49.4204,48.6231,-0.471136,0.125043
0,250,52.042,48.554,-0.0881843,0.691061
0,250,47.0418,49.1077,-0.492708,0.21096
0,250,51.1745,48.6147,-0.185661,0.0674377
0,250,51.965,47.5712,-0.0224477,0.53594
0,250,50.6663,49.3097,-0.185419,0.0154053
0,250,45.2181,51.4112,-0.0245401,0.117305
0,250,40.2781,52.0732,-0.781668,-0.125773
0,250,51.9703,50.1349,-0.019469,0.438377
0,250,43.9347,52.0563,-0.145248,0.18877
0,250,51.4985,52.039,-0.313571,-0.0160449
0,250,51.4031,50.3388,-0.14529,0.304695
0,250,45.9497,52.0498,-0.0359166,-0.140946
0,250,41.573,52.0687,-0.698096,0.0418904
0,250,49.962,51.0769,-0.389695,-0.0325965
0,250,33.1876,52.0069,-0.545535,-0.0699656
0,250,43.2236,51.3003,-0.567858,-0.096116
0,250,46.6214,50.7829,-0.503564,-0.107469
0,250,31.0665,51.992,-0.268725,-0.158777
0,250,9.53977,50.682,-0.0697147,0.553817
0,250,33.3043,42.6113,-0.356615,0.275721
0,250,2.36421,37.5689,0.559586,-1.86884
0,250,14.3642,38.2506,-2.19683,-0.793571
0,250,17.9824,43.4185,-2.06613,-0.151092
0,250,42.094,44.5217,-0.102673,0.16166
0,250,12.266,43.7634,-1.29781,-0.761099
0,250,8.27736,52.025,0.109484,0.60608
0,250,17.9924,39.688,-1.79604,0.240633
0,250,22.4299,44.419,-1.64087,-0.162049
0,250,35.394,44.1831,-0.620064,0.415792
0,250,40.5901,43.2953,-0.136371,0.44636
0,250,38.9564,44.3572,-0.418733,0.334052
0,250,47.7645,44.8897,-0.434815,0.348729
0,250,44.9184,44.5986,-0.311018,0.422107
0,250,48.4037,44.8803,-0.229666,0.273649
0,250,47.233,44.8946,-0.367206,0.296329
0,250,44.4244,45.4663,-0.467065,0.385486
0,250,48.2646,44.4132,-0.275355,0.304649
0,250,45.5651,47.564,-0.693151,0.0664191
0,250,46.2819,47.7243,-0.351131,0.312287
0,250,44.1181,46.9336,-0.578892,0.394477
0,250,45.8592,47.9732,-0.574097,-0.0682814
0,250,51.484,45.84,-0.0423642,0.678814
0,250,50.4844,46.553,-0.394322,0.317311
0,250,45.2626,47.9875,-0.770855,-0.0267994
0,250,47.0679,48.2834,-0.485004,0.177684
0,250,51.4787,46.3294,-0.192426,0.361507
0,250,50.2261,48.9939,-0.302415,0.229044
0,250,50.7101,48.7859,-0.281699,0.0819149
0,250,51.1485,49.1593,-0.199281,-8.09074e-05
0,250,50.9958,48.1512,-0.101466,0.0848388
0,250,49.9693,48.5606,-0.31524,0.269794
0,250,50.1045,48.0429,-0.328119,0.33843
0,250,51.9877,46.1481,0.205742,0.567156
0,250,51.5523,48.2475,0.0321589,0.408235
0,250,49.1418,51.5465,-0.632934,-0.0824607
0,250,49.6815,47.1483,-0.345918,0.443874
0,250,47.0102,51.2053,-0.312412,-0.0221956
0,250,41.215,51.7042,-0.706336,0.232417
0,250,48.8222,51.1174,-0.373716,-0.137706
0,250,51.5634,51.3039,-0.306888,0.117072
0,250,36.0174,51.612,-0.312703,-0.236457
0,250,42.1815,52.0444,-0.332953,-0.354212
0,250,45.1502,52.0576,-0.183627,0.143276
0,250,33.909,51.4188,-0.212165,0.205927
0,250,42.3643,51.5551,-0.511028,-0.0711205
0,250,35.6266,51.2065,-0.475389,0.0537509
0,250,42.7079,52.0152,-0.383411,0.285871
0,250,31.5765,52.0231,-0.424595,0.0108797
0,250,4.48294,40.452,-1.00164,-1.10662
0,250,11.387,40.3121,-2.25203,-1.61445
0,250,22.5921,44.9136,-1.85315,-0.151173
0,250,17.3734,41.943,-2.23966,-0.200809
0,250,10.8425,43.1934,-1.59784,-1.49387
0,250,4.21942,39.3802,-0.548302,-3.04762
0,250,4.10307,38.2412,-0.958579,-2.39347
0,250,37.4078,43.6329,-0.197979,0.0980328
0,250,3.27626,43.48,-0.293949,-0.231875
0,250,37.059,43.3882,-0.137501,0.0951964
0,250,40.3921,42.8033,-0.417393,0.447333
0,250,32.0601,43.7988,-0.798764,0.509709
0,250,42.7013,43.3408,-0.139738,0.333271
0,250,38.6601,44.8512,-0.422912,0.00325938
0,250,36.1158,42.7097,-0.348952,0.428642
0,250,41.3493,43.8153,-0.0157346,0.320117
0,250,49.0863,48.1468,-0.461472,-0.165407
0,250,49.7746,47.63,-0.28373,0.391277
0,250,44.9412,47.5962,-0.702586,-0.0132039
0,250,46.5818,47.3447,-0.518303,0.211996
0,250,48.8014,47.6215,-0.362951,-0.251376
0,250,51.3084,41.9723,0.427513,0.694083
0,250,51.6961,44.6991,0.0600365,0.450972
0,250,41.5998,44.7886,-0.293697,0.108454
0,250,49.7292,44.0856,-0.15457,0.0710169
0,250,46.7438,48.6477,-0.5367,0.328186
0,250,50.0804,46.8873,-0.380954,0.312471
0,250,47.612,48.3055,-0.520613,0.0737577
0,250,46.8451,47.7984,-0.451671,0.302625
0,250,48.6171,42.9145,-0.288783,0.277296
0,250,45.9692,42.6622,-0.173307,0.177832
0,250,50.5235,47.1283,-0.32273,0.36141
0,250,51.99,43.9127,-0.405093,0.576918
0,250,51.4497,47.3352,0.101065,0.28221
0,250,51.9958,48.022,0.124993,0.645799
0,250,50.2334,47.4817,-0.24489,0.301761
0,250,51.971,47.111,0.201145,0.445303
0,250,47.667,51.2588,-0.358989,-0.308082
0,250,52.0608,45.104,-0.043578,0.360153
0,250,46.2292,51.6404,-0.127701,-0.165184
0,250,49.5945,48.1632,-0.419979,0.131521
0,250,51.0297,49.7007,-0.149903,0.0838358
0,250,34.4229,51.3637,-0.55942,0.0945995
0,250,51.9578,50.578,-0.147847,0.542542
0,250,40.5546,51.6921,-0.577296,0.141901
0,250,50.9265,47.5082,-0.0702721,0.370092
0,250,35.4281,51.6227,-0.400457,0.0253204
0,250,36.8489,52.0127,-0.460338,0.104547
0,250,35.0226,51.2369,-0.59666,-0.137695
0,250,33.0222,51.1448,-0.64581,-0.267434
0,250,9.18763,45.7784,-0.961694,-1.22427
0,250,11.3409,45.101,-1.57471,-1.06966
0,250,2.39507,39.0842,0.756245,-0.351646
0,250,22.6855,45.3727,-1.65009,-0.122128
0,250,3.33758,37.4591,-0.256528,-3.03224
0,250,18.2217,39.2606,-1.99891,0.0463839
0,250,3.64685,43.1093,-0.371193,-0.31515
0,250,41.9562,43.4821,-0.142756,0.194087
0,250,4.56097,37.5704,-1.56629,-3.51657
0,250,46.3949,43.0966,-0.118892,0.180151
0,250,38.597,43.718,-0.110067,0.199079
0,250,23.0591,42.6307,-1.40466,0.627333
0,250,3.72787,45.1135,-0.0939586,-0.19593
0,250,3.18617,41.5129,-0.255057,-0.754167
0,250,44.5106,44.396,-0.274791,0.200571
0,250,42.3699,44.9429,-0.41142,0.373536
0,250,46.7248,42.5647,-0.144395,0.157236
0,250,39.838,43.8196,-0.620518,0.385841
0,250,15.2659,38.0746,-2.29348,-0.592013
0,250,43.1707,45.4638,-0.362234,0.224459
0,250,42.4144,44.1633,0.0197307,0.358704
0,250,36.0876,44.0633,-0.420193,-0.0902224
0,250,44.5845,46.7456,-0.774457,-0.000616501
0,250,41.5433,42.7533,-0.30042,0.307524
0,250,49.0907,43.3599,-0.270168,0.275524
0,250,49.2596,44.2954,-0.132546,0.369834
0,250,47.8544,43.4409,-0.166688,0.28538
0,250,48.4043,47.9005,-0.360609,-0.347131
0,250,40.7225,44.0008,-0.164886,0.0667591
0,250,50.2392,42.1806,-0.117111,0.25286
0,250,45.2429,47.1889,-0.608888,-0.154735
0,250,50.9783,46.0177,-0.0856399,0.541835
0,250,50.5939,44.1217,-0.00653379,0.455248
0,250,48.1925,43.1388,-0.179364,0.352149
0,250,52.0367,44.4568,0.0287131,0.533868
0,250,51.6183,45.3163,-0.057254,0.585659
0,250,47.4108,45.329,-0.413775,0.398044
0,250,51.4824,46.8198,-0.289289,0.458407
0,250,51.7388,41.9447,0.293255,0.931134
0,250,50.8167,44.5597,-0.0831655,0.536018
0,250,51.6598,43.0855,-0.104548,0.543744
0,250,52.0351,49.1277,-0.0970558,0.631802
0,250,47.39,51.6116,-0.207848,-0.131539
0,250,47.5034,43.076,-0.0545933,0.10919
0,250,50.9206,52.0291,-0.599501,0.0912892
0,250,46.5422,52.0522,-0.0662375,-0.0104282
0,250,39.3094,51.6044,-0.588677,-0.285138
0,250,33.4189,51.5941,-0.751051,-0.446399
0,250,32.4732,51.1609,-0.985682,-0.143218
0,250,31.9462,51.1696,-0.98852,-0.496087
0,250,12.5371,49.7414,-1.18652,-0.53143
0,250,7.75881,39.6476,-1.7382,-1.69369
0,250,19.3978,40.0547,-1.72932,0.342708
0,250,9.25904,41.3147,-1.86852,-1.64465
0,250,4.48976,35.1055,-2.69429,-4.37261
0,250,34.7665,44.2867,-0.767281,0.426108
0,250,19.0187,41.0535,-2.09909,0.137434
0,250,32.5813,43.3355,-0.824943,0.670364
0,250,3.90305,44.1709,-0.257474,0.0345377
0,250,19.0619,44.7322,-2.01671,-0.0250483
0,250,8.85182,36.1126,-3.04363,-2.02211
0,250,45.4474,43.1626,0.00299039,0.352936
0,250,21.7034,43.0988,-1.47555,0.266617
0,250,19.7033,44.9502,-1.77456,-0.0955248
0,250,5.85505,35.2731,-2.24449,-4.017
0,250,4.0228,43.3728,-0.55784,-0.42278
0,250,41.6331,44.3109,-0.188952,0.125515
0,250,35.6541,42.7728,-0.421523,0.375164
0,250,38.1128,42.8104,-0.420915,0.156913
0,250,43.3392,42.7263,-0.0472081,0.217438
0,250,45.344,44.8526,-0.377115,0.00239366
0,250,44.5034,42.6137,-0.181305,0.347672
0,250,45.7739,43.9231,-0.0721016,0.249064
0,250,43.9279,45.2956,-0.430431,0.430532
0,250,42.5001,43.7277,-0.0729072,0.244422
0,250,49.1976,45.2511,-0.165344,0.116715
0,250,49.8335,45.0003,-0.262465,0.0283006
0,250,45.8657,44.4463,-0.443855,0.19355
0,250,45.3812,43.6543,-0.137128,0.352868
0,250,49.1685,47.1583,-0.300706,-0.105281
0,250,47.1713,47.3666,-0.583442,0.34777
0,250,51.2522,44.9322,0.0011157,0.629195
0,250,50.7582,45.1027,-0.185957,0.411772
0,250,51.131,43.0326,0.0532186,0.363559
0,250,48.967,42.277,-0.26809,0.133228
0,250,50.4994,42.1015,-0.440653,0.389802
0,250,47.906,47.8698,-0.336129,0.130414
0,250,51.9902,46.6327,-0.185008,0.567406
0,250,46.2341,46.9159,-0.618382,0.228763
0,250,50.9776,42.0594,0.0933392,0.0619258
0,250,49.3834,42.2416,-0.168968,0.311
0,250,51.4363,50.7842,-0.454406,0.288925
0,250,49.4253,46.6976,0.0638286,-0.0127675
0,250,44.0344,48.9804,-0.330402,0.291835
0,250,35.1857,52.0516,-0.178808,0.00407247
0,250,45.9982,50.9575,-0.474175,-0.0571716
0,250,49.6784,51.5673,-0.612419,-0.0360827
0,250,48.8702,52.0187,-0.756342,-0.163218
0,250,31.6982,51.5488,-0.266067,0.0270759
0,250,31.631,50.8484,-0.84047,-0.428686
0,250,10.4344,45.6524,-1.04747,-1.15002
0,250,8.73346,43.1511,-1.59876,-1.43549
0,250,7.16701,40.4591,-1.88455,-1.87867
0,250,31.5549,43.0018,-0.64255,0.216931
0,250,23.3561,42.2939,-1.64021,0.667633
0,250,32.5219,42.4065,-0.737991,0.736911
0,250,3.21638,36.8481,-0.433697,-3.40836
0,250,12.8863,37.3728,-2.62471,-0.91388
0,250,11.8759,40.0261,-2.63039,-1.66145
0,250,34.8368,43.8707,-0.301715,0.33717
0,250,18.187,42.6067,-2.06323,0.000953162
0,250,11.1913,46.596,-1.34184,-1.01469
0,250,20.8352,41.0433,-1.62229,0.00746402
0,250,19.7588,43.6549,-2.08367,0.0422852
0,250,3.09768,38.6344,-0.652,-2.78242
0,250,37.6778,43.1407,-0.140799,0.286135
0,250,22.4868,43.8838,-1.67221,0.414914
0,250,49.8663,46.4392,0.0343869,0.205385
0,250,49.0808,42.798,-0.454746,0.0484356
0,250,43.2318,44.6944,-0.299955,0.274167
0,250,45.2158,45.406,-0.320848,0.238136
0,250,49.5762,44.6751,-0.167141,0.0685377
0,250,46.8534,46.1377,-0.555654,0.195705
0,250,48.0424,46.1297,-0.442032,0.104399
0,250,47.6595,45.7351,-0.229078,0.353139
0,250,48.5821,43.4496,-0.158336,0.26939
0,250,45.4584,46.3304,0.101126,0.148165
0,250,48.3312,46.5589,-0.199449,0.046582
0,250,38.7879,42.8361,-0.157248,0.287389
0,250,48.2805,47.3904,-0.596388,-0.157544
0,250,49.6302,42.3819,-0.143416,0.0662016
0,250,52.0026,45.667,-0.203495,0.572861
0,250,50.3332,43.7723,0.0610127,0.238115
0,250,47.5128,42.5128,-0.173603,0.124732
0,250,43.2069,43.2176,-0.251704,0.179958
0,250,50.1124,42.6208,-0.136178,0.404148
0,250,42.8124,42.7696,-0.106118,0.184796
0,250,46.5118,46.5241,-0.0485558,0.235427
0,250,50.9674,46.4958,-0.296929,0.601226
0,250,48.679,47.0902,-0.429795,-0.0457923
0,250,49.2737,47.6775,-0.328738,0.00870322
0,250,52.0205,49.6647,-0.113573,0.474799
0,250,51.4794,49.8718,-0.13979,0.329099
0,250,37.8474,52.0395,-0.306045,-0.0418459
0,250,34.142,51.8486,-0.622593,0.404316
0,250,48.6208,51.575,-0.607997,-0.234184
0,250,38.1621,51.7304,-0.135022,0.218181
0,250,39.6692,52.0381,-0.670098,0.108226
0,250,34.5572,52.0551,-0.237923,-0.0793111
0,250,33.7276,52.0494,-0.797271,-0.354589
0,250,39.1857,43.9279,-0.57757,0.233426
0,250,22.3582,43.369,-1.3316,0.395163
0,250,48.6303,46.1624,-0.342969,0.254108
0,250,5.14282,35.3249,-1.85439,-3.97203
0,250,21.2885,45.6669,-1.96337,-0.341071
0,250,22.1422,42.8775,-1.41048,0.516405
0,250,3.54128,40.2549,-0.464626,-2.10465
0,250,17.4044,42.9804,-2.34939,-0.263191
0,250,17.059,40.6918,-2.08822,-0.217624
0,250,2.4146,44.0315,-0.407247,-0.0549096
0,250,21.1318,45.1513,-1.80246,-0.208326
0,250,11.5508,51.1244,-0.294174,-0.313603
0,250,42.195,43.0859,-0.234783,0.262972
0,250,18.7509,42.9172,-1.91941,-0.0140454
0,250,46.7097,43.4587,0.013773,0.0939147
0,250,18.9844,39.5049,-2.05137,0.157276
0,250,46.3142,44.0611,-0.116926,0.237578
0,250,45.0208,44.0101,-0.379566,0.237851
0,250,47.4457,43.9416,-0.0873549,0.237303
0,250,51.4228,43.5039,0.230714,0.220777
0,250,48.0187,45.2513,-0.402931,0.240335
0,250,45.9422,46.4509,-0.0430624,0.366657
0,250,47.7402,46.548,-0.326772,0.186466
0,250,5.55829,35.8067,-2.10144,-3.65883
0,250,9.82961,47.9755,-1.04261,-0.729396
0,250,51.5065,42.5635,0.457731,-0.196856
0,250,2.47743,50.2309,-0.298472,0.259705
0,250,3.45712,38.9641,-0.749481,-2.60112
0,250,38.4737,43.2591,-0.17605,0.192729
0,250,49.8954,43.0899,-0.32383,0.295662
0,250,19.1613,41.545,-2.28819,0.153807
0,250,46.8218,43.9033,-0.0662269,0.023315
0,250,48.9439,43.9073,-0.184426,0.281509
0,250,48.7243,45.7179,-0.107932,0.276092
0,250,31.0297,43.5626,-0.830243,0.261325
0,250,47.9693,43.8774,-0.125892,0.412939
0,250,49.7071,46.0201,-0.18165,0.0922879
0,250,49.1973,46.2624,-0.124988,0.207632
0,250,45.9577,47.3034,-0.437257,0.312207
0,250,47.7327,47.3998,-0.546448,0.13938
0,250,45.8181,45.9299,-0.34755,0.0357171
0,250,47.2502,43.5352,0.00329035,0.192648
0,250,48.0113,51.6892,-0.374272,-0.251972
0,250,51.0498,51.0929,-0.53416,0.345275
0,250,51.0005,46.9893,-0.205258,0.556789
0,250,38.7684,51.6217,-0.342151,0.186974
0,250,35.7463,52.0495,-0.220005,0.044746
0,250,45.5425,51.8262,-0.12965,0.169757
0,250,38.3311,51.2773,0.0125184,0.336641
0,250,32.2974,51.6179,-0.578121,-0.272371
0,250,36.3174,43.284,-0.194503,0.0545902
0,250,9.46991,44.5657,-1.52354,-1.2142
0,250,45.5673,42.5539,-0.188348,0.38041
0,250,44.1234,43.6373,-0.440053,0.258745
0,250,19.4518,40.8654,-2.00181,0.16104
0,250,39.2335,45.167,-0.746712,0.225509
0,250,23.0647,44.7921,-1.64534,0.298839
0,250,22.2522,40.8402,-1.47291,0.65819
0,250,20.57,42.7747,-1.91595,0.0970717
0,250,31.3405,42.2619,-0.66195,0.369035
0,250,41.817,42.78,-0.286991,0.358909
0,250,47.2846,44.3975,-0.292377,0.215815
0,250,45.1262,46.7404,-0.484591,-0.280161
0,250,46.1503,43.6115,0.0497954,0.222566
0,250,45.8782,43.2074,-0.0492234,0.278438
0,250,49.2217,45.7871,-0.002287,0.253418
0,250,48.4444,43.9033,-0.158263,0.286694
0,250,51.113,45.4668,-0.116462,0.571088
0,250,50.843,43.438,0.112499,0.360932
0,250,34.182,44.4737,-0.807711,0.458352
0,250,30.535,42.2743,-0.764433,0.40367
0,250,37.9995,43.488,-0.144394,0.360141
0,250,15.9358,38.5412,-2.01997,-0.890604
0,250,33.4545,43.6872,-0.482354,0.462557
0,250,36.805,42.9667,-0.244898,0.145668
0,250,33.9435,43.6517,-0.5342,0.19663
0,250,2.85555,37.5182,0.210087,-2.23055
0,250,35.3585,43.7516,-0.432335,0.195629
0,250,50.4223,43.2299,-0.146116,0.412378
0,250,17.8854,42.194,-2.0419,-0.0263781
0,250,47.4287,46.1561,-0.589437,0.17186
0,250,3.50973,44.5425,-0.310729,-0.332856
0,250,46.846,46.9481,-0.565425,0.10152
0,250,48.2832,42.4585,-0.23946,0.0965594
0,250,49.9117,43.5806,0.0160025,0.173228
0,250,49.4158,43.6625,-0.205917,0.237186
0,250,35.7368,44.4983,-0.466323,0.0668604
0,250,51.8854,42.2979,0.28346,0.584025
0,250,48.8669,46.6517,-0.117993,0.120543
0,250,17.8233,39.1199,-2.07854,0.133025
0,250,50.628,45.7023,-0.0487831,0.345049
0,250,47.4805,46.9737,-0.550403,0.350525
0,250,46.8182,51.6501,-0.192852,-0.0273221
0,250,52.0355,43.4292,0.187316,0.699113
0,250,44.6385,47.202,-0.537114,-0.0698621
0,250,49.9148,52.0036,-0.978369,0.0692165
0,250,50.547,51.0684,-0.336173,0.228112
0,250,36.3081,52.0317,-0.286257,-0.168643
0,250,34.835,51.6647,-0.423816,-0.121046
0,250,41.4348,51.2837,-0.643603,0.245713
0,250,11.0705,51.1289,-0.127261,-0.11797
0,250,16.7173,38.6218,-1.86474,-0.0289692
0,250,18.597,39.3636,-2.06547,-0.0420844
0,250,5.62534,35.2216,-2.5049,-4.23104
0,250,21.7343,41.9896,-1.51494,0.503288
0,250,22.527,42.5247,-1.66546,0.249802
0,250,21.0218,44.1497,-1.90297,-0.0950017
0,250,37.9999,43.8993,-0.287794,0.334107
0,250,50.3253,44.718,-0.20973,0.266899
0,250,48.7503,44.4355,-0.200474,0.221025
0,250,51.0416,43.8703,-0.0766021,0.532697
0,250,41.0944,42.9072,-0.315201,0.0840135
0,250,32.1051,42.4315,-0.524828,0.423192
0,250,34.0918,42.6162,-0.471771,0.244691
0,250,32.8956,42.4524,-0.387702,0.749657
0,250,37.2076,42.7624,-0.343955,0.291133
0,250,21.5654,41.1062,-1.77756,0.480633
0,250,39.5389,43.4488,-0.358352,0.21452
0,250,11.1253,44.3325,-1.78912,-1.52922
0,250,41.4742,43.2979,-0.179361,0.318237
0,250,10.7166,46.0292,-1.53858,-1.19976
0,250,44.8488,45.1423,-0.336254,0.449933
0,250,47.891,42.6791,-0.231113,0.089097
0,250,47.1308,46.5733,-0.137671,0.303498
0,250,40.0444,43.2852,-0.186202,0.507397
0,250,43.6047,42.7537,-0.0642456,0.328513
0,250,19.6269,41.4259,-2.18641,0.103991
0,250,20.7026,43.2611,-1.85689,-0.0130059
0,250,22.1253,45.0957,-1.77332,-0.175247
0,250,50.0926,45.6915,-0.12294,0.153367
0,250,8.41484,42.2806,-1.25276,-1.4932
0,250,50.5755,42.7955,-0.19774,0.449518
0,250,8.28388,43.314,-1.45981,-1.35243
0,250,47.3759,47.829,-0.490704,0.219556
0,250,51.5564,44.0099,-0.420247,0.532924
0,250,11.9149,46.3965,-1.60141,-1.04667
0,250,22.8547,43.5693,-1.63389,0.364323
0,250,22.3471,42.0748,-1.48727,0.356753
0,250,51.2537,44.3882,-0.154288,0.769589
0,250,50.0824,44.3417,0.0359036,0.00650728
0,250,10.4782,43.561,-1.75793,-1.75805
0,250,46.7804,44.372,-0.2891,0.0402892
0,250,49.3872,52.0341,-0.824488,0.0799568
0,250,50.3458,46.1396,-0.0322173,0.102751
0,250,43.2129,52.041,-0.415886,-0.605174
0,250,47.1444,52.0497,-0.187402,-0.0825781
0,250,39.1047,52.0455,-0.225491,0.0651225
0,250,38.5318,52.0583,-0.147366,0.338258
0,250,50.7216,51.5463,-0.637437,0.389259
0,250,40.9124,52.0572,-0.629325,0.319902
0,250,17.4971,38.9553,-1.91842,0.0234497
0,250,21.9781,44.6016,-1.73347,-0.152389
0,250,3.28495,34.9485,-0.910151,-3.52408
0,250,19.9699,41.1562,-1.98051,0.218964
0,250,23.1782,43.9205,-1.57338,0.00963479
0,250,35.2724,43.3063,-0.645606,0.401765
0,250,45.3941,44.3195,-0.371319,0.109304
0,250,48.6509,45.2408,-0.259354,0.387559
0,250,47.1751,42.508,-0.201937,0.0913723
0,250,23.4404,44.43,-1.57604,0.0391979
0,250,21.2884,43.4841,-1.75714,-0.330083
0,250,3.22949,44.946,0.0262382,0.212428
0,250,20.5038,41.3757,-1.99783,-0.0648077
0,250,20.0044,42.4231,-1.92803,-0.00710349
0,250,29.7561,42.152,-0.641088,0.590167
0,250,39.8903,42.8184,-0.0501236,0.401015
0,250,48.0737,46.9542,-0.516646,0.0270735
0,250,8.40306,38.5993,-2.331,-1.80522
0,250,45.6606,46.8644,-0.610376,0.352058
0,250,12.0016,43.0494,-1.64073,-1.26786
0,250,22.9,44.3025,-1.39088,0.309029
0,250,49.4961,42.9997,-0.342946,0.246753
0,250,19.7025,43.1625,-1.83681,0.0695582
0,250,3.84876,37.5357,-0.664677,-2.48863
0,250,46.2843,44.6047,-0.312642,0.202608
0,250,8.34766,40.5491,-1.82863,-1.60926
0,250,48.5765,42.3037,-0.204905,0.100312
0,250,30.5706,42.7469,-0.730794,0.373591
0,250,12.5238,48.6573,-1.22053,-0.912873
0,250,52.0664,42.81,-0.281928,0.705888
0,250,9.07631,47.1542,-1.03114,-0.410191
0,250,5.02976,52.0325,0.408757,-0.0466693
0,250,48.203,45.6857,-0.127268,0.17313
0,250,3.48729,51.5711,-0.328342,-0.042626
0,250,3.68183,35.5498,-1.05833,-4.37038
0,250,47.7795,44.3995,-0.360269,0.340598
0,250,9.18423,38.2032,-2.76484,-1.97086
0,250,42.8552,51.5313,-0.362095,0.00141932
0,250,12.0812,41.2869,-2.11653,-1.72632
0,250,11.1639,50.5073,-0.234969,-0.739076
0,250,11.1966,46.1197,-1.39464,-1.0413
0,250,37.3378,51.9988,-0.145328,0.145856
0,250,4.25027,36.2254,-1.87566,-3.14087
0,250,50.4057,52.0044,-0.907572,0.20405
0,250,47.7066,52.0518,-0.299566,-0.213193
0,250,50.2108,51.5089,-0.668203,0.152743
0,250,51.6273,48.8205,-0.202175,0.384354
0,250,48.3329,52.0581,-0.602969,0.105411
1,250,52.5,52,0,0
1,250,53,52,0,0
1,250,1.5,53,0,0
1,250,2,53,0,0
1,250,1.5,1.5,0,0
1,250,1.5,2,0,0
1,250,52.5,1.5,0,0
1,250,53,1.5,0,0
1,250,2.5,52.5,0,0
1,250,2.5,53,0,0
1,250,1.5,2.5,0,0
1,250,2,2.5,0,0
1,250,2,1.5,0,0
1,250,2,2,0,0
1,250,52.5,2,0,0
1,250,53,2,0,0
1,250,3,52.5,0,0
1,250,3,53,0,0
1,250,1.5,3,0,0
1,250,2,3,0,0
1,250,2.5,1.5,0,0
1,250,2.5,2,0,0
1,250,52.5,2.5,0,0
1,250,53,2.5,0,0
1,250,3.5,52.5,0,0
1,250,3.5,53,0,0
1,250,1.5,3.5,0,0
1,250,2,3.5,0,0
1,250,3,1.5,0,0
1,250,3,2,0,0
1,250,52.5,3,0,0
1,250,53,3,0,0
1,250,4,52.5,0,0
1,250,4,53,0,0
1,250,1.5,4,0,0
1,250,2,4,0,0
1,250,3.5,1.5,0,0
1,250,3.5,2,0,0
1,250,52.5,3.5,0,0
1,250,53,3.5,0,0
1,250,4.5,52.5,0,0
1,250,4.5,53,0,0
1,250,1.5,4.5,0,0
1,250,2,4.5,0,0
1,250,4,1.5,0,0
1,250,4,2,0,0
1,250,52.5,4,0,0
1,250,53,4,0,0
1,250,5,52.5,0,0
1,250,5,53,0,0
1,250,1.5,5,0,0
1,250,2,5,0,0
1,250,4.5,1.5,0,0
1,250,4.5,2,0,0
1,250,52.5,4.5,0,0
1,250,53,4.5,0,0
1,250,5.5,52.5,0,0
1,250,5.5,53,0,0
1,250,1.5,5.5,0,0
1,250,2,5.5,0,0
1,250,5,1.5,0,0
1,250,5,2,0,0
1,250,52.5,5,0,0
1,250,53,5,0,0
1,250,6,52.5,0,0
1,250,6,53,0,0
1,250,1.5,6,0,0
1,250,2,6,0,0
1,250,5.5,1.5,0,0
1,250,5.5,2,0,0
1,250,52.5,5.5,0,0
1,250,53,5.5,0,0
1,250,6.5,52.5,0,0
1,250,6.5,53,0,0
1,250,1.5,6.5,0,0
1,250,2,6.5,0,0
1,250,6,1.5,0,0
1,250,6,2,0,0
1,250,52.5,6,0,0
1,250,53,6,0,0
1,250,7,52.5,0,0
1,250,7,53,0,0
1,250,1.5,7,0,0
1,250,2,7,0,0
1,250,6.5,1.5,0,0
1,250,6.5,2,0,0
1,250,52.5,6.5,0,0
1,250,53,6.5,0,0
1,250,7.5,52.5,0,0
1,250,7.5,53,0,0
1,250,1.5,7.5,0,0
1,250,2,7.5,0,0
1,250,7,1.5,0,0
1,250,7,2,0,0
1,250,52.5,7,0,0
1,250,53,7,0,0
1,250,8,52.5,0,0
1,250,8,53,0,0
1,250,1.5,8,0,0
1,250,2,8,0,0
1,250,7.5,1.5,0,0
1,250,7.5,2,0,0
1,250,52.5,7.5,0,0
1,250,53,7.5,0,0
1,250,8.5,52.5,0,0
1,250,8.5,53,0,0
1,250,1.5,8.5,0,0
1,250,2,8.5,0,0
1,250,8,1.5,0,0
1,250,8,2,0,0
1,250,52.5,8,0,0
1,250,53,8,0,0
1,250,9,52.5,0,0
1,250,9,53,0,0
1,250,1.5,9,0,0
1,250,2,9,0,0
1,250,8.5,1.5,0,0
1,250,8.5,2,0,0
1,250,52.5,8.5,0,0
1,250,53,8.5,0,0
1,250,9.5,52.5,0,0
1,250,9.5,53,0,0
1,250,1.5,9.5,0,0
1,250,2,9.5,0,0
1,250,9,1.5,0,0
1,250,9,2,0,0
1,250,52.5,9,0,0
1,250,53,9,0,0
1,250,10,52.5,0,0
1,250,10,53,0,0
1,250,1.5,10,0,0
1,250,2,10,0,0
1,250,9.5,1.5,0,0
1,250,9.5,2,0,0
1,250,52.5,9.5,0,0
1,250,53,9.5,0,0
1,250,10.5,52.5,0,0
1,250,10.5,53,0,0
1,250,1.5,10.5,0,0
1,250,2,10.5,0,0
1,250,10,1.5,0,0
1,250,10,2,0,0
1,250,52.5,10,0,0
1,250,53,10,0,0
1,250,11,52.5,0,0
1,250,11,53,0,0
1,250,1.5,11,0,0
1,250,2,11,0,0
1,250,10.5,1.5,0,0
1,250,10.5,2,0,0
1,250,52.5,10.5,0,0
1,250,53,10.5,0,0
1,250,11.5,52.5,0,0
1,250,11.5,53,0,0
1,250,1.5,11.5,0,0
1,250,2,11.5,0,0
1,250,11,1.5,0,0
1,250,11,2,0,0
1,250,52.5,11,0,0
1,250,53,11,0,0
1,250,12,52.5,0,0
1,250,12,53,0,0
1,250,1.5,12,0,0
1,250,2,12,0,0
1,250,11.5,1.5,0,0
1,250,11.5,2,0,0
1,250,52.5,11.5,0,0
1,250,53,11.5,0,0
1,250,12.5,52.5,0,0
1,250,12.5,53,0,0
1,250,1.5,12.5,0,0
1,250,2,12.5,0,0
1,250,12,1.5,0,0
1,250,12,2,0,0
1,250,52.5,12,0,0
1,250,53,12,0,0
1,250,13,52.5,0,0
1,250,13,53,0,0
1,250,1.5,13,0,0
1,250,2,13,0,0
1,250,12.5,1.5,0,0
1,250,12.5,2,0,0
1,250,52.5,12.5,0,0
1,250,53,12.5,0,0
1,250,13.5,52.5,0,0
1,250,13.5,53,0,0
1,250,1.5,13.5,0,0
1,250,2,13.5,0,0
1,250,13,1.5,0,0
1,250,13,2,0,0
1,250,52.5,13,0,0
1,250,53,13,0,0
1,250,14,52.5,0,0
1,250,14,53,0,0
1,250,1.5,14,0,0
1,250,2,14,0,0
1,250,13.5,1.5,0,0
1,250,13.5,2,0,0
1,250,52.5,13.5,0,0
1,250,53,13.5,0,0
1,250,14.5,52.5,0,0
1,250,14.5,53,0,0
1,250,1.5,14.5,0,0
1,250,2,14.5,0,0
1,250,14,1.5,0,0
1,250,14,2,0,0
1,250,52.5,14,0,0
1,250,53,14,0,0
1,250,15,52.5,0,0
1,250,15,53,0,0
1,250,1.5,15,0,0
1,250,2,15,0,0
1,250,14.5,1.5,0,0
1,250,14.5,2,0,0
1,250,52.5,14.5,0,0
1,250,53,14.5,0,0
1,250,15.5,52.5,0,0
1,250,15.5,53,0,0
1,250,1.5,15.5,0,0
1,250,2,15.5,0,0
1,250,15,1.5,0,0
1,250,15,2,0,0
1,250,52.5,15,0,0
1,250,53,15,0,0
1,250,16,52.5,0,0
1,250,16,53,0,0
1,250,1.5,16,0,0
1,250,2,16,0,0
1,250,15.5,1.5,0,0
1,250,15.5,2,0,0
1,250,52.5,15.5,0,0
1,250,53,15.5,0,0
1,250,16.5,52.5,0,0
1,250,16.5,53,0,0
1,250,1.5,16.5,0,0
1,250,2,16.5,0,0
1,250,16,1.5,0,0
1,250,16,2,0,0
1,250,52.5,16,0,0
1,250,53,16,0,0
1,250,17,52.5,0,0
1,250,17,53,0,0
1,250,1.5,17,0,0
1,250,2,17,0,0
1,250,16.5,1.5,0,0
1,250,16.5,2,0,0
1,250,52.5,16.5,0,0
1,250,53,16.5,0,0
1,250,17.5,52.5,0,0
1,250,17.5,53,0,0
1,250,1.5,17.5,0,0
1,250,2,17.5,0,0
1,250,17,1.5,0,0
1,250,17,2,0,0
1,250,52.5,17,0,0
1,250,53,17,0,0
1,250,18,52.5,0,0
1,250,18,53,0,0
1,250,1.5,18,0,0
1,250,2,18,0,0
1,250,17.5,1.5,0,0
1,250,17.5,2,0,0
1,250,52.5,17.5,0,0
1,250,53,17.5,0,0
1,250,18.5,52.5,0,0
1,250,18.5,53,0,0
1,250,1.5,18.5,0,0
1,250,2,18.5,0,0
1,250,18,1.5,0,0
1,250,18,2,0,0
1,250,52.5,18,0,0
1,250,53,18,0,0
1,250,19,52.5,0,0
1,250,19,53,0,0
1,250,1.5,19,0,0
1,250,2,19,0,0
1,250,18.5,1.5,0,0
1,250,18.5,2,0,0
1,250,52.5,18.5,0,0
1,250,53,18.5,0,0
1,250,19.5,52.5,0,0
1,250,19.5,53,0,0
1,250,1.5,19.5,0,0
1,250,2,19.5,0,0
1,250,19,1.5,0,0
1,250,19,2,0,0
1,250,52.5,19,0,0
1,250,53,19,0,0
1,250,20,52.5,0,0
1,250,20,53,0,0
1,250,1.5,20,0,0
1,250,2,20,0,0
1,250,19.5,1.5,0,0
1,250,19.5,2,0,0
1,250,52.5,19.5,0,0
1,250,53,19.5,0,0
1,250,20.5,52.5,0,0
1,250,20.5,53,0,0
1,250,1.5,20.5,0,0
1,250,2,20.5,0,0
1,250,20,1.5,0,0
1,250,20,2,0,0
1,250,52.5,20,0,0
1,250,53,20,0,0
1,250,21,52.5,0,0
1,250,21,53,0,0
1,250,1.5,21,0,0
1,250,2,21,0,0
1,250,20.5,1.5,0,0
1,250,20.5,2,0,0
1,250,52.5,20.5,0,0
1,250,53,20.5,0,0
1,250,21.5,52.5,0,0
1,250,21.5,53,0,0
1,250,1.5,21.5,0,0
1,250,2,21.5,0,0
1,250,21,1.5,0,0
1,250,21,2,0,0
1,250,52.5,21,0,0
1,250,53,21,0,0
1,250,22,52.5,0,0
1,250,22,53,0,0
1,250,1.5,22,0,0
1,250,2,22,0,0
1,250,21.5,1.5,0,0
1,250,21.5,2,0,0
1,250,52.5,21.5,0,0
1,250,53,21.5,0,0
1,250,22.5,52.5,0,0
1,250,22.5,53,0,0
1,250,1.5,22.5,0,0
1,250,2,22.5,0,0
1,250,22,1.5,0,0
1,250,22,2,0,0
1,250,52.5,22,0,0
1,250,53,22,0,0
1,250,23,52.5,0,0
1,250,23,53,0,0
1,250,1.5,23,0,0
1,250,2,23,0,0
1,250,22.5,1.5,0,0
1,250,22.5,2,0,0
1,250,52.5,22.5,0,0
1,250,53,22.5,0,0
1,250,23.5,52.5,0,0
1,250,23.5,53,0,0
1,250,1.5,23.5,0,0
1,250,2,23.5,0,0
1,250,23,1.5,0,0
1,250,23,2,0,0
1,250,52.5,23,0,0
1,250,53,23,0,0
1,250,24,52.5,0,0
1,250,24,53,0,0
1,250,1.5,24,0,0
1,250,2,24,0,0
1,250,23.5,1.5,0,0
1,250,23.5,2,0,0
1,250,52.5,23.5,0,0
1,250,53,23.5,0,0
1,250,24.5,52.5,0,0
1,250,24.5,53,0,0
1,250,1.5,24.5,0,0
1,250,2,24.5,0,0
1,250,24,1.5,0,0
1,250,24,2,0,0
1,250,52.5,24,0,0
1,250,53,24,0,0
1,250,25,52.5,0,0
1,250,25,53,0,0
1,250,1.5,25,0,0
1,250,2,25,0,0
1,250,24.5,1.5,0,0
1,250,24.5,2,0,0
1,250,52.5,24.5,0,0
1,250,53,24.5,0,0
1,250,25.5,52.5,0,0
1,250,25.5,53,0,0
1,250,1.5,25.5,0,0
1,250,2,25.5,0,0
1,250,25,1.5,0,0
1,250,25,2,0,0
1,250,52.5,25,0,0
1,250,53,25,0,0
1,250,26,52.5,0,0
1,250,26,53,0,0
1,250,1.5,26,0,0
1,250,2,26,0,0
1,250,25.5,1.5,0,0
1,250,25.5,2,0,0
1,250,52.5,25.5,0,0
1,250,53,25.5,0,0
1,250,26.5,52.5,0,0
1,250,26.5,53,0,0
1,250,1.5,26.5,0,0
1,250,2,26.5,0,0
1,250,26,1.5,0,0
1,250,26,2,0,0
1,250,52.5,26,0,0
1,250,53,26,0,0
1,250,27,52.5,0,0
1,250,27,53,0,0
1,250,1.5,27,0,0
1,250,2,27,0,0
1,250,26.5,1.5,0,0
1,250,26.5,2,0,0
1,250,52.5,26.5,0,0
1,250,53,26.5,0,0
1,250,27.5,52.5,0,0
1,250,27.5,53,0,0
1,250,1.5,27.5,0,0
1,250,2,27.5,0,0
1,250,27,1.5,0,0
1,250,27,2,0,0
1,250,52.5,27,0,0
1,250,53,27,0,0
1,250,28,52.5,0,0
1,250,28,53,0,0
1,250,1.5,28,0,0
1,250,2,28,0,0
1,250,27.5,1.5,0,0
1,250,27.5,2,0,0
1,250,52.5,27.5,0,0
1,250,53,27.5,0,0
1,250,28.5,52.5,0,0
1,250,28.5,53,0,0
1,250,1.5,28.5,0,0
1,250,2,28.5,0,0
1,250,28,1.5,0,0
1,250,28,2,0,0
1,250,52.5,28,0,0
1,250,53,28,0,0
1,250,29,52.5,0,0
1,250,29,53,0,0
1,250,1.5,29,0,0
1,250,2,29,0,0
1,250,28.5,1.5,0,0
1,250,28.5,2,0,0
1,250,52.5,28.5,0,0
1,250,53,28.5,0,0
1,250,29.5,52.5,0,0
1,250,29.5,53,0,0
1,250,1.5,29.5,0,0
1,250,2,29.5,0,0
1,250,29,1.5,0,0
1,250,29,2,0,0
1,250,52.5,29,0,0
1,250,53,29,0,0
1,250,30,52.5,0,0
1,250,30,53,0,0
1,250,1.5,30,0,0
1,250,2,30,0,0
1,250,29.5,1.5,0,0
1,250,29.5,2,0,0
1,250,52.5,29.5,0,0
1,250,53,29.5,0,0
1,250,30.5,52.5,0,0
1,250,30.5,53,0,0
1,250,1.5,30.5,0,0
1,250,2,30.5,0,0
1,250,30,1.5,0,0
1,250,30,2,0,0
1,250,52.5,30,0,0
1,250,53,30,0,0
1,250,31,52.5,0,0
1,250,31,53,0,0
1,250,1.5,31,0,0
1,250,2,31,0,0
1,250,30.5,1.5,0,0
1,250,30.5,2,0,0
1,250,52.5,30.5,0,0
1,250,53,30.5,0,0
1,250,31.5,52.5,0,0
1,250,31.5,53,0,0
1,250,1.5,31.5,0,0
1,250,2,31.5,0,0
1,250,31,1.5,0,0
1,250,31,2,0,0
1,250,52.5,31,0,0
1,250,53,31,0,0
1,250,32,52.5,0,0
1,250,32,53,0,0
1,250,1.5,32,0,0
1,250,2,32,0,0
1,250,31.5,1.5,0,0
1,250,31.5,2,0,0
1,250,52.5,31.5,0,0
1,250,53,31.5,0,0
1,250,32.5,52.5,0,0
1,250,32.5,53,0,0
1,250,1.5,32.5,0,0
1,250,2,32.5,0,0
1,250,32,1.5,0,0
1,250,32,2,0,0
1,250,52.5,32,0,0
1,250,53,32,0,0
1,250,33,52.5,0,0
1,250,33,53,0,0
1,250,1.5,33,0,0
1,250,2,33,0,0
1,250,32.5,1.5,0,0
1,250,32.5,2,0,0
1,250,52.5,32.5,0,0
1,250,53,32.5,0,0
1,250,33.5,52.5,0,0
1,250,33.5,53,0,0
1,250,1.5,33.5,0,0
1,250,2,33.5,0,0
1,250,33,1.5,0,0
1,250,33,2,0,0
1,250,52.5,33,0,0
1,250,53,33,0,0
1,250,34,52.5,0,0
1,250,34,53,0,0
1,250,1.5,34,0,0
1,250,2,34,0,0
1,250,33.5,1.5,0,0
1,250,33.5,2,0,0
1,250,52.5,33.5,0,0
1,250,53,33.5,0,0
1,250,34.5,52.5,0,0
1,250,34.5,53,0,0
1,250,1.5,34.5,0,0
1,250,2,34.5,0,0
1,250,34,1.5,0,0
1,250,34,2,0,0
1,250,52.5,34,0,0
1,250,53,34,0,0
1,250,35,52.5,0,0
1,250,35,53,0,0
1,250,1.5,35,0,0
1,250,2,35,0,0
1,250,34.5,1.5,0,0
1,250,34.5,2,0,0
1,250,52.5,34.5,0,0
1,250,53,34.5,0,0
1,250,35.5,52.5,0,0
1,250,35.5,53,0,0
1,250,1.5,35.5,0,0
1,250,2,35.5,0,0
1,250,35,1.5,0,0
1,250,35,2,0,0
1,250,52.5,35,0,0
1,250,53,35,0,0
1,250,36,52.5,0,0
1,250,36,53,0,0
1,250,1.5,36,0,0
1,250,2,36,0,0
1,250,35.5,1.5,0,0
1,250,35.5,2,0,0
1,250,52.5,35.5,0,0
1,250,53,35.5,0,0
1,250,36.5,52.5,0,0
1,250,36.5,53,0,0
1,250,1.5,36.5,0,0
1,250,2,36.5,0,0
1,250,36,1.5,0,0
1,250,36,2,0,0
1,250,52.5,36,0,0
1,250,53,36,0,0
1,250,37,52.5,0,0
1,250,37,53,0,0
1,250,1.5,37,0,0
1,250,2,37,0,0
1,250,36.5,1.5,0,0
1,250,36.5,2,0,0
1,250,52.5,36.5,0,0
1,250,53,36.5,0,0
1,250,37.5,52.5,0,0
1,250,37.5,53,0,0
1,250,1.5,37.5,0,0
1,250,2,37.5,0,0
1,250,37,1.5,0,0
1,250,37,2,0,0
1,250,52.5,37,0,0
1,250,53,37,0,0
1,250,38,52.5,0,0
1,250,38,53,0,0
1,250,1.5,38,0,0
1,250,2,38,0,0
1,250,37.5,1.5,0,0
1,250,37.5,2,0,0
1,250,52.5,37.5,0,0
1,250,53,37.5,0,0
1,250,38.5,52.5,0,0
1,250,38.5,53,0,0
1,250,1.5,38.5,0,0
1,250,2,38.5,0,0
1,250,38,1.5,0,0
1,250,38,2,0,0
1,250,52.5,38,0,0
1,250,53,38,0,0
1,250,39,52.5,0,0
1,250,39,53,0,0
1,250,1.5,39,0,0
1,250,2,39,0,0
1,250,38.5,1.5,0,0
1,250,38.5,2,0,0
1,250,52.5,38.5,0,0
1,250,53,38.5,0,0
1,250,39.5,52.5,0,0
1,250,39.5,53,0,0
1,250,1.5,39.5,0,0
1,250,2,39.5,0,0
1,250,39,1.5,0,0
1,250,39,2,0,0
1,250,52.5,39,0,0
1,250,53,39,0,0
1,250,40,52.5,0,0
1,250,40,53,0,0
1,250,1.5,40,0,0
1,250,2,40,0,0
1,250,39.5,1.5,0,0
1,250,39.5,2,0,0
1,250,52.5,39.5,0,0
1,250,53,39.5,0,0
1,250,40.5,52.5,0,0
1,250,40.5,53,0,0
1,250,1.5,40.5,0,0
1,250,2,40.5,0,0
1,250,40,1.5,0,0
1,250,40,2,0,0
1,250,52.5,40,0,0
1,250,53,40,0,0
1,250,41,52.5,0,0
1,250,41,53,0,0
1,250,1.5,41,0,0
1,250,2,41,0,0
1,250,40.5,1.5,0,0
1,250,40.5,2,0,0
1,250,52.5,40.5,0,0
1,250,53,40.5,0,0
1,250,41.5,52.5,0,0
1,250,41.5,53,0,0
1,250,1.5,41.5,0,0
1,250,2,41.5,0,0
1,250,41,1.5,0,0
1,250,41,2,0,0
1,250,52.5,41,0,0
1,250,53,41,0,0
1,250,42,52.5,0,0
1,250,42,53,0,0
1,250,1.5,42,0,0
1,250,2,42,0,0
1,250,41.5,1.5,0,0
1,250,41.5,2,0,0
1,250,52.5,41.5,0,0
1,250,53,41.5,0,0
1,250,42.5,52.5,0,0
1,250,42.5,53,0,0
1,250,1.5,42.5,0,0
1,250,2,42.5,0,0
1,250,42,1.5,0,0
1,250,42,2,0,0
1,250,52.5,42,0,0
1,250,53,42,0,0
1,250,43,52.5,0,0
1,250,43,53,0,0
1,250,1.5,43,0,0
1,250,2,43,0,0
1,250,42.5,1.5,0,0
1,250,42.5,2,0,0
1,250,52.5,42.5,0,0
1,250,53,42.5,0,0
1,250,43.5,52.5,0,0
1,250,43.5,53,0,0
1,250,1.5,43.5,0,0
1,250,2,43.5,0,0
1,250,43,1.5,0,0
1,250,43,2,0,0
1,250,52.5,43,0,0
1,250,53,43,0,0
1,250,44,52.5,0,0
1,250,44,53,0,0
1,250,1.5,44,0,0
1,250,2,44,0,0
1,250,43.5,1.5,0,0
1,250,43.5,2,0,0
1,250,52.5,43.5,0,0
1,250,53,43.5,0,0
1,250,44.5,52.5,0,0
1,250,44.5,53,0,0
1,250,1.5,44.5,0,0
1,250,2,44.5,0,0
1,250,44,1.5,0,0
1,250,44,2,0,0
1,250,52.5,44,0,0
1,250,53,44,0,0
1,250,45,52.5,0,0
1,250,45,53,0,0
1,250,1.5,45,0,0
1,250,2,45,0,0
1,250,44.5,1.5,0,0
1,250,44.5,2,0,0
1,250,52.5,44.5,0,0
1,250,53,44.5,0,0
1,250,45.5,52.5,0,0
1,250,45.5,53,0,0
1,250,1.5,45.5,0,0
1,250,2,45.5,0,0
1,250,45,1.5,0,0
1,250,45,2,0,0
1,250,52.5,45,0,0
1,250,53,45,0,0
1,250,46,52.5,0,0
1,250,46,53,0,0
1,250,1.5,46,0,0
1,250,2,46,0,0
1,250,45.5,1.5,0,0
1,250,45.5,2,0,0
1,250,52.5,45.5,0,0
1,250,53,45.5,0,0
1,250,46.5,52.5,0,0
1,250,46.5,53,0,0
1,250,1.5,46.5,0,0
1,250,2,46.5,0,0
1,250,46,1.5,0,0
1,250,46,2,0,0
1,250,52.5,46,0,0
1,250,53,46,0,0
1,250,47,52.5,0,0
1,250,47,53,0,0
1,250,1.5,47,0,0
1,250,2,47,0,0
1,250,46.5,1.5,0,0
1,250,46.5,2,0,0
1,250,52.5,46.5,0,0
1,250,53,46.5,0,0
1,250,47.5,52.5,0,0
1,250,47.5,53,0,0
1,250,1.5,47.5,0,0
1,250,2,47.5,0,0
1,250,47,1.5,0,0
1,250,47,2,0,0
1,250,52.5,47,0,0
1,250,53,47,0,0
1,250,48,52.5,0,0
1,250,48,53,0,0
1,250,1.5,48,0,0
1,250,2,48,0,0
1,250,47.5,1.5,0,0
1,250,47.5,2,0,0
1,250,52.5,47.5,0,0
1,250,53,47.5,0,0
1,250,48.5,52.5,0,0
1,250,48.5,53,0,0
1,250,1.5,48.5,0,0
1,250,2,48.5,0,0
1,250,48,1.5,0,0
1,250,48,2,0,0
1,250,52.5,48,0,0
1,250,53,48,0,0
1,250,49,52.5,0,0
1,250,49,53,0,0
1,250,1.5,49,0,0
1,250,2,49,0,0
1,250,48.5,1.5,0,0
1,250,48.5,2,0,0
1,250,52.5,48.5,0,0
1,250,53,48.5,0,0
1,250,49.5,52.5,0,0
1,250,49.5,53,0,0
1,250,1.5,49.5,0,0
1,250,2,49.5,0,0
1,250,49,1.5,0,0
1,250,49,2,0,0
1,250,52.5,49,0,0
1,250,53,49,0,0
1,250,50,52.5,0,0
1,250,50,53,0,0
1,250,1.5,50,0,0
1,250,2,50,0,0
1,250,49.5,1.5,0,0
1,250,49.5,2,0,0
1,250,52.5,49.5,0,0
1,250,53,49.5,0,0
1,250,50.5,52.5,0,0
1,250,50.5,53,0,0
1,250,1.5,50.5,0,0
1,250,2,50.5,0,0
1,250,50,1.5,0,0
1,250,50,2,0,0
1,250,52.5,50,0,0
1,250,53,50,0,0
1,250,51,52.5,0,0
1,250,51,53,0,0
1,250,1.5,51,0,0
1,250,2,51,0,0
1,250,50.5,1.5,0,0
1,250,50.5,2,0,0
1,250,52.5,50.5,0,0
1,250,53,50.5,0,0
1,250,51.5,52.5,0,0
1,250,51.5,53,0,0
1,250,1.5,51.5,0,0
1,250,2,51.5,0,0
1,250,51,1.5,0,0
1,250,51,2,0,0
1,250,52.5,51,0,0
1,250,53,51,0,0
1,250,52,52.5,0,0
1,250,52,53,0,0
1,250,1.5,52,0,0
1,250,2,52,0,0
1,250,51.5,1.5,0,0
1,250,51.5,2,0,0
1,250,52.5,51.5,0,0
1,250,53,51.5,0,0
1,250,52.5,52.5,0,0
1,250,52.5,53,0,0
1,250,1.5,52.5,0,0
1,250,2,52.5,0,0
1,250,52,1.5,0,0
1,250,52,2,0,0
