3312 2 0.5 5e+06 0.3 0 2 0 0.001 0 9.81 55 55
0,250,3.33767,41.1179,-0.377295,2.01917
0,250,5.4175,41.0135,2.03959,2.73363
0,250,4.88879,40.8152,2.93889,2.39536
0,250,4.08195,40.9617,0.218275,2.1471
0,250,3.00878,41.0393,0.54862,3.02658
0,250,3.77778,41.2907,1.37233,0.52487
0,250,2.62947,41.1759,-0.847774,1.10531
0,250,2.76004,41.5858,0.214942,1.59836
0,250,3.16325,42.0548,1.02531,0.132854
0,250,2.48859,41.981,-2.00252,0.673787
0,250,2.69892,42.3488,-0.299659,-0.910288
0,250,3.17925,42.7199,1.09783,0.872017
0,250,2.53536,42.7113,4.25568,1.41422
0,250,2.44298,43.2516,-2.04242,2.12037
0,250,2.85707,43.6758,1.09268,1.06274
0,250,2.49573,43.8672,2.25843,0.997693
0,250,2.59901,44.3885,-0.176282,0.991371
0,250,2.44294,44.8189,1.45855,1.58115
0,250,2.72596,45.2616,0.182367,1.69731
0,250,3.86308,45.2447,0.989309,1.31379
0,250,3.37628,45.2759,1.31152,1.06553
0,250,4.26954,45.5627,1.45158,0.996535
0,250,2.48014,45.5642,1.08056,1.42843
0,250,3.14225,45.6341,1.27407,0.992711
0,250,2.47667,46.0732,-0.110751,2.87369
0,250,2.48279,46.5497,0.485702,1.28584
0,250,2.9864,46.8765,0.475746,1.7567
0,250,2.46392,47.0255,-0.902831,1.30233
0,250,2.91654,47.3803,0.602176,0.732854
0,250,2.46059,47.5754,0.769932,0.439445
0,250,2.60337,48.0197,-0.456545,-0.299
0,250,2.50234,48.4311,0.0580526,-0.00779325
0,250,4.01831,48.3219,1.20888,1.39777
0,250,3.1041,48.3539,0.286987,-1.08559
0,250,3.63251,48.6245,0.904569,-0.652759
0,250,2.50403,48.9247,0.459579,-0.0551109
0,250,2.48064,49.3807,0.243083,-0.0910332
0,250,3.08817,49.1983,-0.254741,0.0606799
0,250,2.83674,49.6724,1.17774,-0.0224566
0,250,3.42945,49.5282,1.80228,-1.22819
0,250,2.42997,49.9806,0.776974,-0.568945
0,250,3.12881,49.9854,1.60996,-0.203606
0,250,2.56018,50.4388,-0.119808,-0.601675
0,250,3.03276,50.4439,-0.499164,0.207284
0,250,2.46495,50.8665,-0.867085,0.258845
0,250,2.45863,51.4414,-0.600761,0.643576
0,250,2.46891,51.9723,0.869339,0.111825
0,250,3.15701,51.5767,0.638844,-0.469178
0,250,2.88945,51.964,1.1009,-1.22747
0,250,3.41153,52.0498,0.60483,-0.101762
0,250,5.8236,41.1152,2.93033,2.16967
0,250,5.19955,41.4071,1.07824,2.76488
0,250,4.56966,41.1422,1.49883,1.41272
0,250,4.49938,41.638,1.3718,1.80487
0,250,3.2754,41.704,-0.113438,1.85833
0,250,4.02215,41.6343,0.846069,2.16852
0,250,3.71833,42.0365,1.20325,0.517983
0,250,3.52634,42.4917,0.449374,0.670575
0,250,3.99996,42.7334,2.25703,0.895989
0,250,3.5728,43.1199,0.765399,1.74379
0,250,2.90611,43.0726,-0.751651,0.998857
0,250,3.35218,43.4597,1.78188,0.581408
0,250,3.3933,43.934,1.00919,0.903092
0,250,3.01125,44.2014,1.32757,1.49868
0,250,3.65858,44.3556,2.38498,1.9631
0,250,2.98741,44.8359,0.486855,0.877272
0,250,3.38529,44.7287,0.123656,0.18481
0,250,4.48423,45.0987,1.07577,0.69293
0,250,4.78,45.5247,1.25201,0.942263
0,250,4.23689,46.0274,-0.466281,1.10624
0,250,3.74092,45.7736,0.68647,-0.00264201
0,250,2.98917,46.0182,0.491112,1.9802
0,250,4.043,46.4992,0.71238,1.6887
0,250,3.06041,46.4581,0.486457,1.58526
0,250,3.5728,46.6265,0.264477,0.905418
0,250,3.91613,47.0173,0.704542,1.45357
0,250,3.42183,47.1514,0.740163,1.20004
0,250,4.20305,47.4232,0.211034,0.359038
0,250,3.54149,47.5618,1.09589,0.414586
0,250,4.69307,47.6729,0.692597,1.06631
0,250,3.07766,47.8225,0.695783,0.140178
0,250,3.52965,48.0976,1.30144,0.121264
0,250,4.49134,48.0489,0.742079,0.848947
0,250,4.42119,48.5626,1.54067,0.795819
0,250,4.18071,48.9634,0.154468,0.472245
0,250,5.10349,49.1507,1.4001,0.783629
0,250,3.00331,48.766,0.757488,-1.10466
0,250,3.62483,49.0197,-0.155189,0.0940897
0,250,4.47571,49.3321,1.34744,0.214845
0,250,3.96471,49.4277,2.09089,0.33627
0,250,3.72738,49.9021,0.184524,0.486676
0,250,4.1445,50.247,-0.197719,0.399723
0,250,3.57019,50.3551,-0.686582,0.962386
0,250,4.29646,50.7344,0.757982,-0.142729
0,250,3.76691,50.7311,0.330841,-0.191497
0,250,3.17264,50.8489,-0.566826,0.583899
0,250,2.84382,51.2097,-1.12132,0.308771
0,250,3.71446,51.6252,0.80932,0.0327291
0,250,3.98136,52.0412,1.15165,-0.206397
0,250,4.56653,52.0481,0.261491,-0.178933
0,250,6.30998,41.0812,2.89801,2.9655
0,250,6.15239,41.5807,2.53053,2.2877
0,250,5.65962,41.638,0.781228,1.2834
0,250,5.11384,41.8303,1.09014,1.18909
0,250,5.38542,42.1679,1.27016,1.44676
0,250,4.55426,42.0921,0.596011,2.86326
0,250,4.89669,42.439,1.36337,3.2868
0,250,4.17905,42.3634,1.83737,0.600932
0,250,4.55291,42.7962,1.06944,1.52723
0,250,4.68177,43.1733,1.85387,1.13211
0,250,4.06738,43.237,0.326865,2.06628
0,250,3.89234,43.7269,0.162284,1.20675
0,250,4.60669,44.0547,1.70053,1.43919
0,250,4.09245,44.1812,1.12721,0.457697
0,250,4.91153,44.4226,0.839291,0.931598
0,250,4.36774,44.5837,1.74319,1.71425
0,250,3.93241,44.8245,0.825812,0.34254
0,250,4.88454,44.8772,1.19579,0.316303
0,250,5.23631,45.269,1.41895,1.45374
0,250,5.28304,45.7499,0.989896,1.39202
0,250,4.75884,46.015,0.363752,0.43585
0,250,3.5905,46.1335,0.835403,1.62536
0,250,6.06431,46.3204,2.16109,1.1202
0,250,4.51498,46.517,0.644063,0.473373
0,250,4.44038,47.0159,1.3584,0.443128
0,250,4.96912,46.7952,0.813681,0.747003
0,250,4.91541,47.2564,0.657727,0.282818
0,250,5.34715,47.4957,0.499238,0.509884
0,250,6.21044,47.5958,1.47565,0.936123
0,250,5.65553,47.809,0.642625,0.597434
0,250,3.98319,47.8005,1.20485,1.21884
0,250,5.12643,47.9763,0.963954,1.08871
0,250,4.98102,48.3791,0.554963,0.759587
0,250,4.83223,48.835,0.889424,1.1916
0,250,5.66021,49.1274,1.4458,0.499147
0,250,6.09209,49.4397,1.47511,0.283524
0,250,5.43882,49.5563,1.15993,-0.0399995
0,250,5.86965,49.8608,1.01597,0.28796
0,250,4.85658,49.6019,0.998678,0.130423
0,250,4.29152,49.8389,0.852494,0.526133
0,250,5.34652,50.0099,1.09398,-0.143476
0,250,4.67408,50.4635,0.686833,-0.328732
0,250,5.25529,50.4853,0.713536,-0.504102
0,250,4.9633,50.8761,0.944264,-0.217558
0,250,4.05784,51.1743,-0.102072,0.104133
0,250,3.50811,51.1886,0.180573,0.651232
0,250,4.58451,51.1858,0.259285,-0.165684
0,250,4.26912,51.629,1.05742,-0.298219
0,250,4.82182,51.6094,0.536171,-0.214183
0,250,5.11707,52.0477,0.625354,0.018363
0,250,6.7468,41.2234,2.13547,2.94853
0,250,6.87683,41.6774,2.34905,1.66644
0,250,6.33015,41.994,1.28501,2.6825
0,250,5.85317,42.1395,2.50722,2.69772
0,250,6.3662,42.4662,1.96466,1.95381
0,250,5.79641,42.6859,2.07553,2.40344
0,250,5.38086,42.7363,0.867112,1.69188
0,250,5.17222,43.0955,0.838232,2.06058
0,250,4.93686,43.6374,1.50052,1.6426
0,250,5.52683,43.4357,0.352122,1.10374
0,250,4.33865,43.6113,0.962792,1.44347
0,250,5.71701,43.9077,1.86392,1.40695
0,250,5.20814,43.9665,0.998346,0.81166
0,250,5.45129,44.4318,1.11855,1.01863
0,250,5.94107,44.6472,1.07696,0.619759
0,250,5.46776,44.8757,1.74399,0.711106
0,250,6.42793,44.9836,1.28039,1.46413
0,250,5.98479,45.1872,1.34593,1.56206
0,250,5.76278,45.549,1.33643,0.166214
0,250,6.16131,45.8499,1.77259,0.953216
0,250,5.59998,46.1031,1.75407,0.774954
0,250,6.61473,46.5097,1.2098,1.07184
0,250,6.10209,46.7749,1.06547,1.06267
0,250,5.07974,46.3184,0.664428,-0.0724568
0,250,5.54312,46.5881,0.711316,-0.0886462
0,250,5.49636,47.0213,0.957231,0.523073
0,250,6.78858,47.4829,1.304,0.89251
0,250,7.86021,47.6663,0.940993,0.411226
0,250,7.40106,47.8161,1.14695,0.0104018
0,250,7.90257,48.1655,2.07827,0.735228
0,250,6.60663,47.9373,1.5274,0.959513
0,250,6.08648,48.0876,0.922064,0.0589522
0,250,5.59273,48.3324,0.619932,0.732536
0,250,5.46523,48.6895,0.955325,0.337811
0,250,6.11904,48.9279,1.15147,0.579069
0,250,6.93682,48.8733,1.2674,0.475135
0,250,6.59609,49.1513,0.485589,0.0357327
0,250,6.55094,49.6399,1.60796,0.465049
0,250,4.82549,50.0419,0.624326,0.250519
0,250,6.28759,50.0897,0.671672,0.202766
0,250,5.7844,50.3814,0.943458,0.43828
0,250,6.13155,50.692,1.15712,0.102023
0,250,5.5977,50.8544,1.09758,-0.450209
0,250,6.50332,51.5845,1.11637,-0.236354
0,250,5.75143,51.3145,0.55819,-0.205328
0,250,5.22087,51.265,0.61871,-0.252118
0,250,6.0899,51.7885,0.655515,-0.13956
0,250,5.42534,51.7143,0.747228,-0.558423
0,250,5.77738,52.0633,0.807257,-0.362707
0,250,6.54567,52.1172,1.18455,-0.532551
0,250,7.11627,41.243,2.47832,3.02789
0,250,7.56483,41.2595,2.56509,2.05439
0,250,7.35481,41.8321,1.6153,1.26321
0,250,6.82761,42.2317,1.41346,1.80309
0,250,7.25528,42.2768,2.47555,2.38729
0,250,6.77319,42.7854,2.81898,2.14636
0,250,6.19677,42.9431,1.27863,1.5761
0,250,6.6314,43.2299,1.35993,2.01953
0,250,5.92876,43.3328,0.705977,2.0355
0,250,6.67037,43.6546,1.46136,1.7501
0,250,6.18254,43.755,1.45812,1.61876
0,250,6.66851,44.1442,1.52239,2.05288
0,250,6.10647,44.2666,1.37621,2.21632
0,250,7.15803,44.4118,1.94633,2.20773
0,250,6.59301,44.5919,1.18985,1.23094
0,250,7.15518,44.8606,0.65369,1.40519
0,250,6.91745,45.2265,1.45878,0.763157
0,250,7.38361,45.4999,1.49716,1.0307
0,250,6.45267,45.5175,1.99184,1.47112
0,250,6.95435,45.7468,1.58383,1.4883
0,250,7.36684,46.0785,2.59618,1.67631
0,250,6.67143,46.1132,2.01281,0.948207
0,250,7.20999,46.4389,1.91849,0.849866
0,250,6.91739,46.8986,1.35975,1.09972
0,250,6.46873,47.1024,0.822545,0.271918
0,250,7.23191,47.3882,1.91817,0.773398
0,250,5.92443,47.2509,0.486342,0.576003
0,250,7.81999,47.1991,1.64642,0.374919
0,250,8.32987,47.4666,0.926198,0.129865
0,250,8.40076,47.9592,1.42187,0.209375
0,250,8.28991,48.4734,1.88285,0.707374
0,250,6.99005,48.1413,1.21117,0.354741
0,250,7.43739,48.3335,1.28726,0.215906
0,250,6.18473,48.5143,0.652729,-0.346585
0,250,6.67704,48.5176,0.943037,0.969756
0,250,7.43827,48.7791,1.10512,0.0134192
0,250,7.40232,49.256,1.5097,0.0310299
0,250,7.0652,49.5163,0.913065,-0.0769815
0,250,7.39706,50.0199,0.745841,0.372348
0,250,6.90786,49.997,1.36955,0.241247
0,250,7.08175,50.4872,0.481482,0.233133
0,250,6.5861,50.4381,0.600197,0.203657
0,250,6.63132,50.9373,0.874343,0.475109
0,250,6.1816,51.1903,0.551445,0.397437
0,250,7.87873,50.8335,1.09348,-0.0278753
0,250,7.46877,51.2863,0.738891,-0.311209
0,250,6.97313,51.7142,1.49532,0.217016
0,250,7.59012,51.6897,1.54548,-0.695972
0,250,7.20324,52.0695,1.64382,0.0914352
0,250,7.83564,52.0752,1.26034,-0.39731
0,250,7.98676,41.3628,1.49539,2.20915
0,250,8.21045,41.8327,2.34772,2.57864
0,250,7.8113,41.9371,1.80102,2.56147
0,250,8.05874,42.4075,2.33668,3.01171
0,250,7.61666,42.609,1.84323,2.31398
0,250,7.21127,42.9543,2.6733,1.20695
0,250,7.58476,43.2086,2.08096,1.72236
0,250,7.22886,43.4918,1.14916,1.63316
0,250,7.81404,43.7639,1.91984,1.73182
0,250,7.18748,43.9283,1.5654,0.937439
0,250,7.68002,44.1549,1.20456,2.49116
0,250,8.1978,44.4194,2.68284,1.43381
0,250,8.72437,44.7482,2.57663,1.70258
0,250,7.69024,44.6589,2.14008,1.41062
0,250,8.16441,44.884,1.61599,1.27495
0,250,7.65269,45.132,1.6165,1.29196
0,250,8.20576,45.3867,1.52857,1.06673
0,250,8.4824,45.7729,1.42982,0.965926
0,250,7.86437,45.6997,1.51678,0.49867
0,250,8.36118,46.305,2.17688,1.61103
0,250,7.90584,46.1322,2.46948,0.479249
0,250,8.71687,46.6069,2.9,0.929967
0,250,7.81562,46.6065,1.85344,0.535542
0,250,7.42381,46.9152,1.77671,-0.0727233
0,250,8.20471,46.8624,1.98181,0.537046
0,250,8.62912,47.1178,1.73401,0.426478
0,250,9.61144,47.1655,2.42868,1.28211
0,250,9.08393,47.3819,1.15913,0.480169
0,250,9.58151,47.6578,1.38153,0.198544
0,250,8.85226,47.7614,0.555787,-0.00842392
0,250,8.85826,48.2731,2.20025,0.00748586
0,250,8.68439,48.7405,2.55083,-0.180259
0,250,9.17438,48.9961,2.26076,0.371919
0,250,7.93395,48.7821,1.46775,0.261893
0,250,8.49816,49.1615,1.29174,-0.128661
0,250,7.9833,49.2206,1.01865,-0.120574
0,250,8.38415,49.5944,0.76292,-0.305767
0,250,7.71916,49.6528,0.768626,0.585707
0,250,8.04023,49.9836,1.32102,0.587333
0,250,7.69037,50.3915,0.713366,0.274563
0,250,7.33598,50.8282,0.900196,0.0545834
0,250,8.42322,50.8416,1.69236,-0.372138
0,250,6.94234,51.2226,0.801487,0.275961
0,250,8.94487,50.8961,1.62008,0.277967
0,250,8.60195,51.31,1.30375,-0.093891
0,250,9.23674,51.2886,1.14555,0.510599
0,250,8.03463,51.2685,1.68564,-0.895344
0,250,8.82152,51.6888,0.55323,0.363699
0,250,8.19398,51.6887,1.01101,-0.373041
0,250,8.46517,52.0778,1.16292,0.727982
0,250,8.35929,41.3034,1.95622,2.90056
0,250,8.71931,41.2192,1.21164,3.27644
0,250,8.80407,41.8872,2.11057,3.37752
0,250,8.65117,42.2549,1.88849,1.86498
0,250,8.4278,42.6849,2.87932,1.65801
0,250,8.04895,42.9674,2.6122,1.92824
0,250,8.65615,43.1911,2.37923,1.48915
0,250,8.18007,43.4437,2.38573,2.78164
0,250,8.77111,43.5926,2.58666,1.65747
0,250,8.33444,43.9094,1.85216,1.67428
0,250,9.07243,43.9333,3.01757,1.23833
0,250,8.67409,44.2657,2.92018,1.43433
0,250,9.59937,44.2059,1.86377,1.77237
0,250,9.2288,44.4649,2.39055,2.09267
0,250,9.27555,44.9234,2.42427,1.81925
0,250,8.68399,45.1782,2.21064,1.30634
0,250,8.97503,45.5539,1.78415,1.3342
0,250,9.3759,45.9024,1.5059,1.21725
0,250,8.86175,46.0796,1.43062,1.50056
0,250,9.83653,46.127,2.00876,0.576172
0,250,9.26222,46.4126,2.08313,0.736281
0,250,9.69072,46.6267,2.19984,0.762435
0,250,10.675,46.8681,1.75937,0.475071
0,250,9.16511,46.8951,2.07172,1.47185
0,250,11.238,47.1016,2.21888,0.813317
0,250,10.1143,47.0613,2.20336,0.676909
0,250,10.6396,47.2862,2.14461,0.810468
0,250,10.0748,47.5298,2.2308,1.39029
0,250,10.1691,48.0087,2.49503,1.11646
0,250,9.35103,48.0144,1.06968,0.0258655
0,250,9.79314,48.2719,1.42853,0.555808
0,250,9.27366,48.5501,2.34509,0.512596
0,250,9.77325,48.7473,2.12908,0.0413408
0,250,9.712,49.2,2.03497,0.474801
0,250,10.3581,49.4927,2.5299,0.416677
0,250,8.98661,49.3806,1.14549,-0.0569652
0,250,9.58366,49.577,2.00051,0.358578
0,250,9.07293,49.8182,2.05242,0.325393
0,250,9.48804,50.08,1.97351,0.764295
0,250,8.6359,50.0077,1.8807,-0.670138
0,250,8.26521,50.4063,1.64304,-0.345383
0,250,9.33753,50.4971,1.96105,0.873721
0,250,8.84644,50.4188,1.80078,-0.231379
0,250,10.0395,50.6984,2.17938,0.434343
0,250,9.56468,50.9082,1.8051,0.517294
0,250,9.88248,51.2524,1.84319,0.657029
0,250,9.4391,51.6713,1.65608,-0.175669
0,250,10.4836,51.4728,2.25411,0.678178
0,250,9.10304,52.0637,1.57877,-0.280169
0,250,9.72588,52.067,1.97481,-0.212746
0,250,9.26864,41.1708,2.18281,3.40398
0,250,9.25758,41.6555,2.26278,2.28165
0,250,9.37268,42.0302,2.58363,2.31737
0,250,9.15428,42.4801,1.82506,2.06613
0,250,9.0152,42.8829,2.05081,1.95264
0,250,9.61556,42.8648,2.67546,2.23575
0,250,9.35923,43.2469,2.4162,1.48566
0,250,9.90071,43.4482,2.69411,1.54275
0,250,9.49139,43.7,2.65338,1.4322
0,250,10.415,43.7108,2.46964,1.39079
0,250,10.0738,43.9964,3.10837,1.81183
0,250,10.6716,44.2297,2.45432,1.48946
0,250,10.1996,44.4475,1.77669,1.3145
0,250,9.80001,44.7272,2.05104,1.92565
0,250,9.95133,45.1239,2.67453,2.02181
0,250,9.41455,45.3231,2.22498,1.57454
0,250,9.84402,45.6387,2.30096,1.71931
0,250,10.3199,45.732,2.19015,1.19311
0,250,11.0051,45.962,2.3548,0.432766
0,250,10.4178,46.1548,1.91263,0.433475
0,250,10.1869,46.5731,1.49195,0.666648
0,250,11.9882,46.3198,2.57501,1.25634
0,250,11.3326,46.6732,2.14853,0.911439
0,250,11.8306,46.7697,2.05798,1.18677
0,250,11.1483,47.5424,2.3612,1.01123
0,250,11.6856,47.7525,3.3873,0.554567
0,250,10.6081,47.763,2.68965,1.1903
0,250,11.1684,48.0009,3.20185,0.338288
0,250,10.706,48.2534,2.56894,0.485564
0,250,11.1547,48.5002,2.76297,0.398305
0,250,10.3167,48.5402,2.28411,0.560813
0,250,10.7057,48.8666,2.55648,0.685328
0,250,10.2342,49.0428,2.16257,0.209842
0,250,10.8598,49.3514,2.87323,0.758277
0,250,10.7996,49.8185,2.65674,0.443862
0,250,11.3747,49.8208,3.23746,0.418961
0,250,10.0591,49.7996,2.41723,-0.2378
0,250,11.8333,50.1061,2.26237,0.890158
0,250,10.4717,50.1788,2.50484,0.828815
0,250,11.1352,50.2004,2.15756,0.18358
0,250,9.95306,50.2759,2.37725,0.301415
0,250,11.7049,50.5065,2.16591,0.561224
0,250,10.6946,50.5359,1.98492,0.885855
0,250,11.2314,50.6672,2.46499,0.192095
0,250,10.3904,50.9884,1.57465,1.08271
0,250,11.5459,51.0432,1.47766,0.551089
0,250,10.8751,51.0473,1.97653,0.0172314
0,250,11.154,51.4029,1.51086,0.463754
0,250,10.0316,51.6812,2.26734,0.581753
0,250,10.3494,52.0897,2.40404,0.675821
0,250,9.7274,41.3149,2.8787,2.96351
0,250,10.0477,41.4109,2.62936,2.30237
0,250,9.96057,41.8835,2.9453,2.51824
0,250,10.3831,42.0213,2.22996,1.91439
0,250,10.641,42.4076,2.83381,1.75937
0,250,9.75237,42.4034,2.5693,2.35138
0,250,10.208,42.6084,2.78596,1.49987
0,250,10.1247,43.0775,3.03697,1.64724
0,250,10.7774,43.5104,2.49357,1.86179
0,250,11.052,44.0434,2.54273,1.76413
0,250,11.4189,44.5507,3.31289,2.0575
0,250,11.9312,44.7174,2.81999,1.44766
0,250,10.9517,44.6503,2.72841,1.10984
0,250,10.4785,44.8582,2.70864,0.962186
0,250,11.0837,45.1069,2.53838,1.18296
0,250,10.4723,45.2849,1.89443,0.677704
0,250,11.488,45.4992,2.51481,1.45682
0,250,10.9309,45.5554,2.32346,1.38087
0,250,11.7588,45.8577,2.71825,1.90291
0,250,11.4118,46.2128,1.73964,1.33383
0,250,10.839,46.428,1.85043,1.22442
0,250,13.1363,46.5516,3.20099,0.998461
0,250,12.4559,46.4554,2.17858,0.40404
0,250,12.2435,47.0065,3.20102,1.14633
0,250,11.7368,47.2768,2.96745,1.13762
0,250,12.1896,47.5329,3.44177,0.736089
0,250,12.1661,48.0304,3.49615,0.965731
0,250,12.816,48.2816,3.98733,1.10033
0,250,11.6586,48.2471,3.18568,0.3909
0,250,12.267,48.4702,3.5424,0.826275
0,250,11.7715,48.6856,2.73068,0.0111981
0,250,12.3644,48.9162,2.77942,0.385246
0,250,11.2389,48.9361,2.34584,0.411754
0,250,11.8756,49.1186,2.51239,0.229287
0,250,11.394,49.372,2.51689,0.135178
0,250,12.3839,49.419,2.52986,0.409619
0,250,11.9134,49.6144,2.63491,0.489363
0,250,12.3529,49.9312,1.96457,0.162961
0,250,12.3389,50.3878,2.63175,0.546816
0,250,13.4139,49.994,1.80521,0.467711
0,250,12.8683,50.1315,1.79446,-0.144071
0,250,13.3396,50.4744,1.76604,0.310279
0,250,12.8637,50.6219,3.13669,0.184046
0,250,13.3095,50.985,3.25351,0.153367
0,250,12.1364,50.7951,2.42313,0.0359522
0,250,12.6276,50.9913,2.766,0.180819
0,250,11.9698,51.2263,2.4806,-0.374762
0,250,12.0758,51.685,2.4044,0.127076
0,250,10.7844,51.8124,2.17937,0.757154
0,250,11.1362,52.0568,3.17424,-0.769574
0,250,10.5649,41.5293,2.68013,2.24403
0,250,10.8648,41.544,2.84297,1.69861
0,250,11.0645,42.0734,2.21957,2.56071
0,250,11.3651,42.4285,2.94332,1.80697
0,250,11.0061,42.7649,2.90144,2.04702
0,250,10.6142,43.0264,2.64892,1.60145
0,250,11.1862,43.2781,2.55288,1.87067
0,250,11.4036,43.7654,2.76708,1.89601
0,250,12.0264,43.8223,2.87095,1.7817
0,250,11.6918,44.1785,2.40522,1.42717
0,250,12.2505,44.3602,2.53594,1.57005
0,250,12.5994,44.7191,3.33243,1.39823
0,250,11.6089,45.0626,2.58478,1.77995
0,250,12.2762,45.125,3.0913,1.42356
0,250,12.1088,45.4893,2.54885,1.4301
0,250,13.4114,45.3845,3.43027,0.83081
0,250,12.7536,45.6469,2.8826,1.1102
0,250,13.2949,45.8139,3.45828,0.84808
0,250,12.3517,45.942,3.20909,1.13896
0,250,13.5268,46.2699,3.75858,0.927537
0,250,12.8926,46.1319,3.4545,0.893226
0,250,13.5443,46.8641,3.70654,0.248648
0,250,12.7227,46.8386,2.57637,0.428762
0,250,13.1637,47.1691,3.39202,0.39632
0,250,12.689,47.3613,3.50187,0.978242
0,250,13.1617,47.6814,3.26494,1.02142
0,250,12.6692,47.8628,3.31057,0.806542
0,250,13.371,48.0932,3.67803,0.639928
0,250,13.4051,48.5218,3.63828,0.90276
0,250,13.9919,48.3336,3.5197,0.94971
0,250,12.8732,48.7092,3.6861,0.677152
0,250,13.3662,49.0018,3.70711,1.06687
0,250,12.8594,49.2023,2.61311,0.433663
0,250,14.3898,49.0399,3.78766,1.05399
0,250,13.3769,49.4948,3.42475,0.656596
0,250,13.8494,49.2309,3.59499,1.41514
0,250,12.88,49.682,2.70329,-0.0484938
0,250,14.8549,49.7359,3.66101,1.00747
0,250,13.8584,49.7545,2.91436,1.07154
0,250,14.3273,49.9885,3.61254,0.888295
0,250,13.8715,50.2981,2.60759,-0.354679
0,250,14.3974,50.4525,3.11716,0.372674
0,250,13.8105,50.7554,2.86193,-0.754698
0,250,14.3059,50.9318,2.58014,0.140668
0,250,13.068,51.3446,2.19964,0.0797171
0,250,13.8193,51.2382,2.66151,-0.273073
0,250,12.5269,51.4236,2.19586,-0.156168
0,250,12.7863,51.847,3.22979,0.187227
0,250,11.526,51.6404,3.02108,-0.536393
0,250,11.7278,52.0748,2.21833,0.387479
0,250,11.3555,41.5432,2.48088,2.07738
0,250,12.0134,41.6389,2.79876,2.35831
0,250,11.5589,41.9423,2.39397,1.93561
0,250,12.0827,42.2128,2.75143,2.18658
0,250,11.8998,42.5888,3.00667,1.99825
0,250,11.5788,42.9411,2.9801,1.65213
0,250,12.1601,43.0921,2.50368,1.8553
0,250,11.7678,43.4035,2.16366,1.83831
0,250,12.444,43.5075,2.29878,1.82131
0,250,12.5497,44.0132,3.28603,1.36682
0,250,12.9828,44.4287,3.17838,1.47941
0,250,13.5335,44.4691,3.51609,1.53727
0,250,13.1696,44.911,3.59904,1.48853
0,250,13.6783,44.9879,3.70891,1.5368
0,250,12.8017,45.2216,2.6999,0.88925
0,250,14.0995,45.3424,3.2981,1.17279
0,250,13.8317,45.7511,3.31467,1.12724
0,250,14.712,46.073,4.06748,1.35785
0,250,14.0275,46.1716,4.11029,1.30777
0,250,14.479,46.4791,4.11907,0.979913
0,250,13.9887,46.6606,3.97495,1.35853
0,250,14.5064,46.9698,3.53689,1.00412
0,250,14.0523,47.1785,3.48866,1.04229
0,250,14.683,47.4179,4.11579,0.965314
0,250,13.6327,47.4105,3.02513,0.557744
0,250,14.2515,47.6505,3.3126,0.679051
0,250,13.8219,47.8678,3.61302,0.754789
0,250,14.8362,47.884,3.51644,0.406464
0,250,14.4274,48.1585,3.31306,0.617648
0,250,14.5598,48.6467,3.68365,0.904021
0,250,13.9046,48.7595,3.38227,1.31818
0,250,15.524,48.7781,3.67343,1.19008
0,250,15.0467,48.8443,3.49263,0.419889
0,250,15.9924,48.9682,4.7887,0.470389
0,250,14.8996,49.2964,3.40764,0.9626
0,250,15.429,49.2916,3.35305,0.387555
0,250,14.3401,49.5042,3.34021,1.2206
0,250,15.9218,49.4336,4.4522,0.117744
0,250,15.4246,49.7514,3.8619,-0.183718
0,250,15.9565,49.9366,3.2963,0.512868
0,250,14.9066,50.174,4.11612,0.595843
0,250,15.4251,50.2022,3.32212,-0.0146415
0,250,14.8659,50.6374,2.66239,0.459454
0,250,15.5581,50.5963,2.78712,0.246731
0,250,15.1605,50.9595,3.47513,0.701445
0,250,15.656,51.0845,2.70684,0.221062
0,250,14.6342,51.1903,3.24461,-0.236493
0,250,15.1103,51.4475,2.58082,0.722975
0,250,12.3612,52.0696,2.29037,-0.869522
0,250,13.1738,52.0125,3.07877,0.0228701
0,250,12.8118,41.5701,2.92208,2.52346
0,250,12.2572,41.6452,2.03174,2.56635
0,250,12.8095,41.9864,2.80513,2.54804
0,250,12.5394,42.3629,3.10962,2.10285
0,250,12.5174,42.8249,3.22231,1.97428
0,250,13.0134,42.9172,2.99387,2.20618
0,250,12.8614,43.3754,2.98551,1.93658
0,250,13.3239,43.5807,2.944,1.51531
0,250,13.0395,43.9775,2.85601,1.7867
0,250,13.6046,43.9986,3.50169,1.75129
0,250,13.996,44.4254,3.49177,1.76695
0,250,14.503,44.4566,3.56479,1.59761
0,250,14.1969,44.9009,3.7892,1.7401
0,250,14.7735,44.9109,4.24068,1.47936
0,250,14.6916,45.3252,3.57829,1.49017
0,250,14.4163,45.744,3.45224,1.46365
0,250,15.3564,45.9056,4.59525,1.06631
0,250,15.7175,46.2612,4.49684,1.72735
0,250,15.1026,46.3612,3.98238,1.29739
0,250,15.5282,46.6924,3.29518,1.29788
0,250,14.9848,46.816,3.51991,1.42224
0,250,15.7184,47.0871,4.0646,1.22431
0,250,15.1955,47.2423,4.20327,1.16991
0,250,15.8804,47.4841,4.37429,1.38468
0,250,15.2935,47.6674,4.65833,1.07185
0,250,15.7159,47.9344,4.43551,1.3887
0,250,15.4748,48.2796,3.35749,0.995943
0,250,16.8136,48.1942,4.66796,0.864177
0,250,14.9963,48.3284,3.06973,0.264176
0,250,17.5845,48.178,4.57793,0.437851
0,250,16.0181,48.4948,3.10884,0.718302
0,250,17.1039,48.516,5.60704,0.654566
0,250,16.5874,48.6781,5.10104,0.207888
0,250,17.6191,48.6687,4.84815,0.904655
0,250,16.504,49.085,4.53336,-0.251807
0,250,17.1795,48.9847,4.47758,0.669731
0,250,16.9086,49.3605,3.92198,0.806042
0,250,17.5127,49.3332,3.99128,0.372924
0,250,16.3849,49.6045,3.57891,-0.063388
0,250,17.1334,49.8069,3.76002,0.874833
0,250,16.6695,49.936,3.47139,0.0207148
0,250,17.5382,50.3018,3.61764,-0.277439
0,250,16.0867,50.3232,3.5545,0.557668
0,250,16.5634,50.405,3.1563,0.353881
0,250,16.0716,50.8094,2.69861,0.393899
0,250,16.3157,51.2119,3.09066,0.873043
0,250,15.675,51.536,2.35637,0.559206
0,250,14.087,51.5674,2.73692,0.0196736
0,250,13.4788,51.6063,2.75201,-0.20741
0,250,13.7162,52.0439,3.29545,-0.582258
0,250,13.2924,41.6565,3.2765,2.01571
0,250,13.6226,41.6853,2.71602,1.48588
0,250,13.4604,42.1763,3.07379,1.94605
0,250,13.1096,42.4662,2.8767,2.10046
0,250,13.6028,42.7187,2.97085,1.60709
0,250,13.5139,43.1595,3.22524,1.39001
0,250,14.3041,43.0371,3.44204,1.95263
0,250,13.9525,43.3764,3.33613,1.86242
0,250,14.048,43.8141,3.40684,1.67059
0,250,14.475,43.9939,3.17868,1.15882
0,250,15.0219,44.407,3.50053,0.96346
0,250,15.2901,44.8107,3.85625,1.0013
0,250,15.414,45.2393,3.44254,1.67148
0,250,15.8226,45.428,3.68454,1.16433
0,250,15.087,45.6049,3.3034,1.5134
0,250,15.9549,45.8598,4.41446,1.14867
0,250,16.4967,46.1492,3.90033,1.40398
0,250,16.9396,45.7865,4.31588,0.987712
0,250,16.163,46.5004,4.10457,1.72073
0,250,16.7756,46.5346,4.48208,1.24862
0,250,16.2266,46.9084,3.99696,1.38979
0,250,16.8613,46.9301,4.59319,1.02664
0,250,16.5032,47.2689,4.86474,0.833105
0,250,17.1517,47.335,4.70922,0.50125
0,250,16.3135,47.714,4.15913,0.972518
0,250,16.8359,47.7131,3.94514,0.535383
0,250,16.2874,48.1755,4.29558,1.17022
0,250,18.9202,47.852,5.17369,0.816544
0,250,17.3293,47.8202,4.01629,0.722992
0,250,18.4192,48.0592,5.08015,0.614216
0,250,18.0723,48.488,4.86876,0.832411
0,250,19.3815,48.6217,5.81739,0.282182
0,250,18.5521,48.5478,4.79453,0.574553
0,250,18.9526,48.8918,4.79966,-0.0925315
0,250,18.4283,49.0408,5.01063,0.969246
0,250,18.7921,49.3804,5.1529,0.240837
0,250,17.9398,49.048,4.98465,0.407433
0,250,18.1086,49.4914,4.65507,0.499581
0,250,17.6045,49.7969,4.23164,-0.189669
0,250,18.0906,49.9722,4.54536,0.274931
0,250,17.0759,50.3723,3.39148,-0.020477
0,250,18.0271,50.4508,3.54972,0.126048
0,250,17.1969,50.8256,2.75146,0.216606
0,250,17.3571,51.3268,2.94841,-0.130303
0,250,16.6598,50.8701,2.39025,0.599229
0,250,16.8724,51.3187,3.72526,0.535796
0,250,16.1236,51.6396,2.69235,0.199549
0,250,15.2844,51.8891,3.01116,1.19717
0,250,14.5948,51.6623,2.41187,-0.129212
0,250,14.216,52.0429,2.36804,0.297944
0,250,14.4576,41.6919,3.28014,2.09657
0,250,14.1133,41.687,3.18701,1.81681
0,250,14.6061,42.1184,3.10728,1.54183
0,250,14.0256,42.1629,3.31532,1.91955
0,250,14.0572,42.6218,3.19047,2.03203
0,250,14.8883,42.9144,3.2779,1.98468
0,250,15.1094,43.3291,3.71528,1.71623
0,250,14.5472,43.4203,3.57687,1.53526
0,250,14.9087,43.79,3.37499,2.16434
0,250,15.3379,44.0823,4.31116,1.56112
0,250,15.7008,44.4716,3.76399,1.55376
0,250,15.9061,44.8691,4.28488,1.50361
0,250,16.2849,45.1395,4.20432,1.78435
0,250,16.7685,45.3005,4.51808,1.35216
0,250,16.4106,45.6795,4.65092,1.62819
0,250,17.3147,45.4276,4.47362,0.98255
0,250,17.5763,45.8598,4.80089,1.08068
0,250,18.3571,46.2296,5.61905,1.3048
0,250,17.1666,46.183,4.4815,0.52837
0,250,17.8571,46.2454,4.97884,0.647397
0,250,17.4304,46.5537,4.54424,0.673322
0,250,18.1461,47.2216,4.7036,0.767261
0,250,17.4959,47.0103,5.1816,0.664432
0,250,17.7483,47.4543,4.7682,1.39372
0,250,17.9673,47.8847,4.70922,1.18986
0,250,20.6709,47.7969,5.73994,0.978102
0,250,19.4753,47.7414,4.96628,0.693347
0,250,20.1572,47.9528,5.54277,0.382811
0,250,19.5697,48.1513,5.41427,0.548197
0,250,19.9934,48.4074,5.57564,0.393795
0,250,19.0079,48.286,5.45068,0.786422
0,250,20.3279,48.7543,5.38547,0.513627
0,250,19.7936,48.9128,5.50633,0.774292
0,250,20.1076,49.2516,5.75042,0.549637
0,250,19.3645,49.1846,4.81183,-0.415101
0,250,19.7625,49.6066,4.76358,0.308908
0,250,19.2756,49.6545,5.26287,0.461008
0,250,19.656,50.1108,5.61317,0.644805
0,250,18.5862,49.7701,4.51419,0.246584
0,250,19.0288,50.0551,5.30023,0.0535001
0,250,18.5499,50.2902,4.54909,-0.23548
0,250,18.691,50.6922,4.06407,-0.583003
0,250,17.6871,50.8315,3.17579,-0.355493
0,250,18.2116,50.9208,3.53892,0.21353
0,250,17.8576,51.3268,3.44997,-0.602825
0,250,18.0985,51.6532,3.6446,-0.150743
0,250,16.6804,51.7259,2.8115,0.322303
0,250,16.3402,52.0781,3.81165,0.0510242
0,250,15.735,52.0786,3.50163,-0.565928
0,250,14.8427,52.054,2.71677,-0.873324
0,250,15.2427,41.7046,3.8744,2.04891
0,250,15.1403,42.0648,3.41461,2.0089
0,250,15.6766,42.4222,3.78613,2.22335
0,250,14.6124,42.5547,3.20918,1.64086
0,250,15.2459,42.5367,3.43709,1.81953
0,250,15.5231,42.9973,3.97966,1.5895
0,250,15.9637,43.4884,3.93027,1.21228
0,250,15.5151,43.607,3.93103,1.25854
0,250,16.3938,43.7717,4.00988,2.17784
0,250,15.9042,44.0237,3.69859,1.52664
0,250,16.2873,44.3421,3.91045,1.64381
0,250,16.5074,44.6956,4.00775,1.20678
0,250,17.0416,44.9142,4.50943,1.24231
0,250,17.8169,45.3712,4.94972,1.37014
0,250,18.1507,45.749,5.45824,1.52707
0,250,18.6889,45.7969,5.38787,1.21493
0,250,18.8861,46.2998,5.75229,1.64049
0,250,19.4694,46.3114,6.0555,0.825218
0,250,18.4519,46.6941,4.49157,1.4465
0,250,19.0961,46.7094,5.57486,1.01453
0,250,17.9473,46.7532,4.41295,0.802719
0,250,18.7138,47.0719,5.23407,1.12485
0,250,19.0526,47.3657,4.95162,1.20259
0,250,19.998,47.5389,5.77648,0.7382
0,250,18.4713,47.5625,4.57482,0.877077
0,250,21.1208,47.5312,6.12383,1.15172
0,250,21.1149,48.057,5.62702,1.0709
0,250,22.0022,48.1696,6.15274,0.687409
0,250,20.581,48.2934,5.49741,0.876369
0,250,20.9877,48.5732,5.85874,0.72585
0,250,21.4476,48.9187,5.7329,0.730565
0,250,22.17,49.087,6.78013,0.403962
0,250,20.746,48.9902,5.75953,0.768063
0,250,21.1097,49.2954,5.83066,0.677855
0,250,20.5547,49.4701,5.94695,0.453474
0,250,20.9019,49.7957,5.59503,0.428158
0,250,20.1986,49.8493,4.50504,-0.0995074
0,250,20.564,50.1607,4.9006,-0.0427916
0,250,20.0405,50.3692,5.6372,0.698567
0,250,20.4558,50.6808,5.22817,0.119055
0,250,19.2626,50.4403,5.15829,-0.257178
0,250,19.636,50.7418,4.25857,0.755514
0,250,19.1145,50.9354,4.03115,-0.081964
0,250,19.2389,51.3402,4.07881,-0.323261
0,250,18.5656,51.2207,3.64139,-0.63795
0,250,18.7069,51.585,3.8112,-0.67797
0,250,18.2981,52.0385,3.9563,0.155844
0,250,18.843,52.0491,3.48752,-0.639037
0,250,17.39,51.7799,3.32727,0.353708
0,250,16.9988,52.056,3.37693,0.645644
0,250,15.7252,41.8324,4.21742,2.09802
0,250,16.1396,41.8225,4.02986,2.01088
0,250,16.1092,42.2998,3.96189,1.74228
0,250,16.4054,42.7582,4.06233,1.71447
0,250,15.9423,42.9702,3.91408,1.83886
0,250,16.9191,42.8933,3.96288,2.11905
0,250,16.4693,43.232,3.88789,1.98929
0,250,16.8708,43.5219,4.26735,1.69057
0,250,16.7877,44.0518,4.44222,1.04735
0,250,17.4129,44.1616,5.04825,1.63216
0,250,16.9913,44.4432,4.21195,1.36348
0,250,18.0584,44.9509,4.78957,1.37584
0,250,17.5116,44.9067,4.56219,1.39421
0,250,18.4526,45.3589,5.02528,1.71674
0,250,19.0868,45.4689,5.76542,1.27759
0,250,19.26,45.9054,5.13839,1.29477
0,250,19.9465,46.1577,5.92081,1.09606
0,250,20.6471,46.2784,5.55064,1.44466
0,250,20.1124,46.5632,5.80057,1.18727
0,250,20.0895,47.0366,5.36282,1.60169
0,250,19.5853,46.7995,5.33274,0.948575
0,250,20.9113,47.0824,5.94794,0.714668
0,250,19.5261,47.2422,5.14601,0.972388
0,250,20.4838,47.3437,6.16349,0.766336
0,250,21.6226,47.8907,5.84021,0.79793
0,250,22.2602,47.7805,6.55455,1.1103
0,250,21.4815,48.434,6.08954,0.814294
0,250,22.7529,48.0951,6.2324,0.598445
0,250,22.4347,48.4496,6.24268,0.443952
0,250,23.1713,48.751,6.01673,0.407181
0,250,21.9451,48.6959,6.26156,0.64045
0,250,22.7031,48.7879,6.43249,0.175716
0,250,22.6204,49.2844,6.47548,0.768414
0,250,22.42,50.0769,5.11083,0.48994
0,250,21.7197,49.3203,6.57356,0.165618
0,250,22.1439,49.6303,5.47729,0.359631
0,250,21.4208,49.7184,6.21855,0.182969
0,250,22.2039,50.4924,5.05834,0.230802
0,250,21.2786,50.187,4.1876,0.370393
0,250,21.6918,50.4687,4.8798,-0.343256
0,250,20.9365,50.5218,4.9285,0.519193
0,250,21.3379,50.8229,5.83185,-0.284337
0,250,20.0222,50.9632,4.79398,0.136049
0,250,20.7582,51.0595,4.78366,0.385128
0,250,19.6877,51.361,3.86186,-0.114143
0,250,20.3081,51.3576,4.39797,-0.0490297
0,250,19.2579,51.8361,4.20742,0.347883
0,250,19.9934,51.7398,4.04572,-0.209613
0,250,19.6498,52.0465,4.03031,-0.0187618
0,250,17.7086,52.0659,3.70962,-1.12679
0,250,16.935,41.9149,3.70399,2.06865
0,250,16.5623,41.8979,3.85212,1.50119
0,250,17.287,42.4083,4.47506,2.23282
0,250,16.7474,42.4076,4.12088,1.53745
0,250,17.5146,42.8399,4.72631,1.8738
0,250,17.8554,43.4573,4.42645,2.06604
0,250,17.2929,43.2268,4.26392,1.69335
0,250,17.3529,43.7366,4.44352,1.57875
0,250,18.1966,44.3178,5.36818,1.74732
0,250,17.7459,44.4998,4.89353,1.34227
0,250,18.4835,44.7575,4.75528,1.76235
0,250,18.8675,45.0494,4.83514,1.5659
0,250,19.6571,45.1279,5.67342,1.47172
0,250,19.6441,45.5419,5.64209,1.10619
0,250,20.0579,45.7409,5.87755,1.22208
0,250,20.5604,45.8744,5.68416,1.14837
0,250,21.1709,46.093,5.53142,1.3762
0,250,21.1836,46.5157,5.52436,1.2714
0,250,20.597,46.7375,5.38781,1.11387
0,250,21.391,46.9436,6.24756,1.24385
0,250,21.8665,46.8466,6.26581,0.941232
0,250,22.0791,47.3235,6.14882,0.812569
0,250,21.6059,47.4325,6.30323,0.838114
0,250,23.6753,47.4828,6.66894,1.20229
0,250,22.6931,47.5843,6.45186,0.620582
0,250,23.2396,47.7453,6.53632,0.74082
0,250,23.6895,48.0337,6.44337,0.959534
0,250,23.6599,48.5485,6.41454,0.19645
0,250,23.187,48.2461,6.41161,0.389378
0,250,23.6305,49.0486,5.96621,0.336884
0,250,23.1516,49.263,5.86133,0.380393
0,250,23.8549,49.4968,6.16247,-0.062669
0,250,22.758,49.7147,5.37944,0.890246
0,250,23.3656,49.6713,5.49288,-0.0777926
0,250,24.3691,49.5893,6.23339,0.310505
0,250,24.902,49.722,6.66466,0.294359
0,250,21.8636,49.989,4.70111,0.376953
0,250,23.7555,49.9835,5.99319,-0.288255
0,250,23.0717,50.0902,5.84844,0.16993
0,250,23.994,50.3627,5.62193,-0.138925
0,250,22.7644,50.4871,5.43722,0.264783
0,250,23.4031,50.4073,5.73481,-0.123999
0,250,21.86,50.9569,4.7393,0.366728
0,250,22.3989,50.9515,4.47054,-0.0662866
0,250,21.1489,51.281,4.14809,0.00477912
0,250,21.7044,51.3572,3.12976,0.45001
0,250,20.6813,51.634,3.70505,0.371034
0,250,22.4023,51.3567,3.63484,-0.148456
0,250,21.3069,51.7372,4.14719,0.344776
0,250,20.3522,52.0716,3.81426,-0.185926
0,250,17.4155,41.9673,4.47321,2.37695
0,250,17.8169,41.9954,3.99062,1.94085
0,250,17.9,42.5267,4.90323,2.06169
0,250,18.0489,43.0617,4.49833,1.90513
0,250,18.4345,43.4684,4.47481,1.69673
0,250,18.5063,43.8888,4.9821,1.60892
0,250,17.9272,43.8947,4.7484,2.10874
0,250,19.0641,43.9145,4.67672,1.61905
0,250,18.7592,44.3399,5.35581,1.70991
0,250,19.2554,44.3722,5.44615,1.64927
0,250,19.2679,44.8196,5.33261,1.66194
0,250,20.1903,44.9839,6.11781,1.39747
0,250,20.3897,45.3344,6.20292,1.18817
0,250,20.8694,45.4897,5.80688,1.46585
0,250,21.3293,45.672,6.00938,1.30452
0,250,21.8095,45.9774,5.88318,1.20656
0,250,22.3161,46.2103,5.83019,1.21228
0,250,21.742,46.4013,5.46973,0.857665
0,250,22.3547,46.6376,6.29487,0.957834
0,250,23.5342,47.044,6.88004,1.32826
0,250,22.4902,47.0894,6.48829,0.939409
0,250,24.2648,47.2022,6.78817,0.712903
0,250,23.0645,47.2562,6.82094,0.794966
0,250,24.6679,47.7158,6.53818,0.754445
0,250,24.1455,47.6457,6.73627,0.818489
0,250,24.6896,48.1841,6.50768,0.74917
0,250,24.1641,48.1439,6.6235,0.789206
0,250,24.1587,48.6177,6.44392,0.596171
0,250,24.6985,48.6594,6.64979,0.783647
0,250,25.1337,48.8435,6.33119,0.381657
0,250,24.1673,49.0718,6.29913,0.337463
0,250,24.6704,49.1633,6.1151,0.697032
0,250,25.641,49.6221,7.15313,0.0443999
0,250,26.1384,49.827,6.76618,0.0019529
0,250,25.1533,49.365,6.7943,0.507965
0,250,25.4467,50.0208,6.51087,0.206924
0,250,24.9927,50.1812,6.41116,-0.262459
0,250,25.7046,50.7162,5.7431,0.133281
0,250,24.3753,50.007,5.86532,0.118253
0,250,24.5753,50.4576,5.95345,-0.0195927
0,250,23.5972,50.7857,5.35525,-0.169377
0,250,26.256,50.8174,6.06188,0.301755
0,250,22.9617,50.8714,4.84314,-0.348441
0,250,24.8194,50.884,5.45874,0.226663
0,250,24.2163,50.8113,5.60211,-0.359047
0,250,23.791,51.1677,4.47812,-0.241861
0,250,23.159,51.2138,3.66936,0.206329
0,250,22.7795,51.5772,4.04506,-0.315557
0,250,22.0028,51.7025,4.2413,-0.35473
0,250,20.9092,52.0396,4.22139,0.10062
0,250,18.2254,42.1495,4.36427,1.38458
0,250,18.5255,42.3338,3.93024,1.81592
0,250,18.4477,42.8388,4.76731,1.64521
0,250,18.946,42.7897,4.92919,1.93654
0,250,18.8557,43.2578,4.6385,1.53999
0,250,19.6696,43.1589,5.29852,1.6575
0,250,19.2419,43.5018,5.16426,1.25856
0,250,19.6602,43.7782,4.63505,1.50531
0,250,19.7668,44.1952,4.76048,1.42603
0,250,19.8262,44.645,5.33182,1.85917
0,250,20.6147,44.6716,5.20021,1.58546
0,250,20.9379,44.9966,5.98027,1.45201
0,250,21.3924,45.1629,5.8571,1.3843
0,250,21.8456,45.4912,5.99159,1.29111
0,250,22.3398,45.7345,6.51564,1.35439
0,250,22.8673,45.9352,6.45484,1.18787
0,250,22.9098,46.3482,6.35381,1.29233
0,250,23.4474,46.5516,6.71957,0.815407
0,250,22.95,46.7895,6.64895,0.924199
0,250,24.6421,46.7972,6.58315,0.825593
0,250,24.8057,47.2681,6.61197,0.99802
0,250,25.6891,47.0408,6.46921,0.998717
0,250,25.3064,47.3861,6.88818,0.642898
0,250,25.7198,47.6842,7.1446,0.754072
0,250,25.1787,47.8592,6.58597,0.638246
0,250,25.747,48.133,6.60732,0.391123
0,250,25.2121,48.3209,6.75148,0.700516
0,250,26.5158,48.6663,6.67114,0.413579
0,250,25.6456,48.6115,6.54806,0.566992
0,250,26.0751,48.8288,6.60955,-0.0840172
0,250,25.6207,49.1206,6.52907,0.474367
0,250,27.4272,48.9883,7.21591,-0.517655
0,250,26.1215,49.3437,6.67127,-0.118521
0,250,27.0542,49.4848,8.2137,-0.0297776
0,250,25.8449,50.2819,6.2405,0.455973
0,250,26.6566,49.799,7.23491,-0.637394
0,250,25.2334,50.6065,5.61713,0.0755586
0,250,26.3398,50.2759,6.42938,-0.323318
0,250,26.9805,50.1083,7.00722,-0.705198
0,250,27.2252,50.5814,4.87807,-0.113156
0,250,26.7054,50.5821,5.73196,-0.321311
0,250,27.6375,50.7298,5.84117,-0.333209
0,250,25.8414,51.1889,5.42898,0.37465
0,250,26.3672,51.2386,5.75628,-0.290457
0,250,25.3048,51.121,4.95333,0.237626
0,250,24.3585,51.2427,3.85273,-0.267107
0,250,23.3778,51.6158,3.34692,-0.202252
0,250,22.7521,52.0238,3.67208,-0.325088
0,250,23.2821,52.0403,2.82632,0.191843
0,250,21.6009,52.061,4.4568,-0.111297
0,250,19.2246,42.0089,4.93146,2.54539
0,250,19.0462,42.2636,4.22696,2.25411
0,250,19.6835,42.4246,4.92393,1.71479
0,250,19.4195,42.8178,4.79616,1.72419
0,250,20.3953,42.9691,5.35057,1.5407
0,250,20.0329,43.3761,5.16829,1.77129
0,250,20.6045,43.486,5.42445,1.73862
0,250,20.2528,43.8423,4.91991,1.74322
0,250,20.32,44.3312,5.05549,1.45547
0,250,21.0927,44.4305,5.4094,1.49957
0,250,21.4805,44.6596,6.01678,1.44457
0,250,21.919,44.9963,6.13513,1.60354
0,250,22.3563,45.2455,6.36724,1.75544
0,250,22.8538,45.4677,6.77041,0.984102
0,250,23.3836,45.7174,6.56994,1.05032
0,250,23.5532,46.1355,6.86948,1.2032
0,250,24.0433,46.404,6.33943,1.35079
0,250,23.9876,46.8494,6.73096,0.993439
0,250,25.3836,46.5009,7.15111,1.04536
0,250,25.1773,46.8625,6.49498,1.05955
0,250,26.4121,46.9431,7.00772,0.143347
0,250,27.0695,47.2735,7.10156,0.877413
0,250,26.0757,47.3751,7.05971,0.483682
0,250,26.6015,47.4144,7.33037,0.0993964
0,250,26.349,47.8349,7.31425,0.237295
0,250,26.8102,48.223,6.70768,0.532397
0,250,26.2242,48.2546,6.75079,0.241448
0,250,27.205,48.4835,6.60764,1.13401
0,250,26.9248,48.9154,6.99879,0.611772
0,250,27.7636,48.5819,7.229,-0.246826
0,250,26.5819,49.2643,7.00589,0.148304
0,250,28.5647,49.0115,6.824,0.14479
0,250,28.0132,48.9795,7.14068,-0.0750308
0,250,28.1594,49.3768,6.94005,0.00626726
0,250,27.5182,49.4253,7.6984,0.0375718
0,250,27.9075,49.7628,7.15689,0.11206
0,250,27.421,49.9733,7.02786,0.678785
0,250,28.3663,50.026,6.6104,-0.381701
0,250,27.7983,50.2653,6.91293,0.606648
0,250,28.2699,50.463,6.55324,0.0593503
0,250,28.7505,50.7546,6.18863,0.0195863
0,250,29.3479,50.7904,4.85425,-0.3593
0,250,28.1358,50.9204,5.79877,0.00192948
0,250,28.4591,51.203,5.78051,-0.520861
0,250,26.959,51.0061,6.64061,0.382748
0,250,27.2351,51.3654,5.48958,1.45256
0,250,24.8065,51.4015,4.09752,0.0466372
0,250,23.9099,51.6136,3.29183,-0.00126886
0,250,24.3704,51.8066,3.73726,-0.174373
0,250,22.2498,52.0367,3.89478,0.241942
0,250,19.9511,42.137,4.85975,2.00262
0,250,20.3626,42.1608,5.20134,1.79539
0,250,20.1677,42.6779,4.764,2.20222
0,250,20.95,42.6147,5.00494,2.00762
0,250,20.8975,43.0873,5.18894,1.97409
0,250,21.1535,43.5005,5.66865,2.04037
0,250,21.2397,43.9546,4.97581,1.70606
0,250,20.7386,44.0258,5.36431,1.56209
0,250,21.7115,44.1325,5.64689,1.58709
0,250,22.0024,44.5066,5.91921,1.72234
0,250,22.5006,44.7564,5.77095,1.45543
0,250,22.9316,44.9972,6.35535,1.23754
0,250,23.4149,45.2487,6.95015,1.27895
0,250,23.8742,45.4895,6.63305,1.3782
0,250,24.0666,45.9285,6.69103,1.24665
0,250,24.9896,46.169,7.33355,1.27173
0,250,24.576,46.3958,6.65791,0.889771
0,250,25.9184,46.26,7.15017,0.807538
0,250,25.982,46.6951,7.23382,1.00174
0,250,27.1571,46.8625,7.96828,0.363107
0,250,27.6715,47.2328,7.08477,0.3491
0,250,27.4478,47.6738,7.41949,0.910742
0,250,27.9942,47.7364,7.36152,0.725959
0,250,28.512,47.9027,7.81658,0.551142
0,250,26.9652,47.8143,7.24886,0.685536
0,250,27.5396,48.1198,6.68397,0.34626
0,250,28.1074,48.2201,7.5149,-0.16972
0,250,29.6199,48.6015,7.44067,-0.0205819
0,250,28.439,48.5599,6.72299,0.353464
0,250,29.0044,48.7085,6.9168,0.325304
0,250,29.3983,48.9957,7.4753,0.244896
0,250,29.4234,49.4989,7.07013,-0.292903
0,250,28.9525,49.3052,7.29959,0.198757
0,250,30.0671,49.7161,7.2461,-0.0648153
0,250,28.6374,49.6531,6.89104,-0.058676
0,250,30.6421,49.9858,7.49183,-0.510642
0,250,29.0388,49.9147,7.30874,-0.297549
0,250,29.5843,49.9265,7.10654,-0.0689652
0,250,28.8585,50.3453,6.49266,-0.464572
0,250,29.9033,50.6364,5.6243,0.182328
0,250,29.4052,50.363,6.36087,-0.0813459
0,250,30.0512,51.0281,6.65002,-0.830839
0,250,28.9929,51.1882,5.57961,-0.0791064
0,250,29.5606,51.2127,6.30836,-0.0726783
0,250,27.6787,51.208,5.251,-0.832695
0,250,27.8124,51.6151,5.03008,-0.412312
0,250,25.6934,51.6142,4.25364,-0.180177
0,250,25.18,51.6335,4.70096,-0.191229
0,250,25.2252,52.0763,3.5654,0.483409
0,250,23.853,52.0837,2.98138,-0.192553
0,250,20.719,42.2069,4.65014,2.17147
0,250,21.2021,42.2518,5.09307,2.48443
0,250,21.5736,42.7054,5.22979,1.74084
0,250,21.4946,43.1162,5.38258,1.92135
0,250,21.7476,43.5954,5.78356,1.93498
0,250,22.4578,43.3305,5.61973,1.56566
0,250,22.1362,43.8475,5.72656,1.56227
0,250,22.6516,43.8208,5.82039,1.25481
0,250,22.473,44.2817,5.53492,1.9027
0,250,22.9995,44.4321,5.62586,1.56381
0,250,23.4092,44.7614,6.40596,1.15286
0,250,24.1541,45.152,6.90698,1.26183
0,250,24.5936,45.3845,6.72637,1.29029
0,250,24.5195,45.8481,6.95038,1.35727
0,250,26.1472,45.7815,7.35604,0.876998
0,250,25.4973,45.994,6.95594,1.10334
0,250,26.6854,46.6299,7.62451,0.515016
0,250,27.4007,46.4922,7.92179,0.461629
0,250,27.8541,46.8511,7.89363,0.52368
0,250,28.6239,47.0259,8.12208,1.08741
0,250,28.1986,47.3155,6.91936,0.766069
0,250,28.7378,47.5031,7.52112,0.441944
0,250,29.1598,47.8194,7.59361,0.425712
0,250,29.8969,47.9447,7.59913,0.114632
0,250,28.8626,48.2619,7.36447,1.10941
0,250,30.0658,48.4134,7.56148,0.589979
0,250,29.4078,48.2019,7.4717,0.245548
0,250,30.5455,48.5923,7.57743,0.248505
0,250,30.1365,48.9351,7.89365,0.202686
0,250,31.3222,49.1137,7.96083,-0.256901
0,250,29.8962,49.2561,7.01954,-0.371601
0,250,30.6496,49.1021,8.1658,-0.176815
0,250,30.5033,49.5378,7.60656,-0.223617
0,250,32.3408,49.2864,8.06843,-0.211886
0,250,31.6672,49.4884,8.55016,-0.34273
0,250,32.1966,49.7485,7.53014,-0.177818
0,250,31.2064,49.927,7.15422,-0.35677
0,250,30.4741,50.4409,6.09964,-0.151168
0,250,30.0514,50.195,6.61311,-0.49914
0,250,30.589,50.8805,6.87277,-0.352298
0,250,30.1328,51.4784,4.75404,-0.0638147
0,250,31.4914,50.5081,6.72783,-0.905645
0,250,31.0737,50.8791,7.1017,-0.156702
0,250,31.4022,51.1891,7.07274,0.37321
0,250,30.62,51.3519,5.0508,-0.105451
0,250,28.9604,51.6054,4.70505,-0.0597804
0,250,28.3237,51.6377,4.77708,-0.107333
0,250,26.2092,51.7694,4.9151,0.28432
0,250,26.7346,51.5037,5.21128,-0.0648841
0,250,24.6569,52.0407,4.0158,-1.25012
0,250,21.9147,42.4469,5.65905,1.87467
0,250,22.17,42.4951,5.04992,2.25352
0,250,22.4784,42.8693,5.4759,2.07247
0,250,22.0265,43.1804,5.40466,1.90462
0,250,23.0912,43.0778,5.47905,1.74919
0,250,23.0233,43.5388,6.2315,1.95502
0,250,23.1711,44.0669,5.88216,1.37548
0,250,23.7165,44.3281,6.0442,1.61389
0,250,24.3969,44.5503,6.54054,1.60164
0,250,23.8977,44.7649,6.44805,1.54983
0,250,24.7182,44.9532,7.25127,1.15847
0,250,25.2857,45.289,6.86232,1.31251
0,250,25.0502,45.6768,6.3858,1.2763
0,250,26.6829,45.7632,7.36904,0.894067
0,250,26.4419,46.2019,6.84543,1.03325
0,250,27.0072,46.2118,7.11078,0.988062
0,250,27.8966,46.3526,7.77201,0.417378
0,250,28.3422,46.676,7.75919,1.07285
0,250,29.1157,46.8426,7.78718,0.613555
0,250,29.2259,47.2979,8.08359,0.464191
0,250,29.6732,47.5742,7.57272,0.603814
0,250,30.2928,47.5179,8.01136,0.192428
0,250,30.8225,47.6385,8.19246,-0.0686159
0,250,31.3098,47.8532,8.468,-0.685625
0,250,30.4143,47.9991,7.49232,-0.233119
0,250,30.8626,48.1952,7.68954,-0.803966
0,250,31.3504,48.3387,7.62102,-0.541415
0,250,31.6906,48.6649,7.98004,-0.805173
0,250,31.0366,48.7614,7.81664,-0.736987
0,250,32.4989,48.8106,8.15294,-0.212038
0,250,31.9145,49.0805,8.50188,-0.215932
0,250,32.9522,49.0302,8.75736,0.0346425
0,250,31.0384,49.498,8.07521,-0.829197
0,250,32.7969,49.5083,8.46389,-0.00253752
0,250,32.5517,49.9972,7.54333,-0.656854
0,250,33.3627,50.2554,7.43802,0.293614
0,250,31.6887,49.9563,7.43152,0.852209
0,250,32.8333,50.3612,7.46232,-0.535186
0,250,31.9932,50.3143,8.14097,0.108862
0,250,32.3623,50.5728,7.9617,0.0887953
0,250,31.018,50.3769,6.06925,0.0309567
0,250,32.7025,50.8981,7.27511,0.153786
0,250,32.68,51.3369,6.09219,1.30129
0,250,33.2822,51.1839,6.20065,0.174427
0,250,31.8249,50.8481,6.48421,-0.292472
0,250,30.1627,51.9306,4.29878,0.51172
0,250,29.5425,51.6402,3.87565,-0.849315
0,250,28.0027,52.0724,5.0703,-1.23875
0,250,27.0544,51.9173,4.77528,0.764458
0,250,25.8199,52.0643,4.0408,-0.158586
0,250,23.1905,42.4369,6.35412,2.75108
0,250,23.5796,42.6167,5.96225,2.65464
0,250,22.9015,42.6428,5.77664,1.56799
0,250,23.6834,43.0073,6.04758,2.19423
0,250,23.5249,43.4463,6.11684,1.47016
0,250,23.6734,43.8672,6.13738,1.62107
0,250,24.2341,44.1293,6.1282,1.49934
0,250,24.8765,44.4549,6.37516,1.35456
0,250,25.245,44.8542,6.77391,1.19397
0,250,25.7591,44.8978,6.65612,1.5146
0,250,26.1075,45.2435,6.8303,1.03539
0,250,25.7146,45.5531,6.80238,1.14369
0,250,27.0811,45.3967,7.35407,1.15015
0,250,27.2852,45.821,7.35682,0.856512
0,250,27.7187,45.9314,7.50044,0.0427862
0,250,28.4187,46.1783,7.54589,0.74606
0,250,28.8929,46.4348,7.08274,0.801811
0,250,29.5876,46.6485,7.57614,0.0363457
0,250,29.7454,47.1068,7.77397,-0.158144
0,250,30.242,47.0851,7.99765,-0.161829
0,250,30.8561,47.1971,7.92565,-0.0703971
0,250,31.3805,47.3829,8.35677,-0.675368
0,250,31.874,47.5727,8.42092,-0.365279
0,250,31.827,48.043,8.2331,-0.346628
0,250,32.6509,48.3264,8.68794,-0.136919
0,250,33.9979,48.6294,8.07101,-0.177277
0,250,32.1366,48.4851,8.57247,-0.413832
0,250,33.0941,48.5447,8.51696,0.213154
0,250,33.4764,48.8226,8.53832,0.120231
0,250,34.2242,49.4575,7.95348,-0.595282
0,250,33.3648,49.3507,7.59092,-0.228978
0,250,33.6617,49.7526,7.29229,0.334013
0,250,33.1248,49.8369,7.37668,-0.218681
0,250,35.1468,49.8933,6.8055,-0.0783801
0,250,34.7307,49.6643,7.54804,-0.228655
0,250,34.5576,50.1091,7.7963,-0.270228
0,250,33.8019,50.364,7.8533,0.168614
0,250,34.2679,50.525,8.03366,-0.238257
0,250,33.2032,50.7534,6.98332,-0.178894
0,250,33.7185,50.8857,6.93152,0.248423
0,250,34.0851,51.039,7.17792,-0.811495
0,250,35.8649,50.3656,7.55465,-1.23331
0,250,33.4951,51.5685,6.43595,-0.475892
0,250,34.9287,51.1837,7.21551,-0.37244
0,250,32.2033,51.5667,6.47202,-0.309531
0,250,32.5966,52.0424,3.80065,1.20946
0,250,32.1141,51.1489,6.74678,-0.991122
0,250,28.5947,51.9996,3.81374,0.540286
0,250,29.1054,52.0464,3.87341,-0.271307
0,250,26.5484,52.0509,4.12094,-0.730396
0,250,24.157,42.7283,7.15879,1.57488
0,250,24.6167,42.9114,6.70832,1.90423
0,250,24.2567,43.2528,6.38284,1.87015
0,250,24.8343,43.4486,6.66455,1.80597
0,250,24.1574,43.6331,6.49323,1.71721
0,250,24.6729,43.8937,6.1704,1.8529
0,250,25.1283,44.0574,6.47497,1.13955
0,250,25.5438,44.4264,6.48007,1.00924
0,250,26.0817,44.5118,6.37411,1.29489
0,250,26.4559,44.8146,6.7173,1.32835
0,250,26.5965,45.271,7.38704,0.829281
0,250,27.58,45.185,7.17178,0.9308
0,250,27.9172,45.5015,7.59933,0.252621
0,250,28.3375,45.7485,7.79079,0.677773
0,250,28.9202,45.9789,7.56542,0.574213
0,250,29.4499,46.2172,6.88369,-0.035753
0,250,30.0923,46.569,7.92732,0.359048
0,250,30.6179,46.76,8.05253,-0.446174
0,250,31.1771,46.7988,8.14574,-0.0146334
0,250,31.6608,47.0079,8.59213,-0.284102
0,250,32.4899,47.451,8.23341,-0.124197
0,250,32.8525,47.8443,8.80323,-0.474272
0,250,32.308,47.9423,8.29699,-0.671514
0,250,33.6646,48.3022,8.56088,0.141384
0,250,34.5989,48.4323,8.49622,0.0129466
0,250,35.1096,48.2953,8.70524,-0.341863
0,250,34.3372,48.9002,7.46232,-0.224132
0,250,35.0149,48.7769,8.17472,-0.460451
0,250,33.8574,49.2071,8.39743,0.899993
0,250,35.4937,48.906,8.1096,-0.710588
0,250,34.7413,49.19,7.81404,-0.360212
0,250,35.2363,49.3362,8.09072,-0.481015
0,250,34.0792,49.9436,7.58972,-0.309803
0,250,35.9745,49.085,8.27119,-0.488249
0,250,35.6887,49.5115,7.68546,-0.519736
0,250,36.0681,49.7432,7.65201,-1.08969
0,250,34.925,50.4366,7.97861,-0.330052
0,250,35.5365,50.0533,7.31687,-1.01732
0,250,34.6409,50.8443,7.48858,0.298424
0,250,35.2965,50.5941,7.32977,-0.539219
0,250,33.9898,51.5875,6.51608,0.41301
0,250,37.3265,50.1295,7.49827,-0.699112
0,250,37.5195,50.6213,7.77199,-0.382372
0,250,36.4417,50.5968,6.7976,-1.20186
0,250,35.4003,51.1137,7.25354,-0.402625
0,250,35.7888,50.8022,6.36241,-1.27733
0,250,34.4254,51.3978,7.16531,-0.541247
0,250,30.9849,51.55,5.67227,-0.635406
0,250,31.5792,51.5602,6.43458,-0.21617
0,250,27.4381,51.9777,4.66981,0.21796
0,250,24.9832,42.9559,6.65914,1.4677
0,250,25.3701,43.0599,6.40902,1.64154
0,250,25.7465,43.2909,6.91926,1.48042
0,250,25.3521,43.5824,6.58383,1.38803
0,250,26.1136,43.9384,6.38031,1.45632
0,250,25.6869,43.9746,6.42771,1.0423
0,250,26.5103,44.221,6.85291,1.15894
0,250,26.9109,44.5856,6.55084,1.17071
0,250,27.7707,44.7269,7.30002,0.781778
0,250,27.1734,44.9025,7.11301,0.563839
0,250,28.1911,45.0359,7.22482,0.778186
0,250,28.5817,45.3527,7.74655,0.757551
0,250,29.1052,45.5737,8.00954,0.390328
0,250,29.6002,45.836,7.69301,0.34527
0,250,30.1026,46.1596,8.09839,0.654243
0,250,30.701,46.3048,8.35439,0.065697
0,250,31.2647,46.3898,8.5748,0.206181
0,250,31.8907,46.6016,8.47011,-0.129124
0,250,32.1619,47.1439,8.09612,-0.250295
0,250,32.988,47.3659,9.03181,-0.254789
0,250,33.4835,47.5814,8.37781,-0.134978
0,250,33.3005,48.035,8.44272,-0.230409
0,250,34.2532,48.1039,8.75387,0.122609
0,250,34.7122,47.905,8.5908,0.170125
0,250,35.5217,47.9106,8.79001,-0.67905
0,250,36.4836,47.8729,8.14898,-0.992313
0,250,35.5861,48.4079,8.43327,-0.560848
0,250,36.0691,48.1607,8.89753,-0.940409
0,250,36.0784,48.6398,8.32198,-0.266954
0,250,37.749,48.4353,8.6164,-1.37541
0,250,36.6439,48.8948,8.32156,-0.833912
0,250,37.039,49.2016,7.95148,-1.09441
0,250,36.4054,49.329,8.26402,-0.604677
0,250,37.1724,49.6136,7.14916,-0.950741
0,250,36.6727,49.6944,7.49296,-0.946354
0,250,36.8435,50.1872,7.34694,-0.829616
0,250,38.2738,49.993,7.10485,-0.759004
0,250,38.0386,50.5298,6.68315,-0.363881
0,250,36.3266,50.1479,6.73395,-0.399819
0,250,37.7844,50.0762,7.66213,-1.05657
0,250,38.72,49.9526,7.23003,-1.38064
0,250,37.2739,51.1225,5.03212,-0.165586
0,250,36.704,51.0459,5.66751,-2.20944
0,250,37.0004,50.647,7.92682,-1.17107
0,250,37.787,51.015,4.60603,-0.198228
0,250,36.212,51.0795,5.94182,-0.565328
0,250,35.3379,51.5585,5.48014,-0.360101
0,250,34.7061,51.7303,6.08096,-0.606061
0,250,32.9456,51.6909,5.06484,1.01654
0,250,29.6834,52.0384,3.60805,0.0459973
0,250,26.0818,43.029,6.37868,1.83409
0,250,26.5564,43.0786,7.01559,1.95352
0,250,26.3329,43.5175,6.38139,1.60611
0,250,26.7885,43.7519,6.43888,1.24509
0,250,27.0762,44.1179,6.99231,0.924978
0,250,27.7114,43.9787,7.37503,1.32145
0,250,27.55,44.3609,6.99122,1.1091
0,250,28.2945,44.1182,7.78459,1.01261
0,250,28.2744,44.5008,7.41792,0.874648
0,250,28.6771,44.8593,7.52223,0.817654
0,250,29.1388,45.1614,7.61908,0.37253
0,250,29.7288,45.3718,7.7163,0.122745
0,250,30.1668,45.6994,7.98368,0.728548
0,250,30.6811,45.906,8.30142,0.16875
0,250,31.3034,45.9472,7.93074,0.465775
0,250,31.804,46.1967,8.01827,-0.132841
0,250,32.4599,46.7666,8.37473,-0.224399
0,250,32.9235,46.9139,8.07669,-0.433366
0,250,33.5001,47.107,8.27046,-0.390396
0,250,34.0497,47.3127,8.73975,0.121388
0,250,33.9236,47.7919,8.66672,0.0505808
0,250,34.4939,47.4731,8.45514,-0.97587
0,250,35.13,47.6563,8.62621,-0.00909591
0,250,35.9666,47.6534,8.15828,-0.80393
0,250,36.9291,48.1113,8.61638,-1.25688
0,250,36.5767,48.447,8.35603,-1.235
0,250,37.4049,48.1496,8.63144,-1.27797
0,250,38.1807,48.0778,7.25625,-0.923142
0,250,37.1312,48.6431,7.84964,-1.22561
0,250,38.4708,48.9436,7.36498,-1.03047
0,250,38.1014,48.6995,7.70044,-1.01353
0,250,37.8619,49.1777,7.4063,-1.4816
0,250,37.4829,48.9165,7.05936,-1.44874
0,250,38.1998,49.5129,6.72154,-0.356339
0,250,37.6515,49.5957,7.01328,-2.15129
0,250,38.6642,49.3904,7.00593,-1.12192
0,250,39.0966,49.4806,6.69576,-1.63469
0,250,40.1883,49.8764,5.80725,-1.68928
0,250,39.7165,49.8602,6.3067,-0.898382
0,250,39.2255,49.9243,6.73603,-1.41349
0,250,39.4601,50.3921,5.63211,-0.761192
0,250,38.4978,50.5245,7.2351,-0.917458
0,250,40.8076,50.5204,5.30215,-0.862886
0,250,38.964,50.434,6.70905,-0.684928
0,250,39.9314,50.3804,5.96409,-0.454185
0,250,34.9355,52.0381,5.09095,-0.501326
0,250,38.2861,51.051,4.73555,-1.23331
0,250,33.2146,52.0763,4.61554,-0.267028
0,250,31.5904,51.9995,5.54682,-0.385166
0,250,30.5865,51.9813,4.1342,-1.08972
0,250,26.937,43.238,6.4176,1.36755
0,250,27.4499,43.2213,6.97138,1.35488
0,250,27.9493,43.2202,6.7705,1.5217
0,250,27.3405,43.6331,7.16575,1.32359
0,250,28.1032,43.6785,7.34824,1.59558
0,250,28.8169,43.982,7.63682,0.789397
0,250,28.911,44.4215,7.5119,0.667213
0,250,29.3137,44.729,7.82652,0.548348
0,250,29.8113,44.9767,7.7706,0.394522
0,250,30.3477,45.2729,7.90232,1.54036
0,250,30.7858,45.423,8.44566,0.083259
0,250,31.2426,45.5271,8.52122,-0.0302857
0,250,31.8911,45.7216,8.06857,0.356047
0,250,32.3962,45.8907,8.65298,0.119681
0,250,32.3997,46.2994,8.42461,-0.710778
0,250,32.9357,46.4407,8.32503,0.189048
0,250,33.4598,46.6595,8.47647,0.0278206
0,250,34.0263,46.8625,8.88609,-0.288811
0,250,34.7315,47.1083,9.23543,-0.228587
0,250,35.3352,47.2726,8.7078,-0.14032
0,250,35.7911,47.2529,8.27336,-1.08276
0,250,36.4413,47.3772,8.08979,-1.31517
0,250,36.9277,47.5484,8.24749,-1.36579
0,250,37.3802,47.634,8.70423,-1.11764
0,250,37.8383,47.7718,8.06214,-1.02245
0,250,38.5502,48.3389,8.23962,-0.83017
0,250,39.0051,48.3021,8.20602,-2.12509
0,250,39.5796,48.0495,7.41951,-2.70016
0,250,39.4802,48.5238,7.51988,-1.99507
0,250,40.4512,48.471,6.73903,-2.24228
0,250,38.913,48.8054,6.98469,-1.98698
0,250,39.8471,48.8947,6.71709,-2.04226
0,250,40.4176,48.9719,6.19961,-1.85214
0,250,40.9128,48.9996,7.17903,-2.2963
0,250,39.3305,49.0055,6.5281,-1.81015
0,250,39.6491,49.4077,6.41353,-0.957248
0,250,40.1489,49.3306,6.60544,-1.6013
0,250,41.0907,50.02,6.07144,-1.1668
0,250,40.6082,50.0857,5.55466,-0.615194
0,250,41.8816,49.5195,5.30887,-2.00534
0,250,41.3493,50.4159,5.85981,-0.00181435
0,250,41.5548,49.1085,6.30487,-1.91912
0,250,41.462,49.6905,5.78929,-1.52104
0,250,40.2568,50.5786,5.29709,-0.270256
0,250,38.4619,51.5034,4.43057,-0.129567
0,250,38.7748,50.971,6.02864,-0.802153
0,250,37.478,51.5506,4.44875,0.257882
0,250,36.3975,51.5848,4.99804,-1.33347
0,250,33.7669,51.9866,5.23173,0.422446
0,250,31.0925,52.0154,4.27305,-0.333583
0,250,28.4009,43.2741,7.41265,1.24102
0,250,29.1673,43.4033,7.72691,1.36417
0,250,28.7613,43.5389,7.67331,0.74951
0,250,29.4552,43.7539,7.98915,1.29195
0,250,29.3818,44.1545,7.82337,0.838921
0,250,29.7566,44.4731,8.22805,0.757523
0,250,30.3392,44.7883,7.75804,1.00231
0,250,30.8848,44.8182,7.80817,0.803764
0,250,31.2969,45.0315,8.70368,0.268272
0,250,31.7988,45.315,8.28231,0.247569
0,250,32.3852,45.4053,8.25469,0.0431781
0,250,32.9093,45.6248,8.97024,-0.448891
0,250,33.0674,46.0021,8.89563,0.184343
0,250,33.5402,46.2029,9.12589,-0.34436
0,250,33.9969,46.3892,9.13432,0.0824746
0,250,34.5052,46.7029,8.87585,-0.485692
0,250,35.1191,46.8127,9.05388,-0.56494
0,250,35.8937,46.783,9.03465,-0.739869
0,250,36.3648,46.9261,8.53817,-0.788991
0,250,36.9324,47.0392,8.35153,-1.11198
0,250,37.4487,47.1281,8.22737,-1.14149
0,250,37.9582,47.268,8.18156,-1.49945
0,250,38.3701,47.551,8.23144,-1.74935
0,250,38.743,47.7795,7.74903,-0.791444
0,250,39.1745,47.7772,7.96723,-1.8781
0,250,40.4212,47.9463,6.62771,-2.79752
0,250,40.8572,47.8832,7.58611,-2.72921
0,250,42.0835,47.7896,7.25235,-3.63539
0,250,40.0041,48.4095,7.07784,-1.51097
0,250,41.2403,48.1006,7.04714,-2.16728
0,250,40.9106,48.4877,6.54983,-2.7744
0,250,42.3137,48.1858,6.85868,-2.99675
0,250,41.3713,48.7212,7.05488,-2.57179
0,250,42.4126,48.6816,5.92643,-2.58932
0,250,41.0536,49.4271,6.32934,-2.7508
0,250,41.878,48.568,6.63388,-2.54767
0,250,40.6171,49.5574,6.94963,-1.88
0,250,42.0842,49.0327,6.2927,-2.38099
0,250,42.161,50.0267,4.56758,-0.934159
0,250,42.6396,49.8509,5.9237,-1.86134
0,250,41.8782,50.7222,4.54482,-1.08008
0,250,41.7373,50.156,4.89408,-1.39936
0,250,40.4861,51.0448,4.92467,0.12741
0,250,40.0723,51.1714,4.11089,-0.292611
0,250,39.7063,50.9215,4.71524,-1.33153
0,250,39.2529,50.8926,5.23001,-0.0608338
0,250,36.9345,51.9798,3.18408,0.0420255
0,250,37.9613,51.5292,4.70015,-1.03502
0,250,36.9176,51.5085,4.35351,-0.979935
0,250,32.0944,51.9913,4.35325,-0.737425
0,250,29.8627,43.4876,7.9179,1.01183
0,250,30.2102,43.4513,8.00383,0.792077
0,250,30.1193,43.9319,7.81208,0.915544
0,250,30.2302,44.327,7.95328,0.990959
0,250,30.7609,44.4212,7.93175,1.10252
0,250,31.4228,44.5003,8.09014,0.478437
0,250,31.7949,44.8341,8.38032,0.162844
0,250,32.3629,44.9761,8.83981,0.349039
0,250,32.9411,45.1742,8.67677,-0.301711
0,250,33.4883,45.3217,8.44575,0.282287
0,250,33.6034,45.6852,8.59412,-0.150098
0,250,34.0833,45.8656,8.24712,0.061763
0,250,34.4923,46.185,8.62476,-0.296877
0,250,34.948,46.3392,8.80918,-0.673666
0,250,35.5165,46.5434,8.94045,-0.671272
0,250,36.1886,46.3548,9.36305,-0.926433
0,250,36.737,46.5966,8.63605,-0.875787
0,250,37.3732,46.6817,8.63956,-1.64182
0,250,37.9582,46.8087,8.85853,-1.64016
0,250,38.4806,47.0093,8.47064,-1.70842
0,250,38.8941,47.1745,7.96806,-1.99835
0,250,39.3555,47.3153,8.44384,-2.49937
0,250,39.7828,47.3624,7.54704,-2.36749
0,250,39.9701,47.8357,7.49337,-2.57383
0,250,41.216,47.4339,7.16199,-2.23883
0,250,41.6086,47.6179,7.45393,-2.68215
0,250,42.9188,47.1432,7.46566,-2.96262
0,250,42.6025,47.6707,7.62127,-2.80012
0,250,42.7898,48.142,6.19337,-2.15724
0,250,43.2211,48.0118,7.01861,-2.78948
0,250,41.6901,48.1655,7.66298,-2.99758
0,250,43.6548,47.8204,6.37318,-4.16691
0,250,42.8999,48.678,7.4098,-3.3544
0,250,43.3504,48.5181,7.27575,-1.51392
0,250,42.3859,49.4493,5.97193,-1.25256
0,250,43.7898,48.3463,6.86541,-2.64869
0,250,42.749,49.158,5.50688,-2.07607
0,250,43.2688,49.0566,4.74105,-2.12225
0,250,43.6003,49.3391,5.62814,-0.786637
0,250,43.9308,49.5465,5.27948,-2.23887
0,250,43.2339,49.9858,3.76527,-1.10449
0,250,42.2903,50.4974,4.40144,-0.706503
0,250,41.2572,51.4405,4.88824,-0.160207
0,250,41.0004,50.9372,4.03377,-0.612029
0,250,41.4862,50.9333,4.39257,0.282817
0,250,38.9146,51.4944,3.19428,0.114366
0,250,39.3575,51.4071,3.35228,-0.887441
0,250,36.4109,52.026,3.68661,-0.46765
0,250,35.5034,51.9621,4.91789,0.0623509
0,250,34.2783,52.11,4.43401,-1.14051
0,250,30.6432,43.5878,7.55148,0.669977
0,250,31.0346,43.5542,7.88406,0.834958
0,250,30.9976,44.0439,8.18919,1.16205
0,250,31.5602,44.0347,8.38222,0.751616
0,250,31.9945,44.3903,8.20237,0.265996
0,250,32.4697,44.5698,8.16143,-0.00838622
0,250,33.0345,44.7561,8.75035,0.506262
0,250,33.5689,44.8209,8.62975,-0.40632
0,250,33.9919,44.9818,8.88105,-0.0627853
0,250,34.1502,45.3773,8.67406,-0.283696
0,250,34.601,45.638,8.62897,-0.459468
0,250,35.0106,45.8232,9.14768,-0.629838
0,250,35.4574,46.0873,9.21279,-0.422677
0,250,35.9856,45.9707,9.07371,-0.323694
0,250,36.6343,46.1114,9.23863,-0.463585
0,250,37.1668,46.2706,8.91354,-1.05505
0,250,37.8056,46.3522,7.86131,-1.53647
0,250,38.3749,46.4819,8.59555,-1.46399
0,250,38.8745,46.5984,8.59376,-1.84803
0,250,39.3198,46.8086,8.98794,-1.7784
0,250,40.0519,46.9437,7.89686,-2.30789
0,250,40.3089,47.3864,7.51914,-2.07512
0,250,40.7606,47.344,7.906,-2.54939
0,250,41.9702,47.2058,7.4475,-2.71056
0,250,42.4072,47.2561,6.97476,-2.56132
0,250,43.4032,46.8496,6.82858,-4.27727
0,250,43.1534,47.5047,7.02218,-2.05527
0,250,43.6035,47.2766,6.86903,-3.09452
0,250,44.0796,47.2665,6.38804,-3.15674
0,250,44.5305,47.3296,6.08242,-3.71184
0,250,45.1765,48.4049,5.32145,-3.03142
0,250,45.4872,47.9786,5.47036,-2.60226
0,250,44.9729,47.3106,6.20018,-2.74245
0,250,45.0179,47.8846,5.81922,-2.99788
0,250,44.1088,47.8037,6.02033,-2.90706
0,250,44.5785,47.8687,6.36951,-2.59397
0,250,43.8553,48.8396,5.44771,-2.38212
0,250,44.2688,48.3407,6.22227,-2.45279
0,250,44.3718,49.4747,5.05639,-3.01672
0,250,43.9443,50.3262,4.82461,-0.819417
0,250,45.1638,50.1061,3.84189,-1.90416
0,250,43.6771,50.032,4.46499,-0.429211
0,250,42.9381,51.114,4.8162,-2.29985
0,250,43.0619,49.5669,6.11153,-2.06352
0,250,43.4741,50.7368,4.45098,-0.99767
0,250,40.2752,51.662,2.2566,-0.946161
0,250,42.7643,50.3179,3.06445,-1.40869
0,250,39.7423,51.6103,2.53543,0.213636
0,250,37.414,52.0235,3.02418,-1.01015
0,250,35.8945,51.4039,5.29985,-0.908836
0,250,31.8191,43.7679,8.19529,1.03301
0,250,32.1883,43.8068,7.93472,1.12472
0,250,32.5123,44.0519,8.58279,0.335488
0,250,33.0153,44.3322,8.27006,-0.0961679
0,250,33.6584,44.3573,8.7346,0.384361
0,250,34.1937,44.4649,8.81254,0.0749107
0,250,34.577,44.7401,8.9726,-0.0670572
0,250,34.6875,45.1324,8.71282,-0.04849
0,250,35.1616,45.2754,8.30423,-0.697343
0,250,35.7502,45.1273,9.17427,-0.158736
0,250,35.5351,45.5915,9.40509,-0.742916
0,250,36.097,45.5162,9.24676,-0.832119
0,250,36.557,45.6637,8.4725,-1.13792
0,250,37.1668,45.797,9.00076,-1.14105
0,250,37.6886,45.8703,8.49902,-1.54208
0,250,38.2285,46.0304,9.09617,-2.67656
0,250,38.8413,46.1065,8.77217,-2.05127
0,250,39.344,46.2633,8.36467,-1.6073
0,250,39.7546,46.6218,7.8926,-2.08394
0,250,40.581,46.846,7.5359,-2.83025
0,250,41.1172,46.8812,7.72417,-3.62352
0,250,41.5878,47.0103,7.15342,-2.99881
0,250,42.4025,46.7066,7.4662,-2.95563
0,250,42.8592,46.6456,7.26143,-4.43955
0,250,43.9133,46.7613,5.30052,-4.33317
0,250,44.3936,46.789,6.73013,-3.63911
0,250,45.2345,46.8854,5.88497,-2.84147
0,250,45.416,47.4301,6.1642,-2.74813
0,250,45.7545,47.0537,5.56402,-3.69298
0,250,45.9058,47.6011,5.7811,-3.49355
0,250,45.8983,48.186,5.07772,-3.2033
0,250,46.3244,47.8733,5.29932,-2.88631
0,250,45.6185,48.6563,4.52477,-3.57281
0,250,45.6055,49.1373,4.18336,-2.93797
0,250,44.7038,48.9824,6.07259,-1.95272
0,250,45.1196,48.9205,4.76107,-1.693
0,250,44.6903,48.4392,5.38704,-1.51093
0,250,44.2366,48.9491,4.70275,-2.0043
0,250,44.8128,49.5268,4.52941,-1.88571
0,250,44.7483,50.0549,4.31299,-2.25672
0,250,45.4263,50.4739,3.38752,-0.969175
0,250,43.7995,50.9948,4.14777,-0.800431
0,250,44.1997,50.7823,4.31674,-0.909958
0,250,42.6013,50.8988,3.67351,-0.692832
0,250,44.1325,51.4307,1.24581,0.941672
0,250,41.681,51.4552,3.85259,0.749137
0,250,42.3825,51.4898,3.38929,-0.700934
0,250,39.9479,52.0849,1.68898,-0.525779
0,250,40.7792,51.4543,4.17039,0.141057
0,250,35.9065,51.9467,4.63693,-0.918535
0,250,33.0358,43.8404,9.15065,0.13831
0,250,33.3782,43.8837,8.89721,0.284088
0,250,34.225,43.9473,9.14589,-0.0336552
0,250,34.6279,44.0831,8.89036,-0.362209
0,250,35.0364,44.5557,9.02654,-0.368331
0,250,35.3744,44.8146,9.32397,-0.077917
0,250,35.8931,44.5968,8.94824,-0.853639
0,250,36.2777,44.9461,9.18845,-0.4202
0,250,36.6407,45.1409,9.88665,-1.19044
0,250,37.0739,45.3672,8.33183,-1.18984
0,250,37.6608,45.382,8.91802,-0.688092
0,250,38.0982,45.52,8.8242,-1.79473
0,250,38.6202,45.6821,9.16449,-1.53221
0,250,39.2199,45.7296,8.85537,-1.74109
0,250,39.7104,45.884,8.32375,-1.94871
0,250,39.9999,46.1724,7.85952,-2.3048
0,250,40.3911,46.4372,8.00209,-2.08073
0,250,40.943,46.4274,7.47775,-2.16999
0,250,41.517,46.4874,6.71134,-2.90999
0,250,42.0136,46.5584,7.56578,-3.10448
0,250,42.7901,46.1281,6.81537,-3.96417
0,250,43.2931,46.3794,7.28169,-3.9602
0,250,43.7678,46.2617,7.25608,-4.70527
0,250,44.2291,46.2582,6.28845,-4.40581
0,250,44.8047,46.6678,6.45909,-2.86168
0,250,45.564,46.4946,5.51045,-4.33084
0,250,46.0844,46.6977,5.39693,-4.91988
0,250,46.4145,46.4813,5.77346,-4.97569
0,250,46.2367,47.2562,5.76875,-3.67068
0,250,46.6527,47.143,5.58198,-4.2108
0,250,46.7516,47.7132,4.157,-2.69632
0,250,47.1359,47.555,3.91263,-2.36182
0,250,46.5685,48.3011,3.81034,-1.32708
0,250,47.0255,48.1889,3.40306,-2.96127
0,250,46.1039,48.6154,3.87849,-3.57316
0,250,45.6491,49.7077,4.21443,-2.28543
0,250,45.281,49.5166,4.57529,-0.657664
0,250,46.112,49.1779,4.36907,-2.25651
0,250,44.3048,50.0362,2.75714,-0.598451
0,250,44.9855,50.7077,3.17679,-0.868462
0,250,47.9758,48.0333,3.80375,-2.85291
0,250,46.5969,49.3631,3.28256,-2.11034
0,250,47.0702,49.164,1.96141,-1.26021
0,250,44.5822,50.5977,3.40546,-2.11488
0,250,45.9451,50.706,1.69403,-0.414749
0,250,43.6187,51.5654,2.37732,0.0472893
0,250,41.4859,52.052,2.1734,1.31052
0,250,42.1401,51.1403,5.13668,-1.31021
0,250,38.9412,52.0254,3.41433,0.345964
0,250,37.9573,52.0166,2.84273,-0.0334396
0,250,33.8491,43.9303,8.52898,0.253808
0,250,35.0225,43.9978,8.68913,0.0449734
0,250,35.7439,44.2224,9.31768,-1.82199
0,250,36.217,44.0592,9.45399,-1.45759
0,250,36.5413,44.5061,8.83375,-0.967928
0,250,37.0224,44.5509,8.82511,-0.949291
0,250,37.2326,44.9023,9.03113,-1.02593
0,250,37.7215,44.8816,8.71579,-1.04821
0,250,38.1956,44.9334,8.77534,-1.18363
0,250,38.5643,45.1665,9.41361,-1.65224
0,250,39.0221,45.2664,9.55836,-1.97452
0,250,39.5225,45.2964,8.80448,-2.10752
0,250,39.9916,45.3749,7.92574,-3.05884
0,250,40.3246,45.5722,8.7313,-3.67981
0,250,40.561,45.9374,7.70399,-2.123
0,250,40.9789,45.871,8.03036,-3.86519
0,250,41.3755,46.0317,7.73649,-3.43976
0,250,41.8928,46.0313,7.19009,-2.63739
0,250,42.3557,46.0955,6.71578,-2.97526
0,250,43.73,45.7392,7.2648,-3.79092
0,250,44.1434,45.7313,7.22601,-4.13343
0,250,44.5861,45.6504,7.19349,-4.88242
0,250,44.7069,46.1479,6.01458,-4.37965
0,250,45.4541,45.7784,5.93955,-3.92546
0,250,45.8424,46.1308,5.1048,-3.75484
0,250,46.2491,45.8433,5.07045,-5.05223
0,250,46.689,46.1143,5.81566,-4.47759
0,250,46.847,46.7408,5.1246,-2.95233
0,250,47.1951,47.0365,4.56523,-2.41251
0,250,47.4833,46.3613,5.76777,-2.81166
0,250,47.9522,46.4711,4.34891,-3.98832
0,250,48.3308,46.0862,4.77652,-3.61713
0,250,48.1704,46.9084,3.7636,-2.85526
0,250,48.1825,47.5513,4.30778,-2.62332
0,250,47.613,46.9285,3.92854,-2.62669
0,250,47.7801,47.3447,3.9689,-2.5808
0,250,47.5243,47.7868,4.86264,-1.88535
0,250,47.0075,48.7013,4.87808,-2.97566
0,250,46.5196,48.8498,3.56,-1.94587
0,250,45.8112,50.202,3.20553,-0.708539
0,250,47.5038,48.8084,3.46529,-1.91769
0,250,47.9492,48.5426,2.53412,-1.16277
0,250,48.7548,47.5866,3.07615,-3.13612
0,250,46.5515,50.4645,2.56852,-0.393086
0,250,46.6979,49.8068,1.42395,-1.69801
0,250,45.5074,51.0214,1.08339,0.104124
0,250,47.4558,49.4303,1.79556,-1.0052
0,250,41.9337,51.8345,1.57969,0.333494
0,250,43.168,50.5238,3.48465,-1.29293
0,250,38.4453,52.0239,2.79734,-0.279621
0,250,35.3663,44.074,8.6828,-0.131197
0,250,36.5037,44.0147,8.48786,-1.15422
0,250,37.3528,43.9729,9.60008,-1.93219
0,250,37.5893,44.2855,9.4845,-1.79092
0,250,38.0546,44.4004,9.60349,-1.57762
0,250,38.5982,44.3671,9.33107,-1.82738
0,250,38.8686,44.6728,9.36365,-1.49788
0,250,39.2823,44.7424,9.35644,-1.94401
0,250,39.7301,44.7847,9.38622,-1.67984
0,250,40.1697,44.8829,8.06491,-2.11457
0,250,40.6484,44.9032,9.05665,-4.24068
0,250,40.8177,45.2559,7.95687,-2.89182
0,250,41.2116,45.2653,7.95009,-4.47759
0,250,41.5817,45.4885,8.42194,-3.00452
0,250,42.0122,45.5403,8.5627,-3.52375
0,250,42.4955,45.5551,8.50314,-3.48221
0,250,42.8772,45.4867,8.09833,-3.9675
0,250,43.227,45.8843,6.82082,-3.73777
0,250,44.1981,45.1188,6.40913,-5.15586
0,250,44.6251,45.1264,6.75712,-5.3527
0,250,45.0521,45.636,5.92849,-5.2909
0,250,45.1633,46.2554,5.87027,-4.02598
0,250,45.9043,45.5728,5.24618,-4.00252
0,250,46.2479,45.0684,5.23502,-5.48984
0,250,46.9429,45.6385,3.95974,-3.8658
0,250,47.1418,46.2044,5.59584,-3.55235
0,250,47.4708,45.6849,3.91756,-3.93051
0,250,47.8456,45.9383,3.86154,-4.01626
0,250,48.1434,45.4317,5.10354,-4.12811
0,250,48.4508,45.0293,3.39218,-5.54898
0,250,48.7952,44.5004,4.25057,-5.76389
0,250,48.5636,45.7118,3.57784,-5.04091
0,250,48.8518,45.0941,3.71592,-4.71161
0,250,49.5363,44.0991,3.11538,-6.22104
0,250,48.583,46.5149,3.85953,-3.87702
0,250,49.131,44.3501,3.06257,-5.83904
0,250,47.4985,48.2691,3.42059,-4.13891
0,250,48.5414,47.1047,3.31281,-3.63922
0,250,46.1163,49.659,2.84673,-1.72047
0,250,48.4963,47.9401,2.5607,-2.18659
0,250,49.0122,47.1178,3.22444,-1.87947
0,250,49.2621,46.1001,2.78544,-3.96782
0,250,49.4304,45.5595,2.39187,-3.5467
0,250,48.279,48.9775,2.12578,-1.14374
0,250,47.8488,49.1643,2.56142,-2.10305
0,250,46.6704,50.9261,0.666439,-0.738559
0,250,48.4299,48.4831,1.96737,-2.27434
0,250,46.28,50.1608,2.16627,-1.55274
0,250,41.0225,51.9777,2.35749,-1.14895
0,250,39.4025,52.0068,1.87356,0.395613
0,250,37.0418,43.9699,9.56197,-1.4534
0,250,38.1023,43.9119,10.0175,-2.60828
0,250,38.8615,43.8092,8.93143,-2.82313
0,250,39.1764,43.9945,9.38291,-2.64472
0,250,39.6438,44.219,9.16344,-1.95227
0,250,40.0877,44.1857,9.25267,-3.40185
0,250,40.4705,44.3856,8.69704,-3.18406
0,250,40.8972,44.3349,9.30411,-3.33362
0,250,41.225,44.6077,8.47826,-3.34561
0,250,41.5794,44.8379,8.09342,-4.35768
0,250,41.9542,44.9534,8.39358,-4.56724
0,250,42.3564,44.9817,8.29152,-4.665
0,250,42.7132,44.8115,7.63874,-5.68788
0,250,43.1347,44.9702,8.38381,-4.88565
0,250,43.3914,45.3843,7.59105,-4.22705
0,250,43.8209,45.0589,6.91831,-4.66631
0,250,44.7764,44.548,7.04781,-5.28405
0,250,45.0995,45.0925,6.71541,-5.43961
0,250,45.5527,45.1861,6.53895,-4.68836
0,250,45.86,44.8639,6.15581,-5.07784
0,250,46.5106,44.6166,5.2683,-4.69856
0,250,46.8379,44.9705,5.17453,-5.18169
0,250,46.5564,45.415,4.52669,-4.93564
0,250,47.2586,45.2383,3.86658,-4.72865
0,250,47.498,44.7541,3.58306,-5.80612
0,250,47.7997,45.2484,3.63819,-5.32708
0,250,47.9297,44.6644,3.87044,-4.11459
0,250,48.3174,44.5189,3.9441,-5.89143
0,250,48.4586,43.9954,4.22179,-4.02375
0,250,49.2656,43.7932,2.83705,-4.59936
0,250,49.2756,43.0449,2.4524,-5.52131
0,250,49.2606,44.9892,3.85021,-4.55019
0,250,49.574,43.4263,1.70804,-5.86424
0,250,50.2778,41.023,1.40504,-6.9423
0,250,49.9614,44.415,2.84233,-3.28861
0,250,49.9392,43.5627,1.44054,-2.94989
0,250,48.9735,45.6421,3.68309,-3.74007
0,250,50.4292,42.0684,1.90499,-4.93954
0,250,48.9207,46.3433,3.37934,-3.92247
0,250,49.7792,45.2591,1.5522,-3.83887
0,250,49.5898,44.7044,2.49685,-4.58865
0,250,48.2497,49.522,1.72108,-2.11636
0,250,49.2332,47.7754,2.27667,-2.44858
0,250,48.9099,48.2419,2.21799,-1.54166
0,250,47.8447,49.8077,1.87869,-1.27873
0,250,45.534,51.4094,0.0800109,0.344731
0,250,42.9596,52.0262,-0.215809,-1.91582
0,250,45.0411,51.6459,-0.687018,0.70605
0,250,43.462,52.0088,-0.0217903,1.44589
0,250,40.5726,51.9831,1.81989,-0.0617566
0,250,38.4702,43.8228,9.39697,-2.43584
0,250,39.5696,43.6793,9.40733,-3.24843
0,250,40.2975,43.4367,10.0198,-3.91944
0,250,40.6697,43.7784,10.1271,-3.92209
0,250,41.2475,43.9208,9.11276,-3.20811
0,250,41.6894,43.8379,9.09022,-3.50009
0,250,41.8416,44.2866,7.93711,-2.84657
0,250,42.227,44.2972,7.93124,-3.79629
0,250,42.6602,44.1942,8.73017,-4.72115
0,250,43.0641,44.3642,8.99118,-4.77552
0,250,43.468,44.1291,7.82688,-4.88912
0,250,43.5368,44.6783,7.42531,-4.95471
0,250,43.9632,44.4469,8.17979,-5.30777
0,250,44.3647,44.519,7.38179,-5.55135
0,250,45.2348,44.644,6.56967,-3.92641
0,250,45.5993,44.3571,5.7823,-4.77076
0,250,45.9986,43.8658,6.03104,-5.5667
0,250,46.0702,44.3511,5.99953,-5.77664
0,250,46.7761,44.1963,4.02119,-5.77805
0,250,47.1582,43.8333,4.43132,-7.34864
0,250,47.1047,44.5135,4.12251,-6.64017
0,250,47.5471,44.1998,4.77444,-5.62966
0,250,47.8101,43.2076,3.90339,-6.98605
0,250,47.9319,44.0333,4.37192,-5.67924
0,250,48.6237,42.8133,2.89409,-8.2028
0,250,48.9012,42.2076,2.33888,-7.09276
0,250,48.8661,43.2925,2.71305,-6.20804
0,250,48.7626,43.7259,2.26036,-5.85086
0,250,49.5346,41.9473,2.02418,-5.50787
0,250,49.6105,42.6193,1.95583,-6.4685
0,250,49.8722,42.2617,0.948365,-8.12136
0,250,50.8048,41.3635,1.26582,-6.63927
0,250,50.3643,43.1134,1.17685,-5.48455
0,250,49.8097,45.8387,2.1011,-2.42529
0,250,50.1289,46.0962,1.54412,-1.86959
0,250,48.0023,50.4398,0.715908,-1.02707
0,250,49.2663,46.8374,2.33084,-3.71246
0,250,50.135,44.9479,1.35339,-3.66895
0,250,49.6299,46.4343,2.64553,-1.56845
0,250,50.0107,46.6197,1.2543,-2.94644
0,250,47.3481,50.5806,1.44673,-0.242209
0,250,48.7945,48.8116,1.98451,-2.15259
0,250,48.716,49.3215,1.11198,-2.32793
0,250,47.5826,50.1612,1.75904,-1.47449
0,250,47.1543,49.7855,2.3453,-2.49654
0,250,46.5674,51.4365,1.27465,-0.34259
0,250,46.0714,51.5242,0.913591,-0.252773
0,250,44.9539,51.2,1.81496,-0.702167
0,250,44.5208,51.2573,1.36897,-1.66178
0,250,42.3126,52.0741,0.99242,0.876902
0,250,39.9861,43.6089,9.30506,-3.81288
0,250,40.933,43.5035,9.67404,-3.4652
0,250,41.8555,43.3317,8.96472,-3.80688
0,250,42.1004,43.1815,7.90386,-4.90436
0,250,42.2804,43.7883,7.389,-4.24195
0,250,42.7642,43.6017,8.37272,-4.36626
0,250,43.1523,43.7337,8.33454,-5.53735
0,250,43.5959,43.4811,7.4833,-4.96987
0,250,43.9092,43.8798,8.009,-5.52534
0,250,44.2812,43.8709,6.79193,-5.01655
0,250,44.6935,43.9687,6.70195,-5.30778
0,250,45.1356,44.0419,6.87474,-5.89708
0,250,45.536,43.7786,6.03242,-6.53637
0,250,46.0776,42.619,5.40428,-6.98092
0,250,46.3322,43.2271,5.04495,-5.50461
0,250,46.4195,43.8877,5.77295,-4.89674
0,250,47.113,43.2489,4.5566,-6.99584
0,250,47.3558,42.8472,4.36927,-6.63056
0,250,47.5333,43.5897,4.0346,-5.35482
0,250,47.4524,42.3548,3.18651,-8.25603
0,250,47.8645,42.7684,3.7547,-6.6112
0,250,48.3325,43.1381,3.23781,-6.07271
0,250,48.1706,43.6037,3.1542,-7.10056
0,250,48.8026,41.4064,1.78351,-8.65989
0,250,49.2347,41.1014,2.24296,-6.41402
0,250,49.1111,42.6252,1.51785,-6.30435
0,250,49.1308,41.7829,2.34586,-7.74802
0,250,49.8658,41.0321,1.32048,-6.95084
0,250,49.9589,42.9491,1.50703,-4.35977
0,250,50.3629,40.5766,0.191172,-7.1212
0,250,50.437,41.5668,0.892275,-6.87164
0,250,50.8368,42.2648,1.1722,-6.81193
0,250,50.183,44.0825,1.58239,-5.54698
0,250,50.3982,43.677,0.157267,-4.64373
0,250,50.5346,44.7924,0.618188,-3.92684
0,250,50.2776,45.4439,0.926786,-2.91223
0,250,50.6233,45.6357,1.27261,-1.04419
0,250,50.57,46.1893,0.745093,-1.18219
0,250,50.5031,46.6952,1.89798,-2.31065
0,250,50.658,44.2873,0.538293,-4.61066
0,250,48.771,49.827,1.54884,-0.429137
0,250,50.1074,47.7149,2.27378,-1.31467
0,250,45.7696,51.9527,0.0898342,-0.0696045
0,250,49.5099,47.4499,2.4177,-2.85775
0,250,47.0054,50.2664,1.56777,-0.52883
0,250,47.0738,51.0126,0.804946,-1.33559
0,250,44.757,52.0658,-0.166726,0.721391
0,250,46.7389,51.9659,2.30725,-0.834483
0,250,44.3933,51.8384,0.445358,-0.572337
0,250,43.2682,51.3736,3.84302,-0.146437
0,250,41.32,43.2082,9.37712,-4.76032
0,250,42.5165,43.1623,8.73471,-5.15049
0,250,43.1054,42.6464,8.01408,-7.4331
0,250,43.3651,43.1907,8.44993,-4.42783
0,250,43.9183,42.9035,7.7689,-6.67866
0,250,44.1555,43.1475,7.553,-5.71177
0,250,44.552,42.7268,7.46544,-6.19225
0,250,44.5714,43.3058,6.92074,-6.35582
0,250,44.9889,43.468,6.10169,-5.61804
0,250,45.4743,43.2975,6.11021,-6.41447
0,250,45.9515,43.1975,5.97748,-6.65831
0,250,46.5824,42.8334,4.64192,-6.18937
0,250,46.7789,43.491,5.19358,-6.04395
0,250,47.0668,42.1091,3.33486,-6.32773
0,250,47.4197,41.0901,3.76508,-8.78185
0,250,47.4522,41.7006,3.58252,-8.52385
0,250,47.8448,41.8612,4.01242,-6.78685
0,250,47.9939,42.2888,2.50287,-7.52398
0,250,48.4052,42.3944,2.81691,-7.16907
0,250,48.5516,41.8621,2.83297,-5.73616
0,250,48.7638,40.8468,2.58098,-7.6313
0,250,49.0226,40.3958,1.92036,-8.76678
0,250,49.5942,41.4321,2.03313,-7.89445
0,250,49.4422,40.6985,2.0376,-7.81541
0,250,50.0266,41.7066,1.00178,-5.6999
0,250,49.6368,39.0147,-0.124318,-9.41274
0,250,50.0186,40.0827,0.718864,-7.56018
0,250,50.4562,38.6801,-0.429414,-6.10855
0,250,50.3695,39.8156,0.959263,-6.1677
0,250,50.2813,42.5518,0.812646,-6.35481
0,250,50.7486,39.8588,-0.384091,-7.43211
0,250,50.7696,42.8729,1.2959,-4.54093
0,250,51.136,42.0185,2.13201,-4.76945
0,250,50.9033,43.8431,0.637608,-3.5285
0,250,51.6292,43.8749,0.545238,-2.69185
0,250,51.0589,46.0864,0.551258,-2.92901
0,250,51.5492,44.5134,1.78366,-3.76032
0,250,51.6385,40.915,0.868382,-4.49758
0,250,50.8602,45.1824,1.12768,-1.55946
0,250,51.1667,45.638,1.36178,-0.49339
0,250,49.6806,47.9766,1.81865,-2.53157
0,250,50.9826,44.6143,-0.0845888,-2.56919
0,250,50.5558,47.127,0.112271,-1.1578
0,250,49.2481,48.8968,0.186293,-1.5826
0,250,49.7199,47.02,1.9795,-2.04354
0,250,47.4607,51.2792,-0.101972,0.0982718
0,250,49.1608,49.4398,0.175699,-1.08761
0,250,48.3178,50.028,-0.0425336,-1.9233
0,250,46.1515,51.0347,0.805224,-0.885592
0,250,42.774,51.6894,2.12533,-2.18624
0,250,42.8819,42.9162,8.59909,-6.20384
0,250,43.4646,42.5351,7.73113,-6.88468
0,250,44.1352,42.1791,7.15053,-7.69054
0,250,44.4704,42.1754,6.63201,-7.97322
0,250,44.9104,42.3534,6.99997,-6.65515
0,250,44.963,42.9508,6.19075,-5.70726
0,250,45.341,42.4104,6.65607,-6.41357
0,250,45.5404,42.8306,5.96235,-5.9065
0,250,46.3837,42.252,5.95487,-6.28921
0,250,46.6446,41.8988,3.86251,-7.69665
0,250,46.9027,42.5821,4.46299,-5.98366
0,250,47.4567,40.4391,2.89361,-8.1785
0,250,47.826,41.2305,3.71647,-7.31742
0,250,47.8521,40.7102,2.85641,-7.80258
0,250,48.2358,40.5043,2.94104,-8.60503
0,250,48.2291,41.5268,3.86788,-7.29955
0,250,48.3825,41.047,2.20006,-8.73919
0,250,48.6177,39.6444,1.5363,-9.28163
0,250,49.0098,39.7426,1.70436,-9.57396
0,250,49.3939,40.0414,1.19256,-8.40551
0,250,49.2409,39.2018,0.573952,-8.33152
0,250,49.8026,40.3894,2.50452,-7.41063
0,250,49.5772,39.6019,0.762918,-8.13322
0,250,50.1747,38.9873,0.71311,-6.73435
0,250,49.9853,39.4129,-0.0406559,-7.33878
0,250,50.4886,37.856,-1.09258,-9.68341
0,250,50.5926,39.2813,0.678698,-8.27238
0,250,50.7527,40.4981,-0.139034,-7.29122
0,250,50.97,39.4178,-0.622714,-6.09102
0,250,50.9565,40.9422,0.601831,-6.32057
0,250,51.1896,40.1818,0.819315,-6.0643
0,250,51.2846,40.5748,1.75453,-7.9554
0,250,50.8575,43.3827,-0.398206,-4.67375
0,250,51.1354,42.676,1.57223,-3.2491
0,250,51.2874,44.1396,0.38726,-4.08517
0,250,51.3149,43.4181,-0.278916,-5.82487
0,250,51.5938,38.8919,-2.03866,-7.54192
0,250,51.6554,45.3003,0.0456759,-2.70172
0,250,51.291,45.0703,-0.205945,-4.24803
0,250,50.858,47.4813,0.855919,-1.51803
0,250,49.35,49.9537,1.89294,-1.19844
0,250,52.0688,45.9386,-0.993586,0.0635273
0,250,47.769,50.8732,-0.171875,-0.361078
0,250,50.1323,47.3485,2.20569,-2.31044
0,250,48.5332,50.4813,0.042941,-1.38396
0,250,51.4451,39.8272,0.795242,-6.15706
0,250,47.2931,52.0301,0.767824,0.432324
0,250,49.2934,48.3842,1.17925,-2.65238
0,250,47.0446,51.5956,1.0292,-0.658316
0,250,43.9776,52.0313,0.693435,0.933528
0,250,43.8256,42.3518,7.1978,-7.27247
0,250,44.7736,41.6271,6.0189,-7.43774
0,250,45.2377,41.1788,5.21682,-9.07532
0,250,45.2852,41.8322,5.51313,-7.04012
0,250,45.638,41.7371,4.46305,-7.80735
0,250,45.7984,42.2468,6.11235,-6.85906
0,250,46.656,41.2814,4.22685,-8.28152
0,250,47.0287,41.4776,3.87725,-8.49196
0,250,46.9988,40.8986,3.11071,-9.97579
0,250,47.0501,40.2356,3.96379,-8.85672
0,250,47.9769,39.0849,1.87045,-10.1111
0,250,48.1632,39.5261,2.15089,-8.69059
0,250,48.6312,40.2141,2.44568,-9.19132
0,250,48.658,38.3242,0.40584,-8.8648
0,250,48.887,39.0013,1.5222,-9.86093
0,250,49.0216,38.4306,-0.0621123,-8.09092
0,250,49.2826,37.9128,-0.926529,-8.41163
0,250,49.4454,38.4547,1.10215,-8.23408
0,250,49.8468,38.4721,0.00558902,-9.558
0,250,49.6481,37.1565,-0.164819,-8.80193
0,250,50.127,38.1156,0.596808,-9.08095
0,250,49.7576,35.4813,0.557857,-9.53005
0,250,49.9756,37.4699,0.456904,-9.17841
0,250,50.4733,36.8347,-0.109618,-8.94986
0,250,50.379,37.3302,-1.86869,-9.85381
0,250,50.7525,38.4418,0.155469,-8.57355
0,250,51.2301,37.2058,0.832758,-9.24665
0,250,50.885,37.4525,-0.478765,-9.23091
0,250,51.0639,38.8228,-0.14266,-6.20762
0,250,50.9718,37.8851,0.178741,-9.34277
0,250,51.2519,36.5948,-0.0525981,-8.41486
0,250,51.2467,38.3986,-1.25784,-5.0921
0,250,51.6502,38.2078,0.90585,-7.67284
0,250,51.2437,41.4464,0.266551,-7.64628
0,250,51.9598,40.8852,1.10996,-4.60458
0,250,52.0584,38.368,0.402897,-4.49395
0,250,51.6424,42.5776,0.778313,-5.07462
0,250,51.3361,47.5095,1.08352,-0.27683
0,250,50.5884,49.3373,0.569204,-1.90631
0,250,52.1011,41.4868,1.42284,-4.69137
0,250,50.9197,49.1838,1.23426,-0.813488
0,250,51.5469,46.331,2.23776,0.692456
0,250,52.0793,42.7396,2.07623,-3.72373
0,250,50.9709,48.505,0.919638,-0.300397
0,250,50.1745,48.8763,0.619386,-1.07614
0,250,50.9733,46.5768,1.83531,-2.22081
0,250,47.6749,51.8146,0.710756,-0.102071
0,250,50.3935,48.2297,0.425165,-0.523002
0,250,51.159,47.0308,-0.91153,-0.932498
0,250,45.3365,52.0101,-0.439296,0.278607
0,250,44.7946,41.4255,4.65852,-8.13855
0,250,45.8881,40.9117,4.40622,-8.23726
0,250,45.9496,40.4099,3.10203,-8.78496
0,250,46.1349,41.7251,6.41952,-7.05751
0,250,46.1499,41.3008,4.34597,-7.9146
0,250,46.6988,40.5148,3.54733,-8.26151
0,250,46.8972,39.8081,3.69532,-9.28429
0,250,47.6053,39.4595,2.88459,-8.68914
0,250,48.1702,38.6292,1.54284,-10.339
0,250,47.6756,40.0883,2.09133,-9.76802
0,250,48.5123,39.0489,1.36339,-9.05897
0,250,48.9908,36.8764,0.342417,-10.2567
0,250,49.2141,37.3152,0.471015,-8.83332
0,250,49.7062,37.8722,0.47755,-8.97539
0,250,49.5608,36.6718,0.556127,-9.71682
0,250,49.813,36.1529,-0.0912022,-9.40209
0,250,50.0188,36.7616,0.702614,-8.70573
0,250,49.5383,34.8587,-0.877572,-9.65246
0,250,50.0518,34.4696,-0.1594,-9.26474
0,250,50.2727,36.2621,0.152375,-9.99662
0,250,50.1287,35.6825,0.222452,-9.21683
0,250,50.8342,36.6643,-0.14538,-9.06852
0,250,50.5853,35.4808,-0.0877574,-7.88333
0,250,50.486,34.0998,-0.119218,-8.69078
0,250,50.8745,33.8641,0.143704,-9.14234
0,250,51.0467,36.135,-0.0760027,-8.39324
0,250,50.8711,35.213,0.548053,-9.12173
0,250,50.6588,34.5535,-0.173902,-9.18881
0,250,51.446,37.6785,-0.611993,-8.6441
0,250,51.4501,39.3608,0.851296,-4.21993
0,250,51.604,42.1279,0.0865698,-6.24753
0,250,51.6694,37.1525,0.817617,-7.63846
0,250,51.1242,34.6929,-0.0949214,-7.64991
0,250,51.358,33.9064,-1.0057,-7.798
0,250,51.7349,35.1259,0.232394,-5.35781
0,250,52.0152,39.548,2.22019,-3.56601
0,250,51.6357,45.8613,-0.431439,-0.840874
0,250,52.0446,37.3305,1.44181,-6.06473
0,250,51.3234,48.9344,1.07802,-2.50037
0,250,50.8031,49.8819,0.505343,-1.91278
0,250,52.0669,45.3085,-1.13677,-1.04985
0,250,51.8977,44.7591,1.83953,-1.61248
0,250,50.3067,50.6819,-0.143756,-0.451887
0,250,51.1615,50.2874,1.75546,-0.292273
0,250,51.0982,48.0572,-0.281314,-1.36916
0,250,49.4311,50.465,-0.772668,0.773608
0,250,50.6375,47.8784,1.08615,-1.06954
0,250,49.688,48.7892,1.20937,-0.638501
0,250,50.582,48.6764,0.332325,-0.661237
0,250,46.2639,51.9867,0.791648,-0.52184
0,250,45.4981,41.0787,6.35079,-8.68903
0,250,46.1068,40.0387,3.27065,-8.21806
0,250,46.5395,39.469,2.85715,-9.91831
0,250,46.3712,40.7385,3.33603,-7.8405
0,250,47.4387,38.9575,3.19937,-10.6428
0,250,47.2531,39.5493,2.23856,-9.20434
0,250,48.2988,38.0624,1.21801,-9.47738
0,250,48.1037,40.0006,2.50046,-9.37102
0,250,48.1957,36.6808,0.500923,-8.84436
0,250,48.8939,37.702,0.142865,-7.80141
0,250,49.2342,36.3374,0.568691,-9.45931
0,250,48.8397,35.3258,-0.0353014,-9.52643
0,250,49.2291,35.2371,-0.975447,-10.0863
0,250,49.5843,34.3579,-1.24859,-9.6125
0,250,48.9386,34.1325,-1.39164,-9.54913
0,250,49.4003,33.8861,-1.69622,-9.28705
0,250,49.9469,35.0628,-0.989665,-9.47484
0,250,50.3955,34.9104,-0.239512,-9.48484
0,250,50.5866,35.9863,0.00424428,-9.50142
0,250,49.9978,33.526,-0.941782,-8.53444
0,250,50.5993,33.5438,-0.620082,-7.59254
0,250,49.6605,32.4608,-1.29358,-8.54697
0,250,51.1744,33.2288,-0.0784579,-8.29672
0,250,50.1385,33.0479,-1.7603,-8.24552
0,250,50.6441,32.9799,-1.09505,-8.43151
0,250,51.2974,35.8241,0.207538,-8.59443
0,250,51.3219,34.4496,0.335794,-6.59745
0,250,51.2619,35.3571,-0.0760971,-7.86666
0,250,50.5678,32.4108,-1.08502,-8.33561
0,250,50.7484,32.1634,-0.597865,-7.42471
0,250,49.6438,29.6917,-1.48288,-7.9716
0,250,52.0748,35.8017,0.467597,-5.60776
0,250,51.6684,33.1947,0.188197,-6.49037
0,250,52.0677,36.4692,1.26482,-5.86788
0,250,51.5721,32.7375,-1.09091,-6.43267
0,250,50.6228,31.4546,-0.908814,-7.48767
0,250,51.7181,36.6252,0.328037,-8.10067
0,250,51.7664,47.3699,0.0359859,-2.15542
0,250,52.0505,32.8088,-0.342514,-4.32528
0,250,51.534,48.5199,0.090945,-0.293695
0,250,51.7347,35.8783,0.242812,-6.56328
0,250,51.9454,38.9968,-2.03259,-2.70314
0,250,49.9276,50.3736,0.547571,-0.924419
0,250,51.9996,43.266,0.571621,-4.34006
0,250,49.9141,48.3785,-0.347029,-1.97734
0,250,51.9091,39.9866,0.349777,-3.62566
0,250,49.8272,49.9186,-0.222547,-1.71869
0,250,50.2838,49.7401,1.69841,-0.87858
0,250,49.5973,49.4312,0.290653,-0.499112
0,250,48.9766,50.2735,-0.0700607,-0.690249
0,250,46.3051,39.7728,2.72638,-9.16683
0,250,46.9132,38.8209,3.14038,-10.4012
0,250,47.2123,38.1547,1.76723,-9.39567
0,250,47.666,38.5014,2.0704,-8.88128
0,250,47.8804,37.5448,1.45792,-10.2258
0,250,48.0986,37.0977,0.560135,-10.2391
0,250,48.4408,37.6022,0.840677,-8.99141
0,250,48.6407,37.1701,-0.198213,-10.2775
0,250,48.48,35.5919,-0.719926,-9.81032
0,250,49.4194,35.8742,0.480908,-9.26707
0,250,49.0281,34.6001,-0.417553,-9.50152
0,250,48.2506,32.5785,-1.24037,-8.23811
0,250,48.9222,33.5898,-1.19463,-8.23476
0,250,48.5516,32.3597,-1.36905,-8.24635
0,250,49.7894,33.1048,-1.39731,-8.39931
0,250,49.9627,33.9671,-1.33365,-9.22509
0,250,49.4406,31.9389,-1.58934,-8.40144
0,250,49.0333,31.5724,-1.33553,-7.95963
0,250,48.8649,30.3794,-1.96258,-8.01087
0,250,49.9323,31.9018,-0.829324,-8.41497
0,250,49.4934,31.3527,-1.51335,-8.19841
0,250,49.4141,30.8017,-1.65382,-7.90753
0,250,50.0293,32.3911,-1.40672,-8.25881
0,250,49.1677,29.2492,-1.72577,-7.88844
0,250,50.0231,31.5341,-0.689734,-8.46893
0,250,49.8856,31.1247,-1.48839,-8.10834
0,250,49.4767,27.947,-1.79591,-7.78238
0,250,50.3708,29.8251,-1.12348,-7.28289
0,250,49.578,28.5038,-1.78185,-7.53651
0,250,51.1022,31.9179,0.68598,-7.02737
0,250,50.0599,30.2747,-1.42658,-7.54527
0,250,50.4907,27.2288,-1.26487,-6.26393
0,250,50.1515,28.854,-1.64908,-7.10226
0,250,50.8342,30.1143,-1.4939,-5.51946
0,250,51.8698,32.1112,0.154971,-5.73533
0,250,51.5064,32.1525,-0.233002,-7.37495
0,250,49.9765,29.451,-1.67505,-7.28675
0,250,52.22,28.5725,0.347887,-1.19229
0,250,51.0196,31.4282,-0.388004,-6.80581
0,250,51.6046,31.5884,0.432003,-5.39094
0,250,51.113,32.8098,-0.599504,-7.64186
0,250,51.9469,40.3725,2.57896,-4.60937
0,250,51.5636,49.3418,0.663286,0.0157775
0,250,51.0626,29.6618,-1.4277,-5.17063
0,250,51.9766,48.7497,1.56279,-0.288318
0,250,51.5781,49.9808,1.35971,-0.189885
0,250,50.4527,50.2018,1.40786,-0.119082
0,250,48.8499,51.3408,-1.49014,-0.293474
0,250,48.8398,50.8337,-0.0712731,0.410564
0,250,47.9411,51.3944,-0.501757,-0.538573
0,250,46.7794,39.1016,2.313,-9.27134
0,250,46.9861,38.3692,1.9298,-9.23366
0,250,47.3822,37.2947,0.370112,-9.66335
0,250,47.8115,38.1053,0.954805,-9.82559
0,250,48.4742,36.1439,-0.129252,-9.01816
0,250,48.9194,35.865,0.573209,-10.2459
0,250,47.9581,35.4919,-1.09284,-9.54755
0,250,48.096,35.1001,-1.32883,-9.01207
0,250,48.4737,34.164,-0.95129,-8.69063
0,250,48.467,33.506,-1.01339,-8.47841
0,250,49.0861,32.8621,-1.33586,-7.82952
0,250,49.3641,33.4203,-1.8634,-8.02491
0,250,49.1917,32.5532,-1.46408,-8.10274
0,250,48.4923,29.8137,-1.99921,-7.53696
0,250,48.4247,29.4278,-2.1547,-7.41782
0,250,48.6515,28.7916,-1.93587,-7.67804
0,250,49.3144,30.0244,-1.63925,-7.84985
0,250,49.0863,29.6234,-2.11154,-7.66991
0,250,48.7453,28.5284,-2.00171,-7.64566
0,250,49.4852,28.9878,-1.49503,-7.57577
0,250,49.8165,30.5468,-1.34884,-7.80898
0,250,49.1765,26.883,-1.72098,-7.62228
0,250,49.4039,26.1856,-1.57753,-7.79901
0,250,49.48,27.6221,-1.75548,-8.03111
0,250,49.0083,27.4616,-1.7135,-7.57557
0,250,49.9826,26.2966,-1.14341,-7.14204
0,250,49.9064,27.1436,-1.22874,-7.46807
0,250,49.5791,26.8399,-1.4049,-7.69989
0,250,49.8735,28.3315,-1.85602,-7.4766
0,250,50.1036,26.6639,-0.863147,-6.84455
0,250,50.0797,23.7418,-0.581845,-7.53922
0,250,50.5779,26.108,-1.04197,-5.74114
0,250,50.7015,26.5242,-0.964906,-5.80803
0,250,51.1134,26.3838,-0.672173,-3.43218
0,250,51.3431,27.3249,-0.242893,-4.13919
0,250,51.9057,30.3146,-0.482304,-1.46515
0,250,50.7397,27.1857,-0.878275,-5.87009
0,250,52.2138,33.7621,-0.248755,-1.96867
0,250,50.4409,29.2671,-1.56735,-6.62291
0,250,50.0784,21.415,-0.877422,-6.52583
0,250,47.8977,17.7202,-2.23441,-8.24973
0,250,51.9928,43.712,1.11819,-2.74165
0,250,51.8363,34.8957,-1.62547,-5.61748
0,250,51.6051,41.5647,0.655777,-5.11452
0,250,48.9154,51.9506,-1.82446,-0.283801
0,250,51.5583,48.036,-0.691739,-0.732112
0,250,51.5457,46.7912,0.228385,-0.358386
0,250,51.4997,50.9995,1.24478,1.75694
0,250,49.2483,50.9871,-0.381086,-0.116689
0,250,48.2659,50.9347,-0.249722,-1.23898
0,250,47.3254,37.6675,2.24582,-9.61722
0,250,47.612,36.5945,0.656192,-9.39607
0,250,48.0166,35.9187,-0.898211,-9.50675
0,250,48.7287,36.4904,-0.510184,-9.44744
0,250,48.2393,34.7172,-1.15995,-8.73625
0,250,47.5376,34.2447,-1.32661,-8.57913
0,250,48.1091,34.1878,-1.14575,-8.84681
0,250,48.7003,33.0692,-1.00747,-8.17806
0,250,48.1525,32.0783,-1.37322,-7.94776
0,250,48.9504,32.0136,-1.42556,-7.72806
0,250,48.2308,30.904,-1.594,-7.17443
0,250,47.6203,29.949,-2.27643,-7.14076
0,250,47.5303,29.5707,-2.15051,-6.91252
0,250,47.8785,28.0911,-2.20205,-7.19843
0,250,48.3546,28.2779,-1.98526,-7.33982
0,250,48.6633,27.1085,-1.63139,-7.60102
0,250,48.3906,27.6185,-1.93316,-7.4468
0,250,48.868,27.8629,-1.92117,-7.68368
0,250,49.4674,24.5148,-0.81605,-7.47387
0,250,49.0979,25.2982,-1.87477,-7.06942
0,250,49.6011,25.7584,-1.83241,-7.41596
0,250,50.088,25.7909,-1.61348,-7.03136
0,250,49.9205,24.1235,-0.521311,-7.56948
0,250,49.8545,25.1974,-1.03545,-6.94169
0,250,50.5017,25.2565,-1.20294,-5.3829
0,250,49.7813,22.803,-0.914329,-7.1243
0,250,50.273,25.102,-1.27421,-6.25328
0,250,51.1229,25.6214,-0.741952,-3.82682
0,250,48.8734,19.8581,-1.92241,-7.30927
0,250,50.7484,22.5928,-0.713763,-6.85944
0,250,51.5977,26.5017,0.0889313,-2.92031
0,250,51.7037,27.1004,-0.244536,-3.91784
0,250,51.3822,23.5574,-0.487843,-5.8488
0,250,47.1747,17.3146,-2.99301,-8.11091
0,250,47.9989,18.4725,-2.24734,-8.04104
0,250,51.4463,27.9056,0.200456,-3.69782
0,250,48.0155,16.9697,-2.71979,-7.10648
0,250,51.6898,26.2202,-0.276239,-2.25172
0,250,52.1434,34.5606,-2.44777,-7.33838
0,250,50.7179,29.0249,-1.54408,-6.09844
0,250,51.6826,33.9199,-0.626949,-6.52007
0,250,52.0579,42.0993,0.411148,-3.14875
0,250,51.5217,43.0919,-0.256315,-4.6591
0,250,50.1654,51.7083,0.564154,-0.974068
0,250,49.2992,51.5726,-1.22537,0.34511
0,250,52.0579,48.2397,-3.17007,-1.01639
0,250,50.1065,51.1704,0.448646,-1.15257
0,250,50.8406,50.5745,1.35965,-0.998148
0,250,48.5055,51.9245,-1.72089,-0.214556
0,250,48.0794,52.0058,-0.530121,-0.722327
0,250,47.4315,36.9388,1.0968,-10.6675
0,250,47.7773,36.3003,0.139978,-9.57918
0,250,47.3647,35.2843,-0.546805,-8.31381
0,250,47.6451,34.5289,-0.972125,-8.3203
0,250,48.6903,34.8291,-1.48873,-8.81432
0,250,47.5693,32.0471,-1.89019,-7.8956
0,250,47.6187,31.1036,-1.73709,-7.54028
0,250,48.4763,31.7234,-1.6884,-7.61642
0,250,48.9168,30.8646,-1.61124,-8.098
0,250,47.8579,30.2871,-2.11468,-7.42425
0,250,48.1416,28.7091,-1.95393,-7.29194
0,250,48.0248,27.2595,-1.80434,-7.19832
0,250,48.5809,26.6554,-1.45237,-7.58179
0,250,48.3189,25.0573,-1.3777,-7.07647
0,250,49.0488,26.3815,-1.33174,-7.49957
0,250,47.9032,25.4595,-1.46164,-7.03279
0,250,49.4876,25.1746,-1.72942,-7.44603
0,250,49.3868,23.2313,-0.822326,-7.22965
0,250,49.6801,21.9842,-0.825382,-6.88628
0,250,50.5514,23.269,-0.573531,-7.3342
0,250,49.9978,22.5304,-1.03742,-7.0339
0,250,50.5546,22.8277,-0.94619,-7.01821
0,250,49.7873,21.13,-0.992749,-6.80471
0,250,48.5132,19.9067,-1.81936,-7.63616
0,250,48.7495,19.3777,-2.16209,-7.44321
0,250,49.219,19.6033,-1.92111,-7.20919
0,250,47.2189,17.9424,-2.88464,-7.86496
0,250,47.7023,17.8713,-2.48321,-7.9384
0,250,47.6131,17.1387,-2.77983,-8.07313
0,250,49.0228,19.1365,-1.91986,-7.30414
0,250,43.9713,10.6342,-4.18809,-10.8872
0,250,48.9769,17.5932,-1.97231,-7.63183
0,250,48.2375,17.3748,-4.7339,1.12557
0,250,49.5681,13.1386,-1.11979,-2.97466
0,250,48.0877,13.4205,-4.6063,-9.19257
0,250,48.532,12.9298,-3.73323,-11.6621
0,250,51.8679,24.7001,-0.0708898,-2.45983
0,250,49.9829,18.6089,-1.13563,-6.78589
0,250,50.5404,30.7448,-1.65458,-5.80857
0,250,50.2624,22.0789,-1.18737,-7.22711
0,250,50.0194,18.3064,-1.10157,-6.7715
0,250,49.5992,19.2252,-1.70447,-6.85202
0,250,52.0362,49.7321,0.275173,-0.721968
0,250,52.0705,44.352,-0.749924,-3.17602
0,250,52.0171,31.6849,0.845709,-4.79489
0,250,50.7364,51.6038,0.483203,-0.693407
0,250,49.3888,52.0324,-0.292512,-0.847218
0,250,51.0358,51.0037,1.09149,-0.605302
0,250,50.0111,49.3004,1.3125,-1.93313
0,250,48.4189,51.4119,-1.25934,-1.31507
0,250,47.2495,35.6505,-0.587424,-8.28037
0,250,47.7158,33.7423,-1.19468,-8.53341
0,250,47.866,33.5045,-1.08947,-8.45774
0,250,47.5368,32.5159,-2.18919,-7.86942
0,250,47.2877,31.4707,-2.49019,-7.48298
0,250,46.7395,31.0816,-2.48498,-6.50245
0,250,48.563,30.245,-1.64314,-7.91963
0,250,47.7786,28.7688,-1.92484,-6.977
0,250,47.124,30.0438,-2.55387,-6.35215
0,250,48.1822,26.1593,-1.46006,-7.15191
0,250,48.8159,25.9655,-1.3852,-7.53505
0,250,49.361,23.6728,-0.759671,-7.39028
0,250,50.0273,23.3922,-0.57468,-7.45681
0,250,48.5838,23.5055,-0.973585,-7.07601
0,250,48.8725,21.6263,-1.41515,-7.28059
0,250,49.6648,21.5134,-0.833204,-6.96128
0,250,48.7858,20.6836,-1.67473,-7.59167
0,250,50.565,22.1646,-0.533804,-7.41776
0,250,49.2195,20.8691,-1.46252,-7.49502
0,250,47.7829,18.7803,-2.13409,-8.02801
0,250,46.6853,16.2992,-2.318,-8.31913
0,250,45.9572,13.9923,-2.52726,-9.33694
0,250,47.3175,15.5328,-3.54074,-8.90956
0,250,46.5369,13.9355,-2.49413,-9.33143
0,250,47.1847,16.4041,-2.89261,-8.78971
0,250,47.3769,5.73777,-0.667497,-6.8837
0,250,47.1311,15.2757,-6.33422,-8.69363
0,250,48.4258,8.27353,-4.2323,-13.2343
0,250,50.7374,21.0456,-0.593448,-4.83801
0,250,47.4747,7.49143,-7.70417,-0.997481
0,250,50.504,3.51386,5.32964,-15.0391
0,250,46.7839,6.20732,-4.92455,-3.42903
0,250,49.1009,12.7426,0.653608,-8.8088
0,250,48.1411,6.89502,-2.90488,-10.1933
0,250,49.0529,17.2222,-0.921745,-0.951262
0,250,47.6089,6.00254,-3.45198,-3.12893
0,250,50.8933,4.61761,8.87064,-13.9775
0,250,51.7566,28.9269,-0.0909168,-4.78314
0,250,50.8843,4.50057,6.82535,-11.7786
0,250,43.2531,7.49754,-13.0673,-0.826923
0,250,52.0722,27.1901,-0.011305,-2.64014
0,250,50.2187,17.3762,5.86099,0.72151
0,250,51.6516,51.5363,0.382524,1.52045
0,250,50.6528,30.5848,-1.29749,-5.60623
0,250,50.059,27.5668,-1.40113,-7.21285
0,250,52.0464,50.2285,0.840809,0.121162
0,250,52.0176,46.4975,-0.11149,-0.568347
0,250,49.7008,51.4453,-0.764505,-0.358378
0,250,49.7125,50.8835,0.361351,0.511482
0,250,51.2138,49.6756,0.726979,-0.562714
0,250,47.5024,35.0049,-0.474753,-8.1565
0,250,48.1271,33.1099,-0.996775,-8.3235
0,250,47.3251,31.849,-2.20761,-7.39381
0,250,48.5709,31.2282,-1.59444,-7.7899
0,250,47.0452,30.8901,-2.30462,-6.51838
0,250,47.4571,29.2323,-1.91308,-6.73769
0,250,47.8711,26.9706,-1.63182,-7.16949
0,250,48.401,25.9069,-1.49817,-7.16756
0,250,48.7743,24.253,-0.769922,-7.10036
0,250,48.8131,23.8422,-0.876179,-7.13256
0,250,49.1212,22.0607,-1.13707,-7.24936
0,250,48.2396,20.9944,-1.76901,-7.26733
0,250,47.581,19.3801,-1.87536,-7.82666
0,250,46.7243,19.2946,-2.01237,-7.5222
0,250,48.1183,19.5744,-1.7493,-7.79892
0,250,47.4704,15.9206,-2.92074,-8.91115
0,250,47.2203,18.3648,-2.37555,-7.90239
0,250,46.4641,12.9369,-2.28309,-9.77473
0,250,44.2609,9.24595,-3.70193,-11.5575
0,250,46.8979,12.6237,-2.28925,-9.80208
0,250,46.2404,14.9438,-11.7013,-8.85767
0,250,48.5762,10.0555,-2.30874,-10.6186
0,250,48.5074,10.9638,-3.02577,-9.50415
0,250,47.3588,9.58769,2.57041,6.84669
0,250,44.4066,4.9056,-6.15329,-9.57144
0,250,46.9366,2.90197,0.807583,21.9909
0,250,38.5425,7.17795,-7.09432,-8.66602
0,250,44.7738,2.77455,-10.7413,16.7942
0,250,44.3081,4.62312,-5.97863,-8.55504
0,250,48.5288,5.60569,0.3705,-5.09347
0,250,44.1652,2.4987,-6.70583,-12.915
0,250,51.1227,21.9466,-0.219328,-3.24519
0,250,41.9736,4.45615,-4.07588,12.8944
0,250,51.0576,11.4486,-0.558736,-6.28058
0,250,50.4598,5.89372,-1.27153,-8.67531
0,250,40.4058,2.39368,-9.55518,4.64211
0,250,43.6897,4.48092,-6.55908,-9.02131
0,250,50.3478,7.33082,-5.68266,10.4993
0,250,49.1617,5.17902,3.68265,-6.3048
0,250,50.6174,19.9999,-0.793357,-4.3674
0,250,43.7734,5.67462,-16.7477,-3.65667
0,250,48.8136,12.8636,-0.482269,-14.3853
0,250,51.9795,49.1914,-1.08659,-0.991179
0,250,49.9589,16.9552,-0.497008,-1.31509
0,250,51.5839,50.5379,0.149322,-0.831423
0,250,51.6073,51.9911,1.04999,1.14252
0,250,51.094,52.0666,0.395945,0.244385
0,250,50.5318,52.0494,0.908711,-0.132969
0,250,52.086,47.0351,1.37879,1.50844
0,250,50.5578,51.1357,2.76711,0.13334
0,250,47.5954,32.7659,-1.64864,-7.96252
0,250,48.0761,31.4125,-1.65681,-7.67625
0,250,47.9451,30.6142,-2.02359,-7.05637
0,250,46.8849,30.4349,-2.12701,-6.15296
0,250,47.7811,27.7406,-2.01455,-7.19094
0,250,48.1052,26.593,-1.48627,-7.4316
0,250,48.265,24.9085,-1.29367,-7.05696
0,250,49.4337,24.2325,-0.776807,-7.45575
0,250,49.084,22.9873,-0.906186,-7.14331
0,250,47.892,21.8061,-1.45314,-7.16552
0,250,48.1169,21.3503,-1.59632,-7.20469
0,250,47.4257,18.957,-2.08096,-7.9
0,250,46.4262,17.1595,-2.91955,-8.50519
0,250,46.7551,17.286,-2.82128,-8.38936
0,250,45.7905,15.9713,-2.48755,-8.29535
0,250,46.7689,12.4981,-2.28767,-9.80274
0,250,50.3306,9.76443,0.715382,-11.3836
0,250,45.6385,9.09204,-2.86607,-11.0154
0,250,45.8657,8.52397,-2.84117,-11.0316
0,250,43.1491,5.32319,-4.27746,-12.6975
0,250,44.9506,7.03567,-5.81456,-3.2662
0,250,46.4239,7.07223,1.94322,-2.91971
0,250,43.5748,4.08186,-4.75836,-11.6229
0,250,42.49,2.74505,-4.41136,-11.3844
0,250,45.9562,4.33134,-2.92377,10.9471
0,250,42.6708,2.53248,-4.37158,-11.7481
0,250,41.542,2.7848,0.450596,9.22564
0,250,48.8424,8.81647,-1.81695,6.56179
0,250,37.7591,8.83086,-12.4663,10.9545
0,250,52.1181,13.8043,-0.00940592,2.93254
0,250,45.675,7.06491,-2.06972,-1.92049
0,250,39.2753,24.0815,-10.1365,33.3062
0,250,49.0615,16.8751,-0.126582,-0.235691
0,250,26.8756,32.166,-10.0747,38.2006
0,250,18.8987,2.93375,-13.0619,11.0214
0,250,52.2304,12.3385,-0.00040383,2.49348
0,250,40.8573,19.3413,-4.69624,27.8547
0,250,51.1658,51.512,0.728979,0.153741
0,250,35.9437,26.7471,-6.82997,33.0997
0,250,26.6155,37.3957,-9.13438,40.9563
0,250,36.089,9.72637,-6.62586,19.009
0,250,49.911,52.029,-0.720247,-0.513781
0,250,9.98019,13.4726,-16.4659,23.1912
0,250,52.0085,50.8064,-1.12548,0.407644
0,250,52.0736,51.9132,1.33174,1.33519
0,250,51.9893,47.744,0.904045,-0.154131
0,250,51.9517,37.7993,0.808612,-7.55396
0,250,52.0484,51.2792,1.34617,0.637082
1,250,52.5,52,0,0
1,250,53,52,0,0
1,250,1.5,53,0,0
1,250,2,53,0,0
1,250,1.5,1.5,0,0
1,250,1.5,2,0,0
1,250,52.5,1.5,0,0
1,250,53,1.5,0,0
1,250,2.5,52.5,0,0
1,250,2.5,53,0,0
1,250,1.5,2.5,0,0
1,250,2,2.5,0,0
1,250,2,1.5,0,0
1,250,2,2,0,0
1,250,52.5,2,0,0
1,250,53,2,0,0
1,250,3,52.5,0,0
1,250,3,53,0,0
1,250,1.5,3,0,0
1,250,2,3,0,0
1,250,2.5,1.5,0,0
1,250,2.5,2,0,0
1,250,52.5,2.5,0,0
1,250,53,2.5,0,0
1,250,3.5,52.5,0,0
1,250,3.5,53,0,0
1,250,1.5,3.5,0,0
1,250,2,3.5,0,0
1,250,3,1.5,0,0
1,250,3,2,0,0
1,250,52.5,3,0,0
1,250,53,3,0,0
1,250,4,52.5,0,0
1,250,4,53,0,0
1,250,1.5,4,0,0
1,250,2,4,0,0
1,250,3.5,1.5,0,0
1,250,3.5,2,0,0
1,250,52.5,3.5,0,0
1,250,53,3.5,0,0
1,250,4.5,52.5,0,0
1,250,4.5,53,0,0
1,250,1.5,4.5,0,0
1,250,2,4.5,0,0
1,250,4,1.5,0,0
1,250,4,2,0,0
1,250,52.5,4,0,0
1,250,53,4,0,0
1,250,5,52.5,0,0
1,250,5,53,0,0
1,250,1.5,5,0,0
1,250,2,5,0,0
1,250,4.5,1.5,0,0
1,250,4.5,2,0,0
1,250,52.5,4.5,0,0
1,250,53,4.5,0,0
1,250,5.5,52.5,0,0
1,250,5.5,53,0,0
1,250,1.5,5.5,0,0
1,250,2,5.5,0,0
1,250,5,1.5,0,0
1,250,5,2,0,0
1,250,52.5,5,0,0
1,250,53,5,0,0
1,250,6,52.5,0,0
1,250,6,53,0,0
1,250,1.5,6,0,0
1,250,2,6,0,0
1,250,5.5,1.5,0,0
1,250,5.5,2,0,0
1,250,52.5,5.5,0,0
1,250,53,5.5,0,0
1,250,6.5,52.5,0,0
1,250,6.5,53,0,0
1,250,1.5,6.5,0,0
1,250,2,6.5,0,0
1,250,6,1.5,0,0
1,250,6,2,0,0
1,250,52.5,6,0,0
1,250,53,6,0,0
1,250,7,52.5,0,0
1,250,7,53,0,0
1,250,1.5,7,0,0
1,250,2,7,0,0
1,250,6.5,1.5,0,0
1,250,6.5,2,0,0
1,250,52.5,6.5,0,0
1,250,53,6.5,0,0
1,250,7.5,52.5,0,0
1,250,7.5,53,0,0
1,250,1.5,7.5,0,0
1,250,2,7.5,0,0
1,250,7,1.5,0,0
1,250,7,2,0,0
1,250,52.5,7,0,0
1,250,53,7,0,0
1,250,8,52.5,0,0
1,250,8,53,0,0
1,250,1.5,8,0,0
1,250,2,8,0,0
1,250,7.5,1.5,0,0
1,250,7.5,2,0,0
1,250,52.5,7.5,0,0
1,250,53,7.5,0,0
1,250,8.5,52.5,0,0
1,250,8.5,53,0,0
1,250,1.5,8.5,0,0
1,250,2,8.5,0,0
1,250,8,1.5,0,0
1,250,8,2,0,0
1,250,52.5,8,0,0
1,250,53,8,0,0
1,250,9,52.5,0,0
1,250,9,53,0,0
1,250,1.5,9,0,0
1,250,2,9,0,0
1,250,8.5,1.5,0,0
1,250,8.5,2,0,0
1,250,52.5,8.5,0,0
1,250,53,8.5,0,0
1,250,9.5,52.5,0,0
1,250,9.5,53,0,0
1,250,1.5,9.5,0,0
1,250,2,9.5,0,0
1,250,9,1.5,0,0
1,250,9,2,0,0
1,250,52.5,9,0,0
1,250,53,9,0,0
1,250,10,52.5,0,0
1,250,10,53,0,0
1,250,1.5,10,0,0
1,250,2,10,0,0
1,250,9.5,1.5,0,0
1,250,9.5,2,0,0
1,250,52.5,9.5,0,0
1,250,53,9.5,0,0
1,250,10.5,52.5,0,0
1,250,10.5,53,0,0
1,250,1.5,10.5,0,0
1,250,2,10.5,0,0
1,250,10,1.5,0,0
1,250,10,2,0,0
1,250,52.5,10,0,0
1,250,53,10,0,0
1,250,11,52.5,0,0
1,250,11,53,0,0
1,250,1.5,11,0,0
1,250,2,11,0,0
1,250,10.5,1.5,0,0
1,250,10.5,2,0,0
1,250,52.5,10.5,0,0
1,250,53,10.5,0,0
1,250,11.5,52.5,0,0
1,250,11.5,53,0,0
1,250,1.5,11.5,0,0
1,250,2,11.5,0,0
1,250,11,1.5,0,0
1,250,11,2,0,0
1,250,52.5,11,0,0
1,250,53,11,0,0
1,250,12,52.5,0,0
1,250,12,53,0,0
1,250,1.5,12,0,0
1,250,2,12,0,0
1,250,11.5,1.5,0,0
1,250,11.5,2,0,0
1,250,52.5,11.5,0,0
1,250,53,11.5,0,0
1,250,12.5,52.5,0,0
1,250,12.5,53,0,0
1,250,1.5,12.5,0,0
1,250,2,12.5,0,0
1,250,12,1.5,0,0
1,250,12,2,0,0
1,250,52.5,12,0,0
1,250,53,12,0,0
1,250,13,52.5,0,0
1,250,13,53,0,0
1,250,1.5,13,0,0
1,250,2,13,0,0
1,250,12.5,1.5,0,0
1,250,12.5,2,0,0
1,250,52.5,12.5,0,0
1,250,53,12.5,0,0
1,250,13.5,52.5,0,0
1,250,13.5,53,0,0
1,250,1.5,13.5,0,0
1,250,2,13.5,0,0
1,250,13,1.5,0,0
1,250,13,2,0,0
1,250,52.5,13,0,0
1,250,53,13,0,0
1,250,14,52.5,0,0
1,250,14,53,0,0
1,250,1.5,14,0,0
1,250,2,14,0,0
1,250,13.5,1.5,0,0
1,250,13.5,2,0,0
1,250,52.5,13.5,0,0
1,250,53,13.5,0,0
1,250,14.5,52.5,0,0
1,250,14.5,53,0,0
1,250,1.5,14.5,0,0
1,250,2,14.5,0,0
1,250,14,1.5,0,0
1,250,14,2,0,0
1,250,52.5,14,0,0
1,250,53,14,0,0
1,250,15,52.5,0,0
1,250,15,53,0,0
1,250,1.5,15,0,0
1,250,2,15,0,0
1,250,14.5,1.5,0,0
1,250,14.5,2,0,0
1,250,52.5,14.5,0,0
1,250,53,14.5,0,0
1,250,15.5,52.5,0,0
1,250,15.5,53,0,0
1,250,1.5,15.5,0,0
1,250,2,15.5,0,0
1,250,15,1.5,0,0
1,250,15,2,0,0
1,250,52.5,15,0,0
1,250,53,15,0,0
1,250,16,52.5,0,0
1,250,16,53,0,0
1,250,1.5,16,0,0
1,250,2,16,0,0
1,250,15.5,1.5,0,0
1,250,15.5,2,0,0
1,250,52.5,15.5,0,0
1,250,53,15.5,0,0
1,250,16.5,52.5,0,0
1,250,16.5,53,0,0
1,250,1.5,16.5,0,0
1,250,2,16.5,0,0
1,250,16,1.5,0,0
1,250,16,2,0,0
1,250,52.5,16,0,0
1,250,53,16,0,0
1,250,17,52.5,0,0
1,250,17,53,0,0
1,250,1.5,17,0,0
1,250,2,17,0,0
1,250,16.5,1.5,0,0
1,250,16.5,2,0,0
1,250,52.5,16.5,0,0
1,250,53,16.5,0,0
1,250,17.5,52.5,0,0
1,250,17.5,53,0,0
1,250,1.5,17.5,0,0
1,250,2,17.5,0,0
1,250,17,1.5,0,0
1,250,17,2,0,0
1,250,52.5,17,0,0
1,250,53,17,0,0
1,250,18,52.5,0,0
1,250,18,53,0,0
1,250,1.5,18,0,0
1,250,2,18,0,0
1,250,17.5,1.5,0,0
1,250,17.5,2,0,0
1,250,52.5,17.5,0,0
1,250,53,17.5,0,0
1,250,18.5,52.5,0,0
1,250,18.5,53,0,0
1,250,1.5,18.5,0,0
1,250,2,18.5,0,0
1,250,18,1.5,0,0
1,250,18,2,0,0
1,250,52.5,18,0,0
1,250,53,18,0,0
1,250,19,52.5,0,0
1,250,19,53,0,0
1,250,1.5,19,0,0
1,250,2,19,0,0
1,250,18.5,1.5,0,0
1,250,18.5,2,0,0
1,250,52.5,18.5,0,0
1,250,53,18.5,0,0
1,250,19.5,52.5,0,0
1,250,19.5,53,0,0
1,250,1.5,19.5,0,0
1,250,2,19.5,0,0
1,250,19,1.5,0,0
1,250,19,2,0,0
1,250,52.5,19,0,0
1,250,53,19,0,0
1,250,20,52.5,0,0
1,250,20,53,0,0
1,250,1.5,20,0,0
1,250,2,20,0,0
1,250,19.5,1.5,0,0
1,250,19.5,2,0,0
1,250,52.5,19.5,0,0
1,250,53,19.5,0,0
1,250,20.5,52.5,0,0
1,250,20.5,53,0,0
1,250,1.5,20.5,0,0
1,250,2,20.5,0,0
1,250,20,1.5,0,0
1,250,20,2,0,0
1,250,52.5,20,0,0
1,250,53,20,0,0
1,250,21,52.5,0,0
1,250,21,53,0,0
1,250,1.5,21,0,0
1,250,2,21,0,0
1,250,20.5,1.5,0,0
1,250,20.5,2,0,0
1,250,52.5,20.5,0,0
1,250,53,20.5,0,0
1,250,21.5,52.5,0,0
1,250,21.5,53,0,0
1,250,1.5,21.5,0,0
1,250,2,21.5,0,0
1,250,21,1.5,0,0
1,250,21,2,0,0
1,250,52.5,21,0,0
1,250,53,21,0,0
1,250,22,52.5,0,0
1,250,22,53,0,0
1,250,1.5,22,0,0
1,250,2,22,0,0
1,250,21.5,1.5,0,0
1,250,21.5,2,0,0
1,250,52.5,21.5,0,0
1,250,53,21.5,0,0
1,250,22.5,52.5,0,0
1,250,22.5,53,0,0
1,250,1.5,22.5,0,0
1,250,2,22.5,0,0
1,250,22,1.5,0,0
1,250,22,2,0,0
1,250,52.5,22,0,0
1,250,53,22,0,0
1,250,23,52.5,0,0
1,250,23,53,0,0
1,250,1.5,23,0,0
1,250,2,23,0,0
1,250,22.5,1.5,0,0
1,250,22.5,2,0,0
1,250,52.5,22.5,0,0
1,250,53,22.5,0,0
1,250,23.5,52.5,0,0
1,250,23.5,53,0,0
1,250,1.5,23.5,0,0
1,250,2,23.5,0,0
1,250,23,1.5,0,0
1,250,23,2,0,0
1,250,52.5,23,0,0
1,250,53,23,0,0
1,250,24,52.5,0,0
1,250,24,53,0,0
1,250,1.5,24,0,0
1,250,2,24,0,0
1,250,23.5,1.5,0,0
1,250,23.5,2,0,0
1,250,52.5,23.5,0,0
1,250,53,23.5,0,0
1,250,24.5,52.5,0,0
1,250,24.5,53,0,0
1,250,1.5,24.5,0,0
1,250,2,24.5,0,0
1,250,24,1.5,0,0
1,250,24,2,0,0
1,250,52.5,24,0,0
1,250,53,24,0,0
1,250,25,52.5,0,0
1,250,25,53,0,0
1,250,1.5,25,0,0
1,250,2,25,0,0
1,250,24.5,1.5,0,0
1,250,24.5,2,0,0
1,250,52.5,24.5,0,0
1,250,53,24.5,0,0
1,250,25.5,52.5,0,0
1,250,25.5,53,0,0
1,250,1.5,25.5,0,0
1,250,2,25.5,0,0
1,250,25,1.5,0,0
1,250,25,2,0,0
1,250,52.5,25,0,0
1,250,53,25,0,0
1,250,26,52.5,0,0
1,250,26,53,0,0
1,250,1.5,26,0,0
1,250,2,26,0,0
1,250,25.5,1.5,0,0
1,250,25.5,2,0,0
1,250,52.5,25.5,0,0
1,250,53,25.5,0,0
1,250,26.5,52.5,0,0
1,250,26.5,53,0,0
1,250,1.5,26.5,0,0
1,250,2,26.5,0,0
1,250,26,1.5,0,0
1,250,26,2,0,0
1,250,52.5,26,0,0
1,250,53,26,0,0
1,250,27,52.5,0,0
1,250,27,53,0,0
1,250,1.5,27,0,0
1,250,2,27,0,0
1,250,26.5,1.5,0,0
1,250,26.5,2,0,0
1,250,52.5,26.5,0,0
1,250,53,26.5,0,0
1,250,27.5,52.5,0,0
1,250,27.5,53,0,0
1,250,1.5,27.5,0,0
1,250,2,27.5,0,0
1,250,27,1.5,0,0
1,250,27,2,0,0
1,250,52.5,27,0,0
1,250,53,27,0,0
1,250,28,52.5,0,0
1,250,28,53,0,0
1,250,1.5,28,0,0
1,250,2,28,0,0
1,250,27.5,1.5,0,0
1,250,27.5,2,0,0
1,250,52.5,27.5,0,0
1,250,53,27.5,0,0
1,250,28.5,52.5,0,0
1,250,28.5,53,0,0
1,250,1.5,28.5,0,0
1,250,2,28.5,0,0
1,250,28,1.5,0,0
1,250,28,2,0,0
1,250,52.5,28,0,0
1,250,53,28,0,0
1,250,29,52.5,0,0
1,250,29,53,0,0
1,250,1.5,29,0,0
1,250,2,29,0,0
1,250,28.5,1.5,0,0
1,250,28.5,2,0,0
1,250,52.5,28.5,0,0
1,250,53,28.5,0,0
1,250,29.5,52.5,0,0
1,250,29.5,53,0,0
1,250,1.5,29.5,0,0
1,250,2,29.5,0,0
1,250,29,1.5,0,0
1,250,29,2,0,0
1,250,52.5,29,0,0
1,250,53,29,0,0
1,250,30,52.5,0,0
1,250,30,53,0,0
1,250,1.5,30,0,0
1,250,2,30,0,0
1,250,29.5,1.5,0,0
1,250,29.5,2,0,0
1,250,52.5,29.5,0,0
1,250,53,29.5,0,0
1,250,30.5,52.5,0,0
1,250,30.5,53,0,0
1,250,1.5,30.5,0,0
1,250,2,30.5,0,0
1,250,30,1.5,0,0
1,250,30,2,0,0
1,250,52.5,30,0,0
1,250,53,30,0,0
1,250,31,52.5,0,0
1,250,31,53,0,0
1,250,1.5,31,0,0
1,250,2,31,0,0
1,250,30.5,1.5,0,0
1,250,30.5,2,0,0
1,250,52.5,30.5,0,0
1,250,53,30.5,0,0
1,250,31.5,52.5,0,0
1,250,31.5,53,0,0
1,250,1.5,31.5,0,0
1,250,2,31.5,0,0
1,250,31,1.5,0,0
1,250,31,2,0,0
1,250,52.5,31,0,0
1,250,53,31,0,0
1,250,32,52.5,0,0
1,250,32,53,0,0
1,250,1.5,32,0,0
1,250,2,32,0,0
1,250,31.5,1.5,0,0
1,250,31.5,2,0,0
1,250,52.5,31.5,0,0
1,250,53,31.5,0,0
1,250,32.5,52.5,0,0
1,250,32.5,53,0,0
1,250,1.5,32.5,0,0
1,250,2,32.5,0,0
1,250,32,1.5,0,0
1,250,32,2,0,0
1,250,52.5,32,0,0
1,250,53,32,0,0
1,250,33,52.5,0,0
1,250,33,53,0,0
1,250,1.5,33,0,0
1,250,2,33,0,0
1,250,32.5,1.5,0,0
1,250,32.5,2,0,0
1,250,52.5,32.5,0,0
1,250,53,32.5,0,0
1,250,33.5,52.5,0,0
1,250,33.5,53,0,0
1,250,1.5,33.5,0,0
1,250,2,33.5,0,0
1,250,33,1.5,0,0
1,250,33,2,0,0
1,250,52.5,33,0,0
1,250,53,33,0,0
1,250,34,52.5,0,0
1,250,34,53,0,0
1,250,1.5,34,0,0
1,250,2,34,0,0
1,250,33.5,1.5,0,0
1,250,33.5,2,0,0
1,250,52.5,33.5,0,0
1,250,53,33.5,0,0
1,250,34.5,52.5,0,0
1,250,34.5,53,0,0
1,250,1.5,34.5,0,0
1,250,2,34.5,0,0
1,250,34,1.5,0,0
1,250,34,2,0,0
1,250,52.5,34,0,0
1,250,53,34,0,0
1,250,35,52.5,0,0
1,250,35,53,0,0
1,250,1.5,35,0,0
1,250,2,35,0,0
1,250,34.5,1.5,0,0
1,250,34.5,2,0,0
1,250,52.5,34.5,0,0
1,250,53,34.5,0,0
1,250,35.5,52.5,0,0
1,250,35.5,53,0,0
1,250,1.5,35.5,0,0
1,250,2,35.5,0,0
1,250,35,1.5,0,0
1,250,35,2,0,0
1,250,52.5,35,0,0
1,250,53,35,0,0
1,250,36,52.5,0,0
1,250,36,53,0,0
1,250,1.5,36,0,0
1,250,2,36,0,0
1,250,35.5,1.5,0,0
1,250,35.5,2,0,0
1,250,52.5,35.5,0,0
1,250,53,35.5,0,0
1,250,36.5,52.5,0,0
1,250,36.5,53,0,0
1,250,1.5,36.5,0,0
1,250,2,36.5,0,0
1,250,36,1.5,0,0
1,250,36,2,0,0
1,250,52.5,36,0,0
1,250,53,36,0,0
1,250,37,52.5,0,0
1,250,37,53,0,0
1,250,1.5,37,0,0
1,250,2,37,0,0
1,250,36.5,1.5,0,0
1,250,36.5,2,0,0
1,250,52.5,36.5,0,0
1,250,53,36.5,0,0
1,250,37.5,52.5,0,0
1,250,37.5,53,0,0
1,250,1.5,37.5,0,0
1,250,2,37.5,0,0
1,250,37,1.5,0,0
1,250,37,2,0,0
1,250,52.5,37,0,0
1,250,53,37,0,0
1,250,38,52.5,0,0
1,250,38,53,0,0
1,250,1.5,38,0,0
1,250,2,38,0,0
1,250,37.5,1.5,0,0
1,250,37.5,2,0,0
1,250,52.5,37.5,0,0
1,250,53,37.5,0,0
1,250,38.5,52.5,0,0
1,250,38.5,53,0,0
1,250,1.5,38.5,0,0
1,250,2,38.5,0,0
1,250,38,1.5,0,0
1,250,38,2,0,0
1,250,52.5,38,0,0
1,250,53,38,0,0
1,250,39,52.5,0,0
1,250,39,53,0,0
1,250,1.5,39,0,0
1,250,2,39,0,0
1,250,38.5,1.5,0,0
1,250,38.5,2,0,0
1,250,52.5,38.5,0,0
1,250,53,38.5,0,0
1,250,39.5,52.5,0,0
1,250,39.5,53,0,0
1,250,1.5,39.5,0,0
1,250,2,39.5,0,0
1,250,39,1.5,0,0
1,250,39,2,0,0
1,250,52.5,39,0,0
1,250,53,39,0,0
1,250,40,52.5,0,0
1,250,40,53,0,0
1,250,1.5,40,0,0
1,250,2,40,0,0
1,250,39.5,1.5,0,0
1,250,39.5,2,0,0
1,250,52.5,39.5,0,0
1,250,53,39.5,0,0
1,250,40.5,52.5,0,0
1,250,40.5,53,0,0
1,250,1.5,40.5,0,0
1,250,2,40.5,0,0
1,250,40,1.5,0,0
1,250,40,2,0,0
1,250,52.5,40,0,0
1,250,53,40,0,0
1,250,41,52.5,0,0
1,250,41,53,0,0
1,250,1.5,41,0,0
1,250,2,41,0,0
1,250,40.5,1.5,0,0
1,250,40.5,2,0,0
1,250,52.5,40.5,0,0
1,250,53,40.5,0,0
1,250,41.5,52.5,0,0
1,250,41.5,53,0,0
1,250,1.5,41.5,0,0
1,250,2,41.5,0,0
1,250,41,1.5,0,0
1,250,41,2,0,0
1,250,52.5,41,0,0
1,250,53,41,0,0
1,250,42,52.5,0,0
1,250,42,53,0,0
1,250,1.5,42,0,0
1,250,2,42,0,0
1,250,41.5,1.5,0,0
1,250,41.5,2,0,0
1,250,52.5,41.5,0,0
1,250,53,41.5,0,0
1,250,42.5,52.5,0,0
1,250,42.5,53,0,0
1,250,1.5,42.5,0,0
1,250,2,42.5,0,0
1,250,42,1.5,0,0
1,250,42,2,0,0
1,250,52.5,42,0,0
1,250,53,42,0,0
1,250,43,52.5,0,0
1,250,43,53,0,0
1,250,1.5,43,0,0
1,250,2,43,0,0
1,250,42.5,1.5,0,0
1,250,42.5,2,0,0
1,250,52.5,42.5,0,0
1,250,53,42.5,0,0
1,250,43.5,52.5,0,0
1,250,43.5,53,0,0
1,250,1.5,43.5,0,0
1,250,2,43.5,0,0
1,250,43,1.5,0,0
1,250,43,2,0,0
1,250,52.5,43,0,0
1,250,53,43,0,0
1,250,44,52.5,0,0
1,250,44,53,0,0
1,250,1.5,44,0,0
1,250,2,44,0,0
1,250,43.5,1.5,0,0
1,250,43.5,2,0,0
1,250,52.5,43.5,0,0
1,250,53,43.5,0,0
1,250,44.5,52.5,0,0
1,250,44.5,53,0,0
1,250,1.5,44.5,0,0
1,250,2,44.5,0,0
1,250,44,1.5,0,0
1,250,44,2,0,0
1,250,52.5,44,0,0
1,250,53,44,0,0
1,250,45,52.5,0,0
1,250,45,53,0,0
1,250,1.5,45,0,0
1,250,2,45,0,0
1,250,44.5,1.5,0,0
1,250,44.5,2,0,0
1,250,52.5,44.5,0,0
1,250,53,44.5,0,0
1,250,45.5,52.5,0,0
1,250,45.5,53,0,0
1,250,1.5,45.5,0,0
1,250,2,45.5,0,0
1,250,45,1.5,0,0
1,250,45,2,0,0
1,250,52.5,45,0,0
1,250,53,45,0,0
1,250,46,52.5,0,0
1,250,46,53,0,0
1,250,1.5,46,0,0
1,250,2,46,0,0
1,250,45.5,1.5,0,0
1,250,45.5,2,0,0
1,250,52.5,45.5,0,0
1,250,53,45.5,0,0
1,250,46.5,52.5,0,0
1,250,46.5,53,0,0
1,250,1.5,46.5,0,0
1,250,2,46.5,0,0
1,250,46,1.5,0,0
1,250,46,2,0,0
1,250,52.5,46,0,0
1,250,53,46,0,0
1,250,47,52.5,0,0
1,250,47,53,0,0
1,250,1.5,47,0,0
1,250,2,47,0,0
1,250,46.5,1.5,0,0
1,250,46.5,2,0,0
1,250,52.5,46.5,0,0
1,250,53,46.5,0,0
1,250,47.5,52.5,0,0
1,250,47.5,53,0,0
1,250,1.5,47.5,0,0
1,250,2,47.5,0,0
1,250,47,1.5,0,0
1,250,47,2,0,0
1,250,52.5,47,0,0
1,250,53,47,0,0
1,250,48,52.5,0,0
1,250,48,53,0,0
1,250,1.5,48,0,0
1,250,2,48,0,0
1,250,47.5,1.5,0,0
1,250,47.5,2,0,0
1,250,52.5,47.5,0,0
1,250,53,47.5,0,0
1,250,48.5,52.5,0,0
1,250,48.5,53,0,0
1,250,1.5,48.5,0,0
1,250,2,48.5,0,0
1,250,48,1.5,0,0
1,250,48,2,0,0
1,250,52.5,48,0,0
1,250,53,48,0,0
1,250,49,52.5,0,0
1,250,49,53,0,0
1,250,1.5,49,0,0
1,250,2,49,0,0
1,250,48.5,1.5,0,0
1,250,48.5,2,0,0
1,250,52.5,48.5,0,0
1,250,53,48.5,0,0
1,250,49.5,52.5,0,0
1,250,49.5,53,0,0
1,250,1.5,49.5,0,0
1,250,2,49.5,0,0
1,250,49,1.5,0,0
1,250,49,2,0,0
1,250,52.5,49,0,0
1,250,53,49,0,0
1,250,50,52.5,0,0
1,250,50,53,0,0
1,250,1.5,50,0,0
1,250,2,50,0,0
1,250,49.5,1.5,0,0
1,250,49.5,2,0,0
1,250,52.5,49.5,0,0
1,250,53,49.5,0,0
1,250,50.5,52.5,0,0
1,250,50.5,53,0,0
1,250,1.5,50.5,0,0
1,250,2,50.5,0,0
1,250,50,1.5,0,0
1,250,50,2,0,0
1,250,52.5,50,0,0
1,250,53,50,0,0
1,250,51,52.5,0,0
1,250,51,53,0,0
1,250,1.5,51,0,0
1,250,2,51,0,0
1,250,50.5,1.5,0,0
1,250,50.5,2,0,0
1,250,52.5,50.5,0,0
1,250,53,50.5,0,0
1,250,51.5,52.5,0,0
1,250,51.5,53,0,0
1,250,1.5,51.5,0,0
1,250,2,51.5,0,0
1,250,51,1.5,0,0
1,250,51,2,0,0
1,250,52.5,51,0,0
1,250,53,51,0,0
1,250,52,52.5,0,0
1,250,52,53,0,0
1,250,1.5,52,0,0
1,250,2,52,0,0
1,250,51.5,1.5,0,0
1,250,51.5,2,0,0
1,250,52.5,51.5,0,0
1,250,53,51.5,0,0
1,250,52.5,52.5,0,0
1,250,52.5,53,0,0
1,250,1.5,52.5,0,0
1,250,2,52.5,0,0
1,250,52,1.5,0,0
1,250,52,2,0,0
