3312 2 0.5 5e+06 0.3 0 2 0 0.001 0 9.81 55 55
0,250,5.33121,43.489,0.560602,1.70492
0,250,13.2276,41.8357,1.63796,2.13742
0,250,5.73424,44.3051,0.746846,2.68361
0,250,10.7114,41.7365,0.192131,1.3952
0,250,20.0425,40.9632,4.65019,0.755002
0,250,23.5408,43.0092,3.81066,0.963509
0,250,11.2112,52.0349,3.08841,-0.448742
0,250,25.4986,42.1916,5.00711,2.47001
0,250,18.5795,45.5088,2.76812,-0.0680656
0,250,18.7501,49.6917,3.49849,-0.143025
0,250,12.2891,52.0197,2.9731,0.156647
0,250,10.0313,42.6286,0.461652,1.54228
0,250,11.7323,52.0746,2.92332,0.0255007
0,250,17.7817,51.4878,2.1552,-0.220591
0,250,19.5096,46.2223,2.55042,-0.361608
0,250,17.7367,45.2879,1.72675,-0.282661
0,250,19.5495,48.318,2.48455,-0.10456
0,250,19.3252,47.6418,2.97194,-0.631104
0,250,20.2632,46.9915,2.33358,-0.510712
0,250,9.77905,47.5509,1.34996,1.63659
0,250,11.5112,46.1567,0.0820511,1.54542
0,250,14.8279,45.1046,0.223097,0.551045
0,250,15.89,52.0202,1.92159,-0.410602
0,250,20.1275,46.0528,2.57896,-0.544348
0,250,16.9409,51.4719,2.5547,0.15091
0,250,20.218,47.87,2.41309,-0.403042
0,250,19.358,48.9261,2.71303,-0.636146
0,250,18.2487,51.3021,2.1662,-0.400052
0,250,18.5626,50.6308,2.37672,-0.613109
0,250,6.50167,52.0528,1.32287,0.251073
0,250,19.2657,49.8891,3.20957,-0.743371
0,250,3.99592,52.0668,-0.433144,-1.15597
0,250,12.371,45.4585,0.362425,1.40456
0,250,19.7464,47.8037,2.69408,-0.356013
0,250,19.9719,47.3188,2.59361,-0.385721
0,250,9.56011,52.0148,2.68902,-0.128174
0,250,18.419,50.1124,2.91048,-0.829467
0,250,17.7452,52.0537,1.75373,-0.365209
0,250,17.6993,50.8926,2.59905,0.297558
0,250,20.1601,50.1437,2.16862,0.313936
0,250,15.022,51.9272,2.37044,-0.232685
0,250,19.9577,49.4716,2.38309,-0.0109192
0,250,16.0364,51.505,2.84026,0.604209
0,250,15.4389,51.9407,2.00923,-0.0139096
0,250,17.5489,50.3388,2.70996,-0.216804
0,250,3.04881,52.0221,-0.0997743,0.0451485
0,250,17.3829,51.3852,2.02565,0.213088
0,250,17.2983,51.9811,1.99726,0.384927
0,250,19.5258,49.4456,2.44992,-0.69697
0,250,19.8102,50.6277,2.35392,0.0522099
0,250,27.2262,44.4201,3.68548,1.50292
0,250,18.7188,40.7678,4.00866,1.97963
0,250,5.26074,43.9708,0.653259,1.90849
0,250,13.2616,41.5,1.03675,1.76439
0,250,8.98364,52.0608,2.76931,0.406158
0,250,5.66481,42.7488,0.250419,1.26018
0,250,26.7703,39.5422,0.213517,1.6962
0,250,5.32878,42.9994,-0.111332,1.53787
0,250,28.7569,43.6538,4.42924,0.453977
0,250,26.3889,40.5092,0.934092,4.01422
0,250,13.7219,51.9784,2.81383,0.0570069
0,250,23.2927,44.0801,3.08578,-0.0425566
0,250,20.054,46.5172,2.84149,-0.692206
0,250,18.3005,49.551,3.60885,-0.842775
0,250,23.8095,41.9249,5.47467,0.967382
0,250,13.9455,45.4261,0.189115,0.562995
0,250,10.8151,47.2824,1.34738,1.88547
0,250,10.2588,49.0723,2.93007,0.870145
0,250,10.5986,48.7657,3.20602,0.697851
0,250,16.3809,52.0078,2.37279,0.0390529
0,250,12.8628,45.5603,-0.18872,0.615651
0,250,19.6766,45.8046,2.10785,-0.00539026
0,250,12.9314,45.0908,0.356167,1.17547
0,250,19.1574,45.3798,2.36234,-0.268484
0,250,16.7772,44.68,1.53422,0.132676
0,250,18.4407,45.1039,1.93744,-0.210912
0,250,19.7764,48.8279,2.3546,-0.205497
0,250,11.1804,46.5296,0.615418,1.85187
0,250,11.7937,45.7781,0.287973,1.54726
0,250,10.2044,46.6695,0.443155,2.0786
0,250,20.4483,48.5443,2.5097,-0.00459586
0,250,20.8237,47.0831,2.53205,-0.344909
0,250,10.9795,46.0199,0.219266,1.99172
0,250,14.3029,45.1425,0.869509,0.81718
0,250,20.5698,46.5734,2.87987,-0.472013
0,250,11.27,45.6157,0.433609,1.66897
0,250,17.2501,50.8351,2.66773,-0.560414
0,250,20.033,48.3447,2.79344,-0.29564
0,250,11.8008,45.3134,0.0355973,1.28858
0,250,20.6722,48.0729,2.52132,-0.326551
0,250,19.8117,45.3865,2.3105,-0.1882
0,250,21.3195,47.3197,2.21868,-0.166137
0,250,20.1946,49.0284,2.4242,-0.148935
0,250,20.989,47.6756,2.25911,-0.0546442
0,250,20.7119,46.1538,2.60866,-0.427858
0,250,18.1932,51.8072,2.07791,-0.168061
0,250,18.6851,51.2005,2.32721,-0.429511
0,250,19.7453,50.0094,2.40541,0.105
0,250,19.4072,50.4378,2.28209,-0.0390473
0,250,18.8825,51.5645,1.89631,0.566114
0,250,25.6138,41.2683,3.28785,2.34659
0,250,10.7671,50.3374,3.73342,0.140989
0,250,28.4482,40.8883,2.19676,0.234942
0,250,8.58175,42.3224,0.882472,2.49522
0,250,15.2623,45.3442,0.992774,0.638038
0,250,14.7176,41.4187,1.90628,2.1402
0,250,4.80695,52.0222,0.261166,-0.565105
0,250,21.6958,40.677,4.54624,0.442613
0,250,28.1581,41.4525,1.98663,0.205969
0,250,23.4945,43.442,3.37253,0.223854
0,250,26.549,41.0872,3.76537,1.51447
0,250,10.6248,52.0695,3.0118,0.0625276
0,250,26.5139,40.0748,0.707799,2.70472
0,250,29.3596,44.2358,4.12211,0.728525
0,250,13.0851,49.3095,4.23952,0.308568
0,250,9.4277,47.9203,1.57379,1.17028
0,250,16.4726,45.0245,0.405799,-0.0999306
0,250,10.4525,42.281,1.04561,2.35158
0,250,9.85736,48.7372,2.44687,1.06687
0,250,9.40111,49.6086,2.86404,1.22777
0,250,9.08291,47.5991,0.474726,1.80421
0,250,17.1944,44.9691,0.752313,-0.123289
0,250,8.8181,48.4895,1.52208,1.73064
0,250,9.78805,47.03,0.847398,2.18233
0,250,10.7789,46.8195,1.04196,1.32338
0,250,9.38103,47.1954,0.950157,1.78971
0,250,10.6084,46.359,0.312324,1.81124
0,250,10.6328,45.705,-0.135487,1.97538
0,250,9.50481,48.3502,1.70215,1.17546
0,250,9.8554,49.8876,3.04443,0.445767
0,250,12.2737,45.0125,-0.0407822,1.1688
0,250,9.79329,46.402,0.411027,1.8383
0,250,13.5246,44.7943,0.386785,0.794121
0,250,17.8511,44.8881,1.95715,-0.488609
0,250,15.2991,44.5979,0.703841,0.46596
0,250,10.1159,45.5983,-0.108108,2.19196
0,250,12.7579,44.7365,-0.233252,1.20218
0,250,20.288,45.2644,1.97594,-0.213957
0,250,21.8366,47.5475,2.35902,-0.152028
0,250,16.0607,44.3913,0.928952,0.198412
0,250,21.4097,48.7458,2.19848,-0.0465621
0,250,21.1063,46.7244,2.85012,-0.185772
0,250,21.5944,46.965,2.6656,0.0257022
0,250,21.5084,47.8692,2.38316,-0.0967215
0,250,20.251,50.7689,2.64657,-0.217918
0,250,18.5204,52.0381,2.2745,-0.627469
0,250,20.5271,47.4737,2.24431,-0.398687
0,250,19.3543,51.0824,1.86657,0.327438
0,250,21.1654,48.2127,2.25414,-0.154472
0,250,20.9142,48.6412,2.10509,0.121167
0,250,38.4948,39.7817,5.90444,-0.426933
0,250,49.9928,40.5171,1.31274,-4.57853
0,250,25.1392,42.4558,4.88465,2.05028
0,250,13.6328,49.2441,3.4192,-0.188272
0,250,8.00581,50.2114,2.61318,0.759096
0,250,15.1632,48.4381,2.97417,-0.142009
0,250,10.0475,52.025,2.14404,-0.355134
0,250,3.44076,51.9489,-0.758416,0.32427
0,250,5.97534,42.8773,-0.0568709,2.77828
0,250,24.69,44.6531,2.50589,0.132679
0,250,27.922,43.4142,5.12327,1.50972
0,250,9.49903,50.1926,2.90695,0.557514
0,250,17.1341,45.3711,1.54947,0.0112342
0,250,18.5872,48.2817,2.65564,-1.18341
0,250,15.6173,48.8946,3.52489,-0.308463
0,250,15.9634,48.616,3.31047,-0.589201
0,250,9.74053,50.6139,3.44725,0.286341
0,250,13.401,49.9916,4.579,-0.224688
0,250,14.5013,50.3163,4.44174,0.67309
0,250,9.02516,49.8276,2.38594,0.363887
0,250,8.15669,49.1584,2.32657,0.852403
0,250,8.55467,47.6827,0.703856,2.74062
0,250,9.09805,49.162,2.87891,1.03494
0,250,9.2816,48.7383,2.02695,1.11461
0,250,11.079,50.0018,3.99962,0.491438
0,250,10.1867,46.0898,0.0459552,1.70942
0,250,7.9579,49.5515,1.73122,1.02187
0,250,9.94574,45.1469,-0.50951,2.20262
0,250,8.96801,46.7473,0.743682,2.01906
0,250,7.53486,49.1449,2.87255,1.26821
0,250,9.66605,45.8854,-0.406954,2.26255
0,250,9.38248,46.6109,0.626563,2.28989
0,250,13.7871,44.3584,0.327896,1.60517
0,250,13.4616,45.2279,0.37034,0.941635
0,250,8.77824,47.2011,0.581612,2.00559
0,250,21.2426,46.2587,2.4664,-0.255954
0,250,8.87226,48.095,1.73646,1.64845
0,250,12.0574,44.6539,0.0724695,1.57654
0,250,17.4438,44.5581,1.33212,0.116564
0,250,20.4178,45.7129,2.35254,-0.266896
0,250,21.7296,48.3621,2.05695,-0.118665
0,250,21.1002,49.1814,2.19835,0.165904
0,250,20.8046,49.6524,2.31977,-0.0116576
0,250,21.3046,49.707,2.21842,0.0554509
0,250,20.566,50.3695,2.60849,-0.0370944
0,250,20.6242,49.1288,2.04676,0.218761
0,250,19.4058,51.5578,2.04132,-0.115952
0,250,20.3769,49.6931,2.19534,0.157345
0,250,19.0414,51.9989,2.45215,0.482293
0,250,19.8219,51.1477,2.11152,-0.632259
0,250,7.57537,42.3614,1.65941,4.17337
0,250,27.4383,42.7199,5.23968,1.74754
0,250,25.8286,42.9901,5.32008,2.36769
0,250,8.43302,49.7417,2.19168,1.1901
0,250,27.1361,41.8436,5.49559,1.43623
0,250,7.58207,51.5791,1.39237,0.198065
0,250,10.4653,50.7109,3.38919,-0.399365
0,250,13.6711,50.3471,4.51173,-0.520999
0,250,14.0999,50.1066,4.84874,-0.265089
0,250,7.32086,50.3646,2.49769,0.774239
0,250,7.71272,50.6021,2.18583,0.316269
0,250,8.70788,50.7983,2.52501,-0.808867
0,250,7.09608,50.768,2.58189,1.04015
0,250,16.6675,49.3969,3.04448,-1.3423
0,250,8.40106,51.2766,2.66013,-0.00121867
0,250,7.6827,49.8816,1.3808,0.773807
0,250,8.54567,50.1701,2.44493,0.691094
0,250,7.22321,49.4284,1.6953,0.620955
0,250,10.1494,50.3375,3.2146,0.437531
0,250,9.01209,50.3277,2.91501,0.0481144
0,250,7.81805,48.7643,1.52346,1.32055
0,250,8.21268,48.5001,1.83149,1.97639
0,250,8.26683,48.07,1.65782,2.35479
0,250,11.2757,44.5763,-0.364092,2.13503
0,250,8.69823,49.3625,2.78467,1.31845
0,250,10.8387,44.8353,-0.280754,1.94896
0,250,10.4148,49.9358,3.1731,0.293821
0,250,6.66377,48.9764,1.23877,1.30848
0,250,4.70559,50.5695,0.7603,0.436279
0,250,6.71399,49.3867,1.49054,1.53519
0,250,7.74011,48.0675,0.850526,1.96484
0,250,8.55782,48.8673,2.33827,1.8313
0,250,8.79182,46.2294,0.0812786,2.47228
0,250,11.1268,45.222,0.318104,2.21278
0,250,9.22605,46.0882,-0.11043,1.63178
0,250,14.7623,44.6541,0.295128,1.53911
0,250,10.5597,45.2612,-0.164423,2.42924
0,250,8.99754,45.625,-0.178258,2.40068
0,250,20.0026,44.7959,2.00846,0.166542
0,250,16.7846,44.2922,1.59178,-0.23055
0,250,18.3266,44.6813,1.76669,-0.074085
0,250,22.103,48.0451,2.18816,-0.190766
0,250,19.5551,44.9991,2.0997,-0.121618
0,250,20.6941,50.944,2.18552,-0.0849154
0,250,11.597,44.922,0.0918694,1.36527
0,250,22.4303,48.3476,2.12721,0.0593436
0,250,21.6011,49.2315,2.2588,0.1188
0,250,21.9689,48.7676,1.96047,-0.0616398
0,250,20.9486,50.1473,2.17562,0.0935369
0,250,19.5644,52.0392,2.30773,-0.346678
0,250,15.5647,48.2337,2.73425,-0.476196
0,250,41.2978,39.7435,5.99818,-1.21025
0,250,49.4632,40.8101,1.53696,-3.68429
0,250,24.897,44.1974,2.79226,0.311689
0,250,5.76188,43.7475,0.229867,1.50108
0,250,21.2393,40.8075,5.11985,0.526546
0,250,25.3814,40.1936,3.91647,-0.821243
0,250,8.00099,51.0669,2.11597,1.11212
0,250,15.527,49.3382,3.84349,-0.63412
0,250,14.0787,51.4432,3.59441,-0.317621
0,250,10.1407,41.9603,1.29328,1.2812
0,250,4.51411,50.9681,0.753042,0.50299
0,250,16.5853,50.3753,3.87558,-0.15756
0,250,4.03016,50.3083,0.507569,0.919064
0,250,17.2287,49.3834,3.46432,-0.980236
0,250,5.22898,50.656,1.4056,0.48509
0,250,6.54977,51.1805,1.73681,0.537384
0,250,13.0458,51.11,3.35888,-0.0363005
0,250,7.04386,51.237,1.63636,0.194457
0,250,4.71901,48.9453,0.476386,1.70445
0,250,5.62475,49.9774,1.24371,0.459267
0,250,5.63346,49.5135,1.28267,0.929903
0,250,10.4711,51.1495,3.7337,0.209277
0,250,7.94023,47.6246,0.812442,2.02827
0,250,5.1017,50.157,0.769555,0.926432
0,250,5.6365,50.4783,0.523775,1.05969
0,250,6.14993,49.9501,0.923288,0.781601
0,250,7.13545,48.8316,1.44762,1.70589
0,250,6.7642,50.2876,1.60294,1.28221
0,250,6.5665,50.7149,2.146,0.400437
0,250,7.48184,48.4267,0.714041,1.39986
0,250,13.6513,43.4153,0.309488,2.0151
0,250,14.698,43.889,0.135054,1.15438
0,250,8.46318,46.7618,0.446151,1.83416
0,250,7.19578,49.889,1.72185,1.02094
0,250,12.754,44.2767,-0.181952,1.53391
0,250,13.2342,44.4318,-0.343631,1.30898
0,250,17.9114,44.3244,1.33017,0.00311072
0,250,13.6046,43.8802,0.249887,1.19862
0,250,21.0053,45.7424,2.36453,-0.558923
0,250,22.1196,47.1872,2.84812,0.408131
0,250,22.449,48.8396,1.86624,-0.11125
0,250,22.4052,47.6656,2.4568,0.0516227
0,250,15.657,44.1812,-0.0482616,0.830261
0,250,22.8307,47.8474,2.26102,0.24371
0,250,18.9806,44.9717,1.93973,-0.235584
0,250,21.7397,49.7913,2.50766,-0.0148741
0,250,21.8347,50.3387,2.00796,0.225425
0,250,21.3948,50.2967,2.11906,0.0832487
0,250,20.27,51.3533,2.41363,-0.411983
0,250,7.55379,51.133,2.52122,1.00513
0,250,33.6435,40.1491,6.07959,0.351703
0,250,22.1896,41.5259,4.61417,0.4138
0,250,25.674,40.6064,0.214977,1.80331
0,250,38.0636,39.3262,6.02983,-0.43089
0,250,11.5282,50.3327,3.87346,0.716047
0,250,50.8475,38.5532,1.02122,-6.35917
0,250,16.756,41.2714,2.71676,1.14253
0,250,24.6388,42.086,6.49965,1.35877
0,250,17.2465,46.4615,2.263,-0.715111
0,250,13.3437,51.4637,3.74845,0.0879343
0,250,8.05781,51.6899,3.63343,0.381426
0,250,17.4507,45.7476,2.18135,-0.622462
0,250,6.15132,50.3914,1.0645,1.02268
0,250,13.7678,51.2179,3.09026,-0.148242
0,250,17.919,47.8516,2.84688,-0.929551
0,250,16.4024,49.8069,3.58176,-0.414632
0,250,16.1504,50.2698,4.08004,-0.566281
0,250,14.5448,51.3987,3.46104,-0.0200866
0,250,11.4889,51.0231,2.85556,0.842301
0,250,5.99951,51.3526,1.71127,-0.434483
0,250,2.91705,50.5458,-0.155186,0.231178
0,250,8.90489,51.2693,2.84491,-0.314391
0,250,6.1473,49.4783,1.49884,1.03476
0,250,3.49279,50.5033,0.440929,1.11309
0,250,4.68764,49.4335,0.733638,1.85366
0,250,5.09756,49.7439,0.786438,1.1691
0,250,6.06678,49.0621,1.37054,0.447221
0,250,6.48105,48.5342,0.922423,1.15551
0,250,11.0217,44.131,-0.158276,2.22603
0,250,7.3893,47.6122,0.947074,1.45676
0,250,7.64871,47.1756,1.01768,2.00631
0,250,15.5247,43.3688,0.723796,0.410414
0,250,19.3894,44.5189,2.24298,-0.0673477
0,250,22.5525,49.3536,2.23872,0.00997506
0,250,7.99583,46.7814,0.446594,2.28214
0,250,8.56003,45.6574,-0.0518953,2.47293
0,250,12.2341,44.1941,-0.419074,1.72002
0,250,18.8757,44.5131,1.96949,-0.0653151
0,250,9.47064,45.4498,0.157887,2.3471
0,250,14.068,44.7887,-0.0426103,1.21319
0,250,8.23958,47.2536,0.421213,2.00468
0,250,14.4016,44.4001,0.290032,1.32433
0,250,22.2145,49.8146,2.46357,0.164258
0,250,15.0512,44.1819,0.442558,1.3047
0,250,21.678,46.4833,2.42396,-0.156082
0,250,22.9282,48.8862,1.72641,0.285383
0,250,21.9342,50.8857,1.89395,0.554277
0,250,22.0634,49.2966,1.93995,0.0939357
0,250,21.0899,50.7202,2.64959,-0.165231
0,250,11.198,48.8889,3.0641,0.496435
0,250,15.9318,41.3061,2.47988,1.76393
0,250,11.9638,47.5489,1.69829,1.56267
0,250,17.3259,41.0096,2.84478,1.40129
0,250,13.3689,45.6705,0.0215292,0.509137
0,250,14.0896,50.7112,3.08264,0.0407987
0,250,16.0766,45.6627,2.01362,-0.272286
0,250,2.45149,49.7359,-0.0259079,2.17042
0,250,11.9727,47.134,0.645758,1.13557
0,250,12.0423,46.3388,0.64545,1.0775
0,250,5.66882,51.6903,1.06755,0.2663
0,250,18.4927,47.282,2.69636,-1.15084
0,250,16.6377,45.8631,2.08166,0.0506385
0,250,12.8119,52.0512,2.58445,0.0470571
0,250,17.7513,48.2437,2.28831,-1.47071
0,250,13.555,50.7951,3.52084,-0.315506
0,250,18.255,48.4681,2.80555,-1.11829
0,250,8.6681,51.7119,2.98543,-0.0738568
0,250,11.3041,51.5391,4.18592,0.325667
0,250,5.083,51.1415,1.29631,0.404323
0,250,6.96002,51.6894,1.19092,0.673861
0,250,4.52756,50.1625,0.819764,0.964403
0,250,5.66761,48.2204,0.964558,1.55102
0,250,5.32661,48.5614,0.517476,1.84043
0,250,5.1817,49.2287,0.611459,1.21117
0,250,5.53464,48.9586,1.17313,1.71665
0,250,7.11222,47.9493,0.976638,1.32969
0,250,9.00718,45.0883,-0.173396,1.96817
0,250,5.99194,48.6123,0.863419,0.768058
0,250,10.2671,44.785,-0.0357195,2.5704
0,250,15.3927,43.7875,0.34367,0.823415
0,250,8.35739,46.2059,-0.0697004,2.17912
0,250,13.1538,43.9094,-0.148583,1.43006
0,250,16.9893,43.7751,1.20793,0.056953
0,250,16.383,44.0385,0.442494,0.376704
0,250,22.9136,48.3309,2.26889,-0.035415
0,250,11.6879,44.2781,0.111431,1.37076
0,250,23.4811,49.6103,2.39953,0.307251
0,250,20.8211,45.2851,1.9356,-0.51863
0,250,21.5145,45.8329,2.55378,-0.312775
0,250,17.3265,44.1391,0.868501,0.198616
0,250,22.6703,47.2316,2.84491,0.397008
0,250,15.9782,43.7394,0.31718,0.713434
0,250,21.4707,51.5189,1.40653,0.26459
0,250,22.2827,50.3419,1.89958,0.104785
0,250,23.0141,49.4514,2.29709,-0.11189
0,250,21.1136,51.3044,1.53235,-0.0561309
0,250,20.2144,52.0614,1.09143,0.525945
0,250,21.5214,50.9089,2.04749,0.284417
0,250,19.9357,51.7087,2.45113,-0.62128
0,250,17.8889,49.7664,3.04646,-0.261814
0,250,17.7338,46.4665,2.17219,-0.654679
0,250,17.3698,48.8342,3.44129,-1.11307
0,250,4.52723,43.1135,0.177115,1.90471
0,250,11.2811,48.1737,2.28309,1.20452
0,250,18.1216,46.862,2.74208,-0.892627
0,250,18.8461,47.7731,2.60973,-1.21814
0,250,13.3395,46.1555,0.497106,0.389685
0,250,13.7433,47.8129,2.57983,-0.00100576
0,250,4.56242,51.421,1.18916,-0.270992
0,250,18.618,46.7514,3.00695,-0.704457
0,250,3.34377,51.3402,-0.458064,0.303211
0,250,12.526,51.0953,3.82998,-0.026979
0,250,17.8283,48.763,3.05374,-0.909667
0,250,5.5681,51.0894,1.32648,1.17451
0,250,12.7903,51.5593,3.98068,0.24342
0,250,4.04643,48.2769,0.0995595,1.62046
0,250,11.9767,51.0989,3.66154,-0.342213
0,250,2.51259,51.582,-1.00535,0.840914
0,250,6.03111,50.865,1.90307,-0.119167
0,250,4.82672,48.5352,0.0906689,0.740256
0,250,5.48309,47.821,0.57827,1.56019
0,250,4.00055,47.2793,-0.319163,1.62311
0,250,4.08106,47.7826,-0.337813,1.15895
0,250,8.10874,45.6693,0.0102463,2.70217
0,250,5.016,48.0832,0.777107,1.63131
0,250,6.93568,48.3671,1.30605,1.64107
0,250,9.98317,43.862,-0.431469,1.82239
0,250,9.55959,44.4245,0.0430096,2.05726
0,250,6.81032,47.4616,0.895869,1.83736
0,250,16.0931,43.2782,0.900093,0.847167
0,250,19.1494,44.0872,1.94166,0.0460168
0,250,18.4521,44.1848,2.55927,-0.248671
0,250,18.0255,43.8815,1.36317,0.462869
0,250,17.5623,43.7036,1.39778,0.136671
0,250,12.0394,43.7767,-0.353776,2.00106
0,250,23.1429,50.024,2.43556,-0.0414389
0,250,22.1369,46.7289,2.45497,0.153471
0,250,23.3356,47.8937,2.05781,0.459879
0,250,19.8168,44.2766,2.43006,0.180328
0,250,20.5425,44.8036,2.02107,-0.272936
0,250,23.1547,47.4137,2.66244,0.133686
0,250,23.341,48.5081,2.26939,0.264026
0,250,23.381,49.0506,1.9189,-0.240523
0,250,22.8556,51.0036,2.00387,-0.0423048
0,250,22.7485,50.4513,1.90243,0.0286912
0,250,16.5465,43.5576,1.1946,0.0550857
0,250,21.9436,51.4407,1.05124,0.365224
0,250,20.6799,51.5149,2.13701,0.23901
0,250,20.7128,51.978,1.81674,-0.32638
0,250,16.1572,46.6377,1.68335,0.090875
0,250,13.7471,46.9059,1.35448,-0.28733
0,250,11.5393,48.6118,3.40523,0.63201
0,250,10.589,48.0129,1.0543,1.31959
0,250,12.3193,46.8335,0.499927,1.12635
0,250,11.618,47.9087,1.90284,1.45154
0,250,18.2085,49.0668,2.79781,-0.728351
0,250,14.7787,45.5786,1.15169,1.05072
0,250,3.24252,50.0809,-0.146306,1.3254
0,250,16.8008,50.9603,3.42104,-0.347113
0,250,2.39954,51.019,1.81863,1.83883
0,250,4.23043,48.6771,1.01614,1.20385
0,250,4.06795,50.7489,0.835489,0.720152
0,250,4.1744,49.127,0.718499,1.74851
0,250,3.94087,49.514,0.124277,1.76028
0,250,3.57039,49.1202,0.806572,1.72737
0,250,3.67419,48.7047,0.831893,2.1445
0,250,3.49632,47.3634,-0.0462233,1.53993
0,250,4.50029,47.5362,-0.0740113,0.990065
0,250,3.92243,46.2481,-0.25037,1.49279
0,250,4.97761,47.5878,0.261198,2.15807
0,250,5.86495,47.073,0.72133,1.62441
0,250,4.52494,48.086,-0.600925,1.16791
0,250,7.14019,47.1008,0.566865,2.1767
0,250,6.20034,48.1016,0.949275,1.42052
0,250,7.91804,46.2413,0.12934,2.38534
0,250,6.56195,47.877,1.52948,1.86442
0,250,7.43886,46.15,0.000430544,2.67008
0,250,11.4282,43.8996,-0.123091,1.49595
0,250,5.43583,47.3161,0.291678,1.64175
0,250,7.50272,46.6662,0.421176,2.12816
0,250,9.5369,44.9499,-0.382907,2.00158
0,250,18.4215,43.4845,1.57569,0.034754
0,250,11.6846,43.4115,-0.266259,1.71875
0,250,8.52166,45.1042,-0.143699,2.08897
0,250,9.98754,44.4193,-0.0627448,2.24808
0,250,21.3505,45.3203,2.19203,-0.379607
0,250,18.9644,43.2327,1.94122,0.343187
0,250,17.3464,43.2935,1.39212,0.0871792
0,250,14.1681,43.9776,0.296105,1.56222
0,250,20.2913,44.3536,2.73882,-0.0494738
0,250,23.7482,48.1581,1.95274,0.259984
0,250,21.0783,44.8331,2.13522,-0.0512044
0,250,23.9654,49.7144,2.0098,0.554159
0,250,23.2146,50.5594,2.24443,-0.149855
0,250,23.616,50.1532,2.4603,-0.256348
0,250,22.3997,50.8837,1.92664,-0.00147259
0,250,22.3591,51.4322,1.22183,0.0395911
0,250,22.6824,49.896,2.49081,0.101725
0,250,21.147,52.004,1.31269,0.954335
0,250,16.377,50.8643,2.85629,-0.255292
0,250,41.4002,38.1642,6.03566,0.142222
0,250,45.6594,38.6429,5.34526,-4.56401
0,250,14.3057,47.6635,2.69013,-0.255422
0,250,16.6223,45.4326,1.43844,-0.471736
0,250,17.0462,50.3624,3.28126,-0.871645
0,250,5.13012,51.5577,0.78378,0.798439
0,250,5.31264,52.0243,0.622229,0.94324
0,250,3.75351,49.9605,-0.244649,1.7489
0,250,2.39688,50.416,-0.529882,0.505547
0,250,4.38736,49.7588,0.380739,1.04252
0,250,3.36922,49.5716,-0.0139994,1.60709
0,250,3.06042,48.5565,0.152885,2.32698
0,250,3.0568,48.9773,0.0565667,1.89352
0,250,2.89552,43.465,-0.874262,2.57728
0,250,3.8961,46.7894,0.0291769,1.14676
0,250,2.91486,47.1072,0.147106,1.19634
0,250,6.29562,47.3458,0.779929,1.93319
0,250,5.9562,47.6307,0.726725,1.47167
0,250,11.2474,43.3559,-0.240562,1.76554
0,250,4.40433,46.9744,-0.00620886,1.70193
0,250,10.8585,43.6294,-0.334737,1.81497
0,250,6.64819,46.9422,0.720895,1.89767
0,250,16.9079,42.66,1.97947,0.379614
0,250,3.39725,46.8853,0.0598375,1.61956
0,250,14.1739,43.5283,0.263024,0.958081
0,250,8.06698,45.1464,-0.26937,2.2236
0,250,17.8199,42.3736,2.7683,0.83693
0,250,13.0052,43.4388,0.00434997,1.93304
0,250,9.06338,44.6252,-0.570723,2.19682
0,250,10.5958,44.3841,-0.556406,2.42512
0,250,17.4183,42.7702,1.94902,0.766387
0,250,12.3584,43.3293,0.193119,1.43385
0,250,19.6672,43.2553,2.11363,0.655214
0,250,14.8571,43.4779,0.565782,1.08214
0,250,16.4714,42.9164,1.78629,0.70541
0,250,10.3984,43.9568,0.104206,2.10761
0,250,18.5784,42.9873,2.48078,1.18312
0,250,19.1794,42.7892,2.53234,0.387511
0,250,20.6606,43.9403,2.61343,-0.0691326
0,250,17.9804,43.3295,1.70185,0.730242
0,250,16.9033,43.2243,1.25086,0.18758
0,250,24.2455,48.4793,2.00461,0.166096
0,250,18.7545,43.8119,1.69329,0.114146
0,250,23.826,48.6732,1.78578,0.380504
0,250,23.7091,47.5562,2.44494,0.165257
0,250,23.8512,49.1871,2.2585,0.13443
0,250,24.2756,50.6906,2.15295,0.174285
0,250,21.6357,51.9858,1.47581,-0.56835
0,250,22.1015,51.9981,1.70445,0.443579
0,250,18.5579,45.9989,2.26356,-0.371281
0,250,11.9738,49.0914,3.36579,1.2546
0,250,15.143,45.9957,1.13909,-0.021171
0,250,15.31,46.5874,1.66237,-0.193796
0,250,10.8311,51.6239,3.35047,0.446379
0,250,10.2099,48.4153,2.13337,1.66807
0,250,12.2836,45.9203,0.642077,1.08081
0,250,12.586,46.4429,0.488555,0.778274
0,250,7.70255,52.0521,2.2331,-0.832563
0,250,7.9579,43.0615,0.0404987,2.17788
0,250,2.91213,46.1444,-0.308054,1.28538
0,250,3.43138,45.462,-0.403265,1.96294
0,250,3.54592,47.7997,-0.436914,1.63185
0,250,3.47933,48.2577,-0.140227,2.19682
0,250,4.88492,47.0883,-0.158777,1.4522
0,250,7.64058,45.7014,-0.305088,2.51127
0,250,14.0337,43.0155,0.339219,1.6063
0,250,18.9612,42.0371,2.94941,0.412293
0,250,12.7924,43.048,0.130078,2.263
0,250,18.3973,42.227,3.56552,0.825322
0,250,13.3832,43.0604,0.0878731,2.26832
0,250,19.6785,42.7716,2.56367,0.423268
0,250,18.3458,42.6472,2.3718,0.769275
0,250,20.216,42.8077,2.30007,0.604958
0,250,17.8636,42.9167,1.97768,0.363404
0,250,19.6398,42.3305,2.57983,-0.297179
0,250,15.8448,42.886,1.10651,0.643399
0,250,21.8047,42.7333,3.84397,-0.2334
0,250,12.5886,43.7853,0.182682,1.83373
0,250,23.0461,42.4845,4.24423,0.421609
0,250,19.2877,43.5656,2.30183,0.169422
0,250,20.7207,42.9205,3.10237,-0.212439
0,250,20.1422,43.286,3.06206,0.167081
0,250,20.6508,43.432,2.55234,-0.462126
0,250,21.8546,45.4197,2.39289,-0.245439
0,250,22.0769,44.9785,2.33995,-0.158472
0,250,21.5082,44.374,2.43303,-0.329595
0,250,21.9728,44.0491,2.60747,-0.361752
0,250,19.7014,43.8206,2.77536,0.27338
0,250,22.3786,46.3374,2.45563,0.250937
0,250,24.1567,47.9082,2.1842,0.110943
0,250,24.2991,47.4577,2.44493,0.414825
0,250,22.7149,46.8041,2.11575,0.135981
0,250,21.5788,44.844,2.28519,-0.0764742
0,250,20.1943,43.7853,2.44145,0.0535446
0,250,24.6023,48.803,2.09196,0.67905
0,250,21.9531,46.0529,2.46596,0.0628012
0,250,24.1213,50.2155,2.40757,0.380225
0,250,23.3805,51.0478,2.18618,-0.275992
0,250,22.5596,51.9763,1.34395,-0.367297
0,250,11.3825,47.4404,1.32604,1.32539
0,250,10.3201,47.6091,1.62771,1.67206
0,250,16.8346,51.9848,1.95067,-0.0709472
0,250,13.0661,47.86,2.37759,0.35488
0,250,15.2431,49.7576,4.37313,-0.795501
0,250,11.7207,46.6781,0.539949,1.55846
0,250,8.32846,52.0811,2.04739,-0.254096
0,250,12.2686,51.5756,4.23339,-0.605364
0,250,3.99024,51.2338,0.00386741,-0.28036
0,250,2.78816,50.0149,-0.13913,1.02036
0,250,2.9808,48.0355,0.0834986,1.77438
0,250,7.79233,44.7682,-0.0791491,2.22737
0,250,8.53256,44.6183,0.136982,2.25009
0,250,12.0209,43.0636,-0.262633,2.55562
0,250,7.01901,46.5677,0.797522,2.4433
0,250,14.5724,42.6301,0.719061,1.96015
0,250,19.8011,41.9931,3.69341,1.37464
0,250,20.9263,42.4575,3.34743,0.350511
0,250,15.1597,43.0724,0.547975,1.00074
0,250,21.6946,42.0924,3.96907,0.312883
0,250,19.6653,41.6359,3.71393,0.42124
0,250,24.2882,43.1781,3.79078,1.1272
0,250,19.0306,42.3989,2.85934,0.685915
0,250,22.2412,42.5122,4.20591,0.147282
0,250,21.1705,43.0088,3.46331,-0.366669
0,250,21.404,42.4843,3.9821,-0.247348
0,250,21.2274,44.0178,2.40645,-0.435194
0,250,24.8648,45.4961,1.9492,0.0645237
0,250,21.1286,43.5066,3.34068,-0.373373
0,250,23.3849,45.5734,2.35177,-0.461256
0,250,23.0692,44.4484,2.36133,-0.460059
0,250,23.7248,46.1307,2.08329,0.324789
0,250,22.6803,44.769,2.50986,-0.478014
0,250,24.2359,46.1556,2.26786,0.158187
0,250,22.532,44.3052,2.89415,-0.544512
0,250,22.5079,45.1994,2.27947,0.0927617
0,250,21.6354,43.683,2.91528,-0.276789
0,250,22.6703,45.9779,2.40977,-0.0283704
0,250,22.9882,46.4471,2.45643,0.0433275
0,250,25.233,48.0724,2.08818,0.223345
0,250,23.2912,46.9884,2.11159,0.256753
0,250,23.8316,47.1359,2.29788,0.18302
0,250,25.1506,48.9784,2.01605,0.712737
0,250,24.301,49.164,2.25347,0.54619
0,250,24.9746,49.8281,2.4361,0.469337
0,250,23.8484,51.5739,2.27638,-0.260978
0,250,24.4425,49.7122,2.15836,0.519815
0,250,23.9165,51.1254,2.32026,0.360754
0,250,23.7323,50.6544,1.92038,0.324965
0,250,22.8449,51.4945,1.7442,-0.0997256
0,250,12.537,47.4722,1.18738,0.353529
0,250,10.8981,49.2435,3.27553,0.752919
0,250,12.8112,46.0314,0.739059,0.726558
0,250,14.837,48.0267,2.2969,-0.227332
0,250,5.93815,52.0661,1.72972,0.268959
0,250,14.7277,46.1861,1.15922,-0.150911
0,250,2.92014,49.4585,0.0107729,1.71602
0,250,2.44012,47.7668,0.491195,1.80549
0,250,2.99061,47.5985,-0.189534,1.3542
0,250,4.85278,46.5862,-0.0805252,2.13686
0,250,8.12223,44.4529,0.00165115,1.84612
0,250,10.5319,43.3731,0.0161877,1.91994
0,250,14.9696,42.6536,1.20393,1.25087
0,250,17.3582,42.2612,2.50808,0.841621
0,250,18.1744,41.8952,2.85346,1.33357
0,250,20.3176,42.3895,2.72265,0.0762667
0,250,23.0493,42.9896,4.12172,0.405378
0,250,27.459,44.9061,3.52108,0.984653
0,250,22.5916,42.7843,3.93277,-0.22882
0,250,23.1041,45.0939,2.33488,-0.0677211
0,250,23.7822,43.9546,3.12374,0.424376
0,250,23.9131,45.6675,2.07741,0.0428023
0,250,22.192,43.5995,3.05215,-0.397141
0,250,21.6549,43.2057,3.19309,-0.792574
0,250,22.1685,43.131,3.51659,-0.202692
0,250,26.4808,46.1571,2.52786,0.965661
0,250,24.7173,45.9834,1.82212,0.292079
0,250,25.2833,45.8931,2.26694,0.649992
0,250,24.5646,46.5136,2.28925,0.410626
0,250,24.0277,46.6484,2.41019,0.364222
0,250,24.3613,45.5669,2.18001,0.211674
0,250,24.9517,46.8391,2.1521,0.392599
0,250,23.2479,46.0633,2.20189,0.31021
0,250,25.9174,47.729,2.18742,0.351269
0,250,22.8891,45.5573,2.57792,-0.126907
0,250,25.511,47.214,2.57848,0.412594
0,250,25.4447,46.7367,2.21685,0.271041
0,250,24.39,47.011,2.69315,0.215221
0,250,22.0551,44.4936,2.65858,-0.360694
0,250,24.9115,47.2819,2.46194,0.557235
0,250,22.2643,45.6687,2.29101,0.142454
0,250,24.7976,47.7119,2.39438,0.294564
0,250,20.8736,44.3815,2.57047,-0.0612672
0,250,24.6077,48.1342,2.15379,0.659714
0,250,24.6242,50.221,2.07113,0.516077
0,250,24.7884,50.7007,1.83244,0.173746
0,250,24.7894,49.3499,2.09234,0.756776
0,250,23.3349,51.5258,1.6979,-0.222712
0,250,24.4616,51.1615,2.14473,0.0652514
0,250,23.0342,52.0148,2.03145,0.0335889
0,250,12.414,47.8762,2.19924,0.853393
0,250,15.921,49.7129,3.63852,-0.216997
0,250,3.26875,43.938,0.119712,1.5891
0,250,11.7686,51.5661,4.61409,0.27398
0,250,8.53364,42.9862,0.413447,2.60442
0,250,2.42613,46.1166,0.543073,0.619239
0,250,2.92049,45.6926,-0.052365,1.02241
0,250,4.90603,46.0883,-0.472649,1.95283
0,250,5.34438,46.8428,0.213342,1.52835
0,250,6.24471,46.7078,0.7458,2.0875
0,250,13.9792,42.6023,0.76529,1.76541
0,250,16.2819,42.4984,0.652164,0.646066
0,250,22.7681,41.2552,5.32746,0.564644
0,250,22.6901,43.3428,2.89251,0.265068
0,250,23.462,44.7734,2.1328,-0.112089
0,250,29.805,43.9707,4.0303,0.13733
0,250,26.319,45.2056,2.40337,1.45535
0,250,10.1223,43.2298,0.151087,2.09908
0,250,23.7256,45.2069,2.2958,0.036404
0,250,27.9052,45.3297,2.70173,0.991169
0,250,22.6195,43.8832,2.55852,-0.378453
0,250,25.908,45.4704,2.10563,0.368552
0,250,25.9206,45.9323,2.42229,0.680666
0,250,25.7045,46.2935,2.00924,0.675122
0,250,25.3844,45.4271,2.05205,0.597421
0,250,27.4349,45.3907,2.56058,0.626296
0,250,26.933,46.5932,2.27241,0.938464
0,250,29.3674,45.2288,3.48632,0.897852
0,250,26.175,46.5217,2.23421,0.888877
0,250,25.1308,46.31,2.30224,0.368748
0,250,26.5495,46.842,2.06825,0.36116
0,250,28.7637,45.6509,3.35513,1.02763
0,250,25.9432,46.9414,2.214,0.654739
0,250,26.3334,48.1469,2.06991,0.449294
0,250,26.1538,47.3537,2.63305,0.46585
0,250,26.1042,48.5907,1.87711,0.385225
0,250,25.7723,48.1591,2.16465,0.393002
0,250,26.533,49.4038,2.18915,0.432729
0,250,23.5282,46.611,2.47739,0.177319
0,250,25.3817,47.6326,2.25542,0.853698
0,250,25.7566,49.001,2.06485,0.490017
0,250,25.5344,49.8301,1.96392,0.424605
0,250,25.3265,50.7102,1.68405,0.147925
0,250,24.995,48.4873,2.07275,0.519563
0,250,25.3584,49.3955,1.92288,0.631948
0,250,25.1748,50.2728,2.2283,0.325665
0,250,24.9746,51.6099,1.38754,0.24029
0,250,25.195,52.0669,1.74587,0.103191
0,250,24.0764,52.0619,2.61604,0.322116
0,250,23.5435,52.01,1.70414,-0.245423
0,250,2.92737,51.452,-0.380718,0.679374
0,250,15.5304,45.7323,1.45711,0.169081
0,250,2.51629,48.2697,-0.459361,1.95084
0,250,2.51581,44.9722,1.19221,1.79623
0,250,2.48716,49.1903,-0.332838,1.88359
0,250,2.41469,46.6888,0.324976,2.28609
0,250,5.8053,46.5331,0.347107,1.86539
0,250,7.00478,45.9585,0.0904198,2.17216
0,250,9.21057,44.0759,0.369721,1.68708
0,250,22.0302,41.1268,4.693,0.0335632
0,250,15.2021,42.1527,1.14883,1.71194
0,250,23.5828,42.5075,4.52699,0.8593
0,250,22.7735,42.1292,4.15128,0.69827
0,250,25.6593,45.0135,2.53612,0.991901
0,250,7.00777,45.4931,0.160284,2.83392
0,250,29.951,42.4595,4.20338,-0.794146
0,250,19.0691,41.6554,3.55648,0.732774
0,250,24.659,43.5089,3.84189,0.864801
0,250,29.4959,42.0275,4.21199,0.412791
0,250,26.4471,45.7291,2.07138,1.16898
0,250,29.7173,43.026,4.56381,0.0284052
0,250,29.9911,43.4471,3.83824,-0.861992
0,250,26.7949,45.2725,2.92747,0.628142
0,250,28.9769,45.0089,3.20309,0.888616
0,250,28.5341,45.3293,2.86764,1.29177
0,250,29.9694,41.8278,4.1431,-0.129648
0,250,27.0392,45.6761,2.24486,1.1752
0,250,30.5072,43.3965,3.88624,0.42463
0,250,29.5637,44.685,3.75893,0.767325
0,250,28.9776,46.109,3.14497,0.617706
0,250,28.0116,45.7545,2.55279,1.19353
0,250,30.2947,43.9585,4.1045,-0.256481
0,250,29.8483,45.0831,3.54113,0.768222
0,250,27.115,47.677,1.99134,0.664663
0,250,27.3868,46.8112,1.98878,0.39393
0,250,27.0037,46.1502,2.49391,0.692543
0,250,26.5459,47.7448,2.12168,0.566179
0,250,26.9279,48.1313,2.02425,0.521584
0,250,26.6859,48.5543,1.84955,0.42743
0,250,27.7715,49.4714,1.77838,-0.0678482
0,250,26.3718,48.9824,1.91175,0.3275
0,250,26.1103,49.8262,1.76058,0.297566
0,250,25.521,48.5796,2.10806,0.669317
0,250,25.9546,49.4016,2.13425,0.410184
0,250,24.9872,51.1683,1.61754,0.569879
0,250,27.0146,50.182,1.95346,0.445773
0,250,24.3929,51.6145,1.12245,0.671728
0,250,26.053,51.0986,1.20808,0.384184
0,250,25.7473,52.0046,1.13985,0.406817
0,250,24.6361,52.0206,1.62941,0.5723
0,250,12.0001,48.6057,3.01768,1.44784
0,250,4.78694,43.678,0.589639,1.64076
0,250,2.44165,43.631,-1.72075,1.23938
0,250,10.9409,42.4405,0.66199,1.21954
0,250,6.52878,45.7054,0.135039,2.28785
0,250,14.5333,43.1681,0.387433,1.56946
0,250,8.76402,44.1199,-0.144525,1.98697
0,250,12.8134,42.5791,1.1891,1.78068
0,250,19.4824,41.2348,3.95679,0.152156
0,250,22.6758,41.7382,4.46315,0.534755
0,250,20.4592,42.0314,3.57286,0.766827
0,250,24.4466,45.0995,2.25506,0.21175
0,250,17.9858,41.0371,3.40882,0.646939
0,250,9.73088,43.1798,0.217444,2.11412
0,250,16.2504,42.0939,1.33072,1.73993
0,250,29.4101,41.6248,3.77579,-0.026721
0,250,22.1816,42.0637,4.27709,-0.0376259
0,250,29.7732,41.1592,3.88778,-0.483798
0,250,28.7851,39.8239,2.51182,0.350116
0,250,30.2207,42.9732,4.31073,0.19549
0,250,26.9631,37.706,-1.25919,-4.09711
0,250,30.1086,41.2039,3.72262,-0.942117
0,250,30.3429,41.7552,3.96198,-0.624009
0,250,31.0038,42.4486,4.00069,-0.0157395
0,250,30.3477,42.3983,4.56181,-0.491312
0,250,30.7345,42.835,4.27157,-0.550318
0,250,30.6012,44.2514,3.59127,0.118566
0,250,29.9934,44.4648,4.01913,0.116311
0,250,30.8531,43.7972,3.59153,0.369094
0,250,28.6816,46.4767,2.7454,0.132876
0,250,28.3686,46.0199,2.76638,0.572409
0,250,28,46.8255,2.20261,0.135821
0,250,27.5347,45.9424,2.19268,0.251256
0,250,28.0867,46.386,2.20487,0.738776
0,250,28.5596,46.8942,2.56636,0.217993
0,250,28.3437,47.3202,2.46493,0.0298153
0,250,27.2623,48.5498,2.12325,0.642937
0,250,27.7817,47.2079,2.00561,0.623415
0,250,27.196,47.2089,2.13195,0.568212
0,250,27.6388,47.6614,2.04861,0.751115
0,250,26.6889,47.2728,2.32768,0.383081
0,250,27.5685,46.3659,2.1567,0.466259
0,250,27.1069,49.399,1.80519,0.706875
0,250,26.967,48.9697,1.91208,0.356108
0,250,26.3715,50.2062,1.90727,0.0964481
0,250,26.0597,51.5724,0.799274,0.199875
0,250,25.8956,50.6501,1.59081,0.269872
0,250,25.7451,50.2375,2.03911,0.570026
0,250,26.4318,50.6314,1.35358,0.290578
0,250,25.5421,51.1247,1.67631,0.0914734
0,250,12.4971,50.6779,4.43665,-0.200798
0,250,2.44304,45.4997,-1.06981,1.54845
0,250,6.62647,46.2986,0.538059,2.33191
0,250,9.59097,43.7614,-0.0599798,2.07944
0,250,7.79569,44.0125,-0.265609,2.37041
0,250,26.4073,43.6157,4.35648,1.50853
0,250,20.5112,41.6111,3.46637,0.693986
0,250,4.35945,46.4631,0.44927,1.83141
0,250,15.547,42.6267,1.00047,0.80278
0,250,21.0759,42.0129,3.65149,0.184431
0,250,8.77371,43.5525,-0.365076,2.46602
0,250,4.40003,45.9481,-0.376199,1.73111
0,250,3.85162,45.1941,-0.0138442,2.00815
0,250,12.2697,42.6188,0.0165948,2.288
0,250,27.9914,42.1872,4.67044,0.868361
0,250,16.7822,42.2329,2.24602,0.763503
0,250,30.7447,40.4173,5.33815,0.743657
0,250,29.0186,41.3118,2.42809,0.78433
0,250,30.9616,40.9684,4.90864,-0.353971
0,250,30.7456,42.0923,4.38743,-0.259651
0,250,30.3634,40.6395,5.28876,0.208473
0,250,31.2836,43.8283,3.75471,0.0833757
0,250,30.8979,41.6078,4.74173,-0.726186
0,250,30.7868,44.6803,3.43429,0.510411
0,250,30.9664,43.247,4.05416,-0.395818
0,250,30.0794,45.501,3.45191,0.518044
0,250,30.2932,44.8098,3.12997,-0.0420057
0,250,29.3027,45.6708,3.01664,0.545319
0,250,29.719,45.838,3.26031,0.100776
0,250,29.3949,46.3147,3.50917,0.526201
0,250,28.9458,47.2681,2.71815,-0.139997
0,250,29.1345,46.7819,2.99276,0.0471109
0,250,29.2885,47.693,2.56496,0.277433
0,250,29.4563,47.1857,2.83737,0.25021
0,250,28.7538,47.7225,2.47305,-0.202882
0,250,28.5621,48.1544,2.42253,-0.202227
0,250,28.1719,47.7236,2.1594,-0.136482
0,250,28.654,49.038,2.07031,0.0155703
0,250,28.0141,48.1808,2.30098,0.0713059
0,250,28.1126,49.0866,2.07225,0.126335
0,250,27.7765,48.6376,2.35868,0.106551
0,250,28.313,48.6172,2.44654,-0.0324901
0,250,27.5024,48.1124,2.10925,0.515348
0,250,28.0134,49.8878,1.99869,-0.114172
0,250,28.26,50.2759,1.862,-0.0393971
0,250,27.6132,50.2004,2.24523,0.0955366
0,250,27.5266,49.0572,1.95345,0.296776
0,250,26.7204,49.8137,1.85923,0.441501
0,250,26.5724,51.5865,0.987135,0.130239
0,250,26.2727,52.0524,1.45213,-0.554827
0,250,18.9842,46.2859,2.07555,-0.653625
0,250,3.86313,44.0115,0.206932,2.66836
0,250,3.44314,46.4181,0.400489,0.727592
0,250,3.8289,43.5899,0.744034,2.72325
0,250,7.52181,45.2748,0.460411,2.96411
0,250,19.0296,50.7871,2.07109,0.0107624
0,250,8.33458,43.9445,0.053267,2.34028
0,250,2.91101,46.5974,-0.220816,1.81023
0,250,29.3473,41.0396,3.08481,1.68923
0,250,2.92398,44.6376,-0.0123615,1.26682
0,250,5.74441,45.9419,-0.157216,2.17974
0,250,28.0098,40.2512,3.75334,0.924129
0,250,11.5358,42.777,-0.00389429,2.327
0,250,21.6766,41.6526,4.42651,0.408291
0,250,28.5417,40.4322,3.65931,0.953711
0,250,13.0621,42.2934,1.17464,1.67516
0,250,23.3691,42.0413,4.87002,0.475893
0,250,31.6118,40.775,4.5602,-1.35272
0,250,30.5956,41.1837,4.21747,-0.570006
0,250,31.2019,44.3434,3.38728,0.0538938
0,250,31.0879,45.0256,2.99387,0.553588
0,250,31.9022,44.8751,3.10246,0.0779464
0,250,31.5205,44.6411,3.20612,0.442219
0,250,31.4689,45.2535,3.17571,0.139765
0,250,30.5218,45.2435,3.34689,0.604419
0,250,30.889,45.526,2.98454,0.384965
0,250,30.3995,45.8387,3.19596,0.427411
0,250,31.5912,46.1565,3.06184,0.576156
0,250,30.7953,46.0808,3.35427,0.512805
0,250,31.1318,46.4239,3.16517,0.806924
0,250,29.9761,46.2192,3.03146,0.276504
0,250,31.4744,46.7444,2.95827,0.447721
0,250,29.6804,46.6912,2.9082,0.335065
0,250,29.8493,47.4285,2.73402,0.0974318
0,250,29.5272,48.4487,2.52271,0.169725
0,250,29.7118,47.9489,2.67999,0.192496
0,250,28.9862,49.3717,2.36294,-0.204984
0,250,29.1177,48.1644,2.40294,0.1963
0,250,29.8717,48.7986,2.57627,0.329862
0,250,28.8735,48.5925,2.2819,-0.0925728
0,250,29.2724,48.8912,2.45497,0.0875429
0,250,29.8944,49.5764,2.50039,0.238263
0,250,28.681,49.8449,2.03939,0.00727139
0,250,29.4269,50.114,2.04682,0.184649
0,250,28.3796,49.5108,1.99223,0.0333945
0,250,26.9476,50.6151,1.4628,0.375578
0,250,26.5737,51.1145,1.49247,0.110572
0,250,27.1486,51.5755,1.56782,-0.318501
0,250,27.3253,52.0306,1.71182,-0.881194
0,250,26.8119,52.006,1.3049,0.139686
0,250,4.9607,43.0894,-0.469231,1.64574
0,250,10.9632,47.7312,1.61592,1.4908
0,250,17.3956,49.8581,3.11134,-0.962706
0,250,4.23408,44.8753,-0.0799772,2.30783
0,250,17.2239,47.8408,2.63784,-1.22976
0,250,18.1349,50.8122,2.49442,-0.482113
0,250,13.7212,49.646,4.18806,-0.218878
0,250,16.0367,47.2807,2.17627,-0.299255
0,250,13.2996,48.5388,3.00443,0.0715052
0,250,8.37687,41.9851,1.35714,2.49686
0,250,7.45868,42.9638,0.0755923,2.74589
0,250,3.32728,44.3459,-0.598981,2.42751
0,250,5.36149,46.3196,-0.0623894,2.01596
0,250,17.2339,41.7506,2.33829,1.24486
0,250,32.6592,40.1233,7.32158,0.539672
0,250,28.9995,39.434,3.52462,0.175093
0,250,31.267,41.2268,4.49231,-0.832499
0,250,31.3576,42.796,4.21246,-0.180209
0,250,31.7139,44.1161,3.3729,-0.00251111
0,250,32.1164,44.2029,3.63717,-0.487748
0,250,32.2544,43.5616,3.59802,-0.491624
0,250,33.4322,44.0031,3.23116,-0.626633
0,250,32.3117,44.6187,2.84366,0.0504758
0,250,32.9236,44.069,3.21926,-0.477357
0,250,32.1555,45.2623,3.05692,0.17613
0,250,31.7686,45.5904,2.92462,0.754457
0,250,31.2601,45.8195,3.26438,0.196588
0,250,32.1155,45.9195,3.21052,0.554219
0,250,30.7077,46.7336,3.00976,0.170336
0,250,33.0629,45.1311,2.81119,-0.453195
0,250,30.3599,46.4527,3.10252,0.333245
0,250,31.8461,47.0276,3.03584,0.618697
0,250,31.9553,46.4678,3.09749,0.463207
0,250,30.3975,47.2204,2.88805,0.26675
0,250,30.0813,46.914,2.93389,0.235697
0,250,30.578,48.0696,2.67329,0.0774282
0,250,30.0694,48.3134,2.65486,0.241443
0,250,30.2039,47.7616,2.65064,0.2083
0,250,30.5321,49.9325,2.23447,0.344428
0,250,29.5644,49.2503,2.39419,0.229874
0,250,30.4466,48.623,2.75683,0.163033
0,250,31.0557,50.0979,2.65233,0.160459
0,250,29.1595,50.6112,1.62982,0.346494
0,250,29.9796,49.9764,2.00383,0.33409
0,250,28.5623,50.6551,1.75071,-0.571649
0,250,28.8681,50.2273,2.01388,-0.502949
0,250,27.4617,50.6399,1.29418,-0.105608
0,250,27.3599,49.7973,1.81816,0.492089
0,250,27.0583,51.1182,1.12701,0.322156
0,250,25.5104,51.5968,0.850452,0.419444
0,250,2.49604,47.2585,0.321412,1.488
0,250,15.2995,50.4956,3.79061,-0.182558
0,250,28.3296,42.8971,4.98849,0.933691
0,250,17.5656,46.929,2.81515,-0.697841
0,250,13.2953,51.9332,2.76022,0.335166
0,250,15.0997,48.8929,3.44614,-0.385137
0,250,14.9777,51.385,3.15462,-0.0582666
0,250,14.5972,51.9542,2.24894,-0.0352366
0,250,15.6266,46.2532,1.31165,0.203708
0,250,14.9114,50.8095,3.42478,-0.560829
0,250,4.63786,44.105,0.0493654,2.23078
0,250,3.38398,44.8943,0.204015,1.58141
0,250,2.46129,44.4032,-0.702409,1.59667
0,250,31.8492,40.5219,4.57363,-0.555711
0,250,32.3243,40.7173,3.84788,-0.591392
0,250,31.4719,43.2757,3.7513,-0.473463
0,250,31.3704,41.788,3.26358,-0.181776
0,250,32.0443,43.0567,3.46765,0.00909755
0,250,32.5319,43.9236,3.21049,-0.0832093
0,250,33.7928,44.3344,2.69981,-0.456233
0,250,34.3336,43.658,3.27423,-0.227296
0,250,33.2319,44.5309,2.78419,-0.296028
0,250,33.5152,44.8925,2.87898,-0.717313
0,250,34.0444,44.7179,2.91804,-0.176791
0,250,32.766,44.5685,3.05919,-0.469414
0,250,32.6307,45.0995,2.96679,-0.119805
0,250,33.351,45.5055,2.64405,-0.214726
0,250,34.3153,45.3285,3.07792,-0.210717
0,250,32.5413,45.6264,2.78043,-0.0115648
0,250,32.933,45.788,2.83716,-0.164685
0,250,34.2508,45.8292,3.11264,-0.33943
0,250,32.4669,46.2323,3.05292,0.33847
0,250,30.7365,47.5301,2.61905,0.296294
0,250,33.2917,46.1052,2.78342,-0.0754069
0,250,31.0214,47.0722,2.71584,0.408084
0,250,32.3459,46.7633,3.05533,0.459327
0,250,31.1057,47.8094,2.46193,0.252345
0,250,31.2574,48.6536,2.71233,0.0766145
0,250,30.94,48.3574,2.60014,0.2268
0,250,30.7341,48.9711,2.68141,0.345534
0,250,30.2075,49.1459,2.83505,0.307444
0,250,31.4137,51.0859,1.86969,0.173248
0,250,29.7128,50.4969,2.21316,-0.02897
0,250,30.231,50.4028,1.87885,0.556898
0,250,29.2767,49.7223,2.27802,0.155546
0,250,28.6564,51.0951,2.11874,-0.260352
0,250,27.9841,50.6635,1.66704,0.189305
0,250,28.2902,51.5367,1.61016,-0.115009
0,250,27.5736,51.1181,1.60464,-0.311375
0,250,27.8491,51.9931,1.03508,0.596679
0,250,7.43564,44.3848,0.172758,2.11182
0,250,15.3034,47.7889,2.08932,-0.0160821
0,250,18.075,45.6067,2.54885,-0.644967
0,250,14.9287,50.1981,4.52878,-0.693022
0,250,25.0241,41.2219,6.22621,1.09607
0,250,26.2476,41.4153,3.95505,2.22674
0,250,16.9123,48.9527,3.45918,-0.722122
0,250,16.447,47.057,2.51904,-0.311681
0,250,14.7846,47.1039,1.98164,-0.435324
0,250,5.17852,44.4225,-0.0080872,2.26596
0,250,14.3651,45.7677,0.691495,0.0540843
0,250,25.5389,42.7385,5.32044,1.8858
0,250,31.8531,41.119,4.8352,-0.347382
0,250,32.3152,41.3539,4.47068,-0.280565
0,250,31.81,42.6814,3.83656,-0.155254
0,250,31.7845,43.5737,3.41475,0.35112
0,250,32.8045,43.3715,3.21377,0.0469065
0,250,33.1493,42.8308,3.31263,-0.164547
0,250,34.5006,43.0589,3.22838,-0.170785
0,250,34.2113,44.0979,2.82476,-0.422949
0,250,34.4873,44.8413,3.18186,-0.263925
0,250,34.9324,45.0133,3.1943,-0.161832
0,250,35.5408,44.4105,3.24665,-0.293584
0,250,35.3981,44.9682,3.28764,-0.388179
0,250,33.7735,45.7535,2.81899,-0.0733448
0,250,34.7791,45.4964,3.00731,-0.367395
0,250,33.8453,45.2341,2.92005,-0.480582
0,250,35.2387,45.5851,3.17928,-0.231601
0,250,35.1866,46.1414,3.46931,-0.0498752
0,250,36.4834,46.2682,3.71229,-0.626238
0,250,34.7389,46.0042,3.48648,-0.0275316
0,250,35.6492,45.872,3.14471,-0.322396
0,250,32.8719,46.4075,3.05249,0.126676
0,250,35.5803,46.4346,3.53066,-0.213038
0,250,34.2125,46.3149,3.13617,-0.417245
0,250,32.5836,47.5809,2.98699,0.196845
0,250,32.7366,47.0007,2.94346,0.22831
0,250,31.7874,47.6057,2.75326,0.466604
0,250,31.3793,47.3372,2.87482,0.430439
0,250,30.5148,49.4889,2.78471,0.484044
0,250,31.2543,51.5204,1.87335,-0.114222
0,250,31.7274,48.4302,2.51063,0.429766
0,250,31.0367,49.635,2.52865,0.244479
0,250,31.1492,49.1818,2.85484,0.106717
0,250,30.2283,50.8974,1.74682,0.286016
0,250,29.2212,51.0328,1.48122,-0.123881
0,250,30.312,51.433,2.31469,0.25702
0,250,28.1189,51.1163,1.13535,-0.192512
0,250,29.3703,51.499,1.95307,0.157174
0,250,28.3432,51.9904,1.06675,-0.794158
0,250,16.5774,46.3376,1.60114,-0.305413
0,250,11.5436,49.2727,2.78984,0.417334
0,250,16.804,48.4503,3.28371,-0.540093
0,250,13.8674,45.9069,0.479135,0.456296
0,250,9.96037,51.0116,3.80844,0.930417
0,250,15.7366,46.8637,1.51673,-0.605724
0,250,3.51555,50.9165,-0.276295,0.433608
0,250,9.02906,43.0366,0.872528,1.96212
0,250,13.6283,42.1284,1.19805,1.90626
0,250,2.51682,52.0263,-0.469085,0.21051
0,250,19.52,47.1629,2.52141,-0.551465
0,250,32.6901,40.6735,4.67879,-1.15228
0,250,31.4842,42.1881,4.22909,-0.529978
0,250,32.778,42.5712,3.61247,-0.10122
0,250,32.52,43.0494,3.4392,-0.605803
0,250,33.777,43.6924,3.04668,-0.128903
0,250,33.4533,43.1306,3.08072,-0.598751
0,250,32.344,42.4587,3.72919,-0.200924
0,250,33.9176,42.8026,3.48447,-0.345896
0,250,34.8626,43.922,3.30711,-0.309983
0,250,35.0744,44.4855,3.13881,-0.297071
0,250,34.6164,44.3471,3.01918,-0.25272
0,250,36.1891,44.3521,3.38775,0.224605
0,250,35.859,43.9993,3.5743,0.158061
0,250,35.6813,45.3254,3.26728,-0.327718
0,250,36.2398,45.0534,3.63162,-0.201046
0,250,36.5469,45.6836,3.44944,-0.484584
0,250,36.9505,45.9526,3.18299,-0.409512
0,250,36.1424,45.5527,3.13267,-0.0647855
0,250,37.3578,46.6186,3.35773,-0.714088
0,250,36.0681,46.1081,3.32824,-0.319242
0,250,37.3453,47.128,2.80207,-0.446977
0,250,33.7118,46.2703,2.92026,-0.0415902
0,250,36.0189,46.6509,3.39901,-0.242237
0,250,33.6553,46.7691,3.0558,-0.431305
0,250,32.6271,49.1586,2.64267,0.235064
0,250,33.1981,46.7368,3.25509,0.292108
0,250,31.6161,49.4548,2.56233,0.24623
0,250,32.075,47.9524,2.64747,-0.171638
0,250,31.5974,49.8941,2.76072,0.1935
0,250,32.2341,47.3151,3.08575,0.527499
0,250,32.6364,49.7035,2.44711,0.428322
0,250,31.8566,50.8895,1.00041,-0.490361
0,250,31.4842,50.3725,2.39975,0.236275
0,250,31.4776,48.0373,2.74036,0.155691
0,250,31.1756,52.0496,1.32293,0.292197
0,250,29.7406,50.9617,2.17995,0.223953
0,250,28.8677,51.5056,2.03532,-0.0509337
0,250,29.3138,52.0085,1.43636,-0.755261
0,250,28.834,51.994,1.0044,0.67712
0,250,6.11293,45.5176,0.447664,2.49066
0,250,11.7869,49.9753,4.06262,0.267581
0,250,17.1191,47.1329,2.66875,-1.02945
0,250,15.9446,47.9937,2.21153,-0.460681
0,250,16.2706,47.7204,2.53318,-0.539683
0,250,19.1028,46.7461,2.90562,-0.784527
0,250,2.70128,44.0255,-0.270604,1.95175
0,250,19.0268,49.3327,2.42337,-0.969403
0,250,33.253,40.1951,5.07716,1.03953
0,250,34.528,40.5079,4.85434,0.454065
0,250,32.7431,41.236,4.16343,0.431774
0,250,31.8273,41.6578,4.36055,-0.141589
0,250,33.0865,41.5588,3.79724,-0.369805
0,250,32.788,41.9921,3.10872,-0.030303
0,250,33.2,43.5429,2.85369,-0.497172
0,250,35.812,40.1367,5.51447,-0.0171448
0,250,28.4991,42.0553,3.28551,0.400316
0,250,34.3946,42.6135,3.31789,-0.194311
0,250,33.9886,43.2685,3.44348,-0.206883
0,250,34.7852,43.4104,3.61911,-0.274849
0,250,35.3335,43.9191,3.2813,-0.0212094
0,250,35.2587,43.4184,3.71887,-0.0546182
0,250,36.6358,44.5841,3.60942,0.0582808
0,250,35.9085,44.757,3.56289,-0.569509
0,250,37.8286,46.3384,3.50138,-0.390369
0,250,38.8447,46.6866,2.87027,-0.498964
0,250,37.3758,46.0849,3.89798,-0.890808
0,250,37.8366,46.8397,3.21557,0.120213
0,250,37.8459,47.3179,2.71645,-0.0493456
0,250,36.8624,47.0353,3.14585,-0.320291
0,250,36.8921,46.5075,3.75479,-0.494635
0,250,34.6708,46.5149,3.62327,-0.201223
0,250,32.5176,48.0877,3.08346,0.203521
0,250,35.9314,47.1877,3.58007,-0.209215
0,250,36.3497,47.4029,3.2621,-0.269006
0,250,35.4088,47.4938,3.40142,-0.350921
0,250,33.0938,47.3046,2.91805,0.31064
0,250,35.4987,46.9684,3.76414,0.00290362
0,250,31.6668,48.9642,2.64847,0.233782
0,250,32.1514,49.4918,2.65529,-0.556265
0,250,32.1528,49.0068,2.63577,-0.413528
0,250,35.8424,47.7152,3.04727,-0.242678
0,250,31.9647,50.428,2.52045,-0.292946
0,250,32.9694,50.5108,1.93336,0.434586
0,250,30.7149,50.4698,2.09577,-0.460879
0,250,32.198,51.2587,1.31429,-0.252737
0,250,32.1302,49.9621,2.65055,-0.252251
0,250,30.245,51.9864,1.57124,0.246089
0,250,30.694,51.9792,1.56684,0.10099
0,250,27.699,51.5616,1.52557,-0.00439848
0,250,14.8187,46.6378,1.78019,-0.237314
0,250,3.95759,45.7364,0.241689,2.11935
0,250,17.9988,50.293,2.54102,-0.830855
0,250,12.8977,50.2604,4.26895,-0.482076
0,250,16.3582,48.3662,3.12211,-0.989635
0,250,16.3899,48.9356,2.95501,-0.955473
0,250,13.2357,46.9859,1.5498,0.485052
0,250,14.2125,46.2951,1.23778,0.332465
0,250,28.6207,42.6074,4.56039,0.120296
0,250,28.2138,39.9549,3.81242,1.11292
0,250,32.0033,42.1799,3.55845,-0.438867
0,250,9.19485,41.9244,1.00506,2.35956
0,250,33.5927,42.4919,3.18287,0.125193
0,250,13.0966,48.8806,2.72525,-0.0145876
0,250,33.1906,42.1943,3.96731,-0.229067
0,250,9.21515,43.4492,0.267953,1.82957
0,250,32.3764,41.8075,4.08372,0.025923
0,250,34.9033,42.2574,4.0302,-0.205056
0,250,35.3134,42.9359,3.62771,-0.201511
0,250,36.6547,44.0854,3.6098,0.109371
0,250,37.8081,45.7982,3.69967,-0.495404
0,250,38.2849,46.0295,3.41065,0.00529797
0,250,37.0227,45.4215,3.64051,-0.4962
0,250,38.3338,46.5184,3.07854,0.352037
0,250,38.9604,47.1397,2.88472,-0.378588
0,250,40.125,45.9079,3.43604,-0.458468
0,250,37.3099,47.6078,2.93018,-0.542669
0,250,39.3476,46.6969,3.06967,-0.940023
0,250,36.8057,47.5517,2.91966,-0.206949
0,250,38.4045,47.4319,2.45374,0.379422
0,250,38.3709,46.9879,3.14745,0.384276
0,250,37.3139,48.0423,2.02688,-0.474623
0,250,36.431,46.8587,3.56479,-0.537264
0,250,40.4164,46.8828,2.68282,-0.199405
0,250,36.733,48.0301,2.60544,-0.168281
0,250,39.8074,46.8233,3.28425,-0.694574
0,250,34.1438,46.8151,3.32589,-0.072945
0,250,35.3256,48.0022,2.94513,-0.284852
0,250,33.0359,47.8068,3.19066,0.613308
0,250,35.1009,46.705,3.6142,-0.230599
0,250,32.7613,51.0228,1.48756,0.454468
0,250,35.769,48.2394,2.75513,-0.173811
0,250,34.413,48.1226,3.13746,-0.0525262
0,250,34.8807,47.776,3.27663,-0.420433
0,250,32.6875,48.6169,2.81563,0.00831923
0,250,34.9821,47.2548,3.44273,-0.254297
0,250,32.1951,48.514,2.69331,-0.322703
0,250,30.7078,51.0011,2.06978,-0.103471
0,250,32.5524,51.5343,1.19001,0.262901
0,250,29.7873,51.9804,1.83162,0.542692
0,250,23.461,39.9215,3.88427,0.676402
0,250,20.4353,40.7395,4.87189,1.32817
0,250,18.3689,40.8826,3.68646,1.4228
0,250,9.27748,51.6374,1.66532,-0.396412
0,250,14.785,41.8907,1.62245,2.04894
0,250,14.2147,48.109,2.68778,-0.143363
0,250,23.2709,41.5676,4.89082,0.75737
0,250,33.1654,40.7494,4.61706,-0.0777051
0,250,36.6766,40.4011,5.50509,-0.579261
0,250,33.3554,41.0295,4.14191,-0.0188472
0,250,28.3686,44.0885,3.72076,1.24934
0,250,13.0824,50.6201,4.23686,-0.552122
0,250,25.806,43.7588,4.35996,1.52966
0,250,18.6834,41.4025,3.3639,0.521878
0,250,37.6222,40.1383,5.78023,-0.550727
0,250,33.4627,41.707,3.74415,-0.149088
0,250,36.3157,43.2202,3.44726,-0.0467094
0,250,37.1357,44.4583,3.80042,-0.614886
0,250,36.7039,45.0668,3.26834,-0.178821
0,250,38.7872,45.6885,3.28198,-0.807824
0,250,39.9294,45.2424,3.39529,-0.670778
0,250,39.2587,45.5933,3.49709,-0.500786
0,250,38.8097,46.1789,2.94314,-0.761867
0,250,39.711,46.2655,3.14981,-0.83355
0,250,40.6568,44.8153,3.03448,-1.00388
0,250,41.131,44.6351,3.09597,-1.24339
0,250,40.1974,46.469,3.20632,-0.365188
0,250,40.9577,44.1895,3.22436,-1.11266
0,250,40.5797,45.691,3.49828,-0.86626
0,250,41.9791,46.434,2.88669,-0.542962
0,250,40.9023,46.5983,2.50304,-0.673306
0,250,40.9468,47.0302,2.82722,-0.883648
0,250,40.0067,47.2564,2.92178,-0.260287
0,250,39.4307,47.2506,2.91376,-1.05989
0,250,37.8974,47.7559,2.72001,0.0110602
0,250,34.7998,48.8858,2.47613,-0.364942
0,250,36.5822,48.7302,2.40026,-0.130734
0,250,34.8627,48.3117,3.01003,-0.266349
0,250,36.2754,47.9451,2.80381,-0.234773
0,250,36.9675,48.4346,2.32339,0.177139
0,250,37.7924,48.2058,2.03982,-0.261327
0,250,33.546,47.7728,3.30488,-0.0593942
0,250,34.5779,47.0393,3.42765,-0.325964
0,250,34.4408,47.5712,3.23491,-0.230938
0,250,33.0502,48.2874,2.87562,0.351537
0,250,33.5725,47.2677,3.17779,0.064155
0,250,33.0466,50.0148,2.33434,0.0386735
0,250,32.5454,50.2512,2.25462,0.0482358
0,250,32.5732,52.0019,1.81726,-0.0616556
0,250,29.8636,51.4518,2.11252,0.146594
0,250,10.076,49.4738,2.57894,0.719913
0,250,4.2051,44.2849,0.432131,2.22855
0,250,14.5222,48.8793,3.63872,-0.102711
0,250,25.1385,41.8114,5.39998,0.785513
0,250,13.7347,41.3316,1.813,1.62841
0,250,34.0417,40.3824,4.96222,-0.000902114
0,250,35.1878,40.0109,5.23096,-0.113279
0,250,14.8037,47.5572,2.51758,-0.543928
0,250,38.4161,39.2491,5.36474,-1.00857
0,250,2.93559,45.1794,-0.570045,2.46263
0,250,15.5087,44.9263,0.808759,0.509932
0,250,14.6089,48.4411,2.68747,-0.244012
0,250,3.44886,45.9128,-0.419351,1.73384
0,250,34.9474,42.7131,3.34492,-0.289902
0,250,36.1494,41.7235,4.44444,0.0272925
0,250,36.9578,42.9805,3.64123,-0.20608
0,250,37.4643,45.479,3.56854,-0.729043
0,250,37.2235,44.8989,3.23224,-0.445336
0,250,38.33,45.541,3.18977,-0.158963
0,250,39.7873,44.6586,2.94542,-0.776447
0,250,39.2652,46.153,3.41388,-0.797955
0,250,39.7148,45.7045,3.45588,-1.13404
0,250,40.3546,45.2945,3.51905,-0.809849
0,250,40.494,44.2362,3.38773,-1.14811
0,250,40.9388,45.1923,3.58956,-1.40124
0,250,41.1109,45.6195,2.99572,-0.802483
0,250,41.5308,45.3737,3.01749,-1.14655
0,250,41.6392,45.9807,2.80365,-0.516816
0,250,41.1133,46.0959,2.93389,-0.751453
0,250,40.488,47.3885,3.3117,-0.357026
0,250,42.0504,46.9112,2.97951,0.178875
0,250,41.4472,46.4608,2.64748,-0.828712
0,250,40.5989,46.1965,3.05018,-0.350735
0,250,38.4085,47.9337,3.00699,0.268484
0,250,39.5146,47.6759,2.90793,-0.99234
0,250,39.0804,48.0088,2.9316,-0.825148
0,250,40.0206,47.7593,2.94429,-0.550306
0,250,40.4335,47.971,3.05778,-0.467707
0,250,39.5905,48.162,2.70191,-0.680692
0,250,38.8666,47.6197,2.94675,-1.10829
0,250,37.4066,48.632,2.5359,-0.587501
0,250,35.2775,48.549,2.57156,-0.0763956
0,250,35.7324,48.7464,2.35152,-0.27588
0,250,36.2281,48.4489,2.26773,-0.252386
0,250,36.9833,49.0541,2.71651,-0.286176
0,250,32.4044,50.732,1.96429,0.485813
0,250,34.0467,47.3269,3.24228,-0.483148
0,250,33.9112,51.5427,1.36688,0.223999
0,250,31.6569,51.927,0.805047,-0.170923
0,250,31.8169,51.4933,2.05972,0.222311
0,250,26.2173,43.259,4.95749,2.27107
0,250,26.3828,38.2912,-2.50431,-1.34981
0,250,19.6299,46.7091,3.152,-0.257029
0,250,27.9963,41.6384,2.80478,0.510565
0,250,3.79621,44.6165,0.61445,2.61848
0,250,6.39681,51.6522,1.3611,0.244682
0,250,18.3008,46.3478,1.98482,-0.400703
0,250,19.1035,45.8076,2.48777,-0.259778
0,250,16.0485,44.7993,0.559229,0.366393
0,250,34.679,39.93,5.81797,0.206042
0,250,13.44,42.6184,0.726633,1.84964
0,250,33.9028,41.1979,4.11722,0.872984
0,250,35.7705,43.4949,3.98256,-0.148457
0,250,36.2937,43.714,3.66462,0.112063
0,250,37.3169,43.2577,3.81175,-0.257626
0,250,37.4686,44.123,3.3197,-1.06483
0,250,37.936,45.2429,3.41901,-0.721634
0,250,39.4653,45.0964,3.29867,-0.9649
0,250,40.2222,44.6822,3.24097,-0.875974
0,250,39.2595,44.6242,3.1608,-0.942066
0,250,38.4986,45.0517,3.53197,-0.226337
0,250,40.119,44.0286,3.34167,-0.528055
0,250,41.9332,44.8636,3.3953,-1.33276
0,250,41.4907,44.8921,3.52811,-1.1102
0,250,41.9258,45.6143,2.9533,-0.478955
0,250,42.5355,46.8648,3.50209,-0.0805135
0,250,42.251,46.0609,2.48527,-0.608099
0,250,42.5937,46.4198,1.97654,-0.414762
0,250,42.2733,47.4018,2.55135,-0.0546231
0,250,43.1506,46.9948,2.99378,-1.31088
0,250,41.5568,46.9097,3.0539,-0.53037
0,250,41.8064,47.4559,2.60041,-0.516125
0,250,42.7546,47.311,3.12822,-0.286674
0,250,43.2864,48.1067,2.48707,-0.846827
0,250,41.3389,47.3426,2.75406,-0.984637
0,250,40.8976,47.6025,2.99121,-0.32814
0,250,41.8347,47.9506,3.01401,-0.397878
0,250,38.7854,48.3702,2.63424,-1.07541
0,250,38.2959,48.3786,2.2565,-0.284954
0,250,40.8848,48.1125,3.22632,-0.383759
0,250,37.8758,48.7145,2.70903,-0.491941
0,250,42.4114,47.8651,2.5481,-0.703854
0,250,40.0536,48.3295,2.77574,-0.765511
0,250,35.2308,49.075,2.34016,-0.207744
0,250,33.4884,49.9075,2.3783,-0.0513655
0,250,33.9808,47.9049,3.43217,-0.135639
0,250,33.7674,50.8832,1.68933,0.369851
0,250,34.6842,51.0782,1.73487,0.25106
0,250,31.1462,50.7285,1.64949,-0.32735
0,250,30.8014,51.4655,1.95969,-0.250283
0,250,3.12475,42.9689,0.423467,3.66513
0,250,11.9024,50.6327,3.8777,0.575827
0,250,10.8723,48.4201,2.52539,0.492179
0,250,18.9526,48.6713,2.57773,-1.19896
0,250,12.5476,48.5501,2.28863,0.103738
0,250,13.0073,49.7285,4.03599,-0.107999
0,250,6.17858,44.225,-0.118898,1.11487
0,250,10.9239,41.7635,0.0341764,0.972968
0,250,34.6154,41.2862,4.26486,0.103371
0,250,36.0777,42.6017,3.87979,-0.262084
0,250,33.8367,42.1097,3.60692,-0.106879
0,250,33.9581,41.6166,3.98361,0.10243
0,250,37.6081,43.571,3.34771,-0.402982
0,250,36.7555,43.4982,3.5443,-0.425505
0,250,37.0807,43.8371,3.40665,-0.558212
0,250,38.9656,45.1527,3.37206,-0.67831
0,250,37.6882,44.8753,3.43942,-0.740619
0,250,38.8214,44.6022,3.49698,-0.805466
0,250,40.4463,43.5185,3.3456,-1.07811
0,250,41.2249,43.3633,3.664,-1.12394
0,250,41.3796,43.8445,3.84968,-1.03095
0,250,41.9545,44.2571,3.61814,-1.81205
0,250,42.3459,44.5454,3.57746,-0.903246
0,250,42.5036,45.6549,2.97106,-0.730929
0,250,42.6548,44.9732,2.79318,-1.00956
0,250,43.5774,46.5022,2.80565,-0.959432
0,250,43.5761,47.5998,2.34363,-1.12746
0,250,44.7425,47.831,1.79912,-0.611929
0,250,43.607,47.0698,2.46031,-1.12395
0,250,43.901,47.9427,1.86168,-0.382647
0,250,43.648,48.382,1.80659,-0.171642
0,250,45.0028,48.9841,2.32502,-0.509009
0,250,43.6549,48.9663,2.32821,-0.200468
0,250,43.2405,48.7471,2.13078,-0.451203
0,250,42.2021,48.2903,2.95656,-0.202491
0,250,44.3841,48.2187,1.5404,-0.675573
0,250,41.3743,47.9054,3.16061,-0.910655
0,250,43.1234,47.5782,2.42249,-0.528729
0,250,39.2632,48.5911,2.56785,-0.693659
0,250,40.4108,48.5985,2.85715,-0.442975
0,250,36.5747,49.3108,2.31409,-0.392445
0,250,38.3487,48.9298,2.76175,-0.337473
0,250,33.9748,48.4626,3.03863,-0.299654
0,250,33.5176,48.2979,3.02244,-0.384527
0,250,34.7678,49.4625,2.50046,-0.102912
0,250,34.4052,48.6754,2.80291,-0.118639
0,250,33.091,52.0084,1.64396,-0.52132
0,250,33.5053,50.4686,1.99014,-0.104633
0,250,33.5221,49.3629,2.38957,-0.330776
0,250,32.1052,52.0389,1.63229,0.043407
0,250,28.8957,43.0756,4.47438,0.291729
0,250,11.3502,42.0637,0.250029,1.95204
0,250,9.83467,51.5093,2.53017,0.0686375
0,250,9.38965,41.751,0.777238,1.60708
0,250,9.21541,50.76,2.93966,0.443706
0,250,16.8408,46.7363,2.66939,-0.507046
0,250,15.5997,50.0616,4.23943,0.163292
0,250,14.2416,47.2035,1.31146,-0.069731
0,250,5.34958,45.744,-0.184031,2.55762
0,250,32.0738,39.5402,6.68196,0.209069
0,250,35.5497,42.4909,3.76887,0.616163
0,250,37.98,43.8141,3.73358,-0.258544
0,250,37.8339,44.4072,3.65145,-0.5283
0,250,37.8571,42.9328,3.60901,-0.576966
0,250,38.3154,44.171,3.21215,0.0775121
0,250,38.7814,44.114,3.31902,-0.447648
0,250,39.2543,43.9983,3.4771,-0.689431
0,250,40.9044,43.0504,4.0478,-1.22934
0,250,41.5656,44.254,3.84338,-1.28407
0,250,42.8028,44.4322,3.26671,-1.01114
0,250,42.8765,43.9068,3.77152,-1.65149
0,250,42.2427,45.2034,2.6486,-0.906462
0,250,43.1332,44.9685,2.52402,-0.988802
0,250,42.9298,45.4808,2.89219,-1.08907
0,250,44.0242,47.2264,2.68456,-0.989098
0,250,44.398,46.837,2.20006,-1.13396
0,250,44.9583,46.7611,1.40811,-1.33528
0,250,44.8098,48.4255,1.95047,-0.825839
0,250,44.5279,48.8752,2.54415,-0.415598
0,250,44.6143,49.4115,1.59596,-0.216838
0,250,44.2688,47.6512,1.61817,-0.460629
0,250,45.468,49.0809,2.13913,0.378056
0,250,44.0863,48.5767,2.16461,0.00039487
0,250,44.2006,49.6539,1.69063,0.0221172
0,250,41.3386,48.4085,3.0788,-0.724948
0,250,45.5174,49.7632,1.55818,0.456727
0,250,42.8159,48.0308,2.30046,-0.170907
0,250,43.3036,49.4111,2.2585,-0.11839
0,250,41.7825,48.5394,2.92123,-0.393176
0,250,41.4572,48.95,2.59879,-1.19685
0,250,40.8545,48.6216,2.88468,-0.340244
0,250,37.4435,49.141,2.97636,-0.424083
0,250,34.3391,49.8653,2.20798,-0.1508
0,250,33.9254,49.6375,2.4792,-0.30248
0,250,34.3607,49.2724,2.3546,0.0336786
0,250,33.9151,50.2225,2.23662,0.109536
0,250,33.0882,48.8852,2.83532,0.0242796
0,250,33.4968,51.414,1.43924,-0.0920689
0,250,34.1787,51.0098,1.44277,0.198424
0,250,33.0381,51.5054,1.52888,-0.165904
0,250,25.0474,43.7557,4.66474,0.451419
0,250,26.5828,44.5469,2.40747,1.26148
0,250,12.8182,48.2318,2.88737,0.553436
0,250,7.39345,42.4213,-0.316719,3.76528
0,250,6.04615,43.4707,0.121169,0.3025
0,250,14.1556,51.9628,2.63563,0.296126
0,250,18.1881,41.4324,3.32125,0.530087
0,250,35.7382,41.1686,4.17725,0.0830049
0,250,34.3295,42.1557,3.5571,-0.26597
0,250,37.034,42.4369,3.78489,-0.347279
0,250,38.1352,43.282,3.67297,-0.412701
0,250,37.4902,42.7231,3.81224,-0.618773
0,250,38.2499,44.6849,3.365,0.0209452
0,250,38.9422,43.5398,3.47616,-0.496422
0,250,40.4336,43.0082,4.05424,-1.19476
0,250,39.6449,44.1934,3.42139,-0.570757
0,250,41.6001,42.9879,4.16523,-1.33088
0,250,41.7641,43.4682,3.81366,-1.60941
0,250,42.4345,43.9509,3.81367,-0.790851
0,250,42.1023,43.671,3.93875,-1.46039
0,250,43.2913,44.4915,2.91199,-1.05947
0,250,43.0919,46.5239,2.57089,-1.21512
0,250,42.9352,46.0147,2.05919,-0.699927
0,250,44.0155,46.6044,2.52455,-1.15104
0,250,44.6224,47.2548,1.68263,-0.474805
0,250,44.7051,45.7922,2.38456,-0.787203
0,250,45.1655,47.9092,2.05669,-0.882657
0,250,45.6064,48.0188,1.91298,-1.05504
0,250,45.7104,48.5364,1.67457,-0.748735
0,250,45.2533,48.4891,2.04628,-0.103668
0,250,44.3867,50.1608,1.61901,0.0178021
0,250,45.6647,50.3919,1.27014,0.397013
0,250,46.6445,48.3594,1.18547,-0.816526
0,250,45.8942,49.547,1.44646,-0.419279
0,250,45.9081,49.0345,1.95878,-0.749603
0,250,45.98,50.1033,1.42626,0.0273712
0,250,42.834,48.5234,2.08994,-0.415073
0,250,45.1209,49.4897,1.48323,-0.443612
0,250,41.6721,49.3893,2.70483,-0.533421
0,250,38.6991,49.3983,2.5257,-1.02171
0,250,40.4606,49.1617,2.6216,-0.747593
0,250,41.011,49.0687,2.7435,0.150237
0,250,37.1365,49.5915,2.90081,-0.562944
0,250,42.012,49.0101,2.46613,-0.207401
0,250,37.9841,49.2506,2.75699,-0.55991
0,250,33.9701,49.0405,2.55263,0.00696964
0,250,38.2665,49.6219,2.68408,-0.418362
0,250,34.735,50.5947,1.98136,0.0553272
0,250,33.54,51.9934,1.23924,0.869711
0,250,33.056,49.4405,2.44194,0.452961
0,250,16.758,47.4459,2.33775,-0.777299
0,250,12.4917,41.7477,1.53923,2.61321
0,250,11.1546,50.6524,4.01088,0.0948198
0,250,6.08153,42.3683,-2.01967,2.57604
0,250,5.96335,44.7844,0.362815,2.34052
0,250,35.5177,40.5599,4.3925,0.0472682
0,250,21.4513,41.2065,4.51731,0.26943
0,250,36.5459,42.7648,3.8287,-0.281658
0,250,35.4331,42.0832,4.19217,-0.123928
0,250,37.9729,42.3423,3.66991,-0.459701
0,250,38.3465,42.5873,3.82631,-0.0566682
0,250,38.5032,43.625,3.30854,-0.0312195
0,250,38.5448,43.0047,3.2353,-0.0461285
0,250,39.4533,43.5276,3.71855,-0.825329
0,250,39.467,43.0321,3.636,-0.582021
0,250,40.8185,43.7017,3.6941,-1.30456
0,250,42.1041,42.9114,4.20848,-1.6876
0,250,42.4374,43.2103,3.97366,-1.02549
0,250,43.3444,43.9594,3.56079,-1.00481
0,250,43.4131,45.4053,2.72506,-0.841561
0,250,43.6809,44.8639,2.64839,-1.07001
0,250,43.3807,45.964,2.30601,-1.18005
0,250,43.8331,46.013,1.93861,-1.13007
0,250,44.2783,46.1279,1.48326,-1.11187
0,250,45.069,47.3319,1.58032,-0.988873
0,250,46.0953,48.1171,1.76563,-1.06891
0,250,46.2418,48.6083,1.58587,-0.225447
0,250,46.42,49.0868,2.16644,0.0706864
0,250,46.8536,48.8728,1.33568,-0.951695
0,250,46.8501,49.4418,1.85965,-0.214266
0,250,44.045,50.5584,1.58876,-0.0288884
0,250,46.3742,49.5913,1.10527,-0.296594
0,250,43.8711,50.0568,1.50814,0.0239968
0,250,43.0986,49.9096,1.88595,-0.138206
0,250,42.4388,48.7308,2.44534,-0.124622
0,250,42.7104,49.6687,1.78496,-0.35137
0,250,44.1096,49.1214,2.26392,-0.0850209
0,250,43.7125,49.5296,1.7665,-0.0394223
0,250,42.1186,49.6556,2.38441,0.161541
0,250,40.8011,49.5054,2.311,-0.248633
0,250,37.6296,50.0803,2.11937,-0.302114
0,250,37.0818,50.062,2.3294,-0.630946
0,250,36.5109,50.2565,2.42632,-0.279069
0,250,36.6335,49.7745,2.87791,-0.351307
0,250,35.6378,49.2966,2.4723,-0.00471823
0,250,35.2438,50.6702,2.09349,0.08976
0,250,35.6652,50.3726,2.59204,0.034037
0,250,34.5504,52.0069,1.36752,1.24556
0,250,33.5373,48.8212,2.77867,-0.127907
0,250,33.2588,50.9488,1.87991,-0.013665
0,250,17.9619,47.3175,2.90195,-1.16128
0,250,6.84958,43.9676,0.116286,1.96816
0,250,6.196,46.126,0.115857,1.99729
0,250,4.77249,45.0441,0.139025,2.3115
0,250,35.6458,41.6373,3.8824,0.0257112
0,250,24.0465,42.816,4.1111,0.917143
0,250,36.4937,40.8633,5.01027,-0.19097
0,250,37.4842,42.1929,3.7759,-0.330578
0,250,36.0636,42.1496,3.94789,-0.145544
0,250,38.6919,41.7441,3.99047,-0.717898
0,250,39.0001,43.0186,3.64164,-0.501373
0,250,39.0302,42.4963,4.38372,-0.246698
0,250,39.9221,43.612,3.77909,-0.937438
0,250,42.5313,41.5305,4.64124,-2.28346
0,250,42.0422,41.9435,4.33902,-2.57513
0,250,42.7792,43.3609,3.96342,-1.32135
0,250,43.2477,43.438,3.56733,-1.53133
0,250,43.7405,44.2882,2.61955,-1.46586
0,250,44.0954,44.9212,2.45795,-1.33446
0,250,43.8445,45.4436,2.74848,-0.884715
0,250,44.622,43.5165,2.9998,-1.66216
0,250,45.0451,44.4226,2.37943,-1.43714
0,250,44.6961,46.361,1.83002,-1.26617
0,250,45.9737,47.5589,1.90897,-1.00408
0,250,46.4502,47.8058,1.57028,-1.45141
0,250,46.921,47.9277,1.55886,-0.921873
0,250,47.1399,48.4643,0.827537,-0.0228297
0,250,47.701,49.0368,1.23499,0.00404445
0,250,47.2716,49.1116,1.18939,0.465655
0,250,48.0572,49.7087,1.32729,-0.182076
0,250,46.8865,50.2287,1.44896,0.0262482
0,250,47.1668,50.8138,1.16359,-0.0382301
0,250,45.2023,50.1403,1.16682,0.434348
0,250,46.5018,50.0286,1.29465,-0.386251
0,250,43.445,50.1579,1.50951,0.138575
0,250,41.678,49.9239,2.24446,-0.452542
0,250,42.4465,49.2448,2.35346,-0.0712567
0,250,42.9328,49.1302,2.30497,-0.091013
0,250,40.0378,49.0121,2.49291,-0.715074
0,250,37.6573,49.622,2.97113,-0.365222
0,250,46.3078,50.5267,1.48499,-0.0386525
0,250,41.252,49.6615,2.77899,-0.660921
0,250,42.7627,50.3179,2.30483,-0.111533
0,250,39.6647,48.7255,2.41274,-0.42682
0,250,37.8963,50.6138,2.13748,-0.467026
0,250,36.0825,50.0391,2.65932,-0.230373
0,250,35.6996,50.921,2.17916,-0.385317
0,250,35.1638,49.6394,2.30347,-0.0311923
0,250,34.9332,51.6017,1.37474,-0.0103071
0,250,34.0642,52.0177,1.46263,-1.1076
0,250,18.9167,50.2329,2.88919,-0.199839
0,250,15.6246,42.1553,1.94958,1.06167
0,250,24.3695,41.7765,5.05361,1.89553
0,250,26.1511,44.7715,3.27267,0.853535
0,250,37.1032,40.9203,4.91107,-0.431802
0,250,24.0635,44.8642,2.60828,-0.166649
0,250,35.8379,43.037,4.18085,-0.175239
0,250,38.7148,42.2386,3.82411,-0.174761
0,250,37.1967,41.8272,3.82691,-0.70112
0,250,39.5057,42.5039,4.05684,-0.978542
0,250,39.9709,43.1075,3.43707,-0.752092
0,250,40.6341,41.9015,4.82401,-1.23805
0,250,40.8889,42.567,3.67711,-1.52945
0,250,41.5784,42.1673,4.45283,-1.5574
0,250,42.9723,42.0757,3.4144,-0.783713
0,250,42.0163,42.4682,3.54795,-1.88206
0,250,43.7808,43.6856,3.06228,-1.44467
0,250,44.1795,44.3981,2.00221,-0.958543
0,250,44.277,45.5647,2.38368,-0.879211
0,250,44.6205,44.6427,2.35002,-1.16344
0,250,45.0583,43.8716,2.25598,-1.42866
0,250,44.551,45.1609,1.8724,-1.02743
0,250,44.9798,45.0783,1.76529,-1.39846
0,250,46.7847,47.3817,1.46863,-0.690793
0,250,48.3883,48.5396,0.68225,-0.0816789
0,250,48.6492,47.9924,0.707831,-0.753157
0,250,48.5539,49.0765,1.42632,-0.96083
0,250,49.2985,48.534,0.973431,-0.567172
0,250,47.6089,49.5843,1.01352,-0.0478558
0,250,49.4144,49.0871,0.245478,-0.614891
0,250,50.2242,49.4824,-0.526577,-0.0982442
0,250,49.7537,48.588,0.591514,-0.6072
0,250,48.2384,50.2941,0.722536,0.201748
0,250,46.7318,50.7407,1.33457,0.394784
0,250,48.9884,49.0615,1.00286,-0.677086
0,250,47.1815,49.7249,0.784782,0.803086
0,250,45.9269,50.8481,1.45806,0.0591037
0,250,44.7837,49.9016,1.36722,-0.307441
0,250,43.0806,50.6481,1.2639,0.354123
0,250,38.1052,50.1052,2.2113,-0.284206
0,250,42.6076,50.8681,1.81993,-0.0844476
0,250,43.5427,50.6805,1.9763,-0.33177
0,250,47.8762,51.4708,0.227269,0.268633
0,250,37.3622,50.504,2.19197,-0.245162
0,250,40.0299,49.5596,2.35936,-0.477526
0,250,36.8599,50.5731,2.62632,-0.409687
0,250,40.243,50.4349,2.31429,-0.377662
0,250,35.6313,51.9847,1.61891,0.884811
0,250,38.8033,48.8858,2.9375,-0.990842
0,250,34.4027,51.5004,2.04219,-0.0359998
0,250,6.65662,49.8584,1.75768,1.50974
0,250,26.146,44.077,3.22835,1.79985
0,250,19.6282,40.7476,4.14181,0.859267
0,250,24.8214,42.9087,4.95672,1.31565
0,250,33.8277,40.7485,3.84219,-0.235787
0,250,17.2788,48.3112,2.57144,-1.24125
0,250,35.223,41.3571,4.27819,0.262299
0,250,37.4197,41.3987,4.90334,-0.372446
0,250,39.1907,41.835,3.87557,-0.484445
0,250,39.9724,42.5967,3.85731,-0.782148
0,250,39.5782,42.0245,4.28408,-0.852723
0,250,41.4046,42.6092,4.00266,-1.49528
0,250,41.5527,41.6539,4.44267,-2.05845
0,250,43.6982,43.1892,3.6129,-1.86362
0,250,43.2579,42.9043,3.63092,-1.70042
0,250,44.2193,43.2188,3.44125,-1.53572
0,250,44.1875,43.8211,3.06131,-1.59501
0,250,44.6028,44.0722,2.62661,-1.22234
0,250,45.3878,44.7362,2.23569,-1.58208
0,250,45.032,43.281,2.73632,-1.82084
0,250,45.3994,46.9037,1.15969,-1.1405
0,250,48.1384,49.1821,1.40571,0.0202061
0,250,45.1546,46.2208,1.96734,-1.2683
0,250,45.8909,46.9944,1.35429,-0.979391
0,250,48.1964,47.9739,1.37274,0.0560203
0,250,49.79,49.2786,-0.435872,-0.717289
0,250,47.3796,47.896,1.63009,-0.0568327
0,250,49.6206,48.0256,0.100733,-0.614392
0,250,49.0207,47.5462,0.526657,-1.04274
0,250,49.1437,48.0074,0.227881,-0.45031
0,250,47.5573,48.4874,1.00521,0.149809
0,250,48.8395,48.5172,0.819518,-0.950196
0,250,50.9041,47.5382,-0.117448,-1.15734
0,250,48.5023,47.4747,0.803536,-1.0415
0,250,48.9407,49.6448,0.400424,-0.481972
0,250,47.9779,48.5567,0.674624,0.283408
0,250,45.1536,50.6381,1.3159,-0.075495
0,250,47.3357,50.2187,1.3416,0.527086
0,250,42.3481,50.0495,2.07938,0.126662
0,250,45.4831,50.9833,1.42982,0.294377
0,250,48.0281,50.8836,0.681589,0.458202
0,250,50.127,48.8517,0.0181183,-0.582566
0,250,50.4834,48.4615,0.0901704,-0.550516
0,250,44.4031,50.8549,1.39777,0.0666658
0,250,42.2273,50.5576,2.04737,0.114815
0,250,36.9083,51.0283,2.15304,0.110918
0,250,44.7363,50.5203,1.20887,0.168684
0,250,39.1922,49.1952,2.47236,-0.302883
0,250,35.0949,52.0298,1.86063,-0.586124
0,250,34.2711,50.4968,2.23638,0.312793
0,250,10.2956,47.1577,1.37024,2.10385
0,250,15.3472,51.044,3.27875,-0.164146
0,250,3.30011,43.4336,-0.0208013,2.4064
0,250,12.4871,49.419,4.09582,0.566006
0,250,16.7485,41.7333,2.85674,1.539
0,250,3.81105,51.6055,-0.596257,-0.688713
0,250,38.2227,41.9099,4.83674,-0.255949
0,250,34.4197,40.9632,4.11883,0.371776
0,250,36.6168,42.234,4.13691,-0.186633
0,250,44.6349,38.7993,5.54175,-3.91017
0,250,42.5488,42.5598,3.47935,-1.71485
0,250,43.1178,40.6368,4.87969,-1.811
0,250,44.0683,39.8465,5.66462,-3.43171
0,250,42.0248,41.4207,4.58307,-2.10218
0,250,45.4597,43.5036,2.62346,-1.77864
0,250,43.9663,42.7741,3.47579,-1.66588
0,250,45.0669,42.7646,3.05522,-2.31198
0,250,45.0977,45.6414,2.01831,-1.61451
0,250,45.6195,46.4734,1.94427,-1.20674
0,250,45.5511,45.9468,2.13531,-1.21797
0,250,45.4359,45.2979,2.04375,-1.51364
0,250,46.2298,46.6552,1.39375,-1.11659
0,250,46.3512,47.2197,1.50516,-1.5042
0,250,45.541,47.4557,1.92552,-1.0135
0,250,46.0285,46.1967,1.97466,-1.81839
0,250,46.7116,46.7912,1.65966,-1.17854
0,250,47.7791,47.8979,1.34032,-0.285513
0,250,47.2298,47.3693,1.84288,-0.763234
0,250,48.0196,47.3983,1.53684,-0.103995
0,250,50.0425,47.0806,0.377821,-0.748004
0,250,46.392,42.9069,2.31401,-2.72385
0,250,51.3154,47.2421,0.23869,-0.725532
0,250,46.2984,44.7027,2.15754,-1.6774
0,250,46.7011,45.0642,2.24418,-1.50654
0,250,50.4963,47.2469,0.286501,-0.861065
0,250,49.3327,47.1059,1.26644,-0.795928
0,250,50.087,48.204,0.453292,-0.709162
0,250,47.1287,46.8058,1.57991,-0.71038
0,250,49.7759,49.8073,-0.0906659,-0.24515
0,250,50.4469,47.8146,0.143731,-0.522835
0,250,49.5729,47.5182,0.527439,-0.337972
0,250,40.653,50.5689,2.27651,-0.698015
0,250,46.7693,51.2607,1.43169,0.276613
0,250,43.9106,51.0817,1.41495,-0.257311
0,250,39.8946,50.0914,2.06831,-0.0950472
0,250,36.1245,50.6211,2.46185,0.0312844
0,250,35.92,51.3276,1.26676,0.14328
0,250,36.3249,51.4516,1.09464,-0.519536
0,250,36.0735,51.9934,1.61636,-0.0953039
0,250,35.1832,51.1505,1.98828,-0.179952
0,250,12.5289,48.9838,3.89652,0.331333
0,250,6.71292,45.1271,0.41284,2.3673
0,250,16.4719,51.4483,2.84691,-0.647763
0,250,4.70153,44.6003,0.444389,2.83135
0,250,34.9982,41.8069,3.89004,0.291521
0,250,37.8098,41.7376,4.19929,-0.13939
0,250,40.447,42.4313,3.6656,-1.14873
0,250,39.2102,41.3978,4.7278,-0.463686
0,250,36.7097,41.7835,4.12218,-0.40344
0,250,42.6235,40.5937,5.80218,-2.11359
0,250,34.4824,41.7318,4.19176,-0.00939019
0,250,42.9237,42.7042,3.93632,-1.9108
0,250,43.0917,41.0549,5.15011,-2.44545
0,250,44.5803,42.9069,3.02482,-2.12596
0,250,45.4813,44.11,2.29261,-1.73479
0,250,43.5946,42.4854,3.86752,-1.21514
0,250,43.3816,42.1356,3.94065,-2.22909
0,250,45.5181,42.9535,2.74365,-1.49969
0,250,45.9543,43.2052,2.78544,-1.80206
0,250,45.8267,44.4702,2.26824,-2.23688
0,250,45.857,43.7647,2.53497,-2.13713
0,250,45.8675,45.5812,1.96495,-1.49495
0,250,44.3565,42.4425,3.69698,-1.72525
0,250,45.8482,45.0119,1.87115,-1.68188
0,250,45.9351,42.6164,2.99347,-2.29669
0,250,46.2233,41.7522,2.77139,-2.97687
0,250,46.1892,44.1464,2.30784,-2.00658
0,250,46.5896,46.2621,1.56788,-1.03999
0,250,46.7573,43.1693,1.78303,-2.48132
0,250,46.5962,43.9193,2.03814,-2.22078
0,250,46.3274,45.8019,2.23341,-1.56698
0,250,47.1209,45.4154,2.13253,-1.88631
0,250,47.0245,46.2059,1.88804,-0.673454
0,250,50.9303,48.7159,-0.0102162,-1.0667
0,250,50.3959,49.9261,-0.616722,-1.09716
0,250,38.5511,50.9342,1.4097,-0.0540329
0,250,47.8115,50.1488,1.31534,-0.343778
0,250,51.3084,47.8529,-0.452029,-1.0218
0,250,48.5106,49.6512,1.01989,-0.105129
0,250,48.4325,50.8404,1.05706,-0.0708362
0,250,37.7293,51.5315,0.836534,-0.340471
0,250,42.8579,51.2493,1.50701,0.303603
0,250,41.8204,50.3789,2.15706,0.320335
0,250,39.5844,49.3268,2.40573,-0.237434
0,250,40.3713,49.836,2.16272,-0.221391
0,250,37.2887,51.4288,1.54981,-0.317286
0,250,36.406,50.9444,2.37723,-0.495177
0,250,36.0943,49.5327,2.38594,-0.210728
0,250,35.6306,49.832,2.38422,0.0313789
0,250,35.4922,51.5462,1.63846,-0.112987
0,250,13.7133,47.3752,1.81534,0.562025
0,250,27.9113,44.7215,3.46901,0.727961
0,250,20.7445,40.7112,4.46148,0.435296
0,250,14.9403,49.311,3.2065,-0.301071
0,250,37.6305,39.385,5.59326,-0.874806
0,250,27.153,43.9815,3.94312,2.15953
0,250,10.6697,49.576,2.87443,0.443641
0,250,17.4872,41.2868,3.39454,1.40927
0,250,38.5685,41.291,4.28808,-0.547443
0,250,42.0217,40.9384,5.225,-1.87935
0,250,43.4776,41.489,3.41001,-1.98999
0,250,43.6397,40.5829,5.60856,-3.29565
0,250,41.0854,41.5627,4.67104,-1.7485
0,250,36.826,41.3073,4.64425,-0.534824
0,250,44.9121,39.1094,6.14076,-3.35905
0,250,46.3106,42.3422,2.55965,-3.07936
0,250,42.5354,41.0836,5.07594,-1.82428
0,250,44.1701,38.7969,6.62706,-3.5399
0,250,44.8326,42.3338,3.27556,-2.60535
0,250,43.1542,40.0524,6.15003,-2.92959
0,250,45.0353,39.7197,4.68508,-3.38591
0,250,46.6555,41.8736,2.3969,-2.96178
0,250,46.3136,43.5005,2.47234,-2.39198
0,250,44.1013,41.2271,4.21755,-1.98997
0,250,44.0341,42.091,3.41778,-1.98981
0,250,46.6333,41.2659,2.82717,-2.95731
0,250,44.9169,40.4277,4.28912,-2.65228
0,250,47.2367,40.8175,3.21556,-2.99222
0,250,46.2881,45.2667,2.23185,-1.25022
0,250,48.6252,46.4936,1.33853,-1.60885
0,250,47.4849,46.5566,1.52776,-1.08786
0,250,50.3807,46.0502,0.14284,-1.12841
0,250,50.9157,46.929,-0.0081475,-1.52753
0,250,50.4391,46.7165,0.443509,-0.724706
0,250,52.0234,49.1654,-0.976943,0.073082
0,250,51.2688,48.3758,0.332255,-0.832916
0,250,48.6353,50.1996,0.487686,-0.202049
0,250,49.9776,50.2497,-0.161274,0.283648
0,250,49.5043,50.3251,0.35939,0.307747
0,250,51.7462,48.2523,-0.16089,0.027848
0,250,39.4774,49.8509,2.17935,-0.0690135
0,250,47.6323,50.647,1.35016,-0.126802
0,250,36.8186,51.5211,0.972895,-0.301717
0,250,47.1579,51.4637,1.2202,0.743114
0,250,38.6217,49.9939,2.31593,-0.286704
0,250,37.9952,51.0698,2.03512,-0.0457432
0,250,37.0168,52.0109,1.71189,-0.459602
0,250,38.7093,51.3972,1.3074,0.129737
0,250,35.1832,50.1577,2.31262,-0.0495832
0,250,36.1253,49.0191,2.46189,-0.204506
0,250,13.1733,47.4771,1.63257,0.36214
0,250,13.697,46.4394,0.498624,0.383416
0,250,13.5366,48.189,2.40172,-0.0943272
0,250,16.0835,49.2666,3.49154,-0.318453
0,250,6.23853,41.9723,-2.58422,2.38205
0,250,6.52147,44.3919,-0.00161928,2.12661
0,250,27.1184,42.2211,6.06569,0.682778
0,250,38.0876,41.304,4.53555,-0.332755
0,250,41.5504,38.8213,5.841,-0.645522
0,250,38.8151,39.1432,5.49107,-0.864431
0,250,40.1002,42.0768,4.42269,-1.07182
0,250,41.0586,42.0775,4.15795,-1.47318
0,250,45.3214,39.3161,5.30639,-3.04325
0,250,39.6914,40.4226,4.94042,-1.05001
0,250,42.1372,39.1384,6.06921,-1.7146
0,250,41.0814,38.9518,5.52395,-0.950179
0,250,40.4338,41.485,4.88512,-1.16029
0,250,44.6927,40.0376,4.52137,-2.50203
0,250,45.4808,42.4032,3.02576,-1.86759
0,250,44.7246,38.3123,6.86819,-4.16861
0,250,45.1661,41.9898,3.05856,-2.19791
0,250,43.8389,41.748,3.22399,-1.6919
0,250,45.8121,42.0403,2.988,-2.00454
0,250,46.8612,40.6313,3.17475,-3.27468
0,250,47.0294,41.3516,3.20273,-3.01658
0,250,48.9445,39.5673,2.36516,-5.89906
0,250,47.4027,41.5635,2.09321,-2.90061
0,250,47.7816,46.1437,1.68279,-1.06757
0,250,46.7039,44.4614,1.57135,-1.79604
0,250,46.7786,45.66,2.06937,-1.14613
0,250,50.0503,46.4215,0.739331,-0.873119
0,250,48.359,46.9755,0.666785,-1.41567
0,250,49.0902,46.5591,0.903138,-0.924121
0,250,50.0166,47.6156,0.383942,-0.442579
0,250,51.2442,46.5929,0.269879,-1.12736
0,250,52.0631,50.831,-0.238478,-0.200299
0,250,51.576,48.8067,-0.505978,-1.20342
0,250,50.7907,45.7378,0.235442,-1.35709
0,250,50.8383,48.0933,0.131615,-1.23457
0,250,50.5462,49.0524,-0.111306,-0.264732
0,250,45.5512,51.481,1.16393,-0.312109
0,250,52.0132,49.7023,1.52182,-1.01855
0,250,50.4448,50.44,-0.0506377,-0.451609
0,250,40.7895,50.0652,2.58385,-0.563104
0,250,48.3125,51.4399,0.460806,-0.344348
0,250,38.2509,51.4744,1.44911,0.131323
0,250,41.2068,50.2015,2.77513,-0.320241
0,250,39.0541,49.7662,1.94919,-0.373438
0,250,37.4773,50.9645,2.2013,-0.399621
0,250,34.7077,50.0814,2.38174,-0.0123964
0,250,15.2806,47.1188,2.00176,-0.0583157
0,250,6.51333,42.8347,0.375767,2.47176
0,250,17.4918,47.498,2.52826,-1.18647
0,250,25.8244,44.4517,2.51895,0.226544
0,250,25.5216,43.442,4.64595,1.86081
0,250,9.59263,42.7229,1.0805,2.00868
0,250,37.811,40.5494,5.58619,-0.0453388
0,250,38.2346,40.8338,5.55379,-0.362118
0,250,39.7055,41.2657,4.4553,-0.389199
0,250,36.8607,39.6428,5.86164,-0.919222
0,250,40.9431,41.1049,4.97095,-1.02318
0,250,39.2123,40.3297,5.41555,-0.475307
0,250,40.4556,40.5698,5.16266,-1.04429
0,250,41.5112,41.1415,5.08039,-1.82907
0,250,39.9365,41.6212,4.59215,-0.481376
0,250,44.1985,39.2772,6.21825,-3.07157
0,250,45.7702,39.2496,5.2055,-4.33153
0,250,43.304,38.1949,6.92303,-2.42925
0,250,45.5255,41.6522,3.48017,-1.96143
0,250,47.6374,40.9731,3.34139,-3.68064
0,250,46.0224,37.6847,3.40561,-5.97994
0,250,47.4007,40.3138,2.73054,-3.2267
0,250,47.0821,42.7803,2.26743,-2.36248
0,250,46.9553,43.6382,1.94825,-2.52525
0,250,46.7577,42.4523,2.59287,-2.44268
0,250,48.518,45.8794,1.73899,-1.90846
0,250,48.2027,46.3603,1.68001,-1.85368
0,250,49.7957,45.9697,0.887582,-1.64194
0,250,49.3114,45.757,1.29689,-1.84413
0,250,48.8471,47.0347,1.21392,-1.08724
0,250,47.9035,46.7813,1.26115,-1.06711
0,250,49.6943,46.799,0.601856,-1.17829
0,250,50.7768,46.3349,0.0186731,-1.53523
0,250,51.6271,46.2647,0.138976,-0.710304
0,250,51.6887,47.5733,-0.0511989,-0.000680028
0,250,51.182,46.0187,-0.0786375,-1.31448
0,250,50.9729,45.0337,0.618764,-1.9111
0,250,49.3384,49.6991,0.450277,0.203155
0,250,51.1858,49.1091,-1.1658,-0.500638
0,250,49.0768,50.2362,0.713668,-0.288205
0,250,39.9961,51.0141,1.69155,-0.496926
0,250,52.0271,50.2064,-1.50013,-0.598295
0,250,39.0494,50.8927,1.82276,0.487277
0,250,48.7356,51.3191,0.551836,0.129717
0,250,39.356,50.3711,1.55372,-0.184692
0,250,50.5061,44.8546,0.413413,-2.47891
0,250,38.8752,52.0046,1.76943,0.312221
0,250,42.135,51.0851,1.52796,-0.0887144
0,250,38.434,51.9736,1.56065,0.242684
0,250,36.5231,51.9663,1.42157,0.0392759
0,250,15.5531,51.4419,3.28666,-0.560339
0,250,18.6372,49.0005,3.00384,-0.837242
0,250,16.7304,47.9288,2.78507,-0.614921
0,250,4.33477,43.5398,0.871017,1.80804
0,250,25.4205,44.128,2.91935,1.27104
0,250,6.84556,42.9123,-1.29501,1.6008
0,250,27.2681,41.3971,4.98174,1.36226
0,250,14.3422,42.2135,0.68745,1.81106
0,250,16.45,41.2846,2.86664,2.11661
0,250,29.072,42.5029,3.86498,0.264958
0,250,7.23031,44.9135,-0.309976,2.7169
0,250,37.1374,40.0009,5.6252,-0.133241
0,250,43.5309,40.1483,5.79063,-2.17673
0,250,40.4315,38.7746,5.95714,-0.825271
0,250,44.1841,40.2828,5.30933,-2.85434
0,250,42.3069,39.8166,6.33181,-2.07109
0,250,42.2442,38.2102,5.83042,-1.48448
0,250,44.9446,41.5405,3.47094,-3.09089
0,250,47.0726,41.9976,2.21595,-2.40108
0,250,46.2537,37.6252,5.11593,-6.01517
0,250,47.1171,44.2302,1.80896,-2.56323
0,250,47.4039,43.7615,1.6405,-2.02376
0,250,44.6826,40.8218,4.63731,-2.57722
0,250,47.901,41.3275,2.77983,-2.68265
0,250,47.407,42.352,2.10739,-2.62174
0,250,47.1148,44.8029,1.8373,-2.38857
0,250,51.0133,43.6553,1.10576,-1.70736
0,250,47.3581,45.9206,1.66747,-1.55366
0,250,50.5786,44.1681,0.798126,-2.48122
0,250,49.5834,45.3601,1.22569,-1.64864
0,250,50.097,45.6099,0.931273,-1.87932
0,250,50.5176,45.3591,0.724682,-2.08932
0,250,52.0632,44.2089,0.469123,-0.878272
0,250,49.466,46.334,1.07215,-1.77507
0,250,51.7607,44.5177,0.615057,-0.539189
0,250,51.3787,43.3944,0.545949,-2.77136
0,250,51.2208,45.4246,0.305045,-1.48849
0,250,48.8751,50.749,0.755255,-0.188834
0,250,44.6533,51.2861,0.871705,0.726634
0,250,52.0522,46.7343,0.0602642,0.419333
0,250,47.5208,51.9418,0.11803,0.0147484
0,250,52.0723,51.4458,-0.866139,-0.42052
0,250,52.053,47.3114,-0.552057,-0.156244
0,250,48.853,51.97,-0.38069,-0.100766
0,250,45.5162,52.074,0.739337,-0.459598
0,250,51.1648,49.6873,-0.0285828,0.00127418
0,250,39.3713,52.0036,1.60806,-0.379143
0,250,47.5328,51.1865,0.559458,0.146439
0,250,49.7791,50.766,0.64891,0.452045
0,250,37.474,52.0148,1.29101,0.461705
0,250,8.28779,50.624,2.01945,1.0718
0,250,36.2805,40.3129,5.65884,0.117304
0,250,4.07581,42.9934,1.42566,1.76712
0,250,20.1627,41.3702,3.93323,0.618407
0,250,25.3082,44.6249,2.79878,0.672735
0,250,43.7256,41.019,3.98642,-2.07085
0,250,16.8999,49.8667,2.95749,-1.23956
0,250,7.162,52.0379,2.94799,-0.194063
0,250,22.5725,40.9157,4.86773,-0.116504
0,250,26.1729,42.3902,6.14799,2.79194
0,250,39.3891,40.8638,5.52418,-1.0519
0,250,41.5994,39.3003,6.25384,-1.38675
0,250,41.5522,40.6676,5.05094,-1.61302
0,250,47.8729,40.4462,2.61878,-3.84776
0,250,45.9775,40.7035,3.36558,-4.04525
0,250,48.9965,40.0815,1.72579,-4.37367
0,250,47.9058,39.9349,2.48016,-3.51363
0,250,46.0032,41.3638,3.42638,-3.32897
0,250,48.3816,40.0424,2.87854,-4.8913
0,250,47.5197,45.0558,2.13392,-2.28923
0,250,48.0999,45.1809,1.61621,-1.76923
0,250,47.3207,43.2129,1.69809,-1.88967
0,250,48.5454,45.2944,1.18617,-1.87151
0,250,50.8076,40.8299,1.31161,-4.45445
0,250,51.7374,41.6201,1.25984,-3.22828
0,250,48.1124,45.726,1.39139,-1.59553
0,250,48.9578,45.3821,1.41489,-1.95632
0,250,51.1318,41.2862,1.62,-4.27313
0,250,50.9078,44.4578,0.129638,-2.42082
0,250,51.3581,44.7271,0.306935,-1.25102
0,250,51.672,45.1649,0.31249,-0.617363
0,250,51.2597,44.1406,1.18703,-1.85445
0,250,49.9885,45.0961,1.17675,-2.22204
0,250,50.575,43.6599,0.515299,-2.26367
0,250,52.066,40.5948,0.145864,-2.55663
0,250,51.6016,43.8977,0.456105,-1.89365
0,250,50.8603,50.0967,-0.708102,-0.403664
0,250,51.657,42.1494,-0.482382,-3.15953
0,250,49.9957,51.3332,0.0754306,0.310479
0,250,45.1375,51.746,0.563308,-0.929509
0,250,50.755,49.4877,-0.384406,-0.715089
0,250,51.5512,49.9618,-0.465217,-1.61788
0,250,42.0186,51.5165,1.53266,-0.0117125
0,250,46.049,52.0641,1.32693,-0.367162
0,250,47.9605,51.9973,0.552354,-0.249485
0,250,40.4623,51.0701,2.20916,-0.668217
0,250,45.9543,51.5621,1.18395,0.154122
0,250,41.6768,51.0132,1.41708,0.444843
0,250,46.6332,52.0467,0.14063,0.420676
0,250,37.9744,52.0069,1.49018,-0.759458
0,250,11.0338,42.8937,-0.483705,2.15244
0,250,18.3687,47.779,2.49038,-1.16629
0,250,27.4916,43.6308,3.9695,0.910877
0,250,23.7962,44.4094,2.46887,-0.00141003
0,250,14.2998,49.2101,2.82151,-0.425751
0,250,10.5613,42.801,0.158773,1.85189
0,250,8.90218,42.5785,1.18767,2.08619
0,250,40.1676,40.215,5.69978,-0.377443
0,250,5.46137,44.8093,-0.0473105,2.6473
0,250,39.9193,39.812,5.48803,-1.27253
0,250,42.7442,38.3856,6.63544,-2.29731
0,250,36.301,41.2704,4.2466,-0.671875
0,250,43.7099,39.5489,5.90029,-2.81429
0,250,42.5068,42.0489,3.85224,-1.00198
0,250,39.932,38.827,5.66064,-0.745897
0,250,41.8806,39.6731,6.04881,-2.19771
0,250,49.7067,44.68,0.61344,-1.80981
0,250,50.6028,43.1308,1.46018,-2.89409
0,250,47.6666,45.5154,1.26247,-1.63086
0,250,48.4148,44.6726,1.21436,-1.77044
0,250,50.1126,43.4674,1.0605,-3.3417
0,250,51.6317,38.0352,-1.48584,-5.55226
0,250,51.3282,40.1636,0.0546185,-3.49415
0,250,44.5392,41.8795,3.04508,-2.10075
0,250,50.8756,39.1252,1.21607,-6.20934
0,250,48.9389,46.0087,1.32276,-1.10078
0,250,50.8765,42.1642,0.814238,-3.44499
0,250,49.2911,44.9704,1.11717,-2.25293
0,250,48.8289,44.7962,1.24471,-2.11578
0,250,50.9669,36.6805,-0.773104,-6.65657
0,250,46.1136,38.4292,4.73759,-3.97356
0,250,51.5315,42.8271,2.02944,-3.37701
0,250,52.0215,38.5571,-0.135636,-3.47092
0,250,52.0791,42.7654,0.306176,-2.75001
0,250,52.0222,43.6318,-0.500579,-1.9728
0,250,51.0524,43.0093,1.28885,-2.20178
0,250,52.0581,41.4551,0.959476,-1.65315
0,250,50.2163,50.9033,0.36858,0.636587
0,250,52.0143,39.8533,-0.791543,-3.15367
0,250,49.1176,51.5049,0.135169,0.75939
0,250,50.1776,44.5469,0.458516,-2.86734
0,250,51.6251,45.6912,0.387422,-0.628552
0,250,40.9826,50.8894,2.07948,0.101394
0,250,52.0612,47.9483,0.175046,-0.100392
0,250,45.0286,51.2094,0.648398,-0.647773
0,250,51.8708,43.2182,0.713819,-1.8206
0,250,41.5174,51.5588,1.81278,0.267093
0,250,42.5575,51.5999,1.22188,0.281189
0,250,41.4126,50.6476,2.23137,0.0777767
0,250,39.7597,50.6206,2.0732,-0.410598
0,250,11.3607,47.0226,1.37981,1.86198
0,250,14.7199,49.7195,4.05018,-0.0862213
0,250,3.80539,43.0162,0.747867,2.1032
0,250,28.9675,44.5877,4.05965,0.944212
0,250,8.14598,42.6694,1.21006,2.35549
0,250,23.3096,40.6791,5.31981,1.82696
0,250,6.96652,44.5336,0.298385,2.41725
0,250,42.5769,39.3562,6.00181,-2.12518
0,250,11.6076,42.4231,-0.719326,2.09955
0,250,45.6786,38.0658,5.47579,-4.80564
0,250,40.5533,39.7721,5.6292,-1.03086
0,250,29.4835,43.6224,3.7074,0.561082
0,250,4.82529,45.6144,0.243712,2.36813
0,250,7.25246,43.9105,-0.637961,2.01277
0,250,45.3719,40.2169,4.70841,-3.11504
0,250,44.4534,41.4395,3.39893,-2.57418
0,250,46.5724,37.2368,3.79518,-6.587
0,250,41.2476,40.2063,5.6877,-1.10635
0,250,20.8258,41.1784,4.27747,1.14111
0,250,45.0434,41.0676,4.51968,-2.3241
0,250,42.6126,40.1406,6.13172,-1.9543
0,250,39.9579,40.8275,5.25315,-0.531237
0,250,47.6645,42.7409,2.29318,-2.22829
0,250,43.1262,37.8514,7.0715,-2.75039
0,250,49.2026,38.3959,0.000897612,-7.11879
0,250,49.3947,39.2429,2.05889,-5.20807
0,250,46.8561,38.1321,3.59997,-3.348
0,250,49.6789,44.112,1.12093,-2.40544
0,250,41.7848,40.172,6.04066,-1.50968
0,250,51.3317,36.931,-1.15632,-4.51085
0,250,47.9152,44.7271,1.45907,-2.35149
0,250,50.7679,41.7492,1.07173,-4.87834
0,250,50.1548,39.2282,1.78465,-5.13686
0,250,48.4273,38.2016,3.50922,-5.92371
0,250,51.7703,39.3184,-0.148253,-3.34619
0,250,51.2345,40.5794,0.489503,-3.79375
0,250,48.193,40.7227,2.06068,-3.41315
0,250,51.9092,40.8901,1.01678,-1.77067
0,250,51.2137,37.5308,-1.10694,-5.59456
0,250,51.3445,39.3913,0.535889,-4.79681
0,250,51.2911,38.8955,0.63931,-4.90081
0,250,52.0799,45.5669,-0.242099,-0.318576
0,250,50.4015,51.5114,-0.125857,1.52404
0,250,46.8483,37.643,4.35335,-2.80421
0,250,51.998,52.0599,0.146468,-0.68358
0,250,49.3431,52.0406,0.369566,0.608246
0,250,44.2553,51.4951,0.290703,0.242317
0,250,40.177,51.5149,1.71435,-0.989839
0,250,38.9288,50.3863,1.67491,0.0695184
0,250,39.4307,51.0678,1.6348,-0.170306
0,250,14.4551,50.8876,3.54537,0.229559
0,250,16.0854,46.1376,1.52703,-0.222608
0,250,27.803,40.8177,2.48717,0.345157
0,250,14.0003,48.5178,3.28207,-0.102412
0,250,14.0204,41.8704,1.59067,1.49312
0,250,38.6986,40.5478,5.43165,-0.648516
0,250,26.4993,39.6363,-0.605275,4.04306
0,250,35.9252,40.7581,5.17278,0.157278
0,250,5.7312,45.3016,-0.0722782,2.58753
0,250,26.9547,44.8468,2.48019,0.734373
0,250,17.6812,41.8233,2.72141,1.61369
0,250,45.2714,38.6687,5.0627,-4.4036
0,250,25.7131,41.6745,4.38582,1.24233
0,250,26.656,44.1138,4.42014,1.1639
0,250,16.0309,41.7186,1.70418,1.77605
0,250,6.34665,44.9936,0.483843,2.25984
0,250,42.1086,40.4529,5.76128,-1.92551
0,250,39.61,38.8516,5.90506,-0.849437
0,250,41.037,38.4065,5.59675,-0.677586
0,250,44.0642,38.0298,6.59989,-4.01257
0,250,46.5238,40.3799,3.13406,-3.09702
0,250,45.1476,38.1158,6.3802,-4.8634
0,250,46.1138,39.5491,4.80281,-4.42186
0,250,45.541,41.1645,4.08959,-2.40702
0,250,42.9245,39.6373,5.54889,-1.98534
0,250,48.595,40.4404,2.70018,-3.94634
0,250,49.7542,40.206,1.38217,-4.7634
0,250,46.8217,39.576,3.84776,-3.52142
0,250,45.5815,39.8044,4.45817,-3.95141
0,250,50.6844,42.6267,1.08336,-2.37167
0,250,48.9404,43.5568,1.24836,-2.5779
0,250,50.4704,40.4124,1.21419,-4.52834
0,250,50.8021,40.1522,1.01008,-4.72772
0,250,49.9564,38.5801,2.05842,-4.42769
0,250,50.2933,36.8454,-1.85904,-5.54832
0,250,51.0981,38.0804,0.157956,-6.1459
0,250,49.2581,44.4178,0.967229,-2.27768
0,250,51.4125,41.0149,0.685105,-3.56536
0,250,48.1582,44.2442,1.66945,-2.0939
0,250,51.5305,37.5013,0.713759,-3.74632
0,250,48.2999,37.2901,8.46518,-7.89105
0,250,52.0623,48.6288,0.366541,0.0733541
0,250,51.2959,42.4715,0.581817,-1.91761
0,250,47.6145,47.209,1.72687,-0.859808
0,250,40.8092,51.9747,1.67767,-0.0572432
0,250,49.2767,50.8587,0.432697,0.122366
0,250,51.1922,50.3781,-1.04439,-0.395613
0,250,50.5715,52.0201,0.0575343,1.04039
0,250,39.1326,51.5375,1.2896,-0.237922
0,250,38.4084,50.5185,1.83381,-0.233821
0,250,11.3087,49.6574,3.0621,0.522764
0,250,12.7459,47.089,0.797476,0.764673
0,250,15.9123,45.2873,0.930022,0.536573
0,250,35.0082,40.5023,5.25334,-0.593791
0,250,29.2653,43.2451,4.28927,0.924297
0,250,36.1076,39.6773,5.88421,-0.416268
0,250,6.76792,43.3991,-0.298519,1.30153
0,250,19.0478,41.0789,3.56029,0.519455
0,250,18.9712,47.2409,2.89406,-0.847886
0,250,38.3294,40.286,5.61558,0.0590008
0,250,24.3902,43.9116,3.13896,0.167694
0,250,12.2485,50.2694,3.77429,0.516907
0,250,28.674,41.49,3.1965,0.52773
0,250,24.5715,42.5531,4.86837,0.797616
0,250,7.29805,43.3163,-0.0478278,3.05523
0,250,40.0531,39.3618,5.90177,-0.680463
0,250,26.9061,42.6298,5.76245,1.88718
0,250,50.2965,41.8586,0.775334,-3.68188
0,250,49.4754,38.1254,0.228274,-7.77513
0,250,44.248,40.6691,4.21973,-2.28079
0,250,46.3342,40.9491,3.32755,-3.37121
0,250,49.4021,39.7813,1.63391,-5.04632
0,250,48.1553,41.7995,1.95954,-3.33637
0,250,48.9559,42.3706,1.24976,-2.91225
0,250,48.3542,41.2225,2.84193,-3.45466
0,250,48.816,38.0504,2.33734,-7.40223
0,250,48.0417,42.3583,1.50367,-3.04391
0,250,49.3625,42.465,1.44797,-2.53549
0,250,41.6824,38.3093,6.51593,-0.895558
0,250,49.6668,43.4977,0.725134,-2.464
0,250,50.1281,36.9531,-0.824997,-5.6758
0,250,51.7446,40.0437,0.464758,-3.63091
0,250,48.4775,38.6517,5.24142,-5.32214
0,250,47.9048,37.323,6.77014,-6.26271
0,250,43.7676,38.8133,6.7871,-3.12936
0,250,51.1734,36.5043,-1.14283,-5.60115
0,250,43.7373,38.0934,7.49628,-2.96301
0,250,48.1066,42.9219,1.71851,-2.26794
0,250,51.2999,41.8087,0.649919,-3.00244
0,250,50.114,42.967,2.37197,-3.53135
0,250,50.102,44.0078,1.00328,-3.16006
0,250,52.0356,46.1571,0.414126,0.196669
0,250,51.6525,46.8868,-0.727174,-0.708527
0,250,42.8296,52.0596,1.13556,0.127596
0,250,40.7064,51.5152,1.59435,0.125812
0,250,50.731,50.7979,-0.886834,0.393891
0,250,43.1696,51.6389,1.35819,0.048846
0,250,44.4034,51.9464,0.749746,0.360494
0,250,40.3177,52.0151,1.27703,-0.421039
0,250,39.8406,51.9716,1.7244,-0.200708
0,250,40.7793,40.1674,5.47537,-1.23726
0,250,25.9955,42.0145,5.39488,2.13545
0,250,49.5322,41.9594,0.908594,-3.39494
0,250,14.3486,41.5604,1.61367,1.74168
0,250,28.3168,44.9438,3.5449,1.31254
0,250,26.6061,42.0347,5.76572,0.5692
0,250,7.73998,43.5736,0.21565,2.22727
0,250,25.0506,45.0058,2.36603,0.561081
0,250,23.0703,43.6556,2.90118,-0.2783
0,250,2.35395,43.0249,-0.252714,3.53725
0,250,26.9208,43.5354,4.92885,1.7466
0,250,10.3154,51.6094,3.18529,0.20432
0,250,43.3898,39.382,6.24214,-2.47399
0,250,23.9984,43.5298,3.57858,0.462769
0,250,46.7837,38.7996,3.77893,-3.75982
0,250,27.9079,39.6805,4.42019,1.52018
0,250,47.846,39.4819,4.03239,-4.57245
0,250,45.8918,40.2397,4.12493,-4.17899
0,250,47.5459,38.433,4.24223,-4.69533
0,250,50.5117,39.5276,0.788741,-5.56622
0,250,48.7982,40.8838,2.74793,-3.69517
0,250,48.4757,42.1978,1.746,-2.8901
0,250,48.9566,42.971,1.69335,-3.10523
0,250,15.1441,41.4304,2.34002,2.02784
0,250,9.65093,49.1781,2.84103,0.737109
0,250,50.4421,38.8187,1.06179,-6.08359
0,250,2.51419,48.7253,-0.0267381,2.0774
0,250,8.27514,43.4783,0.541275,1.83816
0,250,40.6493,38.5347,5.83433,-0.650502
0,250,51.7254,35.8664,-1.74581,-7.18153
0,250,23.3727,41.1626,4.8657,1.66152
0,250,47.3375,39.3718,3.24238,-3.69323
0,250,48.7346,39.0496,2.66732,-5.12703
0,250,49.029,41.2053,1.7233,-3.50383
0,250,35.1158,40.9368,4.7872,0.284592
0,250,47.2164,38.3105,4.25164,-5.97603
0,250,49.4133,41.5108,2.11776,-3.36044
0,250,49.8911,42.2618,1.17926,-2.86107
0,250,48.8311,44.2258,0.921721,-1.94162
0,250,49.3512,43.1464,1.65356,-2.80048
0,250,47.6864,41.9459,1.65889,-2.96673
0,250,46.4894,38.3758,4.07866,-3.64813
0,250,50.7929,51.2625,-0.58416,-0.135238
0,250,51.6045,49.3755,-0.828227,-1.01246
0,250,52.0874,42.2395,0.716697,-2.63447
0,250,43.7342,51.5438,0.39089,-0.316299
0,250,41.2625,52.0007,1.99404,0.0575118
0,250,48.4343,51.9613,-0.0407619,-0.437133
0,250,43.3815,51.1519,1.1876,-0.416342
0,250,39.6555,51.4901,1.80532,0.391321
0,250,39.486,39.8675,5.37576,-0.476819
0,250,12.0445,48.1671,2.32561,0.56557
0,250,45.3613,37.7935,5.61188,-6.47836
0,250,44.51,39.5716,5.71995,-3.4711
0,250,26.1291,40.3009,-0.508168,2.4525
0,250,43.0417,41.5523,3.52138,-1.08453
0,250,28.4726,44.4685,3.78828,0.715006
0,250,29.4848,42.5531,4.54511,0.285388
0,250,26.2888,38.9233,2.2126,4.71223
0,250,33.0018,39.0379,7.34935,-1.18378
0,250,43.409,38.7218,6.376,-2.44582
0,250,48.482,39.5923,2.65722,-4.36725
0,250,47.7784,43.3164,1.50764,-1.95088
0,250,46.5622,39.1956,4.14361,-3.84667
0,250,46.1681,38.9473,3.92046,-5.47237
0,250,48.6326,41.6072,1.9563,-3.66421
0,250,47.2014,38.9845,3.69801,-3.78468
0,250,50.5453,41.2641,1.45559,-3.6752
0,250,49.1193,38.8282,3.24445,-5.99133
0,250,38.9078,40.9535,5.59966,-0.404814
0,250,33.2875,39.797,5.28863,-0.704389
0,250,40.5,39.31,5.99015,-1.18542
0,250,21.1026,41.6072,4.56632,0.857682
0,250,37.6633,40.9974,5.2191,-0.225689
0,250,39.1026,39.4997,5.58521,-0.650573
0,250,37.186,40.5036,5.72594,-0.192588
0,250,6.41628,43.6404,-0.289269,1.85789
0,250,38.9148,39.9859,5.72011,-0.42323
0,250,50.5416,37.9679,-0.187953,-6.27916
0,250,24.3106,44.3515,3.19945,-0.00962081
0,250,48.544,42.7305,1.24624,-2.61924
0,250,5.21566,45.2227,0.176287,2.47573
0,250,48.5409,43.9176,1.29444,-2.28355
0,250,49.8218,37.5377,-0.411095,-8.442
0,250,50.2597,38.2968,0.0147221,-5.67655
0,250,48.002,38.5459,2.8033,-5.61537
0,250,40.4067,41.0618,4.56083,-0.883688
0,250,52.1977,37.4115,-1.31721,-4.38671
0,250,50.2845,42.4375,1.30262,-3.76861
0,250,22.9645,40.6146,5.32496,1.08047
0,250,50.231,41.0185,1.25309,-4.50924
0,250,48.5291,43.291,1.6199,-2.31957
0,250,49.5066,51.2899,0.228937,-0.399732
0,250,52.0425,38.0559,-2.15882,-4.79908
0,250,47.5167,44.4356,1.84899,-2.36347
0,250,51.2813,51.3965,-0.760854,-0.499904
0,250,51.6702,50.5077,-0.710592,-1.27563
0,250,41.777,52.0473,1.51655,0.678097
0,250,41.1501,51.3231,1.22019,0.0621241
0,250,46.2686,51.1267,1.27632,-0.0081021
0,250,9.45737,51.1647,3.31026,-0.490284
0,250,22.1212,40.6268,4.9306,0.81472
0,250,27.2785,40.1665,2.16323,1.81298
0,250,15.4552,41.6592,2.30301,1.51894
0,250,27.7449,42.3226,4.55859,0.855302
0,250,27.8767,42.9351,5.616,1.6885
0,250,25.1529,43.1798,4.93917,1.60821
0,250,41.0159,40.6946,5.15455,-1.70391
0,250,50.2286,39.911,1.56735,-4.30632
0,250,48.2153,39.164,2.67707,-4.38189
0,250,49.7074,38.9077,1.63612,-5.84519
0,250,42.6344,38.8017,5.94888,-1.62471
0,250,35.4881,39.7982,5.44605,0.275055
0,250,37.3446,39.4638,5.61045,-0.386609
0,250,36.5189,39.754,5.45281,-0.555463
0,250,39.4909,39.2492,5.50981,-0.895601
0,250,28.8644,41.9998,3.90637,-0.0466261
0,250,40.9976,39.4307,5.53378,-0.948381
0,250,14.2431,49.6568,4.10857,-0.706884
0,250,43.0425,39.0308,6.19269,-3.28057
0,250,12.0087,49.5908,3.68316,0.368081
0,250,45.4684,40.7093,3.80589,-2.99658
0,250,48.1622,37.8515,7.89882,-6.41454
0,250,48.153,43.5807,1.32481,-2.08273
0,250,42.0678,38.7141,6.60731,-1.68179
0,250,44.3963,38.1236,7.01804,-3.69702
0,250,27.1375,40.5106,1.8697,1.57593
0,250,24.1938,41.2757,5.40825,3.07689
0,250,27.7313,44.3082,4.31817,0.886188
0,250,49.7598,41.1329,1.93258,-3.38052
0,250,14.2594,46.7416,1.79386,0.25683
0,250,50.7182,37.5954,-0.80115,-5.85542
0,250,13.068,46.5669,0.659513,1.33023
0,250,49.2802,43.8335,1.12525,-2.36565
0,250,52.0364,38.9981,0.0737784,-3.33751
0,250,15.7885,50.5717,3.96462,0.0226023
0,250,27.3087,43.1821,5.672,1.57373
0,250,28.4356,43.4018,4.54555,0.898664
0,250,51.026,39.7106,0.975197,-4.99241
0,250,49.8629,39.6113,2.16055,-4.48666
0,250,13.8386,48.8842,3.56816,-0.290974
0,250,47.3627,39.8859,3.27822,-4.15855
0,250,51.2321,50.8669,0.0959176,-0.563804
0,250,49.9925,41.603,1.10661,-3.46766
0,250,47.1012,51.9442,-0.0290493,0.984084
0,250,49.7142,51.8134,-0.467927,0.0550064
0,250,43.93,52.0234,0.646521,-0.0776806
0,250,43.418,52.0258,1.11931,0.338001
0,250,51.6766,51.7329,-1.10537,0.320296
0,250,44.8324,52.0053,1.41077,0.0821483
0,250,25.1309,40.0305,0.118223,-1.29835
0,250,26.3608,42.7211,5.96968,2.76853
0,250,8.29446,41.6952,2.74901,1.59203
0,250,27.5025,40.8878,2.75422,0.590421
0,250,27.9479,43.9202,3.88505,1.52719
0,250,37.9883,39.8756,5.47512,-0.182039
0,250,46.2845,39.9425,4.27643,-4.16621
0,250,49.2381,40.4523,2.0585,-4.22675
0,250,47.7435,37.7918,6.42947,-6.04451
0,250,28.9717,44.0219,4.32193,0.914009
0,250,24.7901,41.4596,6.53582,1.85157
0,250,4.36204,45.3675,-0.0618472,2.50633
0,250,26.8027,41.4641,3.59126,2.48372
0,250,23.8238,41.4029,5.03466,1.47974
0,250,32.8127,39.3584,6.77331,-0.706756
0,250,42.5024,37.9626,7.04272,-1.09727
0,250,49.7169,42.8231,1.82685,-2.91451
0,250,17.116,46.0325,2.03442,-0.449636
0,250,47.796,43.9741,1.94131,-2.6247
0,250,17.7034,49.3128,3.5397,-0.254671
0,250,26.7793,43.0565,5.33051,2.06766
0,250,49.7433,37.871,0.395405,-8.21334
0,250,24.0829,42.3195,4.88957,1.04288
0,250,9.40122,42.354,0.547803,1.71063
0,250,46.8488,40.004,3.05472,-3.1882
0,250,15.5847,47.4782,2.31413,-0.195026
0,250,50.3231,37.3913,-0.0144714,-6.40564
0,250,34.3806,39.942,5.91814,0.712367
0,250,15.9374,51.0043,3.38223,-0.189007
0,250,51.4153,38.4623,0.181859,-5.03064
0,250,9.98628,48.0262,1.56098,1.6198
0,250,4.4011,51.8106,0.116899,-0.257944
0,250,49.0009,41.8551,1.93384,-2.50954
0,250,2.88906,50.9361,-0.904352,0.335466
0,250,9.84566,41.8656,0.616055,1.06451
0,250,47.7402,38.9404,3.60355,-4.5841
0,250,17.8768,46.0226,2.27631,-0.953546
0,250,46.4489,51.6389,1.42588,-0.531681
0,250,19.1448,48.2042,2.71559,-0.975716
0,250,10.9685,51.0791,3.66578,0.575688
0,250,12.5048,49.9097,3.5824,0.490777
0,250,42.2955,51.9914,1.38328,0.302393
0,250,12.2651,42.2913,0.939735,4.0722
0,250,51.3248,52.0656,-0.994237,0.00702661
0,250,50.0934,52.0186,-0.443453,0.352661
0,250,51.6796,51.1085,-0.470103,-0.28645
0,250,52.0721,44.9268,0.670298,-1.19054
0,250,50.9529,51.792,-0.522426,-0.232824
1,250,52.5,52,0,0
1,250,53,52,0,0
1,250,1.5,53,0,0
1,250,2,53,0,0
1,250,1.5,1.5,0,0
1,250,1.5,2,0,0
1,250,52.5,1.5,0,0
1,250,53,1.5,0,0
1,250,2.5,52.5,0,0
1,250,2.5,53,0,0
1,250,1.5,2.5,0,0
1,250,2,2.5,0,0
1,250,2,1.5,0,0
1,250,2,2,0,0
1,250,52.5,2,0,0
1,250,53,2,0,0
1,250,3,52.5,0,0
1,250,3,53,0,0
1,250,1.5,3,0,0
1,250,2,3,0,0
1,250,2.5,1.5,0,0
1,250,2.5,2,0,0
1,250,52.5,2.5,0,0
1,250,53,2.5,0,0
1,250,3.5,52.5,0,0
1,250,3.5,53,0,0
1,250,1.5,3.5,0,0
1,250,2,3.5,0,0
1,250,3,1.5,0,0
1,250,3,2,0,0
1,250,52.5,3,0,0
1,250,53,3,0,0
1,250,4,52.5,0,0
1,250,4,53,0,0
1,250,1.5,4,0,0
1,250,2,4,0,0
1,250,3.5,1.5,0,0
1,250,3.5,2,0,0
1,250,52.5,3.5,0,0
1,250,53,3.5,0,0
1,250,4.5,52.5,0,0
1,250,4.5,53,0,0
1,250,1.5,4.5,0,0
1,250,2,4.5,0,0
1,250,4,1.5,0,0
1,250,4,2,0,0
1,250,52.5,4,0,0
1,250,53,4,0,0
1,250,5,52.5,0,0
1,250,5,53,0,0
1,250,1.5,5,0,0
1,250,2,5,0,0
1,250,4.5,1.5,0,0
1,250,4.5,2,0,0
1,250,52.5,4.5,0,0
1,250,53,4.5,0,0
1,250,5.5,52.5,0,0
1,250,5.5,53,0,0
1,250,1.5,5.5,0,0
1,250,2,5.5,0,0
1,250,5,1.5,0,0
1,250,5,2,0,0
1,250,52.5,5,0,0
1,250,53,5,0,0
1,250,6,52.5,0,0
1,250,6,53,0,0
1,250,1.5,6,0,0
1,250,2,6,0,0
1,250,5.5,1.5,0,0
1,250,5.5,2,0,0
1,250,52.5,5.5,0,0
1,250,53,5.5,0,0
1,250,6.5,52.5,0,0
1,250,6.5,53,0,0
1,250,1.5,6.5,0,0
1,250,2,6.5,0,0
1,250,6,1.5,0,0
1,250,6,2,0,0
1,250,52.5,6,0,0
1,250,53,6,0,0
1,250,7,52.5,0,0
1,250,7,53,0,0
1,250,1.5,7,0,0
1,250,2,7,0,0
1,250,6.5,1.5,0,0
1,250,6.5,2,0,0
1,250,52.5,6.5,0,0
1,250,53,6.5,0,0
1,250,7.5,52.5,0,0
1,250,7.5,53,0,0
1,250,1.5,7.5,0,0
1,250,2,7.5,0,0
1,250,7,1.5,0,0
1,250,7,2,0,0
1,250,52.5,7,0,0
1,250,53,7,0,0
1,250,8,52.5,0,0
1,250,8,53,0,0
1,250,1.5,8,0,0
1,250,2,8,0,0
1,250,7.5,1.5,0,0
1,250,7.5,2,0,0
1,250,52.5,7.5,0,0
1,250,53,7.5,0,0
1,250,8.5,52.5,0,0
1,250,8.5,53,0,0
1,250,1.5,8.5,0,0
1,250,2,8.5,0,0
1,250,8,1.5,0,0
1,250,8,2,0,0
1,250,52.5,8,0,0
1,250,53,8,0,0
1,250,9,52.5,0,0
1,250,9,53,0,0
1,250,1.5,9,0,0
1,250,2,9,0,0
1,250,8.5,1.5,0,0
1,250,8.5,2,0,0
1,250,52.5,8.5,0,0
1,250,53,8.5,0,0
1,250,9.5,52.5,0,0
1,250,9.5,53,0,0
1,250,1.5,9.5,0,0
1,250,2,9.5,0,0
1,250,9,1.5,0,0
1,250,9,2,0,0
1,250,52.5,9,0,0
1,250,53,9,0,0
1,250,10,52.5,0,0
1,250,10,53,0,0
1,250,1.5,10,0,0
1,250,2,10,0,0
1,250,9.5,1.5,0,0
1,250,9.5,2,0,0
1,250,52.5,9.5,0,0
1,250,53,9.5,0,0
1,250,10.5,52.5,0,0
1,250,10.5,53,0,0
1,250,1.5,10.5,0,0
1,250,2,10.5,0,0
1,250,10,1.5,0,0
1,250,10,2,0,0
1,250,52.5,10,0,0
1,250,53,10,0,0
1,250,11,52.5,0,0
1,250,11,53,0,0
1,250,1.5,11,0,0
1,250,2,11,0,0
1,250,10.5,1.5,0,0
1,250,10.5,2,0,0
1,250,52.5,10.5,0,0
1,250,53,10.5,0,0
1,250,11.5,52.5,0,0
1,250,11.5,53,0,0
1,250,1.5,11.5,0,0
1,250,2,11.5,0,0
1,250,11,1.5,0,0
1,250,11,2,0,0
1,250,52.5,11,0,0
1,250,53,11,0,0
1,250,12,52.5,0,0
1,250,12,53,0,0
1,250,1.5,12,0,0
1,250,2,12,0,0
1,250,11.5,1.5,0,0
1,250,11.5,2,0,0
1,250,52.5,11.5,0,0
1,250,53,11.5,0,0
1,250,12.5,52.5,0,0
1,250,12.5,53,0,0
1,250,1.5,12.5,0,0
1,250,2,12.5,0,0
1,250,12,1.5,0,0
1,250,12,2,0,0
1,250,52.5,12,0,0
1,250,53,12,0,0
1,250,13,52.5,0,0
1,250,13,53,0,0
1,250,1.5,13,0,0
1,250,2,13,0,0
1,250,12.5,1.5,0,0
1,250,12.5,2,0,0
1,250,52.5,12.5,0,0
1,250,53,12.5,0,0
1,250,13.5,52.5,0,0
1,250,13.5,53,0,0
1,250,1.5,13.5,0,0
1,250,2,13.5,0,0
1,250,13,1.5,0,0
1,250,13,2,0,0
1,250,52.5,13,0,0
1,250,53,13,0,0
1,250,14,52.5,0,0
1,250,14,53,0,0
1,250,1.5,14,0,0
1,250,2,14,0,0
1,250,13.5,1.5,0,0
1,250,13.5,2,0,0
1,250,52.5,13.5,0,0
1,250,53,13.5,0,0
1,250,14.5,52.5,0,0
1,250,14.5,53,0,0
1,250,1.5,14.5,0,0
1,250,2,14.5,0,0
1,250,14,1.5,0,0
1,250,14,2,0,0
1,250,52.5,14,0,0
1,250,53,14,0,0
1,250,15,52.5,0,0
1,250,15,53,0,0
1,250,1.5,15,0,0
1,250,2,15,0,0
1,250,14.5,1.5,0,0
1,250,14.5,2,0,0
1,250,52.5,14.5,0,0
1,250,53,14.5,0,0
1,250,15.5,52.5,0,0
1,250,15.5,53,0,0
1,250,1.5,15.5,0,0
1,250,2,15.5,0,0
1,250,15,1.5,0,0
1,250,15,2,0,0
1,250,52.5,15,0,0
1,250,53,15,0,0
1,250,16,52.5,0,0
1,250,16,53,0,0
1,250,1.5,16,0,0
1,250,2,16,0,0
1,250,15.5,1.5,0,0
1,250,15.5,2,0,0
1,250,52.5,15.5,0,0
1,250,53,15.5,0,0
1,250,16.5,52.5,0,0
1,250,16.5,53,0,0
1,250,1.5,16.5,0,0
1,250,2,16.5,0,0
1,250,16,1.5,0,0
1,250,16,2,0,0
1,250,52.5,16,0,0
1,250,53,16,0,0
1,250,17,52.5,0,0
1,250,17,53,0,0
1,250,1.5,17,0,0
1,250,2,17,0,0
1,250,16.5,1.5,0,0
1,250,16.5,2,0,0
1,250,52.5,16.5,0,0
1,250,53,16.5,0,0
1,250,17.5,52.5,0,0
1,250,17.5,53,0,0
1,250,1.5,17.5,0,0
1,250,2,17.5,0,0
1,250,17,1.5,0,0
1,250,17,2,0,0
1,250,52.5,17,0,0
1,250,53,17,0,0
1,250,18,52.5,0,0
1,250,18,53,0,0
1,250,1.5,18,0,0
1,250,2,18,0,0
1,250,17.5,1.5,0,0
1,250,17.5,2,0,0
1,250,52.5,17.5,0,0
1,250,53,17.5,0,0
1,250,18.5,52.5,0,0
1,250,18.5,53,0,0
1,250,1.5,18.5,0,0
1,250,2,18.5,0,0
1,250,18,1.5,0,0
1,250,18,2,0,0
1,250,52.5,18,0,0
1,250,53,18,0,0
1,250,19,52.5,0,0
1,250,19,53,0,0
1,250,1.5,19,0,0
1,250,2,19,0,0
1,250,18.5,1.5,0,0
1,250,18.5,2,0,0
1,250,52.5,18.5,0,0
1,250,53,18.5,0,0
1,250,19.5,52.5,0,0
1,250,19.5,53,0,0
1,250,1.5,19.5,0,0
1,250,2,19.5,0,0
1,250,19,1.5,0,0
1,250,19,2,0,0
1,250,52.5,19,0,0
1,250,53,19,0,0
1,250,20,52.5,0,0
1,250,20,53,0,0
1,250,1.5,20,0,0
1,250,2,20,0,0
1,250,19.5,1.5,0,0
1,250,19.5,2,0,0
1,250,52.5,19.5,0,0
1,250,53,19.5,0,0
1,250,20.5,52.5,0,0
1,250,20.5,53,0,0
1,250,1.5,20.5,0,0
1,250,2,20.5,0,0
1,250,20,1.5,0,0
1,250,20,2,0,0
1,250,52.5,20,0,0
1,250,53,20,0,0
1,250,21,52.5,0,0
1,250,21,53,0,0
1,250,1.5,21,0,0
1,250,2,21,0,0
1,250,20.5,1.5,0,0
1,250,20.5,2,0,0
1,250,52.5,20.5,0,0
1,250,53,20.5,0,0
1,250,21.5,52.5,0,0
1,250,21.5,53,0,0
1,250,1.5,21.5,0,0
1,250,2,21.5,0,0
1,250,21,1.5,0,0
1,250,21,2,0,0
1,250,52.5,21,0,0
1,250,53,21,0,0
1,250,22,52.5,0,0
1,250,22,53,0,0
1,250,1.5,22,0,0
1,250,2,22,0,0
1,250,21.5,1.5,0,0
1,250,21.5,2,0,0
1,250,52.5,21.5,0,0
1,250,53,21.5,0,0
1,250,22.5,52.5,0,0
1,250,22.5,53,0,0
1,250,1.5,22.5,0,0
1,250,2,22.5,0,0
1,250,22,1.5,0,0
1,250,22,2,0,0
1,250,52.5,22,0,0
1,250,53,22,0,0
1,250,23,52.5,0,0
1,250,23,53,0,0
1,250,1.5,23,0,0
1,250,2,23,0,0
1,250,22.5,1.5,0,0
1,250,22.5,2,0,0
1,250,52.5,22.5,0,0
1,250,53,22.5,0,0
1,250,23.5,52.5,0,0
1,250,23.5,53,0,0
1,250,1.5,23.5,0,0
1,250,2,23.5,0,0
1,250,23,1.5,0,0
1,250,23,2,0,0
1,250,52.5,23,0,0
1,250,53,23,0,0
1,250,24,52.5,0,0
1,250,24,53,0,0
1,250,1.5,24,0,0
1,250,2,24,0,0
1,250,23.5,1.5,0,0
1,250,23.5,2,0,0
1,250,52.5,23.5,0,0
1,250,53,23.5,0,0
1,250,24.5,52.5,0,0
1,250,24.5,53,0,0
1,250,1.5,24.5,0,0
1,250,2,24.5,0,0
1,250,24,1.5,0,0
1,250,24,2,0,0
1,250,52.5,24,0,0
1,250,53,24,0,0
1,250,25,52.5,0,0
1,250,25,53,0,0
1,250,1.5,25,0,0
1,250,2,25,0,0
1,250,24.5,1.5,0,0
1,250,24.5,2,0,0
1,250,52.5,24.5,0,0
1,250,53,24.5,0,0
1,250,25.5,52.5,0,0
1,250,25.5,53,0,0
1,250,1.5,25.5,0,0
1,250,2,25.5,0,0
1,250,25,1.5,0,0
1,250,25,2,0,0
1,250,52.5,25,0,0
1,250,53,25,0,0
1,250,26,52.5,0,0
1,250,26,53,0,0
1,250,1.5,26,0,0
1,250,2,26,0,0
1,250,25.5,1.5,0,0
1,250,25.5,2,0,0
1,250,52.5,25.5,0,0
1,250,53,25.5,0,0
1,250,26.5,52.5,0,0
1,250,26.5,53,0,0
1,250,1.5,26.5,0,0
1,250,2,26.5,0,0
1,250,26,1.5,0,0
1,250,26,2,0,0
1,250,52.5,26,0,0
1,250,53,26,0,0
1,250,27,52.5,0,0
1,250,27,53,0,0
1,250,1.5,27,0,0
1,250,2,27,0,0
1,250,26.5,1.5,0,0
1,250,26.5,2,0,0
1,250,52.5,26.5,0,0
1,250,53,26.5,0,0
1,250,27.5,52.5,0,0
1,250,27.5,53,0,0
1,250,1.5,27.5,0,0
1,250,2,27.5,0,0
1,250,27,1.5,0,0
1,250,27,2,0,0
1,250,52.5,27,0,0
1,250,53,27,0,0
1,250,28,52.5,0,0
1,250,28,53,0,0
1,250,1.5,28,0,0
1,250,2,28,0,0
1,250,27.5,1.5,0,0
1,250,27.5,2,0,0
1,250,52.5,27.5,0,0
1,250,53,27.5,0,0
1,250,28.5,52.5,0,0
1,250,28.5,53,0,0
1,250,1.5,28.5,0,0
1,250,2,28.5,0,0
1,250,28,1.5,0,0
1,250,28,2,0,0
1,250,52.5,28,0,0
1,250,53,28,0,0
1,250,29,52.5,0,0
1,250,29,53,0,0
1,250,1.5,29,0,0
1,250,2,29,0,0
1,250,28.5,1.5,0,0
1,250,28.5,2,0,0
1,250,52.5,28.5,0,0
1,250,53,28.5,0,0
1,250,29.5,52.5,0,0
1,250,29.5,53,0,0
1,250,1.5,29.5,0,0
1,250,2,29.5,0,0
1,250,29,1.5,0,0
1,250,29,2,0,0
1,250,52.5,29,0,0
1,250,53,29,0,0
1,250,30,52.5,0,0
1,250,30,53,0,0
1,250,1.5,30,0,0
1,250,2,30,0,0
1,250,29.5,1.5,0,0
1,250,29.5,2,0,0
1,250,52.5,29.5,0,0
1,250,53,29.5,0,0
1,250,30.5,52.5,0,0
1,250,30.5,53,0,0
1,250,1.5,30.5,0,0
1,250,2,30.5,0,0
1,250,30,1.5,0,0
1,250,30,2,0,0
1,250,52.5,30,0,0
1,250,53,30,0,0
1,250,31,52.5,0,0
1,250,31,53,0,0
1,250,1.5,31,0,0
1,250,2,31,0,0
1,250,30.5,1.5,0,0
1,250,30.5,2,0,0
1,250,52.5,30.5,0,0
1,250,53,30.5,0,0
1,250,31.5,52.5,0,0
1,250,31.5,53,0,0
1,250,1.5,31.5,0,0
1,250,2,31.5,0,0
1,250,31,1.5,0,0
1,250,31,2,0,0
1,250,52.5,31,0,0
1,250,53,31,0,0
1,250,32,52.5,0,0
1,250,32,53,0,0
1,250,1.5,32,0,0
1,250,2,32,0,0
1,250,31.5,1.5,0,0
1,250,31.5,2,0,0
1,250,52.5,31.5,0,0
1,250,53,31.5,0,0
1,250,32.5,52.5,0,0
1,250,32.5,53,0,0
1,250,1.5,32.5,0,0
1,250,2,32.5,0,0
1,250,32,1.5,0,0
1,250,32,2,0,0
1,250,52.5,32,0,0
1,250,53,32,0,0
1,250,33,52.5,0,0
1,250,33,53,0,0
1,250,1.5,33,0,0
1,250,2,33,0,0
1,250,32.5,1.5,0,0
1,250,32.5,2,0,0
1,250,52.5,32.5,0,0
1,250,53,32.5,0,0
1,250,33.5,52.5,0,0
1,250,33.5,53,0,0
1,250,1.5,33.5,0,0
1,250,2,33.5,0,0
1,250,33,1.5,0,0
1,250,33,2,0,0
1,250,52.5,33,0,0
1,250,53,33,0,0
1,250,34,52.5,0,0
1,250,34,53,0,0
1,250,1.5,34,0,0
1,250,2,34,0,0
1,250,33.5,1.5,0,0
1,250,33.5,2,0,0
1,250,52.5,33.5,0,0
1,250,53,33.5,0,0
1,250,34.5,52.5,0,0
1,250,34.5,53,0,0
1,250,1.5,34.5,0,0
1,250,2,34.5,0,0
1,250,34,1.5,0,0
1,250,34,2,0,0
1,250,52.5,34,0,0
1,250,53,34,0,0
1,250,35,52.5,0,0
1,250,35,53,0,0
1,250,1.5,35,0,0
1,250,2,35,0,0
1,250,34.5,1.5,0,0
1,250,34.5,2,0,0
1,250,52.5,34.5,0,0
1,250,53,34.5,0,0
1,250,35.5,52.5,0,0
1,250,35.5,53,0,0
1,250,1.5,35.5,0,0
1,250,2,35.5,0,0
1,250,35,1.5,0,0
1,250,35,2,0,0
1,250,52.5,35,0,0
1,250,53,35,0,0
1,250,36,52.5,0,0
1,250,36,53,0,0
1,250,1.5,36,0,0
1,250,2,36,0,0
1,250,35.5,1.5,0,0
1,250,35.5,2,0,0
1,250,52.5,35.5,0,0
1,250,53,35.5,0,0
1,250,36.5,52.5,0,0
1,250,36.5,53,0,0
1,250,1.5,36.5,0,0
1,250,2,36.5,0,0
1,250,36,1.5,0,0
1,250,36,2,0,0
1,250,52.5,36,0,0
1,250,53,36,0,0
1,250,37,52.5,0,0
1,250,37,53,0,0
1,250,1.5,37,0,0
1,250,2,37,0,0
1,250,36.5,1.5,0,0
1,250,36.5,2,0,0
1,250,52.5,36.5,0,0
1,250,53,36.5,0,0
1,250,37.5,52.5,0,0
1,250,37.5,53,0,0
1,250,1.5,37.5,0,0
1,250,2,37.5,0,0
1,250,37,1.5,0,0
1,250,37,2,0,0
1,250,52.5,37,0,0
1,250,53,37,0,0
1,250,38,52.5,0,0
1,250,38,53,0,0
1,250,1.5,38,0,0
1,250,2,38,0,0
1,250,37.5,1.5,0,0
1,250,37.5,2,0,0
1,250,52.5,37.5,0,0
1,250,53,37.5,0,0
1,250,38.5,52.5,0,0
1,250,38.5,53,0,0
1,250,1.5,38.5,0,0
1,250,2,38.5,0,0
1,250,38,1.5,0,0
1,250,38,2,0,0
1,250,52.5,38,0,0
1,250,53,38,0,0
1,250,39,52.5,0,0
1,250,39,53,0,0
1,250,1.5,39,0,0
1,250,2,39,0,0
1,250,38.5,1.5,0,0
1,250,38.5,2,0,0
1,250,52.5,38.5,0,0
1,250,53,38.5,0,0
1,250,39.5,52.5,0,0
1,250,39.5,53,0,0
1,250,1.5,39.5,0,0
1,250,2,39.5,0,0
1,250,39,1.5,0,0
1,250,39,2,0,0
1,250,52.5,39,0,0
1,250,53,39,0,0
1,250,40,52.5,0,0
1,250,40,53,0,0
1,250,1.5,40,0,0
1,250,2,40,0,0
1,250,39.5,1.5,0,0
1,250,39.5,2,0,0
1,250,52.5,39.5,0,0
1,250,53,39.5,0,0
1,250,40.5,52.5,0,0
1,250,40.5,53,0,0
1,250,1.5,40.5,0,0
1,250,2,40.5,0,0
1,250,40,1.5,0,0
1,250,40,2,0,0
1,250,52.5,40,0,0
1,250,53,40,0,0
1,250,41,52.5,0,0
1,250,41,53,0,0
1,250,1.5,41,0,0
1,250,2,41,0,0
1,250,40.5,1.5,0,0
1,250,40.5,2,0,0
1,250,52.5,40.5,0,0
1,250,53,40.5,0,0
1,250,41.5,52.5,0,0
1,250,41.5,53,0,0
1,250,1.5,41.5,0,0
1,250,2,41.5,0,0
1,250,41,1.5,0,0
1,250,41,2,0,0
1,250,52.5,41,0,0
1,250,53,41,0,0
1,250,42,52.5,0,0
1,250,42,53,0,0
1,250,1.5,42,0,0
1,250,2,42,0,0
1,250,41.5,1.5,0,0
1,250,41.5,2,0,0
1,250,52.5,41.5,0,0
1,250,53,41.5,0,0
1,250,42.5,52.5,0,0
1,250,42.5,53,0,0
1,250,1.5,42.5,0,0
1,250,2,42.5,0,0
1,250,42,1.5,0,0
1,250,42,2,0,0
1,250,52.5,42,0,0
1,250,53,42,0,0
1,250,43,52.5,0,0
1,250,43,53,0,0
1,250,1.5,43,0,0
1,250,2,43,0,0
1,250,42.5,1.5,0,0
1,250,42.5,2,0,0
1,250,52.5,42.5,0,0
1,250,53,42.5,0,0
1,250,43.5,52.5,0,0
1,250,43.5,53,0,0
1,250,1.5,43.5,0,0
1,250,2,43.5,0,0
1,250,43,1.5,0,0
1,250,43,2,0,0
1,250,52.5,43,0,0
1,250,53,43,0,0
1,250,44,52.5,0,0
1,250,44,53,0,0
1,250,1.5,44,0,0
1,250,2,44,0,0
1,250,43.5,1.5,0,0
1,250,43.5,2,0,0
1,250,52.5,43.5,0,0
1,250,53,43.5,0,0
1,250,44.5,52.5,0,0
1,250,44.5,53,0,0
1,250,1.5,44.5,0,0
1,250,2,44.5,0,0
1,250,44,1.5,0,0
1,250,44,2,0,0
1,250,52.5,44,0,0
1,250,53,44,0,0
1,250,45,52.5,0,0
1,250,45,53,0,0
1,250,1.5,45,0,0
1,250,2,45,0,0
1,250,44.5,1.5,0,0
1,250,44.5,2,0,0
1,250,52.5,44.5,0,0
1,250,53,44.5,0,0
1,250,45.5,52.5,0,0
1,250,45.5,53,0,0
1,250,1.5,45.5,0,0
1,250,2,45.5,0,0
1,250,45,1.5,0,0
1,250,45,2,0,0
1,250,52.5,45,0,0
1,250,53,45,0,0
1,250,46,52.5,0,0
1,250,46,53,0,0
1,250,1.5,46,0,0
1,250,2,46,0,0
1,250,45.5,1.5,0,0
1,250,45.5,2,0,0
1,250,52.5,45.5,0,0
1,250,53,45.5,0,0
1,250,46.5,52.5,0,0
1,250,46.5,53,0,0
1,250,1.5,46.5,0,0
1,250,2,46.5,0,0
1,250,46,1.5,0,0
1,250,46,2,0,0
1,250,52.5,46,0,0
1,250,53,46,0,0
1,250,47,52.5,0,0
1,250,47,53,0,0
1,250,1.5,47,0,0
1,250,2,47,0,0
1,250,46.5,1.5,0,0
1,250,46.5,2,0,0
1,250,52.5,46.5,0,0
1,250,53,46.5,0,0
1,250,47.5,52.5,0,0
1,250,47.5,53,0,0
1,250,1.5,47.5,0,0
1,250,2,47.5,0,0
1,250,47,1.5,0,0
1,250,47,2,0,0
1,250,52.5,47,0,0
1,250,53,47,0,0
1,250,48,52.5,0,0
1,250,48,53,0,0
1,250,1.5,48,0,0
1,250,2,48,0,0
1,250,47.5,1.5,0,0
1,250,47.5,2,0,0
1,250,52.5,47.5,0,0
1,250,53,47.5,0,0
1,250,48.5,52.5,0,0
1,250,48.5,53,0,0
1,250,1.5,48.5,0,0
1,250,2,48.5,0,0
1,250,48,1.5,0,0
1,250,48,2,0,0
1,250,52.5,48,0,0
1,250,53,48,0,0
1,250,49,52.5,0,0
1,250,49,53,0,0
1,250,1.5,49,0,0
1,250,2,49,0,0
1,250,48.5,1.5,0,0
1,250,48.5,2,0,0
1,250,52.5,48.5,0,0
1,250,53,48.5,0,0
1,250,49.5,52.5,0,0
1,250,49.5,53,0,0
1,250,1.5,49.5,0,0
1,250,2,49.5,0,0
1,250,49,1.5,0,0
1,250,49,2,0,0
1,250,52.5,49,0,0
1,250,53,49,0,0
1,250,50,52.5,0,0
1,250,50,53,0,0
1,250,1.5,50,0,0
1,250,2,50,0,0
1,250,49.5,1.5,0,0
1,250,49.5,2,0,0
1,250,52.5,49.5,0,0
1,250,53,49.5,0,0
1,250,50.5,52.5,0,0
1,250,50.5,53,0,0
1,250,1.5,50.5,0,0
1,250,2,50.5,0,0
1,250,50,1.5,0,0
1,250,50,2,0,0
1,250,52.5,50,0,0
1,250,53,50,0,0
1,250,51,52.5,0,0
1,250,51,53,0,0
1,250,1.5,51,0,0
1,250,2,51,0,0
1,250,50.5,1.5,0,0
1,250,50.5,2,0,0
1,250,52.5,50.5,0,0
1,250,53,50.5,0,0
1,250,51.5,52.5,0,0
1,250,51.5,53,0,0
1,250,1.5,51.5,0,0
1,250,2,51.5,0,0
1,250,51,1.5,0,0
1,250,51,2,0,0
1,250,52.5,51,0,0
1,250,53,51,0,0
1,250,52,52.5,0,0
1,250,52,53,0,0
1,250,1.5,52,0,0
1,250,2,52,0,0
1,250,51.5,1.5,0,0
1,250,51.5,2,0,0
1,250,52.5,51.5,0,0
1,250,53,51.5,0,0
1,250,52.5,52.5,0,0
1,250,52.5,53,0,0
1,250,1.5,52.5,0,0
1,250,2,52.5,0,0
1,250,52,1.5,0,0
1,250,52,2,0,0
