3314 2 0.5 5e+06 0.5 0 2 0 0.001 0 9.81 55 55
0,250,16.1545,46.672,-3.01766,-0.681979
0,250,15.1157,49.0916,-2.52449,-0.85584
0,250,14.3886,44.3377,-3.19546,-0.739561
0,250,51.9086,43.3635,-0.161144,-0.0237567
0,250,15.1879,46.6947,-2.99193,-0.358713
0,250,11.6645,45.7343,-2.41991,-0.624859
0,250,14.5722,45.1183,-3.42482,-0.472895
0,250,20.3305,40.2242,-3.87691,-0.169538
0,250,14.4912,46.1709,-3.19344,-0.637111
0,250,17.1794,39.9403,-4.20203,-0.546259
0,250,11.8534,45.2339,-2.5419,-0.825553
0,250,13.6926,44.8068,-3.09858,-0.659375
0,250,13.0161,50.9115,-1.8006,0.0332979
0,250,8.44642,51.987,-0.843843,0.0397213
0,250,11.228,46.8434,-2.4322,-0.368786
0,250,11.5506,47.3995,-2.27666,-0.402008
0,250,15.9961,49.2382,-2.79982,-0.524945
0,250,11.4457,47.9453,-2.28582,-0.373089
0,250,13.7306,46.6393,-2.89937,-0.506226
0,250,11.9451,46.2506,-2.69504,-0.746407
0,250,11.6503,46.7882,-2.51072,-0.527629
0,250,11.0595,43.5799,-2.99224,-1.18158
0,250,11.1085,47.3659,-2.22362,-0.238759
0,250,11.1906,44.1934,-3.01406,-1.03666
0,250,15.0425,45.1047,-3.43251,-0.532706
0,250,11.3631,45.1727,-2.42457,-0.842685
0,250,6.42998,51.4035,-0.597385,-0.0132599
0,250,16.1241,45.7019,-3.21147,-0.403841
0,250,8.14499,51.4313,-0.690843,-0.293647
0,250,15.8608,49.7735,-2.68335,-0.45011
0,250,4.10103,51.9934,-0.158004,0.0181206
0,250,13.4459,50.7953,-1.83319,-0.0187255
0,250,9.3366,51.953,-0.961962,0.00320139
0,250,7.5601,51.9606,-0.600163,-0.0673454
0,250,16.0845,48.1825,-3.17293,-0.189472
0,250,11.0767,51.0763,-1.22385,-0.376655
0,250,15.2512,50.4148,-2.3808,-0.00493427
0,250,3.23655,51.9978,0.00199659,0.0457278
0,250,4.76603,51.4145,-0.20249,-0.26366
0,250,3.6556,51.9388,-0.157624,-0.271018
0,250,6.24504,51.9727,-0.368876,0.0114212
0,250,8.90524,51.97,-0.975764,-0.0646232
0,250,4.54799,51.9658,-0.236586,-0.065174
0,250,11.967,51.5733,-1.36978,-0.32211
0,250,10.2478,51.998,-0.825212,0.0557406
0,250,10.7168,51.9961,-0.844952,0.0292884
0,250,6.68095,51.9702,-0.449092,-0.0701177
0,250,9.78367,51.9878,-0.968735,0.178052
0,250,4.98552,51.9645,-0.306311,-0.110479
0,250,11.2118,52.0111,-0.841551,0.000954113
0,250,12.9197,45.2885,-2.86592,-1.01585
0,250,12.6179,44.8246,-2.88261,-1.17564
0,250,13.887,48.6115,-2.5386,-0.26907
0,250,15.5879,48.2394,-3.11696,-0.668929
0,250,10.3438,48.0351,-2.1403,-0.667638
0,250,14.3436,48.6361,-2.70741,-0.0936985
0,250,14.1545,49.1854,-2.65379,-0.012812
0,250,12.503,43.9545,-3.09846,-1.02741
0,250,40.9683,41.3859,-0.125314,2.08844
0,250,14.7911,47.6932,-2.77449,-0.283152
0,250,13.7136,49.1411,-2.55149,-0.326078
0,250,14.0596,48.1047,-2.65665,-0.35966
0,250,13.482,47.1166,-2.74401,-0.57751
0,250,13.7689,47.6047,-2.58693,-0.517894
0,250,13.9907,47.1327,-2.76474,-0.490157
0,250,13.2667,47.6072,-2.52943,-0.663916
0,250,12.1722,48.3337,-2.06995,-0.732315
0,250,12.6755,46.689,-2.85503,-0.886878
0,250,13.1968,46.6704,-2.86476,-0.670177
0,250,12.3042,47.7071,-2.37106,-0.669563
0,250,10.2942,46.5512,-1.95478,-0.630171
0,250,15.4057,49.8395,-2.82168,0.167001
0,250,10.9855,47.9242,-2.28763,-0.21474
0,250,13.4612,46.196,-2.96842,-0.593711
0,250,11.8908,47.8788,-2.30405,-0.459447
0,250,11.9717,47.2447,-2.45334,-0.583013
0,250,10.684,47.0835,-2.12622,-0.52841
0,250,10.7882,46.5943,-2.07005,-0.682293
0,250,11.4821,46.2647,-2.5662,-0.516474
0,250,13.4958,43.8426,-3.18271,-1.04552
0,250,15.5007,45.1131,-3.46879,-0.471003
0,250,14.8084,44.6021,-3.4035,-0.525188
0,250,14.867,50.0659,-2.27567,-0.479574
0,250,11.0212,44.6616,-2.7168,-0.865511
0,250,14.6789,43.9878,-3.23069,-0.75519
0,250,10.283,43.5717,-3.01429,-1.25655
0,250,16.3883,46.2053,-3.13878,-0.544132
0,250,13.0853,50.3182,-1.80537,0.0676469
0,250,13.5201,50.2218,-1.9416,-0.205382
0,250,11.6294,51.0818,-1.75164,-0.354668
0,250,13.9389,50.3682,-2.11309,0.150325
0,250,12.5027,51.5329,-1.79217,-0.120178
0,250,13.4074,51.3739,-1.81673,0.0184551
0,250,13.0097,51.4859,-1.63428,0.264314
0,250,16.5478,48.0863,-3.20464,-0.0687238
0,250,13.8587,51.5128,-1.75133,0.212954
0,250,15.239,50.9667,-1.89377,-0.0913982
0,250,11.4145,51.5141,-1.2576,-0.065335
0,250,11.6897,51.9861,-0.870631,-0.0814117
0,250,12.2147,52.038,-1.01991,-0.194458
0,250,15.657,46.7272,-3.00302,-0.580292
0,250,14.4969,47.1732,-2.7738,-0.511886
0,250,13.3698,44.3554,-3.06298,-0.965111
0,250,15.0051,49.5893,-2.59163,-0.812204
0,250,15.4642,47.2294,-2.96804,-0.446738
0,250,15.0777,48.2154,-2.90936,-0.130083
0,250,12.6097,48.1987,-2.11459,-0.678625
0,250,13.09,48.1268,-2.27791,-0.540911
0,250,11.9264,49.4628,-1.81854,-0.59017
0,250,9.97951,48.9086,-1.68342,-0.447385
0,250,11.5745,49.0678,-1.84992,-0.549629
0,250,12.9634,47.1517,-2.72891,-0.753155
0,250,12.0269,48.9009,-1.95405,-0.750779
0,250,13.5722,48.0949,-2.50878,-0.493738
0,250,10.2377,48.4843,-1.60412,-0.419389
0,250,8.59168,46.9899,-1.82274,-0.908147
0,250,11.2736,48.4753,-2.13835,-0.3673
0,250,9.7545,47.8709,-1.82201,-0.42627
0,250,12.4592,47.1771,-2.53335,-0.701448
0,250,9.26156,47.9822,-1.68087,-0.444782
0,250,11.7114,48.48,-2.10689,-0.517374
0,250,9.05279,47.081,-1.87436,-0.917097
0,250,10.6199,47.5948,-2.06972,-0.513006
0,250,9.41052,47.4528,-1.93526,-0.557889
0,250,10.1123,47.572,-2.10559,-0.755314
0,250,10.0508,45.6516,-2.34238,-0.7907
0,250,10.7375,45.7739,-2.39479,-0.894157
0,250,12.6872,43.4645,-3.1146,-0.94128
0,250,11.0405,46.2103,-2.42682,-0.922432
0,250,11.2082,45.6711,-2.30838,-0.804263
0,250,10.435,45.359,-2.48252,-0.875468
0,250,10.7409,43.9102,-3.01282,-1.21763
0,250,9.6482,45.3281,-2.28323,-0.996311
0,250,10.4696,44.8251,-2.36833,-0.80666
0,250,10.8877,45.1731,-2.35329,-0.725953
0,250,10.5937,44.3555,-2.68119,-1.07684
0,250,11.7382,43.2721,-3.10518,-0.971305
0,250,16.7034,47.4974,-3.19226,-0.0264751
0,250,14.3593,50.2024,-2.17803,-0.0907125
0,250,16.4502,47.0364,-3.3948,-0.105426
0,250,14.7672,50.5756,-2.22918,-0.339777
0,250,16.7636,46.445,-3.27339,-0.127893
0,250,16.9055,46.9135,-3.4852,-0.123276
0,250,17.7286,46.5453,-3.51416,-0.20865
0,250,17.1678,47.4046,-3.26499,-0.233335
0,250,16.4478,49.2049,-2.69832,-0.0843283
0,250,16.3542,48.6499,-2.71675,-0.226971
0,250,16.1816,50.2843,-2.54578,-0.360137
0,250,13.8598,50.9214,-1.94668,0.253615
0,250,12.7118,51.9768,-1.17225,0.0260358
0,250,15.4246,46.1882,-3.2909,-0.491782
0,250,12.0042,43.8373,-3.04138,-1.06374
0,250,9.97438,51.4698,-0.807216,0.242122
0,250,10.5948,50.9136,-0.932735,-0.125627
0,250,14.5569,48.1421,-2.91392,-0.355338
0,250,9.7746,49.3086,-1.51078,-0.296217
0,250,9.74652,48.3354,-1.59129,-0.442009
0,250,8.69849,48.0838,-1.4107,-0.643989
0,250,9.26589,46.1959,-1.83176,-0.855325
0,250,8.79966,48.8231,-1.4463,-0.603991
0,250,9.48572,48.712,-1.47632,-0.304802
0,250,8.23597,48.0578,-1.33009,-0.655618
0,250,8.38869,46.4423,-1.92696,-0.809453
0,250,8.44927,47.5246,-1.51213,-0.766772
0,250,9.52832,44.214,-2.39036,-1.06164
0,250,9.06682,48.4118,-1.44553,-0.447475
0,250,10.094,42.985,-3.01666,-1.2409
0,250,8.90261,47.5883,-1.6531,-0.800509
0,250,9.56812,44.7071,-2.452,-1.1487
0,250,8.86832,46.4995,-1.90122,-1.01252
0,250,9.06604,44.6013,-2.42287,-1.04701
0,250,10.8226,42.8843,-3.00984,-1.22338
0,250,9.1955,45.1078,-2.31388,-0.973795
0,250,13.6292,43.3541,-3.16462,-0.72404
0,250,9.87322,46.105,-2.13321,-0.724053
0,250,9.69189,43.7518,-2.68043,-1.32335
0,250,10.4033,46.0789,-2.22561,-0.744982
0,250,9.73876,47.1451,-2.13737,-0.638301
0,250,10.2001,47.0597,-2.04097,-0.638957
0,250,9.19443,43.582,-2.61201,-1.32005
0,250,10.0276,44.4728,-2.36643,-0.905919
0,250,11.3375,42.6466,-3.21823,-1.21943
0,250,9.45608,45.7901,-2.13291,-0.958879
0,250,9.79897,46.5856,-1.87553,-0.650055
0,250,10.6109,43.2716,-2.9771,-1.22374
0,250,16.8872,45.2292,-3.37929,-0.274288
0,250,15.959,45.1189,-3.43047,-0.296894
0,250,16.4117,45.1863,-3.44063,-0.290225
0,250,15.7088,44.5988,-3.49043,-0.389395
0,250,16.197,44.6043,-3.5434,-0.356276
0,250,16.6063,45.698,-3.09734,-0.365584
0,250,17.3887,46.9036,-3.51047,-0.156426
0,250,17.9225,46.1286,-3.3661,-0.131313
0,250,17.966,47.7754,-3.43264,-0.121169
0,250,17.6516,47.4143,-3.24544,-0.250804
0,250,17.4786,47.9434,-3.3265,-0.214054
0,250,15.6843,50.3084,-2.31978,-0.117753
0,250,17.0154,47.9373,-3.15422,-0.131535
0,250,15.6829,50.8506,-1.90989,-0.221622
0,250,14.332,50.7807,-2.06932,0.0247475
0,250,5.60885,51.3524,-0.387642,-0.0734221
0,250,14.2802,47.6338,-2.62492,-0.47616
0,250,12.7744,47.6655,-2.43629,-0.714153
0,250,13.1647,49.7271,-2.23444,-0.127388
0,250,8.00063,49.1526,-1.05146,-0.183324
0,250,12.8174,49.2294,-2.39925,-0.183866
0,250,9.50849,51.4212,-0.828763,0.15762
0,250,10.7668,50.4881,-1.74248,-0.542561
0,250,8.40344,48.5756,-1.40126,-0.612848
0,250,9.22639,49.1016,-1.65612,-0.449142
0,250,11.1133,48.9565,-1.87805,-0.250662
0,250,7.33337,47.9426,-1.17959,-0.604085
0,250,7.96167,48.5972,-1.23494,-0.338178
0,250,7.99677,47.495,-1.44508,-0.589974
0,250,7.92783,46.3587,-1.86816,-1.0925
0,250,8.14736,46.9609,-1.81148,-0.805579
0,250,8.6566,44.2966,-2.06291,-1.43865
0,250,8.25463,45.9112,-1.92416,-0.954514
0,250,8.70397,43.4047,-2.70968,-1.32924
0,250,8.71006,44.9845,-2.26147,-1.0991
0,250,10.3584,42.1436,-3.33017,-1.41852
0,250,9.25528,43.1141,-3.10678,-1.53428
0,250,8.99312,45.5644,-2.21492,-0.929192
0,250,10.3275,42.6162,-2.9763,-1.29008
0,250,9.06737,44.031,-2.21724,-1.34309
0,250,10.8449,42.3878,-3.28216,-1.35829
0,250,9.792,43.2943,-3.16359,-1.51624
0,250,12.3179,42.8834,-3.28261,-1.05828
0,250,9.36258,46.7135,-1.95753,-0.814001
0,250,15.2846,43.4408,-3.42337,-0.596835
0,250,13.9962,43.0816,-3.26925,-0.878717
0,250,14.3213,43.5795,-3.31861,-0.82752
0,250,14.0062,43.8434,-3.08217,-0.64253
0,250,11.2968,43.1328,-2.97502,-1.12333
0,250,9.99887,45.0219,-2.43816,-0.972082
0,250,10.136,44.0225,-2.72312,-1.12213
0,250,13.17,43.3226,-3.25815,-1.29023
0,250,13.8709,44.3169,-3.2895,-0.747928
0,250,17.2482,46.3687,-3.32062,-0.275396
0,250,15.25,44.5479,-3.4127,-0.515544
0,250,17.8019,48.3423,-3.18218,-0.151482
0,250,16.9931,45.9177,-3.13977,-0.159708
0,250,18.2639,48.2801,-3.27687,-0.10201
0,250,18.2932,46.6685,-3.41407,-0.0359432
0,250,17.9412,47.0383,-3.4248,-0.315866
0,250,17.3089,48.4668,-2.87318,0.0384893
0,250,16.8327,49.0051,-2.76043,-0.20829
0,250,15.2029,51.5805,-1.83599,-0.196151
0,250,14.7994,51.1001,-1.97307,-0.381746
0,250,13.1909,52.0143,-1.15639,0.138166
0,250,13.6184,49.6886,-2.29788,-0.313208
0,250,7.58334,49.0824,-1.06983,-0.61887
0,250,11.4936,49.6626,-1.70483,-0.645442
0,250,7.83956,49.7109,-0.998068,-0.381061
0,250,7.12819,48.6706,-1.04226,-0.386863
0,250,9.7928,49.9679,-1.78806,-0.0358074
0,250,6.2452,48.3524,-0.85494,-1.21504
0,250,8.43823,49.1822,-1.25066,-0.457722
0,250,7.52137,48.4865,-1.19849,-0.614901
0,250,7.7834,48.0035,-1.2329,-0.454665
0,250,6.91935,48.1235,-1.21575,-0.527523
0,250,7.11215,47.4727,-1.09139,-0.536899
0,250,7.56533,47.39,-1.22947,-0.831346
0,250,8.74653,45.9838,-2.02126,-0.907396
0,250,7.70287,46.8533,-1.60967,-1.13425
0,250,8.51135,45.4441,-2.13478,-1.07867
0,250,8.74673,42.9112,-3.03741,-1.49599
0,250,8.50545,43.8044,-2.62307,-1.47947
0,250,9.47171,42.7549,-3.24138,-1.51667
0,250,9.77055,42.4657,-2.90923,-1.2502
0,250,13.5489,42.7999,-3.37305,-0.734499
0,250,11.6059,42.2694,-3.28728,-1.17242
0,250,11.0745,42.0136,-3.28274,-1.31932
0,250,14.0346,42.5425,-3.44848,-0.825047
0,250,16.289,42.966,-3.44859,-0.524819
0,250,14.927,42.9092,-3.41502,-0.786338
0,250,15.3988,42.8937,-3.42792,-0.562707
0,250,13.1552,42.6005,-3.21081,-1.10053
0,250,15.8552,42.9798,-3.45394,-0.713263
0,250,15.7291,43.5009,-3.45328,-0.594738
0,250,14.8445,43.4746,-3.32033,-0.664524
0,250,18.0493,44.9726,-3.51304,-0.268826
0,250,14.4683,43.0716,-3.31035,-0.765793
0,250,11.8629,42.7607,-3.27151,-1.07154
0,250,15.5766,44.0247,-3.36137,-0.556166
0,250,16.4909,44.0075,-3.56652,-0.54088
0,250,15.1384,44.0159,-3.30424,-0.484336
0,250,17.4917,45.8841,-3.19551,-0.429641
0,250,16.6327,44.6746,-3.6215,-0.303994
0,250,17.3162,45.417,-3.35143,-0.351209
0,250,18.175,48.8356,-2.92016,-0.0671091
0,250,17.0558,50.1313,-2.67119,-0.0890223
0,250,17.7143,48.8671,-2.82707,0.0157724
0,250,16.6378,50.3114,-2.58064,-0.255426
0,250,16.8503,48.494,-2.86928,-0.241241
0,250,17.2957,49.0288,-2.82251,-1.4137e-05
0,250,15.5943,51.3932,-1.97008,-0.181229
0,250,16.7548,49.6698,-2.65882,-0.229327
0,250,13.6357,51.9627,-1.07005,0.0305535
0,250,14.1145,52.0077,-0.963438,0.226677
0,250,5.9056,50.2095,-0.736136,-0.677882
0,250,2.45643,51.7393,0.100982,-0.13085
0,250,5.2985,50.7751,-0.463123,-0.486291
0,250,6.74157,50.261,-1.02768,-0.281037
0,250,7.15623,49.2225,-0.71156,-0.248544
0,250,6.6591,48.5589,-1.03399,-0.56568
0,250,6.95075,49.7372,-0.767411,-0.181895
0,250,6.53024,49.5923,-0.608852,-0.651432
0,250,7.68662,45.89,-1.76885,-1.25414
0,250,6.69988,49.0967,-0.672669,-0.475717
0,250,7.42486,46.3568,-1.89117,-1.18554
0,250,7.24075,46.8969,-1.37924,-0.64656
0,250,6.83228,46.7557,-1.26551,-1.11255
0,250,8.32474,44.6239,-2.0085,-1.41692
0,250,7.95521,45.485,-1.77918,-1.26749
0,250,8.84807,42.4928,-3.44186,-1.70691
0,250,7.43643,45.3163,-1.5122,-1.47125
0,250,9.96046,41.6038,-3.49286,-1.40881
0,250,12.1323,42.293,-3.22568,-0.968383
0,250,10.551,41.7359,-3.32389,-1.37943
0,250,12.6108,41.9698,-3.43731,-1.10987
0,250,12.5989,42.4578,-3.18745,-1.09936
0,250,13.6374,42.2435,-3.42453,-0.901874
0,250,15.5912,42.4249,-3.53943,-0.69162
0,250,17.4144,43.8512,-3.59765,-0.360248
0,250,14.4965,42.5277,-3.44137,-0.793069
0,250,16.5166,42.5245,-3.49843,-0.639737
0,250,15.0245,42.4087,-3.38658,-0.687451
0,250,16.865,42.9187,-3.55449,-0.537057
0,250,16.1765,43.5699,-3.57511,-0.537183
0,250,16.9646,43.6973,-3.5937,-0.340535
0,250,16.6071,43.3841,-3.50863,-0.480495
0,250,18.4235,45.3034,-3.41067,-0.325873
0,250,16.8842,44.2345,-3.69251,-0.27388
0,250,16.0329,44.1176,-3.47291,-0.388981
0,250,17.8288,45.46,-3.33546,-0.384216
0,250,12.8343,42.9624,-3.36294,-1.10112
0,250,18.3634,47.2447,-3.47666,0.0733057
0,250,17.5858,44.9609,-3.56701,-0.506708
0,250,18.8562,47.4494,-3.33941,-0.0308714
0,250,17.1263,44.7854,-3.54395,-0.344325
0,250,18.7576,46.9141,-3.55492,0.0561513
0,250,18.4181,47.7452,-3.34938,-0.0707245
0,250,18.0712,49.379,-2.72517,-0.0691407
0,250,17.6432,49.4863,-2.69805,-0.00827194
0,250,17.1748,49.5516,-2.68156,-0.0260675
0,250,17.4379,50.5309,-2.36964,-0.190688
0,250,16.1587,50.7726,-1.98754,-0.249074
0,250,14.5615,51.9933,-0.96648,-0.0911498
0,250,16.1018,51.2766,-1.80701,-0.177597
0,250,8.83622,49.4501,-1.50122,-0.320603
0,250,4.29838,51.4336,-0.150825,-0.15927
0,250,12.9534,48.6577,-2.31717,-0.365851
0,250,7.42539,49.6984,-0.853332,-0.151628
0,250,5.44401,48.78,-0.838343,-0.883594
0,250,5.86023,49.1507,-0.650188,-1.00556
0,250,9.3651,49.577,-1.47033,-0.569484
0,250,6.2597,48.9857,-0.674527,-0.919102
0,250,6.70811,47.3086,-1.02643,-1.09971
0,250,7.61025,44.8997,-1.96746,-1.69543
0,250,6.13745,47.8497,-0.880043,-1.05234
0,250,8.12515,45.0386,-2.07909,-1.46573
0,250,7.20758,45.7534,-1.50968,-1.48479
0,250,8.00513,43.6129,-2.73814,-1.90263
0,250,9.1621,42.2401,-3.12376,-1.31041
0,250,8.22746,43.1732,-2.54291,-1.5551
0,250,12.3001,41.587,-3.24479,-1.17324
0,250,11.4157,41.7065,-3.18259,-1.20579
0,250,13.1118,42.1018,-3.40737,-1.12853
0,250,14.0713,41.9795,-3.44033,-0.763521
0,250,11.902,41.84,-3.23857,-1.03137
0,250,14.5695,42.0453,-3.4212,-0.732595
0,250,15.1351,41.9716,-3.58769,-0.828757
0,250,17.2331,41.9467,-3.5641,-0.639676
0,250,16.2595,41.9497,-3.6506,-0.619874
0,250,18.0729,42.4348,-3.65896,-0.470802
0,250,16.037,42.3811,-3.5023,-0.540785
0,250,14.5546,41.5798,-3.65699,-0.804142
0,250,18.376,43.9468,-3.67396,-0.323143
0,250,17.2255,43.2382,-3.61689,-0.435937
0,250,17.9148,43.8988,-3.63383,-0.417461
0,250,19.493,46.8394,-3.47644,-0.155791
0,250,19.0713,46.6386,-3.57836,0.0154911
0,250,17.8344,44.429,-3.56198,-0.304353
0,250,17.3818,44.3523,-3.67116,-0.45522
0,250,18.422,50.3378,-2.65029,-0.270904
0,250,18.4654,46.2754,-3.54097,-0.165037
0,250,18.757,48.1222,-3.27285,-0.238614
0,250,18.2265,45.7716,-3.44398,-0.218955
0,250,18.4537,49.8024,-2.709,-0.300759
0,250,17.9179,51.4969,-1.66792,0.0718953
0,250,19.396,49.4547,-2.6417,-0.253649
0,250,18.5324,49.2554,-2.69918,-0.222899
0,250,17.9208,50.4726,-2.37215,0.169324
0,250,18.0064,49.9517,-2.67935,-0.0154301
0,250,17.5249,50.0147,-2.56925,-0.0184083
0,250,16.5918,50.9744,-2.02917,0.1324
0,250,17.3622,51.0284,-2.23471,-0.314312
0,250,16.5287,51.5361,-1.71856,-0.0601422
0,250,14.2422,51.3012,-1.77571,0.170196
0,250,5.12506,49.7945,-0.220343,-0.818766
0,250,15.679,45.6427,-3.24471,-0.442233
0,250,3.86829,51.4158,-0.132757,-0.167957
0,250,5.38591,47.4179,-1.01622,-1.04406
0,250,5.87534,48.5541,-0.64225,-0.835006
0,250,6.58645,47.8284,-0.80452,-1.05161
0,250,5.43918,48.2353,-0.625722,-0.772286
0,250,6.25955,47.2641,-1.00706,-1.04407
0,250,6.98953,46.2244,-1.41371,-1.2038
0,250,7.78316,44.4656,-1.99168,-1.65537
0,250,9.83491,42.0261,-3.37639,-1.39939
0,250,9.65728,41.0545,-3.57321,-1.29978
0,250,8.07763,44.1042,-1.94848,-1.60165
0,250,11.4251,41.2187,-3.43631,-1.27584
0,250,13.4555,41.2614,-3.355,-1.02238
0,250,10.2254,41.2636,-3.40028,-1.3203
0,250,8.24726,42.6766,-2.97532,-1.76832
0,250,13.4766,41.7452,-3.29412,-0.963108
0,250,12.9402,41.5886,-3.24414,-1.10393
0,250,15.6198,41.9209,-3.63068,-0.663085
0,250,13.9674,41.5229,-3.4027,-0.917767
0,250,18.5633,42.2864,-3.737,-0.594858
0,250,17.6279,42.2836,-3.68214,-0.504031
0,250,17.1179,41.4306,-3.74402,-0.634073
0,250,14.7063,41.0569,-3.58127,-0.90178
0,250,19.1684,43.4495,-3.68939,-0.0763914
0,250,18.464,42.8098,-3.64427,-0.46256
0,250,17.9936,42.9693,-3.60008,-0.47647
0,250,17.6797,43.3989,-3.64893,-0.479129
0,250,16.7742,42.109,-3.60336,-0.662699
0,250,17.5334,42.8085,-3.66006,-0.438193
0,250,17.1392,42.5164,-3.57555,-0.60974
0,250,18.6516,44.8598,-3.59373,-0.456889
0,250,19.3788,46.1545,-3.52392,-0.0105508
0,250,18.746,45.6703,-3.51764,-0.0760793
0,250,19.7751,47.3176,-3.16487,-0.448186
0,250,18.2867,44.4845,-3.62722,-0.419798
0,250,19.2711,47.2948,-3.37309,-0.181375
0,250,18.6259,48.6676,-3.08896,-0.274744
0,250,18.8981,46.1437,-3.51339,0.0232194
0,250,18.9355,49.5975,-2.64983,-0.383582
0,250,19.1099,48.511,-3.154,-0.32069
0,250,18.9872,49.0521,-2.79583,-0.35679
0,250,18.8844,50.6152,-2.78917,-0.297559
0,250,18.3498,51.3745,-1.69815,0.277023
0,250,19.4666,48.921,-3.00203,-0.439812
0,250,17.8657,50.9943,-2.26564,0.255964
0,250,16.3388,52.0509,-1.78703,0.137777
0,250,15.0912,52.0235,-1.07273,-0.0191722
0,250,14.6641,51.5471,-1.73475,-0.262561
0,250,3.67799,50.9746,0.070397,-0.317186
0,250,5.35698,49.2883,-0.565844,-0.975106
0,250,5.84011,47.3092,-0.994286,-0.895075
0,250,6.92612,45.2001,-1.57169,-1.50201
0,250,4.71991,47.3323,-0.584835,-1.07191
0,250,6.3866,46.7245,-1.16083,-1.0464
0,250,8.32492,42.2053,-3.21577,-1.84485
0,250,7.75851,43.0013,-2.64775,-1.87339
0,250,7.50426,43.4298,-2.76656,-1.99124
0,250,5.51671,46.8208,-0.925824,-0.967609
0,250,11.8895,41.2529,-3.33252,-0.987657
0,250,10.4997,40.9394,-3.52664,-1.32528
0,250,7.54058,43.9126,-1.88053,-1.62079
0,250,10.889,41.4697,-3.28436,-1.25821
0,250,12.4857,41.1496,-3.19392,-1.12081
0,250,15.9164,41.5849,-3.67406,-0.61563
0,250,9.39629,41.4153,-3.62981,-1.44283
0,250,15.0631,41.4883,-3.69956,-0.816162
0,250,14.2404,41.1396,-3.50067,-0.98714
0,250,16.6439,41.6138,-3.7303,-0.662876
0,250,12.997,41.1161,-3.26459,-1.12522
0,250,17.663,41.7298,-3.64818,-0.664747
0,250,19.4069,42.9281,-3.71543,0.133795
0,250,16.19,40.674,-4.03269,-0.631895
0,250,19.9586,43.153,-3.85801,-0.154984
0,250,18.1407,41.9044,-3.79797,-0.507211
0,250,16.2723,41.2471,-3.79943,-0.660715
0,250,19.2969,44.0765,-3.65332,0.0824113
0,250,19.2008,44.5988,-3.53237,0.0735327
0,250,18.6578,43.3123,-3.69808,-0.374878
0,250,18.217,43.4364,-3.67634,-0.402203
0,250,18.8599,43.8237,-3.68532,-0.2989
0,250,19.6654,45.7243,-3.2687,0.0324338
0,250,18.7798,44.3376,-3.43204,-0.314998
0,250,19.0331,45.1202,-3.80854,0.108715
0,250,19.769,46.3645,-3.52317,-0.00633072
0,250,20.3044,47.2723,-3.12674,-0.0995622
0,250,19.5287,45.1027,-3.7847,0.249994
0,250,19.157,47.885,-3.15649,-0.174135
0,250,19.2165,45.5898,-3.45698,0.14428
0,250,19.9178,48.7735,-3.12061,-0.238561
0,250,20.0003,46.8282,-3.2215,-0.176742
0,250,19.6108,47.7939,-3.20322,-0.554164
0,250,19.8609,49.3182,-2.85692,-0.170167
0,250,19.5309,48.327,-3.13013,-0.44272
0,250,18.7977,51.0876,-2.42595,-0.220932
0,250,18.3287,50.8351,-2.47988,0.0388889
0,250,18.8998,50.1198,-2.70291,-0.395047
0,250,16.9493,50.7183,-2.46593,-0.273525
0,250,15.6164,52.0575,-1.2532,-0.0359099
0,250,4.99195,48.3351,-0.766515,-0.806258
0,250,5.69886,47.881,-0.932396,-0.950363
0,250,4.28016,47.6092,-0.555421,-1.35733
0,250,3.86189,48.0065,-0.669835,-1.25116
0,250,6.52374,46.1918,-1.30412,-1.25777
0,250,5.0871,47.7539,-0.654005,-0.610738
0,250,7.76071,42.4906,-2.90101,-1.90389
0,250,3.92935,47.33,-0.421831,-1.19799
0,250,10.318,40.4722,-3.68566,-1.34354
0,250,6.71886,45.6714,-1.44912,-1.46791
0,250,7.07768,44.7583,-1.9001,-1.59843
0,250,11.1843,40.5759,-3.48147,-1.19785
0,250,6.06189,46.1873,-1.02291,-1.11969
0,250,5.19594,46.3887,-0.823407,-1.22593
0,250,14.0795,40.5512,-3.62653,-1.11538
0,250,10.9483,40.9761,-3.50867,-1.33499
0,250,11.6158,40.7165,-3.32161,-0.996336
0,250,13.7601,40.9081,-3.40179,-1.06174
0,250,13.0308,40.6132,-3.41083,-1.21179
0,250,15.4558,41.2938,-3.73473,-0.792786
0,250,19.0237,42.3715,-3.76588,-0.199268
0,250,12.1179,40.7866,-3.35495,-1.00213
0,250,14.5212,40.5408,-3.60208,-1.02844
0,250,19.4736,42.2734,-3.84544,-0.131072
0,250,15.1458,40.8615,-3.75336,-0.942233
0,250,19.0296,41.8521,-3.8638,-0.242967
0,250,19.6076,43.4888,-3.62677,0.196897
0,250,20.5509,43.6697,-3.90812,-0.375881
0,250,19.7282,44.0575,-3.72968,0.334648
0,250,18.9587,42.8848,-3.70953,-0.246839
0,250,20.1052,44.484,-3.63385,-0.158741
0,250,20.0634,43.7318,-3.80689,-0.0266289
0,250,20.2824,44.9608,-3.61769,0.0158556
0,250,20.4358,44.1409,-3.60398,-0.276104
0,250,21.3284,47.0304,-3.29239,0.165432
0,250,20.4801,45.5266,-3.54208,-0.14185
0,250,19.6731,44.62,-3.53043,0.48677
0,250,20.7188,46.2811,-3.1542,-0.324655
0,250,19.9543,45.2633,-3.44436,0.124974
0,250,20.2425,46.2693,-3.27525,0.17929
0,250,20.4953,46.7631,-3.13334,-0.109259
0,250,20.0008,48.2521,-3.27818,-0.279974
0,250,19.8254,49.8654,-2.74098,-0.0916444
0,250,19.8345,50.3862,-2.82746,-0.229916
0,250,20.2613,49.8116,-2.72902,0.026422
0,250,19.3817,50.5278,-2.87457,-0.143948
0,250,19.3351,51.5433,-1.79319,-0.0874671
0,250,18.8313,51.5722,-1.57814,-0.0337931
0,250,16.8367,51.9839,-1.96362,-0.266776
0,250,15.9627,51.7708,-1.64727,-0.438503
0,250,4.65458,47.9186,-0.68991,-1.07283
0,250,7.61632,50.2937,-1.0601,-0.134162
0,250,4.74427,46.6324,-0.679111,-1.5881
0,250,5.92492,46.7088,-1.10317,-0.95162
0,250,5.06879,47.0045,-0.85683,-1.14534
0,250,3.52633,47.1099,-0.693388,-0.9558
0,250,2.81776,45.8732,-0.041304,-1.47464
0,250,3.13065,47.5397,-0.68731,-1.07186
0,250,3.26673,48.2548,0.0528991,-0.469284
0,250,4.37236,46.9955,-0.3891,-1.43491
0,250,2.82159,42.549,-0.274452,-2.55965
0,250,7.27982,44.3368,-1.90206,-1.61713
0,250,2.8808,49.2174,-0.0733059,-0.398421
0,250,2.71989,43.2376,-0.691739,-2.30772
0,250,4.31372,46.3788,-0.715695,-1.44981
0,250,9.26432,40.2344,-3.96226,-1.35418
0,250,8.79772,41.578,-3.31039,-1.59712
0,250,18.5508,41.7295,-3.8379,-0.584014
0,250,16.7016,41.0606,-3.83996,-0.642406
0,250,15.8123,40.9727,-3.93246,-0.649914
0,250,17.9411,41.3586,-3.76239,-0.705278
0,250,12.59,40.6241,-3.38554,-1.14594
0,250,21.0156,42.2715,-3.77565,-0.120262
0,250,19.6991,41.8634,-3.91362,-0.204548
0,250,20.2611,42.6037,-3.84629,-0.172356
0,250,21.4286,41.9194,-3.6959,-0.0386771
0,250,21.0085,43.8364,-3.8202,-0.192201
0,250,20.1085,42.1157,-3.93155,-0.157828
0,250,20.4029,43.157,-3.82047,-0.354524
0,250,20.8951,43.2356,-3.75175,-0.195967
0,250,19.777,42.6491,-3.91701,-0.118995
0,250,20.7194,42.6929,-3.74201,-0.218019
0,250,21.1762,45.4338,-3.29812,-0.176089
0,250,21.5291,43.8927,-3.8127,-0.0812421
0,250,20.6662,44.578,-3.84194,0.00668769
0,250,21.0743,44.2942,-3.93104,-0.187811
0,250,20.7648,45.1253,-3.4061,-0.0769072
0,250,20.857,45.8202,-3.3782,-0.368253
0,250,20.986,48.062,-3.00511,0.0377484
0,250,20.8706,48.5745,-3.06525,-0.135671
0,250,20.6437,47.6631,-3.22399,0.172835
0,250,20.1256,45.818,-3.35044,0.286426
0,250,20.3871,48.7208,-3.15355,-0.24018
0,250,20.7147,49.6108,-2.92015,-0.198433
0,250,20.1289,47.7573,-3.21917,-0.208832
0,250,19.3107,51.0387,-2.51906,-0.212587
0,250,19.3702,49.9962,-2.78732,-0.27511
0,250,17.4163,51.5135,-1.63256,-0.0684633
0,250,17.2784,51.9908,-1.93193,0.120972
0,250,16.9517,51.3872,-1.46455,-0.0328076
0,250,9.30335,41.8585,-3.29846,-1.28152
0,250,4.05437,40.2001,-1.84152,-4.62908
0,250,4.04663,48.7612,-0.358299,-0.768897
0,250,2.89488,47.9847,0.305402,-0.577001
0,250,4.18885,49.4998,0.0587573,-0.477904
0,250,3.18133,46.2082,-0.331468,-1.37029
0,250,3.29178,48.8831,0.0292344,-0.207675
0,250,4.97087,48.8928,-0.806075,-0.815926
0,250,2.79153,46.5285,-0.202371,-1.31773
0,250,4.41903,49.0936,-0.369342,-0.897715
0,250,8.46678,50.3948,-1.12414,-0.0198694
0,250,2.47086,49.6898,-0.0616378,-0.0717512
0,250,2.84182,44.5307,0.134236,-1.95329
0,250,2.43588,46.2029,-0.0159732,-0.466732
0,250,5.58436,46.174,-0.884133,-1.18164
0,250,3.1693,46.8526,-0.370069,-1.12166
0,250,11.6493,40.1339,-3.53368,-1.04624
0,250,5.78601,45.693,-1.05304,-1.2119
0,250,18.3464,41.1715,-3.79434,-0.64763
0,250,6.45081,45.0936,-1.41556,-1.55253
0,250,16.9204,40.6857,-4.04997,-0.782137
0,250,21.6952,43.0556,-3.68254,-0.0433422
0,250,22.4021,43.7223,-3.73017,-0.0641395
0,250,22.7098,42.9101,-3.75858,-0.00705925
0,250,21.208,42.8284,-3.70442,-0.0769851
0,250,22.3016,43.1662,-3.7564,-0.00201808
0,250,21.9301,43.4973,-3.75922,0.034967
0,250,21.9929,44.0487,-3.69777,-0.0454743
0,250,21.3471,43.4174,-3.75752,-0.0926225
0,250,22.017,44.5944,-3.77421,-0.103255
0,250,21.559,44.4244,-3.82875,-0.1941
0,250,22.675,46.0563,-3.59413,-0.101542
0,250,22.1416,45.6509,-3.50175,0.0294209
0,250,21.5991,44.988,-3.5465,-0.174983
0,250,21.1631,44.828,-3.59844,-0.229648
0,250,22.2456,46.1744,-3.65898,-0.0710359
0,250,21.6049,45.5255,-3.36616,-0.0680351
0,250,21.5614,46.5015,-3.49671,0.171588
0,250,21.2774,46.0563,-3.48656,0.098293
0,250,21.5762,47.6684,-3.12721,0.159996
0,250,21.4352,48.1842,-3.02868,0.319207
0,250,21.1372,47.5411,-3.09387,0.202118
0,250,20.825,47.1216,-3.27434,0.239521
0,250,21.1666,49.7373,-3.04576,0.270529
0,250,20.2489,50.974,-2.55244,0.191581
0,250,20.3175,49.2512,-3.06532,-0.156151
0,250,19.7864,50.9315,-2.64055,-0.343299
0,250,20.2508,51.5403,-2.31947,0.375023
0,250,18.2355,51.9596,-1.81099,0.342537
0,250,17.7764,52.0218,-2.02624,-0.0472394
0,250,12.1507,46.7334,-2.70245,-0.712911
0,250,3.52762,47.7275,-0.46908,-1.08249
0,250,4.23958,48.2307,-0.730432,-1.21419
0,250,4.60447,49.8495,-0.0839483,-0.490055
0,250,4.97121,50.3001,-0.250958,-0.618053
0,250,4.14646,50.041,-0.0890825,-0.574345
0,250,10.6616,49.6279,-1.87347,-0.223609
0,250,8.05957,50.2575,-1.09376,-0.381509
0,250,2.44391,44.8748,0.0733371,-0.700875
0,250,2.8031,47.2114,-0.506123,-1.11988
0,250,3.53761,43.155,-0.897011,-2.91962
0,250,8.55785,41.8811,-3.25311,-1.86727
0,250,12.0527,40.2635,-3.5028,-0.99244
0,250,2.77313,45.2091,-0.0517002,-1.53533
0,250,3.95858,46.752,-0.47875,-0.984877
0,250,3.5607,46.4801,-0.339276,-0.954315
0,250,5.58294,44.9652,-1.42893,-1.83916
0,250,9.86268,40.7054,-3.61155,-1.29006
0,250,10.6599,40.2481,-3.72457,-1.24816
0,250,21.5154,42.4562,-3.73462,-0.0649519
0,250,22.0136,42.7064,-3.69595,-0.0321611
0,250,22.7864,42.239,-3.57656,0.0551282
0,250,23.2288,43.221,-3.74238,-0.0518491
0,250,23.7132,43.5287,-3.76001,0.0262132
0,250,22.7994,43.4423,-3.70337,0.0310264
0,250,23.287,43.7692,-3.77359,-0.013975
0,250,22.4484,44.297,-3.71842,-0.00304238
0,250,22.8619,44.0025,-3.72804,0.0218155
0,250,22.0584,45.1391,-3.53525,-0.0284612
0,250,23.3391,44.3054,-3.64736,-0.035746
0,250,22.4756,44.8597,-3.70277,-0.166795
0,250,22.9697,46.5605,-3.41911,-0.281135
0,250,22.4817,46.6323,-3.42139,-0.240958
0,250,22.8117,47.0766,-3.27735,-0.234508
0,250,22.0674,47.6148,-3.10508,-0.178056
0,250,22.5848,49.4977,-3.22058,0.254793
0,250,22.4072,48.0434,-3.22843,0.0253081
0,250,22.269,47.1225,-3.14242,-0.179879
0,250,21.9787,46.6643,-3.46872,0.0543214
0,250,21.7627,46.0101,-3.68995,0.0445742
0,250,21.0706,46.6057,-3.5194,0.192516
0,250,21.7673,47.1593,-3.25326,0.0605736
0,250,21.2579,49.2222,-3.20999,0.277673
0,250,21.6149,49.7544,-2.93995,0.125359
0,250,20.7997,49.0906,-3.17726,-0.213663
0,250,20.4901,48.1884,-3.21817,-0.0491726
0,250,20.6337,50.1607,-2.98619,-0.0280539
0,250,19.2246,52.0424,-1.70047,0.0499614
0,250,20.6468,51.3584,-2.5584,-0.0687734
0,250,18.6836,52.0109,-1.81909,-0.167211
0,250,12.3752,45.2565,-2.6362,-1.10127
0,250,14.2832,45.6755,-3.15791,-0.623876
0,250,4.57424,48.579,-0.83006,-1.23334
0,250,15.7659,47.7235,-2.95655,-0.511372
0,250,14.7224,46.6923,-3.02037,-0.619285
0,250,2.46712,48.5756,0.0267984,-0.163442
0,250,6.33593,50.1647,-0.868591,-0.70438
0,250,2.43026,45.5631,-0.0898097,-0.330936
0,250,3.16804,45.5186,-0.222527,-1.97879
0,250,4.72191,46.0792,-0.714762,-1.57876
0,250,5.1225,45.8345,-0.697735,-1.49586
0,250,9.8912,40.1935,-3.87313,-1.22015
0,250,14.9358,40.3973,-3.82964,-1.0648
0,250,19.3268,41.5083,-3.8478,-0.209015
0,250,20.9472,41.7245,-3.79594,-0.00651757
0,250,13.4776,40.5223,-3.42736,-1.14918
0,250,21.896,42.1391,-3.65226,0.0179725
0,250,20.5579,42.0848,-3.90836,-0.116759
0,250,22.3983,42.4803,-3.64862,-0.0386637
0,250,22.7115,41.7052,-3.52195,0.159382
0,250,23.1157,42.6844,-3.66753,0.0723192
0,250,23.6469,42.9895,-3.57648,0.0924643
0,250,24.2282,43.8736,-3.74027,0.0532529
0,250,24.6855,44.773,-3.70894,0.11425
0,250,23.7779,44.059,-3.70408,0.000226913
0,250,24.2324,44.4153,-3.67102,0.0484321
0,250,23.784,44.6086,-3.63819,0.030229
0,250,24.5809,45.3468,-3.59043,0.0896492
0,250,24.2364,44.9599,-3.69022,0.064571
0,250,24.1025,45.5689,-3.51886,0.0430809
0,250,23.8036,45.1784,-3.63306,0.0656244
0,250,23.6247,45.8436,-3.47543,-0.1149
0,250,22.8956,44.555,-3.58685,-0.0451091
0,250,22.9289,45.107,-3.65016,-0.114713
0,250,22.5951,47.5451,-3.22849,-0.0743212
0,250,23.356,44.8573,-3.59542,0.00296734
0,250,22.7265,51.0197,-2.82224,-0.0797029
0,250,22.916,47.9213,-3.42633,0.260144
0,250,22.6812,48.9906,-3.23097,0.169458
0,250,22.7605,48.4575,-3.31828,0.267811
0,250,22.4637,50.0063,-3.0342,0.383999
0,250,22.2773,48.5631,-3.31487,0.128258
0,250,21.7928,48.6629,-3.11689,0.133677
0,250,22.0882,49.6058,-3.05477,0.194604
0,250,21.3301,48.7045,-3.11221,0.312957
0,250,21.7196,49.2065,-3.21036,0.213343
0,250,21.1054,51.2777,-2.53251,-0.184346
0,250,21.08,50.2592,-2.97246,0.17358
0,250,20.2843,50.4497,-2.85728,0.177139
0,250,19.7139,51.9996,-1.83559,0.0655969
0,250,13.0187,43.8884,-3.04174,-1.12294
0,250,10.8841,51.5225,-0.98794,0.00847112
0,250,12.1446,45.7253,-2.55171,-0.973029
0,250,13.7189,45.7314,-3.03154,-0.612268
0,250,29.3399,39.6857,-3.12813,0.89579
0,250,36.4903,41.157,-2.04321,1.95307
0,250,3.30972,50.0287,-0.130828,-0.278225
0,250,4.24448,45.7628,-0.695374,-1.32624
0,250,6.08255,44.5989,-1.73853,-1.57089
0,250,11.3162,40.0049,-3.5264,-1.03615
0,250,13.8754,39.9982,-3.53571,-1.15766
0,250,17.3965,41.1321,-3.88239,-0.665967
0,250,21.3611,41.3894,-3.80377,-0.00584
0,250,21.8446,41.554,-3.76435,-0.00621543
0,250,22.2545,41.3237,-3.68434,0.103836
0,250,22.2835,41.8934,-3.66354,-0.046332
0,250,23.3941,41.6845,-3.72022,-0.00670346
0,250,22.5025,40.9635,-3.76695,0.13675
0,250,23.2227,42.096,-3.46497,0.155552
0,250,23.5753,42.5027,-3.54417,0.190069
0,250,24.1652,43.3601,-3.69348,0.0977829
0,250,24.6725,44.2081,-3.66797,0.138927
0,250,25.566,44.4397,-3.67251,0.211504
0,250,26.0236,44.2921,-3.67341,0.261913
0,250,25.0198,45.7232,-3.61367,0.131116
0,250,25.0491,45.1924,-3.61198,0.138431
0,250,24.5414,45.8622,-3.65003,0.105849
0,250,24.0427,46.0844,-3.73195,0.13681
0,250,24.544,46.3789,-3.68511,0.0162163
0,250,25.0026,46.2599,-3.63168,0.068339
0,250,23.626,46.4425,-3.72377,0.198529
0,250,24.466,47.8387,-3.4244,-0.172714
0,250,23.3859,45.4202,-3.68447,-0.0482171
0,250,22.9785,45.6909,-3.59875,-0.0537834
0,250,22.5452,45.4368,-3.56062,-0.141682
0,250,23.3347,46.8971,-3.62297,0.258011
0,250,23.1665,47.4087,-3.54338,0.334698
0,250,23.0779,49.4505,-3.23672,0.177588
0,250,23.1515,48.9186,-3.2192,0.233304
0,250,22.962,49.9558,-3.16695,0.157898
0,250,22.7952,50.4656,-2.66754,0.218843
0,250,22.3403,50.5698,-2.82325,0.432208
0,250,21.5681,51.0683,-2.42537,0.35295
0,250,22.1947,49.079,-3.1969,0.186547
0,250,21.911,48.1335,-3.10341,-0.0958243
0,250,22.5668,51.5208,-1.81121,0.14619
0,250,22.0027,50.1532,-2.89218,0.326732
0,250,21.5766,51.5729,-2.1494,0.0459215
0,250,21.1465,50.7519,-2.53562,0.0587172
0,250,20.7022,50.7935,-2.70435,-0.0597478
0,250,13.418,48.6184,-2.48584,-0.319774
0,250,14.9546,46.1556,-3.17233,-0.399809
0,250,3.75682,49.1373,-0.0644355,-0.245185
0,250,2.47507,48.0287,0.238815,0.0197372
0,250,7.84863,50.82,-0.999225,-0.491489
0,250,5.45367,50.2276,-0.384275,-0.664801
0,250,3.15304,43.4423,-0.382418,-2.62271
0,250,3.51454,45.7929,-0.604109,-1.31557
0,250,13.1131,40.0413,-3.51656,-1.21389
0,250,15.5334,40.5464,-3.88841,-0.976155
0,250,21.6959,41.0104,-3.83184,-0.022487
0,250,20.4788,41.5182,-3.81984,-0.0731778
0,250,22.9476,41.3614,-3.69901,0.00992436
0,250,22.027,40.7535,-3.7918,0.079657
0,250,24.3156,41.9278,-3.6014,0.0549206
0,250,23.8399,42.1358,-3.64617,-0.0200386
0,250,24.636,43.1642,-3.63143,0.147977
0,250,24.1291,42.8611,-3.48497,0.087807
0,250,24.6898,43.6594,-3.69221,0.143476
0,250,25.1239,44.0439,-3.68335,0.160355
0,250,25.1128,44.5955,-3.68129,0.177755
0,250,26.5181,44.1729,-3.68071,0.261986
0,250,27.019,44.053,-3.65472,0.280128
0,250,27.5337,43.9589,-3.59473,0.34212
0,250,25.9517,44.8466,-3.614,0.245926
0,250,26.4259,44.6881,-3.59334,0.276448
0,250,25.4879,45.0042,-3.61047,0.204321
0,250,26.4363,45.1783,-3.47358,0.223103
0,250,25.464,46.0861,-3.58711,0.12914
0,250,25.9417,45.3654,-3.50468,0.21732
0,250,25.488,45.5535,-3.5873,0.151313
0,250,25.4092,46.6265,-3.56006,0.0942306
0,250,24.9084,46.8067,-3.59848,-0.0104396
0,250,24.197,48.3973,-3.3842,-0.013443
0,250,24.4793,47.0069,-3.63608,-0.0992133
0,250,24.128,46.607,-3.75482,0.000468706
0,250,23.2295,46.163,-3.42985,-0.175107
0,250,23.6781,47.4338,-3.56771,0.192564
0,250,23.4076,47.8734,-3.32485,0.295034
0,250,23.4615,49.8588,-3.16135,0.159556
0,250,23.294,50.373,-2.87067,0.214833
0,250,23.7371,50.4466,-2.80473,0.0124656
0,250,22.2094,51.0592,-2.85305,0.396584
0,250,23.5541,49.3369,-3.1962,0.237919
0,250,23.604,50.9795,-2.37222,0.000731129
0,250,23.4876,51.4898,-1.96986,0.0483703
0,250,21.8265,50.7055,-2.75814,0.12529
0,250,21.0264,51.7967,-1.88799,-0.308516
0,250,21.5409,50.3046,-2.89611,0.0553491
0,250,20.1914,52.0194,-1.65655,0.245435
0,250,8.70667,49.9087,-1.09345,-0.0234236
0,250,9.57507,50.4223,-1.71737,0.0780185
0,250,2.46443,43.6546,0.401396,-0.943606
0,250,12.6468,45.7386,-2.70818,-0.962257
0,250,11.412,50.1758,-1.73039,-0.686908
0,250,4.25733,45.1188,-0.362292,-1.65073
0,250,9.06761,51.3932,-0.830077,-0.113491
0,250,8.72206,40.5526,-3.84353,-1.86452
0,250,16.4665,40.3535,-4.17248,-0.588501
0,250,18.8149,41.2814,-3.72289,-0.381354
0,250,22.2828,40.3178,-3.88074,0.016498
0,250,23.8692,41.619,-3.65568,0.0297246
0,250,24.7536,42.2597,-3.61412,0.0719126
0,250,24.7845,42.7395,-3.66155,0.0525412
0,250,25.7028,42.8491,-3.63335,0.232092
0,250,24.2569,42.4617,-3.70954,-4.53732e-05
0,250,25.2178,43.0179,-3.70726,0.107304
0,250,25.1528,43.5076,-3.68296,0.159322
0,250,25.5862,43.8986,-3.6822,0.215933
0,250,26.5736,43.6683,-3.64016,0.278067
0,250,27.6331,43.4838,-3.54553,0.403804
0,250,27.272,42.6297,-3.45921,0.450362
0,250,28.0611,43.8861,-3.55093,0.407393
0,250,27.4341,44.4614,-3.62103,0.316891
0,250,26.9313,44.5654,-3.62996,0.272601
0,250,28.5961,43.8236,-3.4947,0.42247
0,250,26.9625,45.0225,-3.37905,0.236885
0,250,27.54,44.901,-3.33149,0.260324
0,250,26.3723,45.6943,-3.44253,0.172087
0,250,26.8649,45.5138,-3.42194,0.191254
0,250,25.9309,45.9164,-3.5637,0.127904
0,250,25.8125,46.9535,-3.55316,0.0906869
0,250,25.8987,46.4437,-3.54206,0.116089
0,250,26.8189,46.035,-3.39725,0.208777
0,250,24.8026,47.4036,-3.49649,-0.135627
0,250,25.2754,47.137,-3.56023,0.0525519
0,250,23.9781,47.8681,-3.36295,0.0290606
0,250,25.1109,48.554,-3.52059,-0.016058
0,250,23.8144,46.9711,-3.64668,0.157379
0,250,24.0848,48.9156,-3.25622,0.119652
0,250,23.6313,48.818,-3.22158,0.224293
0,250,25.3291,47.6157,-3.40408,0.0448089
0,250,24.2182,47.3869,-3.56758,-0.0877908
0,250,24.5651,48.8658,-3.30578,-0.0479074
0,250,23.1573,50.9016,-2.49287,0.257408
0,250,23.2273,48.3919,-3.31601,0.241604
0,250,23.0378,51.4953,-2.09127,-0.307568
0,250,21.4403,52.0533,-1.94894,0.128637
0,250,22.0369,51.4861,-1.92778,0.592489
0,250,19.7874,51.4487,-2.11857,-0.255869
0,250,3.33555,50.6603,0.049247,-0.395798
0,250,2.92136,50.3858,-0.0617185,-0.285631
0,250,12.4304,46.2311,-2.82653,-0.889532
0,250,3.58323,41.8993,-0.835431,-3.81266
0,250,2.84158,43.9061,-0.067291,-1.8152
0,250,3.1912,42.8392,-0.887225,-2.76412
0,250,5.38952,45.452,-0.984914,-1.67721
0,250,9.59414,40.0755,-3.89967,-1.19534
0,250,14.6436,39.7732,-3.75746,-1.34217
0,250,21.1872,40.8674,-3.86736,-0.0145282
0,250,25.1659,42.0204,-3.5325,0.123309
0,250,25.3067,42.4997,-3.62308,0.16311
0,250,26.2286,42.7645,-3.60379,0.221375
0,250,26.8154,42.2219,-3.42898,0.41086
0,250,26.8282,41.2963,-3.5814,0.442407
0,250,26.1329,43.2565,-3.65468,0.258234
0,250,25.6562,43.387,-3.68706,0.176828
0,250,26.0806,43.7766,-3.6837,0.224829
0,250,27.0998,43.5675,-3.59673,0.310752
0,250,27.3726,42.1824,-3.40654,0.463272
0,250,28.2926,42.9788,-3.44972,0.449653
0,250,28.1876,43.4224,-3.48396,0.432248
0,250,27.9451,44.3742,-3.61781,0.364505
0,250,29.346,43.3514,-3.38474,0.49823
0,250,29.9137,43.3387,-3.33417,0.483387
0,250,30.239,43.8892,-3.32614,0.474904
0,250,29.1428,43.7717,-3.41708,0.446056
0,250,28.9992,44.2373,-3.49246,0.361072
0,250,28.1206,44.8015,-3.29828,0.304602
0,250,28.469,44.3052,-3.55983,0.363156
0,250,27.3814,45.3555,-3.391,0.224191
0,250,27.9376,45.2521,-3.35335,0.284762
0,250,27.8176,45.7304,-3.40054,0.264333
0,250,28.4985,45.1737,-3.31463,0.277904
0,250,27.3099,45.8599,-3.40487,0.240233
0,250,27.2311,46.3797,-3.36389,0.24213
0,250,25.5061,48.927,-3.3222,-0.0224882
0,250,25.4134,48.208,-3.53516,0.0508583
0,250,24.6623,48.3502,-3.48465,-0.120228
0,250,26.8154,46.6118,-3.5184,0.0936155
0,250,26.3832,46.25,-3.52273,0.0862059
0,250,25.4398,49.4553,-3.1108,-0.0626774
0,250,25.0157,49.0566,-3.28939,-0.00653069
0,250,25.8832,50.1124,-2.89438,-0.00408312
0,250,24.9551,47.9186,-3.45797,-0.108994
0,250,23.727,48.3073,-3.34828,0.168421
0,250,24.0619,50.9004,-2.43283,-0.185166
0,250,22.4342,51.9892,-1.6123,0.167817
0,250,23.9561,51.4596,-2.07896,-0.0475439
0,250,20.6981,52.0322,-1.53651,-0.0577597
0,250,13.997,46.159,-3.09184,-0.515318
0,250,4.02996,50.6434,-0.0337465,-0.459968
0,250,3.90192,46.1104,-0.736441,-1.29646
0,250,9.21424,40.6584,-3.7898,-1.19007
0,250,7.03737,43.7567,-1.77815,-1.67886
0,250,17.7607,40.8454,-3.85951,-0.618089
0,250,16.1513,39.8497,-4.2991,-0.808276
0,250,22.9879,40.8499,-3.65707,0.0385452
0,250,22.1278,39.8242,-3.95725,0.00424172
0,250,25.6121,41.9161,-3.50456,0.132099
0,250,25.8392,42.3597,-3.64275,0.210896
0,250,26.5919,40.8163,-3.34661,0.256658
0,250,26.0141,41.6789,-3.43858,0.261078
0,250,25.0585,41.3993,-3.43144,0.123327
0,250,26.7228,42.6837,-3.53221,0.32639
0,250,26.6489,43.1825,-3.65537,0.28208
0,250,27.1693,43.0869,-3.56756,0.380658
0,250,27.7193,43.0277,-3.48436,0.440362
0,250,27.8424,42.5861,-3.40483,0.469786
0,250,28.7534,43.3645,-3.46667,0.459627
0,250,28.8894,42.9418,-3.40956,0.519233
0,250,29.0175,42.5127,-3.2514,0.550002
0,250,30.4185,43.4056,-3.24712,0.561474
0,250,30.7601,44.3076,-3.07632,0.418583
0,250,30.5559,44.7174,-3.09557,0.428097
0,250,31.1696,44.7262,-3.10702,0.434596
0,250,30.1841,44.325,-3.09421,0.454999
0,250,29.8042,44.6158,-3.25616,0.282173
0,250,29.7304,43.7828,-3.31435,0.489335
0,250,29.551,44.1864,-3.38685,0.397545
0,250,28.6965,44.7255,-3.28111,0.291223
0,250,29.2587,44.6562,-3.28811,0.33696
0,250,29.4333,45.549,-3.25957,0.306837
0,250,29.3204,46.0178,-3.34669,0.249359
0,250,29.0715,45.1116,-3.30047,0.341659
0,250,27.6463,46.7453,-3.36884,0.318378
0,250,27.7303,46.2237,-3.37101,0.261145
0,250,27.2326,47.507,-3.57186,0.2637
0,250,28.353,45.6428,-3.36345,0.267875
0,250,26.7529,47.6661,-3.55065,0.197065
0,250,26.7949,47.1365,-3.48089,0.124012
0,250,26.206,48.2934,-3.38151,0.196498
0,250,27.2568,46.9773,-3.51962,0.120582
0,250,25.8018,48.5586,-3.41295,0.0283392
0,250,25.4908,51.0108,-2.35642,-0.0216109
0,250,24.9614,49.5707,-3.10472,0.0770633
0,250,24.4966,49.3801,-3.03788,0.0251846
0,250,24.5091,51.0001,-2.38063,0.0330774
0,250,23.9281,49.9352,-3.11923,-0.0225637
0,250,21.9655,52.0121,-1.9287,0.149693
0,250,3.2204,44.178,0.127622,-2.54262
0,250,3.86612,45.4265,-0.490327,-1.36927
0,250,5.99299,45.1657,-1.35461,-1.34679
0,250,12.7267,39.9654,-3.55182,-1.09186
0,250,3.56751,45.0705,-0.077217,-1.69335
0,250,20.0534,41.5125,-3.83435,-0.144452
0,250,12.4264,40.0486,-3.5546,-1.07319
0,250,24.7224,41.6719,-3.44469,0.163542
0,250,26.4854,41.7685,-3.44606,0.435917
0,250,23.453,41.1712,-3.58181,0.00803104
0,250,23.415,40.6121,-3.64122,0.139052
0,250,22.6855,39.2176,-3.80709,0.216279
0,250,27.069,40.7805,-3.38994,0.446346
0,250,25.8658,41.0781,-3.41697,0.133804
0,250,27.0215,41.7508,-3.37379,0.459643
0,250,26.2981,41.2376,-3.43206,0.369491
0,250,27.5624,41.733,-3.3568,0.476505
0,250,28.4304,42.5537,-3.34372,0.473834
0,250,29.4702,42.9221,-3.32758,0.554067
0,250,29.0807,42.0803,-3.30553,0.611346
0,250,30.0486,42.8933,-3.19213,0.575051
0,250,30.7609,43.8383,-3.19409,0.520718
0,250,31.284,43.7934,-3.07056,0.610178
0,250,31.2981,44.2462,-2.92427,0.543259
0,250,31.666,44.6765,-3.06472,0.679704
0,250,31.4477,45.2377,-3.00463,0.486272
0,250,30.9196,45.1203,-3.08483,0.470049
0,250,30.5056,45.3789,-3.12125,0.263175
0,250,29.9844,45.4776,-3.22085,0.249821
0,250,30.1695,44.9868,-3.26467,0.287184
0,250,29.6151,45.0887,-3.27504,0.305711
0,250,29.1682,46.5038,-3.35486,0.230441
0,250,28.7963,46.0344,-3.37989,0.295519
0,250,29.8682,45.9353,-3.24733,0.25444
0,250,28.2484,46.1124,-3.39831,0.272527
0,250,28.148,46.602,-3.38041,0.302853
0,250,28.8928,45.5705,-3.34737,0.29087
0,250,28.5528,47.0028,-3.32325,0.318518
0,250,28.0199,47.1083,-3.31847,0.315801
0,250,27.6146,47.9897,-3.46071,0.339354
0,250,26.2811,47.7726,-3.53232,0.137496
0,250,26.3327,46.7645,-3.52347,0.104376
0,250,25.8134,47.4264,-3.44098,0.0910981
0,250,26.4207,50.2284,-2.61394,-0.0130951
0,250,25.4087,49.9801,-2.98015,-0.0329337
0,250,26.0047,51.0635,-2.32142,0.0556557
0,250,24.0189,49.4373,-3.1035,0.0646901
0,250,24.9073,50.0603,-2.89159,0.0756494
0,250,24.9004,51.5009,-2.04989,0.146826
0,250,22.9305,52.0273,-1.65269,0.0670094
0,250,3.16344,44.8912,-0.152737,-2.13502
0,250,2.44861,47.4897,-0.197968,0.232766
0,250,2.45453,42.241,-0.54483,-1.61211
0,250,8.99111,41.0956,-3.64951,-1.59227
0,250,21.7625,40.2669,-3.84689,-0.00741543
0,250,5.84886,43.9381,-2.09232,-2.17373
0,250,26.2928,42.2293,-3.58014,0.328847
0,250,25.4983,41.394,-3.41459,0.127556
0,250,22.7283,40.4258,-3.86514,0.13864
0,250,18.174,40.6382,-3.91546,-0.692754
0,250,4.63806,45.532,-0.640101,-1.53164
0,250,14.2873,40.0136,-3.54626,-1.20832
0,250,23.0305,40.0881,-3.80996,0.265875
0,250,27.9425,42.1536,-3.36261,0.492859
0,250,28.5135,42.1211,-3.3387,0.5324
0,250,27.3386,41.2727,-3.58119,0.48438
0,250,27.48,40.3308,-3.47614,0.493045
0,250,28.1191,41.7036,-3.26767,0.533623
0,250,29.6038,42.4902,-3.15632,0.60428
0,250,30.9259,43.3359,-3.07367,0.703634
0,250,31.8317,43.7418,-2.97369,0.650243
0,250,31.8499,44.1974,-2.93077,0.667287
0,250,32.3463,42.9237,-2.68831,0.796947
0,250,32.3365,43.8363,-2.95185,0.85861
0,250,32.2109,44.5175,-3.00639,0.750037
0,250,32.429,44.934,-2.89145,0.726728
0,250,31.0489,45.6194,-2.8665,0.414146
0,250,31.9141,45.0924,-2.94217,0.667631
0,250,28.6644,46.508,-3.39532,0.280169
0,250,32.0308,45.5414,-2.72678,0.589993
0,250,31.5346,45.7444,-2.84678,0.473851
0,250,30.4538,45.8515,-3.21452,0.155698
0,250,29.025,47.0174,-3.31109,0.231276
0,250,31.5081,46.2064,-2.99639,0.423719
0,250,29.5142,46.9029,-3.29928,0.205573
0,250,29.4001,47.4274,-3.27487,0.249427
0,250,27.6798,47.4154,-3.64467,0.116314
0,250,28.4238,47.471,-3.33338,0.315655
0,250,27.7283,48.5032,-3.2391,0.336767
0,250,26.8139,48.6936,-3.17848,0.17678
0,250,27.1497,48.0449,-3.47238,0.200454
0,250,27.2659,48.5532,-3.25123,0.218622
0,250,26.3082,47.2613,-3.45979,0.090906
0,250,25.9742,49.1155,-3.25835,0.0101545
0,250,25.8898,49.6043,-3.12751,0.0577909
0,250,26.1956,50.6485,-2.61894,-0.0867105
0,250,26.5735,51.0853,-2.35181,-0.101711
0,250,24.9987,50.9962,-2.43575,0.00504605
0,250,24.2298,50.3706,-2.77814,-0.117802
0,250,23.4168,51.9987,-1.82105,-0.0839388
0,250,2.76876,41.8711,-1.06147,-2.95759
0,250,3.54294,43.743,-0.390585,-1.96043
0,250,4.51095,50.4025,-0.201535,-0.312748
0,250,15.8769,40.2189,-4.04896,-0.949991
0,250,7.83463,42.0143,-3.05896,-1.99878
0,250,22.5952,39.7878,-3.80309,0.151225
0,250,5.11935,43.2929,-1.68398,-3.05225
0,250,19.5374,40.6172,-3.95572,-0.260758
0,250,4.28018,44.3287,-0.688415,-2.20406
0,250,3.80488,41.6147,-1.39461,-5.06697
0,250,10.9334,40.0412,-3.58256,-1.06349
0,250,2.70625,41.1157,-0.742572,-5.16169
0,250,21.3397,40.4242,-3.84762,0.0141738
0,250,4.2387,43.1265,-1.07045,-3.46869
0,250,15.5294,39.6057,-4.21384,-1.37213
0,250,24.2583,41.3364,-3.49288,0.165204
0,250,28.6722,41.6646,-3.19243,0.497719
0,250,30.573,42.9108,-3.08127,0.732908
0,250,32.064,43.304,-2.69737,0.840444
0,250,32.3633,42.491,-2.7755,0.805157
0,250,32.5961,43.4062,-2.76049,0.855076
0,250,32.5993,44.2423,-2.89568,0.855097
0,250,32.908,43.8421,-2.93907,0.862217
0,250,33.9538,44.0385,-2.77693,0.878965
0,250,33.1607,44.3642,-2.77928,0.847799
0,250,33.689,44.4982,-2.71664,0.813224
0,250,32.8873,44.7182,-2.86194,0.777278
0,250,34.556,46.021,-2.46338,0.621805
0,250,32.548,45.3738,-2.7393,0.663328
0,250,34.0201,45.2136,-2.53655,0.775256
0,250,33.0702,45.1596,-2.67645,0.688308
0,250,32.0274,46.0321,-2.90549,0.578132
0,250,30.8988,46.0559,-3.23138,0.190398
0,250,33.5066,44.9001,-2.66621,0.770693
0,250,30.2694,46.287,-3.22717,0.2302
0,250,31.0619,46.4757,-3.05696,0.126257
0,250,29.7008,46.3995,-3.29932,0.198981
0,250,31.5293,46.7247,-3.11479,0.47137
0,250,28.6349,47.9726,-3.49622,0.174179
0,250,30.5702,46.6351,-3.1412,0.121085
0,250,28.9308,47.5647,-3.25986,0.24571
0,250,30.0358,46.7854,-3.30376,0.180748
0,250,26.4792,49.2883,-3.21352,0.119672
0,250,27.4126,49.0705,-3.17089,0.27393
0,250,27.1335,51.0438,-2.3917,-0.0056524
0,250,26.9488,51.5068,-2.17985,0.0412094
0,250,25.8949,51.5175,-2.10335,0.0813887
0,250,25.1898,50.5042,-2.68298,0.0626321
0,250,24.4346,49.883,-3.05253,-0.0165233
0,250,23.8918,52.0039,-1.81948,0.179625
0,250,2.48563,51.2129,-0.0535326,-0.176758
0,250,6.10372,49.6314,-0.554241,-0.929028
0,250,5.37567,43.7803,-1.80461,-2.50718
0,250,3.55772,40.6419,-1.63008,-6.18189
0,250,26.5067,39.1471,-3.23477,0.407363
0,250,4.30899,40.6097,-2.18718,-4.04568
0,250,20.8049,40.4399,-3.89484,-0.102484
0,250,23.7818,39.1624,-3.76758,0.480167
0,250,2.45867,49.1348,0.00692102,-0.234863
0,250,4.18945,41.9388,-1.92461,-3.82016
0,250,20.0922,40.9606,-3.8523,-0.144065
0,250,23.5607,40.2256,-3.60839,0.166202
0,250,17.6796,40.2561,-4.14518,-0.663474
0,250,27.8817,41.2777,-3.55685,0.570425
0,250,26.9647,40.2747,-3.36798,0.374805
0,250,29.6283,42.0477,-3.23883,0.699405
0,250,31.4533,43.329,-2.93912,0.687833
0,250,31.7974,42.5,-2.73418,0.906208
0,250,33.2237,43.4664,-2.79561,0.922707
0,250,33.4383,43.9707,-2.88206,0.846827
0,250,32.9405,43.0569,-2.71682,0.860005
0,250,33.7718,43.5507,-2.77991,0.916692
0,250,34.1227,44.7644,-2.56065,0.915288
0,250,34.3312,44.3001,-2.75149,1.0033
0,250,34.5029,45.557,-2.50995,0.664969
0,250,33.9493,46.7114,-2.75452,0.522214
0,250,34.468,46.4639,-2.66993,0.531295
0,250,33.9744,46.2142,-2.72694,0.557366
0,250,34.0139,45.744,-2.62275,0.699183
0,250,33.5065,45.93,-2.77807,0.686372
0,250,33.5696,45.415,-2.6506,0.738407
0,250,33.0507,45.6394,-2.74581,0.679581
0,250,32.5348,45.8496,-2.79165,0.730392
0,250,33.4808,46.4473,-2.83284,0.639882
0,250,32.5146,46.3464,-2.95218,0.662252
0,250,32.9828,46.6452,-2.90896,0.677505
0,250,30.9851,46.9917,-3.09587,0.106446
0,250,31.9985,46.5188,-3.0675,0.570358
0,250,29.2097,47.9819,-3.3664,0.243435
0,250,29.922,47.2788,-3.29102,0.228997
0,250,28.1615,48.2571,-3.38997,0.0509827
0,250,28.7408,48.4155,-3.26793,0.106495
0,250,28.0589,47.7787,-3.6977,0.0310152
0,250,26.3697,49.7613,-3.0094,0.121491
0,250,26.6869,48.2057,-3.45437,0.202505
0,250,26.8887,49.6973,-3.02862,0.214266
0,250,27.4638,51.4648,-2.42866,0.37066
0,250,26.4161,51.5194,-2.17701,-0.0467138
0,250,24.4039,51.4958,-2.15995,-0.109905
0,250,24.3614,52.0009,-1.89383,-0.0776965
0,250,8.60776,51.4676,-0.718262,-0.140881
0,250,2.91112,49.7952,-0.149852,-0.322843
0,250,4.8572,50.8551,-0.289467,-0.491652
0,250,12.2009,43.3786,-3.07318,-1.04718
0,250,7.71404,51.3867,-0.597763,-0.300765
0,250,5.8461,41.565,-2.61434,-2.84051
0,250,7.03925,40.3329,-4.15863,-2.69893
0,250,8.73412,50.9396,-0.883535,-0.176602
0,250,13.1655,44.839,-3.00673,-1.05306
0,250,2.48023,41.4737,0.956687,-2.03313
0,250,3.0738,41.4314,-0.981389,-3.11498
0,250,18.4876,39.2283,-3.85133,-0.290328
0,250,26.4985,40.2374,-3.33185,0.302528
0,250,28.4719,41.2511,-3.53004,0.623632
0,250,30.7138,42.457,-2.87999,0.907584
0,250,31.1223,42.8659,-2.88882,0.846681
0,250,31.2764,42.4327,-2.73437,0.948184
0,250,33.0941,42.2068,-2.64496,0.958443
0,250,32.9008,42.6229,-2.77107,0.861067
0,250,33.5534,43.0717,-2.71867,0.957377
0,250,34.3039,43.6205,-2.72278,1.06221
0,250,34.1021,43.1395,-2.61036,1.0349
0,250,35.0855,45.9945,-2.41259,0.848844
0,250,34.7029,43.961,-2.63154,1.11824
0,250,35.0124,46.4829,-2.673,0.842726
0,250,35.0211,46.9551,-2.70873,0.935961
0,250,35.5348,46.2662,-2.52554,0.897138
0,250,34.5201,47.8485,-2.64207,0.59673
0,250,34.9952,47.4738,-2.72075,0.974804
0,250,35.479,47.2489,-2.66143,0.793555
0,250,34.5067,46.9226,-2.6516,0.548888
0,250,33.9732,47.1723,-2.77194,0.448713
0,250,33.013,46.1397,-2.87303,0.703369
0,250,33.3986,47.8977,-2.71416,0.508338
0,250,33.4437,46.9516,-2.84768,0.576405
0,250,31.4329,47.2149,-3.13387,0.451492
0,250,31.9752,47.0384,-3.01329,0.457342
0,250,29.7529,47.7702,-3.29135,0.256405
0,250,30.4535,47.1317,-3.27193,0.0288351
0,250,30.8794,47.4756,-3.22686,0.00698509
0,250,29.6685,48.2433,-3.17902,0.210318
0,250,28.3099,50.6305,-2.53701,0.143285
0,250,26.9622,49.1816,-3.23616,0.174156
0,250,27.8386,49.57,-2.91311,0.42255
0,250,27.866,49.0167,-3.21086,0.370241
0,250,28.1714,51.9957,-1.18937,0.215389
0,250,26.3417,48.7903,-3.25822,0.17296
0,250,25.6677,50.5293,-2.63846,-0.0234473
0,250,24.6698,50.5101,-2.72972,-0.0116687
0,250,24.8484,52.0055,-1.91989,0.0938037
0,250,12.2467,50.5387,-1.65156,-0.104965
0,250,4.14137,42.4053,-1.69256,-4.177
0,250,3.15576,42.1216,-0.962451,-3.27504
0,250,9.20669,50.8405,-0.808556,0.00133576
0,250,14.4942,49.6567,-2.43681,-0.146493
0,250,12.8476,44.3842,-2.98502,-1.13383
0,250,5.0042,41.0128,-2.42312,-4.79789
0,250,2.72362,40.3183,0.107301,-4.17848
0,250,24.0736,40.0812,-3.49577,0.298057
0,250,27.6478,39.8994,-3.26478,0.458241
0,250,29.7585,41.5901,-3.11811,0.739983
0,250,28.0265,40.3825,-3.54604,0.607161
0,250,30.1646,42.4371,-3.01965,0.679218
0,250,31.2203,41.9829,-2.97366,1.03957
0,250,30.2992,41.0334,-3.13452,0.907249
0,250,32.5359,42.0694,-2.81505,0.821454
0,250,33.6388,42.1788,-2.52167,1.13425
0,250,33.9432,41.572,-2.33875,1.44321
0,250,33.4785,42.6473,-2.76009,0.953357
0,250,34.1206,42.1021,-2.43345,1.49782
0,250,34.9998,43.0343,-2.39617,1.38005
0,250,34.5774,45.0986,-2.32797,0.714214
0,250,35.6269,45.7769,-2.30872,0.945505
0,250,35.5305,45.327,-2.35964,1.02865
0,250,36.0681,46.0605,-2.38132,0.919596
0,250,35.5224,46.7454,-2.74516,0.831896
0,250,36.5883,45.8587,-2.18715,0.958098
0,250,37.1508,45.7067,-1.97515,1.04408
0,250,35.9964,47.0139,-2.54022,0.633398
0,250,37.1022,46.1618,-2.30375,0.971392
0,250,35.4171,47.744,-2.20913,0.491788
0,250,32.4343,47.3475,-2.85827,0.563732
0,250,34.4936,47.3875,-2.79678,0.51583
0,250,33.9553,47.6459,-2.6876,0.544299
0,250,33.4576,47.4273,-2.66848,0.556409
0,250,32.928,47.14,-2.84975,0.680127
0,250,32.4649,46.8368,-2.93424,0.6385
0,250,32.3663,47.8249,-2.84082,0.472668
0,250,33.9896,48.0816,-2.54712,0.53568
0,250,30.3281,47.6126,-3.21972,0.0663478
0,250,28.7662,49.4644,-2.95847,-0.106151
0,250,32.9335,47.6187,-2.75234,0.617956
0,250,28.289,48.7257,-3.30971,0.027321
0,250,28.7372,48.9474,-3.17589,-0.00915033
0,250,28.7883,51.0956,-2.29171,-0.105114
0,250,26.9544,50.1558,-2.43539,0.100615
0,250,25.7949,47.939,-3.47607,0.14353
0,250,26.774,51.9872,-1.85338,-0.0660949
0,250,27.9849,51.4921,-2.60323,0.308748
0,250,25.3242,51.9972,-1.86777,0.0441857
0,250,2.47581,50.2157,-0.0691627,-0.0790821
0,250,9.24165,50.0231,-1.40854,-0.49086
0,250,25.7878,39.3163,-3.2309,0.112456
0,250,7.11588,51.9735,-0.470272,-0.246614
0,250,2.88509,48.6156,0.142615,-0.386812
0,250,12.4994,48.773,-2.1568,-0.578483
0,250,21.5602,39.2811,-3.9096,-0.0644618
0,250,20.5454,39.8377,-3.84229,-0.189962
0,250,23.8706,40.9881,-3.48324,0.161338
0,250,2.97832,50.9687,0.172656,-0.164323
0,250,30.7205,41.9876,-3.03572,0.995955
0,250,30.2792,41.507,-3.10525,0.830747
0,250,31.7023,42.9281,-2.71346,0.886891
0,250,29.2102,41.6088,-3.15071,0.629333
0,250,30.1907,41.9903,-3.10507,0.780563
0,250,19.063,40.3935,-3.85849,-0.466071
0,250,31.1875,41.3514,-3.00528,1.16664
0,250,34.4796,41.767,-2.37,1.52677
0,250,34.498,42.8917,-2.31357,1.32095
0,250,34.7362,43.4354,-2.62658,1.28133
0,250,35.0396,45.5415,-2.44473,0.853509
0,250,35.9979,45.1291,-2.21156,1.20145
0,250,36.1549,45.5632,-2.09503,1.03493
0,250,37.2617,45.2383,-1.78021,1.04513
0,250,36.0509,46.5342,-2.49416,0.879892
0,250,36.5852,46.3402,-2.39288,0.894636
0,250,38.2365,45.7625,-1.91927,0.998392
0,250,38.7332,46.0628,-2.00233,0.945758
0,250,37.6215,46.8968,-2.08292,0.818688
0,250,38.1821,46.2145,-2.12368,0.994764
0,250,35.9861,47.4912,-2.07027,0.407663
0,250,37.6828,45.9583,-2.05193,1.03324
0,250,34.0013,48.5673,-2.57744,0.548813
0,250,34.9796,48.0487,-2.53197,0.595963
0,250,34.5032,48.339,-2.55877,0.63347
0,250,33.4949,48.3307,-2.51679,0.46275
0,250,32.8223,48.0812,-2.83169,0.571297
0,250,32.3336,48.3242,-2.74813,0.449456
0,250,31.3695,47.6987,-3.173,0.389345
0,250,31.8988,47.5165,-2.98989,0.342346
0,250,30.1462,48.5373,-3.13371,-0.0281521
0,250,30.2218,48.0569,-3.06105,0.0220398
0,250,29.2096,49.0157,-3.04997,0.134382
0,250,31.3089,48.1666,-2.90251,0.40024
0,250,29.2156,48.4909,-3.1677,0.194215
0,250,27.2944,50.5746,-2.41271,0.14681
0,250,29.1258,51.4702,-2.30519,0.115079
0,250,28.6453,51.982,-1.15784,-0.260074
0,250,25.3789,51.4865,-2.20113,-0.104411
0,250,25.8016,51.9952,-1.90685,0.0300528
0,250,10.0899,50.4302,-1.7771,0.0763063
0,250,6.1568,50.758,-0.746572,-0.641787
0,250,12.7384,49.8143,-2.00214,0.0810691
0,250,8.95225,50.4066,-1.09373,-0.00806265
0,250,3.96482,44.7225,-0.218414,-1.60024
0,250,12.6607,50.4006,-1.78984,0.0326445
0,250,7.70247,40.8356,-3.65587,-2.31738
0,250,6.56059,50.8183,-1.01953,-0.100804
0,250,27.5794,40.8135,-3.34448,0.529124
0,250,7.26671,42.8724,-2.54895,-1.95029
0,250,28.8767,40.0518,-3.23462,0.792502
0,250,31.5773,41.7033,-2.92407,1.02221
0,250,3.86736,42.7594,-1.33784,-3.27621
0,250,28.1209,40.8426,-3.28944,0.599379
0,250,31.9211,42.081,-2.85666,0.852829
0,250,34.0139,42.6302,-2.61496,1.30226
0,250,35.0525,42.5623,-2.26395,1.38564
0,250,34.7088,44.6279,-2.45733,0.738543
0,250,35.0843,44.3618,-2.27342,1.07328
0,250,35.0971,45.0343,-2.33866,0.898651
0,250,36.7109,45.3911,-1.80866,1.07305
0,250,37.8623,45.0591,-1.80098,1.05753
0,250,37.7129,45.5035,-1.84992,1.08227
0,250,38.3242,45.3059,-1.78608,0.985404
0,250,39.2822,45.8786,-1.99164,0.998669
0,250,39.705,46.1113,-1.85909,0.823486
0,250,38.623,46.5548,-2.09267,0.884623
0,250,38.0872,46.6937,-2.15368,0.920076
0,250,39.4161,47.5687,-1.53655,1.07344
0,250,38.5839,47.7229,-2.0466,0.368953
0,250,38.3572,47.0745,-1.47015,0.671031
0,250,37.4773,47.7677,-2.26897,0.74244
0,250,37.6025,46.4066,-2.29097,0.933655
0,250,36.5355,46.8045,-2.36337,0.882258
0,250,37.5861,47.3158,-1.95969,0.796951
0,250,36.4998,47.2786,-2.09534,0.780425
0,250,37.0893,46.6383,-2.40188,0.955411
0,250,34.5267,48.8296,-2.46957,0.664839
0,250,33.0227,48.4959,-2.46937,0.44707
0,250,30.2557,49.5041,-2.60907,0.375255
0,250,34.2951,49.5063,-2.20611,0.168518
0,250,29.3756,49.9929,-2.6922,0.278262
0,250,31.8461,48.0049,-2.96554,0.193828
0,250,29.6846,48.7741,-3.09211,0.190755
0,250,28.9366,50.6615,-2.83179,-0.329502
0,250,28.331,49.8105,-2.70728,-0.0528091
0,250,27.3873,49.6149,-3.07221,0.114207
0,250,27.4781,50.097,-2.47719,0.107176
0,250,27.7055,51.9636,-1.49105,0.311375
0,250,26.2889,52.013,-1.8066,0.104416
0,250,7.27374,51.4208,-0.658399,-0.219389
0,250,3.83216,41.0877,-1.6313,-4.01783
0,250,5.4098,51.9465,-0.363784,-0.0922577
0,250,5.73128,50.7764,-0.630146,-0.263731
0,250,10.7765,48.357,-2.10673,-0.212823
0,250,28.2467,39.9738,-3.28662,0.703596
0,250,4.71412,41.2499,-2.03021,-3.68382
0,250,2.4382,44.2722,-0.108047,-0.407341
0,250,6.85192,51.3864,-0.661945,-0.279332
0,250,5.38763,41.1748,-2.47837,-3.40042
0,250,14.9064,39.7623,-3.74028,-1.39591
0,250,28.578,40.4127,-3.43676,0.721529
0,250,29.1032,41.187,-3.46394,0.665753
0,250,33.465,41.7292,-2.54285,1.22393
0,250,35.177,43.8253,-2.53206,1.31308
0,250,34.9384,42.0973,-2.34833,1.5065
0,250,35.9198,43.2749,-2.37753,1.38021
0,250,35.7426,43.769,-2.36857,1.27174
0,250,35.565,44.2401,-2.19462,1.22275
0,250,35.475,44.7543,-2.19152,1.12522
0,250,38.5182,44.8954,-1.62785,1.08042
0,250,40.0597,45.7733,-1.65053,1.01596
0,250,39.1395,46.3809,-1.91151,0.925048
0,250,39.9735,46.9911,-1.69635,0.732469
0,250,38.9148,46.9265,-1.59182,0.734398
0,250,38.8531,47.3861,-1.33354,0.783393
0,250,39.9357,47.41,-1.69199,0.833288
0,250,39.17,47.9135,-1.89046,0.829574
0,250,39.8643,47.9094,-1.44259,0.989898
0,250,38.663,48.1747,-2.05589,0.335826
0,250,39.5325,48.7826,-1.607,0.647922
0,250,38.7542,48.6284,-1.75625,0.438771
0,250,37.0156,48.5031,-1.83321,0.871421
0,250,36.9997,47.5462,-2.04371,0.876694
0,250,38.104,47.4176,-1.90857,0.450168
0,250,35.4041,48.2782,-2.53792,0.372995
0,250,37.0436,47.0867,-2.1396,0.826389
0,250,34.969,48.6147,-2.62362,0.62342
0,250,32.1372,48.9005,-2.58247,0.210775
0,250,35.9152,47.9311,-2.07799,0.309858
0,250,33.5568,48.8522,-2.6719,0.521887
0,250,33.1134,49.0067,-2.69,0.570194
0,250,30.8156,47.9377,-2.95437,0.0380316
0,250,28.2932,49.2868,-3.10538,-0.00881467
0,250,29.2847,49.4946,-2.85789,0.0608954
0,250,30.1632,51.5327,-1.43079,-0.242738
0,250,28.893,49.9438,-2.42851,-0.157044
0,250,27.9886,50.1018,-2.5841,0.233426
0,250,26.7588,50.6366,-2.60191,-0.0645217
0,250,27.2485,51.9998,-1.73222,0.387039
0,250,8.27488,50.9065,-0.92636,-0.195221
0,250,8.27801,49.7274,-0.986066,-0.158326
0,250,14.8382,48.6323,-2.77367,-0.319592
0,250,10.6473,48.8428,-1.81638,-0.0658833
0,250,7.19569,50.2439,-1.05473,-0.127324
0,250,4.38225,50.9397,-0.23641,-0.180776
0,250,2.43051,46.8525,-0.178335,-0.199979
0,250,3.99623,43.4893,-0.933436,-2.93837
0,250,3.21378,40.3014,-0.706948,-5.25741
0,250,23.6923,39.718,-3.61885,0.363944
0,250,28.7044,40.8353,-3.21744,0.563628
0,250,30.773,41.4962,-3.0565,1.05721
0,250,34.5213,42.3951,-2.43472,1.43751
0,250,32.5102,41.3929,-2.75306,1.02357
0,250,31.7621,41.2431,-2.9968,0.980934
0,250,35.3684,43.391,-2.44899,1.43268
0,250,36.1182,44.1874,-2.19059,1.22737
0,250,36.265,43.7062,-2.29175,1.27089
0,250,35.963,44.6513,-2.10789,1.22585
0,250,40.0368,45.3366,-1.67929,0.924266
0,250,36.4931,44.9812,-2.12396,1.24766
0,250,40.4102,46.0659,-1.54579,0.859658
0,250,38.7995,45.5924,-1.89704,0.969664
0,250,39.5181,46.6453,-1.7768,0.811036
0,250,40.611,47.1644,-1.62968,0.459659
0,250,40.4235,47.5769,-1.71405,0.549036
0,250,39.3951,47.0947,-1.52874,0.950104
0,250,39.2149,48.3676,-1.90702,0.720022
0,250,40.8787,48.3693,-1.24931,0.463354
0,250,40.0332,49.9973,-1.20896,0.521688
0,250,37.5382,48.6525,-1.6327,0.629856
0,250,39.522,49.873,-1.19618,0.359117
0,250,38.0337,47.8709,-2.09915,0.378064
0,250,36.9998,48.0587,-2.06532,1.11802
0,250,34.7239,49.2775,-1.96161,0.51443
0,250,36.5064,47.7604,-1.90911,0.774029
0,250,34.0564,49.0618,-2.55882,0.459348
0,250,32.5869,48.7428,-2.45283,0.456681
0,250,36.4498,48.2066,-2.17869,0.684595
0,250,31.8284,48.4668,-2.71126,0.211309
0,250,35.1701,49.1628,-1.98093,0.601616
0,250,29.7515,49.2475,-2.86403,0.327855
0,250,30.6661,48.3739,-3.01109,-0.0263009
0,250,29.7779,50.7192,-2.7133,0.422648
0,250,30.0031,51.9967,-1.29056,-0.433174
0,250,28.6006,50.2951,-2.71471,-0.230841
0,250,29.9018,50.2478,-2.76959,0.15821
0,250,29.3739,51.0384,-2.65011,0.473463
0,250,29.5498,51.9505,-1.14021,0.0103561
0,250,28.5359,51.5127,-2.59453,-0.0252075
0,250,19.1542,40.9421,-3.75424,-0.319464
0,250,10.1508,50.9272,-0.899479,0.00410306
0,250,2.95071,51.483,-0.0315613,-0.187078
0,250,3.50946,39.9798,-1.02098,-6.12409
0,250,5.12826,40.4729,-2.91962,-3.51685
0,250,18.6448,40.7047,-3.8082,-0.325527
0,250,15.7552,39.5613,-4.31626,-1.12097
0,250,29.665,39.7037,-3.20915,1.00624
0,250,31.6469,40.7291,-2.96486,1.23732
0,250,29.2622,40.741,-3.13462,0.719507
0,250,35.4452,41.9801,-2.24826,1.63993
0,250,29.7449,40.1682,-3.01956,0.958102
0,250,35.5703,42.4403,-2.11509,1.55889
0,250,34.9695,41.5949,-2.3047,1.58251
0,250,36.1106,42.7974,-2.14878,1.55774
0,250,35.5615,42.9042,-2.38895,1.42815
0,250,36.8699,43.6148,-2.19313,1.43065
0,250,37.4963,43.4755,-2.056,1.44279
0,250,36.6849,44.056,-2.19632,1.25902
0,250,37.0165,44.8487,-2.12014,1.1435
0,250,38.1187,44.6014,-1.93021,1.24354
0,250,40.0279,46.472,-1.79597,0.754911
0,250,41.3382,47.1628,-1.45049,0.350326
0,250,40.9902,46.8223,-1.43244,0.501778
0,250,41.7437,47.4606,-1.49616,0.230347
0,250,41.0176,47.5062,-1.73019,0.321857
0,250,41.0303,47.9324,-1.67815,0.285018
0,250,41.4787,48.3213,-1.33342,0.18969
0,250,40.4327,48.0089,-1.50389,0.604489
0,250,39.8664,49.2584,-1.26245,0.367502
0,250,40.0268,48.7676,-1.50293,0.308089
0,250,40.3395,48.4415,-1.07529,0.701539
0,250,41.8308,49.0379,-0.910928,0.121842
0,250,40.8069,48.8351,-1.01936,0.548062
0,250,37.5761,48.2219,-1.74273,0.667157
0,250,38.1521,48.308,-1.83918,0.429616
0,250,35.4566,48.7758,-2.50328,0.265095
0,250,39.1329,48.9863,-1.5804,0.57226
0,250,37.8109,49.5453,-1.25177,0.524552
0,250,33.6581,49.3769,-2.63226,0.41889
0,250,36.8306,49.076,-1.62249,0.342504
0,250,37.3039,49.0526,-1.51521,0.703591
0,250,34.6059,49.9195,-2.18379,-0.0115978
0,250,35.5344,49.6469,-1.56895,0.537015
0,250,31.5858,48.8794,-2.74219,0.0942563
0,250,31.1665,48.5865,-3.10833,0.28595
0,250,30.7195,49.4143,-2.78182,0.062093
0,250,29.3393,50.4593,-2.51516,0.43153
0,250,27.8107,50.5626,-2.49798,0.412504
0,250,29.106,51.9658,-1.27869,-0.0460813
0,250,21.5746,39.8147,-4.01377,-0.063422
0,250,15.9572,47.2007,-3.11787,-0.579465
0,250,19.3723,40.0012,-3.81126,-0.353437
0,250,11.0944,49.4361,-1.85621,-0.262473
0,250,6.47967,43.0987,-2.54813,-2.06896
0,250,2.91048,40.7305,-0.995872,-3.12202
0,250,13.1789,45.7287,-2.90023,-0.732392
0,250,7.98991,51.9672,-0.710503,-0.280361
0,250,4.5815,40.25,-2.82385,-4.67811
0,250,45.5221,41.3294,0.201905,0.769698
0,250,30.9935,39.8945,-3.16629,1.12044
0,250,31.1888,40.8746,-3.0998,1.12866
0,250,36.6939,42.3835,-1.69225,1.599
0,250,37.2724,42.3306,-1.73052,1.68635
0,250,37.0606,43.1839,-2.09684,1.52016
0,250,37.1145,44.3703,-2.12735,1.18232
0,250,36.5355,44.5128,-2.17992,1.27473
0,250,37.5465,44.7055,-2.09592,1.15903
0,250,40.8316,45.721,-1.47936,0.852667
0,250,40.6008,45.3863,-1.75878,0.977792
0,250,38.9979,45.2066,-1.54521,1.08024
0,250,41.2672,45.9191,-1.43672,0.649591
0,250,40.7828,46.3092,-1.52188,0.76282
0,250,42.0435,47.0933,-0.993672,0.569698
0,250,42.2116,47.7419,-1.5193,0.236251
0,250,39.7398,48.273,-1.70446,0.741012
0,250,41.9763,48.6092,-1.06018,0.165913
0,250,43.4276,49.103,-0.7955,0.286424
0,250,42.5551,48.3734,-1.35092,0.291271
0,250,43.3474,49.586,-0.781152,0.218732
0,250,43.7666,49.9315,-0.803572,0.14238
0,250,43.8917,49.4615,-0.715502,0.136527
0,250,41.3415,48.7407,-0.975625,0.184392
0,250,42.3338,49.2812,-0.966673,0.19788
0,250,42.7707,49.7151,-0.809924,0.125547
0,250,40.8454,50.2712,-0.904673,-0.0734796
0,250,43.1833,50.0321,-0.880717,0.140883
0,250,41.2569,49.2002,-1.04886,0.247633
0,250,39.4566,49.4477,-1.34488,0.486292
0,250,35.734,49.2367,-2.00912,0.176095
0,250,35.9774,50.0643,-1.70938,0.182162
0,250,31.1458,49.1553,-3.03469,-0.217074
0,250,30.7156,48.868,-3.47296,0.0176062
0,250,31.2502,49.6478,-2.74156,-0.138708
0,250,38.1362,48.7353,-1.54545,0.539167
0,250,30.6645,51.4558,-1.5738,-0.136298
0,250,31.5379,50.5834,-2.3829,-0.178997
0,250,30.9512,51.955,-1.4989,-0.380415
0,250,29.8215,49.7472,-2.70851,0.219965
0,250,28.2401,51.0805,-2.20582,0.238226
0,250,10.1302,49.6634,-1.84266,-0.051752
0,250,6.99026,50.809,-1.02185,-0.389994
0,250,4.95652,45.1852,-0.764692,-1.57067
0,250,36.9052,41.5122,-2.02188,1.91688
0,250,14.2328,46.6597,-2.91998,-0.472719
0,250,15.5561,49.2766,-2.87253,0.402739
0,250,6.78496,44.1847,-2.0204,-1.77814
0,250,21.0343,39.9892,-3.87705,-0.0446945
0,250,24.5092,40.5196,-3.43869,0.241323
0,250,28.8814,39.5618,-3.2055,0.874918
0,250,32.1654,41.6721,-2.88937,0.860724
0,250,36.6564,42.8168,-1.95936,1.51968
0,250,36.4615,43.2575,-2.23122,1.38768
0,250,35.04,41.1599,-2.16365,1.63671
0,250,37.8604,42.5663,-1.76702,1.76509
0,250,37.8065,42.1257,-1.64943,1.86142
0,250,37.9065,43.771,-1.91429,1.27554
0,250,38.1163,43.3185,-1.70802,1.49317
0,250,38.6977,44.4145,-1.85075,1.12565
0,250,41.5577,45.5509,-1.27056,0.639739
0,250,42.5361,46.9049,-1.19971,0.502955
0,250,40.4414,46.7181,-1.7043,0.660696
0,250,41.5584,47.8591,-1.68864,0.167565
0,250,42.7142,47.9646,-1.40249,0.488329
0,250,42.0417,48.1634,-1.54959,0.0570495
0,250,42.996,48.7743,-0.854186,0.287575
0,250,42.4615,48.8523,-0.985877,0.218111
0,250,46.0063,49.5562,-0.81666,0.450798
0,250,48.2259,48.7885,-0.277804,0.300632
0,250,47.114,49.6513,-0.519485,0.428969
0,250,44.3313,49.8352,-0.836561,0.227526
0,250,42.2813,49.7661,-0.864469,0.0662557
0,250,44.8931,49.7215,-0.784632,0.34907
0,250,42.6745,50.2405,-0.911409,0.0808433
0,250,42.8922,49.2543,-0.91387,0.169245
0,250,40.2913,50.4084,-0.89445,0.418728
0,250,37.8702,49.1065,-1.48622,0.534934
0,250,40.7969,49.447,-1.31071,0.130803
0,250,36.3348,49.2197,-1.8449,-0.0717884
0,250,41.8323,49.9578,-0.931253,-0.163871
0,250,35.4549,50.1389,-1.56134,0.596231
0,250,38.5416,49.0535,-1.55534,0.495749
0,250,35.84,50.5423,-1.43426,0.461078
0,250,35.0494,49.7049,-1.63552,0.404932
0,250,34.3585,50.2712,-2.18391,0.0040614
0,250,30.8164,49.9304,-2.55733,0.137976
0,250,30.3527,50.5273,-2.81542,0.269924
0,250,33.1613,51.5578,-1.24829,-0.0569613
0,250,31.0587,50.8671,-2.03257,0.0869131
0,250,27.6824,51.0269,-2.41119,0.313051
0,250,4.55867,42.5766,-1.65382,-3.13167
0,250,2.50377,50.7317,0.152747,-0.0703221
0,250,12.0449,44.7879,-2.93357,-1.01222
0,250,12.5934,51.0054,-1.63116,0.250637
0,250,3.3458,41.1259,-1.49345,-4.80377
0,250,6.229,40.267,-3.36991,-3.87712
0,250,5.16093,44.7254,-1.22847,-2.09054
0,250,29.6982,41.1431,-3.30668,0.788429
0,250,37.6416,41.6379,-1.56593,1.9385
0,250,28.4797,39.5189,-3.08701,0.712783
0,250,30.7058,40.8908,-3.02275,1.13956
0,250,32.7524,40.992,-2.51878,1.17456
0,250,36.1129,42.3512,-1.86592,1.72981
0,250,37.71,43.0346,-1.75356,1.61951
0,250,37.2984,43.9265,-2.01632,1.31752
0,250,38.5128,43.6887,-1.7566,1.48426
0,250,39.1223,43.5678,-1.62813,1.41184
0,250,39.0893,44.7464,-1.76022,1.05099
0,250,39.8535,44.6794,-1.40101,1.14109
0,250,41.2914,46.4039,-1.35544,0.589206
0,250,43.57,47.1487,-1.08381,0.591164
0,250,43.2006,46.7292,-1.30395,0.504188
0,250,43.3984,47.934,-1.19769,0.454671
0,250,43.1314,48.3315,-1.21809,0.416483
0,250,44.4323,49.3833,-0.687765,0.268682
0,250,43.8079,48.2173,-1.06546,0.304736
0,250,44.9653,49.2487,-0.7599,0.303189
0,250,46.5213,49.3814,-0.633382,0.482865
0,250,48.6832,48.9587,0.0556367,-0.0765499
0,250,46.5692,49.8159,-0.627751,0.374267
0,250,43.7344,50.3646,-0.778062,0.135499
0,250,40.4353,49.0878,-1.41068,0.277633
0,250,43.3209,51.1599,-1.05092,-0.0988592
0,250,44.1565,50.7464,-0.708061,0.247977
0,250,43.2337,50.506,-0.74152,0.10456
0,250,36.1242,49.644,-1.81737,-0.106022
0,250,38.3464,49.4745,-1.33655,0.637184
0,250,36.0282,48.8286,-2.4392,0.172377
0,250,36.5474,48.6651,-2.23041,0.496294
0,250,35.9284,48.3892,-2.55625,0.193521
0,250,32.7082,49.2697,-2.81546,0.578907
0,250,31.7479,49.8202,-2.82124,0.124919
0,250,32.9942,50.2185,-1.93531,0.341453
0,250,33.2244,49.5373,-2.73702,0.472674
0,250,35.0076,50.2658,-2.09929,-0.2554
0,250,30.8685,50.4359,-2.74671,0.215649
0,250,33.9428,49.796,-2.33825,0.117175
0,250,30.2426,49.0017,-3.29413,0.206348
0,250,31.3089,50.1616,-2.74053,0.0634147
0,250,29.6536,51.4336,-1.95025,0.127927
0,250,6.2781,41.5422,-2.96413,-2.9959
0,250,20.0544,39.4751,-3.85456,-0.148672
0,250,10.4177,51.4491,-0.910217,-0.04522
0,250,5.37693,42.7923,-1.85599,-2.77299
0,250,36.3507,40.4179,-1.92618,2.20583
0,250,4.47923,41.602,-1.94623,-4.08687
0,250,29.8317,40.7297,-3.10933,0.893777
0,250,16.7904,40.0422,-4.28757,-0.736531
0,250,32.1194,40.9943,-2.76743,1.12281
0,250,30.2175,40.4446,-2.96224,0.969134
0,250,37.2671,42.7578,-1.82974,1.69794
0,250,38.0269,41.3751,-1.40575,2.19652
0,250,32.8999,41.7537,-2.73456,1.06822
0,250,38.8787,42.803,-1.30911,1.72865
0,250,38.2663,44.1267,-1.99507,1.27499
0,250,39.5621,45.0315,-1.70822,1.04179
0,250,39.5002,45.4878,-1.58164,1.08743
0,250,41.7673,46.1973,-1.42422,0.614488
0,250,42.3945,46.1162,-1.26476,0.571965
0,250,43.0147,47.1724,-1.07725,0.486558
0,250,43.5803,48.6373,-0.901359,0.263745
0,250,42.5067,47.4037,-0.932443,0.62604
0,250,44.5454,48.9008,-0.905928,0.262233
0,250,43.9676,48.9998,-0.831166,0.158859
0,250,45.4436,48.7369,-0.620095,0.16635
0,250,47.1259,49.2185,-0.554629,0.46812
0,250,47.7666,49.0384,-0.287962,0.429063
0,250,45.9923,49.0958,-0.557815,0.524787
0,250,47.6684,49.474,-0.410334,0.306867
0,250,44.2965,50.292,-0.83926,0.252822
0,250,45.4369,49.6595,-0.787692,0.0769743
0,250,44.5635,51.1193,-0.696729,0.376717
0,250,45.1178,51.0493,-0.759283,0.321604
0,250,45.3906,50.1156,-0.75227,0.0811668
0,250,43.7578,51.5888,-1.14683,0.0291388
0,250,45.9371,49.9954,-0.845781,0.440303
0,250,41.7661,49.479,-1.18592,0.0783227
0,250,36.7319,49.5869,-1.67571,0.0230001
0,250,36.5769,49.9993,-1.84851,-0.236987
0,250,41.3201,50.1308,-0.831052,0.0396292
0,250,33.4116,49.993,-1.96651,0.346996
0,250,36.2313,50.8992,-1.33762,0.2919
0,250,40.735,51.2167,-0.663079,-0.0570738
0,250,35.433,50.7377,-1.97274,-0.0856885
0,250,33.1807,51.1009,-1.78539,-0.0164753
0,250,33.6755,51.1769,-1.71419,0.486559
0,250,32.2278,49.381,-2.82731,0.266103
0,250,31.1022,51.4015,-1.36431,0.225472
0,250,32.9785,52.0142,-1.64255,-0.18355
0,250,30.5049,51.999,-1.34477,0.313829
0,250,37.3199,41.2532,-1.72938,2.14496
0,250,30.5011,39.8504,-3.06429,1.00576
0,250,5.56329,42.3908,-2.60145,-3.16539
0,250,14.2111,44.8053,-3.22147,-0.805547
0,250,36.6927,40.4641,-2.1446,2.22495
0,250,25.116,39.0363,-3.50302,0.603592
0,250,37.2217,40.5367,-1.78408,2.43219
0,250,24.5776,41.0487,-3.46599,0.18294
0,250,3.89514,44.0488,-0.522725,-2.63088
0,250,35.4071,40.4359,-2.34129,1.69338
0,250,33.4175,40.17,-2.66617,1.54885
0,250,39.3189,43.1606,-1.23412,1.5854
0,250,35.9604,41.9229,-2.15085,1.87599
0,250,39.9769,44.2438,-1.49486,1.14015
0,250,39.3826,44.3878,-1.45569,1.27209
0,250,37.7047,44.2425,-1.97958,1.32094
0,250,42.0188,45.7915,-1.34294,0.636274
0,250,43.7279,47.5566,-0.967464,0.58122
0,250,41.6483,46.7693,-1.1893,0.597592
0,250,44.0845,47.1504,-1.03421,0.526819
0,250,44.1486,47.8596,-0.936833,0.431283
0,250,44.1967,48.554,-0.791114,0.156525
0,250,43.0565,47.6081,-1.17103,0.588037
0,250,45.4419,47.9644,-0.907771,0.310049
0,250,45.6758,48.3687,-0.479253,0.203682
0,250,45.4723,49.201,-0.707403,0.0542922
0,250,48.3374,48.2942,-0.834775,0.601699
0,250,47.7589,48.5257,-0.656893,0.447609
0,250,44.8333,50.1756,-0.84599,0.295774
0,250,48.0143,49.8345,-0.406638,0.0133045
0,250,44.7122,50.6546,-0.859386,0.371527
0,250,46.9654,50.1485,-0.746072,0.354915
0,250,49.2696,49.0707,-0.0654088,-0.00719266
0,250,49.8339,48.9002,-0.12055,0.316531
0,250,46.7532,50.6253,-0.436747,0.244913
0,250,46.3704,50.2529,-0.904484,0.269473
0,250,47.4375,51.3972,-0.117264,0.249148
0,250,47.2927,50.5214,-0.490326,0.258703
0,250,42.2441,50.3327,-1.00861,0.0097607
0,250,41.2529,49.685,-1.34281,0.142604
0,250,43.2308,51.6215,-1.04978,-0.0153321
0,250,40.6254,49.8921,-1.34866,0.186349
0,250,40.1959,50.892,-0.961888,0.282509
0,250,34.6346,52.0385,-1.24708,-0.0422522
0,250,33.3587,50.597,-1.62183,0.328488
0,250,30.5686,50.9567,-1.96222,0.0250358
0,250,31.9082,50.2896,-2.36841,0.00419422
0,250,31.5471,51.0463,-2.00491,-0.0526705
0,250,32.4564,52.036,-1.4648,0.120824
0,250,31.4036,52.0007,-1.4231,0.24053
0,250,15.8839,46.2018,-3.28974,-0.496494
0,250,5.18936,51.3607,-0.368193,-0.28568
0,250,25.4191,39.0774,-3.41619,0.417037
0,250,15.903,48.7197,-2.7712,-0.256327
0,250,4.91776,40.1273,-2.43093,-5.03435
0,250,4.95757,42.6614,-1.91265,-3.74103
0,250,7.25513,42.3712,-2.85542,-2.05879
0,250,18.5529,40.1915,-3.82028,-0.287033
0,250,31.4602,39.9275,-2.96173,1.1948
0,250,35.5355,41.5049,-2.2119,1.76406
0,250,38.6299,41.5164,-1.24264,2.23922
0,250,33.8094,40.667,-2.53692,1.68072
0,250,39.635,41.3644,-0.796618,2.27842
0,250,41.1976,45.2361,-1.57039,0.929899
0,250,42.1176,46.5583,-1.33039,0.569153
0,250,42.7245,46.4792,-1.2866,0.490076
0,250,44.4341,47.4872,-0.896618,0.435907
0,250,44.6314,46.9429,-1.01933,0.56546
0,250,44.1973,46.6694,-0.872417,0.427202
0,250,44.5073,48.2006,-0.753081,0.314587
0,250,45.003,48.2316,-0.70418,0.549756
0,250,44.872,46.5106,-1.09362,0.520445
0,250,46.1174,48.6915,-0.753273,0.463448
0,250,47.2556,48.8035,-0.412076,0.616343
0,250,50.3919,47.6904,-0.198394,0.12661
0,250,48.8124,48.4864,-0.0508699,0.123377
0,250,49.347,48.1292,0.0730763,-0.111548
0,250,50.8502,48.3444,-0.169822,0.432928
0,250,49.2862,48.6337,0.0725197,-0.16311
0,250,49.8077,48.4358,0.0104996,0.144104
0,250,51.434,48.1752,-0.220575,0.0985386
0,250,50.8736,47.436,-0.17025,0.186111
0,250,47.4926,49.9833,-0.568243,0.288998
0,250,48.8088,49.3956,-0.0353458,-0.00286646
0,250,47.6181,50.8985,-0.363564,0.195253
0,250,51.1974,50.7699,0.0740348,0.440418
0,250,49.0708,49.83,-0.119341,-0.0217744
0,250,45.8172,50.4797,-1.0455,0.477109
0,250,48.1254,50.7598,-0.522404,-0.132098
0,250,40.7015,50.741,-0.83267,0.0187531
0,250,37.2684,49.5284,-1.38949,0.596022
0,250,44.905,51.5199,-0.530772,0.443706
0,250,40.2138,49.5761,-1.38596,0.41516
0,250,35.3417,51.1772,-1.74588,-0.00396306
0,250,42.3437,50.8304,-1.02502,0.065764
0,250,36.394,50.4302,-1.76548,-0.00725339
0,250,31.7156,49.3463,-2.85143,0.0432601
0,250,32.2801,49.865,-2.66191,0.211939
0,250,32.1996,50.7046,-2.12891,-0.0950438
0,250,31.9164,52.0216,-1.55649,-0.151416
0,250,9.67309,50.9234,-0.707373,0.271329
0,250,6.72611,41.1646,-3.33116,-2.81306
0,250,3.32583,49.4239,-0.108883,-0.271549
0,250,5.61836,43.3345,-1.74382,-2.51447
0,250,19.2889,39.3473,-3.84982,-0.278792
0,250,24.9888,40.8251,-3.43599,0.181569
0,250,13.2652,49.1635,-2.54004,-0.218879
0,250,23.0248,39.1836,-3.82245,0.32993
0,250,33.1779,41.3244,-2.59091,1.24105
0,250,30.221,39.8586,-3.07669,1.06303
0,250,38.2103,41.8727,-1.37617,2.0558
0,250,38.3154,42.8477,-1.48771,1.58192
0,250,39.7726,43.5691,-1.34115,1.47364
0,250,43.2065,46.229,-0.863895,0.700456
0,250,42.8284,45.8771,-0.994762,0.781561
0,250,43.6827,46.6258,-1.02319,0.914661
0,250,44.9649,47.2729,-0.841162,0.59607
0,250,44.4582,46.2518,-0.997362,0.255719
0,250,43.8751,46.2103,-1.03271,0.810623
0,250,45.8274,46.5461,-0.915559,0.594489
0,250,45.3882,46.3371,-1.06756,0.737227
0,250,45.2679,46.8425,-1.05477,0.641885
0,250,44.9568,48.6921,-0.732087,0.495351
0,250,50.335,48.1426,0.00391784,0.312492
0,250,49.8345,47.9532,0.159251,0.0406217
0,250,46.6305,48.9506,-0.623803,0.494231
0,250,47.7387,47.617,-0.646871,0.230484
0,250,46.7136,48.0446,-0.547517,0.459504
0,250,51.3981,48.6183,0.0604691,0.0983268
0,250,51.9935,48.8381,-0.000694634,0.0999343
0,250,50.3492,48.6119,-0.184254,0.449634
0,250,50.9003,48.8099,0.0437083,0.31399
0,250,50.4072,49.0704,0.0448731,0.395038
0,250,48.2271,49.3215,-0.0992473,0.0648918
0,250,47.0689,51.0241,-0.275769,0.277568
0,250,48.4883,49.7798,-0.272664,-0.12288
0,250,47.8031,50.3661,-0.489486,0.0195476
0,250,50.4663,51.3517,-0.33022,0.0995752
0,250,43.6304,50.8761,-0.843465,0.0974118
0,250,45.6573,50.9307,-1.11885,0.403082
0,250,44.0443,51.2369,-0.962447,0.109351
0,250,51.1218,50.255,0.0800449,0.442961
0,250,45.2521,50.564,-0.914909,0.112468
0,250,38.3499,49.9207,-1.18769,0.593314
0,250,34.9052,50.7005,-1.80784,-0.0683217
0,250,39.2212,50.2554,-1.15328,0.531412
0,250,32.7676,49.7654,-2.52863,0.611626
0,250,32.0456,51.1153,-2.08553,-0.0235016
0,250,30.3542,50.0255,-2.61414,0.34286
0,250,30.0703,51.0669,-2.26131,0.0767058
0,250,10.4166,50.1322,-2.0359,-0.111043
0,250,13.4761,45.2754,-3.1296,-0.690199
0,250,5.64079,49.7009,-0.373706,-0.914469
0,250,5.89799,40.1203,-3.39598,-4.02089
0,250,41.2012,41.0017,-0.127856,2.30854
0,250,5.67327,44.4307,-1.42521,-1.94546
0,250,24.6248,39.0174,-3.67369,0.493613
0,250,35.8101,40.3915,-2.34659,2.01558
0,250,38.9224,44.0136,-1.63301,1.33618
0,250,40.318,44.9471,-1.45635,0.960277
0,250,38.6845,43.2515,-1.60392,1.51166
0,250,40.8684,42.1281,-0.687302,1.81043
0,250,41.9101,45.2094,-0.91813,0.953805
0,250,39.4895,43.9525,-1.60117,1.29801
0,250,42.9805,45.4646,-0.662035,0.805741
0,250,40.535,43.0512,-1.00261,1.37412
0,250,43.1711,45.0309,-0.752286,0.763606
0,250,44.5259,45.8002,-1.00559,0.215614
0,250,42.555,45.0752,-0.820292,1.00035
0,250,45.4004,47.5338,-0.630926,0.309284
0,250,45.6395,47.1144,-0.597147,0.33812
0,250,44.8433,47.7723,-0.789636,0.495906
0,250,46.222,48.2321,-0.491687,0.436746
0,250,43.5625,45.4113,-0.668654,0.559489
0,250,48.8452,47.9954,-0.770776,0.498538
0,250,49.1777,47.6248,0.0274849,0.757238
0,250,50.942,47.9021,-0.2609,0.240656
0,250,51.5401,49.0774,0.0201062,0.0763177
0,250,50.284,46.882,-0.0332728,-0.119559
0,250,50.167,47.3291,-0.00406677,-0.0707374
0,250,49.427,49.5019,-0.0296681,-0.0407694
0,250,49.9111,49.3276,0.165784,0.287463
0,250,49.3723,50.2954,-0.146385,-0.185871
0,250,51.541,49.6094,0.0237195,0.136926
0,250,50.1181,50.2821,-0.283294,0.316556
0,250,49.6833,49.9522,0.00422628,-0.118412
0,250,49.2741,50.7563,-0.425213,-0.285589
0,250,51.5607,51.7943,-0.25351,0.22728
0,250,39.1865,50.7382,-1.51057,0.305544
0,250,48.327,50.3017,-0.393577,-0.225731
0,250,41.8578,50.9149,-1.01959,0.048901
0,250,38.0108,50.8003,-1.82266,0.392164
0,250,41.2637,50.6769,-0.947601,-0.0877917
0,250,36.8164,50.7857,-1.68943,0.0827369
0,250,38.1452,50.387,-1.45961,0.531389
0,250,41.729,50.4673,-0.792362,-0.00763944
0,250,33.7348,51.6329,-1.06331,0.413516
0,250,33.8295,50.2583,-1.97475,0.434215
0,250,34.0797,52.0505,-1.3382,-0.0254893
0,250,32.6412,51.559,-1.27755,-0.180938
0,250,12.2833,44.388,-3.04453,-1.02915
0,250,3.64454,48.5088,-0.120483,-0.508605
0,250,5.81495,42.0853,-2.52631,-3.10933
0,250,15.2186,45.6611,-3.22898,-0.558564
0,250,2.73612,52.0489,0.0317003,-0.0755066
0,250,16.4927,39.5428,-4.31606,-0.691321
0,250,32.4745,40.6147,-2.8857,1.36837
0,250,39.0427,41.2088,-1.03542,2.36158
0,250,42.4022,45.4835,-0.739226,0.977829
0,250,33.0673,40.4524,-2.69414,1.24099
0,250,40.3911,42.3815,-0.732188,1.66669
0,250,33.2894,40.8631,-2.59643,1.31367
0,250,40.0619,42.7309,-0.937753,1.59776
0,250,38.4026,42.397,-1.4601,1.85649
0,250,34.4239,41.294,-2.26145,1.579
0,250,40.4796,44.5054,-1.32863,0.865787
0,250,46.582,46.705,-0.411357,0.627829
0,250,44.9194,45.4996,-0.57257,0.532585
0,250,39.4661,42.7323,-1.14945,1.68922
0,250,44.5241,41.7976,0.451174,1.1927
0,250,42.09,44.7886,-1.10779,1.06569
0,250,46.6161,47.6424,-0.703749,0.449695
0,250,43.463,45.8678,-0.905161,0.686849
0,250,45.9897,47.8366,-0.744984,0.446216
0,250,47.8459,48.086,-0.853124,0.33623
0,250,46.1323,46.9124,-0.611588,0.518469
0,250,49.6702,47.525,0.0105654,-0.157906
0,250,51.3839,47.2295,-0.103921,0.0815268
0,250,45.0488,45.9909,-0.994887,0.580175
0,250,51.0651,49.2462,0.0189929,0.290556
0,250,50.7747,47.0226,-0.123597,0.094048
0,250,50.4245,46.4328,0.0734648,-0.201944
0,250,50.812,51.0209,-0.279641,0.0953344
0,250,51.4248,46.7988,-0.0262899,0.188886
0,250,47.2419,48.3409,-0.749989,0.618774
0,250,50.5881,49.4787,0.1482,0.455919
0,250,47.9521,51.2962,-0.291816,0.1856
0,250,48.9789,51.1768,-0.396156,-0.37712
0,250,45.4414,51.4185,-1.09053,0.765337
0,250,38.894,49.8742,-1.03343,0.554224
0,250,37.2132,49.9583,-1.54149,0.328196
0,250,48.7312,50.7028,-0.613698,-0.261687
0,250,37.1819,51.2228,-1.34167,0.040349
0,250,34.8416,51.5972,-0.716194,0.161049
0,250,33.8353,50.7352,-1.54894,0.549396
0,250,36.9818,50.3669,-2.06073,-0.0432983
0,250,37.7901,49.9981,-1.25748,0.476837
0,250,38.9231,49.4384,-1.47148,0.537071
0,250,35.1816,52.0416,-1.17829,0.0455005
0,250,31.5806,51.5437,-1.23751,0.0371313
0,250,12.1364,51.1108,-1.89554,-0.651618
0,250,11.5198,44.6821,-2.82238,-0.938942
0,250,14.0412,49.7623,-2.41172,0.0999472
0,250,25.7454,40.452,-3.36983,0.0863529
0,250,14.6067,49.1342,-2.7096,-0.178671
0,250,46.2734,41.3337,0.0725085,0.678729
0,250,24.0563,40.5875,-3.53298,0.170705
0,250,27.0972,39.8165,-3.31732,0.304084
0,250,5.19654,44.2139,-1.36893,-2.38786
0,250,31.9572,40.3789,-3.02246,1.1928
0,250,39.8949,43.1625,-1.16415,1.55233
0,250,17.293,40.5296,-3.99874,-0.540534
0,250,40.4181,43.4581,-1.12251,1.31799
0,250,39.428,42.0468,-1.00703,1.9547
0,250,33.6917,40.1781,-2.61027,1.78871
0,250,44.3159,44.7891,-0.31762,0.565189
0,250,39.8574,41.7247,-0.741059,2.09119
0,250,45.3499,45.1813,-0.212105,1.01261
0,250,41.0651,43.3272,-1.00134,1.19443
0,250,44.0286,45.7553,-1.04371,0.685126
0,250,47.0802,47.0126,-0.269074,0.48941
0,250,46.2546,46.2772,-0.527457,0.967504
0,250,48.3208,47.8085,-0.707049,0.631813
0,250,44.636,45.1231,-0.496649,0.523416
0,250,46.5906,47.2215,-0.473116,0.469286
0,250,47.2029,46.5765,-0.11286,0.553699
0,250,47.2165,47.4562,-0.669471,0.503165
0,250,47.2638,47.8991,-0.601939,0.55052
0,250,45.0604,44.7927,-0.091225,0.846565
0,250,47.6147,47.0836,-0.194679,0.519044
0,250,48.673,47.4549,0.0160478,0.798747
0,250,49.4491,46.327,-0.037092,0.185069
0,250,51.9731,47.9366,-0.144784,0.141596
0,250,46.7162,48.53,-0.715414,0.605342
0,250,52.0435,51.0002,-0.0363588,0.342409
0,250,48.8248,50.2502,-0.276044,-0.145721
0,250,52.005,49.8574,-0.0238459,0.142889
0,250,51.9511,48.3888,-0.0170706,0.0352103
0,250,42.7926,51.2158,-0.907277,-0.0965257
0,250,47.0409,51.6498,-0.612136,-0.227001
0,250,51.0724,49.7544,0.07781,0.374642
0,250,46.1006,51.1825,-0.922673,-0.249912
0,250,51.164,51.3929,-0.327498,0.19868
0,250,39.6886,50.8668,-1.24467,0.161956
0,250,35.8826,51.1731,-1.75948,-0.113209
0,250,37.4009,50.8265,-1.84069,-0.110411
0,250,36.474,51.6183,-0.787506,0.215314
0,250,37.5491,50.4058,-1.70489,0.111098
0,250,32.4753,50.3133,-2.10752,0.174559
0,250,33.4983,52.0282,-1.69209,0.175132
0,250,14.9908,47.2153,-2.92842,-0.50613
0,250,14.7533,45.6181,-3.12846,-0.456263
0,250,11.896,50.0576,-1.75304,-0.363409
0,250,6.07363,43.4378,-1.79848,-1.86865
0,250,18.9259,39.8353,-3.8541,-0.380135
0,250,42.5899,42.0746,0.0959479,1.61008
0,250,7.72624,40.2898,-3.85054,-2.23296
0,250,8.46008,40.2138,-3.76947,-1.87232
0,250,13.5312,39.9924,-3.57975,-1.1965
0,250,24.9282,40.2517,-3.41018,0.211552
0,250,40.8057,42.6957,-0.603154,1.5178
0,250,24.8181,39.5669,-3.50289,0.287629
0,250,16.7476,39.2981,-4.14147,-0.529441
0,250,25.3299,40.1742,-3.36496,0.23342
0,250,18.0293,40.0828,-3.98135,-0.409607
0,250,44.7962,44.4445,0.11861,0.729489
0,250,34.5108,40.2826,-2.62314,1.89322
0,250,18.1037,39.2038,-3.94232,-0.19118
0,250,40.2157,43.865,-1.21887,1.24355
0,250,46.052,47.4394,-0.636335,0.509694
0,250,43.5667,42.5781,0.114829,1.6115
0,250,44.1665,45.3032,-0.603267,0.541059
0,250,45.8427,45.2806,-0.371417,1.04991
0,250,45.4956,43.5527,-0.0194484,0.852102
0,250,45.8205,45.9853,-0.56864,0.89657
0,250,48.9431,45.5581,-0.173523,0.718562
0,250,45.4595,45.6823,-0.675134,1.09984
0,250,48.1324,46.2308,-0.0112412,0.761011
0,250,49.1253,47.1191,-0.0844014,0.6014
0,250,46.1804,45.6749,-0.436188,0.984819
0,250,49.9682,46.1484,0.0817126,-0.169638
0,250,51.4811,45.8158,0.023836,0.0252219
0,250,51.5119,44.9022,-0.211073,-0.197875
0,250,51.3978,45.3429,0.0808824,-0.198984
0,250,50.9475,45.6235,0.175959,-0.159028
0,250,48.017,46.8183,-0.00834853,0.825373
0,250,51.9656,52.0643,-0.164545,0.01214
0,250,50.9429,46.5884,-0.0513346,0.0991803
0,250,49.4992,51.2272,-0.385372,-0.222441
0,250,45.1908,51.9498,-0.644809,1.04803
0,250,50.1331,49.7603,0.239722,0.411294
0,250,42.2645,51.3285,-0.807521,0.0226014
0,250,38.6836,50.3462,-1.35786,0.440727
0,250,40.2307,51.3833,-0.802617,0.0301076
0,250,37.5252,52.0546,-0.926891,0.233138
0,250,37.8036,51.1977,-1.58123,0.21359
0,250,46.2707,50.7517,-0.575057,-0.00772665
0,250,34.787,51.1633,-1.57423,0.16612
0,250,40.7272,51.6696,-0.873917,-0.105306
0,250,32.1158,51.5861,-1.10184,0.0212906
0,250,3.80377,39.924,-1.85481,-5.82116
0,250,11.5025,43.7734,-3.07365,-0.896433
0,250,15.4139,48.7006,-2.30319,-0.269559
0,250,36.0939,40.8227,-2.05475,1.9567
0,250,5.92962,41.0198,-3.11198,-3.56093
0,250,26.183,39.1944,-3.29892,0.266563
0,250,7.36254,40.2426,-3.59042,-2.25869
0,250,38.9489,40.769,-0.990463,2.54999
0,250,36.8944,40.9188,-1.79794,2.17852
0,250,4.74345,44.3186,-1.1822,-2.32368
0,250,20.4876,40.8145,-3.83452,-0.137113
0,250,5.55837,40.1832,-3.70298,-4.35644
0,250,32.6777,40.112,-2.87252,1.40993
0,250,6.98014,43.2574,-2.6902,-1.9693
0,250,26.5747,39.6895,-3.27372,0.263657
0,250,35.4318,40.8846,-2.14946,1.71754
0,250,38.3196,40.6606,-1.40556,2.48571
0,250,41.2796,42.9355,-0.540398,1.38027
0,250,43.9047,44.5032,-0.475218,0.760535
0,250,45.1415,44.0046,0.210964,0.783771
0,250,45.4233,44.3912,-0.0181832,1.03976
0,250,46.3591,45.2014,-0.386377,0.987814
0,250,45.6983,44.7775,-0.108259,0.997064
0,250,46.6571,45.8117,-0.379515,0.813004
0,250,50.0211,45.1886,-0.105639,0.185059
0,250,49.0955,46.6876,0.0599944,0.471853
0,250,48.5342,45.9109,-0.228782,0.722948
0,250,50.454,45.9465,0.305977,-0.111076
0,250,49.3472,45.8483,-0.035314,0.338807
0,250,48.9298,46.1881,-0.104657,0.672703
0,250,49.8171,46.6499,0.095602,-0.0645952
0,250,50.3925,45.4644,0.296381,-0.153553
0,250,50.0579,41.6981,-0.330703,-0.0204255
0,250,48.5326,46.5293,-0.0333845,0.752384
0,250,47.676,46.4768,-0.0469416,0.719199
0,250,52.0502,50.3971,0.0200496,0.222518
0,250,50.6681,50.4811,-0.078639,0.406422
0,250,51.9519,47.4802,-0.229733,0.174697
0,250,43.0214,52.0693,-0.940984,0.0373414
0,250,51.9563,47.0389,0.158531,0.229864
0,250,46.449,51.6326,-0.583434,-0.198959
0,250,48.567,46.9729,0.118493,0.799961
0,250,44.3743,51.6299,-1.01161,-0.0947887
0,250,39.738,50.3985,-1.05948,0.46062
0,250,39.1215,52.0269,-0.328161,-0.23829
0,250,38.0807,52.0307,-0.520265,0.188759
0,250,35.4122,51.6281,-0.614616,0.0565798
0,250,37.0867,51.6638,-0.630877,0.175837
0,250,32.8433,50.7132,-1.85713,0.139738
0,250,32.5941,51.1107,-2.15852,-0.121907
0,250,6.31405,40.9049,-3.33586,-3.52038
0,250,14.0131,45.2821,-3.20411,-0.672075
0,250,10.9584,50.023,-1.89709,-0.448794
0,250,17.7787,39.3556,-4.00448,-0.347417
0,250,15.2831,47.7403,-3.04374,-0.420514
0,250,6.56437,40.4358,-3.5099,-3.57209
0,250,26.1377,39.8831,-3.31095,0.365463
0,250,24.542,39.9298,-3.45435,0.314512
0,250,34.224,40.2875,-2.49799,1.72241
0,250,8.16823,41.3847,-3.54053,-1.82014
0,250,27.2939,39.3433,-3.21122,0.402332
0,250,4.81452,43.7193,-1.6101,-2.72317
0,250,43.3491,41.9713,0.429245,1.75631
0,250,44.7391,43.7755,-0.0606288,1.03958
0,250,46.2247,43.9205,-0.108228,0.674205
0,250,45.0868,41.3906,0.249279,0.910025
0,250,45.0494,43.3815,0.010342,1.01211
0,250,38.7159,42.0258,-1.30444,2.06793
0,250,47.2984,46.0767,-0.309086,0.692742
0,250,43.7679,42.1455,0.358063,1.57815
0,250,31.7885,39.977,-3.14074,1.39609
0,250,46.8737,45.4203,-0.33771,0.800068
0,250,49.9534,44.7241,-0.448947,0.270508
0,250,46.0321,44.3653,-0.00663379,0.880798
0,250,41.7389,43.2417,-0.621213,1.47285
0,250,50.473,44.8319,-0.270722,-0.0470231
0,250,50.7265,43.7134,-0.0664559,-0.0377876
0,250,51.4249,43.0074,0.246106,-0.0124541
0,250,49.4821,45.3533,-0.219943,0.36372
0,250,47.8313,45.8929,-0.309428,0.858345
0,250,51.0909,43.3383,-0.182618,-0.20896
0,250,52.057,42.2698,0.0708134,0.338632
0,250,50.6788,42.4134,-0.220238,0.0773622
0,250,46.766,46.2561,-0.393301,0.708402
0,250,48.1289,47.3193,-0.00932291,0.69319
0,250,50.9596,46.1118,0.249548,0.100514
0,250,51.5185,43.6275,-0.179333,-0.185769
0,250,49.8743,45.701,0.168455,0.0573928
0,250,51.0332,44.7108,-0.205074,-0.407414
0,250,51.1797,43.9495,-0.0873428,-0.0938988
0,250,52.0124,43.8557,0.0937631,-0.159952
0,250,52.0136,49.3488,-0.00652472,0.194566
0,250,43.6042,52.0314,-0.9061,-0.0762993
0,250,51.9592,46.5886,-0.0397719,0.141616
0,250,49.7864,50.6287,-0.398,0.141623
0,250,50.5976,49.9999,0.117523,0.565786
0,250,36.9124,52.0538,-1.03534,0.108611
0,250,36.6217,51.2287,-1.27001,0.244536
0,250,36.3355,52.0529,-1.20622,0.0387662
0,250,35.757,52.0635,-1.05676,-0.0673308
0,250,16.3318,49.7889,-2.79462,-0.42716
0,250,12.9416,46.2025,-2.89815,-0.728796
0,250,42.7184,41.2275,0.421423,2.00295
0,250,3.36949,51.4093,-0.0841554,-0.352215
0,250,21.8401,39.2476,-3.86893,0.0247949
0,250,41.9316,41.1004,0.250947,2.18844
0,250,26.913,39.2562,-3.14046,0.365
0,250,19.9267,40.4139,-3.87163,-0.0926601
0,250,2.46682,40.0979,-0.274228,-4.55401
0,250,6.219,42.61,-2.64695,-2.55492
0,250,47.0478,41.3313,0.117093,0.566189
0,250,5.63003,40.6573,-2.52498,-4.13353
0,250,43.9633,41.678,0.483827,1.48609
0,250,7.45421,41.109,-3.63673,-2.44799
0,250,8.50787,41.0782,-3.7344,-1.80413
0,250,7.84974,41.5547,-3.5208,-2.14122
0,250,5.92238,42.8933,-2.27577,-2.47185
0,250,3.55796,44.4671,-0.0536023,-1.55035
0,250,36.6015,41.9681,-1.98169,1.71112
0,250,29.2718,40.3169,-3.16973,0.764781
0,250,48.3339,45.5047,-0.223295,0.679206
0,250,46.2556,44.7729,-0.178417,0.880954
0,250,49.3824,44.9299,-0.366531,0.462098
0,250,46.6914,44.1107,-0.199556,0.756035
0,250,48.851,45.13,-0.330873,0.732901
0,250,49.5851,44.4377,-0.350823,0.198721
0,250,50.7591,42.9441,-0.0627972,0.0571106
0,250,49.4495,42.5905,-0.124566,0.211917
0,250,51.1527,42.5793,-0.0781777,-0.0667701
0,250,51.9766,46.1279,0.0715337,0.0510552
0,250,51.8707,44.2625,0.0426866,-0.151732
0,250,52.024,42.9296,0.320288,-0.111767
0,250,48.9367,42.2299,0.0638282,0.3637
0,250,51.3579,42.1211,-0.403077,-0.10388
0,250,49.066,42.8102,-0.225191,0.474393
0,250,50.7933,44.275,-0.282433,-0.195722
0,250,49.643,47.0525,-0.169042,-0.0521484
0,250,49.088,41.534,0.447814,0.102542
0,250,51.5932,51.2493,-0.209426,0.286075
0,250,48.4565,51.1389,-0.51743,-0.186752
0,250,51.2018,52.069,-0.452219,0.0407871
0,250,51.4437,47.6879,-0.296178,0.123434
0,250,49.9421,51.1394,-0.281064,0.360263
0,250,45.8846,51.6092,-0.456602,-0.180464
0,250,50.2981,50.7936,-0.439444,0.185012
0,250,46.7908,52.0286,-0.541429,-0.0725973
0,250,37.645,51.6139,-0.990704,0.183996
0,250,46.2172,52.0749,-0.333386,-0.0491448
0,250,34.3902,50.7188,-1.52771,0.0539681
0,250,34.286,51.6035,-0.99671,-0.0147894
0,250,11.7358,44.2574,-2.99739,-1.00447
0,250,28.0983,39.4594,-3.19803,0.718931
0,250,12.3753,49.3399,-2.07275,-0.280981
0,250,8.15327,40.7252,-3.53335,-1.69905
0,250,39.1495,41.661,-1.12345,2.18733
0,250,45.8801,41.3101,0.260501,0.444779
0,250,11.2743,50.6379,-1.7033,-0.724951
0,250,6.75019,42.2095,-2.61747,-2.19559
0,250,19.8043,39.8967,-3.71003,-0.109615
0,250,20.7322,39.2997,-3.93467,-0.212853
0,250,25.416,40.8254,-3.38168,0.128792
0,250,8.17286,40.1612,-3.85733,-1.9257
0,250,4.67069,43.1729,-1.32915,-3.08264
0,250,37.8751,40.6131,-1.39391,2.52001
0,250,46.7209,44.5063,-0.199029,0.794307
0,250,34.2598,40.8946,-2.44625,1.64207
0,250,47.3267,45.651,-0.210732,0.642915
0,250,46.8953,44.9439,-0.312111,0.888257
0,250,48.4835,44.5848,-0.259918,0.597996
0,250,48.9918,44.629,-0.287326,0.638427
0,250,50.2503,43.8905,-0.152327,0.241499
0,250,47.9991,43.2901,0.141469,0.623737
0,250,46.758,43.5432,-0.0661459,0.767098
0,250,47.6559,43.6564,-0.113919,0.694256
0,250,47.63,42.9366,0.116788,0.74152
0,250,47.8399,45.4081,-0.170489,0.883133
0,250,49.1418,44.1739,-0.319693,0.48897
0,250,49.3394,41.9806,-0.302563,0.462904
0,250,47.7621,41.4975,0.215349,0.382809
0,250,51.4188,44.3783,0.0330212,-0.211403
0,250,47.2997,44.6047,-0.304619,0.778361
0,250,49.4405,43.6742,-0.142355,0.19437
0,250,39.7754,42.3317,-0.698327,1.74522
0,250,52.0304,44.7034,-0.232857,-0.0260748
0,250,50.2815,42.71,-0.163178,0.045717
0,250,42.5339,43.9304,-0.813474,1.26148
0,250,51.0015,41.8274,-0.545854,-0.0369964
0,250,49.8225,42.3741,-0.143246,0.400539
0,250,48.2009,41.3175,0.264992,0.767134
0,250,51.9608,45.1954,0.078668,-0.093735
0,250,50.5273,52.0654,-0.685196,0.00355753
0,250,48.9577,51.6326,-0.511303,-0.439058
0,250,40.4729,52.0726,-0.621458,-0.00288842
0,250,42.8457,50.7431,-1.03066,-0.133327
0,250,38.4275,51.1796,-1.55726,0.367931
0,250,41.2429,51.1041,-0.673053,-0.0243188
0,250,50.8241,51.7333,-0.392084,0.134595
0,250,39.7248,51.3267,-0.941083,-0.0397036
0,250,39.0919,51.1668,-1.4474,0.0688791
0,250,34.2322,51.1661,-1.57289,0.148711
0,250,23.186,39.6602,-3.77485,0.284757
0,250,3.73848,49.689,-0.0191243,-0.377474
0,250,18.8725,39.3348,-3.93624,-0.372075
0,250,5.82202,51.9412,-0.36613,-0.165358
0,250,51.6849,42.5722,-0.351306,-0.0731836
0,250,25.2514,39.6118,-3.2862,0.336243
0,250,6.76185,42.6981,-2.62583,-2.01991
0,250,19.6265,39.3788,-3.9195,-0.149126
0,250,6.30991,42.0992,-2.51692,-2.26191
0,250,27.6957,39.4207,-3.13046,0.542031
0,250,41.74,42.6804,-0.371513,1.61575
0,250,46.6223,41.3408,0.347836,0.49404
0,250,45.7143,43.9381,0.146269,0.893625
0,250,47.4045,45.1178,-0.233408,0.677221
0,250,50.7592,41.858,-0.53806,-0.171928
0,250,50.4476,43.3143,-0.136591,0.0547513
0,250,51.7163,41.7882,-0.28193,0.228055
0,250,42.1645,43.5007,-0.598961,1.397
0,250,42.8362,43.5582,-0.474347,1.43196
0,250,40.9126,43.734,-0.991859,1.11692
0,250,5.12847,41.9863,-2.18133,-3.39766
0,250,46.7309,41.8651,0.131897,0.359674
0,250,49.7607,44.0083,-0.288555,0.177651
0,250,48.4225,41.438,0.395747,0.429314
0,250,17.5284,39.6128,-3.99266,-0.43082
0,250,42.1811,42.9122,-0.344653,1.54634
0,250,45.5099,42.9936,0.181753,0.699381
0,250,43.7606,43.5427,-0.182563,1.22676
0,250,44.6837,43.0499,-0.0649024,1.21907
0,250,47.2919,43.3528,0.0595593,0.836769
0,250,45.1608,42.7652,0.0213441,1.10714
0,250,44.6286,42.5911,0.191648,1.0986
0,250,48.5718,42.5846,-0.134487,0.412404
0,250,41.5369,43.6476,-0.957598,1.22932
0,250,50.2565,42.1094,-0.11839,0.232391
0,250,47.3757,41.9107,-0.0830934,0.505855
0,250,46.8785,43.0457,0.1415,0.780586
0,250,44.0726,42.7339,0.200066,1.25253
0,250,50.3196,44.3533,-0.412434,0.221775
0,250,51.9817,45.6472,-0.116558,-0.0421485
0,250,52.0362,51.5493,-0.131276,0.243965
0,250,49.9044,42.959,-0.138213,0.219875
0,250,47.7628,51.7936,-0.419912,0.401813
0,250,51.9646,41.7235,-0.479311,0.53935
0,250,39.367,51.6035,-0.815798,-0.207995
0,250,38.6126,52.0157,-0.291213,0.1927
0,250,38.8073,51.5546,-1.10757,0.0652817
0,250,41.7074,51.3692,-0.841445,0.159092
0,250,40.0529,51.8264,-0.683291,0.0307423
0,250,38.2287,51.5939,-1.05785,0.437914
0,250,6.74024,41.692,-3.25545,-2.64427
0,250,16.2462,47.6275,-3.10985,-0.17523
0,250,24.3694,39.0705,-3.65187,0.387507
0,250,3.51948,42.44,-0.84412,-3.69812
0,250,21.1324,39.513,-3.91791,-0.144137
0,250,7.19407,41.4867,-3.36414,-2.06229
0,250,36.295,41.582,-2.23934,1.87247
0,250,6.54021,43.6308,-1.8476,-1.61576
0,250,42.4149,41.4366,0.0375818,1.70774
0,250,42.7719,44.6517,-1.03662,1.02941
0,250,47.4561,44.2193,-0.157221,0.805273
0,250,45.3348,41.827,0.567652,1.0064
0,250,47.1381,43.8724,-0.181364,0.817563
0,250,41.2712,42.4052,-0.387488,1.55967
0,250,41.3506,44.0841,-1.07968,1.13647
0,250,44.8177,42.1158,0.590931,0.924508
0,250,34.9953,40.3297,-2.33567,1.90063
0,250,43.7486,44.985,-0.473957,0.662363
0,250,43.3456,44.5831,-0.726716,0.928404
0,250,45.7821,42.3482,0.33324,0.624071
0,250,43.9331,43.1113,-0.301864,1.28242
0,250,43.3079,43.3084,-0.243087,1.33815
0,250,43.6611,44.1273,-0.485375,1.01438
0,250,44.3687,41.2856,0.316133,1.20928
0,250,44.3843,43.3949,-0.113649,1.11625
0,250,40.7022,44.1346,-1.15132,1.07572
0,250,44.3963,44.2244,-0.0860716,0.920081
0,250,48.0159,43.9757,-0.266922,0.682571
0,250,45.8583,41.873,0.312546,0.594628
0,250,42.9881,44.2226,-0.735987,1.23258
0,250,48.4637,43.1039,0.00243995,0.478009
0,250,46.0181,42.6946,0.127663,0.717947
0,250,41.1395,41.8133,-0.21765,2.10847
0,250,17.0426,39.3813,-4.14943,-0.361642
0,250,49.4592,43.2036,-0.0513853,0.202838
0,250,40.2778,41.9388,-0.630095,1.6139
0,250,48.9236,43.2705,-0.0489103,0.534061
0,250,43.2842,43.8442,-0.571444,1.2325
0,250,46.4555,42.8628,0.139822,0.547627
0,250,48.0811,42.7027,0.0026209,0.47645
0,250,51.4546,46.3027,0.15244,0.142868
0,250,49.5563,51.691,-0.701896,-0.15909
0,250,50.8338,45.1605,0.0959963,-0.241344
0,250,51.6461,50.6946,0.117344,0.267539
0,250,49.2775,52.0477,-0.681108,-0.143918
0,250,48.389,51.611,-0.237752,-0.0731527
0,250,41.2817,51.6156,-0.900604,0.0478879
0,250,39.6849,52.0455,-0.570416,-0.0639778
0,250,35.9536,51.6112,-0.832555,-0.192062
0,250,38.6394,50.7981,-1.79074,0.355947
0,250,41.7704,42.1921,-0.011591,1.7703
0,250,23.4934,39.1325,-3.73643,0.4244
0,250,35.8621,41.2377,-2.15897,1.87562
0,250,6.9876,40.8018,-3.41871,-2.35306
0,250,4.60262,44.8253,-0.78961,-2.14743
0,250,22.2928,39.3318,-3.8693,0.184909
0,250,6.27269,44.0582,-1.94947,-1.7497
0,250,40.6891,40.9595,-0.420456,2.25823
0,250,44.2632,42.2606,0.432985,1.27762
0,250,34.7705,40.7715,-2.33385,1.75524
0,250,43.12,41.2187,0.359701,1.84545
0,250,40.277,41.1242,-0.636871,1.99972
0,250,37.6517,40.9364,-1.58357,2.23462
0,250,42.5944,43.194,-0.345528,1.46287
0,250,47.3669,41.3521,0.392003,0.557242
0,250,43.2555,42.9046,-0.290319,1.39042
0,250,41.9869,43.9464,-0.981056,1.23353
0,250,40.8776,44.906,-1.48461,0.970876
0,250,39.0408,42.3895,-0.975619,1.89081
0,250,47.0485,42.2406,0.189448,0.660865
0,250,39.4983,40.8461,-0.71084,2.44805
0,250,33.7438,41.1765,-2.50607,1.60204
0,250,19.6544,41.151,-3.79043,-0.206382
0,250,24.1742,39.5255,-3.54392,0.326011
0,250,20.8224,41.1708,-3.85827,-0.0420938
0,250,41.7153,41.3158,-0.196038,1.96794
0,250,42.1896,41.8245,0.0508898,1.58597
0,250,46.5528,42.4124,0.301512,0.74658
0,250,5.34851,41.666,-2.66602,-3.90776
0,250,46.2952,42.0049,0.42434,0.699459
0,250,32.4331,40.0656,-2.79736,1.46482
0,250,48.3392,45.0318,-0.255012,0.612526
0,250,45.2823,42.3019,0.260182,1.12931
0,250,46.2902,43.4553,0.0936653,0.489216
0,250,48.2861,42.1909,-0.0852461,0.346484
0,250,49.9732,43.449,-0.0175344,0.33951
0,250,38.3779,41.0823,-1.26027,2.33025
0,250,11.8004,50.6071,-1.85467,-0.540614
0,250,48.3876,43.6258,-0.155454,0.631613
0,250,41.7529,44.3924,-1.23074,1.23833
0,250,47.202,42.7057,0.0859491,0.767864
0,250,49.7298,41.7852,0.045438,-0.357826
0,250,41.6593,52.0616,-0.807639,-0.00522676
0,250,49.9235,52.0537,-0.900117,-0.0143167
0,250,41.106,52.0361,-0.733909,0.0242632
0,250,42.6662,51.681,-0.911965,0.0149054
0,250,48.1394,52.04,-0.310234,-0.0936045
0,250,44.7126,52.0265,-1.08897,-0.274932
0,250,51.5818,50.1431,-0.0366061,0.175765
0,250,46.6588,51.2166,-0.631456,-0.0761334
0,250,12.3063,49.921,-1.92308,-0.115938
0,250,4.23035,41.0206,-1.8819,-4.14741
0,250,4.41356,43.7872,-1.38439,-3.29386
0,250,20.4337,39.2756,-3.89281,-0.232074
0,250,18.3342,39.7171,-3.88118,-0.289434
0,250,30.6789,40.3727,-2.95473,1.04936
0,250,42.2939,42.4174,-0.119588,1.55699
0,250,45.9293,43.2336,-0.0694292,0.841157
0,250,43.0149,41.7177,0.231259,1.88403
0,250,43.5361,41.3083,0.270555,1.72242
0,250,43.8883,41.2305,0.308092,1.58847
0,250,42.3443,44.3616,-1.09562,1.10348
0,250,41.5141,44.8427,-1.25447,1.16632
0,250,40.4498,41.5313,-0.373536,1.71177
0,250,41.1355,44.4936,-1.18066,1.18729
0,250,31.2085,40.3536,-2.98294,1.17969
0,250,42.7412,42.7236,-0.354944,1.4501
0,250,37.183,41.9025,-1.74509,1.69682
0,250,43.0241,42.3694,0.104062,1.54325
0,250,39.893,40.9149,-0.69027,2.34814
0,250,44.1531,43.846,-0.164752,1.07492
0,250,7.3271,41.9184,-3.07206,-2.23551
0,250,48.5462,44.1358,-0.230452,0.559332
0,250,41.6314,41.777,-0.109915,1.86134
0,250,7.40863,50.8575,-0.976797,0.0232053
0,250,25.7336,39.8623,-3.25483,0.0914782
0,250,44.7252,41.2801,0.30051,1.03465
0,250,47.6406,42.3907,-0.0331945,0.669038
0,250,47.8329,44.8728,-0.256914,0.815928
0,250,47.9518,44.4337,-0.21421,0.744063
0,250,4.74546,42.0385,-2.17801,-3.6773
0,250,48.6926,41.8339,0.0432971,0.469087
0,250,4.81847,49.3904,-0.390797,-0.678154
0,250,6.02309,51.3513,-0.563441,-0.2592
0,250,15.309,40.0709,-3.92381,-0.996101
0,250,6.56281,44.6005,-1.75942,-1.743
0,250,3.7044,50.2738,-0.127199,-0.427942
0,250,10.4083,49.2121,-1.8911,-0.158437
0,250,2.45937,42.8972,-0.396218,-1.64626
0,250,6.26949,45.6511,-1.29287,-1.49804
0,250,48.9056,43.7613,-0.127299,0.554176
0,250,47.9144,41.9777,-0.142762,0.568807
0,250,26.1485,40.5833,-3.38832,0.373511
0,250,48.7018,52.0306,-0.313428,0.022588
0,250,44.1416,52.0465,-0.933821,0.117688
0,250,45.6407,52.0148,-0.226027,-0.165058
0,250,47.3848,52.077,-0.785053,-0.0799555
0,250,42.0054,51.772,-0.780254,0.0178356
0,250,42.3889,52.0618,-0.847785,0.0930166
0,250,50.1292,51.6502,-0.39734,0.243491
1,250,1.5,53,0,0
1,250,2,53,0,0
1,250,1.5,1.5,0,0
1,250,1.5,2,0,0
1,250,52.5,1.5,0,0
1,250,53,1.5,0,0
1,250,2.5,52.5,0,0
1,250,2.5,53,0,0
1,250,1.5,2.5,0,0
1,250,2,2.5,0,0
1,250,2,1.5,0,0
1,250,2,2,0,0
1,250,52.5,2,0,0
1,250,53,2,0,0
1,250,3,52.5,0,0
1,250,3,53,0,0
1,250,1.5,3,0,0
1,250,2,3,0,0
1,250,2.5,1.5,0,0
1,250,2.5,2,0,0
1,250,52.5,2.5,0,0
1,250,53,2.5,0,0
1,250,3.5,52.5,0,0
1,250,3.5,53,0,0
1,250,1.5,3.5,0,0
1,250,2,3.5,0,0
1,250,3,1.5,0,0
1,250,3,2,0,0
1,250,52.5,3,0,0
1,250,53,3,0,0
1,250,4,52.5,0,0
1,250,4,53,0,0
1,250,1.5,4,0,0
1,250,2,4,0,0
1,250,3.5,1.5,0,0
1,250,3.5,2,0,0
1,250,52.5,3.5,0,0
1,250,53,3.5,0,0
1,250,4.5,52.5,0,0
1,250,4.5,53,0,0
1,250,1.5,4.5,0,0
1,250,2,4.5,0,0
1,250,4,1.5,0,0
1,250,4,2,0,0
1,250,52.5,4,0,0
1,250,53,4,0,0
1,250,5,52.5,0,0
1,250,5,53,0,0
1,250,1.5,5,0,0
1,250,2,5,0,0
1,250,4.5,1.5,0,0
1,250,4.5,2,0,0
1,250,52.5,4.5,0,0
1,250,53,4.5,0,0
1,250,5.5,52.5,0,0
1,250,5.5,53,0,0
1,250,1.5,5.5,0,0
1,250,2,5.5,0,0
1,250,5,1.5,0,0
1,250,5,2,0,0
1,250,52.5,5,0,0
1,250,53,5,0,0
1,250,6,52.5,0,0
1,250,6,53,0,0
1,250,1.5,6,0,0
1,250,2,6,0,0
1,250,5.5,1.5,0,0
1,250,5.5,2,0,0
1,250,52.5,5.5,0,0
1,250,53,5.5,0,0
1,250,6.5,52.5,0,0
1,250,6.5,53,0,0
1,250,1.5,6.5,0,0
1,250,2,6.5,0,0
1,250,6,1.5,0,0
1,250,6,2,0,0
1,250,52.5,6,0,0
1,250,53,6,0,0
1,250,7,52.5,0,0
1,250,7,53,0,0
1,250,1.5,7,0,0
1,250,2,7,0,0
1,250,6.5,1.5,0,0
1,250,6.5,2,0,0
1,250,52.5,6.5,0,0
1,250,53,6.5,0,0
1,250,7.5,52.5,0,0
1,250,7.5,53,0,0
1,250,1.5,7.5,0,0
1,250,2,7.5,0,0
1,250,7,1.5,0,0
1,250,7,2,0,0
1,250,52.5,7,0,0
1,250,53,7,0,0
1,250,8,52.5,0,0
1,250,8,53,0,0
1,250,1.5,8,0,0
1,250,2,8,0,0
1,250,7.5,1.5,0,0
1,250,7.5,2,0,0
1,250,52.5,7.5,0,0
1,250,53,7.5,0,0
1,250,8.5,52.5,0,0
1,250,8.5,53,0,0
1,250,1.5,8.5,0,0
1,250,2,8.5,0,0
1,250,8,1.5,0,0
1,250,8,2,0,0
1,250,52.5,8,0,0
1,250,53,8,0,0
1,250,9,52.5,0,0
1,250,9,53,0,0
1,250,1.5,9,0,0
1,250,2,9,0,0
1,250,8.5,1.5,0,0
1,250,8.5,2,0,0
1,250,52.5,8.5,0,0
1,250,53,8.5,0,0
1,250,9.5,52.5,0,0
1,250,9.5,53,0,0
1,250,1.5,9.5,0,0
1,250,2,9.5,0,0
1,250,9,1.5,0,0
1,250,9,2,0,0
1,250,52.5,9,0,0
1,250,53,9,0,0
1,250,10,52.5,0,0
1,250,10,53,0,0
1,250,1.5,10,0,0
1,250,2,10,0,0
1,250,9.5,1.5,0,0
1,250,9.5,2,0,0
1,250,52.5,9.5,0,0
1,250,53,9.5,0,0
1,250,10.5,52.5,0,0
1,250,10.5,53,0,0
1,250,1.5,10.5,0,0
1,250,2,10.5,0,0
1,250,10,1.5,0,0
1,250,10,2,0,0
1,250,52.5,10,0,0
1,250,53,10,0,0
1,250,11,52.5,0,0
1,250,11,53,0,0
1,250,1.5,11,0,0
1,250,2,11,0,0
1,250,10.5,1.5,0,0
1,250,10.5,2,0,0
1,250,52.5,10.5,0,0
1,250,53,10.5,0,0
1,250,11.5,52.5,0,0
1,250,11.5,53,0,0
1,250,1.5,11.5,0,0
1,250,2,11.5,0,0
1,250,11,1.5,0,0
1,250,11,2,0,0
1,250,52.5,11,0,0
1,250,53,11,0,0
1,250,12,52.5,0,0
1,250,12,53,0,0
1,250,1.5,12,0,0
1,250,2,12,0,0
1,250,11.5,1.5,0,0
1,250,11.5,2,0,0
1,250,52.5,11.5,0,0
1,250,53,11.5,0,0
1,250,12.5,52.5,0,0
1,250,12.5,53,0,0
1,250,1.5,12.5,0,0
1,250,2,12.5,0,0
1,250,12,1.5,0,0
1,250,12,2,0,0
1,250,52.5,12,0,0
1,250,53,12,0,0
1,250,13,52.5,0,0
1,250,13,53,0,0
1,250,1.5,13,0,0
1,250,2,13,0,0
1,250,12.5,1.5,0,0
1,250,12.5,2,0,0
1,250,52.5,12.5,0,0
1,250,53,12.5,0,0
1,250,13.5,52.5,0,0
1,250,13.5,53,0,0
1,250,1.5,13.5,0,0
1,250,2,13.5,0,0
1,250,13,1.5,0,0
1,250,13,2,0,0
1,250,52.5,13,0,0
1,250,53,13,0,0
1,250,14,52.5,0,0
1,250,14,53,0,0
1,250,1.5,14,0,0
1,250,2,14,0,0
1,250,13.5,1.5,0,0
1,250,13.5,2,0,0
1,250,52.5,13.5,0,0
1,250,53,13.5,0,0
1,250,14.5,52.5,0,0
1,250,14.5,53,0,0
1,250,1.5,14.5,0,0
1,250,2,14.5,0,0
1,250,14,1.5,0,0
1,250,14,2,0,0
1,250,52.5,14,0,0
1,250,53,14,0,0
1,250,15,52.5,0,0
1,250,15,53,0,0
1,250,1.5,15,0,0
1,250,2,15,0,0
1,250,14.5,1.5,0,0
1,250,14.5,2,0,0
1,250,52.5,14.5,0,0
1,250,53,14.5,0,0
1,250,15.5,52.5,0,0
1,250,15.5,53,0,0
1,250,1.5,15.5,0,0
1,250,2,15.5,0,0
1,250,15,1.5,0,0
1,250,15,2,0,0
1,250,52.5,15,0,0
1,250,53,15,0,0
1,250,16,52.5,0,0
1,250,16,53,0,0
1,250,1.5,16,0,0
1,250,2,16,0,0
1,250,15.5,1.5,0,0
1,250,15.5,2,0,0
1,250,52.5,15.5,0,0
1,250,53,15.5,0,0
1,250,16.5,52.5,0,0
1,250,16.5,53,0,0
1,250,1.5,16.5,0,0
1,250,2,16.5,0,0
1,250,16,1.5,0,0
1,250,16,2,0,0
1,250,52.5,16,0,0
1,250,53,16,0,0
1,250,17,52.5,0,0
1,250,17,53,0,0
1,250,1.5,17,0,0
1,250,2,17,0,0
1,250,16.5,1.5,0,0
1,250,16.5,2,0,0
1,250,52.5,16.5,0,0
1,250,53,16.5,0,0
1,250,17.5,52.5,0,0
1,250,17.5,53,0,0
1,250,1.5,17.5,0,0
1,250,2,17.5,0,0
1,250,17,1.5,0,0
1,250,17,2,0,0
1,250,52.5,17,0,0
1,250,53,17,0,0
1,250,18,52.5,0,0
1,250,18,53,0,0
1,250,1.5,18,0,0
1,250,2,18,0,0
1,250,17.5,1.5,0,0
1,250,17.5,2,0,0
1,250,52.5,17.5,0,0
1,250,53,17.5,0,0
1,250,18.5,52.5,0,0
1,250,18.5,53,0,0
1,250,1.5,18.5,0,0
1,250,2,18.5,0,0
1,250,18,1.5,0,0
1,250,18,2,0,0
1,250,52.5,18,0,0
1,250,53,18,0,0
1,250,19,52.5,0,0
1,250,19,53,0,0
1,250,1.5,19,0,0
1,250,2,19,0,0
1,250,18.5,1.5,0,0
1,250,18.5,2,0,0
1,250,52.5,18.5,0,0
1,250,53,18.5,0,0
1,250,19.5,52.5,0,0
1,250,19.5,53,0,0
1,250,1.5,19.5,0,0
1,250,2,19.5,0,0
1,250,19,1.5,0,0
1,250,19,2,0,0
1,250,52.5,19,0,0
1,250,53,19,0,0
1,250,20,52.5,0,0
1,250,20,53,0,0
1,250,1.5,20,0,0
1,250,2,20,0,0
1,250,19.5,1.5,0,0
1,250,19.5,2,0,0
1,250,52.5,19.5,0,0
1,250,53,19.5,0,0
1,250,20.5,52.5,0,0
1,250,20.5,53,0,0
1,250,1.5,20.5,0,0
1,250,2,20.5,0,0
1,250,20,1.5,0,0
1,250,20,2,0,0
1,250,52.5,20,0,0
1,250,53,20,0,0
1,250,21,52.5,0,0
1,250,21,53,0,0
1,250,1.5,21,0,0
1,250,2,21,0,0
1,250,20.5,1.5,0,0
1,250,20.5,2,0,0
1,250,52.5,20.5,0,0
1,250,53,20.5,0,0
1,250,21.5,52.5,0,0
1,250,21.5,53,0,0
1,250,1.5,21.5,0,0
1,250,2,21.5,0,0
1,250,21,1.5,0,0
1,250,21,2,0,0
1,250,52.5,21,0,0
1,250,53,21,0,0
1,250,22,52.5,0,0
1,250,22,53,0,0
1,250,1.5,22,0,0
1,250,2,22,0,0
1,250,21.5,1.5,0,0
1,250,21.5,2,0,0
1,250,52.5,21.5,0,0
1,250,53,21.5,0,0
1,250,22.5,52.5,0,0
1,250,22.5,53,0,0
1,250,1.5,22.5,0,0
1,250,2,22.5,0,0
1,250,22,1.5,0,0
1,250,22,2,0,0
1,250,52.5,22,0,0
1,250,53,22,0,0
1,250,23,52.5,0,0
1,250,23,53,0,0
1,250,1.5,23,0,0
1,250,2,23,0,0
1,250,22.5,1.5,0,0
1,250,22.5,2,0,0
1,250,52.5,22.5,0,0
1,250,53,22.5,0,0
1,250,23.5,52.5,0,0
1,250,23.5,53,0,0
1,250,1.5,23.5,0,0
1,250,2,23.5,0,0
1,250,23,1.5,0,0
1,250,23,2,0,0
1,250,52.5,23,0,0
1,250,53,23,0,0
1,250,24,52.5,0,0
1,250,24,53,0,0
1,250,1.5,24,0,0
1,250,2,24,0,0
1,250,23.5,1.5,0,0
1,250,23.5,2,0,0
1,250,52.5,23.5,0,0
1,250,53,23.5,0,0
1,250,24.5,52.5,0,0
1,250,24.5,53,0,0
1,250,1.5,24.5,0,0
1,250,2,24.5,0,0
1,250,24,1.5,0,0
1,250,24,2,0,0
1,250,52.5,24,0,0
1,250,53,24,0,0
1,250,25,52.5,0,0
1,250,25,53,0,0
1,250,1.5,25,0,0
1,250,2,25,0,0
1,250,24.5,1.5,0,0
1,250,24.5,2,0,0
1,250,52.5,24.5,0,0
1,250,53,24.5,0,0
1,250,25.5,52.5,0,0
1,250,25.5,53,0,0
1,250,1.5,25.5,0,0
1,250,2,25.5,0,0
1,250,25,1.5,0,0
1,250,25,2,0,0
1,250,52.5,25,0,0
1,250,53,25,0,0
1,250,26,52.5,0,0
1,250,26,53,0,0
1,250,1.5,26,0,0
1,250,2,26,0,0
1,250,25.5,1.5,0,0
1,250,25.5,2,0,0
1,250,52.5,25.5,0,0
1,250,53,25.5,0,0
1,250,26.5,52.5,0,0
1,250,26.5,53,0,0
1,250,1.5,26.5,0,0
1,250,2,26.5,0,0
1,250,26,1.5,0,0
1,250,26,2,0,0
1,250,52.5,26,0,0
1,250,53,26,0,0
1,250,27,52.5,0,0
1,250,27,53,0,0
1,250,1.5,27,0,0
1,250,2,27,0,0
1,250,26.5,1.5,0,0
1,250,26.5,2,0,0
1,250,52.5,26.5,0,0
1,250,53,26.5,0,0
1,250,27.5,52.5,0,0
1,250,27.5,53,0,0
1,250,1.5,27.5,0,0
1,250,2,27.5,0,0
1,250,27,1.5,0,0
1,250,27,2,0,0
1,250,52.5,27,0,0
1,250,53,27,0,0
1,250,28,52.5,0,0
1,250,28,53,0,0
1,250,1.5,28,0,0
1,250,2,28,0,0
1,250,27.5,1.5,0,0
1,250,27.5,2,0,0
1,250,52.5,27.5,0,0
1,250,53,27.5,0,0
1,250,28.5,52.5,0,0
1,250,28.5,53,0,0
1,250,1.5,28.5,0,0
1,250,2,28.5,0,0
1,250,28,1.5,0,0
1,250,28,2,0,0
1,250,52.5,28,0,0
1,250,53,28,0,0
1,250,29,52.5,0,0
1,250,29,53,0,0
1,250,1.5,29,0,0
1,250,2,29,0,0
1,250,28.5,1.5,0,0
1,250,28.5,2,0,0
1,250,52.5,28.5,0,0
1,250,53,28.5,0,0
1,250,29.5,52.5,0,0
1,250,29.5,53,0,0
1,250,1.5,29.5,0,0
1,250,2,29.5,0,0
1,250,29,1.5,0,0
1,250,29,2,0,0
1,250,52.5,29,0,0
1,250,53,29,0,0
1,250,30,52.5,0,0
1,250,30,53,0,0
1,250,1.5,30,0,0
1,250,2,30,0,0
1,250,29.5,1.5,0,0
1,250,29.5,2,0,0
1,250,52.5,29.5,0,0
1,250,53,29.5,0,0
1,250,30.5,52.5,0,0
1,250,30.5,53,0,0
1,250,1.5,30.5,0,0
1,250,2,30.5,0,0
1,250,30,1.5,0,0
1,250,30,2,0,0
1,250,52.5,30,0,0
1,250,53,30,0,0
1,250,31,52.5,0,0
1,250,31,53,0,0
1,250,1.5,31,0,0
1,250,2,31,0,0
1,250,30.5,1.5,0,0
1,250,30.5,2,0,0
1,250,52.5,30.5,0,0
1,250,53,30.5,0,0
1,250,31.5,52.5,0,0
1,250,31.5,53,0,0
1,250,1.5,31.5,0,0
1,250,2,31.5,0,0
1,250,31,1.5,0,0
1,250,31,2,0,0
1,250,52.5,31,0,0
1,250,53,31,0,0
1,250,32,52.5,0,0
1,250,32,53,0,0
1,250,1.5,32,0,0
1,250,2,32,0,0
1,250,31.5,1.5,0,0
1,250,31.5,2,0,0
1,250,52.5,31.5,0,0
1,250,53,31.5,0,0
1,250,32.5,52.5,0,0
1,250,32.5,53,0,0
1,250,1.5,32.5,0,0
1,250,2,32.5,0,0
1,250,32,1.5,0,0
1,250,32,2,0,0
1,250,52.5,32,0,0
1,250,53,32,0,0
1,250,33,52.5,0,0
1,250,33,53,0,0
1,250,1.5,33,0,0
1,250,2,33,0,0
1,250,32.5,1.5,0,0
1,250,32.5,2,0,0
1,250,52.5,32.5,0,0
1,250,53,32.5,0,0
1,250,33.5,52.5,0,0
1,250,33.5,53,0,0
1,250,1.5,33.5,0,0
1,250,2,33.5,0,0
1,250,33,1.5,0,0
1,250,33,2,0,0
1,250,52.5,33,0,0
1,250,53,33,0,0
1,250,34,52.5,0,0
1,250,34,53,0,0
1,250,1.5,34,0,0
1,250,2,34,0,0
1,250,33.5,1.5,0,0
1,250,33.5,2,0,0
1,250,52.5,33.5,0,0
1,250,53,33.5,0,0
1,250,34.5,52.5,0,0
1,250,34.5,53,0,0
1,250,1.5,34.5,0,0
1,250,2,34.5,0,0
1,250,34,1.5,0,0
1,250,34,2,0,0
1,250,52.5,34,0,0
1,250,53,34,0,0
1,250,35,52.5,0,0
1,250,35,53,0,0
1,250,1.5,35,0,0
1,250,2,35,0,0
1,250,34.5,1.5,0,0
1,250,34.5,2,0,0
1,250,52.5,34.5,0,0
1,250,53,34.5,0,0
1,250,35.5,52.5,0,0
1,250,35.5,53,0,0
1,250,1.5,35.5,0,0
1,250,2,35.5,0,0
1,250,35,1.5,0,0
1,250,35,2,0,0
1,250,52.5,35,0,0
1,250,53,35,0,0
1,250,36,52.5,0,0
1,250,36,53,0,0
1,250,1.5,36,0,0
1,250,2,36,0,0
1,250,35.5,1.5,0,0
1,250,35.5,2,0,0
1,250,52.5,35.5,0,0
1,250,53,35.5,0,0
1,250,36.5,52.5,0,0
1,250,36.5,53,0,0
1,250,1.5,36.5,0,0
1,250,2,36.5,0,0
1,250,36,1.5,0,0
1,250,36,2,0,0
1,250,52.5,36,0,0
1,250,53,36,0,0
1,250,37,52.5,0,0
1,250,37,53,0,0
1,250,1.5,37,0,0
1,250,2,37,0,0
1,250,36.5,1.5,0,0
1,250,36.5,2,0,0
1,250,52.5,36.5,0,0
1,250,53,36.5,0,0
1,250,37.5,52.5,0,0
1,250,37.5,53,0,0
1,250,1.5,37.5,0,0
1,250,2,37.5,0,0
1,250,37,1.5,0,0
1,250,37,2,0,0
1,250,52.5,37,0,0
1,250,53,37,0,0
1,250,38,52.5,0,0
1,250,38,53,0,0
1,250,1.5,38,0,0
1,250,2,38,0,0
1,250,37.5,1.5,0,0
1,250,37.5,2,0,0
1,250,52.5,37.5,0,0
1,250,53,37.5,0,0
1,250,38.5,52.5,0,0
1,250,38.5,53,0,0
1,250,1.5,38.5,0,0
1,250,2,38.5,0,0
1,250,38,1.5,0,0
1,250,38,2,0,0
1,250,52.5,38,0,0
1,250,53,38,0,0
1,250,39,52.5,0,0
1,250,39,53,0,0
1,250,1.5,39,0,0
1,250,2,39,0,0
1,250,38.5,1.5,0,0
1,250,38.5,2,0,0
1,250,52.5,38.5,0,0
1,250,53,38.5,0,0
1,250,39.5,52.5,0,0
1,250,39.5,53,0,0
1,250,1.5,39.5,0,0
1,250,2,39.5,0,0
1,250,39,1.5,0,0
1,250,39,2,0,0
1,250,52.5,39,0,0
1,250,53,39,0,0
1,250,40,52.5,0,0
1,250,40,53,0,0
1,250,1.5,40,0,0
1,250,2,40,0,0
1,250,39.5,1.5,0,0
1,250,39.5,2,0,0
1,250,52.5,39.5,0,0
1,250,53,39.5,0,0
1,250,40.5,52.5,0,0
1,250,40.5,53,0,0
1,250,1.5,40.5,0,0
1,250,2,40.5,0,0
1,250,40,1.5,0,0
1,250,40,2,0,0
1,250,52.5,40,0,0
1,250,53,40,0,0
1,250,41,52.5,0,0
1,250,41,53,0,0
1,250,1.5,41,0,0
1,250,2,41,0,0
1,250,40.5,1.5,0,0
1,250,40.5,2,0,0
1,250,52.5,40.5,0,0
1,250,53,40.5,0,0
1,250,41.5,52.5,0,0
1,250,41.5,53,0,0
1,250,1.5,41.5,0,0
1,250,2,41.5,0,0
1,250,41,1.5,0,0
1,250,41,2,0,0
1,250,52.5,41,0,0
1,250,53,41,0,0
1,250,42,52.5,0,0
1,250,42,53,0,0
1,250,1.5,42,0,0
1,250,2,42,0,0
1,250,41.5,1.5,0,0
1,250,41.5,2,0,0
1,250,52.5,41.5,0,0
1,250,53,41.5,0,0
1,250,42.5,52.5,0,0
1,250,42.5,53,0,0
1,250,1.5,42.5,0,0
1,250,2,42.5,0,0
1,250,42,1.5,0,0
1,250,42,2,0,0
1,250,52.5,42,0,0
1,250,53,42,0,0
1,250,43,52.5,0,0
1,250,43,53,0,0
1,250,1.5,43,0,0
1,250,2,43,0,0
1,250,42.5,1.5,0,0
1,250,42.5,2,0,0
1,250,52.5,42.5,0,0
1,250,53,42.5,0,0
1,250,43.5,52.5,0,0
1,250,43.5,53,0,0
1,250,1.5,43.5,0,0
1,250,2,43.5,0,0
1,250,43,1.5,0,0
1,250,43,2,0,0
1,250,52.5,43,0,0
1,250,53,43,0,0
1,250,44,52.5,0,0
1,250,44,53,0,0
1,250,1.5,44,0,0
1,250,2,44,0,0
1,250,43.5,1.5,0,0
1,250,43.5,2,0,0
1,250,52.5,43.5,0,0
1,250,53,43.5,0,0
1,250,44.5,52.5,0,0
1,250,44.5,53,0,0
1,250,1.5,44.5,0,0
1,250,2,44.5,0,0
1,250,44,1.5,0,0
1,250,44,2,0,0
1,250,52.5,44,0,0
1,250,53,44,0,0
1,250,45,52.5,0,0
1,250,45,53,0,0
1,250,1.5,45,0,0
1,250,2,45,0,0
1,250,44.5,1.5,0,0
1,250,44.5,2,0,0
1,250,52.5,44.5,0,0
1,250,53,44.5,0,0
1,250,45.5,52.5,0,0
1,250,45.5,53,0,0
1,250,1.5,45.5,0,0
1,250,2,45.5,0,0
1,250,45,1.5,0,0
1,250,45,2,0,0
1,250,52.5,45,0,0
1,250,53,45,0,0
1,250,46,52.5,0,0
1,250,46,53,0,0
1,250,1.5,46,0,0
1,250,2,46,0,0
1,250,45.5,1.5,0,0
1,250,45.5,2,0,0
1,250,52.5,45.5,0,0
1,250,53,45.5,0,0
1,250,46.5,52.5,0,0
1,250,46.5,53,0,0
1,250,1.5,46.5,0,0
1,250,2,46.5,0,0
1,250,46,1.5,0,0
1,250,46,2,0,0
1,250,52.5,46,0,0
1,250,53,46,0,0
1,250,47,52.5,0,0
1,250,47,53,0,0
1,250,1.5,47,0,0
1,250,2,47,0,0
1,250,46.5,1.5,0,0
1,250,46.5,2,0,0
1,250,52.5,46.5,0,0
1,250,53,46.5,0,0
1,250,47.5,52.5,0,0
1,250,47.5,53,0,0
1,250,1.5,47.5,0,0
1,250,2,47.5,0,0
1,250,47,1.5,0,0
1,250,47,2,0,0
1,250,52.5,47,0,0
1,250,53,47,0,0
1,250,48,52.5,0,0
1,250,48,53,0,0
1,250,1.5,48,0,0
1,250,2,48,0,0
1,250,47.5,1.5,0,0
1,250,47.5,2,0,0
1,250,52.5,47.5,0,0
1,250,53,47.5,0,0
1,250,48.5,52.5,0,0
1,250,48.5,53,0,0
1,250,1.5,48.5,0,0
1,250,2,48.5,0,0
1,250,48,1.5,0,0
1,250,48,2,0,0
1,250,52.5,48,0,0
1,250,53,48,0,0
1,250,49,52.5,0,0
1,250,49,53,0,0
1,250,1.5,49,0,0
1,250,2,49,0,0
1,250,48.5,1.5,0,0
1,250,48.5,2,0,0
1,250,52.5,48.5,0,0
1,250,53,48.5,0,0
1,250,49.5,52.5,0,0
1,250,49.5,53,0,0
1,250,1.5,49.5,0,0
1,250,2,49.5,0,0
1,250,49,1.5,0,0
1,250,49,2,0,0
1,250,52.5,49,0,0
1,250,53,49,0,0
1,250,50,52.5,0,0
1,250,50,53,0,0
1,250,1.5,50,0,0
1,250,2,50,0,0
1,250,49.5,1.5,0,0
1,250,49.5,2,0,0
1,250,52.5,49.5,0,0
1,250,53,49.5,0,0
1,250,50.5,52.5,0,0
1,250,50.5,53,0,0
1,250,1.5,50.5,0,0
1,250,2,50.5,0,0
1,250,50,1.5,0,0
1,250,50,2,0,0
1,250,52.5,50,0,0
1,250,53,50,0,0
1,250,51,52.5,0,0
1,250,51,53,0,0
1,250,1.5,51,0,0
1,250,2,51,0,0
1,250,50.5,1.5,0,0
1,250,50.5,2,0,0
1,250,52.5,50.5,0,0
1,250,53,50.5,0,0
1,250,51.5,52.5,0,0
1,250,51.5,53,0,0
1,250,1.5,51.5,0,0
1,250,2,51.5,0,0
1,250,51,1.5,0,0
1,250,51,2,0,0
1,250,52.5,51,0,0
1,250,53,51,0,0
1,250,52,52.5,0,0
1,250,52,53,0,0
1,250,1.5,52,0,0
1,250,2,52,0,0
1,250,51.5,1.5,0,0
1,250,51.5,2,0,0
1,250,52.5,51.5,0,0
1,250,53,51.5,0,0
1,250,52.5,52.5,0,0
1,250,52.5,53,0,0
1,250,1.5,52.5,0,0
1,250,2,52.5,0,0
1,250,52,1.5,0,0
1,250,52,2,0,0
1,250,52.5,52,0,0
1,250,53,52,0,0
