3314 2 0.5 5e+06 0.5 0 2 0 0.001 0 9.81 55 55
0,250,2.5,27.5483,-1.44118e-05,0.937206
0,250,2.5,28.0483,-5.6445e-05,0.937645
0,250,2.5,28.5483,-1.80399e-05,0.937602
0,250,2.5,29.0483,-1.36379e-05,0.937591
0,250,2.5,29.5483,-6.89468e-06,0.937593
0,250,2.5,30.0483,-5.40982e-06,0.937591
0,250,2.5,30.5483,-5.7012e-06,0.937591
0,250,2.5,31.0483,-5.96788e-06,0.937591
0,250,2.5,31.5483,-6.04639e-06,0.937591
0,250,2.5,32.0483,-6.09149e-06,0.937591
0,250,2.5,32.5483,-6.10467e-06,0.937591
0,250,2.5,33.0483,-6.10945e-06,0.937591
0,250,2.5,33.5483,-6.11081e-06,0.937591
0,250,2.5,34.0483,-6.11115e-06,0.937591
0,250,2.5,34.5483,-6.11124e-06,0.937591
0,250,2.5,35.0483,-6.11126e-06,0.937591
0,250,2.5,35.5483,-6.11127e-06,0.937591
0,250,2.5,36.0483,-6.11127e-06,0.937591
0,250,2.5,36.5483,-6.11127e-06,0.937591
0,250,2.5,37.0483,-6.11127e-06,0.937591
0,250,2.5,37.5483,-6.11127e-06,0.937591
0,250,2.5,38.0483,-6.11127e-06,0.937591
0,250,2.5,38.5483,-6.11127e-06,0.937591
0,250,2.5,39.0483,-6.11127e-06,0.937591
0,250,2.5,39.5483,-6.11127e-06,0.937591
0,250,2.5,40.0483,-6.11129e-06,0.937591
0,250,2.5,40.5483,-6.11157e-06,0.937591
0,250,2.5,41.0483,-6.11676e-06,0.937591
0,250,2.5,41.5483,-7.69633e-06,0.937589
0,250,2.5,42.0483,-1.48445e-05,0.937589
0,250,2.5,42.5483,-3.56774e-05,0.937574
0,250,2.5,43.0483,-0.000108705,0.937568
0,250,2.5,43.5483,-0.000274718,0.937453
0,250,2.49999,44.0483,-0.000858474,0.937409
0,250,2.49999,44.5483,-0.00207013,0.93604
0,250,2.49996,45.0483,-0.00549897,0.933778
0,250,2.49991,45.5481,-0.00948696,0.916503
0,250,2.49988,46.048,-0.00894609,0.908804
0,250,2.49973,46.5475,-0.0214452,0.863546
0,250,2.49975,47.0472,-0.0172157,0.845055
0,250,2.49927,47.5456,-0.047156,0.750202
0,250,2.49949,48.045,-0.025283,0.714486
0,250,2.49838,48.5416,-0.0735586,0.599212
0,250,2.49929,49.0405,-0.0188885,0.545373
0,250,2.49719,49.5355,-0.0776641,0.478974
0,250,2.49943,50.0336,-0.00632903,0.401646
0,250,2.49593,50.5276,-0.0706021,0.374676
0,250,2.50006,51.0248,-0.00211201,0.272006
0,250,2.49384,51.517,-0.0929388,0.22624
0,250,2.50221,52.0133,0.0376312,0.106681
0,250,3,27.5495,-1.75838e-06,0.980528
0,250,3,28.0495,-6.78137e-06,0.980174
0,250,3,28.5495,-3.77486e-06,0.980268
0,250,3,29.0495,-5.61822e-06,0.980225
0,250,3,29.5495,-5.05424e-06,0.980235
0,250,3,30.0495,-5.75071e-06,0.980225
0,250,3,30.5495,-6.13357e-06,0.980226
0,250,3,31.0495,-6.51251e-06,0.980226
0,250,3,31.5495,-6.64052e-06,0.980226
0,250,3,32.0495,-6.72465e-06,0.980226
0,250,3,32.5495,-6.75414e-06,0.980227
0,250,3,33.0495,-6.76751e-06,0.980227
0,250,3,33.5495,-6.77232e-06,0.980227
0,250,3,34.0495,-6.77402e-06,0.980227
0,250,3,34.5495,-6.77459e-06,0.980227
0,250,3,35.0495,-6.77476e-06,0.980227
0,250,3,35.5495,-6.77481e-06,0.980227
0,250,3,36.0495,-6.77483e-06,0.980227
0,250,3,36.5495,-6.77483e-06,0.980227
0,250,3,37.0495,-6.77483e-06,0.980227
0,250,3,37.5495,-6.77483e-06,0.980227
0,250,3,38.0495,-6.77483e-06,0.980227
0,250,3,38.5495,-6.77483e-06,0.980227
0,250,3,39.0495,-6.77483e-06,0.980227
0,250,3,39.5495,-6.77483e-06,0.980227
0,250,3,40.0495,-6.77497e-06,0.980227
0,250,3,40.5495,-6.85729e-06,0.980226
0,250,3,41.0495,-7.2832e-06,0.980226
0,250,3,41.5495,-1.04757e-05,0.980217
0,250,3,42.0495,-2.25014e-05,0.980213
0,250,3,42.5495,-5.31921e-05,0.980129
0,250,3,43.0495,-0.000161452,0.980107
0,250,3,43.5495,-0.000389269,0.979467
0,250,2.99999,44.0495,-0.00119537,0.979295
0,250,2.99998,44.5495,-0.00246882,0.974846
0,250,2.99995,45.0495,-0.00638737,0.972898
0,250,2.99992,45.5493,-0.00811225,0.95036
0,250,2.99983,46.0492,-0.0139086,0.943489
0,250,2.99978,46.5484,-0.0164189,0.878775
0,250,2.99956,47.0482,-0.0315611,0.861806
0,250,2.99947,47.5459,-0.0335175,0.736779
0,250,2.999,48.0454,-0.0505786,0.701401
0,250,2.99893,48.5409,-0.0481581,0.562597
0,250,2.99837,49.0398,-0.0442367,0.501024
0,250,2.99833,49.5335,-0.0459116,0.418762
0,250,2.99812,50.0316,-0.0225613,0.3274
0,250,2.99797,50.524,-0.0365469,0.274242
0,250,2.99835,51.0206,-0.0147822,0.150992
0,250,2.99814,51.5119,-0.0321753,0.108004
0,250,3.00058,52.0054,0.0408308,-0.0569127
0,250,3.5,27.5495,1.07897e-05,0.980965
0,250,3.5,28.0495,4.34642e-05,0.980984
0,250,3.5,28.5495,9.20326e-06,0.981001
0,250,3.5,29.0495,6.65655e-06,0.980986
0,250,3.5,29.5495,-5.10026e-07,0.980991
0,250,3.5,30.0495,-4.22605e-06,0.980987
0,250,3.5,30.5495,-4.86857e-06,0.980988
0,250,3.5,31.0495,-5.80518e-06,0.980988
0,250,3.5,31.5495,-6.13631e-06,0.980989
0,250,3.5,32.0495,-6.5268e-06,0.980989
0,250,3.5,32.5495,-6.64847e-06,0.980989
0,250,3.5,33.0495,-6.75005e-06,0.980989
0,250,3.5,33.5495,-6.78011e-06,0.980989
0,250,3.5,34.0495,-6.79594e-06,0.980989
0,250,3.5,34.5495,-6.80047e-06,0.980989
0,250,3.5,35.0495,-6.80211e-06,0.980989
0,250,3.5,35.5495,-6.80256e-06,0.980989
0,250,3.5,36.0495,-6.80268e-06,0.980989
0,250,3.5,36.5495,-6.80271e-06,0.980989
0,250,3.5,37.0495,-6.80272e-06,0.980989
0,250,3.5,37.5495,-6.80272e-06,0.980989
0,250,3.5,38.0495,-6.80272e-06,0.980989
0,250,3.5,38.5495,-6.80272e-06,0.980989
0,250,3.5,39.0495,-6.80272e-06,0.980989
0,250,3.5,39.5495,-6.80272e-06,0.980989
0,250,3.5,40.0495,-6.80293e-06,0.980989
0,250,3.5,40.5495,-7.02245e-06,0.980988
0,250,3.5,41.0495,-8.06934e-06,0.980988
0,250,3.5,41.5495,-1.09317e-05,0.980972
0,250,3.5,42.0495,-2.01664e-05,0.980967
0,250,3.5,42.5495,-4.06951e-05,0.980831
0,250,3.5,43.0495,-0.000112225,0.980799
0,250,3.5,43.5495,-0.000252061,0.979813
0,250,3.49999,44.0495,-0.000707411,0.979589
0,250,3.49999,44.5495,-0.001329,0.973841
0,250,3.49997,45.0495,-0.00296159,0.972096
0,250,3.49996,45.5492,-0.00466292,0.947844
0,250,3.49991,46.0492,-0.00891073,0.940691
0,250,3.49985,46.5483,-0.0128707,0.873104
0,250,3.49973,47.048,-0.020185,0.852762
0,250,3.49959,47.5457,-0.0283415,0.735864
0,250,3.4994,48.0451,-0.0301634,0.687293
0,250,3.49911,48.5409,-0.0453472,0.577051
0,250,3.49909,49.0394,-0.026709,0.492069
0,250,3.49853,49.5338,-0.0501101,0.433447
0,250,3.49899,50.0311,-0.0174894,0.328722
0,250,3.49816,50.5245,-0.0429083,0.276259
0,250,3.49921,51.0209,-0.00695366,0.16784
0,250,3.49855,51.5129,-0.0228612,0.125919
0,250,3.50015,52.0096,0.0105827,0.0270891
0,250,4,27.5495,2.04117e-06,0.98098
0,250,4,28.0495,6.8165e-06,0.98099
0,250,4,28.5495,1.90806e-06,0.981005
0,250,4,29.0495,3.20397e-07,0.980998
0,250,4,29.5495,-1.88106e-06,0.980997
0,250,4,30.0495,-3.71898e-06,0.980997
0,250,4,30.5495,-4.40183e-06,0.980998
0,250,4,31.0495,-5.3932e-06,0.980998
0,250,4,31.5495,-5.79153e-06,0.980999
0,250,4,32.0495,-6.25794e-06,0.980999
0,250,4,32.5495,-6.42366e-06,0.981
0,250,4,33.0495,-6.56589e-06,0.981
0,250,4,33.5495,-6.61366e-06,0.981
0,250,4,34.0495,-6.64192e-06,0.981
0,250,4,34.5495,-6.65125e-06,0.981
0,250,4,35.0495,-6.6551e-06,0.981
0,250,4,35.5495,-6.65636e-06,0.981
0,250,4,36.0495,-6.65677e-06,0.981
0,250,4,36.5495,-6.6569e-06,0.981
0,250,4,37.0495,-6.65694e-06,0.981
0,250,4,37.5495,-6.65695e-06,0.981
0,250,4,38.0495,-6.65695e-06,0.981
0,250,4,38.5495,-6.65695e-06,0.981
0,250,4,39.0495,-6.65695e-06,0.981
0,250,4,39.5495,-6.65695e-06,0.981
0,250,4,40.0495,-6.65732e-06,0.981
0,250,4,40.5495,-6.87099e-06,0.980999
0,250,4,41.0495,-7.8766e-06,0.980998
0,250,4,41.5495,-9.99451e-06,0.980977
0,250,4,42.0495,-1.71481e-05,0.980969
0,250,4,42.5495,-3.47592e-05,0.980798
0,250,4,43.0495,-9.14928e-05,0.980736
0,250,4,43.5495,-0.000213056,0.979542
0,250,4,44.0495,-0.000551087,0.979131
0,250,3.99999,44.5495,-0.00115592,0.972663
0,250,3.99998,45.0495,-0.00247753,0.970435
0,250,3.99996,45.5492,-0.00426,0.944829
0,250,3.99992,46.0491,-0.00751157,0.936434
0,250,3.99987,46.5482,-0.0114803,0.868031
0,250,3.99978,47.0479,-0.0171649,0.843924
0,250,3.99966,47.5456,-0.0244473,0.730329
0,250,3.99949,48.0448,-0.0298857,0.677448
0,250,3.99928,48.5407,-0.0360245,0.574207
0,250,3.99911,49.0391,-0.0360061,0.493148
0,250,3.99893,49.5336,-0.0320862,0.432444
0,250,3.99883,50.031,-0.0279387,0.338045
0,250,3.99887,50.5244,-0.0186326,0.279563
0,250,3.99892,51.0209,-0.0112145,0.170168
0,250,3.99915,51.513,-0.00531991,0.134527
0,250,3.99947,52.0086,0.00821861,0.0151842
0,250,4.5,27.5495,2.48093e-06,0.98099
0,250,4.5,28.0495,1.07203e-05,0.980992
0,250,4.5,28.5495,5.53333e-06,0.980997
0,250,4.5,29.0495,7.15489e-07,0.980995
0,250,4.5,29.5495,-9.5451e-07,0.980996
0,250,4.5,30.0495,-2.15671e-06,0.980996
0,250,4.5,30.5495,-2.85335e-06,0.980997
0,250,4.5,31.0495,-4.05403e-06,0.980998
0,250,4.5,31.5495,-4.64813e-06,0.980999
0,250,4.5,32.0495,-5.52177e-06,0.980999
0,250,4.5,32.5495,-5.87949e-06,0.981
0,250,4.5,33.0495,-6.3233e-06,0.981
0,250,4.5,33.5495,-6.4793e-06,0.981
0,250,4.5,34.0495,-6.63018e-06,0.981
0,250,4.5,34.5495,-6.67793e-06,0.981
0,250,4.5,35.0495,-6.71029e-06,0.981
0,250,4.5,35.5495,-6.71986e-06,0.981
0,250,4.5,36.0495,-6.72422e-06,0.981
0,250,4.5,36.5495,-6.72546e-06,0.981
0,250,4.5,37.0495,-6.72588e-06,0.981
0,250,4.5,37.5495,-6.726e-06,0.981
0,250,4.5,38.0495,-6.72603e-06,0.981
0,250,4.5,38.5495,-6.72604e-06,0.981
0,250,4.5,39.0495,-6.72604e-06,0.981
0,250,4.5,39.5495,-6.72607e-06,0.981
0,250,4.5,40.0495,-6.7347e-06,0.981
0,250,4.5,40.5495,-6.93579e-06,0.980998
0,250,4.5,41.0495,-7.7696e-06,0.980997
0,250,4.5,41.5495,-9.34749e-06,0.980974
0,250,4.5,42.0495,-1.42521e-05,0.980961
0,250,4.5,42.5495,-2.66989e-05,0.980769
0,250,4.5,43.0495,-6.29571e-05,0.980678
0,250,4.5,43.5495,-0.000143192,0.979372
0,250,4.5,44.0495,-0.000339627,0.978818
0,250,4.49999,44.5495,-0.000702059,0.971968
0,250,4.49999,45.0494,-0.00144611,0.96934
0,250,4.49998,45.5492,-0.00261693,0.942998
0,250,4.49995,46.0491,-0.00465926,0.933535
0,250,4.49992,46.5481,-0.00767959,0.86419
0,250,4.49986,47.0478,-0.0118164,0.838454
0,250,4.49977,47.5455,-0.0168591,0.725261
0,250,4.49966,48.0447,-0.0215684,0.673007
0,250,4.49953,48.5406,-0.0255083,0.573118
0,250,4.49941,49.039,-0.026176,0.494169
0,250,4.49929,49.5336,-0.027776,0.439939
0,250,4.49926,50.031,-0.0207295,0.341436
0,250,4.49917,50.5245,-0.02463,0.288084
0,250,4.49934,51.0211,-0.0149782,0.180874
0,250,4.49932,51.5133,-0.0170222,0.141269
0,250,4.49961,52.0096,-0.0105677,0.036711
0,250,5,27.5495,1.108e-07,0.980992
0,250,5,28.0495,2.31977e-07,0.980993
0,250,5,28.5495,1.62679e-08,0.980995
0,250,5,29.0495,-4.5129e-07,0.980994
0,250,5,29.5495,-8.84045e-07,0.980994
0,250,5,30.0495,-1.8545e-06,0.980995
0,250,5,30.5495,-2.49472e-06,0.980996
0,250,5,31.0495,-3.66369e-06,0.980997
0,250,5,31.5495,-4.2665e-06,0.980998
0,250,5,32.0495,-5.1764e-06,0.980998
0,250,5,32.5495,-5.5742e-06,0.980999
0,250,5,33.0495,-6.07195e-06,0.980999
0,250,5,33.5495,-6.26151e-06,0.981
0,250,5,34.0495,-6.44752e-06,0.981
0,250,5,34.5495,-6.51159e-06,0.981
0,250,5,35.0495,-6.55735e-06,0.981
0,250,5,35.5495,-6.57214e-06,0.981
0,250,5,36.0495,-6.57973e-06,0.981
0,250,5,36.5495,-6.58207e-06,0.981
0,250,5,37.0495,-6.58295e-06,0.981
0,250,5,37.5495,-6.58321e-06,0.981
0,250,5,38.0495,-6.5833e-06,0.981
0,250,5,38.5495,-6.58333e-06,0.981
0,250,5,39.0495,-6.58337e-06,0.981
0,250,5,39.5495,-6.58479e-06,0.981
0,250,5,40.0495,-6.606e-06,0.981
0,250,5,40.5495,-6.79356e-06,0.980998
0,250,5,41.0495,-7.43225e-06,0.980996
0,250,5,41.5495,-8.56569e-06,0.980971
0,250,5,42.0495,-1.1884e-05,0.980955
0,250,5,42.5495,-2.06857e-05,0.98075
0,250,5,43.0495,-4.4912e-05,0.980635
0,250,5,43.5495,-0.000101228,0.979261
0,250,5,44.0495,-0.000234442,0.978593
0,250,5,44.5495,-0.000502323,0.971496
0,250,4.99999,45.0494,-0.00104082,0.968483
0,250,4.99998,45.5492,-0.00198474,0.941531
0,250,4.99997,46.0491,-0.00356399,0.931186
0,250,4.99994,46.5481,-0.00592529,0.860877
0,250,4.9999,47.0478,-0.00922375,0.833932
0,250,4.99983,47.5454,-0.0133636,0.720414
0,250,4.99975,48.0445,-0.0177483,0.6674
0,250,4.99964,48.5404,-0.0222577,0.569979
0,250,4.99954,49.0388,-0.0241692,0.49066
0,250,4.99942,49.5335,-0.0260533,0.440044
0,250,4.99936,50.0309,-0.0238549,0.342872
0,250,4.9993,50.5245,-0.0203638,0.288499
0,250,4.99929,51.021,-0.0170582,0.180602
0,250,4.9993,51.5132,-0.0129265,0.141595
0,250,4.99943,52.0092,-0.00776289,0.0273361
0,250,5.5,27.5495,3.09545e-07,0.980993
0,250,5.5,28.0495,1.27491e-06,0.980993
0,250,5.5,28.5495,3.11975e-07,0.980994
0,250,5.5,29.0495,-1.13836e-07,0.980994
0,250,5.5,29.5495,-3.15876e-07,0.980994
0,250,5.5,30.0495,-8.29096e-07,0.980994
0,250,5.5,30.5495,-1.29955e-06,0.980996
0,250,5.5,31.0495,-2.26862e-06,0.980996
0,250,5.5,31.5495,-2.8887e-06,0.980997
0,250,5.5,32.0495,-3.95659e-06,0.980998
0,250,5.5,32.5495,-4.51057e-06,0.980999
0,250,5.5,33.0495,-5.33551e-06,0.980999
0,250,5.5,33.5495,-5.70151e-06,0.981
0,250,5.5,34.0495,-6.16981e-06,0.981
0,250,5.5,34.5495,-6.35057e-06,0.981
0,250,5.5,35.0495,-6.53984e-06,0.981
0,250,5.5,35.5495,-6.6048e-06,0.981
0,250,5.5,36.0495,-6.65618e-06,0.981
0,250,5.5,36.5495,-6.67227e-06,0.981
0,250,5.5,37.0495,-6.68131e-06,0.981
0,250,5.5,37.5495,-6.68398e-06,0.981
0,250,5.5,38.0495,-6.6851e-06,0.981
0,250,5.5,38.5495,-6.6856e-06,0.981
0,250,5.5,39.0495,-6.68646e-06,0.981
0,250,5.5,39.5495,-6.69948e-06,0.981
0,250,5.5,40.0495,-6.77033e-06,0.981
0,250,5.5,40.5495,-6.93527e-06,0.980997
0,250,5.5,41.0495,-7.32614e-06,0.980995
0,250,5.5,41.5495,-8.08133e-06,0.98097
0,250,5.5,42.0495,-1.02615e-05,0.980951
0,250,5.5,42.5495,-1.60111e-05,0.980738
0,250,5.5,43.0495,-3.10668e-05,0.980607
0,250,5.5,43.5495,-6.62802e-05,0.979193
0,250,5.5,44.0495,-0.000146574,0.978449
0,250,5.5,44.5495,-0.000311322,0.971202
0,250,5.49999,45.0494,-0.000633877,0.967938
0,250,5.49999,45.5492,-0.00121228,0.940589
0,250,5.49998,46.049,-0.0021997,0.929658
0,250,5.49996,46.5481,-0.00374098,0.85867
0,250,5.49994,47.0477,-0.00594646,0.830833
0,250,5.4999,47.5453,-0.00883574,0.717073
0,250,5.49984,48.0445,-0.0118991,0.663683
0,250,5.49978,48.5404,-0.0150962,0.567676
0,250,5.49971,49.0387,-0.017091,0.48989
0,250,5.49965,49.5334,-0.0181709,0.441085
0,250,5.4996,50.0309,-0.0179776,0.346089
0,250,5.49958,50.5245,-0.0175705,0.293124
0,250,5.4996,51.0211,-0.0159029,0.186779
0,250,5.49963,51.5133,-0.0157283,0.145164
0,250,5.49971,52.0095,-0.013583,0.0369762
0,250,6,27.5495,3.21945e-09,0.980993
0,250,6,28.0495,6.09215e-09,0.980993
0,250,6,28.5495,-1.50016e-08,0.980993
0,250,6,29.0495,-8.88867e-08,0.980993
0,250,6,29.5495,-2.41858e-07,0.980994
0,250,6,30.0495,-6.9652e-07,0.980994
0,250,6,30.5495,-1.103e-06,0.980995
0,250,6,31.0495,-2.00297e-06,0.980995
0,250,6,31.5495,-2.58344e-06,0.980996
0,250,6,32.0495,-3.62899e-06,0.980997
0,250,6,32.5495,-4.18541e-06,0.980998
0,250,6,33.0495,-5.03535e-06,0.980998
0,250,6,33.5495,-5.42686e-06,0.980999
0,250,6,34.0495,-5.93529e-06,0.980999
0,250,6,34.5495,-6.14071e-06,0.981
0,250,6,35.0495,-6.3596e-06,0.981
0,250,6,35.5495,-6.43786e-06,0.981
0,250,6,36.0495,-6.50148e-06,0.981
0,250,6,36.5495,-6.52227e-06,0.981
0,250,6,37.0495,-6.53472e-06,0.981
0,250,6,37.5495,-6.53847e-06,0.981
0,250,6,38.0495,-6.54014e-06,0.981
0,250,6,38.5495,-6.54094e-06,0.981
0,250,6,39.0495,-6.54249e-06,0.981
0,250,6,39.5495,-6.56296e-06,0.981
0,250,6,40.0495,-6.65852e-06,0.981
0,250,6,40.5495,-6.79127e-06,0.980997
0,250,6,41.0495,-7.04859e-06,0.980995
0,250,6,41.5495,-7.55445e-06,0.980969
0,250,6,42.0495,-8.97779e-06,0.980948
0,250,6,42.5495,-1.26039e-05,0.980731
0,250,6,43.0495,-2.18695e-05,0.980589
0,250,6,43.5495,-4.3883e-05,0.97915
0,250,6,44.0495,-9.39329e-05,0.978356
0,250,6,44.5495,-0.000199601,0.971012
0,250,6,45.0494,-0.000410693,0.967575
0,250,5.99999,45.5491,-0.000800913,0.939946
0,250,5.99999,46.049,-0.00147544,0.928578
0,250,5.99998,46.5481,-0.00255427,0.857073
0,250,5.99996,47.0477,-0.00411799,0.828523
0,250,5.99993,47.5453,-0.0062441,0.714349
0,250,5.9999,48.0444,-0.00872318,0.660448
0,250,5.99985,48.5403,-0.0114701,0.56475
0,250,5.9998,49.0387,-0.0138963,0.487066
0,250,5.99974,49.5334,-0.0160153,0.439525
0,250,5.99969,50.0308,-0.0168055,0.344155
0,250,5.99965,50.5245,-0.0175533,0.291997
0,250,5.99962,51.0211,-0.0171288,0.183913
0,250,5.99959,51.5133,-0.0174886,0.143483
0,250,5.99966,52.0093,-0.0140865,0.0289973
0,250,6.5,27.5495,9.92936e-12,0.980993
0,250,6.5,28.0495,-3.12179e-10,0.980993
0,250,6.5,28.5495,-3.9739e-09,0.980993
0,250,6.5,29.0495,-1.7242e-08,0.980993
0,250,6.5,29.5495,-6.8134e-08,0.980993
0,250,6.5,30.0495,-2.28038e-07,0.980994
0,250,6.5,30.5495,-4.49408e-07,0.980994
0,250,6.5,31.0495,-9.93298e-07,0.980995
0,250,6.5,31.5495,-1.44028e-06,0.980996
0,250,6.5,32.0495,-2.33746e-06,0.980996
0,250,6.5,32.5495,-2.90715e-06,0.980997
0,250,6.5,33.0495,-3.88493e-06,0.980998
0,250,6.5,33.5495,-4.40849e-06,0.980999
0,250,6.5,34.0495,-5.19533e-06,0.980999
0,250,6.5,34.5495,-5.56265e-06,0.980999
0,250,6.5,35.0495,-6.03905e-06,0.981
0,250,6.5,35.5495,-6.22198e-06,0.981
0,250,6.5,36.0495,-6.3829e-06,0.981
0,250,6.5,36.5495,-6.43809e-06,0.981
0,250,6.5,37.0495,-6.473e-06,0.981
0,250,6.5,37.5495,-6.48441e-06,0.981
0,250,6.5,38.0495,-6.49083e-06,0.981
0,250,6.5,38.5495,-6.49552e-06,0.981
0,250,6.5,39.0495,-6.50808e-06,0.981
0,250,6.5,39.5495,-6.54619e-06,0.981
0,250,6.5,40.0495,-6.66339e-06,0.981
0,250,6.5,40.5495,-6.74977e-06,0.980997
0,250,6.5,41.0495,-6.88963e-06,0.980995
0,250,6.5,41.5495,-7.22375e-06,0.980968
0,250,6.5,42.0495,-8.0776e-06,0.980947
0,250,6.5,42.5495,-1.02385e-05,0.980727
0,250,6.5,43.0495,-1.5651e-05,0.980578
0,250,6.5,43.5495,-2.85174e-05,0.979125
0,250,6.5,44.0495,-5.75665e-05,0.978301
0,250,6.5,44.5495,-0.000118985,0.970898
0,250,6.5,45.0494,-0.000241465,0.967355
0,250,6.5,45.5491,-0.000469824,0.939555
0,250,6.49999,46.049,-0.000867091,0.927914
0,250,6.49999,46.548,-0.00151354,0.856071
0,250,6.49998,47.0477,-0.00247316,0.827061
0,250,6.49996,47.5453,-0.0037985,0.712564
0,250,6.49994,48.0444,-0.00539986,0.658307
0,250,6.49991,48.5403,-0.00719884,0.562884
0,250,6.49988,49.0386,-0.00877363,0.485392
0,250,6.49985,49.5333,-0.0101788,0.438932
0,250,6.49983,50.0308,-0.0108559,0.344528
0,250,6.49982,50.5245,-0.0110985,0.293311
0,250,6.49982,51.0211,-0.0108914,0.186545
0,250,6.49984,51.5133,-0.0102509,0.144664
0,250,6.49987,52.0094,-0.00872418,0.0340729
0,250,7,27.5495,-3.54046e-12,0.980993
0,250,7,28.0495,-6.67938e-11,0.980993
0,250,7,28.5495,-1.80383e-09,0.980993
0,250,7,29.0495,-9.57562e-09,0.980993
0,250,7,29.5495,-4.64363e-08,0.980993
0,250,7,30.0495,-1.80717e-07,0.980994
0,250,7,30.5495,-3.65208e-07,0.980994
0,250,7,31.0495,-8.55803e-07,0.980994
0,250,7,31.5495,-1.257e-06,0.980995
0,250,7,32.0495,-2.10315e-06,0.980995
0,250,7,32.5495,-2.64538e-06,0.980996
0,250,7,33.0495,-3.60635e-06,0.980997
0,250,7,33.5495,-4.12935e-06,0.980998
0,250,7,34.0495,-4.93285e-06,0.980998
0,250,7,34.5495,-5.31645e-06,0.980999
0,250,7,35.0495,-5.81794e-06,0.980999
0,250,7,35.5495,-6.01213e-06,0.981
0,250,7,36.0495,-6.1768e-06,0.981
0,250,7,36.5495,-6.23404e-06,0.981
0,250,7,37.0495,-6.26909e-06,0.981
0,250,7,37.5495,-6.2808e-06,0.981
0,250,7,38.0495,-6.28741e-06,0.981
0,250,7,38.5495,-6.29238e-06,0.981
0,250,7,39.0495,-6.30554e-06,0.981
0,250,7,39.5495,-6.33719e-06,0.981
0,250,7,40.0495,-6.4214e-06,0.981
0,250,7,40.5495,-6.48642e-06,0.980997
0,250,7,41.0495,-6.59591e-06,0.980994
0,250,7,41.5495,-6.81157e-06,0.980968
0,250,7,42.0495,-7.31699e-06,0.980946
0,250,7,42.5495,-8.57224e-06,0.980724
0,250,7,43.0495,-1.16754e-05,0.980572
0,250,7,43.5495,-1.90287e-05,0.97911
0,250,7,44.0495,-3.56661e-05,0.978269
0,250,7,44.5495,-7.12308e-05,0.970831
0,250,7,45.0494,-0.000142937,0.967224
0,250,7,45.5491,-0.000278831,0.939317
0,250,7,46.049,-0.000519164,0.927503
0,250,6.99999,46.548,-0.000916359,0.855436
0,250,6.99999,47.0477,-0.0015193,0.826109
0,250,6.99998,47.5453,-0.00237376,0.711353
0,250,6.99997,48.0444,-0.00345537,0.656745
0,250,6.99995,48.5403,-0.00476316,0.561303
0,250,6.99993,49.0386,-0.00610462,0.483654
0,250,6.99991,49.5333,-0.0074573,0.437475
0,250,6.99989,50.0308,-0.00858848,0.342933
0,250,6.99987,50.5244,-0.00960858,0.2921
0,250,6.99985,51.0211,-0.0102298,0.184609
0,250,6.99983,51.5133,-0.0110462,0.144214
0,250,6.99987,52.0093,-0.00891043,0.0306109
0,250,7.5,27.5495,-4.33998e-13,0.980993
0,250,7.5,28.0495,-3.20196e-11,0.980993
0,250,7.5,28.5495,-3.34744e-10,0.980993
0,250,7.5,29.0495,-1.72843e-09,0.980993
0,250,7.5,29.5495,-1.07929e-08,0.980993
0,250,7.5,30.0495,-4.20003e-08,0.980993
0,250,7.5,30.5495,-1.13755e-07,0.980994
0,250,7.5,31.0495,-3.23746e-07,0.980994
0,250,7.5,31.5495,-5.60186e-07,0.980994
0,250,7.5,32.0495,-1.11225e-06,0.980995
0,250,7.5,32.5495,-1.54196e-06,0.980996
0,250,7.5,33.0495,-2.38491e-06,0.980996
0,250,7.5,33.5495,-2.89075e-06,0.980997
0,250,7.5,34.0495,-3.67601e-06,0.980998
0,250,7.5,34.5495,-3.99732e-06,0.980999
0,250,7.5,35.0495,-4.21525e-06,0.980999
0,250,7.5,35.5495,-4.30065e-06,0.981
0,250,7.5,36.0495,-4.33865e-06,0.981
0,250,7.5,36.5495,-4.35434e-06,0.981
0,250,7.5,37.0495,-4.36163e-06,0.981
0,250,7.5,37.5495,-4.36448e-06,0.981
0,250,7.5,38.0495,-4.36584e-06,0.981
0,250,7.5,38.5495,-4.36688e-06,0.981
0,250,7.5,39.0495,-4.36902e-06,0.981
0,250,7.5,39.5495,-4.37332e-06,0.981
0,250,7.5,40.0495,-4.38197e-06,0.981
0,250,7.5,40.5495,-4.39905e-06,0.980997
0,250,7.5,41.0495,-4.43798e-06,0.980994
0,250,7.5,41.5495,-4.53703e-06,0.980967
0,250,7.5,42.0495,-4.79584e-06,0.980945
0,250,7.5,42.5495,-5.46037e-06,0.980723
0,250,7.5,43.0495,-7.11842e-06,0.980568
0,250,7.5,43.5495,-1.10736e-05,0.979102
0,250,7.5,44.0495,-2.00336e-05,0.978251
0,250,7.5,44.5495,-3.92184e-05,0.970794
0,250,7.5,45.0494,-7.7947e-05,0.967151
0,250,7.5,45.5491,-0.000151496,0.939183
0,250,7.5,46.049,-0.000282231,0.927271
0,250,7.5,46.548,-0.000499882,0.855072
0,250,7.49999,47.0477,-0.000834426,0.825557
0,250,7.49999,47.5453,-0.00131497,0.710636
0,250,7.49998,48.0444,-0.00193365,0.655818
0,250,7.49997,48.5402,-0.00267777,0.560353
0,250,7.49996,49.0386,-0.00344462,0.482662
0,250,7.49995,49.5333,-0.00417868,0.43682
0,250,7.49995,50.0308,-0.00467869,0.342522
0,250,7.49994,50.5244,-0.00498027,0.292299
0,250,7.49994,51.0211,-0.00489468,0.185272
0,250,7.49995,51.5133,-0.00452427,0.144537
0,250,7.49996,52.0094,-0.00370621,0.0327017
0,250,8,27.5495,-2.80907e-13,0.980993
0,250,8,28.0495,-4.73917e-12,0.980993
0,250,8,28.5495,-1.09172e-10,0.980993
0,250,8,29.0495,-6.29761e-10,0.980993
0,250,8,29.5495,-6.29382e-09,0.980993
0,250,8,30.0495,-2.95788e-08,0.980993
0,250,8,30.5495,-8.63365e-08,0.980993
0,250,8,31.0495,-2.70041e-07,0.980994
0,250,8,31.5495,-4.75083e-07,0.980994
0,250,8,32.0495,-9.82926e-07,0.980994
0,250,8,32.5495,-1.37831e-06,0.980995
0,250,8,33.0495,-2.18234e-06,0.980995
0,250,8,33.5495,-2.66462e-06,0.980996
0,250,8,34.0495,-3.42122e-06,0.980997
0,250,8,34.5495,-3.71786e-06,0.980998
0,250,8,35.0495,-3.88926e-06,0.980999
0,250,8,35.5495,-3.95432e-06,0.981
0,250,8,36.0495,-3.97708e-06,0.981
0,250,8,36.5495,-3.98661e-06,0.981
0,250,8,37.0495,-3.99061e-06,0.981
0,250,8,37.5495,-3.9922e-06,0.981
0,250,8,38.0495,-3.9929e-06,0.981
0,250,8,38.5495,-3.99342e-06,0.981
0,250,8,39.0495,-3.99438e-06,0.981
0,250,8,39.5495,-3.99662e-06,0.981
0,250,8,40.0495,-4.00153e-06,0.980999
0,250,8,40.5495,-4.01162e-06,0.980997
0,250,8,41.0495,-4.0345e-06,0.980994
0,250,8,41.5495,-4.08974e-06,0.980967
0,250,8,42.0495,-4.22921e-06,0.980945
0,250,8,42.5495,-4.58248e-06,0.980722
0,250,8,43.0495,-5.45533e-06,0.980566
0,250,8,43.5495,-7.52707e-06,0.979098
0,250,8,44.0495,-1.22179e-05,0.978241
0,250,8,44.5495,-2.22971e-05,0.970774
0,250,8,45.0494,-4.27672e-05,0.967111
0,250,8,45.5491,-8.19602e-05,0.93911
0,250,8,46.049,-0.000152335,0.927143
0,250,8,46.548,-0.00027086,0.854868
0,250,8,47.0477,-0.000455857,0.825242
0,250,7.99999,47.5452,-0.000726202,0.710216
0,250,7.99999,48.0443,-0.0010868,0.655252
0,250,7.99999,48.5402,-0.00153926,0.559733
0,250,7.99998,49.0386,-0.0020452,0.481928
0,250,7.99997,49.5333,-0.00259449,0.436156
0,250,7.99997,50.0308,-0.00311173,0.341797
0,250,7.99996,50.5244,-0.00359192,0.29173
0,250,7.99996,51.0211,-0.00397103,0.184634
0,250,7.99995,51.5133,-0.00423351,0.144657
0,250,7.99996,52.0094,-0.00330438,0.0318413
0,250,8.5,27.5495,-3.65421e-14,0.980993
0,250,8.5,28.0495,-1.83704e-12,0.980993
0,250,8.5,28.5495,-1.77713e-11,0.980993
0,250,8.5,29.0495,-1.39049e-10,0.980993
0,250,8.5,29.5495,-1.19336e-09,0.980993
0,250,8.5,30.0495,-5.14433e-09,0.980993
0,250,8.5,30.5495,-2.08905e-08,0.980993
0,250,8.5,31.0495,-7.32393e-08,0.980994
0,250,8.5,31.5495,-1.62497e-07,0.980994
0,250,8.5,32.0495,-4.08137e-07,0.980994
0,250,8.5,32.5495,-6.4814e-07,0.980995
0,250,8.5,33.0495,-1.17763e-06,0.980995
0,250,8.5,33.5495,-1.43432e-06,0.980996
0,250,8.5,34.0495,-1.63813e-06,0.980996
0,250,8.5,34.5495,-1.72307e-06,0.980998
0,250,8.5,35.0495,-1.76227e-06,0.980999
0,250,8.5,35.5495,-1.77845e-06,0.981
0,250,8.5,36.0495,-1.78506e-06,0.981
0,250,8.5,36.5495,-1.78779e-06,0.981
0,250,8.5,37.0495,-1.78889e-06,0.981
0,250,8.5,37.5495,-1.78933e-06,0.981
0,250,8.5,38.0495,-1.78951e-06,0.981
0,250,8.5,38.5495,-1.78964e-06,0.981
0,250,8.5,39.0495,-1.78984e-06,0.981
0,250,8.5,39.5495,-1.79033e-06,0.981
0,250,8.5,40.0495,-1.79159e-06,0.980999
0,250,8.5,40.5495,-1.79491e-06,0.980997
0,250,8.5,41.0495,-1.80395e-06,0.980994
0,250,8.5,41.5495,-1.82859e-06,0.980967
0,250,8.5,42.0495,-1.89466e-06,0.980945
0,250,8.5,42.5495,-2.06639e-06,0.980721
0,250,8.5,43.0495,-2.49564e-06,0.980565
0,250,8.5,43.5495,-3.51965e-06,0.979096
0,250,8.5,44.0495,-5.84143e-06,0.978236
0,250,8.5,44.5495,-1.08295e-05,0.970763
0,250,8.5,45.0494,-2.09599e-05,0.967091
0,250,8.5,45.5491,-4.03613e-05,0.939072
0,250,8.5,46.049,-7.52631e-05,0.927077
0,250,8.5,46.548,-0.000134196,0.854763
0,250,8.5,47.0477,-0.000226782,0.825078
0,250,8.5,47.5452,-0.000362592,0.709994
0,250,8.5,48.0443,-0.0005447,0.654953
0,250,8.49999,48.5402,-0.000771901,0.559405
0,250,8.49999,49.0386,-0.00102091,0.481559
0,250,8.49999,49.5333,-0.00126827,0.435863
0,250,8.49999,50.0307,-0.00146021,0.341566
0,250,8.49998,50.5244,-0.00156787,0.291718
0,250,8.49999,51.0211,-0.00152618,0.184736
0,250,8.49999,51.5133,-0.00140083,0.144779
0,250,8.49999,52.0094,-0.00110872,0.0324962
0,250,9,27.5495,-1.6342e-14,0.980993
0,250,9,28.0495,-2.32087e-13,0.980993
0,250,9,28.5495,-4.75792e-12,0.980993
0,250,9,29.0495,-3.32253e-11,0.980993
0,250,9,29.5495,-5.26548e-10,0.980993
0,250,9,30.0495,-2.75145e-09,0.980993
0,250,9,30.5495,-1.42132e-08,0.980993
0,250,9,31.0495,-5.72011e-08,0.980993
0,250,9,31.5495,-1.32503e-07,0.980994
0,250,9,32.0495,-3.5311e-07,0.980994
0,250,9,32.5495,-5.67842e-07,0.980994
0,250,9,33.0495,-1.05938e-06,0.980994
0,250,9,33.5495,-1.28372e-06,0.980996
0,250,9,34.0495,-1.43326e-06,0.980996
0,250,9,34.5495,-1.49041e-06,0.980998
0,250,9,35.0495,-1.5099e-06,0.980999
0,250,9,35.5495,-1.51758e-06,0.981
0,250,9,36.0495,-1.52064e-06,0.981
0,250,9,36.5495,-1.52187e-06,0.981
0,250,9,37.0495,-1.52235e-06,0.981
0,250,9,37.5495,-1.52254e-06,0.981
0,250,9,38.0495,-1.52261e-06,0.981
0,250,9,38.5495,-1.52266e-06,0.981
0,250,9,39.0495,-1.52275e-06,0.981
0,250,9,39.5495,-1.52296e-06,0.981
0,250,9,40.0495,-1.52355e-06,0.980999
0,250,9,40.5495,-1.52518e-06,0.980997
0,250,9,41.0495,-1.52965e-06,0.980994
0,250,9,41.5495,-1.54174e-06,0.980967
0,250,9,42.0495,-1.57395e-06,0.980945
0,250,9,42.5495,-1.6571e-06,0.980721
0,250,9,43.0495,-1.86359e-06,0.980565
0,250,9,43.5495,-2.35401e-06,0.979094
0,250,9,44.0495,-3.46358e-06,0.978234
0,250,9,44.5495,-5.84723e-06,0.970758
0,250,9,45.0494,-1.0695e-05,0.967081
0,250,9,45.5491,-2.00074e-05,0.939054
0,250,9,46.049,-3.6843e-05,0.927044
0,250,9,46.548,-6.54403e-05,0.85471
0,250,9,47.0477,-0.000110795,0.824996
0,250,9,47.5452,-0.000178109,0.709881
0,250,9,48.0443,-0.000270291,0.654796
0,250,9,48.5402,-0.000388453,0.559226
0,250,9,49.0386,-0.000526694,0.481342
0,250,8.99999,49.5333,-0.000679247,0.435661
0,250,8.99999,50.0307,-0.000829552,0.341346
0,250,8.99999,50.5244,-0.000971844,0.291561
0,250,8.99999,51.0211,-0.00108141,0.184608
0,250,8.99999,51.5133,-0.00111752,0.144883
0,250,8.99999,52.0094,-0.000840811,0.0323699
0,250,9.5,27.5495,-1.89305e-15,0.980993
0,250,9.5,28.0495,-7.24847e-14,0.980993
0,250,9.5,28.5495,-6.99829e-13,0.980993
0,250,9.5,29.0495,-8.92271e-12,0.980993
0,250,9.5,29.5495,-9.11599e-11,0.980993
0,250,9.5,30.0495,-4.63144e-10,0.980993
0,250,9.5,30.5495,-2.75504e-09,0.980993
0,250,9.5,31.0495,-1.09433e-08,0.980993
0,250,9.5,31.5495,-3.36701e-08,0.980993
0,250,9.5,32.0495,-1.07471e-07,0.980994
0,250,9.5,32.5495,-1.88989e-07,0.980994
0,250,9.5,33.0495,-3.60474e-07,0.980994
0,250,9.5,33.5495,-4.3289e-07,0.980996
0,250,9.5,34.0495,-4.70066e-07,0.980996
0,250,9.5,34.5495,-4.85499e-07,0.980998
0,250,9.5,35.0495,-4.91762e-07,0.980999
0,250,9.5,35.5495,-4.94349e-07,0.981
0,250,9.5,36.0495,-4.95394e-07,0.981
0,250,9.5,36.5495,-4.95813e-07,0.981
0,250,9.5,37.0495,-4.95978e-07,0.981
0,250,9.5,37.5495,-4.96042e-07,0.981
0,250,9.5,38.0495,-4.96069e-07,0.981
0,250,9.5,38.5495,-4.96085e-07,0.981
0,250,9.5,39.0495,-4.96113e-07,0.981
0,250,9.5,39.5495,-4.9619e-07,0.981
0,250,9.5,40.0495,-4.96417e-07,0.980999
0,250,9.5,40.5495,-4.97081e-07,0.980997
0,250,9.5,41.0495,-4.98991e-07,0.980994
0,250,9.5,41.5495,-5.04344e-07,0.980967
0,250,9.5,42.0495,-5.18832e-07,0.980945
0,250,9.5,42.5495,-5.56527e-07,0.980721
0,250,9.5,43.0495,-6.50399e-07,0.980565
0,250,9.5,43.5495,-8.73282e-07,0.979094
0,250,9.5,44.0495,-1.3767e-06,0.978233
0,250,9.5,44.5495,-2.45564e-06,0.970756
0,250,9.5,45.0494,-4.64556e-06,0.967076
0,250,9.5,45.5491,-8.84355e-06,0.939046
0,250,9.5,46.049,-1.64261e-05,0.927029
0,250,9.5,46.548,-2.92936e-05,0.854685
0,250,9.5,47.0477,-4.97159e-05,0.824957
0,250,9.5,47.5452,-7.99766e-05,0.709827
0,250,9.5,48.0443,-0.000121374,0.654723
0,250,9.5,48.5402,-0.00017363,0.559143
0,250,9.5,49.0386,-0.000232542,0.481245
0,250,9.5,49.5333,-0.000291777,0.435579
0,250,9.5,50.0307,-0.000338501,0.341278
0,250,9.5,50.5244,-0.000361189,0.291546
0,250,9.5,51.0211,-0.000348737,0.184619
0,250,9.5,51.5133,-0.000318276,0.144926
0,250,9.5,52.0094,-0.000244349,0.0325284
0,250,10,27.5495,-6.44347e-16,0.980993
0,250,10,28.0495,-8.34817e-15,0.980993
0,250,10,28.5495,-1.67437e-13,0.980993
0,250,10,29.0495,-1.57044e-12,0.980993
0,250,10,29.5495,-3.32533e-11,0.980993
0,250,10,30.0495,-1.88056e-10,0.980993
0,250,10,30.5495,-1.60898e-09,0.980993
0,250,10,31.0495,-7.43831e-09,0.980993
0,250,10,31.5495,-2.56442e-08,0.980993
0,250,10,32.0495,-8.9628e-08,0.980994
0,250,10,32.5495,-1.5846e-07,0.980994
0,250,10,33.0495,-3.05166e-07,0.980994
0,250,10,33.5495,-3.59819e-07,0.980996
0,250,10,34.0495,-3.78435e-07,0.980996
0,250,10,34.5495,-3.85558e-07,0.980998
0,250,10,35.0495,-3.88261e-07,0.980999
0,250,10,35.5495,-3.89338e-07,0.981
0,250,10,36.0495,-3.89763e-07,0.981
0,250,10,36.5495,-3.89932e-07,0.981
0,250,10,37.0495,-3.89998e-07,0.981
0,250,10,37.5495,-3.90024e-07,0.981
0,250,10,38.0495,-3.90035e-07,0.981
0,250,10,38.5495,-3.90041e-07,0.981
0,250,10,39.0495,-3.90052e-07,0.981
0,250,10,39.5495,-3.90086e-07,0.981
0,250,10,40.0495,-3.90185e-07,0.980999
0,250,10,40.5495,-3.9048e-07,0.980997
0,250,10,41.0495,-3.91336e-07,0.980994
0,250,10,41.5495,-3.93729e-07,0.980967
0,250,10,42.0495,-4.00179e-07,0.980945
0,250,10,42.5495,-4.16872e-07,0.980721
0,250,10,43.0495,-4.58203e-07,0.980565
0,250,10,43.5495,-5.55872e-07,0.979094
0,250,10,44.0495,-7.75616e-07,0.978232
0,250,10,44.5495,-1.24526e-06,0.970755
0,250,10,45.0494,-2.19675e-06,0.967074
0,250,10,45.5491,-4.01968e-06,0.939042
0,250,10,46.049,-7.31469e-06,0.927022
0,250,10,46.548,-1.29171e-05,0.854674
0,250,10,47.0477,-2.18487e-05,0.82494
0,250,10,47.5452,-3.5159e-05,0.709803
0,250,10,48.0443,-5.36127e-05,0.654689
0,250,10,48.5402,-7.74432e-05,0.559104
0,250,10,49.0386,-0.000105797,0.481198
0,250,10,49.5333,-0.00013716,0.435534
0,250,10,50.0307,-0.000168867,0.341231
0,250,10,50.5244,-0.000198355,0.291517
0,250,10,51.0211,-0.000218534,0.184603
0,250,10,51.5133,-0.000218312,0.144959
0,250,10,52.0094,-0.000158791,0.0325204
0,250,10.5,27.5495,-6.69711e-17,0.980993
0,250,10.5,28.0495,-2.08479e-15,0.980993
0,250,10.5,28.5495,-2.25235e-14,0.980993
0,250,10.5,29.0495,-4.83496e-13,0.980993
0,250,10.5,29.5495,-5.33543e-12,0.980993
0,250,10.5,30.0495,-3.35638e-11,0.980993
0,250,10.5,30.5495,-2.68949e-10,0.980993
0,250,10.5,31.0495,-1.20885e-09,0.980993
0,250,10.5,31.5495,-5.40663e-09,0.980993
0,250,10.5,32.0495,-1.99857e-08,0.980993
0,250,10.5,32.5495,-3.74701e-08,0.980994
0,250,10.5,33.0495,-7.42543e-08,0.980994
0,250,10.5,33.5495,-8.92918e-08,0.980996
0,250,10.5,34.0495,-9.57291e-08,0.980996
0,250,10.5,34.5495,-9.82722e-08,0.980998
0,250,10.5,35.0495,-9.92338e-08,0.980999
0,250,10.5,35.5495,-9.96185e-08,0.981
0,250,10.5,36.0495,-9.97716e-08,0.981
0,250,10.5,36.5495,-9.98324e-08,0.981
0,250,10.5,37.0495,-9.98567e-08,0.981
0,250,10.5,37.5495,-9.98663e-08,0.981
0,250,10.5,38.0495,-9.98699e-08,0.981
0,250,10.5,38.5495,-9.98722e-08,0.981
0,250,10.5,39.0495,-9.98768e-08,0.981
0,250,10.5,39.5495,-9.98894e-08,0.981
0,250,10.5,40.0495,-9.99306e-08,0.980999
0,250,10.5,40.5495,-1.00055e-07,0.980997
0,250,10.5,41.0495,-1.00414e-07,0.980994
0,250,10.5,41.5495,-1.01423e-07,0.980967
0,250,10.5,42.0495,-1.04143e-07,0.980945
0,250,10.5,42.5495,-1.1117e-07,0.980721
0,250,10.5,43.0495,-1.2851e-07,0.980565
0,250,10.5,43.5495,-1.69311e-07,0.979094
0,250,10.5,44.0495,-2.6071e-07,0.978232
0,250,10.5,44.5495,-4.5516e-07,0.970755
0,250,10.5,45.0494,-8.47478e-07,0.967073
0,250,10.5,45.5491,-1.59591e-06,0.93904
0,250,10.5,46.049,-2.944e-06,0.927019
0,250,10.5,46.548,-5.22702e-06,0.85467
0,250,10.5,47.0477,-8.85618e-06,0.824932
0,250,10.5,47.5452,-1.42353e-05,0.709793
0,250,10.5,48.0443,-2.16333e-05,0.654675
0,250,10.5,48.5402,-3.09701e-05,0.559087
0,250,10.5,49.0386,-4.15831e-05,0.481179
0,250,10.5,49.5333,-5.21052e-05,0.435518
0,250,10.5,50.0307,-6.0156e-05,0.341217
0,250,10.5,50.5244,-6.35184e-05,0.291513
0,250,10.5,51.0211,-6.09573e-05,0.184604
0,250,10.5,51.5133,-5.52379e-05,0.144971
0,250,10.5,52.0094,-4.12634e-05,0.0325504
0,250,11,27.5495,-1.69642e-17,0.980993
0,250,11,28.0495,-2.2648e-16,0.980993
0,250,11,28.5495,-4.04313e-15,0.980993
0,250,11,29.0495,-5.98292e-14,0.980993
0,250,11,29.5495,-1.65456e-12,0.980993
0,250,11,30.0495,-1.03472e-11,0.980993
0,250,11,30.5495,-1.33957e-10,0.980993
0,250,11,31.0495,-7.10988e-10,0.980993
0,250,11,31.5495,-3.88161e-09,0.980993
0,250,11,32.0495,-1.56948e-08,0.980993
0,250,11,32.5495,-2.9262e-08,0.980994
0,250,11,33.0495,-5.78189e-08,0.980994
0,250,11,33.5495,-6.78153e-08,0.980996
0,250,11,34.0495,-7.06505e-08,0.980996
0,250,11,34.5495,-7.16873e-08,0.980998
0,250,11,35.0495,-7.20619e-08,0.980999
0,250,11,35.5495,-7.22089e-08,0.981
0,250,11,36.0495,-7.22666e-08,0.981
0,250,11,36.5495,-7.22899e-08,0.981
0,250,11,37.0495,-7.2299e-08,0.981
0,250,11,37.5495,-7.23026e-08,0.981
0,250,11,38.0495,-7.23039e-08,0.981
0,250,11,38.5495,-7.23051e-08,0.981
0,250,11,39.0495,-7.23071e-08,0.981
0,250,11,39.5495,-7.23121e-08,0.981
0,250,11,40.0495,-7.23293e-08,0.980999
0,250,11,40.5495,-7.23803e-08,0.980997
0,250,11,41.0495,-7.25292e-08,0.980994
0,250,11,41.5495,-7.29452e-08,0.980967
0,250,11,42.0495,-7.40589e-08,0.980945
0,250,11,42.5495,-7.69167e-08,0.980721
0,250,11,43.0495,-8.39243e-08,0.980565
0,250,11,43.5495,-1.00313e-07,0.979094
0,250,11,44.0495,-1.3682e-07,0.978232
0,250,11,44.5495,-2.1411e-07,0.970754
0,250,11,45.0494,-3.69385e-07,0.967073
0,250,11,45.5491,-6.64644e-07,0.939039
0,250,11,46.049,-1.19526e-06,0.927018
0,250,11,46.548,-2.09262e-06,0.854668
0,250,11,47.0477,-3.5197e-06,0.824929
0,250,11,47.5452,-5.63965e-06,0.709789
0,250,11,48.0443,-8.58447e-06,0.654669
0,250,11,48.5402,-1.2376e-05,0.559081
0,250,11,49.0386,-1.69089e-05,0.481171
0,250,11,49.5333,-2.19193e-05,0.435511
0,250,11,50.0307,-2.70201e-05,0.34121
0,250,11,50.5244,-3.1546e-05,0.291509
0,250,11,51.0211,-3.41569e-05,0.184603
0,250,11,51.5133,-3.30568e-05,0.144977
0,250,11,52.0094,-2.33413e-05,0.0325514
0,250,11.5,27.5495,-1.66204e-18,0.980993
0,250,11.5,28.0495,-2.47909e-17,0.980993
0,250,11.5,28.5495,-4.03024e-16,0.980993
0,250,11.5,29.0495,-2.06987e-14,0.980993
0,250,11.5,29.5495,-2.55883e-13,0.980993
0,250,11.5,30.0495,-2.06507e-12,0.980993
0,250,11.5,30.5495,-2.07513e-11,0.980993
0,250,11.5,31.0495,-1.04592e-10,0.980993
0,250,11.5,31.5495,-6.26008e-10,0.980993
0,250,11.5,32.0495,-2.57644e-09,0.980993
0,250,11.5,32.5495,-5.41882e-09,0.980994
0,250,11.5,33.0495,-1.13812e-08,0.980994
0,250,11.5,33.5495,-1.38085e-08,0.980996
0,250,11.5,34.0495,-1.47558e-08,0.980996
0,250,11.5,34.5495,-1.51168e-08,0.980998
0,250,11.5,35.0495,-1.52492e-08,0.980999
0,250,11.5,35.5495,-1.53018e-08,0.981
0,250,11.5,36.0495,-1.53218e-08,0.981
0,250,11.5,36.5495,-1.53296e-08,0.981
0,250,11.5,37.0495,-1.5333e-08,0.981
0,250,11.5,37.5495,-1.53345e-08,0.981
0,250,11.5,38.0495,-1.53349e-08,0.981
0,250,11.5,38.5495,-1.53354e-08,0.981
0,250,11.5,39.0495,-1.53364e-08,0.981
0,250,11.5,39.5495,-1.5339e-08,0.981
0,250,11.5,40.0495,-1.53451e-08,0.980999
0,250,11.5,40.5495,-1.53648e-08,0.980997
0,250,11.5,41.0495,-1.54245e-08,0.980994
0,250,11.5,41.5495,-1.55889e-08,0.980967
0,250,11.5,42.0495,-1.60249e-08,0.980945
0,250,11.5,42.5495,-1.71365e-08,0.980721
0,250,11.5,43.0495,-1.98464e-08,0.980565
0,250,11.5,43.5495,-2.61435e-08,0.979094
0,250,11.5,44.0495,-4.00797e-08,0.978232
0,250,11.5,44.5495,-6.93952e-08,0.970754
0,250,11.5,45.0494,-1.2794e-07,0.967073
0,250,11.5,45.5491,-2.38582e-07,0.939039
0,250,11.5,46.049,-4.36311e-07,0.927018
0,250,11.5,46.548,-7.68681e-07,0.854667
0,250,11.5,47.0477,-1.29423e-06,0.824928
0,250,11.5,47.5452,-2.06788e-06,0.709788
0,250,11.5,48.0443,-3.12824e-06,0.654667
0,250,11.5,48.5402,-4.45497e-06,0.559078
0,250,11.5,49.0386,-5.95109e-06,0.481168
0,250,11.5,49.5333,-7.39077e-06,0.435508
0,250,11.5,50.0307,-8.44347e-06,0.341208
0,250,11.5,50.5244,-8.82132e-06,0.291508
0,250,11.5,51.0211,-8.4227e-06,0.184603
0,250,11.5,51.5133,-7.5665e-06,0.14498
0,250,11.5,52.0094,-5.51458e-06,0.032556
0,250,12,27.5495,-1.28371e-19,0.980993
0,250,12,28.0495,-1.95673e-18,0.980993
0,250,12,28.5495,-1.37866e-16,0.980993
0,250,12,29.0495,-2.6138e-15,0.980993
0,250,12,29.5495,-5.88096e-14,0.980993
0,250,12,30.0495,-4.36914e-13,0.980993
0,250,12,30.5495,-8.91656e-12,0.980993
0,250,12,31.0495,-5.11843e-11,0.980993
0,250,12,31.5495,-4.02811e-10,0.980993
0,250,12,32.0495,-1.85301e-09,0.980993
0,250,12,32.5495,-3.9269e-09,0.980994
0,250,12,33.0495,-8.16611e-09,0.980994
0,250,12,33.5495,-9.61832e-09,0.980996
0,250,12,34.0495,-9.99525e-09,0.980996
0,250,12,34.5495,-1.01298e-08,0.980998
0,250,12,35.0495,-1.01772e-08,0.980999
0,250,12,35.5495,-1.01961e-08,0.981
0,250,12,36.0495,-1.02036e-08,0.981
0,250,12,36.5495,-1.02063e-08,0.981
0,250,12,37.0495,-1.02075e-08,0.981
0,250,12,37.5495,-1.02081e-08,0.981
0,250,12,38.0495,-1.02083e-08,0.981
0,250,12,38.5495,-1.02084e-08,0.981
0,250,12,39.0495,-1.02088e-08,0.981
0,250,12,39.5495,-1.02098e-08,0.981
0,250,12,40.0495,-1.02118e-08,0.980999
0,250,12,40.5495,-1.02199e-08,0.980997
0,250,12,41.0495,-1.02428e-08,0.980994
0,250,12,41.5495,-1.03054e-08,0.980967
0,250,12,42.0495,-1.04703e-08,0.980945
0,250,12,42.5495,-1.08869e-08,0.980721
0,250,12,43.0495,-1.1894e-08,0.980565
0,250,12,43.5495,-1.42175e-08,0.979094
0,250,12,44.0495,-1.93247e-08,0.978232
0,250,12,44.5495,-2.9998e-08,0.970754
0,250,12,45.0494,-5.11843e-08,0.967073
0,250,12,45.5491,-9.10124e-08,0.939039
0,250,12,46.049,-1.61862e-07,0.927018
0,250,12,46.548,-2.80501e-07,0.854667
0,250,12,47.0477,-4.67718e-07,0.824928
0,250,12,47.5452,-7.43457e-07,0.709787
0,250,12,48.0443,-1.12449e-06,0.654667
0,250,12,48.5402,-1.61127e-06,0.559077
0,250,12,49.0386,-2.19324e-06,0.481167
0,250,12,49.5333,-2.83321e-06,0.435507
0,250,12,50.0307,-3.47797e-06,0.341207
0,250,12,50.5244,-4.01407e-06,0.291508
0,250,12,51.0211,-4.26034e-06,0.184603
0,250,12,51.5133,-4.00792e-06,0.144981
0,250,12,52.0094,-2.75826e-06,0.0325563
0,250,12.5,27.5495,-7.95795e-21,0.980993
0,250,12.5,28.0495,-6.12326e-19,0.980993
0,250,12.5,28.5495,-1.55962e-17,0.980993
0,250,12.5,29.0495,-6.49888e-16,0.980993
0,250,12.5,29.5495,-6.44786e-15,0.980993
0,250,12.5,30.0495,-9.37789e-14,0.980993
0,250,12.5,30.5495,-1.2722e-12,0.980993
0,250,12.5,31.0495,-7.19121e-12,0.980993
0,250,12.5,31.5495,-5.75463e-11,0.980993
0,250,12.5,32.0495,-2.6349e-10,0.980993
0,250,12.5,32.5495,-6.22019e-10,0.980994
0,250,12.5,33.0495,-1.36026e-09,0.980994
0,250,12.5,33.5495,-1.67092e-09,0.980996
0,250,12.5,34.0495,-1.78947e-09,0.980996
0,250,12.5,34.5495,-1.83386e-09,0.980998
0,250,12.5,35.0495,-1.84936e-09,0.980999
0,250,12.5,35.5495,-1.85568e-09,0.981
0,250,12.5,36.0495,-1.85861e-09,0.981
0,250,12.5,36.5495,-1.85966e-09,0.981
0,250,12.5,37.0495,-1.85998e-09,0.981
0,250,12.5,37.5495,-1.86012e-09,0.981
0,250,12.5,38.0495,-1.86018e-09,0.981
0,250,12.5,38.5495,-1.86021e-09,0.981
0,250,12.5,39.0495,-1.86033e-09,0.981
0,250,12.5,39.5495,-1.86057e-09,0.981
0,250,12.5,40.0495,-1.86137e-09,0.980999
0,250,12.5,40.5495,-1.86454e-09,0.980997
0,250,12.5,41.0495,-1.87268e-09,0.980994
0,250,12.5,41.5495,-1.89524e-09,0.980967
0,250,12.5,42.0495,-1.95541e-09,0.980945
0,250,12.5,42.5495,-2.10543e-09,0.980721
0,250,12.5,43.0495,-2.4651e-09,0.980565
0,250,12.5,43.5495,-3.28689e-09,0.979094
0,250,12.5,44.0495,-5.07913e-09,0.978232
0,250,12.5,44.5495,-8.79775e-09,0.970754
0,250,12.5,45.0494,-1.61225e-08,0.967073
0,250,12.5,45.5491,-2.97891e-08,0.939039
0,250,12.5,46.049,-5.39294e-08,0.927017
0,250,12.5,46.548,-9.40386e-08,0.854667
0,250,12.5,47.0477,-1.56815e-07,0.824928
0,250,12.5,47.5452,-2.48167e-07,0.709787
0,250,12.5,48.0443,-3.7216e-07,0.654666
0,250,12.5,48.5402,-5.24841e-07,0.559077
0,250,12.5,49.0386,-6.93792e-07,0.481166
0,250,12.5,49.5333,-8.5062e-07,0.435507
0,250,12.5,50.0307,-9.59953e-07,0.341206
0,250,12.5,50.5244,-9.93305e-07,0.291508
0,250,12.5,51.0211,-9.43792e-07,0.184603
0,250,12.5,51.5133,-8.39661e-07,0.144981
0,250,12.5,52.0094,-5.98512e-07,0.0325569
0,250,13,27.5495,-2.04483e-21,0.980993
0,250,13,28.0495,-6.40671e-20,0.980993
0,250,13,28.5495,-3.99614e-18,0.980993
0,250,13,29.0495,-5.3142e-17,0.980993
0,250,13,29.5495,-6.02594e-16,0.980993
0,250,13,30.0495,-9.69163e-15,0.980993
0,250,13,30.5495,-4.62924e-13,0.980993
0,250,13,31.0495,-2.96476e-12,0.980993
0,250,13,31.5495,-3.39561e-11,0.980993
0,250,13,32.0495,-1.73234e-10,0.980993
0,250,13,32.5495,-4.14061e-10,0.980994
0,250,13,33.0495,-9.01327e-10,0.980994
0,250,13,33.5495,-1.07065e-09,0.980996
0,250,13,34.0495,-1.11369e-09,0.980996
0,250,13,34.5495,-1.12882e-09,0.980998
0,250,13,35.0495,-1.13396e-09,0.980999
0,250,13,35.5495,-1.13599e-09,0.981
0,250,13,36.0495,-1.13689e-09,0.981
0,250,13,36.5495,-1.13729e-09,0.981
0,250,13,37.0495,-1.1374e-09,0.981
0,250,13,37.5495,-1.1374e-09,0.981
0,250,13,38.0495,-1.1374e-09,0.981
0,250,13,38.5495,-1.13742e-09,0.981
0,250,13,39.0495,-1.13748e-09,0.981
0,250,13,39.5495,-1.1376e-09,0.981
0,250,13,40.0495,-1.13795e-09,0.980999
0,250,13,40.5495,-1.13895e-09,0.980997
0,250,13,41.0495,-1.14171e-09,0.980994
0,250,13,41.5495,-1.14976e-09,0.980967
0,250,13,42.0495,-1.17102e-09,0.980945
0,250,13,42.5495,-1.22267e-09,0.980721
0,250,13,43.0495,-1.34583e-09,0.980565
0,250,13,43.5495,-1.62528e-09,0.979094
0,250,13,44.0495,-2.22955e-09,0.978232
0,250,13,44.5495,-3.47241e-09,0.970754
0,250,13,45.0494,-5.90397e-09,0.967073
0,250,13,45.5491,-1.04106e-08,0.939039
0,250,13,46.049,-1.83203e-08,0.927017
0,250,13,46.548,-3.13929e-08,0.854667
0,250,13,47.0477,-5.17863e-08,0.824928
0,250,13,47.5452,-8.14583e-08,0.709787
0,250,13,48.0443,-1.22098e-07,0.654666
0,250,13,48.5402,-1.73533e-07,0.559077
0,250,13,49.0386,-2.34815e-07,0.481166
0,250,13,49.5333,-3.01445e-07,0.435507
0,250,13,50.0307,-3.67018e-07,0.341206
0,250,13,50.5244,-4.17555e-07,0.291508
0,250,13,51.0211,-4.34328e-07,0.184603
0,250,13,51.5133,-3.98541e-07,0.144981
0,250,13,52.0094,-2.68254e-07,0.0325569
0,250,13.5,27.5495,-2.10375e-22,0.980993
0,250,13.5,28.0495,-1.65e-20,0.980993
0,250,13.5,28.5495,-2.79204e-19,0.980993
0,250,13.5,29.0495,-2.97146e-18,0.980993
0,250,13.5,29.5495,-4.28376e-17,0.980993
0,250,13.5,30.0495,-3.75059e-15,0.980993
0,250,13.5,30.5495,-4.89016e-14,0.980993
0,250,13.5,31.0495,-3.54938e-13,0.980993
0,250,13.5,31.5495,-4.18016e-12,0.980993
0,250,13.5,32.0495,-2.03102e-11,0.980993
0,250,13.5,32.5495,-5.25105e-11,0.980994
0,250,13.5,33.0495,-1.22683e-10,0.980994
0,250,13.5,33.5495,-1.53344e-10,0.980996
0,250,13.5,34.0495,-1.65171e-10,0.980996
0,250,13.5,34.5495,-1.69482e-10,0.980998
0,250,13.5,35.0495,-1.71198e-10,0.980999
0,250,13.5,35.5495,-1.71803e-10,0.981
0,250,13.5,36.0495,-1.71957e-10,0.981
0,250,13.5,36.5495,-1.72102e-10,0.981
0,250,13.5,37.0495,-1.72176e-10,0.981
0,250,13.5,37.5495,-1.72186e-10,0.981
0,250,13.5,38.0495,-1.72183e-10,0.981
0,250,13.5,38.5495,-1.72187e-10,0.981
0,250,13.5,39.0495,-1.72204e-10,0.981
0,250,13.5,39.5495,-1.72282e-10,0.981
0,250,13.5,40.0495,-1.72432e-10,0.980999
0,250,13.5,40.5495,-1.72713e-10,0.980997
0,250,13.5,41.0495,-1.73757e-10,0.980994
0,250,13.5,41.5495,-1.76441e-10,0.980967
0,250,13.5,42.0495,-1.83603e-10,0.980945
0,250,13.5,42.5495,-2.00576e-10,0.980721
0,250,13.5,43.0495,-2.40441e-10,0.980565
0,250,13.5,43.5495,-3.31117e-10,0.979094
0,250,13.5,44.0495,-5.25485e-10,0.978232
0,250,13.5,44.5495,-9.2065e-10,0.970754
0,250,13.5,45.0494,-1.68912e-09,0.967073
0,250,13.5,45.5491,-3.10054e-09,0.939039
0,250,13.5,46.049,-5.55675e-09,0.927017
0,250,13.5,46.548,-9.58038e-09,0.854667
0,250,13.5,47.0477,-1.57941e-08,0.824928
0,250,13.5,47.5452,-2.47018e-08,0.709787
0,250,13.5,48.0443,-3.661e-08,0.654666
0,250,13.5,48.5402,-5.09578e-08,0.559077
0,250,13.5,49.0386,-6.64357e-08,0.481166
0,250,13.5,49.5333,-8.02628e-08,0.435507
0,250,13.5,50.0307,-8.94308e-08,0.341206
0,250,13.5,50.5244,-9.16858e-08,0.291508
0,250,13.5,51.0211,-8.66292e-08,0.184603
0,250,13.5,51.5133,-7.62992e-08,0.144981
0,250,13.5,52.0094,-5.33577e-08,0.032557
0,250,14,27.5495,-4.37799e-23,0.980993
0,250,14,28.0495,-1.10534e-21,0.980993
0,250,14,28.5495,-1.08949e-20,0.980993
0,250,14,29.0495,-6.47705e-20,0.980993
0,250,14,29.5495,-1.27971e-17,0.980993
0,250,14,30.0495,-1.13458e-16,0.980993
0,250,14,30.5495,-8.4415e-15,0.980993
0,250,14,31.0495,-7.06052e-14,0.980993
0,250,14,31.5495,-1.88424e-12,0.980993
0,250,14,32.0495,-1.06144e-11,0.980993
0,250,14,32.5495,-2.78969e-11,0.980994
0,250,14,33.0495,-6.51129e-11,0.980994
0,250,14,33.5495,-7.75007e-11,0.980996
0,250,14,34.0495,-8.00809e-11,0.980996
0,250,14,34.5495,-8.09941e-11,0.980998
0,250,14,35.0495,-8.13257e-11,0.980999
0,250,14,35.5495,-8.13513e-11,0.981
0,250,14,36.0495,-8.13957e-11,0.981
0,250,14,36.5495,-8.15036e-11,0.981
0,250,14,37.0495,-8.15383e-11,0.981
0,250,14,37.5495,-8.15022e-11,0.981
0,250,14,38.0495,-8.14847e-11,0.981
0,250,14,38.5495,-8.14827e-11,0.981
0,250,14,39.0495,-8.14826e-11,0.981
0,250,14,39.5495,-8.14864e-11,0.981
0,250,14,40.0495,-8.15498e-11,0.980999
0,250,14,40.5495,-8.18083e-11,0.980997
0,250,14,41.0495,-8.20424e-11,0.980994
0,250,14,41.5495,-8.25709e-11,0.980967
0,250,14,42.0495,-8.47463e-11,0.980945
0,250,14,42.5495,-8.94728e-11,0.980721
0,250,14,43.0495,-1.0103e-10,0.980565
0,250,14,43.5495,-1.27342e-10,0.979094
0,250,14,44.0495,-1.81842e-10,0.978232
0,250,14,44.5495,-2.92174e-10,0.970754
0,250,14,45.0494,-5.0612e-10,0.967073
0,250,14,45.5491,-8.9477e-10,0.939039
0,250,14,46.049,-1.56719e-09,0.927017
0,250,14,46.548,-2.66396e-09,0.854667
0,250,14,47.0477,-4.35171e-09,0.824928
0,250,14,47.5452,-6.78045e-09,0.709787
0,250,14,48.0443,-1.00864e-08,0.654666
0,250,14,48.5402,-1.42626e-08,0.559077
0,250,14,49.0386,-1.92671e-08,0.481166
0,250,14,49.5333,-2.47107e-08,0.435507
0,250,14,50.0307,-3.00168e-08,0.341206
0,250,14,50.5244,-3.38936e-08,0.291508
0,250,14,51.0211,-3.47847e-08,0.184603
0,250,14,51.5133,-3.12855e-08,0.144981
0,250,14,52.0094,-2.05994e-08,0.032557
0,250,14.5,27.5495,1.18286e-22,0.980993
0,250,14.5,28.0495,2.61691e-21,0.980993
0,250,14.5,28.5495,2.81785e-20,0.980993
0,250,14.5,29.0495,2.79387e-19,0.980993
0,250,14.5,29.5495,2.82892e-17,0.980993
0,250,14.5,30.0495,6.54449e-16,0.980993
0,250,14.5,30.5495,2.51635e-14,0.980993
0,250,14.5,31.0495,1.79821e-13,0.980993
0,250,14.5,31.5495,3.25418e-12,0.980993
0,250,14.5,32.0495,1.75364e-11,0.980993
0,250,14.5,32.5495,4.34521e-11,0.980994
0,250,14.5,33.0495,9.69716e-11,0.980994
0,250,14.5,33.5495,1.15036e-10,0.980996
0,250,14.5,34.0495,1.19161e-10,0.980996
0,250,14.5,34.5495,1.20554e-10,0.980998
0,250,14.5,35.0495,1.20969e-10,0.980999
0,250,14.5,35.5495,1.21044e-10,0.981
0,250,14.5,36.0495,1.21034e-10,0.981
0,250,14.5,36.5495,1.21028e-10,0.981
0,250,14.5,37.0495,1.21062e-10,0.981
0,250,14.5,37.5495,1.21077e-10,0.981
0,250,14.5,38.0495,1.21075e-10,0.981
0,250,14.5,38.5495,1.21074e-10,0.981
0,250,14.5,39.0495,1.2107e-10,0.981
0,250,14.5,39.5495,1.21077e-10,0.981
0,250,14.5,40.0495,1.21053e-10,0.980999
0,250,14.5,40.5495,1.20947e-10,0.980997
0,250,14.5,41.0495,1.21168e-10,0.980994
0,250,14.5,41.5495,1.21302e-10,0.980967
0,250,14.5,42.0495,1.21261e-10,0.980945
0,250,14.5,42.5495,1.21612e-10,0.980721
0,250,14.5,43.0495,1.22263e-10,0.980565
0,250,14.5,43.5495,1.23915e-10,0.979094
0,250,14.5,44.0495,1.27825e-10,0.978232
0,250,14.5,44.5495,1.35292e-10,0.970754
0,250,14.5,45.0494,1.51517e-10,0.967073
0,250,14.5,45.5491,1.8325e-10,0.939039
0,250,14.5,46.049,2.41264e-10,0.927017
0,250,14.5,46.548,3.43383e-10,0.854667
0,250,14.5,47.0477,5.14167e-10,0.824928
0,250,14.5,47.5452,7.88037e-10,0.709787
0,250,14.5,48.0443,1.22265e-09,0.654666
0,250,14.5,48.5402,1.8892e-09,0.559077
0,250,14.5,49.0386,2.89747e-09,0.481166
0,250,14.5,49.5333,4.27407e-09,0.435507
0,250,14.5,50.0307,5.9369e-09,0.341206
0,250,14.5,50.5244,7.41091e-09,0.291508
0,250,14.5,51.0211,8.05006e-09,0.184603
0,250,14.5,51.5133,7.19732e-09,0.144981
0,250,14.5,52.0094,4.41117e-09,0.032557
0,250,15,27.5495,4.99407e-22,0.980993
0,250,15,28.0495,4.17249e-20,0.980993
0,250,15,28.5495,7.06701e-19,0.980993
0,250,15,29.0495,6.82125e-18,0.980993
0,250,15,29.5495,8.78825e-17,0.980993
0,250,15,30.0495,7.00722e-15,0.980993
0,250,15,30.5495,1.09068e-13,0.980993
0,250,15,31.0495,6.69121e-13,0.980993
0,250,15,31.5495,6.61021e-12,0.980993
0,250,15,32.0495,3.1656e-11,0.980993
0,250,15,32.5495,7.7652e-11,0.980994
0,250,15,33.0495,1.74601e-10,0.980994
0,250,15,33.5495,2.15269e-10,0.980996
0,250,15,34.0495,2.29613e-10,0.980996
0,250,15,34.5495,2.3504e-10,0.980998
0,250,15,35.0495,2.37079e-10,0.980999
0,250,15,35.5495,2.37643e-10,0.981
0,250,15,36.0495,2.37832e-10,0.981
0,250,15,36.5495,2.38007e-10,0.981
0,250,15,37.0495,2.38062e-10,0.981
0,250,15,37.5495,2.37949e-10,0.981
0,250,15,38.0495,2.37893e-10,0.981
0,250,15,38.5495,2.3789e-10,0.981
0,250,15,39.0495,2.37889e-10,0.981
0,250,15,39.5495,2.37896e-10,0.981
0,250,15,40.0495,2.37943e-10,0.980999
0,250,15,40.5495,2.38148e-10,0.980997
0,250,15,41.0495,2.3849e-10,0.980994
0,250,15,41.5495,2.39226e-10,0.980967
0,250,15,42.0495,2.41864e-10,0.980945
0,250,15,42.5495,2.47508e-10,0.980721
0,250,15,43.0495,2.61519e-10,0.980565
0,250,15,43.5495,2.93903e-10,0.979094
0,250,15,44.0495,3.63057e-10,0.978232
0,250,15,44.5495,5.05268e-10,0.970754
0,250,15,45.0494,7.85064e-10,0.967073
0,250,15,45.5491,1.30356e-09,0.939039
0,250,15,46.049,2.21481e-09,0.927017
0,250,15,46.548,3.72222e-09,0.854667
0,250,15,47.0477,6.06846e-09,0.824928
0,250,15,47.5452,9.43905e-09,0.709787
0,250,15,48.0443,1.39207e-08,0.654666
0,250,15,48.5402,1.92001e-08,0.559077
0,250,15,49.0386,2.4661e-08,0.481166
0,250,15,49.5333,2.91685e-08,0.435507
0,250,15,50.0307,3.16887e-08,0.341206
0,250,15,50.5244,3.17221e-08,0.291508
0,250,15,51.0211,2.95031e-08,0.184603
0,250,15,51.5133,2.59472e-08,0.144981
0,250,15,52.0094,1.83628e-08,0.032557
0,250,15.5,27.5495,5.33422e-21,0.980993
0,250,15.5,28.0495,1.5141e-19,0.980993
0,250,15.5,28.5495,1.0024e-17,0.980993
0,250,15.5,29.0495,1.32292e-16,0.980993
0,250,15.5,29.5495,1.23701e-15,0.980993
0,250,15.5,30.0495,1.81674e-14,0.980993
0,250,15.5,30.5495,8.47097e-13,0.980993
0,250,15.5,31.0495,5.11304e-12,0.980993
0,250,15.5,31.5495,4.67513e-11,0.980993
0,250,15.5,32.0495,2.29235e-10,0.980993
0,250,15.5,32.5495,5.23445e-10,0.980994
0,250,15.5,33.0495,1.10194e-09,0.980994
0,250,15.5,33.5495,1.3009e-09,0.980996
0,250,15.5,34.0495,1.351e-09,0.980996
0,250,15.5,34.5495,1.36798e-09,0.980998
0,250,15.5,35.0495,1.37334e-09,0.980999
0,250,15.5,35.5495,1.37549e-09,0.981
0,250,15.5,36.0495,1.37638e-09,0.981
0,250,15.5,36.5495,1.37673e-09,0.981
0,250,15.5,37.0495,1.37687e-09,0.981
0,250,15.5,37.5495,1.37691e-09,0.981
0,250,15.5,38.0495,1.37691e-09,0.981
0,250,15.5,38.5495,1.37693e-09,0.981
0,250,15.5,39.0495,1.37698e-09,0.981
0,250,15.5,39.5495,1.37703e-09,0.981
0,250,15.5,40.0495,1.37716e-09,0.980999
0,250,15.5,40.5495,1.37749e-09,0.980997
0,250,15.5,41.0495,1.37851e-09,0.980994
0,250,15.5,41.5495,1.38134e-09,0.980967
0,250,15.5,42.0495,1.38984e-09,0.980945
0,250,15.5,42.5495,1.40984e-09,0.980721
0,250,15.5,43.0495,1.45844e-09,0.980565
0,250,15.5,43.5495,1.57047e-09,0.979094
0,250,15.5,44.0495,1.81322e-09,0.978232
0,250,15.5,44.5495,2.31717e-09,0.970754
0,250,15.5,45.0494,3.31479e-09,0.967073
0,250,15.5,45.5491,5.18223e-09,0.939039
0,250,15.5,46.049,8.49758e-09,0.927017
0,250,15.5,46.548,1.40479e-08,0.854667
0,250,15.5,47.0477,2.28355e-08,0.824928
0,250,15.5,47.5452,3.58421e-08,0.709787
0,250,15.5,48.0443,5.41035e-08,0.654666
0,250,15.5,48.5402,7.79483e-08,0.559077
0,250,15.5,49.0386,1.07541e-07,0.481166
0,250,15.5,49.5333,1.40826e-07,0.435507
0,250,15.5,50.0307,1.74314e-07,0.341206
0,250,15.5,50.5244,1.99635e-07,0.291508
0,250,15.5,51.0211,2.06752e-07,0.184603
0,250,15.5,51.5133,1.86578e-07,0.144981
0,250,15.5,52.0094,1.22628e-07,0.032557
0,250,16,27.5495,3.44818e-20,0.980993
0,250,16,28.0495,1.4361e-18,0.980993
0,250,16,28.5495,3.56648e-17,0.980993
0,250,16,29.0495,1.60168e-15,0.980993
0,250,16,29.5495,1.54963e-14,0.980993
0,250,16,30.0495,1.66956e-13,0.980993
0,250,16,30.5495,2.21705e-12,0.980993
0,250,16,31.0495,1.18571e-11,0.980993
0,250,16,31.5495,8.13132e-11,0.980993
0,250,16,32.0495,3.59296e-10,0.980993
0,250,16,32.5495,8.09357e-10,0.980994
0,250,16,33.0495,1.70962e-09,0.980994
0,250,16,33.5495,2.07648e-09,0.980996
0,250,16,34.0495,2.21154e-09,0.980996
0,250,16,34.5495,2.25989e-09,0.980998
0,250,16,35.0495,2.27553e-09,0.980999
0,250,16,35.5495,2.28161e-09,0.981
0,250,16,36.0495,2.28439e-09,0.981
0,250,16,36.5495,2.28545e-09,0.981
0,250,16,37.0495,2.28579e-09,0.981
0,250,16,37.5495,2.28598e-09,0.981
0,250,16,38.0495,2.28603e-09,0.981
0,250,16,38.5495,2.28604e-09,0.981
0,250,16,39.0495,2.28607e-09,0.981
0,250,16,39.5495,2.2862e-09,0.981
0,250,16,40.0495,2.28656e-09,0.980999
0,250,16,40.5495,2.28791e-09,0.980997
0,250,16,41.0495,2.29127e-09,0.980994
0,250,16,41.5495,2.30036e-09,0.980967
0,250,16,42.0495,2.32527e-09,0.980945
0,250,16,42.5495,2.38792e-09,0.980721
0,250,16,43.0495,2.53908e-09,0.980565
0,250,16,43.5495,2.88926e-09,0.979094
0,250,16,44.0495,3.66027e-09,0.978232
0,250,16,44.5495,5.27756e-09,0.970754
0,250,16,45.0494,8.5041e-09,0.967073
0,250,16,45.5491,1.4603e-08,0.939039
0,250,16,46.049,2.55283e-08,0.927017
0,250,16,46.548,4.39297e-08,0.854667
0,250,16,47.0477,7.3127e-08,0.824928
0,250,16,47.5452,1.16039e-07,0.709787
0,250,16,48.0443,1.74614e-07,0.654666
0,250,16,48.5402,2.46101e-07,0.559077
0,250,16,49.0386,3.23263e-07,0.481166
0,250,16,49.5333,3.9096e-07,0.435507
0,250,16,50.0307,4.33261e-07,0.341206
0,250,16,50.5244,4.4046e-07,0.291508
0,250,16,51.0211,4.13982e-07,0.184603
0,250,16,51.5133,3.67806e-07,0.144981
0,250,16,52.0094,2.63589e-07,0.032557
0,250,16.5,27.5495,4.61677e-19,0.980993
0,250,16.5,28.0495,6.56553e-18,0.980993
0,250,16.5,28.5495,3.01231e-16,0.980993
0,250,16.5,29.0495,5.78283e-15,0.980993
0,250,16.5,29.5495,1.38562e-13,0.980993
0,250,16.5,30.0495,9.35179e-13,0.980993
0,250,16.5,30.5495,1.41113e-11,0.980993
0,250,16.5,31.0495,7.7114e-11,0.980993
0,250,16.5,31.5495,5.08132e-10,0.980993
0,250,16.5,32.0495,2.22261e-09,0.980993
0,250,16.5,32.5495,4.5195e-09,0.980994
0,250,16.5,33.0495,9.17643e-09,0.980994
0,250,16.5,33.5495,1.07528e-08,0.980996
0,250,16.5,34.0495,1.11584e-08,0.980996
0,250,16.5,34.5495,1.12993e-08,0.980998
0,250,16.5,35.0495,1.13469e-08,0.980999
0,250,16.5,35.5495,1.13645e-08,0.981
0,250,16.5,36.0495,1.13709e-08,0.981
0,250,16.5,36.5495,1.13734e-08,0.981
0,250,16.5,37.0495,1.13742e-08,0.981
0,250,16.5,37.5495,1.13744e-08,0.981
0,250,16.5,38.0495,1.13744e-08,0.981
0,250,16.5,38.5495,1.13744e-08,0.981
0,250,16.5,39.0495,1.13747e-08,0.981
0,250,16.5,39.5495,1.13751e-08,0.981
0,250,16.5,40.0495,1.13761e-08,0.980999
0,250,16.5,40.5495,1.13801e-08,0.980997
0,250,16.5,41.0495,1.139e-08,0.980994
0,250,16.5,41.5495,1.14169e-08,0.980967
0,250,16.5,42.0495,1.14891e-08,0.980945
0,250,16.5,42.5495,1.16726e-08,0.980721
0,250,16.5,43.0495,1.21218e-08,0.980565
0,250,16.5,43.5495,1.31703e-08,0.979094
0,250,16.5,44.0495,1.55044e-08,0.978232
0,250,16.5,44.5495,2.04535e-08,0.970754
0,250,16.5,45.0494,3.04245e-08,0.967073
0,250,16.5,45.5491,4.94731e-08,0.939039
0,250,16.5,46.049,8.39523e-08,0.927018
0,250,16.5,46.548,1.42755e-07,0.854667
0,250,16.5,47.0477,2.37476e-07,0.824928
0,250,16.5,47.5452,3.80055e-07,0.709787
0,250,16.5,48.0443,5.82744e-07,0.654666
0,250,16.5,48.5402,8.50625e-07,0.559077
0,250,16.5,49.0386,1.1867e-06,0.481166
0,250,16.5,49.5333,1.5736e-06,0.435507
0,250,16.5,50.0307,1.97824e-06,0.341206
0,250,16.5,50.5244,2.31109e-06,0.291508
0,250,16.5,51.0211,2.44833e-06,0.184603
0,250,16.5,51.5133,2.26255e-06,0.144981
0,250,16.5,52.0094,1.51686e-06,0.0325566
0,250,17,27.5495,5.65673e-18,0.980993
0,250,17,28.0495,7.32723e-17,0.980993
0,250,17,28.5495,1.0564e-15,0.980993
0,250,17,29.0495,4.29329e-14,0.980993
0,250,17,29.5495,5.4089e-13,0.980993
0,250,17,30.0495,3.63441e-12,0.980993
0,250,17,30.5495,3.20261e-11,0.980993
0,250,17,31.0495,1.54078e-10,0.980993
0,250,17,31.5495,8.0985e-10,0.980993
0,250,17,32.0495,3.19823e-09,0.980993
0,250,17,32.5495,6.4435e-09,0.980994
0,250,17,33.0495,1.3192e-08,0.980994
0,250,17,33.5495,1.58471e-08,0.980996
0,250,17,34.0495,1.68419e-08,0.980996
0,250,17,34.5495,1.72082e-08,0.980998
0,250,17,35.0495,1.73367e-08,0.980999
0,250,17,35.5495,1.73847e-08,0.981
0,250,17,36.0495,1.7402e-08,0.981
0,250,17,36.5495,1.74086e-08,0.981
0,250,17,37.0495,1.74112e-08,0.981
0,250,17,37.5495,1.74122e-08,0.981
0,250,17,38.0495,1.74124e-08,0.981
0,250,17,38.5495,1.74127e-08,0.981
0,250,17,39.0495,1.74133e-08,0.981
0,250,17,39.5495,1.74143e-08,0.981
0,250,17,40.0495,1.74169e-08,0.980999
0,250,17,40.5495,1.74259e-08,0.980997
0,250,17,41.0495,1.74527e-08,0.980994
0,250,17,41.5495,1.75274e-08,0.980967
0,250,17,42.0495,1.77275e-08,0.980945
0,250,17,42.5495,1.82451e-08,0.980721
0,250,17,43.0495,1.95239e-08,0.980565
0,250,17,43.5495,2.25374e-08,0.979094
0,250,17,44.0495,2.93172e-08,0.978232
0,250,17,44.5495,4.38285e-08,0.970754
0,250,17,45.0494,7.33559e-08,0.967073
0,250,17,45.5491,1.30269e-07,0.939039
0,250,17,46.049,2.34154e-07,0.927018
0,250,17,46.548,4.12515e-07,0.854667
0,250,17,47.0477,7.00901e-07,0.824928
0,250,17,47.5452,1.1339e-06,0.709787
0,250,17,48.0443,1.7386e-06,0.654667
0,250,17,48.5402,2.49978e-06,0.559078
0,250,17,49.0386,3.35122e-06,0.481167
0,250,17,49.5333,4.13533e-06,0.435508
0,250,17,50.0307,4.65829e-06,0.341207
0,250,17,50.5244,4.78603e-06,0.291508
0,250,17,51.0211,4.52109e-06,0.184603
0,250,17,51.5133,4.05651e-06,0.14498
0,250,17,52.0094,2.96865e-06,0.0325564
0,250,17.5,27.5495,5.66806e-17,0.980993
0,250,17.5,28.0495,7.28612e-16,0.980993
0,250,17.5,28.5495,9.45811e-15,0.980993
0,250,17.5,29.0495,1.28614e-13,0.980993
0,250,17.5,29.5495,3.27425e-12,0.980993
0,250,17.5,30.0495,1.90916e-11,0.980993
0,250,17.5,30.5495,1.8882e-10,0.980993
0,250,17.5,31.0495,9.41987e-10,0.980993
0,250,17.5,31.5495,4.47067e-09,0.980993
0,250,17.5,32.0495,1.73779e-08,0.980993
0,250,17.5,32.5495,3.14489e-08,0.980994
0,250,17.5,33.0495,6.05134e-08,0.980994
0,250,17.5,33.5495,7.05713e-08,0.980996
0,250,17.5,34.0495,7.33985e-08,0.980996
0,250,17.5,34.5495,7.44034e-08,0.980998
0,250,17.5,35.0495,7.47512e-08,0.980999
0,250,17.5,35.5495,7.4882e-08,0.981
0,250,17.5,36.0495,7.49318e-08,0.981
0,250,17.5,36.5495,7.49501e-08,0.981
0,250,17.5,37.0495,7.49571e-08,0.981
0,250,17.5,37.5495,7.49601e-08,0.981
0,250,17.5,38.0495,7.49612e-08,0.981
0,250,17.5,38.5495,7.49617e-08,0.981
0,250,17.5,39.0495,7.49625e-08,0.981
0,250,17.5,39.5495,7.49651e-08,0.981
0,250,17.5,40.0495,7.49724e-08,0.980999
0,250,17.5,40.5495,7.4996e-08,0.980997
0,250,17.5,41.0495,7.50663e-08,0.980994
0,250,17.5,41.5495,7.52642e-08,0.980967
0,250,17.5,42.0495,7.5801e-08,0.980945
0,250,17.5,42.5495,7.72012e-08,0.980721
0,250,17.5,43.0495,8.06913e-08,0.980565
0,250,17.5,43.5495,8.90001e-08,0.979094
0,250,17.5,44.0495,1.07866e-07,0.978232
0,250,17.5,44.5495,1.48632e-07,0.970754
0,250,17.5,45.0494,2.32341e-07,0.967073
0,250,17.5,45.5491,3.95257e-07,0.939039
0,250,17.5,46.049,6.95443e-07,0.927018
0,250,17.5,46.548,1.21663e-06,0.854667
0,250,17.5,47.0477,2.07016e-06,0.824929
0,250,17.5,47.5452,3.37683e-06,0.709788
0,250,17.5,48.0443,5.25848e-06,0.654668
0,250,17.5,48.5402,7.77608e-06,0.559079
0,250,17.5,49.0386,1.09575e-05,0.481169
0,250,17.5,49.5333,1.46856e-05,0.435509
0,250,17.5,50.0307,1.87128e-05,0.341208
0,250,17.5,50.5244,2.22981e-05,0.291509
0,250,17.5,51.0211,2.42095e-05,0.184603
0,250,17.5,51.5133,2.29945e-05,0.144979
0,250,17.5,52.0094,1.57737e-05,0.0325531
0,250,18,27.5495,2.25521e-16,0.980993
0,250,18,28.0495,6.61591e-15,0.980993
0,250,18,28.5495,6.45823e-14,0.980993
0,250,18,29.0495,9.16277e-13,0.980993
0,250,18,29.5495,9.97817e-12,0.980993
0,250,18,30.0495,5.52626e-11,0.980993
0,250,18,30.5495,3.76169e-10,0.980993
0,250,18,31.0495,1.61111e-09,0.980993
0,250,18,31.5495,6.42202e-09,0.980993
0,250,18,32.0495,2.29245e-08,0.980994
0,250,18,32.5495,4.16834e-08,0.980994
0,250,18,33.0495,8.0249e-08,0.980994
0,250,18,33.5495,9.55976e-08,0.980996
0,250,18,34.0495,1.01943e-07,0.980996
0,250,18,34.5495,1.04363e-07,0.980998
0,250,18,35.0495,1.05241e-07,0.980999
0,250,18,35.5495,1.05577e-07,0.981
0,250,18,36.0495,1.05705e-07,0.981
0,250,18,36.5495,1.05753e-07,0.981
0,250,18,37.0495,1.05771e-07,0.981
0,250,18,37.5495,1.05779e-07,0.981
0,250,18,38.0495,1.05781e-07,0.981
0,250,18,38.5495,1.05783e-07,0.981
0,250,18,39.0495,1.05785e-07,0.981
0,250,18,39.5495,1.05791e-07,0.981
0,250,18,40.0495,1.05811e-07,0.980999
0,250,18,40.5495,1.0587e-07,0.980997
0,250,18,41.0495,1.06047e-07,0.980994
0,250,18,41.5495,1.06549e-07,0.980967
0,250,18,42.0495,1.07926e-07,0.980945
0,250,18,42.5495,1.11546e-07,0.980721
0,250,18,43.0495,1.20659e-07,0.980565
0,250,18,43.5495,1.4257e-07,0.979094
0,250,18,44.0495,1.92795e-07,0.978232
0,250,18,44.5495,3.02306e-07,0.970755
0,250,18,45.0494,5.29183e-07,0.967073
0,250,18,45.5491,9.74301e-07,0.93904
0,250,18,46.049,1.80072e-06,0.927019
0,250,18,46.548,3.24456e-06,0.854669
0,250,18,47.0477,5.61778e-06,0.82493
0,250,18,47.5452,9.24782e-06,0.709791
0,250,18,48.0443,1.4412e-05,0.654672
0,250,18,48.5402,2.10919e-05,0.559084
0,250,18,49.0386,2.88155e-05,0.481175
0,250,18,49.5333,3.63095e-05,0.435515
0,250,18,50.0307,4.1683e-05,0.341214
0,250,18,50.5244,4.34215e-05,0.291512
0,250,18,51.0211,4.12782e-05,0.184604
0,250,18,51.5133,3.73927e-05,0.144973
0,250,18,52.0094,2.79929e-05,0.0325522
0,250,18.5,27.5495,1.75053e-15,0.980993
0,250,18.5,28.0495,2.6449e-14,0.980993
0,250,18.5,28.5495,4.66914e-13,0.980993
0,250,18.5,29.0495,3.46296e-12,0.980993
0,250,18.5,29.5495,5.61975e-11,0.980993
0,250,18.5,30.0495,3.00487e-10,0.980993
0,250,18.5,30.5495,2.03325e-09,0.980993
0,250,18.5,31.0495,8.91182e-09,0.980993
0,250,18.5,31.5495,2.7867e-08,0.980993
0,250,18.5,32.0495,9.28511e-08,0.980994
0,250,18.5,32.5495,1.60325e-07,0.980994
0,250,18.5,33.0495,3.01912e-07,0.980994
0,250,18.5,33.5495,3.53826e-07,0.980996
0,250,18.5,34.0495,3.7127e-07,0.980996
0,250,18.5,34.5495,3.77744e-07,0.980998
0,250,18.5,35.0495,3.80109e-07,0.980999
0,250,18.5,35.5495,3.81018e-07,0.981
0,250,18.5,36.0495,3.81362e-07,0.981
0,250,18.5,36.5495,3.81494e-07,0.981
0,250,18.5,37.0495,3.81544e-07,0.981
0,250,18.5,37.5495,3.81564e-07,0.981
0,250,18.5,38.0495,3.8157e-07,0.981
0,250,18.5,38.5495,3.81574e-07,0.981
0,250,18.5,39.0495,3.81581e-07,0.981
0,250,18.5,39.5495,3.81597e-07,0.981
0,250,18.5,40.0495,3.81647e-07,0.980999
0,250,18.5,40.5495,3.81797e-07,0.980997
0,250,18.5,41.0495,3.82234e-07,0.980994
0,250,18.5,41.5495,3.83476e-07,0.980967
0,250,18.5,42.0495,3.86887e-07,0.980945
0,250,18.5,42.5495,3.95906e-07,0.980721
0,250,18.5,43.0495,4.18763e-07,0.980565
0,250,18.5,43.5495,4.74148e-07,0.979094
0,250,18.5,44.0495,6.02127e-07,0.978232
0,250,18.5,44.5495,8.83549e-07,0.970755
0,250,18.5,45.0494,1.47129e-06,0.967073
0,250,18.5,45.5491,2.63432e-06,0.939041
0,250,18.5,46.049,4.81144e-06,0.92702
0,250,18.5,46.548,8.65185e-06,0.854672
0,250,18.5,47.0477,1.50315e-05,0.824936
0,250,18.5,47.5452,2.49503e-05,0.709798
0,250,18.5,48.0443,3.94068e-05,0.654683
0,250,18.5,48.5402,5.90015e-05,0.559097
0,250,18.5,49.0386,8.38727e-05,0.48119
0,250,18.5,49.5333,0.000113343,0.435529
0,250,18.5,50.0307,0.000145849,0.341226
0,250,18.5,50.5244,0.00017692,0.291516
0,250,18.5,51.0211,0.00019702,0.184604
0,250,18.5,51.5133,0.000193112,0.144963
0,250,18.5,52.0094,0.00013605,0.0325243
0,250,19,27.5495,5.68183e-15,0.980993
0,250,19,28.0495,1.88653e-13,0.980993
0,250,19,28.5495,1.96302e-12,0.980993
0,250,19,29.0495,1.64102e-11,0.980993
0,250,19,29.5495,1.46721e-10,0.980993
0,250,19,30.0495,6.91004e-10,0.980993
0,250,19,30.5495,3.50663e-09,0.980993
0,250,19,31.0495,1.33774e-08,0.980993
0,250,19,31.5495,3.77738e-08,0.980993
0,250,19,32.0495,1.15227e-07,0.980994
0,250,19,32.5495,1.97325e-07,0.980994
0,250,19,33.0495,3.6818e-07,0.980994
0,250,19,33.5495,4.38632e-07,0.980996
0,250,19,34.0495,4.73607e-07,0.980996
0,250,19,34.5495,4.87656e-07,0.980998
0,250,19,35.0495,4.93133e-07,0.980999
0,250,19,35.5495,4.95312e-07,0.981
0,250,19,36.0495,4.96158e-07,0.981
0,250,19,36.5495,4.96486e-07,0.981
0,250,19,37.0495,4.96612e-07,0.981
0,250,19,37.5495,4.9666e-07,0.981
0,250,19,38.0495,4.96679e-07,0.981
0,250,19,38.5495,4.96689e-07,0.981
0,250,19,39.0495,4.96705e-07,0.981
0,250,19,39.5495,4.96746e-07,0.981
0,250,19,40.0495,4.96863e-07,0.980999
0,250,19,40.5495,4.97211e-07,0.980997
0,250,19,41.0495,4.98224e-07,0.980994
0,250,19,41.5495,5.01114e-07,0.980967
0,250,19,42.0495,5.09112e-07,0.980945
0,250,19,42.5495,5.30439e-07,0.980721
0,250,19,43.0495,5.85008e-07,0.980565
0,250,19,43.5495,7.18433e-07,0.979094
0,250,19,44.0495,1.0295e-06,0.978232
0,250,19,44.5495,1.71907e-06,0.970755
0,250,19,45.0494,3.17052e-06,0.967075
0,250,19,45.5491,6.06268e-06,0.939043
0,250,19,46.049,1.15103e-05,0.927025
0,250,19,46.548,2.11685e-05,0.85468
0,250,19,47.0477,3.72554e-05,0.824949
0,250,19,47.5452,6.22472e-05,0.709818
0,250,19,48.0443,9.82822e-05,0.654711
0,250,19,48.5402,0.000145898,0.559132
0,250,19,49.0386,0.000202398,0.481236
0,250,19,49.5333,0.000260134,0.435575
0,250,19,50.0307,0.000304875,0.341275
0,250,19,50.5244,0.000323405,0.291546
0,250,19,51.0211,0.000310275,0.184616
0,250,19,51.5133,0.000283732,0.144926
0,250,19,52.0094,0.000217666,0.032527
0,250,19.5,27.5495,4.15216e-14,0.980993
0,250,19.5,28.0495,6.05914e-13,0.980993
0,250,19.5,28.5495,1.15569e-11,0.980993
0,250,19.5,29.0495,6.87665e-11,0.980993
0,250,19.5,29.5495,7.67197e-10,0.980993
0,250,19.5,30.0495,3.78729e-09,0.980993
0,250,19.5,30.5495,1.63751e-08,0.980993
0,250,19.5,31.0495,6.20298e-08,0.980993
0,250,19.5,31.5495,1.36728e-07,0.980994
0,250,19.5,32.0495,3.5189e-07,0.980994
0,250,19.5,32.5495,5.58115e-07,0.980994
0,250,19.5,33.0495,1.02573e-06,0.980994
0,250,19.5,33.5495,1.23333e-06,0.980996
0,250,19.5,34.0495,1.36038e-06,0.980996
0,250,19.5,34.5495,1.40835e-06,0.980998
0,250,19.5,35.0495,1.42465e-06,0.980999
0,250,19.5,35.5495,1.43086e-06,0.981
0,250,19.5,36.0495,1.43326e-06,0.981
0,250,19.5,36.5495,1.43419e-06,0.981
0,250,19.5,37.0495,1.43455e-06,0.981
0,250,19.5,37.5495,1.43469e-06,0.981
0,250,19.5,38.0495,1.43474e-06,0.981
0,250,19.5,38.5495,1.43478e-06,0.981
0,250,19.5,39.0495,1.43482e-06,0.981
0,250,19.5,39.5495,1.43494e-06,0.981
0,250,19.5,40.0495,1.43527e-06,0.980999
0,250,19.5,40.5495,1.43617e-06,0.980997
0,250,19.5,41.0495,1.43864e-06,0.980994
0,250,19.5,41.5495,1.4454e-06,0.980967
0,250,19.5,42.0495,1.46382e-06,0.980945
0,250,19.5,42.5495,1.51277e-06,0.980721
0,250,19.5,43.0495,1.63826e-06,0.980565
0,250,19.5,43.5495,1.9466e-06,0.979094
0,250,19.5,44.0495,2.66988e-06,0.978233
0,250,19.5,44.5495,4.28446e-06,0.970757
0,250,19.5,45.0494,7.70583e-06,0.967078
0,250,19.5,45.5491,1.4572e-05,0.93905
0,250,19.5,46.049,2.75922e-05,0.927037
0,250,19.5,46.548,5.08629e-05,0.8547
0,250,19.5,47.0477,8.99477e-05,0.824982
0,250,19.5,47.5452,0.000151482,0.709866
0,250,19.5,48.0443,0.000241954,0.654781
0,250,19.5,48.5402,0.00036619,0.559217
0,250,19.5,49.0386,0.000524429,0.48134
0,250,19.5,49.5333,0.000713207,0.435669
0,250,19.5,50.0307,0.000922512,0.341358
0,250,19.5,50.5244,0.00113442,0.291578
0,250,19.5,51.0211,0.00129432,0.184619
0,250,19.5,51.5133,0.00131466,0.144874
0,250,19.5,52.0094,0.000955226,0.0323356
0,250,20,27.5495,1.51323e-13,0.980993
0,250,20,28.0495,3.89147e-12,0.980993
0,250,20,28.5495,4.07833e-11,0.980993
0,250,20,29.0495,2.42609e-10,0.980993
0,250,20,29.5495,1.67583e-09,0.980993
0,250,20,30.0495,6.90331e-09,0.980993
0,250,20,30.5495,2.45745e-08,0.980993
0,250,20,31.0495,8.19695e-08,0.980994
0,250,20,31.5495,1.72602e-07,0.980994
0,250,20,32.0495,4.1759e-07,0.980994
0,250,20,32.5495,6.51275e-07,0.980995
0,250,20,33.0495,1.16459e-06,0.980995
0,250,20,33.5495,1.40898e-06,0.980996
0,250,20,34.0495,1.59427e-06,0.980996
0,250,20,34.5495,1.66979e-06,0.980998
0,250,20,35.0495,1.70341e-06,0.980999
0,250,20,35.5495,1.71692e-06,0.981
0,250,20,36.0495,1.72223e-06,0.981
0,250,20,36.5495,1.72437e-06,0.981
0,250,20,37.0495,1.72521e-06,0.981
0,250,20,37.5495,1.72553e-06,0.981
0,250,20,38.0495,1.72566e-06,0.981
0,250,20,38.5495,1.72575e-06,0.981
0,250,20,39.0495,1.72587e-06,0.981
0,250,20,39.5495,1.72617e-06,0.981
0,250,20,40.0495,1.72689e-06,0.980999
0,250,20,40.5495,1.72877e-06,0.980997
0,250,20,41.0495,1.73389e-06,0.980994
0,250,20,41.5495,1.74815e-06,0.980967
0,250,20,42.0495,1.78738e-06,0.980945
0,250,20,42.5495,1.89261e-06,0.980721
0,250,20,43.0495,2.16508e-06,0.980565
0,250,20,43.5495,2.8408e-06,0.979095
0,250,20,44.0495,4.43913e-06,0.978235
0,250,20,44.5495,8.03286e-06,0.970761
0,250,20,45.0494,1.56974e-05,0.967085
0,250,20,45.5491,3.11635e-05,0.939064
0,250,20,46.049,6.062e-05,0.927064
0,250,20,46.548,0.000113433,0.854746
0,250,20,47.0477,0.000202163,0.825059
0,250,20,47.5452,0.000341594,0.709981
0,250,20,48.0443,0.00054423,0.654951
0,250,20,48.5402,0.000816082,0.55943
0,250,20,49.0386,0.00114312,0.481617
0,250,20,49.5333,0.00149236,0.435956
0,250,20,50.0307,0.00178421,0.341683
0,250,20,50.5244,0.00193672,0.291807
0,250,20,51.0211,0.00188505,0.184763
0,250,20,51.5133,0.00174118,0.144692
0,250,20,52.0094,0.00137151,0.0324288
0,250,20.5,27.5495,9.78249e-13,0.980993
0,250,20.5,28.0495,1.08487e-11,0.980993
0,250,20.5,28.5495,2.12651e-10,0.980993
0,250,20.5,29.0495,1.12834e-09,0.980993
0,250,20.5,29.5495,7.9694e-09,0.980993
0,250,20.5,30.0495,3.50154e-08,0.980993
0,250,20.5,30.5495,9.29311e-08,0.980993
0,250,20.5,31.0495,2.75535e-07,0.980994
0,250,20.5,31.5495,4.73335e-07,0.980994
0,250,20.5,32.0495,9.59144e-07,0.980994
0,250,20.5,32.5495,1.33678e-06,0.980995
0,250,20.5,33.0495,2.10848e-06,0.980995
0,250,20.5,33.5495,2.56481e-06,0.980996
0,250,20.5,34.0495,3.26587e-06,0.980997
0,250,20.5,34.5495,3.53136e-06,0.980998
0,250,20.5,35.0495,3.65862e-06,0.980999
0,250,20.5,35.5495,3.70809e-06,0.981
0,250,20.5,36.0495,3.72605e-06,0.981
0,250,20.5,36.5495,3.73333e-06,0.981
0,250,20.5,37.0495,3.73629e-06,0.981
0,250,20.5,37.5495,3.73744e-06,0.981
0,250,20.5,38.0495,3.73792e-06,0.981
0,250,20.5,38.5495,3.73825e-06,0.981
0,250,20.5,39.0495,3.73878e-06,0.981
0,250,20.5,39.5495,3.73997e-06,0.981
0,250,20.5,40.0495,3.74273e-06,0.980999
0,250,20.5,40.5495,3.74886e-06,0.980997
0,250,20.5,41.0495,3.76266e-06,0.980994
0,250,20.5,41.5495,3.79563e-06,0.980967
0,250,20.5,42.0495,3.88046e-06,0.980945
0,250,20.5,42.5495,4.10306e-06,0.980722
0,250,20.5,43.0495,4.67607e-06,0.980566
0,250,20.5,43.5495,6.09852e-06,0.979096
0,250,20.5,44.0495,9.47643e-06,0.978238
0,250,20.5,44.5495,1.71117e-05,0.970768
0,250,20.5,45.0494,3.34823e-05,0.967102
0,250,20.5,45.5491,6.67027e-05,0.939096
0,250,20.5,46.049,0.000130287,0.927124
0,250,20.5,46.548,0.000244999,0.854849
0,250,20.5,47.0477,0.000438936,0.825231
0,250,20.5,47.5452,0.000746991,0.710234
0,250,20.5,48.0443,0.00120121,0.655323
0,250,20.5,48.5402,0.00183104,0.559884
0,250,20.5,49.0386,0.00263441,0.482179
0,250,20.5,49.5333,0.00360091,0.436472
0,250,20.5,50.0308,0.00466108,0.342137
0,250,20.5,50.5244,0.00577235,0.291974
0,250,20.5001,51.0211,0.00671577,0.184773
0,250,20.5001,51.5133,0.00709259,0.14451
0,250,20.5,52.0094,0.00533737,0.0313701
0,250,21,27.5495,3.96846e-12,0.980993
0,250,21,28.0495,5.96349e-11,0.980993
0,250,21,28.5495,6.01296e-10,0.980993
0,250,21,29.0495,2.80284e-09,0.980993
0,250,21,29.5495,1.38511e-08,0.980993
0,250,21,30.0495,5.10479e-08,0.980993
0,250,21,30.5495,1.2551e-07,0.980994
0,250,21,31.0495,3.39262e-07,0.980994
0,250,21,31.5495,5.69838e-07,0.980994
0,250,21,32.0495,1.10541e-06,0.980995
0,250,21,32.5495,1.51904e-06,0.980996
0,250,21,33.0495,2.33338e-06,0.980996
0,250,21,33.5495,2.8164e-06,0.980997
0,250,21,34.0495,3.56068e-06,0.980997
0,250,21,34.5495,3.85839e-06,0.980999
0,250,21,35.0495,4.04124e-06,0.980999
0,250,21,35.5495,4.11355e-06,0.981
0,250,21,36.0495,4.14566e-06,0.981
0,250,21,36.5495,4.15871e-06,0.981
0,250,21,37.0495,4.16446e-06,0.981
0,250,21,37.5495,4.16671e-06,0.981
0,250,21,38.0495,4.16773e-06,0.981
0,250,21,38.5495,4.16846e-06,0.981
0,250,21,39.0495,4.16974e-06,0.981
0,250,21,39.5495,4.17252e-06,0.981
0,250,21,40.0495,4.17812e-06,0.980999
0,250,21,40.5495,4.18851e-06,0.980997
0,250,21,41.0495,4.21187e-06,0.980994
0,250,21,41.5495,4.27263e-06,0.980967
0,250,21,42.0495,4.43503e-06,0.980945
0,250,21,42.5495,4.8671e-06,0.980722
0,250,21,43.0495,5.99316e-06,0.980567
0,250,21,43.5495,8.81739e-06,0.979099
0,250,21,44.0495,1.55781e-05,0.978245
0,250,21,44.5495,3.09538e-05,0.970784
0,250,21,45.0494,6.40833e-05,0.967135
0,250,21,45.5491,0.000131551,0.939162
0,250,21,46.049,0.000260931,0.927249
0,250,21,46.548,0.000494531,0.855065
0,250,21,47.0477,0.000888193,0.825594
0,250,21,47.5453,0.00151023,0.710773
0,250,21,48.0444,0.00241416,0.656128
0,250,21,48.5402,0.0036392,0.560898
0,250,21,49.0386,0.00511367,0.483514
0,250,21.0001,49.5333,0.00673314,0.437881
0,250,21.0001,50.0308,0.00816585,0.343805
0,250,21.0001,50.5244,0.00910257,0.293332
0,250,21.0001,51.0211,0.00906265,0.185883
0,250,21.0001,51.5133,0.0084773,0.143934
0,250,21.0001,52.0094,0.00687433,0.0323272
0,250,21.5,27.5495,2.26018e-11,0.980993
0,250,21.5,28.0495,1.66104e-10,0.980993
0,250,21.5,28.5495,2.76741e-09,0.980993
0,250,21.5,29.0495,1.38551e-08,0.980993
0,250,21.5,29.5495,5.42168e-08,0.980993
0,250,21.5,30.0495,1.93945e-07,0.980994
0,250,21.5,30.5495,3.73484e-07,0.980994
0,250,21.5,31.0495,8.44237e-07,0.980994
0,250,21.5,31.5495,1.22574e-06,0.980995
0,250,21.5,32.0495,2.03266e-06,0.980995
0,250,21.5,32.5495,2.55306e-06,0.980996
0,250,21.5,33.0495,3.48376e-06,0.980997
0,250,21.5,33.5495,3.99974e-06,0.980998
0,250,21.5,34.0495,4.80302e-06,0.980998
0,250,21.5,34.5495,5.18959e-06,0.980999
0,250,21.5,35.0495,5.68977e-06,0.980999
0,250,21.5,35.5495,5.88112e-06,0.981
0,250,21.5,36.0495,6.031e-06,0.981
0,250,21.5,36.5495,6.08382e-06,0.981
0,250,21.5,37.0495,6.11515e-06,0.981
0,250,21.5,37.5495,6.12576e-06,0.981
0,250,21.5,38.0495,6.13158e-06,0.981
0,250,21.5,38.5495,6.13601e-06,0.981
0,250,21.5,39.0495,6.14771e-06,0.981
0,250,21.5,39.5495,6.16913e-06,0.981
0,250,21.5,40.0495,6.21392e-06,0.981
0,250,21.5,40.5495,6.25807e-06,0.980997
0,250,21.5,41.0495,6.33258e-06,0.980994
0,250,21.5,41.5495,6.47064e-06,0.980967
0,250,21.5,42.0495,6.79367e-06,0.980945
0,250,21.5,42.5495,7.62431e-06,0.980723
0,250,21.5,43.0495,9.77145e-06,0.980569
0,250,21.5,43.5495,1.51532e-05,0.979105
0,250,21.5,44.0495,2.80801e-05,0.97826
0,250,21.5,44.5495,5.7604e-05,0.970816
0,250,21.5,45.0494,0.00012148,0.967202
0,250,21.5,45.5491,0.000252096,0.939294
0,250,21.5,46.049,0.000503456,0.927497
0,250,21.5,46.548,0.000959243,0.855492
0,250,21.5,47.0477,0.00173013,0.826312
0,250,21.5,47.5453,0.00295965,0.71183
0,250,21.5,48.0444,0.00476569,0.657685
0,250,21.5001,48.5403,0.00727918,0.562791
0,250,21.5001,49.0386,0.0104584,0.485868
0,250,21.5001,49.5333,0.0143341,0.440054
0,250,21.5002,50.0308,0.0185124,0.345731
0,250,21.5002,50.5245,0.0229186,0.293948
0,250,21.5003,51.0211,0.0269108,0.185727
0,250,21.5003,51.5133,0.029559,0.143539
0,250,21.5002,52.0093,0.0231019,0.0276566
0,250,22,27.5495,9.84023e-11,0.980993
0,250,22,28.0495,7.34701e-10,0.980993
0,250,22,28.5495,6.13285e-09,0.980993
0,250,22,29.0495,2.49395e-08,0.980993
0,250,22,29.5495,8.08732e-08,0.980993
0,250,22,30.0495,2.51126e-07,0.980994
0,250,22,30.5495,4.69386e-07,0.980994
0,250,22,31.0495,9.98673e-07,0.980995
0,250,22,31.5495,1.42589e-06,0.980996
0,250,22,32.0495,2.28604e-06,0.980996
0,250,22,32.5495,2.83366e-06,0.980997
0,250,22,33.0495,3.78208e-06,0.980997
0,250,22,33.5495,4.29866e-06,0.980998
0,250,22,34.0495,5.08426e-06,0.980999
0,250,22,34.5495,5.45551e-06,0.980999
0,250,22,35.0495,5.93576e-06,0.980999
0,250,22,35.5495,6.12022e-06,0.981
0,250,22,36.0495,6.27486e-06,0.981
0,250,22,36.5495,6.3286e-06,0.981
0,250,22,37.0495,6.36163e-06,0.981
0,250,22,37.5495,6.37262e-06,0.981
0,250,22,38.0495,6.37885e-06,0.981
0,250,22,38.5495,6.38358e-06,0.981
0,250,22,39.0495,6.39636e-06,0.981
0,250,22,39.5495,6.42601e-06,0.981
0,250,22,40.0495,6.50373e-06,0.981
0,250,22,40.5495,6.56355e-06,0.980997
0,250,22,41.0495,6.65717e-06,0.980994
0,250,22,41.5495,6.87536e-06,0.980968
0,250,22,42.0495,7.42797e-06,0.980946
0,250,22,42.5495,8.87745e-06,0.980725
0,250,22,43.0495,1.26914e-05,0.980574
0,250,22,43.5495,2.23461e-05,0.979117
0,250,22,44.0495,4.5707e-05,0.978286
0,250,22,44.5495,9.9294e-05,0.970875
0,250,22,45.0494,0.000215599,0.967327
0,250,22,45.5491,0.000453713,0.93954
0,250,22,46.049,0.00091148,0.927965
0,250,22,46.548,0.0017391,0.856299
0,250,22,47.0477,0.00312898,0.827673
0,250,22,47.5453,0.00532442,0.713841
0,250,22.0001,48.0444,0.00847744,0.660691
0,250,22.0001,48.5403,0.0127599,0.56656
0,250,22.0002,49.0387,0.0178647,0.49089
0,250,22.0002,49.5334,0.023559,0.445395
0,250,22.0003,50.0309,0.0286719,0.352228
0,250,22.0004,50.5245,0.0327693,0.299865
0,250,22.0004,51.0211,0.0337286,0.191741
0,250,22.0003,51.5133,0.0321606,0.143066
0,250,22.0003,52.0094,0.0269633,0.0337912
0,250,22.5,27.5495,4.90394e-10,0.980993
0,250,22.5,28.0495,2.59449e-09,0.980993
0,250,22.5,28.5495,2.45743e-08,0.980993
0,250,22.5,29.0495,1.10515e-07,0.980993
0,250,22.5,29.5495,2.62927e-07,0.980994
0,250,22.5,30.0495,7.03366e-07,0.980994
0,250,22.5,30.5495,1.08738e-06,0.980995
0,250,22.5,31.0495,1.93476e-06,0.980995
0,250,22.5,31.5495,2.48586e-06,0.980996
0,250,22.5,32.0495,3.49093e-06,0.980997
0,250,22.5,32.5495,4.03617e-06,0.980998
0,250,22.5,33.0495,4.88656e-06,0.980998
0,250,22.5,33.5495,5.28873e-06,0.980999
0,250,22.5,34.0495,5.82508e-06,0.980999
0,250,22.5,34.5495,6.04891e-06,0.981
0,250,22.5,35.0495,6.29851e-06,0.981
0,250,22.5,35.5495,6.39095e-06,0.981
0,250,22.5,36.0495,6.47176e-06,0.981
0,250,22.5,36.5495,6.49855e-06,0.981
0,250,22.5,37.0495,6.51533e-06,0.981
0,250,22.5,37.5495,6.52052e-06,0.981
0,250,22.5,38.0495,6.52316e-06,0.981
0,250,22.5,38.5495,6.52468e-06,0.981
0,250,22.5,39.0495,6.52812e-06,0.981
0,250,22.5,39.5495,6.55662e-06,0.981
0,250,22.5,40.0495,6.67344e-06,0.981
0,250,22.5,40.5495,6.77596e-06,0.980997
0,250,22.5,41.0495,6.94066e-06,0.980995
0,250,22.5,41.5495,7.27798e-06,0.980968
0,250,22.5,42.0495,8.22507e-06,0.980947
0,250,22.5,42.5495,1.06733e-05,0.980728
0,250,22.5,43.0495,1.71656e-05,0.980582
0,250,22.5,43.5495,3.36899e-05,0.979136
0,250,22.5,44.0495,7.39621e-05,0.978332
0,250,22.5,44.5495,0.000166614,0.970979
0,250,22.5,45.0494,0.000368636,0.967549
0,250,22.5,45.5491,0.000783224,0.939978
0,250,22.5,46.049,0.00158223,0.928795
0,250,22.5,46.5481,0.0030312,0.857721
0,250,22.5,47.0477,0.00547034,0.830058
0,250,22.5001,47.5453,0.00934708,0.717304
0,250,22.5001,48.0445,0.0149703,0.66577
0,250,22.5002,48.5404,0.0228022,0.57264
0,250,22.5003,49.0387,0.0324678,0.498356
0,250,22.5005,49.5335,0.0443145,0.452142
0,250,22.5007,50.031,0.0569135,0.358284
0,250,22.5009,50.5246,0.0701547,0.301622
0,250,22.5011,51.0211,0.0818584,0.189882
0,250,22.5012,51.5133,0.0928457,0.142506
0,250,22.501,52.0092,0.0752138,0.0174987
0,250,23,27.5495,1.82866e-09,0.980993
0,250,23,28.0495,8.09931e-09,0.980993
0,250,23,28.5495,4.30958e-08,0.980993
0,250,23,29.0495,1.55958e-07,0.980994
0,250,23,29.5495,3.50379e-07,0.980994
0,250,23,30.0495,8.56718e-07,0.980994
0,250,23,30.5495,1.30002e-06,0.980996
0,250,23,31.0495,2.21831e-06,0.980996
0,250,23,31.5495,2.80566e-06,0.980997
0,250,23,32.0495,3.8347e-06,0.980998
0,250,23,32.5495,4.37756e-06,0.980999
0,250,23,33.0495,5.20161e-06,0.980999
0,250,23,33.5495,5.57774e-06,0.980999
0,250,23,34.0495,6.06998e-06,0.981
0,250,23,34.5495,6.26702e-06,0.981
0,250,23,35.0495,6.4815e-06,0.981
0,250,23,35.5495,6.55722e-06,0.981
0,250,23,36.0495,6.62006e-06,0.981
0,250,23,36.5495,6.6403e-06,0.981
0,250,23,37.0495,6.65281e-06,0.981
0,250,23,37.5495,6.65655e-06,0.981
0,250,23,38.0495,6.65824e-06,0.981
0,250,23,38.5495,6.65905e-06,0.981
0,250,23,39.0495,6.66063e-06,0.981
0,250,23,39.5495,6.68223e-06,0.981
0,250,23,40.0495,6.78084e-06,0.981
0,250,23,40.5495,6.90608e-06,0.980997
0,250,23,41.0495,7.14995e-06,0.980995
0,250,23,41.5495,7.64316e-06,0.980969
0,250,23,42.0495,9.06701e-06,0.980949
0,250,23,42.5495,1.2939e-05,0.980733
0,250,23,43.0495,2.34052e-05,0.980595
0,250,23,43.5495,5.01112e-05,0.979169
0,250,23,44.0495,0.000115683,0.97841
0,250,23,44.5495,0.000266499,0.971154
0,250,23,45.0494,0.000596409,0.967922
0,250,23,45.5492,0.00127054,0.940718
0,250,23,46.049,0.002567,0.930199
0,250,23,46.5481,0.00489846,0.860126
0,250,23.0001,47.0477,0.00877346,0.834101
0,250,23.0001,47.5454,0.0148395,0.723207
0,250,23.0002,48.0445,0.0233917,0.674582
0,250,23.0004,48.5405,0.0348742,0.583498
0,250,23.0006,49.0389,0.0481999,0.512899
0,250,23.0008,49.5337,0.0634412,0.467814
0,250,23.001,50.0312,0.0768717,0.377611
0,250,23.0012,50.5248,0.0892142,0.320149
0,250,23.0013,51.0214,0.0958208,0.212823
0,250,23.0012,51.5133,0.0942809,0.147582
0,250,23.0011,52.0095,0.0822387,0.0441154
0,250,23.5,27.5495,7.66247e-09,0.980993
0,250,23.5,28.0495,3.65921e-08,0.980993
0,250,23.5,28.5495,1.47992e-07,0.980993
0,250,23.5,29.0495,5.23942e-07,0.980994
0,250,23.5,29.5495,9.05072e-07,0.980994
0,250,23.5,30.0495,1.80418e-06,0.980995
0,250,23.5,30.5495,2.39708e-06,0.980996
0,250,23.5,31.0495,3.50337e-06,0.980996
0,250,23.5,31.5495,4.08966e-06,0.980998
0,250,23.5,32.0495,4.99593e-06,0.980998
0,250,23.5,32.5495,5.40721e-06,0.980999
0,250,23.5,33.0495,5.94194e-06,0.980999
0,250,23.5,33.5495,6.15441e-06,0.981
0,250,23.5,34.0495,6.37722e-06,0.981
0,250,23.5,34.5495,6.45616e-06,0.981
0,250,23.5,35.0495,6.51776e-06,0.981
0,250,23.5,35.5495,6.53767e-06,0.981
0,250,23.5,36.0495,6.54814e-06,0.981
0,250,23.5,36.5495,6.5514e-06,0.981
0,250,23.5,37.0495,6.55282e-06,0.981
0,250,23.5,37.5495,6.55325e-06,0.981
0,250,23.5,38.0495,6.55339e-06,0.981
0,250,23.5,38.5495,6.55345e-06,0.981
0,250,23.5,39.0495,6.55353e-06,0.981
0,250,23.5,39.5495,6.55831e-06,0.981
0,250,23.5,40.0495,6.59495e-06,0.981
0,250,23.5,40.5495,6.74486e-06,0.980997
0,250,23.5,41.0495,7.14527e-06,0.980995
0,250,23.5,41.5495,7.84371e-06,0.98097
0,250,23.5,42.0495,9.86385e-06,0.980952
0,250,23.5,42.5495,1.56338e-05,0.980741
0,250,23.5,43.0495,3.17532e-05,0.980615
0,250,23.5,43.5495,7.27657e-05,0.979221
0,250,23.5,44.0495,0.000174918,0.978534
0,250,23.5,44.5495,0.00040926,0.971433
0,250,23.5,45.0494,0.000926955,0.968515
0,250,23.5,45.5492,0.00198149,0.94189
0,250,23.5,46.0491,0.00402645,0.932411
0,250,23.5001,46.5481,0.00769135,0.863877
0,250,23.5001,47.0478,0.0138301,0.840333
0,250,23.5002,47.5455,0.0234814,0.732079
0,250,23.5004,48.0447,0.0371904,0.687331
0,250,23.5007,48.5407,0.0560636,0.598264
0,250,23.501,49.0392,0.0788542,0.53077
0,250,23.5015,49.534,0.106298,0.483027
0,250,23.502,50.0315,0.134459,0.390705
0,250,23.5026,50.525,0.165113,0.324406
0,250,23.5032,51.0214,0.189246,0.203712
0,250,23.5038,51.5133,0.21752,0.145871
0,250,23.5031,52.0087,0.180585,-0.000268411
0,250,24,27.5495,1.81979e-08,0.980993
0,250,24,28.0495,6.90307e-08,0.980993
0,250,24,28.5495,2.21683e-07,0.980994
0,250,24,29.0495,6.64989e-07,0.980994
0,250,24,29.5495,1.1253e-06,0.980995
0,250,24,30.0495,2.12097e-06,0.980996
0,250,24,30.5495,2.76621e-06,0.980997
0,250,24,31.0495,3.90361e-06,0.980998
0,250,24,31.5495,4.48289e-06,0.980999
0,250,24,32.0495,5.35334e-06,0.980999
0,250,24,32.5495,5.72686e-06,0.981
0,250,24,33.0495,6.20448e-06,0.981
0,250,24,33.5495,6.3809e-06,0.981
0,250,24,34.0495,6.56078e-06,0.981
0,250,24,34.5495,6.61991e-06,0.981
0,250,24,35.0495,6.66361e-06,0.981
0,250,24,35.5495,6.67679e-06,0.981
0,250,24,36.0495,6.68328e-06,0.981
0,250,24,36.5495,6.68514e-06,0.981
0,250,24,37.0495,6.68581e-06,0.981
0,250,24,37.5495,6.686e-06,0.981
0,250,24,38.0495,6.68606e-06,0.981
0,250,24,38.5495,6.68607e-06,0.981
0,250,24,39.0495,6.68609e-06,0.981
0,250,24,39.5495,6.68776e-06,0.981
0,250,24,40.0495,6.71068e-06,0.981
0,250,24,40.5495,6.88305e-06,0.980998
0,250,24,41.0495,7.4383e-06,0.980996
0,250,24,41.5495,8.42867e-06,0.980971
0,250,24,42.0495,1.13659e-05,0.980956
0,250,24,42.5495,1.95798e-05,0.980752
0,250,24,43.0495,4.31193e-05,0.980645
0,250,24,43.5495,0.000102058,0.9793
0,250,24,44.0495,0.00025217,0.978718
0,250,24,44.5495,0.000589797,0.971858
0,250,24,45.0494,0.00134626,0.969409
0,250,24,45.5492,0.00285754,0.94368
0,250,24,46.0491,0.00580297,0.935765
0,250,24.0001,46.5482,0.0109477,0.869605
0,250,24.0002,47.0479,0.0195385,0.84988
0,250,24.0003,47.5456,0.032525,0.745765
0,250,24.0006,48.045,0.0505612,0.707573
0,250,24.001,48.5411,0.0743442,0.622979
0,250,24.0014,49.0397,0.101025,0.563465
0,250,24.002,49.5346,0.131655,0.518367
0,250,24.0026,50.0323,0.160481,0.436199
0,250,24.0033,50.5258,0.18798,0.367387
0,250,24.0037,51.0225,0.211235,0.265446
0,250,24.0037,51.5138,0.217493,0.172226
0,250,24.0032,52.0102,0.197928,0.0781478
0,250,24.5,27.5495,6.06242e-08,0.980993
0,250,24.5,28.0495,2.78921e-07,0.980993
0,250,24.5,28.5495,6.44361e-07,0.980994
0,250,24.5,29.0495,1.60895e-06,0.980995
0,250,24.5,29.5495,2.26638e-06,0.980996
0,250,24.5,30.0495,3.52505e-06,0.980996
0,250,24.5,30.5495,4.17012e-06,0.980998
0,250,24.5,31.0495,5.15253e-06,0.980998
0,250,24.5,31.5495,5.57143e-06,0.980999
0,250,24.5,32.0495,6.09317e-06,0.980999
0,250,24.5,32.5495,6.28812e-06,0.981
0,250,24.5,33.0495,6.47281e-06,0.981
0,250,24.5,33.5495,6.53577e-06,0.981
0,250,24.5,34.0495,6.57733e-06,0.981
0,250,24.5,34.5495,6.59095e-06,0.981
0,250,24.5,35.0495,6.59712e-06,0.981
0,250,24.5,35.5495,6.59911e-06,0.981
0,250,24.5,36.0495,6.59979e-06,0.981
0,250,24.5,36.5495,6.6e-06,0.981
0,250,24.5,37.0495,6.60006e-06,0.981
0,250,24.5,37.5495,6.60008e-06,0.981
0,250,24.5,38.0495,6.60009e-06,0.981
0,250,24.5,38.5495,6.60009e-06,0.981
0,250,24.5,39.0495,6.60009e-06,0.981
0,250,24.5,39.5495,6.6001e-06,0.981
0,250,24.5,40.0495,6.60548e-06,0.981
0,250,24.5,40.5495,6.76989e-06,0.980998
0,250,24.5,41.0495,7.49628e-06,0.980997
0,250,24.5,41.5495,8.90382e-06,0.980973
0,250,24.5,42.0495,1.32074e-05,0.980961
0,250,24.5,42.5495,2.44183e-05,0.980769
0,250,24.5,43.0495,5.77382e-05,0.980686
0,250,24.5,43.5495,0.000138559,0.979414
0,250,24.5,44.0495,0.000354148,0.978975
0,250,24.5,44.5495,0.000821676,0.972469
0,250,24.5,45.0495,0.00191653,0.97066
0,250,24.5,45.5492,0.00403527,0.946218
0,250,24.5001,46.0491,0.00831699,0.940391
0,250,24.5001,46.5483,0.0156282,0.877516
0,250,24.5003,47.0481,0.0282319,0.862558
0,250,24.5005,47.5459,0.0469055,0.763435
0,250,24.5009,48.0453,0.0741099,0.732328
0,250,24.5015,48.5416,0.109196,0.650132
0,250,24.5023,49.0404,0.151331,0.595044
0,250,24.5034,49.5353,0.201253,0.545328
0,250,24.5046,50.033,0.250266,0.45596
0,250,24.5061,50.5263,0.303334,0.37666
0,250,24.5075,51.0223,0.345754,0.24189
0,250,24.5091,51.5136,0.394502,0.166305
0,250,24.508,52.0079,0.331216,-0.0142728
0,250,25,27.5495,1.07039e-07,0.980993
0,250,25,28.0495,3.95311e-07,0.980994
0,250,25,28.5495,8.53307e-07,0.980995
0,250,25,29.0495,1.9523e-06,0.980996
0,250,25,29.5495,2.69503e-06,0.980997
0,250,25,30.0495,4.00499e-06,0.980998
0,250,25,30.5495,4.63354e-06,0.980999
0,250,25,31.0495,5.56445e-06,0.980999
0,250,25,31.5495,5.92667e-06,0.981
0,250,25,32.0495,6.37095e-06,0.981
0,250,25,32.5495,6.51948e-06,0.981
0,250,25,33.0495,6.65483e-06,0.981
0,250,25,33.5495,6.69627e-06,0.981
0,250,25,34.0495,6.72165e-06,0.981
0,250,25,34.5495,6.72895e-06,0.981
0,250,25,35.0495,6.73169e-06,0.981
0,250,25,35.5495,6.73246e-06,0.981
0,250,25,36.0495,6.73268e-06,0.981
0,250,25,36.5495,6.73274e-06,0.981
0,250,25,37.0495,6.73275e-06,0.981
0,250,25,37.5495,6.73275e-06,0.981
0,250,25,38.0495,6.73276e-06,0.981
0,250,25,38.5495,6.73276e-06,0.981
0,250,25,39.0495,6.73276e-06,0.981
0,250,25,39.5495,6.73276e-06,0.981
0,250,25,40.0495,6.734e-06,0.981
0,250,25,40.5495,6.90994e-06,0.980999
0,250,25,41.0495,7.74188e-06,0.980997
0,250,25,41.5495,9.47024e-06,0.980976
0,250,25,42.0495,1.50807e-05,0.980967
0,250,25,42.5495,2.90811e-05,0.980793
0,250,25,43.0495,7.29545e-05,0.980738
0,250,25,43.5495,0.000173184,0.979577
0,250,25,44.0495,0.000458977,0.979309
0,250,25,44.5495,0.00102973,0.973335
0,250,25,45.0495,0.00247525,0.972329
0,250,25,45.5492,0.00501544,0.949793
0,250,25.0001,46.0492,0.0105453,0.946716
0,250,25.0002,46.5484,0.0191098,0.888732
0,250,25.0004,47.0483,0.0346397,0.880317
0,250,25.0007,47.5462,0.0556142,0.789568
0,250,25.0012,48.0459,0.0871338,0.769436
0,250,25.0018,48.5424,0.123276,0.695163
0,250,25.0028,49.0416,0.170197,0.65587
0,250,25.004,49.5367,0.217657,0.608952
0,250,25.0055,50.0351,0.271616,0.541468
0,250,25.007,50.5284,0.32701,0.457704
0,250,25.0085,51.0255,0.386433,0.367615
0,250,25.0092,51.5155,0.416831,0.232754
0,250,25.0082,52.0123,0.388749,0.148489
0,250,25.5,27.5495,2.80047e-07,0.980994
0,250,25.5,28.0495,1.22475e-06,0.980994
0,250,25.5,28.5495,2.02412e-06,0.980996
0,250,25.5,29.0495,3.57263e-06,0.980996
0,250,25.5,29.5495,4.31153e-06,0.980998
0,250,25.5,30.0495,5.40409e-06,0.980998
0,250,25.5,30.5495,5.82338e-06,0.980999
0,250,25.5,31.0495,6.30232e-06,0.980999
0,250,25.5,31.5495,6.46828e-06,0.981
0,250,25.5,32.0495,6.60016e-06,0.981
0,250,25.5,32.5495,6.64483e-06,0.981
0,250,25.5,33.0495,6.66828e-06,0.981
0,250,25.5,33.5495,6.67635e-06,0.981
0,250,25.5,34.0495,6.67937e-06,0.981
0,250,25.5,34.5495,6.68038e-06,0.981
0,250,25.5,35.0495,6.68068e-06,0.981
0,250,25.5,35.5495,6.68077e-06,0.981
0,250,25.5,36.0495,6.6808e-06,0.981
0,250,25.5,36.5495,6.6808e-06,0.981
0,250,25.5,37.0495,6.68081e-06,0.981
0,250,25.5,37.5495,6.68081e-06,0.981
0,250,25.5,38.0495,6.68081e-06,0.981
0,250,25.5,38.5495,6.68081e-06,0.981
0,250,25.5,39.0495,6.68081e-06,0.981
0,250,25.5,39.5495,6.68081e-06,0.981
0,250,25.5,40.0495,6.68105e-06,0.981
0,250,25.5,40.5495,6.87831e-06,0.980999
0,250,25.5,41.0495,7.79105e-06,0.980998
0,250,25.5,41.5495,9.90814e-06,0.98098
0,250,25.5,42.0495,1.71331e-05,0.980975
0,250,25.5,42.5495,3.43459e-05,0.980826
0,250,25.5,43.0495,9.20275e-05,0.980797
0,250,25.5,43.5495,0.00021696,0.9798
0,250,25.5,44.0495,0.000604632,0.979689
0,250,25.5,44.5495,0.00131456,0.974498
0,250,25.5,45.0495,0.00333425,0.974247
0,250,25.5001,45.5493,0.00648687,0.954404
0,250,25.5001,46.0493,0.0144331,0.953988
0,250,25.5003,46.5485,0.0251725,0.902228
0,250,25.5005,47.0485,0.0479015,0.899912
0,250,25.5009,47.5467,0.0751164,0.817871
0,250,25.5017,48.0466,0.12122,0.804807
0,250,25.5027,48.5433,0.170325,0.736244
0,250,25.5043,49.0427,0.239855,0.698464
0,250,25.5061,49.5381,0.302142,0.647601
0,250,25.5088,50.0364,0.389594,0.574003
0,250,25.5115,50.5296,0.458075,0.483643
0,250,25.5151,51.0254,0.545088,0.336915
0,250,25.5184,51.5153,0.619716,0.227532
0,250,25.5175,52.0067,0.549328,-0.00602932
0,250,26,27.5495,4.2612e-07,0.980995
0,250,26,28.0495,1.55211e-06,0.980995
0,250,26,28.5495,2.51079e-06,0.980997
0,250,26,29.0495,4.20409e-06,0.980998
0,250,26,29.5495,4.89398e-06,0.980999
0,250,26,30.0495,5.8982e-06,0.980999
0,250,26,30.5495,6.23132e-06,0.981
0,250,26,31.0495,6.60086e-06,0.981
0,250,26,31.5495,6.71156e-06,0.981
0,250,26,32.0495,6.7918e-06,0.981
0,250,26,32.5495,6.81523e-06,0.981
0,250,26,33.0495,6.82529e-06,0.981
0,250,26,33.5495,6.82817e-06,0.981
0,250,26,34.0495,6.829e-06,0.981
0,250,26,34.5495,6.82923e-06,0.981
0,250,26,35.0495,6.82928e-06,0.981
0,250,26,35.5495,6.8293e-06,0.981
0,250,26,36.0495,6.8293e-06,0.981
0,250,26,36.5495,6.8293e-06,0.981
0,250,26,37.0495,6.8293e-06,0.981
0,250,26,37.5495,6.8293e-06,0.981
0,250,26,38.0495,6.8293e-06,0.981
0,250,26,38.5495,6.8293e-06,0.981
0,250,26,39.0495,6.8293e-06,0.981
0,250,26,39.5495,6.8293e-06,0.981
0,250,26,40.0495,6.82944e-06,0.981
0,250,26,40.5495,6.97675e-06,0.981
0,250,26,41.0495,7.6641e-06,0.980999
0,250,26,41.5495,1.00278e-05,0.980986
0,250,26,42.0495,1.81571e-05,0.980982
0,250,26,42.5495,3.64217e-05,0.98087
0,250,26,43.0495,0.00010085,0.980859
0,250,26,43.5495,0.000227062,0.980103
0,250,26,44.0495,0.000662623,0.980101
0,250,26,44.5495,0.00134477,0.976112
0,250,26,45.0495,0.00364156,0.976414
0,250,26.0001,45.5493,0.00646085,0.960911
0,250,26.0001,46.0494,0.015586,0.962795
0,250,26.0003,46.5488,0.0244038,0.921527
0,250,26.0006,47.0489,0.0504858,0.926472
0,250,26.0009,47.5474,0.0716247,0.85972
0,250,26.0018,48.0475,0.122904,0.861782
0,250,26.0026,48.5448,0.163724,0.807048
0,250,26.0045,49.0449,0.236025,0.788304
0,250,26.0062,49.541,0.30203,0.751281
0,250,26.0093,50.0404,0.399514,0.707946
0,250,26.0123,50.5343,0.487879,0.612356
0,250,26.0169,51.0326,0.623792,0.561537
0,250,26.0201,51.5212,0.714277,0.370835
0,250,26.0189,52.0193,0.663803,0.31101
0,250,26.5,27.5495,8.95299e-07,0.980996
0,250,26.5,28.0495,3.65379e-06,0.980996
0,250,26.5,28.5495,4.70212e-06,0.980998
0,250,26.5,29.0495,5.89723e-06,0.980999
0,250,26.5,29.5495,6.30402e-06,0.981
0,250,26.5,30.0495,6.65266e-06,0.981
0,250,26.5,30.5495,6.77463e-06,0.981
0,250,26.5,31.0495,6.84377e-06,0.981
0,250,26.5,31.5495,6.86919e-06,0.981
0,250,26.5,32.0495,6.8795e-06,0.981
0,250,26.5,32.5495,6.88328e-06,0.981
0,250,26.5,33.0495,6.8845e-06,0.981
0,250,26.5,33.5495,6.88489e-06,0.981
0,250,26.5,34.0495,6.885e-06,0.981
0,250,26.5,34.5495,6.88503e-06,0.981
0,250,26.5,35.0495,6.88503e-06,0.981
0,250,26.5,35.5495,6.88503e-06,0.981
0,250,26.5,36.0495,6.88503e-06,0.981
0,250,26.5,36.5495,6.88503e-06,0.981
0,250,26.5,37.0495,6.88503e-06,0.981
0,250,26.5,37.5495,6.88503e-06,0.981
0,250,26.5,38.0495,6.88503e-06,0.981
0,250,26.5,38.5495,6.88503e-06,0.981
0,250,26.5,39.0495,6.88503e-06,0.981
0,250,26.5,39.5495,6.88503e-06,0.981
0,250,26.5,40.0495,6.88511e-06,0.981
0,250,26.5,40.5495,6.91305e-06,0.981
0,250,26.5,41.0495,7.08348e-06,0.981
0,250,26.5,41.5495,9.58194e-06,0.980992
0,250,26.5,42.0495,1.92735e-05,0.980989
0,250,26.5,42.5495,4.40143e-05,0.980924
0,250,26.5,43.0495,0.000130406,0.980912
0,250,26.5,43.5495,0.000298352,0.980465
0,250,26.5,44.0495,0.000887609,0.980436
0,250,26.5,44.5495,0.00178649,0.978029
0,250,26.5,45.0495,0.00497,0.978099
0,250,26.5001,45.5494,0.00859528,0.968452
0,250,26.5002,46.0494,0.0216868,0.969386
0,250,26.5003,46.5491,0.032223,0.94234
0,250,26.5008,47.0491,0.0714043,0.945808
0,250,26.5012,47.5481,0.0927886,0.897422
0,250,26.5027,48.0482,0.174144,0.902025
0,250,26.5035,48.5462,0.20628,0.852286
0,250,26.5066,49.0464,0.32373,0.845321
0,250,26.5082,49.5432,0.37086,0.805612
0,250,26.5139,50.0428,0.518273,0.765727
0,250,26.5167,50.5375,0.591614,0.69176
0,250,26.5264,51.0346,0.811888,0.579201
0,250,26.531,51.5227,0.893656,0.394391
0,250,26.5394,52.0078,1.02148,0.0514727
0,250,27,27.5495,9.6588e-07,0.980999
0,250,27,28.0495,4.30024e-06,0.980999
0,250,27,28.5495,5.30363e-06,0.981
0,250,27,29.0495,6.37399e-06,0.981
0,250,27,29.5495,6.68501e-06,0.981
0,250,27,30.0495,6.92e-06,0.981
0,250,27,30.5495,6.9886e-06,0.981
0,250,27,31.0495,7.01873e-06,0.981
0,250,27,31.5495,7.02759e-06,0.981
0,250,27,32.0495,7.02971e-06,0.981
0,250,27,32.5495,7.03034e-06,0.981
0,250,27,33.0495,7.03048e-06,0.981
0,250,27,33.5495,7.03052e-06,0.981
0,250,27,34.0495,7.03053e-06,0.981
0,250,27,34.5495,7.03053e-06,0.981
0,250,27,35.0495,7.03053e-06,0.981
0,250,27,35.5495,7.03053e-06,0.981
0,250,27,36.0495,7.03053e-06,0.981
0,250,27,36.5495,7.03053e-06,0.981
0,250,27,37.0495,7.03053e-06,0.981
0,250,27,37.5495,7.03053e-06,0.981
0,250,27,38.0495,7.03053e-06,0.981
0,250,27,38.5495,7.03053e-06,0.981
0,250,27,39.0495,7.03053e-06,0.981
0,250,27,39.5495,7.03053e-06,0.981
0,250,27,40.0495,7.03053e-06,0.981
0,250,27,40.5495,7.03059e-06,0.981
0,250,27,41.0495,7.05584e-06,0.981
0,250,27,41.5495,8.44032e-06,0.980999
0,250,27,42.0495,1.42787e-05,0.980998
0,250,27,42.5495,3.07571e-05,0.980986
0,250,27,43.0495,8.72237e-05,0.980983
0,250,27,43.5495,0.000203257,0.980904
0,250,27,44.0495,0.000595762,0.980891
0,250,27,44.5495,0.00124359,0.980464
0,250,27,45.0495,0.00341944,0.980433
0,250,27.0001,45.5495,0.00619564,0.978701
0,250,27.0001,46.0495,0.0154905,0.978709
0,250,27.0002,46.5495,0.0242778,0.973741
0,250,27.0006,47.0495,0.0538011,0.973981
0,250,27.0009,47.5493,0.0738036,0.964628
0,250,27.0021,48.0493,0.141447,0.964945
0,250,27.0028,48.5489,0.175203,0.954004
0,250,27.0055,49.0489,0.288917,0.952287
0,250,27.0071,49.5482,0.341056,0.941299
0,250,27.0126,50.0481,0.50644,0.932208
0,250,27.0159,50.5469,0.606005,0.911174
0,250,27.0269,51.0461,0.874304,0.88224
0,250,27.0358,51.5436,1.10755,0.841454
0,250,27.0462,52.0506,1.20894,1.02269
1,250,1.5,53,0,0
1,250,2,53,0,0
1,250,1.5,1.5,0,0
1,250,1.5,2,0,0
1,250,52.5,1.5,0,0
1,250,53,1.5,0,0
1,250,2.5,52.5,0,0
1,250,2.5,53,0,0
1,250,1.5,2.5,0,0
1,250,2,2.5,0,0
1,250,2,1.5,0,0
1,250,2,2,0,0
1,250,52.5,2,0,0
1,250,53,2,0,0
1,250,3,52.5,0,0
1,250,3,53,0,0
1,250,1.5,3,0,0
1,250,2,3,0,0
1,250,2.5,1.5,0,0
1,250,2.5,2,0,0
1,250,52.5,2.5,0,0
1,250,53,2.5,0,0
1,250,3.5,52.5,0,0
1,250,3.5,53,0,0
1,250,1.5,3.5,0,0
1,250,2,3.5,0,0
1,250,3,1.5,0,0
1,250,3,2,0,0
1,250,52.5,3,0,0
1,250,53,3,0,0
1,250,4,52.5,0,0
1,250,4,53,0,0
1,250,1.5,4,0,0
1,250,2,4,0,0
1,250,3.5,1.5,0,0
1,250,3.5,2,0,0
1,250,52.5,3.5,0,0
1,250,53,3.5,0,0
1,250,4.5,52.5,0,0
1,250,4.5,53,0,0
1,250,1.5,4.5,0,0
1,250,2,4.5,0,0
1,250,4,1.5,0,0
1,250,4,2,0,0
1,250,52.5,4,0,0
1,250,53,4,0,0
1,250,5,52.5,0,0
1,250,5,53,0,0
1,250,1.5,5,0,0
1,250,2,5,0,0
1,250,4.5,1.5,0,0
1,250,4.5,2,0,0
1,250,52.5,4.5,0,0
1,250,53,4.5,0,0
1,250,5.5,52.5,0,0
1,250,5.5,53,0,0
1,250,1.5,5.5,0,0
1,250,2,5.5,0,0
1,250,5,1.5,0,0
1,250,5,2,0,0
1,250,52.5,5,0,0
1,250,53,5,0,0
1,250,6,52.5,0,0
1,250,6,53,0,0
1,250,1.5,6,0,0
1,250,2,6,0,0
1,250,5.5,1.5,0,0
1,250,5.5,2,0,0
1,250,52.5,5.5,0,0
1,250,53,5.5,0,0
1,250,6.5,52.5,0,0
1,250,6.5,53,0,0
1,250,1.5,6.5,0,0
1,250,2,6.5,0,0
1,250,6,1.5,0,0
1,250,6,2,0,0
1,250,52.5,6,0,0
1,250,53,6,0,0
1,250,7,52.5,0,0
1,250,7,53,0,0
1,250,1.5,7,0,0
1,250,2,7,0,0
1,250,6.5,1.5,0,0
1,250,6.5,2,0,0
1,250,52.5,6.5,0,0
1,250,53,6.5,0,0
1,250,7.5,52.5,0,0
1,250,7.5,53,0,0
1,250,1.5,7.5,0,0
1,250,2,7.5,0,0
1,250,7,1.5,0,0
1,250,7,2,0,0
1,250,52.5,7,0,0
1,250,53,7,0,0
1,250,8,52.5,0,0
1,250,8,53,0,0
1,250,1.5,8,0,0
1,250,2,8,0,0
1,250,7.5,1.5,0,0
1,250,7.5,2,0,0
1,250,52.5,7.5,0,0
1,250,53,7.5,0,0
1,250,8.5,52.5,0,0
1,250,8.5,53,0,0
1,250,1.5,8.5,0,0
1,250,2,8.5,0,0
1,250,8,1.5,0,0
1,250,8,2,0,0
1,250,52.5,8,0,0
1,250,53,8,0,0
1,250,9,52.5,0,0
1,250,9,53,0,0
1,250,1.5,9,0,0
1,250,2,9,0,0
1,250,8.5,1.5,0,0
1,250,8.5,2,0,0
1,250,52.5,8.5,0,0
1,250,53,8.5,0,0
1,250,9.5,52.5,0,0
1,250,9.5,53,0,0
1,250,1.5,9.5,0,0
1,250,2,9.5,0,0
1,250,9,1.5,0,0
1,250,9,2,0,0
1,250,52.5,9,0,0
1,250,53,9,0,0
1,250,10,52.5,0,0
1,250,10,53,0,0
1,250,1.5,10,0,0
1,250,2,10,0,0
1,250,9.5,1.5,0,0
1,250,9.5,2,0,0
1,250,52.5,9.5,0,0
1,250,53,9.5,0,0
1,250,10.5,52.5,0,0
1,250,10.5,53,0,0
1,250,1.5,10.5,0,0
1,250,2,10.5,0,0
1,250,10,1.5,0,0
1,250,10,2,0,0
1,250,52.5,10,0,0
1,250,53,10,0,0
1,250,11,52.5,0,0
1,250,11,53,0,0
1,250,1.5,11,0,0
1,250,2,11,0,0
1,250,10.5,1.5,0,0
1,250,10.5,2,0,0
1,250,52.5,10.5,0,0
1,250,53,10.5,0,0
1,250,11.5,52.5,0,0
1,250,11.5,53,0,0
1,250,1.5,11.5,0,0
1,250,2,11.5,0,0
1,250,11,1.5,0,0
1,250,11,2,0,0
1,250,52.5,11,0,0
1,250,53,11,0,0
1,250,12,52.5,0,0
1,250,12,53,0,0
1,250,1.5,12,0,0
1,250,2,12,0,0
1,250,11.5,1.5,0,0
1,250,11.5,2,0,0
1,250,52.5,11.5,0,0
1,250,53,11.5,0,0
1,250,12.5,52.5,0,0
1,250,12.5,53,0,0
1,250,1.5,12.5,0,0
1,250,2,12.5,0,0
1,250,12,1.5,0,0
1,250,12,2,0,0
1,250,52.5,12,0,0
1,250,53,12,0,0
1,250,13,52.5,0,0
1,250,13,53,0,0
1,250,1.5,13,0,0
1,250,2,13,0,0
1,250,12.5,1.5,0,0
1,250,12.5,2,0,0
1,250,52.5,12.5,0,0
1,250,53,12.5,0,0
1,250,13.5,52.5,0,0
1,250,13.5,53,0,0
1,250,1.5,13.5,0,0
1,250,2,13.5,0,0
1,250,13,1.5,0,0
1,250,13,2,0,0
1,250,52.5,13,0,0
1,250,53,13,0,0
1,250,14,52.5,0,0
1,250,14,53,0,0
1,250,1.5,14,0,0
1,250,2,14,0,0
1,250,13.5,1.5,0,0
1,250,13.5,2,0,0
1,250,52.5,13.5,0,0
1,250,53,13.5,0,0
1,250,14.5,52.5,0,0
1,250,14.5,53,0,0
1,250,1.5,14.5,0,0
1,250,2,14.5,0,0
1,250,14,1.5,0,0
1,250,14,2,0,0
1,250,52.5,14,0,0
1,250,53,14,0,0
1,250,15,52.5,0,0
1,250,15,53,0,0
1,250,1.5,15,0,0
1,250,2,15,0,0
1,250,14.5,1.5,0,0
1,250,14.5,2,0,0
1,250,52.5,14.5,0,0
1,250,53,14.5,0,0
1,250,15.5,52.5,0,0
1,250,15.5,53,0,0
1,250,1.5,15.5,0,0
1,250,2,15.5,0,0
1,250,15,1.5,0,0
1,250,15,2,0,0
1,250,52.5,15,0,0
1,250,53,15,0,0
1,250,16,52.5,0,0
1,250,16,53,0,0
1,250,1.5,16,0,0
1,250,2,16,0,0
1,250,15.5,1.5,0,0
1,250,15.5,2,0,0
1,250,52.5,15.5,0,0
1,250,53,15.5,0,0
1,250,16.5,52.5,0,0
1,250,16.5,53,0,0
1,250,1.5,16.5,0,0
1,250,2,16.5,0,0
1,250,16,1.5,0,0
1,250,16,2,0,0
1,250,52.5,16,0,0
1,250,53,16,0,0
1,250,17,52.5,0,0
1,250,17,53,0,0
1,250,1.5,17,0,0
1,250,2,17,0,0
1,250,16.5,1.5,0,0
1,250,16.5,2,0,0
1,250,52.5,16.5,0,0
1,250,53,16.5,0,0
1,250,17.5,52.5,0,0
1,250,17.5,53,0,0
1,250,1.5,17.5,0,0
1,250,2,17.5,0,0
1,250,17,1.5,0,0
1,250,17,2,0,0
1,250,52.5,17,0,0
1,250,53,17,0,0
1,250,18,52.5,0,0
1,250,18,53,0,0
1,250,1.5,18,0,0
1,250,2,18,0,0
1,250,17.5,1.5,0,0
1,250,17.5,2,0,0
1,250,52.5,17.5,0,0
1,250,53,17.5,0,0
1,250,18.5,52.5,0,0
1,250,18.5,53,0,0
1,250,1.5,18.5,0,0
1,250,2,18.5,0,0
1,250,18,1.5,0,0
1,250,18,2,0,0
1,250,52.5,18,0,0
1,250,53,18,0,0
1,250,19,52.5,0,0
1,250,19,53,0,0
1,250,1.5,19,0,0
1,250,2,19,0,0
1,250,18.5,1.5,0,0
1,250,18.5,2,0,0
1,250,52.5,18.5,0,0
1,250,53,18.5,0,0
1,250,19.5,52.5,0,0
1,250,19.5,53,0,0
1,250,1.5,19.5,0,0
1,250,2,19.5,0,0
1,250,19,1.5,0,0
1,250,19,2,0,0
1,250,52.5,19,0,0
1,250,53,19,0,0
1,250,20,52.5,0,0
1,250,20,53,0,0
1,250,1.5,20,0,0
1,250,2,20,0,0
1,250,19.5,1.5,0,0
1,250,19.5,2,0,0
1,250,52.5,19.5,0,0
1,250,53,19.5,0,0
1,250,20.5,52.5,0,0
1,250,20.5,53,0,0
1,250,1.5,20.5,0,0
1,250,2,20.5,0,0
1,250,20,1.5,0,0
1,250,20,2,0,0
1,250,52.5,20,0,0
1,250,53,20,0,0
1,250,21,52.5,0,0
1,250,21,53,0,0
1,250,1.5,21,0,0
1,250,2,21,0,0
1,250,20.5,1.5,0,0
1,250,20.5,2,0,0
1,250,52.5,20.5,0,0
1,250,53,20.5,0,0
1,250,21.5,52.5,0,0
1,250,21.5,53,0,0
1,250,1.5,21.5,0,0
1,250,2,21.5,0,0
1,250,21,1.5,0,0
1,250,21,2,0,0
1,250,52.5,21,0,0
1,250,53,21,0,0
1,250,22,52.5,0,0
1,250,22,53,0,0
1,250,1.5,22,0,0
1,250,2,22,0,0
1,250,21.5,1.5,0,0
1,250,21.5,2,0,0
1,250,52.5,21.5,0,0
1,250,53,21.5,0,0
1,250,22.5,52.5,0,0
1,250,22.5,53,0,0
1,250,1.5,22.5,0,0
1,250,2,22.5,0,0
1,250,22,1.5,0,0
1,250,22,2,0,0
1,250,52.5,22,0,0
1,250,53,22,0,0
1,250,23,52.5,0,0
1,250,23,53,0,0
1,250,1.5,23,0,0
1,250,2,23,0,0
1,250,22.5,1.5,0,0
1,250,22.5,2,0,0
1,250,52.5,22.5,0,0
1,250,53,22.5,0,0
1,250,23.5,52.5,0,0
1,250,23.5,53,0,0
1,250,1.5,23.5,0,0
1,250,2,23.5,0,0
1,250,23,1.5,0,0
1,250,23,2,0,0
1,250,52.5,23,0,0
1,250,53,23,0,0
1,250,24,52.5,0,0
1,250,24,53,0,0
1,250,1.5,24,0,0
1,250,2,24,0,0
1,250,23.5,1.5,0,0
1,250,23.5,2,0,0
1,250,52.5,23.5,0,0
1,250,53,23.5,0,0
1,250,24.5,52.5,0,0
1,250,24.5,53,0,0
1,250,1.5,24.5,0,0
1,250,2,24.5,0,0
1,250,24,1.5,0,0
1,250,24,2,0,0
1,250,52.5,24,0,0
1,250,53,24,0,0
1,250,25,52.5,0,0
1,250,25,53,0,0
1,250,1.5,25,0,0
1,250,2,25,0,0
1,250,24.5,1.5,0,0
1,250,24.5,2,0,0
1,250,52.5,24.5,0,0
1,250,53,24.5,0,0
1,250,25.5,52.5,0,0
1,250,25.5,53,0,0
1,250,1.5,25.5,0,0
1,250,2,25.5,0,0
1,250,25,1.5,0,0
1,250,25,2,0,0
1,250,52.5,25,0,0
1,250,53,25,0,0
1,250,26,52.5,0,0
1,250,26,53,0,0
1,250,1.5,26,0,0
1,250,2,26,0,0
1,250,25.5,1.5,0,0
1,250,25.5,2,0,0
1,250,52.5,25.5,0,0
1,250,53,25.5,0,0
1,250,26.5,52.5,0,0
1,250,26.5,53,0,0
1,250,1.5,26.5,0,0
1,250,2,26.5,0,0
1,250,26,1.5,0,0
1,250,26,2,0,0
1,250,52.5,26,0,0
1,250,53,26,0,0
1,250,27,52.5,0,0
1,250,27,53,0,0
1,250,1.5,27,0,0
1,250,2,27,0,0
1,250,26.5,1.5,0,0
1,250,26.5,2,0,0
1,250,52.5,26.5,0,0
1,250,53,26.5,0,0
1,250,27.5,52.5,0,0
1,250,27.5,53,0,0
1,250,1.5,27.5,0,0
1,250,2,27.5,0,0
1,250,27,1.5,0,0
1,250,27,2,0,0
1,250,52.5,27,0,0
1,250,53,27,0,0
1,250,28,52.5,0,0
1,250,28,53,0,0
1,250,1.5,28,0,0
1,250,2,28,0,0
1,250,27.5,1.5,0,0
1,250,27.5,2,0,0
1,250,52.5,27.5,0,0
1,250,53,27.5,0,0
1,250,28.5,52.5,0,0
1,250,28.5,53,0,0
1,250,1.5,28.5,0,0
1,250,2,28.5,0,0
1,250,28,1.5,0,0
1,250,28,2,0,0
1,250,52.5,28,0,0
1,250,53,28,0,0
1,250,29,52.5,0,0
1,250,29,53,0,0
1,250,1.5,29,0,0
1,250,2,29,0,0
1,250,28.5,1.5,0,0
1,250,28.5,2,0,0
1,250,52.5,28.5,0,0
1,250,53,28.5,0,0
1,250,29.5,52.5,0,0
1,250,29.5,53,0,0
1,250,1.5,29.5,0,0
1,250,2,29.5,0,0
1,250,29,1.5,0,0
1,250,29,2,0,0
1,250,52.5,29,0,0
1,250,53,29,0,0
1,250,30,52.5,0,0
1,250,30,53,0,0
1,250,1.5,30,0,0
1,250,2,30,0,0
1,250,29.5,1.5,0,0
1,250,29.5,2,0,0
1,250,52.5,29.5,0,0
1,250,53,29.5,0,0
1,250,30.5,52.5,0,0
1,250,30.5,53,0,0
1,250,1.5,30.5,0,0
1,250,2,30.5,0,0
1,250,30,1.5,0,0
1,250,30,2,0,0
1,250,52.5,30,0,0
1,250,53,30,0,0
1,250,31,52.5,0,0
1,250,31,53,0,0
1,250,1.5,31,0,0
1,250,2,31,0,0
1,250,30.5,1.5,0,0
1,250,30.5,2,0,0
1,250,52.5,30.5,0,0
1,250,53,30.5,0,0
1,250,31.5,52.5,0,0
1,250,31.5,53,0,0
1,250,1.5,31.5,0,0
1,250,2,31.5,0,0
1,250,31,1.5,0,0
1,250,31,2,0,0
1,250,52.5,31,0,0
1,250,53,31,0,0
1,250,32,52.5,0,0
1,250,32,53,0,0
1,250,1.5,32,0,0
1,250,2,32,0,0
1,250,31.5,1.5,0,0
1,250,31.5,2,0,0
1,250,52.5,31.5,0,0
1,250,53,31.5,0,0
1,250,32.5,52.5,0,0
1,250,32.5,53,0,0
1,250,1.5,32.5,0,0
1,250,2,32.5,0,0
1,250,32,1.5,0,0
1,250,32,2,0,0
1,250,52.5,32,0,0
1,250,53,32,0,0
1,250,33,52.5,0,0
1,250,33,53,0,0
1,250,1.5,33,0,0
1,250,2,33,0,0
1,250,32.5,1.5,0,0
1,250,32.5,2,0,0
1,250,52.5,32.5,0,0
1,250,53,32.5,0,0
1,250,33.5,52.5,0,0
1,250,33.5,53,0,0
1,250,1.5,33.5,0,0
1,250,2,33.5,0,0
1,250,33,1.5,0,0
1,250,33,2,0,0
1,250,52.5,33,0,0
1,250,53,33,0,0
1,250,34,52.5,0,0
1,250,34,53,0,0
1,250,1.5,34,0,0
1,250,2,34,0,0
1,250,33.5,1.5,0,0
1,250,33.5,2,0,0
1,250,52.5,33.5,0,0
1,250,53,33.5,0,0
1,250,34.5,52.5,0,0
1,250,34.5,53,0,0
1,250,1.5,34.5,0,0
1,250,2,34.5,0,0
1,250,34,1.5,0,0
1,250,34,2,0,0
1,250,52.5,34,0,0
1,250,53,34,0,0
1,250,35,52.5,0,0
1,250,35,53,0,0
1,250,1.5,35,0,0
1,250,2,35,0,0
1,250,34.5,1.5,0,0
1,250,34.5,2,0,0
1,250,52.5,34.5,0,0
1,250,53,34.5,0,0
1,250,35.5,52.5,0,0
1,250,35.5,53,0,0
1,250,1.5,35.5,0,0
1,250,2,35.5,0,0
1,250,35,1.5,0,0
1,250,35,2,0,0
1,250,52.5,35,0,0
1,250,53,35,0,0
1,250,36,52.5,0,0
1,250,36,53,0,0
1,250,1.5,36,0,0
1,250,2,36,0,0
1,250,35.5,1.5,0,0
1,250,35.5,2,0,0
1,250,52.5,35.5,0,0
1,250,53,35.5,0,0
1,250,36.5,52.5,0,0
1,250,36.5,53,0,0
1,250,1.5,36.5,0,0
1,250,2,36.5,0,0
1,250,36,1.5,0,0
1,250,36,2,0,0
1,250,52.5,36,0,0
1,250,53,36,0,0
1,250,37,52.5,0,0
1,250,37,53,0,0
1,250,1.5,37,0,0
1,250,2,37,0,0
1,250,36.5,1.5,0,0
1,250,36.5,2,0,0
1,250,52.5,36.5,0,0
1,250,53,36.5,0,0
1,250,37.5,52.5,0,0
1,250,37.5,53,0,0
1,250,1.5,37.5,0,0
1,250,2,37.5,0,0
1,250,37,1.5,0,0
1,250,37,2,0,0
1,250,52.5,37,0,0
1,250,53,37,0,0
1,250,38,52.5,0,0
1,250,38,53,0,0
1,250,1.5,38,0,0
1,250,2,38,0,0
1,250,37.5,1.5,0,0
1,250,37.5,2,0,0
1,250,52.5,37.5,0,0
1,250,53,37.5,0,0
1,250,38.5,52.5,0,0
1,250,38.5,53,0,0
1,250,1.5,38.5,0,0
1,250,2,38.5,0,0
1,250,38,1.5,0,0
1,250,38,2,0,0
1,250,52.5,38,0,0
1,250,53,38,0,0
1,250,39,52.5,0,0
1,250,39,53,0,0
1,250,1.5,39,0,0
1,250,2,39,0,0
1,250,38.5,1.5,0,0
1,250,38.5,2,0,0
1,250,52.5,38.5,0,0
1,250,53,38.5,0,0
1,250,39.5,52.5,0,0
1,250,39.5,53,0,0
1,250,1.5,39.5,0,0
1,250,2,39.5,0,0
1,250,39,1.5,0,0
1,250,39,2,0,0
1,250,52.5,39,0,0
1,250,53,39,0,0
1,250,40,52.5,0,0
1,250,40,53,0,0
1,250,1.5,40,0,0
1,250,2,40,0,0
1,250,39.5,1.5,0,0
1,250,39.5,2,0,0
1,250,52.5,39.5,0,0
1,250,53,39.5,0,0
1,250,40.5,52.5,0,0
1,250,40.5,53,0,0
1,250,1.5,40.5,0,0
1,250,2,40.5,0,0
1,250,40,1.5,0,0
1,250,40,2,0,0
1,250,52.5,40,0,0
1,250,53,40,0,0
1,250,41,52.5,0,0
1,250,41,53,0,0
1,250,1.5,41,0,0
1,250,2,41,0,0
1,250,40.5,1.5,0,0
1,250,40.5,2,0,0
1,250,52.5,40.5,0,0
1,250,53,40.5,0,0
1,250,41.5,52.5,0,0
1,250,41.5,53,0,0
1,250,1.5,41.5,0,0
1,250,2,41.5,0,0
1,250,41,1.5,0,0
1,250,41,2,0,0
1,250,52.5,41,0,0
1,250,53,41,0,0
1,250,42,52.5,0,0
1,250,42,53,0,0
1,250,1.5,42,0,0
1,250,2,42,0,0
1,250,41.5,1.5,0,0
1,250,41.5,2,0,0
1,250,52.5,41.5,0,0
1,250,53,41.5,0,0
1,250,42.5,52.5,0,0
1,250,42.5,53,0,0
1,250,1.5,42.5,0,0
1,250,2,42.5,0,0
1,250,42,1.5,0,0
1,250,42,2,0,0
1,250,52.5,42,0,0
1,250,53,42,0,0
1,250,43,52.5,0,0
1,250,43,53,0,0
1,250,1.5,43,0,0
1,250,2,43,0,0
1,250,42.5,1.5,0,0
1,250,42.5,2,0,0
1,250,52.5,42.5,0,0
1,250,53,42.5,0,0
1,250,43.5,52.5,0,0
1,250,43.5,53,0,0
1,250,1.5,43.5,0,0
1,250,2,43.5,0,0
1,250,43,1.5,0,0
1,250,43,2,0,0
1,250,52.5,43,0,0
1,250,53,43,0,0
1,250,44,52.5,0,0
1,250,44,53,0,0
1,250,1.5,44,0,0
1,250,2,44,0,0
1,250,43.5,1.5,0,0
1,250,43.5,2,0,0
1,250,52.5,43.5,0,0
1,250,53,43.5,0,0
1,250,44.5,52.5,0,0
1,250,44.5,53,0,0
1,250,1.5,44.5,0,0
1,250,2,44.5,0,0
1,250,44,1.5,0,0
1,250,44,2,0,0
1,250,52.5,44,0,0
1,250,53,44,0,0
1,250,45,52.5,0,0
1,250,45,53,0,0
1,250,1.5,45,0,0
1,250,2,45,0,0
1,250,44.5,1.5,0,0
1,250,44.5,2,0,0
1,250,52.5,44.5,0,0
1,250,53,44.5,0,0
1,250,45.5,52.5,0,0
1,250,45.5,53,0,0
1,250,1.5,45.5,0,0
1,250,2,45.5,0,0
1,250,45,1.5,0,0
1,250,45,2,0,0
1,250,52.5,45,0,0
1,250,53,45,0,0
1,250,46,52.5,0,0
1,250,46,53,0,0
1,250,1.5,46,0,0
1,250,2,46,0,0
1,250,45.5,1.5,0,0
1,250,45.5,2,0,0
1,250,52.5,45.5,0,0
1,250,53,45.5,0,0
1,250,46.5,52.5,0,0
1,250,46.5,53,0,0
1,250,1.5,46.5,0,0
1,250,2,46.5,0,0
1,250,46,1.5,0,0
1,250,46,2,0,0
1,250,52.5,46,0,0
1,250,53,46,0,0
1,250,47,52.5,0,0
1,250,47,53,0,0
1,250,1.5,47,0,0
1,250,2,47,0,0
1,250,46.5,1.5,0,0
1,250,46.5,2,0,0
1,250,52.5,46.5,0,0
1,250,53,46.5,0,0
1,250,47.5,52.5,0,0
1,250,47.5,53,0,0
1,250,1.5,47.5,0,0
1,250,2,47.5,0,0
1,250,47,1.5,0,0
1,250,47,2,0,0
1,250,52.5,47,0,0
1,250,53,47,0,0
1,250,48,52.5,0,0
1,250,48,53,0,0
1,250,1.5,48,0,0
1,250,2,48,0,0
1,250,47.5,1.5,0,0
1,250,47.5,2,0,0
1,250,52.5,47.5,0,0
1,250,53,47.5,0,0
1,250,48.5,52.5,0,0
1,250,48.5,53,0,0
1,250,1.5,48.5,0,0
1,250,2,48.5,0,0
1,250,48,1.5,0,0
1,250,48,2,0,0
1,250,52.5,48,0,0
1,250,53,48,0,0
1,250,49,52.5,0,0
1,250,49,53,0,0
1,250,1.5,49,0,0
1,250,2,49,0,0
1,250,48.5,1.5,0,0
1,250,48.5,2,0,0
1,250,52.5,48.5,0,0
1,250,53,48.5,0,0
1,250,49.5,52.5,0,0
1,250,49.5,53,0,0
1,250,1.5,49.5,0,0
1,250,2,49.5,0,0
1,250,49,1.5,0,0
1,250,49,2,0,0
1,250,52.5,49,0,0
1,250,53,49,0,0
1,250,50,52.5,0,0
1,250,50,53,0,0
1,250,1.5,50,0,0
1,250,2,50,0,0
1,250,49.5,1.5,0,0
1,250,49.5,2,0,0
1,250,52.5,49.5,0,0
1,250,53,49.5,0,0
1,250,50.5,52.5,0,0
1,250,50.5,53,0,0
1,250,1.5,50.5,0,0
1,250,2,50.5,0,0
1,250,50,1.5,0,0
1,250,50,2,0,0
1,250,52.5,50,0,0
1,250,53,50,0,0
1,250,51,52.5,0,0
1,250,51,53,0,0
1,250,1.5,51,0,0
1,250,2,51,0,0
1,250,50.5,1.5,0,0
1,250,50.5,2,0,0
1,250,52.5,50.5,0,0
1,250,53,50.5,0,0
1,250,51.5,52.5,0,0
1,250,51.5,53,0,0
1,250,1.5,51.5,0,0
1,250,2,51.5,0,0
1,250,51,1.5,0,0
1,250,51,2,0,0
1,250,52.5,51,0,0
1,250,53,51,0,0
1,250,52,52.5,0,0
1,250,52,53,0,0
1,250,1.5,52,0,0
1,250,2,52,0,0
1,250,51.5,1.5,0,0
1,250,51.5,2,0,0
1,250,52.5,51.5,0,0
1,250,53,51.5,0,0
1,250,52.5,52.5,0,0
1,250,52.5,53,0,0
1,250,1.5,52.5,0,0
1,250,2,52.5,0,0
1,250,52,1.5,0,0
1,250,52,2,0,0
1,250,52.5,52,0,0
1,250,53,52,0,0
