3314 2 0.5 5e+06 0.5 0 2 0 0.001 0 9.81 55 55
0,250,17.5783,48.581,2.61173,0.483338
0,250,15.9632,49.8082,2.49553,0.556651
0,250,15.4271,46.4516,1.93479,0.533778
0,250,51.8743,39.7503,0.986135,-3.45891
0,250,16.2996,47.8555,2.58046,0.485529
0,250,11.8342,47.4226,1.50768,0.309877
0,250,15.926,46.5918,2.00276,0.680503
0,250,22.2297,42.8439,4.09357,1.46686
0,250,15.2887,47.7521,2.44016,0.289988
0,250,20.1175,41.5068,4.51726,2.90677
0,250,12.4564,47.4278,1.52943,0.31446
0,250,14.812,46.5378,1.41254,0.648416
0,250,12.328,51.1779,2.12799,-0.138797
0,250,7.79995,51.6539,1.35863,0.658807
0,250,11.1395,48.1458,1.58926,0.809129
0,250,11.403,48.6117,1.98609,0.587101
0,250,16.9245,49.8056,2.60058,0.298777
0,250,10.9125,48.7054,1.88495,0.353006
0,250,14.5802,48.3803,2.39359,0.428772
0,250,12.0535,47.8251,1.71353,0.339034
0,250,11.6943,48.1812,1.69896,0.227131
0,250,12.5653,46.2105,0.855959,0.871791
0,250,10.677,48.2286,1.64156,0.520502
0,250,12.3311,46.6378,1.13138,0.70223
0,250,16.361,46.9278,2.20409,0.496501
0,250,11.617,46.9665,1.02397,0.668094
0,250,6.02883,51.6026,1.04065,-0.319374
0,250,17.5703,47.6429,2.53684,0.407837
0,250,7.17696,51.672,0.933302,-0.445748
0,250,17.1877,50.3268,1.82573,0.170711
0,250,3.63936,51.8695,-0.0302475,0.399603
0,250,13.4881,51.1756,2.90657,-0.0778746
0,250,8.58406,52.0205,1.64581,-1.38441
0,250,6.8411,52.0486,0.877431,0.355943
0,250,17.8985,49.6689,2.38289,0.503972
0,250,10.1013,51.6099,1.79125,-0.418645
0,250,16.2588,50.6652,1.95009,0.312856
0,250,2.54238,52.0652,-0.306946,0.22304
0,250,4.36677,51.6618,0.49554,-0.0229172
0,250,3.17776,52.0855,0.0945847,0.0898815
0,250,5.73781,52.0338,0.938506,0.0795016
0,250,8.02769,52.0338,0.971894,1.66965
0,250,4.01005,52.0327,0.332603,-0.386993
0,250,11.3525,51.5964,1.69436,0.123118
0,250,9.666,52.0332,1.41463,-1.20028
0,250,10.2112,52.03,0.716765,0.857957
0,250,6.29089,52.047,1.19761,-0.309251
0,250,9.09948,52.0439,1.00837,1.75396
0,250,4.62108,52.0752,0.826008,0.0986174
0,250,10.7191,52.0064,0.968087,-0.20241
0,250,13.3325,47.907,2.12337,0.372949
0,250,13.4289,47.2432,1.50582,0.782939
0,250,14.5041,49.8772,2.46158,0.15143
0,250,16.8886,49.3496,2.60822,0.325542
0,250,9.88552,49.2954,0.952776,0.482223
0,250,15.0412,49.8068,2.54474,0.150191
0,250,14.9392,50.2689,2.30285,-0.0690745
0,250,13.8534,46.4795,1.25171,0.532575
0,250,39.9538,38.9679,7.7022,-2.13241
0,250,15.7341,48.7309,2.35331,0.325447
0,250,14.3094,50.2898,2.29554,0.445017
0,250,15,49.2951,2.53382,0.32156
0,250,14.2045,49.0308,2.09986,0.1015
0,250,14.5008,49.406,2.29869,0.307633
0,250,14.7005,48.8799,2.33746,0.598802
0,250,13.8307,49.3637,2.32825,0.0511164
0,250,11.9746,49.459,1.98499,0.343039
0,250,13.1326,48.7215,2.16748,0.103961
0,250,13.7317,48.8,2.08979,0.12807
0,250,12.2217,49.0628,2.23243,0.470469
0,250,9.83052,47.7711,1.16022,1.33684
0,250,16.6715,50.3185,2.11112,0.229157
0,250,10.3958,48.6818,1.92986,1.07067
0,250,14.1235,48.4964,2.41526,0.386793
0,250,11.6208,49.0455,2.13681,0.416663
0,250,11.951,48.6485,1.99197,0.31156
0,250,10.1265,48.1814,1.78991,0.697881
0,250,10.4455,47.7854,1.43459,0.629373
0,250,11.4224,47.7441,1.77519,0.625605
0,250,14.8513,46.0893,1.77576,0.878179
0,250,16.8186,46.8928,2.20819,0.835052
0,250,16.3985,46.3904,2.24156,0.794809
0,250,15.6212,50.6839,2.21821,0.236978
0,250,11.6798,46.5623,1.06424,0.674731
0,250,15.8693,46.0886,1.96751,0.806721
0,250,12.141,45.7551,0.481028,0.940366
0,250,17.8514,48.1874,2.56041,0.272266
0,250,12.9086,51.1669,2.1668,0.0251759
0,250,14.0569,51.1556,2.45161,0.347719
0,250,10.7656,51.5704,1.84413,0.920598
0,250,14.6524,51.1251,2.62813,0.197148
0,250,11.9245,51.5978,2.66309,-0.0319665
0,250,13.1366,51.5855,2.59417,-0.167586
0,250,12.5501,51.5753,2.30681,-0.471849
0,250,18.3507,49.6969,2.41315,0.106609
0,250,13.717,51.5901,2.15804,0.0460187
0,250,16.403,51.0997,1.84258,0.255489
0,250,11.2419,52.0433,1.52668,0.385106
0,250,11.7841,52.0227,1.17957,-0.68404
0,250,12.3182,52.0081,1.241,0.323414
0,250,17.045,48.4067,2.52438,0.565913
0,250,15.416,48.3106,2.28295,0.319828
0,250,14.3724,46.7732,1.28434,0.590328
0,250,15.959,50.3218,2.27208,0.342244
0,250,16.5393,48.3417,2.56165,0.6114
0,250,15.9233,49.2804,2.54204,0.470789
0,250,12.5496,49.5187,2.26664,0.173376
0,250,13.4911,49.8687,2.56843,0.100629
0,250,11.1546,49.9142,1.92023,0.368946
0,250,9.36808,49.4382,1.5763,0.383234
0,250,10.7744,49.5665,2.13419,0.479044
0,250,13.3677,49.1739,2.30548,0.184289
0,250,11.4091,49.4984,1.92395,0.366126
0,250,14.0014,49.7756,2.59657,0.288653
0,250,9.44077,48.9663,1.8143,0.257418
0,250,8.71245,46.7702,0.520186,1.78688
0,250,10.4742,49.1652,1.79743,0.733596
0,250,9.20848,48.5442,1.66338,0.397015
0,250,12.7938,49.1073,2.12242,0.281969
0,250,8.76389,47.8411,0.968693,0.975733
0,250,11.0403,49.1498,2.16901,0.300269
0,250,8.99282,47.144,1.03544,1.28603
0,250,9.95775,48.818,1.99714,0.66799
0,250,8.82721,48.2574,1.15023,0.920396
0,250,9.69794,48.3743,1.91197,0.671067
0,250,9.97423,46.8826,1.09393,1.11371
0,250,10.6051,47.1773,1.37284,1.29877
0,250,14.2202,45.8166,1.45419,0.67723
0,250,10.9051,47.6109,1.76117,0.977357
0,250,11.2169,47.2493,1.20706,0.60468
0,250,10.4207,46.679,0.940978,1.38693
0,250,12.0253,46.2082,0.891171,0.855398
0,250,10.5154,46.2638,0.460258,1.1795
0,250,11.1289,46.4382,0.572725,0.888973
0,250,10.95,46.8209,0.96888,0.803082
0,250,11.4755,46.0808,0.498614,1.0163
0,250,13.3778,45.6537,0.801854,1.07049
0,250,18.2999,49.1921,2.52726,0.178126
0,250,15.2189,51.1565,2.01567,-0.0378088
0,250,18.1354,48.648,2.52872,0.288097
0,250,15.8338,51.0859,2.13587,0.30171
0,250,18.5572,48.4744,2.63926,0.511527
0,250,18.7145,48.9532,2.72284,0.443501
0,250,19.731,48.5051,2.76302,0.0424085
0,250,18.8359,49.4287,2.61139,0.230306
0,250,17.7825,50.2124,2.1289,0.33136
0,250,18.2537,50.2452,2.43639,0.311082
0,250,17.4684,50.6751,2.01819,0.121433
0,250,14.2864,51.5604,2.4842,0.34306
0,250,12.8241,52.0279,0.460512,-0.452336
0,250,16.8276,47.8812,2.70808,0.724633
0,250,13.2734,46.3007,1.32564,0.566775
0,250,8.42713,51.5902,1.3189,-0.482284
0,250,9.36067,51.1827,1.57815,0.0524634
0,250,15.4301,49.1121,2.38318,0.496506
0,250,8.82686,49.3834,1.95051,0.426945
0,250,8.87985,48.9498,1.68509,0.262494
0,250,8.18509,47.8276,0.950101,1.21131
0,250,9.48911,45.9491,0.369878,1.43149
0,250,7.93652,48.7549,1.62009,1.31119
0,250,8.49078,48.648,1.35498,1.21257
0,250,7.84798,47.5201,0.516471,1.5321
0,250,8.78067,46.3259,0.415633,1.77326
0,250,8.25442,47.0984,-0.018027,1.72915
0,250,11.178,45.0972,0.318779,1.02637
0,250,8.2063,48.2485,1.0886,1.13854
0,250,12.492,44.8568,0.575492,1.30316
0,250,8.55655,47.4264,0.774043,1.17682
0,250,10.6441,45.3341,0.426292,1.17465
0,250,9.28577,46.3935,0.219996,1.63699
0,250,10.5551,44.8953,0.192892,1.3204
0,250,13.0817,44.9761,0.558552,1.04311
0,250,10.4105,45.735,0.456566,1.18655
0,250,14.9143,45.1767,1.07265,1.10797
0,250,9.63945,47.2634,1.15596,1.4155
0,250,11.7249,45.1888,0.306256,1.3836
0,250,10.1597,47.3728,0.952195,1.01044
0,250,9.24542,47.5628,0.837413,1.0835
0,250,9.36823,47.9991,1.00957,1.16659
0,250,11.7004,44.7405,0.0468404,1.20528
0,250,11.1238,45.5623,0.205291,1.01968
0,250,13.6482,45.0438,0.555055,1.17011
0,250,10.0054,46.0271,0.48047,1.27131
0,250,9.8325,46.443,0.454796,1.01938
0,250,12.5441,45.5659,0.585517,0.883874
0,250,18.4619,47.5226,2.37909,0.23103
0,250,17.3433,47.1553,2.38664,0.679078
0,250,17.948,47.4375,2.49107,0.527831
0,250,17.2109,46.6168,2.26303,0.87978
0,250,17.7183,46.8912,2.58498,0.461416
0,250,18.2133,47.9544,2.60309,0.495611
0,250,19.1864,48.8058,2.66124,0.255094
0,250,19.6776,48.0859,2.55952,0.37979
0,250,20.2313,48.8999,2.84797,0.230291
0,250,19.6966,48.9832,2.81549,0.144575
0,250,19.3343,49.3068,2.83728,-0.00595326
0,250,17.131,51.1077,2.05419,-0.172188
0,250,18.7255,50.0099,2.28689,-0.156988
0,250,16.8398,50.7755,1.90157,0.259463
0,250,14.8195,51.5677,2.17003,0.310701
0,250,5.33075,51.1938,0.709378,0.102762
0,250,15.126,48.6633,2.48535,0.489951
0,250,13.1204,49.5725,1.9618,0.203655
0,250,12.854,50.744,2.62658,-0.0128455
0,250,7.23787,48.6918,1.12469,1.3545
0,250,12.8398,49.9791,2.59693,0.194997
0,250,8.14062,51.2486,1.80403,0.345373
0,250,9.91852,51.2,2.13224,0.235158
0,250,7.68805,48.3388,1.22467,1.27816
0,250,8.28332,49.0967,1.68525,0.942865
0,250,10.5357,50.0251,1.51871,0.096119
0,250,7.14799,47.0446,0.435184,1.80016
0,250,7.54268,47.9346,1.06572,1.76314
0,250,7.7183,47.0673,0.583816,1.63072
0,250,8.46053,46.0083,0.429913,1.67946
0,250,8.19001,46.6354,0.489181,1.59111
0,250,10.4441,44.4202,-0.249586,1.28842
0,250,8.99051,45.825,0.20054,1.74422
0,250,11.4347,44.3195,-0.248117,1.05798
0,250,10.0753,45.0517,0.0434508,1.41822
0,250,13.261,44.2059,0.375499,1.0612
0,250,12.1056,44.5075,0.133627,1.34254
0,250,9.95366,45.4848,0.271993,1.34853
0,250,12.8713,44.5365,0.621328,1.16862
0,250,11.0594,44.6782,0.00271801,1.1908
0,250,13.5173,44.639,0.634245,1.33691
0,250,12.2312,45.1725,0.288699,1.10425
0,250,14.2539,44.9015,0.852784,1.32723
0,250,9.36472,46.8288,1.15617,1.46599
0,250,16.9219,45.3389,2.06732,0.932661
0,250,15.4034,44.9737,1.60757,1.19153
0,250,15.8029,45.5762,1.95979,1.23247
0,250,15.3249,45.4957,1.7512,0.642892
0,250,12.9851,45.3744,0.496123,1.07603
0,250,10.9077,45.9774,0.398893,1.05758
0,250,11.6459,45.638,0.481408,1.34386
0,250,14.7619,45.6451,1.67189,0.819257
0,250,15.3404,45.9785,1.7353,0.658029
0,250,19.1557,48.3695,2.53566,0.399762
0,250,16.8358,46.2843,2.2752,1.02881
0,250,20.0336,49.371,2.62427,0.0245125
0,250,18.712,48.0474,2.51337,0.341055
0,250,20.6481,49.1846,2.69997,0.131163
0,250,20.2162,48.0078,2.82366,0.441438
0,250,20.3072,48.4556,2.69464,0.231449
0,250,19.1975,49.7911,2.65433,0.100578
0,250,18.5592,50.639,2.06411,-0.128571
0,250,15.9425,51.5127,1.53982,0.529881
0,250,15.4192,51.5385,2.29127,-0.173151
0,250,13.3702,52.0181,0.583716,0.0743355
0,250,13.9777,50.7255,2.72901,0.0838694
0,250,7.08262,48.277,1.14807,1.61152
0,250,10.8677,50.3456,1.98409,0.432231
0,250,6.97509,49.1541,1.46419,0.630944
0,250,6.70839,47.3752,0.707285,1.94934
0,250,8.84817,49.8216,1.82302,0.624079
0,250,6.1692,47.4688,0.589185,1.41887
0,250,7.538,49.0439,1.5625,1.42906
0,250,6.92611,47.8318,1.1462,1.59382
0,250,7.29327,47.4959,0.651306,1.57167
0,250,6.99771,46.6197,0.257419,1.83491
0,250,7.40011,46.2166,0.357375,1.64027
0,250,7.58152,46.6424,0.208604,1.50839
0,250,9.47056,45.4646,0.137666,1.677
0,250,7.9986,46.2531,0.252348,1.80735
0,250,9.61776,44.8831,-0.0513916,1.84248
0,250,11.8045,44.0514,-0.13507,1.55526
0,250,10.8798,44.2071,-0.146749,1.26719
0,250,12.4635,44.2101,-0.150229,1.67322
0,250,12.8698,43.9326,-0.396619,1.48237
0,250,15.2498,44.4861,1.24392,1.31806
0,250,14.0941,44.5232,0.813429,1.51396
0,250,13.8113,44.159,0.693951,1.72936
0,250,15.8012,44.64,1.55087,1.35881
0,250,18.0065,45.2784,2.21574,0.633391
0,250,16.496,44.9329,1.90157,1.08798
0,250,17.0419,44.9075,1.8511,1.07168
0,250,14.8049,44.7303,1.02445,1.41349
0,250,17.5263,45.3507,2.41121,0.713248
0,250,17.3297,45.7612,2.1628,0.553567
0,250,16.3613,45.3818,1.80428,0.796487
0,250,19.7946,47.0826,2.86747,0.522001
0,250,15.9146,45.114,1.81923,1.34666
0,250,13.8206,45.4345,0.648432,0.929206
0,250,16.8123,45.8048,2.35648,0.868397
0,250,17.9216,46.452,2.31999,0.210847
0,250,16.3063,45.8674,2.28898,0.871894
0,250,19.2016,47.8681,2.49022,0.292199
0,250,18.2051,46.996,2.34585,0.410904
0,250,18.9001,47.4352,2.65911,0.57975
0,250,20.4209,49.6464,2.68745,0.162316
0,250,18.8109,51.0684,2.13368,0.246302
0,250,19.7146,49.7222,2.47088,0.0203195
0,250,18.2892,51.125,2.2024,0.0371738
0,250,19.0152,50.3683,2.29819,-0.0886813
0,250,19.5089,50.2309,2.39885,0.221345
0,250,16.5057,51.512,2.20303,0.0733297
0,250,18.0067,50.7085,1.99671,0.0907835
0,250,13.8911,52.0492,0.642468,0.361525
0,250,14.436,52.0093,1.12056,-0.0356392
0,250,5.07438,50.3453,0.735836,0.0271562
0,250,2.44634,51.2396,-0.138113,0.0552408
0,250,4.52154,50.5624,0.742985,0.266763
0,250,6.1055,49.1113,1.00306,1.28884
0,250,6.41738,47.8675,0.994103,1.38068
0,250,6.54175,46.9394,0.766076,1.80558
0,250,6.59642,48.3874,1.07471,1.2615
0,250,6.1274,48.656,0.839011,0.976604
0,250,8.79694,45.4451,0.0652771,1.71491
0,250,6.05898,48.179,0.814367,1.23861
0,250,8.16863,45.6435,0.352442,1.59882
0,250,7.71671,45.8161,0.176926,1.76344
0,250,7.18502,45.7227,-0.000663548,1.60049
0,250,9.98006,44.499,-0.314204,1.78587
0,250,9.17449,45.0895,-0.219445,1.56961
0,250,12.2029,43.7701,-0.230882,1.71221
0,250,8.70241,44.85,-0.148955,1.48736
0,250,13.2142,43.6251,0.456699,1.85752
0,250,14.3962,43.9228,0.535719,1.97437
0,250,13.7328,43.7532,0.368383,1.58178
0,250,15.0822,44.0559,1.00049,1.69392
0,250,14.6034,44.313,1.02916,1.49781
0,250,15.7267,44.1782,1.27835,1.541
0,250,17.574,44.8868,1.97289,0.674965
0,250,19.2022,46.1676,2.41346,0.780634
0,250,16.3195,44.5396,1.41918,1.15861
0,250,18.3222,44.8973,2.38409,0.898818
0,250,17.1091,44.4746,1.84727,1.00848
0,250,18.6022,45.2892,2.49369,1.13082
0,250,17.8715,45.9191,2.25755,0.538446
0,250,18.6364,46.0173,2.42418,0.896311
0,250,18.2437,45.7044,2.5048,0.827563
0,250,20.3807,47.2593,2.90279,0.512199
0,250,18.3543,46.3957,2.60794,0.934661
0,250,17.4473,46.2123,2.31313,0.709463
0,250,19.5116,47.5092,2.63865,0.509331
0,250,14.3527,45.3254,1.1924,1.12832
0,250,20.7987,48.6665,2.9049,0.286387
0,250,19.1924,47.068,2.78075,0.575509
0,250,21.2822,48.4676,2.94536,0.448387
0,250,18.6417,46.9202,2.62183,0.72713
0,250,20.804,48.1603,2.89178,0.194289
0,250,21.1463,49.0284,2.63082,0.11196
0,250,20.5315,50.1107,2.37278,-0.0139441
0,250,20.0221,50.0782,2.40798,-0.00766995
0,250,19.1914,50.814,1.85187,-0.134729
0,250,19.7253,50.6329,2.42985,0.0218805
0,250,17.7096,51.1293,2.26119,0.0147702
0,250,14.9453,52.0307,1.00012,0.563667
0,250,17.0319,51.5265,1.61653,-0.0706829
0,250,7.8472,49.4336,1.77193,1.0651
0,250,4.03154,51.3564,0.371451,-0.299544
0,250,13.2074,50.3133,2.50406,0.0548654
0,250,6.64661,48.8452,0.673162,0.829709
0,250,5.04471,48.7693,1.06553,1.17649
0,250,5.55412,49.0306,0.90679,0.941357
0,250,8.30032,49.5912,1.99313,0.583048
0,250,5.58618,48.5827,0.671561,0.782948
0,250,6.86178,46.1302,0.0707018,1.52632
0,250,9.10091,44.5463,-0.230798,1.6537
0,250,6.04154,46.975,0.413287,1.55736
0,250,9.52915,44.3279,-0.251801,1.537
0,250,8.35797,45.2075,0.0554702,1.6415
0,250,10.5797,43.6899,-0.490603,1.43928
0,250,12.4535,43.44,0.120076,1.89118
0,250,11.1316,43.8229,-0.392252,1.27217
0,250,15.3763,43.328,0.964425,1.99217
0,250,14.2833,43.5308,0.594213,2.01104
0,250,15.5177,43.7574,1.04151,1.61715
0,250,16.1917,43.9933,1.54698,1.727
0,250,14.8981,43.6293,0.702151,1.9179
0,250,16.6598,44.2407,1.84751,1.27567
0,250,17.5359,44.2401,2.24479,1.4453
0,250,19.1101,44.1997,3.08443,1.15892
0,250,18.1943,44.1942,2.50017,1.17731
0,250,19.5866,44.9954,2.68984,0.978939
0,250,17.917,44.5804,2.44671,1.1223
0,250,17.1122,43.9273,2.0001,1.29851
0,250,20.173,46.1714,2.66887,1.01501
0,250,18.9443,45.6614,2.54458,0.895023
0,250,19.7813,46.3659,2.63231,0.626468
0,250,21.8175,48.0052,3.07213,0.436617
0,250,21.2673,47.9771,3.07953,0.533823
0,250,19.4359,46.6792,2.71124,0.499784
0,250,18.887,46.5274,2.63513,0.515311
0,250,21.1859,50.6328,2.67449,0.0293375
0,250,20.6412,47.6975,2.86372,0.445134
0,250,21.6265,48.9406,2.92052,0.310425
0,250,20.0031,47.5888,2.73952,0.396614
0,250,21.0279,50.0728,2.67239,0.150601
0,250,19.2408,51.5166,1.88741,0.0963563
0,250,22.0233,50.2653,2.86317,-0.186058
0,250,20.9593,49.597,2.67774,0.14141
0,250,20.61,51.0651,1.98541,-0.293732
0,250,20.7176,50.5917,2.41515,-0.166458
0,250,20.2054,50.5757,2.41141,0.112933
0,250,18.1991,51.5678,1.26111,0.178095
0,250,19.5417,51.1392,1.77371,-0.23762
0,250,17.5945,51.5385,1.57393,-0.0923016
0,250,15.4641,52.0012,0.828691,0.0790501
0,250,4.59412,49.5797,0.122129,0.33904
0,250,16.9762,47.4381,2.42986,0.747451
0,250,3.55167,51.3501,0.096182,0.635763
0,250,5.54533,46.8041,0.315698,1.36382
0,250,5.72683,47.7778,0.90919,1.19842
0,250,6.44568,46.4676,0.307672,1.77045
0,250,5.47754,48.1626,0.495529,1.0013
0,250,6.37439,45.9698,-0.0155208,1.70316
0,250,7.69051,45.3072,0.244471,1.78273
0,250,9.7657,43.8766,-0.328834,1.49138
0,250,12.9212,43.2745,0.124547,2.27066
0,250,13.483,42.9384,0.0413947,2.01177
0,250,10.2321,43.9488,-0.55929,1.42925
0,250,14.7378,43.2073,0.732854,2.11677
0,250,16.1654,43.188,1.55696,2.06824
0,250,13.6795,43.2921,0.431328,1.65648
0,250,11.5633,43.6052,-0.111939,1.42123
0,250,16.0212,43.5522,1.14343,2.03481
0,250,15.5041,42.9534,1.13022,1.99527
0,250,17.8537,43.8576,2.28047,1.40424
0,250,16.6301,43.6912,1.53295,1.67618
0,250,20.021,44.6853,3.41572,1.0691
0,250,19.38,44.5615,2.50243,1.26904
0,250,19.0619,43.6223,2.2369,1.22552
0,250,17.4169,43.1558,2.05337,1.64347
0,250,21.061,45.215,3.37514,1.29065
0,250,20.104,45.171,2.76225,1.10058
0,250,19.7803,45.5443,2.68876,0.979728
0,250,19.5449,45.8706,2.75577,0.867762
0,250,18.6535,44.5297,2.76085,1.16433
0,250,19.2234,45.3097,2.72864,0.860563
0,250,18.9552,44.8851,2.51666,1.02496
0,250,20.5672,46.5722,2.90141,0.746041
0,250,21.5815,47.5516,3.02306,0.50647
0,250,20.8002,47.0411,2.97769,0.737385
0,250,22.3541,48.4293,3.16746,0.327201
0,250,20.1439,46.7891,2.86942,0.783431
0,250,21.7859,48.4527,3.05167,0.414952
0,250,21.4132,49.4779,2.48416,0.20853
0,250,21.0662,47.4769,3.14412,0.70564
0,250,21.4664,50.1592,2.58054,0.0965257
0,250,21.9665,49.3153,2.70761,0.168911
0,250,21.7725,49.7821,2.74998,0.0227092
0,250,21.7197,51.1263,2.38097,-0.301108
0,250,19.7951,51.53,1.62446,-0.0977963
0,250,22.3086,49.8239,2.48175,0.101487
0,250,20.1058,51.0555,1.70846,0.263338
0,250,17.92,51.9568,0.393481,0.348888
0,250,16.4342,51.9803,0.848758,0.255564
0,250,15.9551,52.0168,0.620911,-0.012671
0,250,3.04786,51.1504,-0.0660568,0.216252
0,250,5.0257,49.2296,0.54297,1.04626
0,250,5.93585,46.4641,0.488979,1.47508
0,250,8.33331,44.5253,-0.344884,1.63154
0,250,5.07785,46.9968,0.162937,1.1398
0,250,6.71391,45.5645,-0.108469,1.79613
0,250,11.8242,43.2785,-0.318976,1.5869
0,250,10.9545,43.3441,-0.327392,1.57536
0,250,10.4512,43.1522,-0.446318,1.45354
0,250,5.82792,46.003,-0.117843,1.71408
0,250,14.9747,42.8356,1.17842,2.29426
0,250,14.2132,42.6881,0.686796,2.24769
0,250,10.0327,43.3766,-0.705578,1.68204
0,250,14.1803,43.0542,0.661614,2.023
0,250,15.6455,42.5417,0.964456,2.05202
0,250,18.0537,43.4675,2.55695,1.35238
0,250,13.4517,42.5407,-0.129763,2.0007
0,250,17.391,43.5636,2.22891,1.562
0,250,16.8227,43.3303,2.19751,1.74388
0,250,18.6326,44.0064,2.33615,1.26549
0,250,16.1289,42.805,1.15699,2.13999
0,250,19.4889,43.8499,2.67178,0.882834
0,250,21.196,44.7934,3.09996,1.03066
0,250,18.5092,42.8347,2.65392,1.62232
0,250,22.342,45.2433,3.16858,0.652713
0,250,19.8171,44.2575,2.7566,1.13982
0,250,18.5578,43.5374,2.308,1.41548
0,250,21.4292,45.5488,3.38715,1.02696
0,250,21.3655,46.2593,2.4968,0.694849
0,250,20.6053,45.4366,2.88433,1.15947
0,250,20.284,45.739,2.5729,0.86409
0,250,21.0138,45.8114,2.82585,0.780774
0,250,21.9322,47.1304,3.04535,0.412464
0,250,20.7545,46.1375,2.68829,0.677416
0,250,21.1158,46.631,2.72754,0.765627
0,250,22.1438,47.5707,2.96448,0.576207
0,250,22.8722,48.5281,3.25426,-0.00433881
0,250,21.7319,46.6718,2.89075,0.466189
0,250,22.168,48.8579,3.08503,0.411604
0,250,21.3959,47.0574,3.12423,0.613053
0,250,22.856,49.8606,2.53174,-0.458448
0,250,22.3754,47.9843,3.26123,0.339906
0,250,22.6967,48.9717,2.98155,-0.0864012
0,250,22.5634,50.2795,2.59587,0.140154
0,250,22.4845,49.3899,2.81713,-0.0353191
0,250,20.854,51.5216,2.09121,0.0675867
0,250,21.1834,51.1035,1.39928,0.164003
0,250,21.6922,50.6512,2.41612,0.0772516
0,250,18.7206,51.5559,1.30975,-0.466057
0,250,16.9298,51.9932,0.551836,-0.116589
0,250,4.91632,48.3498,0.551112,1.14647
0,250,5.63833,47.3214,0.463738,1.2091
0,250,4.59585,47.5191,0.258117,1.41177
0,250,4.09115,47.762,0.312768,1.18443
0,250,7.21661,45.2312,-0.156345,1.62645
0,250,5.14452,47.4663,0.623569,1.05751
0,250,11.281,43.0371,-0.380723,1.65082
0,250,4.57942,47.0207,0.111242,1.51741
0,250,14.5095,42.0927,-0.171347,2.17178
0,250,7.95853,44.9204,-0.294238,1.67939
0,250,8.74149,44.1962,-0.36773,1.40289
0,250,14.9045,41.9534,0.268974,2.79627
0,250,6.56596,45.1189,-0.378426,1.71256
0,250,5.64655,45.5286,-0.251411,1.603
0,250,16.9271,42.5681,1.49213,1.98463
0,250,14.7504,42.506,0.765282,2.30404
0,250,15.3152,42.2265,0.420537,2.53993
0,250,16.7602,42.9152,1.19007,2.00878
0,250,16.3123,42.3887,1.2617,2.45623
0,250,18.0151,43.0635,2.20904,1.52467
0,250,20.5784,44.5024,3.01127,0.965407
0,250,15.7231,42.0356,0.61312,2.78217
0,250,17.1732,42.1796,2.04024,2.43656
0,250,21.2854,44.3933,3.38114,1.15062
0,250,17.4563,42.7507,2.04826,1.67799
0,250,20.8245,44.1219,2.81503,1.13697
0,250,21.7174,45.1258,3.39375,0.736324
0,250,22.9799,45.9697,3.1301,0.492907
0,250,22.0036,45.5809,3.27532,1.15864
0,250,20.5733,44.9098,3.21379,1.30605
0,250,22.0921,46.353,3.0814,0.853198
0,250,22.3667,45.9522,3.32516,0.869592
0,250,22.9177,46.7956,3.18207,0.432221
0,250,22.662,46.3748,3.25944,0.514642
0,250,23.9864,48.0773,3.40497,0.220948
0,250,23.1483,47.1943,2.99432,0.0810284
0,250,21.717,45.9756,3.14466,0.933024
0,250,23.3404,47.6234,3.10642,0.0942279
0,250,22.3415,46.8008,2.98963,0.581301
0,250,22.7819,47.628,2.95293,0.21711
0,250,22.9482,48.0714,3.28981,0.00902791
0,250,23.045,49.427,2.82914,0.0362131
0,250,22.7631,50.7552,2.54743,0.0320106
0,250,22.9314,51.1823,2.00278,-0.310678
0,250,23.1009,50.3299,2.14499,-0.482737
0,250,22.3092,51.162,1.9205,0.255959
0,250,21.4013,51.5374,2.09664,-0.323736
0,250,20.3494,51.516,1.88251,-0.22147
0,250,18.415,52.0781,1.01682,-0.669953
0,250,17.4247,52.0174,0.851456,-0.0528191
0,250,5.02932,47.8798,0.358072,1.00258
0,250,6.43221,49.4193,1.09703,0.768822
0,250,5.25644,45.8683,-0.0871533,1.6055
0,250,6.14715,45.528,0.00275708,1.68673
0,250,5.38207,46.3283,0.141683,1.67212
0,250,4.11803,46.7474,0.160188,1.16298
0,250,2.95175,45.6069,0.0540023,1.19378
0,250,3.63027,46.8821,-0.0688971,1.16024
0,250,3.58886,47.3456,0.201099,0.824493
0,250,4.90381,46.5481,-0.0856647,1.32431
0,250,3.08903,43.7502,0.562489,1.119
0,250,9.17874,43.9355,-0.357195,1.64424
0,250,3.06748,47.9432,-0.0415667,0.642
0,250,2.62762,42.883,-0.0499094,1.46697
0,250,4.81,46.046,0.0205591,1.38205
0,250,13.9918,41.9292,0.0127922,2.46693
0,250,12.6286,42.5167,-0.528166,2.5632
0,250,20.2306,44.084,2.76439,1.24194
0,250,18.8074,43.1332,3.07096,1.50005
0,250,18.0576,42.5921,2.70057,2.07729
0,250,19.5597,43.3473,3.22927,1.77088
0,250,15.9918,41.7259,0.905327,2.62911
0,250,23.2676,44.6176,3.50417,0.588762
0,250,21.6926,44.1513,3.66281,1.2838
0,250,22.396,44.8177,3.32122,0.884399
0,250,23.8762,44.4828,3.36777,0.582141
0,250,23.4523,45.7541,3.34419,0.5497
0,250,22.1525,44.3765,4.00254,0.527371
0,250,22.7002,45.5731,3.34435,0.543259
0,250,23.1807,45.3475,3.19532,0.331299
0,250,21.7884,44.7485,3.16322,0.864823
0,250,22.9226,45.0146,3.11725,1.05232
0,250,24.1751,46.882,3.16429,0.418468
0,250,24.1093,45.6497,3.3099,0.544061
0,250,23.2596,46.3656,3.20877,0.37913
0,250,23.7488,46.0866,3.46118,0.476515
0,250,23.5121,46.7341,3.18452,0.327207
0,250,23.7101,47.1549,3.07511,0.229719
0,250,24.3693,48.9149,3.0642,0.303272
0,250,24.177,49.3699,2.92156,0.437422
0,250,23.396,48.547,3.23474,-0.0234212
0,250,22.5524,47.2214,2.9487,0.466559
0,250,23.6024,49.4722,2.5577,0.00357662
0,250,23.6852,50.3086,2.26923,0.254247
0,250,23.2425,49.0033,3.11323,-0.0739789
0,250,21.9805,51.5396,1.97894,-0.0715995
0,250,22.2249,50.7256,2.42111,-0.114759
0,250,19.9201,51.9618,0.99193,0.720916
0,250,19.4213,52.0548,0.826569,-1.40208
0,250,18.9587,51.9482,0.714942,0.55717
0,250,12.8873,42.8538,0.0488931,2.26624
0,250,5.95879,42.0219,0.965796,1.0975
0,250,4.0634,48.3232,0.139538,0.907454
0,250,3.08514,47.0226,-0.0622618,1.24711
0,250,3.47668,49.2004,0.0230385,0.785656
0,250,3.49483,45.9085,-0.0207442,1.05127
0,250,3.56543,48.2795,0.0793723,0.229873
0,250,4.51506,49.1083,0.386114,0.57163
0,250,3.022,46.1008,-0.220183,1.10799
0,250,3.98915,48.8348,-0.156709,0.537528
0,250,6.98319,50.4669,1.68605,0.413885
0,250,2.50596,48.0473,-0.258903,1.16575
0,250,2.94329,44.5742,-0.107486,1.17158
0,250,2.46964,45.2343,-0.0285002,1.22579
0,250,6.05324,45.0315,0.101236,1.49274
0,250,3.59759,46.4112,-0.00893131,1.35123
0,250,15.1357,41.5673,0.869469,2.76912
0,250,6.94519,44.8301,-0.488912,1.51611
0,250,19.9808,43.6203,2.86422,1.46833
0,250,7.87206,44.3763,-0.524787,1.45647
0,250,19.169,42.6066,3.4836,1.68173
0,250,24.267,45.1299,3.19695,0.671128
0,250,25.3401,45.6171,3.66483,0.0467909
0,250,25.4934,44.8785,3.5208,-0.0216906
0,250,23.6423,44.8992,3.66472,0.596415
0,250,25.1143,45.1931,3.34167,-0.0176859
0,250,24.6337,45.4223,3.4821,0.300821
0,250,24.8565,45.8283,3.57812,0.300924
0,250,23.7532,45.3148,3.38583,0.879152
0,250,25.0319,46.2662,3.49955,0.222095
0,250,24.3582,46.0185,3.54363,0.507198
0,250,25.7889,47.4822,3.40925,0.155531
0,250,25.2913,47.2122,3.27658,0.202249
0,250,24.5573,46.4438,3.38781,0.336064
0,250,23.9845,46.4654,3.27186,0.303947
0,250,25.3162,47.7205,3.30463,0.210929
0,250,24.7245,46.906,3.36247,0.316901
0,250,24.4103,47.8413,3.27987,0.284876
0,250,24.3309,47.3307,3.15831,0.272397
0,250,24.4222,48.4192,3.32974,0.317277
0,250,24.9087,48.9306,3.0936,0.214272
0,250,23.9276,48.5755,3.19529,0.300507
0,250,23.4767,48.0848,3.2976,-0.0971731
0,250,24.2239,50.2737,2.53023,0.0684408
0,250,23.531,51.1542,2.33159,-0.0652263
0,250,23.4028,49.9025,2.59849,0.0681513
0,250,22.5838,51.555,2.30787,-0.0383008
0,250,23.1768,51.5766,1.74948,0.0881976
0,250,20.8959,52.0013,0.880603,0.614696
0,250,20.3964,52.019,1.00085,-1.26055
0,250,12.2911,48.2669,1.89035,0.402527
0,250,4.12558,47.2593,0.236104,1.24468
0,250,4.48347,48.0386,0.4319,1.15341
0,250,4.09239,49.7647,-0.0280384,0.42236
0,250,4.2567,50.1738,0.226825,0.247161
0,250,3.59384,50.1181,-0.109119,1.01443
0,250,9.55554,50.4178,2.11505,-0.205448
0,250,6.8398,49.6429,1.66062,0.490344
0,250,2.43102,44.1643,-0.077891,1.0652
0,250,3.093,46.557,-0.0945943,0.797585
0,250,4.35886,43.6899,-0.126491,1.4843
0,250,12.2461,43.0113,-0.0855747,2.09839
0,250,15.5857,41.4102,1.05187,2.58749
0,250,2.92927,45.0908,-0.209448,1.02662
0,250,4.42547,46.407,0.135734,1.38687
0,250,3.99554,46.1312,-0.095359,1.48308
0,250,6.80444,44.3527,-0.0859612,1.62238
0,250,13.919,42.3486,-0.162202,2.81411
0,250,14.5445,41.3367,0.278512,2.93141
0,250,24.3179,44.672,3.4424,0.150953
0,250,24.8014,44.8436,3.30845,0.517324
0,250,25.5233,44.4262,3.37862,0.179349
0,250,26.2235,45.0428,3.69498,0.0535415
0,250,26.8796,45.1936,3.65845,-0.158061
0,250,25.7555,45.2686,3.54402,0.163258
0,250,26.4199,45.4731,3.72349,0.192964
0,250,25.5122,46.046,3.53495,0.016452
0,250,25.9388,45.7033,3.63837,-0.011284
0,250,25.1847,46.7285,3.55102,0.134919
0,250,26.5186,45.9318,3.77703,0.0470991
0,250,25.6466,46.5124,3.59708,0.189187
0,250,26.2762,47.688,3.29476,0.177983
0,250,25.7999,47.9963,3.46631,0.0895141
0,250,26.2882,48.1878,3.49259,0.091785
0,250,25.8402,48.5276,3.26569,0.150667
0,250,26.4522,50.1415,2.91971,0.167764
0,250,26.2966,49.2133,3.33533,0.15528
0,250,25.3645,48.2479,3.44117,0.21587
0,250,24.8656,47.9387,3.50081,0.253887
0,250,24.8312,47.4042,3.27313,0.186653
0,250,23.875,47.5886,3.14157,0.192222
0,250,24.8921,48.4466,3.29495,0.16643
0,250,24.5139,49.8126,2.60128,0.190753
0,250,24.8112,50.187,2.60326,0.086525
0,250,23.973,49.8376,2.4858,0.101269
0,250,23.7859,49.0204,3.0428,0.229584
0,250,23.9052,50.7293,2.28334,-0.187808
0,250,21.88,51.999,0.70131,0.176629
0,250,23.7638,51.5564,1.90364,-0.202067
0,250,21.3854,52.0092,0.844175,-0.52928
0,250,13.0279,47.5422,1.7515,0.465648
0,250,15.3324,47.3092,2.18064,0.372106
0,250,4.4692,48.6227,0.76533,0.95542
0,250,16.7131,48.8517,2.39441,0.748464
0,250,15.7581,47.9402,2.38996,0.438052
0,250,2.50861,47.1421,-0.439391,0.8796
0,250,5.5084,50.0002,0.969039,0.65839
0,250,2.4793,44.6993,0.128772,0.981443
0,250,3.44257,45.4263,0.209219,1.39452
0,250,5.20883,45.2939,-0.272346,1.36307
0,250,5.59212,44.9504,-0.258,1.63467
0,250,14.2034,41.5493,0.387682,2.42932
0,250,17.6651,42.3074,2.07796,2.10117
0,250,21.163,43.8177,3.48464,1.19304
0,250,22.9507,44.059,4.40366,0.844322
0,250,16.4585,42.0824,1.68419,2.59477
0,250,24.4834,44.217,3.68219,0.299984
0,250,22.7626,44.4808,3.52761,0.710652
0,250,25.0093,44.4409,3.4325,0.281498
0,250,25.4474,43.9397,3.46834,0.0478381
0,250,26.0371,44.6392,3.33049,0.0885034
0,250,26.6853,44.7795,3.53332,-0.0416173
0,250,27.4591,45.3846,3.81788,-0.0166762
0,250,28.117,45.9826,3.85375,0.0401186
0,250,26.9919,45.659,3.869,0.0279925
0,250,27.5747,45.8454,3.82377,-0.0552722
0,250,27.099,46.1158,3.85006,0.0113336
0,250,28.1425,46.4744,3.82542,-0.0413687
0,250,27.6391,46.3178,3.71173,-0.020027
0,250,27.6882,46.82,3.80112,-0.0130867
0,250,27.1738,46.6003,3.70972,-0.0922645
0,250,27.2349,47.0967,3.71444,0.0749294
0,250,26.0691,46.1758,3.73011,0.255958
0,250,26.2006,46.6624,3.58522,0.156098
0,250,26.298,48.7106,3.40545,0.120188
0,250,26.6426,46.4065,3.79121,0.207367
0,250,26.7649,51.0665,2.86183,-0.0557504
0,250,26.7961,48.8691,3.53607,0.197933
0,250,26.3052,49.6672,3.14909,0.143787
0,250,26.8305,49.3342,3.4114,0.262689
0,250,25.907,50.023,2.9759,0.279343
0,250,25.8259,49.08,3.29802,0.183028
0,250,25.335,49.2992,3.19871,0.217738
0,250,25.3863,50.066,2.82847,0.0685622
0,250,24.7126,49.3624,2.9896,0.190931
0,250,25.1013,49.7154,2.97798,0.115837
0,250,24.348,51.533,2.28276,-0.0409987
0,250,24.4839,50.6595,2.47711,0.0317791
0,250,23.3215,50.7466,2.30653,-0.18172
0,250,22.3666,51.9988,0.749789,-0.145512
0,250,14.2924,46.2392,1.56479,0.686896
0,250,9.51348,51.6182,0.399756,-0.12789
0,250,12.6388,47.8869,1.72599,0.346279
0,250,14.3792,47.873,2.23718,0.561711
0,250,31.526,40.6843,3.91472,1.28834
0,250,36.2319,39.4931,6.64325,0.0915522
0,250,2.9852,49.3721,0.0307626,0.659517
0,250,4.77028,45.4937,-0.266979,1.51717
0,250,7.85062,43.886,-0.252555,1.59183
0,250,15.1268,41.0798,0.821647,3.08466
0,250,17.0504,41.8147,2.09599,2.342
0,250,19.3305,42.9806,3.28926,1.58654
0,250,23.4181,44.1442,3.80118,0.754027
0,250,23.9399,44.0079,3.94,0.445328
0,250,24.4074,43.7304,3.73288,0.327692
0,250,24.9204,43.9717,3.37372,0.0356392
0,250,26.0887,43.7342,3.56315,0.0705139
0,250,25.0686,43.4831,3.79248,0.131404
0,250,26.0122,44.1766,3.30239,-0.119864
0,250,26.5452,44.3313,3.45715,-0.25657
0,250,27.3496,44.9266,3.66555,-0.0446391
0,250,28.0284,45.5095,3.87556,0.0435692
0,250,29.0701,45.3789,3.60109,0.20746
0,250,29.499,44.9948,3.59689,0.332907
0,250,28.6216,46.6738,3.72124,-0.061151
0,250,28.6345,46.1879,3.85524,0.124254
0,250,28.178,47.0034,3.5951,-0.0556788
0,250,27.7546,47.3291,3.67212,-0.299007
0,250,28.2391,47.5282,3.68655,-0.0898497
0,250,28.663,47.2098,3.72383,0.03621
0,250,27.2679,47.583,3.43699,-0.0768881
0,250,28.2245,48.5544,3.34558,-0.222477
0,250,26.72,46.8995,3.54902,0.0780243
0,250,26.2652,47.1777,3.54397,0.161682
0,250,25.7696,46.9825,3.50507,0.0835457
0,250,26.7759,47.8945,3.33957,0.121486
0,250,26.7755,48.3843,3.3728,0.210678
0,250,27.0477,50.2068,3.18797,0.163306
0,250,26.8599,49.7901,3.21274,0.111937
0,250,27.1537,50.6498,3.11337,0.175748
0,250,26.6058,50.5885,2.99432,0.0679121
0,250,26.0623,50.5174,2.90789,0.159132
0,250,25.2265,51.0233,2.45144,-0.0371847
0,250,25.7415,49.5832,3.03671,0.157625
0,250,25.3944,48.7727,3.33382,0.15836
0,250,25.9074,51.4743,2.77623,-0.0327926
0,250,25.5609,50.5163,2.61734,0.0366204
0,250,24.8939,51.4905,2.47473,-0.150186
0,250,24.6851,51.065,2.32331,0.00935395
0,250,24.1158,51.1373,1.99588,0.0252192
0,250,13.7651,50.2785,2.3597,0.154531
0,250,15.9074,47.4731,2.43943,0.446152
0,250,3.48022,48.7258,-0.0183074,0.720549
0,250,2.5644,46.7016,0.0270771,1.01543
0,250,6.76696,50.0988,1.10753,0.325083
0,250,4.78353,50.0192,0.313514,0.196614
0,250,3.04198,44.1258,0.201064,0.763811
0,250,3.94028,45.5707,-0.241486,1.3356
0,250,16.5674,41.6042,1.36179,2.86658
0,250,17.9421,41.9211,2.89262,2.81315
0,250,23.5061,43.6282,4.34567,0.0751582
0,250,22.3832,44.0024,4.34976,0.797904
0,250,25.6222,43.5365,3.62524,-0.437577
0,250,24.004,43.4912,4.33863,-0.156321
0,250,27.0567,43.6009,3.77138,-0.034633
0,250,26.6376,43.9163,3.55543,-0.0788245
0,250,27.7553,44.5883,3.55455,0.182334
0,250,27.1354,44.5048,3.36973,-0.0300104
0,250,27.9168,45.0572,3.73913,0.0456055
0,250,28.5165,45.2435,3.73067,0.11626
0,250,28.5881,45.703,3.786,0.0456527
0,250,30.0161,45.1643,3.64115,0.137988
0,250,30.4902,45.1461,3.4756,0.15483
0,250,30.9071,45.3788,3.51898,0.0171378
0,250,29.5662,45.516,3.61097,0.229136
0,250,30.0674,45.6699,3.53196,0.147399
0,250,29.1224,45.8642,3.73724,0.232246
0,250,30.1725,46.1917,3.5961,0.229175
0,250,29.1003,46.8315,3.60857,0.200207
0,250,29.6401,46.0191,3.70905,0.254106
0,250,29.1511,46.351,3.68836,0.133796
0,250,29.1637,47.3511,3.53806,0.0599457
0,250,28.7412,47.7098,3.62556,-0.0874601
0,250,28.3078,49.0664,3.33358,-0.0942756
0,250,28.1974,48.0317,3.56433,-0.285588
0,250,27.7381,47.8409,3.41919,-0.194259
0,250,26.7552,47.4021,3.56055,0.0843106
0,250,27.2951,48.5743,3.52564,-0.0460904
0,250,27.3384,49.0485,3.52056,0.0194252
0,250,27.6343,50.4144,3.15819,-0.0594905
0,250,27.7793,50.8826,3.05918,-0.0486549
0,250,28.2528,50.9588,3.01398,-0.271082
0,250,26.2449,50.9972,2.77608,0.14041
0,250,27.519,49.9466,3.05038,0.148676
0,250,27.917,51.4107,3.21156,-0.067269
0,250,26.9261,51.5108,3.44966,-0.184251
0,250,25.7333,50.9964,2.5619,-0.191456
0,250,24.3807,51.9961,1.19765,-0.793536
0,250,25.0438,50.5732,2.46911,-0.00404384
0,250,22.8638,52.0159,0.645715,0.535759
0,250,7.37196,50.0111,1.3126,0.670471
0,250,8.37748,50.0809,1.70667,0.443498
0,250,2.46672,42.5088,-0.973124,2.70777
0,250,12.9302,48.2625,1.94255,0.139261
0,250,10.4499,50.808,1.56884,0.555462
0,250,4.85747,44.9231,-0.0218485,1.95652
0,250,7.79844,50.8834,1.77208,0.707062
0,250,13.3897,41.9436,-0.0901511,2.50982
0,250,18.7371,42.3736,3.08601,2.04757
0,250,20.516,43.6534,3.1738,1.40478
0,250,24.7161,43.2882,4.1413,-0.109375
0,250,26.5157,43.3963,3.31703,0.106865
0,250,27.5869,43.7237,3.73207,0.0653913
0,250,27.7595,44.1646,3.58325,-0.0521447
0,250,28.6262,43.9881,3.79953,0.221525
0,250,27.1712,44.0882,3.55621,-0.0288949
0,250,28.2896,44.35,3.2901,-0.0838003
0,250,28.3601,44.7899,3.52402,0.0191494
0,250,28.9529,44.8986,3.52275,0.180002
0,250,30.0313,44.6838,3.29913,0.083999
0,250,31.0236,44.8427,3.68632,-0.00547468
0,250,30.7488,44.1084,3.71633,0.100782
0,250,31.384,45.1978,3.50032,-0.0914885
0,250,31.0261,45.9019,3.4031,0.0829022
0,250,30.5246,45.7489,3.43843,0.0753182
0,250,31.7918,44.9372,3.66168,0.0488793
0,250,30.6854,46.2763,3.51177,0.20141
0,250,31.3053,46.2787,3.46512,0.0230775
0,250,30.1687,46.6644,3.481,0.274951
0,250,30.6853,46.7411,3.32468,0.298057
0,250,29.6635,46.4941,3.72456,0.21249
0,250,29.6743,47.4956,3.50545,0.253691
0,250,29.5847,46.9703,3.37521,0.159293
0,250,30.5519,47.2333,3.2447,0.290391
0,250,28.6798,48.1806,3.4282,-0.0551663
0,250,29.2742,47.8396,3.61875,0.11939
0,250,27.8184,48.9286,3.51444,-0.214865
0,250,29.2416,48.7785,3.12063,0.0460188
0,250,27.2765,48.0882,3.40552,-0.0689096
0,250,28.3946,49.5511,3.05432,0.0108155
0,250,28.0209,49.933,3.15392,-0.200487
0,250,29.1802,48.286,3.30222,0.127042
0,250,27.7634,48.3889,3.44322,-0.246426
0,250,28.912,49.67,3.02285,0.132697
0,250,27.3248,51.0889,3.29951,0.0165809
0,250,27.3664,49.5188,3.30514,0.0913939
0,250,26.3928,51.4889,2.96008,0.0923439
0,250,24.8607,51.9857,1.21395,0.273911
0,250,25.4044,51.4902,2.57933,0.00196053
0,250,23.3838,52.0086,1.1625,-0.700615
0,250,3.10842,50.3116,-0.499226,0.432297
0,250,2.48748,49.0481,-0.247957,0.610985
0,250,12.5729,48.6542,1.96278,0.143584
0,250,4.51933,43.0755,1.26275,1.64531
0,250,2.54951,43.6975,0.0162056,1.45899
0,250,3.67335,43.7497,-0.394242,1.41111
0,250,6.36564,44.5921,0.0445267,1.79938
0,250,13.8807,41.1213,-0.080266,3.17768
0,250,17.7089,41.5656,2.24238,2.90982
0,250,23.1355,43.4641,4.28568,-0.175093
0,250,28.0738,43.3863,4.08395,0.169185
0,250,28.1756,43.7895,3.93173,0.189619
0,250,29.3909,43.6833,3.78866,0.189654
0,250,29.7697,43.3908,3.7386,0.191747
0,250,29.9767,42.9039,3.62636,0.0442574
0,250,29.1678,44.0978,3.99958,0.331055
0,250,28.8767,44.479,3.39869,0.204823
0,250,29.5001,44.5561,3.35509,0.280513
0,250,30.5975,44.6544,3.58584,0.10109
0,250,30.6054,43.6805,3.68407,0.229427
0,250,31.7473,44.0047,3.73367,0.00114007
0,250,31.5123,44.5625,3.69521,-0.0438609
0,250,31.4882,45.666,3.43333,-0.0657283
0,250,32.3961,44.5679,3.75364,-0.242732
0,250,32.9367,44.3569,3.79823,0.0266875
0,250,33.2837,44.6977,3.72672,0.0811961
0,250,32.1988,45.1106,3.7831,-0.287517
0,250,32.5421,45.4487,3.52786,-0.16638
0,250,31.7922,46.0828,3.51106,-0.0918813
0,250,31.9562,45.5626,3.48824,-0.145022
0,250,31.1657,46.7473,3.41637,0.0210168
0,250,31.6905,46.6387,3.40047,0.0580718
0,250,31.5229,47.1674,3.18615,0.0515709
0,250,32.1692,46.4379,3.37619,-0.145433
0,250,31.0416,47.2692,3.23255,0.100187
0,250,31.2872,47.7371,3.11166,0.229819
0,250,29.7444,48.901,3.01695,0.321305
0,250,29.6947,48.3919,3.10389,0.240046
0,250,28.8298,49.1694,3.1827,0.208577
0,250,30.762,47.7416,3.23365,0.247989
0,250,30.0662,47.1381,3.33423,0.237365
0,250,29.8436,49.4049,2.98174,0.171275
0,250,29.3331,49.2778,3.09811,0.118122
0,250,30.4195,49.9893,2.71135,0.0326495
0,250,28.7337,48.6793,3.20772,0.167272
0,250,27.8782,49.4361,3.29678,-0.0120569
0,250,28.3821,51.4649,3.08147,-0.328214
0,250,25.8051,51.9852,1.43591,0.00691443
0,250,27.4596,51.5411,3.03836,0.131478
0,250,23.8869,52.0061,0.951782,0.509882
0,250,14.7597,47.5414,2.44003,0.333028
0,250,3.22912,50.709,0.696917,0.708194
0,250,4.35409,45.784,-0.17329,1.66107
0,250,13.5495,41.4714,-0.0874617,2.82875
0,250,9.55155,43.4521,-0.655136,1.5741
0,250,19.9345,42.8869,3.34267,1.86616
0,250,18.9273,41.9532,4.02955,2.25399
0,250,25.4443,43.0534,3.87461,-0.0362833
0,250,24.3358,43.0306,4.13573,0.305667
0,250,28.6503,43.1753,3.99534,0.18699
0,250,28.8253,43.5613,4.07262,0.36824
0,250,29.619,42.3448,3.41551,0.0749889
0,250,28.9372,42.716,3.78503,0.0221645
0,250,27.7191,42.8508,4.30579,0.196597
0,250,30.0663,43.7818,3.78896,0.12485
0,250,29.7148,44.1329,3.93556,0.376745
0,250,30.254,44.2646,3.82622,0.232993
0,250,31.1505,44.2913,3.67376,0.0363818
0,250,31.3668,43.7931,3.70278,0.0699778
0,250,32.0304,44.3692,3.64736,0.00287187
0,250,32.2977,43.8527,3.72255,0.211671
0,250,32.4949,43.2947,3.58245,0.0139632
0,250,33.4414,44.1521,3.81564,0.171402
0,250,34.1783,44.7261,3.75169,-0.0198774
0,250,33.9696,45.2823,3.58242,0.013435
0,250,34.5192,45.0076,3.81483,-0.12033
0,250,33.6373,44.9862,3.63141,-0.020961
0,250,33.402,45.5177,3.55485,-0.093744
0,250,32.7258,44.891,3.68885,-0.0920623
0,250,33.0698,45.2064,3.62532,0.120521
0,250,32.319,45.9284,3.43062,-0.167349
0,250,32.8852,45.77,3.60154,-0.147185
0,250,33.0444,46.6063,3.35153,-0.22952
0,250,33.3144,46.9464,3.21605,-0.0422597
0,250,32.6988,46.2686,3.43363,-0.157756
0,250,32.0468,47.9873,3.11554,-0.0865352
0,250,31.7667,47.609,3.08222,0.0635094
0,250,31.8498,48.5557,3.16725,0.087987
0,250,32.0153,47.0297,3.28674,0.00627315
0,250,31.3016,48.6528,3.19628,0.286504
0,250,31.004,48.2034,3.234,0.367973
0,250,30.7678,49.0613,2.98512,0.23163
0,250,31.5416,48.1832,3.15643,0.150589
0,250,30.2474,49.0084,2.94871,0.189502
0,250,30.0256,50.9675,2.40964,0.034914
0,250,29.416,49.781,2.98795,0.103418
0,250,29.0436,50.178,3.1071,0.0238334
0,250,28.7709,51.0454,3.00317,0.0871169
0,250,28.1373,50.4361,3.12353,-0.170059
0,250,25.3331,51.9914,1.27386,-0.435867
0,250,3.49504,44.5002,-0.239795,1.12827
0,250,4.4004,45.1571,-0.128993,1.65958
0,250,7.31688,44.2844,-0.266345,1.56545
0,250,16.2968,41.1958,1.25072,3.29641
0,250,3.94733,45.0543,-0.107482,1.59123
0,250,21.8364,43.7407,3.87366,1.10274
0,250,15.9051,41.1385,1.41857,3.06821
0,250,27.5179,43.2481,3.86874,0.0325815
0,250,29.485,42.8075,3.65187,0.164643
0,250,26.0783,43.2109,3.62239,-0.0721619
0,250,25.9227,42.7797,3.45111,-0.594828
0,250,24.3822,41.7645,5.38147,-1.89913
0,250,30.1403,42.4351,3.60751,0.324498
0,250,28.621,42.4297,3.81938,-0.18008
0,250,30.3098,43.291,3.57285,0.0728012
0,250,29.1484,42.2361,3.39153,0.23989
0,250,30.8207,43.0998,3.70443,0.411015
0,250,31.9937,43.4784,3.73261,0.0542227
0,250,32.6848,44.0153,3.97734,-0.349837
0,250,32.2798,42.8947,3.65811,0.0469101
0,250,33.2595,43.7359,3.85883,0.143214
0,250,33.8209,44.4351,3.88117,0.0104959
0,250,34.3126,44.162,3.78597,0.0279024
0,250,34.6957,44.4328,3.79975,-0.00854479
0,250,35.0225,44.7731,3.68439,-0.146958
0,250,34.8454,45.3471,3.56859,-0.161689
0,250,34.3252,45.5531,3.44663,-0.0751918
0,250,34.0976,46.0835,3.51012,-0.116416
0,250,33.5863,46.3973,3.41744,-0.0119974
0,250,33.7488,45.812,3.62346,0.00802557
0,250,33.249,46.0829,3.60167,-0.0757692
0,250,33.6894,47.173,3.3246,-0.205827
0,250,32.7566,47.1629,3.18156,-0.0802455
0,250,33.9159,46.6781,3.31418,-0.0627016
0,250,32.2729,47.4138,3.25598,0.00597949
0,250,32.5615,47.7723,3.34885,-0.206809
0,250,32.5002,46.7921,3.32237,-0.165969
0,250,32.9098,48.0372,3.40221,-0.00314007
0,250,32.3554,48.3347,3.2242,-0.251125
0,250,32.2456,48.8909,3.02663,-0.222251
0,250,30.7398,48.602,3.20942,0.412119
0,250,30.2272,47.6569,3.34921,0.317157
0,250,29.8398,47.9706,3.50643,0.400349
0,250,30.9133,50.089,2.73009,0.10724
0,250,29.9245,49.8926,2.92537,0.0643144
0,250,30.4833,51.0199,2.53559,-0.0643361
0,250,28.5361,50.0528,3.26574,0.0307699
0,250,29.5361,50.291,2.96934,0.107969
0,250,28.8715,51.551,2.78875,0.134823
0,250,26.272,51.9961,1.6614,-0.181532
0,250,3.42799,44.9399,-0.0896227,1.06346
0,250,2.50358,46.255,-0.012946,0.812039
0,250,2.64844,42.0528,0.585049,2.08012
0,250,13.0603,42.2304,-0.656142,2.59426
0,250,23.815,43.0318,4.11479,0.618497
0,250,8.04749,43.4065,-0.62961,1.10358
0,250,29.2249,43.1918,3.78523,0.196284
0,250,28.2453,42.9373,3.94552,0.125637
0,250,25.0934,42.7736,4.40109,-0.995789
0,250,20.2726,43.195,3.57651,1.43646
0,250,5.28739,44.609,-0.25001,1.94908
0,250,17.2009,41.3722,2.25951,2.5311
0,250,24.7009,42.6088,4.1268,-0.613662
0,250,31.0883,43.4796,3.65586,0.10836
0,250,31.6603,43.2486,3.64366,-0.0399625
0,250,30.5209,42.7406,3.55551,0.281992
0,250,30.3351,41.9741,3.54889,0.211259
0,250,31.3734,42.9217,3.7287,0.0346854
0,250,32.902,43.4801,3.77474,-0.00204108
0,250,33.925,43.8745,3.90665,-0.0701855
0,250,34.8664,43.8917,3.75546,-0.170027
0,250,35.2057,44.2244,3.90646,-0.0416548
0,250,35.7554,43.3521,3.43603,-0.553416
0,250,35.6007,43.8819,3.59477,-0.396817
0,250,35.5377,44.5944,3.67913,0.0944182
0,250,35.8395,45.0319,3.73759,0.206296
0,250,34.6489,45.8941,3.4288,-0.116512
0,250,35.3536,45.1293,3.59662,0.0279888
0,250,33.0722,47.4739,3.26339,-0.000616571
0,250,35.6956,45.5543,3.58951,0.194064
0,250,35.185,45.675,3.57843,-0.103219
0,250,34.3962,46.4244,3.43737,-0.185827
0,250,33.4386,47.701,3.46966,-0.100017
0,250,35.5212,46.0581,3.51932,-0.261709
0,250,33.9717,47.5377,3.46639,-0.218174
0,250,34.3251,47.8229,3.38486,-0.180296
0,250,32.7367,48.5709,3.20711,-0.133073
0,250,33.2941,48.2727,3.43288,-0.208528
0,250,32.7006,49.0958,3.02017,-0.324532
0,250,31.8276,49.5481,2.71901,-0.0289139
0,250,31.7687,49.0569,2.92273,0.0405652
0,250,32.2899,49.4322,2.78932,-0.130228
0,250,30.4236,48.127,3.5078,0.349995
0,250,30.8608,49.5718,2.64213,0.166131
0,250,30.3657,49.4912,2.77343,-0.012174
0,250,30.976,50.5664,2.71559,-0.217785
0,250,30.9733,51.0402,2.35665,-0.169187
0,250,29.2675,51.2889,2.45588,0.0327497
0,250,28.64,50.5546,2.8951,-0.21081
0,250,26.7449,51.9798,1.69638,-0.216259
0,250,3.15002,42.9582,-0.253523,1.42151
0,250,3.76978,44.144,0.176415,0.853003
0,250,3.86885,50.4884,0.556989,0.297889
0,250,18.3355,42.1132,3.14749,2.13325
0,250,11.5807,42.7536,-0.784982,1.92529
0,250,24.3065,42.4957,4.96804,-0.708616
0,250,7.11958,43.3363,-0.191409,1.57843
0,250,21.3561,42.9365,4.07809,1.34011
0,250,4.9775,44.2692,0.035871,1.73058
0,250,5.11492,42.8295,0.799241,1.30576
0,250,14.8019,41.0405,0.819203,3.50938
0,250,3.41328,42.6197,-0.0244882,2.15175
0,250,23.3952,42.9746,4.5393,0.144576
0,250,5.83901,43.2735,0.0934483,1.36105
0,250,18.2955,41.304,3.52377,2.37425
0,250,26.947,43.1176,4.11053,0.00324859
0,250,31.8989,42.6932,3.47402,0.23739
0,250,33.6675,43.4619,3.82455,-0.195073
0,250,35.2446,43.5566,3.66926,-0.423616
0,250,35.6741,42.8725,3.65554,-0.515095
0,250,36.1121,43.6815,3.47106,-0.258325
0,250,35.9046,44.2687,3.3832,-0.350717
0,250,36.3761,44.0842,3.33552,-0.187583
0,250,37.5643,44.137,3.53303,-0.64735
0,250,36.6343,44.5323,3.35816,-0.361177
0,250,37.2289,44.449,3.53874,-0.102999
0,250,36.1722,44.6951,3.24004,-0.031608
0,250,38.4123,45.5634,3.08182,-0.646695
0,250,36.1845,45.4755,3.69379,0.0749537
0,250,37.5164,44.8778,3.4258,-0.181381
0,250,36.4867,45.1239,3.45918,-0.278767
0,250,36.0401,46.0057,3.66418,0.104509
0,250,34.9844,46.1995,3.36931,-0.250108
0,250,36.9568,44.9003,3.33202,-0.301824
0,250,34.7362,46.7112,3.38429,-0.306876
0,250,35.3016,46.5577,3.29635,-0.32239
0,250,34.2518,47.0246,3.35369,-0.170371
0,250,35.8433,46.4816,3.44016,-0.0583332
0,250,34.1001,48.3654,3.48787,-0.0711023
0,250,35.0201,47.0656,3.30867,-0.372775
0,250,33.7563,48.0662,3.57363,-0.254984
0,250,34.5597,47.3329,3.44662,-0.238014
0,250,31.9373,50.0242,2.66633,-0.231368
0,250,32.8074,49.582,2.77493,-0.228731
0,250,31.4972,51.0524,2.43436,-0.0861473
0,250,31.1421,51.5029,2.51619,-0.296394
0,250,30.1372,51.498,2.42866,-0.311896
0,250,30.0121,50.4158,2.92003,0.0968006
0,250,29.1438,50.7033,2.91366,0.0224718
0,250,27.2169,52.0166,1.78986,0.115839
0,250,2.50717,50.43,-0.240091,0.526637
0,250,5.67424,49.4718,0.622773,0.864028
0,250,7.59171,43.2291,-0.267167,1.25762
0,250,5.41009,42.6879,0.648375,0.862853
0,250,27.1978,39.3897,6.67342,1.00509
0,250,7.21759,41.7833,-0.264016,1.24453
0,250,22.6395,43.0744,4.20571,1.33358
0,250,26.0855,41.5006,2.56477,-0.431383
0,250,2.54466,47.5983,0.139155,0.766604
0,250,5.81546,42.799,0.0289021,0.914122
0,250,21.805,43.1091,3.86546,1.34121
0,250,25.5356,42.5276,3.45372,-1.23261
0,250,19.9004,42.4708,3.9443,1.88449
0,250,31.099,42.5728,3.50001,0.0671202
0,250,29.8229,41.9001,3.56205,0.269193
0,250,32.7436,42.6762,4.02951,0.225727
0,250,34.4426,43.6466,3.68685,-0.0232303
0,250,35.219,43.0462,3.56261,-0.359644
0,250,36.7165,43.5998,3.24508,-0.358874
0,250,36.8956,44.0634,3.59101,-0.300258
0,250,36.3846,43.2517,3.42266,-0.440688
0,250,37.2388,43.6766,3.39909,-0.549413
0,250,37.8862,44.5761,3.37631,-0.258901
0,250,38.0988,44.1065,3.43149,-0.4786
0,250,38.1698,45.0634,3.14638,-0.43297
0,250,38.6204,46.0451,2.9161,-0.689987
0,250,38.9165,45.5344,3.16502,-0.425282
0,250,38.0332,45.814,3.15927,-0.0571812
0,250,37.8012,45.319,3.30158,-0.0780775
0,250,37.4919,45.7461,3.35474,-0.206854
0,250,37.2365,45.3149,3.34153,-0.364554
0,250,36.7847,45.5218,3.50659,-0.229721
0,250,36.5148,45.9339,3.60741,0.0884653
0,250,37.7117,46.2146,3.15862,-0.201253
0,250,36.801,46.3957,3.46284,-0.0781993
0,250,37.3149,46.4588,3.2251,-0.0529218
0,250,35.5632,46.9627,3.2723,-0.412211
0,250,36.3471,46.4961,3.40389,0.0199034
0,250,34.5853,48.2846,3.30215,-0.27903
0,250,34.8272,47.7869,3.38354,-0.319451
0,250,33.1876,48.7778,3.1344,-0.182325
0,250,34.1555,48.8851,2.9319,-0.096711
0,250,33.6754,48.6722,3.18503,-0.309091
0,250,31.4266,50.1119,2.76308,-0.0399675
0,250,31.2698,49.1199,2.80018,0.202429
0,250,32.5161,50.4346,2.64759,-0.220645
0,250,31.6517,51.5247,2.48584,0.135275
0,250,30.6235,51.5268,2.72515,0.267755
0,250,28.6116,52.0295,1.29772,0.0174661
0,250,27.7188,52.0003,1.94682,0.0353669
0,250,7.48098,51.2879,2.02701,0.0569406
0,250,2.98529,48.386,0.058888,0.470071
0,250,4.28261,50.9421,0.621067,-0.0499395
0,250,13.7016,46.0077,1.35309,0.755043
0,250,6.84032,51.2464,1.56572,-0.214117
0,250,9.3203,41.4896,-1.33135,1.4665
0,250,11.7434,41.7305,-0.89188,1.91242
0,250,7.20745,50.9051,1.87722,-0.155315
0,250,13.7612,47.581,2.36547,0.452003
0,250,3.41259,42.0771,-0.740513,1.68825
0,250,3.79109,42.9234,-0.491294,1.56398
0,250,21.2431,41.5147,5.36389,2.73186
0,250,29.3516,41.7128,3.48835,0.178846
0,250,31.644,42.3195,3.79518,0.103031
0,250,33.5454,43.001,3.92242,-0.0658265
0,250,34.1235,43.2782,3.62729,0.049652
0,250,34.5157,42.8687,3.96201,-0.219177
0,250,35.844,42.2634,3.66615,-0.487243
0,250,36.1356,42.8377,3.59483,-0.754011
0,250,37.0644,43.173,3.19466,-0.296039
0,250,37.7192,43.6565,3.60867,-0.156965
0,250,37.5359,43.1296,3.30378,-0.409952
0,250,38.6487,45.0542,3.11931,-0.447684
0,250,38.2792,43.6479,3.46161,-0.47543
0,250,39.1087,44.9888,3.37152,-0.233416
0,250,39.3943,45.5378,3.08411,-0.0357376
0,250,39.5666,45.0396,3.36873,0.282983
0,250,39.7201,46.7351,2.78244,-0.228962
0,250,39.5843,46.1338,2.75681,0.152908
0,250,40.0278,46.1368,2.71007,-0.0342235
0,250,39.1227,46.0167,2.89276,-0.340388
0,250,38.7964,46.5279,2.84698,-0.744385
0,250,37.0711,45.9692,3.38791,0.0141505
0,250,38.4983,47.4204,2.88731,-0.270368
0,250,38.2416,46.3293,3.05122,-0.160279
0,250,36.1084,46.9563,3.16912,-0.0969032
0,250,36.5827,47.0296,3.12134,-0.00563988
0,250,35.0649,48.2822,3.27666,-0.363859
0,250,35.2136,47.4928,3.2862,-0.447464
0,250,35.7473,47.3868,2.98887,-0.283425
0,250,35.116,48.8217,2.77026,-0.3188
0,250,33.9073,50.8226,2.79248,-0.0480457
0,250,32.42,49.9493,2.82898,-0.225867
0,250,33.3762,49.7173,2.89495,-0.122505
0,250,33.2475,49.2535,2.97306,-0.156867
0,250,31.9302,51.9829,1.08604,0.116368
0,250,31.3359,49.6281,2.6334,0.10875
0,250,30.4709,50.4996,2.7632,0.148045
0,250,29.5877,50.831,2.68945,-0.154592
0,250,28.1524,51.9494,1.88827,-0.257314
0,250,11.605,50.7604,1.40728,0.547984
0,250,5.32937,43.2894,0.401959,1.5214
0,250,3.30154,43.3218,0.139163,2.14397
0,250,8.06206,50.467,1.5915,0.22704
0,250,15.0953,50.7043,2.43049,-0.00604221
0,250,13.9422,47.0026,1.24935,0.714799
0,250,8.05776,41.776,-0.782205,1.14408
0,250,3.0625,42.1545,0.723724,2.44717
0,250,25.8452,41.9447,4.13952,-0.133462
0,250,30.2348,41.4923,3.541,0.147439
0,250,32.8283,42.2038,4.27854,0.0321736
0,250,30.8419,41.7734,3.27029,0.188346
0,250,33.0883,43.0247,3.87847,0.0877873
0,250,34.0526,42.7689,3.71902,-0.270552
0,250,33.1131,41.5754,4.05588,-0.110944
0,250,35.4047,42.4063,3.70906,-0.573096
0,250,36.317,42.377,3.57984,-0.777732
0,250,36.3879,41.872,3.62335,-0.571794
0,250,36.6988,42.8514,3.55066,-0.563303
0,250,36.8007,42.3301,3.54856,-0.479097
0,250,38.1648,42.743,3.55062,-0.44029
0,250,38.3875,44.5543,3.35031,-0.156524
0,250,39.3188,44.4772,3.17277,0.254308
0,250,39.6991,44.2337,3.15583,-0.387406
0,250,39.9005,44.7304,2.9374,-0.432977
0,250,39.8466,45.6179,3.05086,0.108373
0,250,40.4242,44.7494,2.8144,-0.411366
0,250,40.8554,44.6346,2.69908,-1.01936
0,250,40.3755,45.701,2.85479,-0.298845
0,250,41.0666,45.2497,2.55694,-0.941245
0,250,40.1379,46.6814,2.65991,0.0657227
0,250,37.5084,46.9906,3.07749,0.088214
0,250,39.2738,46.5559,2.62415,-0.0608345
0,250,38.8683,47.0483,2.75385,-0.516465
0,250,38.3951,46.8466,2.84815,-0.269627
0,250,37.8895,46.7128,3.01373,-0.0318753
0,250,37.0152,46.8903,3.15976,-0.0644315
0,250,37.6424,47.5329,2.95591,0.24376
0,250,39.3349,47.1054,2.63297,-0.0544359
0,250,35.4313,47.9201,3.21167,-0.299194
0,250,34.7704,49.783,2.25403,-0.256026
0,250,38.0371,47.2331,2.90347,0.0358342
0,250,33.7372,49.1902,2.88685,-0.145834
0,250,34.2391,49.396,2.67065,-0.06358
0,250,33.5119,51.3067,2.18849,-0.0412178
0,250,32.0125,50.4974,2.81282,-0.259584
0,250,30.1934,48.5207,3.08046,0.0862472
0,250,30.4676,52.0071,0.635509,-0.614444
0,250,32.1558,51.4615,2.43829,-0.494479
0,250,29.1112,51.9858,1.35541,0.667091
0,250,2.49206,48.5422,0.385278,0.991048
0,250,7.85936,49.9646,1.74941,0.637415
0,250,28.2345,41.2074,3.34176,0.169612
0,250,6.58336,51.6119,1.23427,-0.206816
0,250,3.06596,47.4696,0.0406789,0.589031
0,250,12.27,49.9117,2.02013,0.379582
0,250,23.8888,42.4947,5.3145,0.258951
0,250,22.6029,42.4044,3.64709,1.75506
0,250,26.5644,42.8241,3.71354,0.152094
0,250,2.55093,50.0065,0.00975808,0.352136
0,250,33.7392,42.4517,3.83941,-0.431421
0,250,33.3251,41.9454,3.90992,-0.177808
0,250,34.7725,43.2741,3.88212,-0.0586104
0,250,32.308,42.2971,4.23533,0.282809
0,250,33.2647,42.5005,3.84287,-0.167529
0,250,20.8276,42.8675,3.19061,1.76368
0,250,34.1765,42.104,4.02876,-0.0696587
0,250,36.861,41.7441,3.89385,-0.658359
0,250,37.6784,42.6246,3.41464,-0.24769
0,250,38.0263,43.2122,3.58097,-0.437624
0,250,38.8583,44.4793,3.30998,-0.0934875
0,250,40.0642,43.8153,2.88662,-0.757566
0,250,40.2291,44.2855,2.81529,-0.539122
0,250,41.0802,44.1062,2.97223,-1.05781
0,250,40.1107,45.2159,2.93737,-0.441282
0,250,40.6257,45.2409,2.62812,-0.740352
0,250,41.7783,44.6579,2.30788,-0.730009
0,250,42.1904,44.6569,2.27245,-0.63944
0,250,41.7437,45.8431,2.4578,-0.631313
0,250,41.9523,45.2471,2.5809,-0.99015
0,250,40.4969,46.2348,2.43096,-0.0512998
0,250,41.2706,44.7371,2.52569,-0.979763
0,250,39.4373,47.6815,2.64288,0.0176523
0,250,40.2008,47.2912,2.46915,-0.116484
0,250,39.7798,47.3125,2.50342,0.129993
0,250,38.9829,47.5825,2.68765,-0.381817
0,250,38.0861,47.7921,2.74624,0.0516568
0,250,37.7133,48.1484,2.56947,0.0833709
0,250,36.7265,47.5627,2.82949,-0.294734
0,250,37.1665,47.4064,2.89949,0.0517564
0,250,35.5998,48.9598,2.62033,-0.0386296
0,250,35.536,48.4408,2.8801,-0.167318
0,250,34.7053,49.2758,2.63754,-0.284365
0,250,36.2637,47.4868,2.75919,-0.0513539
0,250,34.6386,48.7832,2.88509,-0.297922
0,250,32.4836,50.9209,2.44984,-0.191503
0,250,33.0916,51.5205,2.42906,0.387606
0,250,32.3922,51.9915,0.863041,-0.557469
0,250,29.6668,51.4293,2.5188,0.302975
0,250,29.531,51.9409,1.47246,-0.338418
0,250,8.68201,50.4656,1.9009,0.139807
0,250,5.43959,50.6657,0.937838,-0.109198
0,250,12.5665,50.387,1.72153,0.161193
0,250,7.53275,50.4531,1.62265,0.378769
0,250,4.54324,44.5552,-0.222257,1.60805
0,250,11.9992,50.3371,2.32309,0.407643
0,250,12.3675,41.7203,-0.966127,2.39151
0,250,5.81131,50.9833,0.427722,0.660599
0,250,30.7751,42.2659,3.39119,0.499508
0,250,10.3125,42.5413,-0.772098,1.85953
0,250,31.325,41.116,3.98252,0.770867
0,250,34.5301,42.3206,3.8024,-0.230139
0,250,4.81982,43.3958,0.202424,1.31389
0,250,31.3483,42.0147,3.72403,0.232163
0,250,34.9569,42.6008,3.51172,-0.359333
0,250,37.2128,42.6346,3.77142,-0.280445
0,250,38.1844,42.2515,3.69342,-0.45004
0,250,38.6406,44.0076,3.36618,-0.327974
0,250,38.8199,43.5168,3.65637,-0.212019
0,250,39.1487,43.9379,3.36074,0.197689
0,250,40.6599,44.0664,2.86537,-0.899323
0,250,41.3642,43.6411,2.7589,-1.01148
0,250,41.5257,44.2413,2.57949,-0.886794
0,250,41.8366,43.8557,2.75897,-0.892116
0,250,42.6197,44.2663,2.44338,-0.971837
0,250,43.1252,44.6593,2.55813,-1.18363
0,250,42.4316,45.2114,2.46213,-0.707571
0,250,42.2086,45.7261,2.06113,-0.509062
0,250,43.2518,46.547,1.8346,-0.994057
0,250,42.8559,46.8155,2.06559,-0.133567
0,250,42.25,46.1984,2.26206,-0.563534
0,250,41.9283,46.9982,2.11004,-0.41707
0,250,41.5504,45.217,2.35161,-0.42575
0,250,40.8578,45.788,2.35522,-0.549764
0,250,41.8229,46.4175,2.35279,-0.514293
0,250,40.9263,46.3381,2.6466,-0.655043
0,250,41.3183,45.7494,2.18118,-0.882078
0,250,39.8651,47.9323,2.72997,-0.169361
0,250,38.5426,47.9493,2.69788,-0.230822
0,250,36.1161,49.6179,2.34045,-0.0872666
0,250,39.8437,48.4878,2.39092,-0.0837797
0,250,35.2604,50.4063,2.08519,-0.317744
0,250,37.2907,47.9376,2.73598,-0.0153752
0,250,35.198,49.3437,2.50414,-0.3433
0,250,33.9094,51.4306,2.00074,0.246829
0,250,34.3249,49.9348,2.52066,-0.0319801
0,250,32.9518,50.0531,2.81272,-0.382367
0,250,33.0241,50.5443,2.53754,0.0292197
0,250,31.4408,52.0072,0.557953,-0.277997
0,250,29.9739,52.0026,1.12307,0.138807
0,250,6.21395,50.6057,1.12266,0.383064
0,250,6.17075,42.4117,-0.282435,1.74573
0,250,4.95688,51.6534,0.411993,-0.00100443
0,250,4.92745,50.8608,0.953023,0.0451956
0,250,10.2091,49.6188,2.10911,-0.164788
0,250,30.6544,41.3056,3.92401,0.646361
0,250,7.5169,42.2003,-0.697822,1.09746
0,250,2.55457,43.2832,-0.162838,1.64195
0,250,6.21832,51.1708,1.35877,-0.325811
0,250,8.35645,41.2742,-2.16393,0.841666
0,250,17.6506,41.0842,2.87654,3.36969
0,250,31.2824,41.5516,3.85566,0.619175
0,250,32.0445,41.9475,4.21098,0.598963
0,250,35.9148,41.7403,3.75038,-0.716471
0,250,38.573,43.1176,3.37579,-0.219708
0,250,37.6518,42.1125,3.57219,-0.0821651
0,250,39.2273,42.3872,3.11468,-0.364591
0,250,39.084,42.9107,3.40832,-0.624193
0,250,39.2999,43.3109,3.24056,-0.379156
0,250,39.555,43.721,3.1905,-0.436727
0,250,41.8349,43.3257,3.21728,-1.12734
0,250,43.0853,44.1157,2.71482,-1.56178
0,250,42.681,44.8061,2.45369,-0.892494
0,250,43.3985,45.5578,1.93461,-0.892613
0,250,42.7025,45.6722,2.05283,-0.342648
0,250,42.713,46.3237,2.28158,-0.254001
0,250,43.5177,46.1064,2.23565,-0.971694
0,250,43.376,47.0979,2.2776,-0.82301
0,250,43.7158,46.7058,1.77658,-0.718732
0,250,42.99,47.3476,2.43383,-0.539184
0,250,44.1219,48.0145,1.65339,-0.544647
0,250,43.6444,47.8639,1.81322,-0.445063
0,250,42.1198,47.5289,2.29003,-0.288937
0,250,41.4895,46.8481,2.19513,-0.403794
0,250,42.3253,46.7269,2.08298,-0.435266
0,250,40.6689,47.3924,2.73723,-0.343143
0,250,41.3789,46.3011,2.68436,-0.858646
0,250,40.2687,47.8305,2.56928,-0.267177
0,250,37.317,48.4996,2.44393,-0.135692
0,250,40.5477,46.8621,2.76192,-0.141624
0,250,38.9883,48.1172,2.50051,-0.292149
0,250,38.6023,48.5311,2.6914,-0.133288
0,250,35.9149,47.878,3.00363,-0.0142269
0,250,33.8536,49.7176,2.65021,-0.0654267
0,250,35.2508,49.8654,2.29822,-0.307238
0,250,34.3663,51.5263,1.92151,0.682347
0,250,34.8092,50.3036,2.3378,-0.297367
0,250,33.4651,50.2293,2.43179,0.170816
0,250,31.4975,50.5724,2.75358,0.0709629
0,250,30.9565,51.993,0.934612,0.22794
0,250,6.61472,50.8046,1.26895,0.124815
0,250,7.34851,49.5534,1.35873,0.688672
0,250,15.5055,49.6564,2.81442,0.349326
0,250,9.92809,50.0249,1.93314,0.461583
0,250,6.0552,49.7496,0.898307,0.688213
0,250,3.71238,50.8836,0.20055,0.56366
0,250,2.49104,45.7736,0.0387378,0.943122
0,250,4.91395,43.8523,0.131768,1.67913
0,250,4.69302,42.3287,0.799445,3.07574
0,250,25.3696,42.0552,4.28162,-0.787503
0,250,31.8258,41.5606,3.82359,0.77478
0,250,33.7765,41.8898,4.17954,-0.482523
0,250,37.2219,42.0329,3.8241,-0.670253
0,250,34.7113,41.7004,4.12733,-0.324346
0,250,34.3423,41.5322,4.41538,-0.392807
0,250,38.6787,42.6165,3.55928,-0.101374
0,250,39.7285,43.0398,3.18169,-0.49673
0,250,39.6159,42.5849,3.25282,-0.600051
0,250,40.0471,43.3378,3.43392,-0.865044
0,250,43.132,43.6055,2.84452,-1.44891
0,250,40.5468,43.5875,2.89697,-0.575486
0,250,43.5311,44.3121,2.91813,-1.13592
0,250,42.1885,44.1202,2.49439,-0.698909
0,250,42.9932,45.279,1.87816,-1.03953
0,250,43.8406,45.6481,1.9156,-0.832688
0,250,43.9732,46.2586,2.22995,-0.709755
0,250,43.0439,45.9861,2.11934,-0.677023
0,250,43.7312,47.3779,1.94319,-0.21855
0,250,44.8125,47.3875,1.34436,0.150309
0,250,44.296,49.1083,1.15379,0.118928
0,250,42.8614,48.1982,1.63051,-0.394578
0,250,43.9453,49.5986,1.21174,-0.35998
0,250,42.4867,47.2052,2.14449,-0.401714
0,250,41.6679,47.4667,2.21406,-0.482351
0,250,40.2438,48.5739,2.40433,0.0152843
0,250,41.0031,46.8595,2.65345,-0.616432
0,250,39.4271,48.241,2.50671,-0.269799
0,250,38.1633,48.3616,2.6416,0.069331
0,250,41.2034,47.3193,2.26213,0.0040464
0,250,36.8296,48.0626,2.50844,-0.296073
0,250,40.5515,48.1798,2.29763,0.133845
0,250,35.6721,49.495,2.39962,-0.125551
0,250,35.9963,48.4281,2.7204,-0.138231
0,250,35.2245,50.9445,2.19201,-0.424339
0,250,34.224,52.0304,1.1315,-0.0282185
0,250,33.9049,50.2679,2.39212,0.0506314
0,250,35.6856,50.6333,2.24032,-0.145514
0,250,34.3372,51.0058,2.31618,0.446389
0,250,33.3492,51.9747,1.27842,0.479684
0,250,32.6041,51.4644,2.77426,-0.117555
0,250,20.8357,43.3188,3.78384,1.3007
0,250,8.8321,51.106,1.53921,-0.119462
0,250,2.66217,50.8261,0.539155,0.0190769
0,250,5.32485,42.0239,1.73978,1.52045
0,250,8.57768,41.1193,-1.77297,1.09838
0,250,20.4376,42.6465,3.77121,1.86261
0,250,18.5718,41.5826,3.9033,2.4411
0,250,32.1546,40.4137,4.45962,1.47085
0,250,34.0675,40.7225,4.74949,-0.440825
0,250,32.0605,41.2512,3.95915,0.876902
0,250,37.6082,41.5311,4.39611,-0.372712
0,250,32.7459,40.8918,4.42997,0.124022
0,250,37.9966,41.6979,3.93423,-0.385865
0,250,37.2597,41.3156,4.18203,-0.0266158
0,250,38.4489,41.8867,3.57268,-0.357507
0,250,38.8334,42.1382,3.0587,-0.638101
0,250,40.0962,42.3921,3.19623,-0.651617
0,250,40.5279,42.1167,3.59612,-1.20638
0,250,40.2647,42.7969,3.515,-0.962984
0,250,41.0015,43.4337,2.8995,-1.2463
0,250,41.8084,42.7468,3.23121,-1.01542
0,250,43.4307,45.0038,2.00289,-0.962458
0,250,44.2795,45.8717,2.01595,-0.610888
0,250,44.2894,45.314,2.1178,-0.512328
0,250,44.8714,46.2775,2.28819,-1.27935
0,250,44.4409,46.417,2.45892,-1.0784
0,250,44.5864,46.9483,1.76354,-0.681807
0,250,45.2266,47.1943,1.17932,-0.897807
0,250,44.1315,46.8866,1.92588,-1.17886
0,250,44.3348,48.446,1.15944,-0.184212
0,250,44.7684,48.4286,1.52103,-0.315261
0,250,44.4967,47.7533,1.30888,-0.235842
0,250,45.511,48.2834,1.52104,-0.919462
0,250,45.2048,48.6219,1.87315,-0.698368
0,250,42.6674,47.7358,2.18216,-0.70401
0,250,43.221,47.8001,1.89128,-0.383506
0,250,40.9183,47.7769,2.21216,0.235037
0,250,43.7268,48.373,1.49011,-0.425149
0,250,42.6312,48.6184,1.83929,-0.100936
0,250,39.0594,48.6855,2.50938,-0.118863
0,250,42.1828,48.4982,1.72384,-0.415353
0,250,42.2711,48.0104,2.35452,-0.28856
0,250,39.8504,49.1652,1.94036,0.00833803
0,250,40.7268,48.7454,2.34871,0.210947
0,250,36.8582,48.5663,2.43886,-0.317369
0,250,36.3647,48.0672,2.70298,-0.0448506
0,250,36.4819,49.2492,2.41151,-0.0242515
0,250,34.3622,50.4731,2.26134,0.136334
0,250,33.4685,50.7892,2.67515,-0.00326557
0,250,32.8587,52.0153,0.944235,0.178523
0,250,23.5298,42.3054,4.78524,0.770456
0,250,17.2258,48.9189,2.6118,0.487363
0,250,21.1498,42.392,4.4669,1.67497
0,250,10.2178,50.4268,2.28622,-0.169812
0,250,9.29025,43.0498,-0.575989,1.42028
0,250,4.00336,42.3152,-1.12235,3.73687
0,250,13.9209,48.0402,2.37305,0.201282
0,250,7.45009,52.0638,1.27031,-1.12675
0,250,7.50909,41.48,-1.1644,0.492098
0,250,41.1015,34.5474,11.8576,5.29499
0,250,33.4028,39.8634,4.96474,0.032869
0,250,33.9379,41.3697,4.5756,-0.360531
0,250,38.313,41.2074,4.41052,-0.525024
0,250,38.7311,41.3122,4.33919,-1.23234
0,250,39.7887,42.0048,3.7686,-0.610671
0,250,41.0478,42.8137,3.50362,-1.32105
0,250,40.5909,43.0772,3.67677,-0.988718
0,250,41.4414,43.0489,3.65291,-0.798777
0,250,43.6327,43.7805,2.702,-1.12688
0,250,43.5524,43.2898,3.12937,-1.61773
0,250,42.3,43.5013,2.92532,-0.666954
0,250,44.0467,43.9841,2.53851,-1.03973
0,250,43.8945,44.5442,2.89838,-0.601108
0,250,44.74,45.7747,2.09949,-1.2622
0,250,45.5239,46.6194,1.63074,-1.01381
0,250,44.1729,47.3963,1.79198,-1.31936
0,250,45.3101,47.7983,1.49664,-1.0279
0,250,46.8953,48.531,0.774271,-0.459096
0,250,45.8385,47.87,1.5089,-1.05465
0,250,46.693,48.9711,0.944697,-0.416261
0,250,46.8725,49.4491,1.12967,-0.3289
0,250,47.2604,49.1857,0.903606,-0.993006
0,250,44.9329,47.9782,1.65624,0.0707491
0,250,45.9518,48.4542,1.2241,-0.962028
0,250,46.0292,49.0255,1.46846,-0.747372
0,250,44.4199,49.617,1.42004,-0.0892277
0,250,46.3464,49.3479,1.20229,0.0729154
0,250,45.6094,48.9185,1.75594,-0.308454
0,250,43.9614,48.7929,1.47741,-0.115302
0,250,41.0297,48.2992,2.26009,0.151619
0,250,40.7113,49.3282,2.04247,-0.154397
0,250,36.9167,49.0748,2.39174,-0.280476
0,250,36.4062,48.6602,2.55703,0.197627
0,250,36.9228,49.6059,2.04994,-0.209873
0,250,43.2519,48.4129,1.50211,-0.425034
0,250,34.8232,51.4217,1.76211,-0.223426
0,250,37.3417,50.8473,1.77303,-0.15396
0,250,35.169,52.062,1.59856,-0.351714
0,250,35.699,50.0537,2.11535,-0.0687495
0,250,32.9626,51.034,2.51351,-0.144427
0,250,9.09997,50.2025,1.82939,0.393439
0,250,5.80786,50.3329,1.41605,0.478613
0,250,5.9139,44.478,-0.0893082,1.8225
0,250,36.6017,39.7799,5.93519,-0.391877
0,250,14.9155,48.0805,2.35853,0.310326
0,250,16.4282,49.9285,2.69902,0.104586
0,250,8.98644,43.5466,-0.802595,1.44621
0,250,23.0086,42.814,4.08263,-0.0959454
0,250,26.7942,42.3892,3.94727,0.462016
0,250,31.2114,40.6739,3.81866,0.697452
0,250,35.0008,42.0445,3.8179,-0.44153
0,250,39.0037,41.6017,3.85245,-0.664124
0,250,39.4153,41.8296,3.40835,-0.506421
0,250,36.7075,41.2882,3.82614,-0.56985
0,250,39.9699,41.39,4.00744,-0.717361
0,250,39.2813,40.9081,4.56062,-0.548123
0,250,41.0771,41.8915,4.1021,-0.931566
0,250,40.7688,41.5815,4.23751,-1.42145
0,250,42.2504,42.4505,3.15873,-1.0677
0,250,44.1299,43.4542,3.17241,-1.18523
0,250,45.147,45.0736,2.13106,-1.8294
0,250,43.8742,45.0847,2.14319,-0.79012
0,250,45.0341,46.739,1.53379,-0.497753
0,250,45.8379,46.8904,1.34597,-0.910471
0,250,45.6356,47.3819,1.41505,-0.890545
0,250,46.7207,48.0508,1.14148,-0.516713
0,250,46.2888,48.0036,1.42138,-0.894841
0,250,48.1055,48.3078,1.05286,-1.39059
0,250,49.0674,47.2,1.26468,-1.56148
0,250,48.8298,47.8328,1.48155,-1.07186
0,250,47.6821,49.4461,0.427172,-0.595762
0,250,46.1578,49.9702,0.467646,-0.165596
0,250,47.7446,48.8909,1.00437,-1.01775
0,250,46.3289,50.4307,0.746448,-0.588631
0,250,46.3824,48.5856,0.886137,-0.481587
0,250,44.3603,50.1033,1.08323,-0.348783
0,250,42.9168,48.9682,1.50548,-0.10827
0,250,45.4824,49.5118,0.925645,-0.499007
0,250,41.7699,48.816,1.7284,-0.161033
0,250,45.8134,50.4071,0.393027,-0.115466
0,250,40.288,49.6414,2.02149,-0.115464
0,250,43.3887,48.8907,1.59822,-0.621988
0,250,40.3342,50.2502,1.79955,-0.382082
0,250,40.2813,49.0949,1.93276,-0.174039
0,250,39.5244,49.5063,2.03588,-0.0288857
0,250,36.5105,49.8649,2.06088,0.221022
0,250,36.5146,50.4621,1.99697,0.0644446
0,250,37.3203,51.4461,1.99098,-0.427001
0,250,36.1054,50.8215,2.11986,0.173482
0,250,31.9936,50.9871,2.38931,-0.0730926
0,250,6.49154,42.7214,0.081846,1.14999
0,250,2.50181,49.5359,0.0287703,1.01238
0,250,12.8364,47.0764,1.43775,0.475754
0,250,12.2167,50.7691,2.17989,0.249037
0,250,4.22567,42.8702,0.749911,1.89912
0,250,10.7849,40.9776,-1.01597,2.62025
0,250,6.3277,44.0371,-0.49772,1.45548
0,250,32.5909,41.768,4.11879,0.142931
0,250,38.8146,40.7773,4.30912,-0.939826
0,250,30.7163,40.8201,4.08379,0.554617
0,250,33.5557,41.2499,4.44735,-0.507066
0,250,34.8936,41.1323,4.18315,-0.747735
0,250,37.9999,40.9849,4.2448,-0.981014
0,250,40.2464,41.727,3.81297,-0.840996
0,250,40.8062,42.458,3.28362,-1.41734
0,250,41.4902,41.7004,3.7897,-0.71436
0,250,42.0594,41.1778,4.0463,-1.3678
0,250,42.2842,42.9813,3.47543,-1.08899
0,250,42.7051,42.5234,2.77614,-0.970357
0,250,44.313,44.7293,2.73352,-0.247438
0,250,45.5048,45.3888,2.05295,-1.07847
0,250,45.5558,44.7456,2.37878,-1.06145
0,250,46.2506,46.3486,1.88962,-0.594892
0,250,46.1394,47.4064,1.48621,-0.989929
0,250,47.3326,48.6951,0.936944,-0.814162
0,250,46.2837,46.8816,1.51549,-0.705799
0,250,47.7167,48.2305,0.840507,-1.1603
0,250,48.342,47.8314,0.848793,-0.421429
0,250,49.609,47.0696,1.18778,-1.04247
0,250,48.6029,48.3199,1.4264,-0.848219
0,250,46.604,49.8585,0.792096,-0.373137
0,250,45.1513,49.1592,1.39937,-1.21329
0,250,46.9501,51.0136,0.224127,0.65257
0,250,46.9199,50.1921,0.585193,-0.0446669
0,250,46.7081,50.6727,0.784533,-0.122449
0,250,41.1213,48.9442,2.28093,0.166906
0,250,43.0645,49.4399,1.64723,-0.342659
0,250,41.4456,48.499,2.36022,-0.278313
0,250,41.8099,48.1158,2.33385,-0.606434
0,250,41.4145,47.8894,2.15085,-0.144099
0,250,38.2198,48.9281,2.73661,0.0482025
0,250,37.3646,49.6154,1.90802,-0.0362867
0,250,38.6397,49.6557,1.87749,0.0231834
0,250,38.6699,49.084,2.35198,0.0523297
0,250,39.9147,49.8346,2.0166,-0.0433277
0,250,36.9405,50.7201,1.98175,-0.233015
0,250,39.49,48.8573,2.43665,-0.221407
0,250,36.0552,49.0292,2.48629,0.0182937
0,250,36.9428,50.1605,2.17362,-0.241341
0,250,33.7569,51.9527,1.47925,0.252106
0,250,9.91877,41.5842,-1.07909,1.66664
0,250,22.1161,42.3803,4.19621,1.05574
0,250,8.94619,51.5762,1.37286,-0.10732
0,250,7.47727,42.7197,-0.488742,1.4832
0,250,35.9489,37.9099,8.71484,6.80152
0,250,6.57512,42.1196,0.354041,1.28627
0,250,32.5808,41.3607,4.38775,0.118387
0,250,18.9402,41.2634,4.16265,2.98359
0,250,34.4402,40.9443,4.28325,-0.212807
0,250,33.1571,41.0401,4.77591,-0.371174
0,250,39.512,41.313,3.63193,-0.821482
0,250,39.3288,40.4246,4.45246,-0.855024
0,250,35.4576,41.8304,3.80933,-0.405633
0,250,41.0494,40.9418,4.20313,-1.28645
0,250,41.7458,42.2235,3.91912,-1.98926
0,250,42.7446,43.0888,3.15219,-1.41801
0,250,42.6768,43.7202,2.81932,-0.848421
0,250,44.4679,44.2023,2.51448,-0.577785
0,250,44.8825,44.0088,2.12593,-1.43153
0,250,45.2039,45.7463,2.52622,-1.69018
0,250,46.5547,47.4905,1.45555,-0.731013
0,250,45.3909,46.1686,1.45912,-0.883904
0,250,47.0681,47.6879,1.10166,-1.17024
0,250,47.2896,48.1329,0.545152,-0.832393
0,250,47.3996,47.1719,1.40335,-0.836277
0,250,48.6252,47.3425,1.34849,-0.323947
0,250,48.2687,47.0862,1.469,-0.604947
0,250,47.9826,47.5775,1.19162,-1.42651
0,250,49.2954,47.6371,0.699097,-0.846113
0,250,47.2659,49.7891,0.60951,-0.320013
0,250,48.1595,48.8163,0.629862,-1.27441
0,250,47.316,50.3961,0.466555,0.11905
0,250,47.8913,50.5344,0.11414,-0.100907
0,250,48.4633,49.1512,0.186983,-0.338347
0,250,46.9227,51.5509,0.230212,0.0529503
0,250,48.7711,48.7218,0.104385,-0.267343
0,250,45.8819,49.5944,1.15756,-0.851746
0,250,41.4993,49.2346,2.17191,0.139365
0,250,41.0902,49.5781,1.95191,0.0431019
0,250,45.0969,49.9428,0.362124,-0.861643
0,250,39.1071,49.2477,2.23356,-0.227367
0,250,40.2082,50.7449,1.75612,-0.341099
0,250,43.8228,50.9742,0.826795,0.167935
0,250,39.8396,50.3841,1.76815,-0.0387898
0,250,37.7518,50.4527,2.33312,-0.0269948
0,250,38.211,51.2288,1.3716,0.240181
0,250,37.7681,48.724,2.65616,0.23317
0,250,35.2424,51.5061,1.2757,-0.307006
0,250,37.3579,51.9807,0.906548,-0.382304
0,250,34.7096,51.9776,1.68946,0.499883
0,250,37.6371,40.0547,5.94816,-0.325731
0,250,32.9573,40.3853,4.41848,-0.172532
0,250,8.40599,42.3462,-1.00474,0.994414
0,250,15.2369,46.8543,1.75377,0.435188
0,250,37.8184,39.6294,7.13805,-0.131356
0,250,27.4114,41.3259,3.87575,-0.145227
0,250,36.0316,37.7284,8.71483,6.80153
0,250,27.2318,42.7163,3.63253,0.243052
0,250,4.32163,44.0868,-0.11374,1.41448
0,250,34.4974,36.8712,7.8585,7.15249
0,250,34.6023,40.1776,5.05042,-0.524638
0,250,41.7029,40.9025,3.54913,-1.62405
0,250,37.592,40.8381,4.11329,-0.140473
0,250,42.8392,42.0159,3.6565,-1.33367
0,250,42.2681,41.9622,3.68006,-1.29226
0,250,41.3546,42.3413,3.83393,-0.199987
0,250,44.5313,43.6275,2.84946,-1.22773
0,250,45.8795,45.6879,2.01406,-0.169567
0,250,44.7294,45.2598,2.32382,-0.739704
0,250,45.9083,45.0433,2.02485,-0.245093
0,250,46.5923,46.0728,1.37608,-1.68666
0,250,46.9399,47.1861,1.35498,-1.10595
0,250,45.8986,46.1489,1.91137,-0.878324
0,250,47.1651,45.6087,2.20993,-1.06293
0,250,47.2845,46.0739,1.38765,-0.849888
0,250,47.5933,47.6458,1.11082,-0.287729
0,250,48.6615,46.1061,0.267075,-0.746616
0,250,48.7473,46.7344,0.835587,-0.789319
0,250,48.0945,49.5055,0.214156,-0.752141
0,250,49.6204,48.158,0.518111,-0.767544
0,250,47.6802,50.0036,0.249355,-0.316965
0,250,49.2273,48.6871,0.195328,0.125948
0,250,50.1757,47.2726,0.706175,-1.45377
0,250,50.5755,47.0461,0.568232,-1.4659
0,250,48.919,49.2849,0.0187214,0.00527742
0,250,48.5216,49.7273,-0.150601,-0.193384
0,250,49.8091,50.0493,-0.32324,-0.0262459
0,250,49.6479,48.8055,0.152842,-0.505599
0,250,45.8123,50.8659,0.163067,-0.403821
0,250,45.5226,50.0939,1.02261,-1.32812
0,250,46.4906,51.3786,-0.00192042,-0.506516
0,250,44.8544,49.5438,1.38945,-1.35103
0,250,43.9954,50.4952,1.11213,0.0469485
0,250,38.7128,52.0049,1.41682,0.120534
0,250,38.5961,50.2107,2.07883,0.102241
0,250,35.6783,51.1847,1.97418,-0.29357
0,250,37.764,49.8532,1.86282,-0.0217632
0,250,36.5186,51.0391,2.13661,0.039578
0,250,36.4734,52.0131,1.00782,-0.171864
0,250,35.622,51.8119,1.54501,-0.415976
0,250,17.3352,48.0232,2.47998,0.449345
0,250,4.70424,51.2667,0.443734,-0.0410886
0,250,27.8924,40.954,3.48733,0.154403
0,250,17.4618,49.3585,2.54911,0.223997
0,250,7.78776,41.4141,-1.16405,-0.0770376
0,250,6.92666,42.9221,0.287623,1.37302
0,250,10.7388,42.774,-0.729405,1.70824
0,250,20.3476,42.0838,4.26316,2.2675
0,250,33.6546,39.5864,5.03626,-0.306233
0,250,37.04,40.8714,4.71317,-0.047665
0,250,39.7582,40.3523,4.35925,-1.09698
0,250,35.235,40.4115,4.77487,-0.727207
0,250,39.9048,39.8238,5.11559,-1.07939
0,250,43.931,42.9697,3.18092,-1.28105
0,250,44.7664,44.6874,2.67874,-1.29496
0,250,45.1674,44.456,2.7713,-1.80047
0,250,46.2633,45.5061,1.83309,-1.53641
0,250,46.313,44.9011,2.33321,-1.03278
0,250,46.0927,44.3885,1.93138,-0.579535
0,250,46.7106,46.7817,1.52517,-0.963238
0,250,46.9632,46.4035,1.39678,-1.14489
0,250,46.515,44.3543,1.84057,-1.10747
0,250,47.7956,46.4466,1.52784,-1.26239
0,250,48.3401,46.5514,0.281459,-0.265506
0,250,50.2167,45.7606,0.772772,-1.70753
0,250,49.2359,46.7237,0.848029,-1.4663
0,250,49.0745,46.2281,0.204798,-0.96483
0,250,50.625,46.0864,0.379902,-1.21311
0,250,49.9641,46.784,0.76991,-1.48837
0,250,49.6097,46.3805,0.782115,-1.15796
0,250,51.4919,45.3247,0.589438,-0.479081
0,250,51.091,45.2606,0.769035,-1.72904
0,250,49.1769,48.1818,0.973467,-0.0653744
0,250,50.0867,47.8909,0.106742,-1.22927
0,250,49.3227,49.2776,0.049699,-0.120332
0,250,51.2855,49.6204,0.12056,-0.218224
0,250,50.449,48.7787,-0.0626055,-0.66112
0,250,48.9418,49.8766,-0.414896,0.128276
0,250,49.7549,49.4479,-0.169788,0.0451053
0,250,44.4222,50.723,0.869799,-0.329452
0,250,42.22,49.0359,1.77661,-0.630378
0,250,47.9288,51.087,-0.104612,0.0578467
0,250,44.6972,48.954,1.1107,-0.789426
0,250,39.7498,50.9853,1.78192,-0.240125
0,250,45.3108,50.9512,-0.0145882,-0.15944
0,250,40.7113,49.9475,2.13675,-0.308695
0,250,37.3773,49.0559,2.29376,-0.252982
0,250,37.8104,49.2944,2.19326,-0.285047
0,250,37.3615,50.2227,2.12181,0.126225
0,250,35.9572,52.0332,1.78104,-0.384003
0,250,8.41512,50.8665,1.63109,-0.20253
0,250,10.8941,41.7993,-1.28607,1.84072
0,250,2.97355,48.8799,0.22269,0.8672
0,250,7.97239,42.8399,-0.434877,1.25837
0,250,22.226,41.6082,5.47481,1.44804
0,250,27.3594,42.2744,3.65512,-0.0423204
0,250,13.4293,50.731,2.02332,0.151936
0,250,24.6566,41.8251,5.79457,-2.51112
0,250,35.2424,41.3941,3.9292,-0.817503
0,250,32.5368,40.391,4.58783,0.935686
0,250,39.8237,40.8491,4.17058,-1.21394
0,250,40.5921,41.1772,4.12968,-0.915664
0,250,42.5474,41.0873,3.36797,-1.98505
0,250,45.3839,43.906,2.37668,-1.92836
0,250,45.1535,43.4958,2.67284,-1.77998
0,250,45.7028,44.2306,2.11757,-1.25546
0,250,46.7156,45.0915,2.26406,-0.842447
0,250,46.382,43.7645,2.00935,-0.837116
0,250,46.0173,43.7165,2.16394,-1.11027
0,250,46.8506,43.7187,1.93589,-1.07026
0,250,46.8169,43.2407,2.17215,-1.13768
0,250,46.9103,44.3071,2.16889,-1.5145
0,250,47.3906,46.6645,1.22889,-1.15843
0,250,50.0311,46.1937,1.23232,-1.37298
0,250,49.4889,45.8908,1.22723,-0.308251
0,250,47.8454,46.9672,0.670625,-0.990374
0,250,49.8154,44.8089,0.205581,-1.79557
0,250,48.2013,45.5471,1.99177,-1.96565
0,250,51.028,45.8424,0.534457,-1.32807
0,250,51.4415,45.9248,0.340951,-0.872936
0,250,50.4013,46.5619,0.919503,-1.23898
0,250,50.8894,46.5521,0.894122,-0.845874
0,250,51.1758,47.0065,0.262938,-0.119786
0,250,49.7416,47.559,0.459952,-1.21491
0,250,49.366,49.853,-0.312107,-0.0327418
0,250,50.4681,48.2577,-0.13408,-0.867597
0,250,49.9925,48.4457,0.222416,-0.511124
0,250,51.3649,50.4725,0.157125,-0.200414
0,250,47.4683,50.8129,0.138398,0.0980877
0,250,48.5535,50.3276,-0.504344,0.261409
0,250,47.3711,51.3036,0.537898,0.264485
0,250,51.6906,48.8253,0.0749797,-0.615794
0,250,48.1367,50.0881,-0.083991,-0.217785
0,250,42.5467,49.3561,1.7065,-0.317495
0,250,39.4591,50.0921,1.70774,-0.198234
0,250,43.8076,50.0768,1.54491,-0.187341
0,250,38.2384,49.4933,1.81715,0.138897
0,250,36.9411,51.3225,1.94379,0.336151
0,250,36.1088,50.2254,2.06764,0.0412924
0,250,34.7901,50.8611,2.09761,-0.215317
0,250,9.16391,50.7424,2.08083,0.37874
0,250,14.2363,47.386,2.34837,0.471718
0,250,5.17922,49.6737,0.478285,0.810428
0,250,10.4252,41.0365,-1.26665,2.15247
0,250,39.1715,38.7896,6.71772,-1.80886
0,250,7.41191,43.7652,-0.387636,1.644
0,250,27.1415,41.0751,3.28788,0.0913109
0,250,37.0108,39.7089,6.12708,-0.265763
0,250,41.9564,41.6196,4.01268,-1.26522
0,250,43.1452,43.0226,3.44031,-2.11323
0,250,41.3628,41.2439,4.16847,-1.14745
0,250,41.7836,39.2295,5.32455,-2.67554
0,250,44.4393,42.9505,3.26804,-1.69557
0,250,42.5853,41.5849,3.74605,-1.26136
0,250,45.4434,42.9838,3.11052,-1.84948
0,250,42.6891,40.3135,3.67476,-1.75778
0,250,45.4418,42.4505,3.07153,-2.10274
0,250,46.3559,43.1677,2.45025,-1.18144
0,250,45.0199,42.6895,3.102,-2.08508
0,250,47.348,45.1986,1.60891,-1.39677
0,250,47.0324,44.8147,1.88867,-1.59345
0,250,46.6974,45.6361,1.9813,-1.06227
0,250,47.7043,45.8918,1.4804,-1.48056
0,250,45.9766,42.9627,2.47451,-1.65581
0,250,49.8013,45.5297,0.821663,-1.26292
0,250,50.134,45.147,0.130936,-1.42786
0,250,50.6318,45.5058,1.08181,-1.26034
0,250,51.2977,46.4345,-0.00366163,-1.04099
0,250,50.8884,44.6128,0.00859173,-1.02872
0,250,51.3248,44.7263,0.168778,-1.35524
0,250,50.5193,47.666,-0.0872587,-0.880524
0,250,50.9379,47.3933,-0.0767427,-0.312079
0,250,50.8904,48.6928,-0.012744,-0.513211
0,250,51.7583,46.4612,0.00747089,-0.00757064
0,250,51.2541,48.4219,-0.165518,-0.465061
0,250,50.8791,48.0511,-0.248167,-0.62538
0,250,50.6227,49.8917,0.0683162,-0.803022
0,250,51.9994,50.9599,-0.0016453,0.35786
0,250,42.9676,50.0376,1.24684,-0.298379
0,250,50.0566,49.0611,-0.0675694,-0.436635
0,250,44.8005,50.9322,0.928061,-0.738012
0,250,42.0847,50.4606,1.3159,0.339733
0,250,44.7506,50.2894,1.15053,-0.321266
0,250,40.7473,50.5425,1.76694,-0.377138
0,250,42.0694,49.9162,1.6143,0.0780073
0,250,45.187,50.5334,1.46733,-1.24867
0,250,37.8034,51.5256,1.78903,0.260549
0,250,39.0739,49.7943,1.83334,-0.199868
0,250,38.2886,51.9209,1.2803,0.296299
0,250,36.9418,51.9638,1.16902,0.434181
0,250,13.429,46.7761,1.34283,0.609962
0,250,3.59797,47.8172,0.0594807,1.14781
0,250,8.96449,41.8056,-1.40187,1.58216
0,250,16.4716,47.3951,2.33552,0.726941
0,250,2.60458,51.6662,-0.323964,-0.099529
0,250,19.294,41.6886,3.98976,2.71454
0,250,34.2712,40.1123,5.59928,-0.63353
0,250,39.3211,39.9013,5.84283,-1.20101
0,250,44.8279,43.1789,2.81471,-1.51837
0,250,34.788,40.6308,4.4313,-0.600343
0,250,41.9411,39.7354,3.79328,-1.77711
0,250,35.4308,40.8698,4.40559,-0.59276
0,250,42.0976,40.2483,4.04959,-1.50645
0,250,40.2852,40.8857,3.6705,-1.09769
0,250,36.2533,41.3295,4.18812,-0.662399
0,250,43.1828,42.4475,3.25517,-1.42044
0,250,47.2582,43.8533,2.18503,-1.49581
0,250,47.0985,42.7181,1.53116,-2.43671
0,250,41.6142,40.4558,4.38925,-0.932413
0,250,43.3154,38.7053,2.89243,-2.2852
0,250,44.6646,42.3955,3.32509,-1.60269
0,250,48.514,45.0636,1.33582,-1.53248
0,250,45.6807,43.4064,2.72765,-1.87499
0,250,47.7877,45.3858,1.66416,-1.15956
0,250,49.1165,45.6232,1.53871,-0.686256
0,250,47.4117,44.3783,2.24038,-1.38121
0,250,50.6143,45.0161,0.00956142,-0.998903
0,250,51.6182,44.128,-0.402339,-1.21992
0,250,47.3167,43.1377,1.53018,-2.10515
0,250,51.63,47.0084,-0.465959,-0.538248
0,250,51.2075,44.1828,-0.925642,-1.64671
0,250,50.307,43.8352,0.812607,-2.48721
0,250,51.6492,50.1401,0.660772,-0.172951
0,250,51.3161,43.5913,0.649377,-1.38272
0,250,48.6648,45.5891,1.83051,-1.22354
0,250,51.6209,47.5008,0.0478118,-0.186983
0,250,49.9978,50.506,0.162743,-0.432028
0,250,50.4098,50.3167,0.22123,-0.603635
0,250,48.3317,50.7762,-0.00599587,0.437939
0,250,43.386,49.7257,1.38956,-0.0414765
0,250,41.5295,49.7836,2.0523,-0.163213
0,250,50.1614,49.7285,-0.165588,-0.235702
0,250,41.7065,50.8603,1.27545,0.512566
0,250,39.0096,51.4717,1.38206,0.102903
0,250,38.6056,50.7951,1.93662,0.499877
0,250,41.1232,50.1835,2.04145,0.0586197
0,250,41.9548,49.4585,2.25387,-0.266261
0,250,43.6689,49.2418,1.06559,-0.248198
0,250,39.1896,52.0176,1.42452,0.0486523
0,250,36.0373,51.4247,1.53069,0.157104
0,250,11.7508,51.1709,1.34895,0.304333
0,250,12.1884,47.0397,1.32236,0.629937
0,250,14.5505,50.6929,2.20894,0.408682
0,250,28.4468,41.9764,3.64241,0.126345
0,250,15.4629,50.1844,2.05534,0.464678
0,250,44.7507,37.6453,7.39994,-2.3844
0,250,26.2436,42.4313,3.56568,-0.157915
0,250,29.7087,41.3692,3.75466,0.234318
0,250,6.8948,43.8747,-0.417024,1.51005
0,250,33.8912,39.9709,4.5432,-0.745518
0,250,42.2607,40.625,3.4953,-1.32531
0,250,19.4953,42.2467,3.70346,1.7281
0,250,42.9023,40.7446,3.23976,-1.70863
0,250,40.9257,40.1199,4.3105,-1.48265
0,250,35.0676,39.8379,6.0685,-0.773149
0,250,46.1195,41.9592,2.7023,-2.0693
0,250,40.8476,39.6831,4.94916,-1.6026
0,250,47.0464,42.2192,1.84127,-2.40346
0,250,43.2912,40.573,3.72146,-2.04022
0,250,46.6055,42.7124,1.84315,-1.54469
0,250,48.1079,44.408,1.95339,-2.23789
0,250,47.5857,43.4681,1.54131,-2.05606
0,250,49.4771,45.1682,0.712169,-1.26448
0,250,46.3912,42.3378,2.78167,-2.0932
0,250,48.0856,44.9067,1.57504,-1.90622
0,250,47.7688,44.0384,2.03238,-1.79877
0,250,49.2558,44.6518,0.621394,-1.89732
0,250,49.0038,45.0901,1.28783,-1.16667
0,250,46.779,41.9136,2.34225,-2.6681
0,250,48.6766,44.6041,1.67312,-1.64125
0,250,50.3226,44.5791,0.41955,-1.52786
0,250,50.1779,43.2283,0.915325,-2.71116
0,250,52.0897,45.2847,-0.413655,-1.5533
0,250,48.1594,46.0845,1.25615,-1.6044
0,250,51.7084,49.4934,0.278791,-0.399689
0,250,50.4931,49.3441,-0.0980285,-0.691767
0,250,52.0808,46.8595,0.234109,-0.517425
0,250,51.8615,45.6898,0.704953,-0.398309
0,250,45.7461,51.3496,0.243118,-0.702101
0,250,49.4374,50.4176,-0.327673,0.139715
0,250,52.0278,48.0405,0.301059,-0.845206
0,250,48.7124,51.0032,0.386047,-0.120927
0,250,51.5528,50.9027,-0.196206,-0.542163
0,250,42.9532,50.6116,1.38667,-0.568079
0,250,40.4558,51.1121,1.29393,-0.1014
0,250,41.2825,50.677,1.65933,0.252405
0,250,40.3663,51.598,1.13793,-0.191298
0,250,41.6401,50.2697,1.68567,0.0530479
0,250,38.1673,50.0735,1.94366,0.0951082
0,250,37.8584,52.0028,0.897857,0.279462
0,250,16.0561,48.3559,2.34223,0.382662
0,250,15.811,47.0512,2.20535,0.60282
0,250,10.9999,50.7829,1.93585,0.0591991
0,250,8.39913,42.9549,-0.706957,1.50802
0,250,20.7592,42.1918,4.55108,1.69602
0,250,40.7347,36.1755,11.6861,5.66151
0,250,11.9006,41.2655,-0.699582,2.21964
0,250,13.1946,41.2505,-0.539379,3.19933
0,250,16.7989,41.1447,1.9841,3.57837
0,250,27.0833,41.9063,4.13045,0.205138
0,250,42.4715,39.787,3.91001,-1.8939
0,250,26.7478,41.6823,4.15692,-0.159957
0,250,19.4997,41.2671,4.29715,3.04003
0,250,27.8292,42.1247,3.87495,-0.0732519
0,250,19.7843,41.8891,4.51957,2.12787
0,250,46.4599,41.5494,2.39658,-2.60032
0,250,34.9718,39.5198,6.06224,-1.2393
0,250,51.3905,29.4951,-15.2057,-0.331813
0,250,43.0243,41.3014,3.27988,-1.62076
0,250,47.6503,44.7662,1.94163,-1.41179
0,250,42.631,38.935,4.56043,-2.62189
0,250,45.9111,42.4894,2.81892,-2.26623
0,250,47.4995,42.0621,2.05528,-2.59119
0,250,46.3241,40.0216,3.65996,-3.04039
0,250,47.9664,43.1894,1.23431,-2.4319
0,250,49.2779,42.2404,1.74117,-3.4113
0,250,47.5925,42.6062,1.52161,-2.42378
0,250,48.5604,43.5614,1.4256,-2.56195
0,250,49.9638,44.2936,0.898027,-1.74099
0,250,47.9551,42.6695,1.60251,-2.78922
0,250,50.6594,42.8076,0.701506,-3.45672
0,250,51.0346,43.0654,0.336009,-1.68506
0,250,51.326,41.9888,0.0848663,-2.40909
0,250,51.4338,42.8166,0.337503,-2.03829
0,250,51.1384,42.4236,1.12842,-1.68602
0,250,48.956,44.1992,1.05962,-2.40131
0,250,52.0409,51.4632,-0.230985,0.0821607
0,250,50.9003,43.7306,0.152937,-2.20899
0,250,50.5998,50.8931,-0.0425107,-0.541339
0,250,48.154,51.4409,0.351651,-0.135317
0,250,51.2698,47.775,-0.136708,-0.189299
0,250,45.3277,51.5335,0.354874,0.0247703
0,250,42.5477,49.8206,1.41367,-0.234903
0,250,43.4235,50.8057,1.10419,-0.350276
0,250,41.1008,51.9651,0.773103,0.388398
0,250,42.1282,51.0222,1.56167,0.0986659
0,250,48.9841,50.4349,-0.297701,0.0198826
0,250,39.4026,50.693,1.68982,-0.21097
0,250,43.841,51.5242,1.1119,0.0836768
0,250,36.4816,51.5514,1.93879,-0.448283
0,250,5.64683,41.7862,1.48934,0.595168
0,250,12.9376,45.961,0.835849,0.954291
0,250,16.4078,49.4001,2.2729,0.279747
0,250,35.8586,39.5783,5.96782,-0.175415
0,250,9.49829,41.0201,-1.5165,2.13891
0,250,28.575,40.8108,3.57308,-0.056341
0,250,11.5571,41.1656,-0.706431,2.1437
0,250,36.0141,34.6952,10.6364,6.66739
0,250,34.7061,36.7018,7.85851,7.15248
0,250,6.05216,43.7502,-0.127548,1.2249
0,250,22.1951,43.4459,4.1594,1.11253
0,250,10.075,41.1606,-1.43868,1.64496
0,250,34.8741,39.098,5.51979,-0.962102
0,250,9.92511,42.8813,-0.769656,1.55177
0,250,29.2123,41.0973,3.3321,0.175498
0,250,36.4135,40.3189,4.81868,-0.449554
0,250,38.1708,39.5705,6.95689,-0.876302
0,250,42.91,39.9162,3.63706,-1.82651
0,250,45.9483,41.4262,2.71298,-2.09239
0,250,46.4237,41.0608,3.04127,-2.64776
0,250,46.9581,41.3965,2.33028,-2.76039
0,250,47.7974,41.3786,2.48695,-2.81714
0,250,47.3791,41.5644,2.2196,-2.80147
0,250,48.423,43.0964,1.19845,-2.26908
0,250,50.2348,41.9391,1.19875,-3.21746
0,250,49.6692,43.2683,1.42069,-2.46956
0,250,49.4757,42.6648,0.850596,-2.2669
0,250,50.2889,42.4853,1.33399,-3.0864
0,250,49.8223,42.219,1.27862,-2.64978
0,250,49.2206,43.1318,1.31854,-2.43012
0,250,49.8754,43.7467,0.995668,-1.85173
0,250,50.7194,42.2376,1.55406,-3.36461
0,250,51.4277,38.4368,1.99012,-6.1017
0,250,48.9716,43.6446,1.57926,-2.8014
0,250,48.4692,44.1249,1.63852,-2.17598
0,250,52.0442,48.609,-0.0848031,-0.959735
0,250,51.3087,49.029,0.0804111,-0.405558
0,250,52.0438,44.581,0.294924,-1.34744
0,250,46.3459,52.0377,0.186974,-0.365733
0,250,51.9922,44.0229,-0.440559,-1.02596
0,250,49.1013,51.5002,0.0655597,-0.189429
0,250,49.3866,43.7619,1.31391,-2.37864
0,250,47.6172,51.6543,0.0872599,0.531311
0,250,43.3856,50.3067,1.45325,-0.419663
0,250,42.4907,52.0219,0.774055,-0.252515
0,250,41.5328,51.9887,0.867252,0.0365723
0,250,39.434,51.4075,1.44513,-0.31661
0,250,40.89,51.5557,1.12552,-0.0776574
0,250,38.1931,50.6375,2.40546,0.0921632
0,250,37.7653,51.0076,1.77613,-0.350461
0,250,10.38,41.6286,-0.798399,1.35417
0,250,14.7501,47.0962,1.94117,0.192126
0,250,9.83455,50.778,1.7778,-0.0864778
0,250,22.8444,41.4952,5.24423,1.53903
0,250,16.2458,48.8748,2.34425,0.102842
0,250,11.1024,41.0451,-1.01346,2.3332
0,250,28.7686,41.3228,3.26534,0.195595
0,250,26.3843,42.0104,3.9109,-0.0661155
0,250,35.4872,40.093,4.72126,-1.05183
0,250,12.4023,42.1215,-0.760062,2.60604
0,250,29.5521,40.7971,3.67217,0.141675
0,250,6.59896,43.5125,-0.521934,1.22782
0,250,42.5446,38.2445,4.25326,-4.00667
0,250,45.8231,40.4957,2.95512,-2.20647
0,250,46.7084,40.307,3.25589,-2.84171
0,250,43.3175,37.7472,3.29677,-4.4226
0,250,45.9265,39.9329,3.88596,-2.4507
0,250,40.4394,40.4244,4.73504,-1.21922
0,250,48.8848,42.9158,1.22551,-3.20962
0,250,42.9499,38.6714,3.01081,-3.18094
0,250,34.2017,39.2527,5.85541,-0.185161
0,250,47.9073,41.9651,1.69765,-2.9371
0,250,49.9405,41.4963,1.33065,-3.55832
0,250,46.8478,40.8346,2.65524,-2.87274
0,250,43.5835,40.2924,3.58867,-1.6099
0,250,50.4918,41.5296,0.79379,-3.5471
0,250,51.2068,40.6584,0.3059,-3.44163
0,250,50.8623,40.4229,0.843456,-5.21668
0,250,49.5865,41.7751,1.72743,-2.83058
0,250,48.8693,42.3765,1.79154,-3.06482
0,250,50.4531,40.4087,1.19694,-4.8164
0,250,51.1499,39.792,1.73127,-5.38578
0,250,51.5058,39.3002,0.475174,-5.8921
0,250,48.1002,43.7214,1.60172,-2.64036
0,250,49.4913,44.2664,0.912806,-1.89578
0,250,50.5983,43.3326,0.868724,-2.8473
0,250,52.0842,40.2552,-0.458177,-1.67371
0,250,49.94,42.8024,1.08917,-2.99942
0,250,50.8861,41.7531,0.44008,-3.64196
0,250,51.0178,41.2606,0.441053,-3.78078
0,250,51.4091,41.2078,0.467288,-3.21575
0,250,52.0535,46.1349,-0.288076,-0.334701
0,250,46.8293,51.9811,-0.0935654,-0.214395
0,250,52.0069,43.524,0.089867,-1.05017
0,250,50.905,49.2886,0.126444,-0.491231
0,250,51.6267,48.1653,0.0250715,-0.508463
0,250,40.5908,52.0447,0.917539,-0.125695
0,250,40.9254,51.0284,1.25823,-0.239348
0,250,40.0429,52.0212,1.30894,0.267956
0,250,39.6182,51.9188,1.02976,0.00562443
0,250,17.4262,49.8607,2.6025,0.559808
0,250,13.5057,48.3549,1.97852,0.225054
0,250,40.2364,38.7957,7.75363,-2.13264
0,250,3.11685,51.6192,-0.210396,0.0211957
0,250,23.9352,41.8364,4.98821,0.303078
0,250,39.4954,38.7996,7.41318,-3.41716
0,250,28.874,40.7427,3.3841,0.266048
0,250,21.633,42.5369,4.20087,1.55626
0,250,3.80471,41.9474,-0.365968,1.82215
0,250,9.2328,42.29,-0.714835,1.65069
0,250,44.549,37.5914,7.2257,-1.62141
0,250,9.01418,41.164,-1.94294,1.32514
0,250,40.1129,37.9817,9.49716,-5.06836
0,250,11.838,42.1546,-0.635387,2.21909
0,250,12.9316,41.6977,-0.674684,2.87363
0,250,12.0496,42.6315,-0.511924,2.18882
0,250,8.83651,42.4492,-0.920762,1.66961
0,250,4.07948,44.5997,-0.30602,1.39497
0,250,37.5775,40.415,5.00803,-0.657416
0,250,32.1433,40.8295,3.82937,1.10524
0,250,48.3166,42.0791,1.83533,-2.36522
0,250,47.3172,40.9952,2.72276,-2.84634
0,250,49.1183,41.6728,1.38194,-3.30022
0,250,46.9354,39.85,3.71453,-3.05379
0,250,48.6969,41.8125,1.57037,-3.13948
0,250,50.2087,41.0423,1.26219,-4.03591
0,250,50.3251,39.8423,1.283,-5.00678
0,250,49.4222,38.7851,2.7282,-4.77418
0,250,50.7779,39.7866,1.16375,-5.08514
0,250,52.096,42.974,-0.330695,-1.49331
0,250,51.8339,41.2045,0.545586,-1.95332
0,250,51.4797,40.0436,0.438167,-4.54105
0,250,50.5916,38.7938,1.64045,-6.30023
0,250,51.7357,38.6311,0.894968,-6.04782
0,250,49.0217,38.7102,2.32177,-4.52457
0,250,51.611,40.5114,-0.00159713,-3.98944
0,250,50.6304,44.1592,0.158439,-1.56592
0,250,51.0974,38.459,1.72588,-6.38737
0,250,52.034,49.8855,0.0798783,-0.168074
0,250,50.1363,50.9949,0.133095,-0.107995
0,250,52.0218,52.0125,-0.0953497,0.418145
0,250,51.7529,44.8542,-0.2249,-1.54962
0,250,50.8687,50.5123,0.181747,-0.457778
0,250,48.6059,51.4858,-0.00640266,0.226048
0,250,51.0665,50.0069,0.20352,-0.332716
0,250,49.3101,51.9855,-0.109821,-0.271372
0,250,41.3457,51.31,0.944853,0.451013
0,250,48.8263,52.0027,0.023439,0.245526
0,250,39.0149,50.363,1.84394,-0.164002
0,250,38.5614,51.4366,1.29637,0.614995
0,250,12.8899,46.6628,1.29529,0.686744
0,250,30.3734,40.8244,3.7333,0.639919
0,250,11.7224,49.9178,2.18312,0.46748
0,250,12.3816,41.2082,-0.705399,2.29385
0,250,40.2756,40.109,4.74804,-2.01333
0,250,41.1,34.9137,11.9068,5.29476
0,250,10.5191,51.224,1.16841,0.360484
0,250,9.97522,42.2102,-0.746608,1.65663
0,250,21.5368,42.0111,5.33521,1.94526
0,250,23.0516,42.2648,4.83693,1.22772
0,250,28.085,42.4743,3.88592,0.453586
0,250,12.7295,41.2218,-0.676548,2.8146
0,250,6.31154,43.1741,-0.377147,1.55573
0,250,38.2057,40.1116,5.74546,-0.3871
0,250,47.1897,40.4214,2.64847,-2.80718
0,250,35.8937,40.644,4.37025,-0.854682
0,250,48.4375,42.5653,1.81671,-2.29983
0,250,47.7137,40.784,2.44851,-2.96344
0,250,49.6341,41.0868,1.54919,-3.55507
0,250,49.2076,41.1858,1.86079,-3.30552
0,250,49.981,40.6186,0.93596,-3.72968
0,250,48.1686,39.0118,2.78092,-4.6452
0,250,47.0214,39.2372,4.26952,-3.03376
0,250,47.7593,39.5165,3.85935,-4.30972
0,250,47.6854,38.6093,3.46857,-4.98268
0,250,48.2509,41.4634,2.29641,-2.72639
0,250,49.5183,40.5773,1.77339,-4.12192
0,250,50.4278,37.9839,1.68063,-6.26329
0,250,49.3888,37.9879,2.17449,-4.64854
0,250,52.0081,40.8051,-0.179836,-2.34507
0,250,48.0282,40.3136,2.03036,-3.4393
0,250,49.5152,39.9454,1.69551,-4.7034
0,250,41.505,40.0341,4.13169,-2.13341
0,250,52.0636,41.6728,-0.487457,-2.06926
0,250,49.5637,39.2189,2.46931,-5.19537
0,250,44.1525,41.0771,2.90303,-1.78629
0,250,50.8072,39.2091,1.5077,-5.69071
0,250,51.2273,39.0586,1.5689,-5.66499
0,250,48.5457,38.0257,3.39249,-5.12497
0,250,52.0528,42.278,0.190675,-2.01809
0,250,51.5882,51.8723,-0.0907055,-0.509975
0,250,50.5009,51.426,-0.090652,-0.115299
0,250,43.8142,52.0018,0.538443,0.0545734
0,250,46.2677,50.9913,0.635929,-0.828153
0,250,42.6681,51.4527,1.40795,-0.212888
0,250,44.2386,51.2135,1.02982,-0.288151
0,250,51.519,51.4145,-0.159885,-0.587092
0,250,43.0572,51.1819,1.35644,-0.0128575
0,250,42.5731,50.9188,1.67487,-0.329218
0,250,39.0124,50.9558,1.79815,0.284531
0,250,24.9608,42.1072,4.20004,-1.27487
0,250,3.55595,49.6567,0.463338,0.605504
0,250,21.975,41.9122,4.94925,1.23954
0,250,5.20553,52.0476,0.867295,-0.0508477
0,250,51.9755,39.3631,0.186276,-3.33308
0,250,27.6333,41.6668,3.84099,-0.148938
0,250,9.57272,42.6503,-0.862614,1.34644
0,250,23.4175,41.2187,4.63975,1.06016
0,250,9.61212,41.9809,-0.870472,1.85877
0,250,29.9782,40.9483,3.79431,0.176397
0,250,43.024,39.4011,4.13364,-1.45493
0,250,45.3683,37.8085,6.83346,-3.13629
0,250,46.275,40.6146,3.02876,-2.7475
0,250,48.1557,40.9321,2.32523,-3.02449
0,250,50.677,38.2609,1.4115,-6.2628
0,250,49.9604,40.0841,1.32596,-4.50793
0,250,52.082,38.7902,0.64162,-4.09961
0,250,44.0655,40.4602,3.36622,-1.73877
0,250,44.5032,40.5573,3.36297,-2.04091
0,250,43.4557,41.2706,3.29825,-2.27919
0,250,7.97281,42.281,-1.2795,1.63321
0,250,46.1772,38.1071,4.92598,-2.46992
0,250,49.1563,40.2569,1.94899,-4.02343
0,250,48.2954,38.1286,3.27578,-4.86128
0,250,20.3198,41.5827,4.59132,2.20659
0,250,43.3841,39.8038,3.6286,-1.82839
0,250,45.645,39.4399,4.20816,-2.14543
0,250,44.995,40.7234,3.1577,-1.88867
0,250,45.3572,39.8631,3.54379,-2.17436
0,250,47.5176,39.1594,3.68959,-3.28778
0,250,45.3084,38.6544,4.68346,-2.51725
0,250,45.2556,39.2779,4.44418,-2.18709
0,250,48.8346,38.2811,3.3644,-5.00876
0,250,43.7405,40.8563,3.48904,-1.70275
0,250,50.1382,38.1693,1.66861,-6.47656
0,250,46.5841,37.7343,5.80941,-4.20982
0,250,47.242,38.7398,3.85649,-4.41192
0,250,44.3082,39.4897,3.53484,-2.43328
0,250,50.6501,40.9387,1.11966,-4.65543
0,250,51.7719,42.5346,0.876356,-2.28192
0,250,52.0615,50.4502,0.229476,0.354465
0,250,50.3208,39.2985,1.92138,-5.29326
0,250,49.6396,50.9085,0.609796,-0.132674
0,250,50.1317,38.8344,2.37015,-5.44208
0,250,42.9309,51.8886,0.800178,0.275475
0,250,42.0023,51.9921,0.964947,-0.0736061
0,250,42.2025,51.5175,1.35984,-0.117219
0,250,44.9005,51.4209,0.230249,-0.456839
0,250,43.3956,51.4546,1.08004,-0.271881
0,250,41.7053,51.4769,1.2628,0.0728386
0,250,10.5328,42.0786,-0.904535,1.74931
0,250,17.8312,49.0621,2.66842,0.321632
0,250,26.7346,41.1548,3.99819,-0.094104
0,250,3.94763,43.3853,-0.00324327,2.17581
0,250,23.2834,41.8257,4.96845,1.97985
0,250,11.3612,42.2007,-0.695247,1.9225
0,250,37.0054,40.0889,5.82753,-0.261454
0,250,8.86352,42.9748,-0.647148,1.42065
0,250,40.7538,38.3689,8.90141,-1.42574
0,250,45.1172,42.0308,3.15664,-1.78736
0,250,47.6022,40.2265,2.61299,-3.45639
0,250,44.4427,38.8258,4.14157,-1.77761
0,250,47.3478,39.7825,3.28165,-3.60549
0,250,42.2772,39.369,4.27269,-1.91247
0,250,43.8004,41.554,3.08101,-1.4917
0,250,44.1004,38.6494,2.88543,0.0500241
0,250,35.95,40.0572,5.07519,-0.241745
0,250,45.639,41.9331,3.07456,-2.0452
0,250,45.4066,41.5183,3.19409,-2.57802
0,250,44.9247,38.6456,4.56668,-1.21479
0,250,44.7955,39.6717,3.93941,-2.01118
0,250,44.4307,40.037,3.79172,-1.88771
0,250,45.3266,40.9936,3.15364,-2.26495
0,250,42.9642,37.9522,3.42339,-3.8752
0,250,44.9311,40.1688,3.65452,-2.41298
0,250,43.2442,41.8117,3.20914,-1.37789
0,250,45.8139,41.0074,3.33729,-2.51594
0,250,48.118,39.7531,3.76557,-3.15572
0,250,45.6774,38.5611,4.34558,-2.49628
0,250,44.9417,41.46,3.20571,-2.05548
0,250,48.5165,38.8316,2.3001,-4.35318
0,250,45.8792,38.9126,4.03065,-3.26949
0,250,41.3776,39.117,5.79891,-1.58991
0,250,23.3861,40.9393,4.23346,1.3314
0,250,48.8955,39.2366,2.85491,-5.318
0,250,41.3331,39.5994,4.7475,-1.84984
0,250,49.1737,39.5821,2.36607,-4.28913
0,250,44.6358,41.1001,3.30136,-2.06732
0,250,46.4798,38.9761,4.14793,-2.9356
0,250,47.9742,38.4762,3.03637,-5.08977
0,250,51.6238,43.3069,0.0270227,-2.29589
0,250,50.9801,51.5148,-0.16034,0.163452
0,250,51.6442,41.7968,-0.397621,-2.97399
0,250,52.0673,49.2413,-0.0912927,-0.481238
0,250,50.6791,51.9549,0.134943,-0.0364297
0,250,50.0133,51.4893,0.00570622,0.317696
0,250,44.4904,51.5987,0.50753,-0.00819015
0,250,43.3258,51.9946,0.683584,-0.326373
0,250,39.9335,51.4185,1.22025,0.267845
0,250,42.5184,50.3536,1.18899,-0.127326
0,250,41.8714,38.568,4.33302,-2.90771
0,250,25.5483,41.5721,3.12168,-2.94196
0,250,36.8024,40.5712,4.74011,-0.486013
0,250,11.2083,41.5633,-0.887523,2.15099
0,250,5.61191,44.143,-0.111676,1.90572
0,250,23.8199,41.4922,7.06187,0.640027
0,250,8.52731,43.4937,-0.40447,1.44534
0,250,39.5813,39.4888,5.09353,-2.38338
0,250,43.702,38.7644,2.87947,-1.65299
0,250,36.2634,40.8261,4.02327,-0.956613
0,250,40.4565,38.2432,7.73173,-4.2923
0,250,40.2037,39.4135,5.09962,-1.22179
0,250,38.7134,40.3939,5.19241,-1.45963
0,250,43.9214,39.8454,3.82074,-1.72272
0,250,46.0179,37.5971,8.48643,-4.79312
0,250,43.9201,39.3723,4.31459,-2.38635
0,250,44.3032,41.5573,3.40553,-1.94881
0,250,43.6036,42.6349,3.6492,-1.72496
0,250,41.0373,40.5365,4.42034,-1.33218
0,250,45.2247,37.6642,7.77561,-3.40642
0,250,39.119,39.2834,7.29271,-1.77457
0,250,35.735,41.1993,3.93776,-0.557648
0,250,21.384,43.4564,3.58748,1.54101
0,250,26.3264,41.2523,4.01123,0.287565
0,250,22.6763,43.5998,4.54792,0.782398
0,250,38.7643,38.9613,7.5548,-0.930011
0,250,41.1844,38.6956,5.09191,-2.49526
0,250,46.2698,38.5879,4.74622,-3.02439
0,250,8.57113,41.8161,-1.07286,1.56685
0,250,46.8139,38.5598,3.64102,-3.80261
0,250,34.4286,39.3539,5.42585,-0.596836
0,250,48.6828,41.2623,2.21137,-3.72849
0,250,44.8277,39.1828,4.56815,-1.50688
0,250,46.1313,39.4484,3.77887,-2.5096
0,250,44.6804,34.1404,12.8798,3.05152
0,250,49.8598,39.4947,2.1262,-5.03683
0,250,38.8829,39.849,5.45484,-0.857143
0,250,11.1676,51.1828,1.90336,0.193864
0,250,48.4506,39.4321,2.95839,-4.22335
0,250,44.0778,42.0432,3.52341,-1.90102
0,250,47.0236,38.1732,5.39144,-3.20546
0,250,49.8298,38.5403,2.37155,-5.20658
0,250,44.8219,52.0564,0.309395,-0.284648
0,250,51.1584,52.0325,0.332576,0.347793
0,250,44.2946,52.0192,0.523122,0.18043
0,250,46.0851,51.6442,0.0463232,-0.359973
0,250,49.7613,51.9844,-0.103839,0.465816
0,250,47.8951,52.0017,0.0610769,0.0301821
0,250,52.0648,47.4886,-0.338296,-0.962857
0,250,49.1652,50.9425,0.316863,0.0806034
0,250,11.4221,50.3594,1.70483,0.206387
0,250,6.84175,41.9205,0.440701,1.25245
0,250,5.46326,43.7617,0.103647,1.47248
0,250,22.6184,41.87,5.19789,1.066
0,250,21.1014,41.7496,4.79658,2.2689
0,250,33.3403,40.4249,4.77818,-0.364603
0,250,42.2376,38.8347,4.63046,-2.45583
0,250,46.6116,39.4611,3.74968,-3.28882
0,250,41.6218,38.3645,3.99185,-2.8144
0,250,42.2552,37.6485,3.26044,-4.184
0,250,42.446,37.6361,2.72305,-5.12994
0,250,44.6676,41.8912,3.38519,-1.59358
0,250,44.1945,42.4848,3.36247,-1.70296
0,250,40.6249,39.3469,6.43666,-2.58294
0,250,43.6209,42.1143,3.36834,-2.11529
0,250,33.7115,40.6479,4.61897,-0.247318
0,250,43.4481,39.3052,3.93423,-2.25248
0,250,38.2612,40.5013,4.60538,-0.325965
0,250,40.9996,36.9591,11.6853,5.79624
0,250,38.5973,39.5727,6.5155,-1.57512
0,250,45.4163,40.3608,3.23328,-2.41443
0,250,11.03,42.4268,-0.858947,1.91327
0,250,48.469,40.1772,2.63054,-3.64721
0,250,40.8239,38.8817,5.65646,-1.96809
0,250,6.30957,50.1071,1.49575,0.331117
0,250,28.1439,41.6551,3.74013,-0.00659345
0,250,43.5739,38.0694,3.12092,-2.57017
0,250,46.9633,37.86,6.73506,-2.71103
0,250,48.5501,40.7125,1.87961,-3.66569
0,250,48.9794,40.7363,2.01287,-3.73823
0,250,7.06655,42.4594,0.0292397,1.00509
0,250,49.5083,38.0251,1.72479,-5.54159
0,250,4.0306,49.3052,0.26389,0.202574
0,250,5.52632,51.5705,1.15744,0.0238022
0,250,17.9539,41.0554,3.23946,3.54415
0,250,8.35404,43.9587,-0.247269,1.57457
0,250,3.0581,49.8542,0.376835,0.905311
0,250,9.51725,49.8369,1.82048,0.376532
0,250,2.4027,41.7314,-0.886,2.38596
0,250,7.47073,44.7205,-0.170696,1.58246
0,250,48.7892,39.9158,2.33274,-4.59816
0,250,46.2182,37.4678,7.11645,-5.3981
0,250,28.891,41.7932,3.50047,0.0492123
0,250,50.2306,51.9814,0.0471882,0.0572989
0,250,47.3141,52.0702,-0.0550994,0.262502
0,250,48.3563,51.9862,-0.0336809,0.0219357
0,250,49.5457,51.4199,0.181509,0.0209753
0,250,45.3014,51.9964,0.319105,-0.264521
0,250,45.7834,52.052,0.493951,-0.138072
0,250,51.0735,51.0597,-0.311695,0.0975757
1,250,1.5,53,0,0
1,250,2,53,0,0
1,250,1.5,1.5,0,0
1,250,1.5,2,0,0
1,250,52.5,1.5,0,0
1,250,53,1.5,0,0
1,250,2.5,52.5,0,0
1,250,2.5,53,0,0
1,250,1.5,2.5,0,0
1,250,2,2.5,0,0
1,250,2,1.5,0,0
1,250,2,2,0,0
1,250,52.5,2,0,0
1,250,53,2,0,0
1,250,3,52.5,0,0
1,250,3,53,0,0
1,250,1.5,3,0,0
1,250,2,3,0,0
1,250,2.5,1.5,0,0
1,250,2.5,2,0,0
1,250,52.5,2.5,0,0
1,250,53,2.5,0,0
1,250,3.5,52.5,0,0
1,250,3.5,53,0,0
1,250,1.5,3.5,0,0
1,250,2,3.5,0,0
1,250,3,1.5,0,0
1,250,3,2,0,0
1,250,52.5,3,0,0
1,250,53,3,0,0
1,250,4,52.5,0,0
1,250,4,53,0,0
1,250,1.5,4,0,0
1,250,2,4,0,0
1,250,3.5,1.5,0,0
1,250,3.5,2,0,0
1,250,52.5,3.5,0,0
1,250,53,3.5,0,0
1,250,4.5,52.5,0,0
1,250,4.5,53,0,0
1,250,1.5,4.5,0,0
1,250,2,4.5,0,0
1,250,4,1.5,0,0
1,250,4,2,0,0
1,250,52.5,4,0,0
1,250,53,4,0,0
1,250,5,52.5,0,0
1,250,5,53,0,0
1,250,1.5,5,0,0
1,250,2,5,0,0
1,250,4.5,1.5,0,0
1,250,4.5,2,0,0
1,250,52.5,4.5,0,0
1,250,53,4.5,0,0
1,250,5.5,52.5,0,0
1,250,5.5,53,0,0
1,250,1.5,5.5,0,0
1,250,2,5.5,0,0
1,250,5,1.5,0,0
1,250,5,2,0,0
1,250,52.5,5,0,0
1,250,53,5,0,0
1,250,6,52.5,0,0
1,250,6,53,0,0
1,250,1.5,6,0,0
1,250,2,6,0,0
1,250,5.5,1.5,0,0
1,250,5.5,2,0,0
1,250,52.5,5.5,0,0
1,250,53,5.5,0,0
1,250,6.5,52.5,0,0
1,250,6.5,53,0,0
1,250,1.5,6.5,0,0
1,250,2,6.5,0,0
1,250,6,1.5,0,0
1,250,6,2,0,0
1,250,52.5,6,0,0
1,250,53,6,0,0
1,250,7,52.5,0,0
1,250,7,53,0,0
1,250,1.5,7,0,0
1,250,2,7,0,0
1,250,6.5,1.5,0,0
1,250,6.5,2,0,0
1,250,52.5,6.5,0,0
1,250,53,6.5,0,0
1,250,7.5,52.5,0,0
1,250,7.5,53,0,0
1,250,1.5,7.5,0,0
1,250,2,7.5,0,0
1,250,7,1.5,0,0
1,250,7,2,0,0
1,250,52.5,7,0,0
1,250,53,7,0,0
1,250,8,52.5,0,0
1,250,8,53,0,0
1,250,1.5,8,0,0
1,250,2,8,0,0
1,250,7.5,1.5,0,0
1,250,7.5,2,0,0
1,250,52.5,7.5,0,0
1,250,53,7.5,0,0
1,250,8.5,52.5,0,0
1,250,8.5,53,0,0
1,250,1.5,8.5,0,0
1,250,2,8.5,0,0
1,250,8,1.5,0,0
1,250,8,2,0,0
1,250,52.5,8,0,0
1,250,53,8,0,0
1,250,9,52.5,0,0
1,250,9,53,0,0
1,250,1.5,9,0,0
1,250,2,9,0,0
1,250,8.5,1.5,0,0
1,250,8.5,2,0,0
1,250,52.5,8.5,0,0
1,250,53,8.5,0,0
1,250,9.5,52.5,0,0
1,250,9.5,53,0,0
1,250,1.5,9.5,0,0
1,250,2,9.5,0,0
1,250,9,1.5,0,0
1,250,9,2,0,0
1,250,52.5,9,0,0
1,250,53,9,0,0
1,250,10,52.5,0,0
1,250,10,53,0,0
1,250,1.5,10,0,0
1,250,2,10,0,0
1,250,9.5,1.5,0,0
1,250,9.5,2,0,0
1,250,52.5,9.5,0,0
1,250,53,9.5,0,0
1,250,10.5,52.5,0,0
1,250,10.5,53,0,0
1,250,1.5,10.5,0,0
1,250,2,10.5,0,0
1,250,10,1.5,0,0
1,250,10,2,0,0
1,250,52.5,10,0,0
1,250,53,10,0,0
1,250,11,52.5,0,0
1,250,11,53,0,0
1,250,1.5,11,0,0
1,250,2,11,0,0
1,250,10.5,1.5,0,0
1,250,10.5,2,0,0
1,250,52.5,10.5,0,0
1,250,53,10.5,0,0
1,250,11.5,52.5,0,0
1,250,11.5,53,0,0
1,250,1.5,11.5,0,0
1,250,2,11.5,0,0
1,250,11,1.5,0,0
1,250,11,2,0,0
1,250,52.5,11,0,0
1,250,53,11,0,0
1,250,12,52.5,0,0
1,250,12,53,0,0
1,250,1.5,12,0,0
1,250,2,12,0,0
1,250,11.5,1.5,0,0
1,250,11.5,2,0,0
1,250,52.5,11.5,0,0
1,250,53,11.5,0,0
1,250,12.5,52.5,0,0
1,250,12.5,53,0,0
1,250,1.5,12.5,0,0
1,250,2,12.5,0,0
1,250,12,1.5,0,0
1,250,12,2,0,0
1,250,52.5,12,0,0
1,250,53,12,0,0
1,250,13,52.5,0,0
1,250,13,53,0,0
1,250,1.5,13,0,0
1,250,2,13,0,0
1,250,12.5,1.5,0,0
1,250,12.5,2,0,0
1,250,52.5,12.5,0,0
1,250,53,12.5,0,0
1,250,13.5,52.5,0,0
1,250,13.5,53,0,0
1,250,1.5,13.5,0,0
1,250,2,13.5,0,0
1,250,13,1.5,0,0
1,250,13,2,0,0
1,250,52.5,13,0,0
1,250,53,13,0,0
1,250,14,52.5,0,0
1,250,14,53,0,0
1,250,1.5,14,0,0
1,250,2,14,0,0
1,250,13.5,1.5,0,0
1,250,13.5,2,0,0
1,250,52.5,13.5,0,0
1,250,53,13.5,0,0
1,250,14.5,52.5,0,0
1,250,14.5,53,0,0
1,250,1.5,14.5,0,0
1,250,2,14.5,0,0
1,250,14,1.5,0,0
1,250,14,2,0,0
1,250,52.5,14,0,0
1,250,53,14,0,0
1,250,15,52.5,0,0
1,250,15,53,0,0
1,250,1.5,15,0,0
1,250,2,15,0,0
1,250,14.5,1.5,0,0
1,250,14.5,2,0,0
1,250,52.5,14.5,0,0
1,250,53,14.5,0,0
1,250,15.5,52.5,0,0
1,250,15.5,53,0,0
1,250,1.5,15.5,0,0
1,250,2,15.5,0,0
1,250,15,1.5,0,0
1,250,15,2,0,0
1,250,52.5,15,0,0
1,250,53,15,0,0
1,250,16,52.5,0,0
1,250,16,53,0,0
1,250,1.5,16,0,0
1,250,2,16,0,0
1,250,15.5,1.5,0,0
1,250,15.5,2,0,0
1,250,52.5,15.5,0,0
1,250,53,15.5,0,0
1,250,16.5,52.5,0,0
1,250,16.5,53,0,0
1,250,1.5,16.5,0,0
1,250,2,16.5,0,0
1,250,16,1.5,0,0
1,250,16,2,0,0
1,250,52.5,16,0,0
1,250,53,16,0,0
1,250,17,52.5,0,0
1,250,17,53,0,0
1,250,1.5,17,0,0
1,250,2,17,0,0
1,250,16.5,1.5,0,0
1,250,16.5,2,0,0
1,250,52.5,16.5,0,0
1,250,53,16.5,0,0
1,250,17.5,52.5,0,0
1,250,17.5,53,0,0
1,250,1.5,17.5,0,0
1,250,2,17.5,0,0
1,250,17,1.5,0,0
1,250,17,2,0,0
1,250,52.5,17,0,0
1,250,53,17,0,0
1,250,18,52.5,0,0
1,250,18,53,0,0
1,250,1.5,18,0,0
1,250,2,18,0,0
1,250,17.5,1.5,0,0
1,250,17.5,2,0,0
1,250,52.5,17.5,0,0
1,250,53,17.5,0,0
1,250,18.5,52.5,0,0
1,250,18.5,53,0,0
1,250,1.5,18.5,0,0
1,250,2,18.5,0,0
1,250,18,1.5,0,0
1,250,18,2,0,0
1,250,52.5,18,0,0
1,250,53,18,0,0
1,250,19,52.5,0,0
1,250,19,53,0,0
1,250,1.5,19,0,0
1,250,2,19,0,0
1,250,18.5,1.5,0,0
1,250,18.5,2,0,0
1,250,52.5,18.5,0,0
1,250,53,18.5,0,0
1,250,19.5,52.5,0,0
1,250,19.5,53,0,0
1,250,1.5,19.5,0,0
1,250,2,19.5,0,0
1,250,19,1.5,0,0
1,250,19,2,0,0
1,250,52.5,19,0,0
1,250,53,19,0,0
1,250,20,52.5,0,0
1,250,20,53,0,0
1,250,1.5,20,0,0
1,250,2,20,0,0
1,250,19.5,1.5,0,0
1,250,19.5,2,0,0
1,250,52.5,19.5,0,0
1,250,53,19.5,0,0
1,250,20.5,52.5,0,0
1,250,20.5,53,0,0
1,250,1.5,20.5,0,0
1,250,2,20.5,0,0
1,250,20,1.5,0,0
1,250,20,2,0,0
1,250,52.5,20,0,0
1,250,53,20,0,0
1,250,21,52.5,0,0
1,250,21,53,0,0
1,250,1.5,21,0,0
1,250,2,21,0,0
1,250,20.5,1.5,0,0
1,250,20.5,2,0,0
1,250,52.5,20.5,0,0
1,250,53,20.5,0,0
1,250,21.5,52.5,0,0
1,250,21.5,53,0,0
1,250,1.5,21.5,0,0
1,250,2,21.5,0,0
1,250,21,1.5,0,0
1,250,21,2,0,0
1,250,52.5,21,0,0
1,250,53,21,0,0
1,250,22,52.5,0,0
1,250,22,53,0,0
1,250,1.5,22,0,0
1,250,2,22,0,0
1,250,21.5,1.5,0,0
1,250,21.5,2,0,0
1,250,52.5,21.5,0,0
1,250,53,21.5,0,0
1,250,22.5,52.5,0,0
1,250,22.5,53,0,0
1,250,1.5,22.5,0,0
1,250,2,22.5,0,0
1,250,22,1.5,0,0
1,250,22,2,0,0
1,250,52.5,22,0,0
1,250,53,22,0,0
1,250,23,52.5,0,0
1,250,23,53,0,0
1,250,1.5,23,0,0
1,250,2,23,0,0
1,250,22.5,1.5,0,0
1,250,22.5,2,0,0
1,250,52.5,22.5,0,0
1,250,53,22.5,0,0
1,250,23.5,52.5,0,0
1,250,23.5,53,0,0
1,250,1.5,23.5,0,0
1,250,2,23.5,0,0
1,250,23,1.5,0,0
1,250,23,2,0,0
1,250,52.5,23,0,0
1,250,53,23,0,0
1,250,24,52.5,0,0
1,250,24,53,0,0
1,250,1.5,24,0,0
1,250,2,24,0,0
1,250,23.5,1.5,0,0
1,250,23.5,2,0,0
1,250,52.5,23.5,0,0
1,250,53,23.5,0,0
1,250,24.5,52.5,0,0
1,250,24.5,53,0,0
1,250,1.5,24.5,0,0
1,250,2,24.5,0,0
1,250,24,1.5,0,0
1,250,24,2,0,0
1,250,52.5,24,0,0
1,250,53,24,0,0
1,250,25,52.5,0,0
1,250,25,53,0,0
1,250,1.5,25,0,0
1,250,2,25,0,0
1,250,24.5,1.5,0,0
1,250,24.5,2,0,0
1,250,52.5,24.5,0,0
1,250,53,24.5,0,0
1,250,25.5,52.5,0,0
1,250,25.5,53,0,0
1,250,1.5,25.5,0,0
1,250,2,25.5,0,0
1,250,25,1.5,0,0
1,250,25,2,0,0
1,250,52.5,25,0,0
1,250,53,25,0,0
1,250,26,52.5,0,0
1,250,26,53,0,0
1,250,1.5,26,0,0
1,250,2,26,0,0
1,250,25.5,1.5,0,0
1,250,25.5,2,0,0
1,250,52.5,25.5,0,0
1,250,53,25.5,0,0
1,250,26.5,52.5,0,0
1,250,26.5,53,0,0
1,250,1.5,26.5,0,0
1,250,2,26.5,0,0
1,250,26,1.5,0,0
1,250,26,2,0,0
1,250,52.5,26,0,0
1,250,53,26,0,0
1,250,27,52.5,0,0
1,250,27,53,0,0
1,250,1.5,27,0,0
1,250,2,27,0,0
1,250,26.5,1.5,0,0
1,250,26.5,2,0,0
1,250,52.5,26.5,0,0
1,250,53,26.5,0,0
1,250,27.5,52.5,0,0
1,250,27.5,53,0,0
1,250,1.5,27.5,0,0
1,250,2,27.5,0,0
1,250,27,1.5,0,0
1,250,27,2,0,0
1,250,52.5,27,0,0
1,250,53,27,0,0
1,250,28,52.5,0,0
1,250,28,53,0,0
1,250,1.5,28,0,0
1,250,2,28,0,0
1,250,27.5,1.5,0,0
1,250,27.5,2,0,0
1,250,52.5,27.5,0,0
1,250,53,27.5,0,0
1,250,28.5,52.5,0,0
1,250,28.5,53,0,0
1,250,1.5,28.5,0,0
1,250,2,28.5,0,0
1,250,28,1.5,0,0
1,250,28,2,0,0
1,250,52.5,28,0,0
1,250,53,28,0,0
1,250,29,52.5,0,0
1,250,29,53,0,0
1,250,1.5,29,0,0
1,250,2,29,0,0
1,250,28.5,1.5,0,0
1,250,28.5,2,0,0
1,250,52.5,28.5,0,0
1,250,53,28.5,0,0
1,250,29.5,52.5,0,0
1,250,29.5,53,0,0
1,250,1.5,29.5,0,0
1,250,2,29.5,0,0
1,250,29,1.5,0,0
1,250,29,2,0,0
1,250,52.5,29,0,0
1,250,53,29,0,0
1,250,30,52.5,0,0
1,250,30,53,0,0
1,250,1.5,30,0,0
1,250,2,30,0,0
1,250,29.5,1.5,0,0
1,250,29.5,2,0,0
1,250,52.5,29.5,0,0
1,250,53,29.5,0,0
1,250,30.5,52.5,0,0
1,250,30.5,53,0,0
1,250,1.5,30.5,0,0
1,250,2,30.5,0,0
1,250,30,1.5,0,0
1,250,30,2,0,0
1,250,52.5,30,0,0
1,250,53,30,0,0
1,250,31,52.5,0,0
1,250,31,53,0,0
1,250,1.5,31,0,0
1,250,2,31,0,0
1,250,30.5,1.5,0,0
1,250,30.5,2,0,0
1,250,52.5,30.5,0,0
1,250,53,30.5,0,0
1,250,31.5,52.5,0,0
1,250,31.5,53,0,0
1,250,1.5,31.5,0,0
1,250,2,31.5,0,0
1,250,31,1.5,0,0
1,250,31,2,0,0
1,250,52.5,31,0,0
1,250,53,31,0,0
1,250,32,52.5,0,0
1,250,32,53,0,0
1,250,1.5,32,0,0
1,250,2,32,0,0
1,250,31.5,1.5,0,0
1,250,31.5,2,0,0
1,250,52.5,31.5,0,0
1,250,53,31.5,0,0
1,250,32.5,52.5,0,0
1,250,32.5,53,0,0
1,250,1.5,32.5,0,0
1,250,2,32.5,0,0
1,250,32,1.5,0,0
1,250,32,2,0,0
1,250,52.5,32,0,0
1,250,53,32,0,0
1,250,33,52.5,0,0
1,250,33,53,0,0
1,250,1.5,33,0,0
1,250,2,33,0,0
1,250,32.5,1.5,0,0
1,250,32.5,2,0,0
1,250,52.5,32.5,0,0
1,250,53,32.5,0,0
1,250,33.5,52.5,0,0
1,250,33.5,53,0,0
1,250,1.5,33.5,0,0
1,250,2,33.5,0,0
1,250,33,1.5,0,0
1,250,33,2,0,0
1,250,52.5,33,0,0
1,250,53,33,0,0
1,250,34,52.5,0,0
1,250,34,53,0,0
1,250,1.5,34,0,0
1,250,2,34,0,0
1,250,33.5,1.5,0,0
1,250,33.5,2,0,0
1,250,52.5,33.5,0,0
1,250,53,33.5,0,0
1,250,34.5,52.5,0,0
1,250,34.5,53,0,0
1,250,1.5,34.5,0,0
1,250,2,34.5,0,0
1,250,34,1.5,0,0
1,250,34,2,0,0
1,250,52.5,34,0,0
1,250,53,34,0,0
1,250,35,52.5,0,0
1,250,35,53,0,0
1,250,1.5,35,0,0
1,250,2,35,0,0
1,250,34.5,1.5,0,0
1,250,34.5,2,0,0
1,250,52.5,34.5,0,0
1,250,53,34.5,0,0
1,250,35.5,52.5,0,0
1,250,35.5,53,0,0
1,250,1.5,35.5,0,0
1,250,2,35.5,0,0
1,250,35,1.5,0,0
1,250,35,2,0,0
1,250,52.5,35,0,0
1,250,53,35,0,0
1,250,36,52.5,0,0
1,250,36,53,0,0
1,250,1.5,36,0,0
1,250,2,36,0,0
1,250,35.5,1.5,0,0
1,250,35.5,2,0,0
1,250,52.5,35.5,0,0
1,250,53,35.5,0,0
1,250,36.5,52.5,0,0
1,250,36.5,53,0,0
1,250,1.5,36.5,0,0
1,250,2,36.5,0,0
1,250,36,1.5,0,0
1,250,36,2,0,0
1,250,52.5,36,0,0
1,250,53,36,0,0
1,250,37,52.5,0,0
1,250,37,53,0,0
1,250,1.5,37,0,0
1,250,2,37,0,0
1,250,36.5,1.5,0,0
1,250,36.5,2,0,0
1,250,52.5,36.5,0,0
1,250,53,36.5,0,0
1,250,37.5,52.5,0,0
1,250,37.5,53,0,0
1,250,1.5,37.5,0,0
1,250,2,37.5,0,0
1,250,37,1.5,0,0
1,250,37,2,0,0
1,250,52.5,37,0,0
1,250,53,37,0,0
1,250,38,52.5,0,0
1,250,38,53,0,0
1,250,1.5,38,0,0
1,250,2,38,0,0
1,250,37.5,1.5,0,0
1,250,37.5,2,0,0
1,250,52.5,37.5,0,0
1,250,53,37.5,0,0
1,250,38.5,52.5,0,0
1,250,38.5,53,0,0
1,250,1.5,38.5,0,0
1,250,2,38.5,0,0
1,250,38,1.5,0,0
1,250,38,2,0,0
1,250,52.5,38,0,0
1,250,53,38,0,0
1,250,39,52.5,0,0
1,250,39,53,0,0
1,250,1.5,39,0,0
1,250,2,39,0,0
1,250,38.5,1.5,0,0
1,250,38.5,2,0,0
1,250,52.5,38.5,0,0
1,250,53,38.5,0,0
1,250,39.5,52.5,0,0
1,250,39.5,53,0,0
1,250,1.5,39.5,0,0
1,250,2,39.5,0,0
1,250,39,1.5,0,0
1,250,39,2,0,0
1,250,52.5,39,0,0
1,250,53,39,0,0
1,250,40,52.5,0,0
1,250,40,53,0,0
1,250,1.5,40,0,0
1,250,2,40,0,0
1,250,39.5,1.5,0,0
1,250,39.5,2,0,0
1,250,52.5,39.5,0,0
1,250,53,39.5,0,0
1,250,40.5,52.5,0,0
1,250,40.5,53,0,0
1,250,1.5,40.5,0,0
1,250,2,40.5,0,0
1,250,40,1.5,0,0
1,250,40,2,0,0
1,250,52.5,40,0,0
1,250,53,40,0,0
1,250,41,52.5,0,0
1,250,41,53,0,0
1,250,1.5,41,0,0
1,250,2,41,0,0
1,250,40.5,1.5,0,0
1,250,40.5,2,0,0
1,250,52.5,40.5,0,0
1,250,53,40.5,0,0
1,250,41.5,52.5,0,0
1,250,41.5,53,0,0
1,250,1.5,41.5,0,0
1,250,2,41.5,0,0
1,250,41,1.5,0,0
1,250,41,2,0,0
1,250,52.5,41,0,0
1,250,53,41,0,0
1,250,42,52.5,0,0
1,250,42,53,0,0
1,250,1.5,42,0,0
1,250,2,42,0,0
1,250,41.5,1.5,0,0
1,250,41.5,2,0,0
1,250,52.5,41.5,0,0
1,250,53,41.5,0,0
1,250,42.5,52.5,0,0
1,250,42.5,53,0,0
1,250,1.5,42.5,0,0
1,250,2,42.5,0,0
1,250,42,1.5,0,0
1,250,42,2,0,0
1,250,52.5,42,0,0
1,250,53,42,0,0
1,250,43,52.5,0,0
1,250,43,53,0,0
1,250,1.5,43,0,0
1,250,2,43,0,0
1,250,42.5,1.5,0,0
1,250,42.5,2,0,0
1,250,52.5,42.5,0,0
1,250,53,42.5,0,0
1,250,43.5,52.5,0,0
1,250,43.5,53,0,0
1,250,1.5,43.5,0,0
1,250,2,43.5,0,0
1,250,43,1.5,0,0
1,250,43,2,0,0
1,250,52.5,43,0,0
1,250,53,43,0,0
1,250,44,52.5,0,0
1,250,44,53,0,0
1,250,1.5,44,0,0
1,250,2,44,0,0
1,250,43.5,1.5,0,0
1,250,43.5,2,0,0
1,250,52.5,43.5,0,0
1,250,53,43.5,0,0
1,250,44.5,52.5,0,0
1,250,44.5,53,0,0
1,250,1.5,44.5,0,0
1,250,2,44.5,0,0
1,250,44,1.5,0,0
1,250,44,2,0,0
1,250,52.5,44,0,0
1,250,53,44,0,0
1,250,45,52.5,0,0
1,250,45,53,0,0
1,250,1.5,45,0,0
1,250,2,45,0,0
1,250,44.5,1.5,0,0
1,250,44.5,2,0,0
1,250,52.5,44.5,0,0
1,250,53,44.5,0,0
1,250,45.5,52.5,0,0
1,250,45.5,53,0,0
1,250,1.5,45.5,0,0
1,250,2,45.5,0,0
1,250,45,1.5,0,0
1,250,45,2,0,0
1,250,52.5,45,0,0
1,250,53,45,0,0
1,250,46,52.5,0,0
1,250,46,53,0,0
1,250,1.5,46,0,0
1,250,2,46,0,0
1,250,45.5,1.5,0,0
1,250,45.5,2,0,0
1,250,52.5,45.5,0,0
1,250,53,45.5,0,0
1,250,46.5,52.5,0,0
1,250,46.5,53,0,0
1,250,1.5,46.5,0,0
1,250,2,46.5,0,0
1,250,46,1.5,0,0
1,250,46,2,0,0
1,250,52.5,46,0,0
1,250,53,46,0,0
1,250,47,52.5,0,0
1,250,47,53,0,0
1,250,1.5,47,0,0
1,250,2,47,0,0
1,250,46.5,1.5,0,0
1,250,46.5,2,0,0
1,250,52.5,46.5,0,0
1,250,53,46.5,0,0
1,250,47.5,52.5,0,0
1,250,47.5,53,0,0
1,250,1.5,47.5,0,0
1,250,2,47.5,0,0
1,250,47,1.5,0,0
1,250,47,2,0,0
1,250,52.5,47,0,0
1,250,53,47,0,0
1,250,48,52.5,0,0
1,250,48,53,0,0
1,250,1.5,48,0,0
1,250,2,48,0,0
1,250,47.5,1.5,0,0
1,250,47.5,2,0,0
1,250,52.5,47.5,0,0
1,250,53,47.5,0,0
1,250,48.5,52.5,0,0
1,250,48.5,53,0,0
1,250,1.5,48.5,0,0
1,250,2,48.5,0,0
1,250,48,1.5,0,0
1,250,48,2,0,0
1,250,52.5,48,0,0
1,250,53,48,0,0
1,250,49,52.5,0,0
1,250,49,53,0,0
1,250,1.5,49,0,0
1,250,2,49,0,0
1,250,48.5,1.5,0,0
1,250,48.5,2,0,0
1,250,52.5,48.5,0,0
1,250,53,48.5,0,0
1,250,49.5,52.5,0,0
1,250,49.5,53,0,0
1,250,1.5,49.5,0,0
1,250,2,49.5,0,0
1,250,49,1.5,0,0
1,250,49,2,0,0
1,250,52.5,49,0,0
1,250,53,49,0,0
1,250,50,52.5,0,0
1,250,50,53,0,0
1,250,1.5,50,0,0
1,250,2,50,0,0
1,250,49.5,1.5,0,0
1,250,49.5,2,0,0
1,250,52.5,49.5,0,0
1,250,53,49.5,0,0
1,250,50.5,52.5,0,0
1,250,50.5,53,0,0
1,250,1.5,50.5,0,0
1,250,2,50.5,0,0
1,250,50,1.5,0,0
1,250,50,2,0,0
1,250,52.5,50,0,0
1,250,53,50,0,0
1,250,51,52.5,0,0
1,250,51,53,0,0
1,250,1.5,51,0,0
1,250,2,51,0,0
1,250,50.5,1.5,0,0
1,250,50.5,2,0,0
1,250,52.5,50.5,0,0
1,250,53,50.5,0,0
1,250,51.5,52.5,0,0
1,250,51.5,53,0,0
1,250,1.5,51.5,0,0
1,250,2,51.5,0,0
1,250,51,1.5,0,0
1,250,51,2,0,0
1,250,52.5,51,0,0
1,250,53,51,0,0
1,250,52,52.5,0,0
1,250,52,53,0,0
1,250,1.5,52,0,0
1,250,2,52,0,0
1,250,51.5,1.5,0,0
1,250,51.5,2,0,0
1,250,52.5,51.5,0,0
1,250,53,51.5,0,0
1,250,52.5,52.5,0,0
1,250,52.5,53,0,0
1,250,1.5,52.5,0,0
1,250,2,52.5,0,0
1,250,52,1.5,0,0
1,250,52,2,0,0
1,250,52.5,52,0,0
1,250,53,52,0,0
