22003 2 0.25 5000 0.2 0 2 0 0.001 0 9.81 77 52
0,62.5,6.49772,29.5058,-2.9814,-1.81029
0,62.5,39.914,27.6951,-6.66384,2.30414
0,62.5,3.9875,33.2002,-1.76642,-0.705358
0,62.5,39.521,33.8861,-5.82008,5.73207
0,62.5,2.03168,41.7641,-0.231731,0.332131
0,62.5,56.4966,35.939,5.76146,3.45285
0,62.5,1.7188,39.81,0.451211,1.21926
0,62.5,44.5211,37.8905,-1.27411,7.68775
0,62.5,1.65715,38.6055,1.01167,3.57596
0,62.5,38.3861,39.6544,2.53845,-2.05476
0,62.5,4.32206,35.7507,-0.902235,-0.896416
0,62.5,39.436,40.4338,-2.05509,-2.18871
0,62.5,4.65632,35.2823,-1.05321,-0.717321
0,62.5,39.1422,47.7898,-1.03527,0.110943
0,62.5,1.86366,40.8547,-0.216793,1.12406
0,62.5,41.7249,47.9255,4.61822,-0.0306233
0,62.5,4.96969,36.1509,-0.981131,-1.62957
0,62.5,41.7232,47.2823,1.93572,-1.07005
0,62.5,3.53335,36.1878,-1.27417,-0.388969
0,62.5,41.1481,48.9046,2.6788,4.62177
0,62.5,3.90055,39.7663,0.361737,-0.893728
0,62.5,41.2425,45.2773,-1.34471,-0.269612
0,62.5,2.9791,33.8334,-0.715514,0.830268
0,62.5,41.9418,47.7916,4.19742,-1.74119
0,62.5,3.75042,37.6619,-0.0613653,-1.76783
0,62.5,39.9243,48.5267,-2.02997,3.90151
0,62.5,1.87655,38.7396,0.712874,2.147
0,62.5,54.2061,36.5852,1.56533,3.15044
0,62.5,2.40958,38.9833,1.55497,0.781558
0,62.5,44.5505,36.7835,-2.92731,8.47912
0,62.5,3.25216,33.5468,-0.916313,0.306073
0,62.5,75.1865,24.529,0.0476075,-7.0551
0,62.5,1.22874,39.9173,-0.283476,0.564798
0,62.5,75.0826,30.7762,1.64697,-1.72226
0,62.5,3.72305,37.4064,-1.01406,-0.658391
0,62.5,73.7826,33.9469,0.972094,-1.13599
0,62.5,4.09735,36.8637,-0.653244,-0.957257
0,62.5,73.8674,33.0454,1.83406,-1.34209
0,62.5,2.1661,41.2832,0.524559,1.14359
0,62.5,75.9924,36.6733,-0.334209,1.21656
0,62.5,3.70122,39.3297,-0.212758,-0.428118
0,62.5,74.1204,42.2878,-0.561198,0.530914
0,62.5,2.60282,41.9816,-0.103629,0.612413
0,62.5,74.3039,39.6659,0.715499,0.722128
0,62.5,3.16833,37.3107,-1.08411,0.14588
0,62.5,73.5256,38.8331,0.401402,-0.233376
0,62.5,3.56309,33.8044,-1.50176,-0.187987
0,62.5,73.247,39.7356,0.106662,-0.48174
0,62.5,1.51422,40.9633,-0.135298,0.828238
0,62.5,73.0139,41.9555,-0.776758,-0.354207
0,62.5,2.09638,42.2745,0.243167,0.538164
0,62.5,73.0456,41.1709,-0.571985,-0.352473
0,62.5,1.25092,41.5486,-0.792132,1.11825
0,62.5,74.5385,40.4401,0.0387853,1.18158
0,62.5,5.02907,36.6555,-0.574046,-1.36023
0,62.5,75.8509,38.8812,0.142791,2.02111
0,62.5,3.28064,40.166,1.22614,-0.247541
0,62.5,74.1202,35.7536,0.349188,-0.619448
0,62.5,1.46807,40.0871,0.683894,0.602977
0,62.5,75.6708,41.1409,-0.289249,1.54186
0,62.5,4.15017,36.3165,-0.519466,-1.1314
0,62.5,75.3497,40.404,-0.258742,1.49771
0,62.5,2.95693,42.0567,-0.119616,0.454647
0,62.5,74.1696,38.6233,1.01816,0.610708
0,62.5,4.11003,39.8003,0.479421,-0.818749
0,62.5,74.6531,41.4927,-0.437249,1.06845
0,62.5,4.02718,36.5499,-0.389603,-0.770588
0,62.5,72.8635,40.6027,-0.158246,-0.461883
0,62.5,3.75115,36.2524,-1.15868,-0.333185
0,62.5,70.9789,32.3341,2.7828,-2.29992
0,62.5,2.60856,40.1158,-0.121579,0.0781636
0,62.5,74.1987,38.9063,0.709045,-0.00656438
0,62.5,3.94261,37.4569,-0.441751,-0.925659
0,62.5,70.1715,36.1578,1.2847,-0.74772
0,62.5,2.41258,41.4691,-0.0481906,1.22328
0,62.5,74.2052,31.8365,1.73351,-1.44588
0,62.5,3.68409,38.418,0.141234,-1.01977
0,62.5,72.8875,41.3929,-0.778546,-0.658239
0,62.5,1.32854,42.5749,0.198297,0.215726
0,62.5,75.9528,41.645,-0.0864388,1.90813
0,62.5,3.2262,41.9399,0.208626,0.0329562
0,62.5,74.8644,40.0246,-0.113692,1.20159
0,62.5,2.47782,42.6157,0.0507347,0.48096
0,62.5,72.7043,23.9192,-3.29765,-5.60608
0,62.5,1.81661,42.6057,-0.0971411,0.562278
0,62.5,75.4561,38.8048,-0.100761,2.6453
0,62.5,1.83741,42.3704,0.554599,0.726633
0,62.5,68.6784,25.09,-7.86056,-2.60878
0,62.5,1.25908,43.012,-0.164889,0.260816
0,62.5,75.7568,42.4635,-0.108848,1.59618
0,62.5,2.07874,43.0461,-0.319408,0.535365
0,62.5,69.783,36.968,0.847624,-0.202894
0,62.5,2.25519,42.805,-0.27742,-0.0835638
0,62.5,73.8663,42.274,-0.619289,0.666712
0,62.5,3.4753,41.6231,0.401692,-0.0851502
0,62.5,66.869,35.3957,1.73749,0.547782
0,62.5,1.81959,43.0927,-0.254073,0.681228
0,62.5,75.7376,42.016,0.00296198,1.26041
0,62.5,1.78918,42.8718,-0.481517,0.680662
0,62.5,74.8265,39.6434,-0.112064,1.20472
0,62.5,2.29089,42.5009,0.244364,-0.229628
0,62.5,75.7795,27.3891,0.611576,-4.57388
0,62.5,1.54936,43.1408,-0.220101,0.75121
0,62.5,74.3136,29.5468,2.5574,-3.14024
0,62.5,1.29967,43.2334,-0.146955,0.26104
0,62.5,73.9625,42.5213,-0.420025,0.760216
0,62.5,1.68288,43.3332,0.426135,0.536297
0,62.5,75.3253,24.4026,-0.0321902,-7.03584
0,62.5,1.28064,43.4325,0.0241781,0.563926
0,62.5,74.7357,34.4375,0.369856,0.260488
0,62.5,1.23849,43.6667,-0.117029,0.472464
0,62.5,73.5178,22.4088,-1.89207,-6.99579
0,62.5,1.31835,43.8709,0.261278,0.1998
0,62.5,75.3862,41.6475,0.191622,1.41366
0,62.5,1.24501,44.0758,-0.142721,0.070774
0,62.5,3.61591,39.5888,0.400745,-0.0532636
0,62.5,1.28456,44.3013,-0.0982444,0.172757
0,62.5,75.6167,29.519,1.18433,-2.19637
0,62.5,1.26534,44.5125,0.252862,0.235163
0,62.5,68.2439,34.218,2.68717,0.0893657
0,62.5,1.25789,44.745,-0.224158,0.106648
0,62.5,74.7183,35.0633,0.113047,0.746293
0,62.5,1.84369,44.4453,0.067973,0.0812842
0,62.5,72.7927,29.8692,3.76393,-2.73233
0,62.5,1.52855,44.8292,-0.0475798,-0.0211455
0,62.5,73.2834,38.9305,0.233061,-0.431825
0,62.5,1.26975,44.9683,0.122045,0.241907
0,62.5,73.4406,32.7877,1.95408,-1.65247
0,62.5,1.50741,45.081,-0.0206629,-0.0210657
0,62.5,75.365,28.2498,1.05774,-3.81873
0,62.5,1.23871,45.2057,-0.0633012,0.22527
0,62.5,74.756,36.1938,0.438857,0.123926
0,62.5,1.44923,45.3402,-0.235802,0.199596
0,62.5,70.3875,31.3669,4.30888,-2.26014
0,62.5,1.22961,45.4794,-0.0725764,0.437711
0,62.5,75.9796,24.7267,-0.0737561,-1.12333
0,62.5,1.23474,45.7504,-0.175116,0.663402
0,62.5,72.59,41.2489,-0.567967,-0.375051
0,62.5,1.45864,45.8993,-0.19747,0.497733
0,62.5,75.9824,40.9793,0.179117,1.55187
0,62.5,1.67513,45.7773,-0.374373,0.415857
0,62.5,71.7647,28.7823,3.9069,-4.35231
0,62.5,1.22889,46.0228,-0.00224717,0.788606
0,62.5,75.8656,35.7391,0.781614,0.713369
0,62.5,1.6933,46.0481,-0.0751834,0.212009
0,62.5,75.9923,29.0899,-0.708327,-1.23194
0,62.5,1.89481,46.2291,-0.0983839,0.228891
0,62.5,67.2788,34.4774,2.87975,7.78176e-05
0,62.5,1.44779,46.1591,-0.0524304,0.504673
0,62.5,75.858,30.1459,0.818515,-1.26806
0,62.5,1.22814,46.3028,-0.0218171,0.695699
0,62.5,74.3426,30.3884,2.40019,-1.98335
0,62.5,1.22641,46.5837,0.006144,0.460161
0,62.5,64.1215,35.8351,1.09965,0.269238
0,62.5,1.23311,46.8583,0.111734,0.234796
0,62.5,72.8824,29.3232,3.5662,-2.93203
0,62.5,1.45084,46.7126,0.222156,0.319414
0,62.5,72.7131,30.1758,3.32091,-2.81367
0,62.5,1.21802,47.1394,0.145711,0.244771
0,62.5,2.6171,24.696,1.90857,-7.76954
0,62.5,1.43499,46.9998,0.115763,0.309768
0,62.5,75.1054,35.3826,-0.372205,0.306654
0,62.5,1.237,47.4344,0.132838,-0.400822
0,62.5,2.76011,34.7221,-0.642548,1.54987
0,62.5,1.26543,47.6666,-0.163672,-0.207904
0,62.5,76.027,50.7222,0.133566,0.167476
0,62.5,1.24508,47.9036,-0.0863328,-0.111355
0,62.5,74.6514,29.8448,2.3486,-2.50389
0,62.5,1.46036,48.0344,-0.0200368,0.47783
0,62.5,67.6947,34.0892,2.66674,-0.151963
0,62.5,1.41445,48.3181,-0.0393874,0.19385
0,62.5,75.7951,50.9843,0.0470357,0.226741
0,62.5,1.22656,48.1673,-0.040013,-0.216859
0,62.5,75.6735,50.7604,0.0523725,0.17038
0,62.5,1.22727,48.4735,-0.0331172,-0.104859
0,62.5,35.6726,50.5447,-0.102478,-0.247524
0,62.5,1.23659,48.7424,-0.037749,-0.177329
0,62.5,1.84236,32.5817,0.0955456,3.53659
0,62.5,1.24937,49.257,0.00670231,-0.00455651
0,62.5,5.47451,22.4637,5.57143,-7.90614
0,62.5,1.49791,49.3737,0.107279,-0.0502183
0,62.5,72.9478,40.9213,-0.179121,-0.430847
0,62.5,1.24813,49.5007,0.222158,0.0134829
0,62.5,38.1819,50.8034,-1.4097,-0.434082
0,62.5,1.24417,49.7477,-0.0366098,-0.0213634
0,62.5,38.0621,51.0137,-1.17683,-0.317535
0,62.5,1.2434,50.0009,0.276529,0.0388755
0,62.5,39.2694,51.0229,-0.10235,-0.764244
0,62.5,1.25049,50.2463,-0.0132652,-0.0318522
0,62.5,75.496,29.792,1.43792,-1.92614
0,62.5,1.23737,50.4958,0.15287,0.0607033
0,62.5,38.6172,51.0191,-1.50824,0.271577
0,62.5,1.24028,50.7676,0.141931,0.0400863
0,62.5,40.1078,51.0156,-0.453502,-0.610922
0,62.5,1.25621,50.9998,0.319004,-0.0392186
0,62.5,40.2626,50.7946,-0.695304,-0.43435
0,62.5,1.61643,50.7953,0.374731,-0.00275735
0,62.5,40.8676,50.9239,0.110439,0.637548
0,62.5,1.48615,51.0046,0.318518,-0.045566
0,62.5,41.4998,50.2565,0.174745,0.622044
0,62.5,1.37619,36.103,0.447611,4.11502
0,62.5,57.7694,32.3068,4.1905,5.47303
0,62.5,6.03956,33.6994,-1.5799,-0.541567
0,62.5,48.0114,36.383,-1.16187,7.93622
0,62.5,1.73159,40.0246,0.72051,1.00064
0,62.5,51.8448,36.6878,2.32217,7.29858
0,62.5,3.0579,36.0481,-0.874479,1.14143
0,62.5,51.2868,37.1627,1.33656,3.99263
0,62.5,3.5643,34.9914,-0.772757,0.377458
0,62.5,39.6741,33.9417,-5.24767,5.39008
0,62.5,3.36542,32.6534,-1.1691,0.290248
0,62.5,42.8286,36.6849,-2.54432,7.00882
0,62.5,2.48659,41.7206,0.729711,0.589939
0,62.5,38.386,40.7183,-0.215012,-0.356905
0,62.5,4.06644,34.5045,-1.00075,0.0799417
0,62.5,39.7506,45.4602,0.629245,6.13399
0,62.5,2.22874,34.8769,-0.309111,2.99866
0,62.5,41.3424,47.5725,3.1049,6.41211
0,62.5,7.28533,25.5304,5.2897,-2.91246
0,62.5,40.0638,45.8106,2.69412,7.59551
0,62.5,2.45892,35.2265,-0.575029,2.34555
0,62.5,40.5013,46.5262,1.09103,8.72434
0,62.5,3.50854,36.7927,-0.918726,-0.547422
0,62.5,38.6139,45.0683,0.241523,2.4947
0,62.5,2.63861,40.5958,-0.242896,0.60168
0,62.5,40.638,43.8884,-2.46858,1.19805
0,62.5,1.60831,40.2858,-0.0273489,1.44621
0,62.5,41.063,45.4921,0.603694,1.91535
0,62.5,3.10002,37.7167,-0.616601,0.489982
0,62.5,39.9592,48.9899,-1.92295,3.35903
0,62.5,5.55791,22.0957,4.77677,-8.16308
0,62.5,37.8999,34.3398,-6.09847,4.94521
0,62.5,5.22317,36.8988,-0.514689,-1.35108
0,62.5,50.1547,38.2943,-0.11881,0.873686
0,62.5,1.27052,41.1045,0.11306,1.05303
0,62.5,59.7289,33.3348,1.19288,-1.34511
0,62.5,3.0941,33.1577,-1.08361,0.212252
0,62.5,71.4024,28.0985,0.760852,-4.26564
0,62.5,1.26793,40.6319,1.01366,0.754105
0,62.5,75.3454,35.7552,0.228342,0.894551
0,62.5,3.4764,38.3203,-0.27396,-1.21862
0,62.5,75.6524,29.8607,1.24616,-1.56959
0,62.5,4.42106,36.7518,-0.74165,-1.0543
0,62.5,74.5407,32.9304,1.39822,-0.861457
0,62.5,4.82394,36.4933,-1.26095,-1.16588
0,62.5,75.2839,33.7011,-0.343279,1.67735
0,62.5,3.91462,35.9336,-1.05587,-0.650745
0,62.5,75.501,38.1009,0.16075,1.86824
0,62.5,4.1065,37.606,-0.477358,-1.37868
0,62.5,74.446,40.1902,-0.487799,1.09262
0,62.5,2.12243,38.3965,0.244401,2.5809
0,62.5,74.3176,40.5203,-0.324507,0.705091
0,62.5,3.50282,35.889,-1.24919,0.148972
0,62.5,74.7429,40.5275,-0.128787,1.62313
0,62.5,4.3216,36.0553,-0.538578,-0.846907
0,62.5,74.7063,39.8382,0.0930473,1.25201
0,62.5,4.42548,35.1824,-1.08865,-0.60358
0,62.5,74.6638,40.7732,-0.212858,1.3252
0,62.5,3.88733,38.7985,-0.0281024,-0.91073
0,62.5,73.0918,40.6875,-0.316903,-0.37614
0,62.5,3.89106,35.6329,-1.01171,-0.355454
0,62.5,73.9239,39.5136,0.474982,0.0944259
0,62.5,3.66926,38.7699,0.136484,-1.13071
0,62.5,73.022,30.4761,3.33122,-2.65216
0,62.5,3.45978,38.9039,-0.268691,-1.27959
0,62.5,75.7394,41.3436,0.227278,1.40468
0,62.5,4.36298,38.105,-0.0193341,-1.35131
0,62.5,73.5067,39.0994,0.248794,-0.213541
0,62.5,4.09604,39.4987,0.681651,-1.12127
0,62.5,75.1189,42.4114,-0.450526,1.06856
0,62.5,3.11475,39.5045,0.393941,-0.0505846
0,62.5,73.9681,38.722,0.637653,0.216838
0,62.5,3.44041,39.2147,1.16503,-0.297855
0,62.5,76.0141,42.5604,-0.274335,1.59343
0,62.5,3.66095,41.4121,0.378276,0.223534
0,62.5,74.5672,41.0342,-0.323206,0.691939
0,62.5,2.71777,42.1523,0.266089,0.477262
0,62.5,73.0207,40.1336,-0.145531,-0.34416
0,62.5,2.70183,42.429,0.419917,0.709812
0,62.5,72.6529,28.669,2.42099,-2.89561
0,62.5,4.23869,39.2356,0.291577,-1.20911
0,62.5,72.8,41.1348,-0.564758,-0.611294
0,62.5,3.89541,40.6294,0.583624,-0.354742
0,62.5,75.0005,32.404,1.42759,-0.652461
0,62.5,3.878,40.3322,0.755391,-0.17137
0,62.5,74.3439,35.9125,-0.0344067,-0.620237
0,62.5,3.71386,40.8981,0.38286,-0.0246152
0,62.5,75.3112,37.3045,0.235955,2.05117
0,62.5,3.85076,41.1717,0.254283,0.241962
0,62.5,74.158,40.6809,-0.177894,0.619001
0,62.5,2.94131,42.3103,0.283592,0.540618
0,62.5,74.0431,40.3754,-0.368797,0.531123
0,62.5,3.87158,41.462,0.326286,0.306422
0,62.5,73.7177,39.3288,0.411957,-0.228851
0,62.5,3.47069,41.8951,0.0645724,-0.106154
0,62.5,73.824,41.7913,-0.955183,0.175994
0,62.5,3.18551,42.1877,-0.082077,-0.0475663
0,62.5,75.9921,36.9142,0.446442,1.15639
0,62.5,1.97353,43.2931,0.0920011,0.694731
0,62.5,74.9035,32.1252,1.39078,-1.03208
0,62.5,2.50506,42.8552,-0.33053,0.348513
0,62.5,73.975,41.592,-0.703093,0.508431
0,62.5,2.02913,42.7925,-0.323413,0.704895
0,62.5,73.3787,42.6835,-0.515424,0.444116
0,62.5,2.33138,43.0587,-0.319506,0.0190192
0,62.5,75.7584,40.4092,0.043029,1.57704
0,62.5,2.22555,43.2868,0.182316,0.347259
0,62.5,76.0119,40.24,-0.0555498,1.71735
0,62.5,1.5309,43.4908,-0.0362434,0.123983
0,62.5,74.1988,41.1802,-0.528433,0.753747
0,62.5,1.53947,43.7104,-0.117121,0.201012
0,62.5,75.9779,42.0933,-0.147514,1.428
0,62.5,1.59452,43.9494,0.156804,0.171242
0,62.5,74.5262,36.1375,0.337991,-0.255278
0,62.5,1.52428,44.1537,-0.521339,0.106952
0,62.5,74.7972,29.5756,1.96215,-2.6551
0,62.5,1.57454,44.3788,-0.123486,0.0813086
0,62.5,74.6479,42.0052,-0.597544,0.495925
0,62.5,1.52536,44.5949,0.0419026,0.107859
0,62.5,74.8537,36.5338,0.297317,0.416475
0,62.5,2.07966,44.5392,0.0971802,-0.184799
0,62.5,76.0158,35.4937,0.158651,1.56132
0,62.5,2.01288,44.7813,0.0487176,0.201297
0,62.5,73.9171,34.8975,0.492584,-0.995588
0,62.5,1.781,44.6728,0.204754,-0.0399201
0,62.5,75.4523,28.8026,1.19579,-3.49138
0,62.5,1.76102,44.9245,-0.0760771,0.0640174
0,62.5,74.9266,41.5431,-0.260757,1.08131
0,62.5,1.96915,45.0443,-0.209946,0.308082
0,62.5,75.0539,34.1939,-0.294551,1.49898
0,62.5,2.74504,44.6178,-0.0889404,0.181996
0,62.5,73.2722,39.4654,0.190598,-0.312458
0,62.5,1.70843,45.1978,-0.162914,0.148059
0,62.5,76.0007,50.1553,-0.130736,0.396612
0,62.5,1.44921,45.6271,-0.35217,0.271249
0,62.5,66.5719,35.5599,1.27578,0.241382
0,62.5,1.65001,45.4725,-0.358623,0.232351
0,62.5,75.6463,37.251,-0.317657,1.69144
0,62.5,1.84969,45.5816,-0.375354,0.385355
0,62.5,73.2868,33.283,1.74887,-1.79382
0,62.5,1.89044,45.8978,-0.0919862,0.16814
0,62.5,71.1483,30.7594,3.24782,-2.56193
0,62.5,2.06164,46.075,-0.134083,0.178855
0,62.5,73.4784,41.4182,-0.594634,0.0916519
0,62.5,2.19621,45.8535,-0.161914,0.0618258
0,62.5,75.7764,40.1419,0.0456797,1.75774
0,62.5,1.87938,46.4903,0.0694091,0.243849
0,62.5,3.10773,39.7425,0.163173,0.228081
0,62.5,1.65973,46.3113,-0.0410591,0.306333
0,62.5,37.3307,50.7339,-1.45247,-0.0639994
0,62.5,1.66447,46.5931,0.248353,0.331638
0,62.5,71.9198,33.2859,2.03758,-2.22451
0,62.5,1.44104,46.4367,0.0724858,0.447506
0,62.5,61.6548,32.9715,1.99013,-1.25197
0,62.5,1.65102,46.8852,0.177463,0.329644
0,62.5,75.7711,37.4666,0.291628,1.76784
0,62.5,1.6389,47.1776,0.570547,0.200126
0,62.5,75.2949,36.2166,-0.436353,1.48892
0,62.5,1.52509,47.5155,-0.304502,0.618065
0,62.5,75.5965,35.6516,0.544927,0.85594
0,62.5,1.42939,47.2921,0.727337,0.105989
0,62.5,2.1395,30.0959,-1.94719,-1.13272
0,62.5,1.49906,47.7643,-0.167668,0.690643
0,62.5,73.6325,40.1747,-0.0162288,-0.0231174
0,62.5,1.70285,47.9046,0.227086,0.379695
0,62.5,75.0701,39.9187,-0.158015,1.52606
0,62.5,1.65548,48.1755,0.0907322,0.342484
0,62.5,64.5913,35.6999,0.943405,0.550133
0,62.5,1.86692,48.307,0.0154707,0.557652
0,62.5,73.817,32.1808,1.74088,-1.31392
0,62.5,1.63284,48.4434,-0.0777402,0.35096
0,62.5,2.66002,39.0008,0.858347,0.740547
0,62.5,1.45609,48.6124,0.00180976,0.194846
0,62.5,72.8043,41.7528,-0.615871,-0.419529
0,62.5,1.46466,48.8743,-0.135748,0.193946
0,62.5,75.1874,24.1587,-0.337644,-7.03167
0,62.5,1.23877,49.0102,0.00291784,-0.0246795
0,62.5,1.79799,41.3226,0.390431,0.864796
0,62.5,1.48983,49.1276,0.203059,0.0995087
0,62.5,40.891,47.5515,3.95276,7.27909
0,62.5,1.74079,49.499,0.2758,-0.24407
0,62.5,38.0138,50.589,-1.41539,0.0346571
0,62.5,1.97356,49.6511,0.273574,-0.0997651
0,62.5,37.4235,42.0335,1.98963,-0.152426
0,62.5,1.49158,49.6203,0.193868,-0.00858164
0,62.5,38.3374,51.034,0.105086,-0.231696
0,62.5,1.72443,49.7501,0.240766,-0.211179
0,62.5,39.8061,51.0278,-1.28984,0.0752906
0,62.5,1.47875,49.8721,0.162489,-0.0860906
0,62.5,39.4245,50.5802,-1.41701,0.572419
0,62.5,1.48786,50.1342,0.282884,-0.106171
0,62.5,39.3499,50.7999,-0.173686,0.346037
0,62.5,1.48803,50.3856,0.0622799,-0.0739452
0,62.5,40.7822,50.6954,0.426643,0.488399
0,62.5,1.44693,50.6456,0.239172,0.0162578
0,62.5,41.0817,51.0418,0.54989,0.503269
0,62.5,1.71225,50.5356,0.172064,-0.117464
0,62.5,41.5849,50.7696,0.0154138,-0.885459
0,62.5,1.74862,51.0123,0.467951,-0.0930562
0,62.5,41.667,51.001,0.382984,-0.638753
0,62.5,3.00371,35.0641,-0.581299,0.848546
0,62.5,51.3648,31.9414,-0.224089,5.88066
0,62.5,4.15498,34.9233,-1.12946,-0.819677
0,62.5,55.3202,36.9053,1.93329,2.27328
0,62.5,3.16581,35.2084,-1.29027,0.249836
0,62.5,54.488,37.2448,1.22943,1.94317
0,62.5,2.02954,39.2632,0.325079,2.00506
0,62.5,54.0227,36.8755,2.07447,3.67218
0,62.5,2.78605,33.8792,-0.654778,1.23699
0,62.5,50.5296,37.1153,-0.263664,2.95437
0,62.5,3.08436,32.772,-1.2373,0.981863
0,62.5,43.2098,36.865,-2.33639,7.13616
0,62.5,3.54641,38.0766,-0.126664,-1.11952
0,62.5,42.3009,35.6101,0.461617,5.33845
0,62.5,2.60797,36.2574,-0.497924,1.87169
0,62.5,45.0817,39.0962,-4.50217,1.85283
0,62.5,3.1366,34.6942,-0.703842,0.69645
0,62.5,38.9586,42.0846,-0.00788249,0.639445
0,62.5,2.6276,39.5982,0.689676,1.05547
0,62.5,41.739,46.6743,-1.97812,-1.34375
0,62.5,3.1701,38.2557,0.125318,-0.742248
0,62.5,41.3884,45.8953,-1.03271,0.468654
0,62.5,1.98364,37.364,-1.27681,4.79839
0,62.5,41.0205,45.8114,-0.810043,3.7086
0,62.5,3.58226,35.3135,-0.175389,0.0613579
0,62.5,39.7346,45.0242,0.0977381,4.56712
0,62.5,2.86224,36.6573,-2.40478,1.60672
0,62.5,39.888,42.075,-1.99199,-0.00415711
0,62.5,4.85175,35.7898,-0.746148,-1.43916
0,62.5,40.9074,44.1304,-2.26936,-0.249008
0,62.5,5.0588,37.0274,-0.502455,-1.7377
0,62.5,39.8851,47.129,4.68404,7.77169
0,62.5,5.06345,35.9469,-1.33359,-1.42294
0,62.5,40.6616,43.594,-1.14983,0.840149
0,62.5,4.562,36.4761,-0.234844,-1.23115
0,62.5,41.4627,45.0607,-3.07403,0.137094
0,62.5,4.25283,37.0186,-0.854652,-1.34012
0,62.5,42.1665,47.1673,-0.297275,-3.14792
0,62.5,4.55182,37.5734,-0.544972,-1.52818
0,62.5,42.038,48.3172,4.07517,-1.17645
0,62.5,4.22053,35.171,-1.37633,-0.698739
0,62.5,47.2349,39.1817,0.47069,4.15476
0,62.5,4.24404,36.6236,-0.920146,-0.886029
0,62.5,33.2077,38.7348,-0.455932,4.57668
0,62.5,4.17272,37.3102,-0.784082,-0.838884
0,62.5,73.5666,28.102,3.15574,-3.2772
0,62.5,3.93126,36.2447,-0.93007,-0.8108
0,62.5,73.8717,21.7418,-2.77554,-8.99078
0,62.5,3.79857,37.8854,-0.410647,-0.833728
0,62.5,71.1385,29.7891,4.14161,-2.40751
0,62.5,3.77549,38.139,-0.0930846,-0.841636
0,62.5,74.6954,32.5381,1.36137,-0.848659
0,62.5,2.85595,39.6983,0.476811,0.23302
0,62.5,74.3482,33.191,1.4804,-0.940674
0,62.5,4.75851,38.0537,-0.249529,-1.72711
0,62.5,74.4711,32.7378,1.45059,-1.38982
0,62.5,3.9721,38.1989,-0.172833,-1.321
0,62.5,73.0219,40.4039,-0.252175,-0.485163
0,62.5,4.30775,37.7725,-0.437975,-1.24155
0,62.5,74.168,39.4393,0.40094,0.573471
0,62.5,4.14259,38.0303,0.0510994,-1.69821
0,62.5,75.1641,41.9435,0.0316442,1.11687
0,62.5,4.58989,38.1887,0.281971,-0.752807
0,62.5,73.1952,40.9267,-0.417398,-0.239722
0,62.5,4.10425,38.6702,-0.097182,-1.0965
0,62.5,75.2416,36.4415,0.0874284,0.981724
0,62.5,3.84801,38.5231,0.00829422,-1.10106
0,62.5,74.4112,39.3793,0.0624599,1.02006
0,62.5,4.0796,38.4138,0.0244646,-0.958122
0,62.5,75.0661,39.6802,-0.000961562,1.72974
0,62.5,4.29797,39.61,0.812716,-0.755904
0,62.5,73.9206,42.9805,-0.627257,0.704034
0,62.5,3.49657,40.8538,-0.104586,0.633356
0,62.5,75.6846,26.8526,0.716417,-6.77415
0,62.5,4.04383,40.081,0.233595,-0.627953
0,62.5,67.0558,33.0067,3.57673,0.9818
0,62.5,4.13489,40.6436,0.224493,-0.275403
0,62.5,74.1182,41.384,-0.604581,0.733527
0,62.5,4.21835,40.8804,0.674508,-0.411176
0,62.5,73.0412,39.5266,0.366896,-0.639629
0,62.5,4.08678,41.3696,0.369951,-0.671793
0,62.5,73.7027,39.6073,0.260742,0.0704612
0,62.5,4.30874,41.1995,0.483687,-0.672302
0,62.5,73.7536,38.7848,0.456421,0.206127
0,62.5,3.94799,40.8843,0.236356,-0.0308373
0,62.5,75.3084,32.5029,0.667695,0.667878
0,62.5,4.07828,41.102,0.431138,-0.409623
0,62.5,74.4507,40.7447,-0.219944,0.843156
0,62.5,3.69398,41.7164,0.0141258,0.206176
0,62.5,74.8705,37.0764,0.394104,0.23493
0,62.5,3.68111,42.0001,0.243638,0.204359
0,62.5,3.17526,36.4477,-1.61773,1.48751
0,62.5,3.22613,42.4303,0.182541,-0.0274822
0,62.5,72.4787,28.3986,2.63987,-3.37638
0,62.5,2.74794,42.6541,0.00257027,0.726172
0,62.5,1.92567,38.9964,1.7197,2.30885
0,62.5,2.99785,42.5387,0.29593,0.481307
0,62.5,76.0118,39.7385,-0.448012,1.81569
0,62.5,2.48921,43.2921,-0.134565,-0.0334303
0,62.5,1.53546,40.7407,0.216923,1.30088
0,62.5,2.61433,43.0759,0.00363915,0.32459
0,62.5,75.4148,41.8596,-0.136003,1.47612
0,62.5,2.10843,43.53,0.19714,0.445294
0,62.5,74.9805,40.6401,-0.302386,1.25761
0,62.5,1.85849,43.5255,0.137916,0.745767
0,62.5,75.202,40.883,-0.224101,1.27616
0,62.5,1.7934,43.7388,-0.136651,0.553433
0,62.5,74.5344,39.6346,0.495945,1.20054
0,62.5,1.86018,43.9912,0.164083,0.427399
0,62.5,72.7667,21.5996,-2.67677,-0.120194
0,62.5,2.10243,44.0435,0.310535,0.160324
0,62.5,73.6322,42.8931,-0.708589,0.712267
0,62.5,1.80614,44.2115,-0.323945,0.289759
0,62.5,75.7494,40.6726,-0.15926,1.60646
0,62.5,2.31784,44.303,0.228485,0.257286
0,62.5,75.7765,37.0712,-0.533887,1.83392
0,62.5,2.07818,44.2824,0.0987082,-0.0865468
0,62.5,75.3071,39.8496,0.0927747,1.93499
0,62.5,2.57601,44.1466,0.280894,0.441845
0,62.5,74.0798,39.7254,0.42544,0.425605
0,62.5,2.31345,44.5752,-0.0680659,0.192668
0,62.5,73.8343,35.6224,0.290986,-0.740275
0,62.5,2.2418,44.8315,-0.095866,0.31303
0,62.5,4.21318,34.1747,-1.34585,-0.356418
0,62.5,2.95782,43.8102,0.0143478,-0.212516
0,62.5,2.89002,40.4945,0.0570882,-0.206741
0,62.5,2.75352,44.3441,0.17762,0.0555934
0,62.5,75.2409,42.1884,-0.265469,1.02595
0,62.5,2.77524,44.0306,0.193535,0.133696
0,62.5,1.52121,40.4798,-0.496191,0.552158
0,62.5,2.95835,44.2157,0.247175,-0.0248817
0,62.5,73.8443,42.7177,-0.528918,0.647494
0,62.5,2.51315,44.7163,-0.0660996,0.328964
0,62.5,4.84295,35.1466,-0.869752,-0.720213
0,62.5,1.90977,45.3069,-0.381701,0.456111
0,62.5,75.6436,28.0062,0.467236,-5.24855
0,62.5,2.183,45.1043,-0.22081,0.200844
0,62.5,72.3356,31.2116,2.76949,-2.36891
0,62.5,2.05198,45.6753,-0.119385,0.036943
0,62.5,3.93558,33.5552,-1.34105,-0.262589
0,62.5,2.11065,45.3913,-0.146937,0.150742
0,62.5,72.0117,32.9224,2.18721,-2.18457
0,62.5,2.54151,45.4342,0.145576,0.294467
0,62.5,74.5904,22.4345,-0.712951,-7.03636
0,62.5,2.44238,45.7219,0.0217217,-0.00528036
0,62.5,73.726,29.7351,3.04544,-2.88835
0,62.5,2.1157,46.42,0.0168667,0.34125
0,62.5,74.4607,41.2415,-0.305086,0.623307
0,62.5,2.25307,46.2439,-0.0668532,0.108853
0,62.5,73.2005,28.9101,3.29949,-2.366
0,62.5,1.86073,46.78,0.16921,0.381445
0,62.5,74.6705,40.1688,-0.252001,1.13355
0,62.5,2.07971,46.6828,0.0907502,0.380526
0,62.5,73.4891,39.6492,0.0200273,-0.118268
0,62.5,2.07065,46.9633,0.370239,0.329441
0,62.5,74.1295,35.526,0.281015,-0.509707
0,62.5,1.85516,47.0711,0.487245,0.385439
0,62.5,2.6071,33.7242,-0.451555,1.59542
0,62.5,2.02703,47.249,0.04675,0.669811
0,62.5,73.6542,22.9265,-2.71219,-8.19689
0,62.5,1.77492,47.3717,-0.0959672,0.735281
0,62.5,74.486,39.9185,0.165821,1.03022
0,62.5,1.74398,47.6242,-0.184812,0.488382
0,62.5,3.23488,40.9745,-0.200676,0.48269
0,62.5,1.90179,48.0404,0.0283533,0.604552
0,62.5,72.8233,39.6617,0.295635,-0.627261
0,62.5,2.11197,48.1835,0.141298,0.602791
0,62.5,72.2483,31.5256,2.81586,-2.28483
0,62.5,1.83603,48.5857,0.0636469,0.384242
0,62.5,10.56,31.9297,-1.67271,-0.547945
0,62.5,2.05367,48.7116,0.2448,0.337889
0,62.5,73.2422,40.3782,-0.242536,-0.327441
0,62.5,1.69163,48.7597,0.0554061,0.237248
0,62.5,74.2262,40.2618,-0.530667,0.798163
0,62.5,1.72448,49.0039,0.153643,0.025823
0,62.5,74.6471,32.2322,1.55248,-1.31502
0,62.5,1.99007,49.1524,0.506093,0.0228243
0,62.5,60.4762,33.0196,1.66185,-1.49206
0,62.5,1.73961,49.25,0.320321,-0.0489316
0,62.5,74.658,33.9457,0.519134,-0.523829
0,62.5,1.98179,49.3984,0.322662,-0.0939328
0,62.5,73.873,35.4136,0.513886,-0.726889
0,62.5,2.19479,49.8119,0.286133,-0.036878
0,62.5,33.821,40.1081,0.60644,1.05059
0,62.5,1.94782,49.9048,0.309215,-0.118973
0,62.5,39.137,50.6137,-0.825896,0.126391
0,62.5,2.16341,50.066,0.259416,-0.00976889
0,62.5,38.4556,50.8113,-0.987172,-0.217011
0,62.5,1.70615,50.007,0.333962,-0.193742
0,62.5,39.5378,51.0212,-0.36569,1.00848
0,62.5,1.92047,50.1678,0.275258,-0.133271
0,62.5,40.3642,51.0176,-0.287946,-0.481898
0,62.5,1.72573,50.2908,0.1761,-0.124111
0,62.5,40.6711,51.0342,0.132935,-0.987183
0,62.5,1.95847,50.4966,0.199883,-0.0202513
0,62.5,41.4177,51.0152,-0.111627,0.825572
0,62.5,1.87506,50.7447,0.386615,-0.127211
0,62.5,38.9387,51.0401,-1.25735,-1.61898
0,62.5,1.98903,50.9848,0.341423,-0.0369081
0,62.5,43.6216,50.7909,0.231178,-0.0706269
0,62.5,2.58197,38.0238,0.570954,0.517377
0,62.5,55.6051,36.7897,1.60841,2.61344
0,62.5,2.8787,38.8185,0.373889,0.254609
0,62.5,55.7453,36.4532,1.17476,2.50971
0,62.5,3.25928,36.9605,-1.56435,0.202768
0,62.5,55.4516,36.6864,1.58957,2.70497
0,62.5,2.79297,34.2859,-0.476693,1.382
0,62.5,55.5581,37.0605,2.06853,1.96441
0,62.5,4.00687,32.8908,-1.83275,-0.744321
0,62.5,54.7232,36.6034,1.78568,2.90897
0,62.5,3.5833,33.3004,-1.88362,-0.0959516
0,62.5,39.3042,33.7438,-6.58868,6.22829
0,62.5,3.36179,34.7683,-1.17892,0.557056
0,62.5,53.8284,37.1339,1.63143,4.58061
0,62.5,3.16563,34.4163,-0.659939,0.678321
0,62.5,46.7704,29.3789,-0.844615,2.39805
0,62.5,2.91181,35.4668,-0.783322,1.07611
0,62.5,37.1348,34.3083,-7.10808,5.14489
0,62.5,1.96746,39.729,0.255938,0.942082
0,62.5,43.8215,37.3646,-1.97614,7.48994
0,62.5,1.67166,38.9219,0.522855,2.53403
0,62.5,37.7901,39.7107,-0.642724,-1.82497
0,62.5,5.09844,37.2927,-0.330062,-1.42747
0,62.5,39.3393,47.7127,1.8375,1.13794
0,62.5,2.96225,35.8618,-0.487425,1.16854
0,62.5,40.8451,47.2917,2.02381,8.47605
0,62.5,4.7355,37.0255,-0.506188,-1.44451
0,62.5,39.548,42.7529,-0.401548,2.6409
0,62.5,4.62558,37.2898,-0.417477,-1.09968
0,62.5,39.2059,41.7915,-1.99342,-0.260958
0,62.5,5.26435,36.309,-0.860593,-1.35914
0,62.5,39.4772,44.7734,-0.034355,5.16773
0,62.5,4.51176,36.968,-0.628854,-1.21623
0,62.5,39.6168,44.6497,-0.178972,3.38851
0,62.5,4.86711,37.2306,-0.484532,-1.53129
0,62.5,40.2968,45.7418,0.114866,6.11321
0,62.5,5.46774,36.5287,-0.947457,-1.40244
0,62.5,41.8969,47.0742,0.0861334,-1.93584
0,62.5,4.41308,37.2213,-0.645079,-1.51805
0,62.5,40.4675,44.6006,-1.24005,1.74387
0,62.5,4.79039,37.4991,-0.18685,-1.61487
0,62.5,39.5313,47.6405,2.70335,4.3984
0,62.5,5.23268,37.5183,-0.219707,-1.20563
0,62.5,40.8958,46.3495,-0.943553,4.78191
0,62.5,4.34936,37.4972,-0.218279,-1.0208
0,62.5,39.5033,48.5502,-3.15664,2.9498
0,62.5,4.99625,37.5598,-0.25988,-1.28492
0,62.5,41.7609,47.6524,3.95184,1.52365
0,62.5,4.49177,37.8839,0.0666648,-1.02365
0,62.5,42.4957,47.762,3.43428,-3.24446
0,62.5,4.02811,37.8365,-0.391414,-0.828807
0,62.5,46.1647,38.9796,-2.00449,3.71077
0,62.5,4.86558,38.2951,0.112474,-1.18224
0,62.5,66.6861,33.5281,3.49221,0.641758
0,62.5,4.707,38.48,0.333005,-0.717382
0,62.5,54.7104,36.4265,1.73789,3.00426
0,62.5,4.49589,38.4536,0.0273042,-1.15399
0,62.5,61.7635,33.2629,1.69032,-0.980473
0,62.5,4.92829,37.8272,-0.0985294,-1.17484
0,62.5,62.3375,33.9271,0.819543,0.0560335
0,62.5,4.3171,38.6518,0.101247,-1.58933
0,62.5,70.5166,29.7252,3.54227,-2.45489
0,62.5,4.28847,38.3383,-0.338976,-1.34616
0,62.5,75.6275,32.1081,0.536667,1.40968
0,62.5,3.87522,39.0657,0.454981,-0.622961
0,62.5,75.7778,39.61,0.293894,2.0558
0,62.5,4.41255,39.387,0.277115,-1.23458
0,62.5,61.4934,33.2941,1.84877,-1.03806
0,62.5,4.00984,39.2589,0.330477,-0.68349
0,62.5,73.6683,32.8838,1.80991,-1.39698
0,62.5,4.09457,40.3798,0.655557,-0.475948
0,62.5,71.4189,29.0589,4.70762,-2.89473
0,62.5,4.27808,39.9927,0.0254469,-0.693884
0,62.5,75.0974,36.6008,0.174844,0.870834
0,62.5,4.27758,40.2494,0.390777,-0.896766
0,62.5,74.8656,40.3179,-0.258586,1.03206
0,62.5,4.7005,40.2912,0.286221,-0.663814
0,62.5,75.8515,38.5341,0.0165259,1.44149
0,62.5,4.42432,40.9095,0.505026,-0.915788
0,62.5,72.8263,39.9655,0.0893275,-0.427948
0,62.5,4.1233,41.6305,0.385285,-0.727406
0,62.5,74.4803,31.5479,1.588,-1.24912
0,62.5,4.34436,40.5638,0.359896,-0.480509
0,62.5,75.9852,40.4935,0.236181,1.34912
0,62.5,3.90828,41.7435,0.334441,-0.180789
0,62.5,73.2615,39.189,0.403284,-0.252623
0,62.5,3.9046,42.0251,0.24665,-0.120644
0,62.5,75.4212,39.109,-0.263371,2.09676
0,62.5,4.49735,40.3711,0.396357,-0.476461
0,62.5,68.9572,33.8792,2.81912,-0.552972
0,62.5,3.61366,42.2731,0.129792,-0.213925
0,62.5,73.3958,42.416,-0.493965,0.320086
0,62.5,4.12025,41.9165,0.412124,-0.702786
0,62.5,74.215,39.1755,-0.0697756,0.461228
0,62.5,3.42617,42.1605,0.151074,-0.299979
0,62.5,74.9483,28.2159,1.82507,-4.78775
0,62.5,3.44471,42.4878,0.177868,-0.263864
0,62.5,3.46543,35.5424,-0.796817,0.700237
0,62.5,2.79146,42.8757,0.0403682,0.778269
0,62.5,74.3945,41.9151,-0.551292,0.699264
0,62.5,3.03877,42.7742,0.21143,0.509309
0,62.5,2.0689,42.5328,0.168482,0.744083
0,62.5,2.36659,43.5276,0.0953491,0.203249
0,62.5,2.9736,38.3352,-0.247955,-0.514114
0,62.5,2.74586,43.305,0.101695,0.506367
0,62.5,3.79897,37.1225,-0.942892,-0.668847
0,62.5,2.05161,43.7862,0.0062458,0.540257
0,62.5,74.5036,42.1854,-0.373137,0.721587
0,62.5,2.28232,43.7677,0.0379525,0.341349
0,62.5,1.22385,42.3634,-0.367705,0.28707
0,62.5,2.34682,44.051,0.348611,0.359297
0,62.5,4.64337,34.9498,-0.573449,-0.988486
0,62.5,2.50173,43.8586,0.00134083,0.272531
0,62.5,72.6597,40.4769,-0.158006,-0.597498
0,62.5,2.83891,43.5237,0.0665431,0.321136
0,62.5,6.99721,34.3998,-1.54936,-0.503546
0,62.5,2.7187,43.7811,-0.131008,0.294943
0,62.5,3.42215,39.9158,0.318839,-0.448942
0,62.5,3.06782,43.5694,0.492926,-0.0844021
0,62.5,74.8966,30.8243,1.8269,-1.63671
0,62.5,2.53125,44.4275,0.123211,0.470302
0,62.5,73.2553,22.4643,-1.38537,-6.27063
0,62.5,3.23081,43.7814,0.231954,0.166409
0,62.5,76.026,38.6951,-0.0197889,1.67291
0,62.5,3.31162,44.0685,-0.0700472,-0.152258
0,62.5,1.78949,35.5662,-0.253793,4.46122
0,62.5,3.08214,44.018,-0.18017,-0.176173
0,62.5,1.82216,41.5405,-0.276615,0.875446
0,62.5,2.97916,44.5109,0.00414045,0.0406931
0,62.5,74.496,42.6226,-0.442607,0.758179
0,62.5,2.68294,44.8926,0.104916,0.157883
0,62.5,76.0377,38.048,-0.0765871,1.82201
0,62.5,2.42468,44.9843,0.075693,0.214442
0,62.5,75.4852,24.0474,-0.484863,-6.67137
0,62.5,2.35091,45.2737,-0.0235398,0.099371
0,62.5,1.63204,42.229,0.622618,0.738347
0,62.5,2.59312,45.161,0.0708269,0.243731
0,62.5,74.6797,39.1276,0.322583,1.43171
0,62.5,2.29216,45.5508,0.0284577,0.00714872
0,62.5,74.9103,40.8477,-0.261548,1.34846
0,62.5,2.69281,45.622,0.239818,0.241678
0,62.5,75.2754,37.5891,0.457814,2.26101
0,62.5,2.53948,46.1853,-0.106797,0.0594894
0,62.5,75.8157,42.719,-0.573181,1.52479
0,62.5,2.36744,46.0121,-0.228774,0.10933
0,62.5,1.2659,28.9664,-0.699243,-1.82785
0,62.5,2.44057,46.4251,0.0144606,0.0512063
0,62.5,5.60793,32.9477,-1.92935,-0.909053
0,62.5,2.53692,46.8546,0.165311,0.0710828
0,62.5,3.35109,33.85,-1.23354,0.100847
0,62.5,2.49771,47.1189,-0.021868,0.216349
0,62.5,74.446,39.1068,-0.084465,0.266438
0,62.5,2.31949,46.6186,0.0757094,0.0829415
0,62.5,2.86994,39.4435,0.289683,0.00161038
0,62.5,2.29628,46.8684,0.276615,0.168436
0,62.5,74.2666,39.9498,0.105648,0.625252
0,62.5,2.24339,47.3958,0.0710597,0.520102
0,62.5,3.78588,35.3891,-0.887918,-0.192628
0,62.5,1.99166,47.5021,-0.0102256,0.599444
0,62.5,1.78538,37.1535,-1.14264,4.18875
0,62.5,2.19253,47.66,0.0321681,0.566814
0,62.5,40.6715,49.0533,0.412102,3.81927
0,62.5,1.94374,47.7731,0.054422,0.472239
0,62.5,4.4876,35.4726,-0.983903,-0.764517
0,62.5,2.14932,47.9175,0.0728615,0.603231
0,62.5,41.6102,39.9536,-3.33704,1.46339
0,62.5,2.07527,48.4443,0.172503,0.530813
0,62.5,73.7602,40.4025,-0.0107301,-0.025567
0,62.5,2.28708,48.5291,0.333602,0.463102
0,62.5,42.9004,39.8538,-2.7973,0.513602
0,62.5,2.27056,48.8159,0.331118,0.298282
0,62.5,40.6405,46.2572,1.10031,6.59271
0,62.5,1.95572,48.9145,0.268043,0.258879
0,62.5,37.1526,44.4004,1.37491,-0.727104
0,62.5,2.22395,49.0496,0.622254,0.246348
0,62.5,43.9075,39.5309,-2.09248,0.0966208
0,62.5,2.23156,49.3012,0.537295,0.130153
0,62.5,38.1964,46.8863,2.03583,-2.20552
0,62.5,2.46123,49.4558,0.422289,0.287352
0,62.5,33.6567,40.7817,1.00879,1.72325
0,62.5,2.21463,49.5535,0.273496,0.0308452
0,62.5,39.678,50.0205,-0.788849,0.903665
0,62.5,2.43577,49.7117,0.25225,0.155622
0,62.5,37.6874,41.3237,0.826104,-0.140014
0,62.5,2.41261,49.9745,0.324242,0.154555
0,62.5,38.3994,49.5696,-2.12237,0.214332
0,62.5,2.60693,50.1507,0.303617,0.131573
0,62.5,34.212,40.5528,0.888538,0.875008
0,62.5,2.36335,50.2341,0.298108,0.0192904
0,62.5,40.208,49.9898,-1.47751,1.02543
0,62.5,2.11207,50.3324,0.194164,-0.0471349
0,62.5,41.0234,50.5267,0.209026,0.526404
0,62.5,2.70129,50.5432,0.31781,-0.0857996
0,62.5,39.0774,50.8535,-1.01251,-0.432481
0,62.5,2.28291,50.5141,0.267516,-0.0828883
0,62.5,40.4849,50.6063,-0.146627,0.576477
0,62.5,2.11427,50.7202,0.410859,-0.0590501
0,62.5,42.1242,50.8156,0.25168,-0.550816
0,62.5,2.20862,50.9879,0.434268,-0.144835
0,62.5,43.9935,51.0228,0.430206,0.496641
0,62.5,7.95499,23.5355,7.69194,-5.3931
0,62.5,56.7084,37.1734,1.78533,2.55568
0,62.5,2.62284,38.7577,1.12652,1.12195
0,62.5,55.648,36.5362,1.11896,2.62791
0,62.5,2.73266,40.8239,0.301547,0.236366
0,62.5,51.1163,29.6169,-0.511916,4.29162
0,62.5,2.69624,35.3429,-1.25431,1.67908
0,62.5,55.4575,36.0842,1.85211,1.62039
0,62.5,2.49882,38.5873,0.971595,0.713231
0,62.5,47.7475,36.4578,-1.16389,7.94043
0,62.5,3.85896,34.4808,-1.13354,-0.107136
0,62.5,53.3197,37.1489,0.355985,3.43713
0,62.5,4.24646,33.83,-1.37452,-0.445827
0,62.5,54.3114,36.7326,2.40599,3.02573
0,62.5,2.78356,36.1806,-0.560452,1.44765
0,62.5,49.4178,38.3217,-0.132251,3.42141
0,62.5,2.78923,35.7965,-1.35088,1.63427
0,62.5,44.8264,37.1681,-2.68151,8.3775
0,62.5,4.28538,34.4594,-0.751943,-0.56802
0,62.5,49.9156,37.2106,-1.71208,0.33881
0,62.5,4.77486,34.4162,-1.15909,-0.543311
0,62.5,50.0583,37.7864,0.813943,1.88652
0,62.5,2.13278,40.1146,0.383553,0.863677
0,62.5,42.8744,36.5329,-2.55063,7.00597
0,62.5,3.10118,36.2767,-1.51275,1.25201
0,62.5,41.133,39.8962,-2.88419,1.59712
0,62.5,5.25752,36.6251,-0.75739,-1.57107
0,62.5,38.6919,41.8991,1.11947,0.411824
0,62.5,3.80005,35.0393,-0.693525,-0.144618
0,62.5,42.0943,47.353,1.83332,-2.09922
0,62.5,5.05544,35.3791,-1.07791,-1.2943
0,62.5,38.6745,41.5554,-1.08006,-1.93382
0,62.5,5.16279,37.8038,-0.245582,-1.147
0,62.5,38.9916,41.2218,-1.88217,0.301679
0,62.5,4.9561,34.6816,-1.45565,-0.677516
0,62.5,39.749,49.1149,-2.5431,2.46839
0,62.5,5.0195,35.042,-1.37178,-0.582244
0,62.5,40.9522,49.0881,2.26757,1.00283
0,62.5,5.27858,36.0591,-1.18444,-1.19476
0,62.5,41.5844,47.1011,0.0350557,0.531327
0,62.5,5.45716,37.5008,-0.31625,-1.37594
0,62.5,41.8698,47.4025,1.73476,-1.34943
0,62.5,5.25801,38.0679,-0.465743,-1.3788
0,62.5,39.6978,42.5577,-0.569966,0.675775
0,62.5,5.3117,37.2051,-0.234277,-1.32714
0,62.5,40.338,45.355,0.250552,4.96825
0,62.5,5.02788,38.0788,-0.13454,-0.998735
0,62.5,41.0477,48.73,3.48219,3.03497
0,62.5,4.70647,37.7779,-0.407658,-1.38066
0,62.5,41.5426,46.8681,-0.969214,1.05176
0,62.5,4.70096,38.8258,0.357188,-0.903748
0,62.5,39.983,44.226,-1.06807,4.43458
0,62.5,4.51627,38.7591,0.183028,-1.19373
0,62.5,41.61,48.2084,6.12119,3.53358
0,62.5,4.93041,39.1848,0.380795,-0.687706
0,62.5,40.1536,47.2525,4.23325,10.0178
0,62.5,4.73785,39.0971,0.407459,-1.1031
0,62.5,40.3557,44.3676,-1.19254,2.39109
0,62.5,4.85213,39.772,0.301378,-0.878033
0,62.5,41.8566,46.8983,-2.20971,-3.13053
0,62.5,4.44577,39.8066,0.483706,-0.328642
0,62.5,47.7001,39.1882,1.22146,1.72109
0,62.5,4.10286,38.9543,0.266249,-0.731851
0,62.5,41.1539,46.0425,-1.45866,1.50175
0,62.5,4.49628,39.0865,0.336836,-1.00762
0,62.5,41.4585,39.8153,-3.27128,1.14213
0,62.5,4.31786,38.9666,0.298122,-1.26753
0,62.5,50.4091,37.7425,0.117825,1.68857
0,62.5,4.69235,39.9333,0.468919,-0.715979
0,62.5,60.3613,33.6753,1.93213,-1.12359
0,62.5,4.51742,40.0903,0.484955,-0.501879
0,62.5,62.208,33.4684,1.2526,-0.329744
0,62.5,4.59428,39.6294,-0.0842289,-1.13389
0,62.5,60.5096,33.739,1.9097,-1.07911
0,62.5,5.12223,38.9831,0.320341,-0.866991
0,62.5,73.7247,34.6419,0.0282959,-1.30218
0,62.5,5.28565,40.1759,0.486402,-0.934637
0,62.5,51.6973,36.8493,2.35033,0.835925
0,62.5,4.90536,40.4245,0.562568,-0.923887
0,62.5,74.1079,41.8421,-0.822955,0.634878
0,62.5,5.06314,40.0354,0.264085,-0.885289
0,62.5,55.0102,36.5055,1.77766,2.3083
0,62.5,5.2941,39.8919,0.625072,-0.776594
0,62.5,75.3261,35.9853,0.725969,1.30129
0,62.5,4.76486,40.6157,0.512027,-0.75693
0,62.5,65.7459,34.0377,2.46713,1.36797
0,62.5,4.67018,40.9081,0.736367,-0.763558
0,62.5,62.3994,33.6628,1.04068,0.107024
0,62.5,4.55461,40.6643,0.317124,-0.666947
0,62.5,74.7662,23.995,-1.04037,-7.04784
0,62.5,4.3361,41.4512,0.332019,-0.579525
0,62.5,74.0791,34.2976,0.209839,-0.823407
0,62.5,4.52383,41.1588,0.560492,-0.964671
0,62.5,12.5397,32.9394,-2.46835,-0.762652
0,62.5,4.08496,42.2519,0.336988,-0.616719
0,62.5,74.0567,40.0338,-0.16469,0.621418
0,62.5,4.33434,41.7428,0.383582,-0.787588
0,62.5,39.2608,40.2895,-0.534842,-1.92553
0,62.5,3.66958,42.5457,0.358777,-0.31977
0,62.5,74.8844,41.9339,-0.112612,1.13017
0,62.5,3.85506,42.2816,0.394545,-0.194723
0,62.5,73.0239,41.6891,-0.739616,-0.428019
0,62.5,3.27016,42.7008,0.145999,-0.217889
0,62.5,75.5252,42.5762,-0.411398,1.10411
0,62.5,3.73055,42.7894,0.654266,-0.42817
0,62.5,2.52353,41.0022,0.275193,0.773898
0,62.5,2.90074,43.0915,0.313373,0.540247
0,62.5,75.0915,33.8241,0.14366,1.21264
0,62.5,3.1295,43.0017,0.32652,0.166378
0,62.5,73.9281,40.5947,-0.381774,0.505947
0,62.5,2.58704,43.5563,0.0734335,0.180839
0,62.5,73.4904,39.3668,0.27675,-0.139553
0,62.5,3.03435,43.3005,0.346599,0.389033
0,62.5,74.1534,33.8717,0.988006,-1.25084
0,62.5,3.2514,43.2752,0.490127,-0.17677
0,62.5,72.3103,30.1333,3.23014,-2.92261
0,62.5,3.31191,43.5265,0.419641,0.101718
0,62.5,25.7627,37.1803,-0.872086,1.57939
0,62.5,3.45469,43.8003,0.315683,-0.269157
0,62.5,75.9892,39.479,0.218546,1.78282
0,62.5,3.88522,43.0639,-0.218492,-0.350123
0,62.5,1.74064,41.0563,0.150061,0.935927
0,62.5,3.77334,43.9069,0.0929626,0.168192
0,62.5,73.2657,41.2763,-0.500032,-0.286568
0,62.5,3.54647,44.0383,-0.13243,-0.2034
0,62.5,75.2465,31.9933,1.1176,-0.479389
0,62.5,3.37652,44.3084,-0.016818,-0.378588
0,62.5,3.55868,37.238,-1.13708,-0.772144
0,62.5,3.17204,44.355,0.0741648,0.0619184
0,62.5,73.5066,40.4503,-0.148203,-0.313722
0,62.5,3.19058,44.65,-0.0238755,-0.000476195
0,62.5,1.46788,33.8294,0.332165,3.71391
0,62.5,2.94142,44.7758,-0.0379585,0.0873012
0,62.5,3.66369,36.9321,-1.00746,-0.470856
0,62.5,2.85176,45.0607,0.0860608,0.272956
0,62.5,6.8138,34.1674,-1.21413,-0.459218
0,62.5,3.02286,45.2454,0.17985,0.126011
0,62.5,2.32316,42.1838,0.311495,0.141486
0,62.5,2.7813,45.3306,0.166159,0.360027
0,62.5,52.5563,36.9839,0.723373,1.78121
0,62.5,2.927,45.5358,0.262419,0.220634
0,62.5,75.3298,29.9491,1.60815,-2.16576
0,62.5,2.6073,45.8961,-0.0802407,0.130042
0,62.5,6.9008,33.9719,-1.38869,-0.59452
0,62.5,2.70301,46.3937,0.0775658,0.000765756
0,62.5,41.4464,48.0677,4.95804,4.06905
0,62.5,2.84405,46.6474,0.192341,0.138812
0,62.5,3.39169,41.1187,0.115042,0.330873
0,62.5,2.61166,46.638,0.189648,0.0850278
0,62.5,21.2305,36.0296,-0.618949,2.4393
0,62.5,2.73693,46.9797,0.0245502,0.419652
0,62.5,73.6441,40.6552,-0.400374,-0.117443
0,62.5,2.69659,47.2625,0.0711375,0.333433
0,62.5,12.6147,32.1173,-2.33901,-1.34405
0,62.5,2.26879,47.1379,0.0230314,0.48618
0,62.5,74.7008,30.8451,1.70095,-1.72606
0,62.5,2.47142,47.3984,0.114993,0.251175
0,62.5,33.0257,39.6965,0.360189,1.56426
0,62.5,2.41654,47.6735,0.0314615,0.320319
0,62.5,41.0478,47.5722,3.36322,8.34165
0,62.5,2.60286,47.8235,-0.0428724,0.418655
0,62.5,42.2693,47.8514,2.8279,-1.87331
0,62.5,2.36984,47.956,0.0686988,0.510457
0,62.5,2.22685,25.5416,1.5091,-8.89088
0,62.5,2.55958,48.1038,0.127649,0.403109
0,62.5,40.1945,48.6089,-1.21473,7.2102
0,62.5,2.32677,48.2392,0.128015,0.428173
0,62.5,40.8188,45.751,-0.337023,4.17272
0,62.5,2.51251,48.3878,0.301707,0.41475
0,62.5,35.3427,40.888,1.83096,1.19609
0,62.5,2.491,48.6632,0.351162,0.411538
0,62.5,38.9438,41.6109,-0.249615,-0.614772
0,62.5,2.4894,48.9405,0.496683,0.313814
0,62.5,33.7173,40.3366,0.585835,1.27342
0,62.5,2.70884,49.0665,0.530735,0.265052
0,62.5,37.521,47.9003,-0.444903,-1.30159
0,62.5,2.4633,49.1926,0.610666,0.326335
0,62.5,39.9109,50.1672,-1.02438,1.23927
0,62.5,2.92044,49.2103,0.439967,0.25581
0,62.5,40.2512,50.5139,-0.339265,0.526424
0,62.5,2.68494,49.3338,0.55709,0.367567
0,62.5,40.0557,50.6535,-0.700864,-0.460103
0,62.5,2.67933,49.6127,0.325509,0.285509
0,62.5,39.5076,50.3982,-1.35186,-0.350315
0,62.5,2.89183,49.7706,0.343636,0.249428
0,62.5,39.73,50.6263,-1.53051,-0.422913
0,62.5,2.64833,49.8741,0.259762,0.180108
0,62.5,39.2028,50.3908,-1.06123,0.417488
0,62.5,2.79158,50.2908,0.430701,0.0363955
0,62.5,41.2654,50.8678,0.195631,-0.204626
0,62.5,2.51399,50.4281,0.366683,-0.00909562
0,62.5,39.6314,50.8004,-1.19208,0.608975
0,62.5,2.85276,50.0277,0.291724,0.121807
0,62.5,41.0645,50.7325,-0.511531,0.410931
0,62.5,2.59318,50.765,0.358239,0.0144853
0,62.5,40.7374,50.4752,0.49426,0.993413
0,62.5,2.36259,50.7345,0.421497,-0.191191
0,62.5,43.3307,50.8215,0.470575,0.226955
0,62.5,2.43972,50.9972,0.410969,-0.051824
0,62.5,45.5786,51.0146,0.213835,-0.0231139
0,62.5,1.83942,38.0648,0.768827,3.43884
0,62.5,63.4194,33.7317,0.289959,1.21743
0,62.5,1.3854,38.3834,1.43711,-0.992304
0,62.5,55.997,37.0443,1.85837,2.70108
0,62.5,2.04639,36.0726,0.0582075,3.44279
0,62.5,60.2746,33.1804,1.73868,-1.53688
0,62.5,1.25859,38.807,-0.847036,3.0555
0,62.5,57.6982,36.4304,3.15773,1.95181
0,62.5,2.03078,38.1815,0.289903,2.32444
0,62.5,40.2436,33.5265,-7.75382,7.18479
0,62.5,2.66075,35.1043,-0.817505,1.70105
0,62.5,56.9881,37.2605,2.04869,1.67879
0,62.5,3.60428,34.4065,-1.13812,0.0744244
0,62.5,56.887,37.0929,2.04914,2.2751
0,62.5,2.89413,32.6443,-1.55753,0.597604
0,62.5,55.7162,37.415,1.45804,2.34543
0,62.5,4.12445,33.4864,-1.46631,-0.357107
0,62.5,52.9864,36.8803,-0.00892304,2.10897
0,62.5,4.5241,33.8982,-1.14261,-0.858732
0,62.5,52.3557,37.0202,0.509983,1.90945
0,62.5,4.41394,34.1202,-1.38588,-0.500148
0,62.5,51.5709,37.0819,2.32819,1.83481
0,62.5,4.00188,34.2157,-1.07917,-0.122578
0,62.5,54.3452,36.5082,1.64368,3.0859
0,62.5,3.77409,34.7656,-0.473026,0.101896
0,62.5,48.6054,38.7077,0.311152,2.15299
0,62.5,4.5165,34.393,-1.49126,-0.476502
0,62.5,45.1926,38.7025,-1.26668,6.62482
0,62.5,3.06573,37.9992,-0.482121,-0.462844
0,62.5,43.3047,37.0838,-2.31835,7.14435
0,62.5,4.34709,34.6895,-1.13968,-0.664409
0,62.5,45.3818,38.9012,1.12607,0.309105
0,62.5,4.97804,34.396,-1.02243,-0.814871
0,62.5,43.831,39.3278,-2.22766,0.957543
0,62.5,5.2497,35.3303,-1.25451,-1.06858
0,62.5,36.86,39.5912,0.61284,1.26367
0,62.5,5.25462,35.751,-1.14553,-1.09836
0,62.5,39.7848,48.2473,-0.327312,4.28683
0,62.5,5.49977,36.267,-1.10679,-1.52341
0,62.5,39.1116,39.5356,2.46674,-4.87053
0,62.5,5.47352,37.0477,-0.321447,-1.50981
0,62.5,38.0115,40.3052,0.180745,-0.983677
0,62.5,5.70743,36.7245,-0.582309,-1.36455
0,62.5,40.6552,47.278,2.06224,8.35265
0,62.5,5.38112,37.7754,-0.205222,-1.57144
0,62.5,38.6714,41.0658,-0.176775,0.394717
0,62.5,4.89518,38.6105,0.308702,-0.782075
0,62.5,41.2073,49.1269,1.79773,3.47186
0,62.5,5.10199,38.3388,-0.121818,-1.33444
0,62.5,40.8483,43.8321,-1.59896,-0.0143088
0,62.5,5.46223,38.1283,-0.374505,-1.22324
0,62.5,39.1848,42.3439,0.401276,0.422776
0,62.5,5.58928,38.3475,-0.108717,-1.01026
0,62.5,39.4178,41.9772,-1.09857,-1.37973
0,62.5,4.9379,38.8624,0.358931,-0.940707
0,62.5,39.6726,44.0345,-1.32678,3.59862
0,62.5,5.32006,38.3725,0.303759,-1.42958
0,62.5,41.4151,47.2517,-0.210603,4.98026
0,62.5,4.8695,40.1137,0.459648,-0.807327
0,62.5,40.7512,48.8996,3.44709,3.48892
0,62.5,4.63135,39.3347,0.653452,-1.1266
0,62.5,41.2898,48.2997,3.81764,2.05305
0,62.5,5.00358,39.4173,0.245443,-0.91801
0,62.5,40.3266,48.0793,1.85424,9.98386
0,62.5,4.80212,39.5144,0.345234,-0.715278
0,62.5,41.2504,47.9914,4.03275,5.66429
0,62.5,5.1202,38.5999,0.312523,-1.29829
0,62.5,38.4964,43.0087,1.52158,0.908708
0,62.5,5.39593,39.6542,-0.0179821,-0.672846
0,62.5,41.2051,45.6869,-1.10352,-0.0912608
0,62.5,5.06782,39.7693,0.507028,-0.763276
0,62.5,39.8152,46.4871,4.69564,8.70057
0,62.5,5.18895,39.5545,0.193104,-0.784535
0,62.5,38.982,44.9258,-0.532679,3.37377
0,62.5,5.14658,40.9559,0.122973,-0.543762
0,62.5,41.3882,48.4854,4.44775,2.74419
0,62.5,5.26798,41.2374,0.215239,-0.534956
0,62.5,46.4584,39.2203,-1.31763,1.45586
0,62.5,5.11093,40.3332,0.287319,-1.28025
0,62.5,38.4905,45.6489,1.25143,1.29753
0,62.5,5.46333,41.7462,0.0987182,-0.308084
0,62.5,39.0153,46.2985,1.31265,1.98419
0,62.5,5.03097,41.1775,0.209294,-0.307536
0,62.5,40.371,44.8436,0.190605,3.06555
0,62.5,4.92006,40.8347,0.406627,-0.506511
0,62.5,60.8598,33.3008,1.9395,-1.20473
0,62.5,4.82638,41.0948,0.140496,-0.13119
0,62.5,41.0287,48.5623,3.78734,3.44481
0,62.5,4.68802,41.3201,0.211726,-0.340167
0,62.5,60.3146,34.0777,1.8236,-1.00978
0,62.5,4.92438,41.713,0.290575,-0.17542
0,62.5,39.6645,43.5665,0.150895,2.1844
0,62.5,4.5403,41.5268,0.483384,-0.374745
0,62.5,54.6566,36.8561,1.82879,2.84329
0,62.5,4.49592,41.8774,0.0941897,-0.188686
0,62.5,40.5447,45.2566,-0.365453,4.84964
0,62.5,3.91388,42.5226,0.494947,-0.327375
0,62.5,55.1243,36.0253,2.19496,2.0524
0,62.5,3.97151,42.7892,0.676689,-0.501381
0,62.5,55.2399,36.4409,1.7263,2.49513
0,62.5,3.4858,42.7879,0.415737,-0.530657
0,62.5,60.9559,33.5067,1.8514,-1.07111
0,62.5,4.27763,42.0792,0.285979,-0.683289
0,62.5,50.327,38.0053,0.266194,1.69908
0,62.5,3.65376,43.0307,-0.0375635,-0.496557
0,62.5,59.1899,35.5176,3.18077,1.36839
0,62.5,3.72544,43.319,0.22304,-0.220956
0,62.5,38.927,47.6952,1.00041,-2.09522
0,62.5,3.35216,42.9958,0.367713,-0.370871
0,62.5,39.8781,46.2985,2.8165,6.37038
0,62.5,3.4908,43.211,0.240499,-0.0234914
0,62.5,74.1653,34.5423,0.755287,-0.65678
0,62.5,3.66848,43.6876,0.596396,0.0396304
0,62.5,55.1337,36.8043,1.61895,2.47011
0,62.5,3.53108,43.479,0.328099,0.0545588
0,62.5,75.5603,28.6264,0.793709,-3.57836
0,62.5,3.97149,43.2978,0.0944918,-0.281979
0,62.5,39.071,43.5279,0.595182,3.18374
0,62.5,3.85703,43.5501,0.268982,-0.316502
0,62.5,73.7613,32.6648,2.16423,-1.68265
0,62.5,4.18551,43.3264,0.149296,-0.22887
0,62.5,43.6442,39.3882,-2.00665,1.06284
0,62.5,3.98799,43.8619,0.178654,-0.368466
0,62.5,38.3332,45.781,2.3704,0.859474
0,62.5,3.68836,44.2195,-0.345245,0.0393033
0,62.5,40.7401,47.8065,4.24927,10.1801
0,62.5,4.06919,43.6074,0.233234,-0.331894
0,62.5,38.5853,42.2277,0.844346,1.64674
0,62.5,3.57028,44.4474,-0.0872594,0.141164
0,62.5,19.5271,36.3386,-2.87111,2.70109
0,62.5,3.39586,44.6301,-0.0229108,-0.0255251
0,62.5,75.6883,41.8033,0.20619,1.77216
0,62.5,3.09016,44.9546,-0.04231,0.0368518
0,62.5,72.4789,25.027,-3.60705,-3.12592
0,62.5,3.31664,44.9046,0.00200973,-0.0530709
0,62.5,41.349,46.6461,-0.853423,0.855364
0,62.5,3.1605,45.4731,0.257949,0.0485106
0,62.5,7.4095,35.1975,-0.936041,-0.583793
0,62.5,3.24958,45.1867,0.16359,-0.155911
0,62.5,39.778,42.2964,-1.41192,-0.288956
0,62.5,2.85082,45.8267,0.115526,0.296495
0,62.5,40.4513,47.3444,2.24089,12.7761
0,62.5,2.76985,46.0991,0.00805545,0.130419
0,62.5,38.6639,47.1398,1.42345,-0.673813
0,62.5,3.0067,46.0515,0.168731,0.254867
0,62.5,37.3654,40.6574,1.18987,0.19896
0,62.5,2.92112,46.325,0.0551537,0.0733457
0,62.5,39.7205,40.3583,-2.01947,-0.947811
0,62.5,3.05849,46.5398,0.157173,0.15452
0,62.5,42.5374,39.777,-2.52946,0.153751
0,62.5,2.93091,47.1463,0.182989,0.468635
0,62.5,36.4597,40.3227,1.98409,0.837006
0,62.5,3.15704,47.2735,0.244065,0.390264
0,62.5,34.6684,39.7775,0.856649,1.3398
0,62.5,2.90194,47.4075,0.0611641,0.345852
0,62.5,40.3684,41.7499,-2.64831,0.202272
0,62.5,2.66135,47.5477,0.0687607,0.380827
0,62.5,40.2545,40.4535,-2.8036,-0.273696
0,62.5,2.85425,47.6824,0.0513238,0.426531
0,62.5,39.3068,41.0597,-2.46539,-0.134141
0,62.5,2.80034,47.9574,0.0614878,0.28994
0,62.5,36.8354,41.2892,1.6617,0.49858
0,62.5,2.98914,48.1037,0.104633,0.222473
0,62.5,34.9062,38.6197,-0.131377,6.41807
0,62.5,2.75374,48.2391,0.17502,0.362862
0,62.5,35.5202,40.7017,1.4883,1.31401
0,62.5,2.95562,48.3807,0.22215,0.276967
0,62.5,43.3659,40.1771,-2.92589,0.690624
0,62.5,2.72262,48.5141,0.317805,0.324043
0,62.5,39.5174,41.0235,-2.63957,-1.21843
0,62.5,2.70847,48.7878,0.471154,0.327848
0,62.5,39.97,43.3415,-1.37347,2.45185
0,62.5,2.93202,48.6562,0.410415,0.232102
0,62.5,39.7497,49.8047,-1.89489,1.19401
0,62.5,2.92673,48.9321,0.506883,0.234193
0,62.5,37.4625,48.2443,-0.269326,-1.71456
0,62.5,3.1409,49.0961,0.428991,0.129369
0,62.5,38.1016,49.4601,-1.06152,-0.253842
0,62.5,3.12852,49.3736,0.418116,0.185862
0,62.5,38.1334,49.9247,-1.89784,-0.0215066
0,62.5,2.89431,49.4831,0.44992,0.290497
0,62.5,40.4768,50.371,-0.0934757,0.988786
0,62.5,3.09761,49.6463,0.357804,0.206093
0,62.5,40.0828,50.3257,-0.296396,0.941151
0,62.5,3.09779,49.9557,0.304843,0.276857
0,62.5,39.8789,50.466,-1.63604,0.098431
0,62.5,3.28813,49.8226,0.198227,0.118048
0,62.5,39.9362,50.8408,-1.48217,-0.372675
0,62.5,3.29218,50.1501,0.340389,0.200749
0,62.5,40.5407,50.8289,-0.325498,0.174212
0,62.5,3.04875,50.2113,0.391297,0.184311
0,62.5,41.3681,50.641,-0.516349,0.759586
0,62.5,2.96198,50.4762,0.37501,0.0255583
0,62.5,41.84,50.8048,0.333956,-0.20971
0,62.5,2.85318,50.7564,0.347172,-0.144002
0,62.5,42.8412,51.0289,1.13053,0.394197
0,62.5,2.68558,51.0116,0.355459,-0.0738928
0,62.5,44.8031,51.0093,0.934758,0.273879
0,62.5,2.92732,50.9849,0.27945,-0.0503851
0,62.5,46.1274,51.0027,-0.0093453,-0.131355
0,62.5,5.91586,33.4364,-1.67285,-0.488264
0,62.5,63.2253,33.9224,0.340258,1.2505
0,62.5,2.48159,31.9019,-1.12638,1.65845
0,62.5,54.9024,35.7497,2.37464,2.72737
0,62.5,1.35879,26.7207,0.479409,-5.09709
0,62.5,56.4668,37.1072,1.89686,4.30557
0,62.5,4.71388,20.6788,3.62066,-9.18341
0,62.5,42.6385,33.3924,-3.50472,5.64076
0,62.5,2.45021,38.2645,0.105702,0.629083
0,62.5,50.8622,37.3178,0.572347,3.66027
0,62.5,2.55541,39.3971,0.703279,1.07219
0,62.5,57.3215,36.9257,2.07581,2.43732
0,62.5,2.97395,34.6561,-0.498332,0.851328
0,62.5,57.6923,36.881,1.52874,1.83144
0,62.5,2.68921,33.1377,-0.48283,1.03581
0,62.5,55.1495,35.9162,2.47693,2.19089
0,62.5,1.85732,36.0617,-0.810156,4.40356
0,62.5,55.8028,37.0319,2.16581,2.23736
0,62.5,3.78659,32.9439,-2.13009,-0.497058
0,62.5,55.4771,35.5514,3.92081,2.32712
0,62.5,4.39702,33.6665,-1.31927,-0.838838
0,62.5,53.5394,37.0748,0.891846,3.93547
0,62.5,4.34952,33.3702,-1.54925,-0.600526
0,62.5,53.0793,37.2459,0.170889,3.00558
0,62.5,4.76328,33.8529,-1.44443,-0.82108
0,62.5,51.7528,37.4078,1.54065,1.26142
0,62.5,4.68237,34.158,-1.1544,-0.836404
0,62.5,44.6577,37.7241,-1.28981,7.67267
0,62.5,4.8761,34.0933,-1.22757,-0.997678
0,62.5,49.5314,38.3903,0.619417,2.92947
0,62.5,4.00878,34.7694,-0.60909,-0.279117
0,62.5,47.9278,39.0704,0.425871,3.73991
0,62.5,5.25263,34.4262,-1.77476,-0.926805
0,62.5,44.916,37.443,-1.62609,7.55879
0,62.5,5.17373,34.6443,-1.68288,-0.993879
0,62.5,46.8527,39.231,-1.20343,3.70522
0,62.5,5.19495,34.9484,-1.35449,-0.921605
0,62.5,48.425,38.8378,0.664059,2.49942
0,62.5,5.37778,34.8053,-1.2236,-0.896152
0,62.5,45.9178,38.9387,-2.09739,3.04248
0,62.5,5.46168,35.9214,-1.06747,-1.19176
0,62.5,43.4708,39.4779,-2.89084,0.127918
0,62.5,5.57601,35.1295,-1.0386,-1.05112
0,62.5,39.7964,40.8713,-3.37898,-0.881302
0,62.5,5.38224,35.5489,-1.11849,-1.07447
0,62.5,39.289,39.8829,0.517743,-3.4958
0,62.5,5.57606,37.876,-0.190537,-1.08193
0,62.5,39.7865,40.5781,-2.92544,-0.977838
0,62.5,5.46204,36.804,-0.458637,-1.47073
0,62.5,40.7697,48.0976,3.50263,9.18476
0,62.5,5.67329,37.6311,-0.456869,-1.26096
0,62.5,40.738,46.5017,1.49451,7.89312
0,62.5,5.73305,36.9706,-0.334152,-1.31517
0,62.5,38.1951,40.4782,1.00905,-0.402214
0,62.5,5.72679,38.0815,-0.420692,-1.01751
0,62.5,39.5305,42.3857,-1.18732,0.767485
0,62.5,5.53022,38.8305,-0.0732437,-1.39002
0,62.5,39.8572,45.7242,2.12255,5.54204
0,62.5,5.69881,38.5985,-0.0397854,-1.19041
0,62.5,41.2415,44.9985,-1.88195,0.0214803
0,62.5,5.44993,38.5851,-0.177132,-1.24782
0,62.5,39.3659,42.2121,-0.292874,-0.28484
0,62.5,5.38001,39.0332,0.0782083,-1.25237
0,62.5,38.819,41.3671,-1.89716,-1.00249
0,62.5,5.39485,39.3558,-0.0676439,-0.808877
0,62.5,39.8342,44.8175,-0.417487,6.35615
0,62.5,5.26866,38.769,-0.00811653,-1.20265
0,62.5,41.3292,46.4046,-1.53656,1.77721
0,62.5,5.61799,39.7149,0.0884963,-0.942276
0,62.5,39.4847,41.5165,-1.30628,0.0263608
0,62.5,5.49787,39.9877,0.502155,-0.732666
0,62.5,39.613,41.3575,-3.24345,-1.48139
0,62.5,5.27611,40.5218,-0.0349776,-0.820434
0,62.5,40.3262,42.1802,-1.78698,0.308164
0,62.5,5.06449,40.6524,0.031821,-0.932964
0,62.5,39.5823,43.2081,0.282598,2.47767
0,62.5,5.47325,40.3106,0.0535677,-0.632499
0,62.5,42.0866,47.6348,3.11867,-3.99636
0,62.5,5.43757,41.1112,-0.072413,-0.810659
0,62.5,38.6425,48.2798,-2.05163,-0.351597
0,62.5,5.49584,40.5833,-0.219209,-0.627492
0,62.5,40.7402,46.0425,-0.524291,3.45688
0,62.5,5.29816,40.803,-0.0846263,-0.674941
0,62.5,39.7299,44.4223,0.311109,4.41621
0,62.5,5.263,41.6059,-0.0144684,-0.104872
0,62.5,40.3442,46.4241,2.81067,8.66109
0,62.5,5.09887,41.4533,0.156587,-0.525708
0,62.5,38.2851,40.8853,0.868293,-0.435994
0,62.5,4.87796,41.4422,0.230276,0.0239951
0,62.5,39.6309,42.0687,-1.92081,0.44043
0,62.5,4.70931,41.9621,0.321119,-0.0413139
0,62.5,41.383,48.6886,1.92661,4.96382
0,62.5,4.70199,41.6815,0.385891,0.228641
0,62.5,39.9372,42.4908,-1.23922,0.031442
0,62.5,4.89592,42.039,0.290564,-0.173685
0,62.5,40.5655,45.8533,0.386611,4.71625
0,62.5,4.49204,42.166,0.382844,-0.365614
0,62.5,39.7998,43.7838,-0.261184,4.4943
0,62.5,4.87298,42.3221,0.22065,-0.352086
0,62.5,39.7319,43.029,-0.426654,0.829607
0,62.5,4.44952,42.514,0.235825,-0.163159
0,62.5,40.3994,44.1376,-0.738654,1.88112
0,62.5,4.65687,42.285,0.214509,-0.0676107
0,62.5,40.6495,48.5078,0.4046,3.81552
0,62.5,4.28371,42.3731,0.443255,-0.692108
0,62.5,40.0644,42.1603,-1.57507,0.0436744
0,62.5,4.27567,42.779,-0.0162343,-0.0147928
0,62.5,41.4538,45.6842,-1.35991,0.154595
0,62.5,4.13855,42.5845,0.665927,-0.527329
0,62.5,40.4681,46.0893,1.45766,6.25498
0,62.5,4.11743,42.9938,0.0340026,0.116257
0,62.5,40.2161,44.6231,-0.176131,3.05265
0,62.5,4.4898,42.7919,0.137636,-0.48954
0,62.5,38.4119,45.1854,0.805947,0.861861
0,62.5,4.55095,43.0567,0.239889,-0.471856
0,62.5,44.1566,39.3138,-2.5197,0.13044
0,62.5,4.42961,43.3267,0.16422,-0.398682
0,62.5,41.4441,48.8942,2.28434,2.28604
0,62.5,4.31718,43.0845,0.348362,-0.31411
0,62.5,39.7876,41.8064,-3.27535,-1.01709
0,62.5,4.30035,43.5712,0.320919,-0.287061
0,62.5,39.2073,42.6992,0.797017,0.521409
0,62.5,4.22001,43.8524,0.140273,-0.334027
0,62.5,39.5791,44.2975,0.618024,5.06912
0,62.5,4.3567,44.1056,-0.292707,-0.100648
0,62.5,35.9791,39.7772,1.97005,2.24176
0,62.5,4.13616,44.1325,-0.28483,-0.452084
0,62.5,40.2839,46.0292,2.37617,7.61237
0,62.5,3.83106,44.4511,-0.112696,-0.261387
0,62.5,35.6665,39.7555,1.45955,2.00919
0,62.5,3.91083,44.144,-0.238633,-0.120378
0,62.5,43.2529,39.5329,-3.161,0.503707
0,62.5,3.67125,44.6849,0.122785,-0.012317
0,62.5,38.2985,42.1165,-0.726722,-0.119845
0,62.5,3.54817,44.8923,0.0912916,-0.102637
0,62.5,41.126,46.9117,1.13696,4.69067
0,62.5,3.47591,45.1564,0.216162,-0.101587
0,62.5,34.1466,39.5742,1.76544,0.767305
0,62.5,3.62408,45.411,0.287171,-0.0831215
0,62.5,39.2965,48.6252,-5.70026,1.0755
0,62.5,3.39041,45.4338,0.264974,-0.260203
0,62.5,39.8248,42.8289,-1.60763,0.833293
0,62.5,3.07632,45.7566,0.168412,0.160231
0,62.5,42.1861,39.8221,-3.30375,0.0394271
0,62.5,3.228,45.9889,0.126462,0.0898126
0,62.5,40.7441,40.328,-3.25784,-0.57343
0,62.5,3.16397,46.2777,0.180954,0.271918
0,62.5,39.5316,40.1662,-0.71274,-2.08209
0,62.5,3.3111,46.5034,0.176641,0.282415
0,62.5,36.572,40.9007,1.55024,0.194832
0,62.5,2.94082,46.8569,-0.0871814,0.289484
0,62.5,36.35,40.5677,1.57818,1.66813
0,62.5,3.1562,47.0078,0.0146289,0.303482
0,62.5,40.2321,40.8233,-1.83833,-0.208764
0,62.5,3.34814,47.387,0.162506,0.426812
0,62.5,34.9564,40.5706,0.922136,1.40263
0,62.5,3.1005,47.5397,0.0186268,0.331357
0,62.5,36.4722,40.7254,1.76672,1.2625
0,62.5,3.28114,47.6872,0.0694567,0.291358
0,62.5,33.9245,40.7582,1.05361,1.38134
0,62.5,3.04449,47.8227,0.121177,0.384987
0,62.5,35.7889,40.7498,2.42777,1.34608
0,62.5,3.2274,47.9787,0.178895,0.26418
0,62.5,36.9614,41.0454,1.28822,0.0779075
0,62.5,3.18849,48.2572,0.204116,0.134113
0,62.5,37.4178,44.5065,1.12033,-0.567604
0,62.5,3.41932,48.1522,0.22842,0.169218
0,62.5,38.014,48.1637,-1.90422,-2.34266
0,62.5,3.38687,48.4312,0.27426,0.0582959
0,62.5,38.9829,49.3527,-2.10627,-0.181158
0,62.5,3.16135,48.5353,0.28154,0.0475203
0,62.5,35.6076,40.9675,1.31835,1.14892
0,62.5,3.36923,48.7094,0.32101,-0.0331259
0,62.5,37.7404,48.9043,-1.09179,-0.34796
0,62.5,3.1451,48.8112,0.371704,0.0601859
0,62.5,33.7557,40.5611,0.841303,0.980452
0,62.5,3.35084,48.9892,0.334883,-0.0411628
0,62.5,36.7455,42.6268,1.59989,-0.0190862
0,62.5,3.35152,49.2842,0.390488,0.0373422
0,62.5,38.4001,49.8863,-1.56141,0.25175
0,62.5,3.33487,49.5541,0.348464,0.075484
0,62.5,40.5572,50.1478,0.214969,0.839611
0,62.5,3.54385,49.7315,0.218996,-0.00286219
0,62.5,39.6944,50.2883,-1.50262,0.827577
0,62.5,3.47439,49.9829,0.226178,-0.102836
0,62.5,41.0532,50.2884,0.814703,1.45536
0,62.5,3.66519,50.1344,0.14893,-0.0917253
0,62.5,41.5687,50.4871,0.0166333,0.446625
0,62.5,3.48397,50.3012,0.277247,0.149289
0,62.5,40.7205,49.7766,0.513955,2.19982
0,62.5,3.3995,50.5372,0.322778,0.155142
0,62.5,40.7926,50.2621,0.0222375,1.65696
0,62.5,3.20516,50.4147,0.455586,0.184076
0,62.5,42.6956,50.841,0.891219,0.375
0,62.5,3.28037,50.7749,0.356661,0.285814
0,62.5,42.413,50.8226,1.15177,1.02157
0,62.5,3.08438,50.6877,0.315912,0.08964
0,62.5,44.2739,51.0167,0.604225,-0.0642251
0,62.5,3.14944,51.0071,0.115933,-0.183758
0,62.5,46.6598,51.0088,0.0845438,0.235249
0,62.5,2.66704,30.7706,-2.43647,-1.13625
0,62.5,65.7767,33.4918,2.47856,2.08
0,62.5,1.22911,39.3897,0.465769,1.8357
0,62.5,67.0973,33.3588,3.03677,0.66788
0,62.5,7.44559,35.4681,-0.884243,-0.767605
0,62.5,65.1915,33.6436,2.21047,2.02441
0,62.5,6.24429,23.8572,5.43466,-5.09428
0,62.5,38.0228,34.9231,-7.69363,7.9854
0,62.5,1.46954,39.5558,0.532299,1.5075
0,62.5,60.1574,33.3286,1.78455,-1.50868
0,62.5,2.27175,36.3376,-0.912681,4.09783
0,62.5,59.5886,33.5094,1.1992,-1.37015
0,62.5,2.27333,35.3153,-0.211628,2.98079
0,62.5,57.8475,35.7871,2.78642,1.74758
0,62.5,2.5214,33.3714,-0.606783,1.52698
0,62.5,57.3512,36.1971,2.2719,2.42432
0,62.5,2.40826,34.7856,-0.868991,2.60934
0,62.5,56.6339,37.3727,2.06368,2.08425
0,62.5,4.5773,33.3316,-1.77288,-0.698884
0,62.5,55.8973,37.3396,1.75024,2.21641
0,62.5,4.42136,33.072,-1.73102,-1.06318
0,62.5,55.2642,36.2248,1.83952,2.30971
0,62.5,4.84614,33.5542,-1.44023,-0.750207
0,62.5,56.6944,36.0262,5.77697,3.43155
0,62.5,4.6352,33.6028,-1.37175,-0.769524
0,62.5,52.7029,37.021,0.628496,2.177
0,62.5,4.19394,33.1621,-1.60045,-0.792568
0,62.5,54.3888,36.1971,1.33247,2.96311
0,62.5,5.00643,33.8425,-1.54546,-0.709382
0,62.5,50.103,37.3923,-1.06886,1.64679
0,62.5,5.1106,33.6612,-1.45163,-0.71981
0,62.5,51.4598,37.4085,2.63797,3.01276
0,62.5,5.49293,34.5951,-1.33838,-1.23144
0,62.5,49.7679,38.7619,0.981978,1.07642
0,62.5,5.12356,34.1866,-1.58291,-0.80616
0,62.5,50.0331,37.653,-0.213425,2.21889
0,62.5,5.61401,34.8631,-0.928244,-0.982749
0,62.5,50.4759,37.5969,-0.0928879,1.59204
0,62.5,5.55252,35.418,-1.03291,-1.20855
0,62.5,48.0427,39.0546,-0.73188,2.82219
0,62.5,5.59295,35.7433,-0.996497,-1.57726
0,62.5,49.9115,38.5186,-0.336667,1.0094
0,62.5,5.3639,35.133,-1.00706,-1.20751
0,62.5,50.1332,38.0244,1.3753,2.07848
0,62.5,5.70352,36.468,-0.652694,-1.28702
0,62.5,48.9568,38.3251,1.03978,3.16921
0,62.5,5.6592,36.1136,-1.19257,-1.31754
0,62.5,48.7459,38.8763,1.15732,1.57197
0,62.5,6.03164,37.2208,-0.208157,-1.05043
0,62.5,44.899,38.0629,-1.1819,7.75323
0,62.5,5.96157,36.9374,-0.737199,-1.40605
0,62.5,47.7077,39.3978,1.17012,2.27879
0,62.5,5.78936,37.2056,-0.603319,-1.50839
0,62.5,47.5327,39.1038,-0.856895,2.81946
0,62.5,5.56393,37.3001,-0.422921,-1.25534
0,62.5,38.9845,39.5026,2.20052,-4.59194
0,62.5,5.8189,37.4635,-0.548638,-1.31085
0,62.5,45.8327,38.8533,-2.49158,2.63622
0,62.5,5.84603,37.8155,-0.454844,-0.879483
0,62.5,39.1808,39.7699,1.20235,-3.39409
0,62.5,5.82758,38.3331,-0.100678,-0.814313
0,62.5,38.6702,40.2438,0.591737,-2.70688
0,62.5,5.58578,39.1609,-0.376542,-1.2941
0,62.5,40.6796,40.1068,-2.36052,0.595204
0,62.5,5.2042,39.2322,0.453691,-0.770901
0,62.5,38.8774,41.8001,0.250537,-0.0701099
0,62.5,5.95563,38.0752,-0.0658371,-1.09232
0,62.5,38.7163,40.714,-0.08909,-0.693988
0,62.5,5.61106,39.4456,-0.232178,-0.949736
0,62.5,39.4047,44.9764,0.864131,4.47249
0,62.5,5.81026,39.269,-0.624875,-1.12019
0,62.5,39.5222,48.8314,-2.77847,2.58795
0,62.5,5.73357,38.9555,-0.171892,-0.925121
0,62.5,40.4516,41.9558,-2.25384,-0.543017
0,62.5,5.84863,39.5417,-0.208154,-1.45221
0,62.5,35.7263,39.9893,1.83676,2.11319
0,62.5,5.67452,40.1229,0.168759,-0.579658
0,62.5,37.6099,40.5868,1.21123,0.0499665
0,62.5,5.52371,40.891,-0.15499,-0.726863
0,62.5,39.1041,41.4229,-1.46631,-0.268778
0,62.5,5.63837,41.3412,-0.318537,-0.440024
0,62.5,38.9772,43.2801,0.0187175,1.32952
0,62.5,5.4397,41.4371,-0.314187,-0.376068
0,62.5,36.4677,39.5624,1.28273,-0.492294
0,62.5,5.30165,41.9361,0.300006,-0.0362458
0,62.5,39.5673,41.7911,-2.45384,-0.793357
0,62.5,5.09996,41.8252,0.260725,-0.100064
0,62.5,36.5687,40.0791,2.45158,1.0244
0,62.5,5.29626,42.2403,0.147331,-0.133715
0,62.5,37.9797,40.6471,0.698204,-0.758969
0,62.5,5.09916,42.1295,0.25172,-0.101264
0,62.5,38.2797,41.5315,0.771608,0.0618297
0,62.5,5.12879,42.7157,0.267845,-0.205662
0,62.5,35.0721,39.7595,1.02406,2.27322
0,62.5,5.06289,42.4351,0.100124,-0.236035
0,62.5,36.3289,39.595,1.59563,1.11033
0,62.5,4.96989,42.9008,0.223975,-0.439402
0,62.5,41.8207,39.8712,-3.47109,0.384801
0,62.5,4.88326,42.6317,0.293483,-0.314454
0,62.5,37.5137,40.8698,1.81067,0.952404
0,62.5,5.18183,43.354,-0.0606108,-0.42403
0,62.5,35.3737,39.8268,1.40265,2.29523
0,62.5,4.92222,43.3796,0.0670886,-0.714765
0,62.5,44.5109,39.3735,-1.86383,0.101127
0,62.5,4.76918,43.1371,0.282745,-0.550552
0,62.5,39.1636,40.6053,-1.21869,-1.87437
0,62.5,4.66365,43.3706,0.0316912,-0.600101
0,62.5,34.5941,39.5533,0.856362,2.22311
0,62.5,4.66679,42.5658,0.245697,-0.295967
0,62.5,40.3443,40.2728,-3.95715,0.839988
0,62.5,4.72857,42.8568,0.25478,-0.487952
0,62.5,43.8759,39.8738,-2.04473,0.950655
0,62.5,4.70981,43.8351,0.0875638,-0.344909
0,62.5,39.5863,45.1617,-0.837016,6.84467
0,62.5,5.2539,43.7963,-0.294558,-0.0987734
0,62.5,34.3767,39.8254,1.2954,1.12239
0,62.5,4.54194,43.5987,0.244726,-0.275553
0,62.5,36.5522,39.8968,2.19011,1.44249
0,62.5,4.85786,44.0626,-0.276074,-0.119728
0,62.5,38.3748,40.026,-0.702118,-2.2892
0,62.5,4.44999,43.8363,0.097575,-0.142644
0,62.5,43.1512,39.8042,-2.76067,1.44848
0,62.5,4.59979,44.0716,-0.252146,-0.233365
0,62.5,42.3833,39.9195,-2.82776,-0.569893
0,62.5,4.50574,44.3374,-0.117457,-0.218468
0,62.5,43.0226,39.6034,-2.97514,-0.132092
0,62.5,4.2853,44.4011,-0.126755,-0.348904
0,62.5,44.957,39.7126,-2.44675,1.47182
0,62.5,4.05291,44.3987,-0.135431,-0.506881
0,62.5,42.9396,40.1676,-1.34685,0.821845
0,62.5,3.81164,44.9173,0.158078,-0.191441
0,62.5,43.129,40.0623,-3.29764,1.48395
0,62.5,3.93789,44.6857,0.00700882,-0.23655
0,62.5,41.6818,40.2828,-3.97033,-0.237017
0,62.5,3.70919,45.1518,0.230175,-0.119711
0,62.5,44.4293,39.8184,-1.76347,1.04269
0,62.5,3.96329,45.139,0.261423,-0.200928
0,62.5,35.6334,40.4044,1.89467,1.37718
0,62.5,3.8694,45.3901,0.230413,-0.16688
0,62.5,37.1256,40.8111,2.4129,0.825297
0,62.5,3.30657,45.7079,0.146183,0.0183059
0,62.5,38.0609,41.8749,1.03123,-0.161859
0,62.5,3.54553,45.6726,-0.0126982,-0.0326963
0,62.5,42.679,40.0098,-3.8522,-0.102541
0,62.5,3.39051,46.2126,0.0713438,0.144616
0,62.5,37.321,40.9514,1.39779,0.889466
0,62.5,3.53619,46.4313,0.156527,0.0462876
0,62.5,40.582,41.2561,-3.03204,0.0610429
0,62.5,3.19201,46.7562,-0.104375,0.260749
0,62.5,36.8564,40.8157,1.02896,0.385745
0,62.5,3.37379,47.0535,0.0825238,0.227157
0,62.5,44.6112,40.0157,-1.75739,0.867119
0,62.5,3.5366,47.2271,0.078106,0.141003
0,62.5,36.1213,40.8459,2.0039,0.494564
0,62.5,3.50549,47.5822,0.166818,0.315927
0,62.5,33.3935,40.6606,1.16698,1.06296
0,62.5,3.64679,48.0509,0.17304,-0.00821142
0,62.5,35.1701,40.7128,1.60333,1.28506
0,62.5,3.45717,47.8707,0.181479,0.130387
0,62.5,38.7376,43.3224,0.33199,1.43448
0,62.5,3.833,48.2349,0.135378,-0.0951086
0,62.5,36.6699,41.0754,1.96524,0.834421
0,62.5,3.61392,48.3383,0.254199,0.0787656
0,62.5,39.1427,44.8106,0.546605,4.06394
0,62.5,3.81652,48.524,0.280706,-0.094948
0,62.5,37.7416,47.79,-0.37407,-2.31416
0,62.5,3.59264,48.616,0.322107,-0.0375818
0,62.5,37.9547,45.4173,1.39926,-0.23372
0,62.5,3.57509,48.895,0.268725,-0.0671641
0,62.5,39.889,49.6206,-1.90572,1.03184
0,62.5,3.78251,49.0788,0.339466,-0.213215
0,62.5,39.4576,49.8587,-1.11927,1.11201
0,62.5,3.55348,49.172,0.240644,-0.0948623
0,62.5,38.837,49.8649,-1.65153,-0.140306
0,62.5,3.99709,49.2505,0.312358,-0.328821
0,62.5,40.119,49.7422,-1.78518,1.72511
0,62.5,3.75676,49.3481,0.182302,-0.269745
0,62.5,39.9784,49.9465,-1.09161,1.13918
0,62.5,4.22973,49.1714,0.335498,-0.196564
0,62.5,40.4672,49.929,-0.792433,2.42115
0,62.5,3.56536,49.4759,0.382822,-0.0211632
0,62.5,39.139,49.6324,-2.28848,0.671789
0,62.5,3.79077,49.6576,0.302971,-0.187421
0,62.5,40.2807,50.2002,-0.151799,1.08305
0,62.5,3.75915,49.8924,0.143902,-0.157932
0,62.5,41.0012,50.0373,0.84961,1.03461
0,62.5,4.01324,49.8648,0.144137,-0.259595
0,62.5,41.2188,49.9094,0.80441,1.49996
0,62.5,3.93747,50.1028,-0.0513111,-0.119489
0,62.5,41.7965,50.5641,0.909181,-0.22725
0,62.5,3.65369,50.5321,0.332812,0.0925535
0,62.5,42.3276,50.6051,0.433639,0.646909
0,62.5,3.54074,50.7683,0.256816,0.0590836
0,62.5,43.5769,50.5774,1.10676,0.0577862
0,62.5,3.79196,50.7731,0.273841,0.174008
0,62.5,41.9431,51.0266,0.814779,1.06244
0,62.5,3.65107,51.0074,0.123488,-0.0465665
0,62.5,42.2308,51.0212,1.29256,1.38182
0,62.5,3.40117,51.0102,0.24585,0.300648
0,62.5,47.0792,50.7913,0.304408,-0.184192
0,62.5,4.59861,34.6191,-1.29564,-0.659907
0,62.5,63.6009,33.7775,0.306125,1.3834
0,62.5,6.3324,33.797,-1.55591,-0.703455
0,62.5,66.2432,33.4899,3.34055,1.58382
0,62.5,6.25469,34.4972,-1.56052,-0.745584
0,62.5,68.8586,31.6804,4.54209,-1.04024
0,62.5,4.86009,32.2015,-2.82676,-1.14453
0,62.5,64.3811,33.8212,1.13097,3.02788
0,62.5,1.26932,39.6553,-0.161001,1.90714
0,62.5,66.0881,33.2533,3.65287,2.51288
0,62.5,2.3459,34.5114,-0.392964,2.63619
0,62.5,58.7317,36.0842,3.10567,0.83316
0,62.5,1.74057,35.9402,-0.579767,4.25943
0,62.5,58.4467,36.6013,2.4304,1.06229
0,62.5,2.5154,32.6648,-1.40421,1.31726
0,62.5,57.2392,36.7562,1.73246,1.79989
0,62.5,2.94166,32.3557,-2.45316,0.380389
0,62.5,58.1767,35.9559,3.29463,2.5383
0,62.5,2.01596,35.374,-0.0952726,3.6159
0,62.5,57.9635,36.3698,3.53075,2.66508
0,62.5,2.22732,35.621,-0.420201,3.21914
0,62.5,58.4945,36.1683,2.93507,1.73702
0,62.5,2.77106,33.4314,-0.819009,1.07975
0,62.5,55.5427,36.1483,1.67628,1.81831
0,62.5,5.22906,33.9855,-1.50741,-1.05758
0,62.5,57.6736,36.617,2.61278,2.76835
0,62.5,4.66937,33.1272,-1.91683,-1.08208
0,62.5,54.2599,37.4692,0.156516,1.91755
0,62.5,4.49091,32.8265,-2.0662,-0.743946
0,62.5,54.5218,36.9535,1.97802,2.23778
0,62.5,4.87639,33.3397,-1.73163,-0.776459
0,62.5,54.5505,36.2978,1.48455,3.13558
0,62.5,5.41217,34.2442,-1.60967,-0.998358
0,62.5,54.141,37.0551,1.75731,3.49879
0,62.5,5.77149,35.6345,-1.1059,-1.27856
0,62.5,52.7432,37.4033,0.50032,2.51855
0,62.5,5.78791,34.7065,-1.18331,-1.20641
0,62.5,51.9805,36.8394,1.16321,1.64706
0,62.5,5.80919,35.9696,-1.04821,-1.19727
0,62.5,52.2099,37.0069,0.64106,1.61402
0,62.5,5.77011,35.3468,-1.01417,-1.0923
0,62.5,50.6374,37.4458,0.788536,2.81712
0,62.5,5.86773,36.3175,-0.774903,-1.29701
0,62.5,50.737,37.6992,1.47294,1.27649
0,62.5,5.93856,36.6508,-0.676215,-1.16629
0,62.5,49.4407,38.589,0.764558,2.56696
0,62.5,6.02952,36.1769,-0.946709,-1.45814
0,62.5,49.523,38.8222,1.93763,2.44717
0,62.5,6.20745,37.0853,-0.462161,-1.07059
0,62.5,49.2505,38.754,-0.286417,1.94155
0,62.5,6.33689,36.6758,-0.768724,-1.15668
0,62.5,49.1931,38.3921,-0.489176,2.98124
0,62.5,6.2704,37.3869,-0.0502065,-0.837979
0,62.5,48.6467,39.0817,0.130098,1.67938
0,62.5,6.047,37.4946,-0.361531,-0.96819
0,62.5,49.0424,38.6808,1.34417,1.84469
0,62.5,6.08717,36.4841,-0.797187,-1.08507
0,62.5,48.759,38.5833,1.28196,2.62245
0,62.5,6.04912,37.755,-0.513564,-1.14052
0,62.5,46.5001,39.3721,0.180048,1.89528
0,62.5,6.18932,37.9706,-0.546596,-1.27318
0,62.5,48.4418,39.1642,1.53501,1.17157
0,62.5,6.28202,37.6484,-0.451686,-1.04188
0,62.5,46.9981,39.533,-1.19052,2.2035
0,62.5,5.99827,38.4818,-0.279165,-0.979265
0,62.5,45.6374,38.974,-1.84002,2.68817
0,62.5,6.13447,38.2489,-0.519236,-1.2048
0,62.5,48.06,39.3974,-0.728122,0.750286
0,62.5,5.87832,38.7271,-0.459584,-0.932982
0,62.5,47.4503,39.548,-1.45972,1.18698
0,62.5,5.99742,39.6886,-0.48369,-0.49675
0,62.5,46.142,39.2262,-0.865747,1.50341
0,62.5,5.77725,39.8658,0.106937,-0.770233
0,62.5,47.3571,39.3449,-0.875386,2.62737
0,62.5,5.87721,40.568,-0.0751503,-0.606488
0,62.5,44.7071,39.0821,-1.9033,0.359737
0,62.5,5.70046,40.4008,-0.153542,-0.434868
0,62.5,38.6621,39.8395,-1.18277,-3.31704
0,62.5,6.05889,40.8412,-0.462961,-0.531288
0,62.5,46.6426,39.5596,-0.84859,1.28021
0,62.5,5.69961,40.7234,-0.17069,-0.552586
0,62.5,45.5864,39.4177,0.097114,-0.654932
0,62.5,5.86903,41.5449,-0.204743,-0.57915
0,62.5,37.8273,39.4514,1.69898,-1.8359
0,62.5,5.66954,41.622,-0.257512,-0.486588
0,62.5,48.2396,39.1595,-0.472571,2.67062
0,62.5,5.50447,42.0735,0.354024,-0.0836007
0,62.5,40.0197,40.5058,-3.11495,-0.753499
0,62.5,5.68214,41.8937,-4.21485e-05,-0.607104
0,62.5,44.3123,39.5529,-2.21633,0.339896
0,62.5,5.29504,42.4954,0.121729,-0.162305
0,62.5,45.0653,39.2849,-2.38394,0.896621
0,62.5,5.30916,42.8578,0.176855,-0.168527
0,62.5,44.8113,39.512,-2.34171,0.459533
0,62.5,5.02096,43.1294,0.321919,-0.619141
0,62.5,44.5301,39.121,-2.36385,0.14011
0,62.5,5.90348,42.3245,-0.0223162,-0.27275
0,62.5,45.8442,39.4273,-2.25296,0.0891407
0,62.5,5.46384,42.6485,-0.0256697,-0.284762
0,62.5,39.5432,39.7923,-0.746078,-2.27992
0,62.5,5.87027,42.6414,0.0914545,-0.1618
0,62.5,44.3149,39.2188,-2.99005,0.885012
0,62.5,5.63459,42.7986,-0.00712315,-0.218672
0,62.5,38.9864,40.4354,0.0985028,-3.0308
0,62.5,5.08154,43.598,-0.234071,-0.387098
0,62.5,43.3946,39.9478,-2.98612,1.17348
0,62.5,4.81005,43.608,-0.0232389,-0.663072
0,62.5,47.0622,39.3457,-0.157384,1.96434
0,62.5,4.97857,43.831,-0.205428,-0.3314
0,62.5,44.1145,39.6345,-2.63168,0.242734
0,62.5,5.43332,43.286,0.119836,-0.16309
0,62.5,45.1286,39.5421,-1.74185,1.71745
0,62.5,5.35075,43.5482,-0.27089,-0.217518
0,62.5,41.8611,40.2127,-4.56813,-0.0800706
0,62.5,5.52107,43.7397,-0.332981,-0.0598221
0,62.5,47.2499,39.883,0.361334,1.71771
0,62.5,5.40482,43.9949,-0.33593,0.000316954
0,62.5,44.3382,40.0571,-1.843,0.446141
0,62.5,5.51568,44.2172,-0.169468,0.056062
0,62.5,38.0895,40.8564,0.532841,-0.184413
0,62.5,5.26401,44.2469,-0.192523,-0.0360278
0,62.5,42.3532,40.1606,-3.53484,0.863816
0,62.5,5.1334,44.0355,-0.320644,-0.0774484
0,62.5,44.7957,39.2995,-2.75692,0.946399
0,62.5,4.74581,44.3061,-0.201587,-0.125715
0,62.5,37.2904,40.4086,1.80147,0.866903
0,62.5,4.64757,44.5755,-0.120952,-0.192727
0,62.5,39.2934,41.6168,-1.84472,-0.773313
0,62.5,4.43451,44.639,-0.102522,-0.321769
0,62.5,39.7904,41.336,-2.02413,-0.241725
0,62.5,4.18183,44.6516,-0.0373905,-0.332514
0,62.5,46.6731,39.9013,-1.07015,1.54675
0,62.5,4.33886,44.8797,0.00727139,-0.27156
0,62.5,40.0732,41.515,-3.69899,0.979137
0,62.5,4.08249,44.906,0.0610103,-0.382998
0,62.5,41.3186,40.2352,-2.8273,-0.85482
0,62.5,4.12414,45.3549,0.3376,-0.0797113
0,62.5,41.3836,40.686,-3.4332,0.484728
0,62.5,3.79936,45.6339,-0.161187,-0.0102338
0,62.5,40.3022,41.3228,-2.64086,-0.719927
0,62.5,3.71246,45.8797,-0.00861896,0.136675
0,62.5,40.0948,43.8478,-0.745855,2.0052
0,62.5,3.87927,46.0809,0.0658102,0.0461433
0,62.5,40.171,41.9197,-2.53211,0.593323
0,62.5,3.46211,45.9361,0.0409559,0.11634
0,62.5,39.4963,48.2209,-0.814254,3.64552
0,62.5,3.62612,46.142,0.064841,0.0997895
0,62.5,40.4612,42.3445,-1.82132,1.21652
0,62.5,3.42101,46.7511,-0.00116596,0.233552
0,62.5,37.9217,41.4386,1.47033,-0.10084
0,62.5,3.59052,46.9229,0.0583994,0.0278928
0,62.5,37.8552,41.0004,0.970357,-0.119564
0,62.5,3.6869,47.4266,0.0239491,0.052153
0,62.5,38.7987,42.5085,0.281942,1.8911
0,62.5,3.68733,47.7685,0.303836,0.100808
0,62.5,34.456,40.8017,1.04102,1.57745
0,62.5,3.86391,47.617,0.177235,-0.0872779
0,62.5,36.043,41.135,1.87719,0.835132
0,62.5,3.87602,47.9495,0.241407,0.032474
0,62.5,35.8661,40.9809,1.68587,0.906188
0,62.5,4.06397,48.1302,0.308562,-0.141648
0,62.5,40.1761,43.4956,-1.36339,0.249266
0,62.5,4.03008,48.4078,0.150699,-0.265273
0,62.5,38.8478,46.4726,2.86772,1.85191
0,62.5,4.22008,48.5848,0.019822,-0.118721
0,62.5,38.2756,43.4075,1.38427,1.76851
0,62.5,4.02056,48.7064,0.276068,-0.0845761
0,62.5,37.671,48.1259,-0.0971621,-1.77108
0,62.5,3.79846,48.8023,0.27733,-0.103867
0,62.5,39.233,49.8642,-1.75253,0.105141
0,62.5,4.23131,48.898,0.374355,-0.0799069
0,62.5,41.4378,49.7534,2.06112,2.48135
0,62.5,4.00971,48.9823,0.33569,-0.218908
0,62.5,41.0232,49.7764,0.948914,1.31731
0,62.5,4.45083,49.0924,0.404891,0.130512
0,62.5,40.7743,50.0101,0.546633,1.46852
0,62.5,4.46121,49.3587,0.248368,-0.0299659
0,62.5,41.2691,50.1651,0.319728,1.38196
0,62.5,4.67248,49.5516,0.351001,0.0220334
0,62.5,41.4738,50.0019,1.74012,1.87568
0,62.5,4.41723,49.6131,0.091719,-0.278505
0,62.5,42.5838,50.5985,0.889735,0.0220037
0,62.5,4.57832,49.8099,0.0431517,-0.332785
0,62.5,41.7592,50.2752,0.166981,0.442128
0,62.5,3.96469,49.5086,0.119297,-0.364272
0,62.5,43.1554,51.021,0.922744,-0.163936
0,62.5,4.21877,49.4299,0.121583,-0.315146
0,62.5,43.0487,50.6211,1.20077,-0.0799064
0,62.5,4.14994,49.6825,0.0313547,-0.34256
0,62.5,42.8141,50.6189,0.302649,0.300252
0,62.5,4.19063,50.0838,-0.111342,-0.345908
0,62.5,42.5387,51.0392,0.802907,0.352232
0,62.5,3.79601,50.3397,0.0930683,0.00776533
0,62.5,44.5487,51.0127,1.35931,0.377775
0,62.5,4.06898,50.3258,0.0201156,-0.125034
0,62.5,43.4434,51.0142,-0.00642283,0.319006
0,62.5,3.93163,50.5564,0.174509,-0.0453406
0,62.5,46.3887,51.0217,0.382952,-0.419133
0,62.5,3.90456,51.0142,0.0492677,0.137814
0,62.5,47.1858,51.0149,0.505017,0.0452938
0,62.5,2.9291,30.846,-2.79341,-0.523869
0,62.5,67.781,32.9122,3.90707,0.532891
0,62.5,4.7479,31.5329,-3.51601,-1.13961
0,62.5,67.2727,32.5767,5.34484,1.2189
0,62.5,4.74817,32.5756,-2.36915,-1.10692
0,62.5,63.6865,34.1341,0.860738,1.55466
0,62.5,1.44913,38.0285,0.970805,3.76357
0,62.5,64.7611,33.5212,1.71052,2.10282
0,62.5,2.88766,32.0815,-2.21016,0.187113
0,62.5,63.9241,34.2413,-0.650959,1.84504
0,62.5,3.54566,32.1399,-2.63135,-0.346472
0,62.5,58.5187,35.4618,3.59919,0.664372
0,62.5,3.12256,32.2179,-1.79951,0.0547165
0,62.5,59.4272,34.1638,2.28808,-1.27725
0,62.5,3.81458,32.3277,-2.04265,-0.737952
0,62.5,59.41,35.6509,3.22893,1.25375
0,62.5,3.61564,32.4126,-2.14373,-0.360373
0,62.5,59.0721,35.6873,3.1304,1.20184
0,62.5,3.37605,32.3943,-1.63976,-0.212677
0,62.5,58.1303,34.6467,1.11636,-0.569295
0,62.5,4.04475,32.5702,-2.47899,-0.876135
0,62.5,58.3533,35.0722,2.51027,-0.195621
0,62.5,2.85985,33.018,-0.726214,0.529337
0,62.5,59.4746,34.2448,2.45216,-1.26561
0,62.5,3.60912,32.6801,-2.15166,-0.0189927
0,62.5,58.1855,34.8832,1.89283,-0.422643
0,62.5,5.18644,33.4698,-1.62618,-0.933221
0,62.5,57.4196,36.6562,1.2739,2.56522
0,62.5,5.38829,33.8281,-1.45787,-1.12066
0,62.5,57.2588,37.1427,1.99344,2.38216
0,62.5,5.61092,34.4136,-1.52948,-1.31401
0,62.5,56.0678,37.1719,2.65585,1.93667
0,62.5,5.98555,34.9329,-1.09292,-1.36162
0,62.5,53.8681,37.3728,0.377427,2.59428
0,62.5,5.52113,34.0646,-1.51514,-1.26585
0,62.5,55.506,37.2492,1.35325,2.33157
0,62.5,5.80638,35.0523,-0.746408,-1.19937
0,62.5,54.0181,37.4509,1.51263,2.30751
0,62.5,5.98738,35.2737,-0.942295,-1.11859
0,62.5,54.2674,37.1729,0.914236,3.03851
0,62.5,5.98872,35.5613,-1.04632,-1.21728
0,62.5,55.2621,37.1764,1.2935,2.16195
0,62.5,5.97606,35.8471,-1.08577,-1.18073
0,62.5,53.6143,37.418,1.00856,3.3048
0,62.5,6.81526,37.4177,-0.266711,-0.924068
0,62.5,53.5475,37.6004,0.390152,3.05786
0,62.5,6.2908,36.395,-0.732913,-1.14474
0,62.5,52.8506,37.1775,0.329548,2.47214
0,62.5,6.75142,37.7513,-0.375344,-0.987848
0,62.5,51.9832,37.5053,1.01879,1.98051
0,62.5,6.63909,37.159,-0.410078,-1.06456
0,62.5,51.11,36.9998,0.565532,1.36436
0,62.5,6.40509,36.987,-0.441289,-1.03494
0,62.5,51.2266,37.5987,1.59223,1.98074
0,62.5,6.63096,37.9759,-0.358952,-0.711258
0,62.5,51.1585,37.3532,1.04535,2.92144
0,62.5,6.48967,37.6903,-0.457015,-1.06178
0,62.5,49.1258,39.0345,0.496622,2.15708
0,62.5,6.15987,36.7976,-0.811245,-1.0865
0,62.5,48.9759,38.9656,0.202662,1.65956
0,62.5,6.45242,37.2868,-0.379437,-1.12235
0,62.5,50.5062,38.2029,1.30925,1.31389
0,62.5,6.25062,38.4965,-0.542596,-0.936017
0,62.5,49.4121,39.0241,2.39392,0.98881
0,62.5,6.11653,38.7407,-0.258208,-1.04035
0,62.5,48.7481,39.2909,1.76297,2.31403
0,62.5,5.95523,39.011,-0.216402,-0.782974
0,62.5,51.6286,37.5828,1.32045,1.88687
0,62.5,6.03342,39.2749,-0.465221,-1.12632
0,62.5,50.5906,37.9562,1.21793,1.38647
0,62.5,5.90082,40.2403,-0.0900917,-0.576773
0,62.5,47.7756,39.587,-0.507475,2.3314
0,62.5,6.08704,40.57,-0.187991,-0.425719
0,62.5,47.0619,39.711,-0.594091,2.37805
0,62.5,6.26993,41.0402,-0.522049,-0.565049
0,62.5,48.5949,39.4524,1.36906,1.25107
0,62.5,6.49127,41.2308,-0.28644,-0.761741
0,62.5,46.2735,39.535,-1.80549,1.65945
0,62.5,6.05291,41.1277,-0.429902,-0.423682
0,62.5,47.4173,39.7073,-0.303439,2.04269
0,62.5,6.27402,41.3194,-0.254726,-0.55596
0,62.5,45.4914,39.2633,-0.501848,-0.0960718
0,62.5,5.85532,40.9231,-0.342127,-0.317997
0,62.5,46.1107,39.6566,-1.1708,1.18136
0,62.5,5.70489,41.1017,-0.24719,-0.344557
0,62.5,48.2744,39.6254,0.823785,0.563847
0,62.5,5.74945,42.1602,0.203848,-0.394126
0,62.5,46.4599,39.7062,-0.959448,1.57772
0,62.5,5.53742,42.3345,0.239171,-0.159503
0,62.5,45.9858,39.3096,-1.245,0.210895
0,62.5,5.9018,41.8863,-0.0702189,-0.760914
0,62.5,45.2952,39.4345,-0.735888,0.0698882
0,62.5,5.69244,42.4943,0.0810278,-0.242604
0,62.5,43.7,39.6719,-2.73386,1.09514
0,62.5,6.20099,42.2786,-0.309847,-0.554628
0,62.5,43.9918,40.1043,-2.25411,0.431471
0,62.5,6.03496,42.0937,-0.258501,-0.622107
0,62.5,44.6054,39.658,-1.54121,1.8387
0,62.5,6.0791,42.5029,-0.059852,-0.313541
0,62.5,43.6857,40.1823,-3.07126,1.73064
0,62.5,5.81915,42.9445,-0.0780522,-0.237289
0,62.5,43.6739,39.979,-2.70627,0.295077
0,62.5,5.69352,43.1966,0.0461764,0.0763686
0,62.5,48.0039,39.6314,0.691166,0.876094
0,62.5,5.52197,43.0269,0.180477,-0.102483
0,62.5,44.151,39.9067,-1.62238,1.57416
0,62.5,5.26133,43.0852,0.386979,-0.22347
0,62.5,46.8025,39.7365,-1.13407,1.18223
0,62.5,5.76311,43.6645,-0.0861979,0.245953
0,62.5,40.3954,40.6673,-3.03744,-0.193127
0,62.5,5.66241,43.9471,-0.237614,0.0795988
0,62.5,47.7024,39.8256,0.303289,1.46407
0,62.5,5.74808,44.2123,-0.089469,-0.0340766
0,62.5,45.8368,39.6501,-1.50525,1.00215
0,62.5,5.61523,44.4731,-0.0981811,0.037538
0,62.5,44.1418,40.2717,-1.36429,1.15439
0,62.5,5.95711,44.3055,-0.134235,0.10905
0,62.5,43.8445,40.358,-1.67723,0.69018
0,62.5,5.70579,44.7756,-0.12552,-0.149859
0,62.5,39.8054,41.6063,-3.245,-1.21896
0,62.5,5.38136,44.4815,-0.158849,-0.0755294
0,62.5,45.5015,39.6527,0.106203,0.870097
0,62.5,5.0041,44.2776,-0.152559,0.036746
0,62.5,42.6361,40.2127,-2.92631,0.505337
0,62.5,4.8906,44.5307,-0.0967494,-0.157964
0,62.5,40.5904,40.8387,-2.99874,-0.366458
0,62.5,4.56786,44.9136,-0.229365,0.0180003
0,62.5,40.0691,41.7343,-2.37385,-0.489769
0,62.5,4.44883,45.1781,-0.209602,-0.0505048
0,62.5,40.18,43.1791,-1.40398,0.740664
0,62.5,4.53125,45.6803,-0.462351,-0.242981
0,62.5,40.5294,41.0425,-3.225,-0.49354
0,62.5,4.334,45.4715,-0.0513796,0.137643
0,62.5,37.9674,42.1074,1.34087,0.657298
0,62.5,4.23477,45.1285,0.0339573,-0.30927
0,62.5,40.2762,41.0775,-2.64694,0.181713
0,62.5,4.06632,45.6028,-0.383027,-0.243484
0,62.5,40.6319,42.1158,-2.38786,-0.31942
0,62.5,4.16034,45.9876,-0.0506106,-0.0274197
0,62.5,37.7267,41.6128,0.992206,-0.400034
0,62.5,4.04199,46.2521,0.134327,-0.00176454
0,62.5,40.6357,41.6669,-2.45304,-0.076374
0,62.5,3.77749,46.3441,0.204878,-0.0314569
0,62.5,39.058,44.0396,1.24716,2.21849
0,62.5,4.44408,46.3822,-0.0896137,0.142225
0,62.5,37.5125,41.4897,2.08175,0.134608
0,62.5,3.65281,46.638,0.00887292,0.0495255
0,62.5,37.2464,41.3923,0.959174,0.492137
0,62.5,3.90876,46.5288,0.0655111,-0.0450752
0,62.5,36.372,41.1788,1.47445,0.335221
0,62.5,3.82892,46.8007,0.0575947,-0.0987161
0,62.5,37.6859,41.9973,1.43974,0.61903
0,62.5,3.7586,47.1034,0.072962,-0.0565702
0,62.5,34.3076,40.9936,0.58573,0.856894
0,62.5,3.89874,47.3095,2.5562e-05,0.0224337
0,62.5,38.4664,43.2511,0.768694,0.808366
0,62.5,4.05666,47.8069,0.176468,-0.0357752
0,62.5,37.3999,41.2186,1.4415,0.0363336
0,62.5,4.07347,47.5089,0.152396,-0.00906434
0,62.5,35.1007,41.0241,1.36903,1.19436
0,62.5,4.25753,48.0008,0.318776,-0.0633116
0,62.5,37.2689,42.7786,1.32955,0.0931915
0,62.5,4.26643,47.7105,0.227639,0.060598
0,62.5,38.3478,43.8908,1.75796,1.24812
0,62.5,4.4686,47.9137,0.382038,-0.081592
0,62.5,38.0063,45.0509,0.624527,0.746223
0,62.5,4.67532,47.8131,0.329633,-0.108168
0,62.5,38.0997,47.3018,1.36411,-1.42977
0,62.5,4.4696,48.1966,0.219194,-0.0372271
0,62.5,40.9421,49.5923,0.638567,0.59976
0,62.5,4.66632,48.3972,-0.0567945,-0.00602388
0,62.5,42.0868,49.6326,1.73479,0.883605
0,62.5,4.26305,48.3014,0.239056,-0.0910181
0,62.5,41.8769,49.5142,2.91454,1.59033
0,62.5,4.44992,48.4931,0.0975797,0.142536
0,62.5,42.1667,49.8866,0.902468,0.787251
0,62.5,4.68427,49.2794,0.379924,0.276674
0,62.5,41.9549,50.08,0.879107,0.641903
0,62.5,4.89287,49.4592,0.425436,0.183303
0,62.5,42.2378,50.3798,0.612231,0.281984
0,62.5,4.82687,49.765,0.259348,0.0430273
0,62.5,42.6509,49.7335,1.41064,-0.382617
0,62.5,4.95844,49.9864,0.0605025,0.057875
0,62.5,41.2709,50.4383,0.13802,0.0229708
0,62.5,4.7117,50.0301,-0.156935,-0.277476
0,62.5,42.6706,50.0061,0.948912,-0.605722
0,62.5,4.5997,50.2893,-0.197152,-0.202239
0,62.5,42.0532,50.5926,1.00528,0.754346
0,62.5,4.32085,49.8661,0.00145,-0.376321
0,62.5,41.9798,50.3504,0.655266,-0.686207
0,62.5,4.46035,50.0769,-0.154039,-0.33359
0,62.5,43.0148,50.8494,0.415011,0.1809
0,62.5,4.32818,50.3086,-0.110604,-0.259023
0,62.5,44.8475,50.5126,0.556921,0.273207
0,62.5,4.31778,50.7751,0.00972153,0.0157718
0,62.5,43.7151,51.0125,0.819738,0.00998626
0,62.5,4.19768,50.5493,0.076046,-0.112147
0,62.5,46.9185,51.0177,-0.0936532,-0.510359
0,62.5,4.05385,50.7852,0.117305,0.0584014
0,62.5,47.4563,51.0243,0.351359,-0.0884375
0,62.5,2.89194,34.9884,-0.880382,1.11696
0,62.5,67.1512,32.7058,5.02102,1.22413
0,62.5,5.88328,32.9007,-2.21839,-0.631584
0,62.5,67.4475,33.2226,3.36579,0.596311
0,62.5,6.39064,34.0918,-1.40012,-0.535862
0,62.5,65.9834,33.547,2.50105,1.83314
0,62.5,1.69447,37.4527,1.40877,4.82325
0,62.5,65.5506,33.5723,2.44863,1.92225
0,62.5,7.30025,36.1377,-0.801383,-0.614576
0,62.5,64.1508,34.1052,0.859605,2.11666
0,62.5,5.08034,32.6794,-2.32071,-1.23013
0,62.5,63.0146,34.0135,0.752894,1.22862
0,62.5,4.47539,32.311,-2.61976,-1.04325
0,62.5,67.9771,32.9151,4.17654,0.451406
0,62.5,3.69308,32.0154,-2.41062,-0.562024
0,62.5,59.3336,33.5268,1.13409,-1.57292
0,62.5,4.44274,32.513,-2.0671,-1.00139
0,62.5,58.6354,36.5458,3.58391,0.746755
0,62.5,4.21612,32.2369,-2.22358,-0.931799
0,62.5,59.3428,33.8916,1.5534,-1.39551
0,62.5,4.26352,32.6205,-2.5679,-0.803222
0,62.5,59.3478,35.425,3.20795,1.39551
0,62.5,4.23357,32.8702,-1.93044,-0.829076
0,62.5,55.6025,37.7251,1.87898,1.93843
0,62.5,4.84903,32.9955,-1.90752,-1.19968
0,62.5,56.4418,37.7083,1.50272,2.44986
0,62.5,3.85785,32.6435,-2.18246,-0.875444
0,62.5,54.6729,37.9873,1.16288,1.94365
0,62.5,5.50303,33.6614,-1.40197,-1.03616
0,62.5,54.6989,37.6283,0.388523,2.63927
0,62.5,5.75898,34.0847,-1.13773,-0.911787
0,62.5,58.1239,36.666,1.91606,0.87742
0,62.5,5.81156,34.369,-1.57711,-1.13785
0,62.5,57.8897,36.7631,3.36112,1.86392
0,62.5,5.96118,34.6251,-1.02741,-1.22885
0,62.5,57.0998,37.4372,2.36673,2.31394
0,62.5,6.19035,35.2326,-1.06612,-0.957764
0,62.5,56.2316,37.4635,1.60341,0.589541
0,62.5,6.20427,35.5344,-1.09455,-1.01673
0,62.5,56.0496,37.574,0.68957,1.82436
0,62.5,6.19343,35.8315,-0.655599,-1.17348
0,62.5,58.6768,35.8913,3.33582,0.414565
0,62.5,6.22447,36.1175,-0.797506,-1.03271
0,62.5,56.4,37.4452,0.572767,1.07941
0,62.5,6.54204,36.558,-0.724525,-1.12241
0,62.5,56.7132,37.5814,1.5478,2.34247
0,62.5,6.56711,36.8419,-0.65576,-1.08864
0,62.5,55.498,37.516,0.856916,1.36493
0,62.5,6.80256,37.0357,-0.659603,-1.12318
0,62.5,54.7916,37.062,1.68455,1.53776
0,62.5,6.95169,37.6742,-0.35859,-0.902362
0,62.5,54.2154,37.8017,0.455251,2.92671
0,62.5,6.615,37.4937,-0.241401,-0.991985
0,62.5,53.7961,37.9106,0.402752,2.51568
0,62.5,6.82596,38.2693,-0.362208,-1.15134
0,62.5,54.0246,37.7058,1.04982,2.64913
0,62.5,6.59304,38.238,-0.426056,-0.692332
0,62.5,54.0628,37.9982,1.0087,1.68971
0,62.5,6.39784,37.9483,-0.619604,-1.02134
0,62.5,53.7655,37.6865,0.483618,2.22403
0,62.5,6.48842,38.5027,-0.738149,-1.04148
0,62.5,53.1347,37.4894,0.550195,3.00844
0,62.5,6.3674,38.2312,-0.573447,-1.20583
0,62.5,52.4552,37.3468,0.660461,2.26602
0,62.5,6.35767,38.758,-0.450399,-0.98893
0,62.5,53.2957,37.6654,0.521885,3.0109
0,62.5,6.18812,38.9971,-0.206545,-1.11423
0,62.5,52.977,37.6042,0.610432,2.83046
0,62.5,6.17903,39.9245,-0.221561,-0.859576
0,62.5,52.1382,37.4339,0.815554,2.12464
0,62.5,5.97128,39.9965,-0.0113045,-0.407099
0,62.5,52.333,37.638,0.67538,2.33115
0,62.5,6.10917,40.2865,-0.172536,-0.554304
0,62.5,50.4411,38.6109,0.895798,2.71436
0,62.5,6.29184,40.7684,-0.460403,-0.550917
0,62.5,48.3278,39.4148,-0.739597,1.94541
0,62.5,6.49964,40.9551,-0.408283,-0.711306
0,62.5,50.8905,37.5735,0.915258,1.50467
0,62.5,6.67945,41.4148,-0.196777,-0.770683
0,62.5,50.3112,38.406,-0.0750115,1.62271
0,62.5,6.64446,41.7103,-0.231905,-0.637602
0,62.5,51.8943,37.8079,1.11806,2.20285
0,62.5,6.46105,41.5259,-0.162353,-0.687451
0,62.5,48.9696,39.3167,1.36599,0.700047
0,62.5,5.89698,41.2852,-0.254975,-0.506437
0,62.5,49.239,39.2548,-0.0256855,2.38301
0,62.5,6.11208,41.4618,-0.164332,-0.65348
0,62.5,50.2692,38.7682,2.25876,2.1671
0,62.5,6.0622,41.7234,-0.0343892,-0.748923
0,62.5,50.9533,37.9176,0.818532,1.70659
0,62.5,6.30262,41.6846,-0.110167,-0.557567
0,62.5,50.7658,38.0526,1.4805,2.43014
0,62.5,6.22668,41.9512,-0.212176,-0.655133
0,62.5,48.6254,39.6527,0.876376,0.832683
0,62.5,6.40595,42.1466,-0.175632,-0.593783
0,62.5,48.9792,39.5139,0.451512,2.12077
0,62.5,6.04,42.8185,-0.079304,-0.157222
0,62.5,48.2967,39.8333,1.27215,1.54952
0,62.5,6.20184,42.9897,-0.196272,-0.072867
0,62.5,49.6782,39.0195,1.34223,1.66491
0,62.5,5.9604,43.1373,-0.399384,0.0624586
0,62.5,48.0136,39.8687,0.126136,2.17139
0,62.5,6.16916,43.2507,-0.212183,-0.0514473
0,62.5,47.0698,40.014,-1.09248,2.09901
0,62.5,5.85417,43.3898,0.0692434,0.272627
0,62.5,45.9657,40.0094,-1.44116,0.764618
0,62.5,5.60723,43.4666,-0.0369642,0.0213248
0,62.5,45.388,39.789,-0.764781,0.628157
0,62.5,5.97787,43.725,0.156215,0.0439488
0,62.5,45.1414,39.8685,-2.07529,0.862883
0,62.5,5.88526,43.9686,-0.100896,-0.0104511
0,62.5,44.7556,39.8582,-2.19844,1.07098
0,62.5,6.09246,44.093,-0.159939,0.0811733
0,62.5,43.1014,40.3483,-2.48328,0.331622
0,62.5,6.3522,44.0822,-0.0439697,0.126527
0,62.5,44.8365,40.1853,-1.41194,1.2216
0,62.5,6.44948,43.8228,0.277334,0.192235
0,62.5,45.1646,40.2457,-1.65005,0.839561
0,62.5,6.22208,44.334,-0.0392297,0.117014
0,62.5,44.4542,40.262,-1.56724,0.782546
0,62.5,5.57936,45.0264,-0.0846001,-0.305317
0,62.5,41.3193,40.4236,-3.22841,-1.42928
0,62.5,5.48665,44.7363,-0.159477,-0.115487
0,62.5,40.9598,41.2087,-2.0746,-1.61088
0,62.5,5.13772,44.5038,-0.130871,0.033287
0,62.5,42.1426,40.2889,-2.86562,1.19363
0,62.5,5.01221,44.7651,-0.307093,-0.146768
0,62.5,40.7605,40.5932,-3.17804,0.624427
0,62.5,4.68444,45.1513,-0.103713,-0.0435094
0,62.5,39.2119,45.3063,2.25071,4.48215
0,62.5,4.769,44.8037,-0.28254,-0.148352
0,62.5,41.6062,40.6659,-2.34927,-0.726441
0,62.5,4.8008,45.396,0.0713607,0.0337055
0,62.5,41.1156,40.8433,-3.0741,-0.386743
0,62.5,4.27744,45.7296,-0.507513,-0.00649339
0,62.5,41.2032,41.0473,-2.86106,-1.056
0,62.5,3.9812,45.8368,-0.120797,0.00854644
0,62.5,38.3174,42.5917,1.7668,1.01881
0,62.5,4.41999,45.9319,-0.12383,-0.213708
0,62.5,37.238,41.8455,1.01513,0.108361
0,62.5,4.6873,45.8875,-0.454201,-0.142114
0,62.5,37.0022,41.4601,1.87046,0.795072
0,62.5,4.30077,46.1869,0.0447116,-0.135968
0,62.5,37.3239,41.6312,0.960474,0.221726
0,62.5,4.7113,46.3354,-0.118496,-0.00301833
0,62.5,40.1664,45.0237,0.523751,4.04123
0,62.5,4.58685,46.589,-0.0484056,0.0134505
0,62.5,36.5732,41.3171,1.28441,0.744309
0,62.5,4.84291,46.5557,-0.0556268,-0.123701
0,62.5,37.115,41.1665,2.6481,0.71907
0,62.5,4.17239,46.4469,0.101833,-0.0510185
0,62.5,36.1834,41.3451,1.7451,0.307176
0,62.5,3.97932,46.9947,0.0558712,-0.0584279
0,62.5,38.6923,43.748,1.02621,2.06532
0,62.5,4.07599,46.7073,0.0765016,-0.0765411
0,62.5,37.6612,42.648,0.560971,-0.747097
0,62.5,4.11745,47.2066,0.00601989,-0.0195779
0,62.5,36.9597,42.7815,0.868647,0.370199
0,62.5,4.21667,46.91,0.012628,0.0968814
0,62.5,37.6281,43.4917,1.1007,0.402795
0,62.5,4.28643,47.4119,0.0223225,-0.0104588
0,62.5,37.9502,43.686,1.44139,0.661822
0,62.5,4.47421,47.6144,0.149556,-0.12591
0,62.5,40.4091,49.7301,-0.692287,1.35099
0,62.5,4.51315,47.3281,0.0709106,-0.0217033
0,62.5,38.1609,48.3266,-0.275442,-2.37247
0,62.5,4.89029,47.9921,0.245433,0.0395176
0,62.5,38.7014,46.6624,4.65345,1.38641
0,62.5,4.68414,48.1056,0.302362,-0.0723102
0,62.5,42.985,49.1881,1.53563,0.257566
0,62.5,4.64871,48.6801,0.22438,-0.023208
0,62.5,37.7937,48.6265,-1.80053,0.347489
0,62.5,4.61746,48.9486,0.112333,-0.0814197
0,62.5,41.6973,49.7531,2.13451,2.46439
0,62.5,5.07121,48.9899,0.0992764,0.112216
0,62.5,42.3278,49.6415,1.43041,0.656189
0,62.5,4.41327,48.7704,0.173331,-0.087248
0,62.5,42.417,49.8563,1.24551,0.51791
0,62.5,4.82579,49.1023,-0.0411965,0.0770119
0,62.5,41.7046,50.0213,0.776095,0.661753
0,62.5,5.04576,49.6586,0.386819,0.124688
0,62.5,42.939,49.5319,1.14976,0.18674
0,62.5,5.17022,49.8725,0.159174,0.22604
0,62.5,42.4878,50.3397,0.267323,-0.0263038
0,62.5,4.8518,50.2507,-0.242711,-0.205762
0,62.5,43.4431,50.3713,0.768702,-0.0267219
0,62.5,4.9595,50.4786,-0.15592,-0.197727
0,62.5,43.3061,50.6016,1.22847,0.323253
0,62.5,4.71376,50.5132,-0.103578,-0.107384
0,62.5,44.08,50.5594,0.483482,0.435871
0,62.5,4.81873,50.7517,-0.0737886,-0.067734
0,62.5,43.8925,50.797,0.114263,0.289277
0,62.5,4.4559,50.529,-0.0381148,-0.207463
0,62.5,45.4416,50.7813,0.148266,-0.278432
0,62.5,4.57078,50.76,-0.0668718,-0.026492
0,62.5,44.9391,50.7673,0.569554,0.0115189
0,62.5,4.42113,51.0079,-0.0730654,-0.0248249
0,62.5,44.6907,50.7687,0.64657,0.311051
0,62.5,4.16483,51.0115,-0.0223594,-0.00698912
0,62.5,48.3043,51.0137,0.0823443,0.168128
0,62.5,2.49427,42.3107,0.553817,0.567372
0,62.5,69.2748,31.5986,4.22716,-1.36509
0,62.5,7.18189,35.241,-0.855754,-0.708279
0,62.5,67.3534,32.8466,4.5359,0.820514
0,62.5,2.67851,36.9187,-0.315784,0.969686
0,62.5,65.3504,33.8421,1.78998,1.38806
0,62.5,2.69658,32.3408,-1.41296,0.714436
0,62.5,65.2923,33.5516,2.45984,2.25936
0,62.5,5.38707,32.5857,-2.43959,-0.880972
0,62.5,64.5002,34.2972,1.61151,1.30376
0,62.5,5.11638,32.444,-2.58893,-1.2025
0,62.5,60.1063,34.4497,2.52366,-0.693738
0,62.5,5.95556,34.0397,-1.0239,-0.95586
0,62.5,63.4892,34.1107,0.525873,0.711866
0,62.5,6.67796,34.9807,-1.13677,-0.489084
0,62.5,61.3672,32.9875,2.00295,-1.24814
0,62.5,5.81234,33.6326,-1.49756,-0.600864
0,62.5,59.776,35.3051,3.02746,0.00775403
0,62.5,4.02771,32.2955,-2.53529,-0.907005
0,62.5,60.2214,32.928,1.62154,-1.62666
0,62.5,5.23796,33.0939,-1.87752,-1.0742
0,62.5,58.1734,36.8732,2.44657,1.19
0,62.5,5.02685,32.8713,-2.00513,-0.777218
0,62.5,56.9518,37.6258,1.25066,1.10861
0,62.5,4.6922,32.7733,-2.35168,-0.755481
0,62.5,57.6651,37.2825,2.57014,1.61913
0,62.5,5.35549,33.3806,-1.69721,-1.00541
0,62.5,56.6798,37.8037,1.99576,1.44504
0,62.5,6.20729,34.9758,-1.37047,-1.29687
0,62.5,56.1982,37.7957,1.33134,1.67085
0,62.5,6.18409,34.7162,-1.34553,-0.85369
0,62.5,54.3828,38.0368,0.175011,2.33771
0,62.5,6.40238,35.41,-1.00457,-0.951542
0,62.5,58.2287,36.483,3.26019,0.332683
0,62.5,6.39755,35.7436,-1.21533,-0.948633
0,62.5,55.0789,37.4096,1.77073,1.45794
0,62.5,6.43441,36.0191,-0.650035,-1.15634
0,62.5,58.8367,35.6073,3.14114,0.834905
0,62.5,6.64167,35.888,-0.594621,-1.12051
0,62.5,58.4021,36.3005,3.01616,1.08793
0,62.5,6.49232,36.2886,-0.739431,-1.18201
0,62.5,57.5134,37.1109,2.36781,1.34514
0,62.5,6.69033,36.1693,-0.574566,-0.954739
0,62.5,55.8515,37.6897,0.518564,1.83943
0,62.5,6.77973,36.7437,-0.566116,-1.08503
0,62.5,57.3693,37.3295,2.88697,1.62447
0,62.5,6.96809,37.2596,-0.704019,-1.05058
0,62.5,55.2568,37.495,0.996792,1.62353
0,62.5,7.07822,38.0682,-0.602201,-0.727844
0,62.5,51.9082,38.3954,1.74918,0.134272
0,62.5,6.86818,38.0091,-0.270414,-1.09101
0,62.5,54.4874,37.8154,0.917776,2.97139
0,62.5,6.95145,38.5826,-0.401133,-0.650868
0,62.5,54.6186,37.3642,2.04625,2.4315
0,62.5,6.71661,38.5149,-0.268286,-0.930087
0,62.5,54.9701,36.7289,1.14934,2.29468
0,62.5,6.60513,38.7707,-0.43043,-1.02137
0,62.5,55.0768,37.1009,1.35355,1.73012
0,62.5,6.55299,39.2398,-0.517156,-0.747744
0,62.5,54.4193,37.5895,0.701239,1.69869
0,62.5,6.45739,38.9953,-0.48784,-0.89036
0,62.5,53.1852,37.87,-0.015159,1.72006
0,62.5,6.41588,39.4547,-0.649063,-0.704109
0,62.5,51.1787,38.0895,1.25117,2.08386
0,62.5,6.29021,39.2194,-0.489238,-0.773674
0,62.5,52.3653,37.9,0.68384,2.4455
0,62.5,6.15429,39.4811,-0.833859,-0.789897
0,62.5,53.5094,37.8604,0.195496,2.05959
0,62.5,6.30029,40.1669,-0.276489,-0.680522
0,62.5,52.9103,37.8134,0.613318,2.74282
0,62.5,6.50392,40.3547,-0.247626,-0.693413
0,62.5,51.5581,38.0414,3.01903,1.23711
0,62.5,6.30911,40.4788,-0.0425761,-0.603127
0,62.5,52.6004,37.8152,0.608319,2.62155
0,62.5,6.70741,40.5394,-0.350351,-0.539399
0,62.5,51.3577,37.9221,0.89748,0.997024
0,62.5,6.5086,40.6685,-0.439153,-0.761093
0,62.5,52.656,37.5841,0.548276,2.52749
0,62.5,6.71891,41.1299,-0.41709,-0.624016
0,62.5,51.113,37.7731,1.0505,1.48301
0,62.5,6.86793,41.5751,-0.2608,-0.516904
0,62.5,50.2211,38.9962,0.945213,1.92778
0,62.5,6.47279,41.8866,-0.109417,-0.59312
0,62.5,52.1185,37.7623,0.753931,2.23753
0,62.5,6.66399,42.0479,-0.137148,-0.495313
0,62.5,48.7582,39.9984,1.11866,2.68721
0,62.5,6.38169,42.4583,-0.294303,-0.647762
0,62.5,50.6366,38.3645,1.5942,1.7125
0,62.5,6.58737,42.324,-0.179542,-0.534758
0,62.5,50.0555,38.6443,1.56276,1.55269
0,62.5,6.25458,42.6777,-0.101446,-0.278537
0,62.5,51.4557,37.7062,1.57243,1.33207
0,62.5,6.77266,42.4996,-0.173248,-0.514909
0,62.5,49.9538,38.9132,0.902873,1.74995
0,62.5,6.56201,42.6355,-0.366466,-0.539767
0,62.5,48.6645,39.8191,-0.256394,1.21582
0,62.5,6.9918,42.6409,-0.124955,-0.208169
0,62.5,49.5354,39.2358,0.585877,1.20872
0,62.5,6.77048,42.7775,-0.38892,-0.494724
0,62.5,45.7816,39.839,-2.19449,1.25617
0,62.5,6.42661,42.8516,-0.221809,-0.216925
0,62.5,46.1729,39.8528,-1.37628,1.23482
0,62.5,6.41685,43.1348,-0.138414,-0.127755
0,62.5,45.6242,40.0044,-1.66967,0.814091
0,62.5,6.06372,43.4811,0.195579,0.0460132
0,62.5,46.2677,40.1025,-1.99199,0.938684
0,62.5,6.26756,43.6216,0.220839,0.285599
0,62.5,45.0047,40.0366,-1.76299,1.00992
0,62.5,6.18878,43.8609,0.0585288,0.272659
0,62.5,44.6887,40.3327,-1.12404,0.680531
0,62.5,6.78864,44.15,0.110711,-0.24972
0,62.5,41.9653,40.4572,-3.69051,0.383491
0,62.5,6.55332,43.5873,-0.192678,-0.0181119
0,62.5,43.4378,40.3726,-2.24581,0.886933
0,62.5,6.67107,44.3906,0.02709,-0.181568
0,62.5,45.3658,40.0403,-1.12648,0.868861
0,62.5,6.59766,44.0354,0.253728,-0.302383
0,62.5,41.6074,40.4542,-2.07659,-0.368975
0,62.5,6.4682,44.3078,0.0799874,-0.19255
0,62.5,42.4516,40.4114,-2.99439,0.477318
0,62.5,5.83138,44.5313,-0.0883721,0.0987486
0,62.5,41.1093,40.6239,-4.147,0.47406
0,62.5,5.35805,45.0037,-0.15721,-0.0484085
0,62.5,44.3243,40.4659,-2.26863,1.0567
0,62.5,5.25269,44.7483,-0.204021,-0.0623899
0,62.5,38.3954,42.3717,1.60676,0.853477
0,62.5,4.88641,45.037,-0.321024,-0.299702
0,62.5,41.4924,41.1287,-3.79051,-0.716263
0,62.5,5.22727,45.2698,-0.146063,-0.132412
0,62.5,40.7403,41.8767,-2.60301,-0.518166
0,62.5,4.99948,45.2823,-0.180147,-0.431107
0,62.5,40.5035,43.4609,-1.38206,1.46255
0,62.5,5.04111,45.5571,-0.337082,-0.212782
0,62.5,39.9883,43.6427,-0.917765,2.82287
0,62.5,4.78796,45.642,-0.453928,-0.0429792
0,62.5,37.8357,41.8153,1.02743,0.329922
0,62.5,4.55558,45.4192,0.0548958,-0.353536
0,62.5,38.1396,42.2794,1.40586,-0.306054
0,62.5,4.83863,46.0836,-0.376916,-0.205619
0,62.5,39.9078,44.5549,0.0674117,6.08769
0,62.5,4.57107,46.1345,-0.249975,0.00889578
0,62.5,39.9413,45.1307,-0.472133,5.61432
0,62.5,5.10161,46.5367,-0.0769271,-0.360898
0,62.5,40.6415,42.8231,-1.63666,-0.442252
0,62.5,4.96802,46.3079,-0.189422,-0.269885
0,62.5,41.0866,41.8275,-2.68701,-0.596084
0,62.5,5.24614,46.7617,0.021562,-0.500572
0,62.5,37.762,42.998,0.237171,0.12135
0,62.5,4.97991,46.7766,0.00392037,-0.149529
0,62.5,40.924,42.0416,-1.96933,0.418123
0,62.5,5.13496,46.9882,0.134679,-0.269113
0,62.5,42.1129,46.8426,-0.405291,-2.98408
0,62.5,4.33188,46.6348,-0.0306114,0.0699546
0,62.5,39.9844,43.0511,-1.78212,1.36563
0,62.5,4.86065,47.0153,0.116128,-0.0642173
0,62.5,38.0324,43.0145,0.880706,-0.376611
0,62.5,4.46162,46.8516,0.0267188,0.073929
0,62.5,40.7843,48.3529,2.75461,5.26502
0,62.5,4.71612,46.8069,0.0292646,-0.0014198
0,62.5,37.1427,42.9651,1.29147,0.0509507
0,62.5,4.34843,47.1248,0.0513758,-0.0130828
0,62.5,38.7192,44.3528,0.919995,2.26234
0,62.5,4.5979,47.0635,0.095998,-0.0464572
0,62.5,38.3842,46.7543,2.00131,-0.355072
0,62.5,4.69516,47.5278,0.128296,-0.101533
0,62.5,38.5954,49.2239,-1.86086,0.372509
0,62.5,4.89218,47.7159,0.301852,-0.0944149
0,62.5,41.9152,49.83,2.15724,0.862002
0,62.5,4.88301,48.2842,0.112718,0.178031
0,62.5,38.7908,49.4327,-3.09915,0.257901
0,62.5,4.87339,48.5625,0.106123,0.0786424
0,62.5,42.7118,50.3316,0.97748,-0.0330937
0,62.5,4.85833,48.8351,0.191275,0.135158
0,62.5,42.7855,49.3804,1.69152,-0.275977
0,62.5,5.08778,48.7189,0.219886,0.186758
0,62.5,42.5759,49.2362,1.58733,0.119774
0,62.5,5.26884,49.1642,0.293707,-0.0687642
0,62.5,42.8693,49.7676,1.54691,-0.675578
0,62.5,5.29907,48.8819,0.313658,0.223304
0,62.5,42.5812,49.5183,2.06534,-0.181208
0,62.5,5.02663,49.2556,0.113896,-0.0899471
0,62.5,42.2017,50.1385,0.834785,0.621176
0,62.5,5.19478,49.4441,0.270588,-0.262284
0,62.5,42.4485,50.1052,0.821942,0.053428
0,62.5,5.09827,50.1922,-0.036657,0.116432
0,62.5,44.3235,50.5665,0.421269,0.145432
0,62.5,5.37183,49.9638,0.142242,0.232347
0,62.5,42.9424,50.3615,0.639964,0.457302
0,62.5,5.1851,50.4609,-0.0485656,0.184292
0,62.5,44.742,50.2924,0.637026,0.186997
0,62.5,5.31294,50.2115,-0.0473001,0.165607
0,62.5,43.8449,50.5532,0.682174,0.383774
0,62.5,5.04977,50.7317,-0.127971,-0.145535
0,62.5,44.155,50.8062,0.0436676,0.295366
0,62.5,5.39989,50.534,-0.0162465,0.0542226
0,62.5,44.4292,50.7925,0.540944,0.132379
0,62.5,4.91011,51.0008,-0.160589,-0.0659907
0,62.5,45.8719,51.024,-0.119132,-0.22948
0,62.5,4.66779,51.0036,-0.113097,-0.0765067
0,62.5,48.5685,51.015,0.0183127,0.164377
0,62.5,3.06882,31.8991,-1.3856,0.135864
0,62.5,68.2965,32.0412,4.35885,-0.379851
0,62.5,1.79067,41.7816,-0.202541,0.943457
0,62.5,68.6678,31.7201,4.62045,-0.242918
0,62.5,2.83551,37.4152,-0.963619,-0.0073137
0,62.5,68.3049,32.5155,4.39499,-0.0690643
0,62.5,1.75449,40.6437,0.0411489,1.25186
0,62.5,66.8898,33.2353,3.46107,0.791153
0,62.5,4.07852,32.0087,-2.95156,-0.576454
0,62.5,64.2313,33.6813,0.630609,3.35914
0,62.5,3.6101,31.6024,-2.67691,-0.962168
0,62.5,62.0695,33.2153,1.51406,-0.808726
0,62.5,6.90492,34.868,-1.26722,-0.341989
0,62.5,64.9299,34.0962,1.28343,1.22849
0,62.5,7.06995,35.94,-0.837501,-0.488181
0,62.5,62.7615,34.015,1.77852,-0.101599
0,62.5,7.47,35.7473,-0.866453,-0.62502
0,62.5,59.0048,35.9142,3.46977,0.263458
0,62.5,5.43339,33.0386,-1.74822,-0.980841
0,62.5,58.7288,36.767,2.4763,0.305459
0,62.5,5.06042,33.1907,-1.9544,-0.92144
0,62.5,59.7574,34.2435,2.22487,-0.974454
0,62.5,6.02333,34.3215,-1.06902,-0.897207
0,62.5,60.5652,33.4156,1.91319,-1.24312
0,62.5,6.69762,35.2366,-0.784447,-0.59995
0,62.5,55.0579,37.7587,1.56378,1.68897
0,62.5,5.69627,33.8283,-1.26411,-0.724242
0,62.5,57.307,37.5696,1.185,1.44102
0,62.5,6.43972,34.9247,-1.35887,-0.868772
0,62.5,58.0459,37.1026,1.60275,1.09711
0,62.5,6.46153,35.1898,-0.953714,-0.951297
0,62.5,54.8687,37.8841,1.00585,2.41244
0,62.5,6.76675,35.4778,-0.90724,-1.0122
0,62.5,53.1246,38.2668,-0.3432,2.83038
0,62.5,6.88533,36.0503,-0.611439,-0.871741
0,62.5,53.8467,38.1515,0.242136,2.65592
0,62.5,6.5839,35.5903,-0.908414,-0.903809
0,62.5,58.7461,35.3555,3.23135,0.590806
0,62.5,7.22147,36.8919,-0.552845,-0.81876
0,62.5,53.5537,38.0734,0.51673,2.83923
0,62.5,6.93075,36.3433,-0.854744,-0.803743
0,62.5,52.4249,38.1572,0.754125,2.4894
0,62.5,7.19861,37.204,-0.612354,-0.804366
0,62.5,52.9666,38.0416,0.155327,2.72226
0,62.5,6.98592,36.6806,-0.753402,-0.930224
0,62.5,57.8346,37.026,1.51848,2.14579
0,62.5,6.75413,36.4641,-0.540572,-0.923391
0,62.5,52.2553,38.3145,0.958631,1.7791
0,62.5,7.02225,36.9619,-0.704604,-1.0209
0,62.5,51.9075,38.1712,1.50196,1.98709
0,62.5,7.13884,37.8221,-0.30404,-0.841478
0,62.5,54.8727,37.2466,1.3334,1.29035
0,62.5,7.04661,38.3588,-0.339282,-0.912541
0,62.5,52.5752,38.381,0.970249,2.34668
0,62.5,7.1085,38.8194,-0.40032,-0.608838
0,62.5,51.6105,38.5066,1.3956,1.63863
0,62.5,6.8396,38.8092,-0.475552,-0.909908
0,62.5,51.3529,38.4766,0.934012,2.03274
0,62.5,6.72035,39.0433,-0.514266,-0.965437
0,62.5,52.1236,38.0379,0.770575,2.32149
0,62.5,6.67774,39.5039,-0.32087,-0.804467
0,62.5,51.6781,38.2828,2.57796,1.48281
0,62.5,6.81443,39.3159,-0.430097,-0.888954
0,62.5,51.1498,38.3785,1.16602,1.77751
0,62.5,6.52405,39.7057,-0.415938,-0.858978
0,62.5,52.6868,38.0313,0.660233,2.64574
0,62.5,6.68164,39.9056,-0.560032,-0.703217
0,62.5,49.714,39.3472,0.835916,1.2987
0,62.5,6.28014,39.7016,-0.651004,-1.1286
0,62.5,50.8307,38.4372,1.16946,1.96854
0,62.5,6.86892,40.0899,-0.413446,-0.612122
0,62.5,51.4066,38.229,0.611884,2.15106
0,62.5,6.43628,39.9704,-0.650703,-1.12755
0,62.5,50.5019,38.9268,1.36952,1.8574
0,62.5,6.6267,40.1701,-0.681968,-0.99858
0,62.5,49.9721,39.1333,0.156626,0.738315
0,62.5,6.91477,40.7159,-0.340419,-0.325725
0,62.5,51.7483,37.9006,2.08614,1.62304
0,62.5,6.71497,40.8451,-0.478858,-0.619029
0,62.5,50.9846,38.2118,1.2066,1.64788
0,62.5,6.91905,41.2967,-0.157254,-0.338011
0,62.5,49.295,39.4467,0.675771,2.46056
0,62.5,7.06476,41.7111,-0.300215,-0.264365
0,62.5,47.595,39.9721,0.459424,1.84935
0,62.5,7.00062,42.0371,-0.0197867,-0.501286
0,62.5,49.314,39.6368,0.220441,2.3877
0,62.5,6.83792,41.8637,-0.26934,-0.443467
0,62.5,48.3568,40.0143,0.691829,1.8035
0,62.5,6.83066,42.2245,-0.0507846,-0.423933
0,62.5,49.0895,39.8445,-0.506913,1.34626
0,62.5,7.02551,42.3814,-0.0965638,-0.286944
0,62.5,47.3776,40.0958,-0.462996,1.67885
0,62.5,7.41892,42.3587,-0.196709,-0.150394
0,62.5,46.4359,39.9637,-2.36104,1.11312
0,62.5,7.1904,42.7853,-0.0738502,-0.0819609
0,62.5,47.2327,40.2678,-0.916199,1.9245
0,62.5,7.38502,42.9176,-0.0406621,-0.0231464
0,62.5,46.8799,40.0973,-1.19807,1.15778
0,62.5,6.97063,42.9297,-0.223327,-0.475065
0,62.5,46.6639,40.1785,-1.4455,1.50185
0,62.5,6.62883,42.9854,-0.155912,-0.279309
0,62.5,44.0525,40.5204,-1.12347,1.10992
0,62.5,6.61744,43.2965,-0.26287,-0.228219
0,62.5,45.9692,40.4533,-1.23062,1.30403
0,62.5,6.78086,43.4756,-0.372178,-0.387419
0,62.5,46.038,40.225,-1.48577,1.15327
0,62.5,6.71488,43.7902,0.380441,-0.405722
0,62.5,43.8493,40.6678,-2.73517,0.976453
0,62.5,6.38043,43.3998,-0.209317,-0.114629
0,62.5,45.7194,40.4165,-1.3654,0.437309
0,62.5,6.78526,44.6695,0.113693,-0.177217
0,62.5,44.8508,40.5369,-1.67574,1.22958
0,62.5,7.00713,44.7399,0.0356027,-0.222722
0,62.5,45.4272,40.4629,-1.28349,0.696944
0,62.5,7.08288,45.0576,-0.0234924,-0.149845
0,62.5,43.6499,40.5032,-2.78172,0.416468
0,62.5,6.86891,44.9695,0.00507922,-0.116114
0,62.5,40.8423,40.8295,-3.17353,-0.68778
0,62.5,6.55151,44.6324,0.110005,-0.115975
0,62.5,42.2158,40.5403,-3.34434,-0.684827
0,62.5,6.33612,44.5706,0.129116,-0.240798
0,62.5,41.9242,40.6757,-2.5607,-1.25065
0,62.5,6.08456,44.5585,0.00152641,0.0723608
0,62.5,44.5567,40.5671,-2.19729,1.06805
0,62.5,5.81714,45.0379,0.0427415,-0.0991827
0,62.5,40.8376,41.063,-3.33374,-0.263003
0,62.5,5.12293,45.01,-0.25131,-0.284114
0,62.5,42.3241,40.7209,-2.24321,0.904996
0,62.5,5.4538,45.2835,-0.100283,-0.269215
0,62.5,40.1479,42.407,-1.70145,-0.301462
0,62.5,5.20079,45.7922,-0.348432,-0.245913
0,62.5,39.8951,44.0519,0.0903529,2.59163
0,62.5,5.26732,45.5342,-0.340565,-0.285907
0,62.5,39.0807,44.3729,0.961453,1.91911
0,62.5,5.0876,46.0528,-0.36219,-0.258041
0,62.5,40.9187,41.4256,-3.41736,0.0232702
0,62.5,4.95754,45.8242,-0.373089,-0.186976
0,62.5,39.0062,43.7808,0.875888,2.94804
0,62.5,5.33378,46.0322,-0.278071,-0.407437
0,62.5,40.5117,48.2546,0.435268,7.8569
0,62.5,5.22058,46.2877,-0.0795439,-0.405471
0,62.5,40.1934,42.8761,-1.85596,0.763376
0,62.5,5.44798,45.7765,-0.280546,-0.32419
0,62.5,41.1543,41.4956,-2.06993,0.472048
0,62.5,5.35608,46.5216,0.00332873,-0.59699
0,62.5,37.5183,42.8268,0.967409,-0.0379972
0,62.5,5.61501,46.5019,0.160181,-0.516834
0,62.5,38.523,44.1984,1.55147,1.67254
0,62.5,5.41856,46.9727,0.0402897,-0.521394
0,62.5,38.5848,43.9855,1.20115,2.09602
0,62.5,5.4658,46.2721,0.0701234,-0.5231
0,62.5,38.0841,43.8965,1.92742,0.895827
0,62.5,5.51544,46.7414,0.0751765,-0.586272
0,62.5,37.5007,43.0452,0.817607,0.278994
0,62.5,5.64074,47.0571,-0.0661115,-0.273722
0,62.5,38.9001,44.2417,1.46325,2.6972
0,62.5,5.02998,47.214,0.21763,-0.187563
0,62.5,37.6943,44.0991,1.13889,0.128178
0,62.5,5.31494,47.1923,0.195279,-0.380293
0,62.5,37.8006,43.2252,0.813724,0.0463937
0,62.5,4.76296,47.263,0.0882618,-0.0704041
0,62.5,38.2278,46.0448,0.691971,-0.517457
0,62.5,5.21612,47.4125,0.129948,-0.199998
0,62.5,38.668,46.3346,1.95562,2.37372
0,62.5,4.94196,47.4538,0.0567177,-0.184595
0,62.5,37.8254,48.3184,-0.473933,-1.57809
0,62.5,5.13739,47.6461,0.0876484,-0.21493
0,62.5,37.9683,48.8494,-0.995096,-0.765522
0,62.5,5.10132,48.175,0.00596065,-0.0969153
0,62.5,42.0472,49.1682,3.30903,0.83434
0,62.5,5.11652,47.9029,0.361256,-0.0202171
0,62.5,43.0638,49.8862,1.59766,-0.128468
0,62.5,5.10311,48.4456,0.0956833,0.18976
0,62.5,43.5048,49.6189,1.0234,0.0975858
0,62.5,5.31164,48.5983,0.184634,0.389006
0,62.5,42.8486,50.1023,0.858816,-0.640991
0,62.5,5.49469,49.0836,0.499604,0.11382
0,62.5,43.1638,49.6085,1.42358,0.0151154
0,62.5,5.5173,48.801,0.457552,0.388795
0,62.5,43.6,50.1589,1.14338,0.192188
0,62.5,5.32961,49.6463,-0.0148144,-0.116047
0,62.5,43.1076,50.1116,0.726183,-0.333262
0,62.5,5.4347,49.367,0.352242,-0.0921513
0,62.5,43.1787,50.3775,0.752801,-0.0331659
0,62.5,5.5909,50.0925,0.211755,0.0361655
0,62.5,43.7345,50.3424,1.13975,0.193107
0,62.5,5.6096,49.5305,0.173634,-0.0395887
0,62.5,44.5893,50.5479,0.514708,0.255993
0,62.5,5.54014,50.3232,-0.0192909,0.0675121
0,62.5,44.2207,50.3034,0.476646,0.151948
0,62.5,5.81959,49.6803,0.0834705,-0.0666689
0,62.5,45.1852,50.772,0.348791,-0.215558
0,62.5,5.79942,50.3143,0.065362,-0.11268
0,62.5,46.276,50.7759,0.453036,-0.0392344
0,62.5,5.67226,50.5507,0.0938406,-0.0555935
0,62.5,45.0557,51.009,0.648838,-0.0791511
0,62.5,5.27496,50.7631,-0.0408988,0.178143
0,62.5,45.3146,51.01,0.400176,0.017599
0,62.5,5.14524,51.0048,-0.193399,-0.0345444
0,62.5,49.3914,50.5348,-0.256286,0.0050304
0,62.5,3.19769,30.5945,-3.39117,-1.70196
0,62.5,68.891,31.8579,4.48348,-0.991459
0,62.5,6.11894,33.3021,-2.04442,-0.455124
0,62.5,66.9168,33.5421,3.01257,0.850153
0,62.5,3.37023,31.3517,-3.12195,-0.923074
0,62.5,64.0433,34.3867,1.82813,2.00264
0,62.5,3.1157,30.7895,-2.48671,-1.01233
0,62.5,63.2321,34.1702,0.276711,0.657588
0,62.5,3.11074,31.6458,-1.9008,-0.410028
0,62.5,66.2662,33.2791,3.8195,1.46045
0,62.5,6.99018,35.3857,-0.815587,-0.853512
0,62.5,62.6385,34.1452,1.21212,0.552255
0,62.5,7.05762,34.7127,-1.15729,-0.889903
0,62.5,62.5542,33.8051,0.839625,0.049205
0,62.5,7.26201,35.8258,-0.659511,-0.976915
0,62.5,60.0218,33.775,1.72647,-1.18871
0,62.5,7.53625,36.3411,-0.879142,-0.905217
0,62.5,60.7357,32.7617,1.70776,-1.45815
0,62.5,7.93869,36.2048,-0.704343,-0.816313
0,62.5,59.4379,33.7887,1.39442,-1.42765
0,62.5,5.57652,33.4304,-1.74752,-0.612662
0,62.5,58.4035,36.874,2.99773,1.24736
0,62.5,7.37086,36.4586,-0.81239,-0.904888
0,62.5,58.4919,37.0301,2.01993,1.12967
0,62.5,7.6114,36.6847,-0.805171,-0.783748
0,62.5,58.7986,36.3375,2.48489,0.52112
0,62.5,7.13215,36.2583,-0.666274,-0.812994
0,62.5,57.0181,37.8088,2.01576,1.61278
0,62.5,7.54781,36.9333,-0.807553,-1.03445
0,62.5,55.9007,37.8944,1.61443,1.82171
0,62.5,6.82472,35.7604,-0.821328,-0.850532
0,62.5,54.5319,38.2253,0.189294,1.99432
0,62.5,7.36558,36.7232,-0.748436,-1.04024
0,62.5,53.434,38.2962,0.0127643,1.87303
0,62.5,7.14889,36.5463,-0.852488,-0.984402
0,62.5,55.2842,37.7358,1.40175,1.73679
0,62.5,7.39847,37.1272,-0.607909,-0.725034
0,62.5,54.8593,37.558,1.12803,1.70604
0,62.5,7.33541,37.4505,-0.455553,-0.891829
0,62.5,54.1782,38.1921,1.54821,1.83353
0,62.5,7.54714,37.8818,-0.654609,-0.433229
0,62.5,53.2335,38.4791,-1.11467,0.0691993
0,62.5,7.33722,37.7049,-0.427258,-0.825559
0,62.5,52.0878,38.7069,1.07249,1.12109
0,62.5,7.1075,37.4939,-0.375932,-0.998043
0,62.5,53.2898,38.0703,0.0173422,2.94328
0,62.5,7.34123,38.0096,-0.236635,-0.756472
0,62.5,52.4423,38.5737,1.98335,-0.0742996
0,62.5,7.26092,38.2717,-0.253402,-0.865151
0,62.5,52.8344,38.2738,0.710897,2.68938
0,62.5,7.38357,38.8114,-0.454682,-0.49449
0,62.5,52.9532,38.4547,0.0233311,2.14103
0,62.5,7.22203,38.5986,-0.314599,-0.3608
0,62.5,51.6887,38.8104,0.546225,1.52309
0,62.5,7.21073,39.0418,-0.422886,-0.748586
0,62.5,52.1839,38.5073,1.44105,-0.470584
0,62.5,7.29374,39.3085,-0.432411,-0.516405
0,62.5,51.8375,38.6143,0.98463,0.655521
0,62.5,6.95885,39.061,-0.595073,-0.745984
0,62.5,51.4578,38.763,0.967,1.30792
0,62.5,7.05068,39.3101,-0.316281,-0.620747
0,62.5,51.1977,38.6832,1.44168,1.82381
0,62.5,6.83734,39.7085,-0.397032,-0.680823
0,62.5,50.8174,39.0864,0.338811,0.910654
0,62.5,7.00008,39.5623,-0.480446,-0.793944
0,62.5,50.9625,38.6103,1.53062,2.12128
0,62.5,7.07287,40.2485,-0.594051,-0.391802
0,62.5,51.0427,38.897,1.97482,1.28175
0,62.5,7.27082,40.6972,-0.674376,-0.499279
0,62.5,50.8157,38.8262,1.28231,1.01879
0,62.5,7.04775,40.5309,-0.611105,-0.522662
0,62.5,50.6425,38.6955,1.93537,1.59541
0,62.5,7.53045,41.2243,-0.161412,-0.25705
0,62.5,50.3358,39.1805,1.18611,1.41376
0,62.5,7.34524,41.0426,-0.180036,-0.150511
0,62.5,50.0561,39.3036,0.266319,1.45043
0,62.5,6.84002,40.3605,-0.620965,-0.694857
0,62.5,50.2284,39.4501,1.56056,2.0714
0,62.5,6.93296,41.0142,-0.329025,-0.490054
0,62.5,50.6101,39.1648,0.347863,1.5257
0,62.5,7.12216,41.4418,-0.172311,-0.286963
0,62.5,49.5985,39.5559,0.712338,0.841383
0,62.5,7.21272,41.9016,0.0133522,-0.373301
0,62.5,48.9568,39.7131,0.149702,2.34965
0,62.5,7.18842,42.2104,-0.202401,-0.371713
0,62.5,49.3596,39.8744,1.43326,1.23071
0,62.5,7.31707,41.6438,-0.157331,-0.124861
0,62.5,49.8709,39.5244,0.860083,0.692495
0,62.5,7.39376,42.0671,-0.155612,-0.171259
0,62.5,47.8975,40.0425,-0.231425,1.32767
0,62.5,7.61193,42.1644,-0.190152,0.0710393
0,62.5,48.1333,40.1487,-0.0947327,1.37118
0,62.5,7.24838,42.515,-0.136783,-0.260354
0,62.5,47.5348,40.3176,-0.26878,1.13425
0,62.5,7.45425,42.6632,-0.173843,-0.0681214
0,62.5,47.7425,40.2269,-0.85315,1.78905
0,62.5,7.15387,43.4298,-0.314179,-0.18019
0,62.5,46.9897,40.3318,-0.755807,0.706158
0,62.5,7.15111,43.0848,-0.191777,-0.330932
0,62.5,45.7613,40.1896,-1.07942,-0.0105017
0,62.5,6.81873,43.133,-0.108216,-0.465374
0,62.5,45.4478,40.2459,-0.716071,0.526638
0,62.5,6.97701,43.302,-0.266763,-0.293105
0,62.5,46.4487,40.2924,-0.964735,1.25289
0,62.5,7.15565,43.9635,0.35002,-0.156543
0,62.5,45.0664,40.4075,-1.97378,0.704754
0,62.5,6.91837,43.9194,0.321385,-0.0496001
0,62.5,45.0943,40.6559,-1.96516,1.22144
0,62.5,6.9074,44.4305,0.0337633,-0.29793
0,62.5,45.3976,40.86,-1.74225,0.889034
0,62.5,7.12758,44.5027,0.0563852,-0.362828
0,62.5,44.0125,40.8255,-1.63134,0.741392
0,62.5,7.25418,44.2634,0.24935,-0.362657
0,62.5,45.3505,40.6308,-1.62174,0.731333
0,62.5,7.22155,44.8153,0.00830387,-0.187639
0,62.5,43.5158,40.6842,-3.40088,0.147735
0,62.5,6.98876,45.3082,0.165509,-0.15058
0,62.5,44.2524,40.7023,-2.13907,0.265773
0,62.5,6.64669,44.9102,0.070199,-0.110451
0,62.5,42.7789,40.3868,-3.56391,0.959944
0,62.5,6.41149,44.8713,0.133987,-0.149862
0,62.5,43.2335,40.5225,-3.20782,-0.157473
0,62.5,6.18899,44.8118,0.192271,-0.286138
0,62.5,41.8146,40.8362,-2.72753,-0.371908
0,62.5,5.94796,44.7914,0.014829,0.0175372
0,62.5,41.6968,41.0445,-2.98267,0.030697
0,62.5,6.39421,45.3764,0.0884833,0.0300011
0,62.5,42.5553,40.5859,-1.76406,0.980778
0,62.5,5.68948,45.2925,-0.0278034,-0.272961
0,62.5,42.1436,41.0552,-2.82427,0.0744444
0,62.5,6.05484,45.0546,0.263565,-0.170952
0,62.5,41.236,41.2673,-2.42275,-0.726184
0,62.5,6.15745,45.3406,0.153483,-0.138643
0,62.5,41.5263,41.5689,-3.61565,-1.67898
0,62.5,6.1017,46.0307,-0.183562,-0.164714
0,62.5,40.9113,41.684,-2.19409,-0.667202
0,62.5,5.92226,45.298,0.132562,-0.416171
0,62.5,41.4789,41.3857,-3.67717,-0.792374
0,62.5,5.76,45.5527,-0.188798,-0.387173
0,62.5,40.2829,42.5825,-1.08775,0.854131
0,62.5,5.5172,45.54,-0.274335,-0.265505
0,62.5,38.6622,44.8582,1.08054,2.8563
0,62.5,5.71058,45.7886,-0.199152,-0.479792
0,62.5,39.9359,48.7393,-0.467225,5.83262
0,62.5,5.57697,46.0122,-0.18449,-0.332929
0,62.5,38.2467,43.0928,0.852619,0.251671
0,62.5,5.71396,46.2496,0.210022,-0.419259
0,62.5,38.1658,43.6019,2.15595,0.866053
0,62.5,5.89588,47.0137,-0.0387711,-0.328427
0,62.5,37.4522,43.8245,1.1848,-0.0776096
0,62.5,5.84011,46.5336,0.190334,-0.228864
0,62.5,38.2654,48.0468,0.438541,-1.71741
0,62.5,5.73928,46.8026,0.0857155,-0.294306
0,62.5,38.4459,47.0412,2.23185,-1.90687
0,62.5,5.79788,47.2617,-0.0596071,-0.376095
0,62.5,39.2321,49.3422,-1.82352,1.54158
0,62.5,5.81828,47.8642,0.036068,0.252314
0,62.5,38.1754,48.9415,-2.16776,-0.138169
0,62.5,5.99856,48.0579,0.160916,0.113756
0,62.5,39.5969,49.6087,-1.27005,1.82745
0,62.5,5.53231,47.302,-0.0395444,-0.122445
0,62.5,38.0044,48.5396,-1.99844,-2.06834
0,62.5,5.69945,47.5003,-0.145187,-0.277016
0,62.5,39.3602,49.5815,-2.57185,1.37577
0,62.5,5.4292,47.5393,-0.0853205,0.0815167
0,62.5,41.2833,49.6015,0.186636,2.40861
0,62.5,5.61114,47.7387,0.030925,-0.0710431
0,62.5,38.2005,48.629,-2.8247,-2.49149
0,62.5,5.35414,47.7831,0.126976,0.167302
0,62.5,42.1219,49.3775,1.83347,1.37557
0,62.5,5.33026,48.0561,0.372468,0.185871
0,62.5,42.1987,48.9728,2.50188,0.457051
0,62.5,5.32772,48.32,-0.162577,0.126517
0,62.5,43.4099,49.1382,1.16767,0.187936
0,62.5,5.55932,48.2677,-0.106458,0.0650582
0,62.5,43.7166,49.6696,1.35303,-0.140348
0,62.5,5.53904,48.529,-0.0248696,0.221581
0,62.5,43.2972,49.8026,1.15664,0.132406
0,62.5,5.72129,48.9965,0.651408,0.0409357
0,62.5,43.3315,50.1368,1.3795,-0.281457
0,62.5,5.88142,49.4396,0.275797,0.0351626
0,62.5,43.477,49.9235,1.86803,-0.00477459
0,62.5,5.95356,48.92,0.522608,-0.225022
0,62.5,44.136,49.9861,1.46921,0.558894
0,62.5,5.6784,49.2707,0.525573,-0.0298548
0,62.5,43.8956,50.0892,1.58415,0.330555
0,62.5,5.92216,49.1868,0.543011,-0.0628377
0,62.5,43.9987,50.2883,0.840948,0.3966
0,62.5,6.08052,49.6277,0.223207,0.137398
0,62.5,44.3307,50.0688,1.18192,0.397824
0,62.5,6.0131,49.8732,0.0597707,0.116176
0,62.5,45.0696,50.5122,0.707763,-0.133167
0,62.5,5.53115,49.7666,-0.228216,-0.124819
0,62.5,45.7193,50.8194,0.0379718,0.0737222
0,62.5,5.93359,50.5389,0.109669,-0.177613
0,62.5,45.5759,50.5707,0.0443691,-0.259896
0,62.5,5.52949,50.7713,0.0320022,-0.117067
0,62.5,47.6199,50.8166,0.379435,0.0124752
0,62.5,5.39471,51.0087,-0.127402,0.00527697
0,62.5,49.6346,51.0117,0.244884,-0.0216359
0,62.5,3.84345,31.6716,-3.44432,-0.993495
0,62.5,69.6246,30.9231,4.84004,-1.47165
0,62.5,5.19148,32.2722,-2.64469,-0.886119
0,62.5,69.5566,31.4392,4.60572,-1.44038
0,62.5,2.87932,37.895,-0.749185,-1.14345
0,62.5,66.546,33.3596,3.67301,0.973812
0,62.5,1.26098,36.872,-0.0235525,3.86823
0,62.5,65.727,33.76,2.25195,1.49312
0,62.5,6.67778,33.7859,-1.44575,-0.530078
0,62.5,61.751,32.8235,2.08325,-1.28454
0,62.5,4.46195,21.8479,4.50913,-8.58734
0,62.5,60.654,32.9635,1.6828,-1.4265
0,62.5,6.47781,34.4216,-1.36654,-0.72887
0,62.5,59.6713,33.693,1.33091,-1.35498
0,62.5,2.8145,38.5505,0.880648,0.666247
0,62.5,61.6908,33.5181,1.66853,-0.839845
0,62.5,4.22819,31.9296,-2.59213,-0.451646
0,62.5,59.8216,35.5028,2.20513,-0.187521
0,62.5,7.90088,35.8767,-0.609437,-0.707171
0,62.5,59.8464,34.5523,2.74342,-0.659344
0,62.5,7.69943,35.9308,-0.798666,-0.67985
0,62.5,59.7321,34.7771,2.92543,-0.526093
0,62.5,7.4917,36.0383,-0.785612,-0.587943
0,62.5,59.518,35.8296,2.27743,-0.350554
0,62.5,7.74495,36.5227,-0.773569,-0.63286
0,62.5,59.177,36.0145,3.41695,-0.227927
0,62.5,7.79661,36.9258,-0.907401,-0.536968
0,62.5,56.6174,38.0005,1.30458,2.06889
0,62.5,7.97701,37.1314,-0.855771,-0.450566
0,62.5,58.9262,36.5646,2.26849,0.0882389
0,62.5,7.67779,37.1712,-0.714076,-0.667831
0,62.5,58.1957,37.218,2.88155,0.856694
0,62.5,7.78957,37.5421,-0.924338,-0.530798
0,62.5,56.3006,37.958,2.10163,0.668669
0,62.5,7.97307,37.7372,-0.890571,-0.364232
0,62.5,57.6931,37.4759,1.43288,2.27605
0,62.5,7.55312,37.3653,-0.546994,-0.847251
0,62.5,55.5982,37.9404,0.90096,1.94847
0,62.5,7.809,37.8758,-1.01774,-0.504873
0,62.5,55.0954,38.033,0.879103,1.7805
0,62.5,7.58951,37.6352,-0.903279,-0.799156
0,62.5,53.7198,38.3233,0.176193,1.82845
0,62.5,7.71646,38.0959,-0.598222,-0.358545
0,62.5,53.037,38.6841,-0.975301,0.124284
0,62.5,7.66461,38.4132,-0.590963,-0.623015
0,62.5,54.0208,38.3788,-0.177603,2.10794
0,62.5,7.50348,38.2058,-0.677255,-0.618202
0,62.5,52.7378,38.8318,1.48972,-1.29429
0,62.5,7.63416,38.9275,-0.428574,-0.526778
0,62.5,52.3779,38.765,1.42654,0.441211
0,62.5,7.42206,38.4877,-0.66031,-0.5407
0,62.5,52.729,38.6308,1.05223,-0.704591
0,62.5,7.59288,38.6806,-0.468355,-0.477437
0,62.5,51.9477,38.912,1.07332,2.31728
0,62.5,7.44603,39.0904,-0.407734,-0.504878
0,62.5,52.2128,38.9554,0.219638,2.10196
0,62.5,7.49906,39.4314,-0.436079,-0.562368
0,62.5,52.0607,39.1595,0.855372,0.596441
0,62.5,7.2418,39.5643,-0.568536,-0.535172
0,62.5,51.7779,39.077,1.55131,0.995802
0,62.5,7.45437,39.7089,-0.490423,-0.61831
0,62.5,51.5094,39.0202,1.00406,0.97939
0,62.5,7.20936,39.8171,-0.536824,-0.645203
0,62.5,51.2413,39.2164,1.65388,1.34585
0,62.5,7.23692,40.0975,-0.485798,-0.650768
0,62.5,51.0122,39.1967,1.50955,1.06689
0,62.5,7.00951,39.9021,-0.501301,-0.659918
0,62.5,50.977,39.4587,0.480361,0.947239
0,62.5,7.27511,40.4253,-0.459066,-0.330098
0,62.5,50.7572,39.4008,0.239477,1.37268
0,62.5,7.49736,40.572,-0.575554,-0.360742
0,62.5,50.2071,39.6603,0.501451,0.761868
0,62.5,7.48269,40.8529,-0.477715,-0.224873
0,62.5,50.5047,39.384,0.976875,0.751049
0,62.5,7.71664,41.3949,-0.141882,-0.285055
0,62.5,51.2782,38.9527,0.745178,0.728354
0,62.5,7.35269,41.3703,-0.235346,-0.416916
0,62.5,48.6557,40.5041,-0.678134,1.91711
0,62.5,7.13073,40.8752,-0.306491,-0.246703
0,62.5,49.8832,39.7144,-0.00269649,1.02495
0,62.5,7.15031,41.173,-0.0919955,-0.331145
0,62.5,48.4261,40.4024,-0.182507,1.08018
0,62.5,7.54836,41.5712,-0.273534,-0.323628
0,62.5,49.2319,40.1077,0.68524,1.55218
0,62.5,8.0275,41.7663,-0.530031,-0.25131
0,62.5,48.0437,40.5628,-0.114755,1.74381
0,62.5,8.24536,42.0609,-0.0468569,-0.188822
0,62.5,49.5769,39.7801,1.82566,0.158898
0,62.5,7.50133,41.8337,-0.038186,-0.195097
0,62.5,48.9979,40.3062,0.897312,1.18433
0,62.5,7.72527,41.9284,-0.163572,0.112288
0,62.5,48.9768,40.0887,1.47643,0.502282
0,62.5,7.64901,42.4417,-0.218735,-0.0781891
0,62.5,48.718,40.2681,0.890686,1.59227
0,62.5,7.84377,42.2041,-0.0394587,-0.0448501
0,62.5,48.5105,40.1618,0.694315,2.371
0,62.5,7.66915,42.7049,-0.126647,-0.177203
0,62.5,46.2593,40.4191,-1.71544,0.977244
0,62.5,7.56206,43.0464,-0.0926912,0.0130922
0,62.5,46.1654,40.6286,-1.16359,1.38538
0,62.5,6.93478,43.6478,-0.185985,-0.33011
0,62.5,45.7195,40.635,-1.72029,0.778998
0,62.5,7.02707,44.1947,0.148596,-0.205471
0,62.5,45.9649,40.7447,-1.71246,1.18052
0,62.5,7.3811,43.4987,-0.334113,-0.232424
0,62.5,47.8767,40.4048,0.0253543,1.57917
0,62.5,7.61321,43.5781,-0.177029,-0.0972888
0,62.5,48.1734,40.3348,0.170561,1.29543
0,62.5,7.63023,44.0823,0.539236,0.0197511
0,62.5,45.6421,40.8333,-1.55442,0.902062
0,62.5,7.16198,43.6987,-0.305893,-0.194161
0,62.5,44.3716,40.8697,-0.819601,0.875885
0,62.5,7.38549,43.776,-0.139137,-0.374196
0,62.5,42.1047,40.8773,-3.24431,0.0843141
0,62.5,7.38564,44.0369,0.511256,-0.285401
0,62.5,43.1567,40.7292,-3.61509,0.231392
0,62.5,7.34794,44.5625,-0.0587943,-0.0971251
0,62.5,44.6414,40.7655,-1.91079,0.536575
0,62.5,7.22401,45.3179,0.0852261,-0.0891453
0,62.5,42.9112,40.545,-2.74544,0.560203
0,62.5,6.7699,45.2103,0.0733073,-0.00999707
0,62.5,41.6342,42.0233,-2.66917,-0.19457
0,62.5,6.52674,45.1448,0.145266,-0.00969624
0,62.5,42.7419,41.2553,-3.00067,0.105723
0,62.5,6.28448,45.1075,0.144842,-0.0357077
0,62.5,42.6362,40.809,-3.01432,-0.479565
0,62.5,6.54447,45.8812,0.0694285,-0.0171514
0,62.5,42.4617,41.1487,-2.57134,-0.343255
0,62.5,6.27328,45.8577,-0.0413914,0.0631557
0,62.5,41.7723,41.3348,-3.36429,-0.888988
0,62.5,6.4002,46.0821,0.140952,0.0541471
0,62.5,41.4274,40.9089,-3.31286,-0.141724
0,62.5,6.24027,45.6164,-0.0440302,0.101791
0,62.5,41.3955,41.8923,-3.31462,-0.469958
0,62.5,6.67968,46.0956,-0.0835841,0.300017
0,62.5,41.834,41.5507,-2.81871,-0.451722
0,62.5,6.42275,46.3329,0.345074,0.226517
0,62.5,41.2833,41.6719,-2.38598,-1.03491
0,62.5,6.55268,46.5705,0.0279094,0.175789
0,62.5,40.0174,42.7229,-1.39199,-0.19027
0,62.5,6.00178,45.5662,-0.113207,-0.326519
0,62.5,39.171,45.5315,1.39572,4.99437
0,62.5,5.98561,45.8044,-0.0159923,-0.312207
0,62.5,38.4158,43.6813,2.31225,0.711122
0,62.5,5.84206,46.0166,-0.166089,-0.550721
0,62.5,40.5374,47.9889,2.93621,9.72777
0,62.5,6.09256,46.5124,0.216872,-0.30066
0,62.5,38.7762,44.6651,1.58413,1.26912
0,62.5,5.94622,46.2793,0.197582,-0.299826
0,62.5,39.0456,46.6719,5.05297,2.18376
0,62.5,5.98305,46.756,0.127822,-0.349453
0,62.5,37.8317,45.2089,0.743803,0.557719
0,62.5,6.01038,47.3522,-0.269753,0.169997
0,62.5,40.2177,49.5375,-2.7711,2.55234
0,62.5,6.1656,47.5594,-0.210094,0.0433622
0,62.5,38.3767,48.4193,-2.36703,-0.882055
0,62.5,5.90973,47.6064,-0.269209,0.0904635
0,62.5,40.6488,49.587,-1.14334,1.90464
0,62.5,6.0691,47.8075,-0.0814837,-0.0499455
0,62.5,42.7551,48.7276,2.52476,-0.487078
0,62.5,5.95347,48.3251,0.528987,0.382447
0,62.5,38.6962,49.0672,-1.35316,-2.02966
0,62.5,6.25902,48.0211,0.0777172,-0.194111
0,62.5,42.4816,48.7794,3.25516,-0.929565
0,62.5,5.76223,48.1376,0.333249,0.456129
0,62.5,43.147,48.831,2.71064,0.10697
0,62.5,5.77202,48.4546,-0.114083,-0.0880442
0,62.5,43.5908,49.2868,1.22672,-0.0285424
0,62.5,5.55673,47.9884,0.479599,0.0726309
0,62.5,43.2026,49.0702,1.43651,0.274778
0,62.5,6.15553,48.5159,0.494966,0.102233
0,62.5,42.3601,49.3835,1.93948,1.34401
0,62.5,5.74818,48.7256,0.254299,-0.0803074
0,62.5,43.9753,49.5486,1.78143,0.363421
0,62.5,6.40245,48.4613,0.344449,-0.278509
0,62.5,43.158,49.3455,1.49914,0.172358
0,62.5,5.97682,48.6481,0.0657515,-0.266702
0,62.5,44.1652,49.3822,1.9412,-0.185599
0,62.5,6.61621,48.6597,0.275393,-0.130699
0,62.5,43.9643,49.8107,1.77243,-0.0678868
0,62.5,6.36537,48.7109,0.413237,-0.153918
0,62.5,43.7252,49.9163,1.79737,-0.295852
0,62.5,6.18419,48.8366,0.283423,-0.27825
0,62.5,44.3826,49.7985,1.21402,0.310675
0,62.5,6.16121,49.1085,0.362031,-0.182191
0,62.5,44.606,49.8554,1.50588,0.286923
0,62.5,6.37507,49.2841,0.0638729,-0.176827
0,62.5,44.4654,50.3367,0.388107,-0.0344174
0,62.5,6.13383,49.3698,0.238715,0.0786076
0,62.5,45.3156,50.5356,0.37492,-0.315524
0,62.5,6.27157,49.8284,0.232508,-0.171401
0,62.5,44.5778,50.1003,1.25136,-0.0423864
0,62.5,5.74293,49.9173,-0.0916082,-0.197726
0,62.5,45.2074,50.2786,0.675548,-0.194046
0,62.5,6.04864,50.7656,0.0197998,-0.166482
0,62.5,45.4687,50.3267,0.102623,-0.108093
0,62.5,5.79259,50.7786,0.0117968,-0.100116
0,62.5,46.5372,50.7953,0.326919,-0.000657542
0,62.5,5.64504,51.0098,-0.138142,-0.0320662
0,62.5,50.589,51.0154,0.427163,0.0825588
0,62.5,4.64137,31.2891,-3.80651,-1.30437
0,62.5,69.5276,31.204,4.93526,-1.68664
0,62.5,4.19513,31.4347,-3.34499,-1.44508
0,62.5,69.0561,32.0332,4.46669,-1.44506
0,62.5,3.22811,22.446,3.71944,-10.3884
0,62.5,69.1103,31.4913,4.29926,-1.18334
0,62.5,2.22721,31.4817,-1.45742,1.49234
0,62.5,67.8225,33.2185,3.75329,0.416766
0,62.5,6.55611,33.9645,-1.358,-0.334722
0,62.5,65.0806,33.8944,1.48437,1.38837
0,62.5,7.1667,34.9915,-1.04745,-0.870403
0,62.5,66.581,33.1705,3.75168,1.03428
0,62.5,7.54193,35.0189,-1.03668,-1.2158
0,62.5,61.9038,33.5504,1.49856,-0.600279
0,62.5,7.95788,36.4735,-0.691374,-0.62693
0,62.5,63.5378,34.3573,1.36036,1.53365
0,62.5,7.32271,34.8388,-1.30628,-0.657218
0,62.5,62.0341,33.9331,1.36812,-0.118582
0,62.5,8.10684,36.0608,-0.833202,-0.741473
0,62.5,59.9467,35.1096,2.47215,-0.278166
0,62.5,7.72594,36.208,-0.816742,-0.793316
0,62.5,59.8647,34.0582,1.93723,-1.07675
0,62.5,7.21468,34.5579,-1.11859,-0.851133
0,62.5,59.4206,35.98,1.2199,-0.545068
0,62.5,7.93788,36.7718,-1.0765,-0.87568
0,62.5,58.3406,37.3663,2.78196,0.983006
0,62.5,7.87065,35.566,-0.716701,-0.843881
0,62.5,58.9878,36.216,3.3096,-0.000718675
0,62.5,8.15252,37.026,-0.916703,-0.742952
0,62.5,57.0387,37.9965,0.974606,1.66969
0,62.5,7.88897,37.3332,-0.844554,-0.38633
0,62.5,56.3398,38.1718,1.3016,1.49547
0,62.5,8.09572,37.5224,-0.758689,-0.401832
0,62.5,56.0075,38.0839,1.21313,2.10654
0,62.5,8.16485,37.9248,-0.939374,-0.421094
0,62.5,55.4344,38.1758,1.11449,1.71855
0,62.5,8.38993,38.0422,-0.815447,-0.197641
0,62.5,57.9247,37.3785,2.53449,0.815082
0,62.5,8.01411,38.0886,-0.927875,-0.443472
0,62.5,57.3956,37.7179,1.00466,2.21526
0,62.5,8.24803,38.2448,-0.911801,-0.220936
0,62.5,55.0664,38.2547,0.943149,2.00315
0,62.5,7.89487,38.2886,-0.467074,-0.319338
0,62.5,54.723,38.3994,0.657801,1.70646
0,62.5,7.8587,38.5601,-0.805594,-0.341148
0,62.5,55.3283,37.9663,1.20437,1.95065
0,62.5,7.85898,38.8163,-0.460386,-0.313946
0,62.5,53.0563,38.8765,0.278354,0.831058
0,62.5,7.86597,39.0923,-0.583185,-0.264092
0,62.5,54.8252,38.1866,1.24729,1.56883
0,62.5,7.84184,39.3814,-0.61604,-0.381357
0,62.5,54.3562,38.3851,1.08355,2.12169
0,62.5,7.65456,39.2282,-0.601195,-0.505965
0,62.5,52.5427,38.9555,-0.13867,1.78006
0,62.5,7.87348,39.7454,-0.333804,-0.380895
0,62.5,52.3794,39.1455,0.183652,0.996928
0,62.5,7.68518,39.5871,-0.656652,-0.433984
0,62.5,53.5153,38.5107,1.01463,0.807179
0,62.5,7.85534,40.0487,-0.418045,-0.32174
0,62.5,51.9706,39.3589,0.804766,0.630373
0,62.5,7.43939,39.9835,-0.567235,-0.372121
0,62.5,51.7077,39.279,0.85203,1.55796
0,62.5,7.65743,39.8775,-0.539202,-0.437785
0,62.5,51.2518,39.4836,1.70807,0.406252
0,62.5,7.45695,40.2767,-0.464872,-0.515997
0,62.5,51.4608,39.2812,1.22044,1.75097
0,62.5,7.70235,40.4717,-0.537412,-0.466231
0,62.5,50.7907,39.654,0.210278,1.3743
0,62.5,7.71094,40.7533,-0.50995,-0.228821
0,62.5,50.4942,39.6252,0.7941,1.48134
0,62.5,7.9115,40.9409,-0.363209,-0.308371
0,62.5,50.2634,39.8361,0.437437,0.869872
0,62.5,7.67732,41.0351,-0.468617,-0.329679
0,62.5,49.9426,39.9176,-0.186409,1.60656
0,62.5,7.9441,41.5016,-0.343658,-0.318856
0,62.5,49.6852,39.9873,0.646716,1.25136
0,62.5,8.10388,41.2899,-0.309111,0.0158965
0,62.5,49.7597,40.1918,0.849437,1.32022
0,62.5,7.77251,41.697,-0.606489,-0.163313
0,62.5,49.4697,40.1417,1.64798,0.218883
0,62.5,8.19019,41.5558,-0.274693,-0.0963448
0,62.5,49.5337,40.3642,0.527636,1.03139
0,62.5,8.28113,41.8296,-0.507641,-0.360212
0,62.5,49.2524,40.3667,0.835063,0.922245
0,62.5,8.5198,42.1324,-0.021416,-0.194042
0,62.5,47.6522,40.5559,-0.0248436,1.17034
0,62.5,8.3306,42.3108,0.00648643,-0.25026
0,62.5,47.3637,40.4913,-0.136955,1.17041
0,62.5,8.56311,42.4014,-0.154967,-0.0985407
0,62.5,47.8709,40.739,-0.603568,1.10067
0,62.5,7.98594,41.9902,-0.0733959,-0.028241
0,62.5,47.0461,40.5275,-0.979689,1.10112
0,62.5,8.0794,42.2613,-0.0266727,-0.138925
0,62.5,46.702,40.4145,-1.12017,1.12947
0,62.5,7.87858,42.4768,-0.108488,-0.099397
0,62.5,47.2685,40.6795,-0.182199,1.25785
0,62.5,7.76956,42.9284,-0.16064,-0.260067
0,62.5,46.9796,40.7747,-0.0783577,0.921937
0,62.5,7.5667,43.3096,-0.286246,-0.0460538
0,62.5,46.7655,40.6231,-1.41157,0.822651
0,62.5,7.3272,43.2147,-0.325337,-0.205906
0,62.5,46.4851,40.5814,-0.751382,1.11974
0,62.5,7.78545,43.227,-0.19449,-0.270288
0,62.5,46.4036,40.7826,-0.706496,1.10001
0,62.5,7.6262,43.833,-0.183727,-0.117896
0,62.5,45.6769,41.0648,-1.1283,0.966554
0,62.5,7.85656,43.8025,-0.166527,-0.528833
0,62.5,45.1435,40.9167,-2.12236,0.959475
0,62.5,7.87662,44.0741,0.0673714,-0.223183
0,62.5,43.6548,40.8745,-1.96187,1.24099
0,62.5,8.11752,44.1635,-0.0821531,-0.189199
0,62.5,44.8897,40.8004,-1.93296,0.868149
0,62.5,7.97122,44.3593,0.000297315,-0.0380765
0,62.5,42.8761,40.7833,-3.00456,0.264393
0,62.5,7.73508,44.3156,0.0651906,0.257754
0,62.5,42.7045,41.5044,-2.80273,-0.521137
0,62.5,7.48099,44.3176,0.0832647,-0.173107
0,62.5,42.9977,41.231,-2.09107,0.240284
0,62.5,7.3207,45.0743,-0.0966476,-0.152963
0,62.5,42.2405,41.2718,-2.86843,-0.0410674
0,62.5,6.6437,45.4087,0.07002,-0.0477359
0,62.5,42.7644,41.0416,-3.61205,-0.224471
0,62.5,7.45902,44.8137,-0.000119603,-0.0639351
0,62.5,40.4798,42.6383,-2.43908,-0.122487
0,62.5,6.48013,45.6346,-0.0178802,0.00956242
0,62.5,39.9562,47.8619,2.10612,7.88407
0,62.5,6.92411,45.5344,0.00322889,-0.0687078
0,62.5,40.3658,43.2817,-1.41368,1.21687
0,62.5,6.73269,45.6542,0.0789973,-0.0221913
0,62.5,42.0633,41.4238,-2.49319,-0.943461
0,62.5,7.0542,45.8403,-0.0777149,0.16851
0,62.5,37.8392,44.3236,1.19993,0.539143
0,62.5,6.82258,45.8814,-0.0285893,0.196575
0,62.5,41.9045,41.1714,-2.24956,-0.63147
0,62.5,6.95986,46.1006,-0.0801081,0.230697
0,62.5,38.8145,45.7304,1.08654,1.76078
0,62.5,6.66856,46.3245,0.388653,0.278641
0,62.5,40.6814,44.6904,-0.951024,2.10153
0,62.5,6.91954,46.3342,0.372134,0.333779
0,62.5,38.71,45.3141,1.96599,2.84547
0,62.5,6.79992,46.5767,0.126687,0.337393
0,62.5,38.061,43.281,1.25344,1.02302
0,62.5,6.94427,46.8108,0.0372618,0.263773
0,62.5,37.6936,45.5496,1.937,0.324129
0,62.5,6.19277,46.2632,0.372151,-0.156641
0,62.5,38.0821,45.8624,1.76134,-0.0677938
0,62.5,6.30471,46.581,0.0435898,0.118978
0,62.5,37.8136,43.9122,0.819892,0.228997
0,62.5,6.19496,46.8422,-0.0640107,0.107531
0,62.5,37.4679,44.8856,0.56946,-0.485142
0,62.5,6.36121,47.066,-0.291058,0.0276099
0,62.5,38.3329,47.6528,1.56936,-2.12534
0,62.5,6.10919,47.0957,-0.239652,0.183445
0,62.5,38.3764,49.0647,-1.38256,-0.29255
0,62.5,6.26177,47.3115,-0.272408,0.0367624
0,62.5,42.0549,48.7891,4.687,-0.833698
0,62.5,6.33163,47.7814,0.00499375,-0.108353
0,62.5,42.801,49.0758,1.81544,-0.158234
0,62.5,6.51886,47.2999,-0.21976,-0.111911
0,62.5,42.9435,48.4454,2.55248,0.0979592
0,62.5,6.42575,47.542,-0.149523,-0.111838
0,62.5,43.3341,48.6292,1.91464,-0.549609
0,62.5,6.68444,47.516,-0.264151,-0.14037
0,62.5,42.3427,49.1207,2.74174,0.559679
0,62.5,6.59082,47.7569,0.0119764,-0.0856975
0,62.5,43.7693,49.4157,1.25003,0.170563
0,62.5,6.73441,48.1934,0.190965,-0.207935
0,62.5,42.5774,48.9793,1.76448,0.313774
0,62.5,6.19925,48.2596,0.280191,-0.132782
0,62.5,42.9133,48.8464,1.88801,-0.388081
0,62.5,6.52096,47.9933,0.177774,-0.195577
0,62.5,43.3831,49.4321,1.78655,0.396955
0,62.5,6.46279,48.2271,0.204479,-0.259363
0,62.5,44.3668,49.2113,1.81294,-0.629138
0,62.5,6.89292,48.5583,0.0610764,0.528793
0,62.5,43.7882,49.0952,1.17811,0.0470748
0,62.5,6.79588,49.0582,0.140024,0.428667
0,62.5,44.3838,49.4994,1.62865,-0.271812
0,62.5,6.83837,48.8031,0.0498314,0.4532
0,62.5,44.7937,49.1321,1.019,-0.258869
0,62.5,6.58393,48.9078,0.213135,-0.132422
0,62.5,44.793,49.4198,1.2431,-0.221627
0,62.5,6.56265,49.4765,0.375659,-0.222175
0,62.5,44.8304,50.0289,0.902531,-0.200481
0,62.5,6.39248,49.0193,0.206079,-0.283544
0,62.5,45.0041,49.5527,0.659946,-0.433171
0,62.5,6.61029,49.2166,0.0550008,-0.0587031
0,62.5,44.9854,50.2231,0.860297,-0.0218903
0,62.5,6.32501,49.5566,0.348822,-0.123899
0,62.5,45.8513,50.6119,-0.121537,-0.1201
0,62.5,6.18114,50.0795,0.283186,-0.0857396
0,62.5,45.1797,50.014,1.03022,-0.16602
0,62.5,5.90761,50.1112,0.0438797,-0.12482
0,62.5,46.7986,50.5631,0.500846,-0.0901374
0,62.5,6.08109,50.3184,0.22013,-0.15362
0,62.5,48.9838,50.8154,0.100011,0.209048
0,62.5,6.15077,51.0079,-0.148224,-0.022731
0,62.5,49.3833,51.0091,0.218543,0.0486437
0,62.5,5.90188,51.0112,-0.137367,-0.115399
0,62.5,50.7108,50.7899,0.360889,0.00629791
0,62.5,4.97076,22.0868,5.32984,-8.55943
0,62.5,67.5322,32.7818,4.89311,0.740763
0,62.5,4.48581,31.6132,-3.4571,-0.978118
0,62.5,67.272,33.1331,3.58307,0.849742
0,62.5,3.95879,31.3418,-2.94418,-0.674566
0,62.5,68.599,32.1123,4.10222,-1.21376
0,62.5,2.87559,31.7121,-1.92439,0.197635
0,62.5,67.2378,33.4957,3.24512,0.928032
0,62.5,3.9462,31.0988,-4.11772,-1.42958
0,62.5,68.5092,32.3564,4.06887,-0.329565
0,62.5,5.87901,33.1341,-1.79998,-0.740498
0,62.5,64.811,34.2071,0.913492,1.46189
0,62.5,6.40531,33.3373,-1.98053,-0.533598
0,62.5,65.7845,34.2738,1.94364,1.08125
0,62.5,7.11341,33.9163,-1.22521,-0.618511
0,62.5,62.9856,34.2445,0.675163,0.648956
0,62.5,6.14123,33.0609,-2.12546,-0.68856
0,62.5,61.9175,33.0472,1.72429,-1.04944
0,62.5,6.4711,33.5983,-1.59947,-0.486527
0,62.5,60.7004,33.9104,1.78813,-0.957572
0,62.5,7.50556,34.7146,-1.51901,-0.778507
0,62.5,60.9864,33.1628,1.97579,-1.22658
0,62.5,7.05327,33.5843,-1.32808,-0.581493
0,62.5,60.0811,33.9642,1.81061,-1.14409
0,62.5,7.1057,34.1995,-1.2637,-0.459981
0,62.5,59.1241,36.4331,2.92692,0.303919
0,62.5,7.37884,34.426,-1.12018,-1.06461
0,62.5,59.9098,35.6747,1.34098,0.109301
0,62.5,7.83673,35.2584,-0.862658,-0.964755
0,62.5,57.6419,37.7206,1.8716,0.697069
0,62.5,8.1765,36.405,-0.735586,-0.548186
0,62.5,58.7126,37.0431,2.48139,-0.159721
0,62.5,8.0917,35.7554,-0.822623,-0.879018
0,62.5,55.7223,38.145,1.68027,1.82491
0,62.5,8.21924,37.3667,-0.923941,-0.593903
0,62.5,53.6715,38.9331,0.731769,1.2996
0,62.5,8.13962,36.7137,-0.948577,-0.536504
0,62.5,54.2618,38.7746,0.807459,2.02609
0,62.5,8.36018,37.2135,-0.804329,-0.499934
0,62.5,54.758,38.6036,0.398496,1.93902
0,62.5,8.46367,37.6042,-1.04464,-0.408461
0,62.5,52.6156,39.6336,0.777525,1.22639
0,62.5,8.28597,37.718,-0.913995,-0.253657
0,62.5,55.04,38.4695,0.969998,1.78788
0,62.5,8.11465,38.4216,-0.645463,-0.218871
0,62.5,54.1446,38.577,0.690635,1.81699
0,62.5,8.07624,38.6949,-0.7003,-0.476169
0,62.5,53.9401,38.75,-0.0411183,1.40626
0,62.5,8.08316,38.9786,-0.535738,-0.231982
0,62.5,53.1692,39.1107,0.266573,1.23687
0,62.5,8.29737,39.1563,-0.358193,-0.114348
0,62.5,54.4656,38.5708,0.6214,1.6669
0,62.5,8.06884,39.2618,-0.584416,-0.169816
0,62.5,53.8323,38.544,0.32137,2.05048
0,62.5,8.26602,39.4368,-0.393983,-0.140537
0,62.5,53.3218,38.6977,-0.0901957,0.979896
0,62.5,8.03095,39.5486,-0.483452,-0.304033
0,62.5,52.6534,39.2032,1.27067,0.94237
0,62.5,8.06612,39.8962,-0.36949,-0.358675
0,62.5,52.8583,39.0588,1.571,2.13579
0,62.5,8.07464,40.1808,-0.401894,-0.284954
0,62.5,52.2516,39.36,-0.151458,0.0156981
0,62.5,8.26782,40.3232,-0.294341,-0.109518
0,62.5,51.3892,39.7465,1.15653,0.80847
0,62.5,7.65376,40.181,-0.561474,-0.375967
0,62.5,51.7662,39.5405,0.744625,1.0663
0,62.5,7.88331,40.343,-0.444793,-0.396483
0,62.5,50.5622,39.8514,1.20813,0.882515
0,62.5,7.93302,40.6704,-0.565139,-0.266986
0,62.5,51.4987,39.5435,1.1943,0.567947
0,62.5,8.32977,40.6135,-0.338323,0.0241161
0,62.5,50.3424,40.0577,1.08376,1.42941
0,62.5,8.16784,40.7938,-0.463273,0.0317491
0,62.5,51.1061,39.6752,0.709914,0.998511
0,62.5,7.87376,41.2066,-0.277892,-0.29951
0,62.5,49.638,40.5391,0.5002,0.467724
0,62.5,8.13824,41.0366,-0.371865,0.0841031
0,62.5,49.9073,40.3567,0.596457,1.26708
0,62.5,8.42773,41.6003,-0.179583,-0.0550983
0,62.5,50.0639,40.0902,0.539807,0.970901
0,62.5,8.34497,41.3279,-0.200482,0.180963
0,62.5,50.1571,40.2956,0.949199,0.940379
0,62.5,8.51525,41.8947,-0.480958,-0.318826
0,62.5,48.9001,40.5248,0.619541,1.58429
0,62.5,8.76961,41.9287,-0.328212,-0.142721
0,62.5,49.2742,40.5691,0.275108,1.1122
0,62.5,8.76125,42.1902,-0.141591,0.0440165
0,62.5,48.305,40.6032,0.337103,1.68912
0,62.5,8.79304,42.4683,-0.315302,0.137762
0,62.5,47.3418,40.8735,-0.420306,1.71165
0,62.5,8.58134,42.6722,-0.167479,0.010951
0,62.5,48.5286,40.7228,0.0866335,1.23631
0,62.5,8.79772,42.7581,-0.18459,0.0938937
0,62.5,46.0415,41.1543,-1.02606,0.752462
0,62.5,8.12961,42.5211,-0.0906672,-0.133362
0,62.5,46.2174,40.9306,-1.323,1.17732
0,62.5,7.94046,42.7224,-0.0298941,-0.162801
0,62.5,47.6051,40.7608,0.432316,1.38739
0,62.5,8.15585,42.8115,-0.0519943,-0.0812079
0,62.5,46.9936,40.9665,-1.0327,0.717759
0,62.5,7.97866,43.0348,-0.141191,-0.212099
0,62.5,45.4026,41.097,-1.57045,1.20454
0,62.5,8.01073,43.3183,-0.0979443,-0.262587
0,62.5,46.6604,40.8449,-0.729447,0.79668
0,62.5,7.82897,43.5081,-0.27933,-0.525909
0,62.5,44.4292,41.1187,-1.78273,0.767297
0,62.5,8.22843,43.3893,-0.115307,0.0260783
0,62.5,45.9293,40.9627,-1.48847,0.696148
0,62.5,8.04224,43.6152,-0.110142,-0.298196
0,62.5,44.1427,41.0201,-2.01646,0.729836
0,62.5,8.08078,43.9018,-0.197014,-0.239472
0,62.5,42.445,40.9471,-3.37657,-0.350762
0,62.5,8.3821,44.2137,-0.112288,-0.242746
0,62.5,43.6265,41.2547,-2.0974,-0.453267
0,62.5,8.22883,44.4201,-0.0668425,-0.0632353
0,62.5,43.0259,40.961,-2.70134,0.311609
0,62.5,7.82327,44.5876,0.0741987,0.184298
0,62.5,42.479,41.406,-2.71265,-0.298032
0,62.5,7.6931,44.8357,0.0151265,-0.145712
0,62.5,42.1797,41.6082,-1.92297,-0.86305
0,62.5,7.59082,44.563,-0.132753,-0.0515708
0,62.5,41.6274,41.7873,-2.19725,-0.714802
0,62.5,7.56123,45.0763,-0.0656633,-0.095304
0,62.5,41.9024,41.7585,-2.0348,-0.152286
0,62.5,7.49152,45.3142,0.0664828,-0.0915937
0,62.5,41.4024,42.1723,-2.80776,-0.447556
0,62.5,7.76475,45.3293,0.194382,-0.154279
0,62.5,40.7106,42.3378,-1.81812,-0.452089
0,62.5,7.14195,45.6135,0.00669331,-0.0637322
0,62.5,40.6881,44.1354,-0.920426,1.74826
0,62.5,7.36119,45.5315,0.137763,-0.0196036
0,62.5,40.309,43.6831,-1.52815,1.65275
0,62.5,7.30486,45.853,-0.0493498,-0.270442
0,62.5,37.6764,44.7248,1.23216,0.462674
0,62.5,7.50886,45.7489,0.328292,0.0180643
0,62.5,37.3274,44.6951,0.750182,-0.529612
0,62.5,7.21283,46.0849,-0.102227,-0.090753
0,62.5,37.4473,44.043,1.18319,0.154873
0,62.5,7.46982,46.082,-0.401243,-0.135965
0,62.5,38.5685,44.5136,0.506391,1.86136
0,62.5,7.05108,46.5658,0.0434635,0.314682
0,62.5,40.261,47.123,5.42112,10.2365
0,62.5,7.17859,46.3226,0.355761,0.0438144
0,62.5,38.1807,44.7477,0.888541,0.795766
0,62.5,7.19668,46.806,0.0946424,0.0842409
0,62.5,38.2333,45.025,0.333022,0.791338
0,62.5,7.30088,46.5569,-0.0232026,-0.00339311
0,62.5,38.8234,46.1227,2.14063,1.30302
0,62.5,6.68897,46.8181,-0.0517376,0.0406026
0,62.5,38.5713,48.836,-3.72855,0.0798254
0,62.5,6.87783,47.0407,-0.252633,0.126204
0,62.5,38.6409,46.8541,3.97678,0.452476
0,62.5,6.43616,46.8156,-0.126306,0.0890727
0,62.5,41.2155,49.4446,2.55306,2.02529
0,62.5,6.77547,47.275,-0.323042,-0.0325589
0,62.5,39.7853,49.3625,-1.42863,1.66083
0,62.5,6.61418,47.0561,-0.23426,-0.0476799
0,62.5,38.3881,48.7668,-2.83578,-1.22062
0,62.5,7.0407,47.2554,-0.152357,-0.151013
0,62.5,42.6798,48.5171,2.35379,-0.942567
0,62.5,6.95152,47.4935,-0.0381402,-0.190747
0,62.5,43.9723,48.9147,0.652709,-0.355847
0,62.5,7.19178,47.5008,-0.120733,-0.142149
0,62.5,44.171,49.0672,1.19764,-0.514803
0,62.5,6.86044,47.7266,0.0380832,-0.299085
0,62.5,44.6012,48.9961,1.2622,-0.291622
0,62.5,7.09177,47.7689,-0.049014,0.0774413
0,62.5,44.8148,48.8241,1.02514,-0.592766
0,62.5,6.79227,47.9613,0.275402,-0.248439
0,62.5,45.2037,49.0618,0.5901,-0.486531
0,62.5,6.95371,48.3062,-0.163849,0.539129
0,62.5,44.5826,49.288,1.02734,-0.255748
0,62.5,6.67331,48.4261,0.19185,-0.163157
0,62.5,45.0087,48.9482,0.965929,-0.396211
0,62.5,7.08858,48.7473,0.254855,0.147307
0,62.5,44.5907,49.5786,0.994113,0.0155065
0,62.5,7.04185,49.0072,0.111813,-0.000885143
0,62.5,45.0088,49.8636,0.670024,-0.431676
0,62.5,7.09334,49.2362,0.280778,-0.167191
0,62.5,44.1895,49.6864,1.75662,0.397229
0,62.5,6.84624,49.3102,0.253089,0.317264
0,62.5,45.733,50.3705,0.190975,-0.10735
0,62.5,6.77132,49.5626,0.308091,0.254308
0,62.5,44.8145,49.7202,1.2089,-0.0847369
0,62.5,6.71408,49.8224,0.355542,0.215184
0,62.5,44.9994,49.2503,0.961836,-0.397287
0,62.5,6.65672,50.0756,0.380203,0.16925
0,62.5,46.2419,50.5527,0.611982,0.181186
0,62.5,6.50075,49.7525,0.391847,-0.236052
0,62.5,45.4108,50.0771,0.689625,-0.257688
0,62.5,6.43199,50.0363,0.347003,-0.367943
0,62.5,46.8149,50.7843,0.285448,-0.0918027
0,62.5,6.34159,50.2874,0.303646,-0.316843
0,62.5,46.842,50.1181,0.356298,-0.177938
0,62.5,6.45296,50.5442,0.108643,-0.160877
0,62.5,49.126,51.0202,0.327895,0.131495
0,62.5,6.20209,50.5345,0.0906728,-0.211563
0,62.5,47.3437,50.5712,-0.111193,-0.161547
0,62.5,6.30275,50.7763,-0.0591445,-0.135254
0,62.5,50.8527,51.0085,0.539647,-0.0146325
0,62.5,2.42746,30.2408,-2.37793,-1.18152
0,62.5,66.737,33.0772,3.55055,0.799063
0,62.5,4.42202,31.3672,-4.09928,-1.1479
0,62.5,68.5237,31.8962,4.4579,-0.54469
0,62.5,3.74137,31.334,-3.14445,-0.771967
0,62.5,69.4661,31.745,4.73261,-1.4458
0,62.5,6.21303,33.5323,-1.75181,-0.437593
0,62.5,69.7544,31.2593,5.07865,-1.98112
0,62.5,5.68479,32.2009,-2.66545,-0.899016
0,62.5,66.3827,33.6717,3.10852,1.44038
0,62.5,4.28674,31.703,-3.18246,-0.669312
0,62.5,65.9696,33.8206,2.78791,1.63271
0,62.5,5.46709,32.3414,-2.66781,-1.12805
0,62.5,65.5327,33.9702,1.7205,1.55719
0,62.5,5.4028,32.076,-2.64225,-1.00243
0,62.5,64.51,34.4646,1.1339,0.747406
0,62.5,5.65233,32.472,-2.80077,-0.983769
0,62.5,61.0484,32.6674,1.93012,-1.63201
0,62.5,6.67419,33.4685,-1.97,-0.517468
0,62.5,63.5677,34.5884,0.967812,0.752627
0,62.5,6.36818,33.0846,-2.37971,-0.511262
0,62.5,61.2627,32.6261,1.97073,-1.6499
0,62.5,6.13909,32.8016,-2.28376,-0.629355
0,62.5,59.9857,34.7143,2.72343,-0.591186
0,62.5,6.60395,33.1999,-2.27026,-0.383525
0,62.5,58.9345,36.9067,2.13442,0.498021
0,62.5,7.31987,34.1749,-1.07981,-0.533374
0,62.5,59.6609,36.0783,1.69907,0.159397
0,62.5,8.08912,35.4771,-0.624167,-0.740056
0,62.5,56.743,38.1373,1.6252,1.11549
0,62.5,7.73728,34.9796,-0.631338,-0.979036
0,62.5,56.0765,38.2721,1.28029,1.2489
0,62.5,8.31047,36.2407,-0.654522,-0.541821
0,62.5,57.8566,37.7218,2.46596,0.930318
0,62.5,8.30685,35.9367,-0.738782,-0.778276
0,62.5,58.0586,37.5277,1.63721,-0.0974697
0,62.5,8.34452,36.9155,-0.733978,-0.585129
0,62.5,55.3313,38.351,1.07228,1.51326
0,62.5,8.35046,36.6267,-0.690293,-0.421041
0,62.5,53.2077,39.3178,0.27445,-0.0258675
0,62.5,8.54693,37.4031,-0.804669,-0.331892
0,62.5,53.0454,39.5274,0.924094,1.437
0,62.5,8.57417,38.2154,-0.69717,-0.45387
0,62.5,52.3237,39.5799,0.753708,0.363374
0,62.5,8.30944,38.6145,-0.44432,-0.119248
0,62.5,52.5805,39.8653,0.961411,0.862078
0,62.5,8.44461,38.4218,-0.727261,-0.449346
0,62.5,52.3227,39.8022,0.355628,2.13435
0,62.5,8.53283,38.7664,-0.37858,-0.0940235
0,62.5,52.1538,39.9739,0.955741,0.746334
0,62.5,8.30571,38.883,-0.599329,-0.304679
0,62.5,51.7834,39.988,0.619787,1.33494
0,62.5,8.52825,39.0385,-0.792765,-0.172262
0,62.5,53.348,38.9164,0.103045,2.33121
0,62.5,8.50254,39.3142,-0.332342,-0.0218189
0,62.5,51.985,39.8007,0.679198,0.800153
0,62.5,8.49299,39.5773,-0.179829,0.056968
0,62.5,52.8064,39.4885,0.184248,0.76055
0,62.5,8.28401,40.0045,-0.325389,-0.00340227
0,62.5,51.5189,39.9349,0.3548,1.18037
0,62.5,8.2294,39.6983,-0.291482,-0.192187
0,62.5,53.6401,38.732,1.341,1.16692
0,62.5,8.46625,40.1498,-0.180268,0.00529626
0,62.5,52.0597,39.5913,0.0758474,1.11286
0,62.5,8.7006,40.2286,-0.177241,0.077672
0,62.5,52.9269,39.2739,0.919401,0.410718
0,62.5,8.08883,40.5011,-0.434226,-0.188429
0,62.5,51.7245,39.7546,0.564487,-0.0423079
0,62.5,8.5007,40.4239,-0.120281,-0.11131
0,62.5,50.8821,39.839,-0.188224,0.867846
0,62.5,8.44126,40.8554,-0.431505,0.0257093
0,62.5,50.4471,40.2405,0.681143,0.945762
0,62.5,8.38009,41.0764,-0.328136,0.137342
0,62.5,50.663,40.0321,0.666645,0.3958
0,62.5,8.62969,41.1211,-0.264088,0.148313
0,62.5,49.8771,40.5833,0.559481,1.60458
0,62.5,8.58094,41.3661,-0.123801,0.19795
0,62.5,49.3768,40.7504,0.277556,0.771996
0,62.5,8.80224,41.4392,-0.0803106,0.00839407
0,62.5,48.7631,40.8092,0.898177,1.08346
0,62.5,8.65108,41.6647,-0.0602767,-0.16063
0,62.5,47.7506,41.1078,0.0915871,0.897433
0,62.5,8.89618,41.6981,-0.101591,0.0244845
0,62.5,48.1713,40.8172,-0.132595,1.00308
0,62.5,8.97947,42.2692,-0.255525,0.150794
0,62.5,47.9205,40.9476,0.381005,1.05369
0,62.5,8.99191,41.9808,-0.359008,0.0377294
0,62.5,49.032,40.6911,1.03486,1.32005
0,62.5,9.19879,42.4176,-0.219918,0.113881
0,62.5,47.5518,40.9956,-0.202019,1.92157
0,62.5,9.00439,42.574,-0.223674,0.119619
0,62.5,45.7695,41.2606,-1.28782,0.855114
0,62.5,9.01902,42.8591,-0.175492,0.093516
0,62.5,46.6338,41.0376,-0.643669,0.957182
0,62.5,8.81905,43.0418,-0.125823,0.133171
0,62.5,47.2109,41.0891,-1.38688,1.47279
0,62.5,8.35152,42.5898,-0.0724579,-0.116409
0,62.5,45.4592,41.3162,-1.55238,0.895168
0,62.5,8.37998,42.867,-0.0843271,-0.0132178
0,62.5,46.3502,41.1014,-0.602118,0.856029
0,62.5,8.20254,43.0945,-0.100344,-0.0943255
0,62.5,44.6464,41.0003,-1.64483,0.971095
0,62.5,8.63439,43.2513,-0.0974081,0.152335
0,62.5,44.9324,41.0607,-1.32517,0.629231
0,62.5,8.41464,43.1675,-0.125715,0.0709276
0,62.5,43.3568,40.8625,-1.5027,0.881137
0,62.5,8.44635,43.4611,-0.147049,-0.0241957
0,62.5,43.4999,41.0878,-2.45832,0.396978
0,62.5,8.26565,43.6761,-0.209424,-0.0802919
0,62.5,44.2383,41.2582,-1.46083,0.399383
0,62.5,8.48566,43.7519,-0.00286859,-0.0557225
0,62.5,42.4194,41.63,-2.36145,-0.786859
0,62.5,8.3171,43.9613,-0.164765,-0.173245
0,62.5,43.2278,41.1023,-2.18078,0.794533
0,62.5,8.49982,44.4273,-0.421919,0.194515
0,62.5,41.9151,41.9812,-1.3162,-0.488168
0,62.5,8.18342,44.8786,-0.108252,0.242872
0,62.5,42.989,41.4697,-2.54914,0.0629138
0,62.5,8.07091,44.6253,-0.011725,-0.0903456
0,62.5,42.1859,41.8409,-2.66389,-0.485825
0,62.5,7.93035,44.8464,0.1821,0.177641
0,62.5,41.7997,42.1924,-2.82466,-0.0793305
0,62.5,8.09342,45.3442,0.0902605,0.340613
0,62.5,40.7003,46.9215,2.64187,9.46804
0,62.5,7.80604,45.1047,-0.0710188,-0.234507
0,62.5,40.9531,42.2692,-2.21005,-0.338162
0,62.5,7.9402,45.5109,-0.18772,0.303388
0,62.5,41.1836,42.0568,-2.63275,-0.0372263
0,62.5,7.81612,45.7316,-0.0665405,0.204441
0,62.5,40.914,42.7111,-2.13739,-0.343342
0,62.5,8.04678,45.7944,-0.056493,0.317982
0,62.5,40.8678,45.4136,-0.405809,2.93953
0,62.5,7.64282,45.5396,0.0482782,-0.108517
0,62.5,41.7738,44.6773,-2.00294,-0.457139
0,62.5,7.89056,46.0214,0.113897,0.365899
0,62.5,39.4497,46.15,1.99019,6.73469
0,62.5,7.66685,45.9401,0.036957,0.338313
0,62.5,38.6985,45.5018,1.03129,2.70946
0,62.5,7.68759,46.2305,-0.101909,0.0579251
0,62.5,37.9248,44.8229,1.00265,0.0183824
0,62.5,7.94137,46.2722,-0.0720813,0.332892
0,62.5,39.7364,46.7126,3.73251,7.621
0,62.5,8.04924,46.5191,0.0187272,0.162775
0,62.5,38.2426,44.1043,1.23863,0.556489
0,62.5,7.43947,46.3225,0.276873,0.0910016
0,62.5,38.9492,44.5927,0.97553,2.53054
0,62.5,7.5586,46.5439,0.0162112,0.36427
0,62.5,38.4917,46.0312,2.18472,0.915863
0,62.5,7.7748,46.4687,-0.128733,0.171949
0,62.5,38.5701,48.5276,-2.27626,0.138985
0,62.5,7.93366,47.0019,0.49518,0.167434
0,62.5,38.4356,47.8191,0.365133,-2.35943
0,62.5,7.15974,47.0405,0.0501823,0.0636814
0,62.5,39.3056,49.1731,-2.24149,0.304117
0,62.5,7.44425,46.792,0.0772862,0.133959
0,62.5,43.3228,48.0162,2.31913,-1.70669
0,62.5,7.42419,47.0337,0.221835,0.0282775
0,62.5,43.2762,48.3487,2.90308,-0.718455
0,62.5,7.56813,47.26,0.175717,-0.0809021
0,62.5,43.0852,48.5907,2.82676,0.396556
0,62.5,7.30726,47.2654,-0.0202848,-0.199319
0,62.5,43.4174,48.8566,1.28012,0.221695
0,62.5,7.45283,47.4938,-0.0847618,-0.346718
0,62.5,43.976,49.239,1.50066,-0.154074
0,62.5,7.33484,47.7211,-0.136352,-0.250257
0,62.5,44.3934,48.9298,1.37591,-1.05389
0,62.5,7.61141,47.7215,-0.0336228,-0.477636
0,62.5,44.9955,48.6329,0.909476,-0.628943
0,62.5,7.01708,48.0384,0.0233394,0.306823
0,62.5,45.2033,48.7507,0.579072,-0.62047
0,62.5,7.19542,48.233,-0.164789,0.136417
0,62.5,45.1981,49.3755,0.8723,-0.588019
0,62.5,7.14749,48.4904,0.188209,0.237607
0,62.5,45.3972,48.8709,0.699988,-0.4563
0,62.5,7.30185,49.3342,0.200548,0.410496
0,62.5,45.2063,49.6798,0.924237,-0.441443
0,62.5,7.27176,48.9685,0.297495,0.0850585
0,62.5,45.4036,49.4927,0.714431,-0.342865
0,62.5,7.02445,49.4948,0.444237,-0.240681
0,62.5,45.3884,49.8092,0.648303,-0.503824
0,62.5,6.95798,49.7552,0.507888,-0.111465
0,62.5,45.6604,50.124,0.40411,-0.236089
0,62.5,7.11302,50.1039,0.55735,0.190427
0,62.5,46.0303,50.4532,0.245197,-0.0530721
0,62.5,6.89926,50.0248,0.553623,-0.178468
0,62.5,46.0144,50.7825,0.151595,0.0294719
0,62.5,6.83356,50.2931,0.614057,-0.209233
0,62.5,46.4186,50.3486,0.874862,0.118707
0,62.5,6.58507,50.3238,0.32065,0.000331583
0,62.5,46.6749,50.3406,0.562401,-0.161086
0,62.5,6.81818,50.7987,-0.0734427,-0.108477
0,62.5,46.1854,50.2564,0.345067,0.0330175
0,62.5,6.72187,50.5467,0.271937,-0.340726
0,62.5,46.5262,50.5681,0.766108,-0.0332292
0,62.5,6.65511,51.0133,-0.144928,-0.0936173
0,62.5,47.7411,51.0262,0.434138,-0.335754
0,62.5,6.56336,50.7714,-0.0257628,-0.232114
0,62.5,50.3422,51.0009,0.497611,0.228915
0,62.5,6.40423,51.01,-0.127589,-0.108752
0,62.5,50.9578,50.7639,0.269965,-0.0431657
0,62.5,2.93486,30.4007,-2.1741,-2.04428
0,62.5,64.257,34.0735,2.59622,2.54606
0,62.5,2.6658,30.2461,-2.64854,-1.25247
0,62.5,74.611,27.5434,2.73658,-5.91047
0,62.5,5.74599,32.0221,-2.81235,-1.04075
0,62.5,69.3058,31.2965,4.91817,-1.36598
0,62.5,5.12942,31.7407,-2.85262,-1.15542
0,62.5,68.151,32.9204,4.09208,0.00203895
0,62.5,5.41731,31.8381,-2.90006,-1.12029
0,62.5,65.2411,34.127,1.40491,1.46176
0,62.5,5.17874,32.0078,-2.86036,-1.12778
0,62.5,64.3049,34.5753,0.958796,0.382171
0,62.5,5.89346,32.6631,-2.51486,-0.649826
0,62.5,60.6024,34.4086,2.25302,-0.727095
0,62.5,4.67686,31.7952,-3.19619,-0.71616
0,62.5,61.7917,33.8803,1.56408,-0.43337
0,62.5,5.95407,32.4471,-2.77234,-0.71714
0,62.5,62.5318,34.2907,1.11474,0.538258
0,62.5,6.00857,32.242,-2.74524,-1.14436
0,62.5,59.2793,36.2689,1.93596,-0.303994
0,62.5,6.30077,32.6835,-2.47999,-0.463442
0,62.5,60.0382,35.4125,2.94032,-0.0725789
0,62.5,6.77894,33.0456,-2.71102,-0.257817
0,62.5,60.3278,34.5836,2.27787,-0.563629
0,62.5,6.49135,32.8685,-2.42641,-0.346314
0,62.5,59.0929,36.747,1.88166,-0.062476
0,62.5,6.8696,33.3357,-2.01803,-0.495283
0,62.5,58.5658,37.3031,2.90979,0.0154287
0,62.5,7.60151,34.3963,-1.27321,-0.878378
0,62.5,58.2854,37.5995,2.35067,0.460894
0,62.5,8.08162,35.2468,-0.767562,-0.711758
0,62.5,57.296,37.973,0.717002,0.883408
0,62.5,7.69619,34.6537,-1.34855,-0.78813
0,62.5,56.4695,38.3177,1.52792,1.31184
0,62.5,8.50082,36.4643,-0.858154,-0.487362
0,62.5,55.745,38.3393,1.43853,2.38468
0,62.5,8.56248,36.8403,-0.627163,-0.521301
0,62.5,54.5388,38.793,0.101382,1.39898
0,62.5,8.58408,37.1132,-0.933504,-0.303105
0,62.5,55.0117,38.6915,0.617303,1.9019
0,62.5,8.74849,37.7623,-1.04903,-0.517943
0,62.5,53.48,39.3294,0.312706,1.63179
0,62.5,8.7524,38.0461,-0.829757,-0.477047
0,62.5,53.9905,38.9552,0.508717,1.04043
0,62.5,8.65591,38.5654,-0.476916,-0.458989
0,62.5,53.4705,39.113,0.638285,1.13889
0,62.5,8.53798,37.8666,-0.921675,-0.431871
0,62.5,52.8538,39.7648,0.935698,1.57321
0,62.5,8.75466,38.9333,-0.564703,-0.10357
0,62.5,51.1194,40.5164,0.941327,0.442445
0,62.5,8.95591,39.0572,-0.414189,-0.025382
0,62.5,51.5308,40.1753,0.829367,1.39344
0,62.5,8.73571,39.2197,-0.457775,-0.301792
0,62.5,51.9808,40.1422,0.968879,1.3633
0,62.5,8.96192,39.3245,-0.382359,-0.0523466
0,62.5,51.3388,40.3567,0.5588,0.704509
0,62.5,8.72704,39.4906,-0.232035,-0.206517
0,62.5,51.2705,40.1121,0.88605,1.28068
0,62.5,8.75189,39.7351,-0.486638,-0.0200403
0,62.5,51.0597,40.2686,0.829973,1.33771
0,62.5,8.45654,39.8166,-0.349078,-0.0181825
0,62.5,50.7442,40.2554,1.21485,1.4309
0,62.5,9.02901,40.5201,-0.283518,0.0762796
0,62.5,50.5357,40.4442,0.70076,0.312048
0,62.5,8.65966,39.9517,-0.30046,0.00486163
0,62.5,52.5247,39.3909,0.526803,1.08865
0,62.5,8.76268,40.4757,-0.31364,-0.0676307
0,62.5,50.9503,40.0674,1.00029,0.716419
0,62.5,8.73113,40.9071,-0.492684,0.111906
0,62.5,51.1811,39.9051,0.554581,1.94751
0,62.5,8.6086,40.6751,-0.388948,0.0372367
0,62.5,49.2928,40.9795,0.0932926,1.48049
0,62.5,8.87131,41.165,-0.279016,0.110656
0,62.5,50.214,40.5004,0.492848,1.41081
0,62.5,9.02664,41.3701,-0.153971,-0.0422883
0,62.5,48.7345,41.0074,-0.549001,0.527513
0,62.5,9.27738,41.4417,-0.0941618,0.0618115
0,62.5,49.0472,40.9088,0.0875464,1.78635
0,62.5,9.10904,41.6373,-0.124499,0.0663553
0,62.5,48.1855,41.0446,0.908692,0.776879
0,62.5,9.39013,41.6696,-0.273523,0.244103
0,62.5,49.6176,40.7759,0.75796,0.578814
0,62.5,9.20799,41.8686,-0.434941,0.179784
0,62.5,48.4272,40.9286,0.10595,0.830682
0,62.5,9.42026,42.2679,-0.181755,0.103245
0,62.5,48.4766,41.1577,-0.267026,1.16654
0,62.5,9.19846,42.145,-0.343762,0.00518028
0,62.5,47.3805,41.2319,-0.257786,1.15424
0,62.5,9.22906,42.6999,-0.289675,0.0894451
0,62.5,46.575,41.2579,-0.92567,0.999334
0,62.5,9.46067,42.8162,-0.214541,0.156454
0,62.5,46.8811,41.1648,-1.0917,1.33148
0,62.5,9.24737,42.9728,-0.11891,0.187325
0,62.5,46.2195,41.3176,-1.34677,0.758362
0,62.5,9.04375,43.14,-0.0136939,0.225104
0,62.5,45.0512,41.3697,-1.54481,0.527437
0,62.5,9.08911,43.4185,0.102487,0.15519
0,62.5,45.157,41.1836,-1.91412,0.72826
0,62.5,8.59665,42.96,-0.169309,0.113934
0,62.5,43.2771,41.326,-2.36128,-0.213043
0,62.5,9.27934,43.5492,-0.0055114,0.331185
0,62.5,45.3031,41.4831,-1.38498,0.68809
0,62.5,8.85334,43.33,-0.0190919,0.175375
0,62.5,44.7639,41.2301,-1.23693,0.252142
0,62.5,8.9063,43.6073,0.114552,0.0689953
0,62.5,44.5538,41.3461,-1.94445,0.509762
0,62.5,8.66683,43.54,-0.00814744,0.0460571
0,62.5,43.8283,41.0364,-2.86055,0.422878
0,62.5,8.73402,43.8079,0.0910644,-0.0016748
0,62.5,43.2211,41.5614,-2.15751,0.260323
0,62.5,8.68503,44.2137,-0.483337,0.288273
0,62.5,43.9469,41.2122,-1.80846,0.545995
0,62.5,8.56636,44.0177,0.0377547,-0.181379
0,62.5,42.1724,42.4399,-2.21557,-0.131955
0,62.5,8.57364,44.6795,-0.160904,0.263753
0,62.5,41.7913,42.4295,-2.70673,0.199708
0,62.5,8.33007,44.6617,-0.207158,0.22257
0,62.5,41.0308,42.5057,-2.49546,-0.666049
0,62.5,8.66194,44.9502,-0.0121391,0.242836
0,62.5,41.2095,42.3332,-2.056,-0.567754
0,62.5,8.03923,45.1028,-0.0205935,0.387696
0,62.5,40.727,42.5664,-2.00046,0.100267
0,62.5,8.28484,45.1513,0.0477855,0.241805
0,62.5,40.5446,43.096,-1.61131,0.455942
0,62.5,8.36032,45.4088,-0.00142938,0.312449
0,62.5,41.219,44.5211,-2.59508,0.210945
0,62.5,8.61588,45.4533,-0.0384457,0.256648
0,62.5,41.6188,45.2284,-1.67521,-0.965451
0,62.5,8.20294,45.5995,-0.109708,0.327741
0,62.5,39.4591,46.5286,3.99815,5.78525
0,62.5,8.46159,45.6642,-0.169367,0.279153
0,62.5,41.0674,43.9194,-2.35524,0.416471
0,62.5,8.29744,45.8624,-0.0619981,0.30016
0,62.5,37.5469,44.303,1.03777,0.0119832
0,62.5,8.37876,46.1295,0.0443395,0.310402
0,62.5,38.1769,45.5699,1.2805,0.915779
0,62.5,8.13147,46.0608,0.0506877,0.384014
0,62.5,39.2506,46.2538,3.5317,5.24202
0,62.5,8.20392,46.3218,0.0945884,0.195709
0,62.5,38.3281,44.341,1.77695,1.02688
0,62.5,8.28165,46.6013,0.0835201,0.27395
0,62.5,39.6886,47.2206,3.51058,4.80555
0,62.5,8.41964,47.1313,0.204827,0.205857
0,62.5,39.1829,46.512,4.58922,2.08922
0,62.5,8.12285,46.8263,0.139686,0.226314
0,62.5,38.4653,48.1517,-1.23319,-1.24537
0,62.5,8.16551,47.0936,0.365988,0.334551
0,62.5,39.3596,46.7225,4.85109,3.1505
0,62.5,7.90323,46.7151,0.0825188,0.0949726
0,62.5,38.9751,46.8561,4.6579,2.01869
0,62.5,8.18391,47.5585,0.0696897,0.403471
0,62.5,40.0048,49.4081,-2.39612,1.47026
0,62.5,8.05917,47.3151,0.347216,0.452469
0,62.5,40.7891,49.3736,-0.7381,2.07543
0,62.5,7.93174,47.5561,0.0317836,0.450361
0,62.5,38.941,49.1442,-3.75584,0.845742
0,62.5,7.68896,46.7847,0.241478,0.349008
0,62.5,42.503,48.4246,2.75031,-1.77747
0,62.5,7.83774,47.2476,0.451361,0.159147
0,62.5,43.4837,48.1323,1.72757,-0.843828
0,62.5,7.6869,47.0287,0.446123,0.287693
0,62.5,43.3542,47.6811,1.9881,-1.66243
0,62.5,7.82004,47.8072,-0.209399,0.365692
0,62.5,43.6272,48.9425,1.81931,-0.366148
0,62.5,7.71495,47.4826,0.219136,-0.162168
0,62.5,43.5007,48.4361,2.02845,-1.21565
0,62.5,7.5139,47.9401,0.0140278,-0.32813
0,62.5,44.7769,48.5157,0.984483,-0.868937
0,62.5,7.25765,47.9747,0.0388959,-0.136238
0,62.5,44.1744,48.7767,1.0493,-0.742914
0,62.5,7.39964,48.4336,0.121897,0.0666301
0,62.5,45.3959,48.5607,0.479228,-0.660724
0,62.5,7.32894,48.6936,0.310529,0.182102
0,62.5,45.5966,48.6773,0.99267,-0.461913
0,62.5,7.48855,49.5411,0.434338,0.153025
0,62.5,45.6011,49.2801,0.843686,-0.471843
0,62.5,7.23777,49.5879,0.396994,0.359592
0,62.5,45.7974,49.3861,0.987895,-0.20305
0,62.5,7.40731,49.7945,0.616498,0.150399
0,62.5,45.5951,49.593,0.892896,-0.151312
0,62.5,7.16447,49.848,0.39784,0.203122
0,62.5,45.6159,49.8616,0.544154,-0.291052
0,62.5,7.36053,50.061,0.648406,0.00661506
0,62.5,45.8575,49.9443,0.406466,-0.242478
0,62.5,7.31222,50.3152,0.730902,0.0374369
0,62.5,45.9219,50.2052,0.335017,0.0132973
0,62.5,7.5874,50.0105,0.706727,0.0335714
0,62.5,46.9456,50.3485,0.454778,-0.190101
0,62.5,7.05554,50.3521,0.522036,0.204221
0,62.5,46.5833,50.0984,0.584009,0.116604
0,62.5,6.96288,50.5823,0.314971,0.0492709
0,62.5,47.3502,50.7999,0.345292,0.0601501
0,62.5,6.92428,51.0236,-0.140127,0.0446036
0,62.5,48.842,51.0231,0.345913,0.103899
0,62.5,7.23337,50.5686,0.482671,0.136422
0,62.5,48.7062,50.8005,-0.172855,0.181389
0,62.5,7.09677,50.8022,-0.043239,0.0842783
0,62.5,49.105,50.5803,-0.225175,0.20255
0,62.5,7.1954,51.0141,0.0364849,0.0470895
0,62.5,51.1039,51.0199,0.549098,-0.0627436
0,62.5,3.32767,30.9864,-3.26574,-1.19438
0,62.5,72.1719,28.442,2.21783,-3.87954
0,62.5,2.02421,31.4167,-1.26239,1.61507
0,62.5,74.3629,22.3339,-1.56722,-5.5947
0,62.5,2.35612,30.7894,-1.91004,-0.450446
0,62.5,76.1093,23.5591,-0.1029,0.0358923
0,62.5,6.09096,32.0636,-3.3077,-0.7779
0,62.5,68.2254,32.3047,4.14598,-0.0148498
0,62.5,3.67288,30.7656,-3.58959,-1.13386
0,62.5,69.8954,30.5188,4.41364,-2.01353
0,62.5,6.19258,32.4644,-3.44974,-0.628372
0,62.5,66.1744,33.8597,2.77492,1.08779
0,62.5,6.59231,32.7315,-2.97817,-0.195862
0,62.5,65.4948,34.2269,2.01687,0.924529
0,62.5,6.92585,32.9739,-2.2283,-0.161989
0,62.5,66.8404,33.776,2.53635,0.952652
0,62.5,7.08365,33.3092,-2.10067,-0.390023
0,62.5,62.1589,33.6802,1.21145,-0.185051
0,62.5,7.64665,33.6693,-1.56965,-0.389071
0,62.5,64.8669,34.3957,0.595887,1.12331
0,62.5,7.49067,33.8419,-1.473,-0.506227
0,62.5,60.4591,34.6172,2.37963,-0.446686
0,62.5,7.27612,33.8031,-1.45331,-0.419276
0,62.5,60.8727,33.7557,1.74556,-0.949121
0,62.5,7.79669,34.3451,-0.844772,-0.763048
0,62.5,59.8308,35.9758,3.48776,-1.86078
0,62.5,7.29213,33.534,-1.82149,-0.305745
0,62.5,59.4618,36.3664,2.09105,-0.0142291
0,62.5,7.9124,34.7249,-1.30587,-0.55105
0,62.5,59.2996,36.7045,2.1439,-1.30888
0,62.5,7.9606,34.9902,-1.16865,-0.49915
0,62.5,58.8082,37.2823,2.93854,0.519581
0,62.5,8.37726,35.4313,-1.20277,-0.916596
0,62.5,55.5674,38.4927,0.728429,1.53669
0,62.5,8.31449,35.6524,-0.902599,-0.999949
0,62.5,55.9811,38.4834,1.23698,1.48478
0,62.5,8.51044,36.1106,-0.82963,-0.4222
0,62.5,56.8424,38.316,1.64687,1.74861
0,62.5,8.77925,37.2832,-0.766166,-0.217076
0,62.5,53.7914,39.1343,0.10699,1.20366
0,62.5,8.77755,37.5448,-0.88043,-0.390055
0,62.5,54.2727,38.9932,0.786729,2.11317
0,62.5,8.96606,38.1579,-0.676598,-0.167365
0,62.5,54.8111,38.8577,1.06844,1.63524
0,62.5,8.98332,38.493,-0.690885,-0.0610351
0,62.5,53.7476,39.3434,0.62734,1.77109
0,62.5,9.09096,38.7642,-0.572104,-0.159957
0,62.5,52.2375,40.2388,0.943355,0.884353
0,62.5,8.78247,38.351,-0.695622,-0.503943
0,62.5,52.7543,40.0312,0.89422,0.470958
0,62.5,8.85706,38.7172,-0.65225,-0.15605
0,62.5,51.7736,40.2731,0.094321,0.888153
0,62.5,9.19418,39.2472,-0.469839,-0.114683
0,62.5,52.0555,40.4189,1.47236,0.521675
0,62.5,9.20747,39.5116,-0.427032,-0.0642198
0,62.5,50.9437,40.7074,1.17562,-0.0944858
0,62.5,8.97982,39.5839,-0.338967,-0.00879608
0,62.5,52.4158,40.0668,0.0366428,1.06024
0,62.5,9.01926,39.8273,-0.536125,0.0840706
0,62.5,51.5889,40.4386,0.761389,0.390302
0,62.5,8.89717,40.0347,-0.162023,0.0356465
0,62.5,50.6763,40.637,1.2205,0.623579
0,62.5,9.16553,40.0672,-0.226042,-0.103844
0,62.5,50.7634,40.8811,0.573597,1.0638
0,62.5,9.27971,40.5601,-0.436541,0.135496
0,62.5,50.8591,40.4605,1.13215,0.788495
0,62.5,8.96332,40.2784,-0.135084,0.00636012
0,62.5,50.3742,40.6539,1.10636,0.938028
0,62.5,8.8907,40.7223,-0.382756,-0.0186698
0,62.5,50.0487,40.703,0.648496,1.36231
0,62.5,9.01551,40.9656,-0.399755,0.0514218
0,62.5,50.2448,40.8786,0.503051,0.766499
0,62.5,9.34182,41.0002,-0.339132,-0.0616406
0,62.5,49.7503,40.9235,1.25139,0.652848
0,62.5,9.17469,41.1668,-0.360642,0.0321143
0,62.5,49.9819,40.9529,0.83299,0.986075
0,62.5,9.43962,41.2634,-0.252521,0.118481
0,62.5,49.486,41.079,0.299473,1.01303
0,62.5,9.57654,41.4815,-0.319246,0.244119
0,62.5,48.0338,41.2328,-0.176171,0.943797
0,62.5,9.77657,41.3299,-0.33371,0.185646
0,62.5,48.9741,41.1285,-0.109302,1.24116
0,62.5,9.42311,41.9807,-0.27348,0.233887
0,62.5,47.0398,41.5567,-0.567287,0.641676
0,62.5,9.5966,41.7779,-0.213808,0.284988
0,62.5,47.6081,41.3186,-0.331521,1.25952
0,62.5,9.64465,42.3853,-0.199996,0.176593
0,62.5,47.8512,41.3729,-0.278111,0.725744
0,62.5,9.43185,42.5389,-0.239017,0.182915
0,62.5,47.0949,41.3268,-0.586749,1.1348
0,62.5,9.66369,42.6622,-0.177153,0.223381
0,62.5,46.4386,41.4367,-0.716586,0.72441
0,62.5,9.4875,43.0886,-0.119364,0.0695562
0,62.5,45.1215,41.6307,-1.55807,0.519991
0,62.5,9.28134,43.2441,0.0124511,0.163696
0,62.5,44.8333,41.4798,-1.46121,1.06785
0,62.5,9.71142,43.2216,-0.144477,0.139183
0,62.5,45.9345,41.4275,-1.4851,1.06462
0,62.5,9.49315,43.3707,-0.00830132,0.226406
0,62.5,43.8091,41.4218,-2.0288,0.570113
0,62.5,9.73405,43.4847,-0.0807841,0.0770905
0,62.5,43.5889,41.6562,-1.7899,0.410976
0,62.5,9.51589,43.6335,0.0052758,0.302653
0,62.5,42.1484,42.6416,-2.93152,-1.1312
0,62.5,9.74453,43.7612,-0.1021,0.23383
0,62.5,43.111,41.7797,-2.47637,-0.160225
0,62.5,9.54127,43.9155,-0.131683,0.20436
0,62.5,41.6886,43.3927,-1.54635,-1.06386
0,62.5,9.07382,43.7547,-0.0534343,0.304211
0,62.5,42.8655,41.681,-2.19908,-0.62977
0,62.5,8.8755,43.9797,-0.285888,0.23642
0,62.5,42.4118,41.9426,-1.54219,-1.13337
0,62.5,8.75113,44.4602,-0.367887,0.210341
0,62.5,42.6077,41.7781,-1.7281,-0.814798
0,62.5,8.9317,44.2321,-0.312928,0.269092
0,62.5,42.0581,42.2827,-2.50899,-0.728482
0,62.5,8.81249,44.729,-0.126549,0.112406
0,62.5,41.5412,42.3494,-2.36254,-0.946074
0,62.5,8.90466,44.9994,-0.0106839,0.206584
0,62.5,40.0509,44.8215,0.687033,5.33472
0,62.5,8.764,45.2237,-0.0257498,0.223964
0,62.5,40.9302,43.2941,-2.68681,-0.438728
0,62.5,9.00918,45.2624,-0.0484106,0.224585
0,62.5,40.9932,42.9392,-2.06982,-0.637149
0,62.5,8.42697,44.9211,0.00273942,0.291144
0,62.5,40.1029,44.4118,-1.50649,4.0455
0,62.5,8.52563,45.1927,0.000596011,0.371977
0,62.5,40.7347,45.1965,-0.222341,1.83644
0,62.5,8.71111,45.7133,-0.135462,0.296508
0,62.5,41.1741,44.1103,-1.90329,0.518193
0,62.5,8.9533,45.75,-0.273725,0.258222
0,62.5,39.2015,46.019,1.60989,3.74769
0,62.5,8.5481,45.9273,-0.136699,0.250807
0,62.5,37.9854,44.1382,0.775133,0.174189
0,62.5,8.62158,46.1942,-0.0779474,0.326152
0,62.5,39.9854,47.4209,2.63725,7.36231
0,62.5,8.35725,46.873,0.124538,0.166144
0,62.5,38.665,48.0007,1.85051,-0.221415
0,62.5,8.52342,46.6664,0.116657,0.218338
0,62.5,38.3521,47.2247,0.689431,-1.54846
0,62.5,8.44708,46.4008,-0.0101578,0.32152
0,62.5,38.6503,45.9053,2.70031,1.48407
0,62.5,8.67464,47.2089,0.120306,0.193934
0,62.5,41.8039,49.2972,2.04161,2.51191
0,62.5,8.32346,47.3477,0.317629,0.369115
0,62.5,40.2856,49.2274,-1.78771,4.11987
0,62.5,8.57628,47.4159,0.277337,0.168741
0,62.5,39.5419,49.3833,-2.54361,1.65642
0,62.5,8.43136,47.6187,0.228971,0.242594
0,62.5,41.85,49.0105,3.44955,0.39815
0,62.5,8.69272,47.6718,0.224314,0.129091
0,62.5,40.5889,49.2658,-0.106384,4.52535
0,62.5,8.06645,47.7926,-0.161608,0.208913
0,62.5,41.4198,49.1577,5.07151,0.117761
0,62.5,8.30724,47.8331,0.0506401,0.114279
0,62.5,40.4251,49.4342,-0.95642,3.74863
0,62.5,7.92522,48.0409,0.0286463,0.407146
0,62.5,42.9928,48.0149,2.16439,-2.28885
0,62.5,8.16559,48.0618,0.178883,0.0623525
0,62.5,43.1184,48.2249,2.51419,-1.2273
0,62.5,7.70159,48.0983,-0.196367,0.1454
0,62.5,43.6161,48.6485,1.67594,-0.240779
0,62.5,7.90771,48.3039,-0.00686568,0.171234
0,62.5,43.8215,48.7333,1.44743,-0.601268
0,62.5,7.66107,48.358,-0.0830937,0.111593
0,62.5,44.6091,48.7056,1.35725,-0.903861
0,62.5,7.57469,48.6195,0.182329,0.296203
0,62.5,44.0495,48.5673,1.06089,-1.20894
0,62.5,7.44974,48.189,-0.240481,-0.150818
0,62.5,44.5293,48.4152,1.51874,-0.797469
0,62.5,7.50826,48.8882,0.320293,0.401742
0,62.5,44.3857,48.6491,1.57364,-0.806955
0,62.5,7.43773,49.1536,0.0788838,0.341434
0,62.5,45.1861,48.4472,1.08295,-0.600574
0,62.5,7.68308,49.11,0.181711,0.370455
0,62.5,45.3944,49.1899,1.01588,-0.548226
0,62.5,7.61894,49.3658,0.23238,0.120257
0,62.5,45.5931,48.986,0.890219,-0.377604
0,62.5,7.9111,49.0692,0.253768,0.169434
0,62.5,46.0483,49.7383,0.511518,-0.221703
0,62.5,7.8569,49.3479,0.451844,0.12344
0,62.5,45.8231,49.6698,0.747505,-0.250984
0,62.5,8.08603,49.281,0.339239,-0.0190431
0,62.5,46.0993,50.0052,0.409492,0.0710088
0,62.5,7.65801,49.7536,0.703224,0.082738
0,62.5,47.0797,50.564,0.203575,-0.20989
0,62.5,7.81085,49.603,0.530977,-0.0572937
0,62.5,48.0354,51.0187,0.552819,0.160451
0,62.5,7.55365,50.287,0.682593,0.0369204
0,62.5,47.2242,50.3429,0.0368645,-0.0678554
0,62.5,7.84831,49.9436,0.733694,0.123794
0,62.5,47.8979,50.8217,0.423154,-0.167102
0,62.5,7.78699,50.1849,0.750231,0.153482
0,62.5,48.4384,50.7893,-0.016263,0.0821893
0,62.5,7.48397,50.5277,0.374216,0.129781
0,62.5,48.8519,50.5817,-0.415356,0.2316
0,62.5,7.36398,50.7762,0.175125,0.28628
0,62.5,50.1002,50.9912,0.288316,-0.0278848
0,62.5,7.45533,51.0232,0.184965,0.0344562
0,62.5,51.2172,50.7941,0.429306,-0.125735
0,62.5,2.16432,34.4176,-0.234075,3.19208
0,62.5,75.0579,26.4659,0.214904,-7.19887
0,62.5,1.89536,31.0643,-1.92629,0.707611
0,62.5,74.7434,26.2734,-0.307884,-7.12086
0,62.5,2.34945,31.1241,-1.16743,0.272742
0,62.5,69.6983,30.7501,4.77019,-1.66073
0,62.5,3.05907,30.2706,-3.04989,-1.49933
0,62.5,69.9928,30.3466,4.22836,-2.16498
0,62.5,4.87976,31.3313,-3.74946,-1.14048
0,62.5,69.8655,30.9088,4.84348,-1.55781
0,62.5,5.70249,31.8235,-3.34204,-0.984355
0,62.5,69.6539,31.8402,4.64176,-1.7742
0,62.5,6.78849,32.6447,-3.14653,0.437499
0,62.5,69.2284,31.8443,4.28326,-0.943195
0,62.5,7.42153,33.4083,-2.059,-0.214029
0,62.5,68.7678,32.1737,4.48955,-0.895393
0,62.5,7.85733,33.8223,-1.5955,-0.402049
0,62.5,65.202,34.3333,0.79547,0.740655
0,62.5,7.7208,34.0221,-1.02659,-0.595463
0,62.5,66.541,33.7755,2.99094,0.919316
0,62.5,7.94379,34.125,-1.04293,-0.389887
0,62.5,60.1678,34.8894,2.33745,-0.918261
0,62.5,7.51363,34.0941,-1.17396,-0.37748
0,62.5,61.0553,34.2475,1.66817,-0.613432
0,62.5,7.99234,34.4649,-0.739922,-0.699286
0,62.5,61.5421,33.6962,1.72376,-0.747779
0,62.5,8.18348,34.9192,-0.701195,-0.712448
0,62.5,60.5076,34.0317,1.80805,-0.966118
0,62.5,8.30032,35.1748,-1.07516,-0.654551
0,62.5,60.1697,35.2226,1.98667,0.0866916
0,62.5,8.52709,35.8136,-1.03026,-0.537499
0,62.5,59.6998,36.3375,3.09216,-0.784133
0,62.5,8.664,36.3129,-0.960375,-0.391703
0,62.5,58.6192,37.5302,2.53325,0.259781
0,62.5,8.88146,36.5339,-0.678344,-0.273889
0,62.5,54.5625,39.0139,0.260513,2.02063
0,62.5,8.68401,36.6538,-1.01569,-0.271837
0,62.5,54.9124,39.038,0.597973,1.61636
0,62.5,8.96992,37.8784,-0.891907,-0.152721
0,62.5,54.3774,39.2129,0.309772,1.08265
0,62.5,9.00779,37.4601,-0.915949,-0.206266
0,62.5,54.0731,39.1828,1.42688,1.73052
0,62.5,9.14738,38.3298,-0.771787,0.0302792
0,62.5,53.5721,39.569,0.375811,1.508
0,62.5,9.1869,37.9979,-0.782794,-0.103544
0,62.5,54.0195,39.4057,0.378508,1.55278
0,62.5,9.4221,39.0641,-0.490493,0.0303881
0,62.5,53.3075,39.5527,1.17264,2.05418
0,62.5,9.2621,38.5933,-0.62634,-0.0636892
0,62.5,52.9949,40.0044,0.82219,1.21535
0,62.5,9.18653,38.9827,-0.434903,-0.11002
0,62.5,53.101,39.7755,0.891201,1.51628
0,62.5,9.4236,39.3432,-0.516316,0.00400319
0,62.5,52.5576,40.2367,0.920981,1.2236
0,62.5,9.25839,39.796,-0.560053,-0.173261
0,62.5,52.39,40.4417,0.40895,0.924969
0,62.5,9.40392,38.7933,-0.607726,-0.0116561
0,62.5,51.4358,40.8683,0.992635,0.868953
0,62.5,9.43509,39.6219,-0.352995,-0.002614
0,62.5,51.6303,40.6844,0.416947,1.06523
0,62.5,9.40994,39.9851,-0.467155,-0.182343
0,62.5,51.8685,40.5184,0.137294,0.798629
0,62.5,9.60908,39.8029,-0.505061,0.0179829
0,62.5,51.1782,40.7852,1.32137,0.280936
0,62.5,9.22622,40.3027,-0.204021,-0.0794043
0,62.5,51.371,40.6118,0.687488,0.476792
0,62.5,9.45231,40.2479,-0.493823,-0.0742936
0,62.5,50.5281,41.1118,1.28176,0.813381
0,62.5,9.16565,40.7853,-0.309003,0.0360651
0,62.5,50.5115,40.8704,1.06998,1.1513
0,62.5,9.43822,40.7943,-0.474684,0.0631355
0,62.5,50.2587,41.1039,1.06625,0.745714
0,62.5,9.61945,41.1182,-0.220015,0.0614333
0,62.5,49.9622,41.1791,0.124967,0.820097
0,62.5,9.50858,40.5199,-0.439121,-0.0447427
0,62.5,49.1917,41.2338,0.473686,0.55644
0,62.5,9.66625,40.8824,-0.442378,0.0207293
0,62.5,49.6946,41.1827,0.187895,1.34624
0,62.5,9.87863,41.0917,-0.273766,0.18545
0,62.5,48.5373,41.4492,-0.525528,1.23175
0,62.5,9.7954,41.609,-0.251109,0.364148
0,62.5,48.6998,41.2661,-0.0496555,0.895682
0,62.5,9.80696,41.9116,-0.180731,0.282879
0,62.5,48.2951,41.3136,-0.518411,0.820834
0,62.5,9.84484,42.2232,-0.196565,0.399563
0,62.5,47.3267,41.484,-0.715762,0.737603
0,62.5,9.87208,42.5117,-0.0975396,0.242971
0,62.5,47.2799,41.6959,-0.213063,0.855513
0,62.5,9.62742,42.0961,-0.137859,0.324678
0,62.5,48.1363,41.4918,-0.118907,1.07692
0,62.5,10.1317,42.9282,-0.175713,0.194716
0,62.5,46.8227,41.3937,-0.907562,0.890566
0,62.5,9.69595,42.942,-0.256518,0.114391
0,62.5,45.4802,41.6876,-0.921983,0.594505
0,62.5,9.89644,42.7917,-0.139035,0.166658
0,62.5,45.6369,41.4821,-1.77662,1.03649
0,62.5,9.92571,43.074,-0.228841,0.208662
0,62.5,44.6935,41.641,-1.95244,0.197848
0,62.5,10.1641,43.1961,-0.334378,0.173922
0,62.5,44.4079,41.5045,-2.12637,0.0732386
0,62.5,9.95172,43.3431,-0.262836,0.0664487
0,62.5,43.4848,41.4521,-2.75159,0.276478
0,62.5,9.95964,43.6214,-0.147992,0.116484
0,62.5,42.176,42.0816,-2.43397,-0.341049
0,62.5,9.99084,43.887,-0.168156,0.187904
0,62.5,42.4161,42.2051,-2.5364,-0.793697
0,62.5,9.78529,44.0293,-0.188722,0.180501
0,62.5,42.6636,42.7803,-1.93291,-1.08209
0,62.5,9.34912,44.0947,-0.199908,0.208769
0,62.5,41.4955,43.581,-2.61047,-0.626419
0,62.5,9.31066,43.8123,-0.0598542,0.235193
0,62.5,42.8104,41.9328,-2.41728,-0.0358936
0,62.5,9.1157,44.0122,-0.11585,0.241285
0,62.5,41.8542,42.624,-2.64221,-0.551408
0,62.5,9.16582,44.2925,-0.308463,0.225762
0,62.5,41.2931,42.5793,-2.38266,-0.744592
0,62.5,8.9887,44.5062,-0.286,0.0652996
0,62.5,41.5293,42.5733,-2.56575,-1.36413
0,62.5,9.05122,44.7792,-0.196267,0.286132
0,62.5,40.7747,43.0261,-2.02948,0.548887
0,62.5,9.15492,45.0452,-0.108848,0.26512
0,62.5,40.4534,45.0274,-0.00677998,3.9245
0,62.5,9.25564,45.3119,-0.160293,0.154715
0,62.5,40.6932,44.9114,-1.61657,3.0241
0,62.5,9.35801,45.5781,-0.325207,0.152992
0,62.5,41.1259,43.4403,-2.46967,0.141766
0,62.5,9.6007,45.6494,-0.325295,0.122159
0,62.5,40.3856,42.9239,-1.79118,0.478234
0,62.5,8.8626,45.487,-0.127603,0.271576
0,62.5,40.714,43.313,-2.00081,0.0595343
0,62.5,9.1095,45.5292,-0.244212,0.229819
0,62.5,39.6563,47.955,-1.53623,4.44809
0,62.5,8.86283,46.2451,-0.17299,0.201342
0,62.5,38.1661,45.3014,1.65234,0.858547
0,62.5,9.02971,46.0178,-0.371159,0.201825
0,62.5,38.9791,45.3278,1.98856,5.36304
0,62.5,8.79097,45.979,-0.232596,0.29492
0,62.5,39.0775,48.6861,-4.2316,-0.947692
0,62.5,8.69281,46.4597,-0.0616081,0.209996
0,62.5,41.5878,46.5441,-1.96159,0.545773
0,62.5,8.76249,46.7341,0.0658925,0.195138
0,62.5,38.8863,47.0227,2.68579,0.955184
0,62.5,8.99904,46.7952,0.038544,0.130382
0,62.5,38.8532,48.8397,-2.49594,-0.254905
0,62.5,8.60006,46.9436,0.105639,0.116153
0,62.5,41.6592,49.0868,2.07819,1.27963
0,62.5,8.84245,47.0089,0.109612,0.0657533
0,62.5,41.5075,49.3641,2.55132,3.71034
0,62.5,8.84008,47.482,0.194964,0.0822263
0,62.5,41.6217,49.5295,1.7588,2.12444
0,62.5,8.93209,47.2671,0.0920655,0.0480493
0,62.5,43.3684,47.2843,2.38484,-2.5405
0,62.5,8.82527,47.9354,0.105806,0.107002
0,62.5,43.1991,47.4783,1.28603,-1.9392
0,62.5,8.67113,48.1283,0.164197,0.0568124
0,62.5,43.6685,47.9686,1.58234,-0.840189
0,62.5,8.56306,47.8758,0.151234,0.0727999
0,62.5,43.5608,47.7801,1.81707,-1.12279
0,62.5,8.75871,48.3692,0.106815,0.067306
0,62.5,43.6881,48.2927,1.75709,-1.80352
0,62.5,8.41333,48.0899,0.209146,-0.0100369
0,62.5,43.8591,48.4577,1.6963,-0.727636
0,62.5,8.60655,48.5457,0.113431,0.0567224
0,62.5,44.2566,48.4273,1.28155,-1.3776
0,62.5,8.16639,48.2939,0.211998,0.0460285
0,62.5,44.3902,48.2029,1.33989,-1.39274
0,62.5,8.46906,48.3179,0.176681,-0.00598002
0,62.5,44.6905,48.2412,1.20685,-1.1011
0,62.5,7.81715,48.5646,0.11252,0.135002
0,62.5,45.7953,48.7948,0.878754,-0.334669
0,62.5,8.31967,48.5012,0.248487,-0.0191385
0,62.5,45.5869,48.3752,0.78293,-0.552047
0,62.5,7.7426,48.8379,0.293741,0.348997
0,62.5,45.8021,49.0844,0.707917,-0.517853
0,62.5,8.05976,48.5262,0.186709,0.00976047
0,62.5,46.0168,49.4609,0.696792,-0.296306
0,62.5,7.97358,48.7964,0.224167,0.117446
0,62.5,46.7336,49.8828,0.578725,-0.0342501
0,62.5,8.21062,48.7524,0.163908,0.0236558
0,62.5,46.2533,49.557,0.795311,-0.202376
0,62.5,8.14668,49.0115,0.204696,-0.0197512
0,62.5,46.5153,49.7888,0.551402,-0.171815
0,62.5,8.32305,49.2241,0.313558,-0.0321997
0,62.5,47.0124,49.8957,0.137646,-0.323913
0,62.5,8.28156,49.4887,0.605409,-0.0224609
0,62.5,46.3637,50.0661,0.430941,0.0300308
0,62.5,8.25598,49.7565,0.607403,-0.0699421
0,62.5,47.7557,50.35,-0.153463,-0.0419585
0,62.5,8.05018,49.5553,0.675378,-0.0756787
0,62.5,47.6079,50.5856,-0.0785697,-0.0402499
0,62.5,8.0191,49.8149,0.512067,-0.187704
0,62.5,47.8619,50.5916,-0.0960923,-0.0990737
0,62.5,8.04904,50.1516,0.744747,-0.0310201
0,62.5,49.2602,50.7789,0.019939,0.0444358
0,62.5,7.80907,50.4174,0.720281,0.209899
0,62.5,50.1831,50.7499,0.173836,0.20453
0,62.5,7.70449,50.6214,0.361223,-0.0114187
0,62.5,50.4354,50.7644,0.180052,0.246811
0,62.5,7.61111,50.8382,0.30345,0.0282312
0,62.5,51.3719,51.0134,0.334184,-0.0913793
0,62.5,4.04426,31.6063,-2.82166,-1.13655
0,62.5,75.1108,26.7439,0.852939,-7.15733
0,62.5,3.47594,30.8808,-3.29952,-1.54819
0,62.5,76.0567,21.1196,-1.80429,-0.68114
0,62.5,2.48977,30.0011,-2.56608,-1.54374
0,62.5,71.1655,27.5046,-0.195955,-5.56451
0,62.5,2.7801,30.0674,-2.70441,-1.51224
0,62.5,68.7362,32.4876,4.13226,-0.702989
0,62.5,4.15088,31.0637,-3.62498,-1.10722
0,62.5,70.0727,30.8619,4.73057,-1.75073
0,62.5,6.42312,32.4112,-3.26237,-0.156798
0,62.5,68.4697,32.6388,3.99259,-0.605988
0,62.5,6.01838,31.8607,-3.7433,-1.11133
0,62.5,64.6983,34.6307,1.39907,0.729414
0,62.5,5.62248,31.5646,-3.60945,-1.0226
0,62.5,62.4253,34.4318,1.1475,-0.172765
0,62.5,7.1676,33.1131,-2.30369,0.155629
0,62.5,63.3048,34.4382,0.880707,0.898898
0,62.5,8.14666,34.2798,-0.950614,-0.289259
0,62.5,61.7616,34.2217,1.69578,-0.692689
0,62.5,6.62391,32.3731,-3.02554,-0.64297
0,62.5,60.8433,34.1729,1.81929,-0.728599
0,62.5,8.36379,34.3561,-1.10133,-0.120182
0,62.5,58.3646,37.7908,2.72215,0.747796
0,62.5,8.11226,33.9699,-1.216,-0.362488
0,62.5,59.0404,37.1276,1.8528,0.181758
0,62.5,8.54334,35.249,-1.27135,-0.278103
0,62.5,59.4918,36.6468,2.71275,-1.0341
0,62.5,8.6129,35.5653,-1.21201,-0.579923
0,62.5,58.0673,37.8303,2.55753,0.265493
0,62.5,8.89157,36.2836,-0.724633,-0.452272
0,62.5,56.243,38.5048,1.27601,1.00101
0,62.5,8.7187,35.9924,-0.871619,-0.129766
0,62.5,60.0598,35.8059,1.9866,0.608648
0,62.5,9.12206,36.6632,-0.793274,-0.218184
0,62.5,57.51,37.9892,1.91273,1.00841
0,62.5,8.93091,36.8074,-0.802162,-0.217677
0,62.5,56.0761,38.735,1.04176,1.33671
0,62.5,8.79303,36.9872,-0.680161,-0.283344
0,62.5,55.3042,38.5842,0.801339,1.46246
0,62.5,8.99421,37.1679,-0.920351,-0.18612
0,62.5,54.6508,39.2262,0.622098,1.88629
0,62.5,9.09665,37.6724,-0.886978,-0.304981
0,62.5,54.5702,39.4498,-0.0782416,1.41386
0,62.5,9.31787,37.7989,-0.849138,-0.217328
0,62.5,54.2806,39.4146,0.317314,1.02234
0,62.5,9.3366,38.1854,-0.553491,-0.25112
0,62.5,53.8306,39.5976,0.570189,1.42324
0,62.5,9.54165,38.1017,-0.651055,-0.190328
0,62.5,52.8346,40.2603,0.956957,0.867631
0,62.5,9.44215,38.4445,-0.677517,-0.102364
0,62.5,53.3683,39.7899,0.376317,0.582877
0,62.5,9.65545,38.3406,-0.754,0.0254579
0,62.5,51.6814,40.9522,0.958203,0.554366
0,62.5,9.6123,38.6317,-0.729317,-0.0255652
0,62.5,51.8781,40.7651,0.647492,1.7229
0,62.5,9.63109,38.9051,-0.727286,0.129055
0,62.5,52.2146,40.6122,1.03521,0.977173
0,62.5,9.63575,39.2015,-0.607047,-0.0352209
0,62.5,51.4893,41.128,0.606208,0.411992
0,62.5,9.65001,39.491,-0.386244,-0.0213504
0,62.5,51.2398,41.0641,1.15241,1.22196
0,62.5,9.86607,39.9851,-0.600309,0.0490039
0,62.5,50.7934,41.1381,1.01162,0.985082
0,62.5,9.65031,40.0683,-0.511078,0.0820605
0,62.5,51.0116,40.9914,0.83606,1.60358
0,62.5,9.9005,40.2682,-0.460425,0.0935966
0,62.5,50.1588,41.3225,0.75298,0.643422
0,62.5,9.69196,40.3444,-0.541855,0.053083
0,62.5,49.7798,41.391,-0.112589,1.64779
0,62.5,9.93902,40.5497,-0.529604,0.105256
0,62.5,49.5335,41.5022,-0.00200036,0.77623
0,62.5,9.72214,40.6366,-0.442722,0.0642656
0,62.5,49.1403,41.4875,-0.664913,1.29172
0,62.5,10.1353,40.9942,-0.394184,0.0714367
0,62.5,49.3004,41.6507,-0.153979,0.633722
0,62.5,9.9223,40.833,-0.450192,0.08524
0,62.5,49.3999,41.3345,-0.0865758,0.685304
0,62.5,10.0794,41.2492,-0.309741,0.282638
0,62.5,48.8961,41.6181,-0.177987,1.31483
0,62.5,10.0008,41.4712,-0.320711,0.240027
0,62.5,48.9094,41.3755,0.424982,1.47501
0,62.5,10.0046,41.7808,-0.18705,0.29422
0,62.5,47.9187,41.6086,-0.567102,0.517694
0,62.5,10.0241,42.0616,-0.182975,0.272451
0,62.5,48.6641,41.6466,-0.316976,1.0339
0,62.5,10.066,42.3601,-0.0369245,0.313597
0,62.5,47.5853,41.5623,-1.00584,1.29573
0,62.5,10.1018,42.6546,-0.120797,0.250221
0,62.5,46.6859,41.5802,-0.872458,0.777561
0,62.5,10.3492,42.7854,-0.215626,0.360764
0,62.5,44.1485,41.6575,-1.77078,0.389932
0,62.5,10.3756,43.0436,-0.315976,0.324803
0,62.5,46.1162,41.5608,-1.04177,0.403588
0,62.5,10.5823,43.1912,-0.368383,0.30624
0,62.5,45.7124,41.8788,-1.00244,0.36287
0,62.5,10.3786,43.3387,-0.321696,0.20527
0,62.5,44.9604,41.7718,-1.99658,0.20795
0,62.5,10.4128,43.6131,-0.316113,0.288848
0,62.5,44.1057,41.4439,-2.4812,-0.0104557
0,62.5,10.1723,43.4832,-0.317746,0.160112
0,62.5,43.853,41.6324,-2.1425,0.311039
0,62.5,10.2035,43.7548,-0.253515,0.21629
0,62.5,43.9254,41.852,-2.18343,0.408823
0,62.5,10.4371,43.8914,-0.322412,0.277329
0,62.5,43.385,41.7763,-1.88732,-0.370786
0,62.5,10.2326,44.027,-0.251586,0.218322
0,62.5,41.5853,42.7882,-2.20938,-0.837667
0,62.5,10.0303,44.1581,-0.283137,0.180315
0,62.5,41.1209,43.1363,-2.3031,0.338852
0,62.5,9.58945,44.1861,-0.217311,0.297016
0,62.5,41.6921,42.987,-2.37801,-0.417365
0,62.5,9.40535,44.3669,-0.338915,0.290416
0,62.5,41.376,43.4046,-2.0775,-1.17178
0,62.5,9.65513,44.461,-0.310556,0.276034
0,62.5,42.1624,43.5876,-2.65806,-1.40679
0,62.5,9.22382,44.5635,-0.280376,0.21459
0,62.5,41.155,43.6592,-1.95128,-0.391649
0,62.5,9.4704,44.6329,-0.285552,0.236296
0,62.5,40.8344,44.4358,-1.78792,2.2978
0,62.5,9.2948,44.831,-0.2112,0.260658
0,62.5,40.8934,43.5774,-1.5778,-0.531165
0,62.5,9.40759,45.1117,-0.218997,0.262873
0,62.5,40.924,44.6449,-0.900824,1.35257
0,62.5,9.51035,45.371,-0.285217,0.241688
0,62.5,41.0837,44.8174,-1.94111,0.28814
0,62.5,9.85059,45.7343,-0.357048,0.0676977
0,62.5,41.711,45.7907,-2.04586,-0.648724
0,62.5,9.42918,45.8498,-0.323199,0.109319
0,62.5,41.6253,45.4919,-0.507865,-1.62005
0,62.5,9.66703,45.9199,-0.375476,0.161971
0,62.5,41.0288,45.1944,-1.91665,1.45903
0,62.5,9.19412,45.7932,-0.364528,0.130139
0,62.5,39.3135,46.9404,4.18985,2.60145
0,62.5,9.2614,46.0713,-0.343932,0.157148
0,62.5,39.463,47.9865,-1.29127,3.88793
0,62.5,9.095,46.2937,-0.239808,0.135126
0,62.5,38.4797,47.4176,1.35977,-2.23599
0,62.5,9.32621,46.3511,-0.261532,0.0474407
0,62.5,42.4786,48.0132,2.48286,-2.2494
0,62.5,8.92861,46.5207,-0.060083,0.207356
0,62.5,38.7841,48.6274,-3.70952,-0.295501
0,62.5,9.16198,46.5705,-0.129124,0.0690563
0,62.5,40.0638,49.1584,0.428331,2.49062
0,62.5,9.091,47.0623,0.063393,-0.0078653
0,62.5,39.2082,47.1213,3.36667,2.44135
0,62.5,9.3425,47.602,0.0297594,-0.0519841
0,62.5,42.3113,48.3607,2.64966,-0.88003
0,62.5,9.18553,47.324,0.037349,-0.0143052
0,62.5,42.3157,48.6941,3.45621,-0.60816
0,62.5,9.09406,47.545,0.144221,0.0102632
0,62.5,42.8296,48.248,3.6557,-1.43642
0,62.5,8.95661,47.7477,0.095204,0.108045
0,62.5,43.5251,47.5054,0.837163,-1.32928
0,62.5,8.93914,48.1913,0.0806867,0.0532274
0,62.5,43.1783,47.8342,1.47964,-1.97965
0,62.5,8.99057,48.4715,0.0852701,-0.0610757
0,62.5,44.0978,48.2538,1.3503,-1.0287
0,62.5,9.23876,48.5735,0.16593,-0.0504218
0,62.5,43.8846,48.1635,1.38575,-1.7723
0,62.5,8.82007,48.6803,0.15219,0.0278551
0,62.5,44.3928,47.9721,0.827506,-1.21745
0,62.5,9.04126,48.7387,0.149346,-0.144539
0,62.5,44.6427,48.0073,0.655861,-1.03603
0,62.5,8.67632,48.8702,0.109932,-0.0428031
0,62.5,45.8019,48.4974,0.896516,-0.483718
0,62.5,8.83815,49.0268,0.0173353,0.0461378
0,62.5,46.0088,48.8981,0.731424,-0.336483
0,62.5,8.45712,48.7382,0.123836,0.0245671
0,62.5,44.9524,48.3458,0.739902,-0.844488
0,62.5,8.77358,49.2983,0.307516,0.0218083
0,62.5,46.0099,49.1878,0.646358,-0.319106
0,62.5,8.58915,49.135,0.197293,-0.0468175
0,62.5,46.0074,48.6164,0.641994,-0.23733
0,62.5,9.0221,49.225,0.275149,-0.0275245
0,62.5,46.2944,49.8182,0.547406,0.0612465
0,62.5,8.39879,48.9769,0.154051,0.0282529
0,62.5,47.49,49.6466,0.28895,0.0164623
0,62.5,8.71656,49.5603,0.383102,-0.0816681
0,62.5,47.2373,49.693,0.402843,-0.119555
0,62.5,8.52013,49.3926,0.421592,-0.0915177
0,62.5,47.2887,49.9124,0.172858,-0.0898758
0,62.5,8.70125,49.8488,0.532198,-0.00466179
0,62.5,48.1738,50.7939,0.174777,-0.0793242
0,62.5,8.49054,49.6629,0.513606,-0.0437912
0,62.5,47.4982,50.3544,0.0653104,-0.200665
0,62.5,8.46223,49.9231,0.665535,-0.057288
0,62.5,48.6004,50.5602,-0.249504,0.201542
0,62.5,8.21282,50.0222,0.58116,-0.194571
0,62.5,47.3852,50.1308,0.131177,-0.153109
0,62.5,8.53802,50.5714,0.793522,0.193433
0,62.5,48.979,50.335,-0.411161,0.409304
0,62.5,8.31813,50.3673,0.825858,0.134546
0,62.5,49.508,50.7648,-0.126866,0.142301
0,62.5,8.07123,50.3825,0.843471,-0.028474
0,62.5,49.8806,50.9947,0.150338,-0.0623869
0,62.5,8.00066,50.617,0.524044,-0.0560129
0,62.5,51.2904,50.5784,0.688593,-0.122811
0,62.5,7.76879,51.035,0.431055,-0.158781
0,62.5,51.6339,51.0237,0.438031,-0.00307641
0,62.5,3.45769,22.7127,3.77746,-10.4606
0,62.5,70.4287,26.8703,-5.78866,-0.461717
0,62.5,1.74165,39.5568,0.65171,1.02888
0,62.5,74.9098,27.0877,2.11087,-6.77331
0,62.5,1.71972,32.4648,-0.534649,3.17586
0,62.5,74.4253,27.8549,3.10111,-4.722
0,62.5,2.38213,30.5424,-2.05785,-0.28453
0,62.5,72.2984,28.8308,3.81017,-3.71747
0,62.5,3.43304,30.3669,-3.85789,-1.98238
0,62.5,74.822,27.4789,2.62709,-6.1748
0,62.5,3.76396,30.5945,-3.76198,-1.55078
0,62.5,68.0248,33.2409,4.15069,0.0166876
0,62.5,5.24508,31.4,-4.02568,-1.10462
0,62.5,63.8056,34.4964,0.269471,1.3234
0,62.5,4.34756,31.1254,-4.21167,-0.908497
0,62.5,64.3751,34.7912,0.734428,0.841856
0,62.5,7.00671,32.7442,-2.82366,0.423433
0,62.5,61.3461,33.4252,1.85771,-0.974961
0,62.5,7.53918,33.2559,-2.48941,-0.210396
0,62.5,60.8466,34.7385,1.39887,-1.01761
0,62.5,7.74015,33.5048,-1.81057,-0.0825487
0,62.5,59.9626,36.1508,2.17517,-0.63781
0,62.5,8.6141,34.5287,-1.33404,-0.393931
0,62.5,59.2214,37.0957,1.80804,-0.515983
0,62.5,8.36469,34.6096,-1.00939,-0.444367
0,62.5,59.7322,36.5438,2.94217,-0.808554
0,62.5,8.1452,34.6629,-0.418395,-0.866688
0,62.5,59.1774,37.4193,2.39202,0.0471522
0,62.5,8.76628,35.3937,-0.974676,-0.243994
0,62.5,57.3859,38.2351,1.5066,0.751077
0,62.5,8.78681,35.7426,-1.05002,-0.588323
0,62.5,57.7745,37.9833,1.63572,0.576156
0,62.5,9.34197,36.6211,-0.707461,-0.370125
0,62.5,56.6074,38.4715,1.52107,1.63111
0,62.5,9.33669,36.8951,-0.697861,-0.0488752
0,62.5,57.1063,38.2058,1.50454,1.42962
0,62.5,9.13736,36.9766,-0.777258,-0.310742
0,62.5,55.7959,38.6467,0.608086,1.72601
0,62.5,9.40329,37.1577,-0.889601,-0.297854
0,62.5,55.536,38.7337,0.997681,1.36184
0,62.5,9.212,37.2864,-0.829755,-0.0705797
0,62.5,55.1737,39.2379,0.177935,1.41911
0,62.5,9.57833,37.3059,-0.927945,0.100665
0,62.5,54.9096,39.2723,-0.0145731,1.32088
0,62.5,9.31006,37.5074,-0.699849,0.0741827
0,62.5,54.1018,39.6425,0.73828,1.50165
0,62.5,9.51889,37.5718,-0.756684,-0.136715
0,62.5,53.5286,40.0226,0.81155,2.03287
0,62.5,9.54093,37.8469,-0.717491,-0.203913
0,62.5,53.2668,40.003,0.175771,1.38073
0,62.5,9.77188,38.0368,-0.766808,0.0356821
0,62.5,52.1039,40.818,0.708967,1.09439
0,62.5,9.84813,38.7882,-0.806652,0.0452065
0,62.5,52.4825,40.684,1.14853,0.904155
0,62.5,9.84138,39.0871,-0.504436,-0.0916776
0,62.5,51.9344,41.0425,0.611717,0.483635
0,62.5,10.0654,39.8698,-0.699483,0.0100401
0,62.5,51.2473,41.3262,0.277814,0.681176
0,62.5,9.85329,39.3814,-0.371445,0.00181592
0,62.5,51.7506,41.2148,1.05668,0.767585
0,62.5,9.81456,39.7081,-0.576474,-0.139658
0,62.5,51.0214,41.2702,0.283918,0.760991
0,62.5,10.138,40.4278,-0.523444,0.170696
0,62.5,50.2793,41.5383,-0.00302523,1.24189
0,62.5,10.3564,40.6134,-0.498493,0.295148
0,62.5,50.4527,41.3176,0.240171,0.203395
0,62.5,10.1491,40.7237,-0.570869,0.130242
0,62.5,49.0533,41.7971,0.179287,1.02466
0,62.5,10.5707,40.8047,-0.442191,0.200542
0,62.5,49.6885,41.6606,0.976144,0.57444
0,62.5,10.3692,40.9098,-0.37969,0.101614
0,62.5,48.2639,41.8195,-0.131196,0.882551
0,62.5,10.563,41.1211,-0.382599,0.202984
0,62.5,49.9888,41.5086,0.361399,1.84381
0,62.5,10.3381,41.1832,-0.267359,0.223466
0,62.5,47.905,42.0173,-0.180151,0.913242
0,62.5,10.5182,41.4436,-0.504668,0.0731295
0,62.5,48.5448,41.8543,-0.316108,0.846163
0,62.5,10.2966,41.4351,-0.37573,0.222364
0,62.5,47.6573,41.9714,-0.291321,0.95705
0,62.5,10.1971,41.652,-0.256798,0.159684
0,62.5,48.0108,41.8024,-0.0936948,0.593116
0,62.5,10.2419,41.9698,-0.205491,0.388708
0,62.5,48.3532,41.6197,-0.204367,0.891843
0,62.5,10.2677,42.2281,-0.152298,0.391198
0,62.5,46.8797,41.7396,-1.08978,0.889571
0,62.5,10.2915,42.5104,-0.0752695,0.355806
0,62.5,45.7899,41.6702,-1.23013,0.667978
0,62.5,10.5423,42.6192,-0.317197,0.226866
0,62.5,47.6802,41.7342,-0.118752,0.720518
0,62.5,10.5922,42.8921,-0.396734,0.29526
0,62.5,46.3473,41.6548,-1.63769,0.875177
0,62.5,10.7851,43.0452,-0.394847,0.284566
0,62.5,45.3328,41.8308,-1.69364,0.154227
0,62.5,10.6143,43.471,-0.488383,0.336158
0,62.5,44.7265,41.8795,-2.29474,0.324619
0,62.5,10.8164,43.3274,-0.474074,0.247217
0,62.5,44.4671,41.9705,-1.81178,0.410894
0,62.5,10.8427,43.6154,-0.504246,0.359694
0,62.5,43.6182,42.1001,-1.85284,0.0100425
0,62.5,11.0468,43.4882,-0.486705,0.316274
0,62.5,43.6579,41.9003,-1.76119,0.02751
0,62.5,10.6425,43.7551,-0.390854,0.328123
0,62.5,44.4473,41.7257,-1.83953,0.188717
0,62.5,10.4884,44.1579,-0.403338,0.312792
0,62.5,43.0733,42.0006,-1.5987,-0.706856
0,62.5,10.2885,44.2981,-0.42006,0.141167
0,62.5,42.4612,42.3948,-2.33242,-0.198213
0,62.5,10.0863,44.4277,-0.486669,0.0938413
0,62.5,41.3815,42.9101,-1.73331,-0.140302
0,62.5,10.1878,44.6527,-0.809183,0.252285
0,62.5,41.5812,43.203,-1.50565,-0.471383
0,62.5,9.83604,44.3041,-0.280881,0.203016
0,62.5,42.386,43.0063,-2.16121,-1.73881
0,62.5,9.90161,44.5867,-0.486924,0.152024
0,62.5,41.8776,43.124,-2.37963,-1.73506
0,62.5,9.71077,44.7372,-0.461052,0.27304
0,62.5,41.3368,43.1504,-2.03772,-0.832939
0,62.5,9.78752,45.0026,-0.539871,0.25853
0,62.5,41.3305,43.8031,-2.22875,-1.44231
0,62.5,9.53461,44.9137,-0.33543,0.219486
0,62.5,41.067,44.3674,-1.53514,0.0864494
0,62.5,9.67764,45.1967,-0.231011,0.371473
0,62.5,40.9093,44.9802,-1.26502,2.29471
0,62.5,9.76185,45.4594,-0.26973,0.152551
0,62.5,41.5781,44.1597,-2.36834,-0.977515
0,62.5,10.025,45.5958,-0.263665,0.280124
0,62.5,41.3406,44.7549,-0.602431,0.17517
0,62.5,9.92097,45.9783,-0.327707,0.176951
0,62.5,41.6645,45.9906,-5.23553,0.0148937
0,62.5,9.97454,46.2401,-0.148229,0.117332
0,62.5,41.5621,44.7865,-1.1945,-1.30779
0,62.5,9.73231,46.1835,-0.227517,0.130452
0,62.5,42.1133,45.5562,-1.67249,-1.72382
0,62.5,9.64379,46.6639,-0.0694669,0.0176585
0,62.5,41.8613,45.5825,-2.02969,-0.531273
0,62.5,9.49223,46.1296,-0.371906,0.0820899
0,62.5,41.8453,45.3137,-2.10648,-1.16966
0,62.5,9.56701,46.3971,-0.23222,0.0670181
0,62.5,41.3516,46.1382,-2.45654,-0.173683
0,62.5,9.40219,46.6182,-0.0722782,0.0203467
0,62.5,41.6457,48.7841,3.41478,1.92318
0,62.5,9.33593,47.1035,0.0503981,0.00365268
0,62.5,42.784,47.9493,1.76134,-0.870326
0,62.5,9.23963,46.8379,-0.0169743,0.0198631
0,62.5,42.1357,48.5344,2.95418,-1.33388
0,62.5,9.43122,47.3621,0.03368,-0.0384036
0,62.5,42.6224,48.1656,3.04543,-0.65749
0,62.5,9.4409,47.9008,-0.0460742,-0.141721
0,62.5,44.1516,48.0136,1.03421,-1.4489
0,62.5,9.57044,47.6409,0.109992,0.000999144
0,62.5,43.9087,47.9044,1.40349,-1.6293
0,62.5,9.21221,47.8139,-0.03922,-0.0353777
0,62.5,44.5834,47.7506,0.838747,-0.989329
0,62.5,9.57344,48.1742,0.130695,-0.144484
0,62.5,45.0729,47.8786,0.278758,-0.790953
0,62.5,9.09656,48.0198,0.129559,0.136957
0,62.5,44.8996,48.0774,0.810729,-0.858477
0,62.5,9.33416,48.1243,0.119224,-0.000847528
0,62.5,44.0947,47.7485,1.3645,-2.16218
0,62.5,9.17935,48.3124,0.15783,-0.0133109
0,62.5,45.374,48.2609,0.781647,-0.438286
0,62.5,9.66371,48.4364,0.273522,-0.223162
0,62.5,44.8291,47.8075,0.746729,-0.779655
0,62.5,9.31078,48.8334,0.115596,0.0435682
0,62.5,46.001,48.3277,0.548627,-0.357673
0,62.5,9.43398,48.3982,0.278011,-0.0269377
0,62.5,46.2264,48.7413,0.608955,-0.306068
0,62.5,9.48664,48.6633,0.16768,-0.0108798
0,62.5,46.4416,48.889,0.635038,-0.274419
0,62.5,9.69685,48.7573,0.198689,-0.136721
0,62.5,46.6384,49.3106,0.633472,-0.323781
0,62.5,9.07471,48.9707,0.0144716,-0.107535
0,62.5,46.8643,49.397,0.781998,-0.227199
0,62.5,9.28478,49.1121,0.126828,-0.17754
0,62.5,46.2235,49.0189,0.42936,-0.204275
0,62.5,8.96753,49.4777,0.367242,-0.0609287
0,62.5,46.441,49.1789,0.612407,-0.122357
0,62.5,9.16428,49.6413,0.169898,0.151232
0,62.5,46.9236,49.6883,0.396913,-0.0293806
0,62.5,8.90679,49.7363,0.378422,-0.0721586
0,62.5,47.1042,50.1238,0.205533,-0.153526
0,62.5,9.11793,50.2727,0.348819,0.200835
0,62.5,47.5576,49.8786,-0.0322246,-0.104955
0,62.5,8.91298,50.049,0.342763,0.196623
0,62.5,48.3516,50.5503,-0.372999,0.078051
0,62.5,9.065,50.5191,0.520965,0.207775
0,62.5,47.6434,50.1097,0.126903,0.0995786
0,62.5,8.42102,50.1776,0.440757,-0.058618
0,62.5,48.7442,50.3282,-0.184352,0.457409
0,62.5,8.62285,50.3587,0.465024,0.0346291
0,62.5,49.6469,50.5243,-0.274065,-0.0197317
0,62.5,8.19105,50.8236,0.372702,-0.0486946
0,62.5,48.4947,50.3082,-0.119649,0.0282909
0,62.5,8.47348,50.8034,0.442453,0.0493491
0,62.5,49.8532,50.4086,-0.242837,0.28032
0,62.5,8.27347,50.6015,0.524736,0.0278
0,62.5,51.6158,50.5974,0.557451,-0.0832988
0,62.5,7.899,50.8247,0.340218,-0.0441724
0,62.5,51.9144,51.0227,0.283262,-0.0569798
0,62.5,5.03658,31.5188,-3.41005,-1.10537
0,62.5,67.6252,33.0701,3.53518,0.109032
0,62.5,2.70142,32.0528,-1.70784,1.13097
0,62.5,70.9993,26.5711,-4.50323,-0.10539
0,62.5,2.07779,31.7835,-0.638187,2.64348
0,62.5,75.422,27.0345,1.21711,-6.81973
0,62.5,1.89687,33.5251,-0.0923497,3.15988
0,62.5,72.4404,27.9325,1.8887,-3.78402
0,62.5,1.99432,33.779,-0.150695,3.54435
0,62.5,70.1009,31.3259,4.79126,-2.21776
0,62.5,1.73545,31.5215,-1.07053,1.32829
0,62.5,70.1883,30.0063,3.78816,-2.4629
0,62.5,1.97605,30.7865,-0.991763,0.0655554
0,62.5,67.0352,33.8416,2.91063,0.713749
0,62.5,3.95322,30.8217,-4.15093,-1.1145
0,62.5,67.5121,33.4585,3.33186,0.52688
0,62.5,6.34906,32.1838,-3.49264,-0.361429
0,62.5,63.8332,34.7201,2.04602,0.479117
0,62.5,7.29544,32.9951,-2.21159,0.986884
0,62.5,61.2291,33.1502,1.99177,-1.16813
0,62.5,7.22904,32.73,-3.1859,0.0488931
0,62.5,61.5935,34.0684,1.74061,-0.700841
0,62.5,8.04287,33.6942,-1.69851,-0.258281
0,62.5,61.2329,34.4505,1.36681,-0.555957
0,62.5,8.3475,34.0963,-1.26258,-0.190084
0,62.5,60.2524,35.7255,2.4364,-1.04125
0,62.5,8.60219,34.7739,-1.39482,-0.888661
0,62.5,60.5125,34.9055,2.26188,-0.910511
0,62.5,8.62847,35.0355,-1.10845,-0.717384
0,62.5,55.486,38.9471,1.11697,1.36683
0,62.5,8.40418,34.9149,-1.12953,-0.846772
0,62.5,58.9497,37.4403,2.46151,0.182739
0,62.5,9.12125,36.3854,-1.09491,-0.0755231
0,62.5,56.3543,38.6675,1.42077,1.06421
0,62.5,9.16667,36.0972,-0.85881,-0.0392051
0,62.5,57.6709,38.2159,1.36179,0.932562
0,62.5,9.56748,36.7474,-0.527306,-0.0643603
0,62.5,56.9114,38.5277,1.17102,1.40628
0,62.5,9.33302,36.3374,-0.953277,-0.188448
0,62.5,55.2259,38.8129,0.49219,1.2055
0,62.5,9.60359,36.9981,-0.734662,0.00952074
0,62.5,55.8154,38.8747,1.02382,1.19203
0,62.5,9.76327,37.4718,-0.735288,-0.165695
0,62.5,53.8994,39.8462,0.751564,1.39688
0,62.5,9.75313,37.7407,-0.7337,-0.170159
0,62.5,54.3941,39.6309,0.451203,1.50247
0,62.5,9.89689,38.2654,-0.821177,0.0827732
0,62.5,53.7842,40.0724,0.397846,1.46403
0,62.5,9.84654,38.5256,-0.76837,0.142015
0,62.5,53.6422,39.7982,0.559777,1.32792
0,62.5,10.0482,38.9833,-0.720243,0.0134858
0,62.5,52.6558,40.477,0.980009,1.10051
0,62.5,10.0609,39.2691,-0.48118,0.022213
0,62.5,52.3365,40.905,0.889689,0.643318
0,62.5,10.0207,39.592,-0.571125,-0.00616704
0,62.5,51.954,41.3441,0.623209,1.17971
0,62.5,10.2658,39.7528,-0.560563,0.238802
0,62.5,52.1485,41.1069,0.792425,0.51633
0,62.5,10.3079,40.0463,-0.497328,0.0824602
0,62.5,50.8977,41.5288,0.541688,0.659238
0,62.5,10.5527,40.2273,-0.524315,0.174684
0,62.5,50.5424,41.5419,0.455343,1.18642
0,62.5,10.1052,40.1503,-0.624851,0.0757248
0,62.5,50.7472,41.3592,0.460169,0.462344
0,62.5,10.3539,40.3283,-0.539931,0.119816
0,62.5,49.3981,41.831,0.159147,0.385866
0,62.5,10.7723,40.4051,-0.370089,0.367831
0,62.5,49.1305,41.9895,-0.110445,0.561467
0,62.5,11.0019,40.8556,-0.343971,0.329474
0,62.5,48.8019,41.9095,0.438104,0.78555
0,62.5,10.5711,40.5222,-0.459147,0.288906
0,62.5,46.9563,42.0556,-0.301586,0.497829
0,62.5,11.2066,41.054,-0.259394,0.291057
0,62.5,47.64,42.2001,-0.684741,0.84798
0,62.5,10.7947,40.7065,-0.444176,0.292934
0,62.5,46.253,41.8822,-1.13257,0.664597
0,62.5,10.7618,40.9902,-0.273308,0.241496
0,62.5,47.0922,41.8669,-0.443287,0.876157
0,62.5,10.9344,41.3768,-0.220662,0.24933
0,62.5,45.3248,42.145,-1.35859,0.220998
0,62.5,10.7103,41.3175,-0.303488,0.163414
0,62.5,47.2976,42.061,-0.578999,0.834351
0,62.5,10.3965,41.7917,-0.334552,0.318337
0,62.5,45.9759,42.0225,-1.28952,0.748202
0,62.5,10.4885,42.0869,-0.193923,0.377994
0,62.5,46.565,41.7824,-1.16886,0.546512
0,62.5,10.501,42.3592,-0.169868,0.248054
0,62.5,47.4274,41.8816,-0.0519844,1.04427
0,62.5,10.5903,41.6873,-0.569102,0.20684
0,62.5,46.0122,41.7919,-1.09791,0.390262
0,62.5,10.7572,42.6688,-0.438548,0.295039
0,62.5,45.5343,42.0203,-1.64519,0.060644
0,62.5,10.7089,42.2975,-0.225179,0.403707
0,62.5,44.2465,42.1041,-1.80953,0.538224
0,62.5,10.926,42.8562,-0.409845,0.308566
0,62.5,43.9279,42.0705,-1.69959,0.472781
0,62.5,11.1315,43.0051,-0.497876,0.327699
0,62.5,45.1325,41.9671,-1.5312,0.228051
0,62.5,11.0136,43.204,-0.397465,0.352264
0,62.5,42.7588,42.3147,-2.59962,-0.747541
0,62.5,11.2483,43.3552,-0.358998,0.494459
0,62.5,44.1987,41.881,-2.07967,0.116166
0,62.5,11.1177,43.7341,-0.616841,0.407637
0,62.5,43.3328,42.2145,-1.65906,-0.483617
0,62.5,10.6952,44.0174,-0.43355,0.372131
0,62.5,42.6491,42.0876,-2.48115,-0.458684
0,62.5,10.6498,44.3291,-0.685937,0.39397
0,62.5,43.346,42.001,-2.49329,0.0814487
0,62.5,10.4184,44.4934,-0.728996,0.31562
0,62.5,41.1987,42.7873,-2.35349,-1.49961
0,62.5,10.4264,44.7485,-0.813296,0.295675
0,62.5,42.3445,42.768,-2.75353,-1.34724
0,62.5,10.217,44.9135,-0.742974,0.276357
0,62.5,42.116,42.9425,-2.1794,-0.980257
0,62.5,10.4611,45.0201,-0.72227,0.0282852
0,62.5,42.4466,43.2526,-2.17961,-0.907189
0,62.5,9.98165,44.8292,-0.68799,0.276578
0,62.5,42.1719,43.1697,-2.12595,-1.46681
0,62.5,10.0179,45.105,-0.674125,0.275939
0,62.5,41.9621,43.3268,-1.94017,-1.83915
0,62.5,10.1962,45.4226,-0.125463,0.354477
0,62.5,41.8934,43.5552,-2.56855,-1.01257
0,62.5,10.4201,45.5625,-0.149772,0.191303
0,62.5,41.3534,44.241,-1.86518,-1.2072
0,62.5,9.94863,45.3243,-0.154863,0.439907
0,62.5,41.9422,45.0931,-1.65489,-0.750636
0,62.5,10.2362,45.7265,-0.211159,0.171043
0,62.5,42.1095,45.2814,-1.34494,-1.25342
0,62.5,10.1379,45.9313,-0.265737,0.190417
0,62.5,41.8307,46.097,-1.32844,-0.584147
0,62.5,10.1996,46.2037,-0.153963,0.222878
0,62.5,41.771,46.3348,-1.29715,-1.85233
0,62.5,9.80853,46.4526,-0.0712018,0.0558741
0,62.5,42.2414,48.1182,3.93991,-2.72654
0,62.5,10.0649,46.487,0.0152541,0.0707739
0,62.5,41.8506,48.7221,2.56018,1.83003
0,62.5,9.72724,46.9233,0.0149015,0.0128558
0,62.5,41.0076,49.3071,-0.469579,2.1852
0,62.5,10.1409,46.7474,0.0646252,0.024511
0,62.5,39.0806,48.9574,-2.42144,-0.00552134
0,62.5,9.48187,46.8836,0.0155841,0.0455827
0,62.5,41.9956,46.3814,-1.93537,-1.93989
0,62.5,9.58599,47.1477,0.0183941,0.0267326
0,62.5,42.4569,46.8486,-1.20673,-2.15964
0,62.5,9.83233,47.1852,-0.0060972,-0.0203411
0,62.5,42.7125,47.7101,2.6958,-1.33468
0,62.5,9.97189,46.9631,0.0148472,-0.0549669
0,62.5,42.9237,47.0879,0.88369,-2.6097
0,62.5,9.67666,47.4076,0.0721021,0.0110552
0,62.5,42.5415,47.2653,-0.339105,-3.55689
0,62.5,9.91608,47.4484,0.0196117,-0.037809
0,62.5,43.1379,47.1808,0.730451,-1.81982
0,62.5,9.81774,47.6838,0.13076,0.0311821
0,62.5,43.7973,47.6708,1.49069,-2.03604
0,62.5,9.9432,47.9325,0.228382,-0.213368
0,62.5,44.9835,47.6056,0.397476,-0.630732
0,62.5,9.66979,47.8958,0.0685451,-0.0110089
0,62.5,44.3299,47.7209,1.03686,-1.48365
0,62.5,9.80444,48.1267,0.278035,-0.145417
0,62.5,45.3092,47.9734,0.876928,-0.517374
0,62.5,10.1091,48.1972,0.491316,-0.240126
0,62.5,45.2376,47.6879,0.479271,-0.720262
0,62.5,10.1251,48.4668,0.269452,-0.142393
0,62.5,45.1353,48.1639,0.59269,-0.532024
0,62.5,9.90069,48.3423,0.385325,-0.335089
0,62.5,45.7758,48.2034,1.19199,-0.152851
0,62.5,10.0696,48.7288,0.114933,-0.200234
0,62.5,46.2206,48.4599,0.675039,-0.0254947
0,62.5,9.86149,48.6021,0.122946,-0.26182
0,62.5,46.44,48.6054,0.49664,-0.1946
0,62.5,9.73781,48.9956,0.51542,-0.161621
0,62.5,46.6526,49.0176,0.636182,-0.221508
0,62.5,9.50172,48.9854,0.36993,-0.084423
0,62.5,47.0927,49.4982,0.351768,-0.253374
0,62.5,9.69189,49.2451,0.196842,-0.142797
0,62.5,46.4671,49.4954,0.49075,-0.479152
0,62.5,9.22324,49.3785,0.281138,0.0371339
0,62.5,46.2354,49.2939,0.692739,-0.0313254
0,62.5,9.46501,49.2786,0.192035,-0.115
0,62.5,46.6866,49.6,0.598666,-0.202559
0,62.5,9.40531,49.5552,0.104229,0.0867191
0,62.5,47.5546,49.347,0.353418,0.0251704
0,62.5,9.34198,49.8239,0.121774,0.277157
0,62.5,47.7783,49.7982,0.321161,0.0208575
0,62.5,9.0921,49.9061,0.179179,0.208263
0,62.5,47.3352,49.4227,0.580625,-0.193637
0,62.5,9.30728,50.5056,0.556468,0.267987
0,62.5,47.9889,50.3264,-0.011535,0.00271672
0,62.5,8.67603,50.1036,0.457938,0.0401862
0,62.5,48.1045,50.5624,-0.132566,-0.0095282
0,62.5,9.24381,50.7554,0.607327,0.157744
0,62.5,48.2627,49.8614,0.150353,0.0177988
0,62.5,8.87685,50.2991,0.39114,0.101151
0,62.5,49.7628,50.7646,0.00221716,-0.0208307
0,62.5,8.7391,50.7837,0.635046,0.104648
0,62.5,49.7896,50.1521,-0.219291,-0.0417237
0,62.5,8.35171,51.0274,0.322095,0.0905207
0,62.5,51.1756,50.3637,0.584172,-0.142107
0,62.5,8.06098,51.0257,0.402623,0.0600652
0,62.5,53.4336,50.3585,0.247399,0.295787
0,62.5,1.69952,31.8496,-0.191078,2.87433
0,62.5,71.8361,28.0749,0.816796,-2.06613
0,62.5,1.64399,32.101,-0.0639238,3.55388
0,62.5,74.4611,23.4126,-1.62657,-8.16575
0,62.5,2.1662,30.9152,-1.60262,1.14748
0,62.5,73.8516,28.2269,3.57906,-3.65394
0,62.5,1.6834,35.4231,-0.175665,4.32339
0,62.5,74.7691,24.1467,-0.748804,-6.89297
0,62.5,3.1725,31.1238,-2.72821,-1.15817
0,62.5,67.2597,33.7205,3.03599,0.542653
0,62.5,2.59685,29.7806,-2.54514,-2.07745
0,62.5,70.0988,30.2228,4.08558,-2.28641
0,62.5,2.21054,30.359,-1.98785,-0.478707
0,62.5,66.4154,33.9987,2.72357,0.983229
0,62.5,2.85738,29.891,-3.24004,-2.03821
0,62.5,65.3916,34.4422,1.3938,0.492382
0,62.5,5.85818,31.6343,-3.76964,-1.25328
0,62.5,66.0322,34.067,2.19847,1.34737
0,62.5,7.76256,33.1689,-1.796,-0.11552
0,62.5,64.0889,34.6363,0.692671,1.10211
0,62.5,8.59093,33.9973,-1.39561,-0.0943214
0,62.5,62.135,34.3811,0.134231,-0.478816
0,62.5,7.94097,33.4185,-1.5962,0.0613945
0,62.5,60.7551,34.3948,2.03854,-0.671281
0,62.5,8.85365,34.9344,-1.26641,-0.553402
0,62.5,60.7,34.8764,2.02397,-0.975089
0,62.5,8.85444,34.6768,-1.15105,-0.695849
0,62.5,60.3789,35.1346,2.53195,-0.675254
0,62.5,8.97392,35.5109,-1.24163,-0.571621
0,62.5,57.9768,38.0787,1.59996,1.15407
0,62.5,8.94802,36.0383,-0.770478,-0.358125
0,62.5,57.5154,38.4309,1.60018,0.577803
0,62.5,9.43155,36.1017,-1.12013,-0.265649
0,62.5,56.6637,38.6834,0.878685,1.67496
0,62.5,9.56622,36.477,-1.00355,-0.365262
0,62.5,55.7794,39.0729,1.04208,1.13761
0,62.5,9.97685,37.6181,-0.747464,0.293558
0,62.5,55.4867,39.1494,1.02994,0.782606
0,62.5,9.79475,37.1615,-0.860239,-0.0388546
0,62.5,55.1717,39.0145,0.364288,1.41014
0,62.5,10.1055,38.1518,-0.889764,0.0221388
0,62.5,54.1723,39.8562,0.56703,1.16021
0,62.5,9.96557,37.9118,-0.706815,-0.0565314
0,62.5,54.826,39.5047,0.23427,1.21199
0,62.5,10.0989,38.4477,-0.999192,0.0159789
0,62.5,53.8669,40.3217,1.05949,1.24341
0,62.5,10.0779,38.708,-0.808471,0.0808694
0,62.5,53.6193,40.2851,0.467024,0.990039
0,62.5,10.2902,38.9017,-0.590513,0.222754
0,62.5,53.3813,40.2542,0.157366,0.771097
0,62.5,10.2742,39.1554,-0.538437,0.226154
0,62.5,52.9566,40.4584,0.388636,0.935056
0,62.5,10.221,39.4741,-0.497583,0.176726
0,62.5,53.1107,40.2303,0.88945,1.44637
0,62.5,10.4685,39.6515,-0.44938,0.271532
0,62.5,52.6099,40.8999,0.443418,0.593377
0,62.5,10.502,39.9368,-0.585723,0.235193
0,62.5,52.7736,40.68,0.45632,0.673416
0,62.5,10.7392,40.0847,-0.57661,0.345974
0,62.5,51.4949,41.3702,0.369278,0.986132
0,62.5,10.9818,40.554,-0.442308,0.332824
0,62.5,51.1416,41.553,0.292483,0.393393
0,62.5,10.9193,39.9239,-0.509424,0.304192
0,62.5,50.2492,41.7558,-0.894178,1.20492
0,62.5,10.9422,40.2388,-0.567063,0.441551
0,62.5,49.9505,41.7302,-0.0136452,0.948969
0,62.5,11.1934,40.4861,-0.614392,0.40629
0,62.5,49.6732,41.881,-0.0128176,0.133178
0,62.5,11.2097,40.7623,-0.376878,0.44347
0,62.5,48.2779,42.2454,0.133245,0.579622
0,62.5,11.4273,40.9334,-0.388515,0.29858
0,62.5,48.4824,42.063,-0.305772,1.10674
0,62.5,11.4173,41.2142,-0.340537,0.251999
0,62.5,48.1819,42.0442,-0.286805,0.7757
0,62.5,10.9559,41.1263,-0.167901,0.212677
0,62.5,46.7248,41.9701,-0.53588,0.523702
0,62.5,11.5015,41.459,-0.679764,0.325108
0,62.5,45.7631,42.1607,-1.14087,0.143425
0,62.5,11.1781,41.3072,-0.294596,0.283086
0,62.5,45.0762,42.2386,-1.11167,0.318811
0,62.5,10.8032,41.6141,-0.606623,0.093186
0,62.5,44.6408,42.1513,-1.71556,-0.140511
0,62.5,11.0479,41.625,-0.639995,0.386809
0,62.5,44.4552,42.2899,-1.28642,0.200157
0,62.5,10.8871,41.8637,-0.661016,0.27821
0,62.5,44.8213,42.3438,-1.12798,0.271145
0,62.5,11.0986,42.0927,-0.535944,0.730549
0,62.5,44.3508,42.4651,-1.2531,0.401945
0,62.5,10.6595,41.9553,-0.431552,0.230799
0,62.5,44.0511,42.4926,-1.53065,0.281846
0,62.5,10.8651,42.1216,-0.400299,0.37197
0,62.5,44.8915,42.0638,-1.39,0.362566
0,62.5,10.8811,42.4615,-0.42524,0.4561
0,62.5,43.82,42.2805,-1.63282,0.164382
0,62.5,11.2847,42.8332,-0.441908,0.356778
0,62.5,44.1068,42.2852,-1.74839,0.600137
0,62.5,11.3527,43.1501,-0.442854,0.38946
0,62.5,43.7813,42.5284,-1.67457,-1.12363
0,62.5,11.519,43.4018,-0.459266,0.354667
0,62.5,43.569,42.3621,-1.91298,-0.723793
0,62.5,11.3368,43.5935,-0.545259,0.511006
0,62.5,42.9625,42.1894,-2.262,-0.353678
0,62.5,11.3391,43.8679,-0.621672,0.600204
0,62.5,42.9089,42.707,-1.53727,-1.11367
0,62.5,10.9046,43.8735,-0.481534,0.365377
0,62.5,43.1089,42.5448,-2.09735,-1.14416
0,62.5,11.1133,44.0128,-0.585416,0.528067
0,62.5,42.8012,42.497,-1.92906,-0.559652
0,62.5,10.884,44.1647,-0.566769,0.487479
0,62.5,42.5094,42.6034,-1.92335,-0.512026
0,62.5,10.8801,44.4251,-0.738966,0.471561
0,62.5,41.9186,42.8187,-2.75853,-0.57833
0,62.5,10.6527,44.5864,-0.779865,0.315496
0,62.5,42.9144,42.9517,-1.78459,-0.613134
0,62.5,10.8796,44.702,-0.58691,0.204579
0,62.5,42.7225,43.2257,-1.73213,-1.16202
0,62.5,10.6625,44.8591,-0.68182,0.0173876
0,62.5,42.8888,43.4714,-2.27394,-1.1602
0,62.5,10.4664,45.3161,-0.570468,0.0245177
0,62.5,42.272,43.4143,-1.74501,-0.865775
0,62.5,10.2576,45.1812,-0.620901,0.0747925
0,62.5,42.3276,43.7776,-2.36914,-0.940789
0,62.5,10.6725,45.6496,-0.216196,0.0429164
0,62.5,41.4686,43.9499,-2.2597,-0.435261
0,62.5,10.4976,45.8186,-0.263512,0.261124
0,62.5,41.959,43.7723,-1.71779,-1.47692
0,62.5,10.629,46.109,-0.256383,0.0227414
0,62.5,41.6672,43.7255,-2.6588,-1.4083
0,62.5,10.3821,46.0208,-0.280612,0.129594
0,62.5,41.6595,44.489,-1.17499,-0.529633
0,62.5,10.4184,46.2954,-0.0290407,0.0525491
0,62.5,42.0029,45.7705,-2.11018,-1.17814
0,62.5,10.29,46.5105,0.00712387,0.0297544
0,62.5,42.392,45.6848,-1.78225,-1.32597
0,62.5,10.3816,46.7918,-0.0281781,-0.0305029
0,62.5,42.0998,45.9629,-1.65681,-1.88771
0,62.5,9.89522,46.7049,-0.0194686,0.0495727
0,62.5,42.4281,47.4142,1.93044,-2.82947
0,62.5,10.5286,46.5808,-0.0765401,-0.0598292
0,62.5,42.4963,46.6321,-1.49977,-2.7785
0,62.5,10.6361,46.8198,-0.12435,-0.134181
0,62.5,42.2371,46.6571,-1.35333,-3.83617
0,62.5,10.4811,47.0439,0.00694076,-0.13681
0,62.5,42.8004,47.2695,1.42286,-2.08844
0,62.5,10.2227,47.0114,0.00992313,-0.0876018
0,62.5,42.993,46.8541,-0.672142,-3.43006
0,62.5,10.0828,47.2242,-0.0425026,-0.16143
0,62.5,42.2969,47.028,-0.945401,-3.77323
0,62.5,10.1623,47.4645,0.0853844,-0.262486
0,62.5,43.0076,47.4514,0.754277,-3.36176
0,62.5,10.4062,47.4984,0.0809406,-0.368329
0,62.5,42.9811,47.7207,2.35618,-2.44724
0,62.5,10.0665,47.7086,0.24495,-0.321824
0,62.5,43.7182,47.4055,1.01922,-1.39379
0,62.5,10.3024,47.7411,0.262244,-0.375731
0,62.5,44.4672,47.4974,0.680362,-1.22226
0,62.5,10.1872,47.982,0.226081,-0.321647
0,62.5,43.9628,47.5095,0.814339,-2.00932
0,62.5,10.4816,47.8942,0.0120565,0.295443
0,62.5,44.207,47.484,1.07394,-1.73149
0,62.5,10.3434,48.3624,0.352786,0.188054
0,62.5,44.3452,47.2498,0.679829,-1.33353
0,62.5,10.3257,48.633,0.172985,0.0489099
0,62.5,44.7293,47.5364,0.873305,-0.833084
0,62.5,10.2694,48.894,0.136775,0.00836181
0,62.5,45.14,47.4176,0.504066,-0.662879
0,62.5,10.5177,48.8269,0.145416,0.00721762
0,62.5,45.5475,48.0775,0.40211,-0.392331
0,62.5,10.3727,49.3402,0.0224911,0.128568
0,62.5,46.2044,48.1817,0.57975,-0.369694
0,62.5,10.1914,49.1273,0.249376,0.140974
0,62.5,46.6559,48.7374,0.582338,-0.226633
0,62.5,9.97779,48.9339,0.586425,-0.00461226
0,62.5,46.8633,49.1343,0.90585,-0.27579
0,62.5,9.94893,49.186,0.217997,0.16165
0,62.5,47.7258,49.1836,0.357285,-0.241264
0,62.5,9.88185,49.4401,0.0695065,0.197143
0,62.5,47.3284,49.1575,0.581871,-0.071067
0,62.5,10.1319,49.3897,0.00610594,0.270014
0,62.5,47.9096,49.3338,0.470469,-0.149633
0,62.5,9.64306,49.5082,0.04414,-0.0267121
0,62.5,47.869,50.0712,0.298298,0.043746
0,62.5,9.8234,49.7127,-0.0390024,0.142702
0,62.5,48.0081,49.8455,0.101159,-0.0987679
0,62.5,9.58317,49.7714,0.039247,0.0865762
0,62.5,48.1182,50.0922,0.229898,-0.194933
0,62.5,9.74985,49.9846,-0.0116277,0.180037
0,62.5,48.6378,50.0738,0.0041615,0.12687
0,62.5,9.25387,50.0923,0.240148,0.197613
0,62.5,48.2459,50.3124,-0.062221,0.0782385
0,62.5,9.48259,50.7404,0.591456,0.0487035
0,62.5,49.3762,50.1585,-0.328357,0.0700166
0,62.5,8.81391,50.5532,0.621919,0.130897
0,62.5,49.2363,50.36,-0.154631,0.0478047
0,62.5,9.13236,51.0076,0.332809,0.0738284
0,62.5,49.9613,50.6749,-0.0451032,0.246332
0,62.5,8.88347,51.0118,0.341474,0.143337
0,62.5,52.0141,50.4106,0.680425,-0.202252
0,62.5,8.6239,51.0161,0.304338,-0.0774201
0,62.5,52.5197,51.028,-0.0524645,0.092694
0,62.5,3.54835,31.2675,-2.91834,-1.32081
0,62.5,75.2377,25.116,0.452275,-6.62678
0,62.5,2.36922,39.2266,0.245993,1.2221
0,62.5,75.2484,24.0393,-0.424923,-7.03666
0,62.5,2.0655,34.0172,-0.124883,3.43043
0,62.5,75.6676,22.5045,-0.157778,-7.6887
0,62.5,2.10969,31.2032,-1.39893,0.517506
0,62.5,75.0882,26.9487,1.3682,-7.05439
0,62.5,2.23212,39.6344,0.321888,1.31476
0,62.5,75.1075,25.5325,-0.0938914,-6.73103
0,62.5,1.49014,31.914,-0.0836647,2.62106
0,62.5,64.1308,34.8922,0.733674,0.362931
0,62.5,1.7993,31.2282,0.0500428,0.963974
0,62.5,61.3449,33.9734,1.66673,-0.747019
0,62.5,3.64156,30.3184,-3.93368,-1.68035
0,62.5,65.0318,34.5614,1.03196,0.979531
0,62.5,2.87065,21.8111,1.56362,-9.74258
0,62.5,61.9459,34.2014,1.413,-0.196086
0,62.5,5.34859,31.2738,-4.00427,-1.4502
0,62.5,62.8901,34.5391,-0.088007,-0.790485
0,62.5,6.89127,32.4456,-3.12943,-0.746648
0,62.5,62.2146,34.13,0.858246,-0.0957386
0,62.5,8.33375,33.8384,-1.30845,0.0590627
0,62.5,61.0349,34.5564,1.65824,-1.25442
0,62.5,8.59404,34.2654,-1.39569,-0.0896042
0,62.5,61.198,33.6594,1.78173,-0.860961
0,62.5,9.35593,35.3269,-1.06807,-0.541843
0,62.5,60.4555,35.5653,1.73303,-1.10492
0,62.5,9.1011,35.2571,-1.25677,-0.144279
0,62.5,59.4054,36.9435,2.05549,0.222983
0,62.5,8.8937,35.1848,-1.08702,-0.340645
0,62.5,60.3438,35.4244,1.69747,-0.757744
0,62.5,9.02546,35.77,-1.24996,-0.284736
0,62.5,58.6327,37.7317,1.55297,0.38291
0,62.5,9.82132,36.8571,-0.884614,-0.183251
0,62.5,56.4014,38.8926,0.928172,1.13977
0,62.5,9.79408,36.5983,-0.77273,-0.297419
0,62.5,56.117,38.9486,0.951699,1.49149
0,62.5,9.97575,37.3161,-0.684427,-0.144306
0,62.5,55.4103,39.3526,0.768063,1.59044
0,62.5,10.1714,37.8131,-0.555913,0.216147
0,62.5,55.7523,39.2942,0.891976,1.4622
0,62.5,10.3133,38.3527,-1.02187,0.163263
0,62.5,54.0354,40.0835,0.236442,0.875257
0,62.5,10.4937,37.9364,-0.975386,0.0472933
0,62.5,54.3098,40.0684,0.334808,1.46291
0,62.5,10.3164,38.6352,-0.787292,0.0372765
0,62.5,54.4549,39.8532,0.215626,1.20267
0,62.5,10.5169,38.8743,-0.653092,0.298338
0,62.5,53.3105,40.7175,0.785873,0.854755
0,62.5,10.5308,38.5613,-0.755381,0.151672
0,62.5,53.2133,40.4604,1.13294,0.48528
0,62.5,10.5341,39.1477,-0.563549,0.304532
0,62.5,53.0501,40.6957,0.58113,1.1085
0,62.5,10.6602,39.482,-0.411062,0.206522
0,62.5,52.883,40.9034,0.268657,0.708005
0,62.5,10.4361,39.3689,-0.529151,0.22002
0,62.5,52.4272,41.1265,1.03935,0.877655
0,62.5,10.8739,39.624,-0.471995,0.196885
0,62.5,52.2073,41.3407,1.50916,1.52252
0,62.5,10.6955,39.7898,-0.49231,0.256528
0,62.5,51.7118,41.4803,0.709874,1.4407
0,62.5,11.1564,40.2212,-0.558853,0.454753
0,62.5,51.8423,41.6591,0.840554,1.6474
0,62.5,11.1359,39.9463,-0.55472,0.509777
0,62.5,51.3978,41.605,0.624914,0.804893
0,62.5,11.4094,40.3771,-0.611719,0.306867
0,62.5,49.4426,42.0501,-0.505723,1.28809
0,62.5,11.4272,40.6535,-0.54394,0.430588
0,62.5,48.6019,42.253,0.167927,0.815209
0,62.5,11.7096,41.3371,-0.66957,0.413263
0,62.5,48.8323,42.1048,0.227171,0.594246
0,62.5,11.8762,41.5326,-0.801089,0.574083
0,62.5,47.7267,42.4034,-0.469535,1.0268
0,62.5,11.6339,41.0874,-0.321179,0.216689
0,62.5,47.4088,42.2787,-0.729221,0.638463
0,62.5,11.6543,41.6578,-0.832737,0.459371
0,62.5,47.9485,42.2367,-0.195753,0.617878
0,62.5,11.5929,41.918,-0.723153,0.415309
0,62.5,46.1995,42.1407,-0.698048,-0.0368059
0,62.5,11.2736,41.5356,-0.666402,0.382773
0,62.5,45.5423,42.3035,-1.09802,0.521343
0,62.5,11.4018,41.7482,-0.832142,0.403079
0,62.5,45.2855,42.4017,-1.17495,0.692454
0,62.5,11.1523,41.8457,-0.773132,0.569364
0,62.5,44.6838,42.4949,-1.26167,0.102896
0,62.5,11.3507,42.0136,-0.656338,0.514853
0,62.5,44.426,42.8682,-0.804636,-0.127646
0,62.5,11.0789,42.3549,-0.413479,0.441609
0,62.5,44.5484,42.6654,-1.84389,-0.445281
0,62.5,11.2752,42.561,-0.428493,0.328365
0,62.5,43.9295,42.9339,-1.62125,-0.814922
0,62.5,11.0666,42.6619,-0.457021,0.347667
0,62.5,43.7119,42.7109,-1.98504,-0.879315
0,62.5,11.5222,43.0184,-0.51284,0.405022
0,62.5,44.2454,42.6867,-0.79091,0.43507
0,62.5,11.6762,43.2625,-0.418505,0.314713
0,62.5,43.4173,42.5082,-2.04209,-0.954912
0,62.5,11.9191,43.4501,-0.54175,0.413068
0,62.5,43.4079,42.7207,-1.98059,-0.82478
0,62.5,11.7317,43.5695,-0.574903,0.368252
0,62.5,43.1527,42.3537,-2.13802,-1.15475
0,62.5,11.5531,43.718,-0.605273,0.428495
0,62.5,43.1749,42.789,-1.71234,-0.448187
0,62.5,11.3429,44.1371,-0.62929,0.549169
0,62.5,43.2976,43.9277,-2.10019,-1.36059
0,62.5,11.554,44.2827,-0.463388,0.49646
0,62.5,43.1564,43.0305,-1.93315,-0.891256
0,62.5,11.1123,44.2774,-0.658551,0.487671
0,62.5,42.6293,43.0018,-2.25499,-1.31492
0,62.5,11.3253,44.4138,-0.491958,0.476361
0,62.5,43.3685,43.6531,-1.79342,-0.362026
0,62.5,11.0985,44.5546,-0.552695,0.34349
0,62.5,42.951,43.1923,-2.19099,-0.762518
0,62.5,11.1032,44.8305,-0.620357,0.362917
0,62.5,43.1455,43.3634,-0.598363,-1.58932
0,62.5,10.8877,44.9754,-0.581438,0.155235
0,62.5,42.6155,43.4578,-1.76434,-1.53819
0,62.5,10.9166,45.2399,-0.601471,0.149628
0,62.5,42.7351,44.0762,-1.97723,-0.913804
0,62.5,10.675,45.1407,-0.591062,0.019193
0,62.5,42.4718,43.9839,-2.15627,-1.61575
0,62.5,10.6953,45.4075,-0.615443,-0.0128299
0,62.5,42.5097,43.6287,-1.76285,-1.53782
0,62.5,10.7563,45.9283,-0.333319,0.0798163
0,62.5,42.1142,44.3145,-1.63919,-1.27572
0,62.5,10.9142,45.7417,-0.294616,0.104201
0,62.5,41.7947,44.2459,-2.23045,-1.73847
0,62.5,10.9049,46.3066,-0.232739,-0.00234357
0,62.5,41.7486,43.9456,-2.61442,-1.06149
0,62.5,10.952,46.7383,-0.435759,0.117702
0,62.5,42.0904,44.6624,-1.26532,-1.31274
0,62.5,11.1068,46.9619,-0.345514,0.0988682
0,62.5,41.988,44.8446,-1.16225,-2.4695
0,62.5,11.3086,47.0841,-0.550142,0.209099
0,62.5,41.4392,44.4777,-2.5922,0.498689
0,62.5,10.667,46.3478,-0.09919,0.00987439
0,62.5,42.3274,45.8386,-2.72587,-1.35603
0,62.5,10.7815,46.5777,-0.177258,-0.0939782
0,62.5,42.2565,46.4075,-0.300493,-2.94856
0,62.5,10.8262,46.9552,-0.346177,0.103792
0,62.5,42.5979,47.0513,-0.0222216,-2.63511
0,62.5,11.181,47.3265,-0.452436,0.157898
0,62.5,42.7575,47.5086,0.659794,-3.42211
0,62.5,10.692,47.1581,-0.220233,0.0428223
0,62.5,42.7532,46.8453,-0.327356,-1.5218
0,62.5,10.874,47.3782,-0.110904,0.0835765
0,62.5,43.172,46.7431,0.177478,-2.14782
0,62.5,10.3522,47.2482,0.0376473,-0.207102
0,62.5,42.6918,46.3009,-0.0604318,-1.23001
0,62.5,10.6147,47.3766,0.106453,0.0548975
0,62.5,43.2795,47.0043,0.00627185,-2.37335
0,62.5,10.5963,47.661,-0.302903,0.264386
0,62.5,43.5504,47.1679,1.23741,-2.01116
0,62.5,10.7539,47.8723,-0.0255353,0.0713525
0,62.5,43.8713,47.2207,0.838367,-1.17284
0,62.5,10.3987,48.1306,0.166254,0.165527
0,62.5,43.4408,46.8613,-0.157296,-1.37788
0,62.5,10.6047,48.3385,0.424249,0.0136953
0,62.5,44.8738,47.3355,0.549135,-0.930003
0,62.5,10.5654,48.5726,0.178562,-0.00942178
0,62.5,44.6036,47.2853,0.596394,-1.18448
0,62.5,10.6644,48.1031,0.253734,0.0795097
0,62.5,45.4833,47.7954,0.614048,-0.525158
0,62.5,10.7694,48.7701,-0.00768818,-0.0135743
0,62.5,45.4009,47.5115,0.256041,-0.396965
0,62.5,10.8318,48.5341,0.216964,0.0237224
0,62.5,45.7275,47.9169,0.816006,-0.518399
0,62.5,10.7009,49.022,0.0332478,0.0633369
0,62.5,46.4357,48.3249,0.700638,-0.242712
0,62.5,11.0335,48.7351,-0.0737244,-0.0220338
0,62.5,46.8748,48.8601,0.759947,-0.176998
0,62.5,10.4516,49.0905,0.093175,0.0122079
0,62.5,47.0988,49.2378,0.471767,-0.202968
0,62.5,10.9536,48.9746,-0.124408,-0.0163041
0,62.5,47.0957,48.9831,0.540747,-0.12066
0,62.5,10.2994,49.6051,-0.00569961,0.13933
0,62.5,47.519,49.0293,0.386061,-0.0941425
0,62.5,10.6274,49.2844,-0.0372698,0.113576
0,62.5,47.3143,48.8638,0.524212,-0.211134
0,62.5,10.546,49.541,-0.0579713,0.14176
0,62.5,47.707,49.5423,0.243186,0.148419
0,62.5,10.7185,49.7443,-0.0159275,0.0530763
0,62.5,48.1712,49.611,0.125867,-0.104672
0,62.5,9.9873,49.9288,-0.0282984,0.172494
0,62.5,49.1178,50.1017,-0.130369,0.181667
0,62.5,10.0555,49.6497,0.0784285,0.379686
0,62.5,50.3511,50.5289,0.0319817,0.197386
0,62.5,10.1417,50.1458,0.0747226,0.0959766
0,62.5,49.2958,49.9081,-0.192221,0.149764
0,62.5,9.50631,50.0317,0.0807909,0.176131
0,62.5,50.7235,50.1521,-0.0576222,0.195246
0,62.5,8.99758,50.77,0.64882,0.0853628
0,62.5,50.629,50.5762,0.181116,0.000251764
0,62.5,9.41734,50.2923,0.139363,0.258866
0,62.5,50.5361,50.3336,0.00102067,0.297849
0,62.5,9.60607,50.9987,0.294989,0.0776171
0,62.5,51.8901,50.5923,0.598845,-0.313873
0,62.5,9.37416,50.9996,0.347021,0.0895005
0,62.5,52.8126,51.0294,-0.0531293,0.00850003
0,62.5,6.47806,34.6918,-1.61756,-1.00942
0,62.5,75.0327,36.1026,-0.391044,0.741747
0,62.5,3.35316,30.0995,-3.88826,-1.77887
0,62.5,71.597,26.6169,-4.16921,-0.744466
0,62.5,3.68676,31.0278,-2.98222,-0.636576
0,62.5,73.1851,28.7685,2.73338,-2.2924
0,62.5,1.28029,34.3517,0.162106,3.43779
0,62.5,72.3983,22.2028,-3.73361,-5.76952
0,62.5,1.91039,33.1192,-0.200079,3.3021
0,62.5,70.4575,26.7496,-5.75552,-0.462469
0,62.5,6.09859,23.0968,5.36317,-6.45524
0,62.5,71.6474,28.7508,4.14439,-4.27306
0,62.5,30.1208,38.0888,4.78271,3.26635
0,62.5,70.0011,31.1672,4.8308,-1.58048
0,62.5,3.13138,30.0833,-3.85249,-1.43379
0,62.5,63.094,34.4998,0.577524,-0.125515
0,62.5,2.35753,29.6762,-2.64147,-2.71964
0,62.5,62.3393,34.6409,1.25503,0.620077
0,62.5,2.26931,29.928,-2.23505,-1.96154
0,62.5,60.9268,35.0551,2.23925,-1.24988
0,62.5,8.23777,33.6124,-1.59293,-0.159316
0,62.5,61.0641,33.8838,1.70352,-0.820872
0,62.5,8.84955,34.4034,-1.45787,-0.138018
0,62.5,60.5678,35.2128,1.70664,-0.0415289
0,62.5,9.08503,34.9299,-0.992454,-0.691247
0,62.5,60.7753,35.2189,1.75199,-0.0713665
0,62.5,9.62136,35.5853,-1.36221,-0.2102
0,62.5,58.8831,37.6752,1.75088,0.663704
0,62.5,9.20623,35.5475,-1.27904,-0.559157
0,62.5,60.1944,36.1294,2.24442,-0.270952
0,62.5,9.41391,35.6435,-1.04526,-0.261451
0,62.5,57.8492,38.3517,1.41933,0.88794
0,62.5,9.24059,35.8577,-0.991301,-0.37669
0,62.5,57.1883,38.4137,1.77885,1.30043
0,62.5,9.63829,36.258,-1.00256,-0.538082
0,62.5,58.245,37.9969,1.0244,0.277039
0,62.5,10.0159,37.013,-0.837117,-0.188211
0,62.5,56.9419,38.7473,1.12779,0.854225
0,62.5,10.3542,37.6961,-0.890137,0.273265
0,62.5,55.6353,39.4945,0.75616,1.47356
0,62.5,10.3066,38.0627,-0.898286,-0.0100631
0,62.5,56.0589,39.1521,0.989242,1.55536
0,62.5,10.3731,37.3754,-0.744766,0.0839227
0,62.5,55.1058,39.4736,-0.0078013,1.44653
0,62.5,10.5461,37.5766,-0.89713,0.0441142
0,62.5,54.6739,39.7044,0.390947,1.22763
0,62.5,10.5223,38.2564,-1.09686,0.13574
0,62.5,54.9926,39.7008,0.343792,1.1818
0,62.5,10.7359,39.0518,-0.706682,0.0337214
0,62.5,54.636,40.0183,0.375442,1.05302
0,62.5,10.8078,39.311,-0.629754,0.126919
0,62.5,54.1339,40.3069,0.484605,1.33682
0,62.5,10.715,38.7477,-0.578383,-0.0250286
0,62.5,54.4289,40.2504,0.336952,1.13093
0,62.5,11.0951,39.6618,-0.463762,0.458882
0,62.5,53.4693,40.5147,0.561627,1.34735
0,62.5,10.9747,39.0842,-0.620183,0.561117
0,62.5,53.1556,40.9385,0.848881,0.851345
0,62.5,11.0324,39.3795,-0.707082,0.549615
0,62.5,52.0772,41.5706,0.831406,1.48551
0,62.5,11.3285,39.7967,-0.569718,0.518101
0,62.5,52.4932,41.3473,0.604819,1.05484
0,62.5,11.3673,40.1005,-0.529524,0.376216
0,62.5,50.6991,41.9444,0.81574,0.789387
0,62.5,11.6438,40.5546,-0.531504,0.240296
0,62.5,50.927,41.7665,0.324701,0.661034
0,62.5,11.6591,40.8212,-0.550556,0.315299
0,62.5,50.4206,41.8752,0.26637,0.325173
0,62.5,11.8809,40.9428,-0.579686,0.416915
0,62.5,50.6516,41.7174,0.817003,0.901569
0,62.5,11.899,41.1943,-0.684146,0.392573
0,62.5,50.0191,41.93,-0.308587,0.557709
0,62.5,12.0732,41.4147,-0.694432,0.576093
0,62.5,49.7766,42.0672,0.135382,0.815931
0,62.5,12.0701,41.7143,-0.847669,0.552417
0,62.5,47.45,42.5114,-0.727134,0.526833
0,62.5,11.8438,41.8256,-0.870993,0.340189
0,62.5,46.695,42.2078,-0.552688,0.620895
0,62.5,11.5394,42.2015,-0.572038,0.395255
0,62.5,47.1266,42.2367,-0.362697,0.401245
0,62.5,11.5067,42.4811,-0.458187,0.451251
0,62.5,46.4521,42.0315,-0.349536,0.286218
0,62.5,11.308,42.2851,-0.412732,0.353344
0,62.5,45.9586,42.3081,-0.816066,-0.323996
0,62.5,11.9318,42.5804,-0.478774,0.427241
0,62.5,45.7337,42.4538,-0.600717,0.136351
0,62.5,11.7247,42.6818,-0.401192,0.684224
0,62.5,45.0413,42.5024,-1.28898,0.138472
0,62.5,11.9494,42.8726,-0.526987,0.422571
0,62.5,45.2419,42.6925,-1.13556,-0.0140337
0,62.5,11.5069,42.75,-0.384661,0.471687
0,62.5,44.9607,42.7007,-0.984117,-0.0435191
0,62.5,11.7447,42.9693,-0.372292,0.653787
0,62.5,44.7631,42.8056,-1.56468,-0.48583
0,62.5,11.903,43.1863,-0.328259,0.463805
0,62.5,44.2977,43.016,-2.10852,-0.208425
0,62.5,12.155,43.6403,-0.663397,0.349767
0,62.5,43.5971,42.9006,-1.44575,-0.717431
0,62.5,11.9611,43.7473,-0.678437,0.310726
0,62.5,44.025,42.747,-1.30028,-0.356662
0,62.5,11.775,43.876,-0.649741,0.318877
0,62.5,43.7699,43.1053,-1.66586,-0.669426
0,62.5,11.9888,44.0514,-0.537172,0.27823
0,62.5,43.4007,43.0137,-2.50481,-1.49328
0,62.5,11.5667,44.0027,-0.63193,0.443807
0,62.5,43.758,43.5008,-1.76297,-0.606225
0,62.5,11.7777,44.1657,-0.472287,0.395996
0,62.5,43.4537,44.1581,-1.8377,-0.902428
0,62.5,11.5372,44.5628,-0.505933,0.404284
0,62.5,43.6814,44.056,-1.75507,-0.813601
0,62.5,11.7601,44.4487,-0.50306,0.425284
0,62.5,43.3427,43.2572,-1.26158,-0.402258
0,62.5,11.3174,44.6902,-0.601062,0.457915
0,62.5,42.6759,43.838,-2.29419,-1.71619
0,62.5,11.326,44.9773,-0.597082,0.402516
0,62.5,42.8336,43.6852,-1.62125,-1.72118
0,62.5,11.1237,45.1089,-0.629341,0.307289
0,62.5,43.1293,43.5923,-0.905093,-1.5023
0,62.5,11.1675,45.3933,-0.513333,0.271558
0,62.5,41.9565,44.0946,-1.96829,-1.10358
0,62.5,10.9394,45.4929,-0.632909,0.0374986
0,62.5,42.3263,44.5938,-1.18924,-1.45561
0,62.5,11.5498,45.1482,-0.622833,0.296355
0,62.5,42.4004,44.8116,-0.853714,-1.36522
0,62.5,11.1686,45.6558,-0.52758,0.0826016
0,62.5,42.3937,44.4001,-2.23183,-1.88686
0,62.5,11.4027,45.5797,-0.500325,0.388497
0,62.5,42.1536,43.9351,-2.31458,-1.97506
0,62.5,10.956,46.0853,-0.390545,0.00717871
0,62.5,42.2124,44.9749,-1.80842,-0.758445
0,62.5,11.293,46.0776,-0.526612,0.393304
0,62.5,41.9467,44.4708,-2.20386,-2.0011
0,62.5,11.0603,46.5125,-0.484551,0.1692
0,62.5,42.3116,45.426,-1.90531,-1.19998
0,62.5,11.1685,46.2808,-0.435059,0.367039
0,62.5,42.6843,45.8139,-0.873892,-1.75616
0,62.5,11.2284,46.7442,-0.48555,0.0733372
0,62.5,42.5537,46.0254,-0.918279,-2.16984
0,62.5,11.321,46.5141,-0.448198,0.202547
0,62.5,42.9855,45.8953,-0.258814,-1.72494
0,62.5,10.9915,47.1751,-0.353142,-0.0505629
0,62.5,42.9275,46.2728,-0.183741,-1.77576
0,62.5,11.4395,46.8355,-0.572185,0.227394
0,62.5,42.386,46.142,-1.48868,-2.02174
0,62.5,11.4454,47.2934,-0.478236,0.26964
0,62.5,42.1275,46.1664,-1.85562,-3.28245
0,62.5,11.5654,47.0567,-0.4667,0.180961
0,62.5,42.4958,46.3805,-0.707704,-3.4364
0,62.5,11.0881,47.5617,-0.422388,0.196357
0,62.5,42.7539,46.6209,-0.264011,-2.07567
0,62.5,11.3448,47.5327,-0.370131,0.148102
0,62.5,43.1665,46.4938,0.587156,-2.42121
0,62.5,10.8341,47.6128,-0.398544,0.0925525
0,62.5,43.6849,46.7682,0.603826,-1.64896
0,62.5,11.0112,47.8183,-0.172141,-0.0456539
0,62.5,44.0917,47.2427,0.720608,-1.42756
0,62.5,10.9381,48.0677,0.116981,-0.0018188
0,62.5,44.4517,47.0275,0.731941,-0.824078
0,62.5,11.2585,47.7763,-0.137969,0.136099
0,62.5,45.5461,47.3432,0.537335,-0.3684
0,62.5,11.1968,48.0238,-0.0382605,-0.0236817
0,62.5,45.2742,47.2328,0.384387,-0.632189
0,62.5,11.5277,47.7348,-0.204936,0.181045
0,62.5,45.6564,47.6349,0.445126,-0.215585
0,62.5,10.8701,48.3004,0.327276,0.0579038
0,62.5,45.9064,47.7591,0.655022,-0.386221
0,62.5,11.457,47.9725,-0.08013,0.177823
0,62.5,46.4016,48.0412,0.814768,-0.27454
0,62.5,11.1393,48.2648,0.158611,-0.0185938
0,62.5,45.9698,48.0471,0.720268,-0.221133
0,62.5,11.3591,48.4604,0.104325,0.0970748
0,62.5,46.8798,48.588,0.821368,-0.318472
0,62.5,11.0954,48.4974,0.182,0.085954
0,62.5,46.6579,48.4592,0.598086,-0.239876
0,62.5,11.2966,48.7014,0.0244133,0.0653342
0,62.5,47.9609,49.0538,0.320505,-0.0242513
0,62.5,11.2181,48.9403,-0.0966638,-0.0371717
0,62.5,47.9537,49.5641,0.384936,-0.119118
0,62.5,11.3971,49.1452,-0.0484546,-0.0585052
0,62.5,48.2949,49.3901,0.337815,-0.0215436
0,62.5,10.876,49.2246,-0.157569,0.0885079
0,62.5,48.4214,49.6481,0.130262,-0.0910997
0,62.5,11.1333,49.1789,-0.119196,-0.069055
0,62.5,48.3877,50.0674,0.0856296,-0.0501195
0,62.5,10.7968,49.4857,-0.0921807,0.0645056
0,62.5,49.5752,50.2972,-0.248572,-0.0565991
0,62.5,10.4717,49.8018,-0.0496694,0.158822
0,62.5,50.2879,50.2732,-0.178583,0.345693
0,62.5,10.2172,49.8675,0.112271,0.288102
0,62.5,49.5761,50.0109,-0.363721,-0.20378
0,62.5,10.3938,50.0536,0.119016,0.257392
0,62.5,50.1044,50.4683,-0.110582,0.107778
0,62.5,9.90902,50.2045,0.0334249,0.084462
0,62.5,51.0001,50.5517,0.646305,-0.113219
0,62.5,9.66424,50.2449,0.160411,0.145745
0,62.5,52.6091,50.4369,0.207533,-0.174222
0,62.5,9.57476,50.5059,0.50849,0.0386858
0,62.5,51.4877,50.792,0.548945,-0.059176
0,62.5,9.83851,50.9886,0.279865,0.0240049
0,62.5,53.3839,51.0173,-0.0699314,0.257577
0,62.5,4.90493,31.783,-2.92103,-0.959388
0,62.5,75.8078,35.4687,0.00807374,2.16509
0,62.5,1.71801,35.0761,-0.0624576,4.35782
0,62.5,75.9974,36.4259,0.124164,1.60869
0,62.5,2.96437,37.2104,-1.40606,0.434205
0,62.5,66.4262,16.8774,-7.70309,-3.35399
0,62.5,2.14928,33.4782,-0.136071,2.82888
0,62.5,70.2498,29.873,3.63859,-2.53399
0,62.5,2.21706,32.4015,-0.343278,2.21941
0,62.5,70.2668,30.4522,4.14563,-2.21937
0,62.5,4.71467,31.0192,-4.01047,-1.18013
0,62.5,66.0516,34.3027,2.22677,0.991315
0,62.5,4.13892,30.7609,-4.34306,-1.10324
0,62.5,74.3021,27.9641,3.4304,-4.71366
0,62.5,5.52903,22.2654,5.39796,-8.31697
0,62.5,63.6963,34.8813,0.994839,0.876678
0,62.5,4.49284,30.9685,-4.04497,-1.60602
0,62.5,69.3756,32.0241,4.17207,-1.45909
0,62.5,7.57531,33.01,-1.82895,0.471314
0,62.5,61.9708,34.5963,1.16145,-1.19469
0,62.5,5.60671,31.3338,-3.94848,-1.06597
0,62.5,62.6897,34.5932,1.074,-0.209095
0,62.5,9.10892,34.3283,-1.36076,0.0522368
0,62.5,60.7838,35.5054,1.46296,-1.23059
0,62.5,9.06061,34.5996,-1.07531,-0.302502
0,62.5,61.0746,34.8447,1.64749,-0.31054
0,62.5,9.26867,35.066,-0.609999,-0.536381
0,62.5,60.3231,35.9703,2.27336,-0.592712
0,62.5,9.81234,36.1282,-0.812078,-0.357968
0,62.5,59.9763,36.3977,1.65399,-0.0796283
0,62.5,9.90259,36.4008,-1.0001,-0.266998
0,62.5,58.5922,37.98,1.60288,0.925364
0,62.5,9.50703,35.8944,-1.35938,-0.751798
0,62.5,58.1289,38.2668,1.62972,0.699224
0,62.5,10.0475,36.7243,-0.889239,-0.607871
0,62.5,56.6692,38.9035,0.628533,1.23884
0,62.5,10.1692,37.4782,-0.774072,0.268024
0,62.5,57.2127,38.6215,1.84806,1.35653
0,62.5,10.1936,37.1656,-0.920422,0.283318
0,62.5,56.6947,39.1312,1.44633,1.32095
0,62.5,10.4055,37.0681,-0.705319,-0.169047
0,62.5,56.3859,39.1032,1.40336,1.14941
0,62.5,10.7734,37.5772,-0.786074,0.172116
0,62.5,55.3311,39.5881,0.476687,1.34073
0,62.5,10.587,37.2738,-0.810402,0.305194
0,62.5,55.9921,39.3749,1.07791,1.1187
0,62.5,10.7077,38.1269,-1.02742,0.184739
0,62.5,54.8412,39.8924,0.166594,1.19684
0,62.5,10.6888,37.8386,-1.01713,0.0542162
0,62.5,54.7137,40.2233,0.089518,1.10018
0,62.5,10.725,38.4348,-0.763125,-0.0084705
0,62.5,53.8359,40.7774,0.939708,0.495471
0,62.5,10.9377,38.5233,-0.836324,0.399874
0,62.5,54.2709,40.4895,0.364197,0.861089
0,62.5,10.9224,38.8082,-0.662676,0.390435
0,62.5,52.3467,41.5674,0.358795,0.554499
0,62.5,11.2062,39.2105,-0.532398,0.705102
0,62.5,53.9873,40.5492,0.711102,0.78204
0,62.5,11.2758,39.4985,-0.681048,0.404166
0,62.5,53.722,40.5534,1.09834,0.921657
0,62.5,11.622,39.1987,-0.729818,0.530737
0,62.5,52.7091,41.1241,0.469218,0.89114
0,62.5,11.6138,40.2728,-0.644561,0.324248
0,62.5,51.5547,41.7346,0.728829,1.09866
0,62.5,11.4525,39.3574,-0.456805,0.416609
0,62.5,49.4934,42.25,-0.0808445,1.62895
0,62.5,11.5507,39.9793,-0.577714,0.463944
0,62.5,50.4185,42.1088,0.119394,0.708538
0,62.5,11.8916,40.6787,-0.600065,0.354619
0,62.5,49.1649,42.1953,-0.0769554,0.831081
0,62.5,12.1286,41.1354,-0.742869,0.452877
0,62.5,50.1618,42.0849,0.366692,0.96193
0,62.5,12.1073,40.8463,-0.721901,0.438226
0,62.5,47.87,42.5916,0.0469847,0.813199
0,62.5,12.2822,41.6043,-0.896719,0.534114
0,62.5,48.9194,42.3146,0.306701,0.752065
0,62.5,12.0076,42.0134,-0.800787,0.303029
0,62.5,46.8908,42.3551,-0.577711,0.276586
0,62.5,11.769,42.1056,-0.773713,0.428196
0,62.5,47.1825,42.4737,-0.641538,0.325927
0,62.5,11.9522,42.2922,-0.578781,0.559647
0,62.5,46.4287,42.2757,-0.342872,0.159901
0,62.5,11.7286,42.3947,-0.452264,0.549647
0,62.5,46.1905,42.4039,-1.14555,0.27942
0,62.5,12.1491,42.4747,-0.49065,0.405573
0,62.5,45.9672,42.5757,-0.39409,0.359917
0,62.5,12.3655,42.6572,-0.619487,0.423475
0,62.5,45.4715,42.575,-0.80251,0.532398
0,62.5,12.1511,42.7587,-0.550216,0.432097
0,62.5,45.2073,42.9139,-1.09187,0.163817
0,62.5,12.1185,43.081,-0.555013,0.364534
0,62.5,44.9788,42.9843,-1.38537,-0.328953
0,62.5,12.3431,43.2446,-0.691613,0.444837
0,62.5,44.7015,43.0291,-1.05932,-0.5716
0,62.5,12.1378,43.3618,-0.556511,0.317069
0,62.5,44.1484,43.3411,-1.27292,-0.797667
0,62.5,12.3655,43.5346,-0.66448,0.332921
0,62.5,44.3136,43.7522,-1.0732,-0.701584
0,62.5,12.3806,43.819,-0.704691,0.333868
0,62.5,44.0978,43.0973,-1.75534,-0.823215
0,62.5,12.1832,43.9345,-0.70854,0.310554
0,62.5,43.8917,43.3179,-1.30697,-0.0912323
0,62.5,12.3982,44.1154,-0.731415,0.193194
0,62.5,44.066,43.5572,-1.29076,-0.430573
0,62.5,12.1961,44.2346,-0.547352,0.253057
0,62.5,43.7096,43.7092,-1.20483,-0.437358
0,62.5,12.4001,44.4102,-0.543147,0.185731
0,62.5,43.5912,43.2495,-1.04834,0.00674943
0,62.5,11.9827,44.3434,-0.49103,0.359934
0,62.5,43.4902,43.4825,-1.23197,-0.702072
0,62.5,12.1819,44.5236,-0.460495,0.230721
0,62.5,43.5236,43.8552,-1.48925,-0.380951
0,62.5,11.9594,44.629,-0.529591,0.323087
0,62.5,42.989,44.0244,-1.28353,-1.57327
0,62.5,12.166,44.8052,-0.576974,0.161536
0,62.5,42.9166,44.2679,-2.02675,-1.09844
0,62.5,11.5282,44.852,-0.623737,0.44851
0,62.5,42.6991,44.4486,-1.70486,-2.36605
0,62.5,11.7394,44.7339,-0.510668,0.350505
0,62.5,42.5668,44.2265,-1.20539,-1.90209
0,62.5,11.3517,45.2671,-0.61825,0.322758
0,62.5,42.2709,44.1611,-1.81791,-1.95282
0,62.5,11.7411,45.0259,-0.63275,0.33033
0,62.5,42.6173,44.6466,-1.59628,-1.92729
0,62.5,11.769,45.3302,-0.637435,0.310243
0,62.5,42.8656,45.0907,-0.822684,-1.17891
0,62.5,11.9561,45.2047,-0.654126,0.230042
0,62.5,42.6823,45.2316,-2.32258,-0.946117
0,62.5,11.1108,45.9101,-0.386505,0.164129
0,62.5,42.5426,45.0151,-0.780831,-1.28046
0,62.5,11.5695,45.446,-0.676571,0.146879
0,62.5,42.3421,45.1564,-1.66431,-0.999778
0,62.5,11.4489,46.2952,-0.312763,0.326102
0,62.5,42.6856,45.6056,-2.36712,-1.30459
0,62.5,11.7659,45.6354,-0.663666,0.13157
0,62.5,42.9617,45.6808,-1.26982,-1.51043
0,62.5,11.3817,45.8313,-0.685118,0.37399
0,62.5,43.1347,46.1551,-0.890181,-1.79391
0,62.5,11.628,45.7974,-0.657792,0.196937
0,62.5,42.8067,46.0516,-0.959033,-1.38015
0,62.5,11.5498,46.5813,-0.551817,0.321173
0,62.5,43.3133,46.322,-0.106203,-2.29477
0,62.5,11.6774,46.3221,-0.405109,0.264795
0,62.5,43.4206,46.6223,-0.299944,-2.2355
0,62.5,11.6898,46.8109,-0.467382,0.338089
0,62.5,43.5703,46.47,0.0855943,-1.80342
0,62.5,11.7917,46.5745,-0.52607,0.287917
0,62.5,42.934,46.5228,-0.527576,-2.15929
0,62.5,11.8271,47.0446,-0.344009,0.257985
0,62.5,43.6955,47.0191,1.29292,-2.67179
0,62.5,11.9563,46.828,-0.423452,0.225996
0,62.5,43.9373,46.9504,0.349902,-1.61196
0,62.5,11.6167,47.501,-0.367819,0.231649
0,62.5,45.4409,47.08,0.519454,-0.240277
0,62.5,11.9526,47.3106,-0.41196,0.533815
0,62.5,44.187,47.0051,0.882915,-1.03699
0,62.5,11.7225,47.279,-0.493647,0.204275
0,62.5,45.0015,47.1473,0.163915,-0.880331
0,62.5,12.0795,47.0666,-0.334165,0.318151
0,62.5,44.7209,47.0801,0.30427,-0.820804
0,62.5,11.7297,47.8536,-0.18685,0.435726
0,62.5,45.8085,47.4712,0.821923,-0.493657
0,62.5,11.8296,47.587,-0.280191,0.324514
0,62.5,46.1535,47.8994,0.529959,-0.130595
0,62.5,11.6568,48.1269,0.0315529,0.35709
0,62.5,46.8338,48.0448,1.08375,-0.120998
0,62.5,11.8475,48.3312,0.151847,0.377143
0,62.5,46.6395,48.1838,0.510419,-0.17292
0,62.5,11.403,48.2179,0.0149958,0.115304
0,62.5,47.1024,48.7104,0.56253,-0.261001
0,62.5,11.6127,48.3918,0.092545,0.2487
0,62.5,47.5403,48.746,0.137719,0.104473
0,62.5,11.5553,48.6516,0.131431,0.143437
0,62.5,48.1414,49.2446,0.278717,0.0949363
0,62.5,11.6557,49.1139,0.158898,0.0133788
0,62.5,48.7113,49.5697,0.0436895,0.120971
0,62.5,11.482,48.9026,0.0394594,0.0931897
0,62.5,48.5427,49.4133,0.262202,-0.0165893
0,62.5,11.5693,49.3571,0.0776533,-0.0880893
0,62.5,48.5583,49.8349,-0.114033,0.190138
0,62.5,11.3066,49.3863,-0.101326,-0.0810374
0,62.5,48.8793,50.0739,-0.179663,0.330675
0,62.5,11.22,49.6325,0.0176138,-0.00420577
0,62.5,50.4758,50.0764,-0.0976165,0.296324
0,62.5,11.0489,49.4256,-0.0327725,0.026579
0,62.5,50.0326,50.2106,-0.373135,0.324026
0,62.5,10.6449,50.0094,0.0858178,0.0326342
0,62.5,50.6369,49.6481,-0.137667,0.112183
0,62.5,10.5795,50.2668,0.169285,-0.0246698
0,62.5,50.917,49.9668,0.0893335,0.263556
0,62.5,10.3297,50.3033,0.140775,0.125042
0,62.5,50.8019,50.4166,0.260985,0.237302
0,62.5,10.051,50.4215,0.435236,-0.0602963
0,62.5,51.7175,50.3649,0.574095,-0.27913
0,62.5,9.95197,50.6964,0.41641,-0.124542
0,62.5,52.202,51.0338,0.0819534,0.0102156
0,62.5,9.81812,50.4722,0.450149,0.120002
0,62.5,52.0527,50.8189,0.489846,-0.20789
0,62.5,9.72745,50.7447,0.433705,0.0484528
0,62.5,53.6471,51.017,-0.0274767,-0.0112859
0,62.5,2.53562,30.9546,-2.09814,0.124622
0,62.5,73.1372,22.8656,-2.99688,-7.15608
0,62.5,1.5536,34.8746,0.0623501,4.2157
0,62.5,75.9956,30.6342,0.886447,-0.242637
0,62.5,1.75212,37.7634,3.16841,0.411335
0,62.5,75.2757,25.9807,-0.21001,-7.01732
0,62.5,1.58585,30.311,-1.35809,-0.193324
0,62.5,76.1192,22.0258,0.00901308,-1.78773
0,62.5,1.73738,33.2811,-0.0253441,3.74388
0,62.5,75.071,27.3537,1.96085,-6.26101
0,62.5,7.80625,32.8984,-1.62505,0.836693
0,62.5,72.2998,28.2804,2.57067,-3.93884
0,62.5,1.50111,35.2035,0.244571,4.40961
0,62.5,68.3089,33.0189,4.06491,-0.364602
0,62.5,1.56875,30.5956,-0.569167,0.159746
0,62.5,62.5617,34.7687,0.765679,-0.316224
0,62.5,3.90188,30.4476,-3.99036,-1.41869
0,62.5,63.3761,34.7183,1.81228,-0.190359
0,62.5,4.94243,31.0942,-4.13061,-1.27198
0,62.5,63.4854,34.975,1.40037,0.355815
0,62.5,8.8171,34.128,-1.4057,-0.135418
0,62.5,61.4988,34.3734,1.55286,-0.385894
0,62.5,9.2634,34.7536,-1.01659,-0.605671
0,62.5,61.1126,35.2307,1.66726,-1.38843
0,62.5,9.54773,35.2883,-1.03676,-0.765178
0,62.5,60.9029,35.7234,1.48378,-0.226641
0,62.5,9.73306,35.8844,-0.811317,-0.414754
0,62.5,60.0542,36.5964,2.10694,-0.626085
0,62.5,9.86027,35.6812,-1.19676,-0.429091
0,62.5,60.5492,35.9499,2.03678,-1.0145
0,62.5,10.2415,36.8445,-1.01556,-0.0456778
0,62.5,60.2627,36.3686,2.02968,0.0507177
0,62.5,10.4825,36.8244,-0.818287,-0.130042
0,62.5,59.4031,37.2767,1.80531,0.113316
0,62.5,10.1416,36.5018,-1.19722,-0.433753
0,62.5,59.647,36.8553,2.14065,-0.642392
0,62.5,10.6767,37.0474,-1.13982,-0.057904
0,62.5,57.4989,38.6394,1.36301,1.00328
0,62.5,10.8203,37.3435,-0.950229,0.0559815
0,62.5,57.2214,38.8393,0.788151,1.13504
0,62.5,11.2174,37.8127,-1.11041,0.35023
0,62.5,56.2924,39.3014,0.573978,1.2922
0,62.5,10.9793,37.7056,-1.01212,0.143537
0,62.5,55.3743,39.9866,0.40024,1.27757
0,62.5,10.908,37.9517,-1.04487,0.261813
0,62.5,55.2286,39.8,0.715523,1.46745
0,62.5,11.1258,38.0516,-0.895739,0.346107
0,62.5,54.8377,40.4476,0.379458,0.988832
0,62.5,10.9314,38.2426,-0.813226,0.343353
0,62.5,54.9642,40.2006,0.234838,0.873334
0,62.5,11.1428,38.6456,-1.07936,0.33789
0,62.5,55.0681,40.005,0.199459,0.988847
0,62.5,11.1607,38.9191,-0.741547,0.342659
0,62.5,54.5496,40.4516,0.375518,0.905253
0,62.5,11.3726,38.776,-0.859467,0.386763
0,62.5,52.9864,41.1351,0.638202,1.31831
0,62.5,11.3918,39.0606,-0.800555,0.57885
0,62.5,52.1001,41.8052,0.408475,0.498767
0,62.5,11.8563,39.3883,-0.664625,0.428867
0,62.5,51.2704,42.2132,0.567258,0.947837
0,62.5,11.8929,39.7012,-0.549477,0.371011
0,62.5,53.5643,40.7703,0.729005,0.689142
0,62.5,11.6743,39.5161,-0.586875,0.368491
0,62.5,51.7765,41.8894,0.641276,1.3542
0,62.5,11.5103,39.6683,-0.579698,0.465116
0,62.5,51.2066,41.7953,0.324129,0.560145
0,62.5,11.7993,40.137,-0.600067,0.477319
0,62.5,50.9851,41.9882,0.504825,0.372116
0,62.5,11.854,40.421,-0.611432,0.43974
0,62.5,48.6917,42.4642,-0.0177576,0.806652
0,62.5,12.3398,40.7325,-0.698069,0.46024
0,62.5,48.0754,42.4236,0.212291,0.481621
0,62.5,12.3058,41.3314,-0.741772,0.497306
0,62.5,48.1894,42.6266,0.264425,0.510699
0,62.5,12.4191,42.0961,-0.74092,0.3909
0,62.5,47.6147,42.6734,-0.318899,0.261494
0,62.5,12.2379,41.9093,-0.889577,0.372011
0,62.5,47.2297,42.6911,-0.29951,0.46591
0,62.5,12.4596,41.808,-0.711706,0.468945
0,62.5,46.9111,42.57,-0.563082,0.580377
0,62.5,12.1896,42.2002,-0.696639,0.427376
0,62.5,46.9713,42.7948,-0.418501,0.728739
0,62.5,12.3806,42.3821,-0.617841,0.361633
0,62.5,46.649,42.6624,0.0928172,0.60592
0,62.5,12.6092,42.274,-0.721214,0.413431
0,62.5,46.6022,42.4549,-0.593173,0.488802
0,62.5,12.592,42.5541,-0.850614,0.472019
0,62.5,46.3364,42.574,-0.169886,-0.125949
0,62.5,12.3227,42.9605,-0.613082,0.419031
0,62.5,46.1137,42.7457,0.0880412,0.239448
0,62.5,12.5429,42.8463,-0.774178,0.387474
0,62.5,45.7096,42.7083,-1.0617,0.46012
0,62.5,12.5498,43.1192,-0.836435,0.432111
0,62.5,44.9232,43.2098,-1.31926,-0.466736
0,62.5,12.7684,43.2857,-0.879513,0.334838
0,62.5,44.546,43.175,-1.17463,-0.431577
0,62.5,12.5871,43.7044,-0.778596,0.330428
0,62.5,44.392,43.3163,-1.20162,-0.849269
0,62.5,12.5646,43.411,-0.826765,0.328755
0,62.5,44.6358,43.5274,-1.37628,-0.657242
0,62.5,12.5975,43.9944,-0.794189,0.186269
0,62.5,44.5019,43.9689,-0.781911,-0.652305
0,62.5,12.8167,44.1553,-0.734195,0.247034
0,62.5,44.3917,44.1654,-0.668633,-0.985545
0,62.5,12.6103,44.2854,-0.666989,0.199829
0,62.5,44.3735,43.5526,-1.13395,-0.693982
0,62.5,12.803,43.8702,-0.835001,0.242938
0,62.5,43.9875,43.7459,-1.57253,-0.674796
0,62.5,12.8321,44.4359,-0.693984,0.162997
0,62.5,44.0812,44.1338,-1.59136,-0.485663
0,62.5,13.0586,44.5719,-0.695557,0.311224
0,62.5,43.8877,43.9492,-1.26111,-0.82236
0,62.5,12.3897,44.6908,-0.521702,0.07333
0,62.5,43.0643,43.8255,-1.56624,-0.899916
0,62.5,12.6143,44.567,-0.581643,0.0603169
0,62.5,43.2091,44.1692,-2.18475,-1.47307
0,62.5,12.3825,44.9647,-0.596244,0.137227
0,62.5,43.1944,44.3916,-1.45901,-1.38563
0,62.5,12.6085,44.8373,-0.616808,0.21596
0,62.5,42.9309,44.4946,-1.95152,-0.617056
0,62.5,11.9478,44.9122,-0.604659,0.211159
0,62.5,43.0792,44.6668,-0.980321,-1.73368
0,62.5,12.6058,45.1061,-0.631076,0.0742033
0,62.5,42.7219,44.8423,-1.3841,-1.05415
0,62.5,12.1612,45.084,-0.694477,0.145899
0,62.5,42.9491,44.8511,-1.72383,-1.57824
0,62.5,12.3759,45.2375,-0.708291,0.0773524
0,62.5,43.0473,45.3114,-1.23985,-1.60063
0,62.5,12.1671,45.3759,-0.663485,0.0629169
0,62.5,42.8681,45.4415,-1.10403,-1.50583
0,62.5,12.3117,45.5517,-0.569824,0.0802162
0,62.5,42.5494,45.3938,-1.22933,-1.27513
0,62.5,11.9705,45.5133,-0.629333,0.153855
0,62.5,43.5054,45.9645,-0.424452,-2.08226
0,62.5,12.0869,45.7271,-0.51866,0.107304
0,62.5,43.4995,46.1916,0.579364,-2.22987
0,62.5,11.9134,45.8741,-0.643701,0.0917503
0,62.5,43.8158,46.6005,0.603847,-1.44655
0,62.5,12.0432,46.1336,-0.571592,0.0814329
0,62.5,43.7471,46.3059,1.01013,-1.37007
0,62.5,11.7872,46.0681,-0.547004,0.209027
0,62.5,44.3011,46.7843,0.700823,-1.27268
0,62.5,11.9146,46.339,-0.383266,0.129595
0,62.5,43.239,45.9685,-0.462033,-1.77703
0,62.5,11.5543,46.0459,-0.58007,0.282941
0,62.5,44.0321,46.7573,0.178401,-1.39553
0,62.5,12.1732,46.3916,-0.368509,0.149096
0,62.5,44.5759,46.8229,0.595477,-0.897427
0,62.5,12.0457,46.6012,-0.446813,0.250413
0,62.5,44.8497,46.8915,0.559538,-0.723807
0,62.5,12.3186,46.6039,-0.419716,0.334732
0,62.5,45.143,46.9696,0.813395,-0.480698
0,62.5,12.218,46.8299,-0.401914,0.370284
0,62.5,45.0321,46.7357,0.859175,-0.795818
0,62.5,12.4743,46.8761,-0.241995,0.284941
0,62.5,45.9913,47.341,0.503552,-0.210518
0,62.5,12.3326,47.0746,-0.188993,0.286618
0,62.5,45.7178,47.1933,0.951839,-0.156374
0,62.5,12.6019,47.1411,-0.273807,0.385441
0,62.5,46.0736,47.6127,0.559951,-0.421396
0,62.5,12.4615,47.3262,-0.256332,0.393843
0,62.5,46.3282,47.7552,0.965318,-0.265661
0,62.5,12.2034,47.3041,-0.322798,0.285098
0,62.5,46.5839,47.903,0.654309,-0.179909
0,62.5,11.9743,47.8009,-0.279831,0.281572
0,62.5,47.0847,48.1741,0.766024,-0.0997499
0,62.5,11.8897,48.0608,0.0779773,0.435081
0,62.5,46.8758,48.3169,0.900661,-0.0982491
0,62.5,11.7977,48.601,0.227841,0.295873
0,62.5,48.2074,48.9708,0.401116,-0.0184704
0,62.5,11.9779,48.821,0.312268,0.128055
0,62.5,47.7465,48.9067,0.485938,0.172626
0,62.5,11.7339,48.862,0.219463,0.165808
0,62.5,48.6223,49.1923,0.203675,0.245631
0,62.5,11.9048,49.0819,0.308858,0.113063
0,62.5,48.9574,49.5719,0.0337619,0.0209525
0,62.5,11.8265,49.3365,0.208212,0.0180891
0,62.5,48.8577,49.3401,0.132603,0.193591
0,62.5,12.0735,49.3104,0.342307,0.0597475
0,62.5,49.0379,49.8427,-0.210078,0.201076
0,62.5,11.4799,49.5949,-0.0400514,-0.0398359
0,62.5,48.7994,49.8138,-0.0448977,0.252945
0,62.5,11.392,49.8384,0.127547,0.0876709
0,62.5,49.9747,49.953,-0.257693,0.160527
0,62.5,10.8891,49.9427,0.0778763,0.00910965
0,62.5,50.669,49.8922,-0.00835713,0.269139
0,62.5,11.0673,50.1442,0.164498,-0.0490198
0,62.5,50.9003,49.7232,-0.162299,0.214753
0,62.5,10.8238,50.2065,0.16677,-0.196047
0,62.5,51.1614,50.0599,0.14965,0.262925
0,62.5,10.7648,50.4743,0.467626,-0.176063
0,62.5,52.1577,50.2081,0.681139,-0.284772
0,62.5,10.2521,50.5405,0.275951,0.236176
0,62.5,51.7731,50.8112,0.639063,-0.103212
0,62.5,10.4297,50.7521,0.173858,-0.210261
0,62.5,52.7891,50.6217,-0.00674445,0.00446873
0,62.5,10.1679,50.7726,0.222959,0.262502
0,62.5,52.4749,50.6317,0.420091,0.0305301
0,62.5,10.0588,50.999,0.159911,0.217381
0,62.5,54.0303,50.7667,-0.0818077,0.00699844
0,62.5,2.68416,31.2093,-2.15653,0.0356327
0,62.5,76.017,31.2151,0.16506,0.835714
0,62.5,1.43739,28.5762,-0.607012,-3.83653
0,62.5,71.3621,26.3774,-4.26246,-0.433002
0,62.5,1.23269,33.4788,0.278905,2.46462
0,62.5,73.5733,28.9231,3.67527,-2.82429
0,62.5,1.45652,25.2233,-0.184631,-5.34597
0,62.5,70.1838,30.7109,4.46016,-1.92592
0,62.5,2.00385,32.0292,-0.642971,1.76219
0,62.5,75.0178,26.2487,-0.183702,-7.0718
0,62.5,1.56257,34.4606,-0.0784172,4.14959
0,62.5,63.9128,35.0361,1.21076,0.993362
0,62.5,1.48183,32.4955,-0.510416,3.52939
0,62.5,69.7837,31.4858,4.87361,-1.76209
0,62.5,1.55195,34.1185,0.14248,4.1243
0,62.5,64.553,34.8987,1.06185,0.765646
0,62.5,3.1677,29.8385,-3.94115,-2.31581
0,62.5,62.4321,34.9861,-0.172639,-0.639204
0,62.5,6.66315,32.1568,-4.15997,-0.1784
0,62.5,61.3643,34.2265,1.25755,-0.898365
0,62.5,5.33394,31.0145,-4.28908,-1.3087
0,62.5,61.2562,35.0196,1.86139,-0.581243
0,62.5,8.58379,33.7478,-1.49744,-0.0666705
0,62.5,60.6328,35.6907,2.20203,-0.146868
0,62.5,9.31794,34.5043,-1.3704,0.146036
0,62.5,59.8731,36.7687,2.10559,-0.529537
0,62.5,9.48208,34.9612,-1.23547,-0.512835
0,62.5,59.6043,37.1111,2.022,0.193605
0,62.5,9.67149,35.0548,-1.62637,-0.555129
0,62.5,59.2824,37.6006,1.87953,0.460272
0,62.5,10.0631,36.2129,-1.09611,-0.256131
0,62.5,59.0646,37.7714,1.93534,0.575086
0,62.5,10.3808,36.5836,-1.07834,-0.134043
0,62.5,57.7776,38.5764,0.653611,0.823724
0,62.5,10.318,36.3271,-1.09128,-0.275603
0,62.5,57.2785,39.048,1.16091,1.2453
0,62.5,10.8858,36.9795,-1.12747,0.134514
0,62.5,58.4258,38.1569,1.36262,0.500649
0,62.5,10.71,36.7588,-1.26551,-0.0563384
0,62.5,56.9394,38.9715,1.12842,1.1347
0,62.5,10.9949,37.2319,-1.10232,0.211226
0,62.5,57.508,38.862,0.80728,1.49256
0,62.5,11.1041,37.5201,-1.06322,0.0295358
0,62.5,55.8303,39.6251,1.04611,1.34235
0,62.5,11.3464,38.1559,-1.104,0.40473
0,62.5,55.6353,39.9206,0.989655,1.2314
0,62.5,11.5233,38.3124,-0.885973,0.464991
0,62.5,54.4165,40.6888,0.475085,0.659734
0,62.5,11.1492,38.3417,-0.95782,0.247935
0,62.5,53.7022,40.9947,0.726728,0.901171
0,62.5,11.5667,38.6159,-0.912597,0.299731
0,62.5,54.1369,40.7337,0.520484,0.768545
0,62.5,11.3458,38.4871,-1.0346,0.274888
0,62.5,53.4108,40.9788,0.950576,0.661233
0,62.5,11.5951,38.9122,-0.817557,0.446076
0,62.5,52.6146,41.5573,0.706385,0.853866
0,62.5,11.8399,39.1251,-0.89274,0.3226
0,62.5,52.7743,41.3438,0.589923,1.30574
0,62.5,12.0535,38.9962,-0.828596,0.24339
0,62.5,51.5784,42.2021,0.858111,0.735245
0,62.5,12.0739,39.5392,-0.495269,0.389959
0,62.5,51.0109,42.1936,0.233115,0.764263
0,62.5,11.9794,40.0102,-0.639784,0.401011
0,62.5,51.5436,41.9849,0.943426,0.982623
0,62.5,11.7347,39.8463,-0.654768,0.380217
0,62.5,51.2959,41.9834,0.881346,0.955904
0,62.5,12.0515,40.309,-0.677266,0.560645
0,62.5,49.6064,42.4217,0.510986,0.81535
0,62.5,12.1262,40.577,-0.719276,0.525939
0,62.5,49.8467,42.2499,0.248297,1.16871
0,62.5,12.5495,40.9756,-0.800966,0.664122
0,62.5,49.2373,42.4028,-0.192756,0.905298
0,62.5,12.3247,41.0074,-0.794563,0.421406
0,62.5,48.3926,42.4472,-0.0157997,0.448726
0,62.5,12.5152,41.2439,-0.806134,0.570118
0,62.5,47.9635,42.7985,0.150937,0.579611
0,62.5,12.5142,41.5322,-0.820204,0.469165
0,62.5,47.4269,42.8441,-0.0992814,0.5943
0,62.5,12.7036,41.7275,-0.680512,0.477487
0,62.5,47.4413,43.0781,-0.338919,0.994469
0,62.5,12.6523,41.9928,-0.79895,0.466269
0,62.5,47.1682,42.9551,-0.434618,0.529446
0,62.5,12.8416,42.166,-0.855889,0.580589
0,62.5,46.531,43.0212,-0.523225,0.188443
0,62.5,12.8173,42.4418,-0.937061,0.557747
0,62.5,45.8834,42.8701,-0.546489,-0.0528696
0,62.5,12.7734,42.7331,-0.867473,0.477878
0,62.5,46.735,42.8847,-0.304657,0.564633
0,62.5,12.9838,43.17,-0.950034,0.268805
0,62.5,46.4052,42.7888,-0.173781,0.0322956
0,62.5,13.2089,43.3303,-0.833889,0.39854
0,62.5,46.2399,42.9677,-0.0121813,0.2369
0,62.5,12.7673,43.0035,-0.86608,0.378743
0,62.5,45.4991,42.8315,-1.30114,0.092793
0,62.5,12.9902,43.447,-0.921736,0.385551
0,62.5,45.2557,43.1536,-1.57709,-0.419807
0,62.5,13.0009,43.7332,-0.822858,0.283777
0,62.5,44.7584,43.3602,-1.23778,-0.783538
0,62.5,13.2276,43.8817,-0.850831,0.355249
0,62.5,44.9846,43.5443,-0.998739,-0.616611
0,62.5,12.7841,43.5738,-0.813185,0.312967
0,62.5,44.622,43.7563,-0.756886,-0.591837
0,62.5,13.4605,44.0272,-0.800192,0.318613
0,62.5,44.5511,44.3969,-0.874371,-0.656566
0,62.5,13.0249,44.0209,-0.791313,0.28884
0,62.5,44.6727,44.2133,-0.693091,-0.9299
0,62.5,13.2555,44.1614,-0.768451,0.261253
0,62.5,43.6497,44.3405,-1.17369,-1.21143
0,62.5,13.0436,44.297,-0.789509,0.247097
0,62.5,44.2005,43.9428,-1.16174,-0.791023
0,62.5,13.2727,44.4368,-0.645902,0.304363
0,62.5,44.2434,44.352,-0.370566,-0.847185
0,62.5,13.2875,44.7129,-0.76438,0.287342
0,62.5,44.033,44.4602,-0.715685,-1.01513
0,62.5,13.5085,44.8674,-0.6204,0.346494
0,62.5,43.8754,44.2536,-1.10994,-0.775797
0,62.5,12.8362,44.708,-0.587691,0.231944
0,62.5,43.4559,44.4444,-1.59568,-1.91989
0,62.5,13.0631,44.8413,-0.662881,0.321851
0,62.5,43.3267,44.6329,-0.703875,-1.24811
0,62.5,12.8341,44.9768,-0.636402,0.26183
0,62.5,43.4923,44.8463,-0.00608064,-1.24251
0,62.5,13.0483,45.1109,-0.491212,0.306056
0,62.5,43.6453,44.682,-0.955876,-1.45962
0,62.5,12.8099,45.2506,-0.45913,0.175639
0,62.5,43.251,44.8928,-1.57736,-2.71112
0,62.5,13.0406,45.3704,-0.438645,0.296262
0,62.5,43.1252,45.0855,-1.3779,-0.998077
0,62.5,12.5625,45.3821,-0.482778,0.0626272
0,62.5,43.3551,45.3639,-0.725841,-1.29646
0,62.5,12.8031,45.5028,-0.495025,0.248935
0,62.5,43.7598,45.8272,-0.516742,-1.86398
0,62.5,12.5586,45.6212,-0.572972,-0.01601
0,62.5,43.2624,45.7263,-1.12778,-1.4387
0,62.5,13.0505,45.6293,-0.530599,0.349771
0,62.5,43.7637,46.0592,0.166573,-0.861131
0,62.5,12.2058,45.9835,-0.666626,-0.0773779
0,62.5,44.041,45.9496,-0.457911,-1.4588
0,62.5,12.8269,45.7528,-0.558456,0.187893
0,62.5,43.9831,46.4249,0.618822,-1.19687
0,62.5,12.3425,45.7969,-0.472562,0.0240009
0,62.5,44.0004,46.1776,0.273197,-1.39362
0,62.5,12.609,45.8683,-0.622253,-0.0426094
0,62.5,44.1914,46.5511,1.03433,-0.527592
0,62.5,12.339,46.2316,-0.589468,-0.146735
0,62.5,44.2354,46.2997,0.419322,-1.22309
0,62.5,12.4907,46.0613,-0.471264,0.101894
0,62.5,44.7407,46.6481,0.838366,-0.586069
0,62.5,12.8253,46.0338,-0.729,0.253586
0,62.5,45.9066,47.071,0.72134,-0.227114
0,62.5,12.5613,46.6478,-0.343471,0.168689
0,62.5,44.459,46.5801,0.875832,-0.505264
0,62.5,12.7002,46.2227,-0.623147,0.356878
0,62.5,46.2544,47.4742,0.820677,-0.470506
0,62.5,12.8031,46.7083,-0.294517,0.413916
0,62.5,45.6199,46.9322,0.512032,-0.454007
0,62.5,12.5098,46.4033,-0.755766,0.154031
0,62.5,46.9599,47.6366,1.09899,-0.0715358
0,62.5,12.7276,46.9399,-0.311449,0.406554
0,62.5,46.5158,47.6262,1.01741,-0.31001
0,62.5,12.5819,47.5559,0.0322893,0.407576
0,62.5,47.2855,48.0342,0.616961,-0.158488
0,62.5,12.32,47.5502,-0.0847461,0.177048
0,62.5,47.0318,47.9063,1.11961,-0.117104
0,62.5,12.0665,47.5416,-0.194424,0.312489
0,62.5,46.7729,47.7695,0.939542,-0.187655
0,62.5,12.2255,47.7818,-0.19531,0.137867
0,62.5,47.323,48.3123,0.56365,0.158824
0,62.5,12.082,48.2807,0.163967,0.265485
0,62.5,47.1074,48.4431,0.618666,-0.088372
0,62.5,12.137,48.028,-0.102877,0.183701
0,62.5,47.333,48.5861,0.400438,0.0308047
0,62.5,12.0321,48.5502,0.336984,0.215694
0,62.5,48.3945,49.1178,0.256636,0.105974
0,62.5,12.3271,48.2542,0.173654,0.135328
0,62.5,48.8625,49.0938,0.218866,-0.00200745
0,62.5,12.1433,49.0471,0.344617,0.167448
0,62.5,49.2141,49.6584,-0.119223,0.0357146
0,62.5,12.2092,48.7709,0.363144,0.238349
0,62.5,49.4822,49.7534,-0.226034,-0.189909
0,62.5,11.7421,49.5757,-0.0274196,-0.0704054
0,62.5,50.2232,50.0157,-0.206267,0.225084
0,62.5,12.0071,49.5543,0.0823544,0.0168558
0,62.5,50.1585,49.7622,-0.0495993,0.0896814
0,62.5,10.9696,49.6823,-0.0571665,0.0565143
0,62.5,50.4128,49.8209,-0.0999701,0.229139
0,62.5,11.1382,49.8883,0.211709,-0.0434615
0,62.5,50.3757,49.5786,-0.0509835,0.184994
0,62.5,11.2529,50.334,0.316853,0.0513709
0,62.5,52.453,50.2348,0.502105,-0.300443
0,62.5,10.9984,50.4111,0.22142,-0.0575944
0,62.5,52.6962,50.1817,0.572893,0.110832
0,62.5,10.5162,50.5181,0.344169,-0.121244
0,62.5,52.1902,50.6325,0.600662,-0.187511
0,62.5,10.6877,50.7395,0.176254,-0.232083
0,62.5,53.1515,50.3816,0.405671,0.274453
0,62.5,10.5432,50.9871,0.245273,-0.0941167
0,62.5,52.875,50.3847,0.348103,0.11088
0,62.5,10.3105,51.0096,0.351269,0.0238953
0,62.5,54.1439,51.0125,-0.0557517,-0.242393
0,62.5,1.78733,34.1803,-0.127735,3.8748
0,62.5,74.9587,25.8521,-0.37293,-6.91744
0,62.5,1.24767,28.3953,-0.518778,-2.50884
0,62.5,73.6304,23.2337,-2.58198,-8.08807
0,62.5,4.43946,22.0666,4.72869,-8.84839
0,62.5,74.0498,21.7359,-3.85387,-10.4933
0,62.5,1.46689,35.5031,-0.234815,4.60259
0,62.5,74.8457,27.2196,2.13519,-6.59664
0,62.5,1.30157,33.8812,0.305193,3.54359
0,62.5,70.8132,29.5982,3.70809,-2.16837
0,62.5,3.02071,31.2435,-2.47471,-0.491254
0,62.5,70.2623,31.147,4.62467,-1.7621
0,62.5,5.79374,31.2475,-3.91361,-0.970554
0,62.5,66.7096,33.9986,3.25216,0.689737
0,62.5,7.99658,33.1176,-1.67052,0.0723393
0,62.5,64.8025,34.7858,1.46409,0.670778
0,62.5,9.28517,34.0124,-1.53805,0.0436883
0,62.5,63.2065,34.8204,1.1827,0.540686
0,62.5,8.16229,33.3354,-1.47472,-0.0370653
0,62.5,62.1736,34.7665,1.16331,0.272321
0,62.5,6.15887,31.6922,-3.35139,-0.814843
0,62.5,61.7851,34.5331,1.61346,-0.642639
0,62.5,7.4397,32.7616,-1.94415,1.20061
0,62.5,61.2817,34.71,1.40057,-1.31312
0,62.5,9.32913,34.2368,-1.36491,0.0655779
0,62.5,60.4517,36.2817,2.29805,-0.177702
0,62.5,9.51503,34.6995,-1.66366,-0.0485213
0,62.5,60.1135,36.8941,1.56727,0.0379826
0,62.5,9.77511,35.4049,-1.26551,-0.355566
0,62.5,59.8889,37.0245,1.8644,0.316724
0,62.5,9.99541,35.93,-1.41671,0.0131526
0,62.5,59.7696,37.2654,1.56962,-0.317972
0,62.5,10.5879,36.4915,-1.0432,-0.265975
0,62.5,59.5164,37.4587,2.09955,-0.102279
0,62.5,10.8454,36.5753,-1.07949,-0.20957
0,62.5,58.8267,37.9706,1.97623,0.00577247
0,62.5,11.3731,37.6575,-1.12217,0.227362
0,62.5,58.0661,38.4918,1.07861,1.00233
0,62.5,11.6769,38.0236,-0.986522,0.465603
0,62.5,56.906,39.3436,0.0481972,0.974768
0,62.5,11.452,37.941,-1.07548,0.325927
0,62.5,56.6166,39.3156,0.343118,1.29325
0,62.5,11.7399,38.2881,-0.856883,0.49964
0,62.5,56.0986,39.565,1.1182,1.47955
0,62.5,11.7728,38.5636,-0.810808,0.201748
0,62.5,55.5421,39.7261,0.356519,1.3632
0,62.5,11.9761,38.4265,-0.974982,0.376512
0,62.5,55.9097,39.8273,0.952527,1.40512
0,62.5,11.804,38.849,-0.770929,0.403495
0,62.5,55.2615,40.2085,0.0606069,0.670255
0,62.5,12.0057,38.721,-0.857524,0.277659
0,62.5,54.0165,40.9527,0.911565,0.616389
0,62.5,12.2603,38.9534,-0.943432,0.439407
0,62.5,53.5547,41.1886,0.726811,0.685412
0,62.5,12.086,39.2608,-0.942257,0.27058
0,62.5,53.2642,41.1872,0.807599,1.11679
0,62.5,12.1319,39.8251,-0.725787,0.3628
0,62.5,51.9576,42.0194,0.630223,0.833674
0,62.5,12.2116,40.1338,-0.759336,0.413478
0,62.5,51.3627,42.4038,0.69442,0.266413
0,62.5,12.3462,39.8771,-0.886119,0.604985
0,62.5,51.0289,42.4275,0.115818,0.725211
0,62.5,12.3061,40.4247,-0.878977,0.364121
0,62.5,50.785,42.5966,0.358225,0.789465
0,62.5,12.549,40.6701,-0.748581,0.654451
0,62.5,50.7687,42.362,0.390746,1.24286
0,62.5,12.7482,40.8656,-0.764417,0.651866
0,62.5,50.6985,42.1582,0.704403,1.12083
0,62.5,13.0132,40.8177,-0.866439,0.571881
0,62.5,50.1145,42.3034,-0.207721,0.859752
0,62.5,12.7443,41.1965,-0.79114,0.583945
0,62.5,49.8861,42.483,0.151992,0.855715
0,62.5,12.928,41.0623,-0.817728,0.477094
0,62.5,48.9874,42.5345,-0.0538347,0.948143
0,62.5,12.741,41.4582,-0.801768,0.513021
0,62.5,48.0205,43.01,-0.145903,0.576599
0,62.5,12.9797,41.3709,-0.782256,0.619961
0,62.5,48.4846,42.6593,-0.117984,0.562008
0,62.5,12.9002,41.8902,-0.819293,0.577342
0,62.5,47.7079,42.8993,-0.385583,0.378102
0,62.5,13.046,42.3353,-1.04879,0.683953
0,62.5,48.3141,43.0605,0.0378356,0.499754
0,62.5,13.0032,42.6231,-0.913122,0.505049
0,62.5,47.7399,43.1095,-0.374402,0.627789
0,62.5,13.2225,42.784,-1.02675,0.521142
0,62.5,47.1733,43.1862,-0.0157711,0.493508
0,62.5,12.9937,42.8929,-0.976626,0.487871
0,62.5,46.9091,43.068,-0.547651,0.301676
0,62.5,13.2076,43.0612,-0.931246,0.355439
0,62.5,46.0472,43.0824,-1.01107,-0.382574
0,62.5,13.4363,43.2228,-0.834015,0.404693
0,62.5,45.753,43.0572,-0.794832,-0.0873276
0,62.5,13.432,43.4915,-0.83195,0.384217
0,62.5,45.4894,43.0522,-1.13167,0.230931
0,62.5,13.6613,43.3847,-0.858612,0.480067
0,62.5,45.6549,43.2666,-1.18652,0.0478799
0,62.5,13.2107,43.6062,-0.816294,0.325014
0,62.5,45.1347,43.3518,-1.38132,-0.475059
0,62.5,13.443,43.7581,-0.892453,0.32486
0,62.5,44.8939,43.7124,-0.984515,-0.833317
0,62.5,13.6671,43.6477,-0.826692,0.41479
0,62.5,45.0353,43.9379,-0.549138,-0.655971
0,62.5,13.9056,43.8027,-0.835594,0.44483
0,62.5,44.9195,44.1778,-0.733483,-0.526973
0,62.5,13.681,43.9127,-0.886639,0.399391
0,62.5,44.7674,43.9628,-0.659422,-0.575271
0,62.5,14.137,43.9623,-0.836744,0.386719
0,62.5,44.9839,44.3953,-0.487488,-0.548562
0,62.5,13.4854,44.3086,-0.658023,0.325571
0,62.5,45.0674,44.6435,-0.938277,-0.859473
0,62.5,13.9122,44.0704,-0.873988,0.364434
0,62.5,44.7865,44.5158,-0.715293,-0.602425
0,62.5,13.5002,44.5855,-0.747822,0.288161
0,62.5,44.3475,44.5711,-0.543869,-0.301522
0,62.5,13.6902,44.184,-0.753071,0.313178
0,62.5,44.1304,44.7001,-0.647825,-0.648579
0,62.5,13.7217,44.7526,-0.602342,0.323009
0,62.5,43.9408,44.821,-0.362154,-1.28549
0,62.5,13.7135,44.4724,-0.706186,0.249655
0,62.5,44.0326,45.1034,-0.600917,-0.958802
0,62.5,13.2827,44.984,-0.582021,0.298683
0,62.5,43.8742,45.2382,-0.220127,-1.06266
0,62.5,13.73,45.0349,-0.626429,0.19242
0,62.5,43.821,44.564,-0.544662,-1.28671
0,62.5,13.5057,45.1387,-0.522333,0.288738
0,62.5,43.7663,44.9482,-0.649655,-1.22291
0,62.5,13.7293,45.305,-0.48235,0.143859
0,62.5,43.598,45.095,-0.285795,-1.38667
0,62.5,13.2748,45.2496,-0.479169,0.343968
0,62.5,43.3751,45.1576,-1.69107,-1.88615
0,62.5,13.5022,45.4075,-0.471967,0.234164
0,62.5,43.1905,45.5275,-1.38859,-1.78647
0,62.5,13.2768,45.5136,-0.458908,0.233099
0,62.5,44.5951,46.1594,-0.0082971,-1.21804
0,62.5,13.721,45.5762,-0.611829,0.0995964
0,62.5,43.5115,45.7272,-0.580955,-1.3067
0,62.5,13.4944,45.6819,-0.61544,0.254347
0,62.5,44.4897,46.3619,0.00921661,-0.734356
0,62.5,13.4762,45.9665,-0.618961,0.205
0,62.5,44.3097,46.0872,-0.266974,-1.39739
0,62.5,13.2733,45.7881,-0.669461,0.355932
0,62.5,45.335,46.833,1.00727,-0.449537
0,62.5,13.2495,46.0653,-0.714869,0.263466
0,62.5,45.0153,46.5094,-0.465868,-1.1163
0,62.5,13.0462,45.9008,-0.66821,0.439464
0,62.5,45.8178,46.8055,0.554247,-0.596371
0,62.5,13.0048,46.4137,-0.663431,0.399787
0,62.5,46.169,47.1985,0.529463,-0.470301
0,62.5,13.0244,46.1832,-0.769568,0.369884
0,62.5,46.3491,47.0749,0.594659,-0.468587
0,62.5,13.0331,46.6782,-0.405973,0.377515
0,62.5,46.4424,47.3522,0.917605,-0.330374
0,62.5,12.7744,46.4471,-0.658759,0.259433
0,62.5,46.6166,47.2128,0.751,-0.473106
0,62.5,12.9858,46.9477,-0.277222,0.34622
0,62.5,47.2216,47.7664,0.693458,-0.00904208
0,62.5,12.8852,47.1779,-0.357837,0.263444
0,62.5,47.4828,47.9032,0.624038,0.0146662
0,62.5,13.1649,47.1645,-0.436132,0.43308
0,62.5,47.5272,48.1819,0.632963,0.160698
0,62.5,12.7579,47.3712,-0.207423,0.408678
0,62.5,48.2056,48.6834,0.461356,0.0191796
0,62.5,13.0508,47.3805,-0.437663,0.31862
0,62.5,47.9837,48.5218,0.523602,0.151315
0,62.5,12.4859,47.785,-0.139145,0.142842
0,62.5,47.5529,48.4664,0.381591,0.18859
0,62.5,12.732,47.8346,-0.0708312,0.140165
0,62.5,48.419,48.8337,0.361864,-0.0804312
0,62.5,12.8396,48.3035,0.0703306,-0.105446
0,62.5,47.7683,48.6358,0.50721,0.200339
0,62.5,12.6385,48.0573,-0.132842,0.0391405
0,62.5,47.9888,48.7979,0.417242,0.142287
0,62.5,12.3879,48.0123,-0.0917703,0.147872
0,62.5,49.142,49.4022,0.0427686,0.144027
0,62.5,12.5767,48.285,0.0500954,0.0125613
0,62.5,49.4056,49.497,-0.139405,-0.0676689
0,62.5,12.2661,48.5031,0.364482,0.208431
0,62.5,49.7498,49.8484,-0.255473,-0.0593758
0,62.5,12.4452,48.7547,0.319236,0.221943
0,62.5,49.8683,49.4148,-0.0426523,0.00942968
0,62.5,12.315,49.2853,0.388639,0.157392
0,62.5,50.1257,49.5008,-0.0840087,0.116622
0,62.5,12.2695,49.5335,0.0493458,0.0810903
0,62.5,50.9722,50.2332,0.253087,0.256339
0,62.5,11.6457,49.8147,0.172965,0.0026501
0,62.5,50.598,49.4085,-0.0065793,0.0813464
0,62.5,11.5711,50.0611,0.275089,-0.0426403
0,62.5,51.3807,50.1768,0.519252,-0.137623
0,62.5,11.3202,50.0876,0.0784624,0.13493
0,62.5,51.4621,50.3994,0.616223,-0.126492
0,62.5,11.7544,50.2737,0.228442,0.10133
0,62.5,51.8716,50.1818,0.490785,-0.199857
0,62.5,11.1868,50.5743,0.267463,-0.0780368
0,62.5,52.2985,50.4239,0.602631,-0.195731
0,62.5,10.9107,50.6905,0.154015,0.0106769
0,62.5,52.3538,50.8451,0.261559,0.0400938
0,62.5,10.9949,51.0046,0.126865,-0.0837109
0,62.5,53.1088,51.0247,-0.0130288,-0.121567
0,62.5,10.7754,50.9888,0.188427,-0.0806134
0,62.5,54.3913,51.0091,-0.260434,0.270927
0,62.5,1.39135,34.7285,-0.153192,4.04137
0,62.5,72.7036,28.506,2.22038,-2.68568
0,62.5,2.43878,32.1592,-1.40566,2.29785
0,62.5,73.6447,22.3888,-2.02406,-7.56139
0,62.5,2.4556,31.3255,-2.43053,0.0992516
0,62.5,73.8277,28.5838,3.52363,-3.8077
0,62.5,8.81998,33.8535,-1.64905,-0.0804539
0,62.5,70.3808,29.6669,3.50203,-2.61482
0,62.5,2.38416,29.4506,-3.40325,-3.41531
0,62.5,72.2508,29.3128,4.0652,-3.45015
0,62.5,8.37396,33.3021,-1.48234,-0.00917882
0,62.5,65.6901,34.4642,1.67352,0.840708
0,62.5,1.24315,31.8488,-0.350546,2.82443
0,62.5,67.7004,33.4646,3.40558,0.0547056
0,62.5,1.76865,33.9476,0.0666993,3.79343
0,62.5,63.7119,35.1681,1.21394,0.487901
0,62.5,8.14775,32.9784,-1.76743,-0.243724
0,62.5,62.2207,35.0339,1.52463,-0.637455
0,62.5,8.49624,33.5235,-1.49992,-0.217005
0,62.5,62.6574,35.0971,0.221889,-0.211406
0,62.5,9.58103,34.4475,-1.37255,-0.117426
0,62.5,61.5916,34.5948,1.40778,-0.626072
0,62.5,9.03955,34.0911,-1.38921,-0.0680751
0,62.5,61.4647,34.8296,1.31615,-0.636045
0,62.5,9.88847,35.2102,-1.0557,-0.598567
0,62.5,60.9814,35.4228,1.49738,-0.0897691
0,62.5,10.0426,35.5301,-1.26962,-0.531179
0,62.5,60.7506,35.9717,1.63764,-1.41773
0,62.5,10.4905,36.1762,-1.1919,-0.0901292
0,62.5,60.6591,36.2591,2.64409,-0.111849
0,62.5,10.7101,36.2952,-1.11307,0.136862
0,62.5,60.4695,36.6336,1.81949,-0.083398
0,62.5,10.6714,36.0115,-1.21815,-0.11316
0,62.5,59.0147,38.0698,1.7577,0.195093
0,62.5,11.2315,37.3449,-1.48079,0.224481
0,62.5,57.7872,38.7926,0.68234,0.778093
0,62.5,11.1471,37.0226,-1.20185,0.298992
0,62.5,57.0415,39.1663,1.08906,1.2901
0,62.5,11.6319,37.7477,-0.838625,0.420802
0,62.5,57.3783,39.2364,1.11413,1.19296
0,62.5,11.9221,38.1121,-0.987587,0.341019
0,62.5,57.1818,39.408,0.286008,0.807611
0,62.5,12.1117,37.9819,-1.0659,0.419689
0,62.5,55.1149,40.4127,0.0342537,0.928885
0,62.5,12.1445,38.2919,-1.07882,0.438755
0,62.5,55.8355,40.0688,0.792746,1.35058
0,62.5,12.1962,38.6262,-0.91658,0.418507
0,62.5,54.1939,41.1312,0.452454,0.639255
0,62.5,12.4576,39.1039,-1.0097,0.634668
0,62.5,54.3259,40.9175,-0.0927388,0.850754
0,62.5,12.2998,39.2921,-1.15038,0.478975
0,62.5,53.8194,41.3842,0.424188,0.515851
0,62.5,12.5342,39.3901,-1.20513,0.639443
0,62.5,56.3692,39.4997,0.864066,1.45323
0,62.5,12.2965,39.5724,-0.678546,0.470271
0,62.5,54.6956,40.6584,0.555349,0.833434
0,62.5,12.5126,39.6513,-0.778225,0.786068
0,62.5,53.8805,41.1608,0.65641,0.90131
0,62.5,12.4341,40.1652,-1.08241,0.650389
0,62.5,52.3927,41.7784,0.694565,1.32836
0,62.5,12.8089,40.3955,-1.0263,0.681377
0,62.5,53.0397,41.374,0.591972,1.18887
0,62.5,12.8122,40.6202,-0.811348,0.590626
0,62.5,52.2428,41.99,0.943698,0.941896
0,62.5,13.3102,40.6643,-0.947227,0.999261
0,62.5,51.1647,42.595,0.501347,0.681684
0,62.5,12.5354,40.4278,-0.936107,0.656946
0,62.5,50.524,42.5274,0.363487,0.746929
0,62.5,13.0869,40.5822,-0.902504,0.633156
0,62.5,50.2188,42.4902,0.399745,0.779114
0,62.5,13.1459,41.1699,-0.845773,0.717268
0,62.5,50.4437,42.3227,0.134221,1.25979
0,62.5,13.3619,41.637,-0.935137,0.989368
0,62.5,48.7665,42.6958,-0.210941,0.538007
0,62.5,13.2065,41.4536,-0.754622,0.825113
0,62.5,49.3598,42.5791,-0.200005,0.905946
0,62.5,13.31,41.9517,-0.969417,0.824
0,62.5,48.2633,42.8429,0.147199,0.424212
0,62.5,13.1483,41.7645,-0.96695,0.832269
0,62.5,48.5502,42.8857,-0.351262,0.445978
0,62.5,13.2775,42.234,-1.11014,0.713064
0,62.5,48.444,43.2357,0.458848,0.617953
0,62.5,12.9582,41.625,-0.668134,0.580501
0,62.5,48.231,43.3976,0.919052,0.726276
0,62.5,13.0825,42.0578,-0.955408,0.759629
0,62.5,48.0733,43.2234,0.0624222,0.854716
0,62.5,13.2343,42.5153,-0.983287,0.599845
0,62.5,47.8314,43.3265,-0.29213,0.583341
0,62.5,13.4528,42.6746,-0.890512,0.589858
0,62.5,47.5211,43.2825,-0.133607,0.619551
0,62.5,13.6546,42.8439,-0.795343,0.500025
0,62.5,46.7139,43.2165,-0.706189,0.331428
0,62.5,13.4322,42.9541,-0.796711,0.434012
0,62.5,46.4103,43.2026,-0.844759,0.62383
0,62.5,13.6615,43.1157,-0.806818,0.443162
0,62.5,45.9642,43.2904,-1.14536,0.263821
0,62.5,13.8956,43.5412,-0.803171,0.544793
0,62.5,45.4175,43.3581,-1.83441,-0.492011
0,62.5,14.1254,43.4305,-0.839435,0.591427
0,62.5,45.5533,43.5617,-0.580187,-0.568288
0,62.5,14.1344,43.6954,-0.952299,0.574221
0,62.5,45.2732,43.5799,-0.805823,-0.637759
0,62.5,14.3582,43.5788,-0.822121,0.580849
0,62.5,45.4034,44.0083,-0.911028,-0.721336
0,62.5,14.3629,43.849,-0.830228,0.517407
0,62.5,45.4907,44.2351,-0.769722,-0.608396
0,62.5,14.5888,44.0165,-0.750787,0.463083
0,62.5,45.2421,44.3644,-0.27309,-0.17734
0,62.5,14.36,44.1194,-0.761779,0.428958
0,62.5,45.5212,44.456,-0.272402,-0.304031
0,62.5,14.5831,44.2817,-0.725044,0.275983
0,62.5,45.3056,44.6,-0.164767,-0.338722
0,62.5,14.1351,44.2342,-0.810665,0.249406
0,62.5,44.6015,44.6691,-0.556422,-0.657043
0,62.5,14.3542,44.3915,-0.797039,0.182774
0,62.5,44.679,44.9195,-0.5967,-0.374429
0,62.5,13.9116,44.3448,-0.804953,0.248232
0,62.5,44.3933,44.8267,-0.732987,-0.383657
0,62.5,14.1284,44.5096,-0.678938,0.132818
0,62.5,44.2097,44.9673,-0.281064,-0.920477
0,62.5,13.9351,44.6425,-0.620018,0.301582
0,62.5,44.3307,45.2318,-0.0190963,-0.706039
0,62.5,14.1612,44.8069,-0.613934,0.0651686
0,62.5,44.1645,45.3626,-0.00913943,-0.631134
0,62.5,13.944,44.9199,-0.608666,0.134844
0,62.5,43.8548,45.6396,-0.81242,-1.52229
0,62.5,14.1729,45.075,-0.527887,0.0839199
0,62.5,43.9874,45.5045,0.00163767,-0.945444
0,62.5,13.9553,45.1968,-0.445403,0.1978
0,62.5,43.6849,45.3485,-0.238563,-1.70319
0,62.5,14.6337,45.3757,-0.890892,0.563759
0,62.5,43.567,45.5157,-1.17476,-1.60753
0,62.5,13.9513,45.4646,-0.602641,0.114821
0,62.5,44.1412,45.787,-0.565959,-1.2963
0,62.5,14.4093,45.2211,-0.737672,0.201303
0,62.5,44.8929,46.2421,-0.215726,-0.792643
0,62.5,13.6989,45.8529,-0.616612,0.107072
0,62.5,45.1796,46.335,-0.0156426,-0.766795
0,62.5,14.1659,45.6085,-0.759195,0.201184
0,62.5,44.7534,46.4249,0.0305365,-0.707167
0,62.5,13.928,45.7361,-0.701012,0.106333
0,62.5,45.4554,46.424,0.0905181,-0.700538
0,62.5,13.6864,46.1327,-0.631735,0.0364714
0,62.5,45.2792,46.5931,0.0346067,-0.73263
0,62.5,13.2555,46.3468,-0.73107,0.206162
0,62.5,45.7317,46.5328,0.0750634,-0.471388
0,62.5,13.4584,46.2433,-0.66883,0.137824
0,62.5,45.5441,46.6829,0.161221,-0.647299
0,62.5,13.4797,46.5554,-0.665825,0.0894205
0,62.5,45.9835,46.6434,0.147639,-0.766079
0,62.5,13.4384,46.8217,-0.495546,0.113147
0,62.5,46.0797,46.9199,0.341079,-0.61944
0,62.5,13.2517,46.6027,-0.576439,0.205138
0,62.5,46.2722,46.809,0.196643,-0.33353
0,62.5,13.4113,47.0974,-0.509472,0.231977
0,62.5,46.7019,47.4938,0.830053,-0.0930095
0,62.5,13.2162,46.8955,-0.368462,0.318245
0,62.5,46.8817,47.3567,0.933773,-0.277617
0,62.5,13.335,47.3574,-0.431051,0.227422
0,62.5,47.1481,47.4948,0.884347,-0.219456
0,62.5,13.3238,47.6041,0.0286492,0.274647
0,62.5,47.7598,48.3517,0.469735,0.164161
0,62.5,13.2297,47.8731,0.0549174,0.513925
0,62.5,49.0787,48.9052,0.0457526,0.178089
0,62.5,13.0821,47.607,0.136597,0.255361
0,62.5,48.6365,48.6685,0.430279,0.0534941
0,62.5,12.8348,47.6098,0.01906,0.382423
0,62.5,49.0961,49.1688,0.203669,0.136642
0,62.5,13.0108,48.6221,0.0155943,0.363495
0,62.5,48.6387,48.9357,0.338072,-0.0301496
0,62.5,12.941,48.8532,0.0380506,0.54884
0,62.5,49.3618,49.2455,0.024695,0.0456067
0,62.5,12.7714,48.5288,0.235384,-0.111482
0,62.5,49.6619,49.587,-0.152029,-0.141754
0,62.5,12.7045,48.7546,0.326198,0.0391886
0,62.5,49.6143,49.3338,-0.0572552,-0.0308429
0,62.5,12.5104,48.5154,0.237802,0.107015
0,62.5,49.9213,49.6673,-0.168316,0.10024
0,62.5,12.616,48.9835,0.367782,0.00818158
0,62.5,49.8245,49.1647,0.186744,0.0563774
0,62.5,12.3719,49.0121,0.380315,0.184716
0,62.5,50.3388,49.3303,0.0495594,-0.0248842
0,62.5,12.4258,49.7423,0.159856,-0.0216799
0,62.5,51.1615,49.8187,-0.275242,0.218723
0,62.5,11.9078,49.7883,0.192148,-0.0619147
0,62.5,51.4209,49.9301,-0.0723773,-0.11676
0,62.5,12.166,49.7749,0.142723,0.0166359
0,62.5,51.6237,50.1134,0.40493,-0.331395
0,62.5,11.8245,50.0273,0.183814,-0.0557043
0,62.5,52.3585,50.0164,0.510556,-0.308797
0,62.5,12.0037,50.2581,0.324719,-0.0795826
0,62.5,52.0718,49.9895,0.451359,-0.232957
0,62.5,11.448,50.5559,0.244974,0.0103405
0,62.5,52.571,49.9222,0.554556,0.0167247
0,62.5,11.1234,50.8056,0.231066,-0.0374605
0,62.5,52.8205,49.9816,0.644417,0.210687
0,62.5,11.3889,50.7938,0.143001,0.0856943
0,62.5,52.9497,50.8276,-0.0533028,-0.0287964
0,62.5,11.2775,51.0304,0.227301,0.107208
0,62.5,54.7925,50.7887,-0.23437,0.134639
0,62.5,2.80577,31.0442,-2.04293,-0.625118
0,62.5,74.07,22.8318,-2.5507,-8.48464
0,62.5,8.67107,33.3706,-1.6172,-0.263045
0,62.5,71.4575,28.117,0.467488,-3.21254
0,62.5,2.15968,32.6865,-0.39614,2.3561
0,62.5,70.4224,30.3065,3.97969,-2.38108
0,62.5,1.21172,32.8824,0.0009255,3.67819
0,62.5,71.4272,29.6901,4.19294,-2.66811
0,62.5,1.19915,34.59,-0.206258,3.21765
0,62.5,69.3256,32.3473,4.16317,-1.26105
0,62.5,2.52445,37.6739,-1.03644,0.281689
0,62.5,68.9182,32.3599,3.78036,-0.533341
0,62.5,1.43966,37.1056,-0.57359,4.78671
0,62.5,66.3218,34.1713,2.5688,0.901879
0,62.5,2.12708,30.6034,-2.08993,-0.173533
0,62.5,62.7967,34.9083,0.300551,-0.101693
0,62.5,5.08661,30.7464,-4.53384,-1.52562
0,62.5,62.9809,34.8228,1.14994,0.156943
0,62.5,9.73482,34.7416,-1.44451,-0.110465
0,62.5,61.9404,34.8426,0.798506,-0.678978
0,62.5,9.89936,34.9418,-1.3336,-0.498732
0,62.5,61.6695,34.889,1.23563,-1.03074
0,62.5,10.1371,35.337,-1.55223,-0.427804
0,62.5,60.6604,36.5237,0.912874,-0.451665
0,62.5,10.2358,36.047,-0.903209,0.113786
0,62.5,60.5317,36.9083,1.66077,-0.122486
0,62.5,10.1778,35.7681,-1.3205,-0.523406
0,62.5,61.2876,35.4231,1.21812,-0.500302
0,62.5,10.424,35.8855,-1.22725,-0.0906251
0,62.5,61.1589,35.6609,1.69517,-0.637182
0,62.5,10.3474,35.2609,-1.58177,-0.505794
0,62.5,60.2892,36.6785,0.881443,-0.457387
0,62.5,10.5797,35.7268,-1.53263,-0.244009
0,62.5,60.0714,37.1933,1.81826,-0.458249
0,62.5,10.9174,36.0986,-1.22469,0.0281313
0,62.5,59.659,37.6109,1.97609,0.117304
0,62.5,10.9708,36.3526,-1.21242,-0.294792
0,62.5,58.3539,38.3876,1.67281,0.586666
0,62.5,11.4576,37.4355,-1.33004,0.356257
0,62.5,58.056,38.7303,0.886394,0.725256
0,62.5,11.8608,37.8378,-0.948765,0.496669
0,62.5,57.6298,39.0418,1.1954,0.836485
0,62.5,12.3536,38.4525,-1.12022,0.309398
0,62.5,57.6732,39.2404,0.785136,0.719016
0,62.5,12.415,38.7716,-1.11714,0.364514
0,62.5,56.1938,39.7752,0.902946,1.27379
0,62.5,12.6234,38.9266,-1.20442,0.687182
0,62.5,55.5425,40.1749,0.714179,1.24863
0,62.5,12.7056,39.2222,-0.962902,0.75601
0,62.5,54.9888,40.6487,0.574108,0.842233
0,62.5,12.956,39.3491,-1.08095,0.655587
0,62.5,55.4155,40.4078,0.729454,0.953314
0,62.5,13.0471,39.5961,-1.32891,0.581952
0,62.5,54.6131,40.8841,0.0535208,0.611674
0,62.5,12.7778,39.5004,-1.29675,0.69113
0,62.5,54.0858,41.3494,0.501497,0.367952
0,62.5,12.7478,39.7452,-0.918147,0.837446
0,62.5,53.296,41.4159,0.443176,1.04342
0,62.5,12.8416,40.0188,-1.07594,0.724955
0,62.5,53.5619,41.4073,0.547374,0.907118
0,62.5,13.2965,40.3685,-0.850265,0.935262
0,62.5,52.692,41.7865,0.895369,1.81498
0,62.5,12.5779,39.9334,-0.950221,0.811484
0,62.5,52.5425,41.9841,1.03102,0.890016
0,62.5,12.6861,40.1922,-1.0948,0.917714
0,62.5,51.8194,42.2274,0.562612,0.345469
0,62.5,13.0467,40.3345,-1.01677,0.723694
0,62.5,51.6327,42.4372,0.653875,0.696765
0,62.5,13.5976,41.1557,-0.850586,0.972545
0,62.5,50.5486,42.7615,0.345412,0.838588
0,62.5,13.2314,40.9206,-1.0461,0.821258
0,62.5,49.9813,42.6726,0.152485,0.204722
0,62.5,13.3693,41.218,-0.791115,0.884663
0,62.5,49.6452,42.6485,0.0144535,1.22298
0,62.5,13.4993,41.4357,-0.923256,0.821648
0,62.5,49.1114,42.722,-0.315144,0.497102
0,62.5,13.6769,41.6607,-1.18172,0.79444
0,62.5,48.669,43.0625,-0.0708941,0.41187
0,62.5,13.5354,41.8352,-1.02268,0.971124
0,62.5,48.8883,42.8788,0.0105335,0.384082
0,62.5,13.7255,41.9996,-1.03848,0.862071
0,62.5,48.2996,43.6218,0.528249,0.478948
0,62.5,13.5078,42.1246,-1.03861,0.786572
0,62.5,48.5224,43.46,0.413155,1.04145
0,62.5,13.6877,42.5606,-0.950952,0.61933
0,62.5,47.9889,43.5166,0.286827,0.304687
0,62.5,13.4714,42.4092,-0.971762,0.652271
0,62.5,47.6457,43.4984,-0.233769,0.5671
0,62.5,13.8775,42.7479,-0.763728,0.538172
0,62.5,46.835,43.5432,-0.641932,0.539441
0,62.5,14.1137,42.9007,-0.735862,0.573008
0,62.5,46.9607,43.3303,-0.542357,0.315303
0,62.5,13.8875,43.0147,-0.71798,0.488465
0,62.5,47.2812,43.3913,-0.509621,0.32032
0,62.5,14.1217,43.1657,-0.789708,0.567207
0,62.5,46.225,43.3315,-1.26975,0.113308
0,62.5,13.8897,43.2782,-0.811705,0.57748
0,62.5,45.8014,43.4727,-1.39584,0.0578918
0,62.5,14.3526,43.3147,-0.80046,0.625921
0,62.5,45.705,43.9157,-1.05451,-0.257188
0,62.5,14.5909,43.4903,-0.836646,0.595208
0,62.5,45.4891,43.7862,-0.581814,-0.469377
0,62.5,15.0526,43.8163,-0.760761,0.41858
0,62.5,45.2147,43.7953,-0.465471,-0.702065
0,62.5,14.5899,43.7505,-0.778755,0.538436
0,62.5,45.2003,44.1306,-0.759168,-0.457861
0,62.5,14.819,43.9118,-0.751516,0.489992
0,62.5,45.8318,44.3469,-0.103069,-0.335716
0,62.5,14.8169,44.1766,-0.756384,0.442578
0,62.5,45.7941,44.5588,-0.266946,-0.259307
0,62.5,15.0499,44.3394,-0.826904,0.443765
0,62.5,46.0814,44.5874,-0.222098,-0.510933
0,62.5,14.811,44.4356,-0.710822,0.338523
0,62.5,45.5759,44.6954,-0.762519,-0.352884
0,62.5,15.2702,44.7713,-0.751829,0.501912
0,62.5,44.8753,44.7793,-0.826412,-0.84095
0,62.5,14.5763,44.5458,-0.82166,0.195925
0,62.5,45.1576,44.8869,-1.24571,-0.755351
0,62.5,14.8033,44.6955,-0.66435,0.423587
0,62.5,44.975,45.034,-0.587006,-0.841546
0,62.5,14.3471,44.6631,-0.678015,0.11781
0,62.5,44.4969,45.0689,-0.832912,-0.34203
0,62.5,14.5714,44.8133,-0.648164,0.28503
0,62.5,44.6154,45.3284,-0.46684,-0.635469
0,62.5,14.3954,44.9607,-0.520598,0.143841
0,62.5,44.4554,45.4964,-0.288604,-0.617491
0,62.5,14.7972,44.9601,-0.833967,0.370784
0,62.5,44.2778,45.6219,-0.0659234,-0.690185
0,62.5,14.1838,45.3444,-0.697459,0.186334
0,62.5,44.5643,45.7509,-0.12409,-0.623354
0,62.5,14.8688,45.2977,-0.863516,0.58895
0,62.5,44.4162,45.9099,-0.279037,-0.569054
0,62.5,14.3758,45.7621,-0.821856,0.254082
0,62.5,44.8705,45.8281,0.0855383,-0.700277
0,62.5,14.3476,46.0322,-0.88219,0.21886
0,62.5,44.7199,45.9906,-0.15192,-0.70138
0,62.5,14.4027,45.4923,-0.84996,0.311998
0,62.5,45.3204,46.1633,0.444817,-0.555333
0,62.5,14.1382,45.8774,-0.687359,0.275481
0,62.5,45.0238,46.081,0.0794749,-0.933631
0,62.5,13.9067,46.0124,-0.651331,0.0142423
0,62.5,45.7653,46.0968,0.303509,-0.713664
0,62.5,13.8892,46.2958,-0.768361,0.0256547
0,62.5,45.8818,46.3646,0.205149,-0.624224
0,62.5,13.6612,46.4115,-0.780678,0.0275548
0,62.5,45.6136,46.2632,0.0585364,-0.677928
0,62.5,13.894,46.8833,-0.81308,0.381777
0,62.5,46.4455,46.6623,0.390582,-0.258123
0,62.5,13.6759,46.7469,-0.650521,0.118593
0,62.5,46.712,46.8151,0.431488,-0.031446
0,62.5,13.6468,47.0082,-0.662323,0.130673
0,62.5,46.5385,46.9434,0.37164,-0.365445
0,62.5,13.5878,47.2788,-0.477675,0.00146187
0,62.5,47.2131,47.0672,0.428108,-0.149768
0,62.5,13.7797,47.6154,-0.210724,0.349934
0,62.5,47.3629,47.397,0.519406,-0.317863
0,62.5,13.5555,47.5392,-0.182453,-0.0571695
0,62.5,47.6971,47.8004,0.418839,-0.18241
0,62.5,13.6949,47.848,-0.0859187,0.222547
0,62.5,47.4223,47.6378,0.619478,-0.154908
0,62.5,13.4675,47.8207,-0.0737996,0.106051
0,62.5,47.7295,48.0703,0.497933,0.103561
0,62.5,13.3803,48.0884,0.0328895,0.227858
0,62.5,47.9686,48.2419,0.409406,0.156551
0,62.5,12.9931,47.8527,0.165888,0.119111
0,62.5,48.1946,48.3995,0.350097,0.157146
0,62.5,12.9026,48.0767,0.0910175,-0.0894673
0,62.5,48.4129,48.5491,0.375027,0.00608008
0,62.5,13.0775,48.3838,-0.0625272,0.413085
0,62.5,49.3159,48.9975,0.0177752,0.161376
0,62.5,13.1973,48.8627,0.0759985,0.165021
0,62.5,48.4079,48.269,0.296509,0.00166932
0,62.5,12.8418,49.0744,0.143874,0.48954
0,62.5,49.5685,49.0781,0.147955,0.0703298
0,62.5,13.0287,49.3264,0.371103,0.188225
0,62.5,48.859,48.8126,0.214666,0.0451852
0,62.5,12.7758,49.3108,0.278734,0.534578
0,62.5,50.0807,49.2509,0.11981,-0.120234
0,62.5,13.2777,49.5519,0.131516,0.139171
0,62.5,50.5642,49.1671,0.266714,0.030355
0,62.5,12.5235,49.4981,0.079324,0.050532
0,62.5,50.8609,49.4824,-0.0475124,0.23485
0,62.5,12.5471,49.2381,0.382172,0.0272786
0,62.5,51.0472,49.0844,0.35414,0.45443
0,62.5,12.5752,50.01,0.171071,0.221996
0,62.5,51.1239,49.5742,-0.257227,0.291454
0,62.5,12.3336,49.99,0.197982,-0.0222401
0,62.5,51.6277,49.8001,-0.0298201,0.036717
0,62.5,12.0804,50.0176,0.21023,0.0438133
0,62.5,51.8182,49.9298,0.193066,-0.168047
0,62.5,12.2598,50.2355,0.251182,-0.0569818
0,62.5,52.0286,49.7406,0.334486,-0.0509848
0,62.5,12.1896,50.4798,0.339087,0.00516834
0,62.5,51.5948,49.5266,-0.133894,0.143551
0,62.5,11.5071,50.3104,0.358741,-0.0279473
0,62.5,53.1433,49.966,0.345473,0.392664
0,62.5,11.6494,50.7705,0.253296,-0.179713
0,62.5,53.2338,50.8028,-0.0297491,0.0511604
0,62.5,11.5425,51.0055,0.257119,-0.158996
0,62.5,54.896,51.0152,-0.374476,0.135959
0,62.5,2.41046,33.8727,-0.491655,2.29384
0,62.5,71.4508,29.2961,4.63306,-2.69074
0,62.5,1.63209,36.3923,-0.0607342,5.03118
0,62.5,75.6559,25.0976,0.293614,-6.37482
0,62.5,1.26614,35.1688,0.252602,3.31652
0,62.5,70.8165,29.4681,3.95139,-2.11421
0,62.5,1.54501,36.7164,-0.134321,5.13017
0,62.5,69.1586,32.2104,4.41137,-1.18345
0,62.5,1.31623,35.6306,-0.0979061,4.22668
0,62.5,68.0391,33.4324,3.2615,0.0168891
0,62.5,1.63657,37.7826,0.79868,1.38733
0,62.5,65.1621,34.6969,1.18946,1.02835
0,62.5,1.39423,31.2972,-0.465088,2.42845
0,62.5,64.1952,35.0894,1.00139,0.48588
0,62.5,1.55157,31.5746,-0.0202789,1.77096
0,62.5,62.5198,35.2923,0.63681,-0.152565
0,62.5,9.0596,33.8091,-1.48695,0.0364839
0,62.5,62.0644,35.1919,0.496994,-0.938109
0,62.5,9.835,34.4823,-1.43714,-0.416549
0,62.5,61.8457,35.0461,1.13178,-0.0332189
0,62.5,9.60842,34.1899,-1.35509,-0.133864
0,62.5,61.3397,35.8053,1.13858,-0.454199
0,62.5,10.1136,35.0554,-1.15638,-0.588829
0,62.5,61.4226,35.2232,1.25849,-1.08737
0,62.5,9.98526,34.6885,-1.20902,-0.152567
0,62.5,60.8912,36.1608,1.14627,0.114079
0,62.5,10.3266,35.5891,-1.38089,-0.519812
0,62.5,60.3087,36.997,1.33673,0.254071
0,62.5,10.4965,35.0989,-1.41952,-0.541576
0,62.5,59.8845,37.4319,2.10057,0.325539
0,62.5,10.5181,35.462,-1.43723,-0.0945549
0,62.5,60.0035,37.6159,1.88367,0.168935
0,62.5,10.8369,35.8285,-1.13026,0.0258479
0,62.5,59.5114,37.8146,1.68866,-0.293423
0,62.5,11.1466,36.5199,-1.47197,-0.0916565
0,62.5,58.6703,38.2377,1.87679,0.260988
0,62.5,11.0183,36.7641,-1.2355,-0.0828452
0,62.5,59.285,37.8584,2.05919,-0.0603107
0,62.5,11.3667,37.1137,-1.26088,0.141061
0,62.5,57.9402,38.9736,1.27864,0.801877
0,62.5,11.6897,37.5085,-1.15619,0.360766
0,62.5,58.2459,38.873,1.36695,0.666218
0,62.5,12.3279,38.1334,-1.26899,0.524969
0,62.5,57.9469,39.1862,0.75979,0.813575
0,62.5,12.5818,38.6044,-1.10222,0.529605
0,62.5,57.4625,39.4503,0.547198,1.20186
0,62.5,12.8586,39.0404,-1.02935,0.745546
0,62.5,56.6447,39.5414,0.726485,1.32645
0,62.5,13.0929,39.1711,-1.3088,0.546512
0,62.5,55.7438,40.3083,0.736296,1.22274
0,62.5,13.2522,39.4914,-1.16739,0.753267
0,62.5,56.1019,40.0073,0.648018,1.05795
0,62.5,13.2301,39.9417,-1.00879,0.807133
0,62.5,55.2672,40.6136,0.483531,1.21223
0,62.5,12.9905,39.8164,-0.90583,0.778254
0,62.5,54.4839,41.1133,0.151817,0.62261
0,62.5,13.0673,40.1144,-1.14713,0.797176
0,62.5,53.1412,41.6315,0.512846,0.976415
0,62.5,13.4976,40.534,-0.990626,0.801795
0,62.5,53.4237,41.6438,0.255987,0.752363
0,62.5,13.7539,40.5649,-0.990087,0.770068
0,62.5,52.8112,42.0231,0.463337,0.379684
0,62.5,13.6254,40.784,-0.931914,0.764195
0,62.5,52.8857,41.5837,0.905939,1.0241
0,62.5,13.886,40.8107,-0.949857,0.719541
0,62.5,52.4099,42.1935,1.05175,1.07018
0,62.5,13.4554,40.9214,-0.813772,1.0675
0,62.5,52.1201,42.2212,0.851719,1.05042
0,62.5,13.7778,41.0352,-0.906709,0.704036
0,62.5,50.9377,42.7535,0.812773,0.680617
0,62.5,13.9232,41.2866,-1.02667,0.509024
0,62.5,50.2836,42.7017,0.387345,0.594283
0,62.5,14.0787,41.494,-1.06064,0.738702
0,62.5,49.7411,42.8409,-0.0125926,1.19062
0,62.5,13.7382,41.4007,-1.07644,0.681465
0,62.5,49.4103,42.8076,-0.682132,1.01918
0,62.5,13.9043,41.6485,-1.21345,0.751372
0,62.5,49.1822,42.9434,-0.755776,0.413493
0,62.5,13.9267,41.9067,-1.02043,0.62161
0,62.5,48.9577,43.1038,-0.0751137,0.626958
0,62.5,13.9366,42.1913,-0.825843,0.812557
0,62.5,48.7371,43.2833,-0.0127069,0.643073
0,62.5,13.7014,42.2901,-0.916467,0.711672
0,62.5,48.4502,43.8078,0.587464,0.459685
0,62.5,13.9161,42.454,-0.85649,0.624594
0,62.5,47.7891,43.6789,0.112349,0.553116
0,62.5,14.0938,42.6244,-0.661364,0.617711
0,62.5,47.0916,43.5623,-0.988838,0.495501
0,62.5,14.3305,42.7881,-0.748859,0.684305
0,62.5,47.4119,43.5903,-0.588648,0.639853
0,62.5,14.5874,42.9827,-0.811312,0.639015
0,62.5,47.1484,43.7694,-0.259106,-0.13345
0,62.5,14.3485,43.0501,-0.804866,0.630532
0,62.5,46.7617,43.7516,-0.58535,0.350363
0,62.5,14.5886,43.2347,-0.786829,0.663444
0,62.5,46.3974,43.5149,-1.74835,-0.207438
0,62.5,15.0573,43.5536,-0.853855,0.538514
0,62.5,46.6151,43.4242,-0.97815,0.465896
0,62.5,15.2884,43.7244,-0.843766,0.526356
0,62.5,45.8201,43.6983,-0.431877,0.247595
0,62.5,14.8247,43.6496,-0.780255,0.513937
0,62.5,46.1613,43.7314,-0.471405,0.218297
0,62.5,15.2818,43.9853,-0.781453,0.439313
0,62.5,45.9692,43.8947,-0.761625,0.354327
0,62.5,15.2808,44.2462,-0.788203,0.502961
0,62.5,45.7184,44.1377,-0.542662,-0.0815646
0,62.5,15.5066,44.4194,-0.826629,0.615077
0,62.5,46.3398,44.2795,-0.200088,-0.349022
0,62.5,15.0477,44.0778,-0.704709,0.441165
0,62.5,45.9932,44.1626,-0.488723,-0.46955
0,62.5,15.7336,44.5951,-0.762269,0.651723
0,62.5,46.132,44.3902,-0.337503,-0.480211
0,62.5,15.2777,44.5112,-0.73612,0.528184
0,62.5,46.329,44.7114,-0.166508,-0.461298
0,62.5,15.4896,44.9503,-0.714873,0.646455
0,62.5,45.896,44.7801,0.0759821,-0.566554
0,62.5,15.2493,45.0326,-0.850649,0.55419
0,62.5,45.4022,44.861,-0.431609,-0.123806
0,62.5,15.506,44.6861,-0.777565,0.60584
0,62.5,45.5219,45.0917,-0.390377,-0.287374
0,62.5,15.0392,44.5986,-0.745893,0.521079
0,62.5,45.2687,45.1244,-1.0947,-1.06234
0,62.5,15.0343,44.8564,-0.824307,0.471599
0,62.5,44.7789,45.1736,-0.772847,-0.455929
0,62.5,14.6377,45.1175,-0.708298,0.477134
0,62.5,44.894,45.4229,-0.525121,-0.629824
0,62.5,15.2119,45.2914,-0.901127,0.487325
0,62.5,44.7352,45.5913,-0.384949,-0.859983
0,62.5,15.0049,45.1219,-0.964911,0.532659
0,62.5,45.1992,45.5185,-0.727028,-0.703785
0,62.5,14.8461,45.555,-0.792939,0.572041
0,62.5,45.0316,45.6673,-0.0790263,-0.636251
0,62.5,14.6103,45.6494,-0.815274,0.418534
0,62.5,45.4809,46.0112,0.185944,-0.379531
0,62.5,14.5853,45.9165,-0.977664,0.276947
0,62.5,45.1726,45.9148,0.245283,-0.833829
0,62.5,14.5576,46.1833,-0.867431,0.322839
0,62.5,46.0952,46.2894,0.29752,-0.143939
0,62.5,14.7643,46.3543,-0.964921,0.21692
0,62.5,46.1793,46.5439,0.265363,-0.138569
0,62.5,14.1174,46.1501,-0.787861,0.154622
0,62.5,45.9921,46.0476,0.355516,0.182397
0,62.5,14.33,46.3054,-0.922492,0.169214
0,62.5,46.3681,46.3974,0.375324,-0.250153
0,62.5,13.8464,46.578,-0.853548,0.071166
0,62.5,47.6273,46.7878,0.318044,-0.208754
0,62.5,14.097,46.4196,-0.882244,0.276853
0,62.5,46.6506,46.5512,0.31004,0.0376411
0,62.5,13.8646,47.125,-0.707381,0.436389
0,62.5,47.1731,46.8022,0.394883,-0.0299163
0,62.5,14.07,47.352,-0.44151,0.1103
0,62.5,46.9669,46.9399,0.621852,0.0232465
0,62.5,13.8096,47.3657,-0.419419,0.356065
0,62.5,46.9109,46.671,0.541028,-0.0970346
0,62.5,14.0358,47.5859,-0.257476,0.096557
0,62.5,47.4489,47.1937,0.302777,-0.253972
0,62.5,13.9666,47.8265,-0.069123,0.100208
0,62.5,46.8148,47.0987,0.717779,-0.115506
0,62.5,14.1604,48.0116,-0.18921,0.162471
0,62.5,47.6498,47.5508,0.628059,-0.366587
0,62.5,13.6218,48.0899,0.0577855,0.214375
0,62.5,48.1806,48.1195,0.245692,-0.0254265
0,62.5,13.56,48.334,0.130791,0.238074
0,62.5,48.1623,47.849,0.371888,-0.0720875
0,62.5,13.1438,48.1343,-0.0234043,0.497566
0,62.5,47.9444,47.967,0.455888,0.0664091
0,62.5,13.3186,48.3553,0.0785319,0.260512
0,62.5,48.6304,48.3937,0.233496,-0.0460069
0,62.5,13.2594,48.6159,0.0746448,0.127582
0,62.5,48.8504,48.5264,0.255607,0.123637
0,62.5,13.45,48.8358,0.0703794,0.104305
0,62.5,49.5339,48.8257,0.0573791,0.275489
0,62.5,13.1016,49.0953,0.239274,0.240021
0,62.5,49.2972,48.7369,0.0576523,0.33716
0,62.5,13.7006,48.785,0.0532152,0.24935
0,62.5,49.7849,48.9143,0.218209,0.157216
0,62.5,13.2876,49.3108,0.327423,0.188549
0,62.5,50.7784,49.002,0.424439,0.313154
0,62.5,13.3705,49.0814,0.0756574,0.071744
0,62.5,51.5615,49.265,-0.0384494,0.196243
0,62.5,12.7677,49.5519,-0.0331838,0.302014
0,62.5,50.8283,49.2427,0.206977,0.252745
0,62.5,13.5232,49.5185,0.159127,0.0936126
0,62.5,51.0921,49.3279,0.0133224,0.236001
0,62.5,12.6658,49.7734,0.0431923,0.235619
0,62.5,51.3824,49.675,-0.192182,0.101026
0,62.5,13.0266,49.5646,0.0560466,0.220196
0,62.5,51.3479,49.4211,-0.0584133,0.274969
0,62.5,12.5036,50.2509,0.261699,0.0857699
0,62.5,52.2734,49.7924,0.530576,-0.110725
0,62.5,12.7577,50.2457,0.375702,0.077782
0,62.5,52.9883,49.7867,0.448449,0.287625
0,62.5,12.4324,50.4938,0.367974,-0.0440525
0,62.5,52.6513,50.8224,0.101945,0.0554342
0,62.5,11.9443,50.5042,0.431716,-0.114495
0,62.5,53.3437,50.5831,0.122475,0.283518
0,62.5,11.6967,50.5262,0.372234,0.0449721
0,62.5,53.509,50.7924,0.0943706,0.325968
0,62.5,11.7935,51.0078,0.0421626,0.0938868
0,62.5,55.1524,51.0112,-0.387097,-0.159488
0,62.5,1.16753,29.3934,0.954297,-2.84349
0,62.5,74.4576,28.2128,2.78636,-4.2329
0,62.5,1.46296,33.5839,-0.302553,3.46809
0,62.5,72.9123,28.8798,2.65639,-2.95978
0,62.5,1.22046,32.4023,-0.499826,3.63455
0,62.5,69.89,31.6727,4.31977,-1.50271
0,62.5,1.33762,37.4805,-1.11297,-0.144548
0,62.5,71.012,30.0259,3.84977,-2.65461
0,62.5,1.73838,33.7166,-0.118657,3.7039
0,62.5,67.1137,34.0482,2.68456,0.718726
0,62.5,1.32703,31.642,-0.16053,1.45599
0,62.5,68.5568,32.8173,4.35219,-0.765106
0,62.5,4.06864,30.0808,-4.66732,-1.65259
0,62.5,63.3352,35.1285,1.20974,0.124607
0,62.5,4.62691,30.7642,-4.49297,-1.02588
0,62.5,63.4927,35.308,0.78083,0.20314
0,62.5,7.61269,32.6425,-1.50307,1.27189
0,62.5,62.9238,35.1804,0.659622,-0.334812
0,62.5,8.84098,33.599,-1.79339,-0.197956
0,62.5,62.1927,35.5314,0.223549,-0.520661
0,62.5,9.88586,34.2606,-1.60194,-0.07231
0,62.5,61.9613,35.4133,1.24152,-0.508394
0,62.5,10.206,34.6602,-1.13611,-0.0859345
0,62.5,61.5994,35.169,1.06652,-0.596323
0,62.5,9.46208,33.8999,-1.46269,-0.0186743
0,62.5,61.4555,35.5708,1.33075,-0.770938
0,62.5,10.7863,35.5547,-1.3338,-0.28002
0,62.5,61.0519,35.8996,1.907,-0.670535
0,62.5,10.2632,34.9238,-1.47197,-0.588405
0,62.5,60.7089,36.8985,1.22512,-0.493232
0,62.5,11.1768,36.2081,-1.44459,-0.0672298
0,62.5,58.8855,38.3031,1.76065,0.0872413
0,62.5,11.4904,36.8985,-1.27064,-0.0211308
0,62.5,59.7829,37.8161,1.76255,-0.405953
0,62.5,11.2596,36.7928,-1.13484,0.0216132
0,62.5,58.788,38.6048,1.34049,0.100207
0,62.5,11.5875,37.2066,-1.28097,0.320316
0,62.5,58.5977,38.4734,1.26608,0.330565
0,62.5,11.9276,37.5824,-1.11063,0.404535
0,62.5,58.5393,38.7338,0.883156,0.797059
0,62.5,12.121,37.7275,-1.32698,0.388705
0,62.5,58.323,38.6258,0.952305,0.564183
0,62.5,12.5361,38.3053,-1.16932,0.359778
0,62.5,58.2068,39.1075,0.727611,0.95343
0,62.5,12.793,38.7428,-1.14033,0.656134
0,62.5,56.9175,39.5702,0.784989,0.891634
0,62.5,13.029,38.8707,-0.902973,0.762931
0,62.5,56.4535,39.7269,0.800013,1.34254
0,62.5,13.329,39.2889,-1.26187,0.69834
0,62.5,56.3778,39.9689,0.788138,1.16719
0,62.5,13.5301,39.6248,-1.17648,0.655523
0,62.5,55.6218,40.5304,0.522162,0.915335
0,62.5,13.326,39.7355,-1.28752,0.578006
0,62.5,55.4856,40.7476,0.338437,0.891929
0,62.5,13.3828,40.1549,-1.18875,0.76857
0,62.5,54.8992,40.8634,0.0815107,0.717653
0,62.5,13.5981,40.3003,-1.08919,0.756394
0,62.5,54.7718,41.081,0.333531,0.894243
0,62.5,14.0226,40.6049,-0.969007,0.811102
0,62.5,53.696,41.6311,0.463679,0.783783
0,62.5,14.466,41.327,-0.95917,0.644547
0,62.5,53.2702,41.8479,0.0885167,0.886399
0,62.5,14.1575,40.8541,-0.946941,0.584561
0,62.5,52.9659,41.8271,0.332911,1.32509
0,62.5,14.5688,41.6027,-1.02469,0.712696
0,62.5,52.6796,42.2235,0.478739,0.930005
0,62.5,14.2069,41.2646,-1.14398,0.754424
0,62.5,52.271,42.4114,1.03073,0.967004
0,62.5,14.6253,41.8702,-0.956264,0.721939
0,62.5,51.4305,42.6407,0.593343,1.04905
0,62.5,14.0365,41.0632,-1.03227,0.637893
0,62.5,51.9551,42.4166,0.819686,0.675662
0,62.5,14.3166,41.53,-1.01325,0.712478
0,62.5,50.3233,42.9353,0.238575,1.19343
0,62.5,14.3745,41.7854,-0.938215,0.840236
0,62.5,50.0476,42.879,0.00403693,1.1213
0,62.5,14.3969,42.0431,-0.996526,0.707989
0,62.5,49.8174,43.0585,-0.359591,1.41729
0,62.5,14.1443,41.783,-1.0173,0.649414
0,62.5,49.5179,43.0096,-0.0897305,1.04581
0,62.5,14.1565,42.0517,-0.949995,0.721587
0,62.5,49.062,43.2974,0.296157,0.482734
0,62.5,14.1551,42.3113,-0.794762,0.783978
0,62.5,48.8615,43.4728,0.323847,0.885532
0,62.5,14.5593,42.487,-0.610546,0.650418
0,62.5,48.0837,43.7387,-0.143099,0.650715
0,62.5,14.3052,42.5177,-0.622233,0.692686
0,62.5,47.7019,43.879,-0.10479,0.673647
0,62.5,14.5619,42.7342,-0.74234,0.727025
0,62.5,47.45,43.8035,0.137202,0.29551
0,62.5,14.8307,43.1315,-0.762893,0.687463
0,62.5,47.5568,44.067,-0.284047,0.0641662
0,62.5,14.8272,43.3886,-0.79318,0.58538
0,62.5,47.2082,44.1792,-0.191318,0.298664
0,62.5,15.2952,43.2096,-0.865661,0.592299
0,62.5,47.2849,43.9809,-0.25238,-0.160592
0,62.5,15.064,43.2937,-0.877953,0.570667
0,62.5,46.962,43.9026,-0.383183,-0.0418404
0,62.5,15.2966,43.4697,-0.855307,0.550201
0,62.5,46.5012,43.7128,-0.527574,-0.115062
0,62.5,15.5156,43.889,-0.872287,0.503046
0,62.5,46.0891,43.5462,-1.36733,-0.0818459
0,62.5,15.7392,44.0546,-0.819327,0.575523
0,62.5,46.6731,43.9699,-0.514312,0.14791
0,62.5,15.5136,44.1531,-0.797209,0.539144
0,62.5,46.5037,44.1301,-0.279276,-0.0638368
0,62.5,15.7372,44.3307,-0.786404,0.625939
0,62.5,46.1899,44.046,-0.17162,-0.0709845
0,62.5,15.9648,44.5347,-0.712415,0.653462
0,62.5,46.5839,44.8076,-0.326877,-0.276642
0,62.5,15.9833,43.9787,-0.870229,0.566296
0,62.5,46.4297,44.5143,-0.246055,-0.344551
0,62.5,15.9517,44.2422,-0.795404,0.554582
0,62.5,46.4368,44.9866,-0.133707,-0.280711
0,62.5,16.2185,44.9756,-0.898079,0.737724
0,62.5,45.9938,45.0382,-0.136483,-0.457764
0,62.5,15.7274,44.864,-0.737005,0.715318
0,62.5,46.1537,44.8594,-0.35998,-0.645283
0,62.5,15.9614,44.7928,-0.767564,0.592362
0,62.5,45.7022,44.922,-0.484901,-0.398147
0,62.5,15.7146,45.1188,-0.79329,0.789748
0,62.5,45.6185,45.335,-0.211621,-0.39117
0,62.5,15.966,45.0443,-0.844729,0.665253
0,62.5,45.3714,45.3562,-0.80386,-1.17606
0,62.5,15.4663,45.2073,-0.802658,0.616074
0,62.5,45.0785,45.2776,-0.933889,-0.747667
0,62.5,15.4064,45.4648,-0.880426,0.425569
0,62.5,45.334,45.7688,-0.178848,-0.586006
0,62.5,15.0887,45.4792,-0.723078,0.482789
0,62.5,45.4899,45.6049,-0.295525,-0.948371
0,62.5,15.0667,45.7276,-0.862916,0.538624
0,62.5,45.8718,45.8083,0.325344,-0.01375
0,62.5,14.823,45.8196,-0.888555,0.405056
0,62.5,46.1661,45.8865,0.352594,-0.301122
0,62.5,15.0338,45.9867,-0.847902,0.442733
0,62.5,45.6357,45.8457,0.088373,-0.855001
0,62.5,14.7948,46.0832,-0.901613,0.355762
0,62.5,46.7572,46.1414,0.114232,-0.0209372
0,62.5,15.0046,46.249,-0.973471,0.27476
0,62.5,46.2802,46.1369,0.244623,-0.0943264
0,62.5,14.54,46.4607,-1.1199,0.0849971
0,62.5,46.5702,46.2886,0.423807,0.0236932
0,62.5,15.1837,46.4432,-1.02052,0.281608
0,62.5,46.8375,46.4042,0.378736,-0.0592538
0,62.5,14.3094,46.5774,-1.1341,0.259155
0,62.5,47.0372,46.276,0.195994,0.112472
0,62.5,14.0644,46.6785,-1.09483,0.250075
0,62.5,47.1043,46.5381,0.361885,0.00927626
0,62.5,14.1682,46.8898,-0.78948,0.094239
0,62.5,47.8863,46.9338,0.244642,-0.16072
0,62.5,14.1211,47.1206,-0.747905,0.111671
0,62.5,47.3671,46.6578,0.243437,-0.0442455
0,62.5,14.299,47.5238,-0.427364,-0.0396152
0,62.5,47.6729,47.0565,0.146363,-0.198873
0,62.5,14.3424,47.2856,-0.672823,-0.0967815
0,62.5,47.4299,46.925,0.283521,-0.203993
0,62.5,14.2349,47.7699,-0.228941,0.0351421
0,62.5,47.0877,47.2424,0.794908,-0.170151
0,62.5,14.354,48.1984,-0.29475,0.104691
0,62.5,47.6784,47.3258,0.297744,-0.219701
0,62.5,13.8853,48.0559,-0.0386101,0.097603
0,62.5,47.9211,47.7029,0.268002,-0.22285
0,62.5,14.0857,48.2461,-0.118611,0.229685
0,62.5,47.9176,47.4611,0.226969,-0.170986
0,62.5,13.8193,48.2924,0.0413602,0.197537
0,62.5,48.1631,47.5873,0.341006,-0.142642
0,62.5,14.2773,48.4411,-0.135838,0.215838
0,62.5,48.6273,48.1215,0.288362,-0.0754877
0,62.5,13.504,48.5838,0.163921,0.160327
0,62.5,49.0664,48.6333,0.0260456,0.202818
0,62.5,14.0165,48.4863,0.0062253,0.371557
0,62.5,49.752,48.6601,0.129955,0.189725
0,62.5,13.7571,48.5358,0.129612,0.254495
0,62.5,50.0411,49.0047,0.313969,0.0124795
0,62.5,14.2095,48.6873,-0.0580065,0.367269
0,62.5,50.3027,49.0868,0.418902,-0.0584731
0,62.5,13.9544,48.7314,0.0318294,0.324215
0,62.5,51.3072,49.1673,0.080902,0.318875
0,62.5,13.633,49.0384,-0.0138044,0.161349
0,62.5,51.8055,49.3539,0.0292204,0.133003
0,62.5,13.5576,49.2783,0.174243,0.0114596
0,62.5,52.2664,49.5438,0.449485,-0.0365204
0,62.5,13.4492,49.7767,0.24195,-0.0373137
0,62.5,52.4994,49.6597,0.639243,0.0421857
0,62.5,13.1941,49.7953,0.184975,0.0285841
0,62.5,51.829,49.6237,0.0914234,0.117227
0,62.5,13.1007,50.0231,0.229676,0.0805888
0,62.5,52.5779,49.4344,0.492159,0.268773
0,62.5,12.9303,49.7933,0.148579,0.0276432
0,62.5,52.7358,49.7199,0.530541,0.212
0,62.5,12.8312,50.0136,0.168491,0.074844
0,62.5,53.4309,49.921,0.303418,0.192954
0,62.5,12.6808,50.4859,0.34092,-0.018077
0,62.5,53.7735,50.7722,0.0527178,0.216428
0,62.5,12.1364,50.7347,0.142262,-0.0554542
0,62.5,54.1641,50.5337,-0.136954,-0.0142901
0,62.5,12.035,50.9975,0.0746614,-0.159919
0,62.5,53.8989,51.0061,-0.0667127,0.344749
0,62.5,11.9002,50.7554,0.251933,0.00520598
0,62.5,55.3995,51.0128,-0.261375,-0.0518256
0,62.5,2.13421,37.7627,-1.31842,1.28367
0,62.5,68.1927,27.36,-7.32787,-0.380745
0,62.5,1.47967,38.7066,0.124422,3.70317
0,62.5,76.0559,25.4361,0.262234,-2.57439
0,62.5,1.73995,36.6247,-0.494861,5.15462
0,62.5,71.2365,29.22,4.6111,-2.59039
0,62.5,1.37808,30.9528,-0.0756939,1.6118
0,62.5,70.392,30.8853,4.42922,-1.95802
0,62.5,1.33844,30.3087,-1.38548,0.222721
0,62.5,68.362,33.2283,3.73695,-0.202531
0,62.5,2.9766,29.4838,-3.88384,-2.57577
0,62.5,66.1592,34.4594,2.0783,0.996093
0,62.5,7.14166,32.4658,-1.76627,0.278151
0,62.5,64.499,35.1004,0.970755,0.396263
0,62.5,8.38074,33.042,-1.7489,-0.164314
0,62.5,64.8632,35.0989,0.833078,0.723403
0,62.5,9.22553,33.6606,-1.61845,-0.103082
0,62.5,63.1034,35.0905,1.53616,-0.527958
0,62.5,9.68753,33.9956,-1.41083,-0.149503
0,62.5,62.3028,35.2973,1.17319,-0.900265
0,62.5,10.4985,34.8417,-1.74386,-0.470152
0,62.5,61.766,35.3426,1.08729,-0.816819
0,62.5,10.6995,35.2876,-1.25207,-0.168024
0,62.5,60.8536,36.4944,2.18488,-0.744699
0,62.5,11.0182,35.6401,-1.11149,0.179811
0,62.5,61.2203,36.065,1.23052,-1.13874
0,62.5,11.088,35.9228,-1.60405,-0.139334
0,62.5,59.4573,38.0808,1.69156,0.355367
0,62.5,11.3599,36.549,-1.2321,0.101269
0,62.5,59.2165,38.1388,1.74944,-0.00837855
0,62.5,11.3741,36.2266,-1.58382,-0.135446
0,62.5,60.1991,37.35,1.40439,0.249349
0,62.5,11.7341,37.0197,-1.40867,0.0342681
0,62.5,59.0347,38.4549,1.34117,0.523793
0,62.5,11.8359,37.3026,-1.21646,0.272492
0,62.5,58.4744,38.9901,1.32498,0.570025
0,62.5,12.0949,37.3904,-1.39179,0.408801
0,62.5,58.7197,38.9025,1.19515,0.655408
0,62.5,12.3538,37.8579,-1.40024,0.400157
0,62.5,58.0056,39.4195,0.998206,0.844483
0,62.5,12.5599,38.0334,-1.3068,0.336501
0,62.5,57.5256,39.6661,0.676482,1.13684
0,62.5,12.7645,38.4298,-1.05537,0.789611
0,62.5,57.75,39.4593,0.757033,1.28852
0,62.5,12.9758,38.5828,-1.05354,0.757416
0,62.5,56.7393,39.776,1.13246,1.20279
0,62.5,13.7112,39.7988,-1.17636,0.717478
0,62.5,57.2008,39.6247,0.792639,0.643533
0,62.5,14.0067,40.1719,-1.15845,0.858463
0,62.5,55.926,40.4892,0.475355,1.09009
0,62.5,13.7218,40.0994,-1.16616,0.796877
0,62.5,56.2115,40.4524,0.469359,1.23993
0,62.5,13.5176,39.9512,-1.24895,0.608452
0,62.5,55.1994,40.8456,0.20769,0.779923
0,62.5,13.8631,40.3514,-1.05985,0.766791
0,62.5,54.237,41.5669,0.491922,0.776108
0,62.5,14.3347,41.0586,-1.03734,0.839504
0,62.5,54.6406,41.3105,0.729722,0.886861
0,62.5,14.5996,41.1356,-1.15116,0.699483
0,62.5,54.1229,41.7979,0.267516,0.558351
0,62.5,14.7213,41.4165,-0.952994,0.569418
0,62.5,54.3591,41.3366,0.355781,0.340554
0,62.5,14.8563,41.2265,-1.07974,0.646233
0,62.5,53.5505,41.8621,0.355886,0.575426
0,62.5,14.9749,41.5214,-1.04622,0.669696
0,62.5,53.1183,42.0384,0.356598,0.321304
0,62.5,14.8173,41.6986,-0.870514,0.573079
0,62.5,52.9881,42.2259,0.775523,0.641902
0,62.5,15.2074,41.6296,-0.954298,0.6346
0,62.5,52.5425,42.4261,0.44238,1.1919
0,62.5,15.0667,41.8207,-0.961453,0.663831
0,62.5,50.9869,42.996,0.31903,0.844065
0,62.5,15.3089,41.925,-0.977567,0.586873
0,62.5,50.7143,42.9136,0.658933,0.83239
0,62.5,14.6563,42.116,-0.873674,0.739635
0,62.5,50.4844,43.0887,0.681133,0.813874
0,62.5,14.8767,41.9649,-0.85558,0.670835
0,62.5,50.1076,43.1149,-0.114035,1.40368
0,62.5,14.7445,42.3349,-0.751127,0.64636
0,62.5,49.6049,43.225,-0.120776,1.02943
0,62.5,14.9545,42.2077,-0.746305,0.613897
0,62.5,49.2905,43.1524,-0.440038,0.773625
0,62.5,14.4155,42.2745,-0.700679,0.707586
0,62.5,49.1688,43.5136,0.366526,0.530837
0,62.5,14.8024,42.6187,-0.750042,0.68052
0,62.5,48.6496,43.646,0.608987,0.42751
0,62.5,14.821,42.873,-0.765802,0.678052
0,62.5,48.7689,43.8541,0.669396,0.217836
0,62.5,15.0457,42.76,-0.883801,0.647596
0,62.5,47.984,43.9422,-0.120716,0.792633
0,62.5,15.2822,42.9422,-0.882496,0.612297
0,62.5,47.844,44.1224,-0.131091,0.496067
0,62.5,15.0595,43.0287,-0.837664,0.580147
0,62.5,47.4768,44.271,-0.0560152,0.142565
0,62.5,15.5198,43.1119,-0.983531,0.612016
0,62.5,47.3391,44.4489,-0.153922,0.40793
0,62.5,15.532,43.3779,-1.02354,0.598446
0,62.5,47.1935,44.6288,-0.120683,0.0600849
0,62.5,15.7574,43.2778,-1.08773,0.571601
0,62.5,47.0627,44.3716,-0.010597,0.110673
0,62.5,15.5333,43.6344,-1.07548,0.508525
0,62.5,46.9417,44.1266,0.0910916,0.243629
0,62.5,15.7712,43.54,-1.03545,0.511498
0,62.5,46.369,43.8914,-0.203999,-0.18446
0,62.5,16.0026,43.7157,-0.880015,0.553935
0,62.5,46.7441,44.243,-0.00504572,0.0144954
0,62.5,16.2196,43.887,-0.870606,0.580347
0,62.5,46.7588,44.6993,-0.293416,0.0884824
0,62.5,15.7632,43.7975,-0.940952,0.627974
0,62.5,46.6355,44.4414,-0.17079,0.0481398
0,62.5,16.1932,44.1535,-0.751536,0.659801
0,62.5,46.9002,44.9625,-0.271459,0.0637283
0,62.5,16.1583,44.4197,-0.703373,0.629578
0,62.5,46.7178,45.0682,-0.463184,-0.361707
0,62.5,16.3644,44.5935,-0.749364,0.67401
0,62.5,46.2627,45.126,-0.253032,-0.300512
0,62.5,16.1982,44.7349,-0.71337,0.651964
0,62.5,46.1022,45.2941,-0.0843249,-0.333939
0,62.5,16.413,45.1949,-0.789831,0.645328
0,62.5,45.9053,45.4123,-0.30376,-0.454368
0,62.5,16.1619,45.23,-0.717894,0.697306
0,62.5,45.797,45.1682,-0.54981,-0.421257
0,62.5,16.1065,45.491,-0.670585,0.725227
0,62.5,46.0328,45.6432,0.19165,-0.351816
0,62.5,15.9116,45.2981,-0.727613,0.778074
0,62.5,46.2364,45.5353,-0.0543364,-0.105908
0,62.5,15.8609,45.5598,-0.689361,0.755166
0,62.5,45.7294,45.5755,-0.0831385,0.0520652
0,62.5,15.6616,45.3794,-0.734587,0.721818
0,62.5,46.3612,45.782,0.103827,-0.0393441
0,62.5,15.6094,45.6372,-0.85051,0.583403
0,62.5,46.4804,46.0304,0.252106,-0.0706629
0,62.5,15.3146,45.6753,-0.837567,0.423877
0,62.5,46.6594,45.8834,-0.160051,0.0565403
0,62.5,15.5296,45.8633,-0.798379,0.514046
0,62.5,46.9487,46.0141,0.0330822,0.225802
0,62.5,15.2791,45.9227,-0.820863,0.390343
0,62.5,47.2173,46.1191,-0.270058,0.0456985
0,62.5,15.4893,46.1139,-0.861716,0.374733
0,62.5,47.49,46.2516,-0.0385097,0.0564132
0,62.5,15.2451,46.182,-0.951437,0.292521
0,62.5,47.7589,46.3967,0.0779367,-0.131961
0,62.5,15.4325,46.3761,-0.97537,0.268141
0,62.5,47.299,46.3888,-0.0378259,-0.0252987
0,62.5,15.3774,46.6346,-0.992004,0.286978
0,62.5,47.8322,46.6668,0.182627,-0.130765
0,62.5,15.1236,46.6966,-0.911494,0.320727
0,62.5,47.5595,46.5198,0.0950823,-0.00560057
0,62.5,14.6511,46.663,-0.671625,-0.163208
0,62.5,48.1312,47.0634,0.667991,-0.0794578
0,62.5,14.9264,46.5183,-0.991951,0.369641
0,62.5,47.9117,47.1994,0.194978,-0.0730583
0,62.5,14.4139,46.7812,-0.789635,-0.00861483
0,62.5,48.3753,47.2037,0.443759,-0.09388
0,62.5,14.6319,46.9286,-0.821376,-0.205555
0,62.5,48.3915,47.4636,0.326303,0.00742214
0,62.5,14.497,47.7021,-0.442465,-0.165799
0,62.5,48.1493,47.326,0.477932,-0.0968329
0,62.5,14.3905,47.0392,-0.864282,-0.100602
0,62.5,48.6229,47.8533,0.234272,-0.0563389
0,62.5,14.4266,47.951,-0.339734,0.0181001
0,62.5,48.392,47.7319,0.242385,-0.0945334
0,62.5,14.557,47.4482,-0.644672,-0.261907
0,62.5,48.8505,48.2462,0.21861,-0.116915
0,62.5,14.6196,48.0961,-0.525362,0.371878
0,62.5,49.067,48.3548,0.141909,0.0450409
0,62.5,14.6966,47.8251,-0.638759,0.454063
0,62.5,49.287,48.4705,0.129157,0.119522
0,62.5,14.5406,48.3644,-0.393847,0.294506
0,62.5,49.5158,48.5623,0.0978608,0.224768
0,62.5,14.6405,48.8171,-0.145855,0.146965
0,62.5,49.9994,48.7534,0.360793,-0.044825
0,62.5,14.4644,48.6249,-0.180959,0.42054
0,62.5,51.0053,48.8449,0.394302,0.255567
0,62.5,14.3962,48.8836,-0.125424,0.468091
0,62.5,50.2546,48.8423,0.57481,-0.156309
0,62.5,14.1426,48.9365,-0.10197,0.389545
0,62.5,51.2765,48.9258,0.133052,0.22416
0,62.5,13.8905,48.9809,0.012408,0.256043
0,62.5,51.8054,49.1109,0.0318495,0.145068
0,62.5,13.6984,49.7279,0.2929,0.000380255
0,62.5,52.0421,49.4557,0.270953,0.173322
0,62.5,13.6223,49.9847,0.384982,-0.0570239
0,62.5,52.0654,49.2192,0.34618,0.302689
0,62.5,13.3656,50.0202,0.246092,-0.00654028
0,62.5,53.0879,49.5697,0.479581,0.298739
0,62.5,13.2799,50.2501,0.497561,-0.00561684
0,62.5,53.6976,50.3286,0.180643,0.164872
0,62.5,13.0163,50.2477,0.372553,0.0930493
0,62.5,53.0606,50.6008,0.0460217,0.144578
0,62.5,13.4345,50.4861,0.526865,-0.0431015
0,62.5,53.9486,50.3072,-0.0368885,-0.0434179
0,62.5,12.9296,50.484,0.503125,0.106
0,62.5,53.6208,50.5618,0.0736447,0.216043
0,62.5,12.3746,50.7401,0.174787,-0.00591492
0,62.5,54.407,50.5184,-0.0782341,0.0292042
0,62.5,12.4993,50.994,-0.150456,0.0641427
0,62.5,54.6389,51.013,-0.313576,-0.208032
0,62.5,12.2671,50.994,-0.0294009,0.0122563
0,62.5,55.9079,51.0162,-0.094319,-0.126212
0,62.5,1.74581,32.8857,0.162591,3.3614
0,62.5,74.3434,23.2314,-1.75767,-8.24302
0,62.5,5.04555,22.3315,5.64011,-8.52336
0,62.5,73.7714,27.9584,3.16563,-3.49183
0,62.5,1.41822,33.1322,-0.319298,3.62517
0,62.5,73.2552,23.1688,-2.87482,-7.33398
0,62.5,1.60288,30.9356,-0.813225,2.60666
0,62.5,71.1264,27.7701,0.0787907,-5.45481
0,62.5,4.84529,30.7475,-4.51712,-1.35113
0,62.5,70.487,30.0895,3.80044,-2.4675
0,62.5,4.2759,30.4535,-4.43789,-1.19006
0,62.5,69.0586,32.5655,4.08747,-0.937891
0,62.5,8.80574,33.2142,-1.52239,-0.203881
0,62.5,67.7977,33.6602,3.05712,0.439274
0,62.5,7.89356,32.7319,-1.09323,1.89217
0,62.5,64.9951,34.9245,1.18336,0.938175
0,62.5,10.1203,34.4279,-1.48675,-0.202079
0,62.5,66.6857,34.1866,2.31486,0.627925
0,62.5,9.44041,33.5878,-1.75529,-0.146066
0,62.5,63.9888,35.2763,0.68874,0.63898
0,62.5,10.7507,35.0477,-1.54983,-0.226799
0,62.5,62.7904,35.3737,0.36891,0.142062
0,62.5,10.436,34.5838,-1.49192,-0.56237
0,62.5,62.0737,35.7464,1.02657,-0.306119
0,62.5,11.2909,35.8955,-1.27726,-0.1228
0,62.5,62.3305,35.7822,0.678966,-0.17832
0,62.5,10.9434,35.3452,-1.57671,0.129099
0,62.5,61.6661,35.5747,1.19556,-0.788831
0,62.5,11.5118,36.0184,-1.58682,0.0878412
0,62.5,60.4008,37.21,1.50814,-0.112445
0,62.5,11.5993,36.7036,-1.51984,0.291275
0,62.5,60.8899,36.7998,1.50901,-1.22784
0,62.5,11.9928,37.1231,-1.33682,0.202594
0,62.5,59.706,38.0411,1.4786,0.12494
0,62.5,12.2573,37.2217,-1.35908,0.263037
0,62.5,59.2697,38.3707,1.62618,0.160348
0,62.5,12.297,37.5521,-1.41635,0.28655
0,62.5,58.2417,39.3468,0.486492,0.793872
0,62.5,12.7483,37.871,-1.48071,0.431309
0,62.5,58.9696,38.7313,1.0554,0.746794
0,62.5,12.7796,38.1649,-1.39589,0.438041
0,62.5,57.8004,39.6885,0.58403,1.13111
0,62.5,13.2163,38.7195,-1.09758,0.849866
0,62.5,57.0081,39.8023,1.23264,0.853082
0,62.5,13.5901,39.4045,-1.43135,0.616803
0,62.5,56.63,39.9674,0.611526,1.11185
0,62.5,13.9193,39.9232,-1.17775,0.910101
0,62.5,56.0213,40.259,0.470375,1.03767
0,62.5,14.2863,40.2278,-1.17514,0.768559
0,62.5,56.2825,40.2077,0.660445,1.31995
0,62.5,14.1487,40.4152,-1.06529,0.819561
0,62.5,55.7931,40.7033,0.509083,0.972439
0,62.5,14.4338,40.4821,-1.12888,0.631313
0,62.5,55.9079,40.9031,0.533959,1.17441
0,62.5,14.3007,40.6697,-1.00269,0.624602
0,62.5,55.369,41.0117,0.27214,0.834879
0,62.5,14.4746,40.8698,-1.25773,0.807714
0,62.5,55.6204,40.9289,0.401651,1.07065
0,62.5,14.7392,40.9405,-1.17889,0.898253
0,62.5,54.5172,41.5406,0.789547,0.571531
0,62.5,15.1025,41.3236,-1.03981,0.616386
0,62.5,55.066,41.057,0.148603,0.888545
0,62.5,15.3358,41.3658,-1.03934,0.720731
0,62.5,53.9932,42.0204,0.23956,0.700667
0,62.5,15.6543,41.5529,-1.13165,0.806609
0,62.5,53.9685,41.5914,0.357992,0.997546
0,62.5,15.4306,41.6169,-0.941365,0.720903
0,62.5,53.8399,41.8278,0.327206,0.846387
0,62.5,15.7411,41.8075,-1.00886,0.683608
0,62.5,53.4102,42.0765,0.371536,0.765168
0,62.5,15.5178,41.8701,-0.875988,0.740841
0,62.5,52.8705,42.414,0.19702,1.1686
0,62.5,15.7833,42.0782,-0.905591,0.710955
0,62.5,52.0564,42.6222,0.330544,0.720644
0,62.5,15.566,42.136,-0.90062,0.721819
0,62.5,51.7633,42.6188,0.843802,0.979434
0,62.5,15.8349,42.3518,-1.00085,0.738455
0,62.5,50.7423,43.1487,0.376527,0.786966
0,62.5,15.1594,42.0984,-0.758025,0.679913
0,62.5,50.2556,43.2711,0.346117,0.354424
0,62.5,15.384,42.2469,-0.840623,0.624772
0,62.5,49.8964,43.286,-0.189883,0.802916
0,62.5,15.2005,42.388,-0.789436,0.678238
0,62.5,49.7022,43.4523,-0.176458,1.04279
0,62.5,15.448,42.543,-0.917236,0.615355
0,62.5,49.3799,43.3671,-0.121003,0.752187
0,62.5,14.9921,42.4785,-0.766782,0.664338
0,62.5,48.961,43.6881,0.533687,0.455187
0,62.5,15.2491,42.6599,-0.939433,0.683987
0,62.5,48.2716,43.9568,-0.29645,0.875266
0,62.5,15.4865,42.8319,-0.951387,0.668147
0,62.5,48.1527,44.1619,0.0150384,0.54106
0,62.5,15.7253,43.0012,-1.0453,0.580437
0,62.5,48.0185,44.3531,-0.0451532,0.682908
0,62.5,16.4398,43.5101,-0.805067,0.753743
0,62.5,47.7508,44.328,-0.277106,0.343799
0,62.5,15.9707,43.1773,-1.09057,0.627698
0,62.5,47.8895,44.5815,-0.346503,0.223701
0,62.5,16.229,43.6139,-0.988351,0.659416
0,62.5,47.625,44.5311,-0.257501,0.154783
0,62.5,16.0005,43.4484,-1.06237,0.628899
0,62.5,47.4832,44.7025,-0.00113198,0.0629903
0,62.5,16.6666,43.9781,-0.748609,0.700436
0,62.5,47.0346,44.7758,-0.322936,-0.0770634
0,62.5,16.4341,44.0724,-0.714031,0.748102
0,62.5,46.8996,44.5095,-0.0597204,-0.019952
0,62.5,16.6484,44.2454,-0.593999,0.714039
0,62.5,47.3286,44.8779,-0.0246663,-0.159451
0,62.5,16.4028,44.3319,-0.617986,0.630418
0,62.5,47.3177,45.3008,-0.006282,-0.497676
0,62.5,16.876,44.4271,-0.775815,0.707175
0,62.5,47.1786,45.0384,-0.120868,-0.220955
0,62.5,16.6208,44.4951,-0.736659,0.718167
0,62.5,47.1749,45.4777,-0.259674,0.24342
0,62.5,16.5648,44.7489,-0.84846,0.743541
0,62.5,46.854,45.3265,-0.288458,-0.0950513
0,62.5,16.4591,44.9468,-0.862945,0.628224
0,62.5,47.0375,45.2194,-0.0718327,-0.0966378
0,62.5,16.6624,45.1616,-0.850305,0.572415
0,62.5,46.5681,45.24,-0.30433,-0.103362
0,62.5,16.3468,45.4488,-0.711745,0.646742
0,62.5,46.7007,45.4947,0.0214341,-0.118228
0,62.5,16.292,45.7096,-0.669009,0.531915
0,62.5,46.3963,45.3784,-0.425126,-0.329501
0,62.5,16.0511,45.7529,-0.657034,0.619598
0,62.5,46.8367,45.7504,0.0111533,-0.0415719
0,62.5,16.2406,45.9698,-0.617061,0.54455
0,62.5,46.5314,45.6298,-0.163627,-0.0341233
0,62.5,15.9972,46.0147,-0.705746,0.478814
0,62.5,47.8297,45.9413,-0.139129,-0.25462
0,62.5,16.1792,46.2278,-0.690635,0.3957
0,62.5,47.1122,45.8494,-0.0435066,-0.149263
0,62.5,15.8041,45.819,-0.729743,0.54251
0,62.5,47.9249,46.2287,0.108088,-0.712646
0,62.5,15.9277,46.2626,-0.730757,0.306101
0,62.5,47.4059,45.9932,0.13842,-0.100499
0,62.5,15.7382,46.0607,-0.74441,0.437315
0,62.5,48.2878,46.6824,0.39797,0.151561
0,62.5,15.8702,46.5202,-0.960449,0.254668
0,62.5,47.6831,46.1191,-0.0271408,-0.670263
0,62.5,15.6783,46.314,-0.854826,0.243456
0,62.5,48.0844,46.791,0.346504,-0.138404
0,62.5,15.6254,46.5753,-0.930835,0.283072
0,62.5,48.0109,46.5132,-0.0148323,-0.429513
0,62.5,15.6504,46.8005,-0.597862,0.238762
0,62.5,48.8434,47.1719,0.484589,0.0878521
0,62.5,15.3701,46.868,-0.667355,0.284688
0,62.5,48.5952,47.059,0.478233,0.0739364
0,62.5,15.1033,46.9361,-0.754914,0.341843
0,62.5,49.3218,47.1983,0.222819,0.0721289
0,62.5,15.5103,47.2856,-0.684194,0.351218
0,62.5,49.0732,47.5348,0.235514,-0.0698802
0,62.5,14.867,46.7644,-0.773782,0.584109
0,62.5,49.0768,47.2769,0.242213,0.0744067
0,62.5,15.3088,47.1104,-0.700117,0.277826
0,62.5,48.6163,47.3169,0.530822,0.0142248
0,62.5,14.8574,47.0223,-0.853099,0.539182
0,62.5,48.6196,47.5864,0.369838,-0.0162857
0,62.5,15.0587,47.1917,-0.77623,0.360457
0,62.5,48.8483,47.7041,0.300846,-0.0748475
0,62.5,14.8152,47.2853,-0.840261,0.543698
0,62.5,48.3974,47.9968,0.26104,-0.161304
0,62.5,15.0079,47.4575,-0.742691,0.274476
0,62.5,48.8514,47.9765,0.311214,-0.0204841
0,62.5,14.5998,47.1918,-0.683898,-0.288813
0,62.5,49.2921,48.1991,0.228778,0.114838
0,62.5,14.7666,47.5546,-0.851632,0.470637
0,62.5,49.5123,48.2925,0.0986025,0.146253
0,62.5,14.7854,48.2777,-0.276023,0.112618
0,62.5,49.7357,48.3976,0.11395,0.119674
0,62.5,14.7113,48.5499,-0.201643,0.063104
0,62.5,50.2212,48.5954,0.457577,-0.036159
0,62.5,14.5723,49.0836,-0.160968,0.310913
0,62.5,49.9736,48.4989,0.284008,-0.0060515
0,62.5,14.2797,49.3915,0.056089,0.577031
0,62.5,50.5185,48.923,0.661356,0.139764
0,62.5,14.3281,49.1387,-0.0580761,0.471956
0,62.5,51.5452,49.0198,0.000558976,0.196715
0,62.5,14.0765,49.1862,0.0380018,0.36117
0,62.5,52.8348,49.5006,0.558112,0.421974
0,62.5,13.8219,49.2282,0.0395322,0.225512
0,62.5,52.3325,49.3188,0.491544,0.132002
0,62.5,13.7742,49.4737,0.142755,0.131467
0,62.5,53.2797,50.1592,0.354947,0.262508
0,62.5,13.8718,49.9312,0.29688,0.00965955
0,62.5,52.9901,50.1738,0.43676,0.377631
0,62.5,13.7872,50.1887,0.533515,-0.0423416
0,62.5,53.5541,50.1164,0.252081,0.229787
0,62.5,13.5415,50.24,0.53489,-0.14147
0,62.5,54.1848,50.2869,-0.117861,0.0653768
0,62.5,13.8843,50.5772,0.0559062,0.447612
0,62.5,54.5264,50.7683,-0.164599,0.00896471
0,62.5,13.1815,50.4802,0.449738,-0.00832294
0,62.5,54.2825,50.7633,-0.0689066,-0.0350709
0,62.5,12.6149,50.7362,0.0349667,0.0397512
0,62.5,55.2078,50.5235,-0.379875,-0.0364395
0,62.5,12.8505,50.7336,0.0445524,-0.0719213
0,62.5,54.9575,50.5597,-0.374819,0.149056
0,62.5,12.731,50.9962,-0.0971853,-0.0758142
0,62.5,56.1672,51.0139,-0.00914467,0.0196105
0,62.5,1.9465,29.6574,-2.03248,-2.0677
0,62.5,73.7368,22.179,-1.99123,-7.98555
0,62.5,1.32929,29.876,-0.81861,-0.629398
0,62.5,74.8819,27.6941,1.83277,-5.3981
0,62.5,1.4645,29.3103,-1.71013,-1.83567
0,62.5,70.9954,29.7242,3.92892,-2.2802
0,62.5,2.11622,29.6582,-2.2138,-2.04219
0,62.5,69.5693,32.1348,4.36075,-1.38645
0,62.5,1.78627,30.4817,-1.74243,0.450977
0,62.5,74.2819,28.2951,2.77013,-3.98531
0,62.5,6.47644,31.8245,-3.49689,-1.3729
0,62.5,67.4606,33.7722,3.0807,0.059578
0,62.5,4.91329,30.531,-4.78243,-1.61402
0,62.5,68.8244,32.7099,4.28382,-0.666389
0,62.5,9.00006,33.468,-1.76254,-0.0442361
0,62.5,66.436,34.3636,2.37674,0.434366
0,62.5,8.21506,32.7545,-1.92657,0.160058
0,62.5,63.2099,35.3957,0.339133,-0.1778
0,62.5,9.66696,33.6963,-1.54867,-0.193142
0,62.5,62.6169,35.8173,0.642564,0.231799
0,62.5,9.23893,33.3903,-1.90585,-0.145652
0,62.5,63.7968,35.4147,1.09553,0.116626
0,62.5,10.7044,34.7647,-1.2856,-0.629464
0,62.5,62.6848,35.5544,0.307826,-0.0248161
0,62.5,10.3574,34.3405,-1.47178,0.0243004
0,62.5,62.44,35.5721,0.319923,-0.372565
0,62.5,11.2089,35.5736,-1.61266,0.528193
0,62.5,61.8584,35.6921,0.529579,-0.719569
0,62.5,11.5531,36.4204,-1.26291,0.18549
0,62.5,61.6161,35.8695,1.29675,-0.671626
0,62.5,11.8525,36.8268,-1.36361,0.150716
0,62.5,61.457,36.0388,1.36277,-0.545697
0,62.5,12.4677,37.4062,-1.37004,0.492731
0,62.5,60.6003,37.3093,1.29318,0.240254
0,62.5,12.5292,37.7121,-1.29009,0.245801
0,62.5,59.5128,38.328,1.89722,-0.155319
0,62.5,12.9753,38.0149,-1.41242,0.649152
0,62.5,60.2334,37.6287,1.75464,0.102059
0,62.5,13.0037,38.3134,-1.42494,0.658232
0,62.5,58.4732,39.2291,0.948241,0.734104
0,62.5,13.4495,38.8623,-1.22326,0.745628
0,62.5,57.3323,39.8232,0.685973,1.01411
0,62.5,13.2682,39.009,-1.2942,0.647468
0,62.5,56.9554,40.0221,0.351686,1.24086
0,62.5,13.528,39.148,-1.21001,0.807237
0,62.5,56.7719,40.1837,0.770785,1.11779
0,62.5,13.8265,39.5671,-1.14179,0.830202
0,62.5,56.7482,40.4307,0.213055,1.22832
0,62.5,14.1703,39.9733,-1.19181,0.975925
0,62.5,56.5272,40.2249,0.438171,0.99993
0,62.5,14.5659,40.3003,-1.21666,0.58676
0,62.5,55.7498,41.1379,0.671789,1.1852
0,62.5,14.6208,40.6793,-1.30015,0.845589
0,62.5,56.0975,40.6794,0.397875,1.17578
0,62.5,14.8899,40.7545,-1.187,0.813338
0,62.5,55.2209,41.2483,0.406855,1.05345
0,62.5,14.9913,41.0336,-1.06446,0.73961
0,62.5,54.9272,41.2788,0.22533,0.983906
0,62.5,15.234,41.0969,-1.16567,0.616115
0,62.5,54.8062,41.5014,0.346615,0.83011
0,62.5,15.5507,41.2975,-1.11114,0.689051
0,62.5,54.2906,41.9834,0.683601,0.672946
0,62.5,15.9208,41.6437,-1.21119,0.731911
0,62.5,54.4088,41.7649,0.529876,0.453134
0,62.5,16.1595,41.7919,-1.19685,0.611017
0,62.5,53.8808,42.2448,0.456073,0.769623
0,62.5,15.9794,41.9376,-1.06182,0.524456
0,62.5,53.7072,42.0566,0.471216,0.874408
0,62.5,16.2201,42.0853,-1.17382,0.698461
0,62.5,53.5794,42.2718,0.671743,0.884311
0,62.5,16.0292,42.2205,-0.941413,0.687872
0,62.5,53.2747,42.2695,0.982602,0.87781
0,62.5,16.2707,42.3684,-1.05564,0.815413
0,62.5,53.1846,42.4717,0.644591,0.949842
0,62.5,16.0814,42.5072,-1.01992,0.591962
0,62.5,52.3236,42.6327,0.515043,0.798395
0,62.5,16.3265,42.6426,-1.06999,0.889193
0,62.5,51.2059,42.8371,0.182454,0.815668
0,62.5,16.1317,42.7845,-1.10374,0.718136
0,62.5,51.1094,43.1729,0.88585,0.179518
0,62.5,16.3747,42.92,-1.07947,0.870028
0,62.5,50.5209,43.3288,0.456561,0.594647
0,62.5,15.6286,42.4203,-0.956361,0.643382
0,62.5,50.0643,43.4637,-0.112577,0.713983
0,62.5,15.8807,42.627,-1.03928,0.574328
0,62.5,49.8802,43.6146,0.183061,0.837088
0,62.5,15.6817,42.7168,-1.05019,0.602331
0,62.5,49.4991,43.5796,-0.0991518,0.685713
0,62.5,15.9313,42.9045,-1.12468,0.624149
0,62.5,49.0824,43.9035,0.621904,0.604331
0,62.5,16.8445,43.3541,-0.721307,0.922664
0,62.5,48.4369,44.1862,-0.181216,0.527474
0,62.5,16.2123,43.3345,-0.935598,0.786996
0,62.5,48.3072,44.3871,0.0573626,0.818626
0,62.5,16.6235,43.3678,-0.771635,0.639468
0,62.5,48.5973,44.4161,-0.129707,0.696963
0,62.5,16.6467,43.6825,-0.859214,0.653856
0,62.5,48.1417,44.5865,-0.0256107,1.08078
0,62.5,16.8733,43.8955,-0.761668,0.802138
0,62.5,48.2645,44.8098,-0.0705701,0.896597
0,62.5,16.4485,43.8022,-0.761018,0.642889
0,62.5,48.026,44.8435,-0.157696,-0.0471764
0,62.5,17.0982,44.0769,-0.691618,0.702234
0,62.5,47.771,44.7918,0.00314685,-0.240609
0,62.5,17.1304,44.3572,-0.759244,0.720128
0,62.5,47.6129,44.9508,-0.00225532,0.0270105
0,62.5,17.3312,44.617,-0.954594,0.63167
0,62.5,47.4656,45.1343,-0.010732,-0.223979
0,62.5,16.8923,44.1753,-0.672658,0.766434
0,62.5,47.5952,45.396,0.0625095,-0.657639
0,62.5,17.0861,44.5979,-0.891571,0.731612
0,62.5,48.0362,45.3149,0.0769849,0.239899
0,62.5,16.8267,44.677,-0.818379,0.701552
0,62.5,47.8629,45.4615,0.268572,-0.38278
0,62.5,16.9338,45.1264,-0.891355,0.601334
0,62.5,47.9773,45.7111,0.288403,0.0894951
0,62.5,16.7541,44.9354,-0.89515,0.641472
0,62.5,47.7218,45.6612,-0.145847,-0.0272334
0,62.5,16.8447,45.3694,-0.856608,0.589961
0,62.5,46.9874,45.5841,0.134578,-0.229889
0,62.5,16.5959,45.4143,-0.756881,0.559525
0,62.5,47.4522,45.5696,-0.236651,-0.226356
0,62.5,16.7773,45.626,-0.774087,0.546307
0,62.5,47.2935,45.7363,-0.0977849,0.0274622
0,62.5,16.5315,45.6705,-0.674272,0.516923
0,62.5,48.3677,46.0563,0.492523,0.365394
0,62.5,16.7218,45.8856,-0.690352,0.47186
0,62.5,47.5766,45.8437,-0.240243,-0.0210896
0,62.5,16.4825,45.9336,-0.688249,0.502352
0,62.5,48.1488,46.1872,0.28958,0.115334
0,62.5,16.6696,46.1483,-0.709245,0.458989
0,62.5,48.2201,46.429,0.297896,-0.324246
0,62.5,16.4242,46.1908,-0.619572,0.40058
0,62.5,48.4989,46.55,0.493904,-0.337058
0,62.5,16.6217,46.4035,-0.792543,0.381811
0,62.5,48.5548,46.8014,0.482343,0.208235
0,62.5,16.1161,46.4788,-0.84202,0.339096
0,62.5,49.0156,46.76,0.215406,-0.215984
0,62.5,16.371,46.4449,-0.866701,0.30694
0,62.5,48.8111,46.912,0.429204,0.0331292
0,62.5,15.9417,46.7366,-0.569318,0.219711
0,62.5,49.0571,47.0177,0.179738,-0.00242215
0,62.5,16.2412,46.6846,-0.651224,0.285241
0,62.5,48.3455,46.9424,0.498397,0.265433
0,62.5,15.8458,46.9619,-0.669808,0.190056
0,62.5,49.3017,46.966,0.225573,-0.0427043
0,62.5,15.7722,47.2051,-0.6241,0.310879
0,62.5,49.325,47.4316,0.361433,-0.293035
0,62.5,15.5709,47.0348,-0.719661,0.24098
0,62.5,49.579,47.5095,0.33236,-0.431002
0,62.5,15.9053,47.6161,-0.672454,0.371462
0,62.5,49.2994,47.6715,0.558885,-0.113997
0,62.5,15.7052,47.4543,-0.602875,0.26527
0,62.5,49.072,47.8096,0.340287,0.0281114
0,62.5,15.8416,47.8636,-0.733827,0.310878
0,62.5,49.7414,48.1317,0.255459,-0.000788769
0,62.5,15.2575,47.3681,-0.653576,0.303894
0,62.5,48.8464,47.4379,0.495658,-0.0481509
0,62.5,15.382,47.8009,-0.682794,0.155693
0,62.5,49.5251,48.0194,0.263623,-0.0137208
0,62.5,15.1932,47.6282,-0.649008,0.201029
0,62.5,49.0774,48.0778,0.151978,-0.0974659
0,62.5,15.1249,47.8904,-0.644228,0.219618
0,62.5,50.2114,48.3519,0.312549,-0.127532
0,62.5,15.0514,48.1482,-0.469876,0.345418
0,62.5,49.9679,48.2462,0.29269,-0.162876
0,62.5,15.3127,48.0582,-0.560998,0.120135
0,62.5,50.7459,48.7584,0.464344,0.28858
0,62.5,14.9415,47.7305,-0.585832,0.206488
0,62.5,50.479,48.6824,0.431492,0.0607558
0,62.5,14.8642,48.0043,-0.460806,0.105524
0,62.5,51.5012,48.7819,-0.138701,0.125515
0,62.5,14.7882,49.1656,-0.164863,0.412422
0,62.5,51.2302,48.6858,0.135552,0.172376
0,62.5,14.8479,48.9137,-0.294958,0.386222
0,62.5,51.7712,48.866,0.0556287,0.22559
0,62.5,14.5196,49.3466,-0.053773,0.426755
0,62.5,52.0341,48.9745,0.25719,0.291439
0,62.5,14.2107,49.6396,0.0164223,0.570873
0,62.5,52.2918,49.0785,0.412383,0.238398
0,62.5,14.0252,49.4323,0.0840936,0.112359
0,62.5,52.8077,49.2694,0.242093,0.345923
0,62.5,13.9514,49.681,0.258218,0.101608
0,62.5,53.5507,49.6795,0.0849598,0.0281729
0,62.5,14.0555,50.1197,0.39513,0.468418
0,62.5,54.0724,50.0387,-0.025109,-0.0119011
0,62.5,13.9742,50.3536,0.348179,0.497139
0,62.5,54.3978,50.2241,-0.12948,-0.0156876
0,62.5,14.1611,50.5613,0.141847,0.309847
0,62.5,53.8943,50.5449,-0.0681875,0.148996
0,62.5,14.4202,50.5646,0.118383,0.447949
0,62.5,54.8762,50.346,-0.243076,0.014432
0,62.5,13.7713,50.7944,-0.215303,0.29121
0,62.5,54.6003,50.3427,-0.198129,-0.00990421
0,62.5,13.6828,50.4501,0.520937,-0.137057
0,62.5,55.3058,50.7627,-0.342247,-0.0264727
0,62.5,13.0894,50.7231,0.123576,0.196938
0,62.5,55.0579,50.7799,-0.35158,-0.00937896
0,62.5,12.9596,50.9859,-0.18842,0.163497
0,62.5,56.4195,51.0144,0.0220619,-0.00857817
0,62.5,2.67609,31.7559,-1.66184,0.351369
0,62.5,75.2337,27.2228,1.60306,-5.93862
0,62.5,4.31816,22.2333,4.72077,-9.12156
0,62.5,72.5486,28.933,3.50717,-3.16877
0,62.5,3.7463,30.1461,-4.37506,-1.73236
0,62.5,74.5704,27.7069,2.98413,-5.26589
0,62.5,3.26764,29.6939,-4.33803,-2.23923
0,62.5,72.1013,28.8846,3.76055,-3.89328
0,62.5,3.84667,29.9793,-4.61474,-1.79131
0,62.5,67.3527,34.021,3.20819,0.115813
0,62.5,5.52044,30.9615,-4.26675,-1.23207
0,62.5,69.1807,32.6935,4.04728,-1.20973
0,62.5,7.31788,32.3958,-2.60946,1.38493
0,62.5,68.015,33.7149,3.30786,0.109531
0,62.5,7.58932,32.4362,-2.7719,0.450607
0,62.5,66.925,34.208,2.55796,0.599464
0,62.5,8.60818,33.047,-1.53157,-0.086279
0,62.5,65.4434,34.677,1.35441,0.961121
0,62.5,9.60771,33.4261,-1.6315,-0.142808
0,62.5,64.3491,35.2843,1.40677,0.694246
0,62.5,9.94071,34.022,-1.63984,-0.0830055
0,62.5,63.0354,35.4867,1.30863,-0.526476
0,62.5,10.6473,34.4837,-1.54887,-0.217257
0,62.5,63.5563,35.5186,1.50941,0.837915
0,62.5,10.9635,35.028,-1.15893,-0.130227
0,62.5,62.8708,35.7445,1.34627,-0.00588779
0,62.5,11.6815,36.2186,-1.4893,0.00426746
0,62.5,62.0343,36.0032,1.06476,-0.152436
0,62.5,12.0337,36.6691,-1.5671,0.183742
0,62.5,61.7983,35.9774,0.677659,-0.412561
0,62.5,12.1234,36.9355,-1.63679,0.149433
0,62.5,61.0689,36.2831,1.38541,-0.772608
0,62.5,12.3868,37.0308,-1.53816,0.295913
0,62.5,61.295,36.3387,1.29353,-0.55798
0,62.5,12.7018,37.5579,-1.40139,0.461286
0,62.5,60.02,37.8665,1.3125,0.161853
0,62.5,13.1954,38.1567,-1.54776,0.728653
0,62.5,59.7628,38.2556,1.57205,0.0256011
0,62.5,12.9229,37.7105,-1.36276,0.245875
0,62.5,59.2208,38.6438,1.41165,0.44094
0,62.5,13.6944,39.0094,-1.16337,0.906396
0,62.5,58.9126,39.0254,1.28109,0.680388
0,62.5,13.8061,39.3082,-1.27029,0.814143
0,62.5,58.0586,39.6541,0.662583,1.09455
0,62.5,14.0373,39.6983,-1.22316,1.00535
0,62.5,57.2128,40.0157,0.47458,0.862347
0,62.5,14.2997,39.764,-1.31518,0.911568
0,62.5,56.47,40.4691,0.537268,0.755932
0,62.5,14.4275,40.0392,-1.16598,0.718221
0,62.5,56.6516,40.6525,0.383813,1.23471
0,62.5,14.7588,40.4934,-1.37044,0.780749
0,62.5,56.1604,40.9128,0.604197,1.20393
0,62.5,14.6987,40.112,-1.35322,0.56402
0,62.5,55.4941,41.2188,0.430232,0.872542
0,62.5,15.1405,40.8263,-1.24247,0.815186
0,62.5,54.9761,41.692,0.462539,0.870231
0,62.5,15.4439,41.0411,-1.14434,0.868972
0,62.5,54.589,41.9575,0.506605,0.689671
0,62.5,15.7065,41.104,-1.12391,0.943218
0,62.5,55.0979,41.4679,0.491197,0.959928
0,62.5,15.8121,41.3712,-1.13273,0.662719
0,62.5,54.694,41.7297,0.339536,0.562406
0,62.5,16.3212,41.6294,-1.18747,0.6431
0,62.5,54.1772,42.1996,0.709625,0.805917
0,62.5,16.0833,41.4885,-1.22986,0.596376
0,62.5,53.481,42.4809,0.0718287,0.620069
0,62.5,16.3966,41.9361,-1.12573,0.768317
0,62.5,53.3447,42.6798,0.49953,0.500532
0,62.5,16.6276,42.0563,-1.21857,0.917334
0,62.5,53.0154,42.6289,0.54233,0.835534
0,62.5,16.4644,42.2336,-1.09435,0.881572
0,62.5,52.5307,42.7409,0.542095,0.647714
0,62.5,16.714,42.3303,-1.11409,1.02405
0,62.5,52.7162,42.5969,0.482255,0.667166
0,62.5,16.5282,42.5034,-1.0229,1.01699
0,62.5,51.5566,42.8176,0.894328,0.501142
0,62.5,16.776,42.592,-0.944511,1.03025
0,62.5,51.8601,42.824,0.405789,0.193744
0,62.5,16.5722,42.7721,-0.897152,0.955614
0,62.5,51.3638,42.9883,0.53515,0.323622
0,62.5,16.8079,42.8485,-0.724655,1.0154
0,62.5,50.902,43.3197,1.03081,0.307374
0,62.5,16.5987,43.0583,-0.72129,0.831297
0,62.5,50.7038,43.471,0.660061,0.0168342
0,62.5,16.8262,43.1023,-0.75635,1.1365
0,62.5,50.3334,43.5152,0.241089,0.721087
0,62.5,16.1787,43.0608,-1.05411,0.784854
0,62.5,49.8171,43.8262,0.0502869,0.708962
0,62.5,16.417,43.212,-0.857972,0.775036
0,62.5,49.2665,43.7227,0.542537,0.40477
0,62.5,17.0856,43.5114,-0.628359,0.851305
0,62.5,49.5644,43.7948,0.0860668,0.573674
0,62.5,17.3137,43.6468,-0.720021,0.85676
0,62.5,48.5934,44.0223,0.0947527,0.655576
0,62.5,17.294,43.9148,-0.716433,0.765456
0,62.5,48.7497,44.2446,0.251556,0.590035
0,62.5,16.8542,43.614,-0.801611,0.934364
0,62.5,48.8934,44.4783,0.0683369,0.485771
0,62.5,17.0819,43.7796,-0.683637,0.83516
0,62.5,48.4347,44.6064,0.0265073,1.00606
0,62.5,17.3268,44.2044,-0.788011,0.758066
0,62.5,48.7225,44.651,-0.21057,0.747253
0,62.5,17.6731,44.3893,-0.777421,0.727121
0,62.5,48.5474,44.8323,0.00165859,0.619888
0,62.5,17.4265,44.4086,-0.726484,0.672629
0,62.5,48.3792,45.0366,0.0361733,0.386275
0,62.5,17.6264,44.63,-0.95831,0.732055
0,62.5,48.5002,45.266,0.328649,0.632466
0,62.5,17.248,44.8513,-0.910924,0.654944
0,62.5,47.9034,45.0537,-0.0687699,-0.122154
0,62.5,17.4442,45.0627,-0.941229,0.70368
0,62.5,47.7401,45.2089,-0.079063,0.052392
0,62.5,17.0041,44.8596,-0.826863,0.69701
0,62.5,48.1597,45.1013,-0.0896365,-0.0602296
0,62.5,17.1809,45.0941,-0.907634,0.632599
0,62.5,48.1628,45.5682,0.232211,0.0251969
0,62.5,17.1022,45.3461,-0.842669,0.544441
0,62.5,48.4242,45.6162,0.307181,-0.0261212
0,62.5,17.2823,45.5506,-0.838855,0.564012
0,62.5,48.7311,45.747,0.469682,0.00451672
0,62.5,17.0233,45.5911,-0.822646,0.53732
0,62.5,48.2802,45.8097,0.362991,0.0954189
0,62.5,17.2112,45.7999,-0.740677,0.523386
0,62.5,48.0732,45.949,0.15071,0.534028
0,62.5,16.9639,45.8476,-0.803816,0.45538
0,62.5,48.5431,45.8744,0.579301,-0.289709
0,62.5,17.1536,46.058,-0.655507,0.477775
0,62.5,48.4348,46.3031,0.550729,-0.259878
0,62.5,16.9103,46.1063,-0.632159,0.423243
0,62.5,48.9628,46.5009,0.235057,-0.222168
0,62.5,17.115,46.3165,-0.693593,0.496209
0,62.5,48.6989,46.3958,0.446555,-0.387193
0,62.5,16.8704,46.3643,-0.759444,0.420648
0,62.5,49.2153,46.5087,0.504366,-0.0838799
0,62.5,16.7955,46.6126,-0.625312,0.353383
0,62.5,48.7659,46.6512,0.406293,-0.233379
0,62.5,16.5272,46.651,-0.716865,0.33803
0,62.5,49.7677,46.6507,0.378313,0.141796
0,62.5,16.1321,46.8992,-0.657141,0.364904
0,62.5,49.263,46.738,0.283202,-0.07855
0,62.5,16.3245,47.0891,-0.617103,0.351502
0,62.5,49.8075,46.8916,0.246302,-0.0346953
0,62.5,16.6153,47.0646,-0.592174,0.397153
0,62.5,49.5418,46.8106,0.22554,-0.0229797
0,62.5,16.0458,47.1333,-0.721828,0.40486
0,62.5,49.5735,47.0449,0.209089,-0.0261672
0,62.5,16.4251,46.8713,-0.60917,0.363356
0,62.5,49.59,47.2764,0.17617,-0.126751
0,62.5,16.2458,47.3146,-0.69973,0.387763
0,62.5,49.847,47.3645,0.222747,-0.258823
0,62.5,16.1725,47.5482,-0.672191,0.400484
0,62.5,49.8202,47.6015,0.492477,-0.390852
0,62.5,15.9714,47.3697,-0.668787,0.369764
0,62.5,49.306,47.9297,0.329929,-0.0142137
0,62.5,16.1086,47.7869,-0.754307,0.398459
0,62.5,49.5419,47.7449,0.507448,-0.335025
0,62.5,15.6413,47.709,-0.642184,0.194932
0,62.5,49.7524,47.8574,0.460006,-0.281701
0,62.5,15.7735,48.1128,-0.734448,0.242631
0,62.5,50.198,48.0974,0.295183,-0.279977
0,62.5,15.448,47.5428,-0.633312,0.185174
0,62.5,50.4638,48.4456,0.267914,-0.0188436
0,62.5,15.7009,48.3635,-0.624188,0.205356
0,62.5,50.4402,48.1948,0.181874,-0.202926
0,62.5,15.5743,47.9636,-0.645273,0.0984852
0,62.5,50.7205,48.5282,0.181763,0.236057
0,62.5,15.5046,48.2181,-0.585136,-0.00847653
0,62.5,50.9888,48.6018,0.185955,0.415333
0,62.5,15.242,48.3138,-0.434254,0.159465
0,62.5,51.4397,48.5367,-0.108477,0.0477634
0,62.5,15.1733,48.5701,-0.287314,0.144643
0,62.5,52.2712,48.8331,0.462066,0.228771
0,62.5,14.9811,48.4046,-0.408831,0.320738
0,62.5,52.0074,48.732,0.345423,0.328681
0,62.5,14.9141,48.659,-0.319171,0.3745
0,62.5,52.5248,48.9348,0.496656,0.1566
0,62.5,15.043,49.0882,-0.200953,0.151542
0,62.5,52.5549,49.1834,0.394628,0.149744
0,62.5,14.461,49.6051,0.00114292,0.382823
0,62.5,52.7801,49.0249,0.378104,0.321954
0,62.5,14.1337,49.8811,0.29967,0.545424
0,62.5,53.0851,49.3353,-0.000873872,0.193249
0,62.5,14.3938,49.8504,0.162068,0.453229
0,62.5,53.6034,49.4302,0.0311655,0.0987275
0,62.5,14.3172,50.09,0.153161,0.442687
0,62.5,54.286,49.9654,-0.101318,-0.0855861
0,62.5,14.57,50.1069,0.258273,0.670848
0,62.5,54.7751,50.1352,-0.0856498,0.0490877
0,62.5,14.2411,50.3288,0.238008,0.449301
0,62.5,54.6785,50.5681,-0.326375,0.00474386
0,62.5,14.6821,50.5524,0.171865,0.306883
0,62.5,55.1225,50.2792,-0.277285,-0.104762
0,62.5,14.0464,50.7868,-0.350929,0.191151
0,62.5,55.5494,50.7753,-0.320602,-0.198043
0,62.5,13.5592,50.7063,-0.0362411,-0.0416042
0,62.5,55.809,50.7828,-0.158201,-0.114407
0,62.5,13.3219,50.7384,0.0217149,-0.0140454
0,62.5,55.6517,51.0121,-0.252898,-0.134913
0,62.5,13.1836,50.9979,-0.135472,0.0764748
0,62.5,56.6715,51.0116,-0.009257,-0.0474537
0,62.5,1.18768,30.9912,0.684685,0.694884
0,62.5,75.83,28.4584,0.693891,-3.40474
0,62.5,2.71245,29.3527,-3.97442,-2.90852
0,62.5,75.5216,24.8099,0.19564,-6.67693
0,62.5,1.96752,30.3686,-1.58645,0.0739158
0,62.5,70.125,31.5993,4.5374,-2.25852
0,62.5,4.52449,30.5243,-4.51595,-1.27155
0,62.5,70.6936,29.9625,3.69666,-2.47565
0,62.5,2.39163,29.196,-3.79142,-2.63321
0,62.5,70.5672,30.6961,4.24123,-2.2399
0,62.5,6.90942,32.2078,-3.94392,0.613323
0,62.5,68.6105,33.0197,3.99641,-1.18173
0,62.5,6.03384,31.4368,-4.11425,-0.816345
0,62.5,72.3192,28.6318,3.30382,-3.63574
0,62.5,9.06901,33.157,-1.44585,-0.0486771
0,62.5,67.6538,33.8628,3.30268,-0.117227
0,62.5,7.93232,32.5179,-0.867966,0.22551
0,62.5,65.8406,34.6022,1.90002,0.883434
0,62.5,10.1518,34.1681,-1.56985,-0.0145511
0,62.5,63.0951,35.7439,0.960607,-0.0972392
0,62.5,9.90796,33.7508,-1.58137,-0.188699
0,62.5,65.1495,35.1404,0.944896,0.547627
0,62.5,11.0997,34.8544,-1.08836,-0.406344
0,62.5,64.6973,35.2504,0.481717,0.389543
0,62.5,11.1252,35.2507,-1.61374,0.0253011
0,62.5,63.9858,35.5939,1.46298,0.386301
0,62.5,11.4391,35.7077,-1.81723,0.159672
0,62.5,62.247,36.0479,0.422892,-0.254767
0,62.5,11.7879,36.5554,-1.30727,0.239111
0,62.5,61.5242,36.3073,0.726867,-0.215458
0,62.5,12.2845,36.7573,-1.52299,0.00293752
0,62.5,60.0249,38.0967,1.5708,0.651569
0,62.5,12.5304,36.8364,-1.50334,0.0846986
0,62.5,60.4318,37.5271,1.44639,-0.242581
0,62.5,12.5835,37.2076,-1.45216,0.284134
0,62.5,60.7627,37.1987,1.25976,-0.719629
0,62.5,13.1462,37.8387,-1.413,0.662169
0,62.5,59.1429,38.9132,1.60052,0.305307
0,62.5,13.2179,38.4662,-1.6676,0.682731
0,62.5,59.4711,38.5771,1.75741,0.175892
0,62.5,13.4597,38.5953,-1.56916,0.730502
0,62.5,58.7081,39.1895,1.15554,0.25323
0,62.5,13.9759,39.1882,-1.33219,0.779565
0,62.5,58.311,39.5806,0.650303,0.808215
0,62.5,14.3735,39.5765,-1.18923,0.881586
0,62.5,58.1259,39.8722,0.800276,1.25567
0,62.5,14.0807,39.4707,-1.29276,0.919432
0,62.5,57.6055,39.9044,0.469493,0.966535
0,62.5,14.5704,39.848,-1.22143,0.684854
0,62.5,57.8594,39.9238,0.703555,1.19475
0,62.5,14.8699,39.9841,-1.21239,0.880926
0,62.5,57.0267,40.2738,0.509258,0.756812
0,62.5,14.8969,40.3038,-1.49212,0.846815
0,62.5,56.6432,40.8978,0.522892,1.31669
0,62.5,15.0274,40.5543,-1.43436,0.710153
0,62.5,56.363,40.6883,0.535554,0.904381
0,62.5,15.3444,40.7666,-1.25476,0.826157
0,62.5,55.3857,41.4494,0.258521,0.700822
0,62.5,15.9847,41.2223,-1.11136,0.80447
0,62.5,54.8672,41.9243,0.340481,0.758677
0,62.5,15.5953,40.8451,-1.19538,0.820288
0,62.5,54.3858,42.3862,0.403507,0.812218
0,62.5,15.8845,40.9614,-1.22901,0.817686
0,62.5,54.0919,42.4151,0.346283,0.714335
0,62.5,16.2606,41.3347,-1.19065,0.780609
0,62.5,53.9675,42.6219,0.463328,0.751676
0,62.5,16.4987,41.4696,-1.20286,0.822765
0,62.5,54.4755,42.1717,0.747629,0.762134
0,62.5,16.7666,41.7282,-1.07221,1.16201
0,62.5,53.7776,42.4537,0.2098,0.614212
0,62.5,16.5519,41.7571,-1.14352,0.749233
0,62.5,53.163,42.8421,0.868289,0.727309
0,62.5,16.8357,41.9901,-0.998913,1.18387
0,62.5,52.8783,42.825,0.613213,0.927222
0,62.5,16.9242,42.2484,-1.094,1.23758
0,62.5,52.1393,42.8468,0.66011,0.591852
0,62.5,17.3025,42.8719,-0.792257,1.01431
0,62.5,51.6748,43.0179,0.520084,0.331367
0,62.5,17.0017,42.5044,-1.00247,1.11904
0,62.5,51.2141,43.3966,0.775173,0.586405
0,62.5,17.3181,43.126,-0.745912,0.835109
0,62.5,51.3885,43.205,0.986486,0.407897
0,62.5,17.0444,42.7533,-0.805189,0.936432
0,62.5,50.8159,43.7123,0.475351,0.423271
0,62.5,17.0694,42.9997,-0.752026,1.05971
0,62.5,51.0052,43.5497,0.841055,0.565024
0,62.5,17.0816,43.2481,-0.646552,0.924282
0,62.5,50.5447,43.6654,0.737415,0.302305
0,62.5,17.3125,43.3846,-0.67702,0.855783
0,62.5,50.1882,43.7023,-0.116655,1.18537
0,62.5,17.5344,43.7826,-0.771941,0.79248
0,62.5,50.0736,43.885,-0.253002,1.1149
0,62.5,17.5178,44.0435,-0.753087,0.843404
0,62.5,49.6846,44.0361,-0.00647465,0.880739
0,62.5,18.2431,43.9796,-1.02191,0.893119
0,62.5,49.3776,43.952,0.607348,0.424064
0,62.5,17.9525,44.0715,-0.771035,0.838485
0,62.5,48.9096,44.0725,0.530244,0.729891
0,62.5,18.1722,44.2173,-0.904408,0.86527
0,62.5,49.0486,44.3017,0.113784,0.476003
0,62.5,17.709,44.1673,-0.817482,0.781923
0,62.5,48.8304,44.8936,-0.123155,0.520522
0,62.5,17.9512,44.3336,-0.906281,0.750478
0,62.5,49.112,44.962,0.163719,0.621176
0,62.5,17.8959,44.5645,-0.996089,0.890235
0,62.5,48.9447,45.1395,0.230501,0.616827
0,62.5,17.8275,44.8074,-0.994687,0.793421
0,62.5,48.6584,45.0658,0.208535,0.310156
0,62.5,17.5191,44.8317,-0.933067,0.636502
0,62.5,49.217,45.2152,0.188012,0.613726
0,62.5,17.7193,45.0201,-0.899609,0.78363
0,62.5,48.7795,45.3074,0.443317,0.517837
0,62.5,17.6297,45.2576,-0.870265,0.736023
0,62.5,48.2938,45.3602,-0.216433,0.300037
0,62.5,17.805,45.4597,-0.816553,0.752339
0,62.5,48.6201,45.5022,0.582511,0.749098
0,62.5,17.3617,45.3022,-0.873591,0.670364
0,62.5,48.8939,45.5566,0.256672,0.258742
0,62.5,17.5412,45.5006,-0.852822,0.705761
0,62.5,48.8245,45.9938,0.556711,-0.0347163
0,62.5,17.4657,45.7519,-0.801274,0.607777
0,62.5,49.29,45.8838,0.589336,0.0556081
0,62.5,17.6499,45.9549,-0.792928,0.640599
0,62.5,48.6293,46.1359,0.441779,0.000950728
0,62.5,17.3989,46.0051,-0.681315,0.558472
0,62.5,49.0887,46.0415,0.681133,-0.113869
0,62.5,17.5988,46.2092,-0.760845,0.628544
0,62.5,48.8953,46.2468,0.418933,0.1326
0,62.5,17.3567,46.2638,-0.686319,0.530456
0,62.5,49.1536,46.2776,0.482873,-0.0317964
0,62.5,17.3086,46.524,-0.632906,0.504396
0,62.5,49.4405,46.348,0.338699,0.0764665
0,62.5,17.0574,46.5725,-0.648913,0.379527
0,62.5,49.7142,46.4122,0.391023,0.182176
0,62.5,16.9891,46.8107,-0.64495,0.378341
0,62.5,49.499,46.5799,0.149201,0.0359612
0,62.5,16.7135,46.8454,-0.657606,0.406578
0,62.5,49.9886,46.4867,0.105432,0.262329
0,62.5,16.9057,47.0391,-0.590276,0.450498
0,62.5,50.035,46.7239,0.0128271,0.180944
0,62.5,17.1066,47.2331,-0.678088,0.48724
0,62.5,50.3351,47.0341,-0.118086,0.0497926
0,62.5,17.1845,47.0078,-0.648611,0.505831
0,62.5,50.0715,46.9604,0.144387,0.102152
0,62.5,16.817,47.2559,-0.571167,0.479546
0,62.5,50.6861,47.2952,0.0946056,0.131457
0,62.5,16.7292,47.4734,-0.569294,0.446982
0,62.5,50.1022,47.1984,0.151567,-0.107015
0,62.5,16.5277,47.2794,-0.631468,0.415864
0,62.5,49.8373,47.1264,0.281483,-0.134681
0,62.5,16.4482,47.5041,-0.652821,0.499813
0,62.5,50.4717,47.4571,0.204358,-0.223963
0,62.5,16.5771,47.9272,-0.620125,0.357954
0,62.5,50.0876,47.4389,0.206698,-0.153762
0,62.5,16.3084,47.9697,-0.711732,0.435173
0,62.5,50.2407,47.6012,0.324116,-0.44531
0,62.5,16.0412,48.0301,-0.762829,0.377322
0,62.5,50.0154,47.7327,0.432153,-0.416148
0,62.5,15.9686,48.2762,-0.728002,0.33591
0,62.5,50.244,47.8655,0.438381,-0.348339
0,62.5,15.8922,48.5253,-0.579441,0.338904
0,62.5,49.9709,47.9821,0.258236,-0.28014
0,62.5,16.2355,48.2107,-0.688224,0.297606
0,62.5,50.4953,47.9737,0.579094,-0.193042
0,62.5,15.6258,48.6179,-0.454134,0.261351
0,62.5,50.6868,48.2748,0.0194541,0.0850473
0,62.5,15.5557,48.8744,-0.297237,0.230172
0,62.5,52.2272,48.5891,0.470993,0.253878
0,62.5,15.4322,48.4743,-0.454759,0.0716883
0,62.5,51.7235,48.628,0.0332591,0.25684
0,62.5,15.7533,49.0313,-0.252141,0.322988
0,62.5,52.492,48.6846,0.539329,0.246293
0,62.5,15.1055,48.8286,-0.223737,0.202925
0,62.5,52.7442,48.7778,0.399013,0.382855
0,62.5,15.3608,48.735,-0.319178,0.0708698
0,62.5,53.0441,49.1113,0.109661,0.328102
0,62.5,15.2927,48.9961,-0.172845,0.0458912
0,62.5,53.2811,49.7341,0.42073,0.31524
0,62.5,14.9978,49.3452,-0.142315,0.164456
0,62.5,53.7145,49.8733,0.0877176,0.00156629
0,62.5,14.747,49.4147,-0.155417,0.504385
0,62.5,53.8207,50.0801,0.0563413,-0.0788081
0,62.5,14.7005,49.6521,-0.117344,0.532192
0,62.5,53.9822,49.8208,0.0384933,0.00517468
0,62.5,14.6418,49.8823,0.0552972,0.668419
0,62.5,54.2499,49.7201,0.0240016,-0.0173994
0,62.5,14.9115,49.8537,0.0319145,-0.0234396
0,62.5,54.5448,50.025,-0.0717926,0.15122
0,62.5,14.496,50.3332,0.349173,0.532662
0,62.5,55.249,49.9865,-0.0751992,-0.109453
0,62.5,14.8464,50.0894,0.263173,0.121696
0,62.5,55.6069,50.3046,-0.204246,-0.00612064
0,62.5,14.9376,50.5351,0.158544,0.0440025
0,62.5,55.3517,50.2716,-0.3104,-0.096542
0,62.5,13.9008,51.0216,-0.357935,0.3179
0,62.5,56.338,50.7769,0.0115778,-0.00148524
0,62.5,13.6349,51.0085,-0.339245,-0.0922653
0,62.5,56.0721,50.787,-0.00776322,-0.0969158
0,62.5,13.4136,50.9835,-0.215352,0.0787531
0,62.5,57.1489,51.0126,-0.158735,0.0860225
0,62.5,1.29888,37.8846,2.32045,3.50476
0,62.5,75.4205,25.3672,0.137926,-6.74557
0,62.5,2.51757,33.0811,-0.501771,1.33417
0,62.5,75.9147,33.4569,-0.0598315,2.36149
0,62.5,1.43328,32.2555,-0.0573163,4.21718
0,62.5,73.6336,29.0962,3.36485,-3.25872
0,62.5,1.55238,33.0021,0.0661291,3.62744
0,62.5,71.9064,23.9515,-4.7943,-3.71737
0,62.5,5.48043,23.3493,5.8427,-6.66373
0,62.5,70.9136,31.0332,3.84301,-2.79068
0,62.5,2.56567,29.0945,-4.2385,-3.10603
0,62.5,74.2489,22.5212,-2.604,-5.66572
0,62.5,3.5316,29.7425,-4.30215,-2.00161
0,62.5,74.6606,28.1113,2.31878,-4.53144
0,62.5,7.1512,32.1654,-3.93052,-0.327828
0,62.5,75.8172,26.6564,0.764972,-5.70887
0,62.5,8.42779,32.7789,-1.58515,0.515601
0,62.5,68.8915,32.907,4.07653,-1.02804
0,62.5,8.8088,32.9573,-1.29998,-0.15089
0,62.5,66.6645,34.4676,2.53868,0.495552
0,62.5,9.37139,33.2187,-1.71487,-0.0441855
0,62.5,64.1744,35.4588,0.850233,0.270467
0,62.5,10.563,34.2062,-1.57523,0.0902719
0,62.5,63.0191,35.9941,1.07914,-0.281262
0,62.5,11.6794,35.8589,-1.53437,0.026765
0,62.5,62.7823,36.0142,0.502767,0.0442748
0,62.5,11.9064,36.3464,-1.38953,0.115612
0,62.5,62.4882,36.0192,0.549894,-0.141589
0,62.5,11.8622,36.0547,-1.35743,0.119308
0,62.5,61.0726,36.5619,1.80759,0.446674
0,62.5,12.1407,36.4569,-1.53082,0.00432606
0,62.5,61.7086,36.236,1.04216,-0.723124
0,62.5,12.4096,36.549,-1.74522,0.0702112
0,62.5,60.6478,37.6149,1.80485,-0.112008
0,62.5,13.0418,37.504,-1.45506,0.641394
0,62.5,60.2805,37.8902,1.50898,0.612251
0,62.5,13.3661,37.9828,-1.41823,0.825033
0,62.5,59.741,38.5062,1.25148,0.27111
0,62.5,13.4026,38.3028,-1.48374,0.602265
0,62.5,59.2669,39.1212,1.22274,0.609364
0,62.5,13.892,38.9114,-1.33739,0.693986
0,62.5,59.3896,38.8384,1.44291,0.459752
0,62.5,14.2256,39.3052,-1.47554,1.01887
0,62.5,58.5466,39.4746,0.663025,0.737398
0,62.5,14.4784,39.3863,-1.3151,0.706999
0,62.5,59.0214,39.2383,1.07875,0.714404
0,62.5,14.6953,39.7018,-1.21891,0.966859
0,62.5,57.74,40.1766,0.763902,1.38647
0,62.5,14.9839,39.8041,-1.36328,0.632609
0,62.5,57.4861,40.1034,0.646643,1.13538
0,62.5,15.0909,40.2151,-1.38796,0.954362
0,62.5,57.2741,40.2551,0.682507,0.825591
0,62.5,15.2308,40.4916,-1.37947,0.957233
0,62.5,56.9882,40.5032,0.590088,0.988867
0,62.5,15.4797,40.5641,-1.31871,0.847531
0,62.5,56.4168,40.9263,0.574253,0.885325
0,62.5,15.7554,40.6948,-1.21945,0.759265
0,62.5,56.0056,41.1459,0.401087,1.22864
0,62.5,16.1614,41.0707,-1.22313,0.712759
0,62.5,55.2547,41.6727,0.369888,0.688433
0,62.5,16.438,41.1895,-1.35271,0.729769
0,62.5,54.7626,42.1551,0.275592,0.723606
0,62.5,16.7292,41.4608,-1.11621,1.09222
0,62.5,54.67,42.3756,-0.0796926,0.686446
0,62.5,17.0209,41.8263,-0.994185,1.17866
0,62.5,54.2715,42.6047,0.449196,0.504461
0,62.5,17.1047,42.0879,-0.979479,1.13457
0,62.5,53.8204,42.8392,0.514171,0.67139
0,62.5,17.3746,42.2026,-1.05527,1.07342
0,62.5,53.4962,42.8708,0.618524,0.730505
0,62.5,17.1924,42.3548,-1.00371,1.14698
0,62.5,53.6534,42.667,0.268022,0.704662
0,62.5,17.4569,42.4691,-0.987232,1.08871
0,62.5,53.0446,43.0508,0.547071,0.652504
0,62.5,17.2678,42.6185,-0.964891,0.999024
0,62.5,52.6835,42.9409,0.419988,0.574082
0,62.5,17.7593,42.8668,-0.840918,0.890825
0,62.5,51.9618,43.0389,0.601238,1.25887
0,62.5,17.5273,42.7357,-0.928008,0.969186
0,62.5,51.6645,43.2254,0.820059,0.694062
0,62.5,17.7721,43.1458,-0.902238,0.860027
0,62.5,51.2545,43.6375,0.868414,1.02739
0,62.5,17.5465,43.0027,-0.798842,0.838867
0,62.5,51.0512,43.8181,0.777892,1.04035
0,62.5,17.5554,43.5206,-0.766592,0.824379
0,62.5,50.5845,44.0836,0.207305,0.227096
0,62.5,17.5567,43.2748,-0.73675,0.811061
0,62.5,50.7534,43.9317,0.325194,0.647253
0,62.5,17.7616,43.8913,-0.808104,0.803473
0,62.5,50.2978,44.0282,0.104232,0.420113
0,62.5,18.7527,43.8351,-1.12071,0.970733
0,62.5,49.9588,44.0947,-0.0929768,1.04293
0,62.5,17.7824,43.638,-0.758585,0.831276
0,62.5,50.4437,43.8468,0.128238,0.643152
0,62.5,18.7074,44.0867,-1.0395,0.986446
0,62.5,49.5042,44.1849,-0.0315324,0.945177
0,62.5,18.449,44.1461,-1.07518,0.911785
0,62.5,49.3442,44.3683,0.0267124,0.41414
0,62.5,18.6338,44.3326,-1.17221,0.877517
0,62.5,49.2136,44.1311,0.159772,0.626194
0,62.5,18.3599,44.3899,-1.00598,0.872384
0,62.5,49.1779,44.5395,0.00848538,0.670127
0,62.5,18.5291,44.5761,-1.13062,0.825553
0,62.5,49.0056,44.7201,-0.0971109,0.873372
0,62.5,18.1616,44.5165,-1.01277,0.780453
0,62.5,49.2843,44.7798,0.0816777,0.834732
0,62.5,18.1004,44.7527,-1.02416,0.818084
0,62.5,49.5509,44.8716,-0.00281933,0.401948
0,62.5,18.0081,44.9943,-0.996265,0.79751
0,62.5,49.3801,45.0364,0.137022,0.313373
0,62.5,18.1751,45.1966,-0.950322,0.755121
0,62.5,49.3403,45.46,0.260872,0.42928
0,62.5,17.8978,45.2189,-0.884484,0.753768
0,62.5,49.1832,45.6414,0.448087,0.438209
0,62.5,18.0715,45.4245,-0.928065,0.748991
0,62.5,49.0618,45.3959,0.294802,0.266619
0,62.5,17.9838,45.6637,-0.91774,0.732808
0,62.5,49.5013,45.2847,0.231231,0.585222
0,62.5,18.2495,45.6339,-1.04284,0.668996
0,62.5,49.4629,45.7046,0.246043,0.413652
0,62.5,17.7218,45.7034,-0.789277,0.712018
0,62.5,49.5694,45.946,0.205392,0.0356691
0,62.5,18.1648,45.8714,-0.97436,0.657046
0,62.5,49.0015,45.8032,0.4921,0.0618783
0,62.5,17.9048,45.9065,-0.85391,0.677798
0,62.5,49.3744,46.1185,0.486067,-0.126558
0,62.5,18.0969,46.1132,-1.03083,0.700159
0,62.5,49.6555,46.178,0.367442,-0.170688
0,62.5,17.8451,46.1572,-0.861999,0.707949
0,62.5,49.9383,46.2506,0.283955,0.0876127
0,62.5,18.0383,46.3647,-1.02968,0.60858
0,62.5,50.2142,46.3257,0.00758077,0.215682
0,62.5,17.7945,46.4151,-0.823643,0.636298
0,62.5,50.4296,46.1594,0.0879695,0.474813
0,62.5,17.7611,46.6724,-0.872426,0.695836
0,62.5,50.2591,46.5592,0.0914111,0.352113
0,62.5,17.5528,46.4709,-0.705051,0.627397
0,62.5,50.4936,46.3906,0.0577415,0.254419
0,62.5,17.2567,46.7722,-0.673622,0.507382
0,62.5,50.3016,46.7929,0.137612,0.395637
0,62.5,17.5135,46.7257,-0.718438,0.613769
0,62.5,50.5361,46.6158,0.059867,0.40138
0,62.5,17.7111,46.9265,-0.848362,0.644763
0,62.5,50.5796,47.1016,-0.104642,0.214497
0,62.5,17.4538,46.9715,-0.796291,0.56042
0,62.5,50.5659,46.856,-0.147198,0.267246
0,62.5,17.5791,47.4051,-0.933183,0.540445
0,62.5,50.3426,47.2817,0.0995625,0.0514156
0,62.5,17.015,47.4507,-0.652034,0.500028
0,62.5,50.7046,47.559,0.0952455,0.0431227
0,62.5,17.3862,47.2053,-0.811833,0.491387
0,62.5,50.9433,47.6464,0.119831,0.277615
0,62.5,16.3785,47.7328,-0.638858,0.409133
0,62.5,50.7103,47.818,0.346169,0.147626
0,62.5,16.6537,47.6971,-0.609633,0.444766
0,62.5,51.2061,48.0011,0.405632,0.700859
0,62.5,16.9325,47.6713,-0.600629,0.488877
0,62.5,50.4695,47.7218,0.401313,-0.177648
0,62.5,16.8492,47.8978,-0.555881,0.449424
0,62.5,50.9589,47.9049,0.361111,0.287795
0,62.5,16.5019,48.1636,-0.629743,0.287844
0,62.5,50.7629,48.0677,0.52181,0.125669
0,62.5,16.4242,48.4029,-0.547064,0.261893
0,62.5,51.0409,48.1603,0.429037,0.494645
0,62.5,16.1579,48.4541,-0.627424,0.344609
0,62.5,50.9373,48.3591,-0.32229,0.345015
0,62.5,16.3457,48.6435,-0.404108,0.200991
0,62.5,51.1991,48.4107,-0.309967,0.232262
0,62.5,15.8175,48.7765,-0.416982,0.350471
0,62.5,51.9367,48.4995,0.363824,0.401695
0,62.5,16.0809,48.6996,-0.486706,0.287147
0,62.5,52.9963,48.8625,0.154406,0.311251
0,62.5,16.0105,48.9473,-0.332128,0.313767
0,62.5,52.4734,48.446,0.732376,0.134227
0,62.5,16.2093,49.1303,-0.132036,0.253735
0,62.5,53.3597,49.4872,0.103518,0.192605
0,62.5,15.7023,49.2863,-0.219303,0.262732
0,62.5,53.8058,49.6287,-0.0182196,-0.0614574
0,62.5,15.4511,49.3858,-0.165804,0.24603
0,62.5,54.4935,49.5426,0.25517,0.18442
0,62.5,15.2392,49.2586,-0.161125,-0.0156574
0,62.5,54.0718,49.5732,-0.0842016,-0.0468731
0,62.5,15.1563,49.7907,0.0220547,-0.216984
0,62.5,55.027,50.0585,-0.129859,-0.0685947
0,62.5,14.9595,49.6047,-0.18893,0.0990699
0,62.5,54.7729,49.8902,-0.144193,0.0830921
0,62.5,15.5927,50.0565,-0.309539,0.105356
0,62.5,55.4885,50.0666,-0.0865578,-0.0718328
0,62.5,15.3341,50.1268,-0.112856,0.237143
0,62.5,55.4385,49.8126,0.168165,-0.0773975
0,62.5,15.1029,50.0496,0.012381,-0.1189
0,62.5,55.6959,49.8976,0.118473,-0.0569284
0,62.5,15.0252,50.2952,0.246476,-0.0254874
0,62.5,55.7018,50.5531,-0.182617,-0.0361291
0,62.5,14.7652,50.3184,0.214225,0.227318
0,62.5,56.8365,50.7519,-0.0697025,-0.0817581
0,62.5,14.311,50.7916,-0.24212,0.34894
0,62.5,56.5907,50.7753,-0.0303381,-0.0551546
0,62.5,14.1585,51.0105,-0.380862,-0.163287
0,62.5,57.3171,50.7822,-0.0671353,0.337534
0,62.5,2.16258,32.9871,-0.679827,2.30399
0,62.5,67.4009,26.992,-9.87848,0.286173
0,62.5,1.52865,35.7681,-0.19982,4.65503
0,62.5,73.8277,19.8891,-2.35515,-10.0867
0,62.5,3.04462,36.7523,-1.52579,1.14431
0,62.5,71.5649,27.443,-0.122348,-4.97615
0,62.5,2.19306,34.1611,-0.288449,2.85831
0,62.5,73.3872,22.795,-2.86244,-7.71591
0,62.5,2.02834,32.3451,-0.341052,3.26055
0,62.5,71.931,27.182,0.962371,-4.98897
0,62.5,3.6932,22.0707,3.65246,-10.1112
0,62.5,70.2364,26.5569,-5.77076,-0.478681
0,62.5,2.13932,29.3482,-2.35333,-2.14259
0,62.5,71.9632,28.5009,2.98485,-4.49819
0,62.5,5.26527,30.6548,-4.49461,-1.59028
0,62.5,71.9114,26.3867,-3.81388,-0.941902
0,62.5,7.50482,32.201,-2.53993,1.67771
0,62.5,72.7117,29.1536,3.17087,-2.90107
0,62.5,9.83359,33.4873,-1.76105,-0.150242
0,62.5,68.2788,33.488,3.30306,-0.538719
0,62.5,10.3846,34.0318,-1.69053,-0.024894
0,62.5,63.3245,35.6088,0.862341,-0.189809
0,62.5,10.905,34.6919,-1.75974,-0.288248
0,62.5,65.2963,34.9058,0.682204,0.715802
0,62.5,11.3488,35.3911,-1.28975,0.0195904
0,62.5,63.3308,35.8781,0.331315,-0.00431163
0,62.5,11.5912,35.5482,-1.45174,-0.180131
0,62.5,61.9312,36.2635,1.14361,-0.401252
0,62.5,12.355,36.308,-1.48434,-0.143721
0,62.5,62.1527,36.3155,1.27703,-0.0957852
0,62.5,12.7346,37.0399,-1.56609,0.259868
0,62.5,61.8455,36.5228,1.22703,-0.208326
0,62.5,12.8153,37.3611,-1.52319,0.526069
0,62.5,61.2637,36.6553,0.95783,-0.161005
0,62.5,13.2772,37.6497,-1.61053,0.51285
0,62.5,60.8425,37.5068,1.86393,-0.305458
0,62.5,13.6261,38.3939,-1.41807,0.936122
0,62.5,60.4971,37.8236,1.60014,-0.363611
0,62.5,13.6699,38.7248,-1.46894,0.83492
0,62.5,59.6597,38.7458,1.63454,0.205114
0,62.5,14.1437,39.0134,-1.28713,0.814346
0,62.5,58.8108,39.4091,0.60931,0.732714
0,62.5,14.3807,39.1014,-1.32107,1.1612
0,62.5,58.4014,39.7828,0.8674,0.758867
0,62.5,14.965,39.5679,-1.70807,0.646253
0,62.5,58.6679,39.6599,1.08929,0.642517
0,62.5,14.7144,39.4783,-1.62973,0.76667
0,62.5,57.9931,40.1303,0.938419,0.877435
0,62.5,15.3411,40.2818,-1.56297,0.826325
0,62.5,57.7501,40.4461,0.434073,0.915003
0,62.5,15.5155,40.1659,-1.38764,1.08095
0,62.5,57.5366,40.3571,0.164882,0.918371
0,62.5,15.6423,40.4245,-1.44265,0.944955
0,62.5,57.2821,40.4955,0.162829,1.14745
0,62.5,16.0304,40.7932,-1.2119,0.838929
0,62.5,56.8972,40.732,0.40718,1.16379
0,62.5,16.3061,40.9098,-0.97548,0.867921
0,62.5,56.8774,40.9791,0.655924,0.960603
0,62.5,16.5689,40.9869,-1.0148,0.648975
0,62.5,56.2618,41.1677,0.70401,0.866181
0,62.5,16.6961,41.2277,-1.18294,0.981219
0,62.5,55.1383,41.905,0.513469,0.825148
0,62.5,17.0566,41.3545,-1.08303,1.0903
0,62.5,55.0279,42.1414,0.763645,0.653382
0,62.5,16.9638,41.5528,-1.19264,1.1731
0,62.5,54.5488,42.596,0.239758,0.276603
0,62.5,17.2861,41.9381,-0.957698,1.13086
0,62.5,54.1178,42.8129,0.447582,0.447733
0,62.5,17.6465,42.3245,-1.14101,1.10292
0,62.5,53.6605,43.0481,0.531231,0.542649
0,62.5,17.9621,42.6627,-0.927487,1.09729
0,62.5,53.3277,43.0488,0.767156,0.429474
0,62.5,17.998,42.9082,-0.84794,0.995207
0,62.5,52.3908,43.3293,0.36599,0.254106
0,62.5,17.7194,42.5863,-0.986435,1.01116
0,62.5,52.5239,43.1339,0.291765,0.31826
0,62.5,18.0149,43.1546,-1.03177,1.0708
0,62.5,52.3644,42.9387,0.815413,0.893312
0,62.5,18.0885,43.3717,-0.785548,0.897333
0,62.5,51.9585,43.2721,0.793731,0.680795
0,62.5,18.3398,43.2415,-0.915348,0.909917
0,62.5,51.4951,43.4298,0.686038,0.847471
0,62.5,17.8113,43.395,-0.743712,0.798687
0,62.5,51.3636,43.8457,0.508377,0.850394
0,62.5,18.0362,43.5977,-0.891716,0.874302
0,62.5,50.9286,44.0978,0.464836,-0.0319203
0,62.5,18.023,43.8365,-0.980559,0.800957
0,62.5,51.171,44.0162,0.64566,0.6594
0,62.5,18.9635,43.7507,-0.983734,1.13193
0,62.5,50.7798,44.2818,0.209744,0.286948
0,62.5,18.9561,44.0501,-1.12565,1.01014
0,62.5,50.4769,44.28,-0.0715225,0.298474
0,62.5,18.8995,44.2961,-1.14947,0.933235
0,62.5,50.1916,44.2229,-0.109301,0.358407
0,62.5,19.0782,44.519,-1.20231,0.879997
0,62.5,49.8166,44.275,-0.296467,0.888968
0,62.5,18.5012,43.8956,-0.973027,0.954058
0,62.5,50.0776,44.4152,-0.00354249,0.461188
0,62.5,18.8015,44.5304,-1.21265,0.799812
0,62.5,49.6212,44.4249,-0.0675636,0.395663
0,62.5,18.6906,44.7704,-1.22454,0.775866
0,62.5,49.4674,44.6091,-0.172855,0.561152
0,62.5,18.8507,44.9713,-1.28404,0.693006
0,62.5,49.7254,44.7071,-0.0279041,0.317968
0,62.5,18.3572,44.7281,-1.14974,0.638469
0,62.5,49.8388,44.9611,0.222803,0.213166
0,62.5,19.123,44.9412,-1.31389,0.654736
0,62.5,50.2428,45.2689,0.0497688,0.118156
0,62.5,18.2811,44.9622,-1.02244,0.671712
0,62.5,49.9589,45.2039,0.173076,0.229397
0,62.5,18.5411,44.9485,-1.20868,0.586294
0,62.5,49.664,45.1185,0.205425,0.40317
0,62.5,18.4509,45.1782,-1.07885,0.688651
0,62.5,50.0786,45.4473,-0.083978,0.294557
0,62.5,18.7168,45.1673,-1.27373,0.558811
0,62.5,49.7863,45.3645,0.159055,0.351271
0,62.5,18.344,45.4049,-0.973948,0.656865
0,62.5,49.91,45.611,-0.034652,0.0438178
0,62.5,18.6198,45.3953,-1.21671,0.564798
0,62.5,49.6249,45.5306,0.215074,0.258533
0,62.5,18.5179,45.6194,-1.14895,0.580584
0,62.5,50.4862,45.7433,0.0670597,0.151529
0,62.5,18.694,45.84,-1.26011,0.56347
0,62.5,50.2052,45.6828,-0.0888514,0.088639
0,62.5,18.4286,45.8494,-1.11732,0.636248
0,62.5,49.75,45.7774,0.0327108,0.247544
0,62.5,18.6158,46.0698,-1.27802,0.562056
0,62.5,49.8597,46.0154,0.222734,0.230359
0,62.5,18.3545,46.085,-1.13405,0.564374
0,62.5,50.0409,45.852,-0.078751,0.361619
0,62.5,18.5442,46.3054,-1.24809,0.539396
0,62.5,50.1448,46.0931,-0.0603629,0.332216
0,62.5,18.2879,46.3266,-1.15889,0.58295
0,62.5,50.617,45.9896,0.0988526,0.355755
0,62.5,18.2508,46.573,-1.1265,0.5947
0,62.5,50.7141,46.2282,0.0658612,0.16607
0,62.5,18.0048,46.6183,-0.959392,0.668288
0,62.5,51.0167,46.2735,0.22725,0.00317932
0,62.5,18.2042,46.8262,-1.13526,0.602023
0,62.5,50.7798,46.4454,-0.108822,0.106844
0,62.5,17.96,46.8756,-0.95358,0.664143
0,62.5,51.0481,46.77,0.342561,0.0544347
0,62.5,17.9149,47.1269,-1.00948,0.607672
0,62.5,50.7936,46.6863,0.0247834,0.334577
0,62.5,17.6562,47.1707,-0.915827,0.62285
0,62.5,50.8159,46.9352,0.0130669,0.301751
0,62.5,17.8468,47.3717,-1.05656,0.53376
0,62.5,50.9106,47.1303,0.0569176,0.235453
0,62.5,17.4944,47.6319,-0.943174,0.494946
0,62.5,50.9246,47.3893,0.104108,0.204721
0,62.5,17.6744,47.8382,-0.994439,0.462939
0,62.5,51.417,47.5357,0.0678357,0.293532
0,62.5,17.3009,47.4303,-0.77472,0.53124
0,62.5,51.1853,47.7391,0.098686,0.47317
0,62.5,17.2134,47.6504,-0.734089,0.525692
0,62.5,51.4239,47.7891,-0.01513,0.49507
0,62.5,17.1238,47.8745,-0.649086,0.467223
0,62.5,51.4495,48.048,0.351416,0.719717
0,62.5,17.0389,48.1034,-0.585456,0.41485
0,62.5,51.6691,48.1809,0.802157,0.167624
0,62.5,16.7689,48.1296,-0.52932,0.32474
0,62.5,51.3545,48.2642,0.648584,0.858174
0,62.5,16.6901,48.3662,-0.482903,0.268323
0,62.5,51.9178,48.2783,0.646697,0.359016
0,62.5,16.6119,48.6031,-0.419952,0.196588
0,62.5,51.63,48.3966,0.404075,0.392078
0,62.5,16.5372,48.8388,-0.299808,0.180118
0,62.5,52.7323,48.5331,0.493267,0.388922
0,62.5,16.2722,48.8859,-0.235674,0.278234
0,62.5,52.1941,48.3653,0.65791,0.240031
0,62.5,16.7409,49.0306,-0.25929,0.272126
0,62.5,53.2482,48.9772,0.00733034,0.208496
0,62.5,16.4708,49.0768,-0.20779,0.248025
0,62.5,53.6976,49.2222,-0.210024,-0.0400571
0,62.5,16.1609,49.3778,-0.128174,0.204438
0,62.5,53.3293,49.2606,-0.0851752,0.124222
0,62.5,15.9539,49.199,-0.217559,0.359552
0,62.5,53.9221,49.0959,0.0765357,0.443263
0,62.5,15.6646,49.5433,-0.280667,0.181694
0,62.5,53.8878,49.391,-0.0902793,-0.016197
0,62.5,15.4965,49.1309,-0.205853,0.268898
0,62.5,55.218,49.6974,0.0993491,0.0107615
0,62.5,15.6322,49.7991,-0.248484,0.0654399
0,62.5,54.7436,49.655,0.049458,0.107414
0,62.5,15.1968,49.5235,-0.0856839,-0.223157
0,62.5,55.4245,49.5385,0.170032,0.184103
0,62.5,15.413,49.6379,-0.235003,0.225529
0,62.5,55.6524,49.6469,0.42217,0.1169
0,62.5,15.3784,49.8858,-0.307539,0.223394
0,62.5,55.7768,50.1016,-0.130314,0.071365
0,62.5,15.266,50.3528,-0.000729164,0.344575
0,62.5,56.2568,50.5637,0.173304,-0.0066946
0,62.5,15.5381,50.3153,-0.0921439,0.0950733
0,62.5,55.9768,50.5662,0.0575096,-0.0444983
0,62.5,15.4503,50.5603,0.0267794,0.305655
0,62.5,56.5473,50.5468,0.147401,-0.168134
0,62.5,14.5742,50.7893,-0.359556,0.223323
0,62.5,56.9137,51.0008,-0.274493,0.20798
0,62.5,14.4234,51.0224,-0.569237,0.364989
0,62.5,57.736,50.7607,-0.220735,0.0443302
0,62.5,1.49035,25.8608,0.547955,-6.30631
0,62.5,75.741,22.4512,-0.147622,-7.69709
0,62.5,2.90825,31.4128,-2.30483,-0.0325307
0,62.5,68.0273,32.2376,3.86947,0.160372
0,62.5,2.39026,37.9154,-0.564204,1.42438
0,62.5,75.449,35.0224,0.0960329,1.72846
0,62.5,1.26113,32.1168,0.50279,3.16593
0,62.5,68.3652,28.117,-8.53442,1.94613
0,62.5,1.35768,30.6975,-0.897792,2.07858
0,62.5,76.0428,33.1722,0.026394,2.0977
0,62.5,1.5007,30.0686,-0.600574,-0.974316
0,62.5,75.9735,25.0484,0.238546,-3.90159
0,62.5,3.17223,29.4223,-4.50028,-2.87752
0,62.5,65.6037,34.8084,1.23121,0.876274
0,62.5,5.05263,30.354,-4.99038,-1.22648
0,62.5,75.6016,25.6771,-0.104517,-6.78904
0,62.5,9.71242,33.1807,-1.84005,-0.329952
0,62.5,71.5927,29.4112,4.56872,-2.718
0,62.5,10.822,34.3585,-1.65072,-0.102519
0,62.5,75.8332,20.4688,1.00836,-6.11846
0,62.5,10.1784,33.8861,-1.61414,-0.110909
0,62.5,70.6571,30.4652,3.99988,-2.38275
0,62.5,11.2932,35.0739,-1.73881,-0.210105
0,62.5,66.8984,34.4645,2.36393,0.411762
0,62.5,12.108,36.1908,-1.58067,0.189364
0,62.5,69.4341,32.4968,4.14197,-1.30429
0,62.5,12.6272,36.5068,-1.73636,-0.0455289
0,62.5,64.9907,35.3443,0.976834,0.725145
0,62.5,12.7396,36.7554,-1.5741,0.180259
0,62.5,63.7765,35.717,1.00007,0.0544317
0,62.5,12.9654,37.1834,-1.5858,0.413748
0,62.5,64.4911,35.48,1.25973,0.532479
0,62.5,13.5143,37.7939,-1.44405,0.681114
0,62.5,63.0123,36.2302,1.00317,0.691941
0,62.5,13.5816,38.1025,-1.4879,0.781642
0,62.5,61.6917,36.6417,1.04496,-0.427978
0,62.5,13.8211,38.5352,-1.56387,0.886576
0,62.5,61.4709,36.5664,1.61414,-0.60138
0,62.5,13.9995,38.7051,-1.433,0.714131
0,62.5,60.9551,37.1265,1.15886,-0.958566
0,62.5,14.2459,38.8008,-1.39124,0.784486
0,62.5,60.0043,38.3261,1.67112,0.181394
0,62.5,14.6246,39.1759,-1.44879,0.865026
0,62.5,59.5336,39.0227,1.26414,0.587353
0,62.5,15.381,39.9345,-1.43182,1.08058
0,62.5,59.9497,38.6077,0.985167,0.514563
0,62.5,15.1691,40.0023,-1.48033,0.837746
0,62.5,58.9745,39.5587,0.667551,0.601931
0,62.5,15.8063,40.2685,-1.2974,0.941827
0,62.5,58.5343,39.9639,0.947012,0.723893
0,62.5,15.9199,40.5329,-1.43956,0.858235
0,62.5,58.2717,40.0506,1.04061,0.741025
0,62.5,16.2065,40.645,-1.39073,0.954846
0,62.5,57.4792,40.6267,0.110718,1.19683
0,62.5,16.3661,40.4754,-1.32171,0.850792
0,62.5,57.1645,40.7084,0.371083,0.950607
0,62.5,16.4765,40.7315,-1.34176,0.8128
0,62.5,55.8288,41.5831,0.392259,1.16781
0,62.5,16.9167,41.156,-1.16253,1.25311
0,62.5,56.5024,41.1797,0.543363,0.912791
0,62.5,17.2545,41.2333,-1.14977,1.19609
0,62.5,55.5558,41.6061,0.573548,1.24291
0,62.5,17.2066,41.6683,-1.02934,1.17339
0,62.5,55.6986,41.3726,0.398662,0.956908
0,62.5,17.4648,41.78,-1.025,1.26802
0,62.5,55.4174,41.8499,0.402007,1.08101
0,62.5,17.5527,42.0565,-1.06345,1.13328
0,62.5,54.9355,42.3813,0.409925,0.694911
0,62.5,17.9093,42.4025,-1.26202,1.1084
0,62.5,54.8144,42.6046,0.362492,0.511183
0,62.5,18.184,42.544,-1.17413,0.994628
0,62.5,53.9608,43.0304,0.294464,0.35059
0,62.5,18.4558,42.6423,-1.30085,0.96018
0,62.5,53.8032,43.2453,0.246252,0.45877
0,62.5,18.2357,42.787,-1.05691,0.988343
0,62.5,52.8326,43.1498,0.529732,0.340358
0,62.5,18.4869,42.9046,-1.10418,1.03919
0,62.5,52.6844,43.3399,0.820163,0.237098
0,62.5,18.2568,43.0348,-1.05141,0.958045
0,62.5,52.1635,43.4074,0.689691,0.179976
0,62.5,18.557,43.3709,-0.991633,1.04888
0,62.5,52.2108,43.1324,0.870865,0.882191
0,62.5,18.3212,43.498,-0.955647,0.927215
0,62.5,51.7954,43.4394,0.638112,0.372539
0,62.5,18.2863,43.7331,-0.953792,0.968926
0,62.5,51.5408,43.639,0.675,0.567423
0,62.5,19.157,43.9584,-1.12835,1.12095
0,62.5,51.504,44.0436,0.297314,0.667125
0,62.5,19.6679,43.8999,-1.22388,0.838296
0,62.5,51.3341,44.2139,0.42472,0.394269
0,62.5,19.8483,44.1142,-1.2549,0.735162
0,62.5,51.0945,44.293,0.391338,0.205555
0,62.5,19.3368,44.1701,-1.23317,1.10539
0,62.5,50.9513,44.4884,0.499895,0.693126
0,62.5,19.5911,44.1402,-1.21031,0.832915
0,62.5,50.6628,44.4869,0.196579,0.752663
0,62.5,19.1488,44.2807,-1.28311,0.871824
0,62.5,50.3602,44.4748,-0.0345364,0.827602
0,62.5,19.5044,44.3854,-1.25252,0.89304
0,62.5,50.4973,44.6871,0.242906,0.405141
0,62.5,18.9628,44.7347,-1.24384,0.753199
0,62.5,50.1887,44.6564,0.177166,0.399993
0,62.5,19.2537,44.7493,-1.20584,0.858306
0,62.5,49.8772,44.5325,-0.027123,0.124652
0,62.5,19.3297,44.5155,-1.34508,0.841216
0,62.5,50.0032,44.7912,0.0420794,0.372825
0,62.5,19.5066,44.753,-1.32848,0.777
0,62.5,50.1237,45.0319,0.040521,0.235113
0,62.5,19.4337,44.9838,-1.19718,0.801716
0,62.5,50.4195,45.0953,0.131598,0.349247
0,62.5,19.6188,45.2245,-1.21281,0.834686
0,62.5,50.714,45.106,0.230609,0.613662
0,62.5,19.0099,45.1758,-1.39765,0.658442
0,62.5,50.5387,45.3103,0.111508,0.214755
0,62.5,19.2814,45.1484,-1.46154,0.503268
0,62.5,50.3674,45.5016,-0.104594,0.431766
0,62.5,19.1651,45.3855,-1.4861,0.63932
0,62.5,50.8123,45.3341,0.349135,0.269391
0,62.5,18.8865,45.3859,-1.35221,0.582243
0,62.5,50.6421,45.5461,0.0256697,0.425835
0,62.5,18.7902,45.6144,-1.31456,0.565967
0,62.5,51.0127,45.8516,0.556332,0.136089
0,62.5,18.9617,45.8376,-1.36978,0.522384
0,62.5,50.7552,45.798,0.126193,0.113845
0,62.5,18.8795,46.0645,-1.33948,0.519423
0,62.5,51.455,46.0072,0.55429,0.488573
0,62.5,19.0699,46.2898,-1.4643,0.539052
0,62.5,50.3307,45.924,-0.105856,0.436244
0,62.5,18.805,46.2944,-1.37371,0.562019
0,62.5,51.4123,46.2552,0.869921,0.453594
0,62.5,18.7695,46.5234,-1.19476,0.534812
0,62.5,50.8969,46.0546,0.393722,0.117712
0,62.5,18.5044,46.5403,-1.16829,0.527891
0,62.5,51.6876,46.4141,0.554115,0.594354
0,62.5,18.6621,46.9918,-1.23817,0.362975
0,62.5,51.032,46.521,0.0610104,0.140028
0,62.5,18.4503,46.7843,-1.19497,0.457239
0,62.5,51.485,46.5441,0.226041,0.199669
0,62.5,18.4119,47.0345,-1.21432,0.452809
0,62.5,51.2576,46.4309,0.0869921,0.00528964
0,62.5,18.1652,47.0799,-1.1099,0.520257
0,62.5,51.2824,46.7067,0.310363,0.122895
0,62.5,18.3573,47.2876,-1.14447,0.43932
0,62.5,51.143,46.9796,-0.00433436,0.296035
0,62.5,18.1052,47.3303,-1.12285,0.563602
0,62.5,51.5019,46.8192,0.608744,0.0666968
0,62.5,18.0347,47.5748,-1.19019,0.476427
0,62.5,51.1548,47.2333,0.103653,0.238345
0,62.5,17.7685,47.6078,-1.07625,0.482903
0,62.5,51.1699,47.4846,0.193823,0.422432
0,62.5,17.9444,47.8131,-1.16834,0.474968
0,62.5,51.3981,47.2829,0.12667,0.0910591
0,62.5,17.5814,48.0657,-0.825714,0.433027
0,62.5,51.6568,47.6552,0.062765,0.179237
0,62.5,17.4965,48.2952,-0.70296,0.40467
0,62.5,51.6742,47.91,0.160663,0.219904
0,62.5,17.3994,47.8561,-0.78144,0.454988
0,62.5,51.9055,48.0327,0.525474,0.0423556
0,62.5,17.3102,48.0836,-0.669608,0.463874
0,62.5,52.1594,48.1328,0.548032,0.158738
0,62.5,16.9575,48.3358,-0.534414,0.326693
0,62.5,52.43,48.2163,0.656364,0.162805
0,62.5,16.8812,48.5687,-0.500445,0.219799
0,62.5,52.3961,47.9783,0.686287,0.078378
0,62.5,16.8086,48.8004,-0.413103,0.256534
0,62.5,52.7057,48.2911,0.563984,0.267933
0,62.5,17.2903,48.981,-0.537165,0.191496
0,62.5,52.6613,48.0606,0.64737,0.277567
0,62.5,17.0162,48.999,-0.394264,0.142411
0,62.5,52.9616,48.3684,0.343422,0.444292
0,62.5,16.6838,49.2611,-0.164532,0.289652
0,62.5,53.2271,48.7196,0.175865,0.224298
0,62.5,16.4168,49.3167,-0.128185,0.254333
0,62.5,52.9841,48.6144,0.271588,0.374857
0,62.5,16.1197,49.6271,-0.172064,0.219185
0,62.5,53.4786,49.0951,-0.216299,0.0627412
0,62.5,15.9095,49.4532,-0.154049,0.327644
0,62.5,54.2909,49.4267,0.258163,0.292744
0,62.5,16.0809,49.8805,-0.209508,0.253483
0,62.5,54.3185,49.1356,0.176271,0.241874
0,62.5,15.8723,49.712,-0.239785,0.156901
0,62.5,54.4973,49.7833,-0.0965967,0.177798
0,62.5,16.2881,50.0693,-0.341086,0.15563
0,62.5,54.5215,49.2742,0.16468,0.188352
0,62.5,16.0378,50.1296,-0.145664,0.197301
0,62.5,56.0674,49.9008,0.230299,0.242271
0,62.5,15.8316,49.9768,-0.408298,-0.0811501
0,62.5,56.0208,50.124,-0.204602,0.102323
0,62.5,15.984,50.3711,-0.320719,0.345048
0,62.5,55.8639,50.3452,-0.170425,0.12652
0,62.5,15.7757,50.2445,-0.0875283,-0.0667704
0,62.5,56.1372,50.3528,0.0149464,0.00186699
0,62.5,15.9275,50.6016,-0.211164,0.436617
0,62.5,55.452,50.5236,-0.382366,-0.106643
0,62.5,15.7015,50.5146,0.0274552,-0.136885
0,62.5,57.4769,50.3871,-0.102006,0.217371
0,62.5,14.8333,50.7732,-0.21267,0.119457
0,62.5,57.0714,50.7526,-0.170539,0.420169
0,62.5,14.6844,51.0111,-0.520883,-0.24638
0,62.5,57.6294,50.998,-0.193227,0.0832644
0,62.5,1.94641,32.7987,-0.175292,3.41387
0,62.5,75.0416,26.0491,-0.350475,-7.03918
0,62.5,6.92234,35.1269,-1.01661,-0.545018
0,62.5,69.7972,31.9852,4.60436,-1.15273
0,62.5,1.24483,39.0259,1.92556,1.46539
0,62.5,75.6985,26.0813,-0.215809,-6.4147
0,62.5,1.25053,36.217,0.490018,3.68625
0,62.5,76.0574,33.9494,0.0884402,2.17765
0,62.5,2.69527,37.7424,-0.925932,-0.520026
0,62.5,72.2232,25.1832,-3.77292,-2.87173
0,62.5,1.45779,27.2146,0.105012,-6.98346
0,62.5,71.5239,23.9575,-5.01745,-3.13501
0,62.5,1.5849,29.8009,-2.04911,-1.47811
0,62.5,68.5587,33.3044,3.57442,-0.584445
0,62.5,6.72082,31.925,-6.06793,-0.960222
0,62.5,70.7335,30.1628,3.68072,-2.52874
0,62.5,7.8113,32.336,-1.57407,0.770139
0,62.5,67.1603,34.3135,2.45358,0.553845
0,62.5,10.7413,34.0671,-1.56463,0.0894239
0,62.5,64.3061,35.6766,1.1823,0.108469
0,62.5,11.2517,34.6927,-1.30405,-0.364777
0,62.5,69.0735,33.0157,3.87954,-0.625534
0,62.5,11.5302,35.253,-1.42249,0.134992
0,62.5,66.403,34.6046,1.92262,0.668733
0,62.5,11.821,35.678,-1.5732,-0.0206962
0,62.5,66.0336,34.6861,1.69985,0.75714
0,62.5,12.4968,36.1259,-1.57598,0.171416
0,62.5,65.4319,35.0742,1.62736,0.638551
0,62.5,13.192,37.3341,-1.66912,0.59279
0,62.5,63.2749,36.0878,1.29209,0.0296616
0,62.5,12.9474,36.897,-1.67537,0.350158
0,62.5,62.3883,36.2905,1.01712,0.082387
0,62.5,13.8129,38.1989,-1.37575,0.969055
0,62.5,63.5626,35.7964,1.03676,-0.0533205
0,62.5,13.7512,37.9138,-1.40507,0.84043
0,62.5,61.0787,36.8916,1.27608,-0.219448
0,62.5,13.9885,38.0167,-1.47131,0.930611
0,62.5,60.1842,38.4714,1.51363,0.786855
0,62.5,14.0019,38.3514,-1.60396,0.989798
0,62.5,60.7363,37.8984,2.03261,0.10447
0,62.5,14.5009,38.8934,-1.52294,0.971783
0,62.5,61.0301,37.4185,1.22419,-0.587017
0,62.5,14.8636,39.2823,-1.51923,0.965187
0,62.5,59.7951,38.9196,1.30112,0.500791
0,62.5,15.2284,39.7049,-1.5892,1.02844
0,62.5,60.2685,38.1495,1.39102,0.0633517
0,62.5,15.6911,40.0146,-1.47755,0.998421
0,62.5,58.7884,39.8387,1.12806,0.827129
0,62.5,15.97,40.1111,-1.38649,0.914261
0,62.5,59.1932,39.3925,1.21795,0.609879
0,62.5,16.0879,40.3828,-1.25865,0.884768
0,62.5,58.2624,40.2732,0.444089,1.33132
0,62.5,16.2393,40.2149,-1.42381,0.983692
0,62.5,57.9963,40.3623,0.36978,0.999341
0,62.5,16.6777,40.6454,-1.24517,1.2116
0,62.5,57.1188,40.9586,0.690874,1.07649
0,62.5,16.7854,40.9118,-1.09409,1.13445
0,62.5,56.7376,41.1862,0.44501,0.854531
0,62.5,17.0737,40.9908,-1.07201,1.23231
0,62.5,55.9794,41.3714,0.411194,1.11269
0,62.5,17.3357,41.4892,-1.07073,1.20282
0,62.5,55.6809,41.822,0.701511,0.94924
0,62.5,17.595,41.5919,-0.955438,1.26214
0,62.5,55.5558,42.0641,0.84536,1.00591
0,62.5,17.8151,42.1487,-1.10332,1.12906
0,62.5,55.2982,42.0993,0.135944,0.843989
0,62.5,17.9965,42.0176,-1.08576,1.1534
0,62.5,55.1976,42.3449,0.362487,0.87788
0,62.5,18.109,42.2853,-1.26545,1.11056
0,62.5,54.4047,42.8195,0.420528,0.447909
0,62.5,18.3774,42.3927,-1.3959,0.937982
0,62.5,54.5237,43.0444,0.579595,0.49452
0,62.5,18.6671,42.543,-1.42124,0.921607
0,62.5,54.2425,43.0278,0.483503,0.538923
0,62.5,18.8388,43.0295,-1.26098,1.05687
0,62.5,54.0824,43.2479,0.397799,0.368537
0,62.5,18.7092,42.7995,-1.27721,0.932603
0,62.5,53.2041,43.2633,0.729713,0.716753
0,62.5,18.5915,43.1113,-1.08555,0.94831
0,62.5,52.5512,43.5433,0.864023,0.611287
0,62.5,18.8017,43.2741,-1.07188,1.12865
0,62.5,52.0838,43.6142,0.710032,-0.0424021
0,62.5,18.5495,43.645,-1.05116,1.03109
0,62.5,51.8255,43.6533,0.700385,0.313922
0,62.5,18.7675,43.5428,-1.08297,1.0644
0,62.5,52.264,43.8526,0.699725,0.752809
0,62.5,19.4077,43.9202,-1.17289,1.03641
0,62.5,51.9989,43.8505,0.898168,0.46952
0,62.5,19.745,43.6673,-1.29818,0.768699
0,62.5,51.6637,43.8508,0.430575,0.576247
0,62.5,19.9325,43.87,-1.16082,0.744531
0,62.5,51.8331,44.0282,0.956661,0.539972
0,62.5,20.0152,44.33,-1.29811,0.666077
0,62.5,51.6778,44.2198,0.838659,0.860325
0,62.5,20.181,44.5436,-1.28499,0.68859
0,62.5,51.4993,44.4001,0.880744,1.01215
0,62.5,19.7611,44.3596,-1.19394,0.751743
0,62.5,51.2653,44.4907,0.416799,0.50483
0,62.5,19.9266,44.5796,-1.27893,0.659674
0,62.5,50.7935,44.7008,0.410479,0.314874
0,62.5,19.6672,44.6027,-1.29017,0.8533
0,62.5,51.0912,44.6876,0.517335,0.116559
0,62.5,20.0895,44.794,-1.27413,0.647904
0,62.5,50.6073,44.8967,0.244291,0.381517
0,62.5,19.826,44.8186,-1.38058,0.636325
0,62.5,50.3133,44.8711,0.181969,0.277568
0,62.5,19.9862,45.0326,-1.34308,0.654825
0,62.5,50.91,44.8984,0.376668,0.384803
0,62.5,19.6838,44.9929,-1.28766,0.792536
0,62.5,51.2587,45.1481,0.404113,0.440851
0,62.5,19.8661,45.2326,-1.18281,0.828983
0,62.5,50.9897,45.1231,0.356063,0.640379
0,62.5,19.8009,45.4677,-1.24742,0.843253
0,62.5,51.5271,45.2147,0.540188,0.433439
0,62.5,19.5887,45.5546,-1.50204,0.482302
0,62.5,51.0701,45.3598,0.309328,0.369466
0,62.5,19.4357,45.3509,-1.50021,0.505711
0,62.5,51.1387,45.6138,0.351714,0.260808
0,62.5,19.3248,45.5936,-1.45577,0.608352
0,62.5,50.9003,45.5836,0.230188,0.230598
0,62.5,19.0554,45.6075,-1.43312,0.563113
0,62.5,51.3838,45.6392,0.404274,0.479647
0,62.5,19.227,45.8275,-1.4407,0.543776
0,62.5,51.2517,45.8766,0.654417,0.398531
0,62.5,19.1455,46.0594,-1.42511,0.529505
0,62.5,51.572,45.7695,0.343981,0.345925
0,62.5,19.3327,46.2812,-1.54262,0.477608
0,62.5,51.1892,46.1175,0.772829,0.324629
0,62.5,19.0419,46.5139,-1.15543,0.597818
0,62.5,51.738,45.9438,0.261092,0.365773
0,62.5,18.9757,46.7356,-1.24738,0.439982
0,62.5,51.6591,46.184,0.846376,0.619706
0,62.5,18.7053,46.7521,-1.24747,0.444986
0,62.5,51.9372,46.0898,0.683467,0.120468
0,62.5,18.9236,46.9588,-1.26749,0.424054
0,62.5,51.9307,46.3309,0.478969,0.0660197
0,62.5,18.8608,47.1956,-1.25762,0.26466
0,62.5,52.1819,46.4617,0.478015,0.293233
0,62.5,19.1254,47.1605,-1.30067,0.355166
0,62.5,51.935,46.5748,0.468443,0.0899551
0,62.5,18.6068,47.2399,-1.26198,0.350805
0,62.5,51.9722,46.8306,0.670773,0.242351
0,62.5,18.5497,47.4908,-1.3219,0.310374
0,62.5,51.7165,46.6887,0.494454,0.207264
0,62.5,18.2942,47.5358,-1.23902,0.4155
0,62.5,52.0251,47.082,0.792038,0.399895
0,62.5,18.4702,47.7387,-1.34194,0.328504
0,62.5,51.7567,46.9448,0.776129,0.266547
0,62.5,18.209,47.78,-1.26632,0.369379
0,62.5,51.3763,47.0187,0.179472,-0.041123
0,62.5,18.1171,48.0202,-1.16154,0.386083
0,62.5,51.6113,47.1234,0.105692,0.0216542
0,62.5,17.8516,48.0473,-0.997802,0.425727
0,62.5,51.6433,47.3912,0.0913096,0.0254179
0,62.5,17.7641,48.2791,-0.829479,0.46996
0,62.5,51.8773,47.5069,0.199856,0.130545
0,62.5,17.4208,48.5249,-0.658549,0.351975
0,62.5,51.8989,47.7736,0.234162,0.0783842
0,62.5,17.6877,48.5108,-0.74612,0.380204
0,62.5,52.3574,47.7315,0.705609,0.125918
0,62.5,17.2269,48.3134,-0.584123,0.316713
0,62.5,52.1413,47.8893,0.619259,-0.0347423
0,62.5,17.1514,48.5439,-0.549243,0.236919
0,62.5,52.6153,47.8169,0.647988,0.184625
0,62.5,17.0821,48.7726,-0.518863,0.227188
0,62.5,52.9378,48.1234,0.47055,0.370737
0,62.5,17.5576,48.9722,-0.642501,0.320436
0,62.5,53.436,48.3027,0.132729,0.543098
0,62.5,17.2353,49.2048,-0.342022,0.139012
0,62.5,53.2125,48.4622,0.134174,0.456341
0,62.5,17.5069,49.2003,-0.565872,0.238652
0,62.5,53.189,48.2084,0.135176,0.538091
0,62.5,16.9587,49.2232,-0.2367,0.163679
0,62.5,53.4479,48.5659,0.0832546,0.393995
0,62.5,16.899,49.4508,-0.12379,0.208549
0,62.5,53.7009,48.9495,-0.0625027,0.400053
0,62.5,16.3731,49.563,-0.130875,0.272964
0,62.5,54.1049,49.2686,0.174392,0.367922
0,62.5,16.5865,49.7426,-0.221913,0.263982
0,62.5,54.5338,48.9963,0.0279462,0.119688
0,62.5,16.3287,49.8109,-0.1667,0.224959
0,62.5,54.7395,49.4107,0.198659,0.157274
0,62.5,16.7795,49.9416,-0.120393,0.124081
0,62.5,55.1968,49.4207,0.142935,0.0498838
0,62.5,16.5298,49.9916,-0.155424,0.356774
0,62.5,55.012,49.8076,0.0198594,0.0121108
0,62.5,16.2456,50.3262,-0.281178,0.241465
0,62.5,56.3175,49.9116,0.332658,0.0410078
0,62.5,16.9606,50.1648,-0.18745,0.421688
0,62.5,56.2879,50.1439,-0.14003,-0.0610588
0,62.5,16.4823,50.2606,-0.0998912,0.312911
0,62.5,57.2884,50.5331,-0.138265,0.426159
0,62.5,16.1994,50.5661,-0.148815,0.226613
0,62.5,56.8061,50.5069,0.17824,-0.0130365
0,62.5,15.6197,50.7606,-0.337731,0.152622
0,62.5,57.5332,50.6811,-0.240972,0.156068
0,62.5,15.0853,50.8007,-0.5904,0.297565
0,62.5,57.4066,51.0047,-0.135107,0.28436
0,62.5,14.9368,51.0138,-0.805365,0.522543
0,62.5,58.1158,51.0031,-0.247261,0.0973833
0,62.5,6.4428,24.9941,4.85942,-3.22318
0,62.5,75.7786,26.3395,0.132943,-6.30755
0,62.5,1.98014,23.2565,0.789355,-8.69055
0,62.5,68.1085,30.4928,-6.63148,5.18574
0,62.5,1.25149,29.6445,-0.147693,-1.08657
0,62.5,72.9728,28.6219,2.31454,-2.30772
0,62.5,2.30426,33.1266,-0.637996,2.24914
0,62.5,75.0112,27.917,2.35702,-4.77846
0,62.5,2.24303,28.7874,-3.41653,-3.48302
0,62.5,72.2084,25.9991,-3.24274,-1.4202
0,62.5,1.60052,33.4265,-0.0935298,3.614
0,62.5,75.5111,25.8473,-0.0795296,-6.85456
0,62.5,3.42334,29.463,-4.80885,-2.44268
0,62.5,74.0185,28.4832,3.5386,-4.15779
0,62.5,6.91979,31.9103,-3.91976,0.110705
0,62.5,69.6859,32.3068,4.03753,-1.6822
0,62.5,9.1451,32.9747,-1.3292,-0.120429
0,62.5,63.8883,35.9275,1.11438,0.0822992
0,62.5,10.0927,33.6057,-1.70192,-0.206739
0,62.5,64.4211,35.9039,0.718061,0.417848
0,62.5,11.0432,34.5096,-1.40627,-0.393633
0,62.5,62.8108,36.3887,0.925762,0.130494
0,62.5,11.4413,34.9495,-1.58037,-0.759275
0,62.5,63.5983,36.0404,1.4418,-0.0813083
0,62.5,12.0229,35.896,-1.60466,0.0949359
0,62.5,62.6526,36.2237,1.12385,0.178273
0,62.5,12.261,36.005,-1.6807,0.166565
0,62.5,62.0721,36.5764,0.82522,-0.193734
0,62.5,12.6939,36.2739,-1.69867,0.0602562
0,62.5,61.9526,36.8336,0.952523,-0.643892
0,62.5,13.4238,37.4816,-1.49337,0.662996
0,62.5,61.7523,36.9224,0.91841,-0.0405683
0,62.5,13.6733,37.6284,-1.73256,0.664515
0,62.5,61.3116,36.9281,1.34984,0.381341
0,62.5,14.1786,38.1752,-1.53294,0.802521
0,62.5,60.9269,37.7733,1.15306,-0.590007
0,62.5,14.175,38.5217,-1.50294,0.953168
0,62.5,61.1791,37.1999,1.2176,-0.23611
0,62.5,14.4306,38.6353,-1.68574,1.02541
0,62.5,60.4988,38.0974,1.16214,-0.129766
0,62.5,14.7765,38.9959,-1.44601,0.831926
0,62.5,60.0356,38.8131,0.883444,0.242099
0,62.5,15.0282,39.1133,-1.35295,1.00795
0,62.5,59.4466,39.2816,1.05775,0.350971
0,62.5,15.1189,39.4025,-1.41748,1.10558
0,62.5,59.2716,39.621,0.836432,0.187248
0,62.5,15.5402,39.7678,-1.60443,1.0162
0,62.5,58.5469,40.2049,0.564766,1.37062
0,62.5,15.8255,39.8363,-1.49246,0.925512
0,62.5,58.454,40.4433,0.510593,1.10263
0,62.5,16.545,40.3612,-1.30387,1.11342
0,62.5,58.185,40.5282,0.847543,1.06386
0,62.5,16.9389,40.741,-1.05447,1.02592
0,62.5,57.9198,40.6267,0.515268,1.14525
0,62.5,17.2313,40.8219,-1.07888,1.32314
0,62.5,57.6724,40.7305,0.507135,0.917947
0,62.5,17.5102,41.3209,-1.08693,1.1817
0,62.5,56.5768,41.4188,0.475753,0.957217
0,62.5,17.7836,41.4735,-1.0297,1.19565
0,62.5,56.2642,41.3965,0.58002,0.984806
0,62.5,17.7159,41.8785,-1.02959,1.19155
0,62.5,56.1101,41.593,0.624363,0.95158
0,62.5,18.1517,41.8542,-1.11883,1.09871
0,62.5,55.9506,41.8024,0.602979,0.744585
0,62.5,18.2642,42.1183,-1.21421,1.05071
0,62.5,55.7161,42.2638,0.86971,0.850594
0,62.5,18.5472,42.2585,-1.27949,1.00717
0,62.5,55.4506,42.3147,0.60352,0.793077
0,62.5,18.9266,42.5781,-1.43174,0.9896
0,62.5,55.3428,42.5668,0.309616,0.572904
0,62.5,19.3993,43.0237,-1.36023,1.08015
0,62.5,55.0909,42.5966,0.592793,0.694467
0,62.5,19.3352,43.247,-1.29284,1.04733
0,62.5,54.6747,42.8233,0.540498,0.671345
0,62.5,18.9633,42.8111,-1.35925,1.01909
0,62.5,54.3611,43.2469,0.40941,0.235216
0,62.5,19.1236,43.0332,-1.43926,1.08852
0,62.5,53.3647,43.459,0.477303,0.845539
0,62.5,19.0565,43.2479,-1.14089,1.13068
0,62.5,53.4952,43.2384,0.554846,0.482177
0,62.5,19.2098,43.704,-1.15399,1.20318
0,62.5,52.9832,43.3629,0.637757,0.403684
0,62.5,19.0043,43.4901,-1.14916,1.14389
0,62.5,52.8501,43.5559,0.74595,0.517488
0,62.5,19.472,43.6853,-1.17183,0.973723
0,62.5,52.3517,43.6351,0.334661,0.140519
0,62.5,19.5398,43.461,-1.28695,1.0063
0,62.5,52.5239,43.8834,0.785902,0.528461
0,62.5,20.0145,43.6296,-1.13042,0.818715
0,62.5,52.3976,44.0955,0.922923,0.346496
0,62.5,20.194,43.833,-1.1706,0.729006
0,62.5,52.1275,44.0758,0.951324,0.455482
0,62.5,20.1048,44.0798,-1.23687,0.648694
0,62.5,52.2307,44.3045,0.851723,0.517902
0,62.5,20.365,44.0363,-1.12351,0.75843
0,62.5,51.9559,44.2589,0.925528,0.731449
0,62.5,20.2692,44.2883,-1.16405,0.668309
0,62.5,51.7824,44.4551,0.940888,0.855489
0,62.5,20.4332,44.5009,-1.10545,0.67627
0,62.5,51.5906,44.6349,0.784769,0.587522
0,62.5,20.3439,44.7561,-1.2488,0.745371
0,62.5,51.3674,44.7211,0.558559,0.087873
0,62.5,20.5088,44.9621,-1.18873,0.710155
0,62.5,51.7503,45.1272,0.686929,0.618468
0,62.5,20.2506,45.0073,-1.28529,0.651446
0,62.5,51.4558,44.9682,0.478034,0.135041
0,62.5,20.4169,45.2114,-1.13883,0.589329
0,62.5,51.1869,44.9118,0.504428,0.29568
0,62.5,20.1501,45.2459,-1.26577,0.617396
0,62.5,52.0159,45.18,0.68938,0.480513
0,62.5,20.3262,45.4503,-1.01876,0.582098
0,62.5,51.8205,45.3659,0.576995,0.631945
0,62.5,20.0505,45.4656,-1.13393,0.722703
0,62.5,51.5884,45.4608,0.51477,0.599817
0,62.5,20.2404,45.6804,-0.94531,0.523153
0,62.5,51.3275,45.389,0.446743,0.453163
0,62.5,19.9827,45.7041,-1.08654,0.734502
0,62.5,52.0253,45.5245,0.672396,0.478434
0,62.5,19.7507,45.7565,-1.29598,0.516317
0,62.5,51.781,45.6305,0.525172,0.488614
0,62.5,19.4867,45.8021,-1.32838,0.618862
0,62.5,52.1996,45.6864,0.684103,0.655029
0,62.5,19.6602,46.0027,-1.14009,0.498334
0,62.5,51.9605,45.8042,0.568628,0.572576
0,62.5,19.4064,46.0472,-1.38458,0.499881
0,62.5,52.6282,45.7244,0.875442,0.350703
0,62.5,19.5982,46.2591,-1.45824,0.25121
0,62.5,52.4007,45.8673,0.982676,0.388757
0,62.5,19.3194,46.5091,-1.12787,0.501106
0,62.5,52.6559,45.976,0.780132,0.257086
0,62.5,19.2519,46.7234,-1.13539,0.47283
0,62.5,52.1612,45.9569,0.772203,0.311136
0,62.5,19.5421,46.7158,-1.06684,0.241689
0,62.5,52.4152,46.1115,0.856325,0.307124
0,62.5,19.4826,46.9207,-1.00133,0.274234
0,62.5,52.1792,46.2159,0.59476,0.30325
0,62.5,19.203,46.9432,-1.19086,0.40762
0,62.5,52.4496,46.5889,0.364098,0.26096
0,62.5,19.4122,47.1465,-1.25534,0.13095
0,62.5,52.195,46.6963,0.483599,0.325085
0,62.5,19.0625,47.3945,-1.32936,0.293593
0,62.5,52.4612,46.8205,0.617542,0.429099
0,62.5,19.2422,47.5969,-1.40043,0.229398
0,62.5,52.2358,46.9461,0.685925,0.562741
0,62.5,18.8039,47.4403,-1.34478,0.296282
0,62.5,52.4972,47.0687,0.875529,0.261555
0,62.5,18.9842,47.6392,-1.38921,0.257474
0,62.5,52.2807,47.2021,0.793187,0.36298
0,62.5,18.7283,47.6918,-1.35461,0.227444
0,62.5,51.8498,47.2351,0.298897,0.0349452
0,62.5,18.9051,47.8882,-1.4529,0.19482
0,62.5,52.0891,47.3593,0.25414,0.158196
0,62.5,18.3804,47.9832,-1.29308,0.320878
0,62.5,52.1151,47.6268,0.393896,0.178113
0,62.5,18.6432,47.9393,-1.36768,0.26342
0,62.5,52.3286,47.4701,0.59519,0.195625
0,62.5,18.0282,48.2588,-0.989962,0.427966
0,62.5,52.5771,47.5705,0.729911,0.18446
0,62.5,18.29,48.2261,-1.06619,0.356335
0,62.5,52.8352,47.6488,0.516065,0.235207
0,62.5,17.9493,48.4961,-0.820787,0.415351
0,62.5,52.8766,47.8943,0.517485,0.403506
0,62.5,18.138,48.7105,-0.877647,0.323732
0,62.5,53.6674,48.4099,0.112342,0.501147
0,62.5,17.3534,48.7536,-0.620772,0.226052
0,62.5,53.6838,48.679,0.0600115,0.385901
0,62.5,17.6205,48.7416,-0.741767,0.357875
0,62.5,53.8942,48.5254,0.100171,0.576859
0,62.5,17.8171,48.9708,-0.743254,0.33618
0,62.5,53.9082,48.8122,0.0257345,0.572573
0,62.5,18.0722,48.9522,-0.802376,0.371861
0,62.5,54.327,48.8372,-0.00141017,0.380702
0,62.5,17.7669,49.208,-0.627231,0.240843
0,62.5,53.4676,48.827,0.0428914,0.252989
0,62.5,18.0199,49.1946,-0.724596,0.319217
0,62.5,54.1276,48.9648,0.0524424,0.538454
0,62.5,17.441,49.4247,-0.472254,0.16945
0,62.5,54.7493,49.1445,0.00926135,0.158894
0,62.5,17.7035,49.4412,-0.583664,0.213226
0,62.5,54.9787,49.5504,0.0699805,-0.00752213
0,62.5,16.6295,49.4974,-0.0987825,0.247699
0,62.5,54.9713,49.289,0.0777061,0.151122
0,62.5,17.0206,49.8914,-0.247191,0.142951
0,62.5,55.6678,49.4026,0.257629,0.108944
0,62.5,17.1702,49.4281,-0.302379,0.191169
0,62.5,56.6015,49.89,0.357006,0.129088
0,62.5,17.2512,50.3452,0.449264,0.144308
0,62.5,56.4225,50.3543,0.0482283,-0.134735
0,62.5,16.8413,49.6855,-0.169228,0.194084
0,62.5,57.0446,50.4987,0.118394,0.256031
0,62.5,16.7175,50.1965,-0.222766,0.118689
0,62.5,57.3906,50.1215,0.029235,0.233069
0,62.5,16.4587,50.52,-0.105744,0.0829661
0,62.5,58.1768,50.5248,-0.290755,0.126676
0,62.5,15.8634,50.8291,-0.451366,0.310571
0,62.5,57.9851,50.7591,-0.223018,0.159674
0,62.5,15.1801,50.5766,-0.0436711,0.333735
0,62.5,57.873,51.0062,-0.311446,-0.0793144
0,62.5,15.2083,51.0242,-0.538099,-0.433141
0,62.5,58.363,51.0062,-0.343378,-0.0395937
0,62.5,13.8456,22.8954,14.8592,-6.32738
0,62.5,74.6577,28.6725,2.70669,-3.61149
0,62.5,5.70394,11.2968,3.58313,-18.9708
0,62.5,75.8576,32.7229,0.145494,2.54649
0,62.5,1.96875,29.1885,-2.45315,-2.9387
0,62.5,72.0981,29.4117,3.9529,-3.16107
0,62.5,1.42706,25.525,-0.964968,-4.28358
0,62.5,74.9306,23.6918,-1.38645,-7.11442
0,62.5,5.87858,31.0933,-4.0128,-1.17446
0,62.5,75.476,26.1889,-0.127178,-6.93818
0,62.5,3.16265,29.1541,-4.56965,-3.07122
0,62.5,72.7195,29.4818,3.55731,-2.89511
0,62.5,4.66955,30.3914,-4.30391,-1.27727
0,62.5,70.7237,30.8364,4.18929,-2.27495
0,62.5,8.1689,32.4576,-1.91797,0.627307
0,62.5,70.5196,31.1414,3.99107,-2.34025
0,62.5,10.9621,34.1594,-1.60524,-0.0099338
0,62.5,68.7883,33.1841,3.53022,-0.737694
0,62.5,11.5426,34.7288,-1.87899,-0.496915
0,62.5,71.7608,28.2697,2.59549,-4.37545
0,62.5,11.7678,35.3726,-1.49542,-0.174341
0,62.5,64.7536,35.4761,1.23057,0.285492
0,62.5,12.0413,35.6226,-1.73492,0.0753233
0,62.5,66.2843,34.7803,2.13734,0.301143
0,62.5,12.5349,35.8839,-1.70589,-0.0781197
0,62.5,64.7645,35.8631,0.845003,0.342687
0,62.5,12.8794,36.5196,-1.64232,0.117758
0,62.5,63.3009,36.3145,0.6855,-0.10437
0,62.5,13.1653,37.0389,-1.59191,0.358568
0,62.5,61.9039,37.1488,0.822019,-0.146664
0,62.5,13.3858,37.1804,-1.60269,0.427095
0,62.5,62.3108,36.5564,0.989811,-0.197364
0,62.5,13.0698,36.6845,-1.83351,0.383443
0,62.5,61.5133,36.8625,1.00757,-0.0554009
0,62.5,13.9205,37.7176,-1.61493,0.731487
0,62.5,61.4001,37.1964,1.32349,-0.306651
0,62.5,14.3831,38.076,-1.67224,0.942167
0,62.5,61.1399,37.689,1.30571,-0.226944
0,62.5,14.3608,38.3677,-1.4144,0.787717
0,62.5,60.7339,38.164,0.964628,-0.118463
0,62.5,14.7102,38.759,-1.70336,1.01747
0,62.5,60.391,38.3723,1.48335,0.471585
0,62.5,15.363,39.5434,-1.65578,1.06864
0,62.5,60.2797,38.7065,1.20354,0.717196
0,62.5,15.5067,39.3453,-1.56552,1.1472
0,62.5,59.7044,39.1974,1.59475,0.217845
0,62.5,15.6645,39.5815,-1.53369,1.02869
0,62.5,59.0399,39.7783,0.999375,0.684667
0,62.5,16.1099,39.9411,-1.49249,0.911174
0,62.5,58.7328,40.3646,1.03891,0.973757
0,62.5,16.794,40.4524,-1.54393,0.969739
0,62.5,58.6124,40.6185,0.921651,1.06699
0,62.5,17.0717,40.5634,-1.32155,1.07207
0,62.5,58.338,40.7048,0.868818,1.06389
0,62.5,17.3674,41.0349,-1.01371,1.25958
0,62.5,57.5236,41.0007,0.43399,0.833973
0,62.5,17.6901,41.1969,-0.99938,1.33142
0,62.5,57.3623,40.8702,0.266876,1.05904
0,62.5,17.8795,41.7417,-1.00355,1.14881
0,62.5,56.9829,41.2504,0.334219,0.842608
0,62.5,18.3349,41.7237,-1.1236,1.13501
0,62.5,57.2112,41.1757,0.509419,1.14474
0,62.5,18.4457,41.9895,-1.29304,1.17525
0,62.5,56.2513,41.7985,0.38864,0.961768
0,62.5,18.7951,42.3371,-1.34269,0.851676
0,62.5,55.8304,42.0284,0.782898,0.898097
0,62.5,19.2163,42.5804,-1.57808,1.05739
0,62.5,55.6181,42.5069,0.750436,0.505587
0,62.5,19.4883,42.7871,-1.22243,1.05422
0,62.5,55.0592,43.0491,0.305076,0.249352
0,62.5,19.2272,42.804,-1.33775,1.03834
0,62.5,54.9057,43.2751,0.377113,0.356065
0,62.5,20.2196,42.9493,-1.18686,1.14657
0,62.5,54.9532,42.826,0.662033,0.730045
0,62.5,19.6682,43.0033,-1.36587,1.02307
0,62.5,54.7956,43.0499,0.468031,0.347066
0,62.5,19.9364,42.968,-1.36868,1.02201
0,62.5,54.6404,43.2735,0.397296,0.341765
0,62.5,19.2628,43.4683,-1.08243,1.1014
0,62.5,53.6485,43.4435,0.374327,0.656182
0,62.5,19.6102,43.2344,-1.2281,0.857213
0,62.5,53.7803,43.6683,0.148014,0.465107
0,62.5,19.8805,43.2009,-1.31594,0.874917
0,62.5,53.5033,43.6665,0.432885,0.576912
0,62.5,19.8137,43.4347,-1.21258,0.782481
0,62.5,53.1499,43.5726,0.46304,0.442482
0,62.5,20.2831,43.5954,-1.15777,0.861079
0,62.5,52.7084,43.7561,0.923532,0.510033
0,62.5,20.4629,43.7932,-1.07519,0.796811
0,62.5,53.007,43.7653,0.683205,0.245871
0,62.5,20.6257,44.0006,-1.01132,0.72235
0,62.5,52.8483,43.9662,0.78463,0.572979
0,62.5,20.782,44.2119,-1.00294,0.704005
0,62.5,52.6639,44.1199,0.825136,0.280947
0,62.5,20.9494,44.4194,-1.0128,0.659085
0,62.5,52.5051,44.3283,0.943574,0.313703
0,62.5,20.5227,44.2483,-1.02061,0.739095
0,62.5,52.0479,44.4996,0.642245,0.351408
0,62.5,20.6884,44.4596,-0.993337,0.649121
0,62.5,51.8605,44.6963,0.417241,0.00772332
0,62.5,20.5987,44.7097,-1.11765,0.749403
0,62.5,52.1288,44.7278,0.747223,0.264307
0,62.5,20.7673,44.9139,-1.02124,0.749442
0,62.5,51.67,44.8771,0.472996,0.23619
0,62.5,20.6776,45.1639,-1.02327,0.668691
0,62.5,52.1972,44.9646,0.725085,0.745803
0,62.5,20.8547,45.3577,-0.852917,0.634076
0,62.5,51.9356,44.9378,0.654946,0.489062
0,62.5,20.592,45.4116,-0.979761,0.607617
0,62.5,52.3364,45.1355,0.897058,0.122588
0,62.5,20.7747,45.6054,-0.911275,0.611995
0,62.5,52.1749,45.3483,0.466612,0.301835
0,62.5,20.5095,45.6535,-0.906378,0.535286
0,62.5,52.6265,45.1728,0.676072,0.323725
0,62.5,20.4262,45.8888,-0.879613,0.49256
0,62.5,52.4249,45.3722,0.743655,0.360659
0,62.5,20.1629,45.9175,-1.02094,0.624756
0,62.5,52.6824,45.4056,0.695807,0.693884
0,62.5,20.3482,46.1267,-0.967829,0.468749
0,62.5,52.4234,45.5923,0.717618,0.590385
0,62.5,19.9147,45.9719,-1.14952,0.640922
0,62.5,53.0925,45.6566,0.849848,0.28769
0,62.5,20.0895,46.1682,-1.12766,0.536415
0,62.5,52.8281,45.5757,0.980427,0.319845
0,62.5,19.8295,46.2246,-1.08927,0.725634
0,62.5,53.1435,45.9029,0.693513,0.500602
0,62.5,19.9818,46.4153,-1.14311,0.650071
0,62.5,52.884,45.8283,0.638704,0.341063
0,62.5,19.5882,46.4851,-1.18723,0.203733
0,62.5,53.1792,46.1463,0.801854,0.565105
0,62.5,20.0654,46.7924,-0.943336,0.513749
0,62.5,52.9144,46.0708,0.85867,0.546121
0,62.5,19.8112,46.7926,-1.06414,0.710832
0,62.5,52.6747,46.2165,0.750745,0.555236
0,62.5,19.7432,47.0051,-1.21453,0.761199
0,62.5,52.4331,46.355,0.663264,0.464424
0,62.5,19.6457,47.2156,-1.42869,0.754648
0,62.5,52.6999,46.4537,0.508473,0.409372
0,62.5,19.7225,47.4338,-0.880552,0.637326
0,62.5,52.7155,46.69,0.502556,0.372565
0,62.5,19.3327,47.3558,-1.33626,0.248624
0,62.5,52.9794,46.7884,0.643521,0.369872
0,62.5,19.5068,47.5233,-1.31315,0.0770295
0,62.5,52.7248,46.9247,0.757836,0.220561
0,62.5,19.4319,47.779,-1.40826,0.146774
0,62.5,52.9908,47.0184,0.649235,0.19731
0,62.5,19.6888,47.7101,-1.29162,0.301377
0,62.5,52.761,47.165,0.782436,0.259184
0,62.5,19.1671,47.8401,-1.4722,0.231629
0,62.5,52.5347,47.3166,0.893987,0.23803
0,62.5,19.0773,48.0832,-1.46103,0.194318
0,62.5,53.2974,47.3429,0.359567,0.531023
0,62.5,18.8135,48.1351,-1.31221,0.242994
0,62.5,52.795,47.4066,0.785183,0.353299
0,62.5,18.9863,48.3283,-1.22699,0.294023
0,62.5,53.1634,47.9603,0.386121,0.456496
0,62.5,18.5508,48.185,-1.20266,0.260228
0,62.5,53.0591,47.4926,0.509565,0.492615
0,62.5,18.4667,48.4307,-0.976414,0.230113
0,62.5,53.4119,48.0486,0.216865,0.550553
0,62.5,18.208,48.4688,-0.929697,0.353896
0,62.5,53.0966,47.7376,0.395089,0.577545
0,62.5,18.395,48.6762,-0.909827,0.215277
0,62.5,54.339,48.2686,0.210268,0.713081
0,62.5,18.5831,48.8811,-0.929508,0.180131
0,62.5,53.8912,48.256,0.114329,0.684411
0,62.5,18.8375,48.8289,-0.983046,0.296933
0,62.5,54.1124,48.3808,0.0754804,0.587595
0,62.5,17.8804,48.734,-0.816968,0.381936
0,62.5,54.1057,48.6693,-0.0951037,0.541444
0,62.5,18.3288,48.9204,-0.90135,0.237608
0,62.5,54.312,48.5541,-0.00443204,0.311616
0,62.5,18.2727,49.1637,-0.90016,0.143502
0,62.5,54.5362,48.7131,-0.0126937,0.361019
0,62.5,18.5269,49.1276,-0.926222,0.119383
0,62.5,54.9755,49.0204,-0.0989922,0.118338
0,62.5,18.7801,49.0788,-1.03369,0.24583
0,62.5,55.4286,49.2822,0.0733203,0.180502
0,62.5,17.9592,49.4386,-0.606324,0.289155
0,62.5,56.3993,49.6957,0.0965132,0.092748
0,62.5,18.2118,49.4106,-0.704181,0.206867
0,62.5,56.665,49.6538,-0.0232095,-0.0784861
0,62.5,17.3785,49.6486,-0.380132,0.161359
0,62.5,56.873,49.8099,-0.0350957,0.147473
0,62.5,17.6433,49.6694,-0.469887,0.189157
0,62.5,55.8998,49.7516,0.313103,0.273254
0,62.5,17.1077,49.6553,-0.206393,0.100988
0,62.5,56.6988,50.2958,0.150021,-0.0740008
0,62.5,17.2814,49.873,-0.384914,0.224444
0,62.5,56.956,50.2451,0.262074,0.171683
0,62.5,17.1853,50.1144,-0.62237,0.135744
0,62.5,57.6389,50.1892,-0.0870694,0.324326
0,62.5,17.1229,50.5326,-0.0558383,0.109698
0,62.5,58.2377,50.7629,-0.234825,0.0386677
0,62.5,16.6938,50.4698,0.0834471,0.381463
0,62.5,58.7569,50.79,-0.130018,0.226144
0,62.5,15.4735,51.0032,-0.581169,0.45108
0,62.5,58.977,50.7062,-0.193811,-0.235247
0,62.5,15.3556,50.7955,-0.287504,0.0744059
0,62.5,58.6139,51.0172,-0.243738,0.125746
0,62.5,1.25797,38.5449,3.0603,3.12751
0,62.5,66.5047,27.0438,-7.13531,3.79369
0,62.5,3.35191,21.9738,2.49363,-9.55487
0,62.5,72.4021,29.4621,3.86406,-3.05005
0,62.5,2.73723,28.9562,-4.55092,-3.478
0,62.5,71.728,28.438,3.39053,-4.66489
0,62.5,3.70354,29.643,-4.5913,-2.08267
0,62.5,72.5804,29.6078,3.64076,-2.90038
0,62.5,5.37872,30.5411,-4.61294,-1.4767
0,62.5,73.5683,29.3078,2.84547,-2.79998
0,62.5,7.27901,32.0306,-4.2647,1.2595
0,62.5,68.2604,33.7201,2.76648,-0.14463
0,62.5,8.40641,32.5314,-1.55291,1.69483
0,62.5,73.3763,27.9976,3.36255,-3.0419
0,62.5,9.39017,33.0181,-1.68862,-0.289949
0,62.5,70.6612,31.3015,3.42576,-2.88999
0,62.5,11.3951,34.5043,-1.78284,0.0273216
0,62.5,67.9499,33.9492,2.4868,0.214244
0,62.5,11.686,35.0797,-1.27379,-0.156934
0,62.5,65.7822,34.9025,1.29833,0.455704
0,62.5,11.7687,34.836,-1.87587,-0.31643
0,62.5,65.2905,35.3321,1.35755,0.0842738
0,62.5,12.7996,36.0786,-1.9267,0.2391
0,62.5,64.1936,36.0541,0.964203,0.366131
0,62.5,12.2646,35.7584,-1.68228,0.038188
0,62.5,63.8598,36.1455,1.32945,0.179765
0,62.5,12.7143,35.7792,-1.85865,-0.331493
0,62.5,63.0791,36.4646,0.731409,-0.0473691
0,62.5,12.9922,36.3247,-1.93774,0.139582
0,62.5,62.5555,36.4847,0.692858,0.085796
0,62.5,13.2853,36.8346,-1.92847,0.692598
0,62.5,61.6178,37.1422,1.01825,-0.419169
0,62.5,13.6094,37.34,-1.67834,0.680389
0,62.5,61.2761,37.4752,1.21143,-0.248628
0,62.5,14.1392,37.8263,-1.77357,0.965526
0,62.5,61.191,37.9491,0.740562,0.195827
0,62.5,14.6287,38.5032,-1.56249,0.925083
0,62.5,60.9662,38.0493,0.984661,-0.194228
0,62.5,15.0316,38.8832,-1.75559,0.990171
0,62.5,60.2248,38.9719,1.11795,0.284518
0,62.5,15.2752,39.2316,-1.42899,1.10305
0,62.5,59.5092,39.5076,0.969411,0.726644
0,62.5,15.327,39.0146,-1.63133,0.976512
0,62.5,59.7869,39.3962,0.961853,0.439526
0,62.5,15.9619,39.6704,-1.6528,0.934177
0,62.5,59.9621,39.0952,1.4822,0.634885
0,62.5,16.2454,39.7799,-1.6648,0.935994
0,62.5,58.7858,40.074,0.722814,0.937618
0,62.5,16.3982,40.0735,-1.50864,1.0889
0,62.5,59.0843,39.9984,0.631545,0.935048
0,62.5,16.6482,40.1623,-1.67281,1.03371
0,62.5,58.8891,40.54,1.08501,0.964321
0,62.5,17.5782,40.9627,-0.929025,1.21772
0,62.5,58.0676,40.7989,0.71379,1.12839
0,62.5,17.8761,41.0435,-1.08981,1.18687
0,62.5,57.7938,40.9213,0.449229,0.899336
0,62.5,18.0534,41.5886,-1.09438,1.09577
0,62.5,57.6944,41.1781,0.391197,0.882705
0,62.5,18.2249,41.4447,-1.07489,1.13359
0,62.5,57.4165,41.2439,0.489653,0.702151
0,62.5,18.7029,42.0693,-1.35458,0.978762
0,62.5,56.8147,41.4598,0.490642,1.02556
0,62.5,18.9647,42.1388,-1.36367,0.929883
0,62.5,56.4149,41.5926,0.421914,0.968898
0,62.5,19.226,42.1443,-1.27755,1.03127
0,62.5,55.9904,42.231,0.700172,0.912248
0,62.5,19.0698,42.3753,-1.28904,0.919801
0,62.5,56.1165,42.0015,0.537975,1.17434
0,62.5,19.5024,42.5592,-1.45966,1.11259
0,62.5,55.2177,42.8168,0.226202,0.345906
0,62.5,19.7455,42.7636,-1.32514,0.961063
0,62.5,55.2404,43.1896,0.71493,0.337139
0,62.5,20.0151,42.7402,-1.24901,1.04445
0,62.5,55.1014,43.4075,0.646181,0.279495
0,62.5,20.443,43.1546,-1.14853,0.905777
0,62.5,54.5867,43.6819,0.386185,0.401484
0,62.5,20.6532,43.3436,-1.14104,0.944665
0,62.5,54.7571,43.4943,0.348087,0.596256
0,62.5,20.155,43.1643,-1.23085,1.08406
0,62.5,54.4658,43.4747,0.547843,0.493522
0,62.5,20.0839,43.3941,-1.21969,1.0306
0,62.5,54.1983,43.4666,0.385639,0.39401
0,62.5,20.5611,43.5597,-1.17607,0.874145
0,62.5,53.9323,43.4701,0.0893221,0.34499
0,62.5,20.733,43.7635,-1.12167,0.758283
0,62.5,53.6399,43.8787,0.59595,0.673833
0,62.5,20.8943,43.9702,-0.97944,0.777098
0,62.5,53.4313,44.006,0.539512,0.795902
0,62.5,21.0458,44.176,-0.952456,0.640562
0,62.5,53.2962,43.7889,0.233952,0.295493
0,62.5,21.3193,44.119,-0.813939,0.695512
0,62.5,53.2553,44.1961,0.67216,0.576957
0,62.5,21.7475,44.2493,-0.718589,0.685738
0,62.5,53.1388,43.9825,0.515533,0.493231
0,62.5,21.4836,44.3115,-0.78367,0.754448
0,62.5,52.9613,44.1863,0.606094,0.529398
0,62.5,21.124,44.6139,-0.848533,0.697621
0,62.5,52.5958,44.5665,0.606321,0.328261
0,62.5,21.2179,44.3679,-0.85355,0.656358
0,62.5,52.3263,44.5345,0.827926,0.283581
0,62.5,20.857,44.6648,-0.96723,0.680979
0,62.5,52.3998,44.7637,0.706123,0.541498
0,62.5,21.0304,44.8599,-0.845936,0.722328
0,62.5,52.7124,44.7714,0.823752,0.327328
0,62.5,20.9398,45.1095,-0.887224,0.706963
0,62.5,52.8285,44.9976,0.726497,0.187591
0,62.5,21.381,45.2423,-0.545143,0.740714
0,62.5,52.5298,44.9539,0.849485,0.341533
0,62.5,21.0369,45.5493,-0.70988,0.637278
0,62.5,53.2971,45.4875,0.66245,0.38644
0,62.5,21.2038,45.051,-0.661835,0.729643
0,62.5,52.899,45.2237,0.703723,0.507183
0,62.5,20.6942,45.8492,-0.854103,0.583196
0,62.5,53.5705,45.5674,0.610665,0.368648
0,62.5,20.959,45.798,-0.761694,0.694012
0,62.5,53.0332,45.4089,1.03123,0.520745
0,62.5,20.614,46.0889,-0.857663,0.532772
0,62.5,53.8392,45.6379,0.558191,0.549798
0,62.5,20.881,46.0432,-0.746158,0.627864
0,62.5,53.3541,45.728,0.624399,0.442931
0,62.5,20.5279,46.3267,-0.848088,0.478885
0,62.5,53.6527,46.0587,0.549596,0.516359
0,62.5,20.2576,46.3675,-0.994947,0.399675
0,62.5,53.4024,45.9761,0.594423,0.640866
0,62.5,20.1586,46.6008,-0.956398,0.407392
0,62.5,53.9032,46.1489,0.483995,0.347243
0,62.5,20.3722,46.7814,-0.702257,0.399689
0,62.5,53.4307,46.2269,0.680459,0.475191
0,62.5,19.8203,46.5643,-1.24205,0.743205
0,62.5,53.4534,46.4766,0.697639,0.442005
0,62.5,20.4415,46.557,-0.777053,0.342918
0,62.5,53.2005,46.3907,0.761253,0.44085
0,62.5,20.0323,47.0222,-0.963211,0.490055
0,62.5,53.9297,46.4058,0.65711,0.554034
0,62.5,20.3114,46.9868,-0.708479,0.390777
0,62.5,52.9428,46.3082,0.647884,0.543103
0,62.5,19.9289,47.2183,-1.23714,0.516121
0,62.5,53.2161,46.6344,0.775567,0.374658
0,62.5,20.2356,47.2035,-0.944379,0.44058
0,62.5,52.9585,46.5471,0.671994,0.513403
0,62.5,19.9762,47.4475,-0.600565,0.393696
0,62.5,53.4748,46.7206,0.811366,0.516402
0,62.5,20.2295,47.4195,-0.441629,0.463565
0,62.5,53.2464,46.8742,0.70165,0.387638
0,62.5,19.934,47.6751,-1.07083,0.338284
0,62.5,53.5171,46.9597,0.668125,0.519475
0,62.5,20.2194,47.65,-0.800592,0.487614
0,62.5,53.2617,47.1051,0.586151,0.414596
0,62.5,20.1403,47.8634,-0.937034,0.337897
0,62.5,53.0296,47.2562,0.595934,0.441379
0,62.5,20.3862,48.041,-0.8346,0.324071
0,62.5,53.5529,47.4486,0.172796,0.465143
0,62.5,19.3458,48.0265,-1.4374,0.0721777
0,62.5,53.3202,47.5871,0.288033,0.633945
0,62.5,19.6107,47.9606,-1.44397,0.232461
0,62.5,53.6411,47.646,0.585483,0.621653
0,62.5,19.2547,48.2697,-1.44566,0.166861
0,62.5,53.3977,47.7993,0.484986,0.586439
0,62.5,19.5308,48.2029,-1.51168,0.166077
0,62.5,53.6406,47.8956,0.380442,0.526064
0,62.5,18.725,48.3831,-1.10421,0.236207
0,62.5,53.661,48.1459,0.237982,0.522771
0,62.5,19.1648,48.5142,-1.24453,0.298119
0,62.5,54.586,48.1331,-0.00509755,0.557915
0,62.5,18.6507,48.6322,-0.963241,0.283953
0,62.5,54.5268,48.4323,0.180466,0.455964
0,62.5,19.8444,48.5707,-0.746884,0.0437448
0,62.5,54.7486,48.5969,0.28006,0.423266
0,62.5,18.9058,48.577,-1.03747,0.339289
0,62.5,54.7524,48.8735,0.0544666,0.110521
0,62.5,19.341,48.6972,-0.943618,0.309334
0,62.5,55.1978,48.8912,-0.0122952,0.200288
0,62.5,19.0888,48.7694,-0.971312,0.277389
0,62.5,55.1996,49.1575,0.0578107,0.189252
0,62.5,19.5915,48.6331,-0.853869,0.150787
0,62.5,55.6612,49.1523,0.0492096,0.16636
0,62.5,19.0319,49.0234,-1.00933,0.216003
0,62.5,55.9125,49.5089,0.240817,0.215929
0,62.5,18.721,49.3266,-0.97843,0.139626
0,62.5,57.3297,49.617,-0.0299841,0.198399
0,62.5,18.9755,49.2752,-1.0149,0.145653
0,62.5,56.1534,49.6433,0.156414,0.170696
0,62.5,18.4632,49.3738,-0.848025,0.171264
0,62.5,57.3402,49.8775,-0.00283091,0.0898748
0,62.5,18.4048,49.622,-0.657515,0.196566
0,62.5,56.8326,50.043,0.28372,0.274676
0,62.5,17.9023,49.6778,-0.560914,0.144869
0,62.5,57.2091,50.2799,0.240311,0.433912
0,62.5,17.5374,49.8901,-0.555606,0.0458871
0,62.5,57.1152,50.0363,0.25818,0.183479
0,62.5,17.4389,50.1196,-0.49124,0.0800599
0,62.5,57.8322,49.9813,-0.183708,0.391369
0,62.5,17.5233,50.3528,-0.358836,0.0622725
0,62.5,58.4921,50.7741,-0.184492,0.161628
0,62.5,17.0869,50.7721,0.459085,0.277914
0,62.5,58.4415,50.5429,-0.373633,0.14482
0,62.5,16.1414,50.7971,-0.177307,0.255085
0,62.5,59.2079,50.7601,-0.355107,-0.132762
0,62.5,15.7221,51.0226,-0.522941,-0.101153
0,62.5,58.8795,51.0076,-0.045187,0.0952462
0,62.5,1.94645,30.0051,-1.46048,-0.355468
0,62.5,75.838,25.5878,0.103289,-6.4851
0,62.5,1.59069,26.6287,0.96839,-6.58092
0,62.5,75.9687,26.8351,0.199916,-4.59934
0,62.5,2.16793,29.0889,-2.80677,-3.27393
0,62.5,74.299,28.6187,2.97505,-4.41489
0,62.5,1.43107,27.507,1.4604,-5.01393
0,62.5,73.8627,28.8261,3.24793,-3.43397
0,62.5,2.97089,28.9793,-4.12919,-3.45699
0,62.5,74.0959,28.7475,3.30547,-3.70167
0,62.5,6.28753,31.5327,-3.76775,-1.21663
0,62.5,70.8262,31.3774,3.85767,-2.8611
0,62.5,7.86748,32.1077,-2.54289,0.29486
0,62.5,70.8445,30.4843,3.78521,-2.34673
0,62.5,8.67567,32.711,-1.26804,-0.0468901
0,62.5,70.0086,31.9203,4.07286,-1.88933
0,62.5,10.5365,33.8485,-1.72193,-0.0545921
0,62.5,69.308,32.8769,3.87981,-1.24358
0,62.5,11.1862,34.3399,-1.63423,-0.240764
0,62.5,66.6802,34.7014,2.11437,0.554882
0,62.5,11.9772,35.3623,-1.49616,-0.236774
0,62.5,66.0579,34.9352,1.61903,0.221707
0,62.5,12.4574,35.6193,-1.83875,-0.0146625
0,62.5,64.9178,35.666,0.868309,0.532111
0,62.5,13.1208,36.1595,-2.08907,0.0432915
0,62.5,64.5536,36.0807,1.33595,0.361148
0,62.5,13.222,36.5142,-2.08242,0.154007
0,62.5,63.56,36.238,1.08325,-0.117008
0,62.5,13.5135,36.9959,-1.80464,0.520994
0,62.5,62.4121,36.7849,1.14177,0.0210329
0,62.5,13.8597,37.4599,-1.68027,0.663509
0,62.5,62.1682,36.8406,0.984401,0.0989022
0,62.5,14.3613,37.8309,-1.6689,0.897317
0,62.5,62.1171,37.1281,0.867205,-0.0607159
0,62.5,14.5823,38.2416,-1.74809,1.10928
0,62.5,61.507,37.4535,0.911098,-0.0769328
0,62.5,14.92,38.653,-1.67291,1.08465
0,62.5,61.389,37.7374,1.00074,0.386975
0,62.5,15.2387,38.7766,-1.59434,1.03741
0,62.5,60.609,38.3909,0.906179,-0.0578663
0,62.5,15.6229,39.1649,-1.73847,0.84943
0,62.5,60.892,38.3593,0.985339,-0.190585
0,62.5,15.7974,39.4067,-1.73406,0.989105
0,62.5,60.4806,38.6932,1.25945,0.2099
0,62.5,16.0797,39.4881,-1.79951,0.859988
0,62.5,60.0792,39.2652,1.06611,0.274726
0,62.5,16.496,39.8739,-1.54869,0.888479
0,62.5,59.3457,39.8229,0.738971,0.860766
0,62.5,16.9559,40.3042,-1.45762,1.04188
0,62.5,59.6352,39.6709,0.770614,0.688844
0,62.5,17.3448,40.6294,-1.35251,1.20132
0,62.5,58.9711,40.2245,0.884604,0.930936
0,62.5,17.5736,40.7318,-1.23836,1.08801
0,62.5,58.5183,40.8711,0.768276,1.04177
0,62.5,17.9522,41.3194,-1.0817,1.12079
0,62.5,57.9788,41.0595,0.428521,0.673501
0,62.5,18.4746,41.5328,-1.14479,1.11923
0,62.5,57.5836,41.4318,0.393247,0.897853
0,62.5,18.5921,41.8001,-1.19836,1.14231
0,62.5,56.9116,41.6954,0.636767,0.948271
0,62.5,18.8713,41.8909,-1.39698,0.963886
0,62.5,57.0845,41.4737,0.513091,0.982518
0,62.5,19.1303,41.9129,-1.31503,0.964529
0,62.5,56.6604,41.7005,0.706968,0.989281
0,62.5,19.3493,42.3616,-1.49934,1.03539
0,62.5,56.4759,41.8711,0.638069,0.946916
0,62.5,19.636,42.3452,-1.47736,0.990005
0,62.5,55.8875,42.4646,0.551746,0.928083
0,62.5,19.7987,42.5333,-1.37586,1.07419
0,62.5,55.5043,42.7451,0.692603,0.285636
0,62.5,20.2726,42.7165,-1.11951,1.08001
0,62.5,55.3853,42.9796,0.589667,0.263262
0,62.5,20.7286,43.1243,-1.17636,0.972586
0,62.5,55.6624,42.9449,0.536491,0.585211
0,62.5,20.9429,43.3168,-1.17732,0.7967
0,62.5,55.3753,43.4076,0.579005,0.394155
0,62.5,21.1312,43.5051,-0.982968,0.683296
0,62.5,54.9813,43.6165,0.755547,0.30167
0,62.5,20.3587,43.3679,-1.16627,0.970039
0,62.5,54.4561,43.8976,0.377151,0.56684
0,62.5,20.8463,43.5375,-1.05591,0.72706
0,62.5,54.2997,43.705,0.314445,0.48204
0,62.5,21.0105,43.7382,-0.895014,0.711269
0,62.5,53.9268,43.9073,0.311256,0.492306
0,62.5,21.1716,43.9347,-0.858744,0.687395
0,62.5,54.0531,43.7078,0.225953,0.618879
0,62.5,21.5819,44.0544,-0.798518,0.727702
0,62.5,53.7503,44.0999,0.33459,0.676937
0,62.5,21.8324,43.9698,-0.658536,1.0727
0,62.5,53.536,44.2367,0.656477,0.362569
0,62.5,22.033,43.6879,-0.592915,0.897432
0,62.5,53.3535,44.4244,0.639864,0.433751
0,62.5,21.9896,44.1619,-0.417447,1.05898
0,62.5,53.4389,44.664,0.626226,0.537366
0,62.5,21.6616,44.5025,-0.729439,0.731024
0,62.5,53.0717,44.3963,0.65532,0.4384
0,62.5,21.392,44.5579,-0.774209,0.752148
0,62.5,52.7687,44.3576,0.790624,0.291997
0,62.5,21.5696,44.7488,-0.700018,0.824662
0,62.5,53.1743,44.6255,0.687231,0.593874
0,62.5,21.4711,44.9943,-0.559205,0.793203
0,62.5,52.8864,44.5725,0.708534,0.335005
0,62.5,21.644,45.1873,-0.439622,0.777672
0,62.5,52.9956,44.8049,0.81864,0.45865
0,62.5,21.2975,44.8037,-0.729226,0.751447
0,62.5,53.1079,45.0451,0.610564,0.217471
0,62.5,21.8216,45.3885,-0.367858,0.742386
0,62.5,53.2345,45.2431,0.887659,0.567868
0,62.5,21.2992,45.4924,-0.571933,0.737821
0,62.5,53.5255,45.3402,0.649007,0.538907
0,62.5,21.5604,45.436,-0.430076,0.739056
0,62.5,53.8263,45.4178,0.774272,0.509802
0,62.5,21.1172,45.3005,-0.697541,0.71482
0,62.5,54.1931,45.5256,0.595153,0.74004
0,62.5,21.1457,45.9893,-0.647391,0.707107
0,62.5,54.1188,45.9813,0.370908,0.334902
0,62.5,21.0702,46.2333,-0.539715,0.609821
0,62.5,54.3576,46.0855,0.66677,0.549509
0,62.5,21.2785,46.4144,-0.332791,0.57967
0,62.5,53.621,45.807,0.574354,0.712841
0,62.5,20.7996,46.2833,-0.663183,0.548049
0,62.5,54.1462,46.243,0.659995,0.553629
0,62.5,21.002,46.4681,-0.470261,0.514959
0,62.5,53.8727,45.8963,0.511724,0.570933
0,62.5,20.7233,46.5168,-0.65907,0.458604
0,62.5,54.1765,46.5051,0.557149,0.486234
0,62.5,21.183,46.8676,-0.296128,0.376396
0,62.5,53.6808,46.3114,0.666867,0.452068
0,62.5,20.6563,46.739,-0.610724,0.395009
0,62.5,54.4208,46.6056,0.316297,0.333843
0,62.5,20.8988,46.915,-0.42643,0.349974
0,62.5,54.1986,46.7651,0.335804,0.396168
0,62.5,20.6133,46.9592,-0.573809,0.427336
0,62.5,54.6777,46.7097,0.377221,0.440582
0,62.5,20.8412,47.1339,-0.611245,0.39065
0,62.5,53.7069,46.5604,0.681719,0.615553
0,62.5,20.5317,47.1638,-0.715891,0.392748
0,62.5,53.9892,46.9269,0.515237,0.442779
0,62.5,20.7758,47.3423,-0.473065,0.392007
0,62.5,53.9607,46.6619,0.62337,0.408317
0,62.5,20.4998,47.3813,-0.433963,0.466907
0,62.5,54.2154,47.0362,0.443571,0.510649
0,62.5,20.7831,47.5599,-0.521555,0.455903
0,62.5,53.7389,46.807,0.712849,0.599336
0,62.5,20.4996,47.6015,-0.573606,0.50051
0,62.5,54.0186,47.2136,0.259272,0.353868
0,62.5,20.7173,47.779,-0.621246,0.395696
0,62.5,53.78,47.0554,0.58673,0.585589
0,62.5,20.4323,47.8239,-0.673769,0.427373
0,62.5,54.2014,47.3228,0.457123,0.216278
0,62.5,20.6803,47.9985,-0.620581,0.398986
0,62.5,53.5245,47.1932,0.374383,0.501417
0,62.5,20.5896,48.2113,-0.950228,0.24751
0,62.5,53.9025,47.4861,0.550873,0.458379
0,62.5,20.2949,48.2593,-1.16813,0.12613
0,62.5,53.7698,47.3025,0.26645,0.478872
0,62.5,19.8731,47.9161,-1.19059,0.195576
0,62.5,53.8768,47.7401,0.486903,0.527429
0,62.5,20.1012,48.0916,-1.15849,0.256697
0,62.5,53.8914,47.9918,0.395147,0.530097
0,62.5,19.81,48.1482,-1.52246,0.144725
0,62.5,54.1187,48.1103,0.307015,0.718288
0,62.5,19.7096,48.3771,-1.47956,0.261828
0,62.5,54.82,47.9986,-0.209555,0.312042
0,62.5,19.4338,48.4418,-1.44723,0.38356
0,62.5,54.7375,48.316,0.102079,0.337186
0,62.5,20.3553,48.4711,-0.543469,0.0123428
0,62.5,54.9627,48.4808,0.134805,0.10839
0,62.5,20.0967,48.5153,-0.630828,0.0612686
0,62.5,54.9734,48.7512,0.0825495,0.0632349
0,62.5,20.2771,48.7156,-0.792432,0.138491
0,62.5,55.193,48.6247,0.045057,0.0928285
0,62.5,19.773,48.8294,-0.703935,0.0748383
0,62.5,55.4294,49.0252,-0.0670568,0.302364
0,62.5,19.2818,48.9547,-0.93599,0.324009
0,62.5,55.9035,49.2623,0.0222872,0.260524
0,62.5,20.0216,48.7703,-0.665358,0.106892
0,62.5,56.633,49.4092,-0.0653873,-0.0854829
0,62.5,19.5272,48.8932,-0.874161,0.168187
0,62.5,56.8795,49.5253,-0.159879,0.0721046
0,62.5,19.7217,49.0863,-0.781883,0.180684
0,62.5,56.551,50.1105,-0.0703726,0.0575017
0,62.5,19.2305,49.2086,-0.977745,0.236617
0,62.5,57.1006,49.7921,-0.125304,0.276951
0,62.5,18.9164,49.52,-0.877162,0.0580893
0,62.5,57.5891,49.9317,-0.0603979,0.270604
0,62.5,18.6574,49.5712,-0.882683,0.120199
0,62.5,58.0325,49.756,-0.0606209,0.3629
0,62.5,17.9579,50.1305,-1.04299,0.0526145
0,62.5,57.6998,50.472,-0.207689,0.222257
0,62.5,17.6946,50.1292,-0.766608,0.139622
0,62.5,57.9265,50.519,-0.226986,0.198443
0,62.5,17.397,50.5675,0.0444635,0.158173
0,62.5,58.3618,50.311,-0.158132,0.0388241
0,62.5,16.9196,50.4037,0.214599,0.226869
0,62.5,59.466,50.7755,-0.292703,-0.110454
0,62.5,16.3999,50.7645,-0.196917,0.40409
0,62.5,59.3492,51.0094,0.131946,0.060955
0,62.5,16.0255,51.0254,-0.367967,0.284001
0,62.5,59.6018,51.0121,0.157193,-0.194244
0,62.5,1.66967,26.1733,0.447305,-6.56473
0,62.5,72.4428,29.1448,3.83142,-3.23556
0,62.5,4.89221,23.3775,4.27259,-8.02021
0,62.5,70.2788,31.9085,3.61752,-1.83045
0,62.5,1.97843,28.8279,-2.42835,-3.15497
0,62.5,76.071,27.5464,-0.475353,-2.74835
0,62.5,1.85619,29.419,-1.41462,-1.79349
0,62.5,75.615,26.5949,0.226504,-6.48945
0,62.5,5.0751,30.1918,-4.96119,-1.51853
0,62.5,72.7878,23.2349,-3.53802,-5.49969
0,62.5,5.61244,30.7998,-4.60709,-1.38766
0,62.5,72.9472,29.057,3.22827,-2.49337
0,62.5,8.17928,32.2387,-1.62295,0.806779
0,62.5,70.9601,30.7296,3.50935,-2.44777
0,62.5,8.92647,32.7445,-1.74259,-0.372435
0,62.5,70.0958,32.1291,3.94478,-1.75435
0,62.5,10.0089,33.2866,-1.89462,-0.300792
0,62.5,70.3193,31.6584,4.94953,-2.24946
0,62.5,11.918,35.0746,-1.68604,-0.134603
0,62.5,69.8488,32.3878,3.80243,-1.80693
0,62.5,12.5719,35.4185,-2.00574,-0.267485
0,62.5,67.6052,34.368,2.62179,0.164151
0,62.5,12.7882,35.5363,-1.85715,-0.100203
0,62.5,67.4508,34.2011,2.84266,0.339796
0,62.5,12.9439,35.9188,-1.8624,-0.127085
0,62.5,65.6176,35.186,1.62584,0.25738
0,62.5,13.3304,36.3095,-1.86553,0.12285
0,62.5,63.8131,36.3853,1.12608,0.268092
0,62.5,13.7401,37.1596,-1.93081,0.660563
0,62.5,62.6481,36.7138,0.901653,-0.0495972
0,62.5,14.1242,37.5221,-1.78698,0.702214
0,62.5,62.6093,36.974,1.06722,0.0997084
0,62.5,14.8315,38.3828,-1.58832,1.00258
0,62.5,62.3461,37.0525,0.918546,-0.0712444
0,62.5,14.6633,38.0169,-1.91208,1.01431
0,62.5,61.6389,37.6518,0.742085,0.108782
0,62.5,15.0879,38.5055,-1.46807,1.20065
0,62.5,61.747,37.3489,0.690207,0.225827
0,62.5,15.5288,38.9147,-1.58021,1.21216
0,62.5,61.1044,38.2538,0.848856,0.150281
0,62.5,15.9463,39.2362,-1.8126,0.933209
0,62.5,61.3692,38.0711,0.63086,0.169334
0,62.5,16.2308,39.2949,-1.7532,0.93871
0,62.5,60.3784,39.0894,1.08008,0.688166
0,62.5,16.3326,39.5669,-1.73141,0.869929
0,62.5,60.7187,38.6013,0.953154,0.38679
0,62.5,16.8375,40.0574,-1.53623,1.10462
0,62.5,59.9339,39.5377,1.27006,0.453127
0,62.5,17.2205,40.3753,-1.35058,1.18338
0,62.5,59.5353,39.9456,1.21466,0.670756
0,62.5,17.827,40.8137,-1.27884,1.06144
0,62.5,59.2874,40.0978,1.19532,0.662442
0,62.5,18.1263,41.1596,-1.09732,1.12564
0,62.5,58.7946,40.791,0.714867,1.08078
0,62.5,18.3644,41.2503,-1.0678,1.16813
0,62.5,58.2448,40.962,0.634282,1.03305
0,62.5,18.7701,41.6465,-1.34085,1.08838
0,62.5,57.8673,41.3252,0.444683,0.638016
0,62.5,19.0346,41.6731,-1.35523,1.15555
0,62.5,57.3124,41.4875,0.54905,0.924637
0,62.5,19.2907,41.6741,-1.39972,1.22903
0,62.5,57.1763,41.7325,0.663218,0.896625
0,62.5,19.4974,42.13,-1.33585,1.04672
0,62.5,56.7731,41.9312,0.61349,0.686913
0,62.5,19.8488,42.2459,-1.25765,1.32027
0,62.5,56.5518,42.0957,0.544111,0.777475
0,62.5,20.0416,42.4953,-1.19396,1.1895
0,62.5,56.2984,42.1393,0.756441,0.880273
0,62.5,20.5444,42.7084,-1.04446,0.949921
0,62.5,56.1803,42.3767,0.695296,0.623459
0,62.5,20.4942,42.934,-1.21081,0.975998
0,62.5,55.7817,42.708,0.524157,0.641278
0,62.5,20.7701,42.8959,-1.05057,0.998793
0,62.5,56.0674,42.623,0.584904,0.717072
0,62.5,21.001,43.084,-1.08357,0.890736
0,62.5,55.808,43.1207,0.519227,0.60338
0,62.5,21.2173,43.2657,-0.923997,0.900635
0,62.5,55.5279,43.1881,0.528705,0.587908
0,62.5,21.2888,43.7018,-0.881448,0.692047
0,62.5,55.2541,43.6368,0.540501,0.463721
0,62.5,21.4665,43.8635,-0.812346,0.721233
0,62.5,54.8139,43.7898,0.728797,0.292356
0,62.5,21.7512,43.7605,-0.633962,0.991882
0,62.5,54.2093,43.9608,0.225928,0.478877
0,62.5,21.8468,43.5171,-0.760067,1.05155
0,62.5,54.4854,44.1356,0.403642,0.708416
0,62.5,22.108,43.4369,-0.816449,1.07022
0,62.5,54.0435,44.1302,0.334486,0.568182
0,62.5,22.3505,43.8193,-0.843074,0.976727
0,62.5,54.0869,44.4027,0.702369,0.587492
0,62.5,22.0897,43.8966,-0.752231,0.988561
0,62.5,53.8342,44.3188,0.428237,0.422061
0,62.5,21.9217,44.4377,-0.800862,0.623908
0,62.5,53.625,44.4711,0.565,0.454758
0,62.5,22.4273,44.2776,-0.591052,0.914813
0,62.5,53.896,44.5662,0.637138,0.549981
0,62.5,21.8376,44.6928,-0.770692,0.725955
0,62.5,53.7024,44.7198,0.685507,0.555135
0,62.5,22.3244,44.5393,-0.591576,1.20078
0,62.5,53.2672,44.8719,0.649371,0.479588
0,62.5,22.0974,44.6337,-0.920794,0.668351
0,62.5,53.9689,44.8251,0.527243,0.619989
0,62.5,22.2609,44.8292,-0.710887,0.619833
0,62.5,53.5298,44.9081,0.768768,0.376469
0,62.5,21.7397,44.9391,-0.492121,0.798962
0,62.5,53.7853,44.9852,0.785487,0.466416
0,62.5,22.0067,44.8932,-0.495585,0.615831
0,62.5,53.4396,45.1117,0.786375,0.606439
0,62.5,21.9088,45.141,-0.392503,0.721513
0,62.5,54.0473,45.3332,0.677089,0.681742
0,62.5,21.7435,45.6361,-0.348581,0.719253
0,62.5,53.7315,45.1981,0.672832,0.673675
0,62.5,21.4821,45.6864,-0.478431,0.72208
0,62.5,54.4198,45.4465,0.538477,0.542277
0,62.5,21.4097,45.9336,-0.48128,0.713369
0,62.5,54.0779,45.7121,0.27705,0.51842
0,62.5,21.2214,45.7415,-0.622432,0.68737
0,62.5,54.5665,45.9467,0.410978,0.503003
0,62.5,21.3394,46.1773,-0.43987,0.650113
0,62.5,54.3165,45.8129,0.363485,0.497272
0,62.5,21.2256,46.643,-0.297571,0.549392
0,62.5,54.6065,46.2057,0.388618,0.544077
0,62.5,21.506,46.5883,-0.148234,0.551825
0,62.5,54.3915,46.3488,0.502865,0.551848
0,62.5,20.9427,46.6954,-0.401545,0.42491
0,62.5,54.8976,46.5545,0.366435,0.678827
0,62.5,21.829,46.2982,-0.189202,0.591577
0,62.5,54.64,46.4594,0.424484,0.484143
0,62.5,21.464,46.8145,-0.239115,0.444629
0,62.5,55.1535,46.6408,0.321582,0.565784
0,62.5,21.7432,46.7573,-0.172098,0.452828
0,62.5,54.93,46.8025,0.356498,0.741634
0,62.5,21.4261,47.0384,-0.304674,0.391152
0,62.5,54.9564,47.0305,0.17745,0.455388
0,62.5,21.7094,46.9837,-0.214014,0.478562
0,62.5,54.4411,46.8551,0.269755,0.532617
0,62.5,21.1371,47.0877,-0.447183,0.375569
0,62.5,54.6823,46.9549,0.329541,0.353905
0,62.5,21.6569,47.2083,-0.381484,0.37015
0,62.5,54.4393,47.1123,0.351874,0.383659
0,62.5,21.0715,47.3028,-0.537932,0.372469
0,62.5,54.7269,47.1854,0.110397,0.201164
0,62.5,21.3654,47.2574,-0.418952,0.320637
0,62.5,54.498,47.3288,0.390969,0.305791
0,62.5,21.062,47.5161,-0.488768,0.356141
0,62.5,54.9805,47.5255,0.410326,0.682409
0,62.5,21.3466,47.4731,-0.42627,0.285314
0,62.5,54.7411,47.4424,0.412664,0.401256
0,62.5,21.0058,47.7386,-0.580514,0.339901
0,62.5,55.2177,47.5743,0.613507,0.19518
0,62.5,21.291,47.6932,-0.499565,0.31396
0,62.5,54.8476,47.7345,-0.184284,0.415179
0,62.5,20.9696,47.9551,-0.485199,0.359149
0,62.5,54.3549,47.5226,0.214358,0.247329
0,62.5,21.2611,47.912,-0.435213,0.35167
0,62.5,54.1098,47.5879,0.396196,0.40966
0,62.5,20.8894,48.1705,-0.721584,0.30294
0,62.5,54.1194,47.8493,0.425676,0.408562
0,62.5,21.1674,48.3419,-0.325824,0.230117
0,62.5,54.3537,47.7689,0.183136,0.346118
0,62.5,19.9994,48.3101,-1.45707,0.165506
0,62.5,54.3599,48.0162,0.130766,0.607862
0,62.5,21.4844,48.0853,-0.449222,0.2195
0,62.5,54.6041,47.8736,-0.124763,0.454496
0,62.5,20.62,48.4241,-0.58066,0.0799219
0,62.5,54.9543,48.1989,0.0296261,-0.0368815
0,62.5,20.8903,48.384,-0.509166,0.22703
0,62.5,55.1383,48.0574,-0.0121267,0.0175607
0,62.5,20.5442,48.6624,-0.749237,0.152729
0,62.5,55.1718,48.3558,0.0618854,0.0479299
0,62.5,20.8184,48.6147,-0.644481,0.137741
0,62.5,55.6616,48.8942,0.0322004,0.226342
0,62.5,20.488,48.8963,-0.629807,0.147372
0,62.5,55.8918,49.0066,-0.0985381,0.290503
0,62.5,20.7595,48.8428,-0.60009,0.0341701
0,62.5,56.1225,49.1236,-0.0763808,0.245995
0,62.5,20.7067,49.0761,-0.501585,0.0475972
0,62.5,56.145,49.3932,0.0288364,0.212135
0,62.5,20.2247,48.959,-0.609003,0.225131
0,62.5,56.3901,49.4585,-0.00843858,0.144949
0,62.5,20.1819,49.205,-0.493761,0.171563
0,62.5,57.1023,49.5283,-0.0938119,0.222344
0,62.5,19.6805,49.3424,-0.76606,0.172594
0,62.5,57.0712,49.264,0.0192874,0.201134
0,62.5,19.4776,49.152,-0.849425,0.0625053
0,62.5,57.5577,49.6747,0.0652336,0.294186
0,62.5,18.8503,49.7637,-0.949225,0.0304497
0,62.5,58.2693,49.8216,-0.0985554,0.232814
0,62.5,17.803,49.9067,-0.589097,0.0319956
0,62.5,58.0672,50.0201,-0.166431,0.308301
0,62.5,18.3012,50.3313,-0.537257,0.0649385
0,62.5,58.709,50.5557,-0.482715,0.216753
0,62.5,17.9476,50.5806,-0.614834,0.0906003
0,62.5,58.3098,50.0746,-0.140249,0.150978
0,62.5,17.6734,50.5804,0.104894,0.0605554
0,62.5,59.1059,50.9943,-0.041278,-0.0980985
0,62.5,16.6475,50.7443,-0.0221704,-0.0659143
0,62.5,60.2569,50.7746,0.229663,-0.114168
0,62.5,16.2909,51.0139,-0.206992,0.00258491
0,62.5,59.8619,51.0171,0.38608,0.0495157
0,62.5,2.35079,32.7973,-0.760361,2.10993
0,62.5,71.6109,31.6966,3.13187,-2.69051
0,62.5,1.78436,30.1817,-0.992033,-1.92456
0,62.5,73.1545,23.4535,-2.90789,-7.11952
0,62.5,6.13313,31.2642,-3.91475,-0.686207
0,62.5,75.3018,27.5456,1.51332,-6.46572
0,62.5,2.4285,28.852,-4.24354,-3.10202
0,62.5,75.172,25.7116,-0.231449,-6.84638
0,62.5,4.18092,29.8403,-4.87831,-1.50938
0,62.5,70.519,31.9102,3.76942,-2.25006
0,62.5,7.04418,31.751,-5.30037,0.642572
0,62.5,74.4281,28.808,2.58364,-4.0107
0,62.5,10.8092,33.8161,-1.64955,0.00154655
0,62.5,71.9379,29.2116,4.19048,-3.54582
0,62.5,11.5462,34.3137,-1.74165,-0.280169
0,62.5,73.3887,29.4732,3.48522,-2.72378
0,62.5,11.91,34.6265,-1.83372,-0.442889
0,62.5,71.3665,29.9147,4.04433,-2.7436
0,62.5,12.2351,35.459,-1.50254,-0.145466
0,62.5,71.0126,30.2313,3.75761,-2.58821
0,62.5,12.3631,35.2672,-1.71005,-0.139935
0,62.5,69.6,32.8597,3.58894,-1.51248
0,62.5,13.0079,35.6861,-2.02189,-0.215301
0,62.5,69.528,32.6752,3.80288,-1.83562
0,62.5,13.5451,36.4393,-1.924,0.371619
0,62.5,66.5592,34.9062,1.75136,0.597261
0,62.5,13.4472,36.669,-1.70401,0.28003
0,62.5,65.1185,35.8191,1.06346,0.507414
0,62.5,13.6586,36.8121,-1.80001,0.428496
0,62.5,64.0825,36.272,0.899992,0.109783
0,62.5,13.9928,37.2632,-1.84631,0.537995
0,62.5,63.5343,36.4881,0.929294,0.445642
0,62.5,14.8927,38.161,-2.02017,1.00633
0,62.5,62.0634,37.3996,0.645502,0.246629
0,62.5,15.3488,38.5852,-1.59593,1.11246
0,62.5,61.8751,37.5522,0.963038,0.495474
0,62.5,15.5905,38.6978,-1.73183,1.01165
0,62.5,62.0215,37.7525,0.555252,0.344426
0,62.5,15.8002,39.0144,-1.78792,1.0787
0,62.5,61.5647,37.9063,0.572541,0.220487
0,62.5,16.0854,39.0433,-1.73424,0.842148
0,62.5,61.2868,38.3694,0.625474,0.465165
0,62.5,16.7317,39.8311,-1.37364,1.01204
0,62.5,60.8416,38.8091,1.04807,0.444175
0,62.5,17.012,39.8589,-1.52796,1.09436
0,62.5,60.2185,39.4104,1.00853,0.47589
0,62.5,17.1124,40.1117,-1.50697,1.21249
0,62.5,59.7937,39.824,1.37106,0.707648
0,62.5,17.7428,40.5483,-1.29828,1.19499
0,62.5,59.3882,40.2817,1.02313,0.893437
0,62.5,18.1267,40.9204,-1.19834,1.18833
0,62.5,59.1119,40.3922,1.12436,0.848155
0,62.5,18.6655,41.411,-1.2669,1.04184
0,62.5,58.4107,41.1269,0.708172,1.08697
0,62.5,18.9331,41.4261,-1.23742,1.16893
0,62.5,58.6858,41.0455,0.589302,0.869243
0,62.5,19.1827,41.4376,-1.19415,1.19485
0,62.5,58.1353,41.2343,0.601789,0.987678
0,62.5,19.4768,41.5141,-1.31749,1.08137
0,62.5,57.7356,41.5961,0.546606,0.674311
0,62.5,19.3916,41.9094,-1.32956,0.954213
0,62.5,57.455,41.6893,0.705192,0.935152
0,62.5,19.6962,42.0085,-1.26346,1.19669
0,62.5,57.3314,41.9233,0.683852,1.09828
0,62.5,20.1085,42.2777,-1.24421,1.25335
0,62.5,57.0286,41.9352,0.799198,0.839698
0,62.5,20.4005,42.2841,-1.37276,0.95075
0,62.5,56.4545,42.3441,0.572347,0.641735
0,62.5,20.3192,42.4931,-1.29977,1.04772
0,62.5,56.3385,42.58,0.611234,0.65845
0,62.5,20.6098,42.4916,-1.26626,0.852492
0,62.5,56.2321,42.816,0.644592,0.80217
0,62.5,20.8278,42.6682,-1.09844,0.914939
0,62.5,55.9541,42.8667,0.489072,0.576806
0,62.5,21.0428,42.8487,-0.981264,0.882645
0,62.5,56.0768,43.0678,0.65387,0.62982
0,62.5,21.2691,43.0263,-1.01595,0.939221
0,62.5,56.2209,43.2459,0.704715,0.63823
0,62.5,21.5663,43.6152,-0.720552,0.738665
0,62.5,55.943,43.322,0.559198,0.481907
0,62.5,21.4019,43.446,-0.800706,0.753788
0,62.5,55.6771,43.3693,0.474679,0.32714
0,62.5,21.6828,43.3518,-0.931873,0.977391
0,62.5,55.5291,43.5874,0.541762,0.471846
0,62.5,22.3102,43.5932,-0.799609,0.985197
0,62.5,55.1081,43.8519,0.749276,0.35652
0,62.5,22.4992,44.0075,-0.552076,0.912551
0,62.5,54.718,43.9937,0.232004,0.274262
0,62.5,22.256,44.0911,-0.491724,0.945437
0,62.5,54.7621,44.2282,0.370027,0.322188
0,62.5,22.1655,44.3471,-0.457475,1.029
0,62.5,54.2769,44.2422,0.455158,0.527243
0,62.5,22.6533,44.3248,-0.578233,0.573637
0,62.5,54.3378,44.5145,0.323454,0.523162
0,62.5,22.8142,44.5242,-0.600128,0.835234
0,62.5,54.3993,44.7959,0.339707,0.645997
0,62.5,23.0508,44.7043,-0.723357,0.819302
0,62.5,54.1611,44.6716,0.522512,0.633015
0,62.5,22.989,44.9422,-0.83795,0.831569
0,62.5,54.2082,44.9522,0.489653,0.616604
0,62.5,22.5564,44.5704,-0.523393,0.78601
0,62.5,54.2915,45.2337,0.584284,0.686047
0,62.5,22.7755,44.7634,-0.776042,0.838734
0,62.5,54.0229,45.1048,0.564707,0.688193
0,62.5,22.5002,44.8138,-0.638226,0.670459
0,62.5,54.724,45.5581,0.302258,0.688705
0,62.5,22.4317,45.0554,-0.712125,0.714645
0,62.5,54.6287,45.3343,0.340632,0.620398
0,62.5,22.0857,45.3365,-0.376406,0.625636
0,62.5,54.7678,45.8042,0.358634,0.601664
0,62.5,22.1715,45.0898,-0.609241,0.655466
0,62.5,54.4994,45.6816,0.495616,0.712122
0,62.5,22.006,45.5833,-0.375703,0.660481
0,62.5,55.2558,45.7583,0.376286,0.616598
0,62.5,22.2714,45.5354,-0.393831,0.589689
0,62.5,55.0321,45.9089,0.437166,0.611818
0,62.5,21.6743,45.8815,-0.376672,0.697751
0,62.5,55.2948,46.0035,0.379846,0.650664
0,62.5,21.9403,45.8261,-0.348498,0.583692
0,62.5,54.8212,46.0565,0.47134,0.60712
0,62.5,21.5533,46.3575,-0.216547,0.608141
0,62.5,55.5618,46.0939,0.361952,0.77698
0,62.5,21.6081,46.1228,-0.302486,0.590145
0,62.5,54.8612,46.309,0.602982,0.768717
0,62.5,21.8793,46.0649,-0.308845,0.567011
0,62.5,55.0805,46.1572,0.436618,0.656825
0,62.5,22.1529,46.0078,-0.352093,0.54536
0,62.5,55.1244,46.4006,0.299962,0.595797
0,62.5,21.7837,46.5286,-0.152532,0.55844
0,62.5,55.3882,46.4875,0.310266,0.67808
0,62.5,22.1057,46.2392,-0.326798,0.58378
0,62.5,55.2095,46.8714,0.360575,0.476438
0,62.5,22.0195,46.6977,-0.210887,0.510864
0,62.5,55.4321,46.7183,0.39276,0.621715
0,62.5,22.0616,46.4691,-0.242954,0.524888
0,62.5,55.4865,46.9534,0.452254,0.498113
0,62.5,21.9876,46.927,-0.12873,0.530534
0,62.5,55.2137,47.0967,0.214802,0.394083
0,62.5,22.2619,46.8631,-0.179167,0.55547
0,62.5,54.9714,47.277,0.14081,0.565542
0,62.5,21.9412,47.1552,-0.296077,0.412718
0,62.5,55.4806,47.1732,0.171653,0.425951
0,62.5,22.2199,47.0953,-0.224694,0.426983
0,62.5,55.2272,47.3326,0.259216,0.38105
0,62.5,21.915,47.3776,-0.314305,0.355889
0,62.5,55.7229,47.2493,0.156381,0.603339
0,62.5,22.1931,47.3225,-0.19577,0.456834
0,62.5,55.4708,47.4141,0.33823,0.363141
0,62.5,21.6308,47.4258,-0.343963,0.285019
0,62.5,55.7749,47.4858,0.349763,0.786897
0,62.5,22.1491,47.5511,-0.273643,0.303741
0,62.5,55.5519,47.6119,0.255256,0.546905
0,62.5,21.5788,47.6473,-0.423802,0.278327
0,62.5,55.8574,47.7055,0.504688,0.574962
0,62.5,21.8651,47.6012,-0.368076,0.262859
0,62.5,55.3052,47.7674,0.108326,0.540406
0,62.5,21.1862,48.1266,-0.516235,0.299099
0,62.5,55.576,47.8363,0.197357,0.414116
0,62.5,21.5465,47.8659,-0.341511,0.277487
0,62.5,55.0533,47.8356,-0.0745832,0.0656125
0,62.5,21.832,47.821,-0.341067,0.26657
0,62.5,55.3741,48.0057,0.106562,0.394226
0,62.5,22.0637,47.9972,-0.301593,0.314355
0,62.5,54.6004,47.6283,0.0824714,0.243798
0,62.5,21.7753,48.0418,-0.31117,0.241032
0,62.5,55.633,48.3713,0.020881,0.273781
0,62.5,21.1007,48.568,-0.462616,0.253545
0,62.5,55.8676,48.4785,0.00105079,0.24099
0,62.5,21.4467,48.3006,-0.196913,0.284226
0,62.5,55.3784,48.2566,0.0197188,0.417219
0,62.5,21.0376,48.791,-0.5298,0.101349
0,62.5,55.4187,48.5123,0.033903,0.250785
0,62.5,21.7328,48.2597,-0.18539,0.323421
0,62.5,55.4262,48.7677,-0.0187083,0.305002
0,62.5,21.3874,48.5244,-0.232018,0.256643
0,62.5,55.6566,48.6358,0.0459208,0.216578
0,62.5,21.673,48.4809,-0.0875324,0.308985
0,62.5,55.8891,48.7443,0.0264037,0.194781
0,62.5,21.3221,48.7439,-0.385061,0.178449
0,62.5,56.3541,49.2116,-0.0971818,0.274037
0,62.5,20.4404,49.1355,-0.425606,0.133992
0,62.5,56.8378,49.2562,-0.0250807,0.01575
0,62.5,19.9701,49.0223,-0.67655,0.210288
0,62.5,57.3078,49.3427,0.0329843,0.26328
0,62.5,19.433,49.4053,-0.906301,0.12441
0,62.5,57.7948,49.7236,-0.0552634,0.413944
0,62.5,18.1547,49.6575,-0.634758,0.196618
0,62.5,58.5141,49.8533,0.0234549,0.189356
0,62.5,18.2319,50.1066,-0.86718,0.195852
0,62.5,57.873,50.2464,-0.101475,0.342809
0,62.5,18.5489,50.2746,-0.59065,0.196234
0,62.5,59.1272,50.4998,0.122751,-0.294193
0,62.5,18.0527,50.3523,-0.484325,-0.0760505
0,62.5,59.7309,50.7878,-0.109076,-0.0991047
0,62.5,17.7882,50.3638,-0.109891,0.0724565
0,62.5,59.9969,50.7823,-0.0268565,-0.0725229
0,62.5,16.8657,50.683,0.213867,0.217981
0,62.5,60.1194,51.0111,0.522837,-0.24443
0,62.5,16.5365,51.0013,-0.0913821,0.00759879
0,62.5,60.3736,51.0132,0.628276,-0.00457261
0,62.5,1.66779,29.4535,-1.45998,-1.39591
0,62.5,72.3221,24.7966,-3.37534,-2.9411
0,62.5,4.13905,21.9788,4.12536,-7.52747
0,62.5,74.5158,28.4876,2.4843,-4.19235
0,62.5,1.87689,28.6603,-1.89772,-4.64604
0,62.5,75.0939,35.8559,0.653006,0.583076
0,62.5,6.3417,31.203,-3.6266,-0.450371
0,62.5,71.953,28.9227,3.65412,-3.89482
0,62.5,8.75791,32.4655,-0.661985,0.476326
0,62.5,72.7229,23.345,-3.55997,-5.44838
0,62.5,10.3426,33.6725,-1.77876,-0.0493998
0,62.5,75.2754,27.9511,1.67721,-5.75404
0,62.5,11.3487,34.1611,-1.89018,-0.187076
0,62.5,72.0729,29.8332,3.97678,-3.01012
0,62.5,12.0457,34.8353,-1.69026,-0.0929067
0,62.5,71.7793,29.389,4.48649,-3.18149
0,62.5,11.6906,34.522,-2.01597,-0.125297
0,62.5,69.8353,32.6385,2.97588,-1.61577
0,62.5,12.1421,35.1531,-1.64237,-0.0137142
0,62.5,66.3632,35.0294,1.84806,0.447195
0,62.5,12.8969,35.3411,-1.9246,-0.627316
0,62.5,68.5154,33.5498,2.62471,-0.360147
0,62.5,13.213,35.9257,-1.93122,0.0903901
0,62.5,67.0449,34.626,2.04039,0.358292
0,62.5,13.8576,36.9588,-1.77828,0.405508
0,62.5,65.8534,35.139,1.55373,0.316045
0,62.5,14.2157,37.2351,-1.99592,0.674779
0,62.5,64.8506,36.0522,0.958757,0.249128
0,62.5,14.3289,37.5651,-2.04178,0.904649
0,62.5,63.3027,36.5797,0.840142,0.134836
0,62.5,14.8688,37.8818,-1.87903,0.900683
0,62.5,62.8734,36.9127,0.910318,0.223784
0,62.5,15.1297,38.2747,-1.80305,1.16946
0,62.5,62.8747,36.6338,1.12012,0.143873
0,62.5,15.6512,38.4837,-1.80246,1.1273
0,62.5,62.2224,37.6423,0.733967,-0.132589
0,62.5,15.8431,38.7882,-1.88968,0.978567
0,62.5,62.2834,37.3641,0.834765,-0.0682733
0,62.5,16.4852,39.3553,-1.44785,0.902151
0,62.5,61.5306,38.2334,0.913443,0.253811
0,62.5,16.5778,39.6238,-1.69958,1.09186
0,62.5,61.8144,37.8733,0.632919,0.371842
0,62.5,16.9034,39.624,-1.78148,1.08684
0,62.5,60.9923,38.5849,0.756589,0.0181692
0,62.5,17.4974,40.4373,-1.28168,1.08736
0,62.5,60.5836,38.8981,0.98811,0.126548
0,62.5,17.6388,40.2596,-1.37174,1.13837
0,62.5,60.3122,39.6184,0.891568,0.576462
0,62.5,18.0323,40.684,-1.21532,1.19771
0,62.5,60.0573,39.7142,1.04021,0.745583
0,62.5,18.3964,40.9946,-1.18045,1.12281
0,62.5,59.2841,40.54,1.01339,1.04439
0,62.5,18.8705,41.1961,-1.36349,1.21781
0,62.5,59.0681,40.704,0.968782,0.916085
0,62.5,18.5951,41.1729,-1.18365,1.0256
0,62.5,58.9633,40.9597,0.802016,0.855599
0,62.5,19.3638,41.2733,-1.29762,1.16193
0,62.5,58.564,41.3039,0.64284,0.857791
0,62.5,19.5808,41.7541,-1.36906,1.19482
0,62.5,58.0049,41.5068,0.615046,0.88172
0,62.5,19.8331,41.7949,-1.34228,1.1596
0,62.5,57.8864,41.7741,0.625065,0.865391
0,62.5,19.9617,42.0315,-1.2874,1.20931
0,62.5,57.6179,41.8591,0.70987,0.848556
0,62.5,20.2459,42.076,-1.40406,0.947134
0,62.5,57.0355,42.163,0.323223,1.0674
0,62.5,20.6819,42.2691,-1.29,0.751157
0,62.5,56.7737,42.1849,0.554088,0.989839
0,62.5,20.8982,42.4292,-1.29471,0.797414
0,62.5,56.6545,42.4449,0.667839,0.771318
0,62.5,21.0936,42.5943,-1.05866,0.967197
0,62.5,56.5332,42.7014,0.632288,0.802836
0,62.5,21.2941,42.7795,-0.989059,0.840487
0,62.5,56.6101,42.913,0.712165,0.870134
0,62.5,21.5227,42.9539,-1.02916,1.00997
0,62.5,56.3565,42.9932,0.627326,0.683102
0,62.5,21.4921,43.2034,-0.97605,0.918415
0,62.5,56.5094,43.1776,0.696665,0.814323
0,62.5,21.7531,43.0837,-1.09889,1.02045
0,62.5,56.3616,43.4192,0.675512,0.806672
0,62.5,22.3921,43.3707,-0.860951,0.940196
0,62.5,56.2164,43.6821,0.680033,0.601365
0,62.5,21.9407,43.239,-1.01161,1.10373
0,62.5,56.0776,43.5049,0.826352,0.798459
0,62.5,22.6313,43.4725,-0.780733,0.895174
0,62.5,55.8093,43.5801,0.661415,0.591518
0,62.5,22.7591,43.8357,-0.747928,0.617951
0,62.5,55.376,43.8531,0.59073,0.483483
0,62.5,22.7243,44.084,-0.677642,0.674559
0,62.5,54.986,44.0417,0.489089,0.387772
0,62.5,23.0559,44.4513,-0.766852,0.937543
0,62.5,55.0354,44.2704,0.511513,0.483283
0,62.5,23.2922,44.6406,-0.533916,0.919387
0,62.5,54.5455,44.3803,0.372062,0.449406
0,62.5,23.2746,44.8748,-0.835836,0.678022
0,62.5,54.5935,44.6235,0.421885,0.74526
0,62.5,23.5654,44.6661,-0.205807,0.557794
0,62.5,54.6423,44.8747,0.271475,0.483024
0,62.5,23.5464,44.8936,-0.614394,0.603702
0,62.5,54.446,45.0717,0.345651,0.580762
0,62.5,23.1845,45.1049,-0.770566,0.725122
0,62.5,54.9058,44.9441,0.335443,0.422765
0,62.5,23.4635,45.1095,-0.727751,0.615152
0,62.5,54.6955,45.1244,0.193125,0.462642
0,62.5,22.706,44.9919,-0.740321,0.694236
0,62.5,54.9474,45.1988,0.52636,0.517506
0,62.5,22.9027,45.1746,-0.721366,0.819769
0,62.5,54.9916,45.6632,0.282658,0.515888
0,62.5,22.6278,45.2333,-0.645172,0.745689
0,62.5,55.2052,45.5135,0.386481,0.571249
0,62.5,23.0919,45.352,-0.410426,0.754536
0,62.5,54.9332,45.4199,0.261652,0.500786
0,62.5,22.5459,45.4749,-0.506023,0.524421
0,62.5,55.471,45.6056,0.424283,0.639885
0,62.5,22.3518,45.2969,-0.597813,0.613496
0,62.5,55.5163,45.8506,0.32407,0.608226
0,62.5,22.4863,45.71,-0.426699,0.556118
0,62.5,55.7308,45.6912,0.432852,0.549013
0,62.5,22.7655,45.6489,-0.50748,0.572386
0,62.5,55.7807,45.9353,0.348539,0.822845
0,62.5,22.2105,45.773,-0.369044,0.564666
0,62.5,56.3136,46.0855,0.312367,0.544452
0,62.5,22.9849,45.8094,-0.504728,0.592897
0,62.5,56.0429,46.0191,0.361511,0.687699
0,62.5,22.4286,45.943,-0.367007,0.496451
0,62.5,55.8254,46.1789,0.363088,0.746593
0,62.5,22.7059,45.88,-0.493378,0.602052
0,62.5,55.3466,46.2462,0.248585,0.757866
0,62.5,22.3834,46.1736,-0.338726,0.520115
0,62.5,55.6114,46.3388,0.366949,0.73629
0,62.5,22.6172,46.3397,-0.452969,0.565373
0,62.5,55.6661,46.5736,0.316986,0.74697
0,62.5,22.3394,46.4029,-0.356809,0.532564
0,62.5,55.9338,46.6536,0.204469,0.759684
0,62.5,22.2957,46.6337,-0.28196,0.55971
0,62.5,55.7034,46.8115,0.36079,0.777911
0,62.5,22.5722,46.5693,-0.440494,0.610943
0,62.5,55.9874,46.884,0.437025,0.832996
0,62.5,22.8104,46.7332,-0.505672,0.5766
0,62.5,55.7811,47.0366,0.430786,0.66034
0,62.5,22.4939,47.0312,-0.346053,0.48819
0,62.5,56.2734,46.9562,0.393291,0.585929
0,62.5,22.5364,46.7989,-0.370497,0.570093
0,62.5,56.0697,47.1113,0.520004,0.768209
0,62.5,22.4666,47.2626,-0.237371,0.451084
0,62.5,56.3647,47.1778,0.318061,0.679588
0,62.5,22.7348,47.1979,-0.323906,0.494285
0,62.5,55.9794,47.3142,0.0340893,0.635857
0,62.5,22.4266,47.4956,-0.285015,0.389683
0,62.5,56.2305,47.3697,0.0163145,0.546502
0,62.5,22.698,47.4345,-0.301248,0.42388
0,62.5,56.0568,47.5693,0.371427,0.60721
0,62.5,22.3951,47.7239,-0.281946,0.320316
0,62.5,56.3319,47.6112,0.0847401,0.564503
0,62.5,22.936,47.6066,-0.3358,0.443173
0,62.5,56.1472,47.7987,0.23215,0.709423
0,62.5,22.1149,47.7736,-0.287201,0.316716
0,62.5,56.3979,47.8564,-0.00523076,0.502235
0,62.5,23.1671,47.7845,-0.489013,0.39927
0,62.5,56.0319,47.9985,-0.0549518,0.429953
0,62.5,22.6681,47.6676,-0.249957,0.399173
0,62.5,55.8021,47.932,0.0534169,0.404881
0,62.5,23.1259,48.0228,-0.473457,0.396892
0,62.5,55.6072,48.1137,0.165282,0.352515
0,62.5,22.6281,47.8997,-0.329574,0.311181
0,62.5,55.8389,48.2079,0.033223,0.242615
0,62.5,22.0181,48.2165,-0.243138,0.275926
0,62.5,56.2849,48.3798,-0.144762,0.710953
0,62.5,22.5823,48.1273,-0.288318,0.328312
0,62.5,56.3085,48.6708,-0.242134,0.590914
0,62.5,22.3478,47.95,-0.339176,0.305919
0,62.5,56.5027,48.3749,-0.128616,0.272964
0,62.5,22.3025,48.1736,-0.280618,0.245647
0,62.5,56.0979,48.5655,-0.0898778,0.355322
0,62.5,21.9603,48.4395,-0.129839,0.313317
0,62.5,56.5291,48.6386,-0.179356,0.154765
0,62.5,21.9013,48.6579,-0.169453,0.312065
0,62.5,56.1128,48.8503,-0.256454,0.306707
0,62.5,21.6117,48.7007,-0.24046,0.256389
0,62.5,56.5885,49.1604,-0.20716,0.0141828
0,62.5,20.6599,49.3128,-0.287743,0.100924
0,62.5,56.7941,48.9962,-0.242126,0.0259185
0,62.5,19.9295,49.2725,-0.671784,0.192022
0,62.5,57.2763,49.0777,0.0258767,0.170655
0,62.5,19.3889,49.6526,-0.847911,0.0397165
0,62.5,57.7637,49.4627,0.155802,0.299277
0,62.5,18.5962,49.8206,-0.770661,0.251477
0,62.5,58.7745,49.9087,-0.0138446,0.12858
0,62.5,18.328,49.8689,-0.730892,0.175857
0,62.5,58.1041,50.2824,-0.151429,0.118976
0,62.5,18.4703,50.5372,-0.904971,-0.19552
0,62.5,59.0857,50.2192,-0.166144,0.0904209
0,62.5,18.154,50.7988,-0.286655,-0.262993
0,62.5,59.3807,50.5392,0.078377,-0.154443
0,62.5,17.8842,50.8069,-0.627127,0.37252
0,62.5,59.6457,50.5622,-0.0130776,-0.169704
0,62.5,16.9841,50.995,-0.125376,-0.138694
0,62.5,61.0189,50.7822,0.441265,-0.167368
0,62.5,16.7696,50.984,-0.0132323,0.000666665
0,62.5,60.6253,51.0095,0.67617,-0.230897
0,62.5,7.26805,23.7285,4.47264,-0.420142
0,62.5,73.1431,29.539,3.5203,-2.76006
0,62.5,8.98623,26.7025,8.50157,-0.453973
0,62.5,75.8489,31.4426,0.261603,0.866311
0,62.5,4.40424,30.0308,-4.76034,-1.56566
0,62.5,73.8061,29.3178,2.99867,-2.46187
0,62.5,6.058,30.8225,-4.13321,-0.771539
0,62.5,71.9214,29.5985,3.99992,-3.23132
0,62.5,9.7212,33.021,-1.99978,-0.25968
0,62.5,74.8196,34.1464,0.606717,0.501208
0,62.5,11.1258,34.0118,-1.75592,0.0276477
0,62.5,72.4259,29.829,3.85178,-2.99601
0,62.5,11.8649,34.3295,-1.89348,-0.353185
0,62.5,71.0922,30.4694,3.83043,-2.58345
0,62.5,11.6944,34.1155,-1.85009,-0.186753
0,62.5,72.2487,29.7685,3.74497,-3.16851
0,62.5,12.2557,34.9259,-1.49096,-0.389247
0,62.5,70.0806,32.4232,4.02459,-2.07713
0,62.5,12.4812,35.027,-1.99143,-0.317301
0,62.5,68.9014,33.3435,2.73617,-0.360908
0,62.5,13.1431,35.5332,-1.88647,-0.26046
0,62.5,67.8689,34.2385,2.92493,0.370367
0,62.5,13.7513,36.5701,-1.84678,0.338455
0,62.5,66.8725,34.8378,2.13332,0.438829
0,62.5,14.0888,36.9883,-2.08183,0.732789
0,62.5,65.1326,35.5519,1.17652,0.54283
0,62.5,14.5941,37.7766,-1.75432,0.78673
0,62.5,63.7038,36.6317,0.953584,0.215844
0,62.5,15.0983,37.9917,-1.83748,0.946411
0,62.5,63.3589,36.8,1.19038,0.406844
0,62.5,15.3842,38.3573,-1.86227,1.21814
0,62.5,63.0846,36.7685,0.669392,0.167239
0,62.5,16.103,38.8075,-1.91629,0.95458
0,62.5,62.7832,37.1489,0.856919,0.150735
0,62.5,16.3436,39.0806,-1.54059,1.14209
0,62.5,62.5015,37.2297,0.886101,-0.0319211
0,62.5,16.5992,39.1568,-1.46374,1.20974
0,62.5,61.9933,38.0811,0.819748,0.434672
0,62.5,16.7496,39.4457,-1.73112,1.002
0,62.5,61.7526,38.1214,0.69031,-0.0160375
0,62.5,17.2623,39.9048,-1.48545,1.33227
0,62.5,61.1895,38.6287,1.1181,0.139131
0,62.5,17.3676,40.1791,-1.53527,1.35432
0,62.5,60.6643,39.1049,0.941066,0.352102
0,62.5,17.5132,39.9888,-1.37685,1.08987
0,62.5,60.9358,39.0095,0.964743,0.385828
0,62.5,17.8318,40.1626,-1.28618,1.10267
0,62.5,60.4604,39.3084,0.880136,0.533139
0,62.5,18.0996,40.2706,-1.31153,1.23304
0,62.5,59.9147,40.005,0.866398,0.763374
0,62.5,17.925,40.4289,-1.28774,1.06532
0,62.5,59.6441,40.1314,1.06024,0.739309
0,62.5,18.2055,40.5344,-1.13701,1.23258
0,62.5,59.5775,40.4064,1.12392,0.898351
0,62.5,19.1202,41.1713,-1.36731,1.40657
0,62.5,59.2361,40.8748,1.00711,0.79626
0,62.5,19.7458,41.5432,-1.36202,1.17705
0,62.5,58.8391,41.2222,0.721298,0.742894
0,62.5,20.0163,41.6047,-1.49407,1.11109
0,62.5,58.291,41.3936,0.599278,1.04743
0,62.5,20.1153,41.8391,-1.52825,1.09104
0,62.5,58.1756,41.6508,0.625431,0.905702
0,62.5,20.5427,42.0622,-1.55517,0.933001
0,62.5,57.5495,42.103,0.338859,1.07439
0,62.5,21.1162,42.2989,-0.993367,1.19059
0,62.5,57.2898,42.1511,0.120165,1.10574
0,62.5,21.3184,42.5041,-0.957442,1.2029
0,62.5,57.181,42.3927,0.408685,0.924632
0,62.5,21.5347,42.6916,-0.947857,1.14479
0,62.5,56.9076,42.3997,0.845898,1.23861
0,62.5,21.9405,42.69,-0.821005,1.01149
0,62.5,57.0599,42.6131,0.673603,1.04423
0,62.5,21.753,42.8114,-0.797432,0.994325
0,62.5,56.7935,42.6546,0.657619,0.931516
0,62.5,21.9836,42.9654,-0.875887,1.17988
0,62.5,56.7677,43.1199,0.636895,0.866069
0,62.5,22.1885,43.1879,-1.02252,1.01316
0,62.5,56.6308,43.3814,0.69421,0.834948
0,62.5,22.6703,43.2354,-0.834047,0.885313
0,62.5,56.9152,43.3072,0.497641,0.988587
0,62.5,22.5842,43.696,-0.969616,0.979221
0,62.5,56.6424,43.765,0.647046,0.756753
0,62.5,22.9306,44.246,-0.82544,0.909104
0,62.5,56.4708,43.6321,0.702111,0.750563
0,62.5,22.9987,44.0245,-0.847809,0.903959
0,62.5,56.1058,43.9138,0.657192,0.439402
0,62.5,23.2563,44.3296,-0.745139,0.686732
0,62.5,55.9215,43.7675,0.683879,0.464776
0,62.5,23.4737,44.4483,-0.878696,0.812393
0,62.5,55.6213,43.8096,0.803646,0.515247
0,62.5,23.823,44.8079,-0.647378,0.82695
0,62.5,55.274,44.0833,0.343924,0.349387
0,62.5,24.0579,44.9067,-0.587083,0.847303
0,62.5,55.2861,44.3248,0.583527,0.445402
0,62.5,23.7755,45.0376,-0.662269,0.767241
0,62.5,54.8227,44.4617,0.360782,0.515395
0,62.5,24.1529,45.1174,-0.280839,0.610338
0,62.5,55.3244,44.5933,0.539032,0.336752
0,62.5,24.3894,45.0529,-0.281803,0.9306
0,62.5,54.8578,44.7011,0.320663,0.350421
0,62.5,23.9212,45.2181,-0.29118,0.504114
0,62.5,55.0797,44.5179,0.344332,0.380325
0,62.5,24.381,45.3049,-0.428749,0.731395
0,62.5,55.115,44.77,0.45769,0.490362
0,62.5,24.1452,45.3846,-0.645808,0.466595
0,62.5,55.2019,45.2795,0.198316,0.461713
0,62.5,24.3711,45.5669,-0.708253,0.461811
0,62.5,55.1593,45.0249,0.374811,0.570125
0,62.5,23.6542,45.2781,-0.427906,0.557145
0,62.5,55.4524,45.3639,0.487789,0.621008
0,62.5,23.892,45.4678,-0.679087,0.502675
0,62.5,55.7042,45.446,0.513037,0.624965
0,62.5,23.3525,45.3212,-0.572474,0.702466
0,62.5,55.9554,45.5301,0.39578,0.508285
0,62.5,23.3421,45.5473,-0.438177,0.660379
0,62.5,55.9939,45.773,0.450447,0.7563
0,62.5,22.8172,45.4149,-0.551543,0.589135
0,62.5,56.2158,45.6089,0.407534,0.606797
0,62.5,23.0491,45.5797,-0.456921,0.609908
0,62.5,56.256,45.8495,0.387266,0.641823
0,62.5,23.2144,45.9874,-0.647134,0.583019
0,62.5,56.5851,46.1436,0.46287,0.550656
0,62.5,23.4537,46.1587,-0.616333,0.529367
0,62.5,56.3671,46.3204,0.372755,0.644045
0,62.5,22.9389,46.0425,-0.557141,0.508869
0,62.5,56.6435,46.3721,0.427776,0.513849
0,62.5,23.1724,46.2143,-0.599729,0.606913
0,62.5,56.0989,46.2551,0.26816,0.644908
0,62.5,22.6621,46.1111,-0.531039,0.590338
0,62.5,56.1554,46.4954,0.230473,0.718345
0,62.5,22.8953,46.2725,-0.540863,0.565513
0,62.5,55.8859,46.4168,0.25308,0.781898
0,62.5,22.8492,46.504,-0.508135,0.590505
0,62.5,56.4902,46.7802,0.260577,0.406522
0,62.5,23.3628,46.6161,-0.667615,0.497878
0,62.5,56.2133,46.7258,0.292145,0.660717
0,62.5,23.0865,46.6737,-0.498148,0.535023
0,62.5,56.7737,46.823,0.379995,0.470215
0,62.5,23.3155,46.8478,-0.599839,0.471522
0,62.5,56.5614,47.0031,0.296526,0.465633
0,62.5,23.041,46.9039,-0.573536,0.555312
0,62.5,56.8584,47.039,0.192824,0.532329
0,62.5,23.277,47.0766,-0.550616,0.584313
0,62.5,56.6608,47.2192,0.184238,0.594515
0,62.5,22.7672,46.9659,-0.472799,0.563708
0,62.5,57.1337,47.0849,0.319317,0.396407
0,62.5,23.0049,47.1357,-0.506692,0.584079
0,62.5,56.9392,47.2702,0.100933,0.426597
0,62.5,22.9655,47.3702,-0.413583,0.430875
0,62.5,56.7612,47.4587,0.0241192,0.479695
0,62.5,23.2002,47.5456,-0.476743,0.489052
0,62.5,56.5002,47.4115,0.157643,0.638208
0,62.5,23.4313,47.7285,-0.503703,0.537968
0,62.5,56.8471,47.7045,-0.0525144,0.435087
0,62.5,23.3886,47.968,-0.467694,0.426311
0,62.5,56.5896,47.6641,-0.000263365,0.634006
0,62.5,23.6493,47.9179,-0.565425,0.474529
0,62.5,56.6591,47.9097,-0.176582,0.61159
0,62.5,23.3622,48.2055,-0.543945,0.423752
0,62.5,56.2485,48.0965,-0.141425,0.714907
0,62.5,23.0909,48.2573,-0.605915,0.383312
0,62.5,57.1323,48.0319,0.000103761,0.216114
0,62.5,22.8573,48.0763,-0.317409,0.356218
0,62.5,56.0641,48.2853,0.0136829,0.330623
0,62.5,22.8134,48.3059,-0.420108,0.330406
0,62.5,56.7053,48.1905,-0.187307,0.377596
0,62.5,22.9009,47.8427,-0.338047,0.380001
0,62.5,56.4776,48.1039,-0.251664,0.522035
0,62.5,22.5308,48.3532,-0.334198,0.297666
0,62.5,56.7349,48.4633,-0.0980445,0.315098
0,62.5,22.1908,48.6185,-0.111804,0.32887
0,62.5,56.7647,48.7316,-0.179865,0.210438
0,62.5,21.8263,48.8788,-0.345579,0.312278
0,62.5,56.999,48.7538,-0.026122,0.235063
0,62.5,21.5383,48.9224,-0.306245,0.309319
0,62.5,56.557,48.9012,-0.204472,0.0456277
0,62.5,21.2011,49.1967,-0.273431,0.0477265
0,62.5,56.332,48.9495,-0.144045,0.465107
0,62.5,21.2567,48.969,-0.43354,0.202939
0,62.5,57.2438,48.8201,0.0619387,0.206069
0,62.5,20.402,49.3775,-0.277635,0.069695
0,62.5,57.0326,49.0079,-0.0640912,0.167156
0,62.5,20.1467,49.4528,-0.468888,0.104529
0,62.5,57.5341,49.4049,0.131895,0.275691
0,62.5,19.6432,49.5927,-0.792472,0.146402
0,62.5,57.9985,49.4958,0.145017,0.355598
0,62.5,19.1788,49.455,-0.954362,0.154396
0,62.5,58.4749,49.6024,-0.0314624,0.230516
0,62.5,19.0508,49.9231,-0.994987,0.176944
0,62.5,58.5698,50.0926,-0.0826149,0.110656
0,62.5,18.7165,50.4772,-0.714206,0.344589
0,62.5,58.6291,50.325,-0.203688,0.13954
0,62.5,18.5042,50.0528,-0.983173,0.146289
0,62.5,59.9202,50.5623,0.0714136,-0.0736326
0,62.5,17.7732,51.0261,-0.166908,0.569488
0,62.5,60.1943,50.5472,0.228964,-0.0641729
0,62.5,17.613,50.7952,0.163025,0.15489
0,62.5,61.2755,50.765,0.369666,0.0175459
0,62.5,17.2409,51.0185,0.108568,0.312094
0,62.5,60.8775,51.0138,0.780841,-0.0618417
0,62.5,2.96519,28.6467,-5.03727,-3.32053
0,62.5,75.7667,25.1514,0.29894,-5.95334
0,62.5,1.26846,38.2293,-5.2579,2.45772
0,62.5,76.0159,32.638,0.0353466,2.01983
0,62.5,6.51608,31.5876,-4.43082,-0.716387
0,62.5,75.3309,26.2987,0.0699251,-7.46619
0,62.5,10.5861,33.5904,-1.825,0.00625232
0,62.5,68.3455,27.4969,-7.36345,-0.249489
0,62.5,11.482,33.9542,-1.79564,-0.185448
0,62.5,74.218,28.9464,2.69283,-3.6265
0,62.5,12.1024,34.4106,-1.95686,-0.403668
0,62.5,74.9113,23.8182,-1.04786,-7.17502
0,62.5,12.6685,35.1812,-2.09868,-0.424327
0,62.5,71.6558,29.7469,3.89606,-2.97041
0,62.5,12.4024,34.6961,-2.06019,-0.201684
0,62.5,71.0502,31.1672,3.73568,-3.03362
0,62.5,13.4278,36.0802,-2.19072,0.230187
0,62.5,68.1323,34.0273,2.91874,0.213168
0,62.5,13.6656,36.2327,-2.15136,0.422947
0,62.5,69.2356,33.1423,2.83312,-0.657264
0,62.5,13.9609,36.7057,-1.9788,0.558765
0,62.5,67.1332,34.8631,2.13561,0.804697
0,62.5,14.3079,36.9471,-2.0245,0.495414
0,62.5,65.1197,36.0347,1.09197,0.251095
0,62.5,14.4216,37.3346,-2.21718,0.811779
0,62.5,65.5053,35.4194,1.20033,0.474198
0,62.5,14.6493,37.2897,-1.9229,0.545914
0,62.5,63.9866,36.541,0.945319,0.194168
0,62.5,14.6194,37.5521,-2.27892,0.855173
0,62.5,65.3768,35.635,1.39143,0.316702
0,62.5,14.8635,37.6285,-2.14132,0.959395
0,62.5,64.3555,36.2511,1.14718,0.407692
0,62.5,15.9203,38.5669,-1.92041,0.872602
0,62.5,63.1516,37.0036,0.708112,0.261433
0,62.5,15.3146,38.0851,-1.83307,1.24951
0,62.5,62.6554,37.4132,1.07094,0.352314
0,62.5,16.8566,39.2386,-1.30978,1.21158
0,62.5,62.4584,37.5646,0.788639,0.345164
0,62.5,16.3481,38.8197,-1.75526,0.98018
0,62.5,61.6888,38.4247,0.913856,0.499617
0,62.5,17.1393,39.6145,-1.34046,1.38319
0,62.5,61.4534,38.5285,0.683928,0.386423
0,62.5,17.0699,39.3529,-1.51936,1.30229
0,62.5,61.6196,38.7316,0.801305,0.622925
0,62.5,17.3857,39.7019,-1.40669,1.21601
0,62.5,61.384,38.8059,0.921808,0.774942
0,62.5,17.5963,39.6712,-1.51693,1.29597
0,62.5,60.7884,39.2977,0.813577,0.952723
0,62.5,17.7148,39.9147,-1.36439,1.2723
0,62.5,60.1831,39.9036,0.847001,0.683811
0,62.5,18.7102,40.9582,-1.08769,1.13897
0,62.5,60.0812,40.1685,1.20184,1.18972
0,62.5,19.4668,41.0554,-1.35442,1.12614
0,62.5,59.8252,40.2741,1.09582,1.11098
0,62.5,19.6298,41.3069,-1.39496,1.23371
0,62.5,59.4376,40.6994,1.0395,0.975341
0,62.5,19.9296,41.3732,-1.48688,1.10597
0,62.5,59.1187,41.1341,0.96442,0.888403
0,62.5,20.3828,41.8682,-1.45305,0.886064
0,62.5,58.7217,41.4777,0.823158,0.973126
0,62.5,20.7174,41.9199,-1.17169,1.13006
0,62.5,58.4518,41.5673,0.755953,0.940372
0,62.5,20.8983,42.1511,-1.13859,1.12354
0,62.5,57.8036,42.0379,0.440698,0.960966
0,62.5,20.9809,41.9323,-1.25609,1.07275
0,62.5,57.708,42.3057,0.402989,1.13779
0,62.5,21.3768,42.271,-0.995025,1.01725
0,62.5,57.4511,42.3654,0.602808,1.10982
0,62.5,21.5951,42.4719,-0.86143,0.961288
0,62.5,57.6096,42.5587,0.468148,1.07841
0,62.5,22.1989,42.7047,-0.821639,1.01973
0,62.5,57.3387,42.5996,0.552365,1.03395
0,62.5,22.2201,42.9387,-0.922773,0.986265
0,62.5,57.1398,42.8328,0.677378,1.0781
0,62.5,22.4487,43.1257,-0.913197,1.04383
0,62.5,56.8755,42.8756,0.710243,0.938628
0,62.5,22.9137,43.3575,-0.924437,0.96172
0,62.5,57.042,43.0734,0.514816,0.975925
0,62.5,22.8869,43.5765,-0.823473,1.01083
0,62.5,57.0595,43.5257,0.510233,0.841165
0,62.5,23.236,43.6188,-0.882456,0.82756
0,62.5,56.7901,43.5425,0.52682,0.852046
0,62.5,23.0072,43.7698,-0.764563,0.988579
0,62.5,56.9258,43.7581,0.596922,0.815719
0,62.5,23.2321,44.1036,-0.923853,0.747467
0,62.5,56.5296,44.0413,0.745607,0.689443
0,62.5,23.8043,44.5474,-0.215687,0.661794
0,62.5,56.3635,43.8986,0.762551,0.583155
0,62.5,24.0368,44.6292,-0.418538,0.944754
0,62.5,55.9582,44.1235,0.689123,0.650543
0,62.5,24.1106,44.3962,-0.559718,0.511759
0,62.5,55.7593,43.9849,0.711503,0.336242
0,62.5,24.2578,44.7758,-0.503924,0.97494
0,62.5,55.5095,44.0979,0.642077,0.421438
0,62.5,24.3222,44.5358,-0.667572,0.861297
0,62.5,55.5145,44.3965,0.499848,0.404182
0,62.5,24.7737,44.7869,-0.660033,0.690278
0,62.5,55.5666,44.6659,0.556445,0.48275
0,62.5,24.559,44.6204,-0.49973,0.62713
0,62.5,55.3656,44.8515,0.473016,0.451079
0,62.5,24.9852,44.9547,-0.650886,0.557774
0,62.5,55.8108,44.7644,0.47497,0.531736
0,62.5,24.4974,44.8589,-0.403328,0.690393
0,62.5,55.6119,44.9311,0.629144,0.481912
0,62.5,24.6284,45.2272,-0.616482,0.655693
0,62.5,56.0678,44.8636,0.470454,0.413582
0,62.5,24.6071,45.4773,-0.857293,0.60434
0,62.5,55.4089,45.1074,0.425079,0.474884
0,62.5,24.1353,45.6403,-0.809451,0.442634
0,62.5,55.9093,45.2754,0.429523,0.610339
0,62.5,23.8814,45.6982,-0.603911,0.533645
0,62.5,55.6589,45.1894,0.601896,0.541324
0,62.5,23.6254,45.4976,-0.598599,0.570927
0,62.5,56.4262,45.4379,0.385583,0.526339
0,62.5,23.5669,45.7144,-0.513995,0.569236
0,62.5,56.1636,45.3626,0.431304,0.589937
0,62.5,23.2639,45.759,-0.543478,0.641551
0,62.5,56.4797,45.6794,0.362325,0.561409
0,62.5,24.0066,46.0469,-0.764678,0.45281
0,62.5,56.528,45.9104,0.449889,0.561411
0,62.5,23.4944,45.935,-0.616169,0.599612
0,62.5,56.8021,45.961,0.571252,0.50698
0,62.5,23.7322,46.1192,-0.77011,0.576883
0,62.5,56.8618,46.1874,0.532959,0.448785
0,62.5,23.68,46.3429,-0.72446,0.484225
0,62.5,57.2017,46.4477,0.663949,0.43464
0,62.5,24.1917,46.4593,-0.705575,0.276866
0,62.5,56.4316,46.5526,0.295829,0.499391
0,62.5,23.4007,46.3883,-0.695267,0.525548
0,62.5,56.9217,46.4119,0.554881,0.428914
0,62.5,23.639,46.5689,-0.664037,0.449752
0,62.5,56.7086,46.5997,0.358207,0.377746
0,62.5,23.1248,46.4453,-0.588146,0.546465
0,62.5,57.276,46.6664,0.488142,0.440615
0,62.5,24.0949,46.9322,-0.78278,0.317446
0,62.5,56.9882,46.6363,0.540714,0.474225
0,62.5,23.5916,46.7968,-0.731797,0.540718
0,62.5,57.5455,46.7127,0.663098,0.288656
0,62.5,23.824,46.9786,-0.716318,0.457305
0,62.5,57.0649,46.8538,0.352595,0.481226
0,62.5,23.5495,47.027,-0.606853,0.512299
0,62.5,57.4041,47.1375,0.553495,0.242102
0,62.5,23.7767,47.2105,-0.666692,0.444572
0,62.5,57.3371,46.8992,0.456601,0.360526
0,62.5,23.5047,47.2581,-0.620159,0.521956
0,62.5,57.4713,47.3837,0.424813,0.169512
0,62.5,23.7333,47.4435,-0.582491,0.603367
0,62.5,57.2113,47.3227,0.366464,0.321612
0,62.5,23.2339,47.3112,-0.598936,0.564293
0,62.5,57.28,47.5743,0.252029,0.135996
0,62.5,23.9631,47.6325,-0.61954,0.448877
0,62.5,57.0276,47.5114,0.101894,0.345683
0,62.5,23.4657,47.4916,-0.550298,0.566025
0,62.5,57.0928,47.7721,0.00886054,0.207151
0,62.5,23.6957,47.6792,-0.561555,0.527616
0,62.5,56.8929,47.9672,-0.0432567,0.263957
0,62.5,23.9114,47.8687,-0.537198,0.387123
0,62.5,57.5815,47.889,0.314347,0.110638
0,62.5,23.2995,48.4394,-0.588807,0.410023
0,62.5,57.368,48.0897,0.175687,0.22513
0,62.5,23.0258,48.4869,-0.535182,0.420662
0,62.5,57.6048,48.1451,0.307949,0.176111
0,62.5,22.7503,48.5321,-0.306344,0.376642
0,62.5,57.1704,48.299,0.0524057,0.164035
0,62.5,22.703,48.7582,-0.523596,0.341585
0,62.5,57.6435,48.4066,0.46213,0.162151
0,62.5,22.4716,48.5769,-0.124229,0.309381
0,62.5,56.9335,48.2313,-0.0308447,0.324076
0,62.5,22.412,48.8004,-0.492137,0.282111
0,62.5,57.2058,48.5623,0.199502,0.201521
0,62.5,22.2453,48.3959,-0.234127,0.311063
0,62.5,56.9661,48.4951,0.0510297,0.217144
0,62.5,22.1166,48.8373,-0.360457,0.217956
0,62.5,57.4469,48.6146,0.38153,0.262617
0,62.5,21.4774,49.1484,-0.156375,0.220418
0,62.5,57.9527,48.9741,0.338455,0.221681
0,62.5,20.9277,49.251,-0.418617,0.0662587
0,62.5,57.4849,48.8735,0.17073,0.198701
0,62.5,20.9786,49.0196,-0.492083,0.044603
0,62.5,57.7423,49.1978,0.217487,0.291726
0,62.5,20.3677,49.6235,-0.421893,0.147679
0,62.5,57.5124,49.1352,0.141557,0.263417
0,62.5,19.8968,49.5223,-0.586976,0.0885569
0,62.5,57.9751,49.2355,0.201994,0.28799
0,62.5,19.1253,49.6926,-0.978328,0.145066
0,62.5,58.2366,49.5582,0.0503261,0.411192
0,62.5,19.3247,49.8862,-1.05929,0.111104
0,62.5,58.7234,49.6619,-0.133181,0.0669632
0,62.5,18.78,50.0103,-0.892834,0.165353
0,62.5,58.8361,50.1562,-0.0667075,0.19029
0,62.5,18.8007,50.2346,-0.761198,0.093348
0,62.5,58.9043,50.4112,-0.270039,0.251676
0,62.5,18.0681,49.9049,-0.687594,0.193642
0,62.5,60.4624,50.5406,0.469029,-0.0999484
0,62.5,18.4336,50.7822,-0.776348,0.221333
0,62.5,60.5111,50.772,0.284022,-0.134351
0,62.5,17.5045,51.0121,-0.37039,-0.184832
0,62.5,61.516,50.7569,0.361628,0.217678
0,62.5,17.342,50.7913,0.169606,-0.0614687
0,62.5,61.1354,51.012,0.725303,-0.0760853
0,62.5,7.58008,31.9805,-1.52046,-0.27853
0,62.5,75.9971,27.103,0.553107,-4.4406
0,62.5,5.85266,30.8486,-4.3764,-1.15062
0,62.5,76.0039,28.2774,-0.0195172,-1.90074
0,62.5,3.53687,29.286,-4.95637,-2.53206
0,62.5,67.9382,30.3772,-6.63143,5.18623
0,62.5,11.2754,33.809,-1.84843,-0.150761
0,62.5,72.9189,29.6643,3.67705,-2.57194
0,62.5,9.45809,32.7971,-1.80121,-0.438373
0,62.5,73.2279,29.3041,3.56967,-2.73689
0,62.5,11.8033,33.8986,-1.95014,-0.461677
0,62.5,71.8331,29.8948,3.73403,-2.82514
0,62.5,11.9668,34.0917,-2.08671,-0.335947
0,62.5,71.2539,30.1473,3.76363,-2.93286
0,62.5,13.0539,35.1859,-2.38715,-0.0389298
0,62.5,70.4008,32.4176,3.48969,-1.33799
0,62.5,12.2082,34.5992,-1.82751,-0.335001
0,62.5,70.5519,31.5923,3.14186,-2.87958
0,62.5,13.35,35.7668,-1.99298,-0.354683
0,62.5,66.7382,35.0689,1.81362,0.508451
0,62.5,13.5929,35.9336,-2.08103,0.143235
0,62.5,66.1216,35.1484,1.643,0.339003
0,62.5,14.1655,36.6779,-2.22939,0.653966
0,62.5,65.8256,35.3799,1.48402,0.259164
0,62.5,13.9181,36.4006,-2.29349,0.457888
0,62.5,64.6895,36.2738,1.28636,0.355999
0,62.5,14.8674,37.3704,-2.052,0.736124
0,62.5,63.5969,36.8574,1.09872,0.218095
0,62.5,15.1013,37.718,-1.93994,1.23386
0,62.5,63.4204,37.0548,0.958891,0.172293
0,62.5,15.0889,37.4414,-2.1515,1.22211
0,62.5,63.0175,37.1952,0.685681,0.100759
0,62.5,14.7171,37.0164,-2.05527,0.66636
0,62.5,62.8771,37.4341,0.814515,0.414128
0,62.5,15.5285,37.9562,-1.92641,1.15941
0,62.5,62.4116,37.8349,0.922137,0.148445
0,62.5,15.3315,37.7987,-2.14974,1.27919
0,62.5,62.3171,38.1683,0.822728,0.296232
0,62.5,15.5794,38.2263,-2.00404,1.21257
0,62.5,62.1911,37.9537,0.914154,0.189079
0,62.5,15.8431,38.3119,-1.9101,1.16834
0,62.5,61.8388,38.6401,0.608767,0.542305
0,62.5,16.573,38.9046,-1.81577,1.11109
0,62.5,61.9153,38.349,0.231563,0.578073
0,62.5,16.8437,38.9973,-1.77683,1.1968
0,62.5,61.538,39.0255,0.738683,0.702731
0,62.5,18.3588,40.3247,-1.13936,1.07284
0,62.5,61.1487,38.8964,0.795709,0.366662
0,62.5,18.3367,40.7732,-1.19711,1.12936
0,62.5,61.0448,39.2221,0.984463,0.716671
0,62.5,18.9535,40.9435,-1.11591,1.4595
0,62.5,60.5846,39.4847,0.815188,0.738494
0,62.5,19.7761,41.1394,-1.31163,1.24534
0,62.5,59.9528,40.4671,1.1658,0.857568
0,62.5,19.2248,40.9562,-1.3019,1.19283
0,62.5,59.7023,40.5874,1.27932,0.815349
0,62.5,20.2911,41.629,-1.34442,1.01701
0,62.5,59.6066,40.8522,1.26571,0.538688
0,62.5,20.0832,41.1917,-1.52642,1.15285
0,62.5,59.0038,41.3894,0.811953,0.926276
0,62.5,20.5639,41.6874,-1.38281,1.03815
0,62.5,58.6179,41.7397,0.656415,0.973679
0,62.5,20.8183,41.691,-1.42666,1.13219
0,62.5,58.0728,41.9053,0.469812,1.00982
0,62.5,21.1985,42.0629,-1.13774,1.09892
0,62.5,57.9906,42.1771,0.516121,0.838863
0,62.5,21.8346,42.4688,-1.01118,1.2227
0,62.5,58.1781,42.3596,0.544574,1.04916
0,62.5,22.1145,42.4702,-1.06387,0.974896
0,62.5,57.9085,42.4219,0.611848,0.871477
0,62.5,22.4518,42.6664,-0.816911,1.01703
0,62.5,57.6541,42.8082,0.613534,1.09005
0,62.5,22.4955,42.8929,-0.93158,1.11182
0,62.5,57.4009,42.8261,0.769349,1.03259
0,62.5,22.9205,43.1093,-0.608973,0.996195
0,62.5,57.1879,43.2937,0.516863,0.878445
0,62.5,23.1751,43.4185,-0.997566,0.91704
0,62.5,57.3069,43.0624,0.528267,0.834468
0,62.5,23.5086,43.7165,-0.783352,0.860315
0,62.5,57.3243,43.5173,0.325634,0.905219
0,62.5,23.258,43.8613,-0.86858,0.890283
0,62.5,57.4374,43.7495,0.317264,1.02468
0,62.5,23.5116,44.1958,-0.756755,0.72432
0,62.5,57.1829,43.7569,0.418816,0.825922
0,62.5,23.737,44.3424,-0.625366,0.71731
0,62.5,56.7666,43.9786,0.822184,0.829526
0,62.5,23.9629,44.2266,-0.643405,0.761825
0,62.5,56.4249,44.2537,0.642539,0.625435
0,62.5,24.2048,44.1033,-0.535098,0.662946
0,62.5,56.2113,44.1537,0.716469,0.560962
0,62.5,24.3638,44.2756,-0.641697,0.769609
0,62.5,55.9785,44.3612,0.679966,0.420715
0,62.5,24.5862,44.3744,-0.611151,0.690324
0,62.5,55.7068,44.2483,0.586366,0.39537
0,62.5,25.0289,44.7066,-0.654753,0.635975
0,62.5,55.7626,44.5043,0.576301,0.436737
0,62.5,25.2439,44.8794,-0.768726,0.523164
0,62.5,56.2691,44.6908,0.568061,0.518721
0,62.5,25.4938,44.8028,-0.698119,0.56002
0,62.5,56.0198,44.6092,0.587777,0.57297
0,62.5,25.2044,45.1269,-0.773693,0.54171
0,62.5,56.5312,44.7822,0.358891,0.425941
0,62.5,24.9372,45.1935,-0.641239,0.49349
0,62.5,56.3257,44.9442,0.403428,0.488775
0,62.5,24.7154,45.0271,-0.60539,0.465815
0,62.5,56.3764,45.1946,0.360894,0.520585
0,62.5,25.156,45.3658,-0.806683,0.50697
0,62.5,55.861,45.0209,0.435119,0.467317
0,62.5,24.5832,45.743,-0.84646,0.482095
0,62.5,56.6936,45.5053,0.468493,0.445623
0,62.5,24.8578,45.4051,-0.727762,0.671672
0,62.5,56.119,45.1128,0.406656,0.515099
0,62.5,24.1367,45.8797,-0.732421,0.42572
0,62.5,57.0357,45.7776,0.52157,0.487287
0,62.5,24.8273,45.6501,-0.86995,0.563388
0,62.5,56.7564,45.7342,0.519227,0.538342
0,62.5,23.7785,45.8879,-0.769781,0.51737
0,62.5,57.3598,46.0332,0.674225,0.438403
0,62.5,24.3801,45.8442,-0.779719,0.411813
0,62.5,57.0803,45.9994,0.578912,0.422437
0,62.5,23.9603,46.2907,-0.722392,0.430771
0,62.5,57.4198,46.257,0.686575,0.426937
0,62.5,24.4047,46.0822,-0.649122,0.511603
0,62.5,57.1407,46.2238,0.673076,0.403169
0,62.5,23.9202,46.5191,-0.707152,0.50437
0,62.5,57.9612,46.3351,0.704352,0.266904
0,62.5,24.219,46.207,-0.750299,0.241399
0,62.5,57.487,46.4783,0.627744,0.353461
0,62.5,24.4387,46.3727,-0.75562,0.289473
0,62.5,58.2205,46.3881,0.665451,0.270849
0,62.5,24.8937,46.503,-0.741138,0.509594
0,62.5,57.7529,46.5257,0.682331,0.256629
0,62.5,23.8675,46.7481,-0.69669,0.36082
0,62.5,57.8099,46.7671,0.759854,0.198002
0,62.5,24.6514,46.5639,-0.804999,0.425744
0,62.5,57.6043,46.9528,0.70247,0.218436
0,62.5,24.1426,46.6992,-0.795936,0.272969
0,62.5,58.0706,46.8234,0.780972,0.0415978
0,62.5,24.4059,46.6326,-0.773072,0.326247
0,62.5,57.8667,47.0107,0.733521,0.0574779
0,62.5,24.0489,47.1667,-0.724209,0.393305
0,62.5,57.9281,47.2545,0.741753,0.0561393
0,62.5,24.3193,47.1171,-0.841092,0.328016
0,62.5,57.6666,47.1956,0.697788,0.0304112
0,62.5,24.0014,47.3981,-0.636143,0.415206
0,62.5,57.9852,47.5,0.650035,0.00294864
0,62.5,24.2332,47.5847,-0.599492,0.397656
0,62.5,57.7278,47.4416,0.603951,0.104504
0,62.5,24.5041,47.5366,-0.633883,0.312531
0,62.5,57.5313,47.635,0.374403,0.112878
0,62.5,24.1785,47.819,-0.544652,0.423191
0,62.5,57.3364,47.8305,0.143997,0.147681
0,62.5,24.4146,48.0033,-0.580769,0.33807
0,62.5,58.0368,47.7474,0.608854,0.0572536
0,62.5,24.1506,48.0538,-0.519887,0.394298
0,62.5,57.8274,47.9401,0.366987,0.0963675
0,62.5,23.8892,48.1067,-0.457913,0.3871
0,62.5,58.0746,47.9971,0.477678,0.0295311
0,62.5,23.6269,48.157,-0.590605,0.431077
0,62.5,57.8429,48.1915,0.473269,0.102032
0,62.5,23.2683,48.6706,-0.637146,0.447358
0,62.5,58.3247,48.3043,0.648538,0.108934
0,62.5,22.9898,48.7157,-0.587755,0.467459
0,62.5,58.0848,48.248,0.634291,0.0499798
0,62.5,22.6007,48.9785,-0.458208,0.326029
0,62.5,58.1244,48.5082,0.674457,0.115002
0,62.5,22.3123,49.0187,-0.24332,0.254666
0,62.5,57.4048,48.354,0.269758,0.20777
0,62.5,22.4705,49.2224,0.302598,0.157983
0,62.5,57.8831,48.4491,0.638296,0.152021
0,62.5,22.0322,49.0609,-0.0744128,0.306578
0,62.5,57.6863,48.6671,0.4898,0.185116
0,62.5,22.2143,49.2587,0.269384,0.208866
0,62.5,57.9224,48.7095,0.496311,0.138385
0,62.5,21.7539,49.1034,-0.0623182,0.349326
0,62.5,57.7206,48.9307,0.296087,0.249549
0,62.5,21.6859,49.337,-0.0192355,0.199179
0,62.5,58.1884,49.0396,0.266354,0.242987
0,62.5,20.6222,49.5575,-0.340336,0.057727
0,62.5,58.4529,49.3474,-0.0108814,0.149114
0,62.5,21.4149,49.3803,-0.161184,0.0606783
0,62.5,58.2122,49.299,0.0990856,0.307966
0,62.5,19.595,49.8367,-0.975948,0.0866641
0,62.5,58.6961,49.4115,-0.0013444,0.0864346
0,62.5,19.8587,49.7665,-0.717012,0.130161
0,62.5,58.9756,49.7121,-0.0124944,0.0711972
0,62.5,19.5532,50.3164,-0.798132,0.0713767
0,62.5,59.0289,49.9631,0.0171549,0.0955679
0,62.5,19.5646,50.0693,-0.841926,0.119029
0,62.5,59.279,50.0232,0.0538818,0.0159029
0,62.5,19.3144,50.1172,-0.723399,0.0158322
0,62.5,59.3196,50.2931,0.281347,-0.286855
0,62.5,19.1862,50.7978,-0.571631,0.0103529
0,62.5,59.8404,50.3423,0.261844,-0.0538734
0,62.5,18.9298,50.5796,-1.00237,0.14495
0,62.5,60.7657,50.7717,0.516994,-0.121317
0,62.5,18.2147,50.5788,-0.697013,0.132616
0,62.5,61.7621,50.7648,0.382595,0.21088
0,62.5,18.0512,51.0172,-0.537659,-0.53809
0,62.5,61.3831,51.0081,0.640155,0.100399
0,62.5,1.26244,27.7374,-0.2422,-4.59584
0,62.5,75.4448,25.4192,0.0679259,-6.7814
0,62.5,2.17714,28.564,-2.37398,-4.22683
0,62.5,75.4044,26.5562,0.624822,-7.5098
0,62.5,1.50094,28.839,-1.61592,-2.43883
0,62.5,68.0894,28.9806,-7.87472,1.53448
0,62.5,5.88456,23.3865,5.84435,-6.48128
0,62.5,53.0938,23.5234,-17.5547,0.938237
0,62.5,2.2155,28.1161,-2.10626,-6.26348
0,62.5,75.8839,34.1943,-0.278155,2.73
0,62.5,1.46168,26.2088,0.301534,-5.54214
0,62.5,74.8683,22.2548,-0.933818,-7.47982
0,62.5,5.31249,30.2569,-4.8279,-1.21864
0,62.5,72.0903,25.2795,-3.82388,-2.74627
0,62.5,2.26988,24.6191,1.61331,-8.34605
0,62.5,71.5871,30.0058,3.86332,-2.97549
0,62.5,10.2638,33.4214,-1.8363,-0.0994748
0,62.5,68.3896,33.8962,2.75416,-0.25628
0,62.5,6.61799,31.4479,-5.71426,-1.56334
0,62.5,69.4537,33.1193,3.01706,-1.11615
0,62.5,13.2674,35.3594,-1.97487,-0.197923
0,62.5,67.5856,34.571,2.22248,0.355284
0,62.5,12.8337,35.0268,-2.2211,-0.346665
0,62.5,66.2035,35.3647,1.53502,-0.0713656
0,62.5,14.4878,37.0381,-2.16768,0.88868
0,62.5,65.006,36.2636,1.29515,0.32563
0,62.5,13.8368,36.118,-1.95054,0.131502
0,62.5,64.2487,36.479,0.767897,0.391312
0,62.5,14.3753,36.6429,-2.07615,0.670024
0,62.5,63.8839,36.8124,1.20006,0.452103
0,62.5,14.9242,37.0853,-2.03212,0.83669
0,62.5,64.5174,36.4655,1.20836,0.27537
0,62.5,15.3209,37.5429,-2.14902,1.45098
0,62.5,63.7405,37.0536,0.6541,-0.0105337
0,62.5,15.6139,37.7415,-2.02901,1.22131
0,62.5,62.8888,37.6844,0.984173,0.175561
0,62.5,15.7845,38.0682,-1.86325,1.19267
0,62.5,62.6565,37.7218,0.879712,0.202728
0,62.5,16.0858,38.2977,-1.8361,1.20634
0,62.5,62.5369,38.0354,0.71052,0.5055
0,62.5,16.161,38.5482,-1.73389,0.97638
0,62.5,62.1355,38.3299,0.811964,0.338498
0,62.5,16.4085,38.5881,-1.98659,1.14479
0,62.5,61.7716,38.9429,0.813333,0.64585
0,62.5,17.8927,39.7536,-1.29518,1.22145
0,62.5,61.2981,39.0868,0.469529,0.598659
0,62.5,18.0114,40.0064,-1.34075,1.25101
0,62.5,61.4806,39.2965,0.783069,0.723245
0,62.5,18.4813,40.5422,-1.11596,1.06369
0,62.5,61.2264,39.3532,0.910254,0.906705
0,62.5,18.6071,40.7612,-1.32493,1.14214
0,62.5,60.7027,39.676,0.890698,0.629937
0,62.5,18.804,40.6233,-1.10146,1.19495
0,62.5,60.4504,39.7824,0.833645,0.518463
0,62.5,19.62,40.9047,-1.24085,1.05457
0,62.5,60.232,40.3382,1.12071,0.839967
0,62.5,19.9266,40.9706,-1.36753,1.20965
0,62.5,59.8908,40.7313,1.41138,0.603275
0,62.5,20.2232,41.4102,-1.50399,1.05202
0,62.5,59.4025,41.0356,0.993379,0.568437
0,62.5,20.5353,41.4665,-1.48362,1.09327
0,62.5,58.8954,41.642,0.724998,0.853096
0,62.5,21.4698,42.0386,-1.19002,1.04313
0,62.5,58.3456,41.8229,0.680199,1.09882
0,62.5,21.6587,42.235,-1.10667,0.96968
0,62.5,58.2417,42.0831,0.50301,1.10628
0,62.5,22.3828,42.4385,-1.05168,1.02079
0,62.5,58.123,42.6031,0.690931,0.979814
0,62.5,22.7448,42.7285,-0.887715,1.12443
0,62.5,57.8487,42.6621,0.456273,0.77209
0,62.5,22.7417,42.9692,-0.95645,1.25203
0,62.5,57.8445,43.0102,0.604305,0.972707
0,62.5,23.1325,42.955,-0.706499,0.850275
0,62.5,57.5769,43.0487,0.518399,0.926266
0,62.5,23.1874,43.1939,-0.714174,0.922344
0,62.5,57.7349,43.2525,0.410837,1.06628
0,62.5,23.489,43.4847,-0.871612,0.9557
0,62.5,57.457,43.2791,0.269136,0.837148
0,62.5,23.5012,43.961,-0.675756,0.82835
0,62.5,58.2495,43.2726,0.73594,0.75874
0,62.5,23.7517,44.0691,-0.520036,0.793896
0,62.5,57.8343,43.491,0.475776,0.980983
0,62.5,23.991,43.9525,-0.51674,0.689546
0,62.5,57.5828,43.4968,0.316947,0.963436
0,62.5,24.4445,43.993,-0.544735,0.725231
0,62.5,57.6786,43.7407,0.331432,1.02847
0,62.5,24.8575,44.2932,-0.801748,0.772513
0,62.5,57.0359,43.9933,0.526355,0.77528
0,62.5,24.6417,44.132,-0.61212,0.689914
0,62.5,56.826,44.2048,0.703254,0.648799
0,62.5,24.814,44.5367,-0.703541,0.634377
0,62.5,56.6538,44.3568,0.784449,0.631618
0,62.5,25.0736,44.4565,-0.785597,0.621894
0,62.5,56.4615,44.5306,0.672124,0.620588
0,62.5,25.2845,44.6279,-0.810633,0.620038
0,62.5,56.2199,44.4228,0.59149,0.548926
0,62.5,25.7404,44.7109,-0.610617,0.576055
0,62.5,56.7244,44.6079,0.480659,0.442901
0,62.5,25.7049,44.9757,-0.680819,0.464821
0,62.5,56.7929,44.854,0.480665,0.40419
0,62.5,25.4594,45.0567,-0.790164,0.507373
0,62.5,56.8559,45.0933,0.434965,0.373228
0,62.5,25.9172,45.141,-0.508143,0.483446
0,62.5,56.5864,45.0303,0.326288,0.463224
0,62.5,25.4223,45.3065,-0.775881,0.489581
0,62.5,56.9159,45.3274,0.398918,0.42228
0,62.5,25.677,45.234,-0.763257,0.459281
0,62.5,56.644,45.2701,0.318229,0.499078
0,62.5,25.3763,45.542,-0.854514,0.386436
0,62.5,57.2559,45.5932,0.548934,0.450349
0,62.5,25.6019,45.7156,-0.672465,0.455493
0,62.5,56.973,45.5534,0.466941,0.42937
0,62.5,25.0847,45.5829,-0.926745,0.635638
0,62.5,57.5422,45.6223,0.40881,0.359983
0,62.5,25.3116,45.7636,-0.834741,0.598197
0,62.5,57.3194,45.8127,0.521992,0.490103
0,62.5,25.05,45.822,-0.866347,0.497421
0,62.5,57.6028,45.8391,0.477523,0.470562
0,62.5,25.2649,46.0004,-0.819021,0.505112
0,62.5,57.6368,46.0631,0.62717,0.394503
0,62.5,24.7932,45.9055,-0.819463,0.446915
0,62.5,57.9127,46.0902,0.58436,0.330226
0,62.5,24.999,46.0694,-0.782268,0.52838
0,62.5,57.7008,46.2862,0.635508,0.38359
0,62.5,24.6408,46.0595,-0.786517,0.522672
0,62.5,58.3698,45.9441,0.563135,0.211383
0,62.5,24.9064,46.2623,-0.764314,0.489514
0,62.5,58.1627,46.1394,0.629791,0.32939
0,62.5,24.6616,46.2978,-0.721454,0.503581
0,62.5,58.4775,46.4391,0.563199,0.175816
0,62.5,25.1473,46.4464,-0.708354,0.500546
0,62.5,58.0145,46.5798,0.760158,0.213091
0,62.5,25.1265,46.684,-0.803746,0.397212
0,62.5,58.2739,46.6338,0.65128,0.212219
0,62.5,24.873,46.7536,-0.810867,0.445566
0,62.5,58.3319,46.8792,0.78593,0.12346
0,62.5,24.621,46.8166,-0.805775,0.402143
0,62.5,58.3936,47.1203,0.712052,0.0566955
0,62.5,24.843,47.0006,-0.860256,0.401756
0,62.5,58.1287,47.0667,0.843012,0.0841106
0,62.5,24.364,46.8793,-0.769012,0.27599
0,62.5,58.449,47.3631,0.608626,0.0766441
0,62.5,24.5842,47.0628,-0.787935,0.274467
0,62.5,58.1889,47.3094,0.745371,0.0432379
0,62.5,24.2724,47.3524,-0.735234,0.393806
0,62.5,58.2419,47.5536,0.697224,0.0292678
0,62.5,24.5409,47.3014,-0.755496,0.394953
0,62.5,57.783,47.691,0.5431,0.0617737
0,62.5,24.7723,47.4837,-0.803708,0.368617
0,62.5,58.5382,47.8582,0.515525,0.0331014
0,62.5,24.4495,47.7689,-0.630795,0.361815
0,62.5,58.2893,47.8008,0.60308,0.0535352
0,62.5,24.7206,47.7205,-0.664871,0.343444
0,62.5,58.5624,48.1122,0.492403,0.010841
0,62.5,24.0953,48.2963,-0.450221,0.27757
0,62.5,58.3196,48.0517,0.478317,0.0155996
0,62.5,24.6807,47.9553,-0.653296,0.43955
0,62.5,58.8016,48.1724,0.430258,0.0816154
0,62.5,23.5405,48.6301,-0.577801,0.336074
0,62.5,58.5645,48.3672,0.540695,0.0740288
0,62.5,24.358,48.2435,-0.536634,0.300983
0,62.5,58.8057,48.4286,0.510808,0.131493
0,62.5,22.8879,48.9345,-0.665784,0.390295
0,62.5,58.3623,48.5654,0.626692,0.0701232
0,62.5,23.568,48.395,-0.629399,0.384536
0,62.5,58.3901,48.826,0.417707,0.166906
0,62.5,23.1771,48.8962,-0.745447,0.449571
0,62.5,58.1559,48.7736,0.479808,0.156562
0,62.5,23.2094,49.1236,0.101887,0.354854
0,62.5,58.8524,48.682,0.552557,0.0226865
0,62.5,22.9657,49.1564,0.300275,0.185546
0,62.5,58.6247,48.8851,0.296396,0.115005
0,62.5,22.7202,49.1921,0.325242,0.197351
0,62.5,58.9001,49.1996,-0.0213079,0.154366
0,62.5,22.3857,49.4748,0.25582,-0.0112541
0,62.5,58.6647,49.152,0.0281286,0.154545
0,62.5,21.9515,49.2968,0.112007,0.266442
0,62.5,58.4253,49.0914,0.189702,0.180994
0,62.5,21.34,49.6188,-0.384866,0.0967825
0,62.5,59.1837,49.5076,-0.062278,0.064224
0,62.5,21.1455,49.4295,-0.25335,0.0997222
0,62.5,58.9399,49.4591,-0.0312986,0.194112
0,62.5,20.8767,49.4886,-0.314681,0.102616
0,62.5,59.4668,49.8185,0.0915048,-0.0608338
0,62.5,21.6053,49.5741,-0.232158,0.111702
0,62.5,59.2236,49.7645,0.0868209,0.0257976
0,62.5,20.1162,49.7016,-0.546426,-0.0325983
0,62.5,59.7719,50.1152,0.415846,-0.129448
0,62.5,19.7954,50.2463,-0.586647,0.163962
0,62.5,59.515,50.0862,0.360815,-0.365071
0,62.5,19.0381,50.3798,-0.687345,0.0343819
0,62.5,59.5726,50.3307,0.18241,-0.25833
0,62.5,19.4622,50.7843,-0.335803,0.0387771
0,62.5,60.7301,50.5389,0.535975,-0.0810402
0,62.5,18.9254,50.8103,-0.610693,0.135536
0,62.5,60.9938,50.5445,0.53757,-0.204183
0,62.5,18.6687,50.7363,-0.696313,0.110397
0,62.5,61.6267,51.0051,0.547066,0.18479
0,62.5,18.3179,51.0173,-1.04283,0.982672
0,62.5,61.8726,51.0066,0.518802,0.0547207
0,62.5,2.64445,28.1645,-1.70975,-1.78626
0,62.5,75.364,35.2182,0.288919,1.27032
0,62.5,1.97515,39.4555,1.03386,1.95856
0,62.5,76.0714,28.5705,0.75604,-0.0646197
0,62.5,2.02392,37.8811,-1.24947,1.43077
0,62.5,67.1857,30.633,-6.80032,4.98681
0,62.5,2.0593,33.2864,-0.126814,3.20722
0,62.5,75.9972,27.7957,-0.0299527,-3.45155
0,62.5,5.03168,20.8841,3.98031,-9.32143
0,62.5,74.1947,29.2216,2.77807,-3.47313
0,62.5,1.76825,39.2052,1.40025,2.49324
0,62.5,68.8856,27.8934,-7.31583,3.2681
0,62.5,5.47937,21.9064,4.4636,-8.41808
0,62.5,75.1354,27.6805,1.86361,-5.67632
0,62.5,12.6081,34.8322,-2.258,-0.399848
0,62.5,70.713,31.6749,3.54675,-2.32103
0,62.5,13.4665,35.5786,-2.21651,-0.0329629
0,62.5,69.7552,33.0177,3.12568,-1.07613
0,62.5,8.45944,32.3188,-1.09303,0.574325
0,62.5,68.6947,33.6369,3.09372,-0.335902
0,62.5,13.0168,34.8771,-2.13292,-0.740384
0,62.5,67.984,34.3885,2.72637,0.235008
0,62.5,12.5511,34.492,-2.25886,-0.233647
0,62.5,65.6961,35.5785,1.24576,0.209651
0,62.5,14.5711,36.7528,-1.99982,0.864875
0,62.5,67.3427,34.6891,2.08615,0.0738031
0,62.5,14.1218,36.3875,-2.4255,0.587937
0,62.5,65.6971,35.7961,1.64592,0.407442
0,62.5,15.1264,37.1685,-2.21851,1.14307
0,62.5,65.4055,35.8399,1.50346,0.127552
0,62.5,14.3222,36.3149,-2.56231,0.452189
0,62.5,64.1333,36.7402,0.885719,0.220814
0,62.5,15.3364,37.2839,-2.14282,1.31149
0,62.5,63.125,37.4659,0.956287,0.400363
0,62.5,15.5635,37.508,-2.01338,0.985296
0,62.5,63.2793,37.2659,0.886383,0.237472
0,62.5,15.879,37.8709,-2.10255,1.11635
0,62.5,62.4818,38.3458,0.731534,0.369869
0,62.5,16.351,38.3329,-1.6963,1.19076
0,62.5,62.2829,38.5337,0.669279,0.309158
0,62.5,17.3171,39.4266,-1.55645,1.30163
0,62.5,62.2332,38.817,0.752804,0.33641
0,62.5,16.7418,38.747,-1.74698,0.846171
0,62.5,62.0559,38.6353,0.885244,0.14724
0,62.5,18.2728,40.0778,-1.49867,1.06485
0,62.5,61.9876,38.9156,0.860012,0.373271
0,62.5,18.1675,39.8229,-1.3039,1.03675
0,62.5,61.7136,39.2286,0.839778,0.736861
0,62.5,18.6792,40.3942,-1.257,1.25294
0,62.5,61.3996,39.5517,0.994834,0.779892
0,62.5,18.9384,40.4187,-1.14676,1.35107
0,62.5,60.914,39.4888,0.938186,0.769045
0,62.5,19.0303,40.727,-1.25562,1.31189
0,62.5,60.6233,39.9477,1.19442,1.03164
0,62.5,19.768,40.731,-1.19515,1.05176
0,62.5,60.3492,40.0615,1.13352,1.04156
0,62.5,20.3931,41.2445,-1.47277,1.15216
0,62.5,59.9698,40.9434,0.970431,0.67105
0,62.5,20.8478,41.4729,-1.43204,1.00754
0,62.5,59.7263,41.0392,0.872835,0.668788
0,62.5,21.0907,41.7119,-1.30402,1.05961
0,62.5,59.2911,41.2911,0.687255,0.865608
0,62.5,21.31,41.8285,-1.17089,1.05017
0,62.5,58.7924,41.8995,0.387937,0.950862
0,62.5,21.9477,42.255,-1.26716,0.960762
0,62.5,58.5126,41.9948,0.502141,1.11289
0,62.5,22.668,42.4943,-0.772811,0.951959
0,62.5,58.4092,42.2578,0.55815,1.10461
0,62.5,22.994,42.7769,-0.837425,0.954603
0,62.5,58.3007,42.7942,0.552761,1.049
0,62.5,23.4206,43.0438,-0.572933,0.83599
0,62.5,58.017,42.8485,0.562177,0.794345
0,62.5,23.4582,43.272,-0.715204,0.97745
0,62.5,57.9862,43.2296,0.548084,0.998994
0,62.5,23.7566,43.5686,-0.819822,0.927911
0,62.5,58.165,43.0381,0.461311,0.909443
0,62.5,23.7572,43.8169,-0.624357,0.728331
0,62.5,58.4269,43.0261,0.678773,1.03471
0,62.5,24.0029,43.6966,-0.52308,0.93061
0,62.5,58.5075,43.2669,0.669029,0.931308
0,62.5,24.2556,43.5781,-0.493058,0.861929
0,62.5,58.3324,43.5123,0.652578,0.921428
0,62.5,24.2335,43.8332,-0.482876,0.771804
0,62.5,58.5844,43.5129,0.533708,1.05587
0,62.5,24.6941,43.8736,-0.569498,0.704694
0,62.5,57.9212,43.7399,0.569421,0.997405
0,62.5,24.9003,44.0419,-0.737834,0.70717
0,62.5,58.0739,43.4801,0.56139,0.792698
0,62.5,25.3266,44.37,-0.69823,0.586041
0,62.5,57.2882,43.999,0.44958,0.796217
0,62.5,25.8115,44.4825,-0.603968,0.711708
0,62.5,57.1023,44.2266,0.452204,0.660497
0,62.5,25.5333,44.5412,-0.707392,0.546168
0,62.5,57.1914,44.4689,0.434291,0.614912
0,62.5,26.0367,44.6624,-0.435412,0.67534
0,62.5,56.9285,44.4369,0.555189,0.619289
0,62.5,25.9482,44.8723,-0.439568,0.469412
0,62.5,56.9928,44.676,0.496919,0.490254
0,62.5,26.1568,45.0198,-0.323358,0.544996
0,62.5,57.0648,44.9132,0.494701,0.3849
0,62.5,26.1388,45.2909,-0.447261,0.487173
0,62.5,57.3349,44.9486,0.402927,0.406944
0,62.5,25.9001,45.4,-0.582867,0.418088
0,62.5,57.1305,45.1451,0.420523,0.27791
0,62.5,26.1298,45.5508,-0.330988,0.467874
0,62.5,57.4084,45.1767,0.429444,0.399687
0,62.5,26.3626,45.4168,-0.233921,0.728496
0,62.5,57.1958,45.3706,0.436559,0.418374
0,62.5,25.6432,45.4827,-0.804678,0.330571
0,62.5,57.6843,45.2014,0.45319,0.598496
0,62.5,25.8756,45.6462,-0.637575,0.371817
0,62.5,57.477,45.4018,0.475538,0.55114
0,62.5,25.8297,45.8772,-0.673421,0.33706
0,62.5,57.7575,45.4265,0.280391,0.471165
0,62.5,26.0621,46.0291,-0.566268,0.495564
0,62.5,57.8309,45.6408,0.374716,0.452137
0,62.5,25.5346,45.9353,-0.650413,0.502926
0,62.5,58.1146,45.6515,0.3067,0.492871
0,62.5,25.765,46.0965,-0.60622,0.479639
0,62.5,57.8782,45.863,0.416566,0.496623
0,62.5,25.4927,46.1673,-0.626484,0.482082
0,62.5,58.3702,45.641,0.26552,0.44212
0,62.5,26.2159,46.4224,-0.468108,0.520043
0,62.5,58.1438,45.8804,0.308309,0.433499
0,62.5,25.2203,46.237,-0.718801,0.510759
0,62.5,58.6312,46.0033,0.377951,0.214832
0,62.5,25.7128,46.3348,-0.557818,0.486792
0,62.5,58.419,46.1949,0.56972,0.233532
0,62.5,25.443,46.4032,-0.676446,0.455469
0,62.5,58.6794,46.2384,0.503422,0.347529
0,62.5,25.6775,46.5674,-0.566794,0.552504
0,62.5,58.7302,46.4967,0.601226,0.241494
0,62.5,25.389,46.6214,-0.732301,0.446645
0,62.5,58.5317,46.6883,0.662354,0.243586
0,62.5,25.3563,46.8561,-0.814393,0.481989
0,62.5,58.597,46.9295,0.645885,0.0883018
0,62.5,25.098,46.9286,-0.886319,0.45518
0,62.5,58.862,46.9792,0.549777,0.219075
0,62.5,25.0632,47.1765,-0.855882,0.479468
0,62.5,58.6555,47.1694,0.598096,0.133158
0,62.5,24.8053,47.2443,-0.756056,0.351726
0,62.5,58.7082,47.4133,0.538527,0.0993278
0,62.5,25.2876,47.3507,-0.896597,0.470945
0,62.5,58.4991,47.6074,0.570718,0.043647
0,62.5,25.033,47.422,-0.800912,0.391309
0,62.5,58.9641,47.4703,0.418082,0.148995
0,62.5,24.9874,47.6655,-0.771359,0.499208
0,62.5,58.7512,47.6606,0.48797,0.141965
0,62.5,25.4622,47.7766,-0.869654,0.473951
0,62.5,59,47.722,0.383797,0.186903
0,62.5,25.2068,47.8468,-0.895437,0.427291
0,62.5,58.7829,47.915,0.48842,0.133138
0,62.5,25.1572,48.09,-0.869288,0.487998
0,62.5,59.2429,47.7846,0.335579,0.244093
0,62.5,24.946,47.905,-0.764337,0.428057
0,62.5,59.0239,47.9801,0.34436,0.165796
0,62.5,24.8895,48.1432,-0.726367,0.453721
0,62.5,59.2781,48.3013,0.36725,0.188252
0,62.5,24.6225,48.1932,-0.611129,0.413619
0,62.5,59.0392,48.2401,0.376858,0.180797
0,62.5,24.0675,48.5373,-0.40691,0.322218
0,62.5,59.0535,48.4968,0.538188,0.16488
0,62.5,23.8329,48.3482,-0.491815,0.2622
0,62.5,58.6048,48.6257,0.604635,0.0916204
0,62.5,23.8071,48.586,-0.514091,0.30187
0,62.5,59.3843,48.7885,0.566031,0.169461
0,62.5,23.4583,48.8587,-0.739125,0.303455
0,62.5,59.1163,48.7371,0.554654,0.0427893
0,62.5,23.4595,49.0915,-0.0578887,0.322365
0,62.5,59.0949,48.9786,-0.0830506,-0.044891
0,62.5,22.8873,49.4165,0.136545,0.194038
0,62.5,58.8597,48.9309,0.0639321,0.00911671
0,62.5,23.7116,49.0582,-0.165953,0.206759
0,62.5,59.3748,49.2927,-0.164692,-0.0306837
0,62.5,23.1327,49.3834,0.130903,0.362942
0,62.5,59.1371,49.2471,-0.156023,-0.00744946
0,62.5,22.6358,49.4475,0.276551,0.0130834
0,62.5,59.6634,49.6083,0.105032,-0.0124364
0,62.5,22.1307,49.5049,0.122297,0.13545
0,62.5,59.4251,49.5565,0.0413717,-0.0816052
0,62.5,22.5523,49.6945,0.122154,0.144456
0,62.5,59.9594,49.89,0.32963,-0.0938917
0,62.5,21.8713,49.5387,0.00396191,0.135798
0,62.5,60.3158,50.094,0.303454,-0.0618206
0,62.5,20.8332,49.7403,-0.375561,0.0986859
0,62.5,59.704,49.8732,0.374715,-0.0654029
0,62.5,19.8279,50.0035,-0.761345,0.0677288
0,62.5,60.1074,50.3295,0.23899,0.017238
0,62.5,19.751,50.5132,-0.487521,0.0422707
0,62.5,60.042,50.1081,0.380959,-0.0744952
0,62.5,19.0538,50.1471,-0.877536,0.106582
0,62.5,60.6418,50.316,0.280146,-0.139709
0,62.5,19.4971,50.5605,-0.790555,-0.0577142
0,62.5,61.2438,50.5346,0.706356,-0.0303505
0,62.5,19.2252,50.5835,-0.839502,0.225871
0,62.5,62.0149,50.7771,0.424141,0.0964953
0,62.5,19.0853,51.0336,-0.575763,-0.286356
0,62.5,62.5577,50.6007,0.556154,-0.145853
0,62.5,18.5705,51.0029,-0.865582,-1.07741
0,62.5,62.1275,51.0121,0.30621,0.134646
0,62.5,3.12771,23.1374,3.00544,-10.0301
0,62.5,69.519,28.0349,-6.32838,1.33993
0,62.5,4.29882,30.1855,-4.54266,-1.38343
0,62.5,75.7633,32.2539,0.480517,1.84743
0,62.5,8.17528,22.4549,7.08175,-6.62273
0,62.5,71.9816,30.3335,3.67765,-2.91495
0,62.5,1.23602,31.4211,-0.264156,2.52423
0,62.5,74.0035,29.4108,2.91959,-3.04466
0,62.5,2.16313,39.0433,1.79618,1.62307
0,62.5,75.8336,27.8897,-1.13162,-2.86253
0,62.5,3.21752,21.7629,2.02323,-9.49715
0,62.5,70.3064,32.1992,3.67954,-1.88159
0,62.5,1.88898,28.2218,-1.78788,-5.57412
0,62.5,70.5706,32.1544,3.21583,-2.08599
0,62.5,11.5957,33.736,-1.96869,-0.448974
0,62.5,71.8539,30.1384,3.68482,-2.96551
0,62.5,5.66474,30.5439,-4.6693,-0.944567
0,62.5,69.0791,33.4015,3.1314,-0.910717
0,62.5,1.74968,25.4227,0.542479,-6.67209
0,62.5,66.9654,35.101,1.75761,0.572117
0,62.5,7.41969,31.7947,-2.11786,2.89302
0,62.5,66.0225,35.5047,1.4122,0.0302687
0,62.5,12.1365,33.9119,-2.25021,-0.584304
0,62.5,66.4376,35.2541,1.61537,0.183504
0,62.5,11.002,33.7678,-1.81576,-0.0397898
0,62.5,65.3576,36.0866,1.28644,0.0873616
0,62.5,13.6874,35.7403,-2.16597,-0.114178
0,62.5,64.8288,36.4595,1.28318,0.17246
0,62.5,12.7913,34.7121,-2.17308,-0.54833
0,62.5,64.4053,36.6982,0.999887,0.464261
0,62.5,13.9255,35.8782,-2.65685,0.125954
0,62.5,64.0033,37.0228,0.955416,0.463811
0,62.5,14.791,36.7401,-2.13805,0.7385
0,62.5,63.5607,37.2588,0.826885,0.418007
0,62.5,16.3342,38.0938,-2.41653,0.992808
0,62.5,62.7702,37.944,1.00631,0.197544
0,62.5,16.0792,38.0649,-2.19333,1.05815
0,62.5,62.4923,38.625,0.593052,0.662418
0,62.5,16.9498,38.641,-1.929,1.3144
0,62.5,62.4156,38.9369,0.767379,0.540762
0,62.5,17.1549,39.1426,-1.61656,1.17137
0,62.5,62.1691,39.0976,0.794611,0.465424
0,62.5,16.6248,38.5253,-1.85387,1.02928
0,62.5,61.881,39.4868,0.834195,0.547203
0,62.5,17.765,39.5109,-1.41275,1.29372
0,62.5,61.9398,39.2072,0.865247,0.559928
0,62.5,18.5623,40.1675,-1.1684,1.39141
0,62.5,61.2089,40.1336,1.03427,0.610626
0,62.5,18.8081,40.143,-1.20324,1.4253
0,62.5,61.6607,39.5131,0.677817,0.633719
0,62.5,19.3521,40.7642,-1.22877,1.27984
0,62.5,61.5649,39.7514,0.820394,0.608073
0,62.5,19.1826,40.5572,-0.975139,1.36142
0,62.5,61.1178,39.596,1.12353,0.892639
0,62.5,20.2237,41.007,-1.47679,1.15446
0,62.5,60.9109,39.7795,1.15576,0.785108
0,62.5,20.6795,41.2766,-1.55259,1.10026
0,62.5,60.1504,40.5833,1.17679,0.74403
0,62.5,21.1535,41.5008,-1.53811,1.02697
0,62.5,60.5224,40.2056,1.15538,0.889198
0,62.5,21.582,41.8176,-1.30882,0.908017
0,62.5,59.8531,41.2527,0.654062,0.974437
0,62.5,21.7686,42.0315,-1.1769,1.03262
0,62.5,59.5529,41.2287,0.767152,0.579267
0,62.5,22.5509,42.249,-0.962552,1.10811
0,62.5,59.1755,41.5489,0.562669,0.861466
0,62.5,22.9384,42.5266,-0.936357,1.01511
0,62.5,59.065,41.8038,0.581745,1.00399
0,62.5,23.3563,42.8093,-0.653004,0.919443
0,62.5,58.9541,42.0707,0.475163,1.00155
0,62.5,23.7577,43.3362,-0.678375,0.936673
0,62.5,58.6832,42.1577,0.480963,0.999028
0,62.5,23.7061,43.1191,-0.663302,0.954609
0,62.5,58.3795,42.554,0.747525,1.15369
0,62.5,24.0146,43.4491,-0.560718,1.00454
0,62.5,58.73,42.6114,0.50397,1.06784
0,62.5,24.2774,43.3335,-0.382046,1.01295
0,62.5,58.5542,42.7746,0.840235,1.04344
0,62.5,24.4783,43.7282,-0.381257,0.898397
0,62.5,58.8738,42.802,0.550007,0.984736
0,62.5,25.1692,43.9592,-0.65703,0.663831
0,62.5,58.6711,43.0012,0.502288,0.997298
0,62.5,25.3822,44.1287,-0.74783,0.761876
0,62.5,58.9838,43.304,0.495528,0.773503
0,62.5,25.1141,44.2028,-0.773015,0.667395
0,62.5,58.7428,43.2565,0.560352,0.92394
0,62.5,25.5964,44.3039,-0.809323,0.666871
0,62.5,58.0072,43.9914,0.60662,1.05775
0,62.5,25.6344,44.0499,-0.770903,0.890255
0,62.5,57.5328,44.0004,0.293918,0.877505
0,62.5,25.8469,44.2308,-0.714616,0.8431
0,62.5,57.3576,44.2474,0.314866,0.821751
0,62.5,26.0607,44.4094,-0.603547,0.743088
0,62.5,57.4456,44.4959,0.42626,0.607051
0,62.5,26.2758,44.5899,-0.488351,0.591286
0,62.5,57.2587,44.7111,0.362207,0.475428
0,62.5,26.2896,44.8382,-0.417089,0.58512
0,62.5,57.6967,44.5051,0.478828,0.757123
0,62.5,26.5222,44.7359,-0.410012,0.647151
0,62.5,57.519,44.739,0.547925,0.582237
0,62.5,26.3736,45.1496,-0.362848,0.588346
0,62.5,57.7791,44.7473,0.422338,0.607302
0,62.5,26.5471,44.9785,-0.421104,0.582463
0,62.5,57.6069,44.9735,0.444465,0.526684
0,62.5,26.7857,44.8386,-0.350219,0.625336
0,62.5,58.0302,44.7414,0.612796,0.957312
0,62.5,26.6071,45.2444,-0.237989,0.736491
0,62.5,57.8723,44.9819,0.506491,0.753838
0,62.5,26.3684,45.6768,-0.293747,0.578167
0,62.5,58.1301,44.9776,0.625561,0.789347
0,62.5,26.6008,45.4946,-0.336074,0.590849
0,62.5,57.9568,45.2144,0.391762,0.657259
0,62.5,26.1092,45.7998,-0.574035,0.334483
0,62.5,58.223,45.2035,0.582619,0.701109
0,62.5,26.3447,45.9149,-0.465694,0.710333
0,62.5,58.0402,45.4332,0.414294,0.537799
0,62.5,26.252,46.1879,-0.449157,0.364913
0,62.5,58.4844,45.1521,0.620225,0.556106
0,62.5,26.7442,46.2017,-0.216463,0.870151
0,62.5,58.3226,45.4185,0.520769,0.532979
0,62.5,25.9767,46.2606,-0.397366,0.511643
0,62.5,58.701,45.5451,0.582511,0.254918
0,62.5,26.4973,46.3481,-0.441115,0.565776
0,62.5,58.5584,45.7597,0.61258,0.189419
0,62.5,25.9526,46.4988,-0.516992,0.440448
0,62.5,58.8351,45.7559,0.529334,0.391781
0,62.5,26.8525,46.6324,-0.333869,0.604119
0,62.5,58.8765,45.9831,0.4558,0.449759
0,62.5,25.9053,46.731,-0.646973,0.564643
0,62.5,58.9143,46.2799,0.546811,0.408468
0,62.5,26.1812,46.6596,-0.589476,0.441694
0,62.5,58.9878,46.5308,0.485935,0.253797
0,62.5,25.6242,46.791,-0.680693,0.573109
0,62.5,59.2446,46.5704,0.586813,0.30698
0,62.5,26.114,46.9025,-0.401029,0.582285
0,62.5,58.7988,46.7385,0.566103,0.203594
0,62.5,25.5749,47.0268,-0.759666,0.465678
0,62.5,59.1208,47.0252,0.521212,0.218356
0,62.5,25.317,47.1025,-0.851875,0.473743
0,62.5,58.917,47.2232,0.477749,0.209461
0,62.5,25.5397,47.2731,-0.795507,0.503546
0,62.5,59.372,47.0768,0.471971,0.215149
0,62.5,25.7981,47.1987,-0.646595,0.589807
0,62.5,59.1719,47.2753,0.410985,0.200214
0,62.5,25.2467,47.6014,-0.859925,0.495323
0,62.5,59.4216,47.333,0.474869,0.300958
0,62.5,25.5002,47.5249,-0.84122,0.504382
0,62.5,59.2149,47.528,0.397754,0.256117
0,62.5,26.0114,47.3724,-0.473311,0.490491
0,62.5,59.4601,47.591,0.404383,0.256917
0,62.5,25.7133,47.6984,-0.758952,0.49705
0,62.5,59.2623,48.0447,0.403845,0.266716
0,62.5,25.6731,47.9526,-0.897155,0.413484
0,62.5,59.5057,48.1031,0.427644,0.237994
0,62.5,25.4194,48.026,-0.922824,0.467568
0,62.5,59.5259,48.35,0.361992,0.206681
0,62.5,25.38,48.2679,-0.922388,0.405195
0,62.5,59.5762,48.5979,0.608668,0.243821
0,62.5,24.8465,48.3797,-0.666708,0.500175
0,62.5,59.312,48.5523,0.606119,0.163481
0,62.5,25.1137,48.3253,-0.754591,0.463464
0,62.5,59.8396,48.6459,0.619826,0.273974
0,62.5,24.3251,48.4843,-0.453081,0.356835
0,62.5,59.6494,48.8362,0.539913,0.278175
0,62.5,24.2701,48.7302,-0.48666,0.254979
0,62.5,59.5643,49.0683,-0.202793,0.0739154
0,62.5,24.0041,48.7793,-0.482191,0.213689
0,62.5,59.3294,49.0244,-0.2478,-0.0399834
0,62.5,23.9683,49.0154,-0.213417,0.178905
0,62.5,59.8431,49.3876,-0.0262642,0.111318
0,62.5,23.7334,48.8232,-0.584403,0.198829
0,62.5,59.6095,49.3389,-0.108121,0.0591231
0,62.5,23.6417,49.3079,-0.0604027,0.28432
0,62.5,60.1589,49.6639,0.385574,0.0685916
0,62.5,23.3856,49.3418,-0.0380409,0.37076
0,62.5,59.901,49.6507,0.24821,-0.0416366
0,62.5,23.3267,49.5857,-0.0448658,0.367558
0,62.5,60.4328,49.6496,0.435197,-0.0910977
0,62.5,22.8125,49.6626,0.0509566,0.115375
0,62.5,60.2365,49.8805,0.486162,-0.0955797
0,62.5,22.4688,49.9343,0.101473,0.037548
0,62.5,60.7026,49.6334,0.465978,-0.168862
0,62.5,22.2946,49.7223,0.0976399,0.0547152
0,62.5,60.5146,49.8643,0.486023,-0.089568
0,62.5,22.2057,49.9641,0.0674513,0.0523742
0,62.5,60.5848,50.0852,0.348681,-0.0955226
0,62.5,21.0787,49.6704,-0.329426,0.044316
0,62.5,61.1481,50.2848,0.532264,0.0214432
0,62.5,20.3437,49.8709,-0.593213,0.102129
0,62.5,60.3763,50.3168,0.244393,-0.0810181
0,62.5,19.3017,50.355,-0.892573,0.287507
0,62.5,60.908,50.3145,0.404012,-0.146533
0,62.5,19.982,50.4308,-0.672782,0.101991
0,62.5,61.3979,50.3276,0.595165,-0.0178454
0,62.5,19.9509,50.7137,-0.291491,0.142587
0,62.5,62.286,50.8027,0.218048,-0.0933401
0,62.5,19.6021,51.0188,-0.42387,0.231551
0,62.5,62.565,50.827,0.112245,-0.169523
0,62.5,18.8048,51.0046,-0.743291,0.650226
0,62.5,62.3959,51.0293,0.151107,-0.134635
0,62.5,1.46184,29.5851,-0.866538,-2.15884
0,62.5,75.6597,34.7217,-0.43624,2.71169
0,62.5,1.9326,34.3494,-0.237471,3.67914
0,62.5,75.5698,36.1413,-0.459978,0.846634
0,62.5,1.97859,34.5815,-0.278841,3.87341
0,62.5,75.9399,26.3622,0.0487097,-4.7599
0,62.5,2.44256,32.4014,-1.15458,1.22609
0,62.5,75.7483,35.0419,0.0251212,1.37602
0,62.5,1.2571,28.7129,-0.634851,-1.91436
0,62.5,71.6555,30.2976,3.92057,-2.9282
0,62.5,4.71164,21.6352,4.64429,-8.92235
0,62.5,71.4439,30.27,3.59299,-2.82843
0,62.5,2.60104,37.4144,-1.27689,1.31077
0,62.5,73.9495,29.1513,3.29899,-3.92271
0,62.5,8.45411,25.4572,7.57883,-2.36286
0,62.5,70.1832,32.5892,3.9696,-1.59773
0,62.5,3.9427,29.7701,-4.90213,-1.90447
0,62.5,70.9916,31.5431,4.11363,-2.06907
0,62.5,2.91192,23.5494,2.83961,-9.66357
0,62.5,66.6433,35.3017,1.84566,0.245194
0,62.5,5.74557,22.544,5.99348,-7.39143
0,62.5,67.8203,34.6157,2.26162,0.261031
0,62.5,9.83777,32.8141,-1.881,-0.265303
0,62.5,66.339,35.5714,1.50133,0.269856
0,62.5,12.3913,34.3076,-2.30185,-0.268083
0,62.5,65.9654,35.7348,1.37461,0.203391
0,62.5,12.3953,33.9281,-2.28411,-0.404384
0,62.5,64.2687,36.9394,0.888078,0.320334
0,62.5,13.6099,35.4219,-2.60857,0.0194118
0,62.5,63.8484,37.2752,0.943173,0.202322
0,62.5,13.239,35.0308,-2.54941,-0.178077
0,62.5,63.3997,37.4993,0.84869,0.352972
0,62.5,14.0796,36.0946,-2.22452,0.317623
0,62.5,63.1783,37.6952,0.944332,0.43388
0,62.5,15.843,37.623,-2.08941,1.07183
0,62.5,62.9445,38.1484,0.866023,0.0968265
0,62.5,16.5919,38.2546,-2.07643,1.32888
0,62.5,62.7041,38.2354,0.903691,0.120562
0,62.5,17.2629,38.8607,-1.93494,1.51275
0,62.5,62.6464,38.8044,0.794199,0.533839
0,62.5,17.0423,38.9017,-1.89281,1.15109
0,62.5,62.3558,39.2361,0.866895,0.560336
0,62.5,17.5254,39.3657,-1.45788,1.40598
0,62.5,62.1181,39.3887,0.893477,0.57074
0,62.5,18.0587,39.5819,-1.42799,1.08631
0,62.5,61.4223,39.9728,0.91568,0.624283
0,62.5,17.9535,39.3502,-1.51859,1.1722
0,62.5,61.8103,39.7898,0.883757,0.652267
0,62.5,18.4671,39.9305,-1.29589,1.25921
0,62.5,61.4443,40.2294,1.05173,0.578356
0,62.5,19.5071,40.616,-1.08017,1.41653
0,62.5,60.6603,40.5877,0.989356,0.945849
0,62.5,20.0362,40.7663,-1.36169,1.22236
0,62.5,61.2725,39.7817,0.899255,0.773941
0,62.5,20.5006,41.0426,-1.48961,1.0551
0,62.5,61.0709,39.9407,1.06733,0.925979
0,62.5,20.9817,41.2851,-1.5014,1.00456
0,62.5,60.8128,40.0527,1.13675,0.959702
0,62.5,20.7877,41.0686,-1.46315,1.03201
0,62.5,60.4293,40.4556,1.18826,0.801934
0,62.5,21.4053,41.5966,-1.30664,1.01101
0,62.5,60.0863,41.1608,0.745806,0.944295
0,62.5,22.0509,42.0361,-1.20003,1.05407
0,62.5,59.7149,41.4513,0.838438,0.940542
0,62.5,22.2298,42.2389,-1.10751,0.987428
0,62.5,59.4507,41.4806,0.736913,0.921772
0,62.5,22.8102,42.2867,-1.02961,1.08235
0,62.5,59.6036,41.6891,0.811278,1.01464
0,62.5,23.6409,42.8885,-0.706108,0.922166
0,62.5,59.3357,41.7288,0.631116,0.984559
0,62.5,23.9384,43.0034,-0.586313,0.922156
0,62.5,58.8508,42.3271,0.542582,0.862157
0,62.5,24.0233,43.212,-0.546741,0.922567
0,62.5,58.5895,42.423,0.656236,1.07255
0,62.5,24.5194,43.4757,-0.260075,0.821682
0,62.5,59.123,42.2523,0.454073,0.88119
0,62.5,24.74,43.6231,-0.402538,0.79562
0,62.5,58.9929,42.5135,0.622473,1.02447
0,62.5,24.9582,43.7964,-0.566451,0.790986
0,62.5,59.2503,42.4634,0.499199,0.872668
0,62.5,25.2101,43.7066,-0.660521,0.707601
0,62.5,58.9249,43.0328,0.458906,0.980395
0,62.5,25.4243,43.8754,-0.659691,0.848647
0,62.5,59.1536,43.0781,0.468585,0.983478
0,62.5,25.6807,43.7958,-0.760009,0.922155
0,62.5,59.0972,43.5292,0.379757,0.855398
0,62.5,25.885,43.9753,-0.667791,0.955842
0,62.5,58.1611,43.732,0.723779,0.936538
0,62.5,26.0976,44.1537,-0.626521,0.832807
0,62.5,57.767,43.9975,0.4556,0.906008
0,62.5,26.3089,44.3204,-0.475719,0.665324
0,62.5,57.6039,44.2545,0.389407,0.897508
0,62.5,26.5103,44.475,-0.428582,0.700695
0,62.5,58.087,44.2384,0.39845,0.816778
0,62.5,26.758,44.3493,-0.480527,0.750987
0,62.5,57.8449,44.2524,0.512699,0.904159
0,62.5,26.9307,44.1811,-0.428622,0.783073
0,62.5,58.3353,44.2265,0.563026,0.988768
0,62.5,26.753,44.5968,-0.43966,0.739779
0,62.5,57.9406,44.4986,0.248993,0.841238
0,62.5,27.0076,44.4448,-0.406648,0.737791
0,62.5,58.5985,44.2276,0.546204,0.968608
0,62.5,27.2788,44.5052,-0.405626,0.58057
0,62.5,58.4402,44.4611,0.63673,0.955993
0,62.5,27.0173,44.6775,-0.430289,0.699341
0,62.5,58.186,44.4768,0.621104,0.993317
0,62.5,27.055,44.9141,-0.358613,0.676293
0,62.5,58.2778,44.7136,0.625756,0.955273
0,62.5,26.8097,45.0736,-0.358724,0.74867
0,62.5,58.5355,44.6865,0.57095,0.765676
0,62.5,26.8578,45.3231,-0.377138,0.689559
0,62.5,58.3825,44.9385,0.609537,0.655749
0,62.5,26.6109,45.743,-0.402786,0.846053
0,62.5,58.9217,44.8666,0.648872,0.596793
0,62.5,26.6976,45.9431,-0.171526,0.647743
0,62.5,58.6496,44.8962,0.68546,0.628832
0,62.5,26.4906,46.0921,-0.229732,0.414863
0,62.5,58.7473,45.112,0.638941,0.544144
0,62.5,26.9926,46.2617,-0.382844,0.733381
0,62.5,58.5765,45.3714,0.425933,0.399781
0,62.5,26.7357,46.4388,-0.548319,0.729375
0,62.5,58.8631,45.3042,0.590329,0.407648
0,62.5,27.0611,46.4765,-0.25841,0.755818
0,62.5,58.9824,45.5034,0.499521,0.431677
0,62.5,26.4487,46.5723,-0.534154,0.573223
0,62.5,59.0817,45.7196,0.491953,0.501996
0,62.5,27.2872,46.3184,-0.201486,0.72235
0,62.5,59.081,46.0738,0.61149,0.317811
0,62.5,26.6252,46.7382,-0.46276,0.459214
0,62.5,59.3455,46.1053,0.537834,0.501305
0,62.5,27.0957,46.7347,-0.420826,0.59907
0,62.5,59.1679,46.3233,0.519725,0.317654
0,62.5,26.3782,46.8327,-0.430273,0.479518
0,62.5,59.4229,46.3493,0.597375,0.463735
0,62.5,26.6053,46.9961,-0.48046,0.373375
0,62.5,59.0591,46.777,0.610678,0.288528
0,62.5,25.8448,46.9651,-0.590587,0.583579
0,62.5,59.4946,46.6045,0.669556,0.388063
0,62.5,26.3363,47.0742,-0.314558,0.468978
0,62.5,59.3136,46.8219,0.584948,0.272206
0,62.5,26.0723,47.1412,-0.384587,0.529563
0,62.5,59.5596,46.8671,0.613917,0.323378
0,62.5,26.5581,47.2371,-0.354025,0.443241
0,62.5,59.6182,47.1308,0.582272,0.320895
0,62.5,25.7525,47.4464,-0.684077,0.591107
0,62.5,59.8568,47.1767,0.624322,0.194014
0,62.5,26.2939,47.3144,-0.307452,0.396014
0,62.5,59.6663,47.3937,0.458056,0.295844
0,62.5,26.2274,47.5383,-0.385854,0.431254
0,62.5,59.7038,47.6532,0.50102,0.184245
0,62.5,25.966,47.6199,-0.546687,0.470676
0,62.5,59.4833,47.848,0.356102,0.29519
0,62.5,25.923,47.8723,-0.7174,0.397328
0,62.5,59.7574,48.1517,0.487826,0.196602
0,62.5,25.6391,48.2014,-0.988016,0.392314
0,62.5,59.7778,48.3965,0.38837,0.225607
0,62.5,25.3404,48.5025,-0.835047,0.412495
0,62.5,60.0089,48.1947,0.535243,0.293289
0,62.5,25.067,48.5594,-0.754276,0.553143
0,62.5,60.028,48.4446,0.486158,0.242656
0,62.5,24.7972,48.6181,-0.63945,0.499697
0,62.5,60.1019,48.6964,0.69523,0.16881
0,62.5,24.5837,48.4326,-0.513629,0.408147
0,62.5,59.9079,48.8905,0.530534,0.324708
0,62.5,24.4947,48.914,-0.390053,0.336772
0,62.5,60.157,48.9441,0.550623,0.224908
0,62.5,24.5329,48.6754,-0.468733,0.452251
0,62.5,59.7979,49.1155,-0.12084,0.128668
0,62.5,24.2304,48.9682,-0.322221,0.228386
0,62.5,60.0319,49.172,0.0158266,0.110199
0,62.5,23.9044,49.2601,-0.193962,0.199835
0,62.5,60.0848,49.4273,0.147435,0.0788241
0,62.5,24.1699,49.2113,-0.265566,0.282904
0,62.5,60.341,49.4322,0.161017,-0.00955788
0,62.5,23.5867,49.5472,-0.0619537,0.36282
0,62.5,60.6103,49.4129,0.243882,-0.121851
0,62.5,23.0009,49.875,-0.0913582,0.274728
0,62.5,60.8634,49.3592,0.249404,0.0866267
0,62.5,23.0708,49.6343,-0.0248787,0.31776
0,62.5,60.7859,49.849,0.515739,-0.175608
0,62.5,22.9331,50.1113,0.0106858,0.274653
0,62.5,61.0342,49.7919,0.416928,0.063737
0,62.5,22.7383,49.9024,-0.026141,0.242404
0,62.5,60.8407,50.0816,0.372377,-0.0313962
0,62.5,21.5173,49.8172,-0.213913,0.0972753
0,62.5,61.0821,50.0328,0.361656,0.107709
0,62.5,21.035,49.9366,-0.368719,0.033406
0,62.5,61.2845,49.8059,0.274279,0.0942649
0,62.5,20.7775,50.283,-0.429594,-0.0286899
0,62.5,61.32,50.0663,0.46166,0.0829588
0,62.5,20.5876,49.8075,-0.558903,0.11106
0,62.5,61.5661,50.1316,0.541032,0.00346061
0,62.5,20.7955,49.9998,-0.504328,0.0264491
0,62.5,61.53,50.514,0.445343,0.18686
0,62.5,20.4562,50.7777,0.0733942,-0.158796
0,62.5,61.7656,50.5129,0.44309,0.315782
0,62.5,20.1921,50.8096,-0.414472,0.0848214
0,62.5,62.823,50.7285,0.17005,-0.0116642
0,62.5,19.3497,51.0069,-0.450911,0.199244
0,62.5,62.6957,51.0137,-0.0876783,0.0709529
0,62.5,2.89866,21.9604,1.74509,-9.79684
0,62.5,75.1474,35.0985,0.0697384,1.71124
0,62.5,1.41734,29.1104,-0.878757,-2.21584
0,62.5,72.5858,29.995,4.01249,-2.66104
0,62.5,5.88463,22.5154,5.62467,-7.21843
0,62.5,71.3468,30.8315,3.6799,-2.6884
0,62.5,3.33419,29.1463,-5.03858,-2.59574
0,62.5,69.2761,33.4928,2.93781,-1.26908
0,62.5,1.53582,28.2886,-1.22116,-4.31626
0,62.5,75.1303,28.219,1.53134,-4.72926
0,62.5,1.2523,27.0466,-0.786852,-4.57478
0,62.5,75.1067,32.2194,1.34292,-0.679512
0,62.5,8.79694,32.2208,-0.0886014,1.10794
0,62.5,72.1191,30.1074,3.70827,-2.83755
0,62.5,6.36475,30.5582,-3.76214,0.21762
0,62.5,69.9512,32.7744,3.2645,-1.77954
0,62.5,11.7107,33.5127,-2.17017,-0.542407
0,62.5,68.1121,34.5631,2.50746,0.400504
0,62.5,11.1646,33.5507,-1.91343,-0.222122
0,62.5,66.2125,35.7847,1.22219,0.234102
0,62.5,12.9589,34.5882,-2.42971,-0.312049
0,62.5,65.6282,36.0075,1.41682,0.272255
0,62.5,12.214,34.1843,-2.26139,-0.356846
0,62.5,65.1788,36.3847,1.17153,0.150655
0,62.5,14.264,36.0047,-2.3963,0.142839
0,62.5,64.9455,36.6482,1.1854,0.527598
0,62.5,14.5328,36.4432,-2.415,0.620502
0,62.5,64.6611,36.6812,1.08205,0.366602
0,62.5,15.2188,36.9204,-2.40811,0.991021
0,62.5,64.1091,37.2412,0.904566,0.472647
0,62.5,15.5703,37.2403,-2.23017,1.07015
0,62.5,63.6574,37.4795,0.86737,0.492908
0,62.5,16.8249,38.3937,-1.97168,1.35783
0,62.5,63.4678,37.7295,0.859951,0.493347
0,62.5,17.1361,38.5498,-1.75837,1.13449
0,62.5,63.0352,37.8962,1.01095,0.390239
0,62.5,17.3904,39.1342,-1.73869,1.44729
0,62.5,62.717,38.4948,0.782749,0.328583
0,62.5,18.1577,39.2441,-1.35484,1.04603
0,62.5,62.8364,38.9442,1.0388,0.421024
0,62.5,18.29,39.4814,-1.52672,1.42181
0,62.5,62.5925,39.0978,0.803547,0.532943
0,62.5,18.7088,39.8982,-1.04082,1.58442
0,62.5,62.2576,39.5707,0.834308,0.618279
0,62.5,18.38,39.6964,-1.32605,1.57112
0,62.5,62.024,39.7005,0.900946,0.666328
0,62.5,19.0531,40.2156,-0.980063,1.37285
0,62.5,61.9319,40.0327,0.978453,0.682647
0,62.5,19.771,40.5097,-1.26841,1.20331
0,62.5,61.7107,40.2543,0.808133,0.682255
0,62.5,19.5235,40.3711,-1.17211,1.36961
0,62.5,61.6758,40.017,0.983076,0.527391
0,62.5,20.6145,40.839,-1.55454,1.07641
0,62.5,60.9232,40.493,1.07035,0.898771
0,62.5,20.3235,40.8064,-1.40179,1.17379
0,62.5,60.5377,40.9017,0.824607,0.747489
0,62.5,21.2713,41.2976,-1.45529,1.12097
0,62.5,60.9542,40.2355,1.01481,0.768188
0,62.5,21.8708,41.819,-1.22591,0.925438
0,62.5,60.7103,40.3392,1.10672,0.799227
0,62.5,22.1647,41.8311,-1.11358,1.07639
0,62.5,60.188,40.8215,0.767758,0.902196
0,62.5,22.359,42.0402,-0.977664,1.08714
0,62.5,60.0253,41.4469,0.981304,0.81933
0,62.5,23.2073,42.6198,-0.930047,1.11407
0,62.5,60.1718,41.6144,1.06762,0.84098
0,62.5,24.3133,42.8899,-0.362615,0.941365
0,62.5,59.8746,41.6529,0.883544,0.820638
0,62.5,24.2609,43.0861,-0.478493,0.922013
0,62.5,59.4753,41.9411,0.553925,0.868139
0,62.5,24.7664,43.368,-0.328001,0.759778
0,62.5,59.2206,41.9904,0.575642,0.960801
0,62.5,24.9881,43.5417,-0.446615,0.760834
0,62.5,59.3753,42.1971,0.449988,0.789032
0,62.5,25.0297,43.2977,-0.401778,0.808679
0,62.5,59.6384,42.158,0.638859,0.907476
0,62.5,25.2491,43.4547,-0.561879,0.823206
0,62.5,59.529,42.4,0.500941,0.923237
0,62.5,25.4647,43.625,-0.705954,0.80961
0,62.5,59.4118,42.6345,0.419021,0.833311
0,62.5,25.9199,43.7062,-0.628271,1.02281
0,62.5,59.1061,42.7258,0.533077,0.832938
0,62.5,26.1231,43.8884,-0.651622,0.982995
0,62.5,59.4331,43.075,0.40476,0.944461
0,62.5,26.1698,43.6272,-0.635267,1.03412
0,62.5,59.2814,42.8628,0.509375,0.910839
0,62.5,26.3426,44.0612,-0.574341,0.740638
0,62.5,59.2568,43.3011,0.437647,0.840915
0,62.5,26.3685,43.8137,-0.527986,0.833469
0,62.5,58.4145,43.7556,0.515819,0.916431
0,62.5,26.5619,44.2076,-0.490942,0.726797
0,62.5,58.2496,43.9822,0.471666,0.951506
0,62.5,27.1622,44.0291,-0.427632,0.897912
0,62.5,58.6686,43.7612,0.535975,1.00685
0,62.5,27.4153,44.0131,-0.304677,0.949093
0,62.5,58.504,43.9974,0.594293,1.00475
0,62.5,27.197,44.2677,-0.373888,0.795073
0,62.5,58.9318,43.7567,0.400759,0.885754
0,62.5,27.4547,44.2601,-0.250786,0.827043
0,62.5,58.7703,43.9906,0.523232,1.00736
0,62.5,27.5249,44.502,-0.357934,0.690735
0,62.5,58.8693,44.2093,0.467053,0.836019
0,62.5,27.5133,44.811,-0.298486,0.831823
0,62.5,58.7067,44.447,0.516872,0.814451
0,62.5,27.2827,44.7376,-0.441614,0.777673
0,62.5,58.985,44.4146,0.579523,0.874488
0,62.5,27.0734,45.1519,-0.478489,0.636154
0,62.5,58.8109,44.6564,0.653846,0.754915
0,62.5,27.3102,44.9953,-0.402032,0.715884
0,62.5,59.3718,44.5895,0.421553,0.648349
0,62.5,27.6252,45.2929,-0.403111,0.81356
0,62.5,59.0875,44.623,0.565144,0.735265
0,62.5,26.8497,45.5616,-0.383065,0.745078
0,62.5,59.2008,44.8239,0.553006,0.696556
0,62.5,27.1138,45.3951,-0.395889,0.680166
0,62.5,59.03,45.067,0.633803,0.551193
0,62.5,26.9184,45.7748,-0.353963,0.694996
0,62.5,59.3152,45.0232,0.536985,0.582174
0,62.5,27.1417,45.6154,-0.349846,0.691701
0,62.5,59.152,45.2638,0.479978,0.480551
0,62.5,26.9592,46.018,-0.220864,0.77783
0,62.5,59.3958,45.6457,0.585675,0.433147
0,62.5,27.1905,45.8551,-0.224512,0.683055
0,62.5,59.2507,45.4749,0.437259,0.536836
0,62.5,27.4136,45.6934,-0.337372,0.661543
0,62.5,59.5078,45.8701,0.522368,0.451728
0,62.5,27.4608,45.9236,-0.259536,0.602247
0,62.5,59.2416,45.8699,0.640706,0.331113
0,62.5,27.2194,46.0907,-0.216978,0.852478
0,62.5,59.8338,46.1273,0.522317,0.461172
0,62.5,27.5394,46.4045,-0.390552,0.55512
0,62.5,59.5953,46.112,0.548098,0.555806
0,62.5,27.3114,46.5701,-0.314074,0.577073
0,62.5,59.8967,46.3967,0.691442,0.456507
0,62.5,27.334,46.8326,-0.578069,0.546368
0,62.5,59.6644,46.3733,0.612951,0.438395
0,62.5,26.8465,46.9,-0.589488,0.421754
0,62.5,60.1984,46.7163,0.764186,0.474986
0,62.5,27.5684,46.9312,-0.668838,0.48814
0,62.5,59.7323,46.6419,0.706196,0.348228
0,62.5,26.8284,47.1516,-0.470031,0.357475
0,62.5,59.965,46.6667,0.694324,0.315632
0,62.5,27.0816,46.9811,-0.564602,0.452076
0,62.5,59.7967,46.9107,0.705699,0.318286
0,62.5,26.779,47.3911,-0.563818,0.444322
0,62.5,60.0319,46.9367,0.725608,0.3597
0,62.5,26.521,47.4793,-0.391488,0.385038
0,62.5,59.9065,47.4375,0.620471,0.228878
0,62.5,26.4397,47.7013,-0.404334,0.459239
0,62.5,59.9491,47.6922,0.620368,0.179719
0,62.5,26.1771,47.7863,-0.51756,0.398876
0,62.5,59.7297,47.9055,0.441256,0.210379
0,62.5,26.3415,48.208,-0.556685,0.426078
0,62.5,60.1922,47.7381,0.601153,0.429021
0,62.5,25.8894,48.1265,-0.864025,0.315142
0,62.5,59.9791,47.9434,0.49149,0.199194
0,62.5,25.6067,48.4447,-0.923686,0.322493
0,62.5,60.2558,48.2508,0.668248,0.301952
0,62.5,25.3004,48.7316,-0.953631,0.523471
0,62.5,60.2801,48.4942,0.662378,0.110045
0,62.5,25.5729,48.679,-1.04833,0.384402
0,62.5,60.5409,48.5231,0.821523,0.165978
0,62.5,24.7602,48.8546,-0.590049,0.431462
0,62.5,60.3624,48.7353,0.8168,0.102397
0,62.5,25.0287,48.7903,-0.668443,0.498734
0,62.5,60.6469,48.7281,1.03867,0.0244219
0,62.5,24.4386,49.1518,-0.450656,0.29176
0,62.5,60.4135,48.9645,0.669766,0.037221
0,62.5,24.7138,49.0915,-0.700468,0.500866
0,62.5,60.8878,48.6595,0.893624,-0.0993557
0,62.5,24.1244,49.4462,-0.171882,0.307908
0,62.5,60.2791,49.1944,0.18848,0.0135243
0,62.5,23.7974,49.7303,-0.101393,0.228012
0,62.5,60.6684,48.9571,0.786946,0.0321777
0,62.5,23.8549,49.4958,-0.0991036,0.239561
0,62.5,60.5363,49.1998,0.354245,-0.108054
0,62.5,23.5251,49.7903,-0.160367,0.338686
0,62.5,60.8158,49.1354,0.574817,0.0135141
0,62.5,23.2687,49.8339,-0.0824556,0.285036
0,62.5,60.9608,49.5674,0.485397,-0.0741791
0,62.5,21.6892,50.0279,-0.0649552,-0.0212005
0,62.5,61.1359,49.3361,0.243692,-0.146112
0,62.5,22.6617,50.1341,0.165163,0.20314
0,62.5,61.2275,49.5607,0.246606,-0.0619764
0,62.5,22.0362,49.7504,0.0246516,0.0111849
0,62.5,61.7254,49.6744,0.150135,0.123598
0,62.5,21.7758,49.7805,-0.125288,0.0609754
0,62.5,61.4863,49.6056,0.108076,0.0290993
0,62.5,20.99,50.2003,-0.36238,-0.0508158
0,62.5,61.5215,49.8656,0.263644,0.0239778
0,62.5,20.0858,49.9446,-0.740037,0.0350503
0,62.5,61.9689,50.2817,0.285192,0.295226
0,62.5,20.5284,50.3123,-0.4629,-0.104052
0,62.5,61.734,50.266,0.330999,0.408785
0,62.5,20.1838,50.5747,-0.523689,0.180148
0,62.5,62.0115,50.5406,0.485573,0.103106
0,62.5,20.3523,51.0193,-0.00492894,-0.356128
0,62.5,63.3043,50.5806,0.239955,-0.0605796
0,62.5,19.8456,50.9894,-0.272818,-0.280369
0,62.5,62.9289,50.9836,-0.0884171,-0.0356744
0,62.5,4.90814,20.9926,3.96996,-9.31795
0,62.5,76.0278,32.2387,0.180834,1.61561
0,62.5,5.21711,21.9618,4.80235,-8.58051
0,62.5,75.4381,22.3984,-0.2116,-7.67432
0,62.5,2.02036,25.1638,1.96332,-7.6466
0,62.5,69.9767,33.0594,2.67098,-1.00682
0,62.5,6.21839,30.9046,-4.29083,-0.453131
0,62.5,67.4321,34.9095,2.09564,0.100767
0,62.5,1.94262,27.9155,-0.369512,-5.20831
0,62.5,67.3799,35.2783,1.81758,0.435038
0,62.5,4.41626,29.7967,-4.92405,-1.28984
0,62.5,69.1513,33.7199,2.25959,-0.649247
0,62.5,10.4948,33.3473,-1.88169,-0.0741701
0,62.5,68.4637,34.1702,2.95549,-0.583231
0,62.5,11.9176,33.6804,-1.97305,-0.57454
0,62.5,69.7468,33.2655,2.58967,-0.91141
0,62.5,12.2967,33.7101,-2.11916,-0.604594
0,62.5,67.2376,35.0813,1.81116,0.127764
0,62.5,12.5421,34.1096,-2.46199,-0.127093
0,62.5,68.594,33.9035,2.9792,-1.10696
0,62.5,13.4384,35.2015,-1.92185,-0.11594
0,62.5,65.4318,36.2958,1.12829,0.0955417
0,62.5,13.8669,35.5917,-2.81886,0.48804
0,62.5,65.6888,36.2255,0.826867,0.435473
0,62.5,14.7673,36.4742,-2.45222,0.866548
0,62.5,64.7699,36.9036,0.836014,0.384319
0,62.5,15.0061,36.8146,-2.20842,0.883713
0,62.5,64.6088,37.1925,0.923064,0.407
0,62.5,15.4292,37.0095,-2.28296,1.08654
0,62.5,64.5318,36.9431,0.852969,0.357934
0,62.5,16.5918,38.0278,-1.97474,0.947655
0,62.5,64.3459,37.1668,0.914599,0.372373
0,62.5,17.5223,38.9617,-1.84642,1.38849
0,62.5,63.9405,37.505,0.929796,0.370319
0,62.5,17.7941,39.0298,-1.48418,1.20807
0,62.5,63.3275,37.9173,0.865961,0.763649
0,62.5,17.714,39.2347,-1.57997,1.40298
0,62.5,63.183,38.1323,1.01068,0.407604
0,62.5,18.8849,39.7229,-0.959955,1.55961
0,62.5,62.9565,38.394,0.772097,0.38328
0,62.5,18.6201,39.6425,-1.19883,1.58105
0,62.5,62.7328,39.266,0.808356,0.455618
0,62.5,18.991,39.9567,-1.42018,1.53411
0,62.5,62.4861,39.4178,0.609731,0.512949
0,62.5,19.2024,39.869,-1.28987,1.76608
0,62.5,62.1661,39.8887,0.730188,0.820021
0,62.5,19.2873,40.3638,-1.05561,1.42226
0,62.5,62.4156,39.7294,0.712199,0.681436
0,62.5,19.2901,40.1111,-1.06414,1.5449
0,62.5,62.0701,40.1896,0.953319,0.68154
0,62.5,20.1248,40.5773,-1.34037,1.19772
0,62.5,61.6706,40.5937,0.876537,0.669918
0,62.5,20.8941,40.8619,-1.49223,1.00938
0,62.5,61.4881,40.4547,0.800482,0.757764
0,62.5,21.0749,41.0728,-1.41722,0.967467
0,62.5,61.1781,40.3833,1.01373,0.695239
0,62.5,21.6867,41.6059,-1.45412,1.01377
0,62.5,60.7876,40.7845,0.778463,0.80053
0,62.5,21.9828,41.6108,-1.2308,0.863758
0,62.5,60.3117,41.0349,0.736776,0.960583
0,62.5,22.6297,42.0301,-1.0264,1.11988
0,62.5,60.4192,40.7048,0.82788,1.05321
0,62.5,23.1396,42.3788,-0.988217,1.31782
0,62.5,60.4151,41.4958,0.985685,0.842167
0,62.5,23.5209,42.6308,-0.604587,1.01719
0,62.5,60.2775,41.3159,1.06801,0.688713
0,62.5,24.5195,43.2299,-0.379209,0.931257
0,62.5,59.9802,41.8692,0.80934,0.820397
0,62.5,24.5519,42.7703,-0.137131,0.885526
0,62.5,59.7325,41.9085,0.747842,0.960235
0,62.5,24.2401,42.6384,-0.45388,0.871379
0,62.5,60.0543,42.3666,0.671753,0.822749
0,62.5,24.5839,43.0068,-0.214419,1.01259
0,62.5,59.8934,42.1355,0.631885,0.83385
0,62.5,24.8062,43.1262,-0.30606,0.822749
0,62.5,59.9612,42.607,0.698902,0.830495
0,62.5,25.7062,43.5332,-0.651041,0.94587
0,62.5,59.7963,42.383,0.471381,0.758227
0,62.5,25.4913,43.3612,-0.619934,0.822927
0,62.5,59.6888,42.6161,0.468647,0.868482
0,62.5,25.9564,43.4515,-0.64491,0.921515
0,62.5,59.5656,42.8449,0.457473,0.92778
0,62.5,26.4035,43.5358,-0.521199,0.924912
0,62.5,59.8421,42.8341,0.630829,0.914969
0,62.5,26.6012,43.7292,-0.490569,0.820016
0,62.5,59.9976,43.0345,0.595193,0.925269
0,62.5,26.8347,43.7146,-0.585275,0.824125
0,62.5,59.7082,43.0585,0.597508,0.916825
0,62.5,26.6161,43.9856,-0.471205,0.889707
0,62.5,59.8242,43.2639,0.714323,0.943154
0,62.5,26.854,43.9737,-0.424417,0.952134
0,62.5,58.8265,43.5251,0.449898,0.849798
0,62.5,27.0793,43.8071,-0.479351,0.913901
0,62.5,59.5356,43.2906,0.560354,0.967678
0,62.5,27.3303,43.7683,-0.346883,0.922992
0,62.5,59.2065,43.7473,0.418555,0.837513
0,62.5,27.6698,44.054,-0.2118,0.890294
0,62.5,59.3273,43.95,0.408671,0.79572
0,62.5,28.0322,44.243,-0.103826,0.965648
0,62.5,59.0416,43.9762,0.400205,0.812649
0,62.5,27.7124,44.2925,-0.298716,0.876864
0,62.5,59.4376,44.1538,0.467913,0.864658
0,62.5,27.972,44.6944,-0.38213,0.929278
0,62.5,59.1529,44.1812,0.410783,0.863346
0,62.5,27.7033,44.643,-0.182505,0.839955
0,62.5,59.5516,44.3558,0.444746,0.785596
0,62.5,27.5749,45.0624,-0.339058,0.709234
0,62.5,59.2659,44.3873,0.457533,0.880318
0,62.5,27.8514,45.1306,-0.293225,0.776138
0,62.5,59.6606,44.5551,0.505804,0.707199
0,62.5,27.8913,45.3786,-0.420146,0.693763
0,62.5,59.4886,44.7878,0.491339,0.76502
0,62.5,27.9443,45.6032,-0.561623,0.572712
0,62.5,59.7712,44.7597,0.519237,0.70834
0,62.5,28.2179,45.6741,-0.711584,0.600608
0,62.5,59.5946,44.9947,0.458177,0.63754
0,62.5,27.3442,45.2332,-0.431011,0.744413
0,62.5,59.5509,45.4173,0.557289,0.574105
0,62.5,27.3957,45.4587,-0.313485,0.736647
0,62.5,59.4232,45.2299,0.445755,0.511905
0,62.5,27.6621,45.5341,-0.346199,0.600534
0,62.5,59.8287,45.4031,0.495396,0.547112
0,62.5,28.7278,45.8498,-0.630534,0.578129
0,62.5,59.6677,45.6329,0.46665,0.51055
0,62.5,27.6916,45.7598,-0.505798,0.59965
0,62.5,59.9287,45.6339,0.476778,0.589191
0,62.5,27.7376,45.9933,-0.457571,0.504405
0,62.5,59.7612,45.8677,0.508754,0.566769
0,62.5,27.5008,46.1535,-0.32863,0.622827
0,62.5,60.0031,45.8933,0.54082,0.542252
0,62.5,27.7806,46.4916,-0.53462,0.292809
0,62.5,60.066,46.1657,0.612034,0.495003
0,62.5,27.5494,46.6618,-0.377611,0.405116
0,62.5,60.2345,45.9214,0.529249,0.487106
0,62.5,28.0099,46.5767,-0.79021,0.347439
0,62.5,60.1305,46.4414,0.71505,0.473012
0,62.5,27.7764,46.7561,-0.570143,0.353715
0,62.5,60.296,46.1913,0.654388,0.41747
0,62.5,27.8023,47.0334,-1.0268,0.375935
0,62.5,60.2665,46.992,0.695157,0.530848
0,62.5,27.3236,47.0838,-0.825979,0.361609
0,62.5,60.3283,47.2666,0.695389,0.60496
0,62.5,27.0249,47.4577,-0.692599,0.401072
0,62.5,60.0941,47.2044,0.689094,0.295187
0,62.5,27.0723,47.2265,-0.604321,0.357383
0,62.5,60.3828,47.539,0.692968,0.605496
0,62.5,27.2589,47.5594,-0.847848,0.471526
0,62.5,60.1482,47.4713,0.705589,0.442381
0,62.5,26.6542,47.8525,-0.508772,0.407521
0,62.5,60.6091,47.4749,0.620943,0.0800085
0,62.5,26.1375,48.0371,-0.649027,0.347088
0,62.5,60.4316,47.8006,0.681904,0.489848
0,62.5,26.5795,48.1226,-0.434102,0.448447
0,62.5,60.6616,47.7169,0.618332,-0.0234794
0,62.5,25.8609,48.3787,-0.910819,0.298819
0,62.5,60.4738,48.0506,0.760869,0.348633
0,62.5,26.3915,47.9467,-0.525363,0.482687
0,62.5,60.2236,47.9987,0.538389,0.435746
0,62.5,26.1046,48.2964,-0.702558,0.2416
0,62.5,60.5152,48.285,0.855653,0.236084
0,62.5,26.091,48.5514,-1.05695,0.225315
0,62.5,60.7086,47.9564,0.68246,-0.0852379
0,62.5,25.8369,48.6247,-1.07544,0.212872
0,62.5,60.7609,48.1947,0.840464,-0.142565
0,62.5,25.7899,48.861,-1.08956,0.370594
0,62.5,61.0459,48.4325,0.701296,0.0577016
0,62.5,25.5227,48.9134,-1.01153,0.398415
0,62.5,60.7858,48.4271,0.76881,-0.0918157
0,62.5,24.9861,49.0254,-0.73916,0.574341
0,62.5,61.3271,48.4451,0.565113,0.0866374
0,62.5,24.3932,49.3864,-0.261285,0.347683
0,62.5,61.1546,48.6548,0.746102,0.108497
0,62.5,24.6649,49.3199,-0.631434,0.477683
0,62.5,61.2081,48.8849,0.687518,0.0894714
0,62.5,24.0667,49.6855,-0.180727,0.207427
0,62.5,60.9422,48.8836,0.758456,0.0429421
0,62.5,23.4645,50.0357,-0.0722628,0.290072
0,62.5,61.0709,49.1063,0.516426,-0.00327707
0,62.5,23.2033,50.0708,-0.0613127,0.222548
0,62.5,61.4055,49.3592,0.131611,-0.0782445
0,62.5,23.3867,50.2823,-0.230845,0.172819
0,62.5,61.6704,49.41,0.0731903,0.126699
0,62.5,21.9437,49.9938,0.053654,0.0292684
0,62.5,61.9585,49.7466,0.22226,0.158192
0,62.5,22.3927,50.1716,0.122093,0.128697
0,62.5,62.1804,49.8492,0.298049,0.175792
0,62.5,21.4385,50.0708,-0.0971324,0.0749936
0,62.5,61.7567,49.9445,0.427596,0.0733475
0,62.5,21.6151,50.2839,-0.0162833,-0.0664897
0,62.5,61.9615,50.03,0.365638,0.261636
0,62.5,21.2617,49.8709,-0.22761,0.100067
0,62.5,62.2136,50.3457,0.359467,0.0541627
0,62.5,20.5693,50.0684,-0.543616,0.0294561
0,62.5,62.2715,50.5832,0.555655,-0.0282725
0,62.5,20.7143,50.7704,-0.341868,-0.122534
0,62.5,62.4784,50.3857,0.275967,-0.00758254
0,62.5,20.4563,50.5533,-0.53704,0.0168962
0,62.5,63.3408,50.8117,0.17358,-0.0501526
0,62.5,19.726,50.7657,-0.758767,0.136371
0,62.5,63.0703,50.775,0.191161,0.0358068
0,62.5,1.65274,38.1615,0.217783,1.67519
0,62.5,66.997,30.8311,-6.71904,5.91548
0,62.5,1.63183,25.3081,0.901251,-6.39801
0,62.5,71.3096,30.5011,3.79351,-2.76371
0,62.5,1.89592,25.5598,1.01243,-6.99786
0,62.5,71.5356,30.5805,3.54278,-2.89275
0,62.5,1.80389,22.4989,0.201347,-7.21378
0,62.5,65.94,36.1666,1.23089,0.382337
0,62.5,9.11428,32.7077,-1.61008,-0.301688
0,62.5,68.8859,33.6563,3.2198,-1.26655
0,62.5,2.03837,28.3768,-2.09391,-4.84577
0,62.5,67.0753,35.5817,1.34136,0.509768
0,62.5,10.7997,33.535,-1.84239,-0.0575558
0,62.5,70.7713,31.9503,3.1366,-2.15164
0,62.5,10.0481,33.1109,-1.84152,-0.221721
0,62.5,67.0962,35.3169,1.65745,0.436706
0,62.5,12.0793,33.5743,-2.07583,-0.709573
0,62.5,67.9504,34.8056,1.9339,0.171061
0,62.5,13.425,34.9042,-2.20697,-0.512082
0,62.5,66.2577,36.0059,1.07921,0.361306
0,62.5,14.105,35.7377,-2.59989,0.527098
0,62.5,65.9512,35.9642,1.25038,0.244009
0,62.5,13.6577,35.1259,-2.66222,-0.404711
0,62.5,65.2001,36.612,1.01157,0.0862841
0,62.5,14.4986,36.1484,-2.50513,0.351435
0,62.5,65.0245,36.8781,0.916913,0.285644
0,62.5,15.7909,37.373,-2.4235,1.25772
0,62.5,64.8448,37.1525,0.928653,0.128013
0,62.5,15.038,36.5484,-2.46621,1.33935
0,62.5,64.4376,37.4073,1.0208,0.616235
0,62.5,16.1396,37.8241,-2.17038,1.26146
0,62.5,64.1864,37.476,1.15244,0.484131
0,62.5,16.9402,38.2234,-2.07587,1.03388
0,62.5,63.7227,37.7226,0.886413,0.372447
0,62.5,17.3842,38.679,-2.03343,1.20637
0,62.5,63.6884,37.9522,0.756955,0.561204
0,62.5,18.4318,39.3087,-1.49098,1.63733
0,62.5,63.4899,38.0994,0.776841,0.607795
0,62.5,18.0348,39.0434,-1.65435,1.53927
0,62.5,63.3255,38.3113,0.93332,0.656259
0,62.5,19.0176,39.5585,-1.11047,1.42882
0,62.5,62.8899,38.6729,0.913577,0.433491
0,62.5,18.6737,39.4479,-1.60259,1.61894
0,62.5,62.9772,39.1092,0.836103,0.772907
0,62.5,19.687,40.2233,-1.2902,1.65988
0,62.5,62.6589,39.5596,0.871206,0.665656
0,62.5,19.4912,40.0311,-0.976179,1.8147
0,62.5,62.5862,39.8646,1.07465,0.607836
0,62.5,19.9518,40.3764,-1.25649,1.34978
0,62.5,62.3325,40.0234,0.786455,0.65309
0,62.5,20.4185,40.6015,-1.52493,1.18839
0,62.5,61.8703,40.3915,0.912116,0.726066
0,62.5,21.3869,41.1051,-1.3208,1.14012
0,62.5,61.4476,40.7547,1.01463,0.818595
0,62.5,21.2117,40.8932,-1.53375,1.02024
0,62.5,61.2604,40.588,0.685115,0.807815
0,62.5,21.521,41.3892,-1.36048,1.13393
0,62.5,61.017,40.7104,0.925647,0.671828
0,62.5,22.4353,41.8117,-0.993375,0.977412
0,62.5,60.757,41.0411,0.908886,0.814813
0,62.5,23.4025,42.4145,-1.02457,1.24006
0,62.5,60.6445,41.3655,0.960167,0.851777
0,62.5,23.8004,42.7279,-0.441945,1.03269
0,62.5,60.5156,41.177,1.02014,0.700759
0,62.5,24.0516,42.8117,-0.421209,1.12815
0,62.5,60.3933,42.0631,0.795372,0.961464
0,62.5,23.7165,42.4786,-0.688466,0.926629
0,62.5,60.4423,41.7496,0.780367,0.867326
0,62.5,24.441,42.5302,-0.187815,1.0006
0,62.5,60.2223,41.8597,0.732282,0.975685
0,62.5,24.8199,42.8529,-0.165655,0.923112
0,62.5,60.3151,42.3209,0.837571,0.885621
0,62.5,25.0399,43.0302,-0.278059,1.04868
0,62.5,60.1371,42.1149,0.675445,0.744362
0,62.5,25.2697,43.1949,-0.465818,0.904045
0,62.5,60.2345,42.5726,0.641269,0.824531
0,62.5,25.5208,43.1095,-0.4209,0.901141
0,62.5,60.1285,42.8088,0.565991,0.790286
0,62.5,25.7424,43.2777,-0.634598,0.833265
0,62.5,60.4953,42.5146,0.748763,0.938
0,62.5,25.991,43.1877,-0.463835,0.885506
0,62.5,60.2913,42.9969,0.648827,1.04889
0,62.5,26.1975,43.3595,-0.522695,0.98818
0,62.5,60.4096,42.7643,0.692809,0.971366
0,62.5,26.4563,43.2807,-0.517924,0.903022
0,62.5,60.5804,42.9511,0.732654,1.01798
0,62.5,26.6508,43.4704,-0.552017,0.983141
0,62.5,60.6627,43.1669,0.75761,0.915955
0,62.5,27.0183,43.5526,-0.33796,0.939187
0,62.5,60.394,43.1987,0.70449,1.01212
0,62.5,27.5834,43.8005,-0.273952,0.86248
0,62.5,60.1115,43.2323,0.631244,0.967275
0,62.5,27.92,44.0483,-0.146587,0.960619
0,62.5,59.9505,43.4627,0.611132,0.927206
0,62.5,28.2159,44.0317,-0.251869,0.915705
0,62.5,59.3737,43.5164,0.456718,0.871066
0,62.5,28.308,44.2582,-0.253888,1.10769
0,62.5,59.663,43.4922,0.57652,0.965809
0,62.5,27.8778,44.4464,-0.178194,0.813005
0,62.5,59.493,43.7196,0.448625,0.895814
0,62.5,28.0423,44.9357,-0.359265,1.05943
0,62.5,59.7808,43.6941,0.546255,1.01088
0,62.5,27.778,44.8943,-0.330838,0.859777
0,62.5,59.6128,43.9229,0.464944,0.910693
0,62.5,28.2689,45.0347,-0.122394,0.981852
0,62.5,60.0151,44.0963,0.522936,0.879323
0,62.5,28.3884,45.2833,-0.354274,0.914506
0,62.5,59.7259,44.1244,0.441344,0.856306
0,62.5,28.1044,45.2156,-0.254695,0.828137
0,62.5,59.9466,44.5297,0.538327,0.738115
0,62.5,28.1838,45.4456,-0.44564,0.781096
0,62.5,59.8404,44.3244,0.460404,0.761315
0,62.5,28.7462,45.5852,-0.650494,0.640261
0,62.5,59.8839,44.9592,0.474444,0.638293
0,62.5,28.4942,45.7405,-0.865784,0.50727
0,62.5,59.7167,45.1887,0.485958,0.601449
0,62.5,28.9561,45.7163,-0.406483,0.312467
0,62.5,60.1634,44.9467,0.61735,0.608901
0,62.5,28.9792,45.9714,-0.379263,0.217638
0,62.5,59.994,45.1725,0.567026,0.633259
0,62.5,27.9658,45.8328,-0.772146,0.46129
0,62.5,60.0936,45.4012,0.551739,0.506317
0,62.5,28.4881,45.9884,-0.801214,0.550069
0,62.5,60.1732,45.6531,0.503624,0.617879
0,62.5,28.2374,45.9011,-0.914256,0.419928
0,62.5,60.3453,45.4248,0.593043,0.500089
0,62.5,28,46.0691,-0.65221,0.355356
0,62.5,60.4106,45.6903,0.576868,0.561694
0,62.5,27.7578,46.2347,-0.424432,0.386709
0,62.5,60.6443,45.7327,0.673438,0.531486
0,62.5,28.2505,46.1452,-0.855834,0.489279
0,62.5,60.4685,45.9621,0.671359,0.448592
0,62.5,28.0022,46.3155,-0.748841,0.353227
0,62.5,60.5326,46.232,0.804784,0.442886
0,62.5,28.2424,46.3928,-0.881463,0.360935
0,62.5,60.3598,46.4595,0.717175,0.356559
0,62.5,27.9985,46.8466,-0.803291,0.453211
0,62.5,60.6015,46.4978,0.806477,0.41188
0,62.5,28.0367,47.1207,-0.969101,0.236288
0,62.5,60.4282,46.7215,0.727267,0.293786
0,62.5,27.3155,47.331,-0.84835,0.4247
0,62.5,60.5545,47.2284,0.577975,0.139164
0,62.5,27.5599,47.1838,-0.933428,0.405719
0,62.5,60.4942,46.9778,0.658584,0.248148
0,62.5,26.7404,47.6374,-0.559719,0.329592
0,62.5,60.8089,47.2591,0.681844,0.242467
0,62.5,27.5508,47.4357,-0.856087,0.508626
0,62.5,60.8673,47.5022,0.659142,0.152659
0,62.5,28.0227,47.3829,-0.838734,0.207058
0,62.5,61.0635,47.2935,0.785182,0.328478
0,62.5,26.974,47.6905,-0.651757,0.354784
0,62.5,60.9229,47.7388,0.571804,0.0355114
0,62.5,27.5187,47.6666,-0.767808,0.345979
0,62.5,61.1299,47.5347,0.709316,0.14446
0,62.5,26.8184,48.0134,-0.475923,0.354755
0,62.5,60.9673,47.9722,0.632649,0.0476031
0,62.5,27.0348,47.9014,-0.51809,0.248355
0,62.5,61.1915,47.7676,0.638233,0.0465454
0,62.5,26.5648,48.3867,-0.62662,0.505515
0,62.5,61.2386,47.9938,0.586587,0.0573057
0,62.5,26.7972,48.2807,-0.431323,0.324105
0,62.5,61.2916,48.2234,0.688657,0.0263636
0,62.5,26.332,48.4714,-0.713673,0.366297
0,62.5,61.0246,48.2034,0.779859,0.0139221
0,62.5,25.8156,49.0823,-1.3998,0.320664
0,62.5,61.5634,48.2367,0.635803,0.109236
0,62.5,25.24,49.1854,-1.33707,0.524899
0,62.5,61.423,48.6715,0.652108,-0.0301921
0,62.5,25.2563,48.9653,-0.947764,0.54205
0,62.5,61.6818,48.7,0.637503,0.0742537
0,62.5,24.9509,49.2505,-0.987064,0.599224
0,62.5,61.47,48.9116,0.714381,-0.0498173
0,62.5,24.554,49.7975,-0.0798882,0.335361
0,62.5,61.5996,49.1687,0.29442,0.0188905
0,62.5,24.3367,49.6244,-0.157409,0.256873
0,62.5,61.334,49.1243,0.548191,-0.124811
0,62.5,24.0115,49.9181,-0.142852,0.179443
0,62.5,61.865,49.2357,0.238462,0.108232
0,62.5,23.7318,49.9622,-0.100131,0.26806
0,62.5,61.9229,49.4815,0.160813,0.185342
0,62.5,24.2285,50.0953,-0.151006,0.0373477
0,62.5,62.1721,49.5816,0.232733,0.233775
0,62.5,23.951,50.1498,-0.161543,0.0953435
0,62.5,62.4121,49.672,0.264751,0.196019
0,62.5,22.8542,50.3416,0.140523,0.319715
0,62.5,62.4293,49.9158,0.241922,0.143678
0,62.5,23.1298,50.3093,0.0565247,0.295395
0,62.5,62.2035,50.0994,0.356355,0.157403
0,62.5,21.867,50.2383,0.136766,0.0519458
0,62.5,62.7257,50.2444,0.305077,-0.0553623
0,62.5,21.5958,50.6108,-0.253923,-0.331448
0,62.5,62.4615,50.1555,0.39205,0.0194529
0,62.5,20.9613,50.5095,-0.444443,-0.0357171
0,62.5,62.7827,50.4788,0.404557,-0.105426
0,62.5,20.0511,50.1852,-0.560667,-0.000128628
0,62.5,63.1763,51.0309,0.00900459,0.0355022
0,62.5,20.2665,50.3471,-0.477304,0.188306
0,62.5,63.4636,51.0092,0.00864674,0.0333463
0,62.5,20.0747,51.0155,-0.166266,0.435527
0,62.5,63.6963,50.9875,0.0630956,0.0507674
0,62.5,8.66612,21.708,6.03587,-6.13795
0,62.5,75.7114,27.6389,0.345718,-5.7734
0,62.5,16.0617,34.8192,-3.87007,1.03133
0,62.5,73.6937,21.7889,-2.47356,-8.86894
0,62.5,4.65833,30.1671,-4.83995,-1.24856
0,62.5,73.5446,29.6922,3.04156,-2.7971
0,62.5,2.30442,22.4758,0.75963,-7.70635
0,62.5,71.2239,31.221,3.41469,-2.65892
0,62.5,4.69302,20.8045,3.77781,-9.22683
0,62.5,68.5861,34.3794,2.4924,-0.435657
0,62.5,1.50984,37.4046,3.05511,1.15231
0,62.5,69.5247,33.3283,3.1288,-1.06095
0,62.5,11.4058,33.5895,-1.9112,-0.184922
0,62.5,67.5862,35.116,2.04569,0.029365
0,62.5,8.9924,31.9224,0.37786,0.644989
0,62.5,68.3445,34.4451,2.62078,-0.568529
0,62.5,12.7105,34.3731,-2.42526,-0.228973
0,62.5,66.7978,35.6349,1.56563,0.281045
0,62.5,12.3192,33.4086,-2.31299,-0.676516
0,62.5,67.6633,34.838,2.22,-0.269108
0,62.5,12.7771,34.0901,-2.15748,-0.336669
0,62.5,66.1993,36.2392,1.20861,0.433139
0,62.5,15.675,36.9976,-2.56265,0.96491
0,62.5,66.4881,35.8037,0.95644,0.0959592
0,62.5,13.1932,34.7034,-2.56704,-0.458777
0,62.5,65.4612,36.53,1.1506,0.644624
0,62.5,14.7378,36.2378,-2.5025,0.881945
0,62.5,65.2883,36.8334,0.797758,0.37902
0,62.5,17.1923,38.3553,-2.50118,1.07524
0,62.5,64.7069,37.4355,1.03221,0.452121
0,62.5,16.3801,37.8333,-2.07915,1.35856
0,62.5,64.2543,37.7016,0.927508,0.584267
0,62.5,17.6747,38.7866,-2.06257,1.27974
0,62.5,63.9673,37.7448,0.881012,0.379597
0,62.5,18.2103,38.874,-1.86993,1.49398
0,62.5,63.8933,38.0726,0.790288,0.354367
0,62.5,18.3721,39.0585,-1.39569,1.54219
0,62.5,63.7991,38.4758,0.924529,0.56154
0,62.5,18.8905,39.3543,-1.39831,1.47123
0,62.5,63.6856,38.2478,0.789166,0.454741
0,62.5,19.2618,39.6588,-0.975904,1.66222
0,62.5,63.5177,38.4491,0.802345,0.489547
0,62.5,19.7584,39.9898,-1.15912,1.42043
0,62.5,63.1526,38.5019,0.779185,0.525297
0,62.5,20.2284,40.3644,-1.32301,1.16511
0,62.5,62.9119,39.4026,0.810278,0.651593
0,62.5,20.5212,40.4048,-1.52037,1.08617
0,62.5,62.2829,40.3002,1.23083,0.676354
0,62.5,20.7011,40.6321,-1.51884,1.14201
0,62.5,62.0847,40.4884,1.16327,0.71952
0,62.5,21.0213,40.6768,-1.42271,1.1312
0,62.5,62.0494,40.8277,0.895896,0.729336
0,62.5,21.8075,41.3897,-1.30646,1.02554
0,62.5,61.8826,40.6853,0.957884,0.83624
0,62.5,22.2477,41.5983,-1.03269,0.925074
0,62.5,61.6572,40.8777,0.978072,0.766533
0,62.5,23.2749,42.1674,-1.07034,1.14949
0,62.5,61.4334,41.0274,0.881287,0.849267
0,62.5,22.6571,41.7311,-0.866614,1.34723
0,62.5,61.207,40.8704,0.96489,0.645213
0,62.5,22.9898,42.1567,-0.950897,1.25173
0,62.5,60.9952,41.0076,0.816729,0.50437
0,62.5,23.5739,42.2537,-0.896389,1.21029
0,62.5,60.8697,41.2618,0.965317,0.569537
0,62.5,23.1162,41.9407,-0.937065,1.18529
0,62.5,60.6632,41.6308,0.78002,1.11054
0,62.5,23.9879,42.5416,-0.674744,1.01564
0,62.5,60.888,41.5346,0.725164,0.773001
0,62.5,24.7148,42.5989,-0.141392,1.05934
0,62.5,60.6063,41.9393,0.719119,0.932758
0,62.5,25.2985,42.9449,-0.318152,0.893707
0,62.5,60.8281,41.8327,0.755536,0.723772
0,62.5,25.0619,42.7889,-0.222589,0.952325
0,62.5,60.5683,42.2503,0.882625,1.02377
0,62.5,25.7782,43.0268,-0.513624,0.804343
0,62.5,60.7447,42.4359,0.943172,1.06159
0,62.5,25.5655,42.8583,-0.370713,0.840311
0,62.5,60.7851,42.1257,0.848556,0.960959
0,62.5,26.2569,43.11,-0.486409,0.964847
0,62.5,60.9219,42.6186,0.872474,0.875951
0,62.5,26.6894,43.1751,-0.417068,0.979023
0,62.5,60.6789,42.706,0.765872,1.17305
0,62.5,26.8563,43.3655,-0.248256,1.18011
0,62.5,60.9204,43.1416,0.867429,0.854059
0,62.5,27.2618,43.5242,-0.2457,0.913818
0,62.5,60.8437,42.9072,0.657295,0.98119
0,62.5,27.5085,43.5434,-0.226915,0.970084
0,62.5,61.1384,43.0852,0.873753,0.816769
0,62.5,27.756,43.5632,-0.223345,1.05704
0,62.5,61.0295,43.3892,0.860025,0.681627
0,62.5,27.8334,43.8093,-0.26372,0.89426
0,62.5,60.5159,43.4101,0.671799,0.860047
0,62.5,28.0985,43.8296,-0.204064,0.974414
0,62.5,60.2373,43.435,0.677678,0.914412
0,62.5,28.492,44.0381,-0.277668,1.00626
0,62.5,60.0683,43.6644,0.643429,0.995242
0,62.5,28.1463,44.48,-0.320853,1.02221
0,62.5,60.631,43.6286,0.814895,0.831973
0,62.5,28.2229,44.723,-0.235006,1.15762
0,62.5,60.3538,43.6407,0.682889,0.930699
0,62.5,28.4262,44.8409,-0.13389,1.00833
0,62.5,60.1881,43.8684,0.610892,0.811876
0,62.5,28.5381,45.1007,-0.318251,0.907057
0,62.5,59.9012,43.8948,0.493375,0.903453
0,62.5,28.6747,45.3517,-0.245446,0.885469
0,62.5,60.3001,44.0769,0.649383,0.762161
0,62.5,28.465,45.5179,-0.603561,0.806949
0,62.5,60.1265,44.3026,0.603937,0.817926
0,62.5,29.1857,45.3126,-0.210927,0.701632
0,62.5,60.2354,44.5087,0.571578,0.621958
0,62.5,29.7495,45.2516,0.105427,-0.0786374
0,62.5,60.0598,44.7315,0.504424,0.629939
0,62.5,29.4178,45.4011,-0.255096,0.318378
0,62.5,60.5148,44.5117,0.674465,0.584294
0,62.5,29.6246,45.493,0.182058,0.00414175
0,62.5,60.3395,44.7266,0.658996,0.639727
0,62.5,29.1217,45.5517,-0.257882,0.509022
0,62.5,60.433,44.9581,0.67378,0.520896
0,62.5,29.3518,45.6497,-0.218751,0.275256
0,62.5,60.2621,45.1767,0.616957,0.565524
0,62.5,29.2073,45.8487,-0.317002,0.154643
0,62.5,60.5183,45.204,0.659062,0.552308
0,62.5,29.4517,45.9377,-0.0134642,-0.242563
0,62.5,60.5867,45.4639,0.658864,0.518421
0,62.5,29.2099,46.105,-0.249257,0.307632
0,62.5,60.8256,45.5111,0.712432,0.497204
0,62.5,29.4545,46.1761,-0.100221,-0.329588
0,62.5,60.703,46.0024,0.797032,0.506577
0,62.5,28.7329,46.1005,-0.668178,0.232992
0,62.5,60.9413,46.0433,0.865182,0.604323
0,62.5,28.9655,46.2248,-0.344031,0.240253
0,62.5,60.77,46.2698,0.918763,0.535008
0,62.5,28.495,46.239,-0.851297,0.457019
0,62.5,61.0118,46.3068,1.01165,0.621362
0,62.5,28.7228,46.3581,-0.743394,0.394002
0,62.5,60.844,46.5326,0.937655,0.500559
0,62.5,28.2369,46.6486,-0.901249,0.431435
0,62.5,61.0899,46.5655,1.00841,0.580122
0,62.5,28.4744,46.494,-0.899906,0.384797
0,62.5,60.9214,46.7904,0.863789,0.545857
0,62.5,27.7955,47.2839,-0.947776,0.379528
0,62.5,60.7452,47.0108,0.711249,0.326627
0,62.5,28.2197,46.9166,-0.739758,0.45789
0,62.5,60.6745,46.7569,0.786119,0.454304
0,62.5,28.4035,47.0534,-0.546356,0.243635
0,62.5,61.5004,47.1044,0.94839,0.38121
0,62.5,28.5972,47.1832,-0.386766,0.145451
0,62.5,60.9945,47.0439,0.75842,0.40993
0,62.5,28.2507,47.2457,-0.708475,-0.0635728
0,62.5,61.2453,47.0731,0.85415,0.476597
0,62.5,27.787,47.5412,-0.714334,0.284581
0,62.5,61.3201,47.319,0.845049,0.367142
0,62.5,27.748,47.7877,-0.714773,0.266537
0,62.5,61.5831,47.3435,0.960075,0.299053
0,62.5,27.27,47.7848,-0.5978,0.221664
0,62.5,61.3948,47.5554,0.798847,0.179382
0,62.5,27.5002,47.9185,-0.590909,0.277084
0,62.5,61.4635,47.7836,0.679037,0.154506
0,62.5,27.0343,48.1734,-0.545861,0.199223
0,62.5,61.5088,48.0105,0.545956,0.0681551
0,62.5,26.7792,48.5473,-0.525894,0.430473
0,62.5,61.7353,47.8017,0.716514,0.143522
0,62.5,26.0559,48.7954,-1.0337,0.28152
0,62.5,61.7813,48.0284,0.569529,0.101546
0,62.5,26.5507,48.651,-0.74744,0.320043
0,62.5,61.8336,48.257,0.634509,0.131494
0,62.5,26.0809,49.0212,-1.21893,0.196948
0,62.5,61.6034,48.4625,0.601505,0.0929055
0,62.5,25.5353,49.1307,-1.40392,0.482818
0,62.5,61.9267,48.7441,0.598104,0.229479
0,62.5,24.8728,49.4828,-0.587861,0.537799
0,62.5,61.7171,48.9545,0.68756,0.0961723
0,62.5,25.1531,49.4133,-0.842139,0.523905
0,62.5,62.1595,48.8216,0.616709,0.23991
0,62.5,24.6059,49.5611,-0.226677,0.495411
0,62.5,61.9522,49.0139,0.609364,0.3025
0,62.5,24.824,49.7263,-0.100012,0.441931
0,62.5,62.1302,49.3312,0.207162,0.195003
0,62.5,24.2826,49.8608,-0.0411784,0.148589
0,62.5,62.3854,49.4177,0.242833,0.234397
0,62.5,24.7667,49.967,-0.13484,0.336313
0,62.5,62.9218,49.8187,0.221049,0.116221
0,62.5,24.4996,50.0366,-0.117871,0.124515
0,62.5,62.6653,49.7619,0.288795,0.174903
0,62.5,23.6052,50.4154,-0.376341,0.15194
0,62.5,62.953,50.0579,0.226768,0.00599487
0,62.5,22.1267,50.2022,0.135956,0.00601499
0,62.5,62.6947,50.0054,0.262778,0.066618
0,62.5,21.2239,50.1591,-0.318032,-0.0249723
0,62.5,62.9913,50.2895,0.235316,-0.000202308
0,62.5,21.1569,50.4246,-0.393148,-0.138565
0,62.5,63.0349,50.5357,0.262862,0.0880545
0,62.5,21.3395,50.6059,-0.487936,-0.219725
0,62.5,63.5763,50.7217,0.214734,0.00615863
0,62.5,20.3144,50.1117,-0.636146,0.113626
0,62.5,63.8227,50.7646,0.175142,0.065849
0,62.5,21.1878,50.7725,-0.278227,-0.166486
0,62.5,64.092,50.7865,0.169472,0.179129
0,62.5,20.6059,51.006,-0.00120882,0.272073
0,62.5,63.9406,51.0119,0.0313459,0.0799392
0,62.5,7.02048,24.8982,5.34389,-3.49031
0,62.5,74.95,34.4471,0.695503,1.03811
0,62.5,2.68649,31.4833,-2.25197,0.166783
0,62.5,75.8712,27.231,0.0949943,-4.16005
0,62.5,1.21891,30.5378,-0.746746,0.859797
0,62.5,68.7456,34.0549,2.6557,-0.441152
0,62.5,3.73146,29.4058,-4.97882,-2.14429
0,62.5,70.2067,32.8566,2.73521,-1.47945
0,62.5,1.33945,37.6862,0.517409,2.45285
0,62.5,69.4735,33.5781,2.52196,-0.777389
0,62.5,7.37259,29.293,3.28534,1.94736
0,62.5,68.4035,34.6864,2.00434,-0.58139
0,62.5,2.17919,27.9076,-1.27781,-5.77204
0,62.5,68.1972,34.815,2.31414,0.15143
0,62.5,2.41263,24.9158,1.77854,-7.67481
0,62.5,67.9386,35.2169,1.48966,0.55144
0,62.5,1.65858,28.6566,-1.72108,-4.17065
0,62.5,67.8349,35.0326,2.06125,0.212299
0,62.5,8.07717,32.0491,-1.08165,0.125608
0,62.5,67.6504,35.3401,1.68602,-0.0387288
0,62.5,13.4061,34.6079,-2.66547,-0.32427
0,62.5,67.333,35.499,1.60462,0.17632
0,62.5,14.3283,35.7252,-2.79183,0.50073
0,62.5,65.9829,36.4236,1.04074,0.528143
0,62.5,16.3157,37.5822,-1.95303,1.2648
0,62.5,66.4776,36.104,1.1593,-0.0980791
0,62.5,16.0706,37.5695,-2.32554,1.24808
0,62.5,65.7221,36.4618,1.16342,0.353258
0,62.5,17.5173,38.5183,-1.83562,1.05804
0,62.5,65.1017,37.1019,0.8715,0.332157
0,62.5,18.5835,38.9199,-1.75502,1.3331
0,62.5,64.5051,37.6351,1.07627,0.341518
0,62.5,17.9321,38.786,-2.04489,1.72149
0,62.5,64.1013,37.9288,0.848753,0.469347
0,62.5,18.6393,39.1734,-1.40605,1.52729
0,62.5,64.3783,37.9201,0.793382,0.691751
0,62.5,19.2764,39.4264,-1.41244,1.53634
0,62.5,63.9864,38.2787,0.786528,0.473958
0,62.5,19.4999,39.7974,-1.02807,1.82119
0,62.5,63.6439,38.6776,0.572315,0.386175
0,62.5,19.8252,39.7938,-1.20665,1.4831
0,62.5,63.3453,38.6455,0.731368,0.48579
0,62.5,19.966,40.1524,-1.29511,1.26674
0,62.5,63.2082,38.9673,0.786568,0.624165
0,62.5,20.1452,40.0239,-1.27254,1.41619
0,62.5,63.095,38.776,0.864023,0.420187
0,62.5,20.3422,40.1832,-1.21338,1.30364
0,62.5,62.8291,39.7007,0.776403,0.702907
0,62.5,21.305,40.6844,-1.55401,1.16284
0,62.5,62.5286,40.1553,1.17435,0.501707
0,62.5,21.5104,40.9003,-1.4867,1.28655
0,62.5,62.2605,40.6222,1.00698,0.613052
0,62.5,21.912,41.1569,-1.4246,1.09234
0,62.5,62.2743,40.8941,0.766748,0.81909
0,62.5,21.6465,41.1745,-1.28381,1.04632
0,62.5,61.8374,41.0076,0.817855,0.803424
0,62.5,22.0748,41.3788,-1.28111,0.968368
0,62.5,61.8246,41.2916,0.84035,0.93518
0,62.5,22.842,41.9385,-0.958248,1.25985
0,62.5,61.6086,41.1891,0.781799,0.821084
0,62.5,22.9257,41.7088,-0.962934,1.12397
0,62.5,61.3972,41.3306,0.681981,0.732591
0,62.5,23.4371,42.0114,-0.898861,1.31765
0,62.5,61.2084,41.1419,0.796923,0.61845
0,62.5,23.8834,42.2998,-0.703494,0.960417
0,62.5,61.0914,41.3549,0.959319,0.762676
0,62.5,23.7167,42.07,-0.740075,1.14096
0,62.5,61.2465,41.5378,0.768855,0.703632
0,62.5,24.1723,42.3732,-0.551024,0.898243
0,62.5,61.0518,41.7087,0.619032,0.509688
0,62.5,24.5183,42.3228,-0.15329,1.03103
0,62.5,61.2294,41.8706,0.783041,0.683128
0,62.5,25.3467,42.7115,-0.283904,0.906687
0,62.5,61.0123,42.0098,0.88636,0.666627
0,62.5,25.8466,42.7838,-0.478757,0.861014
0,62.5,61.1902,42.1809,0.855867,0.591591
0,62.5,26.0506,42.9429,-0.478156,0.889448
0,62.5,60.9589,42.3046,0.897669,0.808277
0,62.5,26.5044,43.006,-0.377972,1.06213
0,62.5,61.1341,42.4764,1.00727,0.735667
0,62.5,27.1239,43.2919,-0.211966,1.07178
0,62.5,61.0691,42.8057,0.923975,0.853415
0,62.5,27.3915,43.2866,-0.156778,0.944553
0,62.5,61.5436,42.6262,0.903711,0.555445
0,62.5,27.6436,43.3087,-0.190338,0.924443
0,62.5,61.2908,42.8554,1.07811,0.944065
0,62.5,27.9117,43.3519,-0.170345,0.845597
0,62.5,61.5288,42.88,1.02774,0.677388
0,62.5,28.0189,43.5963,-0.260975,0.846849
0,62.5,61.3697,43.1339,0.976642,0.748409
0,62.5,28.5682,44.2728,-0.347913,1.05034
0,62.5,60.7813,43.3923,0.785411,0.840914
0,62.5,28.7331,44.43,-0.199608,0.883644
0,62.5,61.2521,43.3639,0.91581,0.683546
0,62.5,28.3995,44.4968,-0.312098,1.21197
0,62.5,60.8941,43.6305,0.860741,0.777021
0,62.5,28.5777,44.6395,-0.0291858,0.822125
0,62.5,61.0104,43.8728,0.776783,0.673883
0,62.5,28.6852,44.8913,-0.0366437,0.963598
0,62.5,60.7437,43.8563,0.750453,0.666238
0,62.5,28.7992,45.1299,-0.0974667,0.949671
0,62.5,61.2688,43.8877,0.834437,0.606726
0,62.5,28.9247,45.3852,-0.15144,0.654557
0,62.5,60.4696,43.8545,0.707291,0.733252
0,62.5,29.5341,45.1674,-0.102343,0.390759
0,62.5,60.5812,44.0732,0.676109,0.630866
0,62.5,30.0961,45.245,0.225335,-0.264121
0,62.5,60.4121,44.2898,0.601408,0.668841
0,62.5,30.2862,45.3778,0.382061,-0.134829
0,62.5,60.8529,44.089,0.735066,0.672635
0,62.5,29.9097,45.4246,0.0285181,-0.256294
0,62.5,60.6884,44.3021,0.704566,0.669453
0,62.5,29.8451,45.6555,-0.0482072,-0.303398
0,62.5,60.7848,44.5388,0.68786,0.581996
0,62.5,29.5863,45.7468,0.239676,-0.0268485
0,62.5,60.6092,44.7465,0.654288,0.585056
0,62.5,29.797,45.9003,-0.00497073,-0.258933
0,62.5,60.8709,44.7835,0.711656,0.628152
0,62.5,30.3393,45.7242,-0.0990446,-0.0977518
0,62.5,60.6933,44.9911,0.723781,0.558376
0,62.5,30.0739,45.8019,0.0621107,-0.143481
0,62.5,60.9467,45.0369,0.762254,0.597314
0,62.5,30.0277,46.0383,0.203379,-0.155756
0,62.5,60.7668,45.2469,0.697798,0.563125
0,62.5,29.7053,46.1,-0.142837,-0.290827
0,62.5,61.0099,45.2983,0.758511,0.573897
0,62.5,29.9399,46.2501,-0.182951,-0.296254
0,62.5,60.8816,45.7773,0.783217,0.553627
0,62.5,29.6792,46.3447,-0.0234972,-0.313238
0,62.5,61.1214,45.8258,0.912101,0.592104
0,62.5,29.9167,46.4872,-0.279141,-0.223221
0,62.5,61.1837,46.0883,1.00742,0.657559
0,62.5,29.1723,46.3693,-0.376685,0.12181
0,62.5,61.4303,46.1297,1.10989,0.696762
0,62.5,28.944,46.4936,-0.577696,0.180418
0,62.5,61.2585,46.3476,1.04046,0.648155
0,62.5,28.6933,46.615,-0.813949,0.399101
0,62.5,61.5085,46.3856,1.13153,0.686814
0,62.5,28.8849,46.771,-0.35444,0.0887276
0,62.5,61.3391,46.603,1.01751,0.614117
0,62.5,28.4574,46.7606,-0.880732,0.312369
0,62.5,61.5912,46.6401,1.03454,0.658623
0,62.5,28.835,47.0442,-0.395487,0.0578339
0,62.5,61.1695,46.8207,0.914624,0.549007
0,62.5,28.6412,46.8973,-0.416944,0.222461
0,62.5,61.4202,46.8564,0.978241,0.55507
0,62.5,28.4883,47.3934,-0.722801,-0.0102882
0,62.5,61.763,47.1348,1.03472,0.381091
0,62.5,28.2563,47.4983,-0.775742,0.0820528
0,62.5,61.9334,46.9236,1.11846,0.523504
0,62.5,28.0102,47.6458,-0.595357,0.125969
0,62.5,61.8547,47.371,1.07247,0.305251
0,62.5,28.2316,47.7529,-0.477999,0.105401
0,62.5,61.941,47.6011,0.912127,0.18699
0,62.5,27.2646,48.0431,-0.641894,0.344186
0,62.5,61.6661,47.5741,0.878623,0.170429
0,62.5,28.7283,47.5507,-0.473559,-0.0199511
0,62.5,62.1262,47.3996,1.09555,0.301524
0,62.5,27.7181,48.0447,-0.745661,0.238103
0,62.5,62.0082,47.8325,0.703833,0.201257
0,62.5,27.9706,47.8976,-0.736182,0.183888
0,62.5,62.0539,48.0628,0.607419,0.0934531
0,62.5,27.0124,48.4335,-0.512842,0.265374
0,62.5,62.0959,48.3031,0.548218,0.171961
0,62.5,27.2472,48.3137,-0.595435,0.235903
0,62.5,62.1229,48.5529,0.549793,0.155683
0,62.5,26.8134,48.7971,-0.624393,0.341124
0,62.5,61.87,48.4916,0.607484,0.145019
0,62.5,27.0394,48.683,-0.48173,0.158765
0,62.5,62.3425,48.3708,0.461623,0.241713
0,62.5,26.3107,48.7249,-0.929914,0.354084
0,62.5,62.3603,48.6339,0.475784,0.198558
0,62.5,26.5807,48.9026,-0.872367,0.258311
0,62.5,62.3857,48.9056,0.491563,0.258783
0,62.5,26.0049,49.2629,-1.35637,0.38725
0,62.5,62.1765,49.0995,0.587284,0.338736
0,62.5,25.6214,49.5412,-0.315007,0.226701
0,62.5,62.4099,49.1742,0.506543,0.356531
0,62.5,25.355,49.5873,-0.344083,0.385192
0,62.5,62.6323,49.5108,0.190204,0.226204
0,62.5,25.0286,49.9043,-0.0303832,0.320011
0,62.5,63.3607,49.4339,0.363123,0.150116
0,62.5,24.4405,50.2702,-0.375482,0.106053
0,62.5,63.1389,49.633,0.256412,0.138387
0,62.5,23.6805,50.1945,-0.0724901,0.157866
0,62.5,63.1857,49.8718,0.226981,0.137605
0,62.5,22.3118,50.4071,0.100583,0.120563
0,62.5,63.2265,50.1066,0.235347,0.0224101
0,62.5,22.587,50.3673,0.134371,0.107994
0,62.5,63.4808,50.1867,0.129769,0.15268
0,62.5,21.4082,50.3652,-0.165253,-0.156325
0,62.5,63.2535,50.3444,0.13769,0.0397766
0,62.5,22.2292,50.6354,-0.0600142,0.0951045
0,62.5,64.0055,50.5515,0.245679,0.136088
0,62.5,21.4832,50.8345,-0.16212,-0.384602
0,62.5,63.9513,50.3065,0.267042,0.0181255
0,62.5,21.771,50.8203,-0.239838,-0.227791
0,62.5,64.4104,50.7647,0.106586,0.249055
0,62.5,20.8528,51.0119,-0.135804,-0.247785
0,62.5,64.1993,50.9986,0.0643792,0.0806857
0,62.5,1.67941,29.1366,-0.571986,-3.49737
0,62.5,75.2384,31.6997,1.26554,-0.941034
0,62.5,5.31843,21.7559,4.54796,-8.69633
0,62.5,71.2254,31.5022,3.21739,-2.47528
0,62.5,3.44994,21.8343,2.32652,-9.30984
0,62.5,75.6209,22.201,-0.149739,-7.63742
0,62.5,10.7029,33.2243,-1.97224,-0.176392
0,62.5,71.4029,31.0407,3.44662,-2.61115
0,62.5,4.06393,29.5839,-5.19873,-1.63649
0,62.5,72.4656,30.2806,3.48205,-2.7496
0,62.5,10.2958,33.149,-1.95818,-0.0967375
0,62.5,70.5246,32.5781,3.22712,-1.97505
0,62.5,5.2572,29.7481,-4.95217,-1.18767
0,62.5,69.684,33.6391,2.68635,-1.10889
0,62.5,10.9547,33.3855,-1.94553,-0.157254
0,62.5,69.0956,34.0589,2.28835,-0.643201
0,62.5,5.53826,30.2512,-5.17726,-0.915774
0,62.5,68.8508,34.2361,2.04417,0.00829989
0,62.5,13.1574,34.4372,-2.38709,-0.222906
0,62.5,68.1613,35.0525,1.55649,0.198884
0,62.5,15.2583,36.6544,-2.58973,1.1145
0,62.5,66.9311,35.8265,1.02259,0.374767
0,62.5,17.1286,38.0885,-1.94752,1.07703
0,62.5,66.6777,35.9238,1.1436,0.40314
0,62.5,16.5971,37.7382,-2.24777,1.27177
0,62.5,66.3456,36.3963,1.23351,0.0552385
0,62.5,16.819,37.9977,-2.19163,1.19328
0,62.5,65.8112,36.6734,1.21539,0.344938
0,62.5,17.4231,38.2923,-1.97911,1.32003
0,62.5,65.5393,36.7463,1.02003,0.511265
0,62.5,17.7539,38.5508,-1.97164,1.49974
0,62.5,65.3799,37.0406,0.846395,0.370381
0,62.5,18.0691,38.6077,-1.94202,1.74563
0,62.5,64.9645,37.3655,1.05435,0.21607
0,62.5,19.0932,39.2418,-1.34858,1.61359
0,62.5,64.7898,37.6583,0.995801,0.440597
0,62.5,19.5754,39.6048,-1.1924,1.62832
0,62.5,64.6145,37.8671,0.6547,0.428538
0,62.5,20.0873,39.8152,-1.54302,1.69762
0,62.5,64.2411,38.144,0.73298,0.500005
0,62.5,20.4852,40.0003,-1.21309,1.34478
0,62.5,64.0038,38.5807,0.826797,0.482539
0,62.5,20.3601,39.7963,-1.73805,1.37528
0,62.5,63.4526,38.857,0.551176,0.536316
0,62.5,20.6708,40.2413,-1.42656,1.29444
0,62.5,63.4,39.1292,0.849608,0.63841
0,62.5,20.7362,40.0209,-1.20108,1.24001
0,62.5,63.1579,39.2598,0.825675,0.66736
0,62.5,20.8487,40.4623,-1.42849,1.04604
0,62.5,62.774,39.9971,1.06752,0.487972
0,62.5,21.1251,40.4612,-1.52629,1.11508
0,62.5,63.0112,39.8331,1.03477,0.697866
0,62.5,21.7539,40.9403,-1.50035,1.22785
0,62.5,62.4739,40.4315,1.07439,0.477163
0,62.5,22.4693,41.5181,-0.986579,1.22834
0,62.5,62.7358,40.2701,1.0769,0.543169
0,62.5,21.9532,40.8301,-1.24021,1.37413
0,62.5,62.4929,40.697,0.960982,0.772718
0,62.5,22.2913,41.2947,-0.984325,1.3392
0,62.5,62.0459,41.1125,0.871075,0.926721
0,62.5,22.125,41.0604,-1.22727,1.38705
0,62.5,61.8002,41.5742,0.70828,0.749871
0,62.5,23.2539,41.776,-0.754338,1.23688
0,62.5,61.5949,41.4739,0.659602,0.802458
0,62.5,23.0868,41.5572,-0.890804,1.39378
0,62.5,61.4276,41.6805,0.917647,0.963589
0,62.5,23.5399,41.8074,-0.685123,1.12394
0,62.5,61.6155,41.7979,0.891612,0.861585
0,62.5,24.0197,42.1195,-0.524696,0.765197
0,62.5,61.4087,42.0092,0.700027,0.673688
0,62.5,25.6413,42.6286,-0.404662,0.892519
0,62.5,61.6134,42.0895,0.789704,0.602355
0,62.5,25.9093,42.5312,-0.46955,0.932118
0,62.5,61.3783,42.3056,0.977302,0.860121
0,62.5,26.3076,42.8478,-0.346979,1.09127
0,62.5,61.5899,42.3686,0.934847,0.657104
0,62.5,26.786,42.9276,-0.316285,0.97745
0,62.5,61.3136,42.5914,0.88131,0.944589
0,62.5,26.9619,43.1065,-0.312918,0.955631
0,62.5,62.0412,41.9573,0.862516,0.747517
0,62.5,27.242,43.0589,-0.132092,0.996159
0,62.5,61.8205,42.4263,0.980905,0.518744
0,62.5,27.5112,43.0608,0.039581,0.908915
0,62.5,62.0629,42.4765,1.02135,0.617676
0,62.5,27.7835,43.1029,-0.112336,0.683513
0,62.5,61.7808,42.6758,1.00338,0.581298
0,62.5,28.3953,43.8189,-0.438809,0.912583
0,62.5,62.3162,42.4894,0.8656,0.605707
0,62.5,28.7578,44.0615,-0.525237,0.88895
0,62.5,62.0347,42.7138,0.753196,0.632541
0,62.5,29.0093,44.4709,-0.217824,0.892388
0,62.5,61.7924,42.9166,0.963738,0.544663
0,62.5,28.8433,44.671,-0.0414729,0.950189
0,62.5,61.6095,43.12,0.960669,0.598982
0,62.5,29.2069,44.8633,0.0834051,0.484244
0,62.5,61.1457,43.6431,0.923393,0.712651
0,62.5,28.9524,44.8751,0.0561489,0.879146
0,62.5,61.4927,43.4012,1.07436,0.795648
0,62.5,29.0353,45.1148,-0.174247,0.707093
0,62.5,61.382,43.632,0.98901,0.717408
0,62.5,29.3085,45.0831,0.0223032,0.555747
0,62.5,61.6196,43.6764,1.02678,0.678586
0,62.5,29.9451,45.0654,0.286734,0.0282712
0,62.5,61.1194,44.1129,0.739453,0.680027
0,62.5,30.1955,44.9436,0.181198,-0.174558
0,62.5,61.3727,44.1381,0.821664,0.613446
0,62.5,30.3479,45.114,0.336776,-0.148083
0,62.5,61.2153,44.362,0.705545,0.654378
0,62.5,30.5487,45.2823,-0.0671243,-0.150334
0,62.5,61.4632,44.397,0.87397,0.593259
0,62.5,30.7481,45.4552,-0.271065,-0.237196
0,62.5,60.956,44.3274,0.696185,0.707617
0,62.5,30.126,45.5671,0.0313613,-0.137345
0,62.5,61.2986,44.6188,0.820003,0.624731
0,62.5,30.4807,45.5356,-0.0143459,-0.1684
0,62.5,61.0451,44.5729,0.735151,0.611278
0,62.5,30.6755,45.6976,-0.152525,0.0908952
0,62.5,61.3722,44.8805,0.908472,0.572714
0,62.5,31.1244,45.8952,-0.0246288,0.0666535
0,62.5,61.1252,44.8272,0.794567,0.676591
0,62.5,30.5684,45.8974,-0.177827,-0.180371
0,62.5,61.2535,45.3501,0.89115,0.645108
0,62.5,30.8882,45.8589,-0.210324,-0.0308563
0,62.5,61.1931,45.088,0.835226,0.5888
0,62.5,30.3069,45.9596,-0.152947,-0.138911
0,62.5,61.3081,45.6115,0.888887,0.644126
0,62.5,30.5318,46.13,-0.242793,-0.0589309
0,62.5,61.0659,45.5619,0.822432,0.580854
0,62.5,30.1813,46.4117,-0.0887678,-0.182547
0,62.5,61.5532,45.6593,0.983558,0.643855
0,62.5,30.2414,46.1936,-0.0511345,-0.196834
0,62.5,61.3643,45.8714,1.01361,0.676067
0,62.5,29.6353,46.5745,-0.155646,-0.272047
0,62.5,61.8597,45.9501,1.07958,0.586512
0,62.5,30.1499,46.6484,-0.0365468,-0.239273
0,62.5,61.6104,45.9157,1.05041,0.648436
0,62.5,29.4002,46.4147,-0.195145,-0.288786
0,62.5,61.93,46.2017,1.15338,0.640302
0,62.5,29.8722,46.7189,-0.16007,-0.359778
0,62.5,61.679,46.1702,1.1092,0.672165
0,62.5,29.1207,46.6594,-0.221677,0.0287095
0,62.5,61.7592,46.4244,1.14856,0.680673
0,62.5,29.3612,46.6495,-0.177515,-0.163901
0,62.5,61.6756,46.8912,1.01077,0.566347
0,62.5,29.0776,46.9316,-0.289514,-0.0840389
0,62.5,61.8435,46.6761,1.12242,0.611423
0,62.5,29.2929,47.1238,-0.468733,-0.16214
0,62.5,62.1939,46.9494,1.16723,0.552327
0,62.5,28.7989,47.3232,-0.293671,0.140977
0,62.5,62.398,47.4392,1.04357,0.448781
0,62.5,28.4883,47.6423,-0.588977,-0.0206388
0,62.5,62.028,47.1643,1.17883,0.403644
0,62.5,29.0365,47.1933,-0.381265,0.0358243
0,62.5,62.6588,47.4885,0.895114,0.47055
0,62.5,29.0182,47.4537,-0.305363,0.0337234
0,62.5,62.2957,47.1938,1.1937,0.486928
0,62.5,28.9655,47.6844,-0.35896,-0.199725
0,62.5,62.4809,47.684,0.751989,0.457097
0,62.5,28.719,47.7996,-0.379752,-0.0734445
0,62.5,62.212,47.6333,0.906245,0.284955
0,62.5,28.9605,47.9238,-0.236277,-0.190823
0,62.5,62.2757,47.8703,0.706886,0.277827
0,62.5,28.4613,47.8884,-0.543033,-0.0393881
0,62.5,62.3132,48.1149,0.571625,0.246359
0,62.5,27.9456,48.1466,-0.69085,0.204831
0,62.5,62.5307,47.9373,0.672026,0.364013
0,62.5,27.4741,48.183,-0.668057,0.35837
0,62.5,62.5592,48.1922,0.541476,0.28823
0,62.5,27.4722,48.4608,-0.579213,0.208372
0,62.5,62.5783,48.4549,0.449344,0.252547
0,62.5,27.2632,48.5759,-0.462987,0.205222
0,62.5,62.5924,48.7222,0.405247,0.226765
0,62.5,27.5003,48.7441,-0.54402,0.283715
0,62.5,62.6199,48.9882,0.414691,0.280357
0,62.5,26.3409,48.9636,-0.977534,0.330114
0,62.5,62.6411,49.2601,0.455184,0.318623
0,62.5,25.437,49.3523,-1.128,0.498032
0,62.5,62.8753,49.324,0.35466,0.312816
0,62.5,25.0834,49.6498,-0.290362,0.4047
0,62.5,62.8794,49.5752,0.166838,0.201929
0,62.5,25.8076,49.7345,-0.250505,0.082133
0,62.5,63.6033,49.4771,0.365371,0.182207
0,62.5,24.7132,50.2092,-0.324257,0.171554
0,62.5,63.3981,49.6846,0.245445,0.142871
0,62.5,24.9752,50.1479,-0.377033,0.228113
0,62.5,63.7153,50.2488,0.225914,0.100465
0,62.5,23.345,50.5234,0.0105638,0.39649
0,62.5,63.4472,49.9326,0.240703,0.162992
0,62.5,22.5158,50.5947,-0.222607,0.0929258
0,62.5,63.7467,50.5188,0.358588,0.0918241
0,62.5,22.0441,50.4412,0.0498327,0.0619347
0,62.5,63.5156,50.4486,0.322815,0.0497017
0,62.5,21.9596,50.6817,-0.0962281,0.17999
0,62.5,64.27,50.5989,0.254412,0.215599
0,62.5,22.1135,50.8754,-0.12651,0.19928
0,62.5,64.8718,50.6408,0.439767,0.277514
0,62.5,21.7768,50.4898,0.0975192,-0.025152
0,62.5,64.817,50.3515,0.185696,0.392608
0,62.5,20.9581,50.754,-0.197009,-0.0354933
0,62.5,64.623,50.5297,0.191982,0.264084
0,62.5,5.17725,22.4814,5.52063,-8.43622
0,62.5,75.5599,33.7522,0.0242285,2.95411
0,62.5,13.9423,10.1436,11.9498,-20.03
0,62.5,70.9601,31.7885,3.93852,-2.4805
0,62.5,27.1781,15.2317,17.245,-3.79445
0,62.5,63.3016,24.69,-10.807,5.26248
0,62.5,4.73127,29.7809,-5.00938,-1.14329
0,62.5,75.3111,26.7505,0.862036,-7.19193
0,62.5,11.3211,33.0005,-2.07338,-0.513579
0,62.5,75.5555,27.5536,0.788271,-5.98564
0,62.5,11.3095,33.2882,-2.27229,-0.399391
0,62.5,74.5242,29.0389,2.28835,-3.29025
0,62.5,11.5253,33.3242,-2.18227,-0.484614
0,62.5,71.7582,30.5322,3.39453,-2.73572
0,62.5,13.2423,34.1344,-2.61448,-0.614531
0,62.5,70.7053,32.2971,3.37035,-1.65102
0,62.5,13.8356,35.3212,-2.95621,-0.304247
0,62.5,69.3333,33.8485,2.24537,-1.05644
0,62.5,13.6079,34.8023,-2.31961,-0.361664
0,62.5,68.6827,34.5606,2.01404,0.259705
0,62.5,16.0516,37.3221,-2.03889,1.08122
0,62.5,67.7101,35.5203,1.16718,0.48135
0,62.5,14.5211,35.9174,-2.88555,0.571535
0,62.5,67.4609,35.681,1.55293,0.114925
0,62.5,16.6593,37.5518,-2.33886,1.00415
0,62.5,66.6004,36.303,0.971456,0.377621
0,62.5,17.6439,38.2199,-1.94658,1.37811
0,62.5,66.3842,36.6175,1.04269,0.643321
0,62.5,17.9,38.3908,-1.95444,1.51626
0,62.5,66.1031,36.5946,0.991326,0.22942
0,62.5,18.2651,38.513,-1.66801,1.60784
0,62.5,65.6518,36.9421,0.888979,0.333679
0,62.5,18.8483,39.0668,-1.45905,1.61203
0,62.5,65.2454,37.2862,0.921257,0.445099
0,62.5,19.3299,39.1626,-1.44589,1.5049
0,62.5,65.038,37.5764,0.797089,0.492925
0,62.5,19.517,39.3815,-1.279,1.75752
0,62.5,64.9009,37.8752,0.784543,0.191353
0,62.5,19.8555,39.5716,-1.25313,1.47669
0,62.5,64.4519,38.2143,0.855162,0.548929
0,62.5,20.1335,39.5826,-1.35472,1.55893
0,62.5,64.2012,38.4061,0.829879,0.617172
0,62.5,20.8898,39.8415,-1.32074,1.16036
0,62.5,64.0321,38.8365,0.556689,0.465169
0,62.5,20.9457,40.2427,-1.37267,1.19486
0,62.5,63.8097,38.8401,0.680582,0.29794
0,62.5,22.2068,40.82,-1.18134,1.1996
0,62.5,63.3409,39.4078,0.750058,0.716216
0,62.5,21.4058,40.4583,-1.50561,1.14183
0,62.5,63.0831,39.5495,0.81065,0.732458
0,62.5,21.5812,40.6722,-1.55447,1.20067
0,62.5,63.2655,39.6877,0.945799,0.840609
0,62.5,22.3734,41.054,-1.22539,1.16374
0,62.5,63.4516,39.8525,1.08417,0.833001
0,62.5,22.5477,41.2803,-0.987924,1.11715
0,62.5,63.2193,39.9694,1.21205,0.82693
0,62.5,22.911,41.3552,-1.00906,1.34323
0,62.5,62.985,40.1114,1.25641,0.786744
0,62.5,22.7347,41.4944,-1.15389,1.05441
0,62.5,62.7137,40.5178,0.880443,0.791713
0,62.5,23.3803,41.573,-0.83745,1.22992
0,62.5,62.2672,41.1674,0.722798,0.637957
0,62.5,23.8369,41.8887,-0.567252,0.892437
0,62.5,62.4947,40.9796,0.889317,0.877315
0,62.5,24.2864,42.1895,-0.429271,1.09846
0,62.5,62.0297,41.3997,0.800799,0.760804
0,62.5,24.9534,42.5681,-0.160175,0.997365
0,62.5,62.2578,41.4333,0.858758,0.65507
0,62.5,25.2058,42.5242,-0.245036,1.06265
0,62.5,61.8274,41.8672,0.955321,0.741613
0,62.5,26.5912,42.7611,-0.359486,1.04869
0,62.5,62.0194,41.6705,0.908362,0.793841
0,62.5,26.8673,42.6859,-0.313739,1.14965
0,62.5,61.8265,42.1605,0.803202,0.661212
0,62.5,27.0606,42.8644,-0.270639,1.09471
0,62.5,62.2958,42.2267,0.891713,0.586828
0,62.5,27.3487,42.8356,-0.0730513,0.956262
0,62.5,62.2488,41.6988,0.825832,0.618011
0,62.5,28.0476,43.144,-0.432707,0.851141
0,62.5,62.5235,42.3593,1.01432,0.680087
0,62.5,28.1779,43.3826,-0.5868,0.857087
0,62.5,62.0564,42.2252,0.916835,0.634933
0,62.5,28.2878,43.6149,-0.539039,0.926989
0,62.5,62.7363,42.4724,1.06654,0.731406
0,62.5,28.5946,43.622,-0.36111,0.979673
0,62.5,62.5642,42.6653,0.852666,0.614199
0,62.5,28.6884,43.8303,-0.359479,1.06231
0,62.5,62.4851,43.1333,0.883902,0.603534
0,62.5,28.9045,44.2321,-0.143059,0.627597
0,62.5,62.3074,42.7225,0.638394,0.730899
0,62.5,29.1615,44.6397,0.274035,0.743566
0,62.5,62.0718,42.9389,0.851789,0.558254
0,62.5,29.4323,44.6463,0.229499,0.607852
0,62.5,62.3606,42.9441,0.898018,0.667463
0,62.5,29.4865,44.8852,0.0370365,0.433062
0,62.5,61.8917,43.1404,1.01836,0.6176
0,62.5,29.7228,44.9615,0.13647,0.293122
0,62.5,61.9983,43.3608,1.06604,0.442513
0,62.5,29.963,44.8131,0.294205,-0.0532864
0,62.5,61.7175,43.3518,1.07982,0.549388
0,62.5,30.4334,44.8224,0.0826523,-0.17494
0,62.5,62.1054,43.5728,0.984166,0.453211
0,62.5,30.965,44.7857,-0.419247,-0.0217439
0,62.5,61.8244,43.5772,0.967635,0.426005
0,62.5,30.6961,44.8163,-0.132939,-0.298684
0,62.5,61.7538,43.9506,1.04336,0.555357
0,62.5,30.5964,45.0334,-0.18021,-0.222343
0,62.5,61.5149,43.902,0.852608,0.566509
0,62.5,30.8131,45.219,-0.233673,0.00678265
0,62.5,61.9331,43.7985,1.03151,0.451106
0,62.5,30.9559,45.6236,-0.263625,-0.0665532
0,62.5,61.6187,44.1728,0.917908,0.593133
0,62.5,31.2071,45.6294,-0.142834,0.217954
0,62.5,61.7063,44.443,1.03418,0.518057
0,62.5,31.3726,45.8188,-0.10458,0.118108
0,62.5,61.5434,44.6617,1.00708,0.592453
0,62.5,31.2832,46.0823,0.0734819,0.0642152
0,62.5,61.6171,44.924,1.03777,0.5724
0,62.5,31.5326,46.229,0.103416,0.134594
0,62.5,61.4389,45.1421,0.976761,0.588964
0,62.5,31.7757,46.2593,0.182769,-0.217807
0,62.5,61.684,45.1847,1.00416,0.574892
0,62.5,31.2641,46.3234,0.07845,0.0432209
0,62.5,61.4977,45.4017,0.958812,0.556734
0,62.5,31.0402,46.1639,-0.130337,-0.0204424
0,62.5,61.93,45.2306,1.13025,0.571346
0,62.5,31.2392,46.5616,-0.180408,-0.00351507
0,62.5,61.7433,45.4424,1.03964,0.544543
0,62.5,30.8006,46.0684,-0.389127,-0.123631
0,62.5,61.9905,45.4878,1.08326,0.488712
0,62.5,31.0055,46.415,-0.17066,-0.070825
0,62.5,61.8009,45.6978,1.04954,0.564208
0,62.5,30.4704,46.3504,-0.10877,0.0420025
0,62.5,62.0514,45.7403,1.08852,0.545111
0,62.5,30.7694,46.3008,-0.178706,0.0276454
0,62.5,62.1119,45.991,1.11052,0.558705
0,62.5,30.4013,46.8035,-0.444645,-0.075272
0,62.5,62.1846,46.2384,1.1769,0.626279
0,62.5,30.4176,46.577,-0.0911932,-0.108202
0,62.5,62.0117,46.4519,1.18356,0.633826
0,62.5,29.6005,46.8066,-0.177703,-0.125868
0,62.5,62.2652,46.486,1.2149,0.609544
0,62.5,30.1183,46.8739,-0.181253,-0.202439
0,62.5,62.0981,46.7015,1.16311,0.580448
0,62.5,29.3279,46.8882,-0.296365,-0.244061
0,62.5,62.5543,47.238,1.12721,0.50779
0,62.5,29.5689,47.0373,-0.370296,-0.195669
0,62.5,62.45,46.9852,1.18167,0.592272
0,62.5,29.2693,47.3576,-0.290723,-0.197537
0,62.5,62.759,47.1171,0.89445,0.00251944
0,62.5,29.5143,47.5021,-0.291273,-0.184621
0,62.5,62.857,47.3448,0.72244,-0.0492275
0,62.5,29.2524,47.5997,-0.228421,-0.121127
0,62.5,63.0262,47.1145,0.759376,-0.0205005
0,62.5,29.4969,47.7393,-0.227888,-0.124941
0,62.5,62.9321,47.5833,0.550492,0.0798757
0,62.5,29.2055,48.0599,-0.146119,-0.176506
0,62.5,62.9875,47.831,0.525298,0.130994
0,62.5,29.2189,47.8251,-0.313394,-0.189839
0,62.5,62.7316,47.7453,0.661269,0.42129
0,62.5,28.6946,48.0469,-0.483384,-0.0983608
0,62.5,63.2356,47.8581,0.442375,0.160241
0,62.5,28.2041,47.9967,-0.657455,0.111592
0,62.5,62.7774,48.0031,0.621601,0.365896
0,62.5,28.1934,48.2343,-0.513932,0.173502
0,62.5,63.0225,48.0822,0.555723,0.181104
0,62.5,27.6913,48.3011,-0.602273,0.177728
0,62.5,62.7972,48.2615,0.491626,0.255233
0,62.5,27.9247,48.3889,-0.681079,0.174226
0,62.5,62.8084,48.5282,0.351665,0.24225
0,62.5,27.755,48.8133,-0.579206,0.0917288
0,62.5,62.8276,48.7932,0.306426,0.233937
0,62.5,27.6183,49,-0.358976,0.112894
0,62.5,63.0424,48.6035,0.288632,0.253629
0,62.5,27.0398,48.9373,-0.808855,0.165676
0,62.5,62.8513,49.0588,0.305368,0.232128
0,62.5,27.2836,48.8377,-0.700989,0.108564
0,62.5,63.0889,49.1288,0.282748,0.266598
0,62.5,26.2729,49.2011,-1.34867,0.290004
0,62.5,63.1169,49.3883,0.306753,0.286063
0,62.5,26.5438,49.1599,-1.15385,0.248886
0,62.5,63.6488,49.7318,0.259254,0.136063
0,62.5,25.7231,49.3102,-1.20643,0.444394
0,62.5,63.9306,50.0414,0.15055,0.0480195
0,62.5,25.4661,50.0202,-0.432613,0.228914
0,62.5,63.8926,49.7772,0.254711,-0.0235069
0,62.5,23.8958,50.3855,-0.356935,0.0197773
0,62.5,64.1625,50.0894,0.117576,0.149197
0,62.5,24.1566,50.3263,-0.238825,0.0407474
0,62.5,64.4046,50.1456,0.164967,0.263647
0,62.5,22.7966,50.5726,-0.0494157,0.251722
0,62.5,64.1947,50.3439,0.171784,0.162669
0,62.5,23.0677,50.5385,-0.0629943,0.269468
0,62.5,64.4459,50.4031,0.222527,0.266697
0,62.5,22.6939,50.7934,-0.113617,0.104854
0,62.5,65.0474,50.7519,0.390938,0.354195
0,62.5,22.2941,51.0264,-0.12406,0.0711474
0,62.5,64.4362,51.005,0.205099,0.08937
0,62.5,21.1007,51.0076,-0.138118,0.0665192
0,62.5,64.6591,50.7699,0.307906,0.153143
0,62.5,5.99995,22.7237,5.36233,-6.92007
0,62.5,72.206,30.4501,3.16286,-2.69064
0,62.5,3.59584,22.3053,3.76673,-10.3905
0,62.5,75.618,27.0617,1.2105,-6.24627
0,62.5,5.83498,30.5127,-4.61178,-0.682073
0,62.5,74.1618,22.3881,-4.16389,-4.10321
0,62.5,1.78136,28.9628,-1.65347,-3.2182
0,62.5,75.4567,27.2768,1.09122,-6.82267
0,62.5,3.36884,22.2304,3.56413,-10.2845
0,62.5,75.415,31.9801,0.778036,0.237877
0,62.5,11.7566,33.2243,-2.25162,-0.713534
0,62.5,75.629,32.5432,0.539082,2.0486
0,62.5,11.1052,33.1931,-2.06189,-0.244315
0,62.5,71.98,30.604,3.49067,-2.57673
0,62.5,13.8375,35.0062,-2.88477,-0.336817
0,62.5,71.6064,30.8276,3.28898,-2.83974
0,62.5,13.3872,34.3493,-2.65871,-0.194345
0,62.5,70.9476,32.099,3.55658,-2.35615
0,62.5,14.0684,35.4456,-2.61949,0.028206
0,62.5,69.8619,33.4496,2.82658,-0.699781
0,62.5,14.9989,36.3166,-2.7789,0.920146
0,62.5,69.5314,33.9359,2.37131,-0.913533
0,62.5,15.4903,36.7438,-2.53777,0.925097
0,62.5,68.0652,35.378,1.82947,0.506739
0,62.5,16.8871,37.7934,-2.39553,1.3397
0,62.5,69.0338,34.3368,2.57625,-0.461667
0,62.5,16.2221,37.1654,-2.41956,0.973692
0,62.5,66.8009,36.123,0.801146,0.408148
0,62.5,18.5917,38.6092,-1.62438,2.00151
0,62.5,66.6711,36.5159,0.810797,0.311961
0,62.5,18.3996,38.7433,-1.78142,1.64473
0,62.5,65.9459,36.8537,1.05431,0.222892
0,62.5,18.8063,38.8025,-1.55635,1.69236
0,62.5,65.5446,37.2066,0.822477,0.590062
0,62.5,19.8059,39.3614,-1.35558,1.58214
0,62.5,65.3028,37.4914,0.880122,0.469807
0,62.5,19.6347,39.1657,-1.61853,1.70022
0,62.5,65.1717,37.7706,0.80111,0.402286
0,62.5,20.6136,39.7571,-1.548,1.37672
0,62.5,64.6722,38.0903,0.693713,0.420253
0,62.5,20.3995,39.5604,-1.4455,1.41567
0,62.5,64.4254,38.5084,0.887683,0.401141
0,62.5,21.2445,40.2464,-1.51129,1.02743
0,62.5,64.25,38.6851,0.661593,0.36075
0,62.5,21.7954,40.6098,-1.26358,1.31725
0,62.5,64.0388,39.0991,0.566029,0.515811
0,62.5,21.6127,40.3676,-1.37042,1.30581
0,62.5,63.6481,39.0225,0.666184,0.472345
0,62.5,22.5866,40.9485,-0.79805,1.43064
0,62.5,63.5898,39.3,0.664671,0.618115
0,62.5,22.0493,40.586,-1.30352,1.13308
0,62.5,63.5174,39.5764,0.775474,0.811366
0,62.5,22.7437,41.1562,-0.920151,1.5493
0,62.5,63.7014,39.7482,0.851549,0.571506
0,62.5,23.0434,41.144,-0.961479,1.13798
0,62.5,63.5385,40.0602,0.82596,0.849878
0,62.5,23.2142,41.3503,-0.898073,1.17539
0,62.5,63.2631,40.1965,0.8045,0.966898
0,62.5,23.3857,41.207,-0.828693,1.2686
0,62.5,62.986,40.3549,1.0226,0.9839
0,62.5,23.705,41.6575,-0.541279,1.09733
0,62.5,62.7173,40.7884,0.916256,0.929512
0,62.5,24.3546,41.9498,-0.587865,1.08937
0,62.5,62.7166,41.065,0.71899,0.87467
0,62.5,24.1192,41.904,-0.596464,0.706694
0,62.5,62.4915,41.2557,0.841358,0.716919
0,62.5,24.7728,42.3433,-0.222536,1.09603
0,62.5,62.4846,41.5285,0.935325,0.746505
0,62.5,26.11,42.6838,-0.533047,1.00078
0,62.5,62.2706,41.9613,0.962943,0.540529
0,62.5,25.4656,42.4571,-0.363524,1.21856
0,62.5,62.7107,41.6154,1.01757,0.689078
0,62.5,26.3915,42.6037,-0.332167,0.941809
0,62.5,62.4845,41.7944,0.956261,0.606931
0,62.5,27.1566,42.642,-0.137016,1.05562
0,62.5,62.7148,41.8884,0.973618,0.669877
0,62.5,27.6314,42.847,-0.0791048,0.959641
0,62.5,62.5102,42.0726,0.936921,0.610789
0,62.5,28.3424,43.1949,-0.62647,0.866762
0,62.5,62.9387,41.7196,0.95488,0.642403
0,62.5,28.4668,43.4198,-0.623257,0.845818
0,62.5,62.7256,42.1756,1.08059,0.711408
0,62.5,28.9087,43.6439,-0.305835,0.686957
0,62.5,62.9439,42.2997,1.10655,0.76292
0,62.5,28.9651,43.8685,-0.326337,1.00854
0,62.5,62.6379,42.8678,0.794876,0.559764
0,62.5,29.0978,44.049,-0.109655,0.70161
0,62.5,62.8697,42.657,0.850738,0.727861
0,62.5,29.3715,44.4355,0.162838,0.552442
0,62.5,62.7328,43.1109,0.867395,0.595987
0,62.5,29.9521,44.5772,0.313326,0.165802
0,62.5,62.5576,43.3683,0.94623,0.620993
0,62.5,29.702,44.7026,0.146376,0.351913
0,62.5,62.8039,43.3682,0.795627,0.55164
0,62.5,30.2178,44.6885,0.152839,0.0532251
0,62.5,62.1809,43.154,1.01201,0.560772
0,62.5,30.4976,44.5768,0.16674,0.228408
0,62.5,62.2899,43.3562,0.970351,0.500244
0,62.5,30.747,44.58,-0.0835248,-0.111363
0,62.5,62.1982,43.8093,0.992548,0.497015
0,62.5,31.2781,44.7389,-0.338019,-0.117307
0,62.5,62.2875,44.0526,1.07539,0.481345
0,62.5,31.183,44.9508,-0.504071,0.061688
0,62.5,62.0293,44.0355,1.10373,0.400806
0,62.5,30.8984,45.0132,-0.179016,-0.21225
0,62.5,62.4557,43.8333,0.950956,0.555937
0,62.5,31.3886,45.1462,-0.199391,0.248175
0,62.5,62.3735,44.3055,1.08082,0.550493
0,62.5,31.1225,45.18,-0.318146,0.128399
0,62.5,62.1217,44.2805,1.13026,0.462274
0,62.5,31.027,45.3957,-0.329777,-0.0823394
0,62.5,61.8594,44.2205,1.05139,0.501697
0,62.5,31.6721,45.7695,0.104597,0.0819911
0,62.5,61.9495,44.4813,1.15021,0.474962
0,62.5,31.5604,45.9937,0.0901031,0.139876
0,62.5,61.7883,44.7084,1.08727,0.548162
0,62.5,31.8128,45.9948,0.167812,-0.0309677
0,62.5,62.0312,44.7406,1.20156,0.546476
0,62.5,32.063,45.8858,0.148371,0.186647
0,62.5,61.8616,44.9708,1.15067,0.546189
0,62.5,32.013,46.1494,0.045562,-0.00524416
0,62.5,62.1059,44.9967,1.146,0.497305
0,62.5,31.9836,46.4167,-0.0363549,-0.178436
0,62.5,62.175,45.2494,1.06684,0.493985
0,62.5,32.2339,46.296,-0.342209,0.11547
0,62.5,62.2844,44.7848,1.15831,0.518136
0,62.5,31.9417,46.6902,-0.149076,-0.0720392
0,62.5,62.2365,45.4988,1.03808,0.414888
0,62.5,31.5172,46.4639,0.00362118,0.119117
0,62.5,62.43,45.2855,1.10116,0.473578
0,62.5,31.4674,46.7037,0.0576915,0.0120575
0,62.5,62.3009,45.7423,1.07839,0.39223
0,62.5,30.9543,46.6399,-0.242777,-0.0571721
0,62.5,62.5699,45.7619,1.12261,0.262792
0,62.5,31.7504,46.5314,0.0294695,-0.0956528
0,62.5,62.3623,45.9777,1.07238,0.286128
0,62.5,30.6951,46.5157,0.0429222,-0.30242
0,62.5,62.6333,45.9888,1.11074,0.150037
0,62.5,31.1829,46.7911,-0.353958,0.0568121
0,62.5,62.4325,46.2085,1.12145,0.245928
0,62.5,30.6828,46.7402,-0.358944,-0.0242004
0,62.5,62.5069,46.4356,1.10216,0.216376
0,62.5,30.6358,46.9675,-0.335032,-0.00699183
0,62.5,62.352,46.7354,1.21466,0.599118
0,62.5,29.845,46.95,-0.439427,-0.181841
0,62.5,62.6696,46.8905,0.929612,0.103608
0,62.5,30.0822,47.105,-0.204044,-0.153398
0,62.5,62.5824,46.6634,1.018,0.137469
0,62.5,29.541,47.2691,-0.328246,-0.0763183
0,62.5,63.2022,46.8854,0.766508,0.113488
0,62.5,29.7841,47.4165,-0.31353,-0.207325
0,62.5,62.9402,46.8844,0.887861,0.00702643
0,62.5,29.7571,47.6502,-0.2967,-0.019285
0,62.5,63.1178,47.3555,0.502273,0.0648007
0,62.5,30.0241,47.5696,-0.186553,-0.0153534
0,62.5,63.1856,47.604,0.362214,0.116649
0,62.5,29.739,47.8907,-0.278231,-0.023652
0,62.5,63.4292,47.654,0.373313,0.356927
0,62.5,29.4697,47.9727,-0.335748,-0.1
0,62.5,63.4758,47.9148,0.486214,0.36545
0,62.5,29.4243,48.2193,-0.385621,-0.0563984
0,62.5,63.4976,48.1728,0.462287,0.361811
0,62.5,28.9238,48.1608,-0.51682,-0.357129
0,62.5,63.2628,48.1161,0.48433,0.168577
0,62.5,28.4497,48.1307,-0.514063,0.102161
0,62.5,63.495,48.4315,0.347174,0.406703
0,62.5,28.4432,48.3752,-0.469118,0.244716
0,62.5,63.0298,48.3408,0.411568,0.196391
0,62.5,28.1783,48.4633,-0.685538,0.173579
0,62.5,63.5085,48.6915,0.347055,0.341716
0,62.5,27.6941,48.5671,-0.654609,0.222445
0,62.5,63.2635,48.3762,0.348903,0.214975
0,62.5,27.9494,48.6281,-0.68834,0.15032
0,62.5,63.2747,48.6419,0.294916,0.181437
0,62.5,27.109,49.1498,-0.199619,-0.197038
0,62.5,63.0645,48.8671,0.23778,0.221699
0,62.5,28.0691,48.8325,-0.682513,0.089009
0,62.5,63.2982,48.908,0.250921,0.181729
0,62.5,26.7867,49.0577,-0.959278,0.328264
0,62.5,63.3255,49.1732,0.287722,0.153701
0,62.5,25.8958,49.5002,-0.116898,0.127361
0,62.5,63.7926,49.2432,0.421491,0.0582887
0,62.5,26.0798,49.6955,-0.26277,-0.00066136
0,62.5,63.6931,49.988,0.213733,0.148258
0,62.5,26.1611,49.4579,0.00826604,0.102628
0,62.5,64.081,49.5595,0.409947,0.12916
0,62.5,25.2331,50.0938,-0.190481,0.226834
0,62.5,64.1278,49.8225,0.217808,0.0772386
0,62.5,25.2755,49.8293,-0.223363,0.189835
0,62.5,64.3655,49.8846,0.191753,0.291008
0,62.5,24.9183,50.392,-0.529772,0.10197
0,62.5,64.6429,50.2008,0.196966,0.303991
0,62.5,23.2261,50.7379,0.196052,0.232669
0,62.5,64.8307,50.018,0.147509,0.330136
0,62.5,22.9724,50.7835,0.0428556,0.0904029
0,62.5,65.2451,50.2492,0.323252,0.404533
0,62.5,23.1048,51.0114,0.206952,0.0188214
0,62.5,64.6945,51.0043,0.286531,0.0328077
0,62.5,20.7133,50.5266,-0.331179,-0.118102
0,62.5,64.9173,50.9824,0.3157,0.241686
0,62.5,1.28491,32.6718,0.328454,3.31047
0,62.5,75.9598,31.5146,0.614524,1.30743
0,62.5,6.99062,25.3497,5.1655,-2.97597
0,62.5,69.7207,27.9186,-6.3123,1.32192
0,62.5,1.77051,24.8193,1.6615,-6.59531
0,62.5,73.3508,29.887,2.87029,-3.02641
0,62.5,1.75778,27.6216,-1.04573,-5.68643
0,62.5,71.9959,30.9694,3.28706,-2.5649
0,62.5,3.05169,28.7424,-4.7599,-2.50317
0,62.5,72.6143,30.4685,3.14761,-2.69082
0,62.5,10.2629,32.8911,-2.1166,-0.108817
0,62.5,71.8091,30.8539,3.24041,-2.85335
0,62.5,10.5425,33.0629,-1.97889,-0.100532
0,62.5,74.1345,29.6281,2.42444,-2.79647
0,62.5,11.9205,33.3427,-2.45101,-0.555297
0,62.5,72.9982,30.0289,3.50902,-3.04136
0,62.5,14.294,35.4541,-2.83826,0.462724
0,62.5,70.1373,33.1705,2.50999,-0.88356
0,62.5,12.9543,34.2728,-2.24028,-0.384013
0,62.5,69.6553,34.0843,1.88076,-0.792108
0,62.5,15.8935,37.1394,-2.30553,1.19416
0,62.5,69.306,34.1167,2.65377,-1.02072
0,62.5,15.3124,36.4278,-2.90777,0.839283
0,62.5,68.9026,34.553,2.15414,-0.755711
0,62.5,16.3753,37.3829,-2.34755,1.16297
0,62.5,68.5515,34.8309,2.04523,-0.131054
0,62.5,18.1286,38.2758,-1.91392,1.62861
0,62.5,67.6522,35.7936,1.68521,0.579989
0,62.5,17.3734,38.0402,-1.96718,1.16549
0,62.5,67.2143,35.7749,1.6216,0.499147
0,62.5,19.0637,38.9803,-1.45401,1.60296
0,62.5,66.9046,36.3285,0.939134,0.229941
0,62.5,18.9265,38.6529,-1.42085,1.93166
0,62.5,66.5457,36.7749,0.926625,0.466285
0,62.5,19.4336,38.9677,-1.48923,1.52606
0,62.5,65.815,37.1038,0.795752,0.474327
0,62.5,19.9625,39.1774,-1.28051,1.93215
0,62.5,65.5769,37.4182,0.724633,0.69183
0,62.5,20.1263,39.3663,-1.44133,1.36764
0,62.5,65.0497,38.0243,0.848012,0.3956
0,62.5,21.0565,40.0461,-1.44819,1.32094
0,62.5,64.864,38.2106,0.758942,0.337522
0,62.5,21.2411,39.9114,-1.20057,1.32536
0,62.5,64.466,38.817,0.628599,0.403344
0,62.5,21.8623,40.3617,-1.35787,1.25044
0,62.5,64.2658,38.9828,0.608991,0.327733
0,62.5,21.4269,40.1199,-1.47157,1.31304
0,62.5,64.2426,39.2639,0.652621,0.346013
0,62.5,22.4325,40.7403,-0.94969,1.4643
0,62.5,63.8292,39.1861,0.517199,0.574479
0,62.5,22.715,40.7306,-0.922252,1.43488
0,62.5,63.7685,39.4746,0.76694,0.588091
0,62.5,22.8759,40.9404,-0.868467,1.20283
0,62.5,63.9482,39.6632,0.730725,0.530096
0,62.5,23.0418,40.7804,-0.807861,1.47224
0,62.5,63.817,39.9454,0.709835,0.537447
0,62.5,23.214,40.9948,-0.869833,1.3806
0,62.5,63.4772,40.309,0.879055,0.812471
0,62.5,23.5467,41.4279,-0.62485,1.23644
0,62.5,63.2117,40.4435,0.823674,0.951422
0,62.5,24.5832,42.0932,-0.354632,1.00537
0,62.5,62.9472,40.6048,0.805589,0.886753
0,62.5,24.8379,42.099,-0.37519,0.898416
0,62.5,62.9416,40.8783,0.801132,0.97997
0,62.5,25.0215,42.3075,-0.226586,1.01273
0,62.5,62.7151,41.3384,0.796561,0.858095
0,62.5,25.0984,42.0502,-0.530131,1.03213
0,62.5,63.1603,40.9989,0.814089,0.876156
0,62.5,25.273,42.2682,-0.334755,0.994574
0,62.5,62.9401,41.1568,0.783032,0.918914
0,62.5,25.7214,42.3644,-0.338312,1.14553
0,62.5,63.1494,41.2887,0.912413,0.773667
0,62.5,26.6607,42.5162,-0.451538,1.10181
0,62.5,62.9327,41.4446,0.856749,0.776198
0,62.5,27.4412,42.6157,-0.215125,1.02896
0,62.5,63.3828,41.4234,0.832993,0.715338
0,62.5,27.8844,42.8869,-0.312182,0.92559
0,62.5,63.1604,41.565,0.868177,0.739121
0,62.5,28.7863,43.4447,-0.433965,0.890965
0,62.5,63.1529,41.8461,0.996948,0.681826
0,62.5,29.1948,43.6854,0.044903,0.792495
0,62.5,62.9316,42.0031,1.08974,0.688753
0,62.5,29.3016,43.8781,0.166754,0.53378
0,62.5,63.1442,42.1289,1.07589,0.76341
0,62.5,29.383,44.1237,-0.226033,0.774648
0,62.5,63.0897,42.4591,0.972836,0.79541
0,62.5,29.1818,44.2861,-0.103036,0.8259
0,62.5,63.3335,42.5193,0.912715,0.696898
0,62.5,29.5766,44.2709,0.0736947,0.418473
0,62.5,63.1176,42.7139,0.946203,0.767944
0,62.5,29.6911,44.4747,0.334978,0.279765
0,62.5,62.8994,42.9004,0.881583,0.6775
0,62.5,29.9913,44.3507,0.684244,0.319346
0,62.5,63.1644,42.9603,0.819026,0.607874
0,62.5,30.239,44.4567,0.185496,0.372035
0,62.5,62.9851,43.155,0.83422,0.638744
0,62.5,30.8336,44.378,-0.0943792,-0.125458
0,62.5,62.631,43.611,0.847373,0.576137
0,62.5,31.0471,44.5766,-0.20932,0.0046384
0,62.5,62.3695,43.5888,0.992639,0.571076
0,62.5,31.4786,44.9139,-0.176349,0.133055
0,62.5,62.8763,43.6281,0.850203,0.600947
0,62.5,31.6684,45.0873,-0.142864,0.220832
0,62.5,62.7089,43.8615,0.957501,0.678192
0,62.5,31.5626,45.3326,-0.045698,0.0990621
0,62.5,62.6249,44.3388,1.06758,0.636417
0,62.5,31.3022,45.3914,-0.213223,0.0443168
0,62.5,62.539,44.0856,1.047,0.563961
0,62.5,31.4775,45.5872,0.0852264,0.168621
0,62.5,62.7097,44.5896,1.02092,0.590264
0,62.5,31.7415,45.5168,-0.0119135,0.158119
0,62.5,62.4555,44.5586,1.1631,0.607004
0,62.5,31.9231,45.7068,0.0118006,0.230216
0,62.5,62.5358,44.8093,1.12557,0.561789
0,62.5,32.3204,45.7803,0.0688859,0.183203
0,62.5,62.204,44.5319,1.18098,0.511801
0,62.5,32.5236,45.9269,-0.0372523,0.151816
0,62.5,62.6119,45.0575,1.11781,0.558026
0,62.5,32.2686,46.0402,-0.158626,0.256889
0,62.5,62.3591,45.036,1.12008,0.489663
0,62.5,32.7414,46.0666,-0.265264,0.154461
0,62.5,63.0558,44.8421,0.942398,0.532361
0,62.5,33.0117,45.9585,-0.244288,0.125871
0,62.5,62.8728,45.072,1.04857,0.524807
0,62.5,32.4872,46.1843,-0.327051,0.217444
0,62.5,63.4138,45.0674,0.843649,0.447407
0,62.5,32.7119,46.3179,-0.247859,0.253276
0,62.5,62.6858,45.2983,1.1056,0.434508
0,62.5,32.1965,46.5547,-0.199416,-0.0215471
0,62.5,62.7592,45.5299,1.13794,0.327748
0,62.5,32.4503,46.44,-0.523552,0.210114
0,62.5,62.4958,45.5296,1.08523,0.350596
0,62.5,32.1426,46.8174,-0.19663,0.0883857
0,62.5,62.9535,45.2994,1.07162,0.430761
0,62.5,32.0787,47.0793,-0.0484592,-0.0230161
0,62.5,62.8393,45.7538,1.13049,0.266525
0,62.5,31.6881,46.7976,0.0507978,-0.229097
0,62.5,62.9021,45.9782,1.04787,0.172838
0,62.5,31.8694,46.9604,-0.0476721,-0.00471796
0,62.5,62.7076,46.2124,1.12892,0.106778
0,62.5,31.4209,46.942,0.0179287,0.0734092
0,62.5,62.9794,46.1999,1.0326,0.109725
0,62.5,30.919,46.8789,-0.253351,-0.0509858
0,62.5,62.7805,46.4344,1.06249,0.0913094
0,62.5,29.8097,47.182,-0.381503,-0.121507
0,62.5,63.0484,46.4237,0.920517,0.0859848
0,62.5,31.154,47.0326,-0.245079,0.0304197
0,62.5,62.8528,46.6593,0.962828,0.043159
0,62.5,30.0528,47.3366,-0.238858,-0.10821
0,62.5,63.3826,46.6582,0.748715,0.0666358
0,62.5,30.3274,47.2593,-0.27677,-0.0825985
0,62.5,63.2792,47.133,0.687884,0.175809
0,62.5,30.3553,47.0295,-0.330494,-0.169153
0,62.5,63.5226,47.1532,0.553315,0.185022
0,62.5,30.292,47.4892,-0.247653,0.0887497
0,62.5,63.3665,47.392,0.412244,0.260124
0,62.5,29.6814,48.1337,-0.471329,0.0430719
0,62.5,63.6069,47.4149,0.297123,0.19808
0,62.5,29.7865,48.3427,-0.141934,-0.107305
0,62.5,63.6715,47.6693,0.401042,0.152579
0,62.5,29.5361,48.4234,-0.00176593,-0.0616179
0,62.5,63.9782,47.971,0.48809,0.24322
0,62.5,28.6794,48.3036,-0.468588,-0.0985906
0,62.5,63.739,48.1589,0.489711,0.0958799
0,62.5,28.9184,48.4126,-0.492033,-0.186939
0,62.5,63.9756,48.2247,0.523658,0.273925
0,62.5,28.7533,48.5764,-0.171165,-0.00733702
0,62.5,63.7308,48.4132,0.458894,0.0880556
0,62.5,29.0682,48.6192,0.0900637,-0.38969
0,62.5,63.9586,48.7614,0.453435,0.256193
0,62.5,28.5105,48.5923,-0.329449,0.173761
0,62.5,63.7378,48.6825,0.440838,0.0833585
0,62.5,28.4284,48.8531,-0.285491,0.00524459
0,62.5,63.9823,49.0348,0.402958,0.266083
0,62.5,28.2615,48.6744,-0.503694,0.129492
0,62.5,63.5329,48.9532,0.328162,0.246696
0,62.5,28.2498,49.0133,-0.491406,-0.0781242
0,62.5,63.7603,48.9622,0.419588,-0.0447212
0,62.5,26.9007,49.2638,-0.124049,-0.216939
0,62.5,63.5622,49.2148,0.34237,0.187904
0,62.5,27.9243,49.0133,-0.522928,0.0836857
0,62.5,64.5568,49.6534,0.219314,0.0958576
0,62.5,26.4178,49.4034,0.0850627,-0.0886651
0,62.5,63.8419,49.5134,0.315959,0.0299404
0,62.5,27.3114,49.2957,-0.269432,-0.00450457
0,62.5,64.5977,49.9282,0.137979,0.183602
0,62.5,26.6715,49.3699,-0.119845,0.00516339
0,62.5,64.3259,49.6191,0.354934,0.189014
0,62.5,25.5412,49.7813,-0.163375,0.107572
0,62.5,65.0198,49.8363,0.145675,0.386248
0,62.5,24.646,50.4447,-0.450068,0.118748
0,62.5,64.7886,49.7373,0.148885,0.293617
0,62.5,24.3696,50.5036,-0.262786,0.0467726
0,62.5,65.0135,50.154,0.19303,0.497705
0,62.5,23.8788,50.6079,-0.0993613,-0.13718
0,62.5,65.2535,50.5278,0.291329,0.355373
0,62.5,23.4643,50.8121,0.286927,0.0363165
0,62.5,65.4495,50.1163,0.113239,-0.289801
0,62.5,21.3535,51.0234,-0.0736285,-0.1906
0,62.5,65.1476,51.0092,0.463809,0.150576
0,62.5,1.27423,26.2574,0.274382,-3.895
0,62.5,74.7809,27.9913,2.8457,-5.68545
0,62.5,12.1043,21.4477,8.6346,-3.15906
0,62.5,68.7859,27.9279,-7.00516,4.70704
0,62.5,1.35377,34.195,0.0976656,3.37834
0,62.5,74.9315,28.5203,1.92267,-4.45376
0,62.5,7.00095,25.839,5.18656,-2.6919
0,62.5,59.6415,29.4006,-12.4673,5.88779
0,62.5,8.48372,32.1267,-2.04111,0.562986
0,62.5,75.1753,28.9358,1.23864,-4.14564
0,62.5,2.7233,24.1568,2.28904,-8.89
0,62.5,72.9282,30.2445,3.2356,-2.23537
0,62.5,11.5349,33.0449,-2.1508,-0.586875
0,62.5,71.3729,31.5711,2.94195,-2.53199
0,62.5,12.1414,33.2438,-2.32089,-0.941565
0,62.5,69.8222,33.78,2.76854,-0.867383
0,62.5,13.0372,34.0364,-2.46565,-0.679035
0,62.5,70.3811,32.8447,3.02288,-1.32026
0,62.5,13.0896,33.7578,-2.47678,-0.940736
0,62.5,69.9525,33.9312,2.13302,-0.649979
0,62.5,13.6444,34.4697,-2.67732,-0.319787
0,62.5,69.5591,34.4303,2.22588,-0.891857
0,62.5,14.0647,35.172,-2.74473,-0.350257
0,62.5,69.3738,34.3242,2.11206,-0.869821
0,62.5,14.7977,36.0027,-2.88785,1.0425
0,62.5,69.2177,34.4967,2.51723,-0.720107
0,62.5,15.1327,36.1615,-2.75312,1.14065
0,62.5,68.3601,35.0757,1.68236,-0.167343
0,62.5,15.679,36.692,-2.51561,1.00643
0,62.5,67.3581,35.97,1.62922,0.12888
0,62.5,16.9361,37.564,-2.43733,1.44947
0,62.5,67.0526,36.0259,1.28574,0.2286
0,62.5,18.3987,38.3271,-1.9435,1.51914
0,62.5,66.8151,36.6811,0.89476,0.273013
0,62.5,17.8797,38.147,-2.01759,1.60444
0,62.5,66.2038,36.8235,0.898483,0.518862
0,62.5,19.2087,38.8317,-1.19078,1.55751
0,62.5,66.0851,37.0682,0.838585,0.522718
0,62.5,21.0637,39.6907,-1.28374,1.28862
0,62.5,65.45,37.6731,0.973693,0.694273
0,62.5,20.7828,39.591,-1.39812,1.56496
0,62.5,65.3315,37.9314,0.831046,0.428272
0,62.5,21.4871,39.8585,-1.24633,1.23124
0,62.5,64.6403,38.3886,0.957667,0.367856
0,62.5,22.1073,40.3105,-1.12519,1.30402
0,62.5,64.6596,38.6619,0.668843,0.432081
0,62.5,21.6697,40.1258,-1.39107,1.34604
0,62.5,64.4777,39.1082,0.598363,0.302484
0,62.5,22.5617,40.5142,-0.972938,1.40653
0,62.5,64.4316,39.4013,0.579824,0.351316
0,62.5,22.2829,40.5247,-1.13537,1.47677
0,62.5,64.0093,39.3909,0.726937,0.46941
0,62.5,22.8744,40.5587,-0.90437,1.55253
0,62.5,64.1979,39.5535,0.698623,0.344613
0,62.5,23.5252,41.013,-0.774759,1.1351
0,62.5,64.105,39.8407,0.7225,0.614596
0,62.5,23.3462,40.8015,-0.914864,1.31444
0,62.5,63.7398,40.1923,0.88047,0.539162
0,62.5,23.6879,41.2354,-0.7019,1.22892
0,62.5,63.4082,40.5936,0.830894,0.77451
0,62.5,23.8434,41.4616,-0.503677,0.989965
0,62.5,63.1656,40.7157,0.816936,0.846407
0,62.5,24.6235,41.8549,-0.604668,1.08966
0,62.5,63.6521,40.481,0.678065,0.697979
0,62.5,23.9998,41.689,-0.675364,0.85111
0,62.5,63.3781,40.8649,0.69612,0.692532
0,62.5,24.9016,41.8595,-0.577093,1.03143
0,62.5,63.6112,40.7522,0.73629,0.595171
0,62.5,25.9931,42.2874,-0.619833,1.11729
0,62.5,63.3685,41.1549,0.793141,0.789143
0,62.5,26.1937,42.442,-0.573742,0.840306
0,62.5,63.8493,40.6282,0.607651,0.537522
0,62.5,26.941,42.4555,-0.282041,1.236
0,62.5,63.5885,41.0365,0.804764,0.667267
0,62.5,27.2147,42.4142,-0.151458,1.18558
0,62.5,63.6124,41.2988,0.706038,0.743955
0,62.5,28.6396,43.2402,-0.418946,0.843229
0,62.5,63.3762,41.703,0.848831,0.741868
0,62.5,27.6993,42.624,-0.2177,0.976978
0,62.5,63.5984,41.5707,0.815004,0.739827
0,62.5,29.5287,43.7117,0.362697,0.826964
0,62.5,63.3728,41.981,0.944652,0.712799
0,62.5,29.1204,43.4682,-0.147756,0.846113
0,62.5,63.5943,41.8562,0.836607,0.751594
0,62.5,29.799,43.9589,0.228976,0.603709
0,62.5,63.33,42.2691,0.920694,0.745333
0,62.5,29.5669,43.9548,0.282667,0.750392
0,62.5,63.5636,42.1487,0.823528,0.727639
0,62.5,30.0495,44.0542,0.24501,0.63574
0,62.5,63.5611,42.4261,0.805265,0.67337
0,62.5,29.8108,44.2082,0.329699,0.59543
0,62.5,63.3787,42.7699,0.793286,0.599207
0,62.5,30.2328,44.2083,0.337781,0.285718
0,62.5,63.4265,43.0139,0.782881,0.572062
0,62.5,30.488,44.3527,0.240069,0.193209
0,62.5,63.2375,43.2128,0.794495,0.556631
0,62.5,31.3114,44.4996,-0.190087,0.017987
0,62.5,63.4998,43.26,0.715442,0.490788
0,62.5,31.5449,44.6691,-0.0874982,0.141469
0,62.5,63.0497,43.4169,0.81493,0.584801
0,62.5,31.7488,44.8351,-0.0294776,0.0679136
0,62.5,62.9564,43.8868,0.838131,0.589967
0,62.5,32.0225,44.755,0.0910878,0.32893
0,62.5,62.7909,44.1147,0.943654,0.576803
0,62.5,32.2084,44.9223,-0.0977511,0.139662
0,62.5,63.0428,44.1373,0.861519,0.658314
0,62.5,31.8406,45.2658,-0.094331,0.202287
0,62.5,62.8793,44.3644,0.941009,0.600515
0,62.5,32.1072,45.178,-0.0654673,0.312784
0,62.5,63.1368,44.3805,0.832799,0.532447
0,62.5,32.0047,45.4465,0.0331998,0.186965
0,62.5,62.9676,44.607,0.88935,0.504786
0,62.5,32.1897,45.5983,-0.140843,0.152225
0,62.5,63.2314,44.6143,0.857149,0.555035
0,62.5,32.4581,45.4997,-0.152588,0.182748
0,62.5,62.7923,44.8337,1.02351,0.584244
0,62.5,32.7916,45.818,-0.136048,0.171621
0,62.5,63.5022,44.621,0.720898,0.523693
0,62.5,32.5899,45.6719,0.0331126,0.198858
0,62.5,63.325,44.8421,0.8144,0.481179
0,62.5,33.2876,45.8607,-0.153391,0.157546
0,62.5,63.7722,44.6341,0.648726,0.431328
0,62.5,32.9686,46.2034,-0.392479,0.155376
0,62.5,63.5977,44.8497,0.703251,0.488882
0,62.5,33.4437,46.2354,0.0768398,-0.0528651
0,62.5,63.4984,45.2937,0.835739,0.448452
0,62.5,32.9221,46.4622,-0.343541,0.078374
0,62.5,63.1414,45.0691,0.927172,0.411485
0,62.5,32.8638,46.7208,-0.330264,0.106043
0,62.5,63.7694,45.3127,0.744265,0.389237
0,62.5,32.7875,46.9907,-0.376706,0.0334597
0,62.5,63.2259,45.2922,0.968063,0.459883
0,62.5,32.6627,46.5744,-0.28645,0.124313
0,62.5,63.1113,45.7459,1.04019,0.284743
0,62.5,32.6052,46.8355,-0.291489,0.107236
0,62.5,63.031,45.5232,1.08916,0.348832
0,62.5,32.3996,46.7011,-0.288057,0.109467
0,62.5,63.3821,45.7435,0.968155,0.332343
0,62.5,32.3405,46.9638,-0.237161,0.00767692
0,62.5,63.1744,45.9702,0.960872,0.193779
0,62.5,31.8506,47.231,0.13511,-0.010085
0,62.5,63.4447,45.9727,0.89895,0.236155
0,62.5,30.8836,47.1129,-0.220282,-0.12547
0,62.5,63.2524,46.1943,0.892027,0.137666
0,62.5,32.0593,47.3746,0.100297,-0.0042985
0,62.5,63.3153,46.4239,0.801181,0.0842729
0,62.5,31.6313,47.0745,-0.0497441,-0.0274374
0,62.5,63.1181,46.6527,0.869601,0.0841227
0,62.5,30.5654,47.4208,-0.186492,0.129237
0,62.5,63.6438,46.688,0.646956,0.140792
0,62.5,29.946,48.0532,-0.417911,0.106586
0,62.5,63.457,46.9,0.656433,0.130793
0,62.5,30.001,47.8073,-0.279214,0.113868
0,62.5,63.7646,47.1924,0.452885,0.278832
0,62.5,30.0364,48.2645,-0.222343,0.0723368
0,62.5,63.8509,47.47,0.411943,0.163086
0,62.5,29.1567,48.2951,-0.362684,-0.224934
0,62.5,63.9325,47.7293,0.48824,0.0907399
0,62.5,29.9798,48.5265,-0.385377,0.0851742
0,62.5,63.7198,47.9141,0.448043,0.151706
0,62.5,30.2276,48.4422,-0.355193,0.0353679
0,62.5,64.2022,47.8084,0.458924,0.124215
0,62.5,29.2795,48.494,0.0801988,-0.321177
0,62.5,64.2192,48.059,0.44532,0.357725
0,62.5,29.4528,48.68,-0.00139764,-0.0439336
0,62.5,64.1941,48.3299,0.540737,0.409444
0,62.5,28.9449,48.8049,0.21202,-0.181647
0,62.5,63.955,48.4897,0.521655,0.304441
0,62.5,29.25,48.8097,0.077572,-0.158445
0,62.5,64.1839,48.5948,0.521115,0.459554
0,62.5,28.6872,48.8147,-0.0768176,0.165993
0,62.5,64.1975,48.8534,0.477326,0.46501
0,62.5,27.8419,49.2149,-0.351506,0.0965854
0,62.5,64.2299,49.1057,0.443799,0.333217
0,62.5,28.5853,49.0532,-0.144639,0.0686927
0,62.5,64.2762,49.36,0.446667,0.226453
0,62.5,28.4257,49.2186,-0.351783,-0.0876007
0,62.5,64.5048,49.3754,0.419595,-0.031599
0,62.5,28.1345,49.205,-0.360115,0.00492861
0,62.5,64.0259,49.2997,0.411701,0.178902
0,62.5,26.921,49.5012,-0.412407,0.0420132
0,62.5,64.9292,49.2835,0.348205,0.257082
0,62.5,27.3707,49.0468,-0.345309,-0.182044
0,62.5,64.6819,49.1908,0.412012,0.0444052
0,62.5,27.1378,49.6967,-0.351012,-0.247664
0,62.5,64.7416,49.4628,0.303872,0.111393
0,62.5,26.6135,49.6081,-0.312165,0.0794484
0,62.5,64.9808,49.5569,0.22115,0.386623
0,62.5,26.564,49.8423,-0.497395,0.246123
0,62.5,65.4088,49.5283,0.0575142,-0.194857
0,62.5,26.0227,49.923,-0.525026,0.206698
0,62.5,65.2175,49.9785,0.146707,0.447041
0,62.5,26.2978,49.8788,-0.531195,0.116567
0,62.5,65.0354,50.4295,0.290646,0.319614
0,62.5,24.1408,50.5789,-0.0916538,-0.140859
0,62.5,65.8552,50.0802,-0.0956133,0.042334
0,62.5,23.7842,50.8496,0.112611,0.114924
0,62.5,65.3013,50.7677,0.54485,0.108489
0,62.5,21.6576,51.025,-0.367104,-0.0111998
0,62.5,65.4014,51.0027,0.458729,0.0759385
0,62.5,2.22548,33.731,-0.353104,2.69061
0,62.5,75.5083,28.1655,1.38379,-3.84358
0,62.5,5.28239,22.5952,5.42679,-8.12641
0,62.5,75.9284,29.2404,0.320279,0.528239
0,62.5,12.2868,20.6368,10.471,-7.34991
0,62.5,75.6127,31.3257,0.954037,-0.609845
0,62.5,6.36756,23.7451,5.42716,-5.0924
0,62.5,73.7201,22.7032,-2.68721,-8.25282
0,62.5,5.6145,23.4643,5.85801,-6.61869
0,62.5,74.8112,28.8726,1.92502,-3.86072
0,62.5,7.732,31.6176,-0.683205,-0.276038
0,62.5,75.3564,33.2134,-0.0336384,2.40752
0,62.5,4.35134,22.3834,4.79593,-9.22693
0,62.5,75.1467,28.5789,1.41178,-4.15689
0,62.5,12.5233,33.5901,-2.30012,-0.515045
0,62.5,73.8954,29.7069,2.56603,-2.80058
0,62.5,13.8071,34.6375,-2.82986,-0.0284499
0,62.5,71.4982,31.2485,3.23541,-2.38512
0,62.5,14.2289,35.0707,-2.87927,-0.198569
0,62.5,70.7554,32.5482,2.80001,-2.25909
0,62.5,14.5662,35.6806,-2.89329,0.846525
0,62.5,70.0658,33.4652,3.03884,-1.20927
0,62.5,14.8924,35.8735,-2.68301,0.391365
0,62.5,70.3277,33.209,2.81026,-1.83916
0,62.5,15.8966,36.8972,-2.49396,1.26488
0,62.5,69.2197,34.7291,2.30112,-0.291285
0,62.5,14.6849,35.539,-2.76662,0.33492
0,62.5,68.7797,34.8668,2.36401,-0.0249232
0,62.5,15.673,36.4702,-2.82273,0.928681
0,62.5,67.9292,35.5824,1.33438,0.274449
0,62.5,18.2052,38.0717,-2.13296,1.63942
0,62.5,68.3013,35.3498,1.64928,-0.193997
0,62.5,18.6633,38.4192,-2.0744,0.976972
0,62.5,67.2038,36.1797,1.40606,-0.0381991
0,62.5,19.1766,38.6001,-1.5528,1.67965
0,62.5,67.0262,36.4882,0.934278,0.114612
0,62.5,20.5689,39.4227,-1.33577,1.49429
0,62.5,66.3594,37.0041,0.581132,0.657074
0,62.5,19.7361,38.9678,-1.18987,1.64441
0,62.5,65.8584,37.3242,0.722102,0.832121
0,62.5,21.7141,39.8666,-1.28847,1.17558
0,62.5,65.9992,37.5073,0.669922,0.420721
0,62.5,22.3912,40.2965,-1.02939,1.36325
0,62.5,65.7402,37.5887,0.797062,0.499309
0,62.5,21.9221,40.1049,-1.07975,1.66639
0,62.5,65.0898,38.3206,0.649191,0.522702
0,62.5,22.6982,40.3295,-0.692301,1.26773
0,62.5,64.8728,38.4917,0.640038,0.400789
0,62.5,22.5084,40.0992,-0.744855,1.32804
0,62.5,64.6924,38.9393,0.585523,0.49102
0,62.5,24.0255,41.342,-0.577884,1.28727
0,62.5,64.614,39.5333,0.513145,0.612431
0,62.5,22.2103,40.0898,-0.846045,1.44935
0,62.5,64.6726,39.2378,0.568278,0.624886
0,62.5,23.1709,40.5864,-0.815984,1.23352
0,62.5,64.2847,39.9826,0.523527,0.53281
0,62.5,24.1921,41.5735,-0.390984,1.19202
0,62.5,64.3701,39.7065,0.627792,0.548333
0,62.5,24.3877,41.7125,-0.45833,1.00434
0,62.5,64.009,40.0869,0.707279,0.483343
0,62.5,25.1276,41.7683,-0.552726,1.59934
0,62.5,64.1042,40.5056,0.640133,0.332719
0,62.5,25.3288,41.9917,-0.218887,1.35769
0,62.5,64.4805,40.5465,0.603616,0.573726
0,62.5,25.5157,42.1953,-0.348644,1.09026
0,62.5,63.9078,40.3668,0.737027,0.676394
0,62.5,26.458,42.3526,-0.557751,1.1008
0,62.5,64.2647,40.6705,0.564817,0.631441
0,62.5,26.7336,42.2758,-0.493834,0.966815
0,62.5,64.0368,40.7997,0.659498,0.619203
0,62.5,27.0023,42.2203,-0.23154,1.02091
0,62.5,63.8479,41.1608,0.549929,0.749376
0,62.5,27.4855,42.3858,-0.157199,1.22891
0,62.5,63.8129,40.9198,0.690601,0.630579
0,62.5,28.2098,42.5522,-0.287529,1.09117
0,62.5,64.0407,41.5631,0.76765,0.837646
0,62.5,28.3513,42.7849,-0.388541,0.834272
0,62.5,63.8306,41.4295,0.665442,0.816513
0,62.5,28.0542,42.7465,-0.170158,1.1217
0,62.5,64.0185,41.8496,0.647778,0.816176
0,62.5,28.1971,42.9695,-0.413825,1.05258
0,62.5,63.8135,41.7085,0.687322,0.8614
0,62.5,29.4269,43.5182,0.221315,0.998483
0,62.5,64.0228,42.1239,0.609671,0.712599
0,62.5,29.8029,43.7078,0.682976,0.556177
0,62.5,63.7948,41.9983,0.673443,0.726005
0,62.5,30.4521,44.0848,0.317409,0.224448
0,62.5,63.8265,42.8191,0.66345,0.617829
0,62.5,30.2816,43.9108,0.129474,0.529229
0,62.5,63.7819,42.264,0.686517,0.721839
0,62.5,30.6845,44.1987,-0.153871,0.364058
0,62.5,63.6002,42.719,0.761108,0.559589
0,62.5,31.0759,44.334,0.00430845,-0.0748781
0,62.5,63.7545,43.2624,0.599684,0.474356
0,62.5,31.5888,44.4339,0.113343,0.00921587
0,62.5,63.6659,43.0113,0.680237,0.54401
0,62.5,31.3588,44.2725,-0.0223907,-0.0656526
0,62.5,63.5749,43.4968,0.646752,0.476663
0,62.5,31.8176,44.59,0.0316746,0.191395
0,62.5,63.306,43.4615,0.760216,0.533373
0,62.5,31.8719,44.3567,0.0759165,0.187676
0,62.5,63.3884,43.7028,0.718375,0.529433
0,62.5,31.9356,45.0047,-6.49204e-05,0.0781305
0,62.5,63.1287,43.6716,0.84312,0.586057
0,62.5,32.3865,45.0754,-0.042437,0.1677
0,62.5,63.2122,43.9191,0.828771,0.601162
0,62.5,32.6624,44.9844,-0.0671224,0.13428
0,62.5,63.3051,44.1587,0.737768,0.587432
0,62.5,32.2741,45.3375,-0.218754,0.146204
0,62.5,63.572,44.1701,0.630042,0.493589
0,62.5,32.7388,45.3819,0.0971772,-0.1169
0,62.5,63.4029,44.3917,0.70015,0.57411
0,62.5,33.1215,45.4582,0.370149,-0.00313635
0,62.5,63.8439,44.1873,0.564647,0.442486
0,62.5,32.8558,45.5602,0.106245,-0.102197
0,62.5,63.6726,44.4013,0.649672,0.537182
0,62.5,33.057,45.7166,0.137581,0.0840552
0,62.5,64.1092,44.2087,0.541675,0.37248
0,62.5,33.561,45.7562,0.0941208,0.23599
0,62.5,63.943,44.4233,0.626111,0.432258
0,62.5,33.241,46.0976,-0.162909,0.128302
0,62.5,63.8674,44.8693,0.693445,0.434042
0,62.5,33.7087,46.1485,0.239959,0.241289
0,62.5,63.6868,45.0798,0.730557,0.461678
0,62.5,33.1779,46.3486,-0.101612,0.0655701
0,62.5,64.1345,44.9049,0.760146,0.338316
0,62.5,33.0573,46.8636,-0.101798,0.0785451
0,62.5,63.9556,45.1079,0.732728,0.40425
0,62.5,33.6483,46.3947,-0.047737,0.25725
0,62.5,64.0357,45.3482,0.750913,0.310209
0,62.5,33.131,46.6091,-0.0867275,0.0735003
0,62.5,63.3021,45.5172,0.961639,0.400099
0,62.5,32.9827,47.12,-0.111022,0.156991
0,62.5,63.8406,45.5493,0.76889,0.304109
0,62.5,32.5287,47.1019,-0.157554,0.14518
0,62.5,63.5724,45.5226,0.812765,0.356874
0,62.5,32.2645,47.2357,-0.188518,0.12113
0,62.5,63.7084,45.9952,0.858173,0.208827
0,62.5,32.7059,47.2621,-0.00683984,0.133584
0,62.5,63.6497,45.7559,0.839108,0.300632
0,62.5,32.0542,47.6331,0.14859,0.0874497
0,62.5,63.5197,46.2069,0.807281,0.189707
0,62.5,32.2838,47.5473,0.169071,0.106409
0,62.5,63.5786,46.446,0.714071,0.177919
0,62.5,31.8165,47.4928,0.0944081,0.00418504
0,62.5,63.7814,46.24,0.809837,0.125922
0,62.5,31.3768,47.19,0.0599344,0.020665
0,62.5,63.8388,46.4841,0.671941,0.162106
0,62.5,30.6043,47.1933,-0.220722,0.00576226
0,62.5,63.9039,46.7297,0.536398,0.155634
0,62.5,30.8433,47.3447,-0.180516,0.0374012
0,62.5,63.7095,46.9343,0.577917,0.207101
0,62.5,30.2674,47.7246,-0.252911,0.0942664
0,62.5,63.9595,46.9783,0.506557,0.179515
0,62.5,30.4727,47.8909,-0.311146,0.081754
0,62.5,63.9964,47.2487,0.50017,0.15097
0,62.5,30.2867,48.1838,-0.225833,0.146536
0,62.5,64.199,47.042,0.534038,0.0248888
0,62.5,30.2072,47.9673,-0.427705,0.199179
0,62.5,64.0943,47.5416,0.447057,0.0069386
0,62.5,30.3411,48.6633,0.156444,-0.167359
0,62.5,64.5426,47.7495,0.600699,-0.0687707
0,62.5,29.7278,48.5994,-0.097704,-0.17873
0,62.5,64.4542,47.9614,0.362655,-0.0511159
0,62.5,29.8785,48.8071,0.278925,-0.230389
0,62.5,64.7575,47.8935,0.618786,0.15585
0,62.5,29.6209,48.8445,0.381668,-0.331019
0,62.5,64.4292,48.2245,0.56457,0.0519658
0,62.5,29.629,49.0867,0.0482111,-0.315613
0,62.5,64.4074,48.4982,0.551221,0.0936779
0,62.5,28.8563,49.0356,0.0958125,-0.144078
0,62.5,64.4161,48.787,0.471298,0.024648
0,62.5,29.1246,49.023,0.150436,-0.0850692
0,62.5,64.6438,48.3722,0.625854,0.119094
0,62.5,27.7787,49.4427,-0.402199,0.0329083
0,62.5,64.4533,49.0865,0.415609,0.0268596
0,62.5,28.7464,49.2598,0.0685541,-0.0403832
0,62.5,64.6205,48.6365,0.570157,0.173816
0,62.5,27.5803,49.2318,-0.43336,0.0154446
0,62.5,64.6322,48.9133,0.428286,0.0758389
0,62.5,27.5065,49.4698,-0.373943,-0.109568
0,62.5,65.1218,49.1222,0.36391,0.269259
0,62.5,27.1679,49.4604,-0.363686,-0.148741
0,62.5,65.1715,49.3957,0.230787,0.271571
0,62.5,27.0688,49.9172,-0.363452,-0.167515
0,62.5,65.3666,49.2477,0.178129,-0.149335
0,62.5,26.8471,49.7139,-0.301198,-0.0186519
0,62.5,65.2157,49.677,0.188694,0.438593
0,62.5,25.9363,50.1461,-0.722609,0.264536
0,62.5,65.618,49.6674,-0.0535939,-0.191174
0,62.5,26.3526,49.6497,-0.316067,0.17499
0,62.5,65.4188,49.8321,0.107728,-0.0703222
0,62.5,25.6492,50.1957,-0.660504,0.145615
0,62.5,65.8791,50.3757,-0.0981518,-0.0692072
0,62.5,25.1856,50.3312,-0.502768,0.160259
0,62.5,65.6831,50.523,0.124488,-0.141576
0,62.5,24.0723,50.8093,-0.268418,-0.142695
0,62.5,65.4579,50.415,0.169408,0.026844
0,62.5,21.943,51.0345,-0.388059,-0.044252
0,62.5,65.5191,50.7096,0.497034,0.0233246
0,62.5,7.75619,26.4607,6.0741,-1.6839
0,62.5,75.2323,34.3618,-0.440436,1.4824
0,62.5,9.93769,27.7943,7.09669,0.590364
0,62.5,75.2206,34.6906,-0.292135,0.828392
0,62.5,3.04782,20.6147,1.73588,-9.14146
0,62.5,75.8482,24.5674,0.182742,-4.69376
0,62.5,7.83873,28.9016,4.22798,-1.63108
0,62.5,75.4411,34.7942,-0.217175,2.12639
0,62.5,2.05796,27.5083,-0.573272,-5.80869
0,62.5,75.0289,32.8168,1.07216,-0.127719
0,62.5,3.11943,28.4005,-6.03484,-3.15671
0,62.5,74.4998,29.5095,2.4222,-2.9914
0,62.5,4.79484,30.0763,-4.65191,-1.34747
0,62.5,75.6882,33.386,0.405486,2.52615
0,62.5,12.8382,33.7968,-2.42108,-0.77559
0,62.5,74.383,29.2301,2.75466,-3.2384
0,62.5,11.7444,32.9267,-2.20964,-0.724451
0,62.5,74.7525,28.4194,2.1619,-4.69361
0,62.5,13.2859,33.7759,-2.61291,-0.736948
0,62.5,72.3843,30.583,3.19434,-2.38654
0,62.5,12.9426,33.5358,-2.60509,-0.648729
0,62.5,71.7204,31.1241,3.22051,-2.69381
0,62.5,13.4287,33.9953,-2.65278,-0.606732
0,62.5,71.1602,31.8772,3.24606,-2.58012
0,62.5,16.1816,36.9344,-2.64401,1.24817
0,62.5,70.1251,33.6718,2.08957,-0.580913
0,62.5,16.5945,37.3006,-2.50083,1.25881
0,62.5,69.7647,34.2415,1.94854,-0.739554
0,62.5,17.6117,37.9809,-1.86656,1.78981
0,62.5,68.984,34.7742,2.35071,-0.609657
0,62.5,18.9024,38.3961,-1.56374,1.8191
0,62.5,68.6062,35.0891,1.85864,-0.156461
0,62.5,19.4972,38.7422,-1.51336,1.82397
0,62.5,67.2642,36.3904,1.0159,0.351663
0,62.5,19.769,38.76,-1.67963,1.7861
0,62.5,67.5461,36.071,1.66498,0.376393
0,62.5,20.0322,38.9806,-1.28573,1.75535
0,62.5,66.6192,36.9914,0.776131,0.457382
0,62.5,21.3259,39.6582,-1.24182,1.27281
0,62.5,66.1556,37.2865,0.824766,0.630193
0,62.5,21.1294,39.472,-1.38884,1.48376
0,62.5,66.2793,37.5113,0.820507,0.511811
0,62.5,21.535,39.5402,-0.956323,1.36189
0,62.5,65.8617,37.7973,0.86889,0.410201
0,62.5,21.1081,39.2464,-1.38498,1.11746
0,62.5,65.2893,38.1862,0.528137,0.617162
0,62.5,21.7734,39.6423,-0.898622,1.45922
0,62.5,65.6092,37.8431,0.923536,0.468343
0,62.5,23.4959,40.6399,-0.710666,1.43543
0,62.5,65.1209,38.8513,0.574036,0.738429
0,62.5,23.68,40.865,-0.511691,1.2927
0,62.5,64.903,38.7474,0.636881,0.504523
0,62.5,25.3782,41.7338,-0.448721,1.15853
0,62.5,64.8988,39.0374,0.696254,0.684932
0,62.5,24.733,41.6507,-0.605932,1.06796
0,62.5,64.5528,39.8263,0.662117,0.556259
0,62.5,25.5774,41.9413,-0.458032,1.39196
0,62.5,64.4807,40.1016,0.856754,0.620964
0,62.5,25.7804,42.1186,-0.560241,1.12343
0,62.5,64.3885,40.3322,0.628406,0.496698
0,62.5,25.831,41.8663,-0.609818,1.07111
0,62.5,64.1766,40.2581,0.678365,0.618101
0,62.5,26.2559,42.1876,-0.74144,1.20721
0,62.5,64.7072,40.1452,0.876675,0.429927
0,62.5,26.0413,42.0349,-0.756441,1.08807
0,62.5,64.6831,40.393,0.539228,0.533684
0,62.5,27.0602,41.9893,-0.497251,1.34552
0,62.5,64.3624,40.8809,0.292662,0.76118
0,62.5,26.5239,42.1068,-0.609538,0.917533
0,62.5,64.1133,41.0177,0.31146,0.80543
0,62.5,26.7852,42.0325,-0.585163,1.09037
0,62.5,64.3195,41.15,0.430366,0.823758
0,62.5,27.9139,42.5347,-0.134878,1.16325
0,62.5,64.0634,41.2719,0.692603,0.899416
0,62.5,28.4967,43.0106,-0.386201,0.851949
0,62.5,64.2593,41.4285,0.69638,0.797225
0,62.5,28.4904,42.5938,-0.320085,0.901772
0,62.5,64.2388,41.7248,0.68433,0.794496
0,62.5,28.6462,42.8302,-0.377624,0.848372
0,62.5,64.4496,41.5735,0.782495,0.81151
0,62.5,28.9624,43.2748,-0.489225,1.05651
0,62.5,64.2403,42.0103,0.53371,0.642127
0,62.5,29.3073,43.3049,0.000685557,0.984548
0,62.5,64.0167,42.3817,0.590719,0.727576
0,62.5,29.7295,43.4895,0.377082,0.680172
0,62.5,63.777,42.5378,0.728244,0.638729
0,62.5,30.8951,44.0555,-0.177262,0.380485
0,62.5,64.2698,42.5596,0.553467,0.528018
0,62.5,31.1254,44.108,0.0443936,-0.154991
0,62.5,64.023,42.6282,0.635771,0.653298
0,62.5,31.4191,44.0473,-0.0333326,0.10595
0,62.5,63.9275,43.0589,0.600765,0.488517
0,62.5,31.2106,43.8793,0.119926,0.0519707
0,62.5,64.0214,43.2924,0.53925,0.453371
0,62.5,31.6446,44.2019,0.0384264,0.0724323
0,62.5,63.8398,43.4998,0.544599,0.468647
0,62.5,32.155,44.2754,0.137981,0.123417
0,62.5,64.2936,43.3051,0.491219,0.443978
0,62.5,32.0952,44.5094,0.16121,0.11194
0,62.5,64.1112,43.5241,0.499144,0.469128
0,62.5,32.4852,44.8194,-0.200228,0.215761
0,62.5,63.9279,43.7327,0.494142,0.444467
0,62.5,32.9605,44.8451,0.184525,-0.162151
0,62.5,63.6602,43.7275,0.605058,0.533019
0,62.5,32.8305,45.1254,0.256099,-0.108626
0,62.5,64.0164,43.9679,0.43414,0.379391
0,62.5,32.5473,45.2476,0.0703306,0.0160871
0,62.5,63.4761,43.9387,0.68819,0.576976
0,62.5,33.0178,45.2744,0.214699,0.0557357
0,62.5,64.4602,43.7842,0.564832,0.43944
0,62.5,33.3484,45.3151,0.0842864,-0.00164649
0,62.5,63.7495,43.9568,0.523251,0.470408
0,62.5,33.3206,45.6167,0.269828,0.0403502
0,62.5,64.3717,44.2465,0.61996,0.347384
0,62.5,33.7729,45.4791,0.406523,-0.0789641
0,62.5,64.2812,43.9996,0.520871,0.399064
0,62.5,33.7904,45.734,0.287549,-0.165655
0,62.5,64.2079,44.4535,0.622541,0.337117
0,62.5,33.5242,45.9804,0.121355,0.237492
0,62.5,64.0406,44.662,0.717483,0.342082
0,62.5,33.8583,45.965,0.024252,-0.0815786
0,62.5,64.5713,44.7427,0.834316,0.224083
0,62.5,34.0096,45.5324,0.519491,-0.0728218
0,62.5,64.3054,44.7012,0.744683,0.282676
0,62.5,34.0603,45.7788,0.367469,-0.00874294
0,62.5,64.3987,44.9465,0.879528,0.27355
0,62.5,33.9496,46.2453,0.478811,-0.0582503
0,62.5,64.222,45.1482,0.811977,0.318262
0,62.5,33.3859,46.4947,-0.0458097,0.115077
0,62.5,64.2959,45.3966,0.794318,0.242713
0,62.5,33.3295,46.7607,0.0340437,0.0416744
0,62.5,64.1017,45.5939,0.825634,0.185971
0,62.5,33.4545,47.1653,0.116562,0.345595
0,62.5,64.1709,45.8409,0.868637,0.182573
0,62.5,33.2576,47.0111,-0.0515853,0.0719348
0,62.5,63.9124,45.7931,0.806015,0.292449
0,62.5,32.2615,47.8115,-0.0115139,0.252695
0,62.5,63.9665,46.0398,0.790434,0.183909
0,62.5,33.7228,47.0636,0.275167,0.0772657
0,62.5,64.0409,46.2927,0.763445,0.163974
0,62.5,31.8113,47.745,0.0287738,-0.208082
0,62.5,64.2188,46.0933,0.873799,0.150728
0,62.5,31.5658,47.5926,0.0902706,-0.117241
0,62.5,64.3005,46.3546,0.809426,0.222706
0,62.5,31.605,47.3327,0.171771,0.0794968
0,62.5,64.463,46.1585,0.847194,0.19437
0,62.5,31.3533,47.4378,0.192768,0.0186831
0,62.5,64.0999,46.538,0.684685,0.121246
0,62.5,31.1124,47.2719,-0.149296,-0.04118
0,62.5,64.3627,46.5992,0.7181,0.179909
0,62.5,31.0841,47.5096,-0.0421372,0.0281824
0,62.5,64.1633,46.7873,0.518899,0.107441
0,62.5,30.8096,47.5778,-0.00905358,0.00240287
0,62.5,64.2205,47.3176,0.599905,0.0368383
0,62.5,30.5378,48.1089,-0.102525,0.13499
0,62.5,64.3379,47.6191,0.435205,0.0595999
0,62.5,30.4763,48.3673,-0.392571,0.0421981
0,62.5,64.668,47.2156,0.699827,0.0950995
0,62.5,30.5678,48.5964,0.391109,-0.18064
0,62.5,64.6447,47.5053,0.794755,0.113075
0,62.5,30.1111,48.7362,0.23496,-0.196396
0,62.5,64.8732,47.348,0.836251,0.169167
0,62.5,30.5644,48.8698,0.229961,-0.249039
0,62.5,64.8311,47.6446,0.848213,0.1807
0,62.5,30.796,48.5214,0.455791,-0.0488042
0,62.5,65.0354,47.7659,0.84922,0.215403
0,62.5,29.8801,49.0576,0.0713744,-0.344701
0,62.5,64.6762,48.1193,0.453387,0.00703119
0,62.5,30.3403,48.9363,0.0260479,-0.185142
0,62.5,64.9716,48.0222,0.701492,0.129042
0,62.5,30.1149,49.006,0.0217115,-0.206389
0,62.5,64.903,48.2586,0.585345,0.0233292
0,62.5,29.8061,49.3087,0.00929437,-0.349481
0,62.5,65.1953,48.1086,0.766444,0.135769
0,62.5,29.389,49.0176,0.191165,-0.125664
0,62.5,64.8701,48.5061,0.63198,0.147194
0,62.5,29.0229,49.2536,0.236034,-0.0122396
0,62.5,64.8529,48.7575,0.528067,0.186593
0,62.5,27.6861,49.6702,-0.29215,-0.176582
0,62.5,64.8763,49.0165,0.453553,0.160534
0,62.5,27.8647,49.8825,-0.136257,-0.0527183
0,62.5,65.3355,48.7249,0.529435,-0.00555505
0,62.5,27.3427,49.896,-0.325518,-0.16302
0,62.5,65.3339,48.9804,0.404818,-0.0937525
0,62.5,27.3941,49.6593,-0.402655,-0.0192567
0,62.5,65.6029,49.3731,0.126356,-0.175278
0,62.5,26.464,50.0803,-0.698402,0.0506756
0,62.5,65.8417,49.7848,-0.0621993,0.00747832
0,62.5,26.8008,49.9413,-0.466315,-0.0773698
0,62.5,65.6604,50.2468,-0.127906,-0.183764
0,62.5,26.3392,50.3348,-0.78014,0.168365
0,62.5,65.6425,49.949,0.15313,-0.182003
0,62.5,25.7452,49.9633,-0.346981,0.109101
0,62.5,66.2892,50.013,-0.1514,-0.0329053
0,62.5,23.617,50.644,0.257392,0.0798689
0,62.5,65.7596,50.7825,0.318215,-0.156188
0,62.5,23.9507,51.0253,-0.0749552,0.0175431
0,62.5,65.6282,51.0052,0.511981,0.0273468
0,62.5,22.415,50.8153,-0.015505,0.0937039
0,62.5,65.8851,51.0037,0.337915,-0.0268017
0,62.5,2.28711,31.8005,-1.08134,1.14755
0,62.5,73.0461,39.2531,0.427345,-0.575409
0,62.5,2.38406,27.2301,0.535958,-5.11901
0,62.5,75.9259,34.8565,-0.450713,2.73455
0,62.5,2.46334,24.2821,2.21666,-8.52243
0,62.5,74.7289,33.6938,0.716168,-0.402716
0,62.5,6.05228,23.2869,5.66514,-6.44079
0,62.5,74.1066,29.885,2.73742,-2.42134
0,62.5,2.13383,25.3256,2.17624,-8.15334
0,62.5,72.8486,30.8271,2.98191,-2.08343
0,62.5,10.1028,32.77,-1.90802,-0.312389
0,62.5,74.9821,28.8248,1.47254,-3.58758
0,62.5,10.8721,33.0601,-1.99704,-0.364723
0,62.5,75.6716,34.0201,-0.0753337,2.77113
0,62.5,11.2159,32.6902,-2.18806,-0.661385
0,62.5,75.7638,32.8955,0.159727,2.7793
0,62.5,12.1295,32.9875,-2.51241,-0.732201
0,62.5,72.7752,30.5942,3.30808,-2.45662
0,62.5,14.9211,35.6127,-3.20401,0.506627
0,62.5,73.445,30.0672,2.7903,-2.24847
0,62.5,13.9907,34.8656,-3.01086,-0.144712
0,62.5,72.1608,30.7393,3.06791,-2.80196
0,62.5,15.4457,36.3077,-2.78635,0.922869
0,62.5,71.3927,31.8459,2.3496,-1.62021
0,62.5,17.4113,37.7862,-2.58324,1.46904
0,62.5,69.4288,34.7173,2.44526,-1.58332
0,62.5,17.134,37.8553,-2.52351,1.39906
0,62.5,68.8263,35.1668,2.00267,-0.149107
0,62.5,19.1331,38.3494,-1.62568,1.76511
0,62.5,69.0406,35.0393,2.09871,-0.52243
0,62.5,18.5267,38.149,-1.77327,1.23392
0,62.5,68.3011,35.5903,1.37372,-0.0788779
0,62.5,20.5977,39.1836,-1.23686,1.5221
0,62.5,67.8441,35.8833,2.0406,-0.0367012
0,62.5,20.3307,39.261,-1.31302,1.66248
0,62.5,66.7441,37.1738,0.800503,0.593479
0,62.5,19.4024,38.5255,-1.56473,1.91397
0,62.5,66.8875,36.908,0.518709,0.580159
0,62.5,20.8574,39.3828,-1.10195,1.49016
0,62.5,66.5774,37.3763,0.897532,0.478702
0,62.5,20.843,39.1438,-1.48209,1.56428
0,62.5,66.4001,37.2346,0.916021,0.563593
0,62.5,21.7707,39.4113,-1.26337,1.3959
0,62.5,66.1108,37.7322,0.960919,0.304979
0,62.5,21.3957,39.354,-1.50189,1.19112
0,62.5,65.7919,38.0595,0.434223,0.649274
0,62.5,22.9882,40.3645,-0.842508,1.26828
0,62.5,65.5357,38.0982,0.496966,0.595605
0,62.5,23.8576,41.0997,-0.448141,1.21846
0,62.5,65.6206,38.3221,0.539813,0.713128
0,62.5,23.9719,40.897,-0.694106,0.98616
0,62.5,65.1269,38.5735,0.582259,0.655775
0,62.5,24.5057,41.5077,-0.543462,0.980548
0,62.5,65.369,38.4168,0.529691,0.466895
0,62.5,25.6321,41.68,-0.40974,1.01294
0,62.5,65.345,38.6798,0.731352,0.468548
0,62.5,25.2457,41.5171,-0.459064,1.37023
0,62.5,64.8147,39.608,0.634918,0.473161
0,62.5,26.0913,41.7899,-0.776798,1.17966
0,62.5,64.8717,39.3282,0.591565,0.54655
0,62.5,26.3108,41.9398,-0.75182,1.02674
0,62.5,64.7677,39.8842,0.751471,0.523261
0,62.5,25.5195,41.4776,-0.610833,1.35245
0,62.5,64.9736,39.9921,0.647407,0.503694
0,62.5,26.5696,41.8593,-0.601896,1.06428
0,62.5,65.222,39.811,0.601841,0.520968
0,62.5,27.2768,42.1832,-0.367453,1.31229
0,62.5,64.842,40.5624,0.264426,0.56322
0,62.5,27.5444,42.1409,-0.255535,1.56598
0,62.5,64.8164,40.8538,0.493508,0.573216
0,62.5,28.3006,42.3485,0.193018,0.924259
0,62.5,64.6217,40.7337,0.292874,0.623267
0,62.5,28.597,42.3991,-0.102926,0.939439
0,62.5,64.7547,41.1357,0.53484,0.607118
0,62.5,28.7775,42.6449,-0.31158,0.966974
0,62.5,64.5621,41.0014,0.467589,0.69048
0,62.5,28.9382,42.888,-0.435577,1.03907
0,62.5,64.6983,41.4192,0.671156,0.571081
0,62.5,28.7972,43.0661,-0.447046,1.07375
0,62.5,64.5093,41.2945,0.592965,0.698912
0,62.5,29.1196,43.1086,-0.336759,1.24852
0,62.5,64.4459,41.8813,0.691764,0.67091
0,62.5,30.0434,43.8009,0.429545,0.644649
0,62.5,64.251,42.299,0.511228,0.602924
0,62.5,30.6699,43.9248,0.0721693,0.237837
0,62.5,64.4504,42.1868,0.554935,0.569168
0,62.5,30.034,43.5393,0.57217,0.894226
0,62.5,64.4849,42.5021,0.418793,0.394877
0,62.5,30.5033,43.7638,0.340527,0.605277
0,62.5,64.1102,42.8501,0.479604,0.622813
0,62.5,30.9398,43.8176,-0.0405689,0.373908
0,62.5,64.2028,43.075,0.467056,0.477918
0,62.5,31.4688,43.8031,0.102116,0.173622
0,62.5,64.3568,42.8046,0.427122,0.494184
0,62.5,31.9245,44.1235,0.18129,0.206827
0,62.5,64.454,43.0529,0.47714,0.453169
0,62.5,32.4432,44.1946,0.308783,0.220205
0,62.5,64.5451,43.3038,0.48621,0.381799
0,62.5,32.3769,44.4249,0.107414,0.0804875
0,62.5,64.3792,43.5421,0.447549,0.420479
0,62.5,32.2972,44.6684,0.0650024,0.316635
0,62.5,64.9356,43.071,0.576386,0.393695
0,62.5,33.3135,45.1055,0.119971,-0.0329885
0,62.5,64.1966,43.7583,0.452688,0.369023
0,62.5,33.5672,45.0397,0.139462,-0.0819481
0,62.5,64.7854,43.3029,0.53268,0.355701
0,62.5,33.6499,45.2463,0.0373045,0.0785482
0,62.5,64.6342,43.5546,0.567209,0.490924
0,62.5,33.7207,44.7827,0.273138,-0.00178628
0,62.5,64.7102,43.8094,0.621272,0.493407
0,62.5,33.5245,45.4822,0.192822,0.310525
0,62.5,64.539,44.0337,0.609796,0.338918
0,62.5,33.9077,45.2445,0.406406,0.148631
0,62.5,64.6297,44.289,0.761965,0.31761
0,62.5,33.8303,44.9923,0.299991,0.00054929
0,62.5,64.4701,44.4982,0.725602,0.265675
0,62.5,34.0667,45.0124,0.485808,0.0167955
0,62.5,64.887,44.321,0.968919,0.364025
0,62.5,34.1417,45.2811,0.690681,-0.20425
0,62.5,64.7351,44.5374,0.875771,0.243749
0,62.5,34.4176,45.2657,0.598784,-0.401352
0,62.5,64.6596,44.9914,0.933904,0.241104
0,62.5,34.2512,45.5103,0.775066,-0.131103
0,62.5,64.4817,45.1958,0.978757,0.217892
0,62.5,34.1058,46.0326,0.287227,-0.204892
0,62.5,64.5535,45.4433,0.978373,0.194242
0,62.5,33.5849,46.6502,-0.0666401,0.226827
0,62.5,64.3621,45.645,0.928082,0.174297
0,62.5,33.7845,46.7664,0.264037,0.183155
0,62.5,64.8062,45.4871,1.08017,0.218046
0,62.5,33.5299,46.9147,0.119457,0.244035
0,62.5,64.6172,45.6957,1.03224,0.153348
0,62.5,34.0321,46.6927,0.273441,-0.147991
0,62.5,64.8649,45.7455,0.978233,0.256191
0,62.5,33.9345,47.2505,0.237494,0.0255821
0,62.5,64.4251,45.8966,0.857431,0.195171
0,62.5,33.9466,46.9549,0.196326,0.101941
0,62.5,65.0995,45.8026,0.971893,0.306996
0,62.5,32.9067,47.3732,0.142998,0.155555
0,62.5,64.6675,45.9555,0.852391,0.268985
0,62.5,33.1839,47.2643,0.0121966,0.173475
0,62.5,64.8963,46.0163,0.863138,0.348618
0,62.5,32.6434,47.5393,0.629103,-0.328395
0,62.5,64.6952,46.2324,0.873237,0.329078
0,62.5,32.4561,47.3783,-0.211878,0.0599222
0,62.5,64.9215,46.2997,0.861324,0.280075
0,62.5,33.126,47.4999,-0.12974,0.293994
0,62.5,64.5654,46.4384,0.835663,0.327136
0,62.5,31.0174,47.7431,0.0650476,0.0507193
0,62.5,64.4156,46.853,0.560862,0.142384
0,62.5,32.0143,47.9045,-0.177259,-0.0991254
0,62.5,64.8307,46.529,0.917148,0.323239
0,62.5,30.5362,47.6529,-0.191557,0.151107
0,62.5,64.4341,47.1095,0.598648,0.100823
0,62.5,31.2952,47.6753,0.0682526,-0.0650781
0,62.5,64.4461,47.3799,0.678186,0.232142
0,62.5,30.9851,48.2221,0.0486021,0.0511055
0,62.5,64.6267,46.6839,0.788918,0.316556
0,62.5,30.7453,47.8153,-0.0641685,0.154589
0,62.5,64.6567,46.9508,0.676389,0.228499
0,62.5,30.7277,48.2882,-0.242686,0.00131671
0,62.5,64.8861,47.0614,0.800279,0.266928
0,62.5,30.7935,48.0361,0.0575664,0.0615843
0,62.5,65.0627,47.4825,0.893906,0.129186
0,62.5,31.0288,48.4596,0.638919,-0.209659
0,62.5,65.1351,48.3559,0.621883,0.0959336
0,62.5,30.7913,48.7925,0.323112,-0.0653238
0,62.5,65.2739,47.5721,0.78163,0.13032
0,62.5,31.0071,48.9912,0.359109,-0.131502
0,62.5,65.4094,48.2224,0.759048,0.0720341
0,62.5,30.5344,49.1447,0.0604776,-0.138452
0,62.5,65.1045,48.6054,0.551442,0.16309
0,62.5,30.302,49.2144,-0.017799,-0.208667
0,62.5,65.6308,48.3152,0.585928,0.100567
0,62.5,30.0586,49.2748,0.039414,-0.313684
0,62.5,65.0913,48.8587,0.514076,0.179449
0,62.5,29.5265,49.3076,0.28351,-0.232121
0,62.5,65.5882,48.5722,0.487927,0.00890496
0,62.5,29.2834,49.2506,0.377424,-0.100343
0,62.5,65.3621,48.4723,0.545806,-0.0117112
0,62.5,28.3285,49.4242,-0.142032,-0.0401476
0,62.5,65.8024,49.2209,0.14068,0.00348845
0,62.5,28.0485,49.4174,-0.324386,0.0325673
0,62.5,65.5692,49.096,0.318048,-0.0709752
0,62.5,27.4919,50.124,-0.253681,-0.408091
0,62.5,66.2674,49.7483,-0.342,0.00934218
0,62.5,27.5963,49.8863,-0.285501,-0.189454
0,62.5,66.0568,49.8985,-0.186848,0.0489057
0,62.5,25.9288,50.5876,-0.740441,0.146904
0,62.5,66.0717,50.1747,-0.152084,-0.0861892
0,62.5,26.0822,50.3524,-0.726045,0.183487
0,62.5,66.3042,50.2727,-0.233348,-0.0665662
0,62.5,25.8065,50.3769,-0.771364,0.236692
0,62.5,66.3373,50.5425,-0.364291,0.0852443
0,62.5,24.5462,50.6885,-0.419384,0.151079
0,62.5,66.1015,50.4532,-0.213806,-0.191154
0,62.5,25.1105,50.5687,-0.81346,0.0306612
0,62.5,65.9538,50.6652,0.179439,-0.135618
0,62.5,22.581,51.0276,0.0465942,0.0896947
0,62.5,66.1045,50.9879,0.308553,-0.101592
0,62.5,2.11079,23.4652,0.899387,-8.65315
0,62.5,73.3082,30.3866,2.79093,-2.60572
0,62.5,2.14051,24.4502,1.72567,-8.72075
0,62.5,75.7913,33.7749,-0.0536538,2.43882
0,62.5,1.26918,26.4864,0.728481,-5.06817
0,62.5,71.5583,32.0116,2.52793,-2.32214
0,62.5,2.09194,27.3198,-0.100467,-6.08
0,62.5,72.1742,31.0846,3.1572,-2.10174
0,62.5,4.22003,28.8968,-4.61404,-2.06218
0,62.5,75.4437,34.0141,-0.00306562,2.21232
0,62.5,3.76979,28.576,-5.29362,-2.63092
0,62.5,74.7104,29.1126,2.12317,-3.48325
0,62.5,11.9278,32.9374,-2.34407,-0.856517
0,62.5,73.8592,30.045,2.75509,-2.72958
0,62.5,12.9404,33.1635,-2.27551,-0.895923
0,62.5,71.6506,31.4089,3.37947,-2.31949
0,62.5,12.6294,33.8028,-2.3653,-0.126187
0,62.5,74.9141,29.2355,2.08761,-2.7487
0,62.5,13.6103,34.2046,-2.7546,-0.424929
0,62.5,71.887,31.2694,2.98298,-2.7068
0,62.5,15.4837,36.076,-2.95659,0.653186
0,62.5,70.6441,32.8423,2.73724,-1.99352
0,62.5,16.006,36.7099,-2.78486,1.23861
0,62.5,69.2471,35.052,2.24625,-1.46135
0,62.5,15.182,35.9877,-3.06301,0.943199
0,62.5,68.5359,35.3386,1.66903,-0.354579
0,62.5,16.8439,37.3252,-2.55686,1.35282
0,62.5,67.4199,36.5604,1.08198,0.717618
0,62.5,17.2092,37.6242,-2.1697,1.52706
0,62.5,68.0854,35.7384,1.64544,0.199353
0,62.5,16.4494,37.0759,-2.78605,0.976695
0,62.5,67.2891,36.7711,0.79576,0.32164
0,62.5,17.8803,37.9213,-2.15616,1.69961
0,62.5,67.5126,36.2929,0.750288,0.557707
0,62.5,18.1486,37.8653,-2.4794,1.19355
0,62.5,67.058,37.0435,0.905043,0.343616
0,62.5,18.7938,38.1599,-1.88665,1.52718
0,62.5,67.0922,36.7264,0.715433,0.399176
0,62.5,20.2857,39.0464,-1.4657,1.91086
0,62.5,66.9364,37.2872,1.11858,0.361876
0,62.5,21.323,39.1136,-1.34008,1.33706
0,62.5,66.4606,37.6171,0.987942,0.553398
0,62.5,21.9831,39.8805,-0.89157,1.58249
0,62.5,66.751,37.5261,1.07347,0.619324
0,62.5,22.0451,39.6541,-0.94354,1.58283
0,62.5,66.0429,38.0074,0.425757,0.433737
0,62.5,22.2576,39.8718,-0.946342,1.57294
0,62.5,66.2796,37.8778,0.867687,0.547214
0,62.5,23.3083,40.4156,-0.804107,1.45829
0,62.5,65.8813,38.2822,0.39477,0.468561
0,62.5,22.7967,40.1298,-0.836239,1.30654
0,62.5,65.3328,38.9641,0.589107,0.504943
0,62.5,24.2952,41.3409,-0.549212,0.94856
0,62.5,65.5623,38.8501,0.482759,0.437649
0,62.5,24.7377,41.3919,-0.555674,1.23198
0,62.5,65.5843,38.5765,0.519015,0.508116
0,62.5,24.9734,41.5593,-0.435481,1.32068
0,62.5,65.3095,39.2514,0.622389,0.407611
0,62.5,25.8848,41.6079,-0.646086,1.11324
0,62.5,65.1067,39.1395,0.834946,0.679132
0,62.5,25.3162,41.2881,-0.577629,1.61938
0,62.5,65.0206,39.7109,0.7949,0.486789
0,62.5,25.8128,41.4015,-0.628507,1.46409
0,62.5,65.2769,39.5354,0.655394,0.42237
0,62.5,26.3432,41.6881,-0.608882,1.27341
0,62.5,64.9278,40.2664,0.472336,0.671402
0,62.5,26.8433,41.798,-0.59949,1.25837
0,62.5,65.1029,40.3987,0.346922,0.61899
0,62.5,27.732,42.3452,-0.137936,1.18712
0,62.5,65.313,40.5124,0.383464,0.685817
0,62.5,29.0708,42.7012,-0.37189,0.884207
0,62.5,65.0465,40.6655,0.312526,0.44165
0,62.5,29.2377,42.9117,-0.442948,0.956429
0,62.5,65.0264,40.9443,0.454665,0.473443
0,62.5,29.6091,42.9434,0.0644188,1.00987
0,62.5,64.9417,41.2371,0.538538,0.411611
0,62.5,29.4299,43.0966,-0.306981,0.999146
0,62.5,64.8925,41.5339,0.566495,0.417155
0,62.5,29.9479,43.333,0.412838,1.11461
0,62.5,64.6446,41.7066,0.802068,0.635537
0,62.5,29.5949,43.2978,-0.0195904,0.916996
0,62.5,65.0669,41.9251,0.781158,0.374441
0,62.5,30.2713,43.6424,0.389515,0.900458
0,62.5,64.843,41.8165,0.67472,0.510793
0,62.5,30.312,43.4025,0.62494,0.856013
0,62.5,64.6481,42.013,0.67788,0.603388
0,62.5,30.5412,43.5085,0.701403,0.852753
0,62.5,64.6582,42.305,0.564658,0.399445
0,62.5,30.7649,43.6517,0.241133,0.302096
0,62.5,64.7314,42.5568,0.482731,0.389693
0,62.5,31.1366,43.6562,-0.0692,0.528268
0,62.5,64.5803,42.7763,0.44577,0.368419
0,62.5,32.2088,44.0451,0.2121,0.300999
0,62.5,64.829,42.8153,0.4667,0.395137
0,62.5,32.724,44.1135,0.454339,0.194402
0,62.5,64.6863,43.0434,0.443545,0.324031
0,62.5,32.6728,44.345,0.333333,0.212062
0,62.5,65.2671,43.3646,0.742422,0.436293
0,62.5,32.582,44.5704,-0.014844,0.129766
0,62.5,65.0287,43.3338,0.655725,0.489416
0,62.5,33.0989,45.0238,0.189057,0.00898627
0,62.5,65.3471,43.6367,0.8816,0.487726
0,62.5,33.4345,44.8389,0.42263,-0.133614
0,62.5,65.1132,43.6046,0.715485,0.497354
0,62.5,33.229,44.7729,-0.116831,0.102738
0,62.5,65.1907,43.8731,0.81329,0.468503
0,62.5,33.3557,44.5007,0.429555,-0.131084
0,62.5,64.8739,43.5646,0.60623,0.443536
0,62.5,33.5577,44.6073,0.300283,-0.283166
0,62.5,64.9507,43.8347,0.71237,0.479317
0,62.5,33.6579,44.3741,0.298554,-0.150842
0,62.5,64.7896,44.0692,0.794296,0.414269
0,62.5,33.8522,44.5247,0.394185,-0.0019418
0,62.5,65.1477,44.3503,1.03296,0.32485
0,62.5,34.4435,44.8215,0.707941,-0.376871
0,62.5,65.0374,44.0964,0.90653,0.421369
0,62.5,34.2016,44.7798,0.507608,0.0287846
0,62.5,64.9974,44.5693,0.949542,0.342197
0,62.5,34.3086,45.0551,0.665088,-0.408749
0,62.5,64.8346,44.7858,0.975065,0.196637
0,62.5,34.3021,45.7607,0.597826,-0.419579
0,62.5,64.9244,45.0218,1.06609,0.255932
0,62.5,34.7094,45.2049,1.01485,-0.266905
0,62.5,64.7432,45.2353,1.06289,0.221113
0,62.5,33.8647,46.4893,0.119209,-0.0155042
0,62.5,65.1718,45.0323,1.19006,0.429088
0,62.5,34.1202,46.445,0.307358,-0.112583
0,62.5,64.9953,45.2738,1.16267,0.261039
0,62.5,34.3076,46.6418,0.135484,-0.0148392
0,62.5,65.2373,45.2918,1.18805,0.412876
0,62.5,34.4152,46.4155,0.16752,-0.202868
0,62.5,65.0528,45.5328,1.11474,0.253268
0,62.5,34.2165,46.8708,0.501142,-0.119645
0,62.5,65.5049,45.6394,1.08043,0.46129
0,62.5,34.5083,46.8243,0.287772,0.044947
0,62.5,65.2854,45.5632,1.15373,0.406311
0,62.5,34.1357,47.1286,0.327628,0.0956572
0,62.5,65.3239,45.8507,0.949325,0.365801
0,62.5,34.4036,47.0417,0.269752,-0.228728
0,62.5,65.1194,46.0786,0.911958,0.295724
0,62.5,33.4114,47.412,0.142138,0.373184
0,62.5,65.5454,46.2252,1.07984,0.143603
0,62.5,34.7828,46.7833,0.270254,-0.365041
0,62.5,65.3254,46.1529,1.00024,0.249245
0,62.5,33.6795,47.3107,0.112638,0.238458
0,62.5,65.5175,46.8038,0.774554,0.309815
0,62.5,33.0783,47.7549,-0.389769,0.722026
0,62.5,65.1344,46.3803,0.976869,0.246651
0,62.5,32.5015,47.7231,0.0572802,-0.313031
0,62.5,65.5112,47.1141,0.914412,0.142548
0,62.5,31.7639,48.0027,-0.14394,-0.126084
0,62.5,65.3096,46.7108,0.910187,0.13192
0,62.5,32.8597,47.6342,0.472553,0.523496
0,62.5,65.314,46.999,0.893203,0.217132
0,62.5,31.559,47.8296,0.0874282,-0.153902
0,62.5,65.3549,46.4455,1.02582,0.14805
0,62.5,31.3056,47.9074,0.209249,-0.0729449
0,62.5,65.0803,46.6278,0.895603,0.271142
0,62.5,31.2419,48.1571,0.0595921,0.0148719
0,62.5,64.8732,46.7849,0.869093,0.337055
0,62.5,31.049,47.9692,0.165122,-0.0882485
0,62.5,65.1024,46.9003,0.884145,0.246585
0,62.5,31.2673,48.3954,0.44562,-0.14774
0,62.5,65.0936,47.1891,0.881386,0.251926
0,62.5,31.0213,48.7268,0.390627,-0.042998
0,62.5,65.2499,47.8477,0.837993,0.150452
0,62.5,31.2459,48.9146,0.380123,-0.00745285
0,62.5,65.4587,47.9591,0.798216,0.135936
0,62.5,30.1579,49.7296,0.044599,-0.159152
0,62.5,65.6705,48.0513,0.657921,0.121525
0,62.5,30.7707,49.0608,0.232726,-0.113362
0,62.5,65.8451,48.4282,0.459182,0.0882516
0,62.5,30.4862,49.4158,0.181256,-0.0881679
0,62.5,66.0568,48.5464,0.274254,0.0902271
0,62.5,29.9785,49.5217,-0.0684149,-0.325053
0,62.5,65.8077,48.6905,0.320719,-0.062509
0,62.5,30.2406,49.4781,0.0593718,-0.218448
0,62.5,65.7937,48.9545,0.249939,-0.0872012
0,62.5,29.1739,49.4818,0.106013,-0.0542933
0,62.5,65.5674,48.8305,0.44369,-0.0554698
0,62.5,29.4284,49.5236,0.103748,-0.184581
0,62.5,66.0299,49.3441,-0.0893326,0.0104275
0,62.5,28.9075,49.4772,0.171774,0.00143719
0,62.5,65.8212,49.5056,-0.0840813,-0.0115458
0,62.5,27.957,49.6472,-0.211767,-0.0187552
0,62.5,66.6937,49.4566,-0.355467,-0.13343
0,62.5,26.6859,50.1539,-0.623958,-0.0128316
0,62.5,66.4817,49.5983,-0.36314,-0.132011
0,62.5,26.9658,50.1508,-0.478567,-0.122998
0,62.5,66.5098,49.8603,-0.365958,-0.0236675
0,62.5,26.1949,50.5713,-0.695907,0.245655
0,62.5,66.5357,50.1143,-0.272966,0.0434593
0,62.5,24.8213,50.625,-0.749077,0.218745
0,62.5,66.431,50.778,-0.0534979,0.175816
0,62.5,24.692,50.877,-0.748722,0.23363
0,62.5,66.165,50.7434,0.0388017,0.0180835
0,62.5,25.4423,50.3059,-0.445163,0.212284
0,62.5,66.3427,51.0001,0.303811,0.221504
0,62.5,22.8485,51.0056,0.197297,-0.0600338
0,62.5,66.5977,51.0234,0.327741,-0.125062
0,62.5,4.08963,23.2749,3.39205,-8.51387
0,62.5,75.241,34.0772,-0.260578,1.79506
0,62.5,1.494,28.0958,-0.699952,-5.45819
0,62.5,73.1818,30.1687,3.25685,-2.41426
0,62.5,3.98924,22.212,4.27153,-10.0532
0,62.5,76.0749,31.8449,0.120622,1.34294
0,62.5,8.88615,32.3283,-0.507621,0.479192
0,62.5,70.226,34.2208,2.13722,-0.711712
0,62.5,10.4759,32.7834,-2.01503,-0.243207
0,62.5,75.075,29.2211,1.9711,-3.04316
0,62.5,10.6805,32.8206,-1.85447,-0.102339
0,62.5,72.5867,30.7787,3.02802,-2.34314
0,62.5,12.7376,33.4822,-2.71393,-0.78523
0,62.5,75.2347,32.674,0.652483,0.630548
0,62.5,11.6812,32.6127,-2.29011,-0.868636
0,62.5,71.8506,31.5457,3.07603,-2.28135
0,62.5,13.1805,32.8434,-2.21216,-1.40262
0,62.5,69.0884,35.3033,1.81425,-0.6822
0,62.5,14.4035,35.3064,-3.02993,0.170714
0,62.5,70.5389,33.0601,2.7664,-1.75874
0,62.5,14.514,35.0867,-3.17755,-0.233755
0,62.5,71.2183,32.1037,2.95673,-1.89928
0,62.5,15.8491,36.3982,-2.84011,0.951347
0,62.5,70.0934,34.053,2.16527,-0.758071
0,62.5,16.3243,36.7741,-2.59307,1.12042
0,62.5,68.124,35.9681,1.24623,0.704504
0,62.5,16.6684,37.0319,-2.57268,1.26521
0,62.5,67.8112,36.1121,1.20026,0.425205
0,62.5,16.9571,37.1453,-2.44811,1.20002
0,62.5,67.7688,36.3436,1.18996,0.485786
0,62.5,17.6016,37.6758,-2.64355,1.3131
0,62.5,67.6504,36.5701,1.15903,0.105037
0,62.5,20.5413,38.9589,-1.21771,1.73085
0,62.5,67.4365,36.9387,0.967181,0.280866
0,62.5,21.0548,38.9863,-1.45643,1.28711
0,62.5,66.6907,38.0167,0.58858,0.758375
0,62.5,21.9187,39.241,-0.960428,1.28538
0,62.5,66.5219,38.5793,0.657355,0.635348
0,62.5,22.1015,39.4658,-1.02954,1.26342
0,62.5,66.7791,37.7413,0.803257,0.785231
0,62.5,21.5962,39.2156,-1.41473,1.42386
0,62.5,67.2437,37.1329,1.16605,0.436462
0,62.5,22.5648,39.8961,-0.757817,1.4257
0,62.5,66.5329,37.8455,0.834937,0.613827
0,62.5,23.1092,40.1832,-0.716739,1.37765
0,62.5,66.3955,38.1028,0.606176,0.620234
0,62.5,23.6182,40.4587,-0.769312,1.42517
0,62.5,66.0768,38.4554,0.525043,0.52015
0,62.5,24.1363,41.1201,-0.515889,1.01572
0,62.5,66.1588,38.208,0.444907,0.453556
0,62.5,24.8008,41.1698,-0.34189,1.56548
0,62.5,66.0268,38.7234,0.692469,0.471193
0,62.5,24.5043,41.2337,-0.406824,1.35741
0,62.5,65.8276,38.5355,0.455283,0.480598
0,62.5,25.0274,41.3354,-0.576701,1.41239
0,62.5,65.7889,38.8081,0.544587,0.253458
0,62.5,25.097,41.1078,-0.691147,1.77333
0,62.5,65.5414,39.1213,0.479171,0.463749
0,62.5,25.6053,41.2493,-0.61,1.34021
0,62.5,65.4764,39.6845,0.611756,0.748046
0,62.5,26.136,41.5283,-0.604406,1.34836
0,62.5,65.0736,39.4303,0.781948,0.473285
0,62.5,26.5944,41.6175,-0.671438,1.20335
0,62.5,65.3533,40.2421,0.478547,0.71159
0,62.5,28.0251,42.3197,-0.123177,1.24007
0,62.5,65.5117,39.4032,0.565496,0.414656
0,62.5,27.3422,41.9503,-0.361743,1.42904
0,62.5,65.1734,40.0976,0.501929,0.628935
0,62.5,28.446,42.1685,-0.140855,1.02742
0,62.5,65.5293,40.5661,0.441825,0.516219
0,62.5,28.9108,42.4673,0.00841043,0.80085
0,62.5,65.4095,40.9267,0.490218,0.538798
0,62.5,29.4142,42.7596,-0.00238862,1.10252
0,62.5,65.2642,40.769,0.259649,0.542197
0,62.5,29.7839,42.8092,0.47354,1.27287
0,62.5,65.1853,41.0919,0.455082,0.52292
0,62.5,29.9822,43.0227,0.349639,1.19594
0,62.5,65.0889,41.6594,0.666006,0.460839
0,62.5,29.7806,43.1399,0.186625,1.04494
0,62.5,65.3091,41.7815,0.658797,0.420234
0,62.5,30.1712,43.2165,0.327838,0.962959
0,62.5,65.1775,42.1241,0.582375,0.704454
0,62.5,30.6538,43.3037,0.660609,0.919902
0,62.5,65.4068,41.9787,0.677987,0.58761
0,62.5,30.8832,43.4648,0.566515,0.508979
0,62.5,64.9182,42.33,0.570192,0.484247
0,62.5,31.4272,43.5903,-0.0734066,0.462618
0,62.5,64.8705,42.1045,0.650063,0.445944
0,62.5,31.7355,43.7314,0.31841,0.433973
0,62.5,64.9805,42.5835,0.479175,0.349965
0,62.5,31.6944,43.967,0.199836,0.0483964
0,62.5,65.2459,42.6112,0.638163,0.618728
0,62.5,31.9682,43.894,0.30666,0.251567
0,62.5,65.0782,42.8308,0.553206,0.52501
0,62.5,32.8796,44.5072,0.259068,0.210192
0,62.5,65.328,42.8661,0.666144,0.638012
0,62.5,32.7702,44.7394,0.161175,0.279193
0,62.5,65.1761,43.0942,0.6223,0.503864
0,62.5,33.1017,44.577,0.19928,-0.262126
0,62.5,65.5003,43.4043,0.89102,0.568434
0,62.5,33.2518,44.0587,0.674583,-0.158807
0,62.5,65.4336,43.9155,0.919817,0.302394
0,62.5,33.2024,44.3168,0.541185,-0.278441
0,62.5,65.2936,44.1387,1.00366,0.343611
0,62.5,33.4522,44.2343,0.56684,-0.16049
0,62.5,65.4655,44.2823,0.884287,0.630505
0,62.5,33.7198,44.1325,0.599537,-0.165509
0,62.5,65.2859,44.5381,0.967266,0.549829
0,62.5,33.9831,44.0134,0.64264,-0.0122348
0,62.5,65.7477,44.5953,0.992156,0.545381
0,62.5,33.9407,44.2727,0.57439,0.0109561
0,62.5,65.5215,44.5313,0.994757,0.532709
0,62.5,33.9779,44.7298,0.489641,0.500647
0,62.5,65.3506,44.7877,1.0713,0.539817
0,62.5,34.5656,44.5722,0.825313,-0.470499
0,62.5,65.1052,44.7857,1.00501,0.353845
0,62.5,34.5879,45.0312,0.809686,-0.547809
0,62.5,65.5782,44.8165,1.10126,0.541699
0,62.5,34.3204,44.5503,0.500409,0.0287808
0,62.5,65.4119,45.0611,1.21905,0.544856
0,62.5,34.6285,44.3062,0.715695,-0.413371
0,62.5,65.8582,45.1795,1.13305,0.605612
0,62.5,34.8931,44.9175,0.824315,-0.264211
0,62.5,65.6334,45.1046,1.21961,0.509698
0,62.5,34.2428,46.2258,0.221145,-0.272394
0,62.5,65.6867,45.3956,1.14528,0.570323
0,62.5,34.5056,45.481,0.692082,-0.122509
0,62.5,65.4676,45.3453,1.1725,0.50337
0,62.5,34.753,45.4348,0.696501,-0.320188
0,62.5,66.3284,45.6267,0.872222,0.533751
0,62.5,34.3797,45.9817,0.583384,-0.161266
0,62.5,65.7475,45.9771,1.06506,0.424348
0,62.5,34.6514,45.9332,0.568731,-0.227036
0,62.5,65.9309,46.4439,0.866561,0.483848
0,62.5,34.5972,46.5936,0.577828,-0.194509
0,62.5,65.5253,45.9485,1.03921,0.205382
0,62.5,34.5317,46.1759,0.696917,-0.13453
0,62.5,65.5656,46.5185,0.890879,0.173384
0,62.5,34.6948,46.3561,0.566557,-0.186827
0,62.5,65.7569,46.2897,0.922756,0.490353
0,62.5,34.7018,47.0211,0.265969,-0.164603
0,62.5,66.1413,46.3526,0.653655,0.135966
0,62.5,34.3079,47.303,0.243712,0.0146064
0,62.5,65.756,46.6294,0.760679,0.540387
0,62.5,34.1506,47.4675,0.132163,-0.194588
0,62.5,65.942,46.7753,0.900385,0.268431
0,62.5,35.0595,46.7215,0.173848,-0.552179
0,62.5,65.7111,46.922,0.857492,0.294575
0,62.5,33.897,47.4916,0.139998,0.0206746
0,62.5,65.9333,47.0448,0.765243,0.259786
0,62.5,34.357,47.6896,-0.130317,-0.554093
0,62.5,65.7249,47.2074,0.74635,0.242585
0,62.5,32.2655,48.0525,-0.259504,0.271847
0,62.5,66.1622,47.1627,0.610124,0.374944
0,62.5,33.3465,47.6421,-0.157639,0.357524
0,62.5,65.5057,47.4006,0.775683,0.186698
0,62.5,32.7772,47.857,-0.67431,0.347256
0,62.5,65.9413,47.3223,0.585367,0.269376
0,62.5,33.2786,47.9004,-0.399025,0.583466
0,62.5,65.2936,47.2952,0.886464,0.172341
0,62.5,31.7608,48.2447,0.00755558,-0.0953201
0,62.5,65.7172,47.4916,0.59358,0.210319
0,62.5,31.5037,48.0847,0.00202823,-0.0676273
0,62.5,65.4862,47.6791,0.745297,0.121518
0,62.5,31.2539,48.6562,0.534978,-0.0446805
0,62.5,65.9258,47.6034,0.420247,0.255908
0,62.5,31.486,48.8325,0.279631,-0.0394468
0,62.5,65.6952,47.773,0.603078,0.153097
0,62.5,31.4654,49.0943,0.116465,0.0112662
0,62.5,66.091,48.2739,0.285399,0.139795
0,62.5,31.2246,49.177,0.266071,0.0134879
0,62.5,65.8825,48.1614,0.504911,0.155465
0,62.5,30.4138,49.6767,0.116363,-0.0923471
0,62.5,66.2721,48.6645,0.135042,0.024186
0,62.5,29.8807,49.7484,0.215477,-0.162652
0,62.5,66.0283,48.8099,0.145887,-0.0467035
0,62.5,29.3237,49.7383,0.199435,-0.0938481
0,62.5,66.2466,48.9346,-0.122617,-0.0493137
0,62.5,29.7055,49.5306,0.0369271,-0.149792
0,62.5,66.0235,49.0763,-0.0497546,-0.0281636
0,62.5,29.0602,49.7044,0.34477,-0.0207585
0,62.5,66.2644,49.4679,-0.245958,-0.0127616
0,62.5,28.2221,49.6373,-0.135033,0.0439834
0,62.5,66.0479,49.6137,-0.194392,0.0180856
0,62.5,28.5004,49.6484,0.160382,-0.0834057
0,62.5,66.4886,49.3166,-0.318614,-0.111231
0,62.5,27.2296,50.1247,-0.528136,-0.275467
0,62.5,66.7233,49.7319,-0.489039,-0.163058
0,62.5,27.3657,50.3524,-0.329214,-0.280841
0,62.5,66.7591,50.0044,-0.416465,0.0125334
0,62.5,26.2102,50.1186,-0.80191,0.163065
0,62.5,66.6109,50.5953,-0.576838,0.169346
0,62.5,26.4449,50.5966,-0.711615,0.00456049
0,62.5,66.8473,50.5085,-0.587455,0.339353
0,62.5,24.986,50.7947,-0.854208,0.113507
0,62.5,66.7224,50.8094,0.0330424,-0.0264439
0,62.5,24.8624,51.0276,-0.622807,0.0294012
0,62.5,66.9639,50.7397,0.0322257,0.0110235
0,62.5,23.3494,51.014,0.36869,0.0248112
0,62.5,66.8753,51.0086,0.119471,0.0521112
0,62.5,1.76102,25.91,0.175154,-7.56799
0,62.5,75.2689,33.5106,-0.469076,1.21513
0,62.5,4.44881,23.3103,3.74424,-8.30183
0,62.5,73.6361,30.0505,3.1274,-2.47072
0,62.5,2.33765,28.251,-2.89462,-5.57991
0,62.5,70.8091,32.9712,2.40945,-1.96974
0,62.5,4.27986,29.4743,-5.21517,-1.30903
0,62.5,74.908,33.8823,0.43663,0.524591
0,62.5,5.75999,30.0215,-5.52535,-1.11513
0,62.5,75.4872,30.2505,1.3652,-1.82859
0,62.5,11.4387,32.7051,-2.26339,-0.825653
0,62.5,72.0793,31.4025,2.74105,-2.66041
0,62.5,8.70345,31.8913,-1.16251,0.973472
0,62.5,70.9296,32.6629,3.0249,-2.49022
0,62.5,11.9042,32.6479,-2.4128,-0.839532
0,62.5,70.3294,33.4883,2.28375,-1.48695
0,62.5,14.355,34.8494,-3.20724,0.00577231
0,62.5,69.9547,34.3356,2.00887,-0.760603
0,62.5,16.0795,36.5138,-3.09287,0.878516
0,62.5,69.6949,34.5747,2.73545,-0.446764
0,62.5,15.1215,35.7017,-3.19094,0.464882
0,62.5,68.8288,35.3973,1.47986,-0.224133
0,62.5,16.5199,36.7543,-2.53333,1.30426
0,62.5,68.3857,35.7953,1.44575,-0.0697339
0,62.5,17.442,37.4656,-2.94185,1.55346
0,62.5,68.0529,36.1957,0.930729,0.453726
0,62.5,18.4432,37.9354,-2.09342,2.00587
0,62.5,67.9367,36.5133,1.3596,0.520721
0,62.5,17.1314,37.403,-2.57106,1.60775
0,62.5,67.6425,36.8072,0.74136,0.31957
0,62.5,20.0499,38.7449,-1.44825,1.61266
0,62.5,67.0319,37.7508,0.752885,0.821651
0,62.5,19.2901,38.1895,-1.57084,1.84498
0,62.5,67.2538,37.3672,0.620555,0.61394
0,62.5,20.3121,38.7993,-1.34682,1.6382
0,62.5,66.9499,37.9828,0.537138,0.719787
0,62.5,21.4746,38.9376,-1.24991,1.0068
0,62.5,66.7338,38.4831,0.728988,0.883296
0,62.5,22.3799,39.6918,-0.586756,1.37965
0,62.5,66.3403,38.3943,0.402475,0.533965
0,62.5,22.3794,39.4837,-1.20625,1.3599
0,62.5,66.2479,38.9081,0.588099,0.600106
0,62.5,24.0251,40.3118,-0.43738,1.45403
0,62.5,67.0284,37.4868,0.619149,0.765736
0,62.5,22.8985,39.9476,-0.6802,1.43605
0,62.5,66.5611,38.2644,0.701533,0.806707
0,62.5,23.948,40.5182,-0.506549,1.49182
0,62.5,65.9996,38.9884,0.538945,0.467974
0,62.5,23.8076,40.6732,-0.70763,1.36112
0,62.5,65.975,39.2642,0.56093,0.489538
0,62.5,24.1472,40.7671,-0.438821,1.5673
0,62.5,66.1785,39.433,0.587156,0.616045
0,62.5,24.3255,41.0097,-0.324625,1.19958
0,62.5,65.7707,39.0898,0.431913,0.340496
0,62.5,25.1786,40.8887,-0.773982,1.41728
0,62.5,65.9254,39.5372,0.637545,0.535258
0,62.5,25.3913,41.0671,-0.501917,1.6509
0,62.5,65.7356,39.3672,0.553812,0.315553
0,62.5,26.1273,41.3035,-0.761747,1.02203
0,62.5,65.6951,39.6596,0.643609,0.378856
0,62.5,25.904,41.1818,-0.670186,0.97556
0,62.5,65.4161,39.9562,0.530797,0.816191
0,62.5,27.1359,41.7678,-0.343634,1.40764
0,62.5,65.6294,39.9739,0.543199,0.452094
0,62.5,26.3875,41.4216,-0.48294,1.10394
0,62.5,65.5682,40.2663,0.482819,0.411171
0,62.5,27.838,42.1257,-0.128743,1.50275
0,62.5,65.6187,40.7741,0.451066,0.598946
0,62.5,28.1381,42.1102,-0.111992,1.06848
0,62.5,65.7516,40.419,0.422116,0.566985
0,62.5,28.7614,42.2453,0.0373114,0.803881
0,62.5,65.3784,41.2278,0.514725,0.515344
0,62.5,29.2321,42.545,0.109418,1.1185
0,62.5,65.1283,41.3803,0.526873,0.39223
0,62.5,30.0529,42.7906,0.429357,1.23218
0,62.5,65.3281,41.5026,0.57389,0.493572
0,62.5,30.4535,43.1709,0.377866,1.17789
0,62.5,65.5763,41.3521,0.512633,0.515747
0,62.5,30.2605,42.981,0.396327,1.10924
0,62.5,65.5356,41.6324,0.550459,0.428192
0,62.5,30.9432,43.2356,0.521719,0.837421
0,62.5,65.653,41.8195,0.622805,0.483335
0,62.5,31.1521,43.4461,0.404228,0.563415
0,62.5,65.8717,41.9437,0.684762,0.411855
0,62.5,31.4482,43.3784,0.14476,0.683667
0,62.5,65.166,42.3711,0.619615,0.573672
0,62.5,31.9957,43.6492,0.460298,0.206756
0,62.5,65.6259,42.0828,0.709557,0.461652
0,62.5,32.233,43.8106,0.44644,0.116871
0,62.5,65.3976,42.2596,0.649255,0.539132
0,62.5,32.4805,43.962,0.36402,0.175728
0,62.5,65.6236,42.3521,0.668401,0.449203
0,62.5,32.9999,44.0443,0.427692,0.38427
0,62.5,65.4543,42.5398,0.652943,0.436109
0,62.5,32.9564,44.2757,0.32959,0.184548
0,62.5,65.5478,42.8486,0.68721,0.511025
0,62.5,33.2762,43.8031,0.72153,-0.127421
0,62.5,65.4199,43.1279,0.785641,0.538048
0,62.5,32.751,43.8832,0.315027,0.321551
0,62.5,65.582,43.697,0.909617,0.433439
0,62.5,33.4919,43.977,0.708587,0.0345372
0,62.5,65.7894,43.7826,0.808887,0.732734
0,62.5,33.7544,43.8904,0.350451,-0.246054
0,62.5,65.6271,44.0294,0.782053,0.710117
0,62.5,34.2198,43.9042,0.388329,-0.106471
0,62.5,65.8575,44.0536,0.810837,0.567868
0,62.5,34.1817,44.1896,0.173862,0.165097
0,62.5,65.7024,44.2908,0.842396,0.60005
0,62.5,34.3911,44.3051,0.559924,0.0458918
0,62.5,65.9721,44.6589,1.01869,0.513469
0,62.5,34.6613,44.0461,0.774745,-0.138728
0,62.5,65.8041,44.8849,1.06411,0.557692
0,62.5,34.1074,44.4632,0.277664,0.232974
0,62.5,66.1975,44.7201,0.844125,0.596145
0,62.5,34.8698,44.1575,0.798257,-0.130931
0,62.5,66.0252,44.9469,0.964942,0.503523
0,62.5,34.9834,43.9096,0.648216,-0.343065
0,62.5,66.0716,45.2396,1.02351,0.530493
0,62.5,35.0252,44.3266,0.771837,-0.182942
0,62.5,65.8994,45.4835,1.01447,0.582417
0,62.5,34.7037,44.7839,0.719859,-0.180937
0,62.5,66.1124,45.5316,0.918592,0.500292
0,62.5,34.9596,45.1212,0.455375,-0.421156
0,62.5,65.7146,45.692,1.01565,0.424994
0,62.5,34.8009,44.4747,0.764371,-0.426825
0,62.5,65.9309,45.7842,0.916376,0.512414
0,62.5,35.003,45.3706,0.358037,-0.279171
0,62.5,65.9327,46.1109,0.821878,0.55538
0,62.5,34.5512,45.7202,0.52137,-0.0276699
0,62.5,66.5806,46.0109,0.668117,0.201023
0,62.5,34.8121,45.6618,0.539363,-0.0521383
0,62.5,66.1392,45.8239,0.848301,0.316214
0,62.5,34.9294,45.8544,0.478048,-0.193431
0,62.5,66.3666,46.4796,0.658276,0.0715277
0,62.5,34.8127,46.1099,0.246976,-0.150439
0,62.5,66.1517,46.0899,0.764248,0.247375
0,62.5,34.9695,46.2946,0.300823,-0.361227
0,62.5,66.3767,46.7382,0.624265,0.224141
0,62.5,35.1423,46.4598,0.215677,-0.57118
0,62.5,66.3763,46.2034,0.625724,0.280921
0,62.5,34.8789,46.5451,0.147595,-0.268911
0,62.5,66.8482,46.9394,0.568638,0.196831
0,62.5,35.4117,46.355,-0.046711,-0.838868
0,62.5,66.1396,46.6213,0.808017,0.274163
0,62.5,35.3228,46.6195,-0.0431652,-0.775566
0,62.5,66.396,47.0094,0.58251,0.227888
0,62.5,35.5918,46.4931,0.170665,-0.671613
0,62.5,66.1651,46.8993,0.704509,0.306097
0,62.5,35.1463,47.1514,0.154409,-0.865408
0,62.5,66.1355,47.71,0.285052,0.326852
0,62.5,34.8971,47.2229,-0.0903312,-0.239473
0,62.5,66.3926,47.2695,0.438814,0.372321
0,62.5,34.9642,46.9723,0.327841,-0.587648
0,62.5,66.3424,47.8174,0.258831,0.291085
0,62.5,34.4737,47.4896,-0.118952,-0.460812
0,62.5,66.1128,47.9903,0.323607,0.234815
0,62.5,33.6328,47.5603,-0.0206324,0.357515
0,62.5,66.5401,47.9337,0.233902,0.321685
0,62.5,32.0118,48.1481,-0.188791,-0.225505
0,62.5,66.1568,47.4324,0.388819,0.329269
0,62.5,32.5312,47.9564,-0.68469,-0.144518
0,62.5,66.3158,48.1055,0.228132,0.168735
0,62.5,32.4812,48.2036,0.038049,0.374382
0,62.5,65.9039,47.8827,0.471373,0.206529
0,62.5,32.2277,48.3061,-0.0256228,0.300622
0,62.5,66.7489,48.0382,0.205572,0.239541
0,62.5,31.5119,48.3205,0.319308,-0.24879
0,62.5,66.2961,48.3942,0.149654,0.0464531
0,62.5,31.983,48.4063,-0.126046,-0.0651072
0,62.5,66.5192,48.2197,0.178857,0.155159
0,62.5,31.4948,48.5783,0.28806,0.048207
0,62.5,66.5091,48.5003,0.115171,0.0356564
0,62.5,31.7365,48.4972,0.0714378,-0.217666
0,62.5,66.731,48.3137,0.200983,0.128404
0,62.5,30.7346,49.3229,0.231798,-0.0614354
0,62.5,66.4791,48.7857,-0.0792399,0.0142757
0,62.5,30.0515,49.9615,0.254141,-0.186232
0,62.5,66.4746,49.0539,-0.234567,-0.0950958
0,62.5,29.6046,49.7486,0.0602539,-0.368626
0,62.5,66.2545,49.2062,-0.211454,-0.0159058
0,62.5,29.2128,49.9484,0.093744,-0.271824
0,62.5,66.9388,48.9776,-0.136128,0.111113
0,62.5,28.9353,49.9049,0.204796,-0.107043
0,62.5,66.7065,48.8953,-0.125107,0.0650136
0,62.5,28.7763,49.6704,0.108666,-0.0839984
0,62.5,66.7079,49.1531,-0.222788,0.0227301
0,62.5,28.3884,49.864,0.182504,0.0735112
0,62.5,66.9221,49.5823,-0.350116,-0.0694461
0,62.5,28.6073,49.4403,-0.0572,-0.160316
0,62.5,66.9565,49.8693,-0.572461,-0.150089
0,62.5,27.7506,50.11,-0.345058,-0.104834
0,62.5,66.5435,50.3621,-0.430329,0.0550189
0,62.5,26.5734,50.3756,-0.605944,-0.0241411
0,62.5,67.067,50.4557,-0.639189,-0.0668695
0,62.5,25.3814,50.5369,-1.06271,0.309131
0,62.5,67.2169,50.2521,-0.721355,0.0312441
0,62.5,25.6329,50.5351,-0.830697,0.113522
0,62.5,67.3047,50.5205,-0.538937,-0.266597
0,62.5,23.639,51.0368,0.114029,0.144907
0,62.5,67.1144,51.0033,-0.0144907,-0.053706
0,62.5,6.50824,22.0669,3.86437,-1.48805
0,62.5,71.562,32.3605,2.68866,-1.84035
0,62.5,2.90334,23.2643,2.92661,-9.81853
0,62.5,75.0346,33.3379,0.953306,0.00202422
0,62.5,3.20696,23.5422,2.77735,-9.63465
0,62.5,71.7743,31.8635,2.73314,-2.51944
0,62.5,10.3191,32.5498,-1.78782,-0.29334
0,62.5,70.759,33.2991,2.72805,-2.0177
0,62.5,11.106,32.8986,-1.97283,-0.530141
0,62.5,70.5004,33.6284,2.21523,-1.52634
0,62.5,12.946,32.8069,-2.50536,-1.5203
0,62.5,69.7759,34.777,1.59884,-0.253705
0,62.5,14.1636,34.7292,-3.15611,-0.13888
0,62.5,71.3868,32.2186,2.27926,-2.23683
0,62.5,13.1255,33.379,-2.40541,-0.84376
0,62.5,70.2969,33.8177,2.25339,-1.36434
0,62.5,15.693,36.13,-2.71672,1.09169
0,62.5,71.1416,32.4405,2.72943,-2.33292
0,62.5,14.6759,35.2699,-3.49534,0.136512
0,62.5,70.557,33.3271,2.71373,-1.26228
0,62.5,13.8447,34.3306,-2.84471,-0.435981
0,62.5,69.5139,34.9115,1.79108,-0.635109
0,62.5,16.8025,36.8755,-2.74678,1.27584
0,62.5,68.5843,35.5615,1.5659,-0.24089
0,62.5,16.2728,36.4703,-2.33072,1.22958
0,62.5,68.3402,36.0655,1.42701,-0.0153837
0,62.5,17.1071,37.0069,-2.33915,1.41112
0,62.5,68.1656,36.3788,1.18095,0.166066
0,62.5,17.8445,37.7127,-2.28007,1.7109
0,62.5,67.9195,36.7407,0.573518,0.394642
0,62.5,18.2721,37.6757,-2.31703,1.63703
0,62.5,67.2605,37.6361,0.772192,0.700502
0,62.5,19.6817,38.5256,-1.81612,2.01472
0,62.5,67.2393,37.9135,0.785074,0.490605
0,62.5,20.8022,38.8906,-1.3168,1.71406
0,62.5,67.1066,38.1668,0.64229,0.523893
0,62.5,20.8859,38.6953,-1.26664,1.7086
0,62.5,66.8253,38.2309,0.595462,0.92449
0,62.5,21.7421,39.026,-1.26632,1.30642
0,62.5,66.9837,38.4321,0.864594,0.619957
0,62.5,21.2082,38.8297,-0.889841,1.58126
0,62.5,66.4946,38.8423,0.760159,0.675454
0,62.5,22.1945,39.2483,-1.24043,1.17709
0,62.5,66.474,39.0979,0.649419,0.762018
0,62.5,24.2221,40.5503,-0.524949,1.18488
0,62.5,66.2724,38.6547,0.606044,0.563372
0,62.5,24.327,40.3522,-0.296171,1.37137
0,62.5,66.7195,39.0381,0.673752,0.784405
0,62.5,24.4136,40.7805,-0.428542,1.38025
0,62.5,66.4237,39.3403,0.547562,0.706942
0,62.5,24.5892,41.0068,-0.532978,1.1986
0,62.5,66.2147,39.1647,0.562245,0.736533
0,62.5,24.8822,40.9424,-0.414849,1.36288
0,62.5,66.7028,39.2911,0.712082,0.780836
0,62.5,26.1853,41.0654,-0.689894,1.35896
0,62.5,66.3603,39.6127,0.677682,0.507587
0,62.5,25.6803,41.0234,-0.382852,1.60599
0,62.5,66.9223,39.465,0.865523,0.532724
0,62.5,26.6479,41.3866,-0.514791,1.58762
0,62.5,66.1014,39.7039,0.650119,0.626022
0,62.5,27.1612,41.5568,-0.429355,1.37579
0,62.5,66.6183,39.5211,0.735677,0.414123
0,62.5,26.8741,41.581,-0.482255,1.49261
0,62.5,66.0454,39.9812,0.557734,0.694248
0,62.5,27.4508,41.7468,-0.18876,1.30867
0,62.5,65.8562,39.8372,0.607132,0.642124
0,62.5,29.0668,42.3077,-0.108903,1.01429
0,62.5,65.807,40.1339,0.4575,0.633565
0,62.5,29.3471,42.3602,0.114397,1.12093
0,62.5,65.8539,40.6232,0.528676,0.625934
0,62.5,28.8932,42.0538,0.0986461,1.21614
0,62.5,65.8292,40.9002,0.550962,0.564948
0,62.5,29.5479,42.5964,0.172823,1.15861
0,62.5,65.6089,41.0719,0.516677,0.530036
0,62.5,29.6158,42.3715,0.119724,1.23089
0,62.5,66.0648,40.7525,0.636604,0.557044
0,62.5,29.4138,42.1296,0.267138,0.937912
0,62.5,65.8139,41.1858,0.628735,0.530076
0,62.5,30.7721,43.0696,0.290397,1.02499
0,62.5,65.7743,41.4854,0.514375,0.491048
0,62.5,31.2233,43.2118,0.589105,0.731508
0,62.5,66.2219,41.1883,0.583616,0.406407
0,62.5,31.7396,43.2928,0.278497,0.651918
0,62.5,65.9989,41.3394,0.691995,0.455432
0,62.5,32.0011,43.4291,0.390668,0.455756
0,62.5,66.1401,41.5096,0.682936,0.420943
0,62.5,31.7108,43.5102,0.0509203,0.702235
0,62.5,65.8916,41.6718,0.630672,0.499104
0,62.5,32.2882,43.351,0.196679,0.323714
0,62.5,65.8497,42.2124,0.686484,0.451253
0,62.5,32.506,43.7281,0.314706,0.0140499
0,62.5,65.8665,42.4839,0.602503,0.472849
0,62.5,32.2668,43.5777,0.371366,0.0976861
0,62.5,66.1183,42.5992,0.542423,0.503149
0,62.5,32.5447,43.4981,0.388746,0.049714
0,62.5,65.6814,42.6442,0.540754,0.513279
0,62.5,33.0245,43.8063,0.308028,0.121149
0,62.5,65.7753,42.9407,0.712816,0.561385
0,62.5,33.5292,43.723,0.746793,0.0885049
0,62.5,65.6421,43.1544,0.880487,0.617015
0,62.5,32.7839,43.6525,0.365448,-0.101905
0,62.5,65.7233,43.4684,0.855189,0.516724
0,62.5,33.7888,43.6435,0.596253,-0.192135
0,62.5,66.0183,43.8168,0.798387,0.566004
0,62.5,34.4207,44.0411,0.434158,0.221276
0,62.5,66.0677,44.1396,0.709412,0.64367
0,62.5,34.5209,43.7945,0.434853,0.15754
0,62.5,65.912,44.3769,0.891111,0.562762
0,62.5,34.8869,43.578,0.622382,-0.0967238
0,62.5,66.2959,44.2091,0.718782,0.633433
0,62.5,34.7751,43.8106,0.645314,-0.00607106
0,62.5,66.142,44.4217,0.798357,0.636897
0,62.5,34.6339,43.5636,0.573648,0.148689
0,62.5,66.3572,44.517,0.808945,0.615598
0,62.5,35.1968,43.4358,0.977441,-0.217893
0,62.5,66.2472,45.0166,0.911457,0.65978
0,62.5,35.1108,43.6758,0.893722,-0.069399
0,62.5,66.4603,45.1185,0.835748,0.532786
0,62.5,35.1545,44.0697,0.993978,-0.00203286
0,62.5,66.2905,45.3214,0.91507,0.612674
0,62.5,35.3135,44.2279,0.999926,-0.11563
0,62.5,66.503,45.419,0.866146,0.472415
0,62.5,35.1616,44.7534,0.812445,-0.303212
0,62.5,66.3681,45.9184,0.691599,0.369274
0,62.5,34.9471,44.65,0.647765,-0.36989
0,62.5,66.6915,45.2421,0.754782,0.281693
0,62.5,35.2019,44.9679,0.617184,-0.240363
0,62.5,66.5473,45.7109,0.862508,0.393302
0,62.5,35.196,45.7756,0.343595,-0.588689
0,62.5,66.7335,45.5183,0.816116,0.320356
0,62.5,35.0814,45.5865,0.510758,-0.2709
0,62.5,66.5858,46.3069,0.662335,0.161072
0,62.5,35.0916,46.0326,0.298546,-0.428108
0,62.5,66.6023,46.5808,0.567855,0.082955
0,62.5,35.2417,46.1927,0.15693,-0.406531
0,62.5,66.6132,46.8446,0.561973,0.198725
0,62.5,35.7059,46.2396,-0.166334,-0.658166
0,62.5,66.7657,45.8069,0.777956,0.304899
0,62.5,35.9419,46.7834,0.0367392,-0.653018
0,62.5,66.8111,46.3931,0.613868,0.216493
0,62.5,35.4058,47.0418,-0.350756,-0.963384
0,62.5,66.8322,46.6717,0.519052,0.112534
0,62.5,35.5999,47.1716,-0.0847283,-0.911968
0,62.5,66.6305,47.1115,0.509097,0.223138
0,62.5,35.3426,47.3087,0.102263,-0.949163
0,62.5,66.6176,47.3744,0.366643,0.313668
0,62.5,35.0933,47.4064,-0.0261151,-0.699207
0,62.5,66.3711,47.5367,0.230517,0.334991
0,62.5,35.2314,46.8874,0.0417049,-0.675503
0,62.5,66.8304,47.4821,0.283651,0.201077
0,62.5,35.55,47.4397,-0.291791,-0.681366
0,62.5,66.5782,47.6434,0.233183,0.275481
0,62.5,34.7392,47.4016,-0.138006,-0.929396
0,62.5,66.9868,47.8412,0.250299,0.147273
0,62.5,34.09,47.7021,0.0432582,-0.266563
0,62.5,66.7723,47.76,0.244772,0.217064
0,62.5,34.5757,47.225,0.243965,-0.427917
0,62.5,67.2655,47.6539,0.315688,-0.0214791
0,62.5,33.5459,47.7958,-0.177833,0.207363
0,62.5,67.1121,48.2768,0.202062,0.167736
0,62.5,33.7112,47.9792,-0.0212832,-0.157775
0,62.5,67.3233,48.1139,0.180185,-0.0706294
0,62.5,33.4463,48.0678,0.27363,0.18466
0,62.5,66.9586,48.1249,0.328167,0.0356302
0,62.5,33.0005,47.9958,-0.908734,0.373579
0,62.5,67.1436,48.5447,0.0961509,0.114726
0,62.5,32.7511,48.1074,-0.619953,0.292522
0,62.5,66.9074,48.4507,0.150855,0.174714
0,62.5,32.6852,48.3645,0.324645,0.31334
0,62.5,67.1709,48.8027,-0.0372442,0.174869
0,62.5,31.7276,48.753,0.0976719,0.00452773
0,62.5,66.7004,48.625,-0.000983918,0.0998782
0,62.5,30.9413,49.5091,0.287818,-0.0416206
0,62.5,67.3017,48.9851,-0.267821,0.264613
0,62.5,31.4339,49.3588,0.0205168,0.0432164
0,62.5,66.9347,48.7226,-0.0581565,0.172584
0,62.5,30.6861,49.5769,0.289267,-0.151151
0,62.5,67.3218,49.2667,-0.223292,0.174288
0,62.5,30.983,49.2523,0.220949,-0.0512472
0,62.5,67.095,49.1428,-0.175493,0.167697
0,62.5,30.3184,49.9298,0.0819793,-0.0598262
0,62.5,67.1194,49.4252,-0.246541,0.179079
0,62.5,29.4931,49.9627,0.184059,-0.280353
0,62.5,66.8927,49.2964,-0.281262,0.00336488
0,62.5,28.8137,50.1152,0.0846059,-0.0576206
0,62.5,66.99,50.1653,-0.672102,-0.147396
0,62.5,27.246,50.5863,-0.325008,-0.343811
0,62.5,67.1756,49.9792,-0.49737,0.0371353
0,62.5,29.0837,50.1473,0.0747801,-0.198662
0,62.5,66.7845,50.2709,-0.476912,0.259028
0,62.5,28.1251,49.8665,-0.0374003,0.0566757
0,62.5,67.6408,49.9751,-0.6142,-0.351204
0,62.5,27.1068,50.3629,-0.463936,-0.27511
0,62.5,67.5682,50.5377,-0.287081,-0.0491314
0,62.5,26.8386,50.3746,-0.542576,-0.0854628
0,62.5,67.471,50.3048,-0.469664,0.142958
0,62.5,25.5103,50.7666,-0.795109,-0.0128512
0,62.5,67.1874,50.743,-0.0355618,0.0595238
0,62.5,24.2434,51.0141,-0.527521,0.0100429
0,62.5,67.3528,51.0002,0.0311322,0.0919787
0,62.5,3.5308,22.9471,3.68256,-10.465
0,62.5,72.4855,31.3862,2.86496,-2.48757
0,62.5,3.81803,22.4504,3.97701,-10.5521
0,62.5,70.7009,33.6661,2.16638,-1.96471
0,62.5,8.30775,31.9423,-1.93541,1.00156
0,62.5,71.1033,32.7631,2.8225,-2.60942
0,62.5,1.36896,27.8811,-0.906786,-4.27199
0,62.5,70.4232,33.9763,2.17403,-1.55156
0,62.5,10.6731,32.2524,-1.95639,-0.254671
0,62.5,69.9931,34.5391,1.83132,-0.635383
0,62.5,9.80672,32.5589,-1.81284,-0.441705
0,62.5,69.3705,35.4441,1.28344,-0.559754
0,62.5,12.3666,33.0852,-2.56494,-0.963083
0,62.5,69.6859,35.0498,1.51536,-0.315687
0,62.5,12.9883,32.4379,-2.20553,-1.06099
0,62.5,68.5895,36.051,1.08078,-0.176914
0,62.5,12.7809,33.209,-2.20317,-0.665271
0,62.5,69.4023,35.1879,1.92807,-0.588596
0,62.5,15.3649,35.8273,-2.9599,0.627756
0,62.5,69.1359,35.5138,1.25052,-0.648033
0,62.5,14.0406,34.5032,-2.8317,-0.218092
0,62.5,68.8561,35.6212,1.32385,-0.0633995
0,62.5,16.5927,36.5508,-2.99262,1.50765
0,62.5,68.6314,35.81,1.16815,-0.231441
0,62.5,18.0312,37.5723,-1.9777,1.47504
0,62.5,67.7881,36.981,0.731154,0.422374
0,62.5,17.3051,37.2551,-2.41398,1.72487
0,62.5,67.5196,37.1588,0.82027,0.410948
0,62.5,19.5189,38.3115,-1.34882,1.48505
0,62.5,67.4822,37.4291,0.758566,0.51921
0,62.5,19.0355,38.0841,-2.17132,1.6741
0,62.5,67.7232,37.2424,0.794935,0.544416
0,62.5,20.5683,38.7111,-1.3929,2.2973
0,62.5,67.4813,37.7211,0.92109,0.417096
0,62.5,21.4673,38.7007,-1.52973,1.40385
0,62.5,67.3667,38.0845,0.732722,0.316491
0,62.5,22.6559,39.5225,-1.0237,1.49915
0,62.5,66.951,38.6896,0.756418,0.789041
0,62.5,23.0445,39.78,-0.53909,1.40372
0,62.5,67.4723,38.3517,0.865087,0.330367
0,62.5,23.4214,40.2343,-0.531188,1.04941
0,62.5,66.7371,38.7729,0.674424,0.793527
0,62.5,22.7196,39.7366,-0.480655,1.39577
0,62.5,67.245,38.3682,0.930388,0.271629
0,62.5,24.6956,40.7726,-0.481269,1.33195
0,62.5,66.9647,38.9643,0.863791,0.843941
0,62.5,24.5185,40.5655,-0.309682,1.34922
0,62.5,67.1978,38.6128,0.789596,0.461032
0,62.5,23.8311,40.0872,-0.528481,1.24279
0,62.5,66.9521,39.2144,0.830125,0.755096
0,62.5,25.2772,40.6621,-0.485277,1.44455
0,62.5,67.1902,38.8797,0.71641,0.519335
0,62.5,24.9822,40.7116,-0.675887,1.62084
0,62.5,67.1471,39.6362,0.667302,0.766753
0,62.5,25.4721,40.8414,-0.582423,1.30668
0,62.5,67.1775,39.3849,0.932642,0.438465
0,62.5,25.7411,40.7776,-0.49461,1.33448
0,62.5,66.8193,39.6778,0.787356,0.577954
0,62.5,26.4078,41.1869,-0.764347,1.39679
0,62.5,66.5494,39.781,0.712752,0.509759
0,62.5,27.7562,41.7229,-0.20919,1.13246
0,62.5,66.4786,40.0508,0.631127,0.566359
0,62.5,27.6509,41.9282,-0.206936,1.36623
0,62.5,66.29,39.8746,0.566901,0.664999
0,62.5,27.959,41.9184,-0.15073,1.09589
0,62.5,66.2284,40.1523,0.56601,0.49948
0,62.5,28.6109,42.0106,-0.0305793,0.99886
0,62.5,65.9969,40.2777,0.495157,0.585053
0,62.5,29.1561,42.0932,-0.00231867,0.990788
0,62.5,66.3529,40.343,0.710627,0.481182
0,62.5,29.1567,41.8707,-0.22537,1.03171
0,62.5,66.0943,40.4782,0.544242,0.562474
0,62.5,29.9143,42.38,0.293842,1.27846
0,62.5,66.2703,40.8942,0.75205,0.458782
0,62.5,29.8202,42.5818,0.331881,1.16077
0,62.5,66.5029,40.767,0.732004,0.427067
0,62.5,31.4825,43.1415,0.382273,0.7678
0,62.5,66.036,41.033,0.607609,0.520563
0,62.5,31.7556,43.0717,0.289377,0.641553
0,62.5,66.4571,41.0504,0.746321,0.361319
0,62.5,32.0671,43.0026,0.313904,0.571899
0,62.5,66.3542,41.6187,0.736222,0.349289
0,62.5,32.4137,42.9401,0.460512,0.502881
0,62.5,66.3828,41.3464,0.577168,0.311349
0,62.5,32.0286,43.2088,0.407203,0.482728
0,62.5,66.11,41.7763,0.674104,0.38069
0,62.5,32.3343,43.1389,0.169192,0.344565
0,62.5,66.085,42.0565,0.708696,0.439842
0,62.5,32.5853,43.2774,0.304756,0.143165
0,62.5,66.3056,42.1738,0.558176,0.382609
0,62.5,31.8088,42.8659,0.18805,0.694578
0,62.5,66.0754,42.3314,0.590434,0.448722
0,62.5,32.6687,43.0751,0.356115,0.175605
0,62.5,66.3177,42.4353,0.51711,0.437909
0,62.5,32.1614,42.8104,0.543074,0.776408
0,62.5,65.9322,42.7554,0.584784,0.499527
0,62.5,32.8302,43.427,0.222075,0.0244133
0,62.5,66.0168,43.0413,0.648036,0.516908
0,62.5,33.1409,43.3502,0.368221,0.0386047
0,62.5,65.8658,43.2473,0.826249,0.559829
0,62.5,33.3328,43.5539,0.388201,-0.072672
0,62.5,65.9445,43.5368,0.736578,0.71365
0,62.5,34.3156,43.6683,0.384525,0.399899
0,62.5,66.2212,43.9234,0.617838,0.640853
0,62.5,34.0173,43.7533,0.794618,0.106851
0,62.5,66.3864,43.674,0.458896,0.533391
0,62.5,33.5975,43.4659,0.543028,0.165687
0,62.5,66.4481,43.936,0.492231,0.325519
0,62.5,33.9715,43.1842,0.847156,0.0748562
0,62.5,66.697,43.9988,0.508508,0.260018
0,62.5,33.4995,43.0709,0.531853,0.0655031
0,62.5,66.5181,44.2006,0.60331,0.241991
0,62.5,34.1101,43.5257,0.618967,0.250617
0,62.5,66.5695,44.4545,0.618223,0.153935
0,62.5,35.3986,43.5857,1.02073,-0.0600747
0,62.5,66.4156,44.8166,0.822754,0.584951
0,62.5,35.4556,43.9877,0.568492,0.0475946
0,62.5,66.6212,44.7098,0.593471,0.24321
0,62.5,35.4888,44.3903,0.891419,-0.126921
0,62.5,66.6575,44.9719,0.697901,0.268154
0,62.5,35.186,44.476,1.03592,-0.324957
0,62.5,67.0627,44.6016,0.636064,0.307608
0,62.5,35.5614,44.7477,0.737635,-0.283739
0,62.5,66.867,44.7911,0.57973,0.224482
0,62.5,35.2195,45.2247,0.401797,-0.172713
0,62.5,66.8972,45.0593,0.652031,0.182461
0,62.5,35.4379,45.6313,-0.0587338,-0.378606
0,62.5,66.9285,45.3302,0.762189,0.135791
0,62.5,35.378,45.9239,-0.207999,-0.385329
0,62.5,67.1317,45.1602,0.682834,0.217786
0,62.5,35.6092,45.7984,-0.385046,-0.633484
0,62.5,66.9594,45.61,0.737674,0.176139
0,62.5,35.5134,46.1013,0.0182846,-0.476625
0,62.5,66.9785,45.899,0.738711,0.163812
0,62.5,35.7707,45.979,-0.299689,-0.452245
0,62.5,67.0106,46.1817,0.727053,0.145684
0,62.5,35.7432,45.5913,0.607467,-0.335473
0,62.5,67.2842,46.8369,0.604327,0.329653
0,62.5,35.4966,46.7709,0.165705,-1.17311
0,62.5,66.7896,46.1101,0.685484,0.152859
0,62.5,35.7617,46.6309,0.0402836,-0.974529
0,62.5,67.0341,46.4632,0.650676,0.155387
0,62.5,35.6726,46.9036,0.306477,-0.963902
0,62.5,67.0637,46.74,0.579355,0.192334
0,62.5,35.7975,47.3151,-0.0726872,-0.792699
0,62.5,67.0757,47.0166,0.589612,0.22045
0,62.5,36.1246,46.8995,0.333359,-0.87861
0,62.5,66.8582,47.2105,0.458204,0.170198
0,62.5,35.302,47.5671,0.0879663,-0.801279
0,62.5,67.073,47.3049,0.456489,0.17503
0,62.5,35.7536,47.5831,0.0201811,-0.600422
0,62.5,67.0354,47.581,0.330156,0.107976
0,62.5,34.9122,47.5705,-0.459469,-0.859709
0,62.5,67.5058,46.879,0.618417,0.166874
0,62.5,34.8315,47.8401,-0.214826,-0.917422
0,62.5,67.2857,47.412,0.5185,-0.0107425
0,62.5,34.6524,47.6671,-0.322866,-0.581953
0,62.5,67.5098,47.1382,0.616993,0.0316195
0,62.5,33.8229,47.7442,-0.00381995,-0.0347032
0,62.5,67.1854,47.9317,0.276162,-0.0928989
0,62.5,33.9979,47.9396,0.317138,-0.245639
0,62.5,67.5253,47.389,0.477433,-0.00137695
0,62.5,34.2689,47.916,0.0490297,-0.334534
0,62.5,67.4295,47.8097,0.384293,-0.15657
0,62.5,33.8999,48.1562,0.117913,-0.182819
0,62.5,67.6959,47.8317,0.24356,0.0918708
0,62.5,33.1797,48.1579,0.0691857,0.0328573
0,62.5,67.3613,48.3677,0.0419274,0.0735748
0,62.5,32.9412,48.2767,0.23912,-0.0405804
0,62.5,67.5505,48.0503,0.130009,-0.0712269
0,62.5,32.4436,48.4655,-0.0855965,0.189353
0,62.5,67.3858,48.6167,0.0818129,0.162062
0,62.5,31.1897,49.437,0.313308,-0.0218046
0,62.5,67.5879,48.3213,0.0215756,-0.00454057
0,62.5,30.6183,49.8153,0.218877,-0.0731433
0,62.5,67.5029,48.8252,-0.251125,0.236407
0,62.5,31.1399,49.6961,0.220685,-0.00464657
0,62.5,67.3563,49.5398,-0.446855,0.153037
0,62.5,30.2087,50.1724,0.25225,0.229622
0,62.5,67.1509,49.7006,-0.456279,0.0760957
0,62.5,29.9261,50.1846,0.107052,-0.306753
0,62.5,67.5555,49.3992,-0.382076,0.0956271
0,62.5,29.7731,49.9661,0.0899751,-0.25832
0,62.5,67.3884,49.8054,-0.498969,0.277021
0,62.5,29.5294,50.399,0.148593,-0.401966
0,62.5,67.5965,49.692,-0.604787,-0.17204
0,62.5,29.2433,50.3748,0.0907863,-0.444568
0,62.5,67.4202,50.0594,-0.545239,0.240548
0,62.5,28.9617,50.3537,0.039033,-0.273191
0,62.5,67.8234,49.7726,-0.549486,-0.339115
0,62.5,28.5444,50.0943,0.0520124,0.0145343
0,62.5,67.6995,50.2437,-0.54268,-0.436864
0,62.5,28.1601,50.3215,-0.391015,0.0892316
0,62.5,67.8031,50.496,-0.469081,-0.270722
0,62.5,28.0162,50.1024,-0.208193,-0.0511661
0,62.5,67.4403,50.7655,-0.260888,-0.256627
0,62.5,25.7601,50.7769,-0.724056,-0.00908177
0,62.5,67.6006,51.011,-0.201259,-0.184217
0,62.5,24.5147,51.0326,-0.804447,0.0428717
0,62.5,68.089,51.0026,-0.280959,-0.0214544
0,62.5,2.82635,30.5845,-3.20015,-0.558116
0,62.5,73.0302,30.9152,2.87756,-2.28761
0,62.5,2.72569,25.1858,0.953251,-6.36441
0,62.5,72.7613,31.1029,3.00117,-2.26153
0,62.5,2.28752,24.9636,1.80552,-7.96456
0,62.5,71.4577,32.7043,2.55565,-2.09023
0,62.5,5.3753,30.0066,-5.0477,-1.18072
0,62.5,72.5494,31.0444,2.74827,-2.3553
0,62.5,11.4622,32.468,-2.43271,-0.654947
0,62.5,70.2243,34.5082,1.64691,-0.984268
0,62.5,10.8905,32.7858,-1.99921,-0.202019
0,62.5,69.9955,34.8087,1.65964,-0.253513
0,62.5,13.353,33.5268,-2.47407,-0.738843
0,62.5,69.6156,35.3135,1.3542,-0.182052
0,62.5,14.3898,34.5449,-3.14107,-0.296639
0,62.5,68.8296,36.1224,0.884228,0.160706
0,62.5,13.6141,33.7548,-2.41836,-0.788393
0,62.5,69.1194,35.7517,1.22764,-0.450445
0,62.5,14.5531,34.6597,-3.14714,-0.38278
0,62.5,68.4725,36.5278,0.950586,-0.139822
0,62.5,17.3591,37.03,-2.5866,1.39627
0,62.5,68.8857,35.8631,1.11591,0.0505498
0,62.5,16.9702,36.7469,-2.38218,1.23928
0,62.5,68.415,36.2873,0.977217,0.0464777
0,62.5,15.9361,36.1591,-2.89473,1.36774
0,62.5,68.2074,36.6121,0.964664,0.55722
0,62.5,17.7167,37.4411,-2.73924,1.57652
0,62.5,68.3746,36.7874,1.12329,0.0933766
0,62.5,19.9675,38.5401,-1.59143,1.69611
0,62.5,68.1108,36.8659,0.784776,0.517096
0,62.5,19.8158,38.3207,-2.26406,2.03679
0,62.5,67.9245,37.3838,0.894407,0.732481
0,62.5,21.1352,38.622,-1.19189,1.40127
0,62.5,67.8638,37.6661,0.960244,0.50339
0,62.5,20.6301,38.5031,-1.01664,1.64284
0,62.5,67.6811,37.5426,0.937738,0.51294
0,62.5,22.5059,39.281,-0.9495,1.57889
0,62.5,68.1002,37.6799,0.956888,0.291633
0,62.5,22.0115,39.0244,-1.12336,1.30777
0,62.5,67.839,37.9078,0.8271,0.4695
0,62.5,22.9334,39.5636,-1.10668,1.66145
0,62.5,67.5948,37.8974,0.785655,0.341956
0,62.5,23.2154,40.0086,-0.480133,1.32421
0,62.5,67.6262,38.1401,0.704404,0.360412
0,62.5,23.5281,40.0495,-0.636988,1.50067
0,62.5,67.5866,38.5544,0.790725,0.437217
0,62.5,23.7341,40.2803,-0.593528,1.42955
0,62.5,67.4076,38.7187,0.768541,0.368565
0,62.5,23.6563,39.8638,-0.255854,1.26979
0,62.5,67.4412,38.999,0.803308,0.531364
0,62.5,24.7918,40.5359,-0.569006,1.53581
0,62.5,67.2197,39.1358,0.817607,0.520338
0,62.5,25.5612,40.5992,-0.687855,1.3832
0,62.5,67.4498,39.2611,0.973617,0.411798
0,62.5,25.9495,40.9414,-0.312258,1.45149
0,62.5,67.0063,39.8387,0.789218,0.646441
0,62.5,26.2558,40.8353,-0.495961,1.16628
0,62.5,66.7332,39.945,0.653925,0.47387
0,62.5,27.4405,41.5356,-0.448002,1.45521
0,62.5,66.9039,40.0963,0.803362,0.525953
0,62.5,28.2955,41.9477,-0.231986,0.932733
0,62.5,66.8131,40.3621,0.706475,0.394585
0,62.5,28.0477,41.7182,-0.149261,1.14416
0,62.5,67.3331,40.1519,0.633782,0.640681
0,62.5,28.8434,41.8332,-0.277335,1.10638
0,62.5,67.075,40.246,0.729348,0.553958
0,62.5,28.9892,41.6635,-0.182199,1.27034
0,62.5,66.6217,40.2271,0.70804,0.407283
0,62.5,29.696,42.1598,0.0910067,0.944536
0,62.5,66.5496,40.4898,0.721658,0.398818
0,62.5,30.3523,42.7634,0.326028,1.08559
0,62.5,66.9484,40.7825,0.751192,0.310963
0,62.5,30.1254,42.5791,0.371792,0.779928
0,62.5,66.3029,40.6081,0.685457,0.441038
0,62.5,30.5547,42.9435,0.0325801,1.14963
0,62.5,66.7508,40.6353,0.728688,0.440169
0,62.5,31.4698,42.931,0.318524,0.747411
0,62.5,66.6391,41.1964,0.766499,0.251409
0,62.5,31.1273,43.0162,0.169304,0.8893
0,62.5,66.701,40.9093,0.779475,0.308124
0,62.5,30.6796,42.7424,0.447024,1.15298
0,62.5,66.5944,41.4608,0.699043,0.227701
0,62.5,30.9163,42.8758,0.260763,1.08591
0,62.5,66.8025,41.5908,0.66906,0.300137
0,62.5,31.2449,42.8152,0.412965,1.14513
0,62.5,66.5599,41.7411,0.722259,0.240396
0,62.5,30.9991,42.6643,0.324466,1.10662
0,62.5,66.7786,41.8595,0.609233,0.257463
0,62.5,31.5755,42.7285,0.481389,0.754268
0,62.5,66.3156,41.8994,0.689517,0.288835
0,62.5,31.908,42.6724,0.541329,0.764454
0,62.5,66.5371,42.0054,0.590599,0.216019
0,62.5,32.4569,42.7223,0.304054,0.614475
0,62.5,66.5385,42.2737,0.497353,0.414257
0,62.5,32.9663,42.9951,0.370526,0.117323
0,62.5,66.3778,42.696,0.478613,0.356394
0,62.5,32.7127,42.8561,0.419583,0.189828
0,62.5,66.1902,42.8699,0.516247,0.392641
0,62.5,33.0656,43.5758,0.380462,-0.0151716
0,62.5,66.2834,43.1081,0.388064,0.534987
0,62.5,32.9061,43.2152,0.156626,-0.0629467
0,62.5,66.1041,43.3097,0.626721,0.59479
0,62.5,33.4105,43.3042,0.262715,-0.0920074
0,62.5,66.174,43.5946,0.640868,0.634
0,62.5,33.7021,43.2267,0.828248,-0.0235282
0,62.5,66.5626,43.4581,0.401859,0.463437
0,62.5,33.2931,42.9034,0.49884,0.057463
0,62.5,66.6279,43.7272,0.428026,0.332333
0,62.5,34.0158,42.9507,0.755042,0.038206
0,62.5,66.8679,43.7923,0.428917,0.291953
0,62.5,33.883,43.413,0.834469,-0.0278083
0,62.5,66.7701,44.2638,0.555011,0.229734
0,62.5,34.9581,43.3459,0.821128,-0.332747
0,62.5,67.0136,44.3291,0.525063,0.319344
0,62.5,35.6111,44.1558,0.710223,0.182361
0,62.5,66.8244,44.5234,0.568714,0.2173
0,62.5,35.384,44.6244,0.755766,-0.112049
0,62.5,67.1875,44.1315,0.440052,0.309757
0,62.5,36.0809,44.6584,0.715327,-0.0118974
0,62.5,67.254,44.4085,0.529918,0.29501
0,62.5,35.9953,44.4215,0.303304,0.167422
0,62.5,67.2945,44.6869,0.628895,0.287394
0,62.5,35.4362,44.9684,0.172486,-0.115778
0,62.5,67.1002,44.881,0.633299,0.172983
0,62.5,35.4767,45.1998,0.352909,-0.174851
0,62.5,67.4843,44.5022,0.581636,0.379793
0,62.5,35.3141,45.441,0.247086,-0.486625
0,62.5,67.3272,44.9742,0.698551,0.254979
0,62.5,35.9322,45.7954,0.346842,-0.276809
0,62.5,67.3626,45.2573,0.784467,0.232616
0,62.5,35.6008,45.4079,0.14255,-0.155575
0,62.5,67.1606,45.4377,0.759658,0.130699
0,62.5,35.8881,45.3354,0.601684,-0.141405
0,62.5,67.1828,45.7182,0.742815,0.131101
0,62.5,35.8818,46.3721,0.412948,-0.733076
0,62.5,67.2356,46.2709,0.675269,0.235061
0,62.5,36.126,46.2745,0.139528,-0.688248
0,62.5,67.4655,46.3363,0.710445,0.212777
0,62.5,36.1789,45.7782,0.660942,-0.302176
0,62.5,67.2618,46.5502,0.669643,0.246176
0,62.5,36.0452,46.5456,0.399228,-0.630231
0,62.5,67.4376,46.0678,0.686736,0.219483
0,62.5,36.2602,46.623,0.0326478,-0.181493
0,62.5,67.701,46.411,0.731589,0.164448
0,62.5,36.5404,46.4932,0.755747,-0.592157
0,62.5,67.4859,46.6071,0.655351,0.190666
0,62.5,36.2118,47.5594,-0.320622,-0.567047
0,62.5,67.2839,47.1296,0.585994,0.235925
0,62.5,36.0072,47.4308,0.123581,-0.451867
0,62.5,67.9398,46.483,0.620503,0.170773
0,62.5,35.9573,47.6958,-0.463429,-0.99552
0,62.5,67.7194,46.6772,0.687208,0.139621
0,62.5,35.5059,47.7078,-0.257827,-0.697364
0,62.5,67.9575,46.7432,0.637739,0.194197
0,62.5,34.5512,47.8906,-0.352265,-0.508653
0,62.5,67.7463,46.9378,0.647554,0.0977615
0,62.5,35.0972,47.7153,-0.51383,-1.04879
0,62.5,68.0428,47.2152,0.436119,0.141913
0,62.5,34.2065,48.1479,0.154976,-0.317077
0,62.5,67.9974,46.9983,0.431694,0.169325
0,62.5,33.6344,48.2378,0.101246,0.065355
0,62.5,67.7593,47.1858,0.517833,0.113941
0,62.5,33.3753,48.3216,0.0348755,0.118124
0,62.5,67.58,47.6003,0.385995,-0.0531705
0,62.5,33.1348,48.4398,0.0187449,0.14957
0,62.5,67.8115,47.405,0.413284,0.0662696
0,62.5,32.2058,48.568,0.103707,0.0374221
0,62.5,67.864,47.6307,0.120474,0.104983
0,62.5,32.8831,48.5389,0.298219,-0.161613
0,62.5,68.0892,47.4487,0.113426,0.214771
0,62.5,31.7028,49.0147,-0.062401,-0.0306774
0,62.5,67.9395,47.889,0.203962,0.167424
0,62.5,31.3917,49.6224,0.133865,-0.0178611
0,62.5,67.638,48.5823,-0.0973565,0.148158
0,62.5,31.337,49.8817,-0.0744175,0.151722
0,62.5,67.5235,49.1158,-0.227521,0.174178
0,62.5,31.6311,49.5492,-0.214783,0.0421269
0,62.5,67.9312,48.9888,-0.329025,0.040131
0,62.5,30.8902,49.7635,0.310278,0.00442004
0,62.5,67.7169,48.9069,-0.187615,0.0109557
0,62.5,30.5322,50.0433,0.127252,-0.00260118
0,62.5,67.7425,49.2004,-0.343818,0.0113346
0,62.5,30.432,50.2614,0.494194,0.0478276
0,62.5,67.7729,49.4937,-0.390736,-0.107539
0,62.5,30.8199,50.0019,0.200228,-0.00523418
0,62.5,68.0058,49.5495,-0.332848,0.0180166
0,62.5,29.6464,50.1834,0.0718562,-0.375754
0,62.5,67.8759,50.0355,-0.597779,-0.359594
0,62.5,29.6724,50.6217,0.0899589,-0.341632
0,62.5,68.3181,50.5315,-0.528464,0.0459266
0,62.5,29.37,50.1738,0.181771,-0.234517
0,62.5,67.9513,50.2839,-0.62419,-0.24253
0,62.5,28.2808,50.0914,-0.190895,0.0811475
0,62.5,67.6985,50.7691,-0.17976,-0.0290308
0,62.5,28.6623,49.8804,0.18824,0.0424431
0,62.5,67.8511,51.0028,-0.160861,0.190298
0,62.5,26.0338,50.8038,-0.766468,0.160611
0,62.5,68.3393,51.0083,-0.229671,0.141009
0,62.5,24.3416,50.8022,-0.53343,0.0775665
0,62.5,68.5939,51.0121,-0.211227,-0.168766
0,62.5,1.62806,27.2636,-0.0162471,-6.5358
0,62.5,72.5531,31.5891,2.65148,-1.8845
0,62.5,2.15671,27.724,-0.886371,-6.10948
0,62.5,72.0191,31.7166,2.64434,-2.60178
0,62.5,1.76092,27.9499,-0.944249,-5.14872
0,62.5,71.1981,32.9365,2.12678,-2.05758
0,62.5,7.97632,31.7365,-3.24583,0.37508
0,62.5,70.8746,33.4816,2.00946,-1.61798
0,62.5,5.09017,29.8804,-4.97029,-1.18281
0,62.5,69.9101,35.0876,1.81539,-0.433537
0,62.5,11.1554,32.4316,-2.07719,-0.661535
0,62.5,70.6341,33.9429,1.89665,-1.64261
0,62.5,12.1719,32.6511,-2.47593,-0.957372
0,62.5,69.8219,35.362,1.68769,-0.827299
0,62.5,14.6528,34.8503,-3.4076,-0.165686
0,62.5,70.4212,34.2987,2.1597,-1.13012
0,62.5,14.8928,35.336,-3.42322,0.328378
0,62.5,70.2108,34.8233,1.86533,-0.954579
0,62.5,16.7952,36.5425,-2.79269,1.54875
0,62.5,68.6672,36.3179,1.10466,0.119418
0,62.5,17.5796,37.2203,-2.72758,1.91783
0,62.5,69.076,36.0398,1.07621,-0.122523
0,62.5,19.9664,38.1425,-1.5881,1.7653
0,62.5,67.984,37.1145,0.799116,0.622848
0,62.5,18.5395,37.7338,-2.03624,2.26003
0,62.5,68.8637,36.4562,1.26506,-0.00643934
0,62.5,19.3951,37.9789,-1.72448,2.01433
0,62.5,69.7073,35.6097,1.19654,-0.290293
0,62.5,20.2944,38.5696,-1.53726,1.80645
0,62.5,68.2176,37.0946,0.923134,0.0628093
0,62.5,20.1412,38.37,-1.41826,2.26773
0,62.5,68.6569,36.6452,0.915034,-0.0565483
0,62.5,21.7236,38.7997,-1.43866,1.50892
0,62.5,68.1321,37.4104,0.992411,0.123321
0,62.5,20.8911,38.4587,-1.40921,1.7229
0,62.5,68.4756,36.9798,0.934643,0.034846
0,62.5,20.4298,38.3634,-1.82834,2.02279
0,62.5,68.3668,37.2607,0.931234,-0.0905247
0,62.5,22.7972,39.3205,-0.797794,1.69846
0,62.5,68.1296,37.9132,0.715266,0.442439
0,62.5,23.3455,39.8203,-0.469567,1.64633
0,62.5,68.3533,37.526,0.897667,0.16138
0,62.5,23.514,39.6433,-0.506259,0.903857
0,62.5,67.9428,38.1102,0.841019,0.49536
0,62.5,23.9619,39.8998,-0.423954,1.102
0,62.5,68.2205,38.1445,0.753674,0.475313
0,62.5,24.1451,40.1226,-0.287224,1.50805
0,62.5,67.7707,38.3228,0.833081,0.450908
0,62.5,24.606,40.3352,-0.259671,1.5791
0,62.5,67.6471,38.8188,0.737376,0.428385
0,62.5,25.0819,40.4825,-0.665402,1.44792
0,62.5,67.6845,39.0764,0.84357,0.561718
0,62.5,24.8843,40.3002,-0.51851,1.51591
0,62.5,67.3999,39.5161,0.737912,0.629728
0,62.5,26.0219,40.7064,-0.344453,1.10044
0,62.5,67.3634,39.7801,0.542305,0.472548
0,62.5,26.9342,41.3603,-0.251865,1.62212
0,62.5,67.2004,39.9729,0.888025,0.574512
0,62.5,27.2272,41.337,-0.417378,1.37498
0,62.5,67.6352,39.5521,0.702809,0.371744
0,62.5,27.7231,41.5118,-0.520416,1.27442
0,62.5,67.5613,39.8487,0.783991,0.402594
0,62.5,28.5464,41.7877,-0.563679,1.20302
0,62.5,67.4915,40.4011,0.587159,0.415401
0,62.5,28.3073,41.7235,-0.21234,0.968193
0,62.5,67.2606,40.4212,0.528713,0.467586
0,62.5,28.6746,41.6013,-0.204005,1.29868
0,62.5,67.6543,40.5865,0.448924,0.42582
0,62.5,28.2822,41.484,-0.487232,0.940702
0,62.5,67.0046,40.517,0.623186,0.419263
0,62.5,28.8271,41.4343,-0.0371009,1.22321
0,62.5,67.2073,40.6774,0.640483,0.388918
0,62.5,29.1356,41.4886,-0.125324,1.09195
0,62.5,66.8876,41.0609,0.703931,0.281717
0,62.5,30.4446,42.5638,0.343011,1.08875
0,62.5,67.1451,40.9372,0.598233,0.229887
0,62.5,29.4791,41.9281,0.0563678,0.929977
0,62.5,66.8491,41.3253,0.739345,0.141371
0,62.5,30.2112,42.3778,0.269657,0.999213
0,62.5,67.0621,41.4612,0.737627,0.202437
0,62.5,30.7469,42.5326,0.526863,1.23529
0,62.5,67.2639,41.5823,0.517694,0.381077
0,62.5,30.2922,42.1711,0.116976,1.17008
0,62.5,67.0153,41.7217,0.559495,0.384018
0,62.5,31.0619,42.4505,0.319348,1.23726
0,62.5,67.0006,41.9973,0.420328,0.520743
0,62.5,31.3067,42.5987,0.632011,1.11133
0,62.5,66.792,42.377,0.437357,0.510631
0,62.5,30.5169,42.3573,0.217919,1.05105
0,62.5,66.7647,42.1257,0.499823,0.405682
0,62.5,31.6223,42.5234,0.507214,1.05478
0,62.5,66.7229,42.699,0.205165,0.477049
0,62.5,31.3705,42.3907,0.820459,0.985423
0,62.5,66.5781,42.5345,0.413837,0.294647
0,62.5,32.7881,42.654,0.407694,0.445473
0,62.5,66.7192,42.9505,0.171268,0.475503
0,62.5,33.0403,42.7909,0.362804,0.283739
0,62.5,66.4821,42.9045,0.207106,0.481905
0,62.5,33.2059,43.1221,0.234521,-0.150072
0,62.5,66.5272,43.1646,0.266133,0.467809
0,62.5,32.5334,42.5226,0.472353,0.675831
0,62.5,66.3394,43.3741,0.482197,0.544405
0,62.5,32.1913,42.5904,0.379299,0.689887
0,62.5,66.7483,43.2433,0.2511,0.438069
0,62.5,33.3256,42.6769,0.586462,0.219907
0,62.5,66.7981,43.5122,0.250552,0.25501
0,62.5,33.5716,42.8268,0.605429,0.0780106
0,62.5,67.0376,43.5953,0.260524,0.33601
0,62.5,35.5804,43.738,0.954609,0.109409
0,62.5,67.1208,43.8617,0.330464,0.269147
0,62.5,35.7416,43.9058,0.788236,-0.11478
0,62.5,66.9412,44.0558,0.485078,0.260467
0,62.5,35.2872,43.8274,0.787702,-0.0976715
0,62.5,67.5387,43.7538,0.356751,0.234709
0,62.5,35.7035,44.4745,0.897848,-0.00881394
0,62.5,67.3655,43.9398,0.392177,0.301557
0,62.5,35.8302,44.2395,0.682044,0.194241
0,62.5,67.6139,44.0229,0.398119,0.297332
0,62.5,35.9422,44.0049,1.08555,-0.26217
0,62.5,67.4288,44.2113,0.498472,0.267578
0,62.5,35.8204,44.6623,0.792234,-0.386425
0,62.5,67.876,44.4221,0.477305,0.362759
0,62.5,35.9648,44.8894,0.18045,-0.171356
0,62.5,67.6573,44.3091,0.495118,0.322791
0,62.5,35.7191,44.9342,0.546576,-0.156777
0,62.5,67.7083,44.6141,0.605494,0.359425
0,62.5,36.0303,45.1164,0.299323,-0.252967
0,62.5,67.5194,44.7927,0.651274,0.251111
0,62.5,35.7398,45.157,-0.156177,-0.000878666
0,62.5,67.5545,45.0812,0.707324,0.258264
0,62.5,36.1654,45.3269,0.354448,-0.535988
0,62.5,67.3895,45.5353,0.770642,0.158593
0,62.5,35.9791,46.0846,0.0618371,-0.174075
0,62.5,67.4201,45.801,0.682292,0.201709
0,62.5,35.9999,45.5539,0.451422,-0.0648417
0,62.5,67.2084,45.9893,0.709757,0.176205
0,62.5,36.2176,46.0023,0.539197,-0.435898
0,62.5,67.9084,45.974,0.685061,0.129369
0,62.5,36.8847,46.667,1.34263,-1.51515
0,62.5,67.6587,45.8937,0.68275,0.173002
0,62.5,36.6121,46.7093,0.424056,-0.748646
0,62.5,67.9237,46.2244,0.661687,0.125283
0,62.5,36.0576,47.1669,0.243067,-0.881227
0,62.5,67.6801,46.1496,0.671885,0.0904934
0,62.5,35.8544,47.0512,-0.0442979,-0.701016
0,62.5,68.1703,46.3046,0.549165,0.207983
0,62.5,36.2646,47.2987,0.228091,-0.412724
0,62.5,68.176,46.5652,0.60511,0.2396
0,62.5,35.2889,47.8626,-0.326552,-0.759737
0,62.5,68.3059,47.0245,0.250792,0.271743
0,62.5,35.7047,47.8499,-0.470053,-0.567205
0,62.5,68.2103,46.8282,0.573645,0.164755
0,62.5,35.0292,47.9835,-0.416766,-0.907465
0,62.5,68.5533,47.3001,0.301965,0.0996197
0,62.5,34.4302,48.3527,0.167697,-0.0356597
0,62.5,68.5537,47.0396,0.113833,0.206042
0,62.5,34.0829,48.3391,0.04243,-0.445999
0,62.5,68.1798,47.9491,0.076159,0.141211
0,62.5,34.4692,48.1182,0.0919053,-0.477213
0,62.5,68.3498,47.508,0.201041,0.246198
0,62.5,33.3327,48.5954,-0.00306123,0.30672
0,62.5,68.0105,48.166,0.0483002,0.180633
0,62.5,33.8261,48.4146,-0.0475081,-0.119696
0,62.5,68.3043,47.2581,0.301215,0.303826
0,62.5,32.6493,48.6365,-0.0287556,0.144342
0,62.5,68.0419,48.4612,-0.149672,0.144954
0,62.5,32.181,48.8352,-0.069153,0.116041
0,62.5,68.1238,47.6901,0.07401,0.119566
0,62.5,31.9674,48.6641,-0.117785,-0.0565433
0,62.5,67.8238,48.3892,-0.101478,0.0593191
0,62.5,31.9439,48.9288,-0.128774,0.0230663
0,62.5,67.7807,48.114,0.0178843,0.151038
0,62.5,31.6745,49.2809,-0.0865972,0.0684707
0,62.5,68.0721,48.7453,-0.137971,0.186285
0,62.5,32.4164,48.7384,0.0547105,0.0257278
0,62.5,67.8527,48.6812,-0.170444,0.13002
0,62.5,31.91,49.1964,-0.13052,0.0516688
0,62.5,68.1878,49.3085,-0.397505,0.103342
0,62.5,31.0866,49.9546,0.0303783,0.15415
0,62.5,67.9601,49.2789,-0.35747,-0.0165419
0,62.5,30.9798,50.4158,0.173709,0.245316
0,62.5,68.0669,49.8079,-0.473884,0.0393216
0,62.5,30.7305,50.2271,0.399439,0.122369
0,62.5,68.1308,50.0543,-0.492958,0.0144406
0,62.5,29.9451,50.6114,0.192644,-0.100072
0,62.5,68.2138,50.29,-0.630798,0.0122879
0,62.5,30.0969,50.3815,-0.00249742,-0.108164
0,62.5,68.0633,50.5221,-0.569468,-0.198227
0,62.5,29.3873,50.5988,0.0651028,-0.421413
0,62.5,68.389,50.074,-0.482041,-0.0663048
0,62.5,28.0356,50.5508,-0.428481,0.173878
0,62.5,67.9358,50.7441,-0.358972,-0.0849738
0,62.5,28.6908,50.3303,-0.0981539,0.112944
0,62.5,68.4432,50.7725,-0.425651,0.00166422
0,62.5,27.8936,50.3318,-0.486153,0.0499653
0,62.5,68.1881,50.7674,-0.423897,-0.0330789
0,62.5,26.3022,50.8083,-0.732689,0.0975599
0,62.5,68.5813,50.5548,-0.653936,-0.0195784
0,62.5,25.1298,51.0133,-0.7312,0.0930603
0,62.5,68.7098,50.7875,-0.250017,-0.0581288
0,62.5,3.67405,22.8139,3.70267,-10.4928
0,62.5,72.7475,31.3352,2.59129,-2.48109
0,62.5,2.54226,27.1218,0.978871,-4.76166
0,62.5,72.2707,31.763,2.47601,-1.98694
0,62.5,10.0087,32.5338,-1.95742,-0.246856
0,62.5,71.7313,32.1835,2.99723,-2.42431
0,62.5,10.5233,32.4867,-1.92131,-0.251217
0,62.5,70.9542,33.1058,2.66132,-1.85627
0,62.5,7.10516,30.5523,-0.87241,2.05857
0,62.5,71.1296,33.2308,2.0739,-2.19966
0,62.5,11.053,31.9677,-2.11937,-1.22207
0,62.5,71.8562,32.4041,2.75321,-1.84346
0,62.5,13.7808,34.0037,-2.66579,-0.679528
0,62.5,71.4178,32.9498,2.27041,-2.02715
0,62.5,16.3926,36.3119,-3.05103,1.36177
0,62.5,70.8903,33.8089,2.10265,-1.35391
0,62.5,15.5858,35.8024,-3.08927,0.889823
0,62.5,70.6459,34.203,1.99926,-1.69751
0,62.5,14.5489,34.1827,-3.04801,-0.994755
0,62.5,70.4074,34.6284,1.58174,-0.881898
0,62.5,18.1712,37.4211,-2.39185,1.81098
0,62.5,69.4783,35.6312,1.3571,-0.369584
0,62.5,18.7483,37.9403,-2.16303,1.53961
0,62.5,70.1063,35.121,1.66369,-0.70618
0,62.5,19.638,38.1132,-1.72194,1.95227
0,62.5,69.3259,35.8358,0.827876,-0.449439
0,62.5,18.9088,37.7894,-1.6812,2.34027
0,62.5,70.0331,35.4451,1.53946,-0.30375
0,62.5,20.7212,38.2531,-1.25898,1.91447
0,62.5,69.3094,36.0834,1.15901,-0.425737
0,62.5,21.1614,38.3712,-1.41165,2.06311
0,62.5,69.0361,36.3015,0.931981,-0.300129
0,62.5,20.2609,38.1526,-1.54945,1.58867
0,62.5,69.2545,36.3688,0.990213,-0.343882
0,62.5,21.6685,38.504,-1.68417,1.74897
0,62.5,68.9315,36.6921,1.07987,0.0637963
0,62.5,22.0465,38.8124,-1.55651,1.28788
0,62.5,68.7117,36.875,0.741124,0.0299253
0,62.5,21.3897,38.4932,-1.34809,1.79114
0,62.5,68.8926,37.0056,0.912858,-0.0926185
0,62.5,23.2283,39.593,-0.626998,1.50299
0,62.5,68.6209,37.1734,0.970523,-0.0542548
0,62.5,24.6929,40.1031,-0.390363,1.65204
0,62.5,68.3671,37.7693,0.787162,0.149789
0,62.5,24.4175,40.1286,-0.214613,1.36114
0,62.5,68.048,38.3447,0.849289,0.656246
0,62.5,25.1623,40.2529,-0.328582,1.3009
0,62.5,68.2996,38.4033,0.767235,0.522402
0,62.5,25.3677,40.4305,-0.37939,1.24851
0,62.5,67.842,38.5584,0.732133,0.377854
0,62.5,25.666,40.3548,-0.65185,0.978692
0,62.5,68.0982,38.5976,0.834129,0.60418
0,62.5,25.8463,40.5295,-0.32194,1.28176
0,62.5,67.6963,39.3243,0.805436,0.49857
0,62.5,26.2414,40.5762,-0.492218,1.33224
0,62.5,67.8903,38.8015,0.835788,0.374916
0,62.5,26.0408,40.3923,-0.429712,1.45952
0,62.5,67.9339,39.0535,0.91515,0.382419
0,62.5,26.6912,41.1582,-0.354066,1.3538
0,62.5,68.1744,39.1303,0.835727,0.446027
0,62.5,27.5297,41.3165,-0.498645,1.38591
0,62.5,67.946,39.3065,0.841236,0.344101
0,62.5,28.0113,41.4927,-0.460116,1.2457
0,62.5,67.7973,39.7091,0.789773,0.457655
0,62.5,28.1207,41.2668,-0.335414,1.23294
0,62.5,67.7906,39.983,0.642205,0.442311
0,62.5,28.4983,41.4295,-0.29083,1.21808
0,62.5,67.5625,40.1078,0.783557,0.356278
0,62.5,27.8378,41.2974,-0.387532,1.2513
0,62.5,67.9859,40.0707,0.650947,0.368354
0,62.5,28.9153,41.2475,-0.326237,1.46373
0,62.5,67.7227,40.2894,0.468761,0.435507
0,62.5,28.6076,41.2193,-0.179604,1.56976
0,62.5,67.9302,40.3471,0.651913,0.310047
0,62.5,29.9868,42.1692,0.142341,1.18336
0,62.5,67.4349,40.6966,0.592551,0.377393
0,62.5,29.4194,41.5054,0.00500571,1.19975
0,62.5,67.3636,40.9871,0.613651,0.305948
0,62.5,29.318,41.7146,0.0327229,1.15841
0,62.5,67.101,41.1951,0.679646,0.218022
0,62.5,29.7811,41.956,-0.147391,0.81306
0,62.5,67.3131,41.2871,0.559957,0.339589
0,62.5,30.0928,41.9742,0.0711725,0.976736
0,62.5,67.4481,41.7584,0.603253,0.388341
0,62.5,29.9046,41.7632,-0.00314301,1.09133
0,62.5,67.2212,41.8744,0.457914,0.439654
0,62.5,30.5953,42.1406,0.073832,1.18338
0,62.5,67.0335,42.2296,0.356213,0.513581
0,62.5,30.818,42.313,0.493634,1.53957
0,62.5,67.2506,42.3008,0.257502,0.690051
0,62.5,31.9119,42.4567,0.218291,0.687539
0,62.5,66.9792,42.503,0.328053,0.517704
0,62.5,31.1279,42.231,0.422802,1.25519
0,62.5,67.2027,42.5647,0.351352,0.471153
0,62.5,31.6736,42.2991,0.579173,0.839386
0,62.5,66.9545,42.7623,0.178868,0.451235
0,62.5,32.0107,42.2661,0.76432,0.771735
0,62.5,67.1699,42.8423,0.189272,0.457615
0,62.5,32.2657,42.3964,0.530455,0.768831
0,62.5,66.9423,43.0456,0.22805,0.414146
0,62.5,32.8184,42.427,0.23453,0.792322
0,62.5,67.4077,42.9581,0.22593,0.513624
0,62.5,33.0725,42.56,0.277107,0.327359
0,62.5,67.1705,43.1088,0.214264,0.488189
0,62.5,33.76,42.6734,0.782015,0.27059
0,62.5,66.9882,43.3153,0.187682,0.357481
0,62.5,34.4237,43.4407,0.804646,0.193655
0,62.5,67.2192,43.4027,0.205911,0.37682
0,62.5,34.2064,43.3067,0.792546,0.105979
0,62.5,67.2872,43.6642,0.331123,0.297214
0,62.5,35.6966,43.4979,0.903181,0.27908
0,62.5,67.7914,43.8232,0.338985,0.261047
0,62.5,34.7091,43.3191,0.734424,0.477191
0,62.5,68.0276,43.9503,0.342973,0.308046
0,62.5,35.8677,43.657,0.830512,0.442652
0,62.5,67.8379,44.1163,0.37471,0.3071
0,62.5,35.493,43.3457,0.863131,-0.0511916
0,62.5,68.257,44.1041,0.347274,0.32614
0,62.5,36.115,44.1873,1.00493,0.0559429
0,62.5,68.0541,44.2482,0.438246,0.346287
0,62.5,35.0375,43.1166,0.9039,-0.0771678
0,62.5,68.1017,44.5427,0.660861,0.166501
0,62.5,36.0655,43.7751,0.889243,-0.0859581
0,62.5,67.936,44.7246,0.72796,0.270907
0,62.5,36.3566,44.2227,0.971552,-0.59912
0,62.5,67.7837,45.1896,0.731707,0.230175
0,62.5,36.338,45.1618,0.441848,-0.57722
0,62.5,67.7454,44.901,0.765085,0.261942
0,62.5,36.5966,44.2845,1.2595,-0.971412
0,62.5,67.633,45.6277,0.756285,0.208727
0,62.5,36.3305,44.7193,1.05723,-0.575844
0,62.5,67.5954,45.3657,0.804771,0.197565
0,62.5,36.2736,45.5508,0.44925,-0.332688
0,62.5,68.0911,45.5593,0.713692,0.193436
0,62.5,36.5047,45.6445,0.909809,0.0761292
0,62.5,67.8757,45.7219,0.706583,0.241063
0,62.5,36.4589,45.8676,0.562346,-0.141534
0,62.5,68.1353,45.8051,0.68917,0.196657
0,62.5,36.4787,45.3848,0.627308,-0.136551
0,62.5,68.1604,46.0553,0.62703,0.125793
0,62.5,36.3386,46.3774,0.521843,-0.645422
0,62.5,68.391,45.8891,0.573389,0.167337
0,62.5,36.3877,46.8067,1.02734,-0.734792
0,62.5,68.407,46.1455,0.415307,0.233433
0,62.5,36.9169,46.9321,0.591535,-1.51117
0,62.5,68.4043,46.4078,0.413307,0.307327
0,62.5,36.319,47.0487,0.248164,-0.574031
0,62.5,68.4146,46.6779,0.605012,0.235032
0,62.5,36.3999,47.6919,-0.324405,-0.350589
0,62.5,68.817,46.6972,0.442304,0.0616782
0,62.5,35.2179,48.1389,-0.350139,-0.51873
0,62.5,68.5955,46.8211,0.572062,0.160976
0,62.5,36.1462,47.8358,-0.758336,-0.334364
0,62.5,68.5993,47.5572,0.15167,0.305323
0,62.5,35.4719,47.999,-0.359879,-0.817532
0,62.5,68.3789,47.7549,0.0997342,0.14871
0,62.5,34.7521,48.0741,-0.351802,-0.748696
0,62.5,68.4172,48.0122,-0.0531575,0.151332
0,62.5,34.6821,48.3116,0.072214,-0.466579
0,62.5,68.2277,48.2348,-0.16322,0.351157
0,62.5,34.2693,48.513,-0.101043,-0.442494
0,62.5,68.4583,48.2675,-0.225868,0.255087
0,62.5,33.7694,48.6737,0.0265271,0.254048
0,62.5,68.2616,48.5164,-0.156049,0.260984
0,62.5,33.5314,48.766,-0.0381038,0.280473
0,62.5,68.4897,48.5331,-0.19128,0.203574
0,62.5,32.8509,48.8124,0.0609291,0.114986
0,62.5,68.2996,48.7902,-0.0682823,0.285093
0,62.5,33.5727,48.4919,-0.0485265,0.160868
0,62.5,68.698,48.2971,-0.281628,0.551396
0,62.5,31.5894,49.8141,0.000681772,0.139265
0,62.5,68.3774,49.0624,-0.301971,0.255665
0,62.5,33.0852,48.704,-0.0793165,0.171417
0,62.5,68.5283,48.8004,-0.0955489,0.387182
0,62.5,31.5267,50.0692,-0.18831,0.102313
0,62.5,68.1495,49.0354,-0.279134,0.0188887
0,62.5,31.0138,50.19,0.213197,0.243598
0,62.5,68.7218,48.5615,-0.206278,0.420514
0,62.5,31.2573,50.373,-0.0376251,0.294021
0,62.5,68.4218,49.3328,-0.330458,0.279613
0,62.5,31.1798,50.603,0.224824,0.284952
0,62.5,68.6021,49.0765,-0.25068,0.302235
0,62.5,28.8321,50.5633,-0.0980351,-0.152396
0,62.5,68.2437,49.5709,-0.432451,0.0210818
0,62.5,30.6951,50.4399,0.0215493,0.184696
0,62.5,68.6487,49.357,-0.21838,0.311125
0,62.5,28.5639,50.55,-0.163906,-0.0434782
0,62.5,68.3123,49.8272,-0.472373,0.0305072
0,62.5,29.8077,50.4024,0.205285,-0.332169
0,62.5,68.5644,49.8557,-0.336807,0.0322299
0,62.5,28.4256,50.3205,-0.328768,-0.00801731
0,62.5,68.4756,50.3153,-0.602781,-0.0862861
0,62.5,27.7725,50.5649,-0.458338,-0.0104548
0,62.5,68.65,50.0983,-0.438295,0.0643317
0,62.5,27.5074,50.5752,-0.435793,-0.252073
0,62.5,68.7385,50.3357,-0.598628,0.195944
0,62.5,26.5781,50.82,-0.718795,0.0998489
0,62.5,68.8508,50.5668,-0.419251,0.232698
0,62.5,25.254,50.7784,-0.853962,0.136295
0,62.5,68.8576,51.0144,-0.156806,0.0403729
0,62.5,4.53422,29.0641,-4.51602,-1.79585
0,62.5,74.485,29.8828,2.39536,-2.61962
0,62.5,2.81291,24.0013,2.24375,-9.04849
0,62.5,72.8116,31.5561,2.57539,-2.245
0,62.5,9.05383,26.6576,8.5062,-0.469947
0,62.5,71.956,31.996,2.92796,-2.15483
0,62.5,8.45015,31.7987,-3.90628,2.53396
0,62.5,72.5191,31.8633,2.77982,-2.09636
0,62.5,9.05935,31.8752,-0.517505,0.397172
0,62.5,71.6667,32.5978,2.55509,-1.84033
0,62.5,12.7306,32.8473,-2.6481,-0.884368
0,62.5,72.2007,31.987,2.81309,-2.24388
0,62.5,13.2278,32.3435,-2.82929,-1.16722
0,62.5,71.6182,33.0122,2.21183,-2.07364
0,62.5,11.8808,32.3745,-2.47198,-0.923298
0,62.5,71.3342,33.2573,2.43275,-2.09914
0,62.5,14.2334,34.3685,-2.71497,-0.092701
0,62.5,71.0908,33.4999,2.19791,-2.05303
0,62.5,17.199,36.7591,-2.85471,1.67989
0,62.5,71.1051,33.7889,2.08344,-1.86247
0,62.5,19.1409,37.8907,-2.3091,2.2138
0,62.5,70.8748,34.0623,1.94531,-1.3779
0,62.5,16.5945,36.2522,-2.85548,1.56249
0,62.5,70.615,34.4754,1.62598,-1.28934
0,62.5,18.5272,37.5086,-1.89112,1.71931
0,62.5,70.367,34.9735,1.88863,-0.666232
0,62.5,19.2746,37.6771,-2.06114,2.17543
0,62.5,69.5754,35.9027,1.13754,-0.56265
0,62.5,19.8119,37.9533,-2.06178,2.10067
0,62.5,69.8929,35.7027,1.21957,-0.472136
0,62.5,19.7492,37.6946,-1.49109,1.89481
0,62.5,69.4866,36.2211,1.26154,-0.511571
0,62.5,19.5347,37.8123,-1.74305,2.1418
0,62.5,69.4239,36.5433,1.20925,-0.417264
0,62.5,22.3366,39.0753,-0.855356,1.29506
0,62.5,69.1556,36.6068,1.08125,-0.467824
0,62.5,23.0932,39.3704,-0.797669,1.73664
0,62.5,69.7325,35.9829,1.27189,-0.563852
0,62.5,23.8069,39.6712,-0.464394,1.3316
0,62.5,69.118,36.8753,1.18319,-0.347366
0,62.5,23.4009,39.4091,-0.715555,1.75725
0,62.5,68.5866,37.4433,0.758373,0.0257158
0,62.5,25.4572,40.2016,-0.379403,1.16633
0,62.5,68.8288,37.2661,0.937684,-0.165769
0,62.5,24.9714,40.0675,-0.313664,1.50858
0,62.5,68.4337,38.0055,0.729786,0.288502
0,62.5,23.6871,39.4447,-0.505552,1.36835
0,62.5,68.5007,38.2522,0.736734,0.187597
0,62.5,25.8259,40.1904,-0.315199,1.27255
0,62.5,68.3441,38.6669,0.829149,0.481039
0,62.5,25.2615,40.0227,-0.494174,1.7265
0,62.5,68.679,38.0291,0.687167,0.0102953
0,62.5,26.7502,40.7132,-0.757812,1.66089
0,62.5,68.5583,38.5178,0.710731,0.116415
0,62.5,26.4902,40.7215,-0.444652,1.46682
0,62.5,68.4288,39.2136,0.672764,0.418777
0,62.5,26.9836,41.1501,-0.264727,1.35317
0,62.5,68.1447,38.8621,0.879811,0.599713
0,62.5,26.4994,40.9613,-0.43925,1.26981
0,62.5,68.3787,38.9425,0.703819,0.422717
0,62.5,26.7773,40.9457,-0.497899,1.25766
0,62.5,68.2191,39.382,0.641419,0.331837
0,62.5,27.281,41.1279,-0.570549,1.38193
0,62.5,67.9813,39.5302,0.627107,0.440366
0,62.5,27.562,41.1062,-0.533074,1.33236
0,62.5,68.2375,39.9095,0.531485,0.553907
0,62.5,28.346,41.1803,-0.21603,1.4563
0,62.5,68.0375,39.7879,0.647512,0.51645
0,62.5,27.024,40.7101,-0.54683,1.35872
0,62.5,68.3789,40.3125,0.500863,0.447454
0,62.5,28.7204,41.0293,-0.304753,1.09235
0,62.5,67.8712,40.6171,0.519703,0.0460285
0,62.5,27.5881,40.8624,-0.569595,0.985929
0,62.5,67.8172,40.8809,0.527545,0.0314162
0,62.5,28.08,41.0259,-0.37124,1.24917
0,62.5,68.1816,40.195,0.631705,0.490165
0,62.5,27.8412,40.8313,-0.505392,1.31064
0,62.5,67.5888,40.8916,0.532167,0.400196
0,62.5,29.612,41.7328,0.0691143,1.14419
0,62.5,67.5295,41.1813,0.494347,0.348714
0,62.5,28.4275,40.9598,-0.45026,1.27703
0,62.5,67.4867,41.475,0.566134,0.308886
0,62.5,29.2143,41.2902,-0.16792,1.38328
0,62.5,67.692,41.6812,0.481698,0.121543
0,62.5,29.7027,41.5255,0.159849,1.15031
0,62.5,67.3301,42.0724,0.263041,0.636092
0,62.5,30.3877,41.9596,-0.0223171,1.13435
0,62.5,67.546,42.2051,0.250316,0.38407
0,62.5,30.1901,41.7582,0.1014,1.18391
0,62.5,67.5893,41.9528,0.48405,0.408242
0,62.5,30.8888,42.0974,0.406294,1.36653
0,62.5,67.4573,42.4536,0.420834,0.394447
0,62.5,31.197,42.012,0.374108,1.11413
0,62.5,67.714,42.4003,0.365536,0.255955
0,62.5,30.9761,41.8685,0.159742,1.5202
0,62.5,67.7962,42.112,0.339065,0.290758
0,62.5,31.4256,42.1689,0.796779,0.917376
0,62.5,67.6512,42.6601,0.263783,0.362798
0,62.5,31.5288,41.962,0.668919,1.06865
0,62.5,67.4119,42.7094,0.348355,0.404894
0,62.5,31.7568,42.0976,0.823615,0.896968
0,62.5,67.803,42.8195,0.345292,0.316362
0,62.5,34.0003,42.7329,0.965605,0.150443
0,62.5,67.627,42.9915,0.280722,0.377844
0,62.5,33.7647,42.9781,0.84451,0.0464092
0,62.5,67.3978,43.2256,0.235503,0.435139
0,62.5,34.266,43.0789,0.797988,0.12303
0,62.5,67.4799,43.4918,0.274458,0.335294
0,62.5,34.4966,43.1982,0.771881,0.113412
0,62.5,67.9939,43.6837,0.341981,0.303138
0,62.5,33.2461,42.4142,1.09315,0.857292
0,62.5,68.106,43.4781,0.201294,0.270968
0,62.5,34.2901,42.6428,0.893489,-0.0388792
0,62.5,68.3295,43.6175,0.202141,0.178596
0,62.5,34.3373,42.4182,0.851693,0.1866
0,62.5,68.2376,43.8259,0.23856,0.229362
0,62.5,34.5639,42.9633,0.679987,0.36868
0,62.5,68.4676,43.9944,0.328024,0.173652
0,62.5,34.5958,42.5163,0.89338,0.0890403
0,62.5,68.2871,44.3782,0.642175,0.079682
0,62.5,35.9988,43.4204,1.0179,0.424159
0,62.5,68.1781,44.8313,0.751407,0.186032
0,62.5,36.2381,43.9559,0.986216,-0.0737061
0,62.5,67.9767,45.0037,0.716389,0.204282
0,62.5,36.1958,43.5459,1.27771,0.123645
0,62.5,68.0234,45.2745,0.684204,0.229664
0,62.5,35.7961,43.2686,1.16306,0.392573
0,62.5,67.8445,45.4605,0.73103,0.267507
0,62.5,36.4768,43.9886,0.881882,-0.46413
0,62.5,68.4826,45.4136,0.62925,0.176893
0,62.5,36.2516,44.4493,0.73275,-0.635503
0,62.5,68.2512,45.3596,0.633722,0.298057
0,62.5,36.498,44.5137,0.356273,-0.805709
0,62.5,68.5951,45.7313,0.589022,0.186309
0,62.5,37.0106,44.1354,1.73333,-0.306348
0,62.5,68.3499,45.6359,0.626089,0.178122
0,62.5,36.6602,45.994,1.22926,-0.287773
0,62.5,68.873,46.1373,0.36661,0.211718
0,62.5,36.4188,46.1378,0.148031,-0.432899
0,62.5,68.6401,45.9963,0.404012,0.265333
0,62.5,36.6423,46.2611,0.185277,-0.437263
0,62.5,68.865,46.4019,0.441816,0.238234
0,62.5,36.9521,47.1683,0.427968,-1.20922
0,62.5,68.6369,46.2588,0.40148,0.184407
0,62.5,36.6761,46.9354,0.644338,-1.0863
0,62.5,69.0452,46.5807,0.485504,0.261961
0,62.5,36.4722,47.3969,0.408805,-0.487986
0,62.5,68.6318,46.5234,0.458403,0.143261
0,62.5,36.5689,47.849,0.0500387,-0.54516
0,62.5,69.1718,46.9547,0.37982,0.369076
0,62.5,36.3161,47.979,-0.549845,-0.715903
0,62.5,68.9347,46.8846,0.375109,0.101429
0,62.5,35.899,47.9767,-0.619987,-0.539928
0,62.5,68.7947,47.0771,0.176478,0.00702757
0,62.5,35.4155,48.2765,-0.800954,-0.53873
0,62.5,68.7882,47.332,0.183189,-0.0347275
0,62.5,34.9576,48.2329,-0.0411021,-0.694936
0,62.5,69.0384,47.4044,0.136543,0.0717538
0,62.5,35.6638,48.1355,-0.8294,-0.511061
0,62.5,68.6298,47.809,0.147374,0.271804
0,62.5,34.4603,48.683,-0.272831,0.0337764
0,62.5,68.8452,47.5954,0.155218,0.0918997
0,62.5,34.6521,48.5545,-0.400596,-0.23201
0,62.5,68.6721,48.0465,-0.158351,0.39568
0,62.5,34.017,48.6018,0.0253629,0.0113592
0,62.5,69.1509,47.8786,-0.185451,0.552122
0,62.5,33.2906,48.8625,-0.100931,0.293444
0,62.5,68.8947,47.8264,-0.0083555,0.354853
0,62.5,32.3817,49.0122,-0.0207812,0.0855726
0,62.5,69.3861,48.1807,-0.235465,0.371392
0,62.5,32.3477,49.2862,-0.191387,0.152867
0,62.5,68.9227,48.0716,-0.27236,0.469462
0,62.5,32.1466,49.1078,-0.202106,0.270013
0,62.5,69.1735,48.6782,-0.156639,0.438517
0,62.5,31.8758,49.4665,-0.258915,0.0592437
0,62.5,69.163,48.1368,-0.296286,0.667422
0,62.5,31.2897,50.1445,-0.0731711,0.130309
0,62.5,69.1611,48.4056,-0.255345,0.516284
0,62.5,31.7908,49.9875,-0.320189,0.0465422
0,62.5,68.9342,48.3288,-0.359721,0.509463
0,62.5,31.5168,50.3512,-0.156418,0.173399
0,62.5,68.9473,48.6034,-0.135589,0.375937
0,62.5,31.4621,50.5831,0.186265,0.222012
0,62.5,68.7579,48.8364,-0.0994214,0.388181
0,62.5,31.9943,50.1707,-0.322827,0.0984456
0,62.5,68.8255,49.1272,-0.216598,0.41603
0,62.5,30.4127,50.4815,-0.0241928,0.137581
0,62.5,68.4839,49.5996,-0.290167,0.193999
0,62.5,29.1092,50.5814,-0.0700811,-0.29732
0,62.5,68.7235,49.6263,-0.14868,0.241798
0,62.5,29.5352,50.8254,-0.000801182,-0.378463
0,62.5,68.8196,49.8736,-0.254972,0.183614
0,62.5,27.3992,50.8063,-0.435875,-0.179754
0,62.5,68.9113,50.1128,-0.528354,0.404178
0,62.5,27.6298,50.346,-0.443625,-0.34886
0,62.5,69.0057,50.3458,-0.550414,0.344816
0,62.5,26.7163,50.6018,-0.580921,-0.033821
0,62.5,68.9826,50.789,-0.116349,0.131383
0,62.5,25.3807,51.0113,-0.7401,0.022748
0,62.5,69.1233,51.0161,0.017332,-0.1148
0,62.5,1.7535,28.356,-1.0754,-4.7238
0,62.5,75.7609,28.6262,0.996184,-2.32263
0,62.5,8.32985,25.1142,7.55059,-2.59355
0,62.5,73.7876,30.5261,2.70313,-2.36332
0,62.5,1.80705,27.4501,-0.103166,-5.45772
0,62.5,73.2532,31.0205,2.43371,-2.20906
0,62.5,4.55327,29.6157,-5.1108,-1.10993
0,62.5,73.9862,30.4988,2.68136,-2.52006
0,62.5,8.32087,31.1402,-4.31682,1.88969
0,62.5,73.0574,31.3902,2.64963,-2.27494
0,62.5,10.9625,32.5145,-2.0574,-0.530097
0,62.5,74.1686,30.8206,2.05036,-2.09625
0,62.5,13.4286,33.2395,-2.44079,-0.79329
0,62.5,73.6651,30.8735,2.598,-2.23727
0,62.5,14.3794,34.1149,-2.94794,-0.679924
0,62.5,72.0276,32.2345,2.33606,-2.18139
0,62.5,15.0986,35.3287,-3.41052,0.702215
0,62.5,71.5312,33.2836,2.21436,-2.40869
0,62.5,15.7829,35.8858,-3.09539,1.18245
0,62.5,71.8225,32.7523,2.3174,-2.09014
0,62.5,16.2128,35.9659,-3.13025,1.41286
0,62.5,71.2869,33.5759,2.04038,-1.73337
0,62.5,16.1213,36.1379,-2.87329,1.6076
0,62.5,72.0109,32.6222,2.13498,-2.36436
0,62.5,17.6941,37.0279,-2.36343,1.69012
0,62.5,70.2491,35.294,1.29877,-0.517946
0,62.5,20.4258,37.8894,-1.83827,1.92069
0,62.5,72.1757,32.3929,2.45042,-2.48758
0,62.5,20.1412,37.9489,-1.31836,1.80838
0,62.5,70.8582,34.3443,1.69492,-1.31961
0,62.5,20.5231,38.1091,-1.18163,2.07338
0,62.5,70.7898,34.6323,1.60978,-1.39207
0,62.5,22.6464,39.0953,-0.729588,1.13569
0,62.5,70.5751,34.7998,1.64808,-1.11865
0,62.5,20.9733,38.2012,-1.7978,2.05333
0,62.5,70.498,35.1561,1.66542,-0.810992
0,62.5,21.8862,38.6227,-1.18947,1.39631
0,62.5,70.1781,35.6083,1.37265,-0.511953
0,62.5,23.5767,39.2167,-0.727199,1.55376
0,62.5,69.6767,36.2805,1.06716,-0.649016
0,62.5,22.9583,39.1516,-0.671634,1.6293
0,62.5,69.362,36.8006,1.11846,-0.428137
0,62.5,22.3037,38.8658,-1.10586,1.50797
0,62.5,69.1061,37.1461,0.930959,-0.158756
0,62.5,24.0594,39.67,-0.660911,1.33278
0,62.5,68.7836,37.5544,0.809369,-0.15854
0,62.5,24.5102,39.9001,-0.277032,1.62704
0,62.5,68.6059,37.7434,0.754505,0.0010853
0,62.5,24.2328,39.8951,-0.333481,1.56095
0,62.5,69.055,37.6376,0.704936,0.00197182
0,62.5,24.7885,39.867,-0.493044,1.53988
0,62.5,68.8395,37.8209,0.641222,0.0236257
0,62.5,27.0558,40.9301,-0.408361,1.54172
0,62.5,68.7431,38.3097,0.73286,-0.0309669
0,62.5,26.3289,40.3622,-0.524601,1.45726
0,62.5,68.5822,38.7863,0.699384,0.110146
0,62.5,25.6015,40.0214,-0.17439,1.71717
0,62.5,68.6244,39.0637,0.623531,0.220938
0,62.5,27.3312,40.8982,-0.554928,1.0584
0,62.5,68.4937,39.4646,0.577594,0.368488
0,62.5,26.091,40.1674,-0.375732,1.42113
0,62.5,68.7006,39.3265,0.464219,0.119182
0,62.5,27.8293,41.0754,-0.625841,1.30614
0,62.5,68.251,39.6197,0.546278,0.48605
0,62.5,26.5615,40.4915,-0.412899,1.50436
0,62.5,68.4329,40.0382,0.569741,0.470207
0,62.5,26.5972,40.2521,-0.351525,1.64052
0,62.5,68.6996,39.6095,0.434519,0.167901
0,62.5,27.363,40.4387,-0.86274,1.66036
0,62.5,68.6644,39.8794,0.540366,0.273207
0,62.5,27.2964,40.6751,-0.715171,1.27226
0,62.5,68.3271,40.5899,0.501522,0.306423
0,62.5,26.8267,40.4826,-0.713671,1.42734
0,62.5,68.1282,40.4774,0.435146,0.324744
0,62.5,28.2085,40.854,-0.49258,1.68776
0,62.5,68.0709,40.7532,0.430911,0.192871
0,62.5,27.5721,40.6312,-0.850803,1.1798
0,62.5,68.0149,41.0286,0.401938,0.130626
0,62.5,29.0444,41.0588,-0.212962,1.33892
0,62.5,67.96,41.302,0.317034,0.0628572
0,62.5,29.525,41.2989,-0.0958876,1.25746
0,62.5,67.7638,41.1457,0.441995,-0.0803209
0,62.5,30.4797,41.7391,0.000811806,1.42472
0,62.5,67.9294,41.5704,0.316585,0.218913
0,62.5,29.9749,41.5456,0.119755,1.01429
0,62.5,67.7165,41.4134,0.447322,-0.021177
0,62.5,30.6817,41.9187,0.0647287,1.27836
0,62.5,67.8568,41.8575,0.304737,0.263216
0,62.5,30.7745,41.6969,0.103402,1.23204
0,62.5,68.0651,41.9736,0.282101,0.351121
0,62.5,31.8363,41.8681,0.890379,0.961116
0,62.5,67.9692,42.2573,0.373761,0.337017
0,62.5,32.0474,42.0515,0.732397,0.919253
0,62.5,68.1817,42.3846,0.388128,0.291791
0,62.5,32.4,41.9915,0.868248,1.15389
0,62.5,68.278,42.5795,0.38861,0.238499
0,62.5,30.2711,41.5466,0.163825,1.05986
0,62.5,67.9177,42.5179,0.30512,0.37615
0,62.5,32.3092,42.1782,0.551659,0.77207
0,62.5,68.0429,42.7065,0.310582,0.240115
0,62.5,33.525,42.5388,0.821565,0.520103
0,62.5,67.8395,43.1235,0.299079,0.200492
0,62.5,34.0553,42.5111,0.962883,0.1884
0,62.5,67.875,43.3823,0.237858,0.112451
0,62.5,32.5698,42.3011,0.32682,0.669261
0,62.5,67.6307,43.2796,0.233098,0.227088
0,62.5,34.3059,42.8525,0.81639,0.245675
0,62.5,67.7291,43.5667,0.296012,0.24394
0,62.5,32.9722,42.2695,0.851889,1.01493
0,62.5,68.1048,43.2102,0.179068,0.203745
0,62.5,33.7703,42.4345,0.940628,0.484057
0,62.5,68.3339,43.3419,0.161676,0.17948
0,62.5,33.493,42.3031,0.785598,0.854643
0,62.5,68.5589,43.4893,0.150644,0.168178
0,62.5,34.0174,42.2909,0.822699,0.516138
0,62.5,68.5452,43.7628,0.243245,0.0746118
0,62.5,34.5988,42.2837,0.859906,0.32922
0,62.5,68.5015,44.2612,0.628237,-0.00438668
0,62.5,34.7896,43.076,0.88815,0.549914
0,62.5,68.3469,44.6559,0.662438,0.0912426
0,62.5,34.8618,42.603,0.843527,0.107223
0,62.5,68.4681,44.8771,0.63546,0.220467
0,62.5,34.5812,42.7326,0.767256,0.475033
0,62.5,68.2225,45.0758,0.603802,0.194356
0,62.5,35.5791,43.1231,1.10065,-0.067053
0,62.5,68.6659,45.1619,0.575481,0.114752
0,62.5,36.2602,43.2784,0.832864,-0.163975
0,62.5,68.4468,45.1356,0.595405,0.307757
0,62.5,36.597,44.7436,0.957854,-0.425815
0,62.5,68.687,45.5013,0.535546,0.153756
0,62.5,36.3519,43.7185,0.414099,-0.0516908
0,62.5,68.8406,45.8543,0.499654,0.327015
0,62.5,36.4492,43.3873,1.16666,-0.154595
0,62.5,68.8998,45.6179,0.486061,0.26005
0,62.5,36.7797,45.7525,0.336339,-0.114889
0,62.5,69.0729,46.0121,0.499855,0.235757
0,62.5,36.9143,45.9233,0.722193,-0.206084
0,62.5,69.3014,46.1754,0.58287,0.373882
0,62.5,36.8299,46.4646,0.562642,-1.57813
0,62.5,69.0964,46.3052,0.401307,0.163454
0,62.5,36.7549,44.9729,-0.337916,0.105842
0,62.5,69.3219,45.9266,0.571553,0.437973
0,62.5,36.5478,47.1161,0.890693,-0.693188
0,62.5,69.2309,46.7147,0.375154,0.375832
0,62.5,36.866,46.194,0.40793,-0.868936
0,62.5,69.494,46.6595,0.3145,0.146404
0,62.5,37.1653,46.5364,1.11395,-0.964796
0,62.5,69.4375,46.9062,0.411826,0.172549
0,62.5,37.1103,46.7791,1.17138,-1.44261
0,62.5,69.3259,47.1578,0.542188,0.137326
0,62.5,37.3975,46.849,0.650552,-1.06769
0,62.5,69.0385,47.167,0.244638,0.0898341
0,62.5,36.6351,47.5548,-0.0452583,-0.637676
0,62.5,69.5506,47.3994,0.0510816,0.286428
0,62.5,36.9052,48.2086,0.0559505,-1.06685
0,62.5,69.2953,47.3834,0.0363887,0.155053
0,62.5,36.0682,48.1246,-0.297829,-0.763854
0,62.5,69.3703,47.6302,-0.230342,0.284587
0,62.5,35.5824,48.4327,-0.546587,-0.210964
0,62.5,69.1226,47.6362,-0.110321,0.382177
0,62.5,35.1631,48.3965,-0.429622,-0.352349
0,62.5,69.6002,47.6756,-0.284092,0.275411
0,62.5,34.8674,48.7338,-0.685698,-0.280558
0,62.5,69.387,47.8957,-0.284508,0.386973
0,62.5,33.7317,48.9432,0.124203,0.437096
0,62.5,69.5956,47.9731,-0.242776,0.330697
0,62.5,34.2188,48.7815,-0.211503,-0.0163159
0,62.5,69.3864,48.4602,-0.234155,0.375692
0,62.5,33.9724,48.8602,0.0770777,0.255235
0,62.5,69.6137,48.535,-0.130961,0.20293
0,62.5,33.9295,49.1258,0.296442,0.308798
0,62.5,69.4074,48.7314,-0.0932547,0.258387
0,62.5,33.0536,48.9769,-0.145679,0.317627
0,62.5,69.3007,49.2015,-0.0406796,0.305313
0,62.5,32.6153,48.9133,-0.102984,0.1849
0,62.5,69.2123,48.9463,0.10342,0.31232
0,62.5,32.1105,49.3811,-0.161287,0.081571
0,62.5,69.1351,49.4261,-0.0133125,0.207245
0,62.5,31.7264,50.2402,-0.353439,-0.0808879
0,62.5,68.9798,48.887,-0.0584347,0.461259
0,62.5,32.0385,49.9225,-0.383681,-0.0517993
0,62.5,69.0523,49.1705,-0.121331,0.205377
0,62.5,32.1858,50.355,-0.560827,0.0693718
0,62.5,68.8832,49.4025,-0.142107,0.259268
0,62.5,30.2113,50.5963,-0.0261877,0.27274
0,62.5,69.2442,49.6656,-0.240861,0.270119
0,62.5,28.7062,50.7821,-0.0666369,-0.0348942
0,62.5,68.9801,49.6488,-0.125338,0.265998
0,62.5,30.1229,50.8263,0.214028,0.184481
0,62.5,69.2811,50.3599,-0.292097,0.173772
0,62.5,29.8332,50.8362,0.328239,-0.263125
0,62.5,69.0775,49.8871,-0.375309,0.379252
0,62.5,28.445,50.7782,-0.0785644,-0.0243046
0,62.5,69.1741,50.1294,-0.471762,0.4077
0,62.5,27.9282,50.7853,-0.393774,0.04953
0,62.5,69.1254,50.5708,-0.243208,0.125151
0,62.5,26.9985,51.0256,-0.324209,-0.0947304
0,62.5,69.2574,50.7976,0.0348943,-0.0287298
0,62.5,25.6305,51.0067,-0.643476,-0.167517
0,62.5,69.3951,51.0206,-0.0652136,0.0369532
0,62.5,1.92929,27.0949,-0.0421369,-6.67053
0,62.5,73.3394,30.7215,3.0121,-2.07562
0,62.5,1.78682,26.95,-0.116973,-5.9739
0,62.5,73.4519,31.0107,2.66711,-1.90614
0,62.5,7.87407,31.3628,-2.29821,-3.51995
0,62.5,75.7187,31.7653,0.458366,1.22526
0,62.5,8.16779,31.6589,-4.02813,0.65034
0,62.5,73.1315,30.6329,2.86982,-2.33974
0,62.5,10.7412,32.4758,-2.15587,-0.0358927
0,62.5,75.175,29.4579,1.30449,-2.79029
0,62.5,12.5215,33.281,-2.54462,-0.622202
0,62.5,74.6981,30.2372,1.70535,-2.18521
0,62.5,13.5485,33.5169,-2.50608,-0.810275
0,62.5,74.6849,29.4045,2.28335,-3.25529
0,62.5,14.8126,35.0333,-3.51022,0.0682693
0,62.5,73.8318,30.9462,2.66907,-2.13082
0,62.5,11.2983,32.246,-2.23125,-0.859598
0,62.5,74.826,29.989,1.42594,-2.34117
0,62.5,17.079,36.4514,-2.87738,1.76008
0,62.5,72.7512,31.831,2.42139,-2.12871
0,62.5,18.0489,37.1781,-2.442,1.92365
0,62.5,73.5756,31.2445,2.37773,-2.25844
0,62.5,17.4588,36.824,-2.80277,1.90939
0,62.5,72.3853,32.1089,2.56436,-2.39047
0,62.5,19.1027,37.5605,-2.42908,2.16701
0,62.5,73.2951,31.2919,2.37047,-2.34406
0,62.5,17.8654,37.2962,-2.07152,1.68336
0,62.5,73.0209,31.7009,2.56728,-2.18163
0,62.5,20.7548,37.9772,-1.49133,2.22074
0,62.5,71.0789,34.1562,1.84947,-1.24159
0,62.5,19.9918,37.7629,-1.44529,1.85273
0,62.5,71.8077,33.0593,2.25703,-1.9513
0,62.5,20.63,37.7483,-1.30301,1.82042
0,62.5,71.044,34.4763,1.48728,-1.16347
0,62.5,21.5627,38.2829,-1.3502,1.61756
0,62.5,70.4105,35.4563,1.60077,-0.853789
0,62.5,21.9602,38.3908,-1.3298,1.83943
0,62.5,70.0198,35.8857,0.912655,-0.269129
0,62.5,21.3078,38.1907,-1.10961,1.62581
0,62.5,69.9411,36.1236,1.05306,-0.402707
0,62.5,24.3448,39.6775,-0.468596,1.28066
0,62.5,69.3443,37.0652,0.965029,-0.324897
0,62.5,23.2684,39.193,-0.598852,1.47331
0,62.5,69.031,37.4017,0.801073,-0.0669929
0,62.5,23.9371,39.4086,-0.626206,1.67612
0,62.5,69.5843,36.8408,1.05609,-0.441764
0,62.5,24.6201,39.6653,-0.480851,1.21994
0,62.5,69.2883,37.3417,0.883653,-0.263572
0,62.5,25.0668,39.8349,-0.146176,1.36927
0,62.5,68.9899,38.3279,0.700633,0.0274292
0,62.5,26.3676,40.1237,-0.416809,1.34335
0,62.5,68.9154,38.0854,0.711357,-0.0225124
0,62.5,26.1771,39.9332,-0.57898,1.41577
0,62.5,69.048,38.5659,0.626345,-0.129561
0,62.5,26.4738,39.9116,-0.389584,1.33079
0,62.5,68.7987,38.5765,0.722707,-0.0532626
0,62.5,25.1976,39.6306,-0.279392,1.21374
0,62.5,68.8218,38.8294,0.678845,0.055738
0,62.5,26.7043,40.0199,-0.325191,1.72892
0,62.5,68.8662,39.0769,0.659102,0.106579
0,62.5,26.2639,39.7092,-0.557829,1.43796
0,62.5,69.0781,38.803,0.633138,-0.0839451
0,62.5,26.8574,40.2489,-0.628083,1.52318
0,62.5,68.4613,39.744,0.453579,0.404992
0,62.5,25.3244,39.4047,-0.812827,1.50486
0,62.5,68.9529,39.3087,0.416513,0.0565481
0,62.5,25.8951,39.9567,-0.442611,1.52323
0,62.5,68.9121,39.7985,0.584556,0.1148
0,62.5,25.6794,39.8002,-0.435375,1.53305
0,62.5,68.6453,40.1441,0.353691,0.434938
0,62.5,27.0919,40.4769,-0.572613,1.23243
0,62.5,68.5831,40.4133,0.529169,0.339849
0,62.5,27.1374,40.2479,-0.574512,1.48982
0,62.5,68.5184,40.7068,0.4617,0.321496
0,62.5,28.2248,40.6181,-0.655485,1.50363
0,62.5,68.2665,40.8722,0.428184,0.268017
0,62.5,27.961,40.6696,-0.697724,1.54684
0,62.5,68.2132,41.1558,0.372062,0.269865
0,62.5,28.5961,40.7976,-0.102656,1.35684
0,62.5,68.4159,41.2803,0.2259,0.270726
0,62.5,27.7284,40.4945,-0.840311,1.3575
0,62.5,68.1723,41.425,0.224789,0.204456
0,62.5,28.4687,40.6104,-0.720169,1.43858
0,62.5,68.3594,41.568,0.0366459,0.28178
0,62.5,29.3526,41.1028,-0.255301,1.24393
0,62.5,68.1164,41.7128,0.135225,0.366122
0,62.5,28.8931,40.8549,-0.271906,1.38909
0,62.5,68.3226,41.8408,0.0815781,0.291481
0,62.5,29.8085,41.3061,0.166991,1.2331
0,62.5,68.4816,42.0012,0.253727,0.246424
0,62.5,29.1952,40.8766,-0.0933817,1.36347
0,62.5,68.2317,42.1317,0.292186,0.300232
0,62.5,29.676,41.0968,-0.282752,0.944424
0,62.5,68.4488,42.2617,0.40899,0.104008
0,62.5,31.3168,41.8103,0.268734,1.34545
0,62.5,68.5257,42.4756,0.30369,0.0145528
0,62.5,30.0962,41.3415,0.40735,1.291
0,62.5,68.2672,42.852,0.377629,0.132364
0,62.5,32.6829,42.1229,0.829901,1.03078
0,62.5,68.9851,42.3325,0.252465,-0.0758046
0,62.5,32.1371,41.8409,0.945046,0.844607
0,62.5,68.0359,42.97,0.371155,0.198255
0,62.5,32.3818,41.7603,0.769122,1.14856
0,62.5,68.497,42.7407,0.367597,0.00054714
0,62.5,31.6387,41.7375,0.275069,1.21703
0,62.5,68.3312,43.0782,0.306786,0.08703
0,62.5,32.0061,41.6557,0.357733,1.25324
0,62.5,68.5877,42.9617,0.229905,0.126719
0,62.5,33.2233,42.1747,0.820414,0.897894
0,62.5,68.5612,43.2148,0.139744,0.227083
0,62.5,32.6648,41.8997,0.666146,0.999809
0,62.5,68.7804,43.4343,0.144692,0.0915751
0,62.5,33.7549,42.1993,0.856813,0.828427
0,62.5,68.7176,44.0129,0.323045,0.0559679
0,62.5,34.0206,42.0595,0.742962,0.473104
0,62.5,68.541,44.5234,0.672156,0.0680007
0,62.5,34.862,42.3732,0.753609,0.430203
0,62.5,68.7532,44.5475,0.675419,0.101154
0,62.5,34.2879,42.2114,0.647528,0.617329
0,62.5,68.6664,44.8279,0.479464,0.00251294
0,62.5,35.1375,42.4234,1.20268,-0.184155
0,62.5,69.0933,44.899,0.583083,0.191256
0,62.5,34.8543,42.141,0.867107,0.430549
0,62.5,68.8492,45.0017,0.532808,0.109573
0,62.5,35.2774,43.2091,1.02106,-0.215858
0,62.5,69.0725,45.1563,0.510117,0.160094
0,62.5,34.8412,42.833,0.934545,0.322858
0,62.5,68.8552,45.3002,0.409828,0.205245
0,62.5,35.0924,42.8854,0.931435,-0.0650604
0,62.5,69.2984,45.3075,0.362776,0.142502
0,62.5,35.1249,42.6525,1.09465,-0.223865
0,62.5,69.0693,45.4281,0.304907,0.139311
0,62.5,36.2272,44.9279,0.56272,-0.148318
0,62.5,69.2697,45.5835,0.28913,0.196943
0,62.5,36.7325,45.5273,0.623976,-0.914492
0,62.5,69.1076,45.7621,0.472891,0.300588
0,62.5,36.7283,44.0951,1.51539,-1.11929
0,62.5,69.9256,45.5641,0.523034,0.239634
0,62.5,36.6244,43.8118,1.20082,-0.183121
0,62.5,69.7061,45.6592,0.383858,0.135737
0,62.5,37.0921,45.6879,0.408781,-0.0877805
0,62.5,69.4691,45.7509,0.29291,0.193728
0,62.5,37.0119,45.4981,0.197498,-0.079454
0,62.5,69.302,46.4639,0.268509,0.246481
0,62.5,37.4326,46.3955,0.368572,-1.08612
0,62.5,69.5451,46.122,0.690911,0.343799
0,62.5,37.121,46.0945,0.464237,-0.58343
0,62.5,69.5249,46.3711,0.40509,0.369504
0,62.5,37.213,45.8768,1.26305,-0.559616
0,62.5,69.7126,46.5896,0.45384,0.197057
0,62.5,36.8927,47.4335,0.273542,-0.951938
0,62.5,69.5813,47.1431,0.57275,0.191552
0,62.5,36.4928,48.1235,-0.0229637,-0.763888
0,62.5,69.6818,46.8949,0.463191,0.0831881
0,62.5,36.7193,47.2677,0.772577,-0.910237
0,62.5,69.8195,47.1412,0.518264,0.0521637
0,62.5,35.8334,48.2731,-0.655239,-0.669345
0,62.5,70.0305,47.019,0.582879,0.142385
0,62.5,35.7757,48.549,-0.731202,-0.608545
0,62.5,69.7705,47.4139,-0.0519445,0.192244
0,62.5,35.3478,48.561,-0.17585,-0.4701
0,62.5,70.0264,47.2913,0.0454169,0.497259
0,62.5,35.1043,48.6628,-0.417624,-0.499535
0,62.5,69.8018,47.7368,-0.23605,0.315604
0,62.5,34.9046,48.4788,-0.375336,-0.491088
0,62.5,69.8098,48.0304,-0.191132,0.353733
0,62.5,33.6863,49.2113,0.0775718,0.33995
0,62.5,69.6021,48.2609,-0.222036,0.297914
0,62.5,34.6545,48.8566,-0.241818,-0.116619
0,62.5,69.8548,48.5787,-0.0989197,0.150524
0,62.5,34.1778,49.042,0.15783,0.314193
0,62.5,69.6606,48.7918,0.014478,0.1983
0,62.5,32.5788,49.1898,-0.0547183,0.0961226
0,62.5,69.4662,48.983,0.107916,0.228295
0,62.5,32.0759,49.6527,-0.245752,0.181189
0,62.5,69.3932,49.4466,-0.0894281,0.324506
0,62.5,31.8351,49.7301,-0.164359,0.0637217
0,62.5,69.606,49.9087,-0.366993,0.37259
0,62.5,32.3107,49.5593,-0.252492,0.077416
0,62.5,69.5072,49.6907,-0.240693,0.294501
0,62.5,32.5115,49.7418,-0.162137,0.119683
0,62.5,69.6992,50.1494,-0.12029,0.141322
0,62.5,32.2492,50.097,-0.199831,-0.135656
0,62.5,69.4404,50.14,-0.435087,0.204999
0,62.5,32.4356,50.2935,-0.297239,-0.219697
0,62.5,69.5514,50.3751,-0.0412717,-0.00146573
0,62.5,30.5876,50.6697,0.265479,0.00102429
0,62.5,69.3362,49.9081,-0.437899,0.365481
0,62.5,31.7212,50.5671,-0.0235929,0.252683
0,62.5,69.6854,50.5988,-0.061667,-0.0702527
0,62.5,29.2499,50.8049,0.042752,-0.494343
0,62.5,69.8274,50.8144,-0.0366265,0.00151949
0,62.5,28.0849,51.0137,-0.14969,-0.116395
0,62.5,69.9674,51.0247,-0.0312699,0.0684614
0,62.5,28.186,50.777,-0.302209,0.0766543
0,62.5,69.4036,50.5886,-0.0798157,-0.0325526
0,62.5,28.2999,50.5468,-0.348324,0.00766388
0,62.5,69.5408,50.8097,-0.0364332,-0.0618812
0,62.5,25.8805,51.02,-0.527709,-0.0479445
0,62.5,69.6782,51.0237,-0.0629438,-0.125043
0,62.5,7.49646,31.5346,-4.42552,1.60589
0,62.5,76.0029,35.8579,1.08537,-0.0557888
0,62.5,3.91352,23.5147,3.18582,-8.54613
0,62.5,74.0529,30.6734,2.38856,-2.42377
0,62.5,4.80758,29.0238,-4.5194,-1.75371
0,62.5,73.4814,30.4201,2.93477,-2.56116
0,62.5,9.1891,32.4992,-1.66286,-0.481108
0,62.5,75.439,34.4803,-0.355223,2.02827
0,62.5,10.7626,31.3339,-1.24075,-1.17764
0,62.5,75.3191,28.5747,1.46517,-4.47866
0,62.5,13.3353,32.8376,-2.43261,-1.1427
0,62.5,76.0364,30.9692,-0.162437,0.448908
0,62.5,10.8599,31.8449,-1.99807,-1.20205
0,62.5,74.4472,30.5546,1.97102,-1.85987
0,62.5,12.8236,32.2831,-2.60406,-1.42979
0,62.5,74.9683,29.6611,1.93062,-2.50385
0,62.5,13.991,34.1036,-2.90248,-0.375408
0,62.5,75.4614,29.2758,1.02118,-2.39274
0,62.5,14.8159,33.8942,-3.27678,0.157083
0,62.5,74.0878,31.3494,2.17412,-1.63073
0,62.5,13.9142,32.3466,-2.92196,-1.59962
0,62.5,74.3289,30.9209,1.95391,-1.93284
0,62.5,15.9219,35.729,-3.43593,1.23019
0,62.5,73.7943,31.2295,1.94041,-2.14516
0,62.5,18.7846,37.5905,-1.81897,1.82365
0,62.5,74.2412,31.1927,1.85521,-1.71944
0,62.5,19.3883,37.3571,-2.34018,2.11796
0,62.5,73.9982,31.0777,2.37339,-1.87637
0,62.5,19.4927,37.5596,-1.6617,2.2969
0,62.5,73.2159,31.5895,2.50366,-2.38404
0,62.5,21.0047,37.9774,-1.25096,1.45029
0,62.5,72.6404,32.0903,2.17205,-2.39755
0,62.5,20.2826,37.7034,-1.66714,2.10088
0,62.5,72.4062,32.3483,2.0725,-2.64297
0,62.5,20.888,37.7284,-1.279,1.49591
0,62.5,71.2396,33.9521,1.56719,-1.58182
0,62.5,21.7953,38.2269,-1.45835,1.35091
0,62.5,70.7127,34.9783,1.61679,-1.49864
0,62.5,22.6159,38.8838,-1.38645,1.81031
0,62.5,70.2601,35.855,1.12093,-0.719593
0,62.5,24.4821,39.4558,-0.603525,1.42071
0,62.5,69.6431,36.5512,1.16123,-0.598233
0,62.5,22.8878,38.9167,-0.933166,1.80126
0,62.5,69.3008,37.5954,0.761601,-0.195545
0,62.5,24.9021,39.6346,-0.509038,0.963921
0,62.5,69.4369,38.1192,0.659023,-0.0503721
0,62.5,24.1963,39.4592,-0.410974,1.70096
0,62.5,69.1876,38.108,0.692033,0.102382
0,62.5,23.8475,39.1856,-0.824601,1.64348
0,62.5,69.104,37.874,0.646508,0.0406451
0,62.5,25.3871,39.8311,-0.166495,1.26807
0,62.5,69.5253,38.3636,0.728015,-0.146666
0,62.5,25.0486,39.4144,-0.593408,1.19642
0,62.5,69.2599,38.3462,0.632308,-0.0463573
0,62.5,24.7609,39.4267,-0.459054,1.66651
0,62.5,69.3581,38.8075,0.56441,-0.00403668
0,62.5,24.3722,39.249,-0.573219,1.39438
0,62.5,69.3156,38.5832,0.582262,0.0133136
0,62.5,25.4788,39.6115,-0.610592,1.19966
0,62.5,69.2128,39.2421,0.495555,-0.00439333
0,62.5,23.7184,38.979,-0.606512,2.17144
0,62.5,69.1264,39.025,0.591429,-0.119423
0,62.5,25.7603,39.5729,-0.459957,1.44821
0,62.5,69.1603,39.7021,0.444719,0.0890015
0,62.5,24.679,39.2154,-0.628999,1.40665
0,62.5,68.9398,39.5375,0.309332,0.0227156
0,62.5,25.9957,39.4831,-0.637501,1.19833
0,62.5,69.1935,39.9449,0.301674,0.174994
0,62.5,26.2301,39.4746,-0.663707,1.29217
0,62.5,68.9095,40.0316,0.163237,0.247908
0,62.5,25.9853,39.7344,-0.500089,1.3671
0,62.5,68.8462,40.2794,0.303593,0.344053
0,62.5,26.7697,39.7936,-0.559316,1.74925
0,62.5,69.0133,40.4395,0.396747,0.163911
0,62.5,26.5211,39.6764,-0.781865,1.56308
0,62.5,68.7552,40.5606,0.405518,0.332405
0,62.5,26.976,40.0299,-0.530672,1.55655
0,62.5,68.7018,40.8503,0.40379,0.176777
0,62.5,27.4921,40.2747,-0.677989,1.52325
0,62.5,68.4567,40.9972,0.393145,0.293016
0,62.5,27.9935,40.4286,-0.748041,1.32967
0,62.5,68.9011,40.9839,0.424124,0.11775
0,62.5,27.2627,40.066,-0.924252,1.54186
0,62.5,68.6529,41.1281,0.326306,0.184564
0,62.5,28.0181,40.2006,-0.798874,1.55822
0,62.5,68.8378,41.2727,0.342979,0.158612
0,62.5,27.741,40.2558,-0.832198,1.65894
0,62.5,68.6046,41.4209,0.280612,0.198853
0,62.5,29.4915,40.9143,-0.32536,1.33841
0,62.5,68.5671,41.6889,0.0448359,-0.00285002
0,62.5,30.3603,41.3121,0.198839,1.12899
0,62.5,68.7143,41.8644,0.0803287,-0.0485677
0,62.5,28.2662,40.3841,-0.766448,1.54834
0,62.5,68.6955,42.1525,0.371773,-0.114228
0,62.5,30.0012,41.1278,-0.395213,1.16627
0,62.5,68.7649,42.3862,0.230058,-0.254668
0,62.5,30.5613,41.5164,0.0970045,1.26313
0,62.5,69.1886,42.4927,0.30031,0.195969
0,62.5,30.8696,41.4886,0.0773508,1.41972
0,62.5,68.9703,42.6161,0.191175,-0.104374
0,62.5,31.4229,41.5975,0.157213,1.27052
0,62.5,69.0749,42.8419,0.0423019,0.0200914
0,62.5,31.0899,41.6664,0.152036,1.3808
0,62.5,68.7349,42.659,0.242564,-0.0968079
0,62.5,32.348,41.5553,0.409874,1.19287
0,62.5,69.0357,43.1041,0.021718,0.00576109
0,62.5,32.6745,41.6886,0.558818,1.29222
0,62.5,68.8282,42.8974,0.0715946,-0.0301004
0,62.5,33.2361,41.74,0.844912,1.02068
0,62.5,68.9881,43.6546,0.16382,0.0891859
0,62.5,32.9436,42.0452,0.813744,1.10504
0,62.5,68.7998,43.162,0.11066,0.0629165
0,62.5,32.9506,41.6154,0.623396,1.11521
0,62.5,68.7707,43.7155,0.154128,0.0638031
0,62.5,33.7809,41.9524,0.685397,0.942973
0,62.5,68.7382,44.2545,0.602837,0.0569609
0,62.5,32.9738,41.8346,0.692058,1.05786
0,62.5,68.9098,44.7275,0.570698,0.160218
0,62.5,34.2692,41.9654,0.439379,0.364671
0,62.5,69.2789,44.7253,0.567687,0.361704
0,62.5,35.4324,42.2895,1.8245,-0.284708
0,62.5,69.4937,44.8811,0.60688,0.361632
0,62.5,35.1223,42.2092,0.939858,0.221144
0,62.5,69.3104,45.0352,0.51343,0.259045
0,62.5,35.6951,42.4297,1.53298,0.250899
0,62.5,69.7112,45.0593,0.615473,0.283463
0,62.5,34.5277,42.0726,0.632332,0.548458
0,62.5,69.523,45.1935,0.52424,0.264763
0,62.5,35.411,42.5025,1.14111,-0.0219118
0,62.5,69.7269,45.3719,0.474465,0.30397
0,62.5,36.0623,43.1599,1.18602,-0.297153
0,62.5,69.5045,45.4774,0.37766,0.181885
0,62.5,35.3439,42.9782,0.994369,-0.0760066
0,62.5,70.3348,45.676,0.509587,0.301036
0,62.5,36.526,43.0997,1.33963,0.124431
0,62.5,70.1286,45.4653,0.576312,0.299443
0,62.5,36.6912,43.2421,0.935583,-0.391858
0,62.5,70.1004,46.0477,0.458642,0.0650635
0,62.5,36.8826,44.3322,1.01447,-0.508534
0,62.5,70.1276,45.7655,0.499149,0.219183
0,62.5,36.4963,44.9707,0.222073,-0.455559
0,62.5,69.9052,45.8513,0.392771,0.111961
0,62.5,37.1157,44.8582,1.46978,-0.363931
0,62.5,69.6628,45.9324,0.368941,0.109954
0,62.5,36.8617,43.6701,0.930974,-0.288574
0,62.5,70.2303,46.5254,0.3995,0.129796
0,62.5,36.8415,45.3092,0.752753,-0.744011
0,62.5,69.9627,46.5451,0.395373,0.0925688
0,62.5,37.4465,45.9484,0.86793,-0.618353
0,62.5,69.8566,46.1179,0.468304,0.0621055
0,62.5,37.0773,46.3471,0.893896,-0.954499
0,62.5,69.8893,46.8015,0.469929,0.125099
0,62.5,37.1963,47.0238,0.745479,-1.07213
0,62.5,70.2525,47.2201,-0.0366494,0.303933
0,62.5,36.7426,48.0126,0.120254,-1.17829
0,62.5,70.1418,46.7648,0.543584,0.078309
0,62.5,35.3099,48.8387,-0.734696,-0.407465
0,62.5,70.1923,47.6027,-0.130602,0.469513
0,62.5,36.0221,48.4201,-0.646586,-0.687337
0,62.5,69.98,47.5349,-0.181459,0.500127
0,62.5,35.5326,48.7211,-0.478268,-0.76958
0,62.5,70.2391,47.8797,-0.00875417,0.241046
0,62.5,34.8528,49.0208,-0.319169,-0.330165
0,62.5,70.0142,47.8367,-0.159708,0.414642
0,62.5,34.4211,48.9599,-0.196008,0.146706
0,62.5,70.0311,48.1151,-0.0407705,0.275011
0,62.5,33.8911,49.3864,0.292478,0.383521
0,62.5,69.8251,48.3134,-0.100684,0.177764
0,62.5,33.259,49.1366,-0.29829,0.43462
0,62.5,70.061,48.3826,0.000598445,0.200313
0,62.5,33.0197,49.2472,-0.0539927,0.232358
0,62.5,69.9169,48.8348,-0.00631862,0.0901765
0,62.5,33.4906,49.0348,0.0894554,0.402647
0,62.5,69.7355,49.0361,0.0474095,0.171102
0,62.5,32.7244,49.8871,0.138405,0.0101162
0,62.5,69.5572,49.2267,-0.0240422,0.237327
0,62.5,32.5473,49.4662,-0.197907,0.248722
0,62.5,69.6571,49.4764,-0.0784753,0.210895
0,62.5,32.749,49.625,-0.0187431,0.133089
0,62.5,69.8511,49.9017,-0.176929,0.424637
0,62.5,32.2808,49.8285,-0.237579,-0.0422378
0,62.5,69.9565,50.14,0.0361377,0.225494
0,62.5,32.9096,50.3384,-0.353578,-0.00397771
0,62.5,69.8236,50.3787,0.0291517,0.112286
0,62.5,31.3463,50.81,0.260814,0.11695
0,62.5,70.0912,50.3654,0.152746,0.157893
0,62.5,32.33,50.5455,-0.310583,-0.000315705
0,62.5,69.9652,50.5959,-0.0066332,0.136016
0,62.5,31.8981,50.4164,-0.434282,0.0526955
0,62.5,70.5065,50.5802,0.0393807,-0.0397709
0,62.5,32.6569,50.3907,-0.377675,-0.170292
0,62.5,70.1118,50.8148,0.0103441,0.0650508
0,62.5,30.3078,51.0218,0.288874,0.00829809
0,62.5,70.3896,50.8076,0.0379871,-0.0193788
0,62.5,28.8517,51.0162,0.0731777,-0.0801532
0,62.5,70.2592,51.0241,-0.112966,-0.0035165
0,62.5,26.9808,50.5925,-0.453535,-0.0843542
0,62.5,70.5443,51.0221,0.0121042,-0.0274951
0,62.5,26.1492,51.0225,-0.627725,0.125328
0,62.5,70.8251,51.0208,0.0505292,0.100905
0,62.5,7.18675,31.5893,-7.53203,0.680129
0,62.5,75.9071,34.6083,-0.400588,2.42897
0,62.5,7.37188,31.4177,-6.50727,6.21536
0,62.5,74.0221,31.6544,2.0434,-1.31317
0,62.5,8.60905,29.1448,-4.55652,-11.1895
0,62.5,73.0133,31.1741,2.78518,-2.22011
0,62.5,11.4979,32.0655,-2.50621,-1.24322
0,62.5,75.8853,32.0148,0.338689,1.67291
0,62.5,9.41057,31.5915,3.97226,3.42133
0,62.5,75.7482,29.4622,1.16944,-2.13157
0,62.5,12.6136,31.8664,-2.90427,-0.967016
0,62.5,75.1584,29.7391,1.96503,-2.16493
0,62.5,13.5737,33.2252,-2.71688,-0.514224
0,62.5,75.7173,30.2799,0.842122,-1.08466
0,62.5,15.852,35.3957,-3.61013,1.34497
0,62.5,73.7306,30.3211,2.86583,-2.45516
0,62.5,15.2637,35.5206,-3.52712,0.663394
0,62.5,74.8119,30.4568,1.64532,-1.99966
0,62.5,18.8696,37.4045,-2.18696,1.91555
0,62.5,72.8894,32.0256,2.52019,-2.38829
0,62.5,16.8801,36.3183,-2.95839,1.66211
0,62.5,73.4481,31.4756,2.28339,-2.06209
0,62.5,18.4173,37.3414,-1.97104,1.77023
0,62.5,75.0111,30.0083,1.79455,-1.76744
0,62.5,19.8921,37.4989,-1.45557,1.93037
0,62.5,73.6517,31.968,2.13771,-1.65567
0,62.5,17.2714,36.5215,-3.13595,1.84236
0,62.5,73.6609,31.5902,1.9969,-1.59364
0,62.5,19.6791,37.375,-1.68375,1.91067
0,62.5,73.1037,31.9369,2.26163,-1.95022
0,62.5,19.1285,37.3162,-2.24418,2.28419
0,62.5,72.2707,32.6367,2.0649,-2.45593
0,62.5,21.5082,38.0272,-1.59082,1.84801
0,62.5,70.9289,34.7989,1.67729,-1.16847
0,62.5,22.1902,38.5982,-1.53592,1.31405
0,62.5,69.8232,36.6812,1.04865,-0.498548
0,62.5,23.452,39.0055,-0.768676,1.77908
0,62.5,70.6575,35.3039,1.7755,-0.868951
0,62.5,22.265,38.4097,-1.17547,1.68003
0,62.5,69.5571,37.1343,0.878687,-0.295409
0,62.5,24.1263,39.1987,-0.781902,1.73341
0,62.5,69.9001,36.3713,1.15494,-0.537076
0,62.5,21.7441,37.9778,-1.17149,2.26066
0,62.5,69.3541,37.8538,0.702649,-0.0568547
0,62.5,20.7731,37.5043,-1.19491,2.15673
0,62.5,69.5978,37.9089,0.593807,0.0562197
0,62.5,22.4587,38.6758,-1.15054,1.3453
0,62.5,69.7044,38.1669,0.674403,-0.0994779
0,62.5,23.1623,38.9759,-0.935013,1.81725
0,62.5,69.8415,38.34,0.7624,-0.364891
0,62.5,22.5616,38.4801,-1.17166,1.08429
0,62.5,69.5915,38.5786,0.452769,0.00294693
0,62.5,22.4648,38.2601,-1.74218,1.97654
0,62.5,69.6285,38.8157,0.510078,0.0413376
0,62.5,22.0993,38.1936,-1.61158,1.52822
0,62.5,69.4118,39.031,0.796437,0.0737197
0,62.5,23.3172,38.7675,-1.07602,1.67358
0,62.5,69.676,39.0606,0.549267,0.015226
0,62.5,24.0565,38.9882,-1.24993,1.66622
0,62.5,69.4779,39.273,0.683882,0.140631
0,62.5,24.4759,39.0456,-0.902404,1.85766
0,62.5,69.4209,39.7658,0.400707,0.175143
0,62.5,25.5993,39.3627,-0.684,1.26142
0,62.5,69.2281,39.4768,0.468997,0.0177248
0,62.5,24.9637,39.2044,-0.703265,1.38444
0,62.5,69.66,39.8434,0.443339,0.206301
0,62.5,26.483,39.4234,-0.961844,1.46029
0,62.5,69.4309,40.0252,0.243795,-0.0096259
0,62.5,24.2711,38.8904,-1.00607,1.98574
0,62.5,69.1962,40.614,0.421134,0.0572367
0,62.5,27.2656,39.8311,-0.618155,1.69675
0,62.5,69.1294,40.1694,0.34735,0.116703
0,62.5,26.2425,39.2293,-0.734774,1.61972
0,62.5,69.2711,40.3499,0.262538,0.0366234
0,62.5,27.0253,39.7957,-0.702423,1.51788
0,62.5,69.5813,40.9556,0.357274,0.0700886
0,62.5,27.5864,39.8216,-0.660838,1.8885
0,62.5,69.1465,40.8744,0.422147,0.0705073
0,62.5,25.8403,39.2912,-0.74618,1.5656
0,62.5,69.2904,41.301,0.458568,0.0061722
0,62.5,27.5191,40.0319,-0.692964,1.23516
0,62.5,68.9463,40.7125,0.405867,0.149018
0,62.5,26.7366,39.5254,-0.602414,1.41911
0,62.5,69.0806,41.1519,0.436818,0.156833
0,62.5,28.5084,40.3012,-0.622418,1.80332
0,62.5,68.8122,41.5543,0.250377,0.0555483
0,62.5,27.7983,40.0225,-1.08047,1.43719
0,62.5,69.0389,41.423,0.428493,-0.00735065
0,62.5,28.6774,40.4886,-0.627712,1.78555
0,62.5,68.9484,41.7451,0.303812,0.0117163
0,62.5,29.2205,40.6779,-0.267216,1.0869
0,62.5,69.153,41.8594,0.393138,0.0835806
0,62.5,30.6407,41.3066,0.106505,1.05906
0,62.5,68.9027,42.0312,0.297201,-0.267851
0,62.5,29.8268,40.9169,-0.546574,1.3717
0,62.5,69.3571,42.0317,0.388126,0.195889
0,62.5,29.571,40.7239,-0.220765,1.16149
0,62.5,69.3296,42.2993,0.360369,0.185073
0,62.5,28.8648,40.6468,-0.326673,1.55822
0,62.5,69.2939,42.725,0.250682,0.162445
0,62.5,30.3506,41.102,-0.259365,0.958288
0,62.5,69.4812,42.9055,0.252016,0.21487
0,62.5,30.134,40.9547,-0.400683,1.11627
0,62.5,69.2751,43.0257,0.0348695,0.0749301
0,62.5,32.444,41.3536,0.695852,1.30013
0,62.5,69.2109,43.5669,0.0598744,0.0954493
0,62.5,30.9715,41.3001,0.26015,1.28596
0,62.5,69.0072,43.3743,0.0821091,0.0433498
0,62.5,31.782,41.5382,0.512802,1.36237
0,62.5,69.161,43.864,0.300125,0.0787697
0,62.5,32.6763,41.4779,0.719313,0.980881
0,62.5,68.9307,43.9522,0.322521,0.0604669
0,62.5,33.5272,41.8286,0.889429,1.17388
0,62.5,68.9445,44.3549,0.626003,0.096121
0,62.5,33.2671,41.519,0.684376,0.927264
0,62.5,69.0947,44.559,0.564092,0.253671
0,62.5,33.5133,42.0699,0.736048,0.662042
0,62.5,69.4459,44.5728,0.52821,0.289943
0,62.5,33.2613,41.9611,0.852937,0.910042
0,62.5,69.6808,44.7587,0.535532,0.358046
0,62.5,34.0395,41.8044,0.642882,0.53734
0,62.5,70.121,44.8815,0.617489,0.32645
0,62.5,34.466,41.822,1.1301,1.06344
0,62.5,69.9083,44.9582,0.579523,0.313209
0,62.5,34.7443,41.9304,1.09019,0.595322
0,62.5,70.1275,45.1711,0.599656,0.281521
0,62.5,35.725,42.2169,1.88051,-0.00198235
0,62.5,69.9219,45.256,0.529556,0.318077
0,62.5,35.3729,42.741,1.32167,0.0483086
0,62.5,70.5337,45.5735,0.509924,0.357103
0,62.5,36.0028,42.376,1.14114,-0.215882
0,62.5,70.3344,45.3733,0.568426,0.35147
0,62.5,35.8674,43.0304,1.12396,0.348344
0,62.5,70.5351,45.8895,0.512301,0.252791
0,62.5,35.8811,42.804,0.948946,0.172345
0,62.5,70.3278,45.9736,0.498796,0.227477
0,62.5,36.798,43.4431,1.41718,-0.212035
0,62.5,70.0509,46.3162,0.418365,0.0687215
0,62.5,35.6054,42.89,0.959498,-0.025458
0,62.5,69.7684,46.3336,0.475835,0.187502
0,62.5,35.6453,42.6548,1.18645,0.249424
0,62.5,70.4707,46.469,0.354432,0.243366
0,62.5,36.1426,42.8652,0.859888,0.136382
0,62.5,70.4037,46.7415,0.494944,0.282525
0,62.5,36.6255,45.2076,0.112466,-0.785729
0,62.5,70.5461,46.9797,0.517139,0.454463
0,62.5,37.719,45.8275,0.483781,-0.19613
0,62.5,70.2917,46.9835,0.555938,0.276813
0,62.5,37.3944,46.6334,1.49402,-1.47873
0,62.5,70.7902,46.945,0.391688,0.563098
0,62.5,37.7119,46.6683,0.895626,-0.905439
0,62.5,70.5349,47.2134,-0.13933,0.537618
0,62.5,36.8067,47.7156,0.33546,-0.971599
0,62.5,70.6184,47.4497,-0.109071,0.4253
0,62.5,37.4155,47.1209,0.495684,-1.11177
0,62.5,70.3607,47.4266,-0.214938,0.496397
0,62.5,37.6315,46.8942,0.524362,-1.6967
0,62.5,70.7946,47.1975,-0.0480646,0.643036
0,62.5,36.9689,47.8916,0.309111,-0.864679
0,62.5,70.4339,47.6872,0.0467554,0.38901
0,62.5,35.0773,48.9284,-0.723379,-0.40265
0,62.5,70.4699,47.9586,0.118688,0.159065
0,62.5,35.0318,49.2132,-0.649385,-0.291146
0,62.5,70.2616,48.1535,0.098184,0.147925
0,62.5,34.1389,49.3011,0.496045,0.139066
0,62.5,70.4944,48.2258,0.130952,0.17911
0,62.5,34.6323,49.1332,-0.186164,-0.083485
0,62.5,70.2997,48.4238,0.0647885,0.0643459
0,62.5,32.8165,49.0844,-0.163649,0.131557
0,62.5,69.9988,49.0853,-0.0153539,0.220914
0,62.5,34.3881,49.2198,0.0420049,0.31343
0,62.5,70.1033,48.6417,0.0316439,0.112359
0,62.5,34.096,49.5569,0.00296384,0.255226
0,62.5,70.2082,49.19,-0.299229,0.237497
0,62.5,33.4518,49.3159,0.0869415,0.328828
0,62.5,69.823,49.287,-0.0356315,0.238851
0,62.5,32.9877,49.5198,-0.262299,0.283808
0,62.5,69.7968,49.6562,-0.450603,0.512611
0,62.5,33.6447,49.4863,0.107209,0.388699
0,62.5,70.1044,49.9034,-0.0157093,0.0742868
0,62.5,32.6931,50.1457,-0.098465,-0.159795
0,62.5,70.2844,49.6975,-0.0558963,-0.0671611
0,62.5,33.221,49.412,-0.198067,0.273063
0,62.5,70.2196,50.1344,-0.0204147,-0.164424
0,62.5,32.7818,49.3544,-0.205406,0.307155
0,62.5,70.3595,50.3601,0.0252302,-0.164207
0,62.5,32.1602,50.8093,0.267044,0.120426
0,62.5,70.2357,50.5888,0.0801285,0.0102641
0,62.5,32.4796,50.0181,-0.389031,0.000687965
0,62.5,70.6348,50.3533,-0.0353348,0.0708576
0,62.5,30.7508,50.8582,0.557939,0.109156
0,62.5,70.7734,50.5761,0.156147,0.0897266
0,62.5,30.4042,50.8099,0.514385,0.158518
0,62.5,70.9363,50.7972,0.150147,0.0790451
0,62.5,27.5594,51.0215,-0.206507,-0.0159371
0,62.5,70.664,50.804,0.0677697,-0.0170602
0,62.5,28.9734,50.7936,-0.0227502,-0.08691
0,62.5,71.0976,51.0164,0.100541,-0.0171152
0,62.5,26.4269,51.0274,-0.645584,-0.0360975
0,62.5,71.3576,51.0089,0.180751,0.132176
0,62.5,1.9654,25.7649,0.459662,-8.01766
0,62.5,75.5522,33.5409,-0.11214,2.30863
0,62.5,6.82041,31.4221,-4.5488,-3.60052
0,62.5,75.795,36.3118,-0.761524,1.37312
0,62.5,9.11988,31.5452,0.97365,5.11313
0,62.5,75.4286,30.7472,1.30719,-1.54726
0,62.5,12.1477,32.4558,-2.45657,-0.8957
0,62.5,74.2979,29.9781,2.5268,-2.67923
0,62.5,13.4674,32.1902,-2.91074,-1.39218
0,62.5,74.6564,31.195,1.93729,-1.56497
0,62.5,13.1686,33.0973,-2.54393,-1.28054
0,62.5,75.145,33.0073,0.982537,0.430948
0,62.5,14.866,33.5556,-2.8385,0.132353
0,62.5,73.8443,31.4612,2.13546,-1.74581
0,62.5,14.6656,34.3081,-3.08221,-0.663798
0,62.5,73.4868,31.7689,2.32066,-2.1219
0,62.5,16.4681,36.0115,-3.06736,1.58159
0,62.5,70.4224,35.9994,1.10052,-0.524677
0,62.5,17.0632,36.1655,-2.91288,1.70008
0,62.5,71.2466,34.3118,1.70286,-1.49842
0,62.5,16.7525,36.0672,-2.96421,1.52632
0,62.5,73.6343,32.3239,2.19143,-1.85954
0,62.5,17.8614,36.9444,-2.3808,2.14258
0,62.5,71.4955,33.5941,1.89303,-2.00758
0,62.5,18.6704,37.2072,-2.18597,2.05468
0,62.5,70.3093,36.2968,1.1695,-0.578424
0,62.5,18.9166,37.1516,-2.51124,2.34458
0,62.5,70.8924,35.1126,1.51174,-1.05416
0,62.5,19.8353,37.1908,-1.71513,2.34612
0,62.5,70.4619,35.6827,1.08053,-0.575638
0,62.5,21.258,37.961,-1.24111,2.03639
0,62.5,70.2588,36.5768,0.983534,-0.406828
0,62.5,20.5033,37.5378,-1.47936,2.20882
0,62.5,70.0594,36.5061,1.09071,-0.621186
0,62.5,20.1477,37.5159,-1.47175,2.39128
0,62.5,69.7891,37.2418,0.648542,-0.222152
0,62.5,21.0373,37.4822,-1.60883,2.22607
0,62.5,69.5215,37.3893,0.808393,-0.164718
0,62.5,21.3019,37.4949,-1.46898,1.38932
0,62.5,70.0023,37.0885,0.711478,-0.451952
0,62.5,21.5344,37.4523,-1.36316,0.70496
0,62.5,69.5463,37.652,0.463554,0.113223
0,62.5,20.3631,37.3486,-1.57379,2.04052
0,62.5,69.7695,37.4863,0.603792,-0.0898181
0,62.5,21.4055,37.7404,-1.79103,2.10247
0,62.5,69.8139,37.7298,0.742959,-0.081988
0,62.5,21.142,37.7231,-1.71659,1.83422
0,62.5,70.0541,38.1324,0.867669,-0.403445
0,62.5,22.2626,38.0467,-1.42248,1.34749
0,62.5,69.8489,38.5718,0.4394,-0.196857
0,62.5,21.6326,37.7198,-1.20668,2.0118
0,62.5,69.8756,38.8329,0.475247,-0.116721
0,62.5,21.9731,37.9684,-1.53376,2.04582
0,62.5,70.0867,38.8969,0.407452,-0.228461
0,62.5,22.7662,38.6752,-0.943898,1.79864
0,62.5,69.7133,39.3367,0.499824,0.168984
0,62.5,22.8437,38.4616,-1.06184,1.74379
0,62.5,69.9041,39.1234,0.479705,-0.0592989
0,62.5,23.8973,38.8068,-0.839721,2.06891
0,62.5,69.4755,39.5281,0.449586,0.0960839
0,62.5,23.0488,38.7296,-0.750439,1.90621
0,62.5,69.941,39.687,0.666813,-0.0178504
0,62.5,23.5791,38.7625,-0.788765,1.92542
0,62.5,69.7159,39.5995,0.518303,0.132732
0,62.5,24.0408,38.6286,-0.594788,2.15326
0,62.5,69.701,40.0922,0.494668,0.179543
0,62.5,25.078,38.9828,-0.681048,1.68961
0,62.5,69.4914,40.249,0.351186,0.0179597
0,62.5,24.5808,38.83,-0.729414,1.50404
0,62.5,69.4625,40.5419,0.375191,0.048806
0,62.5,24.7868,38.9991,-0.737512,1.74437
0,62.5,69.4022,40.7802,0.494626,0.0167845
0,62.5,25.5372,39.1488,-0.696186,1.21217
0,62.5,69.6796,40.6785,0.380595,-0.0759872
0,62.5,25.348,38.9534,-0.795598,1.55277
0,62.5,69.7963,41.1363,0.499506,-0.0557015
0,62.5,25.2579,39.1846,-0.910323,1.40406
0,62.5,69.3321,41.0514,0.474677,0.115395
0,62.5,26.0273,39.1376,-0.739173,1.64391
0,62.5,69.9061,41.3481,0.470836,0.0257579
0,62.5,26.972,39.5614,-0.815493,1.57648
0,62.5,69.5522,41.2129,0.484311,0.0328783
0,62.5,26.5291,39.2079,-0.993819,1.3148
0,62.5,69.4345,41.4945,0.480172,0.192929
0,62.5,28.0625,39.9536,-0.656932,1.30235
0,62.5,69.1898,41.5958,0.301103,0.129699
0,62.5,27.8518,39.7783,-0.63485,1.42724
0,62.5,69.4022,41.7607,0.423852,0.145399
0,62.5,28.8211,40.2929,-0.313551,1.54042
0,62.5,69.1188,42.1302,0.244592,-0.00517226
0,62.5,28.2817,40.1373,-0.459749,1.45858
0,62.5,69.8626,41.6211,0.360796,0.0147798
0,62.5,28.5909,40.0906,-0.685321,1.61011
0,62.5,69.5819,41.9927,0.437443,-0.129074
0,62.5,29.3816,40.5262,-0.305823,1.46417
0,62.5,69.5548,42.2962,0.465779,-0.0115529
0,62.5,30.5116,40.951,0.0153704,1.09643
0,62.5,69.4696,42.5629,0.161347,0.104541
0,62.5,29.0413,40.4941,-0.335287,1.52167
0,62.5,69.4725,43.2216,-0.0404484,0.155392
0,62.5,29.1435,40.3104,-0.366872,1.45562
0,62.5,69.6618,43.4256,0.0127067,0.192999
0,62.5,30.2561,40.7785,-0.0273069,1.39449
0,62.5,69.2436,43.2976,-0.0752333,0.0552086
0,62.5,29.8786,40.7198,-0.353927,1.09094
0,62.5,69.3805,43.7901,0.194895,0.125251
0,62.5,31.1951,41.4652,0.311652,1.33207
0,62.5,69.3053,44.0918,0.359937,0.16324
0,62.5,32.1046,41.4507,0.318282,1.43167
0,62.5,69.4715,44.2995,0.414687,0.345833
0,62.5,30.7205,41.1177,-0.0474399,1.32543
0,62.5,69.0708,44.1526,0.457555,-0.0436166
0,62.5,32.1648,41.2485,0.861506,1.15681
0,62.5,69.2405,44.3717,0.459946,0.108676
0,62.5,33.5273,41.6133,0.865944,1.22538
0,62.5,69.6716,44.4872,0.486314,0.336918
0,62.5,35.0285,41.7336,1.39225,0.586525
0,62.5,69.8982,44.6772,0.553182,0.356456
0,62.5,35.2853,41.8535,1.64977,-0.122897
0,62.5,70.5341,45.2608,0.566542,0.337645
0,62.5,33.8058,41.7168,0.851271,0.866453
0,62.5,70.7512,45.1607,0.510968,0.332276
0,62.5,35.0457,41.9617,1.13741,0.731329
0,62.5,70.3343,45.0708,0.611423,0.290105
0,62.5,35.9474,42.5821,1.37486,-0.0607122
0,62.5,70.7629,44.8705,0.631072,0.318766
0,62.5,35.3481,42.0745,1.60743,0.167657
0,62.5,70.7313,45.4516,0.490649,0.265466
0,62.5,35.6463,41.8048,1.60481,-0.0790846
0,62.5,70.9242,45.6472,0.436202,0.217367
0,62.5,35.5961,42.0225,1.47824,0.569379
0,62.5,70.725,45.7687,0.543946,0.310978
0,62.5,35.8896,41.9317,1.30315,0.418953
0,62.5,70.5223,46.194,0.450952,0.236798
0,62.5,36.3016,42.4479,1.43291,-0.0744205
0,62.5,70.2924,46.253,0.422341,0.143708
0,62.5,36.2081,42.6581,1.40509,0.288706
0,62.5,70.8902,46.3183,0.327259,0.414624
0,62.5,35.97,42.133,1.54436,0.124679
0,62.5,70.7009,46.4316,0.334896,0.345505
0,62.5,36.2244,42.2344,1.41509,-0.125373
0,62.5,70.868,46.6622,0.337611,0.376957
0,62.5,36.5701,43.5784,0.936947,-0.315857
0,62.5,70.6393,46.7075,0.432406,0.405911
0,62.5,37.3432,45.3505,1.07879,-0.126112
0,62.5,71.2086,46.7018,0.194865,0.371702
0,62.5,36.8842,43.9063,1.28486,-0.508193
0,62.5,71.0148,47.1969,0.0523856,0.243739
0,62.5,37.5945,46.1206,1.37479,-0.539095
0,62.5,70.852,47.4612,0.0881781,0.366191
0,62.5,37.3384,46.2029,0.925671,-0.972581
0,62.5,70.8926,47.7434,0.112271,0.257276
0,62.5,37.5198,47.3275,0.0123104,-1.87189
0,62.5,70.9242,48.0326,0.112997,0.206069
0,62.5,37.1651,47.2854,1.03375,-1.77467
0,62.5,70.7264,48.2556,0.112286,0.112843
0,62.5,35.7357,48.8248,-0.941243,-0.522402
0,62.5,70.7691,48.5427,0.120304,0.125963
0,62.5,36.2437,48.2729,-0.470301,-0.64892
0,62.5,70.7014,47.9823,0.154194,0.182516
0,62.5,35.9694,48.697,-0.713118,-0.497484
0,62.5,70.5437,48.493,0.129579,0.110656
0,62.5,36.6673,48.2907,-0.235126,-0.443495
0,62.5,70.6667,47.7129,0.0980233,0.225255
0,62.5,35.266,49.1191,-0.590014,-0.547109
0,62.5,70.3529,48.6841,0.0555198,0.040557
0,62.5,36.1497,48.8569,-1.18208,-0.463958
0,62.5,70.1791,48.8957,-0.0354015,0.103837
0,62.5,35.9291,48.9854,-0.698748,-0.486773
0,62.5,70.8119,48.8221,0.0221099,0.157739
0,62.5,35.6573,49.3611,-0.554715,-0.196291
0,62.5,70.4053,48.9703,-0.139639,0.0257225
0,62.5,34.8351,49.3247,-0.281481,-0.0135015
0,62.5,70.4487,49.228,-0.269426,-0.0365834
0,62.5,35.4934,49.0157,-0.824161,-0.393852
0,62.5,70.0134,49.4003,-0.24413,0.528482
0,62.5,34.5472,49.6533,0.0580358,0.0793084
0,62.5,70.2537,49.4488,-0.145191,0.168761
0,62.5,34.2913,49.7359,-0.0483809,0.100775
0,62.5,70.0308,49.6499,-0.28611,0.295753
0,62.5,33.8394,49.6508,0.0847873,0.323135
0,62.5,70.3761,49.9217,0.102134,-0.150962
0,62.5,32.9613,49.7937,-0.0618397,0.379239
0,62.5,70.498,50.1423,0.05804,-0.196224
0,62.5,32.9341,50.0672,-0.0260863,0.316447
0,62.5,70.5625,49.7047,-0.0124674,-0.193336
0,62.5,33.5329,50.3727,-0.224739,-0.160416
0,62.5,70.6576,49.9305,0.128029,-0.141882
0,62.5,32.0643,50.5967,-0.0133841,-0.0110736
0,62.5,70.7907,50.1343,-0.13508,0.109021
0,62.5,33.547,50.055,0.00334718,0.0881825
0,62.5,70.9107,50.3539,0.0218421,0.0977806
0,62.5,29.6906,51.0293,-0.168951,-0.31999
0,62.5,71.1823,50.3395,-0.0562085,0.191471
0,62.5,27.8261,51.0176,-0.419776,-0.0263444
0,62.5,71.0485,50.57,0.270243,0.0754249
0,62.5,27.2822,51.0261,-0.234486,-0.114483
0,62.5,71.6094,51.0081,0.294722,-0.0641242
0,62.5,26.7114,51.0305,-0.409205,-0.124753
0,62.5,71.728,50.7669,0.490594,0.0985169
0,62.5,7.92968,30.7935,-6.52616,-0.58171
0,62.5,74.8908,31.6804,1.50969,-1.27626
0,62.5,10.9562,31.2989,-1.23449,-1.20034
0,62.5,75.9586,34.3989,-0.0546885,2.33846
0,62.5,13.1349,32.0419,-2.93064,-1.42035
0,62.5,74.2326,34.1024,0.340785,-0.737148
0,62.5,15.2634,35.1891,-3.45802,0.598532
0,62.5,75.6025,30.8262,1.16093,-0.814799
0,62.5,15.651,35.4499,-3.42833,1.1326
0,62.5,73.508,34.0027,1.18035,-1.35902
0,62.5,17.5599,36.6592,-2.94056,1.82052
0,62.5,74.9361,33.0559,1.2009,0.000176557
0,62.5,16.6644,35.8451,-3.14125,1.66497
0,62.5,74.5941,30.6257,2.01067,-2.02478
0,62.5,16.3369,35.7771,-3.30013,1.68039
0,62.5,73.3033,31.8676,2.32895,-1.94438
0,62.5,19.5125,37.1476,-2.15934,2.2455
0,62.5,74.3175,32.3548,1.65107,-1.3143
0,62.5,17.2689,36.0784,-2.996,1.70372
0,62.5,72.6332,32.3719,2.03272,-2.60997
0,62.5,17.7873,36.6956,-3.0994,2.69012
0,62.5,72.8619,32.2864,2.30301,-2.19089
0,62.5,18.5735,37.0505,-1.93844,2.39519
0,62.5,71.1097,34.9522,1.68932,-1.09539
0,62.5,18.3108,37.1263,-2.46986,1.49995
0,62.5,70.7113,35.5305,1.39712,-0.52062
0,62.5,20.0673,37.275,-2.17124,3.01512
0,62.5,70.6647,35.7999,1.18465,-0.628801
0,62.5,20.6554,37.3004,-1.35463,2.12213
0,62.5,70.5945,36.1262,1.32021,-0.535003
0,62.5,20.1875,37.0915,-1.31351,2.53771
0,62.5,70.5167,36.3947,1.1121,-0.472927
0,62.5,20.9674,37.2551,-1.29001,2.17601
0,62.5,70.197,37.2044,0.769451,-0.374405
0,62.5,21.8544,37.6991,-0.76672,1.90921
0,62.5,70.0198,36.8033,0.99321,-0.488295
0,62.5,22.7434,38.2418,-1.44485,1.60486
0,62.5,70.2657,37.4827,0.414881,-0.520294
0,62.5,23.5488,38.4062,-0.951333,2.0545
0,62.5,70.2191,36.8854,0.826161,-0.492194
0,62.5,23.9143,38.4252,-1.13514,1.60664
0,62.5,70.0509,37.6413,0.464715,-0.601067
0,62.5,23.0235,38.2358,-1.28559,1.16029
0,62.5,70.0173,37.3948,0.594284,-0.542259
0,62.5,23.1023,38.505,-0.875936,1.91074
0,62.5,69.8636,37.9649,0.655462,-0.22962
0,62.5,24.2231,38.4548,-0.74806,1.77821
0,62.5,70.1173,38.3306,0.607126,-0.303135
0,62.5,23.7276,38.5962,-1.10368,2.12597
0,62.5,70.0844,38.5889,0.545168,-0.311962
0,62.5,24.9931,38.523,-0.457278,1.33796
0,62.5,70.3516,38.4332,0.596956,-0.134197
0,62.5,25.2519,38.4539,-0.955878,1.34017
0,62.5,70.2845,38.6991,0.391424,-0.102869
0,62.5,23.3706,38.5438,-0.897068,1.5792
0,62.5,70.3202,38.9667,0.438501,-0.136032
0,62.5,24.3244,38.6935,-0.483277,1.64394
0,62.5,70.1284,39.1846,0.445329,-0.101928
0,62.5,25.9347,38.5262,-1.00301,1.07715
0,62.5,70.3353,39.2671,0.493147,-0.213955
0,62.5,25.6494,38.622,-0.842315,1.43847
0,62.5,69.9467,39.4061,0.552508,0.108388
0,62.5,24.6983,38.6289,-0.730289,1.07396
0,62.5,70.156,39.4973,0.470969,-0.149601
0,62.5,25.3967,38.6921,-0.729594,1.36397
0,62.5,69.9116,39.9339,0.468865,0.0813682
0,62.5,24.9054,38.7817,-0.390114,1.51837
0,62.5,70.1707,39.7818,0.639316,-0.119948
0,62.5,25.1548,38.7277,-0.669963,1.30048
0,62.5,69.8949,40.2415,0.434624,-0.0452308
0,62.5,25.5983,38.8867,-0.558481,1.29727
0,62.5,69.6937,40.4133,0.395311,0.00814078
0,62.5,25.8694,38.7631,-1.27933,1.23266
0,62.5,69.9033,40.5324,0.463281,-0.114626
0,62.5,27.1622,39.0548,-0.748286,1.43983
0,62.5,69.8248,40.8796,0.453571,-0.154904
0,62.5,26.3136,39.0019,-1.00797,1.37864
0,62.5,70.2639,40.8375,0.293589,-0.0858939
0,62.5,26.0575,38.8832,-0.758209,1.38562
0,62.5,70.41,40.3626,0.480346,-0.186963
0,62.5,26.8001,39.2947,-1.33725,1.23612
0,62.5,70.4369,40.6393,0.399708,-0.109155
0,62.5,25.788,39.0324,-0.882928,1.62484
0,62.5,70.0499,41.0017,0.484104,-0.0920267
0,62.5,27.3491,39.634,-1.25935,1.54499
0,62.5,69.6674,41.4362,0.345637,-0.042009
0,62.5,26.6778,39.0355,-0.767733,1.38835
0,62.5,69.6353,41.72,0.511566,0.0979553
0,62.5,27.1741,39.4534,-0.984915,1.64198
0,62.5,70.1214,41.2316,0.462828,-0.00687563
0,62.5,26.8985,38.9925,-0.642261,1.51911
0,62.5,70.1095,41.5237,0.575019,0.0310206
0,62.5,27.591,39.5724,-0.599682,1.03027
0,62.5,69.7663,42.1789,0.457139,0.0212975
0,62.5,28.0469,39.4558,-0.995837,1.53182
0,62.5,69.8238,41.9115,0.590016,0.130226
0,62.5,28.3571,39.9215,-0.883952,1.32786
0,62.5,69.7091,42.514,0.200044,0.0893995
0,62.5,27.8377,39.5401,-0.836432,1.34815
0,62.5,69.6651,42.7735,0.142698,0.0637655
0,62.5,29.4333,40.3008,-0.281275,1.29008
0,62.5,70.0576,43.1738,0.0441435,0.258344
0,62.5,29.6615,40.5177,0.127873,0.973239
0,62.5,69.8524,43.2941,0.032053,0.278792
0,62.5,28.1231,39.7278,-0.965271,1.47202
0,62.5,69.4431,43.5051,-0.00813187,0.151755
0,62.5,28.5151,39.7656,-1.03913,1.59575
0,62.5,69.6138,43.7256,0.184226,0.214329
0,62.5,31.2849,41.0244,0.246093,1.41869
0,62.5,69.5344,44.0046,0.304964,0.149815
0,62.5,31.5383,41.3985,0.626321,1.29068
0,62.5,69.7835,43.9182,0.259695,0.186088
0,62.5,33.018,41.4099,0.717582,1.15416
0,62.5,69.6994,44.1944,0.331754,0.265602
0,62.5,33.8445,41.496,1.0746,0.947788
0,62.5,69.8871,44.3898,0.382997,0.308927
0,62.5,33.3352,41.3058,0.698958,1.30456
0,62.5,70.1091,44.5902,0.543886,0.418298
0,62.5,34.5233,41.6005,1.39163,0.878812
0,62.5,70.5473,44.9673,0.651341,0.324171
0,62.5,35.471,41.679,1.38335,0.0456562
0,62.5,70.5508,44.6894,0.592317,0.287408
0,62.5,34.2241,41.6743,1.0825,1.09232
0,62.5,70.7337,44.5493,0.505557,0.357628
0,62.5,31.8161,41.3218,0.497574,1.30647
0,62.5,70.9448,44.7302,0.546714,0.412308
0,62.5,35.8857,41.6734,1.42464,0.5497
0,62.5,70.9504,45.3626,0.512865,0.181743
0,62.5,34.7713,41.7152,1.09836,0.742913
0,62.5,71.1499,45.5532,0.486027,0.0800915
0,62.5,34.7555,41.462,1.1389,0.937876
0,62.5,70.9057,45.9671,0.497023,0.278491
0,62.5,36.1236,41.823,1.4796,-0.0196365
0,62.5,71.1063,45.8451,0.414473,0.139152
0,62.5,35.7319,41.4829,1.06248,0.350738
0,62.5,70.7232,46.1033,0.407571,0.318296
0,62.5,36.902,42.1582,1.44074,-0.1063
0,62.5,71.0577,46.5233,0.304975,0.250075
0,62.5,36.2669,42.0011,0.955963,0.0887589
0,62.5,71.0138,46.8843,0.28765,0.361457
0,62.5,37.0164,43.2756,1.64368,0.0499413
0,62.5,71.2729,46.042,0.20777,0.212586
0,62.5,36.7433,42.9011,1.30881,0.366123
0,62.5,71.2432,46.3615,0.290248,0.216733
0,62.5,37.1482,43.7483,1.20931,-0.614317
0,62.5,71.4261,46.5027,0.138522,0.299798
0,62.5,36.9653,45.0659,1.07626,-0.569127
0,62.5,71.2053,47.0046,0.266604,0.494198
0,62.5,37.6645,46.4634,1.43087,-0.244744
0,62.5,71.2335,47.2862,0.012564,0.533213
0,62.5,37.9431,46.4449,1.19922,-1.04993
0,62.5,71.0703,47.5006,0.0691846,0.304746
0,62.5,37.0525,48.4298,-0.385718,-0.562197
0,62.5,71.1057,47.8051,0.123641,0.265415
0,62.5,38.1916,46.5789,3.51562,0.368575
0,62.5,70.9458,48.3182,0.0985998,0.213929
0,62.5,37.0574,47.5888,0.0810862,-0.929223
0,62.5,71.1438,48.0968,0.0639357,0.270451
0,62.5,36.4287,48.4105,-0.553606,-0.679347
0,62.5,70.9945,48.6035,0.064201,0.122652
0,62.5,37.2944,47.4527,0.39141,-1.55703
0,62.5,71.03,48.8959,0.069197,0.101696
0,62.5,36.2087,48.5689,-0.452008,-0.43582
0,62.5,70.584,48.7729,0.0438582,0.128078
0,62.5,36.573,48.9254,-0.185036,-0.284308
0,62.5,71.3871,48.4387,0.0862579,0.188023
0,62.5,36.3424,49.0048,-0.414936,0.0263416
0,62.5,71.2128,48.6732,0.0790492,0.169504
0,62.5,35.7012,49.097,-0.887479,-0.225655
0,62.5,71.4364,48.7209,0.118269,0.183531
0,62.5,36.5393,49.1942,-0.473643,-0.181129
0,62.5,70.8669,49.1233,-0.140865,-0.0321669
0,62.5,34.3476,49.4802,0.252643,-0.0376508
0,62.5,71.2484,48.958,0.0502454,0.162508
0,62.5,35.9032,49.2738,-0.591985,-0.47075
0,62.5,70.6467,49.0487,-0.197923,0.10222
0,62.5,34.5976,49.3934,-0.161756,0.244538
0,62.5,71.0811,49.1935,-0.112443,0.0563388
0,62.5,34.0331,49.8172,-0.114672,-0.0175165
0,62.5,70.5067,49.4835,-0.0373614,-0.103248
0,62.5,33.6029,49.7715,0.0410084,0.151713
0,62.5,70.6981,49.3333,-0.0815517,-0.0959645
0,62.5,33.1885,49.6886,-0.109527,0.538473
0,62.5,70.8942,49.4366,-0.0199242,-0.0194274
0,62.5,33.4182,49.5997,-0.0443291,0.125752
0,62.5,70.7984,49.6605,-0.0217773,-0.126339
0,62.5,33.7484,50.1843,-0.172591,0.254508
0,62.5,70.9189,49.8916,-0.0212763,0.0481576
0,62.5,33.1202,50.5189,-0.196544,0.309741
0,62.5,71.19,49.9003,-0.0725229,0.167644
0,62.5,33.1592,49.9794,0.158637,0.365681
0,62.5,71.0564,50.1192,-0.142393,0.0640124
0,62.5,33.3493,50.5295,-0.152551,-0.143846
0,62.5,71.3231,50.5472,0.336888,0.235801
0,62.5,33.1428,50.253,-0.0295033,0.69394
0,62.5,71.2061,50.7825,0.24446,0.0837724
0,62.5,31.6213,50.8031,0.259677,0.215463
0,62.5,71.587,50.5357,0.253934,0.182997
0,62.5,26.8549,50.8179,-0.557339,-0.10625
0,62.5,71.8589,51.003,0.336011,0.151956
0,62.5,2.88478,22.6366,3.30203,-10.2044
0,62.5,74.8362,23.4906,-1.6739,-7.05411
0,62.5,11.2039,32.0268,-2.17565,-1.18391
0,62.5,74.6536,31.7449,1.58448,-1.2828
0,62.5,14.9233,34.7402,-3.38718,0.246336
0,62.5,73.5406,30.6774,2.89945,-2.3473
0,62.5,16.0792,35.6644,-3.40954,1.3756
0,62.5,75.8344,28.1709,1.07936,-2.78586
0,62.5,13.5899,32.3013,-2.955,-1.46131
0,62.5,75.7429,29.0743,0.419557,-3.24871
0,62.5,15.028,34.9777,-3.44379,0.352759
0,62.5,73.8204,31.8063,1.96253,-1.60756
0,62.5,15.1965,34.8449,-3.56868,0.654399
0,62.5,73.4667,32.1378,2.30194,-1.71026
0,62.5,16.9305,35.7955,-2.95174,1.70099
0,62.5,73.8909,32.467,2.04034,-1.55824
0,62.5,15.7164,35.1322,-3.86508,1.08718
0,62.5,71.4369,34.1153,1.52453,-1.86245
0,62.5,17.4362,36.3658,-3.13605,1.92461
0,62.5,71.4658,33.8472,1.40297,-2.1558
0,62.5,20.4767,37.1515,-1.35949,2.69733
0,62.5,70.9268,35.6102,1.31162,-0.989414
0,62.5,19.2446,37.1014,-2.14525,2.28889
0,62.5,70.937,35.3367,1.2604,-0.894346
0,62.5,19.9407,36.9589,-1.71541,2.62898
0,62.5,70.8086,35.941,1.2008,-0.690444
0,62.5,21.2377,37.256,-0.510482,1.5823
0,62.5,70.7862,36.249,1.17743,-0.536535
0,62.5,21.4522,37.1936,-0.818695,1.43203
0,62.5,70.4494,36.6844,1.1003,-0.374597
0,62.5,22.1054,37.7749,-1.9138,1.59899
0,62.5,70.7039,36.5162,0.948496,-0.612473
0,62.5,22.4977,38.024,-0.8327,0.89888
0,62.5,70.4088,36.9907,0.880449,-0.370238
0,62.5,22.0006,37.4896,-0.797246,1.26884
0,62.5,70.4375,37.2488,0.655815,-0.371535
0,62.5,23.7331,38.2525,-0.569612,1.89384
0,62.5,70.3315,37.7222,0.390951,-0.243557
0,62.5,24.5026,38.5017,-0.485252,1.85409
0,62.5,70.3405,37.9938,0.627519,-0.268889
0,62.5,24.8216,38.3875,-0.56994,1.54351
0,62.5,70.1171,37.8836,0.705805,-0.594244
0,62.5,25.1238,38.2471,-0.393802,1.45531
0,62.5,70.3961,38.1945,0.645794,-0.31684
0,62.5,23.9763,38.17,-0.733102,2.30025
0,62.5,70.7688,37.5236,0.645006,-0.290072
0,62.5,25.4823,38.4215,-0.608578,0.967886
0,62.5,70.6157,37.9702,0.580925,-0.486971
0,62.5,24.6709,38.1102,-0.516504,1.29564
0,62.5,70.834,37.7671,0.661354,-0.479159
0,62.5,24.5425,38.2865,-0.445042,1.45334
0,62.5,70.6738,38.1908,0.577617,-0.387859
0,62.5,26.4576,38.5811,-1.41284,1.13078
0,62.5,70.5228,38.6898,0.478106,-0.322664
0,62.5,25.3437,38.1227,-0.66671,1.24889
0,62.5,70.5926,38.4412,0.547174,-0.242117
0,62.5,25.7588,38.3577,-0.694231,0.884103
0,62.5,70.5241,39.0087,0.483016,-0.381323
0,62.5,26.9533,38.7472,-0.749065,1.40741
0,62.5,70.7118,38.7704,0.351003,-0.381912
0,62.5,27.6382,39.0344,-0.76989,1.67963
0,62.5,70.5464,39.3133,0.394737,-0.432045
0,62.5,26.2257,38.7154,-0.817576,1.28158
0,62.5,70.3779,39.8637,0.520764,-0.33807
0,62.5,26.7184,38.5109,-1.66112,1.56369
0,62.5,70.3731,39.5678,0.546537,-0.254664
0,62.5,26.6944,38.7336,-1.02238,1.46069
0,62.5,70.1158,40.0583,0.526603,-0.274325
0,62.5,27.818,39.259,-0.399994,1.69157
0,62.5,70.108,40.327,0.63822,-0.252379
0,62.5,27.4559,38.8076,-0.799945,1.79448
0,62.5,70.3355,40.126,0.500321,-0.305163
0,62.5,27.2132,38.8316,-0.645104,1.51085
0,62.5,70.037,40.7299,0.400643,-0.230464
0,62.5,27.0396,38.5476,-1.25334,1.2836
0,62.5,70.2128,40.5376,0.416161,-0.187359
0,62.5,26.4767,38.8555,-1.11439,1.11849
0,62.5,70.6418,40.4118,0.416699,-0.242265
0,62.5,27.9719,39.1282,-0.544013,1.9758
0,62.5,70.7276,40.9889,0.420665,-0.422247
0,62.5,28.4352,39.1827,-0.472849,1.49793
0,62.5,70.5174,40.9092,0.372604,-0.216275
0,62.5,27.8016,38.8882,-0.801757,1.46546
0,62.5,70.5368,41.2188,0.563457,-0.200919
0,62.5,27.4167,39.0718,-1.47487,1.19182
0,62.5,70.3197,41.663,0.698146,-0.118737
0,62.5,28.9558,39.4625,-0.495804,1.90776
0,62.5,70.3291,41.0886,0.378887,-0.0724853
0,62.5,28.72,39.3263,-1.02984,0.965952
0,62.5,70.3281,41.3927,0.537563,-0.0194639
0,62.5,28.1916,39.2894,-0.905162,1.6599
0,62.5,70.0502,41.7901,0.501915,-0.0333618
0,62.5,27.0147,39.233,-0.951218,1.71525
0,62.5,69.9129,42.3809,0.254785,0.0557837
0,62.5,27.5783,39.333,-1.00798,1.51443
0,62.5,69.9036,42.7149,0.186871,0.267671
0,62.5,28.4538,39.4222,-0.730354,1.99398
0,62.5,69.6675,43.0989,0.041069,0.386442
0,62.5,27.3524,39.3307,-0.733007,1.47215
0,62.5,70.1019,42.8934,0.220115,0.24903
0,62.5,28.3052,39.601,-0.670303,1.54345
0,62.5,70.4905,42.938,0.232214,0.502402
0,62.5,29.8613,39.6908,0.244873,1.71489
0,62.5,70.2887,43.0719,0.149547,0.389055
0,62.5,28.6613,39.5691,-0.723086,1.67443
0,62.5,69.8372,43.6264,0.110954,0.223419
0,62.5,30.0754,40.606,-0.0766979,1.17271
0,62.5,70.243,43.3595,0.0067365,0.245307
0,62.5,31.0239,41.0852,0.365512,1.33011
0,62.5,70.0341,43.4839,0.0791565,0.281311
0,62.5,33.5986,41.3954,0.917026,0.976222
0,62.5,70.0172,43.8026,0.187617,0.316543
0,62.5,30.7979,40.8974,-0.0771981,1.15192
0,62.5,69.9401,44.1128,0.263018,0.357377
0,62.5,31.2793,41.2548,0.483142,1.44842
0,62.5,70.3291,44.7785,0.624573,0.261878
0,62.5,31.0504,40.8502,0.138053,1.32143
0,62.5,70.3358,44.5058,0.497873,0.369936
0,62.5,29.8874,40.4242,0.112347,1.75382
0,62.5,70.5293,44.3718,0.443639,0.392695
0,62.5,31.5431,41.1763,0.545035,1.28412
0,62.5,70.7375,44.2582,0.480466,0.50162
0,62.5,32.77,41.2739,0.762709,1.30559
0,62.5,70.9473,44.4504,0.577415,0.503445
0,62.5,34.0884,41.466,0.950418,1.38139
0,62.5,71.1646,44.6535,0.568947,0.552405
0,62.5,31.6963,40.9986,0.884195,1.53334
0,62.5,70.9613,45.0634,0.593062,0.338599
0,62.5,32.4755,41.1405,0.701304,1.06652
0,62.5,71.5802,45.3518,0.683553,0.241561
0,62.5,34.3577,41.4414,0.893437,1.18877
0,62.5,71.1427,44.9277,0.61777,0.372694
0,62.5,35.2479,41.5866,1.31993,0.810303
0,62.5,71.1596,45.2519,0.621629,0.241702
0,62.5,33.0582,41.1883,0.725464,1.26048
0,62.5,71.0741,46.1738,0.341877,0.269443
0,62.5,34.9957,41.4726,1.23353,0.468606
0,62.5,71.3546,45.1427,0.716327,0.478658
0,62.5,36.6133,41.7132,1.65121,0.626818
0,62.5,71.3591,45.44,0.564339,0.301738
0,62.5,36.3121,43.0005,0.657364,-0.0965491
0,62.5,71.3301,45.742,0.414812,0.178538
0,62.5,37.0745,43.5205,1.00195,-0.317669
0,62.5,71.4593,46.2061,0.197737,0.159053
0,62.5,36.9066,43.083,0.817688,-0.217615
0,62.5,71.554,45.6272,0.490315,0.257701
0,62.5,37.2827,44.226,0.808318,-0.192005
0,62.5,71.4173,46.7857,0.0491647,0.277941
0,62.5,37.1138,45.263,0.770371,-0.141673
0,62.5,71.4311,47.0691,0.106514,0.456765
0,62.5,37.9741,46.6903,1.16734,-1.40351
0,62.5,71.2824,47.5845,0.0963213,0.412861
0,62.5,37.7816,46.2407,1.99267,-0.593194
0,62.5,71.4551,47.3589,0.0965447,0.449897
0,62.5,37.1096,48.1032,-0.0404233,-1.17074
0,62.5,71.3247,47.8761,0.15221,0.334286
0,62.5,37.7064,47.1214,1.63974,-1.18187
0,62.5,71.369,48.1564,0.105405,0.171175
0,62.5,37.1866,47.7824,-0.108058,-1.17399
0,62.5,71.1697,48.3775,0.142287,0.206673
0,62.5,37.5972,47.5464,-0.547158,-2.33899
0,62.5,71.7285,47.7239,0.244021,0.284539
0,62.5,36.8196,48.4994,-0.389753,-0.299578
0,62.5,71.5509,47.9396,0.212812,0.260813
0,62.5,36.5872,48.5882,-0.495295,-0.413469
0,62.5,71.7735,48.0098,0.220351,0.20735
0,62.5,37.4081,47.6787,0.505916,-1.99379
0,62.5,71.593,48.227,0.0996686,0.176164
0,62.5,36.3874,48.7277,-0.275566,-0.250454
0,62.5,71.8177,48.2902,0.0969406,0.207183
0,62.5,37.3877,48.9309,-0.00640077,-0.321929
0,62.5,71.6123,48.5051,0.0827754,0.178957
0,62.5,36.749,48.7862,-0.558329,-0.680403
0,62.5,71.6865,48.7767,0.0323355,0.239502
0,62.5,35.4417,49.3009,-0.223701,-0.712418
0,62.5,71.4923,48.9748,-0.0143171,0.253616
0,62.5,36.112,49.1635,-0.500918,-0.424677
0,62.5,71.5763,49.2227,-0.133219,0.391907
0,62.5,35.1359,50.0526,-0.111074,-0.000244291
0,62.5,71.329,49.2123,-0.129002,0.223395
0,62.5,34.7422,49.8552,-0.186386,0.089777
0,62.5,71.4001,49.4674,-0.0656811,0.324871
0,62.5,33.3691,49.889,-0.112772,0.0990744
0,62.5,71.1474,49.4353,-0.0423215,0.16887
0,62.5,34.2141,49.9998,-0.210842,-0.0296932
0,62.5,71.6409,49.7098,-0.0571546,0.44839
0,62.5,33.9991,50.0987,-0.053507,0.0212404
0,62.5,71.0601,49.673,-0.0731547,0.0285237
0,62.5,33.7961,49.925,0.132447,0.274303
0,62.5,71.332,49.6832,-0.0938509,0.223889
0,62.5,33.3571,50.2154,-0.0431031,-0.172325
0,62.5,71.3318,50.1161,-0.202067,0.195722
0,62.5,32.572,50.6152,-0.244597,-0.26827
0,62.5,71.4642,50.3108,-0.0584592,0.241311
0,62.5,32.8623,50.5865,-0.412252,0.194707
0,62.5,71.4686,50.7689,0.35272,0.191699
0,62.5,29.1183,51.0194,0.0341069,-0.0449217
0,62.5,72.1093,51.0088,0.358038,-0.143931
0,62.5,27.1298,50.8136,-0.333294,-0.101185
0,62.5,72.3658,51.0047,0.241509,0.0350764
0,62.5,12.3443,32.777,-2.43686,-0.941864
0,62.5,75.3973,27.8078,1.1361,-4.28757
0,62.5,6.40018,31.0642,-4.16252,-0.283585
0,62.5,74.3748,33.7532,0.920456,-0.759217
0,62.5,9.39259,32.5617,-1.87409,-0.521939
0,62.5,74.3789,34.6285,0.684137,-0.214347
0,62.5,16.4156,35.3495,-3.04758,2.47979
0,62.5,74.0728,32.2839,1.63752,-1.14369
0,62.5,12.4621,32.4013,-2.22489,-0.868202
0,62.5,74.019,30.1618,2.60768,-2.19511
0,62.5,14.8977,34.0991,-3.75091,-0.303389
0,62.5,75.3497,29.5125,1.86212,-2.3907
0,62.5,15.117,34.5898,-3.74057,0.366716
0,62.5,75.2993,30.8943,1.40536,-1.39099
0,62.5,14.8237,34.5248,-3.24445,-0.0598099
0,62.5,73.2964,32.2199,2.49851,-2.02795
0,62.5,19.0097,36.9632,-1.90776,1.87054
0,62.5,71.1742,34.6633,1.65379,-1.2051
0,62.5,19.287,36.877,-2.51936,2.73748
0,62.5,71.2116,35.1501,1.43423,-1.00456
0,62.5,20.6475,36.9586,-1.58535,2.72248
0,62.5,71.1612,35.4028,1.5591,-0.93387
0,62.5,20.848,37.0789,-0.957058,2.16239
0,62.5,71.2625,35.5998,1.36589,-0.952677
0,62.5,21.143,37.0099,-0.839725,2.23477
0,62.5,71.0587,35.7782,1.10109,-0.862635
0,62.5,21.3652,36.9278,-0.330759,2.14078
0,62.5,71.2897,35.8784,0.888604,-0.510759
0,62.5,21.7015,37.1641,-1.22572,1.56241
0,62.5,71.0235,36.0421,1.09091,-0.838959
0,62.5,21.7506,37.4288,-1.0433,0.885703
0,62.5,71.0108,36.2986,1.02662,-0.711505
0,62.5,23.2513,38.285,-1.03896,1.80117
0,62.5,70.6356,36.8005,0.977097,-0.28678
0,62.5,24.2077,38.2448,-0.910473,1.52281
0,62.5,70.6552,37.0653,0.925414,-0.492125
0,62.5,21.513,36.644,-0.959148,2.25298
0,62.5,70.9179,36.5669,0.955451,-0.619162
0,62.5,21.94,37.2193,-1.69122,1.48231
0,62.5,70.5273,37.4754,0.540042,-0.315632
0,62.5,22.5733,37.7935,-1.38658,1.75814
0,62.5,70.864,36.8442,0.964593,-0.54257
0,62.5,23.4608,38.1543,-1.3044,1.91903
0,62.5,70.5689,37.7361,0.604631,-0.408868
0,62.5,22.4681,37.5419,-1.67831,1.97027
0,62.5,70.7364,37.2665,0.770059,-0.288342
0,62.5,24.3598,38.0673,-1.00322,1.67842
0,62.5,70.9625,37.0512,0.723059,-0.374987
0,62.5,24.8269,37.8856,-0.474476,1.93246
0,62.5,70.9874,37.3056,0.631997,-0.451852
0,62.5,25.0012,37.7043,0.00535311,1.35413
0,62.5,70.8943,38.0016,0.563142,-0.546946
0,62.5,24.9161,38.1517,-0.558024,1.30071
0,62.5,71.001,38.1968,0.465489,-0.583095
0,62.5,26.1606,38.4961,-0.854247,1.14636
0,62.5,70.826,38.3936,0.435059,-0.553793
0,62.5,25.5553,38.1864,-0.760071,1.07993
0,62.5,71.2906,38.2281,0.566505,-0.566466
0,62.5,25.2822,37.8233,-0.649339,1.13889
0,62.5,70.9129,38.6156,0.316446,-0.528028
0,62.5,25.0579,37.4655,-0.926944,2.19565
0,62.5,70.9374,38.8833,0.32824,-0.59413
0,62.5,25.8309,38.1238,-0.762277,1.18026
0,62.5,70.7325,39.0705,0.349855,-0.407122
0,62.5,24.1611,37.9319,-1.26031,1.71969
0,62.5,70.7524,39.3769,0.400863,-0.318646
0,62.5,25.4866,37.8801,-1.20938,0.738293
0,62.5,70.5827,39.6202,0.472613,-0.358601
0,62.5,25.6923,37.9076,-0.537459,0.909845
0,62.5,70.9412,39.176,0.379203,-0.509904
0,62.5,25.2572,37.433,-0.709591,1.92032
0,62.5,70.6131,39.8872,0.571247,-0.392603
0,62.5,27.6531,38.6626,-1.00466,1.70638
0,62.5,70.8152,39.6669,0.545313,-0.217237
0,62.5,26.063,38.2509,-1.64967,1.14381
0,62.5,70.5846,40.1355,0.38024,-0.422433
0,62.5,25.417,37.5077,-0.538218,2.03581
0,62.5,70.6735,40.6819,0.323826,-0.274354
0,62.5,25.6217,37.5866,-0.752392,1.68562
0,62.5,70.8922,40.7178,0.243235,-0.47607
0,62.5,28.6071,39.0454,-0.616795,2.19482
0,62.5,70.7595,41.265,0.586652,-0.4234
0,62.5,26.419,38.3623,-0.884657,1.71567
0,62.5,70.5143,41.7847,0.767919,0.043322
0,62.5,29.1239,39.3098,-0.722261,1.73301
0,62.5,70.5551,41.4895,0.658491,-0.219254
0,62.5,28.8636,39.1691,-0.567458,1.70169
0,62.5,70.592,42.0018,0.478342,0.37047
0,62.5,29.2907,39.4635,-0.496402,1.65053
0,62.5,70.2425,41.9241,0.772169,-0.304876
0,62.5,29.5377,39.3542,0.0709945,1.9337
0,62.5,70.1496,42.2706,0.365385,0.00957314
0,62.5,26.2598,38.1619,-1.04213,0.83787
0,62.5,70.0137,42.0878,0.75589,0.147405
0,62.5,29.7039,39.5124,0.357174,1.69846
0,62.5,70.0848,42.5607,0.098647,0.0927054
0,62.5,29.4243,39.1645,-0.200733,2.11438
0,62.5,69.8662,42.9804,0.0524727,0.176161
0,62.5,29.8025,39.2469,-0.0539992,1.71962
0,62.5,70.2885,42.7469,0.250331,0.328978
0,62.5,29.4487,39.6453,-0.490354,1.33855
0,62.5,70.5209,42.6785,0.31261,0.565714
0,62.5,28.9188,40.1182,-0.436871,1.68223
0,62.5,70.6916,43.1511,0.126877,0.61354
0,62.5,29.0442,39.9014,-0.629625,1.30094
0,62.5,70.4743,43.2466,0.112975,0.578726
0,62.5,30.5243,40.7228,0.0109734,1.40221
0,62.5,70.434,43.5352,-0.0310204,0.461673
0,62.5,28.863,39.7107,-0.400962,1.36687
0,62.5,70.8871,43.3752,-0.0195442,0.659271
0,62.5,29.2369,40.0999,-0.260813,1.43267
0,62.5,70.2213,43.6626,0.156816,0.478592
0,62.5,28.7348,39.9199,-0.630684,1.57385
0,62.5,70.16,44.005,0.21155,0.335528
0,62.5,30.3546,40.5278,-0.110274,1.2885
0,62.5,70.1171,44.321,0.415509,0.322301
0,62.5,30.6016,40.4477,0.0436012,1.23265
0,62.5,70.3231,44.204,0.262283,0.313847
0,62.5,30.771,40.658,0.118684,1.61553
0,62.5,70.5266,44.0742,0.363577,0.483157
0,62.5,31.9185,41.1338,0.709979,1.10004
0,62.5,70.9248,44.1215,0.362358,0.442252
0,62.5,31.0033,40.5942,0.0502233,1.4664
0,62.5,71.1151,44.3026,0.326825,0.320599
0,62.5,31.4755,40.8801,0.723718,1.55581
0,62.5,71.3702,44.8832,0.649692,0.618543
0,62.5,32.7481,41.0629,0.581829,1.13055
0,62.5,71.8407,45.1351,0.492388,0.273713
0,62.5,33.879,41.2589,0.654592,1.17096
0,62.5,71.5916,45.0972,0.751022,0.165568
0,62.5,33.2987,41.075,0.700967,1.45428
0,62.5,71.7979,45.411,0.441518,0.470009
0,62.5,34.6409,41.281,0.786378,0.886392
0,62.5,71.5042,45.9215,0.292804,0.226567
0,62.5,34.1587,41.2307,0.843749,1.66669
0,62.5,71.8694,46.4349,0.178979,0.414245
0,62.5,36.495,42.1945,1.3983,0.544992
0,62.5,72.0892,46.4101,0.167166,0.113332
0,62.5,35.2772,41.3393,1.16288,0.636783
0,62.5,71.6577,46.2899,0.0947345,0.501
0,62.5,36.6938,42.0476,1.77824,-0.199247
0,62.5,71.8555,46.7015,0.0403182,0.360835
0,62.5,37.324,42.566,1.15871,0.389218
0,62.5,71.6328,46.8572,-0.0304914,0.285998
0,62.5,36.4886,42.6089,1.56396,-0.147723
0,62.5,71.8526,46.9724,-0.0313678,0.178409
0,62.5,37.6628,43.7184,1.38915,0.239648
0,62.5,71.6364,46.5724,0.07687,0.314061
0,62.5,37.38,43.5975,0.634222,0.0649604
0,62.5,71.8697,47.2477,0.031042,0.20528
0,62.5,37.2604,45.0477,1.02137,0.561382
0,62.5,71.6427,47.1487,0.0474122,0.342985
0,62.5,37.2677,43.1507,1.24952,-0.586035
0,62.5,71.6736,47.438,0.117351,0.338299
0,62.5,37.247,42.192,1.30905,0.212711
0,62.5,71.5031,47.6527,0.172264,0.376003
0,62.5,38.0759,47.062,1.4256,-2.18247
0,62.5,72.1379,47.5685,0.0599879,0.164181
0,62.5,37.3247,45.5608,0.0129574,0.104785
0,62.5,71.9081,47.5193,0.122368,0.234096
0,62.5,38.2326,46.3629,1.62092,-0.261767
0,62.5,72.3301,47.3791,-0.0660116,0.148052
0,62.5,37.8342,47.281,1.08745,-2.15268
0,62.5,71.958,47.7954,0.251503,0.258526
0,62.5,37.8405,47.5062,-0.147594,-2.03138
0,62.5,72.1859,47.8467,0.207903,0.136539
0,62.5,37.4118,48.5702,-0.415298,-0.454752
0,62.5,72.0024,48.0744,0.177779,0.248595
0,62.5,36.9197,48.9792,-0.44734,-0.528366
0,62.5,72.0467,48.3496,0.0134023,0.255402
0,62.5,36.3097,49.2837,-0.728107,-0.369601
0,62.5,71.8425,48.5674,0.0696963,0.222325
0,62.5,35.2172,49.4005,-0.0901924,-0.0875794
0,62.5,71.9517,48.8383,-0.0283355,0.318364
0,62.5,35.0293,49.5387,-0.248459,0.048789
0,62.5,71.7571,49.0188,-0.0614072,0.337309
0,62.5,37.0199,49.2253,-0.953395,-0.462876
0,62.5,71.8332,49.2672,-0.180017,0.363244
0,62.5,34.9911,49.7898,0.0454447,-0.19604
0,62.5,71.6465,49.4717,-0.115533,0.462214
0,62.5,34.7985,49.5895,-0.177137,0.0223809
0,62.5,72.0382,49.6945,-0.00265176,0.202504
0,62.5,34.8974,50.0638,-0.0756521,0.225077
0,62.5,71.8897,49.536,-0.0805293,0.378555
0,62.5,34.4858,49.8985,-0.0098449,-0.00501695
0,62.5,71.8149,49.8517,-0.031668,0.355268
0,62.5,33.8268,50.874,-0.192083,-0.047272
0,62.5,71.6227,50.0696,-0.155431,0.305343
0,62.5,33.7959,50.4252,-0.236093,0.0945486
0,62.5,71.884,50.0853,-0.0761996,0.285446
0,62.5,34.1198,50.6111,-0.398848,-0.151509
0,62.5,71.4746,49.8883,-0.0997989,0.418195
0,62.5,31.4831,51.0339,0.111577,-0.345408
0,62.5,71.7254,50.2993,-0.101234,0.229202
0,62.5,32.4251,50.803,0.323954,-0.122379
0,62.5,71.9887,50.7671,0.47097,-0.0678796
0,62.5,31.8837,50.7804,0.0646598,0.323524
0,62.5,72.258,50.7851,0.453205,-0.100193
0,62.5,27.6656,50.7963,-0.328465,-0.0853492
0,62.5,72.4115,50.6041,0.211561,-0.255002
0,62.5,7.5622,29.0983,1.86639,-2.29184
0,62.5,74.9724,36.3075,-0.00299082,0.251544
0,62.5,5.75868,30.07,-5.21427,-0.910404
0,62.5,66.6128,29.7667,-5.67337,7.06332
0,62.5,10.8984,31.5492,-1.34616,-1.16687
0,62.5,75.1962,30.083,1.44797,-1.89216
0,62.5,12.9887,32.1193,-2.87691,-1.22539
0,62.5,74.4321,31.8691,1.58173,-1.43515
0,62.5,14.9897,34.3296,-3.79513,-0.127307
0,62.5,75.1708,31.4161,1.71015,-1.47167
0,62.5,16.0747,35.3624,-3.77392,1.35643
0,62.5,74.8571,32.5382,1.37933,-0.467526
0,62.5,16.5787,35.6403,-3.03536,1.66086
0,62.5,72.2201,32.8859,2.19978,-2.60415
0,62.5,18.1102,36.9486,-2.388,2.27918
0,62.5,71.3934,34.4961,1.74362,-1.78732
0,62.5,17.59,36.2851,-3.24245,2.02172
0,62.5,71.3498,34.8199,1.53061,-1.59867
0,62.5,15.5121,34.9678,-3.68403,0.755559
0,62.5,71.7496,34.3633,1.58226,-1.95995
0,62.5,20.2784,36.8914,-1.15516,2.10794
0,62.5,71.5596,34.6148,1.3761,-1.91045
0,62.5,20.9536,36.8289,-1.04098,2.02954
0,62.5,71.7175,34.7721,1.2458,-1.40204
0,62.5,21.3637,36.5419,-0.8559,2.10383
0,62.5,71.4182,35.2174,1.45158,-1.46385
0,62.5,21.1487,36.739,-0.739514,1.99289
0,62.5,71.5005,34.9607,1.15502,-1.34751
0,62.5,22.7803,38.0308,-1.30021,1.18315
0,62.5,71.4762,35.4713,1.2117,-1.2631
0,62.5,23.0588,38.0029,-1.47023,2.02588
0,62.5,71.5066,35.7451,1.10039,-0.99758
0,62.5,21.0561,36.1666,-0.827884,2.3763
0,62.5,71.2554,36.1215,1.03658,-0.515905
0,62.5,22.8089,37.7854,-1.8381,1.38913
0,62.5,71.3955,36.3027,0.816307,-0.588287
0,62.5,20.6307,36.775,-0.821455,2.59423
0,62.5,71.6356,36.2696,0.865178,-0.873038
0,62.5,22.1293,37.0099,-1.70215,1.67594
0,62.5,71.173,36.4606,0.96299,-0.491238
0,62.5,21.7978,36.7199,-1.04615,2.418
0,62.5,71.3874,36.5632,0.803505,-0.468554
0,62.5,23.874,37.9626,-0.75995,1.84102
0,62.5,71.0962,36.7427,0.702508,-0.669488
0,62.5,23.286,37.975,-1.13469,1.71108
0,62.5,71.1876,37.073,0.720964,-0.703054
0,62.5,22.6143,37.3993,-0.848635,1.47247
0,62.5,71.029,37.5506,0.646613,-0.486245
0,62.5,25.1164,37.9427,-0.0545483,0.912862
0,62.5,71.0988,37.7895,0.576826,-0.500574
0,62.5,24.5128,37.8899,-0.371682,2.03961
0,62.5,71.2875,37.562,0.748218,-0.841144
0,62.5,23.611,37.9809,-0.867138,1.68764
0,62.5,71.1974,38.002,0.627999,-0.604003
0,62.5,22.7901,36.935,-1.28386,2.43304
0,62.5,71.3807,37.7864,0.667306,-0.759699
0,62.5,22.4217,37.2154,-1.18647,1.83046
0,62.5,71.4754,38.0183,0.671332,-0.673402
0,62.5,22.8156,37.5232,-1.63718,2.10432
0,62.5,71.1128,38.4222,0.321127,-0.574119
0,62.5,24.5328,37.6773,-0.485134,1.68836
0,62.5,71.5385,38.2722,0.649364,-0.705974
0,62.5,24.7927,37.6332,-0.0733382,1.53194
0,62.5,71.1511,38.6911,0.282833,-0.810754
0,62.5,25.2214,37.0741,-0.68214,1.99314
0,62.5,71.7155,38.0039,0.719388,-0.540483
0,62.5,24.7969,37.3356,-1.11654,2.70464
0,62.5,71.3552,38.5014,0.315937,-0.763676
0,62.5,25.4348,36.9569,-0.605383,1.7644
0,62.5,71.1542,38.9777,0.220764,-0.709845
0,62.5,25.4532,37.2191,-0.650325,1.775
0,62.5,70.8551,39.9384,0.449841,-0.142371
0,62.5,25.665,36.4883,0.0713547,1.45246
0,62.5,70.9805,39.4661,0.307863,-0.674977
0,62.5,25.8919,37.7945,-0.728248,1.00807
0,62.5,70.8243,40.1916,0.158504,-0.145365
0,62.5,26.5771,37.954,-1.4344,1.64945
0,62.5,70.8787,40.4506,0.390961,-0.246538
0,62.5,25.8211,37.5272,-1.16031,2.05329
0,62.5,71.1032,40.4543,0.386166,-0.480725
0,62.5,26.0539,37.9749,-1.31172,0.999749
0,62.5,70.9453,41.0212,0.452733,-0.732339
0,62.5,26.5598,38.1712,-1.39263,0.717587
0,62.5,71.0821,41.1843,0.162522,-0.539258
0,62.5,28.2153,39.0277,-0.896213,1.63666
0,62.5,70.7357,41.6196,0.525952,-0.166775
0,62.5,27.2915,38.5831,-0.871486,1.71067
0,62.5,70.9139,42.1024,0.27333,0.409993
0,62.5,27.4984,38.4588,-1.16425,1.88148
0,62.5,70.8041,41.872,0.392383,0.216485
0,62.5,28.3645,38.8584,-0.979397,1.7224
0,62.5,70.9177,42.4137,0.30421,0.501115
0,62.5,28.0487,38.8244,-0.608762,1.22886
0,62.5,70.3586,42.1105,0.433314,0.0504926
0,62.5,26.7885,38.3067,-1.93634,0.800058
0,62.5,70.7153,42.2265,0.314944,0.516936
0,62.5,29.7252,39.0586,-0.188377,1.92985
0,62.5,70.3146,42.4781,0.20748,0.456984
0,62.5,30.0608,39.0994,0.254333,2.28518
0,62.5,70.4838,42.3195,0.0974855,0.235847
0,62.5,29.1363,39.069,-0.812156,1.93993
0,62.5,70.6706,42.5019,0.197233,0.444103
0,62.5,30.2698,39.8415,0.270498,1.68799
0,62.5,70.7235,42.8892,0.31075,0.725319
0,62.5,30.12,39.6308,0.0384779,1.74282
0,62.5,71.1204,43.2878,0.181909,0.725349
0,62.5,30.4833,39.7394,0.021229,1.81181
0,62.5,71.0447,43.5802,0.184177,0.489335
0,62.5,29.1326,39.6725,-0.352646,1.48152
0,62.5,71.2848,43.4732,0.314209,0.434753
0,62.5,29.5015,40.0507,-0.0619957,1.46111
0,62.5,70.5706,43.7468,0.175195,0.407618
0,62.5,30.0053,39.8912,0.354396,1.50616
0,62.5,70.6596,43.4403,0.0563158,0.711259
0,62.5,30.9144,40.0444,0.246838,1.50438
0,62.5,70.3632,43.8722,0.271298,0.523907
0,62.5,29.6779,40.248,0.139832,1.45302
0,62.5,70.7273,43.9511,0.237245,0.423852
0,62.5,31.5164,40.6183,0.297216,1.38637
0,62.5,70.9734,43.8502,0.340669,0.465431
0,62.5,31.2697,40.7257,0.415367,1.8271
0,62.5,71.3518,44.2,0.408112,0.268666
0,62.5,29.3167,39.859,-0.056201,1.42837
0,62.5,71.6743,44.876,0.318163,0.0472235
0,62.5,32.1974,41.0258,0.614211,1.38439
0,62.5,71.9169,44.8892,0.308794,0.160288
0,62.5,31.9394,40.8798,0.716575,1.38412
0,62.5,71.9721,45.5831,0.253683,0.492436
0,62.5,31.9953,40.6252,0.574863,1.18189
0,62.5,71.7501,45.714,0.309366,0.51374
0,62.5,32.4676,40.923,0.74443,1.20778
0,62.5,71.7069,46.0001,0.0528368,0.636447
0,62.5,31.7358,40.7243,0.580878,1.22076
0,62.5,71.8942,46.1664,0.0748017,0.54029
0,62.5,33.0113,40.9594,0.713883,0.97216
0,62.5,72.1105,46.0949,0.114207,0.369334
0,62.5,35.8696,41.2967,1.90182,0.213878
0,62.5,72.1572,45.7885,0.0801551,0.475251
0,62.5,35.5125,41.4074,1.08756,0.500029
0,62.5,72.2948,46.2603,0.126025,0.257202
0,62.5,36.3097,41.6791,1.55882,0.400214
0,62.5,72.503,46.3226,0.135747,0.546125
0,62.5,37.0401,42.5659,0.736033,0.428427
0,62.5,72.0744,46.7186,0.0638741,0.0382731
0,62.5,36.4202,41.4966,1.14055,0.725
0,62.5,72.2789,46.5529,0.207542,0.274444
0,62.5,36.8453,41.8285,1.29456,0.0882131
0,62.5,72.0737,47.0098,-0.104589,0.00417602
0,62.5,36.4889,41.9099,1.45211,0.279127
0,62.5,72.2836,46.8379,-0.0129727,0.260687
0,62.5,37.5548,42.2498,0.727092,0.255491
0,62.5,72.0963,47.2895,-0.0084444,0.119254
0,62.5,37.0486,41.9828,1.72023,-0.00815335
0,62.5,72.9658,46.8699,0.0348082,0.31672
0,62.5,36.87,44.7481,0.479787,-0.265706
0,62.5,72.3003,47.1092,-0.11403,0.17013
0,62.5,36.6113,42.3796,1.07416,0.114432
0,62.5,72.7689,47.2774,-0.0998197,0.169453
0,62.5,37.4991,45.1416,1.98224,0.407272
0,62.5,72.5334,47.1754,-0.130589,0.112622
0,62.5,38.0446,46.1952,0.552311,-0.624955
0,62.5,72.8031,47.5449,-0.115441,0.183482
0,62.5,37.8955,46.9186,0.809811,-1.20117
0,62.5,72.565,47.4486,-0.0764256,0.0868184
0,62.5,36.9887,48.7035,-0.339028,-0.0345582
0,62.5,72.3733,47.6499,0.0335403,0.0742849
0,62.5,36.9525,49.4517,-0.147917,-0.842527
0,62.5,72.2315,48.125,0.0306245,0.243781
0,62.5,37.2632,49.1787,-0.887942,-1.1074
0,62.5,72.2737,48.4025,-0.0273723,0.251372
0,62.5,35.3698,50.0665,-0.136605,-0.158846
0,62.5,72.076,48.6237,0.0140937,0.302894
0,62.5,35.5851,49.601,0.0369363,-0.281053
0,62.5,72.225,48.9209,-0.15979,0.298815
0,62.5,37.2243,49.4434,-0.990574,-0.754777
0,62.5,72.0256,49.0768,-0.14553,0.372281
0,62.5,35.2168,49.7999,-0.104119,-0.192947
0,62.5,72.2791,49.1712,-0.0977855,0.220849
0,62.5,35.8411,49.5619,-0.236546,-0.471253
0,62.5,72.0728,49.348,-0.0880759,0.376125
0,62.5,35.3506,49.602,-0.208063,-0.303823
0,62.5,72.486,49.2997,-0.0686901,0.0873252
0,62.5,35.4819,49.8478,-0.175187,0.0241193
0,62.5,72.2591,49.4696,-0.0817448,0.180039
0,62.5,34.641,50.5698,-0.334095,-0.293996
0,62.5,72.2904,49.7112,0.0121265,0.14528
0,62.5,35.5233,50.3066,-0.301961,0.0243021
0,62.5,72.0945,49.9308,-0.0410422,0.207098
0,62.5,33.8949,50.6594,-0.162725,-0.0630913
0,62.5,72.1783,50.1551,-0.102883,-0.031281
0,62.5,34.0228,50.3359,-0.312476,-0.0390337
0,62.5,71.9945,50.3251,-0.0898102,0.0882407
0,62.5,33.1302,51.0165,-0.439934,-0.0998993
0,62.5,72.1233,50.5526,0.35452,-0.0874305
0,62.5,32.7263,50.8159,0.136034,0.0882167
0,62.5,71.8508,50.536,0.32214,0.199401
0,62.5,31.7684,51.0075,0.326659,0.288611
0,62.5,72.6007,50.9904,0.368929,0.0112018
0,62.5,28.3389,51.0116,-0.0756785,-0.111991
0,62.5,72.5874,50.7588,0.0429169,0.0681092
0,62.5,10.388,31.8959,-1.68486,-0.0896019
0,62.5,76.0073,41.8561,0.708743,1.34247
0,62.5,11.6582,32.0433,-2.54694,-1.21548
0,62.5,75.5779,29.0404,-0.0286562,-3.79561
0,62.5,13.8282,33.7806,-2.46586,-0.489656
0,62.5,74.4177,31.319,1.82511,-1.48453
0,62.5,57.8705,34.4099,18.7338,10.5341
0,62.5,73.9701,32.0002,1.658,-1.54767
0,62.5,15.412,34.7482,-3.7086,0.673267
0,62.5,74.1174,32.5762,1.90643,-1.43907
0,62.5,15.1962,34.1499,-3.47937,0.00109505
0,62.5,71.704,33.4143,2.10912,-2.1329
0,62.5,15.7349,34.8567,-3.91493,0.768012
0,62.5,71.5784,34.2604,1.62892,-1.99253
0,62.5,16.2968,35.5,-3.42294,1.99101
0,62.5,71.69,33.9259,1.52324,-1.70114
0,62.5,19.652,36.9923,-2.15559,2.73084
0,62.5,71.8606,34.0109,1.93447,-1.76368
0,62.5,20.9283,36.5607,-0.816764,2.75555
0,62.5,72.041,33.732,1.99319,-1.5469
0,62.5,19.1298,36.6793,-2.60419,2.32694
0,62.5,71.9519,33.5559,2.02795,-2.22424
0,62.5,21.5707,36.9233,-1.03108,2.39391
0,62.5,71.9638,34.2035,1.4972,-1.55031
0,62.5,21.8932,36.9373,-1.22789,2.39172
0,62.5,71.8732,34.5398,1.07347,-1.32595
0,62.5,22.3255,37.7574,-0.889241,1.76436
0,62.5,71.7154,35.0544,0.979371,-1.59566
0,62.5,22.2193,37.4827,-1.7012,1.6132
0,62.5,71.9337,35.1002,0.958802,-0.97112
0,62.5,21.5671,36.2676,-0.850341,2.32882
0,62.5,71.6529,35.3105,1.00665,-1.58959
0,62.5,21.7101,36.4905,-0.910303,2.30046
0,62.5,71.7069,35.6458,1.01803,-1.45657
0,62.5,22.071,36.7496,-1.12954,2.43564
0,62.5,71.5258,36.0245,0.836651,-0.867403
0,62.5,22.8706,36.5383,-0.918377,2.13351
0,62.5,71.7284,35.9522,0.85085,-1.4697
0,62.5,22.2194,37.2318,-2.17944,2.10929
0,62.5,71.8557,36.2186,0.700791,-1.07936
0,62.5,22.2666,36.4917,-0.83099,2.64461
0,62.5,71.6378,36.5327,0.822177,-0.698502
0,62.5,22.6145,37.0799,-1.01838,2.06487
0,62.5,71.8817,36.4833,0.837437,-0.983451
0,62.5,23.0404,37.747,-1.36951,1.6624
0,62.5,71.2995,36.8076,0.823439,-0.532035
0,62.5,22.3218,36.8077,-1.18054,2.32368
0,62.5,71.5809,36.7757,0.919192,-0.622887
0,62.5,22.9907,37.1066,-1.97741,1.83037
0,62.5,71.2435,37.3198,0.745698,-0.662172
0,62.5,23.1946,37.2949,-1.77543,2.20203
0,62.5,71.4349,37.02,0.80848,-0.824205
0,62.5,23.2651,37.6944,-1.17476,1.93526
0,62.5,71.9478,36.9625,0.804497,-0.927789
0,62.5,23.0381,37.4684,-1.8726,2.65677
0,62.5,71.4882,37.2558,0.766572,-0.822384
0,62.5,23.5035,37.7573,-1.34576,2.24216
0,62.5,71.5339,37.4959,0.584033,-0.84441
0,62.5,23.7561,37.7464,-1.47958,1.55948
0,62.5,71.7835,37.4947,0.827134,-0.714885
0,62.5,24.0109,37.716,-1.49051,2.19117
0,62.5,71.6233,37.7376,0.83125,-0.651489
0,62.5,23.3522,37.475,-1.21866,2.30966
0,62.5,72.0141,37.5082,0.576581,-0.59956
0,62.5,25.2696,36.6908,-0.543803,2.07442
0,62.5,71.8595,37.7725,0.883115,-0.502424
0,62.5,24.7917,36.9151,-1.54113,3.33621
0,62.5,71.9394,38.0715,0.716727,-0.508768
0,62.5,25.7618,35.6323,0.900837,0.241272
0,62.5,71.7712,38.2803,0.622912,-0.447441
0,62.5,27.0345,38.2862,0.0686348,0.773119
0,62.5,71.5858,38.539,0.321718,-0.635701
0,62.5,26.0628,36.358,0.190188,1.44909
0,62.5,71.3763,38.779,0.268946,-0.722069
0,62.5,31.2663,39.1656,0.474963,1.96089
0,62.5,71.1635,39.2585,0.319659,-0.702033
0,62.5,25.9633,36.1728,0.261609,1.40392
0,62.5,71.0407,39.7879,0.237779,-0.542636
0,62.5,28.4345,38.6038,-0.991024,1.74886
0,62.5,71.0954,40.796,0.387149,-0.651495
0,62.5,27.8533,38.6195,-1.03193,1.25406
0,62.5,70.9162,41.4163,0.434736,-0.399629
0,62.5,27.2627,38.33,-0.769941,1.51829
0,62.5,71.2659,40.263,0.297829,-0.439644
0,62.5,28.1555,38.6427,-1.02117,1.43585
0,62.5,71.3639,39.7117,0.17065,-0.427651
0,62.5,29.2143,38.8781,-0.154005,1.61378
0,62.5,71.496,40.2657,0.214924,-0.639813
0,62.5,28.8735,38.9245,-0.475683,2.21047
0,62.5,71.294,40.9037,0.293574,-0.299004
0,62.5,29.4462,38.9612,-0.478275,2.02809
0,62.5,71.2714,40.603,0.321938,-0.456395
0,62.5,30.9355,38.6571,1.1341,1.70817
0,62.5,71.1554,41.4437,0.188181,-0.251075
0,62.5,29.9729,38.9005,0.359536,1.88422
0,62.5,70.9831,41.6862,0.333266,-0.197229
0,62.5,30.4534,39.2943,0.449947,1.88673
0,62.5,71.0942,42.6097,0.223428,0.596553
0,62.5,30.2704,38.9355,0.533663,2.34172
0,62.5,70.8486,42.6825,0.157572,0.37448
0,62.5,30.4851,39.0865,0.382097,2.18432
0,62.5,71.0194,42.8825,0.048924,0.545717
0,62.5,30.8208,39.7111,0.595947,1.93884
0,62.5,70.9243,43.1012,0.167558,0.617132
0,62.5,30.4627,40.0218,0.324281,1.48318
0,62.5,71.2261,43.0779,-0.0017969,0.497186
0,62.5,30.1828,39.2867,0.553855,1.96441
0,62.5,71.2602,42.8222,0.0314474,0.609527
0,62.5,30.7004,39.9113,0.375102,1.74692
0,62.5,71.4462,43.301,0.0436391,0.16511
0,62.5,29.9787,39.4225,0.137061,1.71143
0,62.5,71.6816,43.6447,0.456721,0.36672
0,62.5,31.1832,40.0573,0.0334265,1.39819
0,62.5,71.455,43.65,0.349795,0.388103
0,62.5,31.5099,40.1412,0.336215,0.89986
0,62.5,71.2261,43.7628,0.241204,0.411133
0,62.5,31.7679,40.2182,0.256348,1.42227
0,62.5,70.8049,43.6639,0.170807,0.561749
0,62.5,30.3181,39.4958,0.621855,2.0185
0,62.5,71.1717,44.0245,0.454813,0.408698
0,62.5,31.0539,39.8277,0.311869,1.3648
0,62.5,71.3065,44.4826,0.236166,0.298159
0,62.5,31.8358,40.4721,0.606004,1.58947
0,62.5,71.727,44.6147,0.193034,0.214139
0,62.5,32.7685,40.2257,0.367309,1.2696
0,62.5,72.1214,44.9766,0.2811,0.549866
0,62.5,32.6354,40.0456,0.669553,1.49752
0,62.5,72.0237,45.2804,0.36169,0.486624
0,62.5,29.7742,40.001,-0.248912,1.4118
0,62.5,72.4072,45.4121,0.337988,0.421066
0,62.5,32.026,40.2652,0.541504,1.43495
0,62.5,72.1894,45.5004,0.213931,0.303217
0,62.5,30.8415,40.3748,0.210389,1.21154
0,62.5,71.9384,45.8791,0.128409,0.571547
0,62.5,29.6221,39.8067,-0.0877117,1.69793
0,62.5,72.5976,45.7215,0.0448705,0.52162
0,62.5,32.2009,40.8001,0.43505,1.29736
0,62.5,72.7646,45.9164,0.0713492,0.349362
0,62.5,36.0616,41.5266,1.51934,0.557803
0,62.5,72.542,46.0236,0.147621,0.520389
0,62.5,33.5913,41.1696,0.861122,1.37176
0,62.5,72.3335,45.9752,0.171447,0.286136
0,62.5,33.4544,40.9138,1.26781,1.41274
0,62.5,72.7015,46.4689,0.348295,0.411785
0,62.5,37.021,41.6805,1.6418,0.0536479
0,62.5,72.4959,46.6208,0.119198,0.389767
0,62.5,35.0182,41.2528,1.02197,1.16062
0,62.5,72.7414,47.0126,-0.0285626,0.254495
0,62.5,34.8218,41.0965,1.49961,1.10335
0,62.5,72.5137,46.8989,-0.0251996,0.21264
0,62.5,35.6353,41.1899,1.45565,1.05045
0,62.5,72.9398,46.6009,0.198944,0.271633
0,62.5,38.5515,43.496,0.424521,1.36405
0,62.5,73.4085,46.8261,0.0726457,0.458967
0,62.5,37.1425,42.3483,1.33508,-0.384068
0,62.5,73.2067,46.9693,-0.00291459,0.329128
0,62.5,37.8881,43.4584,1.21488,0.920774
0,62.5,73.2285,47.243,-0.145961,0.246673
0,62.5,38.4855,46.5321,0.964319,0.898269
0,62.5,72.99,47.1264,-0.10192,0.255056
0,62.5,36.764,44.5207,1.10194,-0.998259
0,62.5,73.0132,47.389,-0.151329,0.223311
0,62.5,37.2238,48.6636,-0.858537,0.456375
0,62.5,72.8511,47.8137,-0.0870947,0.120475
0,62.5,37.2564,48.3308,-0.587888,-0.980026
0,62.5,72.6106,47.7237,-0.0107639,0.0312214
0,62.5,37.9886,47.6943,0.655813,-1.52538
0,62.5,72.4192,47.9231,0.0700753,0.125597
0,62.5,36.7682,49.1634,-0.140046,-0.0790752
0,62.5,72.4639,48.1973,-0.112424,0.184353
0,62.5,37.5026,49.1541,-1.16199,-0.898656
0,62.5,72.2997,48.693,0.0226877,0.261835
0,62.5,37.6755,49.4869,-1.6854,-0.401099
0,62.5,72.4937,48.4803,-0.0751916,0.227709
0,62.5,37.0901,49.6738,-0.501898,-0.67032
0,62.5,72.4861,49.0182,-0.174865,0.172469
0,62.5,36.7239,49.4286,-0.763466,-0.143196
0,62.5,72.7143,48.5565,-0.0678948,0.0767012
0,62.5,35.9869,49.774,-0.173099,-0.285865
0,62.5,72.5214,48.7683,-0.0172245,0.228501
0,62.5,36.0604,49.4695,-0.397764,-0.396464
0,62.5,72.7054,49.1114,-0.160088,0.0931887
0,62.5,35.8852,50.0397,-0.147349,0.204483
0,62.5,72.5091,49.555,-0.0660769,0.0781075
0,62.5,34.3796,50.1549,-0.466327,-0.31515
0,62.5,72.3733,49.9494,0.0304133,-0.0375182
0,62.5,34.6483,50.1051,-0.15629,-0.0163207
0,62.5,72.473,50.1516,-0.0310126,-0.105576
0,62.5,34.2422,50.3625,-0.340539,-0.308963
0,62.5,72.7166,50.1279,-0.0266002,0.0404473
0,62.5,34.0094,51.0301,0.0406265,0.00380557
0,62.5,72.2927,50.3681,0.05301,-0.199128
0,62.5,33.626,50.6211,-0.169552,-0.0977026
0,62.5,72.8517,50.3042,-0.0544006,0.11313
0,62.5,33.2605,50.7654,-0.041661,-0.0775741
0,62.5,72.5565,50.3811,0.10443,-0.188765
0,62.5,33.0105,50.7774,-0.0227482,0.0544242
0,62.5,72.8434,51.0031,0.382194,0.0156344
0,62.5,28.5934,51.012,0.095191,0.0547438
0,62.5,72.8629,50.7619,-0.000682611,0.0466876
0,62.5,12.2763,31.8877,-2.8809,-1.01404
0,62.5,74.857,31.1877,2.08655,-1.68002
0,62.5,12.3509,32.2346,-2.51701,-1.35233
0,62.5,73.5793,34.4619,0.558813,-1.61042
0,62.5,27.0234,31.6381,2.64018,7.55258
0,62.5,74.2155,32.0928,1.84074,-1.40125
0,62.5,15.4781,35.5353,-3.57327,1.00316
0,62.5,75.2966,31.1741,1.51662,-1.2289
0,62.5,28.9878,37.8809,0.196165,7.15331
0,62.5,73.0879,32.2733,1.9648,-2.06121
0,62.5,15.7495,34.5909,-3.73041,0.686684
0,62.5,73.5372,32.541,1.95966,-1.66233
0,62.5,17.0855,35.9191,-3.01839,1.59235
0,62.5,72.5735,32.8334,1.89267,-2.26301
0,62.5,18.406,36.8802,-2.29325,2.75931
0,62.5,71.7348,33.6792,2.16803,-1.55385
0,62.5,19.7854,36.8012,-1.56393,2.42663
0,62.5,73.0144,32.9574,1.87342,-1.71076
0,62.5,18.6922,36.7289,-2.23125,3.05867
0,62.5,72.8356,33.4325,1.57706,-1.81658
0,62.5,19.5477,36.577,-2.40878,2.4743
0,62.5,72.4858,33.1923,1.70967,-2.15144
0,62.5,21.3192,36.2531,-0.919818,2.3059
0,62.5,72.6159,33.6219,1.53286,-1.77919
0,62.5,18.4319,36.5864,-2.45869,3.02072
0,62.5,72.3248,33.5712,1.58005,-1.99279
0,62.5,21.4904,35.402,-0.566225,1.5021
0,62.5,72.1277,33.9289,1.56116,-1.88567
0,62.5,21.6149,35.916,-0.66528,1.85255
0,62.5,72.0954,34.585,1.27774,-1.6893
0,62.5,22.4817,36.5389,-0.959419,2.65069
0,62.5,72.1442,35.0064,1.05234,-1.41646
0,62.5,34.9014,32.6714,5.15942,4.49268
0,62.5,72.0506,35.3507,0.858235,-1.15843
0,62.5,23.843,37.4353,-0.925317,2.37642
0,62.5,71.8522,35.4238,1.0134,-1.10937
0,62.5,23.1594,36.7413,-1.2746,2.50813
0,62.5,72.2569,35.2594,1.02231,-1.3056
0,62.5,31.1057,35.8799,2.93429,7.36986
0,62.5,71.926,35.718,1.03675,-0.961841
0,62.5,23.0036,36.7131,-1.25648,2.28746
0,62.5,71.9706,35.9686,0.746311,-1.03022
0,62.5,24.4668,37.3873,-1.12365,2.63823
0,62.5,72.1346,35.6102,0.940619,-1.24477
0,62.5,23.3526,37.0798,-1.24053,1.41414
0,62.5,71.847,36.7333,0.843563,-0.995006
0,62.5,22.8495,37.2428,-1.71458,1.83333
0,62.5,72.0965,36.2169,1.07769,-1.01364
0,62.5,23.6137,37.515,-1.65144,2.40794
0,62.5,71.697,36.9896,0.792137,-0.800112
0,62.5,25.9354,36.5221,0.12394,1.49209
0,62.5,72.1081,36.505,0.970351,-1.26069
0,62.5,24.1995,37.686,-0.832836,2.63165
0,62.5,72.1201,36.7669,0.816045,-1.05517
0,62.5,26.9545,37.8169,0.0591058,1.12396
0,62.5,71.7395,37.2363,0.718464,-0.75302
0,62.5,27.6402,38.2846,-0.196378,1.55625
0,62.5,71.9708,37.2387,0.593801,-0.719909
0,62.5,30.6611,38.6435,0.689177,2.2236
0,62.5,72.3398,36.8534,0.465076,-0.927108
0,62.5,26.7467,37.7538,-1.29455,1.3538
0,62.5,72.1831,37.0597,0.87357,-0.849953
0,62.5,30.5561,38.8595,0.692664,2.16366
0,62.5,72.2157,37.3219,0.821345,-0.688931
0,62.5,30.2885,38.7251,1.1146,1.90587
0,62.5,72.0841,37.7701,0.594773,-0.630876
0,62.5,26.3285,37.9117,-0.853204,1.35889
0,62.5,72.2757,37.5753,0.858351,-0.766279
0,62.5,27.9752,38.4151,-1.2283,1.51476
0,62.5,71.9943,38.3661,0.71592,-0.589225
0,62.5,32.0492,39.4106,0.510125,1.82198
0,62.5,71.6056,38.8043,0.162636,-0.616244
0,62.5,32.3144,39.5579,1.06171,1.96299
0,62.5,71.3784,39.045,0.319833,-0.700477
0,62.5,31.1122,38.7913,0.886962,1.74224
0,62.5,71.1877,39.5728,0.311387,-0.66559
0,62.5,32.75,39.7736,0.433684,1.79834
0,62.5,71.0566,40.1587,0.27043,-0.347625
0,62.5,31.0069,39.2792,0.645819,1.71964
0,62.5,71.3652,39.3621,0.245808,-0.746164
0,62.5,32.8633,39.5298,0.415448,1.61595
0,62.5,71.2063,39.961,0.229969,-0.524468
0,62.5,31.7955,39.3547,0.543597,1.49206
0,62.5,71.5484,39.4768,0.305736,-0.664505
0,62.5,28.9905,38.7397,-0.63788,2.93492
0,62.5,71.425,39.9882,0.0384732,-0.584527
0,62.5,31.4922,39.2621,0.435391,1.9176
0,62.5,71.7264,40.3492,0.136061,-0.684292
0,62.5,33.6344,39.9249,0.665037,1.28326
0,62.5,71.686,40.6458,-0.0159863,-0.390903
0,62.5,26.826,38.0565,-1.2483,1.41925
0,62.5,71.4802,40.5165,0.141818,-0.673036
0,62.5,32.0935,39.6559,0.865253,1.34029
0,62.5,71.5282,41.1405,0.185782,-0.591247
0,62.5,30.7482,39.1274,0.860101,2.11872
0,62.5,71.0989,41.9297,0.128811,0.0185865
0,62.5,33.2579,39.7044,0.241816,1.27554
0,62.5,71.3131,41.1548,0.214261,-0.387552
0,62.5,30.7441,39.3707,0.462974,1.89884
0,62.5,71.2301,41.7044,0.136446,-0.158488
0,62.5,32.8738,39.9627,0.710773,1.70461
0,62.5,71.107,42.271,0.208168,0.208002
0,62.5,31.3431,39.8853,-0.0168838,1.6279
0,62.5,71.2757,42.068,0.112402,-0.0661242
0,62.5,35.9965,40.3085,2.07196,1.77203
0,62.5,71.2756,42.455,0.0266635,0.308309
0,62.5,30.8208,38.8941,1.02889,1.64572
0,62.5,71.4303,42.6652,0.0757355,0.383774
0,62.5,29.7052,38.8135,0.6529,3.08933
0,62.5,71.6519,43.3914,0.0164909,0.416554
0,62.5,31.9059,40.0172,0.439919,1.15909
0,62.5,71.6653,43.8966,0.467115,0.21925
0,62.5,28.6067,38.8011,-1.04846,1.76159
0,62.5,71.5927,44.1542,0.324707,0.264195
0,62.5,30.6064,39.5484,0.566881,1.4282
0,62.5,71.5445,44.4132,0.297216,0.20222
0,62.5,31.6296,39.9534,0.606363,1.37795
0,62.5,71.4244,43.9307,0.419361,0.271318
0,62.5,31.328,40.2886,0.0903012,1.18295
0,62.5,71.4809,44.6863,0.182843,0.223021
0,62.5,30.9609,39.5228,0.500722,2.0864
0,62.5,71.96,44.6287,0.223553,0.396035
0,62.5,31.2239,39.6487,0.315544,1.83169
0,62.5,72.1742,44.6596,0.116484,0.518955
0,62.5,32.9371,40.3869,0.704802,1.45069
0,62.5,72.2412,45.1906,0.309463,0.399968
0,62.5,32.2168,40.0814,0.463925,1.90731
0,62.5,72.4689,45.1428,0.324584,0.276486
0,62.5,32.5286,40.3934,1.11287,1.43672
0,62.5,72.6265,45.441,0.186415,0.434853
0,62.5,35.1626,40.4275,1.71618,1.90898
0,62.5,72.3859,45.6962,0.00857196,0.354258
0,62.5,32.531,40.7006,0.642353,1.1612
0,62.5,72.8482,45.3829,0.18719,0.104967
0,62.5,33.0628,40.1679,0.834467,1.48717
0,62.5,72.9107,45.0952,0.121074,0.190833
0,62.5,30.1592,40.354,-0.0648343,1.50543
0,62.5,72.8332,45.6447,-0.0479529,0.249599
0,62.5,30.1979,40.092,0.213953,1.58785
0,62.5,72.7246,46.1932,0.169565,0.477651
0,62.5,32.312,40.5864,0.723644,1.18238
0,62.5,72.9467,46.3476,0.197851,0.271851
0,62.5,33.4869,40.454,0.929276,1.06885
0,62.5,73.1692,46.3922,0.278838,0.390948
0,62.5,29.9588,40.1753,0.27012,1.56339
0,62.5,72.7218,46.7423,0.160398,0.328684
0,62.5,33.1757,40.7985,0.892504,1.14549
0,62.5,73.3731,46.2625,0.141017,0.366909
0,62.5,32.7621,40.8322,0.474952,1.1111
0,62.5,73.1652,46.6921,0.164918,0.371507
0,62.5,35.3497,41.1239,1.98519,0.941709
0,62.5,73.3679,46.5588,0.0827838,0.467016
0,62.5,34.0096,41.033,0.70095,1.13854
0,62.5,73.6426,46.9645,0.120734,0.555995
0,62.5,40.5152,47.7437,2.77687,11.1717
0,62.5,73.439,47.1082,-0.0531085,0.465323
0,62.5,34.1459,40.8036,0.942759,1.15503
0,62.5,73.4831,47.3719,-0.183807,0.365331
0,62.5,37.5017,42.4444,1.86154,-0.0733142
0,62.5,73.2653,47.5034,-0.18629,0.305873
0,62.5,37.8345,42.4888,1.67255,0.434918
0,62.5,73.2928,47.7687,-0.112489,0.267567
0,62.5,36.5153,42.8326,1.06705,0.043647
0,62.5,73.0522,47.6502,-0.126898,0.171194
0,62.5,37.491,45.714,0.988167,-1.1922
0,62.5,72.8873,48.0884,-0.199195,0.0678854
0,62.5,37.7209,49.1931,-1.04618,0.14821
0,62.5,72.6554,47.9945,-0.127645,0.0778485
0,62.5,37.3298,48.0183,0.00475008,-0.972322
0,62.5,73.0895,47.9226,-0.170291,0.215445
0,62.5,37.8842,49.3966,-0.926498,-0.632023
0,62.5,72.6901,48.2755,-0.200984,0.109302
0,62.5,36.6502,49.7105,-0.465903,-0.486207
0,62.5,73.3282,48.0408,-0.122871,0.150314
0,62.5,36.8635,49.7288,-0.831546,0.00669829
0,62.5,72.9172,48.3643,-0.205492,0.0509171
0,62.5,36.5021,49.4795,-0.398685,-0.631094
0,62.5,72.9385,48.6407,-0.165377,0.0422018
0,62.5,36.1158,50.0674,-0.111176,-0.0271829
0,62.5,72.7442,48.844,-0.0807918,0.152326
0,62.5,36.2673,49.5448,-0.795413,-0.00801844
0,62.5,72.9364,49.1997,-0.243101,0.0882194
0,62.5,36.2598,50.3101,-0.299277,0.113762
0,62.5,72.7252,49.3728,-0.138517,0.079431
0,62.5,35.6403,50.0732,0.0975169,-0.249105
0,62.5,72.5641,49.8082,0.0261928,0.00895876
0,62.5,35.7759,50.2998,-0.115266,-0.264713
0,62.5,72.7826,49.9089,-0.0433828,0.00769136
0,62.5,35.7399,49.8217,-0.187208,-0.10259
0,62.5,72.9935,49.7481,-0.099743,0.0642371
0,62.5,34.5187,50.3612,-0.350809,-0.23364
0,62.5,73.0169,50.0185,-0.0883125,0.0606229
0,62.5,34.1614,50.8445,-0.258287,-0.238763
0,62.5,73.0913,50.2439,-0.05755,0.0139804
0,62.5,33.5167,50.8062,-0.361963,0.112227
0,62.5,72.7299,50.5439,-0.0339008,0.066992
0,62.5,30.9127,51.0368,0.274579,-0.071989
0,62.5,72.9931,50.5238,-0.0918619,0.00471651
0,62.5,29.3953,51.0244,-0.0564684,-0.0791695
0,62.5,73.0872,51,0.267797,-0.122131
0,62.5,1.76054,26.4532,0.943934,-7.48486
0,62.5,75.9873,39.9834,0.41391,1.7562
0,62.5,29.1328,37.7601,2.14016,5.1025
0,62.5,75.5095,33.1877,-0.0934397,2.77211
0,62.5,10.4638,32.1244,-2.13872,-0.104969
0,62.5,73.9672,32.818,1.99508,-1.2072
0,62.5,16.678,35.1318,-2.48039,2.09092
0,62.5,74.1959,32.7644,1.92611,-1.49989
0,62.5,16.9677,35.3569,-2.24428,2.15439
0,62.5,74.7717,31.9526,1.44316,-1.34683
0,62.5,19.4581,36.756,-2.13892,1.84736
0,62.5,73.3197,32.5082,1.83073,-1.9109
0,62.5,21.1283,36.4528,-0.677436,2.2578
0,62.5,73.1977,32.7392,2.30096,-1.96951
0,62.5,18.8221,36.8181,-2.03128,2.83825
0,62.5,72.7318,32.964,2.1704,-1.69224
0,62.5,20.3961,36.6546,-1.78979,3.21558
0,62.5,72.5694,33.3938,1.6694,-2.01426
0,62.5,20.0192,36.5048,-1.80714,3.48669
0,62.5,72.7795,33.1893,1.9795,-2.00698
0,62.5,21.4707,35.94,-0.623713,2.24224
0,62.5,73.4026,33.7253,1.34015,-1.55772
0,62.5,22.1327,36.1941,-0.984852,2.41463
0,62.5,73.4032,33.4557,1.77719,-1.50878
0,62.5,21.4868,35.5446,-0.0674036,1.58486
0,62.5,72.9292,33.6817,1.02486,-1.95968
0,62.5,29.1552,38.0643,1.40855,6.74786
0,62.5,72.3573,33.7842,1.3891,-2.0278
0,62.5,25.0378,37.0452,-0.857498,2.39129
0,62.5,71.9419,34.8285,1.12344,-1.30487
0,62.5,25.803,36.2747,0.210803,1.42319
0,62.5,72.1475,34.3182,1.46868,-1.7003
0,62.5,26.9798,37.4131,-2.25189,0.510583
0,62.5,72.3428,34.4989,1.57446,-1.41128
0,62.5,24.6502,37.2131,-1.34943,3.15865
0,62.5,72.4755,34.7843,1.27436,-1.36922
0,62.5,27.8303,38.2043,0.0756321,1.59087
0,62.5,72.2372,34.781,0.813616,-1.56668
0,62.5,26.1473,37.7081,-1.02553,1.63796
0,62.5,72.448,35.3517,0.942925,-1.36412
0,62.5,27.3989,38.1221,-0.613473,1.78422
0,62.5,72.4138,35.0357,0.797281,-1.42524
0,62.5,27.1375,38.0276,-0.717163,1.94023
0,62.5,72.3857,35.9614,0.882526,-1.08461
0,62.5,29.233,38.5829,-0.186747,3.20137
0,62.5,72.5887,36.0858,0.66218,-0.787279
0,62.5,28.742,38.6071,-1.31503,1.65324
0,62.5,72.3331,35.6162,1.11683,-1.45399
0,62.5,31.3085,38.6081,0.936884,1.45933
0,62.5,72.3248,36.5451,0.99475,-1.31335
0,62.5,31.2359,38.3948,0.989959,1.73506
0,62.5,72.1928,35.8979,1.01394,-1.55021
0,62.5,31.32,38.9325,0.224862,1.88494
0,62.5,72.505,36.3339,0.779811,-0.691463
0,62.5,32.2527,39.0757,0.728872,2.12512
0,62.5,72.7005,36.4783,0.860243,-0.642364
0,62.5,32.6425,39.5284,0.440688,1.68196
0,62.5,72.2949,36.2344,0.946981,-1.0613
0,62.5,31.5662,39.0081,0.937865,1.579
0,62.5,72.6775,37.2087,0.551298,-0.642179
0,62.5,31.7572,39.1235,1.00848,1.83506
0,62.5,72.5272,36.6626,0.595177,-0.612699
0,62.5,33.036,39.3393,0.182165,1.65238
0,62.5,72.4285,37.1338,0.537784,-0.711444
0,62.5,33.8505,39.8787,0.651628,0.914541
0,62.5,72.5873,36.9385,0.499785,-0.630101
0,62.5,34.1487,40.0185,1.19915,1.51653
0,62.5,72.4684,37.3969,0.550721,-0.642428
0,62.5,33.4709,39.4803,1.38474,1.38758
0,62.5,72.535,37.6562,0.719818,-0.714049
0,62.5,33.4817,39.7278,0.735371,1.49423
0,62.5,71.8172,38.5692,0.364753,-0.561524
0,62.5,33.8886,39.5529,0.600565,1.58584
0,62.5,72.216,38.2732,0.671872,-0.661802
0,62.5,37.9609,41.1713,0.381234,-0.449997
0,62.5,71.7563,38.9486,0.176878,-0.681273
0,62.5,34.8203,39.8869,1.47715,1.19038
0,62.5,71.9505,38.735,0.256323,-0.524037
0,62.5,34.9152,40.0721,1.37936,1.32846
0,62.5,71.5619,39.1552,0.185702,-0.707134
0,62.5,39.3835,44.4542,-0.0404783,4.54736
0,62.5,71.7618,39.2488,0.283733,-0.578443
0,62.5,33.7581,39.1916,0.777015,2.11085
0,62.5,71.5903,39.7547,0.231516,-0.623756
0,62.5,36.0976,40.0181,1.96218,1.86216
0,62.5,71.6593,40.0519,0.0826674,-0.902974
0,62.5,33.9287,39.2974,0.845769,1.77239
0,62.5,72.0297,39.8998,0.116456,-0.867495
0,62.5,38.809,40.4336,-0.676745,-2.64286
0,62.5,71.878,40.1396,-0.00253383,-0.872436
0,62.5,38.4277,39.4021,0.84022,-4.73352
0,62.5,71.8964,40.5482,0.167182,-0.874643
0,62.5,35.4675,40.0644,2.51606,1.34397
0,62.5,71.5677,41.4956,0.0805488,-0.156575
0,62.5,39.7808,43.3326,-0.860532,1.81979
0,62.5,71.5126,42.009,0.132063,0.0763325
0,62.5,37.1245,40.1474,2.65324,0.494209
0,62.5,71.4964,40.8142,0.142048,-0.804595
0,62.5,33.3587,39.1657,0.600861,2.48809
0,62.5,71.4267,42.2723,-0.0794665,0.11678
0,62.5,37.7027,44.5254,1.61074,0.222205
0,62.5,71.3824,41.4267,0.192527,-0.554182
0,62.5,34.2712,40.1966,0.954484,1.54311
0,62.5,71.4299,41.7709,0.0119884,0.0100068
0,62.5,38.0681,41.5861,1.08608,1.10127
0,62.5,71.7021,43.1229,-0.0405793,0.256889
0,62.5,40.0278,41.2744,-3.07879,-0.902489
0,62.5,71.8905,43.3315,-0.00688897,0.129921
0,62.5,33.2317,39.4309,1.06542,1.44234
0,62.5,72.1699,43.8131,0.0605311,0.31224
0,62.5,31.0201,39.0431,0.976621,1.72623
0,62.5,71.4594,43.0469,0.0447181,0.312312
0,62.5,35.1442,40.2237,1.48865,0.912119
0,62.5,71.5994,42.8472,0.038935,0.344768
0,62.5,31.2362,39.424,0.976779,2.14684
0,62.5,71.9269,43.8435,0.37698,0.225996
0,62.5,32.4085,39.926,0.801443,1.17715
0,62.5,71.8477,44.0909,0.315119,0.425594
0,62.5,35.7917,40.1676,1.98685,1.88815
0,62.5,71.7915,44.3561,0.168504,0.293613
0,62.5,31.5061,39.7093,0.573149,1.61038
0,62.5,72.0193,44.3573,0.187332,0.562938
0,62.5,36.2754,40.1576,1.78227,1.45789
0,62.5,72.0853,44.0824,0.197496,0.506904
0,62.5,31.7786,39.5716,0.978568,2.02136
0,62.5,72.2355,44.3654,0.117776,0.43058
0,62.5,39.1233,40.9414,-2.37433,-2.29468
0,62.5,72.3248,44.8603,0.177257,0.548445
0,62.5,33.3665,40.017,0.414311,1.2398
0,62.5,72.5441,44.8882,0.149289,0.129346
0,62.5,31.8186,39.7865,0.616115,1.8601
0,62.5,72.7708,44.8467,0.0261752,0.10272
0,62.5,33.1465,39.9468,0.667758,1.51724
0,62.5,72.6913,45.1494,0.109769,0.299649
0,62.5,36.1599,40.4328,1.55757,1.30936
0,62.5,72.9961,44.8274,0.0529539,0.282197
0,62.5,32.4165,40.2211,0.679253,1.26778
0,62.5,73.0837,45.3323,0.235275,0.352949
0,62.5,33.4968,40.1854,0.903381,1.65289
0,62.5,73.0886,45.5826,-0.0171244,0.323684
0,62.5,34.7008,40.4834,1.05789,1.68265
0,62.5,73.0166,45.8332,0.0594585,0.284329
0,62.5,34.7288,40.7298,1.08356,1.20694
0,62.5,72.972,46.0921,0.0258713,0.284229
0,62.5,34.4385,40.3307,1.20705,1.3849
0,62.5,73.2599,45.8015,0.0455783,0.49332
0,62.5,33.1708,40.5291,0.959464,1.0752
0,62.5,73.1959,46.0868,0.0995096,0.372562
0,62.5,32.9457,40.6684,0.905281,1.05768
0,62.5,73.5828,46.4283,-0.00827705,0.525043
0,62.5,30.4119,40.2687,0.319874,1.28171
0,62.5,73.6213,46.6906,0.126722,0.641554
0,62.5,34.441,40.5699,1.72886,1.46345
0,62.5,73.8493,46.8162,0.139825,0.62749
0,62.5,31.2241,40.49,0.339835,1.38557
0,62.5,73.9296,47.328,0.0323479,0.660879
0,62.5,39.3864,47.3246,2.8947,3.65831
0,62.5,73.6935,47.2261,-0.0597439,0.596812
0,62.5,34.4286,41.1975,1.33961,0.990222
0,62.5,73.7264,47.4923,-0.0682924,0.440177
0,62.5,38.0623,42.4992,1.27717,0.785535
0,62.5,73.5099,47.6352,-0.143367,0.337635
0,62.5,37.2929,43.3827,1.14906,-0.182282
0,62.5,73.7507,47.7624,0.0304935,0.17314
0,62.5,37.8627,42.7865,0.532461,0.0743459
0,62.5,73.5363,47.9011,-0.0332173,0.209173
0,62.5,38.1463,47.4981,0.275756,-1.58424
0,62.5,73.5729,48.1675,-0.122574,0.104226
0,62.5,37.454,49.4082,-0.682335,-1.30039
0,62.5,73.597,48.4351,-0.246259,0.0258176
0,62.5,37.1548,48.9286,-0.290499,-0.160342
0,62.5,73.36,48.3103,-0.184231,0.0935894
0,62.5,37.9388,49.673,-2.07476,-0.273355
0,62.5,73.1581,48.7437,-0.241802,0.0931816
0,62.5,37.0135,49.9652,-0.613494,-0.648461
0,62.5,73.1225,48.1955,-0.17882,0.0406281
0,62.5,36.1939,49.8071,-0.454572,-0.151245
0,62.5,73.149,48.4686,-0.2117,0.0395651
0,62.5,36.4366,49.7719,-0.744198,-0.125311
0,62.5,72.9576,48.9313,-0.116786,0.142534
0,62.5,36.4971,50.2927,-0.813899,0.132293
0,62.5,72.971,49.4675,-0.221824,0.102376
0,62.5,36.3521,50.041,-0.0761837,0.117494
0,62.5,72.7621,49.6308,-0.0495987,0.0407766
0,62.5,35.13,51.0121,-0.0643953,-0.692188
0,62.5,73.3782,49.4277,-0.302286,-0.0840728
0,62.5,35.1617,50.5553,-0.00733209,0.0118497
0,62.5,73.1696,49.3094,-0.319775,0.00855092
0,62.5,35.2742,50.3134,0.0436112,-0.157372
0,62.5,73.1912,49.6089,-0.192427,0.008352
0,62.5,35.0297,50.3096,-0.438749,-0.256424
0,62.5,73.2193,49.9108,-0.18413,0.0199556
0,62.5,32.5907,51.0349,0.356503,-0.208742
0,62.5,73.4614,50.4838,-0.0355211,-0.0538397
0,62.5,33.6636,51.0307,-0.570869,-0.172168
0,62.5,73.2325,50.483,-0.133071,0.0260217
0,62.5,31.0543,50.8123,0.434897,0.0853218
0,62.5,73.1207,50.7509,0.0297333,-0.0473576
0,62.5,30.0012,51.0288,-0.0461208,0.107936
0,62.5,73.3269,50.9996,0.30689,-0.0679224
0,62.5,1.82793,26.65,0.060975,-6.80507
0,62.5,74.5569,34.266,0.477157,-0.182793
0,62.5,10.1905,32.3733,-1.77988,-0.0254391
0,62.5,75.6906,37.695,-0.102581,1.87222
0,62.5,15.9399,35.1121,-4.18509,1.27961
0,62.5,74.3167,33.5183,0.750343,-1.23363
0,62.5,16.6435,35.423,-2.75202,1.64598
0,62.5,72.4907,32.6388,2.28621,-2.53787
0,62.5,18.2189,36.7288,-2.52266,2.87078
0,62.5,74.9344,35.1526,-0.731988,0.949257
0,62.5,17.3456,35.6965,-2.89238,1.77351
0,62.5,72.7717,32.5699,2.28928,-2.2903
0,62.5,17.2238,35.5073,-2.55548,1.98485
0,62.5,76.0153,37.6619,-0.440986,1.28126
0,62.5,20.1536,36.7392,-2.20004,2.71848
0,62.5,75.2992,30.3864,1.27102,-1.75496
0,62.5,20.5146,36.5301,-1.09386,3.71543
0,62.5,73.2812,33.9997,1.16733,-1.61448
0,62.5,26.6492,37.5625,-1.12788,2.1257
0,62.5,74.81,35.6315,0.261192,0.752445
0,62.5,21.9972,36.5063,-1.01858,2.51886
0,62.5,73.6307,33.474,1.44895,-1.30197
0,62.5,22.1963,36.0022,-0.879082,2.42399
0,62.5,73.183,33.694,1.36927,-1.57666
0,62.5,26.4065,37.703,-0.976372,1.01177
0,62.5,73.6323,33.7581,1.33156,-1.45303
0,62.5,26.0443,37.4359,-0.828553,1.98914
0,62.5,73.0816,33.4585,1.55978,-1.89574
0,62.5,28.2631,38.41,-0.951475,1.51902
0,62.5,72.4837,33.9818,1.46076,-1.94013
0,62.5,27.892,37.899,0.227173,1.51049
0,62.5,72.2759,34.11,1.6814,-1.93815
0,62.5,29.5007,38.6903,0.39588,2.90438
0,62.5,72.4669,34.3264,1.22344,-2.18523
0,62.5,27.5914,38.0286,-0.430425,2.77498
0,62.5,72.6406,34.1551,1.1283,-1.87483
0,62.5,29.1505,38.4448,-0.325253,3.18175
0,62.5,72.709,33.8131,1.48132,-1.8082
0,62.5,28.5295,38.3784,-1.51376,2.10189
0,62.5,72.6157,34.5946,1.11663,-2.21518
0,62.5,28.8934,38.438,-1.81799,2.09608
0,62.5,72.5279,35.7285,0.939139,-0.955299
0,62.5,29.7272,38.4919,0.352732,0.987525
0,62.5,72.6211,35.1033,0.802493,-1.25597
0,62.5,30.4731,38.5478,1.74738,2.09043
0,62.5,72.9099,36.0428,0.761755,-0.878
0,62.5,32.2727,39.3148,0.705868,1.90648
0,62.5,72.7194,35.8678,0.898369,-0.838283
0,62.5,32.5946,38.8263,0.837832,2.31385
0,62.5,73.0329,36.3641,0.572494,-0.626677
0,62.5,33.1375,39.1046,0.972035,2.14879
0,62.5,72.7894,36.2356,0.842162,-0.954204
0,62.5,32.9376,39.0639,0.319748,1.59709
0,62.5,72.9357,36.5706,0.597212,-0.720873
0,62.5,31.97,38.8973,0.416667,1.14086
0,62.5,73.1955,36.6708,0.412275,-0.475872
0,62.5,33.5829,39.2777,0.979641,1.95175
0,62.5,72.7721,36.7632,0.559411,-0.49713
0,62.5,32.3593,38.863,0.366315,1.0189
0,62.5,73.0323,36.839,0.484579,-0.423146
0,62.5,33.7906,38.8447,1.76965,1.57604
0,62.5,72.8449,37.0235,0.393514,-0.452067
0,62.5,34.6354,40.1746,2.08622,0.572536
0,62.5,73.099,37.1105,0.608612,-0.473619
0,62.5,32.3048,38.4651,0.137851,1.54232
0,62.5,73.5555,37.0288,0.663849,-0.474232
0,62.5,33.0773,38.4584,-0.12093,4.67722
0,62.5,72.7223,37.4744,0.602314,-0.58164
0,62.5,32.6773,38.4714,-0.119854,-0.88859
0,62.5,72.9216,37.2971,0.742886,-0.577513
0,62.5,34.5764,39.3117,1.01053,2.51557
0,62.5,72.157,38.0243,0.586865,-0.687621
0,62.5,37.5373,39.6933,1.64682,-2.25293
0,62.5,72.8003,37.7359,0.729134,-0.677234
0,62.5,32.5377,39.311,0.7667,2.21958
0,62.5,72.3453,37.8308,0.706296,-0.66677
0,62.5,37.3697,40.1897,1.28245,1.61162
0,62.5,72.4255,38.0835,0.734685,-0.658845
0,62.5,34.362,39.5727,0.886178,2.38409
0,62.5,71.9771,39.0146,0.336877,-0.633677
0,62.5,40.2811,46.8864,3.50096,11.088
0,62.5,71.7742,39.5196,0.298844,-0.624269
0,62.5,38.8413,39.3274,3.297,-4.01437
0,62.5,71.8086,39.8284,0.261764,-0.801522
0,62.5,38.3277,42.8351,0.988997,0.478761
0,62.5,72.1757,39.4141,0.360368,-0.866788
0,62.5,33.7195,39.6073,0.657731,1.61171
0,62.5,72.1629,40.0867,-0.104613,-0.724866
0,62.5,39.1445,42.0098,0.578822,0.54364
0,62.5,72.0251,40.336,0.01563,-0.754193
0,62.5,39.2653,44.206,1.4302,4.83155
0,62.5,71.8991,40.864,-0.0168814,-1.01139
0,62.5,43.0335,35.1879,6.47151,3.96399
0,62.5,71.7017,40.9474,-0.00992936,-0.309757
0,62.5,39.5486,43.8173,0.243266,2.11861
0,62.5,71.6631,41.7544,-0.0282817,-0.102724
0,62.5,40.4581,40.1393,-2.58454,0.195163
0,62.5,71.6744,42.2652,-0.174747,0.217924
0,62.5,41.5456,46.2624,-1.34358,-0.972176
0,62.5,71.9262,42.2944,-0.1251,0.146828
0,62.5,34.4943,39.995,1.26198,0.792519
0,62.5,71.6003,42.5091,-0.153679,0.323677
0,62.5,37.0738,40.5899,1.70937,-0.208047
0,62.5,71.8066,42.7892,0.00799351,0.0326408
0,62.5,35.1865,39.9936,1.224,1.60208
0,62.5,71.8278,42.54,-0.283931,0.121825
0,62.5,34.1801,39.3059,1.00045,1.94953
0,62.5,71.9128,43.0467,-0.134331,0.105175
0,62.5,37.747,40.1665,2.07344,0.841826
0,62.5,71.8899,41.814,-0.315721,-0.426925
0,62.5,36.9959,40.3776,1.75403,0.594014
0,62.5,72.0531,42.8009,-0.157016,0.211753
0,62.5,38.7798,42.2069,0.285364,0.731681
0,62.5,72.1526,43.5495,0.13051,0.146466
0,62.5,36.2426,39.877,1.98386,1.58199
0,62.5,71.9225,43.5918,0.299403,0.223847
0,62.5,36.1076,39.6071,2.29062,1.91291
0,62.5,72.1179,43.2883,-0.117944,0.0123702
0,62.5,40.5294,40.4979,-2.75061,0.668642
0,62.5,72.3083,44.0743,0.0510542,0.449202
0,62.5,42.7386,39.6747,-3.20081,0.579422
0,62.5,72.3907,43.5258,0.0431253,0.210332
0,62.5,40.3567,41.5224,-2.92919,-0.30531
0,62.5,72.3976,43.7883,-0.142453,0.372934
0,62.5,38.9585,40.7404,-1.771,-3.05376
0,62.5,72.401,44.5712,0.0630364,0.381508
0,62.5,40.9733,40.2122,-2.6084,0.0197678
0,62.5,72.6136,44.6126,0.120102,0.0947228
0,62.5,38.8752,39.8901,2.3741,-3.03651
0,62.5,72.6768,44.3283,-0.0102256,0.14897
0,62.5,38.8915,45.1013,0.202992,3.863
0,62.5,73.1436,44.314,-0.0481926,0.212041
0,62.5,31.5077,39.4899,0.113081,2.00301
0,62.5,72.8385,44.5572,0.0975864,0.120703
0,62.5,37.5226,40.0144,1.43251,-0.122834
0,62.5,72.9068,44.2853,0.137439,0.326418
0,62.5,38.9517,40.0781,-0.548185,-2.86969
0,62.5,73.068,44.5633,0.015861,0.307142
0,62.5,36.7775,40.2088,2.30351,1.31415
0,62.5,73.1487,45.0702,0.0400946,0.422781
0,62.5,34.0117,40.4767,1.22505,1.15159
0,62.5,73.3795,45.0354,0.00139461,0.567583
0,62.5,39.2962,41.2839,-1.47423,-1.08131
0,62.5,73.322,45.3141,0.174265,0.604906
0,62.5,31.0455,40.2706,0.182794,1.52598
0,62.5,73.3474,45.5522,0.134968,0.540254
0,62.5,38.8825,40.9914,-0.209303,-1.51339
0,62.5,73.4297,45.9803,0.00238027,0.359345
0,62.5,34.0134,40.2546,1.45008,1.5296
0,62.5,73.6152,46.1535,0.135588,0.601195
0,62.5,39.3223,40.7359,-0.72824,-1.46802
0,62.5,73.8246,46.5191,-0.0265297,0.615595
0,62.5,30.682,40.1802,0.172754,1.74171
0,62.5,73.908,47.0616,-0.0496236,0.570019
0,62.5,34.6309,40.9756,1.00464,1.43673
0,62.5,74.1486,47.1664,-0.0381267,0.458556
0,62.5,31.573,40.4108,0.513745,1.58357
0,62.5,74.147,47.4536,0.207411,0.38845
0,62.5,38.0964,42.7491,1.6655,0.575602
0,62.5,74.209,47.7209,0.301287,0.239858
0,62.5,37.5305,41.8046,1.6136,0.127826
0,62.5,73.9599,47.6187,0.232092,0.314402
0,62.5,37.172,43.9553,1.32667,-0.194189
0,62.5,74.0062,47.883,0.136474,0.189511
0,62.5,37.7098,44.9917,0.979873,0.0650825
0,62.5,73.7851,48.0222,-0.0532195,0.0349047
0,62.5,37.8629,47.966,-0.310029,-2.28343
0,62.5,73.81,48.2928,-0.197245,0.00206459
0,62.5,38.1626,49.2184,-2.00872,-0.418734
0,62.5,73.8287,48.5674,-0.20329,-0.0225936
0,62.5,38.1975,49.6992,-2.10257,0.233484
0,62.5,73.3793,48.5792,-0.294592,0.0104396
0,62.5,37.3449,49.6878,-1.3103,-1.07669
0,62.5,73.6025,48.7086,-0.263442,-0.034269
0,62.5,37.796,49.821,-1.17635,0.109599
0,62.5,73.3935,49.1306,-0.288279,0.000907252
0,62.5,37.2406,49.9109,-0.777348,-0.485166
0,62.5,73.3709,48.854,-0.279509,0.0177745
0,62.5,38.1724,50.2433,-1.46642,0.380198
0,62.5,73.1685,49.0421,-0.203839,0.10125
0,62.5,38.9392,49.6824,-2.12053,-1.40533
0,62.5,73.6016,48.9648,-0.255348,-0.112175
0,62.5,37.996,50.3572,-0.820896,-0.498624
0,62.5,73.5875,49.268,-0.315165,-0.063716
0,62.5,38.584,50.2493,-1.62556,0.236395
0,62.5,73.596,49.5444,-0.386266,-0.111752
0,62.5,37.5432,50.2959,-1.58066,0.0224016
0,62.5,73.4046,49.7254,-0.200285,-0.0816938
0,62.5,36.0167,50.3174,-0.0275255,0.127764
0,62.5,73.3177,50.2121,-0.0648579,0.0106111
0,62.5,35.5472,50.7814,-0.209086,-0.249599
0,62.5,73.573,50.2636,-0.0588636,-0.112653
0,62.5,34.7827,50.3193,-0.0902402,-0.111167
0,62.5,73.5965,50.745,0.0108724,-0.147921
0,62.5,34.6009,51.015,-0.439412,-0.347215
0,62.5,73.3595,50.7403,0.0430085,-0.104051
0,62.5,34.3176,51.0197,-0.296534,-0.314266
0,62.5,73.5649,50.9978,0.170264,-0.15052
0,62.5,30.5863,51.0226,0.503354,0.157338
0,62.5,73.8058,51.0025,0.19081,-0.166602
0,62.5,17.9276,36.3481,-3.17379,3.15022
0,62.5,76.0811,21.6533,0.367051,-2.82963
0,62.5,20.0717,36.0943,-2.49922,3.20502
0,62.5,75.0588,31.0655,1.55482,-1.25696
0,62.5,18.748,36.4741,-2.1314,3.26593
0,62.5,74.6999,33.0282,0.924,-0.551226
0,62.5,17.1338,35.3301,-2.37661,1.75786
0,62.5,74.9159,33.525,0.783047,-0.0743672
0,62.5,19.2904,36.0078,-2.98469,2.20847
0,62.5,75.4962,34.2588,-0.338708,2.62928
0,62.5,20.0195,36.3119,-2.55258,3.31017
0,62.5,75.6783,34.4518,-0.414521,2.5915
0,62.5,21.2149,35.3315,-0.566625,0.499838
0,62.5,75.9984,37.1663,-0.623285,1.56326
0,62.5,22.7187,36.1937,-0.379459,2.46026
0,62.5,75.3089,29.0741,1.54231,-3.19985
0,62.5,20.8403,36.3762,-0.76144,3.14603
0,62.5,75.7958,30.9284,1.05565,-0.0915505
0,62.5,24.5294,36.9893,-1.82317,3.84637
0,62.5,74.0355,33.6984,1.04096,-1.2537
0,62.5,25.594,36.9881,-0.706909,1.632
0,62.5,74.5737,34.6194,0.774542,-0.415328
0,62.5,27.4289,37.6332,0.598798,3.39877
0,62.5,73.9482,34.6084,0.0788818,-0.795914
0,62.5,27.2012,37.8567,-0.896254,1.87374
0,62.5,74.5897,35.5626,0.014062,-0.448075
0,62.5,28.7473,38.2286,-0.761626,1.5076
0,62.5,72.8509,34.0129,1.22906,-1.80638
0,62.5,30.0544,38.4311,1.79332,3.60158
0,62.5,73.0555,33.929,1.19758,-1.93558
0,62.5,29.9846,38.6807,0.525519,2.2931
0,62.5,73.0539,34.5403,1.09622,-1.5074
0,62.5,31.0294,38.4561,1.12326,1.53902
0,62.5,73.1464,34.2326,1.21813,-1.68663
0,62.5,31.5394,38.7493,1.20263,1.52776
0,62.5,72.9308,34.272,1.09232,-1.63244
0,62.5,32.0168,39.1485,0.566462,2.11437
0,62.5,72.7917,35.276,1.17005,-1.38986
0,62.5,31.7156,38.5257,1.10192,1.75096
0,62.5,72.7269,34.8441,0.782767,-1.43542
0,62.5,29.0983,37.2502,-3.02801,5.50185
0,62.5,72.8209,35.6275,0.795158,-1.20832
0,62.5,32.7968,38.8701,-0.454653,2.74222
0,62.5,72.7507,34.4024,1.03314,-1.70926
0,62.5,31.7723,37.9433,-0.656929,6.13681
0,62.5,72.6305,35.4722,0.903158,-1.15781
0,62.5,42.412,35.5252,5.02082,4.45452
0,62.5,73.5146,36.1149,0.761036,-0.674373
0,62.5,35.6688,39.4634,1.10278,2.26767
0,62.5,73.01,35.8105,0.952081,-0.865749
0,62.5,33.4258,38.9119,1.54656,3.46792
0,62.5,73.4152,36.2913,0.802851,-0.734489
0,62.5,37.7382,39.9226,0.692177,0.2639
0,62.5,73.1473,36.1766,0.621484,-0.547686
0,62.5,38.3498,40.4104,0.273338,-1.60641
0,62.5,73.2973,36.4701,0.634276,-0.70904
0,62.5,35.8268,39.5795,1.50044,3.03648
0,62.5,73.5665,36.5697,0.470133,-0.699689
0,62.5,40.964,46.1019,-0.951552,3.3683
0,62.5,73.2855,36.9559,0.391715,-0.345381
0,62.5,37.7797,40.7707,2.24941,0.0482858
0,62.5,73.7929,37.1103,0.553784,-0.220343
0,62.5,34.8357,39.4233,0.71705,2.02267
0,62.5,73.3697,37.2104,0.587884,-0.580614
0,62.5,38.5559,40.578,-0.20718,-1.45782
0,62.5,73.4527,36.7705,0.4863,-0.644318
0,62.5,38.9911,39.0325,3.17633,-5.44714
0,62.5,73.6117,37.3113,0.509857,-0.190611
0,62.5,41.2003,47.7851,5.93207,4.34324
0,62.5,73.1755,37.37,0.440841,-0.4885
0,62.5,41.8368,48.1631,5.52525,0.051843
0,62.5,73.2247,37.6311,0.690316,-0.709798
0,62.5,38.4935,41.9694,0.575085,0.171474
0,62.5,72.9749,37.5622,0.718855,-0.677724
0,62.5,39.2158,42.9835,0.508151,1.77996
0,62.5,73.0503,37.8356,0.667977,-0.605616
0,62.5,40.4207,43.859,-2.11216,2.24823
0,62.5,72.612,37.9148,0.757547,-0.755182
0,62.5,39.6708,48.4634,-2.81738,4.80314
0,62.5,72.6624,38.1848,0.746558,-0.700189
0,62.5,38.6384,47.5705,1.0898,-1.95591
0,62.5,72.4473,38.357,0.50247,-0.575424
0,62.5,41.3443,46.925,0.673538,4.36855
0,62.5,72.1658,38.5444,0.511126,-0.603864
0,62.5,38.4013,45.4209,1.21119,1.18582
0,62.5,71.9794,39.6051,0.25794,-0.76878
0,62.5,42.0425,48.0235,3.86297,-2.08719
0,62.5,72.1986,39.098,0.423,-0.747891
0,62.5,41.5253,47.8052,5.13922,0.512631
0,62.5,72.3927,38.6095,0.596901,-0.671478
0,62.5,39.4319,44.0784,0.880465,4.18533
0,62.5,72.2455,40.3778,0.00295172,-0.655239
0,62.5,39.4233,42.9035,0.463936,3.39372
0,62.5,72.3893,39.2041,0.464409,-0.627855
0,62.5,39.8768,46.0369,2.56033,5.07948
0,62.5,71.7286,41.2466,0.0863025,-0.390318
0,62.5,40.9732,47.879,4.56053,8.35715
0,62.5,72.2046,39.7052,0.353559,-0.619123
0,62.5,38.9844,42.6851,1.63663,1.98807
0,62.5,71.7591,42.0314,0.119188,0.0988002
0,62.5,39.5344,49.1137,-2.95202,2.96572
0,62.5,72.0891,40.6874,0.133844,-0.708461
0,62.5,41.0598,46.6503,-1.10775,3.63021
0,62.5,71.8082,41.4997,-0.00963151,-0.579742
0,62.5,37.8145,40.4658,2.31938,-0.170567
0,62.5,72.0048,41.5386,-0.022699,-0.580687
0,62.5,38.838,42.8647,1.45923,2.34793
0,62.5,72.2953,42.7252,-0.121069,0.070133
0,62.5,40.0035,48.3083,-1.2335,6.21233
0,62.5,72.4241,42.5667,-0.3333,-0.176188
0,62.5,39.5009,47.0777,3.56041,4.08015
0,62.5,72.1847,42.3476,-0.328337,0.0246076
0,62.5,39.017,47.2451,3.25702,0.231132
0,62.5,72.0788,42.5523,-0.139242,0.17293
0,62.5,38.9961,42.3991,0.251514,1.21526
0,62.5,72.388,43.0007,-0.219216,0.183628
0,62.5,38.9761,48.0099,-0.914957,-0.738146
0,62.5,72.1587,43.0354,-0.1963,0.107695
0,62.5,39.4326,45.776,2.57002,7.3233
0,62.5,72.5833,43.1967,-0.394825,0.220149
0,62.5,38.7407,47.3504,2.06512,-2.0176
0,62.5,72.3614,43.2744,-0.161329,0.192694
0,62.5,38.5321,41.0641,-0.242538,-0.336024
0,62.5,72.5407,44.0101,0.0389206,0.3993
0,62.5,34.0932,39.7986,0.742679,1.50155
0,62.5,72.4652,44.2918,0.0304571,0.314084
0,62.5,38.8132,43.9716,0.852154,1.95227
0,62.5,72.644,43.7436,-0.0486486,0.373109
0,62.5,43.4653,39.7156,-1.95667,0.609419
0,62.5,72.9793,44.0215,0.0144044,0.179864
0,62.5,36.9558,40.0803,2.08666,0.457484
0,62.5,72.7566,44.0442,-0.0776831,0.385936
0,62.5,32.4667,39.7269,0.424693,1.2968
0,62.5,73.2393,44.0923,-0.0808431,0.325997
0,62.5,41.228,47.3235,2.67963,6.30353
0,62.5,73.4604,44.7525,-0.0100285,0.598712
0,62.5,40.1418,45.5677,2.5489,6.06643
0,62.5,73.6116,45.0069,-0.0935339,0.411977
0,62.5,39.123,48.4151,-3.38827,0.925004
0,62.5,73.234,44.794,-0.0805568,0.486276
0,62.5,41.5338,47.553,3.95612,1.75627
0,62.5,73.8107,45.2525,0.171694,0.421602
0,62.5,39.8956,47.5356,3.54662,6.84506
0,62.5,73.639,45.4909,0.129753,0.381632
0,62.5,38.1652,41.2541,0.323993,0.146601
0,62.5,73.5585,45.2689,0.159121,0.445804
0,62.5,38.3287,41.1794,0.031493,1.42271
0,62.5,73.6976,45.9119,0.0667188,0.437607
0,62.5,33.2574,40.307,0.743852,1.39703
0,62.5,73.5284,45.717,0.143557,0.518162
0,62.5,40.3322,39.9146,-2.60159,3.06939
0,62.5,73.8195,46.2743,-0.11348,0.659735
0,62.5,35.4421,40.2564,1.76498,2.11313
0,62.5,74.0338,46.6546,0.136125,0.590125
0,62.5,35.3803,40.5414,1.76032,1.39353
0,62.5,74.1316,46.9208,0.0700812,0.584856
0,62.5,37.6162,41.1157,1.33464,0.463713
0,62.5,74.3821,47.1194,0.0113527,0.455139
0,62.5,34.9366,40.8435,1.25266,1.08863
0,62.5,74.3676,47.3788,0.294056,0.233407
0,62.5,36.0472,40.6601,1.87032,1.55522
0,62.5,74.4313,47.6277,0.250847,0.0789774
0,62.5,33.7569,41.0119,0.790378,1.5491
0,62.5,74.249,47.984,0.0891168,0.219021
0,62.5,37.0632,44.6066,1.07458,-0.0278181
0,62.5,74.2666,48.2364,-0.167528,0.167647
0,62.5,37.928,49.1072,-0.646251,-0.616472
0,62.5,74.0205,48.1437,-0.0572501,0.0399765
0,62.5,38.6264,49.5467,-2.07623,0.90662
0,62.5,74.0455,48.4135,-0.24294,0.0278105
0,62.5,37.8104,42.2539,1.33392,0.455854
0,62.5,74.0656,48.6738,-0.17163,-0.00562341
0,62.5,38.6022,49.7985,-1.7141,-0.0825271
0,62.5,73.8411,48.8239,-0.303521,-0.107937
0,62.5,36.2909,40.9789,1.4935,0.575673
0,62.5,74.0215,49.0021,-0.40502,0.0300417
0,62.5,37.934,45.668,0.686899,-0.419684
0,62.5,73.8034,49.1046,-0.372868,-0.0272815
0,62.5,37.5529,49.9513,-1.11873,-0.625864
0,62.5,74.0414,49.5154,-0.371108,0.291854
0,62.5,38.3647,50.1088,-1.23766,0.389511
0,62.5,73.8213,49.6329,-0.361437,-0.0164081
0,62.5,38.9427,50.3895,-1.31503,0.447511
0,62.5,73.8212,49.3617,-0.377475,-0.015563
0,62.5,36.5771,50.0109,-0.764317,0.0820918
0,62.5,73.6329,49.8275,-0.237227,-0.0260365
0,62.5,36.4179,50.5477,0.218964,0.157813
0,62.5,73.4455,50.0084,-0.189084,-0.0309976
0,62.5,37.7456,50.0898,-1.04197,-0.358379
0,62.5,73.7194,50.0714,-0.18086,-0.0750103
0,62.5,36.7937,50.0044,-0.64665,-0.141021
0,62.5,73.7169,50.5238,-0.055806,-0.200739
0,62.5,35.4171,50.5488,-0.0769827,-0.261583
0,62.5,73.9826,50.5515,0.112976,-0.107815
0,62.5,34.9012,50.5535,-0.428873,-0.416061
0,62.5,73.8556,50.7669,0.0307153,-0.201645
0,62.5,32.8672,51.0044,0.145475,0.277097
0,62.5,74.1256,50.7796,-0.0708653,-0.0491823
0,62.5,30.8802,50.6316,0.244424,0.0698962
0,62.5,74.0591,51.0073,-0.0152751,0.000571788
0,62.5,19.613,36.0069,-3.17463,2.73184
0,62.5,74.5514,30.1773,2.17999,-2.27252
0,62.5,20.5664,36.1378,-1.75431,4.21888
0,62.5,74.5251,30.9908,1.77523,-1.66909
0,62.5,16.8975,35.5771,-2.75006,1.84422
0,62.5,74.2403,41.6488,-0.618782,0.731262
0,62.5,19.1101,36.5097,-2.6277,2.39261
0,62.5,72.9013,32.7308,2.22373,-1.97955
0,62.5,19.316,36.4591,-2.60178,2.56197
0,62.5,75.5682,30.4485,1.01349,-1.03455
0,62.5,19.0466,36.2505,-2.80511,2.46527
0,62.5,75.1883,30.5264,1.26956,-1.28944
0,62.5,27.3662,37.3423,-0.820209,4.19667
0,62.5,74.8492,35.3829,0.454995,-0.0319954
0,62.5,20.6201,36.3149,-1.24846,3.97163
0,62.5,74.7871,34.813,0.818742,0.223317
0,62.5,27.105,37.0873,0.270514,1.34556
0,62.5,74.7571,33.3248,1.34105,-0.269059
0,62.5,27.1839,37.5425,-2.03206,2.48598
0,62.5,75.6858,37.9913,0.109715,1.62948
0,62.5,27.6021,37.7791,0.927222,2.33356
0,62.5,74.837,35.9025,-0.665104,0.498942
0,62.5,28.4084,38.1286,-0.474699,1.71676
0,62.5,73.4069,34.256,0.880981,-1.37829
0,62.5,30.7512,38.1613,1.31105,0.777671
0,62.5,74.6085,35.2884,0.574174,0.0186799
0,62.5,30.6743,38.3745,0.679577,1.30431
0,62.5,73.2659,34.4716,0.758928,-1.26506
0,62.5,31.5387,38.4914,1.08456,1.44857
0,62.5,73.9954,35.2151,0.466714,-1.0655
0,62.5,31.7965,38.7977,0.781193,1.04008
0,62.5,73.2985,35.1286,0.627829,-1.26323
0,62.5,31.6427,37.7525,-0.657018,6.13678
0,62.5,73.4234,34.6678,0.718571,-1.49032
0,62.5,34.8012,38.8915,0.261193,6.60056
0,62.5,72.8883,35.0389,0.633705,-1.56289
0,62.5,35.4368,39.6317,0.930287,2.38757
0,62.5,73.0817,35.2,0.64186,-1.48675
0,62.5,34.0288,39.0187,1.28953,1.98409
0,62.5,72.9819,35.4497,0.600839,-1.20091
0,62.5,35.1479,37.2419,-1.28772,5.07768
0,62.5,73.1626,35.6566,0.784516,-0.707182
0,62.5,39.5103,45.3691,0.127162,4.69848
0,62.5,73.2301,35.9697,0.217148,-0.611969
0,62.5,37.5342,39.4953,1.3321,-3.1328
0,62.5,73.4161,35.8596,0.632384,-0.396021
0,62.5,40.6119,44.3558,-1.20835,1.9718
0,62.5,73.9889,36.4805,0.176025,-0.502416
0,62.5,38.2578,41.8461,0.592593,-0.00517005
0,62.5,73.8872,36.6627,0.168372,-0.170909
0,62.5,39.2923,48.9022,-3.22561,0.682008
0,62.5,73.709,36.8272,0.53702,-0.31021
0,62.5,40.3781,49.0274,2.85611,5.83121
0,62.5,73.7089,36.4216,0.441786,-0.611506
0,62.5,39.6381,46.0803,3.04054,8.03659
0,62.5,73.9617,36.9251,0.637439,-0.0926422
0,62.5,40.1484,45.276,-0.551612,4.10512
0,62.5,74.0204,37.2255,0.46629,0.099622
0,62.5,40.0953,46.6096,2.95996,8.16089
0,62.5,74.1933,37.0401,0.214536,-0.0943425
0,62.5,40.8155,46.7422,-0.468732,5.87401
0,62.5,74.5238,37.7216,0.0743048,0.583518
0,62.5,39.7676,47.7399,3.11354,7.60785
0,62.5,74.2258,37.3704,0.407185,0.0556265
0,62.5,38.8863,48.4154,-2.82136,-0.925285
0,62.5,74.2829,37.6785,0.220248,0.0229415
0,62.5,40.2117,47.6851,2.02344,8.81977
0,62.5,74.0573,37.5445,0.396322,0.369888
0,62.5,40.6804,45.5689,0.0151266,1.76074
0,62.5,73.2947,37.8912,0.660975,-0.498267
0,62.5,37.9856,44.5852,0.617032,0.0508849
0,62.5,74.1399,37.8465,0.266407,0.252175
0,62.5,41.8342,48.4532,4.97515,0.930357
0,62.5,73.8421,37.398,0.593471,-0.0853913
0,62.5,35.2961,39.4528,0.674323,2.63567
0,62.5,72.8635,38.01,0.591127,-0.705599
0,62.5,29.6979,38.0398,3.06198,0.336673
0,62.5,72.6727,38.4493,0.609253,-0.531104
0,62.5,39.9677,48.077,0.938076,8.06982
0,62.5,72.9111,38.2813,0.861817,-0.486758
0,62.5,39.1286,40.1399,-0.156624,-2.33648
0,62.5,71.9868,39.2906,0.243825,-0.606173
0,62.5,39.0007,45.6428,1.75772,2.99517
0,62.5,72.1834,38.8103,0.312585,-0.591298
0,62.5,38.5443,40.1952,0.83135,-0.295146
0,62.5,73.1185,38.4125,0.659666,-0.405149
0,62.5,33.4835,38.3276,0.250565,6.51089
0,62.5,72.8952,38.5581,0.456063,-0.661459
0,62.5,38.5051,41.4104,-0.236233,-1.16141
0,62.5,72.6177,38.7028,0.561795,-0.565965
0,62.5,38.4187,44.8495,0.505267,0.364025
0,62.5,72.4067,38.8936,0.422384,-0.554409
0,62.5,38.6906,39.6741,2.53943,-2.74868
0,62.5,72.6033,39.001,0.361308,-0.567074
0,62.5,39.5906,46.3707,5.05873,4.71639
0,62.5,72.3941,39.4879,0.274783,-0.594727
0,62.5,8.03238,31.2835,-4.99331,-2.05409
0,62.5,72.1129,40.9742,0.0730075,-0.685855
0,62.5,6.26923,30.6,-4.00268,0.0613402
0,62.5,72.2568,42.0675,-0.467779,-0.0145599
0,62.5,37.2382,39.7178,2.01745,-0.958059
0,62.5,73.2071,42.8187,-0.883135,0.158778
0,62.5,39.7143,41.0318,-2.21693,0.553123
0,62.5,72.0226,42.0803,-0.445738,-0.216036
0,62.5,38.2549,39.9407,0.0898884,-1.52329
0,62.5,72.2292,41.5165,-0.219371,-0.234717
0,62.5,40.9891,39.9655,-2.89511,1.675
0,62.5,72.4073,42.3121,-0.335826,-0.0616867
0,62.5,41.0911,47.1779,2.27243,5.96615
0,62.5,73.1665,43.0595,-0.237903,0.363805
0,62.5,5.02711,29.4155,-4.49029,-1.11685
0,62.5,72.9773,42.6695,-0.554832,0.0382853
0,62.5,1.2479,30.1044,0.347558,0.014196
0,62.5,72.7303,42.7142,-0.351472,0.138267
0,62.5,3.24682,31.5052,-2.49177,-0.892428
0,62.5,72.6638,42.4778,-0.447326,-0.0561245
0,62.5,40.7195,48.6923,0.770581,5.5715
0,62.5,72.5542,42.8453,-0.293704,0.0340181
0,62.5,8.11455,23.968,5.3639,-1.68773
0,62.5,72.7465,43.0458,-0.261839,0.13574
0,62.5,35.6432,38.5013,1.32812,6.41517
0,62.5,72.6207,43.489,-0.148227,0.34517
0,62.5,40.2067,44.0615,-0.878266,3.5565
0,62.5,72.8545,43.7495,-0.169468,0.302314
0,62.5,38.084,39.781,1.67354,-0.326737
0,62.5,72.9825,43.5537,-0.214658,0.198432
0,62.5,37.5555,40.3416,1.51719,0.257847
0,62.5,72.8048,43.3707,-0.294994,0.285866
0,62.5,34.9751,39.3113,0.834129,2.3661
0,62.5,73.3158,44.5154,-0.125318,0.483277
0,62.5,1.23197,42.0247,0.0850789,1.16766
0,62.5,73.6967,44.7641,-0.165384,0.285562
0,62.5,2.61158,34.3368,-0.486455,1.78091
0,62.5,73.9475,44.7886,-0.110371,0.235206
0,62.5,40.2156,48.8587,-1.90228,4.50734
0,62.5,73.8675,45.0244,-0.175301,0.302253
0,62.5,2.32027,24.2504,2.14793,-8.42984
0,62.5,74.1067,45.2532,-0.0215287,0.200933
0,62.5,40.433,48.809,1.55161,9.11735
0,62.5,73.9474,45.4493,0.0267083,0.318742
0,62.5,1.38991,42.2044,0.627,0.833489
0,62.5,73.8111,45.6666,0.120994,0.490547
0,62.5,41.6319,48.4583,4.15358,3.5146
0,62.5,74.0416,45.7378,0.157858,0.233684
0,62.5,39.9171,45.4129,0.509131,5.82628
0,62.5,73.9101,45.9758,-0.0468923,0.391682
0,62.5,51.8555,37.0085,1.76718,1.16155
0,62.5,74.1211,46.4353,-0.244222,0.359163
0,62.5,41.9756,46.6119,-1.37554,-1.64034
0,62.5,74.0397,46.2028,-0.131793,0.303663
0,62.5,41.9629,39.7944,-2.72136,0.381535
0,62.5,74.3627,46.5094,-0.274651,0.304257
0,62.5,39.2193,48.0397,-1.68799,0.413462
0,62.5,74.2859,46.7445,-0.025947,0.444231
0,62.5,42.6635,35.8176,-1.70925,5.6774
0,62.5,74.4662,46.9005,0.0116075,0.525255
0,62.5,40.9857,48.1275,1.42603,6.10508
0,62.5,74.6497,47.1109,0.122962,0.412506
0,62.5,36.7876,40.5889,1.47023,0.840926
0,62.5,74.6046,47.3498,0.2807,0.437511
0,62.5,36.8516,42.3841,1.06153,0.861685
0,62.5,74.6573,47.6409,0.307273,0.401729
0,62.5,34.2583,39.098,1.00745,2.05144
0,62.5,74.4638,47.8874,0.1394,0.12276
0,62.5,32.7186,40.5372,0.784749,1.11005
0,62.5,74.4925,48.2038,-0.146993,0.0441873
0,62.5,40.6652,41.4513,-2.51212,-0.504595
0,62.5,74.2831,48.488,-0.222321,0.198616
0,62.5,36.652,40.4714,1.88288,0.842219
0,62.5,74.4166,48.6753,-0.237806,0.229857
0,62.5,37.5425,43.2757,0.763526,0.0241857
0,62.5,74.4543,48.9374,-0.509298,0.367066
0,62.5,38.4464,46.2547,2.03742,0.349918
0,62.5,74.2163,48.8462,-0.353008,0.133133
0,62.5,37.8643,45.9953,0.655608,-0.966838
0,62.5,74.2594,49.1287,-0.603462,0.223269
0,62.5,37.558,48.778,-1.02324,-0.621987
0,62.5,74.063,49.2723,-0.527843,0.254757
0,62.5,38.9146,50.1744,-2.65232,0.357109
0,62.5,74.1126,49.7847,-0.184205,0.248525
0,62.5,38.711,50.455,-1.65723,0.18521
0,62.5,74.5399,49.6191,-0.450505,0.0359275
0,62.5,38.3851,50.4023,-1.30058,-0.157543
0,62.5,74.3667,49.831,-0.198932,0.114338
0,62.5,38.2717,50.5791,-1.28514,-0.57469
0,62.5,73.9941,50.11,-0.154253,-0.119958
0,62.5,36.588,50.8013,0.168519,0.326417
0,62.5,73.9002,49.8726,-0.227778,-0.105351
0,62.5,36.3321,50.792,-0.520116,0.351157
0,62.5,73.8413,50.3132,-0.000690968,-0.052991
0,62.5,35.9199,50.5587,-0.150424,0.142127
0,62.5,74.1198,50.3317,-0.0442601,-0.175315
0,62.5,34.8669,51.0138,-0.0570255,-0.0389244
0,62.5,74.2541,50.5573,-0.0407064,-0.0606991
0,62.5,34.4599,50.8053,-0.559315,-0.292963
0,62.5,74.4004,50.7772,-0.0470918,0.0479281
0,62.5,32.3123,51.0122,0.166786,0.18892
0,62.5,74.5717,51.0028,-0.114631,0.112679
0,62.5,31.2038,51.0117,0.0647461,0.16875
0,62.5,74.3161,51.0101,-0.0569496,-0.0798854
0,62.5,24.6317,35.1024,0.327764,8.69902
0,62.5,74.22,30.2368,2.53841,-2.1557
0,62.5,17.9385,36.594,-2.91296,3.06403
0,62.5,74.1192,33.4392,1.4131,-1.21811
0,62.5,20.2248,36.103,-2.52893,3.89596
0,62.5,74.0638,33.1659,1.86472,-1.07639
0,62.5,21.8718,36.2587,-1.2099,2.28494
0,62.5,73.0315,33.1956,1.77245,-2.15683
0,62.5,19.6418,36.2048,-2.60561,2.49645
0,62.5,74.9102,34.6849,0.669795,-0.0364673
0,62.5,24.0335,37.3619,-1.65453,2.76487
0,62.5,75.5291,36.3857,-0.208501,1.97743
0,62.5,29.6148,34.9826,1.92515,6.56002
0,62.5,74.5355,33.5753,1.19109,-0.47726
0,62.5,28.5923,35.47,-0.409862,6.08318
0,62.5,75.2956,37.8957,0.451624,2.23945
0,62.5,27.7927,37.7682,1.88155,-0.844967
0,62.5,74.1726,35.1435,0.0810033,-0.179618
0,62.5,28.0903,38.2335,-1.09376,1.36001
0,62.5,75.4592,36.6192,-0.158864,1.52897
0,62.5,29.5663,38.1108,2.74436,1.52631
0,62.5,75.4706,37.7599,0.268474,1.95269
0,62.5,30.926,38.2349,1.2456,1.73925
0,62.5,73.7695,35.0581,0.344376,-0.969308
0,62.5,34.8304,32.7019,2.81789,2.85726
0,62.5,74.3105,35.4518,0.071333,-0.509201
0,62.5,35.1042,37.0187,-0.139335,4.93278
0,62.5,75.6253,39.0016,-0.078174,2.36559
0,62.5,33.9825,38.8102,1.17646,1.57794
0,62.5,74.4446,35.7094,0.00777635,-0.529929
0,62.5,36.9449,39.8125,2.93946,1.27907
0,62.5,73.2541,34.8187,1.09824,-1.22841
0,62.5,38.5482,39.3026,0.947242,-2.76784
0,62.5,73.4722,35.0431,0.403069,-1.33997
0,62.5,42.3073,47.5724,3.22716,-1.44274
0,62.5,72.8926,34.669,0.995562,-1.47223
0,62.5,40.3767,48.5235,1.64187,9.73882
0,62.5,73.0775,34.8781,0.8004,-1.45897
0,62.5,40.5013,47.0099,2.39179,10.9119
0,62.5,73.7053,35.9793,0.96181,-0.641687
0,62.5,39.6097,46.8394,3.80252,7.09149
0,62.5,73.2419,35.4116,0.435295,-1.15175
0,62.5,41.1084,46.4571,-0.681284,5.19277
0,62.5,73.997,36.1257,0.374341,-0.615974
0,62.5,40.4658,45.5788,0.191034,4.84575
0,62.5,73.8007,36.2225,0.356521,-0.745365
0,62.5,39.5988,47.4268,3.97327,5.30737
0,62.5,74.2276,36.0909,0.480336,-0.0310636
0,62.5,40.0624,46.7996,2.85785,7.3968
0,62.5,75.2334,38.7252,0.103061,2.04934
0,62.5,38.9786,47.4733,1.69101,0.452914
0,62.5,74.4066,36.8818,0.0444902,-0.352885
0,62.5,40.9209,47.0163,2.22728,7.37378
0,62.5,74.6847,37.5203,0.555632,1.16496
0,62.5,38.359,44.6005,0.247325,0.833135
0,62.5,74.1606,36.768,-0.166255,-0.456573
0,62.5,39.2128,43.3222,0.247423,3.80483
0,62.5,74.2941,36.5902,0.470745,-0.514859
0,62.5,32.5588,39.0789,1.21524,2.18838
0,62.5,74.4014,37.1698,0.695843,0.0264213
0,62.5,31.9415,38.5441,0.828357,1.76615
0,62.5,74.7756,38.6222,0.156016,1.08073
0,62.5,38.0507,39.6164,-0.0984981,-0.633472
0,62.5,74.9349,39.1552,0.664207,1.71051
0,62.5,30.4445,38.1954,1.2164,0.716759
0,62.5,74.6548,38.1385,0.167052,1.46761
0,62.5,35.0691,39.5743,1.1722,2.42058
0,62.5,73.9835,38.0281,0.547146,0.660902
0,62.5,10.9424,32.197,-1.85903,-0.718403
0,62.5,74.4502,37.4525,0.511478,-0.0192525
0,62.5,15.0502,33.8939,-3.00098,0.182834
0,62.5,74.4904,37.9549,0.501012,0.643428
0,62.5,12.7923,32.5278,-2.07171,-1.08663
0,62.5,73.672,37.5983,0.389746,-0.443567
0,62.5,1.58613,27.7611,-0.0170427,-6.5632
0,62.5,73.4277,37.4821,0.445808,-0.546705
0,62.5,11.9712,32.1772,-2.63617,-1.07315
0,62.5,73.0987,38.1135,0.521734,-0.593704
0,62.5,3.66036,40.3262,0.777906,-0.230429
0,62.5,73.8912,37.718,0.667342,-0.0777025
0,62.5,40.4761,46.7548,3.52376,9.31433
0,62.5,73.4871,37.7559,0.593526,-0.397832
0,62.5,2.08064,34.929,-0.00834586,3.44532
0,62.5,73.3335,38.165,0.559899,-0.308257
0,62.5,32.7677,39.2117,0.566183,2.01992
0,62.5,73.6049,38.2802,0.769619,-0.35689
0,62.5,1.269,40.4182,-0.995358,-0.00283468
0,62.5,73.3497,38.4101,0.494969,-0.588054
0,62.5,3.19482,39.2765,0.726983,-0.269847
0,62.5,73.0825,38.7062,0.514287,-0.681852
0,62.5,2.07125,38.7171,1.48058,2.72177
0,62.5,72.6095,39.2802,0.465852,-0.605985
0,62.5,2.57562,35.9683,-1.2785,2.80329
0,62.5,72.3772,40.0743,0.0229714,-0.640362
0,62.5,1.26028,40.1766,0.803817,0.82122
0,62.5,72.1156,41.8144,-0.453635,-0.25438
0,62.5,2.80186,23.594,2.85953,-9.63582
0,62.5,71.9311,41.1773,-0.0832078,-0.918151
0,62.5,7.92453,30.5415,-7.54277,-1.87642
0,62.5,72.4771,42.0192,-0.599466,-0.0918478
0,62.5,2.97149,40.7034,0.228621,-0.556161
0,62.5,72.1323,41.2658,-0.225371,-0.349992
0,62.5,75.977,35.2419,1.04639,1.33074
0,62.5,73.6911,43.5709,-0.00767418,0.525622
0,62.5,3.36285,34.9884,-1.31513,0.362906
0,62.5,72.338,41.7741,-0.53222,0.024024
0,62.5,1.53782,41.4767,-0.237752,1.18006
0,62.5,73.9104,44.0258,-0.388458,0.525214
0,62.5,3.3223,38.053,-0.644138,-0.401858
0,62.5,73.7423,43.8684,-0.349262,0.478582
0,62.5,75.0021,36.8697,0.450355,0.991038
0,62.5,74.3688,43.9299,-0.155679,0.76917
0,62.5,73.0645,32.5194,2.14463,-2.26022
0,62.5,74.166,44.0925,-0.224918,0.620017
0,62.5,2.69835,35.585,-1.50114,1.67337
0,62.5,73.4192,43.4662,-0.154197,0.402233
0,62.5,1.36278,39.2294,0.481395,2.89535
0,62.5,73.1581,43.3834,-0.216576,0.261006
0,62.5,72.1204,33.219,2.73934,-2.77581
0,62.5,72.9752,43.2086,-0.43207,0.276239
0,62.5,73.7379,39.0605,0.682942,0.0350113
0,62.5,72.9336,42.9186,-0.393026,0.165803
0,62.5,4.80159,34.7985,-1.20171,-0.866555
0,62.5,73.113,43.8262,-0.165992,0.0799338
0,62.5,2.67206,41.3165,-0.263524,0.254043
0,62.5,73.246,43.6416,-0.186003,0.187596
0,62.5,3.45446,40.5976,0.461434,0.102635
0,62.5,73.3949,43.9222,-0.164103,0.190385
0,62.5,2.39289,37.3125,-2.25246,0.30295
0,62.5,73.4309,44.2672,-0.270702,0.609832
0,62.5,3.83286,40.043,0.575866,-0.586922
0,62.5,73.5603,44.4837,-0.211787,0.643696
0,62.5,2.42676,36.4047,-0.435606,4.59176
0,62.5,73.8001,44.5286,-0.147433,0.283468
0,62.5,1.92349,36.6123,-0.0566643,4.6265
0,62.5,74.3555,45.1383,-0.0525866,0.244084
0,62.5,75.2075,38.9654,-0.0280163,1.80419
0,62.5,74.1227,45.0182,-0.222638,0.260029
0,62.5,15.5575,34.5239,-3.86945,0.550611
0,62.5,74.3724,45.3857,0.108533,0.235877
0,62.5,75.9929,42.3112,0.368276,1.52795
0,62.5,74.1922,45.5273,0.206561,0.162782
0,62.5,4.51932,35.8427,-1.17704,-1.00183
0,62.5,74.3183,45.7621,0.000535213,0.173648
0,62.5,40.0449,41.0461,-3.47899,0.0460711
0,62.5,74.3043,46.2383,-0.229845,0.346481
0,62.5,3.31385,37.4371,-1.55158,-0.223434
0,62.5,74.1691,45.9672,-0.0435513,0.205062
0,62.5,2.9524,37.5794,-0.705956,0.900119
0,62.5,74.5423,46.3043,-0.243854,0.393645
0,62.5,73.8748,40.1588,-0.133905,0.151342
0,62.5,74.5765,46.6196,-0.313805,0.520124
0,62.5,3.57152,22.5467,3.85085,-10.4789
0,62.5,74.7013,46.819,-0.134705,0.286818
0,62.5,7.77231,31.887,-0.864021,0.760728
0,62.5,74.9227,46.7976,-0.132319,0.513627
0,62.5,32.112,39.8619,0.962041,0.91065
0,62.5,74.8656,47.0739,-0.007348,0.439293
0,62.5,45.2453,38.9924,-1.92544,1.62977
0,62.5,75.0008,47.2716,0.149759,0.252817
0,62.5,41.0367,40.3895,-3.05233,-0.42584
0,62.5,74.8179,47.4271,0.259123,0.325483
0,62.5,10.1794,32.1451,-1.57237,0.610197
0,62.5,74.8239,47.7928,0.24347,0.348097
0,62.5,38.9442,45.9707,3.23606,2.44883
0,62.5,74.6536,47.9963,0.115176,0.135777
0,62.5,17.5355,36.0605,-3.13988,1.96459
0,62.5,74.7444,48.2638,-0.239623,0.163815
0,62.5,32.1871,40.4072,0.492073,1.27364
0,62.5,74.5593,48.4451,-0.285686,0.0793742
0,62.5,35.7858,40.5281,2.60932,1.13724
0,62.5,74.6674,48.6927,-0.399086,0.324647
0,62.5,39.2433,43.8706,1.48853,3.46491
0,62.5,74.5347,49.1813,-0.604,0.328524
0,62.5,37.9637,50.0508,-1.67532,0.71502
0,62.5,74.3441,49.3595,-0.56009,0.141057
0,62.5,39.0648,50.0105,-2.47972,0.604214
0,62.5,74.8041,49.2118,-0.47674,0.082492
0,62.5,39.2537,50.1888,-2.41924,-0.528784
0,62.5,74.2798,49.5769,-0.442324,0.186038
0,62.5,37.1511,50.2102,-0.549564,-0.605833
0,62.5,74.6343,49.4059,-0.428028,0.206474
0,62.5,38.8892,50.658,-1.31383,-0.632271
0,62.5,74.8036,49.6288,-0.366738,-0.0876471
0,62.5,37.7588,50.3572,-1.49012,-0.387982
0,62.5,74.6391,49.8537,-0.217124,-0.0673715
0,62.5,39.4506,50.1117,-2.66496,0.495701
0,62.5,74.4803,50.0701,-0.101016,-0.00996996
0,62.5,35.8019,50.7933,-0.4952,-0.136548
0,62.5,74.3546,50.2881,-0.00650206,0.142173
0,62.5,37.1136,50.5063,-1.33962,0.0151472
0,62.5,74.7676,50.5227,-0.0794849,-0.0225867
0,62.5,36.1678,50.5612,0.0293395,0.50573
0,62.5,74.2195,50.0375,-0.0378056,0.197095
0,62.5,37.3781,50.1079,-1.04575,-0.421384
0,62.5,74.6526,50.753,-0.175281,0.102469
0,62.5,35.0081,50.7816,-0.0802265,-0.0952467
0,62.5,74.9088,50.763,-0.125509,0.0407212
0,62.5,32.0248,51.03,0.401256,-0.256377
0,62.5,74.8148,51.0016,-0.0765003,-0.115381
0,62.5,17.4669,35.9121,-3.08673,1.83182
0,62.5,74.4941,32.0866,1.54445,-1.39756
0,62.5,19.8647,36.5916,-2.31206,2.92358
0,62.5,75.4715,31.2117,1.43416,-1.01142
0,62.5,19.1063,36.0541,-3.0125,2.44179
0,62.5,74.4557,32.4751,1.68334,-1.18815
0,62.5,21.7608,36.0997,-0.874491,2.15663
0,62.5,73.2564,33.0015,1.81846,-1.87071
0,62.5,22.3875,36.2802,-0.646612,2.58657
0,62.5,70.1893,21.2133,-6.61369,-8.12648
0,62.5,23.1367,34.548,-3.36141,6.42714
0,62.5,69.2686,22.2929,-5.1818,1.72703
0,62.5,28.1158,37.9016,1.27738,0.66577
0,62.5,75.5463,40.2712,0.0336516,1.86417
0,62.5,29.0451,38.2244,-2.20193,3.6501
0,62.5,76.0113,39.0258,0.297607,1.69092
0,62.5,30.2275,38.4751,1.48556,2.06391
0,62.5,76.0311,38.3746,0.250453,1.89161
0,62.5,30.5619,31.1244,-0.546495,1.34913
0,62.5,75.995,37.4135,0.607068,1.16938
0,62.5,33.0612,38.6885,-0.880716,2.56081
0,62.5,75.6666,38.6969,-0.253458,1.97668
0,62.5,34.43,39.2078,1.09314,1.93047
0,62.5,75.5427,39.7271,0.222866,2.02052
0,62.5,39.4679,43.5147,0.567345,1.10942
0,62.5,75.5268,40.0054,0.0411967,2.05617
0,62.5,39.6784,45.8352,1.28993,5.88581
0,62.5,75.9667,39.2621,0.0594243,1.70152
0,62.5,40.6179,47.5541,1.4169,7.69712
0,62.5,74.6384,36.4383,-0.0243498,-0.645198
0,62.5,39.3046,43.6643,0.435676,4.18387
0,62.5,74.3243,34.9388,0.169579,-0.317718
0,62.5,41.0754,48.3534,2.96948,6.01248
0,62.5,73.9511,35.8679,-0.0133346,-0.781852
0,62.5,38.1014,44.3926,0.740438,0.564526
0,62.5,73.6637,35.2825,0.183565,-0.9616
0,62.5,41.3698,45.4464,-0.876437,0.627518
0,62.5,73.435,35.6056,0.390326,-0.795535
0,62.5,40.2769,48.3043,-0.712693,9.48468
0,62.5,74.4113,36.3505,-0.17223,0.0870657
0,62.5,40.1963,47.8816,1.72834,8.68835
0,62.5,73.502,35.3935,0.158328,-0.821343
0,62.5,38.7335,43.0878,0.871776,0.744789
0,62.5,73.6524,35.7431,0.136649,-0.595913
0,62.5,41.7129,44.9952,-2.46426,-0.471447
0,62.5,75.119,38.138,0.285253,1.7667
0,62.5,39.0829,38.7674,1.8244,-3.39272
0,62.5,74.5271,36.6628,0.15008,0.118135
0,62.5,28.2647,37.873,0.148784,-0.451981
0,62.5,74.8431,37.3584,0.620383,0.905142
0,62.5,23.2618,36.9417,-1.84701,1.8537
0,62.5,75.4877,41.4151,0.149163,1.35669
0,62.5,11.8654,31.9817,-2.55509,-0.974729
0,62.5,74.1641,36.3475,0.117115,-0.340536
0,62.5,23.5016,37.2482,-1.25886,1.96495
0,62.5,74.6357,36.9581,0.300972,0.682503
0,62.5,27.0637,37.0346,0.212619,1.69182
0,62.5,74.6246,37.2197,0.64749,0.535529
0,62.5,32.101,38.4839,0.674071,1.99905
0,62.5,74.9083,37.6811,0.417757,0.780774
0,62.5,22.6757,36.6499,-1.05989,2.42363
0,62.5,74.7496,37.8521,0.230542,1.15104
0,62.5,1.51344,26.8983,-0.726243,-6.82252
0,62.5,74.8543,38.3181,0.132142,1.15497
0,62.5,1.52002,39.0423,0.869692,1.75835
0,62.5,74.6214,38.4005,0.317803,0.978266
0,62.5,1.30921,36.5294,0.0756423,4.28398
0,62.5,74.4125,38.2781,-0.0401622,0.0584737
0,62.5,3.38828,37.1188,-0.898364,-0.14559
0,62.5,73.0394,38.9634,0.42238,-0.37974
0,62.5,4.4307,34.9088,-1.2842,-1.03764
0,62.5,74.1424,38.2638,0.517567,0.562296
0,62.5,74.5338,34.9186,0.42827,0.289866
0,62.5,74.2816,38.0532,0.0106714,0.160723
0,62.5,72.9819,23.9776,-3.08158,-5.96856
0,62.5,73.8121,38.1674,0.584199,0.196182
0,62.5,75.0517,31.8378,1.32016,-1.06464
0,62.5,73.5406,38.0339,0.897855,-0.343886
0,62.5,1.84126,32.1868,-0.584756,2.58117
0,62.5,73.7411,37.8926,0.274806,-0.389771
0,62.5,2.43296,41.2416,-0.192454,0.699746
0,62.5,73.3172,38.6668,0.358912,-0.240843
0,62.5,75.8438,38.1977,0.0520889,1.86615
0,62.5,72.8195,38.823,0.287982,-0.522781
0,62.5,3.01235,36.9778,-1.29895,0.310846
0,62.5,72.4604,40.3504,-0.0553178,-0.769153
0,62.5,73.858,34.3378,0.169713,-1.05424
0,62.5,72.3862,39.8141,0.260706,-0.57265
0,62.5,2.96603,34.3045,-0.528237,0.989662
0,62.5,73.7822,38.4858,0.496737,0.22849
0,62.5,5.51637,29.8445,-5.11228,-1.25174
0,62.5,72.5186,40.6843,0.0466438,-0.663183
0,62.5,1.29333,41.3217,0.477231,1.19256
0,62.5,72.3003,40.6358,-0.0820358,-0.827604
0,62.5,2.69701,39.2012,-0.205357,0.789948
0,62.5,73.3672,43.2144,-0.242149,0.449954
0,62.5,4.12188,35.9997,-0.910636,-0.746044
0,62.5,72.6461,42.2311,-0.374303,-0.0255883
0,62.5,3.29844,32.9278,-1.40895,-0.0655781
0,62.5,74.2835,43.3448,-0.231395,0.664207
0,62.5,2.75534,41.7753,0.462414,0.667077
0,62.5,74.1232,43.837,-0.270629,0.694632
0,62.5,4.66793,35.6346,-0.949715,-0.856089
0,62.5,74.7507,43.4161,-0.0192372,0.879647
0,62.5,2.69817,21.6817,1.52854,-9.66048
0,62.5,74.6123,44.0831,-0.0611556,0.742516
0,62.5,75.9951,33.6769,-0.58693,1.6004
0,62.5,74.9801,43.5484,-0.0215309,0.755992
0,62.5,3.62573,41.1506,0.323426,-0.16902
0,62.5,74.5796,43.8066,-0.160105,0.779776
0,62.5,2.12574,41.9653,-0.110661,0.280409
0,62.5,74.8073,44.264,-0.048722,0.654068
0,62.5,73.2157,40.0253,0.0795141,-0.520371
0,62.5,74.5878,44.3892,-0.122997,0.612255
0,62.5,3.48316,38.6307,0.0411065,-1.32823
0,62.5,74.4073,44.2109,-0.235051,0.67113
0,62.5,4.84301,35.4542,-0.992349,-0.891911
0,62.5,74.3807,44.5625,0.0560709,0.489296
0,62.5,73.4859,33.0854,1.89426,-1.60779
0,62.5,73.9762,44.2747,-0.290538,0.370174
0,62.5,75.0664,37.2358,0.217112,1.05998
0,62.5,75.0675,44.6961,-0.144403,0.795607
0,62.5,73.0256,39.8167,0.192086,-0.563784
0,62.5,73.5965,44.0775,-0.451214,0.469928
0,62.5,2.03118,35.5829,-0.289061,3.93521
0,62.5,73.5146,43.7303,-0.0880641,0.287063
0,62.5,72.8038,40.2664,-0.0289898,-0.558885
0,62.5,73.7338,44.2678,-0.40642,0.37652
0,62.5,74.6452,42.4491,-0.527739,0.889208
0,62.5,74.042,44.5361,-0.266744,0.423915
0,62.5,1.92911,42.1125,0.375977,0.505082
0,62.5,74.3842,44.8789,-0.118786,0.378997
0,62.5,1.98283,41.1349,0.170321,1.17937
0,62.5,74.8502,45.0465,-0.117014,0.484041
0,62.5,4.52087,36.1524,-0.621747,-0.942924
0,62.5,74.5997,45.185,-0.0329374,0.622552
0,62.5,2.75846,41.0974,0.503588,-0.0556769
0,62.5,74.6311,45.4328,0.244443,0.457655
0,62.5,4.54944,32.1267,-2.68577,-1.12414
0,62.5,74.7567,45.7131,0.17532,0.620306
0,62.5,75.5177,36.8786,-0.162621,1.17326
0,62.5,74.5082,45.642,0.162186,0.363941
0,62.5,2.36048,40.2314,0.642384,0.987537
0,62.5,74.4211,46.023,-0.107932,0.430701
0,62.5,76.0087,40.7329,-0.428085,1.57427
0,62.5,74.9486,46.233,-0.22933,0.544338
0,62.5,3.5795,40.0954,0.410319,-0.363751
0,62.5,74.7234,46.1569,-0.187104,0.479934
0,62.5,75.4676,42.0886,0.0828784,1.53315
0,62.5,74.9528,46.5361,-0.3447,0.586149
0,62.5,2.28171,37.5996,-0.0691158,2.96255
0,62.5,74.7485,46.4546,-0.229244,0.472884
0,62.5,3.19521,41.3488,-0.0221475,0.382419
0,62.5,75.1561,46.6883,-0.13204,0.388719
0,62.5,75.6429,39.4182,0.245544,2.10008
0,62.5,75.3412,46.9441,0.00659129,0.579274
0,62.5,73.3879,41.0696,-0.586556,-0.0432452
0,62.5,75.1083,46.9759,0.0333303,0.280212
0,62.5,1.95981,37.1311,0.723554,2.35409
0,62.5,75.1873,47.4538,0.187585,0.236917
0,62.5,39.3554,42.555,0.733124,0.653207
0,62.5,74.9944,47.6016,0.220557,0.348898
0,62.5,2.69794,32.6797,-1.29283,1.06158
0,62.5,75.0835,47.8753,0.186845,0.438111
0,62.5,38.4571,41.6785,0.528696,0.506123
0,62.5,74.9057,48.0484,0.141288,0.348801
0,62.5,73.678,42.4013,-0.734731,0.319235
0,62.5,75.0102,48.2897,-0.267497,0.61
0,62.5,42.0555,40.0458,-2.88694,0.553223
0,62.5,74.8387,48.5066,-0.470104,0.258813
0,62.5,40.093,46.1279,2.36123,8.1809
0,62.5,74.6941,48.9494,-0.419154,0.299522
0,62.5,37.6172,45.3619,1.00761,-0.174479
0,62.5,75.1556,48.7528,-0.281244,0.446026
0,62.5,39.6632,39.9966,-0.902236,-1.75679
0,62.5,74.9367,49.0141,-0.389434,0.234146
0,62.5,37.6215,48.4513,-1.12655,-1.23997
0,62.5,75.1123,49.2554,-0.224644,0.20178
0,62.5,39.7244,48.8224,-4.12544,4.55431
0,62.5,74.9404,49.4217,-0.400618,-0.0702021
0,62.5,38.6767,50.0626,-1.8419,0.10211
0,62.5,75.1041,49.5982,-0.17067,-0.208498
0,62.5,36.7421,41.5357,2.00577,0.500067
0,62.5,74.9183,49.8362,-0.225036,-0.176492
0,62.5,38.3695,49.3384,-1.36157,0.257626
0,62.5,74.7576,50.0679,-0.244554,-0.19458
0,62.5,34.8355,40.3026,1.50149,1.20352
0,62.5,74.6194,50.2973,-0.111187,0.00214597
0,62.5,37.5692,49.6969,-1.05209,-1.15427
0,62.5,74.8886,50.2933,-0.260607,-0.0878594
0,62.5,36.655,50.5546,-0.0529189,0.0309037
0,62.5,75.1536,50.3195,-0.343236,-0.0419116
0,62.5,37.3194,50.4087,-1.63629,-0.449699
0,62.5,74.5026,50.5235,0.0154055,0.127214
0,62.5,36.9411,50.259,-1.17526,-0.0566767
0,62.5,75.0303,50.5358,-0.175472,-0.00280111
0,62.5,34.7422,50.7934,-0.0615638,-0.346462
0,62.5,75.172,50.7607,-0.0944587,0.0221289
0,62.5,33.3791,51.0108,0.0390649,0.277674
0,62.5,75.0638,51.0005,-0.144906,-0.0217398
0,62.5,18.1573,36.4353,-2.79107,3.352
0,62.5,74.4618,34.0195,0.320941,-1.06688
0,62.5,21.2551,35.4981,-0.330256,1.28865
0,62.5,73.8778,33.3387,1.82782,-1.21993
0,62.5,18.5395,36.3584,-2.39657,3.21422
0,62.5,71.7553,23.9261,-4.87993,-3.54253
0,62.5,29.5263,35.0516,1.92515,6.56002
0,62.5,75.3082,35.5089,-0.253341,1.09007
0,62.5,27.4714,37.4239,2.35274,2.70942
0,62.5,75.5724,24.1317,-0.480871,-6.60054
0,62.5,29.9775,38.1401,2.93412,1.32225
0,62.5,74.9725,31.4219,1.81047,-1.56108
0,62.5,29.5949,38.5032,1.04094,2.58338
0,62.5,75.7435,36.7999,0.164726,1.25719
0,62.5,34.6525,38.519,-0.374839,6.5871
0,62.5,75.8305,29.982,0.549032,-1.28452
0,62.5,32.8135,38.564,-0.904285,1.17809
0,62.5,67.2912,30.9301,-6.50998,4.68721
0,62.5,39.2426,39.1838,4.5986,-5.72425
0,62.5,75.1575,34.8621,-0.695047,0.605304
0,62.5,40.0054,40.7701,-2.57921,-0.0786243
0,62.5,75.2757,36.779,0.207391,1.20005
0,62.5,38.5879,42.5633,1.09592,0.646354
0,62.5,74.6301,35.9154,-0.18614,-0.578762
0,62.5,38.6117,42.774,1.0796,1.34386
0,62.5,75.7393,40.9166,-0.0970335,1.61818
0,62.5,38.836,43.5729,0.556186,2.61379
0,62.5,73.8668,41.3049,-0.62393,0.487808
0,62.5,39.2076,47.4594,3.01687,1.64966
0,62.5,73.9635,39.2538,0.44595,0.0235519
0,62.5,39.2345,45.8128,1.8032,5.00022
0,62.5,73.2496,41.8229,-0.92354,-0.0504837
0,62.5,38.9223,48.1892,-1.75274,-1.02504
0,62.5,75.1959,37.0235,0.237533,1.54008
0,62.5,39.2123,38.4856,2.29918,-3.39765
0,62.5,75.6605,38.3338,-0.0726238,1.5153
0,62.5,39.5379,40.6169,-2.65594,0.0382377
0,62.5,74.4111,35.2381,0.2124,-0.534528
0,62.5,36.6895,39.5694,1.1673,-1.06102
0,62.5,73.6045,34.8544,0.333054,-1.15181
0,62.5,22.6718,36.3227,-0.468419,2.52106
0,62.5,75.513,38.4938,0.106657,2.1258
0,62.5,23.7154,37.2418,-1.42856,2.28325
0,62.5,75.0871,37.8522,0.251214,1.00032
0,62.5,2.38887,28.4568,-3.53353,-4.96979
0,62.5,75.0722,37.5123,0.793602,1.34114
0,62.5,1.32153,34.9917,0.0538778,3.49958
0,62.5,73.4419,39.9129,-0.0589906,-0.242209
0,62.5,15.0156,33.687,-2.93471,0.0248376
0,62.5,74.7568,41.2923,-0.403168,1.23747
0,62.5,5.05522,29.6274,-4.76582,-1.15532
0,62.5,75.3086,40.1199,-0.0661348,1.78475
0,62.5,2.64077,25.6306,0.399705,-5.7082
0,62.5,75.4189,39.3567,0.174671,2.3486
0,62.5,2.37211,39.972,-0.598896,0.607326
0,62.5,74.8983,38.0485,0.268979,1.05535
0,62.5,3.57032,34.1241,-0.865648,-0.0578736
0,62.5,75.4875,40.8446,-0.0514318,1.54042
0,62.5,2.16631,37.4231,-1.60848,2.69038
0,62.5,75.3518,39.5878,0.164372,2.16716
0,62.5,12.1835,32.0396,-2.92551,-1.35292
0,62.5,75.0583,38.4047,0.078858,1.42341
0,62.5,75.3308,38.2245,0.132445,2.29049
0,62.5,75.175,39.213,0.166609,1.88703
0,62.5,73.9429,34.0504,0.583571,-0.781761
0,62.5,75.1327,39.4534,0.324785,2.12196
0,62.5,1.56799,31.2135,-1.10117,1.0175
0,62.5,75.0902,40.1936,0.00996538,1.2725
0,62.5,2.43722,31.581,-1.86991,0.706125
0,62.5,74.9515,38.9112,0.0251292,1.34851
0,62.5,2.25709,41.0298,-0.015329,0.572587
0,62.5,74.7119,38.9024,0.237318,1.59344
0,62.5,1.80634,34.8159,0.094578,4.01101
0,62.5,72.9124,42.1674,-0.689215,-0.223081
0,62.5,2.43068,39.7594,-0.157419,0.948595
0,62.5,73.992,38.4014,0.768597,0.966295
0,62.5,6.13949,33.9295,-1.11826,-0.730259
0,62.5,72.8305,39.1011,0.414375,-0.583621
0,62.5,3.40455,41.3839,0.180579,-0.0187237
0,62.5,72.6122,39.8462,0.253135,-0.61758
0,62.5,2.64185,40.3662,0.470757,-0.174294
0,62.5,72.5532,40.9844,-0.231498,-0.622954
0,62.5,3.68419,40.6046,0.264533,0.322298
0,62.5,72.5945,39.5742,0.336778,-0.593259
0,62.5,2.66593,39.8857,0.0371205,0.0106571
0,62.5,73.6132,43.2952,-0.218018,0.380738
0,62.5,2.45418,40.7805,0.231468,1.01746
0,62.5,72.6109,40.1254,-0.00423408,-0.707563
0,62.5,1.90286,40.1636,0.32265,1.88265
0,62.5,72.3301,40.92,-0.0495311,-0.856575
0,62.5,4.88118,36.8311,-0.811052,-1.36082
0,62.5,72.3475,41.1952,-0.463662,-0.738559
0,62.5,2.44489,37.137,-1.85067,2.42722
0,62.5,72.4462,41.466,-0.415885,-0.44731
0,62.5,3.03108,41.1811,-0.00991218,0.671136
0,62.5,73.9287,43.7011,-0.195153,0.604021
0,62.5,4.27268,35.4688,-0.963548,-0.494601
0,62.5,74.327,43.6614,-0.157016,0.741417
0,62.5,14.1695,34.0783,-2.77128,-0.753409
0,62.5,74.1864,43.0758,-0.40024,0.593917
0,62.5,3.18708,40.5039,0.32898,0.0400615
0,62.5,74.5289,43.543,-0.0321067,1.00949
0,62.5,4.04634,35.3949,-1.15636,-0.375211
0,62.5,74.9225,43.2505,-0.243685,0.881576
0,62.5,1.5532,42.4555,0.0872453,0.760978
0,62.5,75.4563,43.5157,0.0855246,1.09549
0,62.5,2.09733,39.8722,-0.105325,1.23099
0,62.5,75.1987,43.4901,-0.078445,0.959074
0,62.5,2.85536,40.2015,0.471822,0.0860683
0,62.5,75.2263,43.7471,0.0294481,0.857323
0,62.5,1.19574,25.3991,-0.344695,-2.12871
0,62.5,74.7877,43.6904,-0.0385588,0.929214
0,62.5,3.414,40.3496,1.40067,0.229603
0,62.5,75.0218,43.8449,-0.205684,0.66244
0,62.5,1.47846,41.9353,-0.0945798,1.05439
0,62.5,75.0526,44.4281,-0.164516,0.784519
0,62.5,3.65304,35.6381,-0.983828,0.0843169
0,62.5,74.8237,43.9741,-0.0350577,0.737815
0,62.5,6.22567,34.2352,-0.971622,-0.991541
0,62.5,74.8204,44.5254,-0.23222,0.569231
0,62.5,1.77976,29.8591,-1.65033,-1.0295
0,62.5,75.2899,44.6095,0.0674665,0.828601
0,62.5,5.3115,32.7761,-2.02101,-0.818135
0,62.5,75.5025,45.0485,0.0326951,0.903334
0,62.5,3.15598,34.0387,-1.03781,0.4334
0,62.5,74.2295,44.3741,-0.179214,0.576885
0,62.5,74.9133,42.5135,-0.524171,0.751539
0,62.5,74.8384,44.781,0.0980119,0.545629
0,62.5,4.31168,30.6792,-4.24687,-1.02526
0,62.5,74.5901,44.6622,-0.143019,0.736685
0,62.5,1.27316,41.7709,-0.151761,1.01227
0,62.5,74.198,44.747,-0.185661,0.341519
0,62.5,3.41022,39.458,0.0339484,-0.365765
0,62.5,75.0705,44.977,-0.13361,0.64268
0,62.5,73.6617,40.9991,-0.879135,0.188703
0,62.5,75.5374,45.3199,0.218633,0.91021
0,62.5,2.11392,36.2174,-0.793893,3.86348
0,62.5,75.1014,45.2692,0.299984,0.64594
0,62.5,3.75577,33.2759,-1.76084,-0.457983
0,62.5,75.1482,45.5385,-0.015771,0.775505
0,62.5,3.6147,36.5439,-1.18556,-0.292849
0,62.5,74.854,45.2948,0.357802,0.443676
0,62.5,3.80153,33.8958,-1.29146,-0.265349
0,62.5,74.6146,45.9133,-0.139362,0.307095
0,62.5,5.05789,36.3808,-1.07002,-1.48353
0,62.5,75.0608,45.7823,0.0589034,0.790006
0,62.5,3.14667,32.51,-1.25812,0.142239
0,62.5,75.1324,46.0588,-0.00472869,0.591811
0,62.5,7.23709,35.5355,-0.632891,-0.600632
0,62.5,75.1452,46.3745,-0.355362,0.505951
0,62.5,1.62234,39.3559,0.322213,1.44642
0,62.5,75.3581,46.3952,-0.221895,0.633481
0,62.5,5.05418,35.6459,-1.25709,-1.21278
0,62.5,75.3719,46.6694,-0.162613,0.361194
0,62.5,2.06582,41.4774,-0.0867972,0.563484
0,62.5,75.5549,47.1,0.178264,0.662793
0,62.5,73.8262,40.824,-0.588574,0.2649
0,62.5,75.4584,47.3205,0.159956,0.603178
0,62.5,4.72246,35.9931,-0.828306,-1.07992
0,62.5,75.2452,47.1958,0.118947,0.265714
0,62.5,74.5462,38.674,0.105499,1.10586
0,62.5,75.4464,47.5587,0.3015,0.50815
0,62.5,2.70135,41.5615,0.463906,0.388387
0,62.5,75.2486,47.7153,0.0446952,0.102319
0,62.5,1.52473,32.7503,0.622478,4.2127
0,62.5,75.3809,47.9715,-0.197163,0.364745
0,62.5,75.3078,41.2603,-0.177481,1.71886
0,62.5,75.194,48.1186,-0.194552,0.635055
0,62.5,75.0447,35.6292,0.364491,0.172908
0,62.5,75.1084,48.5059,-0.244337,0.508744
0,62.5,3.36301,39.6921,0.135961,-0.205922
0,62.5,74.9155,48.7536,-0.422153,0.247398
0,62.5,2.96637,40.9554,0.131695,-0.359581
0,62.5,75.3608,48.5791,-0.127452,0.400232
0,62.5,74.0856,40.9079,-0.496187,0.710066
0,62.5,75.4008,48.8613,-0.217876,0.308824
0,62.5,33.6326,38.9133,1.4502,2.31425
0,62.5,75.1806,49.0074,-0.273642,0.33404
0,62.5,8.34516,31.4864,-6.07036,2.08902
0,62.5,75.3836,49.1576,0.00904108,0.0811927
0,62.5,74.3408,38.5122,0.767217,0.319382
0,62.5,75.3055,49.4031,-0.0278785,0.0809784
0,62.5,41.4091,40.0392,-3.13554,1.41824
0,62.5,75.1686,49.838,-0.233558,-0.180677
0,62.5,37.4991,50.5738,-1.52848,-0.0259738
0,62.5,75.4167,49.9206,-0.189674,0.131746
0,62.5,37.7472,50.6039,-1.8416,-0.818427
0,62.5,75.022,50.0714,-0.286001,-0.180781
0,62.5,37.0116,51.0105,-0.642632,0.858796
0,62.5,75.6064,49.7955,-0.0872703,0.154633
0,62.5,36.2038,51.0214,-0.371104,-0.100206
0,62.5,75.2802,50.1067,-0.360373,-0.0583705
0,62.5,36.0686,50.8008,0.254505,-0.12898
0,62.5,75.4514,50.308,-0.271075,0.0935849
0,62.5,35.6518,51.0164,-0.298261,0.284075
0,62.5,75.3101,50.5268,-0.196259,-0.0286332
0,62.5,37.4861,51.0095,-0.724505,1.15002
0,62.5,75.4267,50.7414,-0.104491,0.118116
0,62.5,34.3715,50.5949,-0.47977,-0.0872774
0,62.5,75.3082,51.0019,-0.155503,-0.0487447
0,62.5,24.2184,34.8706,0.0864757,8.5544
0,62.5,74.3638,34.3396,0.290938,-0.305654
0,62.5,26.8308,37.4119,-2.54469,1.3751
0,62.5,74.6439,39.4002,0.103953,0.716816
0,62.5,28.4577,37.9413,-1.94744,0.922377
0,62.5,75.8899,25.6927,0.251996,-6.03944
0,62.5,25.9436,37.0996,-0.828911,1.48172
0,62.5,75.0485,22.2197,-0.851149,-7.39189
0,62.5,29.3963,37.9905,2.77849,2.58854
0,62.5,74.2531,33.0127,1.79155,-1.1305
0,62.5,39.0166,36.9097,6.29862,5.90641
0,62.5,75.8347,30.6897,0.942496,-0.477875
0,62.5,33.6414,35.669,-1.01389,3.55805
0,62.5,74.2345,22.9086,-2.48825,-8.46553
0,62.5,37.3152,39.8428,1.20509,-0.400575
0,62.5,75.5244,35.4208,0.389401,1.2576
0,62.5,39.2426,45.1021,0.239759,3.6241
0,62.5,75.6865,35.2274,-0.328635,1.13314
0,62.5,39.2912,48.2814,-1.7293,1.79605
0,62.5,75.6068,19.4887,1.01482,-8.30812
0,62.5,38.7291,47.8083,-1.0143,-0.815465
0,62.5,72.3679,33.0422,1.6932,-2.38205
0,62.5,40.3058,47.5238,4.78125,11.0604
0,62.5,75.6075,35.8773,-0.240066,1.89479
0,62.5,39.0157,43.0248,1.11989,0.93997
0,62.5,73.6524,33.2142,2.02239,-1.31234
0,62.5,39.3843,43.2136,0.131312,2.28933
0,62.5,74.5683,33.2813,1.12215,-1.07048
0,62.5,32.4905,38.5422,-1.50159,1.56849
0,62.5,75.7512,39.8739,0.153535,1.98033
0,62.5,24.356,37.4922,-1.18507,1.81318
0,62.5,73.8976,19.9478,-2.35666,-10.0918
0,62.5,22.4694,36.8962,-1.17718,2.14804
0,62.5,75.9999,41.4305,0.185998,1.21408
0,62.5,11.6561,32.341,-2.26351,-0.800721
0,62.5,75.2658,42.5952,-0.412095,1.20767
0,62.5,14.7178,33.6449,-2.84653,0.206348
0,62.5,75.5266,40.5791,-0.0895082,1.8012
0,62.5,2.3177,38.5013,1.39564,1.32789
0,62.5,73.674,39.9173,-0.16924,0.0483754
0,62.5,3.34563,34.1889,-1.10743,0.378839
0,62.5,74.7822,36.7629,0.181552,0.0344797
0,62.5,2.82436,36.4182,-1.36529,1.59561
0,62.5,73.6147,41.2287,-0.644782,0.0674794
0,62.5,1.53848,41.6938,-0.557513,1.00883
0,62.5,75.089,41.7348,-0.204891,1.11115
0,62.5,2.02209,40.6083,0.490403,0.739833
0,62.5,74.3879,41.4569,-0.610185,0.588782
0,62.5,2.10611,40.8808,-0.0405186,1.05105
0,62.5,75.284,38.4845,0.237811,1.93145
0,62.5,3.59704,32.9468,-2.25098,-0.441532
0,62.5,73.3177,40.633,-0.428683,-0.430053
0,62.5,1.62151,37.0202,-1.58655,4.11206
0,62.5,74.811,41.0623,-0.0571008,1.31706
0,62.5,2.20427,32.1147,-0.823159,2.19867
0,62.5,73.7325,41.5135,-0.699867,0.162465
0,62.5,5.11372,21.5901,4.46689,-8.91245
0,62.5,75.0171,41.2962,-0.382552,1.58014
0,62.5,7.65207,35.3282,-0.777643,-0.609322
0,62.5,75.2785,40.6717,-0.387154,1.44373
0,62.5,3.33707,31.8672,-2.47393,-0.541226
0,62.5,73.9238,41.0873,-0.694914,0.567798
0,62.5,1.29386,33.2752,0.108374,2.91792
0,62.5,74.505,41.7179,-0.603846,0.475194
0,62.5,2.91397,41.4043,-0.298228,0.329786
0,62.5,75.1064,40.4468,-0.367214,1.29312
0,62.5,3.94803,35.1437,-0.934427,-0.631182
0,62.5,74.9879,38.6579,0.0670307,1.52943
0,62.5,2.44232,36.9119,-2.02346,2.80204
0,62.5,72.8195,39.3861,0.48216,-0.603103
0,62.5,3.06264,40.2968,0.86844,0.0105161
0,62.5,72.5554,41.729,-0.776714,-0.154667
0,62.5,2.46729,35.8398,-1.1123,3.24991
0,62.5,75.6867,43.2305,0.333362,1.22572
0,62.5,3.04471,38.6113,0.353956,-0.336615
0,62.5,74.423,43.0503,-0.309628,0.984592
0,62.5,3.36347,35.2808,-1.16771,0.399586
0,62.5,75.0563,42.7501,-0.430942,0.906416
0,62.5,2.27595,39.4283,0.864881,1.19051
0,62.5,75.9804,43.5478,0.386972,1.34646
0,62.5,2.97796,41.8285,0.455995,0.44617
0,62.5,73.1559,42.5069,-0.453329,0.123392
0,62.5,3.66758,39.8378,0.539978,-0.336033
0,62.5,73.5665,38.5566,0.340635,-0.351435
0,62.5,3.24554,39.004,0.0779413,-0.803046
0,62.5,72.7204,41.9834,-0.79726,-0.262629
0,62.5,1.57821,42.7006,-0.135677,0.712176
0,62.5,74.7876,42.7158,-0.474578,0.928402
0,62.5,4.00866,37.151,-0.329783,-0.843261
0,62.5,73.7463,43.1341,-0.439541,0.589025
0,62.5,3.30185,37.795,-0.204124,-0.24781
0,62.5,73.4433,42.9845,-0.560926,0.259187
0,62.5,3.23,40.7391,0.223807,0.0820866
0,62.5,73.8726,43.4233,0.0468323,0.561177
0,62.5,1.90626,38.4354,0.899914,3.08791
0,62.5,72.8988,42.4188,-0.454233,-0.0902257
0,62.5,3.24745,41.6864,0.280035,-0.0491248
0,62.5,74.1238,43.5242,-0.0897921,0.692152
0,62.5,4.10493,35.6978,-1.05694,-0.704178
0,62.5,74.9048,42.9629,-0.303921,0.890028
0,62.5,2.38575,40.4588,0.617076,0.933839
0,62.5,74.5093,43.2853,-0.157351,1.04464
0,62.5,1.88858,31.6803,-1.60147,2.35816
0,62.5,75.9855,43.3333,-0.294604,1.34114
0,62.5,5.11523,31.0232,-4.035,-1.25849
0,62.5,74.7104,43.1138,-0.271965,1.00008
0,62.5,4.8374,32.4189,-2.41122,-1.22417
0,62.5,75.1563,43.235,-0.0181357,1.07915
0,62.5,4.07896,33.9111,-1.23121,-0.252447
0,62.5,75.7045,43.4475,-0.0686972,1.14078
0,62.5,4.67031,36.7047,-0.379204,-1.44173
0,62.5,75.7305,43.6886,-0.0320459,1.08007
0,62.5,3.88792,36.8273,-0.626697,-0.838876
0,62.5,75.4703,43.7575,-0.0953056,0.982641
0,62.5,1.74956,30.7731,-1.67562,1.28938
0,62.5,75.7294,44.1544,-0.1528,0.599832
0,62.5,73.8698,39.8303,0.015448,0.297281
0,62.5,75.4521,44.0001,-0.288221,0.87372
0,62.5,3.36301,33.2844,-1.17392,0.103746
0,62.5,75.4806,44.2423,-0.0861602,0.789458
0,62.5,2.90535,29.6818,-3.67837,-3.02885
0,62.5,75.0306,44.1568,-0.0358311,0.73155
0,62.5,3.38868,34.4525,-1.07655,0.4213
0,62.5,75.2662,44.3337,-0.295229,0.742445
0,62.5,1.54431,41.2386,0.348577,1.4418
0,62.5,75.5067,44.5097,-0.372443,0.497667
0,62.5,4.93686,32.0515,-3.01962,-1.04427
0,62.5,75.742,45.1878,-0.00617929,0.813424
0,62.5,2.07544,36.6511,0.0985887,4.71672
0,62.5,75.288,44.879,-0.0311752,0.599118
0,62.5,74.2349,42.0914,-0.593783,0.769051
0,62.5,74.6167,44.9279,-0.186503,0.648428
0,62.5,3.79396,34.172,-1.23547,0.0340625
0,62.5,75.5256,44.7942,0.0523098,0.825664
0,62.5,6.37636,31.9752,-3.65902,-0.763407
0,62.5,75.729,45.4717,0.122321,1.018
0,62.5,2.36236,41.943,-0.159237,0.599979
0,62.5,75.7259,45.6986,-0.0814853,0.970239
0,62.5,3.23267,35.6415,-0.802598,0.829744
0,62.5,75.2808,45.1681,0.213739,0.692096
0,62.5,2.58556,34.7335,-0.93145,2.05506
0,62.5,75.4779,45.6747,-0.10535,0.802373
0,62.5,73.9728,39.0027,0.396325,0.273687
0,62.5,74.9074,45.5346,-0.0126913,0.433704
0,62.5,2.95352,39.2207,0.833238,-0.0100542
0,62.5,74.8876,45.9486,-0.149903,0.686602
0,62.5,3.48444,31.7076,-2.57245,-0.465821
0,62.5,75.2924,45.815,-0.0469676,0.508225
0,62.5,2.2627,40.6553,-0.157288,0.542651
0,62.5,75.5608,46.2505,-0.490109,0.549426
0,62.5,3.85442,39.5048,0.179805,-0.547025
0,62.5,75.344,46.1125,-0.311641,0.756952
0,62.5,1.84218,40.4053,-0.212704,1.30427
0,62.5,75.5875,46.5449,-0.00855467,0.76351
0,62.5,73.9529,42.023,-0.835318,0.638499
0,62.5,75.5767,46.8406,-0.318472,0.497191
0,62.5,2.79692,38.1499,0.119836,0.368268
0,62.5,75.7305,47.3249,0.141557,0.795275
0,62.5,3.81832,31.8906,-2.50408,-0.640611
0,62.5,75.6987,47.5569,0.46879,0.593206
0,62.5,76.0164,50.4041,0.0280483,0.229467
0,62.5,75.9653,47.4522,0.379078,0.187027
0,62.5,74.3257,40.9633,-0.474248,0.771271
0,62.5,75.7767,47.7975,-0.0972437,0.629171
0,62.5,19.4505,35.9261,-3.01264,2.34295
0,62.5,75.5327,47.8031,-0.160029,0.561811
0,62.5,4.0675,30.3477,-4.19526,-1.44193
0,62.5,75.5423,48.1548,-0.175024,0.400734
0,62.5,5.64091,32.7104,-2.51535,-1.08327
0,62.5,75.3229,48.321,-0.109982,0.523216
0,62.5,72.3637,30.8804,3.09942,-2.70768
0,62.5,75.5599,48.4209,-0.107641,0.38221
0,62.5,3.31398,32.0841,-1.94195,-0.487488
0,62.5,75.7995,48.5747,0.0718312,0.316408
0,62.5,1.26451,40.8751,-0.225878,1.31917
0,62.5,75.5947,48.7035,-0.0276239,0.268238
0,62.5,3.01202,38.9841,0.0415001,0.417161
0,62.5,75.8156,48.8594,-0.0356141,0.239976
0,62.5,15.3262,34.4714,-3.99867,0.434502
0,62.5,75.6031,48.998,-0.0560956,0.180103
0,62.5,38.7616,50.8422,-1.48526,-0.299273
0,62.5,75.5877,49.2841,0.00238884,0.266223
0,62.5,38.149,47.8658,-0.153433,-1.51068
0,62.5,75.3598,49.6384,-0.248308,0.0799334
0,62.5,37.7738,51.0339,-1.23027,-1.06413
0,62.5,75.8133,49.4315,-0.0133623,0.273161
0,62.5,36.8529,50.7892,0.581303,-0.134555
0,62.5,75.5794,49.5276,-0.0127388,0.234357
0,62.5,38.5649,50.6255,-1.04949,0.0295372
0,62.5,75.8184,49.7157,-0.0704968,0.372407
0,62.5,37.1084,50.7614,-0.391416,-0.0369974
0,62.5,75.6038,50.1239,-0.270886,0.295085
0,62.5,36.8823,50.5401,-0.919179,0.107308
0,62.5,75.7732,50.311,-0.0632951,0.253198
0,62.5,35.9323,51.0166,-0.735667,-0.964059
0,62.5,75.8423,50.5862,-0.169316,0.183045
0,62.5,35.2768,50.7855,-0.254568,-0.462776
0,62.5,75.593,50.502,-0.133377,0.166951
0,62.5,35.3911,51.0137,-0.0956981,-0.267251
0,62.5,75.5478,50.9959,-0.13125,-0.184687
0,62.5,47.5657,33.2204,12.6054,3.76514
0,62.5,72.4141,23.8382,-3.60244,-5.28928
0,62.5,28.678,38.0477,-3.10745,2.22814
0,62.5,74.9751,30.4445,1.47763,-2.05639
0,62.5,27.6505,32.5476,-1.88024,3.30117
0,62.5,73.8438,33.6049,1.17275,-1.06806
0,62.5,26.1494,37.339,-0.76503,1.61597
0,62.5,75.4469,37.0993,0.025542,1.70273
0,62.5,32.1737,38.769,0.359459,0.830015
0,62.5,67.5645,20.1656,-6.02138,0.812772
0,62.5,45.3207,32.1878,6.00023,1.88661
0,62.5,74.9826,42.1684,-0.283714,1.00967
0,62.5,38.778,39.002,1.45312,-4.45274
0,62.5,75.9846,41.1959,-0.319354,1.1365
0,62.5,40.1427,46.3993,3.01387,8.80547
0,62.5,75.798,36.0495,-0.547154,1.18556
0,62.5,39.2356,44.5921,-0.308539,4.08959
0,62.5,73.7089,42.0548,-0.751191,0.355986
0,62.5,39.8946,46.9443,2.5527,6.00824
0,62.5,75.8878,37.8516,0.277234,1.77816
0,62.5,39.5084,45.5742,2.6411,5.91886
0,62.5,73.6718,34.2173,0.720326,-1.14572
0,62.5,38.0025,40.115,0.887984,0.364682
0,62.5,75.7267,36.5708,0.01354,1.59863
0,62.5,30.3503,38.1502,1.28584,0.442256
0,62.5,73.507,41.9367,-0.952248,0.20675
0,62.5,15.4542,35.1955,-3.37449,1.24243
0,62.5,72.2242,33.3955,1.9995,-2.58006
0,62.5,12.541,32.6075,-2.54593,-0.991128
0,62.5,71.333,32.5405,2.81031,-1.65827
0,62.5,13.3293,32.042,-2.77515,-1.37727
0,62.5,73.5289,27.8903,3.08175,-3.44573
0,62.5,5.00893,21.695,4.57404,-8.89166
0,62.5,74.7142,31.4628,1.82735,-1.32365
0,62.5,3.04976,41.5854,0.221174,0.281928
0,62.5,75.7327,39.2138,-0.00997811,1.96539
0,62.5,2.24861,41.6454,0.226627,1.10943
0,62.5,74.7793,42.2569,-0.6058,0.511932
0,62.5,1.4758,39.8227,0.604844,1.01649
0,62.5,75.4978,37.4611,0.277772,1.55545
0,62.5,3.29231,38.4763,0.0625906,-0.679703
0,62.5,75.6807,42.2512,0.15795,1.58491
0,62.5,2.26828,38.8025,1.72044,0.836332
0,62.5,74.4141,38.858,0.863728,0.807012
0,62.5,2.01168,22.3266,0.334058,-7.48052
0,62.5,73.4603,40.8252,-0.553714,-0.0765458
0,62.5,1.91838,35.0741,0.0914544,4.04583
0,62.5,73.3965,40.1981,-0.0799379,-0.384974
0,62.5,1.66861,34.5603,-0.14143,4.24853
0,62.5,76.041,36.1396,-1.55725,0.586072
0,62.5,2.40474,36.682,-0.903046,1.91424
0,62.5,74.758,41.736,-0.362389,0.986504
0,62.5,7.67905,35.6326,-0.520814,-0.822433
0,62.5,72.7281,40.8183,-0.208795,-0.628032
0,62.5,2.60566,30.4936,-2.79099,-0.629121
0,62.5,74.8752,39.3981,0.337316,1.55167
0,62.5,6.9329,31.5439,-4.18412,-2.18583
0,62.5,73.6116,42.6301,-0.476434,0.470957
0,62.5,1.24284,42.7704,-0.190297,0.163488
0,62.5,75.6802,41.5881,0.0436189,1.47337
0,62.5,3.47783,37.5477,-0.3764,-0.627223
0,62.5,74.0922,42.8104,-0.396695,0.543975
0,62.5,2.40567,35.6444,-0.518131,2.48271
0,62.5,75.4258,41.0706,-0.324476,1.51977
0,62.5,1.72133,41.995,0.032368,0.751902
0,62.5,75.0972,41.0772,-0.240728,1.58634
0,62.5,3.71156,35.9439,-0.973955,-0.189397
0,62.5,74.0286,43.2476,-0.181592,0.457554
0,62.5,3.64834,39.0919,0.325866,-1.09113
0,62.5,75.1876,41.4949,0.125206,1.50461
0,62.5,4.74699,36.2579,-0.808021,-1.0342
0,62.5,73.4968,42.2137,-0.874049,0.243444
0,62.5,1.2717,27.3931,1.73463,-4.7252
0,62.5,73.151,42.2596,-0.7725,0.108297
0,62.5,2.27417,38.1048,1.11847,0.992761
0,62.5,72.7011,41.5037,-0.505499,-0.286317
0,62.5,3.40196,36.4547,-1.16122,-0.00922532
0,62.5,74.3386,42.803,-0.35382,0.992868
0,62.5,3.26975,35.868,-0.876335,1.19285
0,62.5,73.1192,41.4703,-0.734409,-0.436654
0,62.5,6.62804,34.2848,-1.29092,-0.679878
0,62.5,73.271,42.0674,-0.843766,0.0108573
0,62.5,3.1496,39.9814,0.131232,0.547377
0,62.5,74.3656,42.3803,-0.432179,0.684541
0,62.5,7.03322,35.6516,-0.702637,-0.712437
0,62.5,75.4358,42.3626,-0.237239,1.12566
0,62.5,2.6505,36.6151,-1.73869,2.39803
0,62.5,74.2013,42.5626,-0.502246,0.737398
0,62.5,15.5663,26.3955,9.66917,1.14802
0,62.5,73.5879,41.712,-0.94235,0.200455
0,62.5,4.51882,31.9443,-3.4215,-0.983032
0,62.5,73.3465,41.6119,-0.882317,-0.0577563
0,62.5,2.87347,29.1925,-4.07101,-2.86598
0,62.5,75.5918,42.8233,-0.612054,1.42225
0,62.5,2.7263,37.1098,-1.49541,2.20659
0,62.5,75.7582,43.0097,0.0452428,1.19789
0,62.5,3.50262,33.5711,-1.29527,-0.164299
0,62.5,74.6132,42.8748,-0.399897,1.0174
0,62.5,4.36411,36.3848,-0.836657,-1.59597
0,62.5,75.3327,42.836,-0.541029,1.30112
0,62.5,5.90032,22.9209,5.36863,-6.73833
0,62.5,75.1544,43.0026,-0.198439,1.12453
0,62.5,3.49219,29.9629,-4.23813,-1.98949
0,62.5,75.4643,43.056,0.064453,1.46798
0,62.5,2.10364,40.3743,0.39297,0.586295
0,62.5,75.9944,43.1035,0.199174,1.3342
0,62.5,3.59,34.6847,-1.10528,-0.276755
0,62.5,75.4068,43.2758,-0.0860558,1.18362
0,62.5,3.29698,36.6946,-1.22159,-0.25175
0,62.5,75.9801,43.7893,-0.243341,1.16111
0,62.5,3.36675,30.5395,-3.37369,-1.2037
0,62.5,76.0018,44.0151,0.344202,1.19462
0,62.5,6.80952,34.5003,-1.10096,-0.682334
0,62.5,75.718,43.9257,-0.00591296,0.983238
0,62.5,6.86987,33.6673,-1.25453,-0.519358
0,62.5,75.9709,44.252,-0.129964,0.868012
0,62.5,9.62203,32.6285,-1.78078,-0.755031
0,62.5,76.0036,44.4813,-0.284528,1.04819
0,62.5,2.67762,38.3435,-0.0617084,0.522031
0,62.5,75.7316,44.4061,0.098717,0.876358
0,62.5,3.04096,33.508,-0.875331,0.543988
0,62.5,75.9787,44.7185,0.209678,1.03024
0,62.5,3.22677,38.7465,0.192338,-0.334865
0,62.5,75.2211,44.0395,-0.152044,0.717207
0,62.5,1.66622,38.3683,1.23944,3.20145
0,62.5,75.7386,44.6577,-0.309919,0.504862
0,62.5,2.17053,36.8631,-1.35877,3.68367
0,62.5,75.9964,44.9524,-0.521865,0.824668
0,62.5,2.64214,29.5479,-3.25007,-2.47326
0,62.5,75.7493,44.9338,0.00917786,0.790848
0,62.5,3.53608,37.7983,-0.065894,-0.903489
0,62.5,75.9911,45.198,0.370469,1.1769
0,62.5,3.75361,33.5775,-1.38794,-0.439474
0,62.5,75.9847,45.4252,-0.41608,1.01989
0,62.5,6.70032,34.6839,-1.41242,-0.83473
0,62.5,76.0032,45.8954,-0.216939,0.876539
0,62.5,2.17331,22.6434,0.771902,-7.69963
0,62.5,75.9872,45.6588,0.147078,1.36982
0,62.5,1.52204,36.2022,0.285173,4.76576
0,62.5,75.9925,46.1357,-0.0026674,0.965094
0,62.5,75.7996,50.0074,-0.193174,0.303258
0,62.5,75.3618,45.4677,-0.00552854,0.766686
0,62.5,3.09211,35.5087,-1.06927,0.680499
0,62.5,75.7492,45.9532,-0.247126,1.01162
0,62.5,2.41302,33.5562,-0.293802,1.76573
0,62.5,75.7775,46.2255,-0.179776,0.919182
0,62.5,4.61057,20.4934,3.42104,-9.10796
0,62.5,75.5316,45.9498,0.143688,0.888972
0,62.5,2.90937,39.9656,0.0511102,0.527872
0,62.5,76.0292,46.4031,-0.4723,0.535311
0,62.5,3.80164,36.582,-1.23893,-0.240306
0,62.5,76.0049,46.6665,0.281327,0.659374
0,62.5,5.68197,33.2362,-1.87019,-0.905196
0,62.5,75.7906,46.5006,-0.22005,0.609814
0,62.5,2.55857,28.6226,-4.72098,-3.98421
0,62.5,76.0212,46.9455,-0.429381,0.0762263
0,62.5,1.25934,28.1873,0.553174,-3.44717
0,62.5,75.7987,46.7926,-0.0985533,0.678151
0,62.5,74.2455,31.5737,1.8748,-1.48311
0,62.5,76.006,47.221,0.358965,0.211315
0,62.5,2.46218,34.0663,-0.563885,2.12388
0,62.5,75.7994,47.0672,-0.180847,0.601288
0,62.5,76.0178,42.8567,0.0782935,1.24644
0,62.5,76.0055,47.6717,0.210359,0.526547
0,62.5,36.7532,51.0112,-0.255635,0.265283
0,62.5,76.0056,47.9336,-0.196316,0.314038
0,62.5,5.38432,31.6366,-3.41409,-1.05843
0,62.5,76.0028,48.1754,0.236623,0.453789
0,62.5,2.71755,28.6837,-4.94166,-3.43717
0,62.5,75.7438,48.0416,-0.0529288,0.68957
0,62.5,36.7178,50.2792,-0.582114,0.170761
0,62.5,75.7858,48.3033,-0.022665,0.366605
0,62.5,76.0048,50.9768,0.0262472,0.132028
0,62.5,76.0172,48.4425,0.0302889,0.159225
0,62.5,36.4737,51.0226,-0.58787,-0.392474
0,62.5,76.0211,48.72,-0.010427,0.336232
0,62.5,74.1237,34.8381,0.337027,-1.06588
0,62.5,76.0218,49.0145,-0.0135655,0.312165
0,62.5,1.50593,42.9198,-0.566494,0.759002
0,62.5,76.0225,49.3032,0.0176211,0.277817
0,62.5,3.34201,36.1277,-1.15368,-0.0843004
0,62.5,75.8126,49.1473,0.00890943,0.28088
0,62.5,37.6185,50.8199,-1.46451,-0.412074
0,62.5,76.0229,49.5935,0.0706853,0.263369
0,62.5,37.8956,50.8173,-0.642918,-0.705822
0,62.5,76.0261,49.8851,-0.0721926,0.267642
0,62.5,37.2595,50.9945,-0.989653,-0.747552
1,62.5,1,50.75,0,0
1,62.5,76.25,50.5,0,0
1,62.5,76.5,50.5,0,0
1,62.5,0.75,51,0,0
1,62.5,1,51,0,0
1,62.5,76.25,50.75,0,0
1,62.5,76.5,50.75,0,0
1,62.5,0.75,51.25,0,0
1,62.5,1,51.25,0,0
1,62.5,76.25,51,0,0
1,62.5,76.5,51,0,0
1,62.5,0.75,51.5,0,0
1,62.5,1,51.5,0,0
1,62.5,0.75,0.75,0,0
1,62.5,0.75,1,0,0
1,62.5,1.25,51.25,0,0
1,62.5,1.25,51.5,0,0
1,62.5,1,0.75,0,0
1,62.5,1,1,0,0
1,62.5,1.5,51.25,0,0
1,62.5,1.5,51.5,0,0
1,62.5,1.25,0.75,0,0
1,62.5,1.25,1,0,0
1,62.5,1.75,51.25,0,0
1,62.5,1.75,51.5,0,0
1,62.5,1.5,0.75,0,0
1,62.5,1.5,1,0,0
1,62.5,2,51.25,0,0
1,62.5,2,51.5,0,0
1,62.5,1.75,0.75,0,0
1,62.5,1.75,1,0,0
1,62.5,2.25,51.25,0,0
1,62.5,2.25,51.5,0,0
1,62.5,2,0.75,0,0
1,62.5,2,1,0,0
1,62.5,2.5,51.25,0,0
1,62.5,2.5,51.5,0,0
1,62.5,2.25,0.75,0,0
1,62.5,2.25,1,0,0
1,62.5,2.75,51.25,0,0
1,62.5,2.75,51.5,0,0
1,62.5,2.5,0.75,0,0
1,62.5,2.5,1,0,0
1,62.5,3,51.25,0,0
1,62.5,3,51.5,0,0
1,62.5,2.75,0.75,0,0
1,62.5,2.75,1,0,0
1,62.5,3.25,51.25,0,0
1,62.5,3.25,51.5,0,0
1,62.5,3,0.75,0,0
1,62.5,3,1,0,0
1,62.5,3.5,51.25,0,0
1,62.5,3.5,51.5,0,0
1,62.5,3.25,0.75,0,0
1,62.5,3.25,1,0,0
1,62.5,3.75,51.25,0,0
1,62.5,3.75,51.5,0,0
1,62.5,3.5,0.75,0,0
1,62.5,3.5,1,0,0
1,62.5,4,51.25,0,0
1,62.5,4,51.5,0,0
1,62.5,3.75,0.75,0,0
1,62.5,3.75,1,0,0
1,62.5,4.25,51.25,0,0
1,62.5,4.25,51.5,0,0
1,62.5,4,0.75,0,0
1,62.5,4,1,0,0
1,62.5,4.5,51.25,0,0
1,62.5,4.5,51.5,0,0
1,62.5,4.25,0.75,0,0
1,62.5,4.25,1,0,0
1,62.5,4.75,51.25,0,0
1,62.5,4.75,51.5,0,0
1,62.5,4.5,0.75,0,0
1,62.5,4.5,1,0,0
1,62.5,5,51.25,0,0
1,62.5,5,51.5,0,0
1,62.5,4.75,0.75,0,0
1,62.5,4.75,1,0,0
1,62.5,5.25,51.25,0,0
1,62.5,5.25,51.5,0,0
1,62.5,5,0.75,0,0
1,62.5,5,1,0,0
1,62.5,5.5,51.25,0,0
1,62.5,5.5,51.5,0,0
1,62.5,5.25,0.75,0,0
1,62.5,5.25,1,0,0
1,62.5,5.75,51.25,0,0
1,62.5,5.75,51.5,0,0
1,62.5,5.5,0.75,0,0
1,62.5,5.5,1,0,0
1,62.5,6,51.25,0,0
1,62.5,6,51.5,0,0
1,62.5,5.75,0.75,0,0
1,62.5,5.75,1,0,0
1,62.5,6.25,51.25,0,0
1,62.5,6.25,51.5,0,0
1,62.5,6,0.75,0,0
1,62.5,6,1,0,0
1,62.5,6.5,51.25,0,0
1,62.5,6.5,51.5,0,0
1,62.5,6.25,0.75,0,0
1,62.5,6.25,1,0,0
1,62.5,6.75,51.25,0,0
1,62.5,6.75,51.5,0,0
1,62.5,6.5,0.75,0,0
1,62.5,6.5,1,0,0
1,62.5,7,51.25,0,0
1,62.5,7,51.5,0,0
1,62.5,6.75,0.75,0,0
1,62.5,6.75,1,0,0
1,62.5,7.25,51.25,0,0
1,62.5,7.25,51.5,0,0
1,62.5,7,0.75,0,0
1,62.5,7,1,0,0
1,62.5,7.5,51.25,0,0
1,62.5,7.5,51.5,0,0
1,62.5,7.25,0.75,0,0
1,62.5,7.25,1,0,0
1,62.5,7.75,51.25,0,0
1,62.5,7.75,51.5,0,0
1,62.5,7.5,0.75,0,0
1,62.5,7.5,1,0,0
1,62.5,8,51.25,0,0
1,62.5,8,51.5,0,0
1,62.5,7.75,0.75,0,0
1,62.5,7.75,1,0,0
1,62.5,8.25,51.25,0,0
1,62.5,8.25,51.5,0,0
1,62.5,8,0.75,0,0
1,62.5,8,1,0,0
1,62.5,8.5,51.25,0,0
1,62.5,8.5,51.5,0,0
1,62.5,8.25,0.75,0,0
1,62.5,8.25,1,0,0
1,62.5,8.75,51.25,0,0
1,62.5,8.75,51.5,0,0
1,62.5,8.5,0.75,0,0
1,62.5,8.5,1,0,0
1,62.5,9,51.25,0,0
1,62.5,9,51.5,0,0
1,62.5,8.75,0.75,0,0
1,62.5,8.75,1,0,0
1,62.5,9.25,51.25,0,0
1,62.5,9.25,51.5,0,0
1,62.5,9,0.75,0,0
1,62.5,9,1,0,0
1,62.5,9.5,51.25,0,0
1,62.5,9.5,51.5,0,0
1,62.5,9.25,0.75,0,0
1,62.5,9.25,1,0,0
1,62.5,9.75,51.25,0,0
1,62.5,9.75,51.5,0,0
1,62.5,9.5,0.75,0,0
1,62.5,9.5,1,0,0
1,62.5,10,51.25,0,0
1,62.5,10,51.5,0,0
1,62.5,9.75,0.75,0,0
1,62.5,9.75,1,0,0
1,62.5,10.25,51.25,0,0
1,62.5,10.25,51.5,0,0
1,62.5,10,0.75,0,0
1,62.5,10,1,0,0
1,62.5,10.5,51.25,0,0
1,62.5,10.5,51.5,0,0
1,62.5,10.25,0.75,0,0
1,62.5,10.25,1,0,0
1,62.5,10.75,51.25,0,0
1,62.5,10.75,51.5,0,0
1,62.5,10.5,0.75,0,0
1,62.5,10.5,1,0,0
1,62.5,11,51.25,0,0
1,62.5,11,51.5,0,0
1,62.5,10.75,0.75,0,0
1,62.5,10.75,1,0,0
1,62.5,11.25,51.25,0,0
1,62.5,11.25,51.5,0,0
1,62.5,11,0.75,0,0
1,62.5,11,1,0,0
1,62.5,11.5,51.25,0,0
1,62.5,11.5,51.5,0,0
1,62.5,11.25,0.75,0,0
1,62.5,11.25,1,0,0
1,62.5,11.75,51.25,0,0
1,62.5,11.75,51.5,0,0
1,62.5,11.5,0.75,0,0
1,62.5,11.5,1,0,0
1,62.5,12,51.25,0,0
1,62.5,12,51.5,0,0
1,62.5,11.75,0.75,0,0
1,62.5,11.75,1,0,0
1,62.5,12.25,51.25,0,0
1,62.5,12.25,51.5,0,0
1,62.5,12,0.75,0,0
1,62.5,12,1,0,0
1,62.5,12.5,51.25,0,0
1,62.5,12.5,51.5,0,0
1,62.5,12.25,0.75,0,0
1,62.5,12.25,1,0,0
1,62.5,12.75,51.25,0,0
1,62.5,12.75,51.5,0,0
1,62.5,12.5,0.75,0,0
1,62.5,12.5,1,0,0
1,62.5,13,51.25,0,0
1,62.5,13,51.5,0,0
1,62.5,12.75,0.75,0,0
1,62.5,12.75,1,0,0
1,62.5,13.25,51.25,0,0
1,62.5,13.25,51.5,0,0
1,62.5,13,0.75,0,0
1,62.5,13,1,0,0
1,62.5,13.5,51.25,0,0
1,62.5,13.5,51.5,0,0
1,62.5,13.25,0.75,0,0
1,62.5,13.25,1,0,0
1,62.5,13.75,51.25,0,0
1,62.5,13.75,51.5,0,0
1,62.5,13.5,0.75,0,0
1,62.5,13.5,1,0,0
1,62.5,14,51.25,0,0
1,62.5,14,51.5,0,0
1,62.5,13.75,0.75,0,0
1,62.5,13.75,1,0,0
1,62.5,14.25,51.25,0,0
1,62.5,14.25,51.5,0,0
1,62.5,14,0.75,0,0
1,62.5,14,1,0,0
1,62.5,14.5,51.25,0,0
1,62.5,14.5,51.5,0,0
1,62.5,14.25,0.75,0,0
1,62.5,14.25,1,0,0
1,62.5,14.75,51.25,0,0
1,62.5,14.75,51.5,0,0
1,62.5,14.5,0.75,0,0
1,62.5,14.5,1,0,0
1,62.5,15,51.25,0,0
1,62.5,15,51.5,0,0
1,62.5,14.75,0.75,0,0
1,62.5,14.75,1,0,0
1,62.5,15.25,51.25,0,0
1,62.5,15.25,51.5,0,0
1,62.5,15,0.75,0,0
1,62.5,15,1,0,0
1,62.5,15.5,51.25,0,0
1,62.5,15.5,51.5,0,0
1,62.5,15.25,0.75,0,0
1,62.5,15.25,1,0,0
1,62.5,15.75,51.25,0,0
1,62.5,15.75,51.5,0,0
1,62.5,15.5,0.75,0,0
1,62.5,15.5,1,0,0
1,62.5,16,51.25,0,0
1,62.5,16,51.5,0,0
1,62.5,15.75,0.75,0,0
1,62.5,15.75,1,0,0
1,62.5,16.25,51.25,0,0
1,62.5,16.25,51.5,0,0
1,62.5,16,0.75,0,0
1,62.5,16,1,0,0
1,62.5,16.5,51.25,0,0
1,62.5,16.5,51.5,0,0
1,62.5,16.25,0.75,0,0
1,62.5,16.25,1,0,0
1,62.5,16.75,51.25,0,0
1,62.5,16.75,51.5,0,0
1,62.5,16.5,0.75,0,0
1,62.5,16.5,1,0,0
1,62.5,17,51.25,0,0
1,62.5,17,51.5,0,0
1,62.5,16.75,0.75,0,0
1,62.5,16.75,1,0,0
1,62.5,17.25,51.25,0,0
1,62.5,17.25,51.5,0,0
1,62.5,17,0.75,0,0
1,62.5,17,1,0,0
1,62.5,17.5,51.25,0,0
1,62.5,17.5,51.5,0,0
1,62.5,17.25,0.75,0,0
1,62.5,17.25,1,0,0
1,62.5,17.75,51.25,0,0
1,62.5,17.75,51.5,0,0
1,62.5,17.5,0.75,0,0
1,62.5,17.5,1,0,0
1,62.5,18,51.25,0,0
1,62.5,18,51.5,0,0
1,62.5,17.75,0.75,0,0
1,62.5,17.75,1,0,0
1,62.5,18.25,51.25,0,0
1,62.5,18.25,51.5,0,0
1,62.5,18,0.75,0,0
1,62.5,18,1,0,0
1,62.5,18.5,51.25,0,0
1,62.5,18.5,51.5,0,0
1,62.5,18.25,0.75,0,0
1,62.5,18.25,1,0,0
1,62.5,18.75,51.25,0,0
1,62.5,18.75,51.5,0,0
1,62.5,18.5,0.75,0,0
1,62.5,18.5,1,0,0
1,62.5,19,51.25,0,0
1,62.5,19,51.5,0,0
1,62.5,18.75,0.75,0,0
1,62.5,18.75,1,0,0
1,62.5,19.25,51.25,0,0
1,62.5,19.25,51.5,0,0
1,62.5,19,0.75,0,0
1,62.5,19,1,0,0
1,62.5,19.5,51.25,0,0
1,62.5,19.5,51.5,0,0
1,62.5,19.25,0.75,0,0
1,62.5,19.25,1,0,0
1,62.5,19.75,51.25,0,0
1,62.5,19.75,51.5,0,0
1,62.5,19.5,0.75,0,0
1,62.5,19.5,1,0,0
1,62.5,20,51.25,0,0
1,62.5,20,51.5,0,0
1,62.5,19.75,0.75,0,0
1,62.5,19.75,1,0,0
1,62.5,20.25,51.25,0,0
1,62.5,20.25,51.5,0,0
1,62.5,20,0.75,0,0
1,62.5,20,1,0,0
1,62.5,20.5,51.25,0,0
1,62.5,20.5,51.5,0,0
1,62.5,20.25,0.75,0,0
1,62.5,20.25,1,0,0
1,62.5,20.75,51.25,0,0
1,62.5,20.75,51.5,0,0
1,62.5,20.5,0.75,0,0
1,62.5,20.5,1,0,0
1,62.5,21,51.25,0,0
1,62.5,21,51.5,0,0
1,62.5,20.75,0.75,0,0
1,62.5,20.75,1,0,0
1,62.5,21.25,51.25,0,0
1,62.5,21.25,51.5,0,0
1,62.5,21,0.75,0,0
1,62.5,21,1,0,0
1,62.5,21.5,51.25,0,0
1,62.5,21.5,51.5,0,0
1,62.5,21.25,0.75,0,0
1,62.5,21.25,1,0,0
1,62.5,21.75,51.25,0,0
1,62.5,21.75,51.5,0,0
1,62.5,21.5,0.75,0,0
1,62.5,21.5,1,0,0
1,62.5,22,51.25,0,0
1,62.5,22,51.5,0,0
1,62.5,21.75,0.75,0,0
1,62.5,21.75,1,0,0
1,62.5,22.25,51.25,0,0
1,62.5,22.25,51.5,0,0
1,62.5,22,0.75,0,0
1,62.5,22,1,0,0
1,62.5,22.5,51.25,0,0
1,62.5,22.5,51.5,0,0
1,62.5,22.25,0.75,0,0
1,62.5,22.25,1,0,0
1,62.5,22.75,51.25,0,0
1,62.5,22.75,51.5,0,0
1,62.5,22.5,0.75,0,0
1,62.5,22.5,1,0,0
1,62.5,23,51.25,0,0
1,62.5,23,51.5,0,0
1,62.5,22.75,0.75,0,0
1,62.5,22.75,1,0,0
1,62.5,23.25,51.25,0,0
1,62.5,23.25,51.5,0,0
1,62.5,23,0.75,0,0
1,62.5,23,1,0,0
1,62.5,23.5,51.25,0,0
1,62.5,23.5,51.5,0,0
1,62.5,23.25,0.75,0,0
1,62.5,23.25,1,0,0
1,62.5,23.75,51.25,0,0
1,62.5,23.75,51.5,0,0
1,62.5,23.5,0.75,0,0
1,62.5,23.5,1,0,0
1,62.5,24,51.25,0,0
1,62.5,24,51.5,0,0
1,62.5,23.75,0.75,0,0
1,62.5,23.75,1,0,0
1,62.5,24.25,51.25,0,0
1,62.5,24.25,51.5,0,0
1,62.5,24,0.75,0,0
1,62.5,24,1,0,0
1,62.5,24.5,51.25,0,0
1,62.5,24.5,51.5,0,0
1,62.5,24.25,0.75,0,0
1,62.5,24.25,1,0,0
1,62.5,24.75,51.25,0,0
1,62.5,24.75,51.5,0,0
1,62.5,24.5,0.75,0,0
1,62.5,24.5,1,0,0
1,62.5,25,51.25,0,0
1,62.5,25,51.5,0,0
1,62.5,24.75,0.75,0,0
1,62.5,24.75,1,0,0
1,62.5,25.25,51.25,0,0
1,62.5,25.25,51.5,0,0
1,62.5,25,0.75,0,0
1,62.5,25,1,0,0
1,62.5,25.5,51.25,0,0
1,62.5,25.5,51.5,0,0
1,62.5,25.25,0.75,0,0
1,62.5,25.25,1,0,0
1,62.5,25.75,51.25,0,0
1,62.5,25.75,51.5,0,0
1,62.5,25.5,0.75,0,0
1,62.5,25.5,1,0,0
1,62.5,26,51.25,0,0
1,62.5,26,51.5,0,0
1,62.5,25.75,0.75,0,0
1,62.5,25.75,1,0,0
1,62.5,26.25,51.25,0,0
1,62.5,26.25,51.5,0,0
1,62.5,26,0.75,0,0
1,62.5,26,1,0,0
1,62.5,26.5,51.25,0,0
1,62.5,26.5,51.5,0,0
1,62.5,26.25,0.75,0,0
1,62.5,26.25,1,0,0
1,62.5,26.75,51.25,0,0
1,62.5,26.75,51.5,0,0
1,62.5,26.5,0.75,0,0
1,62.5,26.5,1,0,0
1,62.5,27,51.25,0,0
1,62.5,27,51.5,0,0
1,62.5,26.75,0.75,0,0
1,62.5,26.75,1,0,0
1,62.5,27.25,51.25,0,0
1,62.5,27.25,51.5,0,0
1,62.5,27,0.75,0,0
1,62.5,27,1,0,0
1,62.5,27.5,51.25,0,0
1,62.5,27.5,51.5,0,0
1,62.5,27.25,0.75,0,0
1,62.5,27.25,1,0,0
1,62.5,27.75,51.25,0,0
1,62.5,27.75,51.5,0,0
1,62.5,27.5,0.75,0,0
1,62.5,27.5,1,0,0
1,62.5,28,51.25,0,0
1,62.5,28,51.5,0,0
1,62.5,27.75,0.75,0,0
1,62.5,27.75,1,0,0
1,62.5,28.25,51.25,0,0
1,62.5,28.25,51.5,0,0
1,62.5,28,0.75,0,0
1,62.5,28,1,0,0
1,62.5,28.5,51.25,0,0
1,62.5,28.5,51.5,0,0
1,62.5,28.25,0.75,0,0
1,62.5,28.25,1,0,0
1,62.5,28.75,51.25,0,0
1,62.5,28.75,51.5,0,0
1,62.5,28.5,0.75,0,0
1,62.5,28.5,1,0,0
1,62.5,29,51.25,0,0
1,62.5,29,51.5,0,0
1,62.5,28.75,0.75,0,0
1,62.5,28.75,1,0,0
1,62.5,29.25,51.25,0,0
1,62.5,29.25,51.5,0,0
1,62.5,29,0.75,0,0
1,62.5,29,1,0,0
1,62.5,29.5,51.25,0,0
1,62.5,29.5,51.5,0,0
1,62.5,29.25,0.75,0,0
1,62.5,29.25,1,0,0
1,62.5,29.75,51.25,0,0
1,62.5,29.75,51.5,0,0
1,62.5,29.5,0.75,0,0
1,62.5,29.5,1,0,0
1,62.5,30,51.25,0,0
1,62.5,30,51.5,0,0
1,62.5,29.75,0.75,0,0
1,62.5,29.75,1,0,0
1,62.5,30.25,51.25,0,0
1,62.5,30.25,51.5,0,0
1,62.5,30,0.75,0,0
1,62.5,30,1,0,0
1,62.5,30.5,51.25,0,0
1,62.5,30.5,51.5,0,0
1,62.5,30.25,0.75,0,0
1,62.5,30.25,1,0,0
1,62.5,30.75,51.25,0,0
1,62.5,30.75,51.5,0,0
1,62.5,30.5,0.75,0,0
1,62.5,30.5,1,0,0
1,62.5,31,51.25,0,0
1,62.5,31,51.5,0,0
1,62.5,30.75,0.75,0,0
1,62.5,30.75,1,0,0
1,62.5,31.25,51.25,0,0
1,62.5,31.25,51.5,0,0
1,62.5,31,0.75,0,0
1,62.5,31,1,0,0
1,62.5,31.5,51.25,0,0
1,62.5,31.5,51.5,0,0
1,62.5,31.25,0.75,0,0
1,62.5,31.25,1,0,0
1,62.5,31.75,51.25,0,0
1,62.5,31.75,51.5,0,0
1,62.5,31.5,0.75,0,0
1,62.5,31.5,1,0,0
1,62.5,32,51.25,0,0
1,62.5,32,51.5,0,0
1,62.5,31.75,0.75,0,0
1,62.5,31.75,1,0,0
1,62.5,32.25,51.25,0,0
1,62.5,32.25,51.5,0,0
1,62.5,32,0.75,0,0
1,62.5,32,1,0,0
1,62.5,32.5,51.25,0,0
1,62.5,32.5,51.5,0,0
1,62.5,32.25,0.75,0,0
1,62.5,32.25,1,0,0
1,62.5,32.75,51.25,0,0
1,62.5,32.75,51.5,0,0
1,62.5,32.5,0.75,0,0
1,62.5,32.5,1,0,0
1,62.5,33,51.25,0,0
1,62.5,33,51.5,0,0
1,62.5,32.75,0.75,0,0
1,62.5,32.75,1,0,0
1,62.5,33.25,51.25,0,0
1,62.5,33.25,51.5,0,0
1,62.5,33,0.75,0,0
1,62.5,33,1,0,0
1,62.5,33.5,51.25,0,0
1,62.5,33.5,51.5,0,0
1,62.5,33.25,0.75,0,0
1,62.5,33.25,1,0,0
1,62.5,33.75,51.25,0,0
1,62.5,33.75,51.5,0,0
1,62.5,33.5,0.75,0,0
1,62.5,33.5,1,0,0
1,62.5,34,51.25,0,0
1,62.5,34,51.5,0,0
1,62.5,33.75,0.75,0,0
1,62.5,33.75,1,0,0
1,62.5,34.25,51.25,0,0
1,62.5,34.25,51.5,0,0
1,62.5,34,0.75,0,0
1,62.5,34,1,0,0
1,62.5,34.5,51.25,0,0
1,62.5,34.5,51.5,0,0
1,62.5,34.25,0.75,0,0
1,62.5,34.25,1,0,0
1,62.5,34.75,51.25,0,0
1,62.5,34.75,51.5,0,0
1,62.5,34.5,0.75,0,0
1,62.5,34.5,1,0,0
1,62.5,35,51.25,0,0
1,62.5,35,51.5,0,0
1,62.5,34.75,0.75,0,0
1,62.5,34.75,1,0,0
1,62.5,35.25,51.25,0,0
1,62.5,35.25,51.5,0,0
1,62.5,35,0.75,0,0
1,62.5,35,1,0,0
1,62.5,35.5,51.25,0,0
1,62.5,35.5,51.5,0,0
1,62.5,35.25,0.75,0,0
1,62.5,35.25,1,0,0
1,62.5,35.75,51.25,0,0
1,62.5,35.75,51.5,0,0
1,62.5,35.5,0.75,0,0
1,62.5,35.5,1,0,0
1,62.5,36,51.25,0,0
1,62.5,36,51.5,0,0
1,62.5,35.75,0.75,0,0
1,62.5,35.75,1,0,0
1,62.5,36.25,51.25,0,0
1,62.5,36.25,51.5,0,0
1,62.5,36,0.75,0,0
1,62.5,36,1,0,0
1,62.5,36.5,51.25,0,0
1,62.5,36.5,51.5,0,0
1,62.5,36.25,0.75,0,0
1,62.5,36.25,1,0,0
1,62.5,36.75,51.25,0,0
1,62.5,36.75,51.5,0,0
1,62.5,36.5,0.75,0,0
1,62.5,36.5,1,0,0
1,62.5,37,51.25,0,0
1,62.5,37,51.5,0,0
1,62.5,36.75,0.75,0,0
1,62.5,36.75,1,0,0
1,62.5,37.25,51.25,0,0
1,62.5,37.25,51.5,0,0
1,62.5,37,0.75,0,0
1,62.5,37,1,0,0
1,62.5,37.5,51.25,0,0
1,62.5,37.5,51.5,0,0
1,62.5,37.25,0.75,0,0
1,62.5,37.25,1,0,0
1,62.5,37.75,51.25,0,0
1,62.5,37.75,51.5,0,0
1,62.5,37.5,0.75,0,0
1,62.5,37.5,1,0,0
1,62.5,38,51.25,0,0
1,62.5,38,51.5,0,0
1,62.5,37.75,0.75,0,0
1,62.5,37.75,1,0,0
1,62.5,38.25,51.25,0,0
1,62.5,38.25,51.5,0,0
1,62.5,38,0.75,0,0
1,62.5,38,1,0,0
1,62.5,38.5,51.25,0,0
1,62.5,38.5,51.5,0,0
1,62.5,38.25,0.75,0,0
1,62.5,38.25,1,0,0
1,62.5,38.75,51.25,0,0
1,62.5,38.75,51.5,0,0
1,62.5,38.5,0.75,0,0
1,62.5,38.5,1,0,0
1,62.5,39,51.25,0,0
1,62.5,39,51.5,0,0
1,62.5,38.75,0.75,0,0
1,62.5,38.75,1,0,0
1,62.5,39.25,51.25,0,0
1,62.5,39.25,51.5,0,0
1,62.5,39,0.75,0,0
1,62.5,39,1,0,0
1,62.5,39.5,51.25,0,0
1,62.5,39.5,51.5,0,0
1,62.5,39.25,0.75,0,0
1,62.5,39.25,1,0,0
1,62.5,39.75,51.25,0,0
1,62.5,39.75,51.5,0,0
1,62.5,39.5,0.75,0,0
1,62.5,39.5,1,0,0
1,62.5,40,51.25,0,0
1,62.5,40,51.5,0,0
1,62.5,39.75,0.75,0,0
1,62.5,39.75,1,0,0
1,62.5,40.25,51.25,0,0
1,62.5,40.25,51.5,0,0
1,62.5,40,0.75,0,0
1,62.5,40,1,0,0
1,62.5,40.5,51.25,0,0
1,62.5,40.5,51.5,0,0
1,62.5,40.25,0.75,0,0
1,62.5,40.25,1,0,0
1,62.5,40.75,51.25,0,0
1,62.5,40.75,51.5,0,0
1,62.5,40.5,0.75,0,0
1,62.5,40.5,1,0,0
1,62.5,41,51.25,0,0
1,62.5,41,51.5,0,0
1,62.5,40.75,0.75,0,0
1,62.5,40.75,1,0,0
1,62.5,41.25,51.25,0,0
1,62.5,41.25,51.5,0,0
1,62.5,41,0.75,0,0
1,62.5,41,1,0,0
1,62.5,41.5,51.25,0,0
1,62.5,41.5,51.5,0,0
1,62.5,41.25,0.75,0,0
1,62.5,41.25,1,0,0
1,62.5,41.75,51.25,0,0
1,62.5,41.75,51.5,0,0
1,62.5,41.5,0.75,0,0
1,62.5,41.5,1,0,0
1,62.5,42,51.25,0,0
1,62.5,42,51.5,0,0
1,62.5,41.75,0.75,0,0
1,62.5,41.75,1,0,0
1,62.5,42.25,51.25,0,0
1,62.5,42.25,51.5,0,0
1,62.5,42,0.75,0,0
1,62.5,42,1,0,0
1,62.5,42.5,51.25,0,0
1,62.5,42.5,51.5,0,0
1,62.5,42.25,0.75,0,0
1,62.5,42.25,1,0,0
1,62.5,42.75,51.25,0,0
1,62.5,42.75,51.5,0,0
1,62.5,42.5,0.75,0,0
1,62.5,42.5,1,0,0
1,62.5,43,51.25,0,0
1,62.5,43,51.5,0,0
1,62.5,42.75,0.75,0,0
1,62.5,42.75,1,0,0
1,62.5,43.25,51.25,0,0
1,62.5,43.25,51.5,0,0
1,62.5,43,0.75,0,0
1,62.5,43,1,0,0
1,62.5,43.5,51.25,0,0
1,62.5,43.5,51.5,0,0
1,62.5,43.25,0.75,0,0
1,62.5,43.25,1,0,0
1,62.5,43.75,51.25,0,0
1,62.5,43.75,51.5,0,0
1,62.5,43.5,0.75,0,0
1,62.5,43.5,1,0,0
1,62.5,44,51.25,0,0
1,62.5,44,51.5,0,0
1,62.5,43.75,0.75,0,0
1,62.5,43.75,1,0,0
1,62.5,44.25,51.25,0,0
1,62.5,44.25,51.5,0,0
1,62.5,44,0.75,0,0
1,62.5,44,1,0,0
1,62.5,44.5,51.25,0,0
1,62.5,44.5,51.5,0,0
1,62.5,44.25,0.75,0,0
1,62.5,44.25,1,0,0
1,62.5,44.75,51.25,0,0
1,62.5,44.75,51.5,0,0
1,62.5,44.5,0.75,0,0
1,62.5,44.5,1,0,0
1,62.5,45,51.25,0,0
1,62.5,45,51.5,0,0
1,62.5,44.75,0.75,0,0
1,62.5,44.75,1,0,0
1,62.5,45.25,51.25,0,0
1,62.5,45.25,51.5,0,0
1,62.5,45,0.75,0,0
1,62.5,45,1,0,0
1,62.5,45.5,51.25,0,0
1,62.5,45.5,51.5,0,0
1,62.5,45.25,0.75,0,0
1,62.5,45.25,1,0,0
1,62.5,45.75,51.25,0,0
1,62.5,45.75,51.5,0,0
1,62.5,45.5,0.75,0,0
1,62.5,45.5,1,0,0
1,62.5,46,51.25,0,0
1,62.5,46,51.5,0,0
1,62.5,45.75,0.75,0,0
1,62.5,45.75,1,0,0
1,62.5,46.25,51.25,0,0
1,62.5,46.25,51.5,0,0
1,62.5,46,0.75,0,0
1,62.5,46,1,0,0
1,62.5,46.5,51.25,0,0
1,62.5,46.5,51.5,0,0
1,62.5,46.25,0.75,0,0
1,62.5,46.25,1,0,0
1,62.5,46.75,51.25,0,0
1,62.5,46.75,51.5,0,0
1,62.5,46.5,0.75,0,0
1,62.5,46.5,1,0,0
1,62.5,47,51.25,0,0
1,62.5,47,51.5,0,0
1,62.5,46.75,0.75,0,0
1,62.5,46.75,1,0,0
1,62.5,47.25,51.25,0,0
1,62.5,47.25,51.5,0,0
1,62.5,47,0.75,0,0
1,62.5,47,1,0,0
1,62.5,47.5,51.25,0,0
1,62.5,47.5,51.5,0,0
1,62.5,47.25,0.75,0,0
1,62.5,47.25,1,0,0
1,62.5,47.75,51.25,0,0
1,62.5,47.75,51.5,0,0
1,62.5,47.5,0.75,0,0
1,62.5,47.5,1,0,0
1,62.5,48,51.25,0,0
1,62.5,48,51.5,0,0
1,62.5,47.75,0.75,0,0
1,62.5,47.75,1,0,0
1,62.5,48.25,51.25,0,0
1,62.5,48.25,51.5,0,0
1,62.5,48,0.75,0,0
1,62.5,48,1,0,0
1,62.5,48.5,51.25,0,0
1,62.5,48.5,51.5,0,0
1,62.5,48.25,0.75,0,0
1,62.5,48.25,1,0,0
1,62.5,48.75,51.25,0,0
1,62.5,48.75,51.5,0,0
1,62.5,48.5,0.75,0,0
1,62.5,48.5,1,0,0
1,62.5,49,51.25,0,0
1,62.5,49,51.5,0,0
1,62.5,48.75,0.75,0,0
1,62.5,48.75,1,0,0
1,62.5,49.25,51.25,0,0
1,62.5,49.25,51.5,0,0
1,62.5,49,0.75,0,0
1,62.5,49,1,0,0
1,62.5,49.5,51.25,0,0
1,62.5,49.5,51.5,0,0
1,62.5,49.25,0.75,0,0
1,62.5,49.25,1,0,0
1,62.5,49.75,51.25,0,0
1,62.5,49.75,51.5,0,0
1,62.5,49.5,0.75,0,0
1,62.5,49.5,1,0,0
1,62.5,50,51.25,0,0
1,62.5,50,51.5,0,0
1,62.5,49.75,0.75,0,0
1,62.5,49.75,1,0,0
1,62.5,50.25,51.25,0,0
1,62.5,50.25,51.5,0,0
1,62.5,50,0.75,0,0
1,62.5,50,1,0,0
1,62.5,50.5,51.25,0,0
1,62.5,50.5,51.5,0,0
1,62.5,50.25,0.75,0,0
1,62.5,50.25,1,0,0
1,62.5,50.75,51.25,0,0
1,62.5,50.75,51.5,0,0
1,62.5,50.5,0.75,0,0
1,62.5,50.5,1,0,0
1,62.5,51,51.25,0,0
1,62.5,51,51.5,0,0
1,62.5,50.75,0.75,0,0
1,62.5,50.75,1,0,0
1,62.5,51.25,51.25,0,0
1,62.5,51.25,51.5,0,0
1,62.5,51,0.75,0,0
1,62.5,51,1,0,0
1,62.5,51.5,51.25,0,0
1,62.5,51.5,51.5,0,0
1,62.5,51.25,0.75,0,0
1,62.5,51.25,1,0,0
1,62.5,51.75,51.25,0,0
1,62.5,51.75,51.5,0,0
1,62.5,51.5,0.75,0,0
1,62.5,51.5,1,0,0
1,62.5,52,51.25,0,0
1,62.5,52,51.5,0,0
1,62.5,51.75,0.75,0,0
1,62.5,51.75,1,0,0
1,62.5,52.25,51.25,0,0
1,62.5,52.25,51.5,0,0
1,62.5,52,0.75,0,0
1,62.5,52,1,0,0
1,62.5,52.5,51.25,0,0
1,62.5,52.5,51.5,0,0
1,62.5,52.25,0.75,0,0
1,62.5,52.25,1,0,0
1,62.5,52.75,51.25,0,0
1,62.5,52.75,51.5,0,0
1,62.5,52.5,0.75,0,0
1,62.5,52.5,1,0,0
1,62.5,53,51.25,0,0
1,62.5,53,51.5,0,0
1,62.5,52.75,0.75,0,0
1,62.5,52.75,1,0,0
1,62.5,53.25,51.25,0,0
1,62.5,53.25,51.5,0,0
1,62.5,53,0.75,0,0
1,62.5,53,1,0,0
1,62.5,53.5,51.25,0,0
1,62.5,53.5,51.5,0,0
1,62.5,53.25,0.75,0,0
1,62.5,53.25,1,0,0
1,62.5,53.75,51.25,0,0
1,62.5,53.75,51.5,0,0
1,62.5,53.5,0.75,0,0
1,62.5,53.5,1,0,0
1,62.5,54,51.25,0,0
1,62.5,54,51.5,0,0
1,62.5,53.75,0.75,0,0
1,62.5,53.75,1,0,0
1,62.5,54.25,51.25,0,0
1,62.5,54.25,51.5,0,0
1,62.5,54,0.75,0,0
1,62.5,54,1,0,0
1,62.5,54.5,51.25,0,0
1,62.5,54.5,51.5,0,0
1,62.5,54.25,0.75,0,0
1,62.5,54.25,1,0,0
1,62.5,54.75,51.25,0,0
1,62.5,54.75,51.5,0,0
1,62.5,54.5,0.75,0,0
1,62.5,54.5,1,0,0
1,62.5,55,51.25,0,0
1,62.5,55,51.5,0,0
1,62.5,54.75,0.75,0,0
1,62.5,54.75,1,0,0
1,62.5,55.25,51.25,0,0
1,62.5,55.25,51.5,0,0
1,62.5,55,0.75,0,0
1,62.5,55,1,0,0
1,62.5,55.5,51.25,0,0
1,62.5,55.5,51.5,0,0
1,62.5,55.25,0.75,0,0
1,62.5,55.25,1,0,0
1,62.5,55.75,51.25,0,0
1,62.5,55.75,51.5,0,0
1,62.5,55.5,0.75,0,0
1,62.5,55.5,1,0,0
1,62.5,56,51.25,0,0
1,62.5,56,51.5,0,0
1,62.5,55.75,0.75,0,0
1,62.5,55.75,1,0,0
1,62.5,56.25,51.25,0,0
1,62.5,56.25,51.5,0,0
1,62.5,56,0.75,0,0
1,62.5,56,1,0,0
1,62.5,56.5,51.25,0,0
1,62.5,56.5,51.5,0,0
1,62.5,56.25,0.75,0,0
1,62.5,56.25,1,0,0
1,62.5,56.75,51.25,0,0
1,62.5,56.75,51.5,0,0
1,62.5,56.5,0.75,0,0
1,62.5,56.5,1,0,0
1,62.5,57,51.25,0,0
1,62.5,57,51.5,0,0
1,62.5,56.75,0.75,0,0
1,62.5,56.75,1,0,0
1,62.5,57.25,51.25,0,0
1,62.5,57.25,51.5,0,0
1,62.5,57,0.75,0,0
1,62.5,57,1,0,0
1,62.5,57.5,51.25,0,0
1,62.5,57.5,51.5,0,0
1,62.5,57.25,0.75,0,0
1,62.5,57.25,1,0,0
1,62.5,57.75,51.25,0,0
1,62.5,57.75,51.5,0,0
1,62.5,57.5,0.75,0,0
1,62.5,57.5,1,0,0
1,62.5,58,51.25,0,0
1,62.5,58,51.5,0,0
1,62.5,57.75,0.75,0,0
1,62.5,57.75,1,0,0
1,62.5,58.25,51.25,0,0
1,62.5,58.25,51.5,0,0
1,62.5,58,0.75,0,0
1,62.5,58,1,0,0
1,62.5,58.5,51.25,0,0
1,62.5,58.5,51.5,0,0
1,62.5,58.25,0.75,0,0
1,62.5,58.25,1,0,0
1,62.5,58.75,51.25,0,0
1,62.5,58.75,51.5,0,0
1,62.5,58.5,0.75,0,0
1,62.5,58.5,1,0,0
1,62.5,59,51.25,0,0
1,62.5,59,51.5,0,0
1,62.5,58.75,0.75,0,0
1,62.5,58.75,1,0,0
1,62.5,59.25,51.25,0,0
1,62.5,59.25,51.5,0,0
1,62.5,59,0.75,0,0
1,62.5,59,1,0,0
1,62.5,59.5,51.25,0,0
1,62.5,59.5,51.5,0,0
1,62.5,59.25,0.75,0,0
1,62.5,59.25,1,0,0
1,62.5,59.75,51.25,0,0
1,62.5,59.75,51.5,0,0
1,62.5,59.5,0.75,0,0
1,62.5,59.5,1,0,0
1,62.5,60,51.25,0,0
1,62.5,60,51.5,0,0
1,62.5,59.75,0.75,0,0
1,62.5,59.75,1,0,0
1,62.5,60.25,51.25,0,0
1,62.5,60.25,51.5,0,0
1,62.5,60,0.75,0,0
1,62.5,60,1,0,0
1,62.5,60.5,51.25,0,0
1,62.5,60.5,51.5,0,0
1,62.5,60.25,0.75,0,0
1,62.5,60.25,1,0,0
1,62.5,60.75,51.25,0,0
1,62.5,60.75,51.5,0,0
1,62.5,60.5,0.75,0,0
1,62.5,60.5,1,0,0
1,62.5,61,51.25,0,0
1,62.5,61,51.5,0,0
1,62.5,60.75,0.75,0,0
1,62.5,60.75,1,0,0
1,62.5,61.25,51.25,0,0
1,62.5,61.25,51.5,0,0
1,62.5,61,0.75,0,0
1,62.5,61,1,0,0
1,62.5,61.5,51.25,0,0
1,62.5,61.5,51.5,0,0
1,62.5,61.25,0.75,0,0
1,62.5,61.25,1,0,0
1,62.5,61.75,51.25,0,0
1,62.5,61.75,51.5,0,0
1,62.5,61.5,0.75,0,0
1,62.5,61.5,1,0,0
1,62.5,62,51.25,0,0
1,62.5,62,51.5,0,0
1,62.5,61.75,0.75,0,0
1,62.5,61.75,1,0,0
1,62.5,62.25,51.25,0,0
1,62.5,62.25,51.5,0,0
1,62.5,62,0.75,0,0
1,62.5,62,1,0,0
1,62.5,62.5,51.25,0,0
1,62.5,62.5,51.5,0,0
1,62.5,62.25,0.75,0,0
1,62.5,62.25,1,0,0
1,62.5,62.75,51.25,0,0
1,62.5,62.75,51.5,0,0
1,62.5,62.5,0.75,0,0
1,62.5,62.5,1,0,0
1,62.5,63,51.25,0,0
1,62.5,63,51.5,0,0
1,62.5,62.75,0.75,0,0
1,62.5,62.75,1,0,0
1,62.5,63.25,51.25,0,0
1,62.5,63.25,51.5,0,0
1,62.5,63,0.75,0,0
1,62.5,63,1,0,0
1,62.5,63.5,51.25,0,0
1,62.5,63.5,51.5,0,0
1,62.5,63.25,0.75,0,0
1,62.5,63.25,1,0,0
1,62.5,63.75,51.25,0,0
1,62.5,63.75,51.5,0,0
1,62.5,63.5,0.75,0,0
1,62.5,63.5,1,0,0
1,62.5,64,51.25,0,0
1,62.5,64,51.5,0,0
1,62.5,63.75,0.75,0,0
1,62.5,63.75,1,0,0
1,62.5,64.25,51.25,0,0
1,62.5,64.25,51.5,0,0
1,62.5,64,0.75,0,0
1,62.5,64,1,0,0
1,62.5,64.5,51.25,0,0
1,62.5,64.5,51.5,0,0
1,62.5,64.25,0.75,0,0
1,62.5,64.25,1,0,0
1,62.5,64.75,51.25,0,0
1,62.5,64.75,51.5,0,0
1,62.5,64.5,0.75,0,0
1,62.5,64.5,1,0,0
1,62.5,65,51.25,0,0
1,62.5,65,51.5,0,0
1,62.5,64.75,0.75,0,0
1,62.5,64.75,1,0,0
1,62.5,65.25,51.25,0,0
1,62.5,65.25,51.5,0,0
1,62.5,65,0.75,0,0
1,62.5,65,1,0,0
1,62.5,65.5,51.25,0,0
1,62.5,65.5,51.5,0,0
1,62.5,65.25,0.75,0,0
1,62.5,65.25,1,0,0
1,62.5,65.75,51.25,0,0
1,62.5,65.75,51.5,0,0
1,62.5,65.5,0.75,0,0
1,62.5,65.5,1,0,0
1,62.5,66,51.25,0,0
1,62.5,66,51.5,0,0
1,62.5,65.75,0.75,0,0
1,62.5,65.75,1,0,0
1,62.5,66.25,51.25,0,0
1,62.5,66.25,51.5,0,0
1,62.5,66,0.75,0,0
1,62.5,66,1,0,0
1,62.5,66.5,51.25,0,0
1,62.5,66.5,51.5,0,0
1,62.5,66.25,0.75,0,0
1,62.5,66.25,1,0,0
1,62.5,66.75,51.25,0,0
1,62.5,66.75,51.5,0,0
1,62.5,66.5,0.75,0,0
1,62.5,66.5,1,0,0
1,62.5,67,51.25,0,0
1,62.5,67,51.5,0,0
1,62.5,66.75,0.75,0,0
1,62.5,66.75,1,0,0
1,62.5,67.25,51.25,0,0
1,62.5,67.25,51.5,0,0
1,62.5,67,0.75,0,0
1,62.5,67,1,0,0
1,62.5,67.5,51.25,0,0
1,62.5,67.5,51.5,0,0
1,62.5,67.25,0.75,0,0
1,62.5,67.25,1,0,0
1,62.5,67.75,51.25,0,0
1,62.5,67.75,51.5,0,0
1,62.5,67.5,0.75,0,0
1,62.5,67.5,1,0,0
1,62.5,68,51.25,0,0
1,62.5,68,51.5,0,0
1,62.5,67.75,0.75,0,0
1,62.5,67.75,1,0,0
1,62.5,68.25,51.25,0,0
1,62.5,68.25,51.5,0,0
1,62.5,68,0.75,0,0
1,62.5,68,1,0,0
1,62.5,68.5,51.25,0,0
1,62.5,68.5,51.5,0,0
1,62.5,68.25,0.75,0,0
1,62.5,68.25,1,0,0
1,62.5,68.75,51.25,0,0
1,62.5,68.75,51.5,0,0
1,62.5,68.5,0.75,0,0
1,62.5,68.5,1,0,0
1,62.5,69,51.25,0,0
1,62.5,69,51.5,0,0
1,62.5,68.75,0.75,0,0
1,62.5,68.75,1,0,0
1,62.5,69.25,51.25,0,0
1,62.5,69.25,51.5,0,0
1,62.5,69,0.75,0,0
1,62.5,69,1,0,0
1,62.5,69.5,51.25,0,0
1,62.5,69.5,51.5,0,0
1,62.5,69.25,0.75,0,0
1,62.5,69.25,1,0,0
1,62.5,69.75,51.25,0,0
1,62.5,69.75,51.5,0,0
1,62.5,69.5,0.75,0,0
1,62.5,69.5,1,0,0
1,62.5,70,51.25,0,0
1,62.5,70,51.5,0,0
1,62.5,69.75,0.75,0,0
1,62.5,69.75,1,0,0
1,62.5,70.25,51.25,0,0
1,62.5,70.25,51.5,0,0
1,62.5,70,0.75,0,0
1,62.5,70,1,0,0
1,62.5,70.5,51.25,0,0
1,62.5,70.5,51.5,0,0
1,62.5,70.25,0.75,0,0
1,62.5,70.25,1,0,0
1,62.5,70.75,51.25,0,0
1,62.5,70.75,51.5,0,0
1,62.5,70.5,0.75,0,0
1,62.5,70.5,1,0,0
1,62.5,71,51.25,0,0
1,62.5,71,51.5,0,0
1,62.5,70.75,0.75,0,0
1,62.5,70.75,1,0,0
1,62.5,71.25,51.25,0,0
1,62.5,71.25,51.5,0,0
1,62.5,71,0.75,0,0
1,62.5,71,1,0,0
1,62.5,71.5,51.25,0,0
1,62.5,71.5,51.5,0,0
1,62.5,71.25,0.75,0,0
1,62.5,71.25,1,0,0
1,62.5,71.75,51.25,0,0
1,62.5,71.75,51.5,0,0
1,62.5,71.5,0.75,0,0
1,62.5,71.5,1,0,0
1,62.5,72,51.25,0,0
1,62.5,72,51.5,0,0
1,62.5,71.75,0.75,0,0
1,62.5,71.75,1,0,0
1,62.5,72.25,51.25,0,0
1,62.5,72.25,51.5,0,0
1,62.5,72,0.75,0,0
1,62.5,72,1,0,0
1,62.5,72.5,51.25,0,0
1,62.5,72.5,51.5,0,0
1,62.5,72.25,0.75,0,0
1,62.5,72.25,1,0,0
1,62.5,72.75,51.25,0,0
1,62.5,72.75,51.5,0,0
1,62.5,72.5,0.75,0,0
1,62.5,72.5,1,0,0
1,62.5,73,51.25,0,0
1,62.5,73,51.5,0,0
1,62.5,72.75,0.75,0,0
1,62.5,72.75,1,0,0
1,62.5,73.25,51.25,0,0
1,62.5,73.25,51.5,0,0
1,62.5,73,0.75,0,0
1,62.5,73,1,0,0
1,62.5,73.5,51.25,0,0
1,62.5,73.5,51.5,0,0
1,62.5,73.25,0.75,0,0
1,62.5,73.25,1,0,0
1,62.5,73.75,51.25,0,0
1,62.5,73.75,51.5,0,0
1,62.5,73.5,0.75,0,0
1,62.5,73.5,1,0,0
1,62.5,74,51.25,0,0
1,62.5,74,51.5,0,0
1,62.5,73.75,0.75,0,0
1,62.5,73.75,1,0,0
1,62.5,74.25,51.25,0,0
1,62.5,74.25,51.5,0,0
1,62.5,74,0.75,0,0
1,62.5,74,1,0,0
1,62.5,74.5,51.25,0,0
1,62.5,74.5,51.5,0,0
1,62.5,74.25,0.75,0,0
1,62.5,74.25,1,0,0
1,62.5,74.75,51.25,0,0
1,62.5,74.75,51.5,0,0
1,62.5,74.5,0.75,0,0
1,62.5,74.5,1,0,0
1,62.5,75,51.25,0,0
1,62.5,75,51.5,0,0
1,62.5,74.75,0.75,0,0
1,62.5,74.75,1,0,0
1,62.5,75.25,51.25,0,0
1,62.5,75.25,51.5,0,0
1,62.5,75,0.75,0,0
1,62.5,75,1,0,0
1,62.5,75.5,51.25,0,0
1,62.5,75.5,51.5,0,0
1,62.5,75.25,0.75,0,0
1,62.5,75.25,1,0,0
1,62.5,75.75,51.25,0,0
1,62.5,75.75,51.5,0,0
1,62.5,75.5,0.75,0,0
1,62.5,75.5,1,0,0
1,62.5,76,51.25,0,0
1,62.5,76,51.5,0,0
1,62.5,75.75,0.75,0,0
1,62.5,75.75,1,0,0
1,62.5,76.25,51.25,0,0
1,62.5,76.25,51.5,0,0
1,62.5,76,0.75,0,0
1,62.5,76,1,0,0
1,62.5,76.5,51.25,0,0
1,62.5,76.5,51.5,0,0
1,62.5,76.25,0.75,0,0
1,62.5,76.5,0.75,0,0
1,62.5,0.75,1.25,0,0
1,62.5,1,1.25,0,0
1,62.5,76.25,1,0,0
1,62.5,76.5,1,0,0
1,62.5,0.75,1.5,0,0
1,62.5,1,1.5,0,0
1,62.5,76.25,1.25,0,0
1,62.5,76.5,1.25,0,0
1,62.5,0.75,1.75,0,0
1,62.5,1,1.75,0,0
1,62.5,76.25,1.5,0,0
1,62.5,76.5,1.5,0,0
1,62.5,0.75,2,0,0
1,62.5,1,2,0,0
1,62.5,76.25,1.75,0,0
1,62.5,76.5,1.75,0,0
1,62.5,0.75,2.25,0,0
1,62.5,1,2.25,0,0
1,62.5,76.25,2,0,0
1,62.5,76.5,2,0,0
1,62.5,0.75,2.5,0,0
1,62.5,1,2.5,0,0
1,62.5,76.25,2.25,0,0
1,62.5,76.5,2.25,0,0
1,62.5,0.75,2.75,0,0
1,62.5,1,2.75,0,0
1,62.5,76.25,2.5,0,0
1,62.5,76.5,2.5,0,0
1,62.5,0.75,3,0,0
1,62.5,1,3,0,0
1,62.5,76.25,2.75,0,0
1,62.5,76.5,2.75,0,0
1,62.5,0.75,3.25,0,0
1,62.5,1,3.25,0,0
1,62.5,76.25,3,0,0
1,62.5,76.5,3,0,0
1,62.5,0.75,3.5,0,0
1,62.5,1,3.5,0,0
1,62.5,76.25,3.25,0,0
1,62.5,76.5,3.25,0,0
1,62.5,0.75,3.75,0,0
1,62.5,1,3.75,0,0
1,62.5,76.25,3.5,0,0
1,62.5,76.5,3.5,0,0
1,62.5,0.75,4,0,0
1,62.5,1,4,0,0
1,62.5,76.25,3.75,0,0
1,62.5,76.5,3.75,0,0
1,62.5,0.75,4.25,0,0
1,62.5,1,4.25,0,0
1,62.5,76.25,4,0,0
1,62.5,76.5,4,0,0
1,62.5,0.75,4.5,0,0
1,62.5,1,4.5,0,0
1,62.5,76.25,4.25,0,0
1,62.5,76.5,4.25,0,0
1,62.5,0.75,4.75,0,0
1,62.5,1,4.75,0,0
1,62.5,76.25,4.5,0,0
1,62.5,76.5,4.5,0,0
1,62.5,0.75,5,0,0
1,62.5,1,5,0,0
1,62.5,76.25,4.75,0,0
1,62.5,76.5,4.75,0,0
1,62.5,0.75,5.25,0,0
1,62.5,1,5.25,0,0
1,62.5,76.25,5,0,0
1,62.5,76.5,5,0,0
1,62.5,0.75,5.5,0,0
1,62.5,1,5.5,0,0
1,62.5,76.25,5.25,0,0
1,62.5,76.5,5.25,0,0
1,62.5,0.75,5.75,0,0
1,62.5,1,5.75,0,0
1,62.5,76.25,5.5,0,0
1,62.5,76.5,5.5,0,0
1,62.5,0.75,6,0,0
1,62.5,1,6,0,0
1,62.5,76.25,5.75,0,0
1,62.5,76.5,5.75,0,0
1,62.5,0.75,6.25,0,0
1,62.5,1,6.25,0,0
1,62.5,76.25,6,0,0
1,62.5,76.5,6,0,0
1,62.5,0.75,6.5,0,0
1,62.5,1,6.5,0,0
1,62.5,76.25,6.25,0,0
1,62.5,76.5,6.25,0,0
1,62.5,0.75,6.75,0,0
1,62.5,1,6.75,0,0
1,62.5,76.25,6.5,0,0
1,62.5,76.5,6.5,0,0
1,62.5,0.75,7,0,0
1,62.5,1,7,0,0
1,62.5,76.25,6.75,0,0
1,62.5,76.5,6.75,0,0
1,62.5,0.75,7.25,0,0
1,62.5,1,7.25,0,0
1,62.5,76.25,7,0,0
1,62.5,76.5,7,0,0
1,62.5,0.75,7.5,0,0
1,62.5,1,7.5,0,0
1,62.5,76.25,7.25,0,0
1,62.5,76.5,7.25,0,0
1,62.5,0.75,7.75,0,0
1,62.5,1,7.75,0,0
1,62.5,76.25,7.5,0,0
1,62.5,76.5,7.5,0,0
1,62.5,0.75,8,0,0
1,62.5,1,8,0,0
1,62.5,76.25,7.75,0,0
1,62.5,76.5,7.75,0,0
1,62.5,0.75,8.25,0,0
1,62.5,1,8.25,0,0
1,62.5,76.25,8,0,0
1,62.5,76.5,8,0,0
1,62.5,0.75,8.5,0,0
1,62.5,1,8.5,0,0
1,62.5,76.25,8.25,0,0
1,62.5,76.5,8.25,0,0
1,62.5,0.75,8.75,0,0
1,62.5,1,8.75,0,0
1,62.5,76.25,8.5,0,0
1,62.5,76.5,8.5,0,0
1,62.5,0.75,9,0,0
1,62.5,1,9,0,0
1,62.5,76.25,8.75,0,0
1,62.5,76.5,8.75,0,0
1,62.5,0.75,9.25,0,0
1,62.5,1,9.25,0,0
1,62.5,76.25,9,0,0
1,62.5,76.5,9,0,0
1,62.5,0.75,9.5,0,0
1,62.5,1,9.5,0,0
1,62.5,76.25,9.25,0,0
1,62.5,76.5,9.25,0,0
1,62.5,0.75,9.75,0,0
1,62.5,1,9.75,0,0
1,62.5,76.25,9.5,0,0
1,62.5,76.5,9.5,0,0
1,62.5,0.75,10,0,0
1,62.5,1,10,0,0
1,62.5,76.25,9.75,0,0
1,62.5,76.5,9.75,0,0
1,62.5,0.75,10.25,0,0
1,62.5,1,10.25,0,0
1,62.5,76.25,10,0,0
1,62.5,76.5,10,0,0
1,62.5,0.75,10.5,0,0
1,62.5,1,10.5,0,0
1,62.5,76.25,10.25,0,0
1,62.5,76.5,10.25,0,0
1,62.5,0.75,10.75,0,0
1,62.5,1,10.75,0,0
1,62.5,76.25,10.5,0,0
1,62.5,76.5,10.5,0,0
1,62.5,0.75,11,0,0
1,62.5,1,11,0,0
1,62.5,76.25,10.75,0,0
1,62.5,76.5,10.75,0,0
1,62.5,0.75,11.25,0,0
1,62.5,1,11.25,0,0
1,62.5,76.25,11,0,0
1,62.5,76.5,11,0,0
1,62.5,0.75,11.5,0,0
1,62.5,1,11.5,0,0
1,62.5,76.25,11.25,0,0
1,62.5,76.5,11.25,0,0
1,62.5,0.75,11.75,0,0
1,62.5,1,11.75,0,0
1,62.5,76.25,11.5,0,0
1,62.5,76.5,11.5,0,0
1,62.5,0.75,12,0,0
1,62.5,1,12,0,0
1,62.5,76.25,11.75,0,0
1,62.5,76.5,11.75,0,0
1,62.5,0.75,12.25,0,0
1,62.5,1,12.25,0,0
1,62.5,76.25,12,0,0
1,62.5,76.5,12,0,0
1,62.5,0.75,12.5,0,0
1,62.5,1,12.5,0,0
1,62.5,76.25,12.25,0,0
1,62.5,76.5,12.25,0,0
1,62.5,0.75,12.75,0,0
1,62.5,1,12.75,0,0
1,62.5,76.25,12.5,0,0
1,62.5,76.5,12.5,0,0
1,62.5,0.75,13,0,0
1,62.5,1,13,0,0
1,62.5,76.25,12.75,0,0
1,62.5,76.5,12.75,0,0
1,62.5,0.75,13.25,0,0
1,62.5,1,13.25,0,0
1,62.5,76.25,13,0,0
1,62.5,76.5,13,0,0
1,62.5,0.75,13.5,0,0
1,62.5,1,13.5,0,0
1,62.5,76.25,13.25,0,0
1,62.5,76.5,13.25,0,0
1,62.5,0.75,13.75,0,0
1,62.5,1,13.75,0,0
1,62.5,76.25,13.5,0,0
1,62.5,76.5,13.5,0,0
1,62.5,0.75,14,0,0
1,62.5,1,14,0,0
1,62.5,76.25,13.75,0,0
1,62.5,76.5,13.75,0,0
1,62.5,0.75,14.25,0,0
1,62.5,1,14.25,0,0
1,62.5,76.25,14,0,0
1,62.5,76.5,14,0,0
1,62.5,0.75,14.5,0,0
1,62.5,1,14.5,0,0
1,62.5,76.25,14.25,0,0
1,62.5,76.5,14.25,0,0
1,62.5,0.75,14.75,0,0
1,62.5,1,14.75,0,0
1,62.5,76.25,14.5,0,0
1,62.5,76.5,14.5,0,0
1,62.5,0.75,15,0,0
1,62.5,1,15,0,0
1,62.5,76.25,14.75,0,0
1,62.5,76.5,14.75,0,0
1,62.5,0.75,15.25,0,0
1,62.5,1,15.25,0,0
1,62.5,76.25,15,0,0
1,62.5,76.5,15,0,0
1,62.5,0.75,15.5,0,0
1,62.5,1,15.5,0,0
1,62.5,76.25,15.25,0,0
1,62.5,76.5,15.25,0,0
1,62.5,0.75,15.75,0,0
1,62.5,1,15.75,0,0
1,62.5,76.25,15.5,0,0
1,62.5,76.5,15.5,0,0
1,62.5,0.75,16,0,0
1,62.5,1,16,0,0
1,62.5,76.25,15.75,0,0
1,62.5,76.5,15.75,0,0
1,62.5,0.75,16.25,0,0
1,62.5,1,16.25,0,0
1,62.5,76.25,16,0,0
1,62.5,76.5,16,0,0
1,62.5,0.75,16.5,0,0
1,62.5,1,16.5,0,0
1,62.5,76.25,16.25,0,0
1,62.5,76.5,16.25,0,0
1,62.5,0.75,16.75,0,0
1,62.5,1,16.75,0,0
1,62.5,76.25,16.5,0,0
1,62.5,76.5,16.5,0,0
1,62.5,0.75,17,0,0
1,62.5,1,17,0,0
1,62.5,76.25,16.75,0,0
1,62.5,76.5,16.75,0,0
1,62.5,0.75,17.25,0,0
1,62.5,1,17.25,0,0
1,62.5,76.25,17,0,0
1,62.5,76.5,17,0,0
1,62.5,0.75,17.5,0,0
1,62.5,1,17.5,0,0
1,62.5,76.25,17.25,0,0
1,62.5,76.5,17.25,0,0
1,62.5,0.75,17.75,0,0
1,62.5,1,17.75,0,0
1,62.5,76.25,17.5,0,0
1,62.5,76.5,17.5,0,0
1,62.5,0.75,18,0,0
1,62.5,1,18,0,0
1,62.5,76.25,17.75,0,0
1,62.5,76.5,17.75,0,0
1,62.5,0.75,18.25,0,0
1,62.5,1,18.25,0,0
1,62.5,76.25,18,0,0
1,62.5,76.5,18,0,0
1,62.5,0.75,18.5,0,0
1,62.5,1,18.5,0,0
1,62.5,76.25,18.25,0,0
1,62.5,76.5,18.25,0,0
1,62.5,0.75,18.75,0,0
1,62.5,1,18.75,0,0
1,62.5,76.25,18.5,0,0
1,62.5,76.5,18.5,0,0
1,62.5,0.75,19,0,0
1,62.5,1,19,0,0
1,62.5,76.25,18.75,0,0
1,62.5,76.5,18.75,0,0
1,62.5,0.75,19.25,0,0
1,62.5,1,19.25,0,0
1,62.5,76.25,19,0,0
1,62.5,76.5,19,0,0
1,62.5,0.75,19.5,0,0
1,62.5,1,19.5,0,0
1,62.5,76.25,19.25,0,0
1,62.5,76.5,19.25,0,0
1,62.5,0.75,19.75,0,0
1,62.5,1,19.75,0,0
1,62.5,76.25,19.5,0,0
1,62.5,76.5,19.5,0,0
1,62.5,0.75,20,0,0
1,62.5,1,20,0,0
1,62.5,76.25,19.75,0,0
1,62.5,76.5,19.75,0,0
1,62.5,0.75,20.25,0,0
1,62.5,1,20.25,0,0
1,62.5,76.25,20,0,0
1,62.5,76.5,20,0,0
1,62.5,0.75,20.5,0,0
1,62.5,1,20.5,0,0
1,62.5,76.25,20.25,0,0
1,62.5,76.5,20.25,0,0
1,62.5,0.75,20.75,0,0
1,62.5,1,20.75,0,0
1,62.5,76.25,20.5,0,0
1,62.5,76.5,20.5,0,0
1,62.5,0.75,21,0,0
1,62.5,1,21,0,0
1,62.5,76.25,20.75,0,0
1,62.5,76.5,20.75,0,0
1,62.5,0.75,21.25,0,0
1,62.5,1,21.25,0,0
1,62.5,76.25,21,0,0
1,62.5,76.5,21,0,0
1,62.5,0.75,21.5,0,0
1,62.5,1,21.5,0,0
1,62.5,76.25,21.25,0,0
1,62.5,76.5,21.25,0,0
1,62.5,0.75,21.75,0,0
1,62.5,1,21.75,0,0
1,62.5,76.25,21.5,0,0
1,62.5,76.5,21.5,0,0
1,62.5,0.75,22,0,0
1,62.5,1,22,0,0
1,62.5,76.25,21.75,0,0
1,62.5,76.5,21.75,0,0
1,62.5,0.75,22.25,0,0
1,62.5,1,22.25,0,0
1,62.5,76.25,22,0,0
1,62.5,76.5,22,0,0
1,62.5,0.75,22.5,0,0
1,62.5,1,22.5,0,0
1,62.5,76.25,22.25,0,0
1,62.5,76.5,22.25,0,0
1,62.5,0.75,22.75,0,0
1,62.5,1,22.75,0,0
1,62.5,76.25,22.5,0,0
1,62.5,76.5,22.5,0,0
1,62.5,0.75,23,0,0
1,62.5,1,23,0,0
1,62.5,76.25,22.75,0,0
1,62.5,76.5,22.75,0,0
1,62.5,0.75,23.25,0,0
1,62.5,1,23.25,0,0
1,62.5,76.25,23,0,0
1,62.5,76.5,23,0,0
1,62.5,0.75,23.5,0,0
1,62.5,1,23.5,0,0
1,62.5,76.25,23.25,0,0
1,62.5,76.5,23.25,0,0
1,62.5,0.75,23.75,0,0
1,62.5,1,23.75,0,0
1,62.5,76.25,23.5,0,0
1,62.5,76.5,23.5,0,0
1,62.5,0.75,24,0,0
1,62.5,1,24,0,0
1,62.5,76.25,23.75,0,0
1,62.5,76.5,23.75,0,0
1,62.5,0.75,24.25,0,0
1,62.5,1,24.25,0,0
1,62.5,76.25,24,0,0
1,62.5,76.5,24,0,0
1,62.5,0.75,24.5,0,0
1,62.5,1,24.5,0,0
1,62.5,76.25,24.25,0,0
1,62.5,76.5,24.25,0,0
1,62.5,0.75,24.75,0,0
1,62.5,1,24.75,0,0
1,62.5,76.25,24.5,0,0
1,62.5,76.5,24.5,0,0
1,62.5,0.75,25,0,0
1,62.5,1,25,0,0
1,62.5,76.25,24.75,0,0
1,62.5,76.5,24.75,0,0
1,62.5,0.75,25.25,0,0
1,62.5,1,25.25,0,0
1,62.5,76.25,25,0,0
1,62.5,76.5,25,0,0
1,62.5,0.75,25.5,0,0
1,62.5,1,25.5,0,0
1,62.5,76.25,25.25,0,0
1,62.5,76.5,25.25,0,0
1,62.5,0.75,25.75,0,0
1,62.5,1,25.75,0,0
1,62.5,76.25,25.5,0,0
1,62.5,76.5,25.5,0,0
1,62.5,0.75,26,0,0
1,62.5,1,26,0,0
1,62.5,76.25,25.75,0,0
1,62.5,76.5,25.75,0,0
1,62.5,0.75,26.25,0,0
1,62.5,1,26.25,0,0
1,62.5,76.25,26,0,0
1,62.5,76.5,26,0,0
1,62.5,0.75,26.5,0,0
1,62.5,1,26.5,0,0
1,62.5,76.25,26.25,0,0
1,62.5,76.5,26.25,0,0
1,62.5,0.75,26.75,0,0
1,62.5,1,26.75,0,0
1,62.5,76.25,26.5,0,0
1,62.5,76.5,26.5,0,0
1,62.5,0.75,27,0,0
1,62.5,1,27,0,0
1,62.5,76.25,26.75,0,0
1,62.5,76.5,26.75,0,0
1,62.5,0.75,27.25,0,0
1,62.5,1,27.25,0,0
1,62.5,76.25,27,0,0
1,62.5,76.5,27,0,0
1,62.5,0.75,27.5,0,0
1,62.5,1,27.5,0,0
1,62.5,76.25,27.25,0,0
1,62.5,76.5,27.25,0,0
1,62.5,0.75,27.75,0,0
1,62.5,1,27.75,0,0
1,62.5,76.25,27.5,0,0
1,62.5,76.5,27.5,0,0
1,62.5,0.75,28,0,0
1,62.5,1,28,0,0
1,62.5,76.25,27.75,0,0
1,62.5,76.5,27.75,0,0
1,62.5,0.75,28.25,0,0
1,62.5,1,28.25,0,0
1,62.5,76.25,28,0,0
1,62.5,76.5,28,0,0
1,62.5,0.75,28.5,0,0
1,62.5,1,28.5,0,0
1,62.5,76.25,28.25,0,0
1,62.5,76.5,28.25,0,0
1,62.5,0.75,28.75,0,0
1,62.5,1,28.75,0,0
1,62.5,76.25,28.5,0,0
1,62.5,76.5,28.5,0,0
1,62.5,0.75,29,0,0
1,62.5,1,29,0,0
1,62.5,76.25,28.75,0,0
1,62.5,76.5,28.75,0,0
1,62.5,0.75,29.25,0,0
1,62.5,1,29.25,0,0
1,62.5,76.25,29,0,0
1,62.5,76.5,29,0,0
1,62.5,0.75,29.5,0,0
1,62.5,1,29.5,0,0
1,62.5,76.25,29.25,0,0
1,62.5,76.5,29.25,0,0
1,62.5,0.75,29.75,0,0
1,62.5,1,29.75,0,0
1,62.5,76.25,29.5,0,0
1,62.5,76.5,29.5,0,0
1,62.5,0.75,30,0,0
1,62.5,1,30,0,0
1,62.5,76.25,29.75,0,0
1,62.5,76.5,29.75,0,0
1,62.5,0.75,30.25,0,0
1,62.5,1,30.25,0,0
1,62.5,76.25,30,0,0
1,62.5,76.5,30,0,0
1,62.5,0.75,30.5,0,0
1,62.5,1,30.5,0,0
1,62.5,76.25,30.25,0,0
1,62.5,76.5,30.25,0,0
1,62.5,0.75,30.75,0,0
1,62.5,1,30.75,0,0
1,62.5,76.25,30.5,0,0
1,62.5,76.5,30.5,0,0
1,62.5,0.75,31,0,0
1,62.5,1,31,0,0
1,62.5,76.25,30.75,0,0
1,62.5,76.5,30.75,0,0
1,62.5,0.75,31.25,0,0
1,62.5,1,31.25,0,0
1,62.5,76.25,31,0,0
1,62.5,76.5,31,0,0
1,62.5,0.75,31.5,0,0
1,62.5,1,31.5,0,0
1,62.5,76.25,31.25,0,0
1,62.5,76.5,31.25,0,0
1,62.5,0.75,31.75,0,0
1,62.5,1,31.75,0,0
1,62.5,76.25,31.5,0,0
1,62.5,76.5,31.5,0,0
1,62.5,0.75,32,0,0
1,62.5,1,32,0,0
1,62.5,76.25,31.75,0,0
1,62.5,76.5,31.75,0,0
1,62.5,0.75,32.25,0,0
1,62.5,1,32.25,0,0
1,62.5,76.25,32,0,0
1,62.5,76.5,32,0,0
1,62.5,0.75,32.5,0,0
1,62.5,1,32.5,0,0
1,62.5,76.25,32.25,0,0
1,62.5,76.5,32.25,0,0
1,62.5,0.75,32.75,0,0
1,62.5,1,32.75,0,0
1,62.5,76.25,32.5,0,0
1,62.5,76.5,32.5,0,0
1,62.5,0.75,33,0,0
1,62.5,1,33,0,0
1,62.5,76.25,32.75,0,0
1,62.5,76.5,32.75,0,0
1,62.5,0.75,33.25,0,0
1,62.5,1,33.25,0,0
1,62.5,76.25,33,0,0
1,62.5,76.5,33,0,0
1,62.5,0.75,33.5,0,0
1,62.5,1,33.5,0,0
1,62.5,76.25,33.25,0,0
1,62.5,76.5,33.25,0,0
1,62.5,0.75,33.75,0,0
1,62.5,1,33.75,0,0
1,62.5,76.25,33.5,0,0
1,62.5,76.5,33.5,0,0
1,62.5,0.75,34,0,0
1,62.5,1,34,0,0
1,62.5,76.25,33.75,0,0
1,62.5,76.5,33.75,0,0
1,62.5,0.75,34.25,0,0
1,62.5,1,34.25,0,0
1,62.5,76.25,34,0,0
1,62.5,76.5,34,0,0
1,62.5,0.75,34.5,0,0
1,62.5,1,34.5,0,0
1,62.5,76.25,34.25,0,0
1,62.5,76.5,34.25,0,0
1,62.5,0.75,34.75,0,0
1,62.5,1,34.75,0,0
1,62.5,76.25,34.5,0,0
1,62.5,76.5,34.5,0,0
1,62.5,0.75,35,0,0
1,62.5,1,35,0,0
1,62.5,76.25,34.75,0,0
1,62.5,76.5,34.75,0,0
1,62.5,0.75,35.25,0,0
1,62.5,1,35.25,0,0
1,62.5,76.25,35,0,0
1,62.5,76.5,35,0,0
1,62.5,0.75,35.5,0,0
1,62.5,1,35.5,0,0
1,62.5,76.25,35.25,0,0
1,62.5,76.5,35.25,0,0
1,62.5,0.75,35.75,0,0
1,62.5,1,35.75,0,0
1,62.5,76.25,35.5,0,0
1,62.5,76.5,35.5,0,0
1,62.5,0.75,36,0,0
1,62.5,1,36,0,0
1,62.5,76.25,35.75,0,0
1,62.5,76.5,35.75,0,0
1,62.5,0.75,36.25,0,0
1,62.5,1,36.25,0,0
1,62.5,76.25,36,0,0
1,62.5,76.5,36,0,0
1,62.5,0.75,36.5,0,0
1,62.5,1,36.5,0,0
1,62.5,76.25,36.25,0,0
1,62.5,76.5,36.25,0,0
1,62.5,0.75,36.75,0,0
1,62.5,1,36.75,0,0
1,62.5,76.25,36.5,0,0
1,62.5,76.5,36.5,0,0
1,62.5,0.75,37,0,0
1,62.5,1,37,0,0
1,62.5,76.25,36.75,0,0
1,62.5,76.5,36.75,0,0
1,62.5,0.75,37.25,0,0
1,62.5,1,37.25,0,0
1,62.5,76.25,37,0,0
1,62.5,76.5,37,0,0
1,62.5,0.75,37.5,0,0
1,62.5,1,37.5,0,0
1,62.5,76.25,37.25,0,0
1,62.5,76.5,37.25,0,0
1,62.5,0.75,37.75,0,0
1,62.5,1,37.75,0,0
1,62.5,76.25,37.5,0,0
1,62.5,76.5,37.5,0,0
1,62.5,0.75,38,0,0
1,62.5,1,38,0,0
1,62.5,76.25,37.75,0,0
1,62.5,76.5,37.75,0,0
1,62.5,0.75,38.25,0,0
1,62.5,1,38.25,0,0
1,62.5,76.25,38,0,0
1,62.5,76.5,38,0,0
1,62.5,0.75,38.5,0,0
1,62.5,1,38.5,0,0
1,62.5,76.25,38.25,0,0
1,62.5,76.5,38.25,0,0
1,62.5,0.75,38.75,0,0
1,62.5,1,38.75,0,0
1,62.5,76.25,38.5,0,0
1,62.5,76.5,38.5,0,0
1,62.5,0.75,39,0,0
1,62.5,1,39,0,0
1,62.5,76.25,38.75,0,0
1,62.5,76.5,38.75,0,0
1,62.5,0.75,39.25,0,0
1,62.5,1,39.25,0,0
1,62.5,76.25,39,0,0
1,62.5,76.5,39,0,0
1,62.5,0.75,39.5,0,0
1,62.5,1,39.5,0,0
1,62.5,76.25,39.25,0,0
1,62.5,76.5,39.25,0,0
1,62.5,0.75,39.75,0,0
1,62.5,1,39.75,0,0
1,62.5,76.25,39.5,0,0
1,62.5,76.5,39.5,0,0
1,62.5,0.75,40,0,0
1,62.5,1,40,0,0
1,62.5,76.25,39.75,0,0
1,62.5,76.5,39.75,0,0
1,62.5,0.75,40.25,0,0
1,62.5,1,40.25,0,0
1,62.5,76.25,40,0,0
1,62.5,76.5,40,0,0
1,62.5,0.75,40.5,0,0
1,62.5,1,40.5,0,0
1,62.5,76.25,40.25,0,0
1,62.5,76.5,40.25,0,0
1,62.5,0.75,40.75,0,0
1,62.5,1,40.75,0,0
1,62.5,76.25,40.5,0,0
1,62.5,76.5,40.5,0,0
1,62.5,0.75,41,0,0
1,62.5,1,41,0,0
1,62.5,76.25,40.75,0,0
1,62.5,76.5,40.75,0,0
1,62.5,0.75,41.25,0,0
1,62.5,1,41.25,0,0
1,62.5,76.25,41,0,0
1,62.5,76.5,41,0,0
1,62.5,0.75,41.5,0,0
1,62.5,1,41.5,0,0
1,62.5,76.25,41.25,0,0
1,62.5,76.5,41.25,0,0
1,62.5,0.75,41.75,0,0
1,62.5,1,41.75,0,0
1,62.5,76.25,41.5,0,0
1,62.5,76.5,41.5,0,0
1,62.5,0.75,42,0,0
1,62.5,1,42,0,0
1,62.5,76.25,41.75,0,0
1,62.5,76.5,41.75,0,0
1,62.5,0.75,42.25,0,0
1,62.5,1,42.25,0,0
1,62.5,76.25,42,0,0
1,62.5,76.5,42,0,0
1,62.5,0.75,42.5,0,0
1,62.5,1,42.5,0,0
1,62.5,76.25,42.25,0,0
1,62.5,76.5,42.25,0,0
1,62.5,0.75,42.75,0,0
1,62.5,1,42.75,0,0
1,62.5,76.25,42.5,0,0
1,62.5,76.5,42.5,0,0
1,62.5,0.75,43,0,0
1,62.5,1,43,0,0
1,62.5,76.25,42.75,0,0
1,62.5,76.5,42.75,0,0
1,62.5,0.75,43.25,0,0
1,62.5,1,43.25,0,0
1,62.5,76.25,43,0,0
1,62.5,76.5,43,0,0
1,62.5,0.75,43.5,0,0
1,62.5,1,43.5,0,0
1,62.5,76.25,43.25,0,0
1,62.5,76.5,43.25,0,0
1,62.5,0.75,43.75,0,0
1,62.5,1,43.75,0,0
1,62.5,76.25,43.5,0,0
1,62.5,76.5,43.5,0,0
1,62.5,0.75,44,0,0
1,62.5,1,44,0,0
1,62.5,76.25,43.75,0,0
1,62.5,76.5,43.75,0,0
1,62.5,0.75,44.25,0,0
1,62.5,1,44.25,0,0
1,62.5,76.25,44,0,0
1,62.5,76.5,44,0,0
1,62.5,0.75,44.5,0,0
1,62.5,1,44.5,0,0
1,62.5,76.25,44.25,0,0
1,62.5,76.5,44.25,0,0
1,62.5,0.75,44.75,0,0
1,62.5,1,44.75,0,0
1,62.5,76.25,44.5,0,0
1,62.5,76.5,44.5,0,0
1,62.5,0.75,45,0,0
1,62.5,1,45,0,0
1,62.5,76.25,44.75,0,0
1,62.5,76.5,44.75,0,0
1,62.5,0.75,45.25,0,0
1,62.5,1,45.25,0,0
1,62.5,76.25,45,0,0
1,62.5,76.5,45,0,0
1,62.5,0.75,45.5,0,0
1,62.5,1,45.5,0,0
1,62.5,76.25,45.25,0,0
1,62.5,76.5,45.25,0,0
1,62.5,0.75,45.75,0,0
1,62.5,1,45.75,0,0
1,62.5,76.25,45.5,0,0
1,62.5,76.5,45.5,0,0
1,62.5,0.75,46,0,0
1,62.5,1,46,0,0
1,62.5,76.25,45.75,0,0
1,62.5,76.5,45.75,0,0
1,62.5,0.75,46.25,0,0
1,62.5,1,46.25,0,0
1,62.5,76.25,46,0,0
1,62.5,76.5,46,0,0
1,62.5,0.75,46.5,0,0
1,62.5,1,46.5,0,0
1,62.5,76.25,46.25,0,0
1,62.5,76.5,46.25,0,0
1,62.5,0.75,46.75,0,0
1,62.5,1,46.75,0,0
1,62.5,76.25,46.5,0,0
1,62.5,76.5,46.5,0,0
1,62.5,0.75,47,0,0
1,62.5,1,47,0,0
1,62.5,76.25,46.75,0,0
1,62.5,76.5,46.75,0,0
1,62.5,0.75,47.25,0,0
1,62.5,1,47.25,0,0
1,62.5,76.25,47,0,0
1,62.5,76.5,47,0,0
1,62.5,0.75,47.5,0,0
1,62.5,1,47.5,0,0
1,62.5,76.25,47.25,0,0
1,62.5,76.5,47.25,0,0
1,62.5,0.75,47.75,0,0
1,62.5,1,47.75,0,0
1,62.5,76.25,47.5,0,0
1,62.5,76.5,47.5,0,0
1,62.5,0.75,48,0,0
1,62.5,1,48,0,0
1,62.5,76.25,47.75,0,0
1,62.5,76.5,47.75,0,0
1,62.5,0.75,48.25,0,0
1,62.5,1,48.25,0,0
1,62.5,76.25,48,0,0
1,62.5,76.5,48,0,0
1,62.5,0.75,48.5,0,0
1,62.5,1,48.5,0,0
1,62.5,76.25,48.25,0,0
1,62.5,76.5,48.25,0,0
1,62.5,0.75,48.75,0,0
1,62.5,1,48.75,0,0
1,62.5,76.25,48.5,0,0
1,62.5,76.5,48.5,0,0
1,62.5,0.75,49,0,0
1,62.5,1,49,0,0
1,62.5,76.25,48.75,0,0
1,62.5,76.5,48.75,0,0
1,62.5,0.75,49.25,0,0
1,62.5,1,49.25,0,0
1,62.5,76.25,49,0,0
1,62.5,76.5,49,0,0
1,62.5,0.75,49.5,0,0
1,62.5,1,49.5,0,0
1,62.5,76.25,49.25,0,0
1,62.5,76.5,49.25,0,0
1,62.5,0.75,49.75,0,0
1,62.5,1,49.75,0,0
1,62.5,76.25,49.5,0,0
1,62.5,76.5,49.5,0,0
1,62.5,0.75,50,0,0
1,62.5,1,50,0,0
1,62.5,76.25,49.75,0,0
1,62.5,76.5,49.75,0,0
1,62.5,0.75,50.25,0,0
1,62.5,1,50.25,0,0
1,62.5,76.25,50,0,0
1,62.5,76.5,50,0,0
1,62.5,0.75,50.5,0,0
1,62.5,1,50.5,0,0
1,62.5,76.25,50.25,0,0
1,62.5,76.5,50.25,0,0
1,62.5,0.75,50.75,0,0
